  Time                 , (MAX(V(Lg2:2,Z2:E)))@1, (MAX(V(Lg2:2,Z2:E)))@2, (MAX(V(Lg2:2,Z2:E)))@3, (MAX(V(Lg2:2,Z2:E)))@4, (MAX(V(Lg2:2,Z2:E)))@5, (MAX(V(Lg2:2,Z2:E)))@6, (MAX(V(Lg2:2,Z2:E)))@7, (MAX(V(Lg2:2,Z2:E)))@8, (MAX(V(Lg2:2,Z2:E)))@9, (MAX(V(Lg2:2,Z2:E)))@10, (MAX(V(Lg2:2,Z2:E)))@11, (MAX(V(Lg2:2,Z2:E)))@12, (MAX(V(Lg2:2,Z2:E)))@13, (MAX(V(Lg2:2,Z2:E)))@14, (MAX(V(Lg2:2,Z2:E)))@15, (MAX(V(Lg2:2,Z2:E)))@16, (MAX(V(Lg2:2,Z2:E)))@17, (MAX(V(Lg2:2,Z2:E)))@18, (MAX(V(Lg2:2,Z2:E)))@19, (MAX(V(Lg2:2,Z2:E)))@20
  4.000000000001e-06  ,1.000000000000e+31  ,1.000000000000e+31  ,1.000000000000e+31  ,1.000000000000e+31  ,1.000000000000e+31  ,1.000000000000e+31  ,1.000000000000e+31  ,1.000000000000e+31  ,1.000000000000e+31  ,1.000000000000e+31  ,6.661848022819e-01  ,4.768686501784e-01  ,2.970713636772e-01  ,1.530254385276e-01  ,4.664125995198e-02  ,1.290679043632e-02  ,9.502454528506e-03  ,1.041035106357e-02  ,1.160714180004e-02  ,1.249160167069e-02  
  4.000002040915e-06  ,3.374222317580e+00  ,3.085883571682e+00  ,2.806769513263e+00  ,2.520090565501e+00  ,2.226431297125e+00  ,1.944900197367e+00  ,1.670465788714e+00  ,1.413084290036e+00  ,1.155742461668e+00  ,9.022791411324e-01  ,6.661848022819e-01  ,4.768686501784e-01  ,2.970713636772e-01  ,1.530254385276e-01  ,4.664125995198e-02  ,1.290679043632e-02  ,9.502454528506e-03  ,1.041035106357e-02  ,1.160714180004e-02  ,1.249160167069e-02  
  4.000004451440e-06  ,3.374222317580e+00  ,3.085883571682e+00  ,2.806769513263e+00  ,2.520090565501e+00  ,2.226431297125e+00  ,1.944900197367e+00  ,1.670465788714e+00  ,1.413084290036e+00  ,1.155742461668e+00  ,9.022791411324e-01  ,6.661848022819e-01  ,4.768686501784e-01  ,2.970713636772e-01  ,1.530254385276e-01  ,4.664125995198e-02  ,1.290679043632e-02  ,9.502454528506e-03  ,1.041035106357e-02  ,1.160714180004e-02  ,1.249160167069e-02  
  4.000008533252e-06  ,3.374222317580e+00  ,3.085883571682e+00  ,2.806769513263e+00  ,2.520090565501e+00  ,2.226431297125e+00  ,1.944900197367e+00  ,1.670465788714e+00  ,1.413084290036e+00  ,1.155742461668e+00  ,9.022791411324e-01  ,6.661848022819e-01  ,4.768686501784e-01  ,2.970713636772e-01  ,1.530254385276e-01  ,4.664125995198e-02  ,1.290679043632e-02  ,9.502454528506e-03  ,1.041035106357e-02  ,1.160714180004e-02  ,1.249160167069e-02  
  4.000015264968e-06  ,3.374222317580e+00  ,3.085883571682e+00  ,2.806769513263e+00  ,2.520090565501e+00  ,2.226431297125e+00  ,1.944900197367e+00  ,1.670465788714e+00  ,1.413084290036e+00  ,1.155742461668e+00  ,9.022791411324e-01  ,6.661848022819e-01  ,4.768686501784e-01  ,2.970713636772e-01  ,1.530254385276e-01  ,4.664125995198e-02  ,1.290679043632e-02  ,9.502454528506e-03  ,1.041035106357e-02  ,1.160714180004e-02  ,1.249160167069e-02  
  4.000024907067e-06  ,3.374222317580e+00  ,3.085883571682e+00  ,2.806769513263e+00  ,2.520090565501e+00  ,2.226431297125e+00  ,1.944900197367e+00  ,1.670465788714e+00  ,1.413084290036e+00  ,1.155742461668e+00  ,9.022791411324e-01  ,6.661848022819e-01  ,4.768686501784e-01  ,2.970713636772e-01  ,1.530254385276e-01  ,4.664125995198e-02  ,1.290679043632e-02  ,9.502454528506e-03  ,1.041035106357e-02  ,1.160714180004e-02  ,1.249160167069e-02  
  4.000039278539e-06  ,3.374222317580e+00  ,3.085883571682e+00  ,2.806769513263e+00  ,2.520090565501e+00  ,2.226431297125e+00  ,1.944900197367e+00  ,1.670465788714e+00  ,1.413084290036e+00  ,1.155742461668e+00  ,9.022791411324e-01  ,6.661848022819e-01  ,4.768686501784e-01  ,2.970713636772e-01  ,1.530254385276e-01  ,4.664125995198e-02  ,1.290679043632e-02  ,9.502454528506e-03  ,1.041035106357e-02  ,1.160714180004e-02  ,1.249160167069e-02  
  4.000054703569e-06  ,3.374222317580e+00  ,3.085883571682e+00  ,2.806769513263e+00  ,2.520090565501e+00  ,2.226431297125e+00  ,1.944900197367e+00  ,1.670465788714e+00  ,1.413084290036e+00  ,1.155742461668e+00  ,9.022791411324e-01  ,6.661848022819e-01  ,4.768686501784e-01  ,2.970713636772e-01  ,1.530254385276e-01  ,4.664125995198e-02  ,1.290679043632e-02  ,9.502454528506e-03  ,1.041035106357e-02  ,1.160714180004e-02  ,1.249160167069e-02  
  4.000075160651e-06  ,3.374222317580e+00  ,3.085883571682e+00  ,2.806769513263e+00  ,2.520090565501e+00  ,2.226431297125e+00  ,1.944900197367e+00  ,1.670465788714e+00  ,1.413084290036e+00  ,1.155742461668e+00  ,9.022791411324e-01  ,6.661848022819e-01  ,4.768686501784e-01  ,2.970713636772e-01  ,1.530254385276e-01  ,4.664125995198e-02  ,1.290679043632e-02  ,9.502454528506e-03  ,1.041035106357e-02  ,1.160714180004e-02  ,1.249160167069e-02  
  4.000103490320e-06  ,3.374222317580e+00  ,3.085883571682e+00  ,2.806769513263e+00  ,2.520090565501e+00  ,2.226431297125e+00  ,1.944900197367e+00  ,1.670465788714e+00  ,1.413084290036e+00  ,1.155742461668e+00  ,9.022791411324e-01  ,6.661848022819e-01  ,4.768686501784e-01  ,2.970713636772e-01  ,1.530254385276e-01  ,4.664125995198e-02  ,1.290679043632e-02  ,9.502454528506e-03  ,1.041035106357e-02  ,1.160714180004e-02  ,1.249160167069e-02  
  4.000133787407e-06  ,3.374222317580e+00  ,3.085883571682e+00  ,2.806769513263e+00  ,2.520090565501e+00  ,2.226431297125e+00  ,1.944900197367e+00  ,1.670465788714e+00  ,1.413084290036e+00  ,1.155742461668e+00  ,9.022791411324e-01  ,6.661848022819e-01  ,4.768686501784e-01  ,2.970713636772e-01  ,1.530254385276e-01  ,4.664125995198e-02  ,1.290679043632e-02  ,9.502454528506e-03  ,1.041035106357e-02  ,1.160714180004e-02  ,1.249160167069e-02  
  4.000184684186e-06  ,3.374222317580e+00  ,3.085883571682e+00  ,2.806769513263e+00  ,2.520090565501e+00  ,2.226431297125e+00  ,1.944900197367e+00  ,1.670465788714e+00  ,1.413084290036e+00  ,1.155742461668e+00  ,9.022791411324e-01  ,6.661848022819e-01  ,4.768686501784e-01  ,2.970713636772e-01  ,1.530254385276e-01  ,4.664125995198e-02  ,1.290679043632e-02  ,9.502454528506e-03  ,1.041035106357e-02  ,1.160714180004e-02  ,1.249160167069e-02  
  4.000251087485e-06  ,3.374222317580e+00  ,3.085883571682e+00  ,2.806769513263e+00  ,2.520090565501e+00  ,2.226431297125e+00  ,1.944900197367e+00  ,1.670465788714e+00  ,1.413084290036e+00  ,1.155742461668e+00  ,9.022791411324e-01  ,6.661848022819e-01  ,4.768686501784e-01  ,2.970713636772e-01  ,1.530254385276e-01  ,4.664125995198e-02  ,1.290679043632e-02  ,9.502454528506e-03  ,1.041035106357e-02  ,1.160714180004e-02  ,1.249160167069e-02  
  4.000343591100e-06  ,3.374222317580e+00  ,3.085883571682e+00  ,2.806769513263e+00  ,2.520090565501e+00  ,2.226431297125e+00  ,1.944900197367e+00  ,1.670465788714e+00  ,1.413084290036e+00  ,1.155742461668e+00  ,9.022791411324e-01  ,6.661848022819e-01  ,4.768686501784e-01  ,2.970713636772e-01  ,1.530254385276e-01  ,4.664125995198e-02  ,1.290679043632e-02  ,9.502454528506e-03  ,1.041035106357e-02  ,1.160714180004e-02  ,1.249160167069e-02  
  4.000476560681e-06  ,3.374222317580e+00  ,3.085883571682e+00  ,2.806769513263e+00  ,2.520090565501e+00  ,2.226431297125e+00  ,1.944900197367e+00  ,1.670465788714e+00  ,1.413084290036e+00  ,1.155742461668e+00  ,9.022791411324e-01  ,6.661848022819e-01  ,4.768686501784e-01  ,2.970713636772e-01  ,1.530254385276e-01  ,4.664125995198e-02  ,1.290679043632e-02  ,9.502454528506e-03  ,1.041035106357e-02  ,1.160714180004e-02  ,1.249160167069e-02  
  4.000661754175e-06  ,3.374222317580e+00  ,3.085883571682e+00  ,2.806769513263e+00  ,2.520090565501e+00  ,2.226431297125e+00  ,1.944900197367e+00  ,1.670465788714e+00  ,1.413084290036e+00  ,1.155742461668e+00  ,9.022791411324e-01  ,6.661848022819e-01  ,4.768686501784e-01  ,2.970713636772e-01  ,1.530254385276e-01  ,4.664125995198e-02  ,1.290679043632e-02  ,9.502454528506e-03  ,1.041035106357e-02  ,1.160714180004e-02  ,1.249160167069e-02  
  4.000915446444e-06  ,3.374222317580e+00  ,3.085883571682e+00  ,2.806769513263e+00  ,2.520090565501e+00  ,2.226431297125e+00  ,1.944900197367e+00  ,1.670465788714e+00  ,1.413084290036e+00  ,1.155742461668e+00  ,9.022791411324e-01  ,6.661848022819e-01  ,4.768686501784e-01  ,2.970713636772e-01  ,1.530254385276e-01  ,4.664125995198e-02  ,1.290679043632e-02  ,9.502454528506e-03  ,1.041035106357e-02  ,1.160714180004e-02  ,1.249160167069e-02  
  4.001000000001e-06  ,3.374222317580e+00  ,3.085883571682e+00  ,2.806769513263e+00  ,2.520090565501e+00  ,2.226431297125e+00  ,1.944900197367e+00  ,1.670465788714e+00  ,1.413084290036e+00  ,1.155742461668e+00  ,9.022791411324e-01  ,6.661848022819e-01  ,4.768686501784e-01  ,2.970713636772e-01  ,1.530254385276e-01  ,4.664125995198e-02  ,1.290679043632e-02  ,9.502454528506e-03  ,1.041035106357e-02  ,1.160714180004e-02  ,1.249160167069e-02  
  4.001017508873e-06  ,3.374222317580e+00  ,3.085883571682e+00  ,2.806769513263e+00  ,2.520090565501e+00  ,2.226431297125e+00  ,1.944900197367e+00  ,1.670465788714e+00  ,1.413084290036e+00  ,1.155742461668e+00  ,9.022791411324e-01  ,6.661848022819e-01  ,4.768686501784e-01  ,2.970713636772e-01  ,1.530254385276e-01  ,4.664125995198e-02  ,1.290679043632e-02  ,9.502454528506e-03  ,1.041035106357e-02  ,1.160714180004e-02  ,1.249160167069e-02  
  4.001036775609e-06  ,3.374222317580e+00  ,3.085883571682e+00  ,2.806769513263e+00  ,2.520090565501e+00  ,2.226431297125e+00  ,1.944900197367e+00  ,1.670465788714e+00  ,1.413084290036e+00  ,1.155742461668e+00  ,9.022791411324e-01  ,6.661848022819e-01  ,4.768686501784e-01  ,2.970713636772e-01  ,1.530254385276e-01  ,4.664125995198e-02  ,1.290679043632e-02  ,9.502454528506e-03  ,1.041035106357e-02  ,1.160714180004e-02  ,1.249160167069e-02  
  4.001049040247e-06  ,3.374222317580e+00  ,3.085883571682e+00  ,2.806769513263e+00  ,2.520090565501e+00  ,2.226431297125e+00  ,1.944900197367e+00  ,1.670465788714e+00  ,1.413084290036e+00  ,1.155742461668e+00  ,9.022791411324e-01  ,6.661848022819e-01  ,4.768686501784e-01  ,2.970713636772e-01  ,1.530254385276e-01  ,4.664125995198e-02  ,1.290679043632e-02  ,9.502454528506e-03  ,1.041035106357e-02  ,1.160714180004e-02  ,1.249160167069e-02  
  4.001057062718e-06  ,3.374222317580e+00  ,3.085883571682e+00  ,2.806769513263e+00  ,2.520090565501e+00  ,2.226431297125e+00  ,1.944900197367e+00  ,1.670465788714e+00  ,1.413084290036e+00  ,1.155742461668e+00  ,9.022791411324e-01  ,6.661848022819e-01  ,4.768686501784e-01  ,2.970713636772e-01  ,1.530254385276e-01  ,4.664125995198e-02  ,1.290679043632e-02  ,9.502454528506e-03  ,1.041035106357e-02  ,1.160714180004e-02  ,1.249160167069e-02  
  4.001069079690e-06  ,3.374222317580e+00  ,3.085883571682e+00  ,2.806769513263e+00  ,2.520090565501e+00  ,2.226431297125e+00  ,1.944900197367e+00  ,1.670465788714e+00  ,1.413084290036e+00  ,1.155742461668e+00  ,9.022791411324e-01  ,6.661848022819e-01  ,4.768686501784e-01  ,2.970713636772e-01  ,1.530254385276e-01  ,4.664125995198e-02  ,1.290679043632e-02  ,9.502454528506e-03  ,1.041035106357e-02  ,1.160714180004e-02  ,1.249160167069e-02  
  4.001093113633e-06  ,3.374222317580e+00  ,3.085883571682e+00  ,2.806769513263e+00  ,2.520090565501e+00  ,2.226431297125e+00  ,1.944900197367e+00  ,1.670465788714e+00  ,1.413084290036e+00  ,1.155742461668e+00  ,9.022791411324e-01  ,6.661848022819e-01  ,4.768686501784e-01  ,2.970713636772e-01  ,1.530254385276e-01  ,4.664125995198e-02  ,1.290679043632e-02  ,9.502454528506e-03  ,1.041035106357e-02  ,1.160714180004e-02  ,1.249160167069e-02  
  4.001125203516e-06  ,3.374222317580e+00  ,3.085883571682e+00  ,2.806769513263e+00  ,2.520090565501e+00  ,2.226431297125e+00  ,1.944900197367e+00  ,1.670465788714e+00  ,1.413084290036e+00  ,1.155742461668e+00  ,9.022791411324e-01  ,6.661848022819e-01  ,4.768686501784e-01  ,2.970713636772e-01  ,1.530254385276e-01  ,4.664125995198e-02  ,1.290679043632e-02  ,9.502454528506e-03  ,1.041035106357e-02  ,1.160714180004e-02  ,1.249160167069e-02  
  4.001173271403e-06  ,3.374222317580e+00  ,3.085883571682e+00  ,2.806769513263e+00  ,2.520090565501e+00  ,2.226431297125e+00  ,1.944900197367e+00  ,1.670465788714e+00  ,1.413084290036e+00  ,1.155742461668e+00  ,9.022791411324e-01  ,6.661848022819e-01  ,4.768686501784e-01  ,2.970713636772e-01  ,1.530254385276e-01  ,4.664125995198e-02  ,1.290679043632e-02  ,9.502454528506e-03  ,1.041035106357e-02  ,1.160714180004e-02  ,1.249160167069e-02  
  4.001269407176e-06  ,3.374222317580e+00  ,3.085883571682e+00  ,2.806769513263e+00  ,2.520090565501e+00  ,2.226431297125e+00  ,1.944900197367e+00  ,1.670465788714e+00  ,1.413084290036e+00  ,1.155742461668e+00  ,9.022791411324e-01  ,6.661848022819e-01  ,4.768686501784e-01  ,2.970713636772e-01  ,1.530254385276e-01  ,4.664125995198e-02  ,1.290679043632e-02  ,9.502454528506e-03  ,1.041035106357e-02  ,1.160714180004e-02  ,1.249160167069e-02  
  4.001397766709e-06  ,3.374222317580e+00  ,3.085883571682e+00  ,2.806769513263e+00  ,2.520090565501e+00  ,2.226431297125e+00  ,1.944900197367e+00  ,1.670465788714e+00  ,1.413084290036e+00  ,1.155742461668e+00  ,9.022791411324e-01  ,6.661848022819e-01  ,4.768686501784e-01  ,2.970713636772e-01  ,1.530254385276e-01  ,4.664125995198e-02  ,1.290679043632e-02  ,9.502454528506e-03  ,1.041035106357e-02  ,1.160714180004e-02  ,1.249160167069e-02  
  4.001550620027e-06  ,3.374222317580e+00  ,3.085883571682e+00  ,2.806769513263e+00  ,2.520090565501e+00  ,2.226431297125e+00  ,1.944900197367e+00  ,1.670465788714e+00  ,1.413084290036e+00  ,1.155742461668e+00  ,9.022791411324e-01  ,6.661848022819e-01  ,4.768686501784e-01  ,2.970713636772e-01  ,1.530254385276e-01  ,4.664125995198e-02  ,1.290679043632e-02  ,9.502454528506e-03  ,1.041035106357e-02  ,1.160714180004e-02  ,1.249160167069e-02  
  4.001724777348e-06  ,3.374222317580e+00  ,3.085883571682e+00  ,2.806769513263e+00  ,2.520090565501e+00  ,2.226431297125e+00  ,1.944900197367e+00  ,1.670465788714e+00  ,1.413084290036e+00  ,1.155742461668e+00  ,9.022791411324e-01  ,6.661848022819e-01  ,4.768686501784e-01  ,2.970713636772e-01  ,1.530254385276e-01  ,4.664125995198e-02  ,1.290679043632e-02  ,9.502454528506e-03  ,1.041035106357e-02  ,1.160714180004e-02  ,1.249160167069e-02  
  4.002012509458e-06  ,3.374222317580e+00  ,3.085883571682e+00  ,2.806769513263e+00  ,2.520090565501e+00  ,2.226431297125e+00  ,1.944900197367e+00  ,1.670465788714e+00  ,1.413084290036e+00  ,1.155742461668e+00  ,9.022791411324e-01  ,6.661848022819e-01  ,4.768686501784e-01  ,2.970713636772e-01  ,1.530254385276e-01  ,4.664125995198e-02  ,1.290679043632e-02  ,9.502454528506e-03  ,1.041035106357e-02  ,1.160714180004e-02  ,1.249160167069e-02  
  4.002339295422e-06  ,3.374222317580e+00  ,3.085883571682e+00  ,2.806769513263e+00  ,2.520090565501e+00  ,2.226431297125e+00  ,1.944900197367e+00  ,1.670465788714e+00  ,1.413084290036e+00  ,1.155742461668e+00  ,9.022791411324e-01  ,6.661848022819e-01  ,4.768686501784e-01  ,2.970713636772e-01  ,1.530254385276e-01  ,4.664125995198e-02  ,1.290679043632e-02  ,9.502454528506e-03  ,1.041035106357e-02  ,1.160714180004e-02  ,1.249160167069e-02  
  4.002647050967e-06  ,3.374222317580e+00  ,3.085883571682e+00  ,2.806769513263e+00  ,2.520090565501e+00  ,2.226431297125e+00  ,1.944900197367e+00  ,1.670465788714e+00  ,1.413084290036e+00  ,1.155742461668e+00  ,9.022791411324e-01  ,6.661848022819e-01  ,4.768686501784e-01  ,2.970713636772e-01  ,1.530254385276e-01  ,4.664125995198e-02  ,1.290679043632e-02  ,9.502454528506e-03  ,1.041035106357e-02  ,1.160714180004e-02  ,1.249160167069e-02  
  4.003006541481e-06  ,3.374222317580e+00  ,3.085883571682e+00  ,2.806769513263e+00  ,2.520090565501e+00  ,2.226431297125e+00  ,1.944900197367e+00  ,1.670465788714e+00  ,1.413084290036e+00  ,1.155742461668e+00  ,9.022791411324e-01  ,6.661848022819e-01  ,4.768686501784e-01  ,2.970713636772e-01  ,1.530254385276e-01  ,4.664125995198e-02  ,1.290679043632e-02  ,9.502454528506e-03  ,1.041035106357e-02  ,1.160714180004e-02  ,1.249160167069e-02  
  4.003382888933e-06  ,3.374222317580e+00  ,3.085883571682e+00  ,2.806769513263e+00  ,2.520090565501e+00  ,2.226431297125e+00  ,1.944900197367e+00  ,1.670465788714e+00  ,1.413084290036e+00  ,1.155742461668e+00  ,9.022791411324e-01  ,6.661848022819e-01  ,4.768686501784e-01  ,2.970713636772e-01  ,1.530254385276e-01  ,4.664125995198e-02  ,1.290679043632e-02  ,9.502454528506e-03  ,1.041035106357e-02  ,1.160714180004e-02  ,1.249160167069e-02  
  4.003756675249e-06  ,3.374222317580e+00  ,3.085883571682e+00  ,2.806769513263e+00  ,2.520090565501e+00  ,2.226431297125e+00  ,1.944900197367e+00  ,1.670465788714e+00  ,1.413084290036e+00  ,1.155742461668e+00  ,9.022791411324e-01  ,6.661848022819e-01  ,4.768686501784e-01  ,2.970713636772e-01  ,1.530254385276e-01  ,4.664125995198e-02  ,1.290679043632e-02  ,9.502454528506e-03  ,1.041035106357e-02  ,1.160714180004e-02  ,1.249160167069e-02  
  4.004300940161e-06  ,3.374222317580e+00  ,3.085883571682e+00  ,2.806769513263e+00  ,2.520090565501e+00  ,2.226431297125e+00  ,1.944900197367e+00  ,1.670465788714e+00  ,1.413084290036e+00  ,1.155742461668e+00  ,9.022791411324e-01  ,6.661848022819e-01  ,4.768686501784e-01  ,2.970713636772e-01  ,1.530254385276e-01  ,4.664125995198e-02  ,1.290679043632e-02  ,9.502454528506e-03  ,1.041035106357e-02  ,1.160714180004e-02  ,1.249160167069e-02  
  4.004994123554e-06  ,3.374222317580e+00  ,3.085883571682e+00  ,2.806769513263e+00  ,2.520090565501e+00  ,2.226431297125e+00  ,1.944900197367e+00  ,1.670465788714e+00  ,1.413084290036e+00  ,1.155742461668e+00  ,9.022791411324e-01  ,6.661848022819e-01  ,4.768686501784e-01  ,2.970713636772e-01  ,1.530254385276e-01  ,4.664125995198e-02  ,1.290679043632e-02  ,9.502454528506e-03  ,1.041035106357e-02  ,1.160714180004e-02  ,1.249160167069e-02  
  4.005755333075e-06  ,3.374222317580e+00  ,3.085883571682e+00  ,2.806769513263e+00  ,2.520090565501e+00  ,2.226431297125e+00  ,1.944900197367e+00  ,1.670465788714e+00  ,1.413084290036e+00  ,1.155742461668e+00  ,9.022791411324e-01  ,6.661848022819e-01  ,4.768686501784e-01  ,2.970713636772e-01  ,1.530254385276e-01  ,4.664125995198e-02  ,1.290679043632e-02  ,9.502454528506e-03  ,1.041035106357e-02  ,1.160714180004e-02  ,1.249160167069e-02  
  4.006547516057e-06  ,3.374222317580e+00  ,3.085883571682e+00  ,2.806769513263e+00  ,2.520090565501e+00  ,2.226431297125e+00  ,1.944900197367e+00  ,1.670465788714e+00  ,1.413084290036e+00  ,1.155742461668e+00  ,9.022791411324e-01  ,6.661848022819e-01  ,4.768686501784e-01  ,2.970713636772e-01  ,1.530254385276e-01  ,4.664125995198e-02  ,1.290679043632e-02  ,9.502454528506e-03  ,1.041035106357e-02  ,1.160714180004e-02  ,1.249160167069e-02  
  4.007547570238e-06  ,3.374222317580e+00  ,3.085883571682e+00  ,2.806769513263e+00  ,2.520090565501e+00  ,2.226431297125e+00  ,1.944900197367e+00  ,1.670465788714e+00  ,1.413084290036e+00  ,1.155742461668e+00  ,9.022791411324e-01  ,6.661848022819e-01  ,4.768686501784e-01  ,2.970713636772e-01  ,1.530254385276e-01  ,4.664125995198e-02  ,1.290679043632e-02  ,9.502454528506e-03  ,1.041035106357e-02  ,1.160714180004e-02  ,1.249160167069e-02  
  4.008547624418e-06  ,3.374222317580e+00  ,3.085883571682e+00  ,2.806769513263e+00  ,2.520090565501e+00  ,2.226431297125e+00  ,1.944900197367e+00  ,1.670465788714e+00  ,1.413084290036e+00  ,1.155742461668e+00  ,9.022791411324e-01  ,6.661848022819e-01  ,4.768686501784e-01  ,2.970713636772e-01  ,1.530254385276e-01  ,4.664125995198e-02  ,1.290679043632e-02  ,9.502454528506e-03  ,1.041035106357e-02  ,1.160714180004e-02  ,1.249160167069e-02  
  4.009547678599e-06  ,3.374222317580e+00  ,3.085883571682e+00  ,2.806769513263e+00  ,2.520090565501e+00  ,2.226431297125e+00  ,1.944900197367e+00  ,1.670465788714e+00  ,1.413084290036e+00  ,1.155742461668e+00  ,9.022791411324e-01  ,6.661848022819e-01  ,4.768686501784e-01  ,2.970713636772e-01  ,1.530254385276e-01  ,4.664125995198e-02  ,1.290679043632e-02  ,9.502454528506e-03  ,1.041035106357e-02  ,1.160714180004e-02  ,1.249160167069e-02  
  4.010547732779e-06  ,3.374222317580e+00  ,3.085883571682e+00  ,2.806769513263e+00  ,2.520090565501e+00  ,2.226431297125e+00  ,1.944900197367e+00  ,1.670465788714e+00  ,1.413084290036e+00  ,1.155742461668e+00  ,9.022791411324e-01  ,6.661848022819e-01  ,4.768686501784e-01  ,2.970713636772e-01  ,1.530254385276e-01  ,4.664125995198e-02  ,1.290679043632e-02  ,9.502454528506e-03  ,1.041035106357e-02  ,1.160714180004e-02  ,1.249160167069e-02  
  4.011547786960e-06  ,3.374222317580e+00  ,3.085883571682e+00  ,2.806769513263e+00  ,2.520090565501e+00  ,2.226431297125e+00  ,1.944900197367e+00  ,1.670465788714e+00  ,1.413084290036e+00  ,1.155742461668e+00  ,9.022791411324e-01  ,6.661848022819e-01  ,4.768686501784e-01  ,2.970713636772e-01  ,1.530254385276e-01  ,4.664125995198e-02  ,1.290679043632e-02  ,9.502454528506e-03  ,1.041035106357e-02  ,1.160714180004e-02  ,1.249160167069e-02  
  4.012547841141e-06  ,3.374222317580e+00  ,3.085883571682e+00  ,2.806769513263e+00  ,2.520090565501e+00  ,2.226431297125e+00  ,1.944900197367e+00  ,1.670465788714e+00  ,1.413084290036e+00  ,1.155742461668e+00  ,9.022791411324e-01  ,6.661848022819e-01  ,4.768686501784e-01  ,2.970713636772e-01  ,1.530254385276e-01  ,4.664125995198e-02  ,1.290679043632e-02  ,9.502454528506e-03  ,1.041035106357e-02  ,1.160714180004e-02  ,1.249160167069e-02  
  4.013485911140e-06  ,3.374222317580e+00  ,3.085883571682e+00  ,2.806769513263e+00  ,2.520090565501e+00  ,2.226431297125e+00  ,1.944900197367e+00  ,1.670465788714e+00  ,1.413084290036e+00  ,1.155742461668e+00  ,9.022791411324e-01  ,6.661848022819e-01  ,4.768686501784e-01  ,2.970713636772e-01  ,1.530254385276e-01  ,4.664125995198e-02  ,1.290679043632e-02  ,9.502454528506e-03  ,1.041035106357e-02  ,1.160714180004e-02  ,1.249160167069e-02  
  4.013610917913e-06  ,3.374222317580e+00  ,3.085883571682e+00  ,2.806769513263e+00  ,2.520090565501e+00  ,2.226431297125e+00  ,1.944900197367e+00  ,1.670465788714e+00  ,1.413084290036e+00  ,1.155742461668e+00  ,9.022791411324e-01  ,6.661848022819e-01  ,4.768686501784e-01  ,2.970713636772e-01  ,1.530254385276e-01  ,4.664125995198e-02  ,1.290679043632e-02  ,9.502454528506e-03  ,1.041035106357e-02  ,1.160714180004e-02  ,1.249160167069e-02  
  4.013860931458e-06  ,3.374222317580e+00  ,3.085883571682e+00  ,2.806769513263e+00  ,2.520090565501e+00  ,2.226431297125e+00  ,1.944900197367e+00  ,1.670465788714e+00  ,1.413084290036e+00  ,1.155742461668e+00  ,9.022791411324e-01  ,6.661848022819e-01  ,4.768686501784e-01  ,2.970713636772e-01  ,1.530254385276e-01  ,4.664125995198e-02  ,1.290679043632e-02  ,9.502454528506e-03  ,1.041035106357e-02  ,1.160714180004e-02  ,1.249160167069e-02  
  4.014360958548e-06  ,3.374222317580e+00  ,3.085883571682e+00  ,2.806769513263e+00  ,2.520090565501e+00  ,2.226431297125e+00  ,1.944900197367e+00  ,1.670465788714e+00  ,1.413084290036e+00  ,1.155742461668e+00  ,9.022791411324e-01  ,6.661848022819e-01  ,4.768686501784e-01  ,2.970713636772e-01  ,1.530254385276e-01  ,4.664125995198e-02  ,1.290679043632e-02  ,9.502454528506e-03  ,1.041035106357e-02  ,1.160714180004e-02  ,1.249160167069e-02  
  4.015361012729e-06  ,3.374222317580e+00  ,3.085883571682e+00  ,2.806769513263e+00  ,2.520090565501e+00  ,2.226431297125e+00  ,1.944900197367e+00  ,1.670465788714e+00  ,1.413084290036e+00  ,1.155742461668e+00  ,9.022791411324e-01  ,6.661848022819e-01  ,4.768686501784e-01  ,2.970713636772e-01  ,1.530254385276e-01  ,4.664125995198e-02  ,1.290679043632e-02  ,9.502454528506e-03  ,1.041035106357e-02  ,1.160714180004e-02  ,1.249160167069e-02  
  4.016361066910e-06  ,3.374222317580e+00  ,3.085883571682e+00  ,2.806769513263e+00  ,2.520090565501e+00  ,2.226431297125e+00  ,1.944900197367e+00  ,1.670465788714e+00  ,1.413084290036e+00  ,1.155742461668e+00  ,9.022791411324e-01  ,6.661848022819e-01  ,4.768686501784e-01  ,2.970713636772e-01  ,1.530254385276e-01  ,4.664125995198e-02  ,1.290679043632e-02  ,9.502454528506e-03  ,1.041035106357e-02  ,1.160714180004e-02  ,1.249160167069e-02  
  4.017361121090e-06  ,3.374222317580e+00  ,3.085883571682e+00  ,2.806769513263e+00  ,2.520090565501e+00  ,2.226431297125e+00  ,1.944900197367e+00  ,1.670465788714e+00  ,1.413084290036e+00  ,1.155742461668e+00  ,9.022791411324e-01  ,6.661848022819e-01  ,4.768686501784e-01  ,2.970713636772e-01  ,1.530254385276e-01  ,4.664125995198e-02  ,1.290679043632e-02  ,9.502454528506e-03  ,1.041035106357e-02  ,1.160714180004e-02  ,1.249160167069e-02  
  4.018361175271e-06  ,3.374222317580e+00  ,3.085883571682e+00  ,2.806769513263e+00  ,2.520090565501e+00  ,2.226431297125e+00  ,1.944900197367e+00  ,1.670465788714e+00  ,1.413084290036e+00  ,1.155742461668e+00  ,9.022791411324e-01  ,6.661848022819e-01  ,4.768686501784e-01  ,2.970713636772e-01  ,1.530254385276e-01  ,4.664125995198e-02  ,1.290679043632e-02  ,9.502454528506e-03  ,1.041035106357e-02  ,1.160714180004e-02  ,1.249160167069e-02  
  4.019361229452e-06  ,3.374222317580e+00  ,3.085883571682e+00  ,2.806769513263e+00  ,2.520090565501e+00  ,2.226431297125e+00  ,1.944900197367e+00  ,1.670465788714e+00  ,1.413084290036e+00  ,1.155742461668e+00  ,9.022791411324e-01  ,6.661848022819e-01  ,4.768686501784e-01  ,2.970713636772e-01  ,1.530254385276e-01  ,4.664125995198e-02  ,1.290679043632e-02  ,9.502454528506e-03  ,1.041035106357e-02  ,1.160714180004e-02  ,1.249160167069e-02  
  4.020361283632e-06  ,3.374222317580e+00  ,3.085883571682e+00  ,2.806769513263e+00  ,2.520090565501e+00  ,2.226431297125e+00  ,1.944900197367e+00  ,1.670465788714e+00  ,1.413084290036e+00  ,1.155742461668e+00  ,9.022791411324e-01  ,6.661848022819e-01  ,4.768686501784e-01  ,2.970713636772e-01  ,1.530254385276e-01  ,4.664125995198e-02  ,1.290679043632e-02  ,9.502454528506e-03  ,1.041035106357e-02  ,1.160714180004e-02  ,1.249160167069e-02  
  4.021361337813e-06  ,3.374222317580e+00  ,3.085883571682e+00  ,2.806769513263e+00  ,2.520090565501e+00  ,2.226431297125e+00  ,1.944900197367e+00  ,1.670465788714e+00  ,1.413084290036e+00  ,1.155742461668e+00  ,9.022791411324e-01  ,6.661848022819e-01  ,4.768686501784e-01  ,2.970713636772e-01  ,1.530254385276e-01  ,4.664125995198e-02  ,1.290679043632e-02  ,9.502454528506e-03  ,1.041035106357e-02  ,1.160714180004e-02  ,1.249160167069e-02  
  4.022361391993e-06  ,3.374222317580e+00  ,3.085883571682e+00  ,2.806769513263e+00  ,2.520090565501e+00  ,2.226431297125e+00  ,1.944900197367e+00  ,1.670465788714e+00  ,1.413084290036e+00  ,1.155742461668e+00  ,9.022791411324e-01  ,6.661848022819e-01  ,4.768686501784e-01  ,2.970713636772e-01  ,1.530254385276e-01  ,4.664125995198e-02  ,1.290679043632e-02  ,9.502454528506e-03  ,1.041035106357e-02  ,1.160714180004e-02  ,1.249160167069e-02  
  4.023038184108e-06  ,3.374222317580e+00  ,3.085883571682e+00  ,2.806769513263e+00  ,2.520090565501e+00  ,2.226431297125e+00  ,1.944900197367e+00  ,1.670465788714e+00  ,1.413084290036e+00  ,1.155742461668e+00  ,9.022791411324e-01  ,6.661848022819e-01  ,4.768686501784e-01  ,2.970713636772e-01  ,1.530254385276e-01  ,4.664125995198e-02  ,1.290679043632e-02  ,9.502454528506e-03  ,1.041035106357e-02  ,1.160714180004e-02  ,1.249160167069e-02  
  4.023693835201e-06  ,3.374222317580e+00  ,3.085883571682e+00  ,2.806769513263e+00  ,2.520090565501e+00  ,2.226431297125e+00  ,1.944900197367e+00  ,1.670465788714e+00  ,1.413084290036e+00  ,1.155742461668e+00  ,9.022791411324e-01  ,6.661848022819e-01  ,4.768686501784e-01  ,2.970713636772e-01  ,1.530254385276e-01  ,4.664125995198e-02  ,1.290679043632e-02  ,9.502454528506e-03  ,1.041035106357e-02  ,1.160714180004e-02  ,1.249160167069e-02  
  4.024294538262e-06  ,3.374222317580e+00  ,3.085883571682e+00  ,2.806769513263e+00  ,2.520090565501e+00  ,2.226431297125e+00  ,1.944900197367e+00  ,1.670465788714e+00  ,1.413084290036e+00  ,1.155742461668e+00  ,9.022791411324e-01  ,6.661848022819e-01  ,4.768686501784e-01  ,2.970713636772e-01  ,1.530254385276e-01  ,4.664125995198e-02  ,1.290679043632e-02  ,9.502454528506e-03  ,1.041035106357e-02  ,1.160714180004e-02  ,1.249160167069e-02  
  4.025119038137e-06  ,3.374222317580e+00  ,3.085883571682e+00  ,2.806769513263e+00  ,2.520090565501e+00  ,2.226431297125e+00  ,1.944900197367e+00  ,1.670465788714e+00  ,1.413084290036e+00  ,1.155742461668e+00  ,9.022791411324e-01  ,6.661848022819e-01  ,4.768686501784e-01  ,2.970713636772e-01  ,1.530254385276e-01  ,4.664125995198e-02  ,1.290679043632e-02  ,9.502454528506e-03  ,1.041035106357e-02  ,1.160714180004e-02  ,1.249160167069e-02  
  4.025924166503e-06  ,3.374222317580e+00  ,3.085883571682e+00  ,2.806769513263e+00  ,2.520090565501e+00  ,2.226431297125e+00  ,1.944900197367e+00  ,1.670465788714e+00  ,1.413084290036e+00  ,1.155742461668e+00  ,9.022791411324e-01  ,6.661848022819e-01  ,4.768686501784e-01  ,2.970713636772e-01  ,1.530254385276e-01  ,4.664125995198e-02  ,1.290679043632e-02  ,9.502454528506e-03  ,1.041035106357e-02  ,1.160714180004e-02  ,1.249160167069e-02  
  4.026820937010e-06  ,3.374222317580e+00  ,3.085883571682e+00  ,2.806769513263e+00  ,2.520090565501e+00  ,2.226431297125e+00  ,1.944900197367e+00  ,1.670465788714e+00  ,1.413084290036e+00  ,1.155742461668e+00  ,9.022791411324e-01  ,6.661848022819e-01  ,4.768686501784e-01  ,2.970713636772e-01  ,1.530254385276e-01  ,4.664125995198e-02  ,1.290679043632e-02  ,9.502454528506e-03  ,1.041035106357e-02  ,1.160714180004e-02  ,1.249160167069e-02  
  4.027735682042e-06  ,3.374222317580e+00  ,3.085883571682e+00  ,2.806769513263e+00  ,2.520090565501e+00  ,2.226431297125e+00  ,1.944900197367e+00  ,1.670465788714e+00  ,1.413084290036e+00  ,1.155742461668e+00  ,9.022791411324e-01  ,6.661848022819e-01  ,4.768686501784e-01  ,2.970713636772e-01  ,1.530254385276e-01  ,4.664125995198e-02  ,1.290679043632e-02  ,9.502454528506e-03  ,1.041035106357e-02  ,1.160714180004e-02  ,1.249160167069e-02  
  4.028735736223e-06  ,3.374222317580e+00  ,3.085883571682e+00  ,2.806769513263e+00  ,2.520090565501e+00  ,2.226431297125e+00  ,1.944900197367e+00  ,1.670465788714e+00  ,1.413084290036e+00  ,1.155742461668e+00  ,9.022791411324e-01  ,6.661848022819e-01  ,4.768686501784e-01  ,2.970713636772e-01  ,1.530254385276e-01  ,4.664125995198e-02  ,1.290679043632e-02  ,9.502454528506e-03  ,1.041035106357e-02  ,1.160714180004e-02  ,1.249160167069e-02  
  4.029735790404e-06  ,3.374222317580e+00  ,3.085883571682e+00  ,2.806769513263e+00  ,2.520090565501e+00  ,2.226431297125e+00  ,1.944900197367e+00  ,1.670465788714e+00  ,1.413084290036e+00  ,1.155742461668e+00  ,9.022791411324e-01  ,6.661848022819e-01  ,4.768686501784e-01  ,2.970713636772e-01  ,1.530254385276e-01  ,4.664125995198e-02  ,1.290679043632e-02  ,9.502454528506e-03  ,1.041035106357e-02  ,1.160714180004e-02  ,1.249160167069e-02  
  4.030735844584e-06  ,3.374222317580e+00  ,3.085883571682e+00  ,2.806769513263e+00  ,2.520090565501e+00  ,2.226431297125e+00  ,1.944900197367e+00  ,1.670465788714e+00  ,1.413084290036e+00  ,1.155742461668e+00  ,9.022791411324e-01  ,6.661848022819e-01  ,4.768686501784e-01  ,2.970713636772e-01  ,1.530254385276e-01  ,4.664125995198e-02  ,1.290679043632e-02  ,9.502454528506e-03  ,1.041035106357e-02  ,1.160714180004e-02  ,1.249160167069e-02  
  4.031735898765e-06  ,3.374222317580e+00  ,3.085883571682e+00  ,2.806769513263e+00  ,2.520090565501e+00  ,2.226431297125e+00  ,1.944900197367e+00  ,1.670465788714e+00  ,1.413084290036e+00  ,1.155742461668e+00  ,9.022791411324e-01  ,6.661848022819e-01  ,4.768686501784e-01  ,2.970713636772e-01  ,1.530254385276e-01  ,4.664125995198e-02  ,1.290679043632e-02  ,9.502454528506e-03  ,1.041035106357e-02  ,1.160714180004e-02  ,1.249160167069e-02  
  4.032735952946e-06  ,3.374222317580e+00  ,3.085883571682e+00  ,2.806769513263e+00  ,2.520090565501e+00  ,2.226431297125e+00  ,1.944900197367e+00  ,1.670465788714e+00  ,1.413084290036e+00  ,1.155742461668e+00  ,9.022791411324e-01  ,6.661848022819e-01  ,4.768686501784e-01  ,2.970713636772e-01  ,1.530254385276e-01  ,4.664125995198e-02  ,1.290679043632e-02  ,9.502454528506e-03  ,1.041035106357e-02  ,1.160714180004e-02  ,1.249160167069e-02  
  4.033736007126e-06  ,3.374222317580e+00  ,3.085883571682e+00  ,2.806769513263e+00  ,2.520090565501e+00  ,2.226431297125e+00  ,1.944900197367e+00  ,1.670465788714e+00  ,1.413084290036e+00  ,1.155742461668e+00  ,9.022791411324e-01  ,6.661848022819e-01  ,4.768686501784e-01  ,2.970713636772e-01  ,1.530254385276e-01  ,4.664125995198e-02  ,1.290679043632e-02  ,9.502454528506e-03  ,1.041035106357e-02  ,1.160714180004e-02  ,1.249160167069e-02  
  4.034736061307e-06  ,3.374222317580e+00  ,3.085883571682e+00  ,2.806769513263e+00  ,2.520090565501e+00  ,2.226431297125e+00  ,1.944900197367e+00  ,1.670465788714e+00  ,1.413084290036e+00  ,1.155742461668e+00  ,9.022791411324e-01  ,6.661848022819e-01  ,4.768686501784e-01  ,2.970713636772e-01  ,1.530254385276e-01  ,4.664125995198e-02  ,1.290679043632e-02  ,9.502454528506e-03  ,1.041035106357e-02  ,1.160714180004e-02  ,1.249160167069e-02  
  4.035736115487e-06  ,3.374222317580e+00  ,3.085883571682e+00  ,2.806769513263e+00  ,2.520090565501e+00  ,2.226431297125e+00  ,1.944900197367e+00  ,1.670465788714e+00  ,1.413084290036e+00  ,1.155742461668e+00  ,9.022791411324e-01  ,6.661848022819e-01  ,4.768686501784e-01  ,2.970713636772e-01  ,1.530254385276e-01  ,4.664125995198e-02  ,1.290679043632e-02  ,9.502454528506e-03  ,1.041035106357e-02  ,1.160714180004e-02  ,1.249160167069e-02  
  4.036736169668e-06  ,3.374222317580e+00  ,3.085883571682e+00  ,2.806769513263e+00  ,2.520090565501e+00  ,2.226431297125e+00  ,1.944900197367e+00  ,1.670465788714e+00  ,1.413084290036e+00  ,1.155742461668e+00  ,9.022791411324e-01  ,6.661848022819e-01  ,4.768686501784e-01  ,2.970713636772e-01  ,1.530254385276e-01  ,4.664125995198e-02  ,1.290679043632e-02  ,9.502454528506e-03  ,1.041035106357e-02  ,1.160714180004e-02  ,1.249160167069e-02  
  4.037736223849e-06  ,3.374222317580e+00  ,3.085883571682e+00  ,2.806769513263e+00  ,2.520090565501e+00  ,2.226431297125e+00  ,1.944900197367e+00  ,1.670465788714e+00  ,1.413084290036e+00  ,1.155742461668e+00  ,9.022791411324e-01  ,6.661848022819e-01  ,4.768686501784e-01  ,2.970713636772e-01  ,1.530254385276e-01  ,4.664125995198e-02  ,1.290679043632e-02  ,9.502454528506e-03  ,1.041035106357e-02  ,1.160714180004e-02  ,1.249160167069e-02  
  4.038736278029e-06  ,3.374222317580e+00  ,3.085883571682e+00  ,2.806769513263e+00  ,2.520090565501e+00  ,2.226431297125e+00  ,1.944900197367e+00  ,1.670465788714e+00  ,1.413084290036e+00  ,1.155742461668e+00  ,9.022791411324e-01  ,6.661848022819e-01  ,4.768686501784e-01  ,2.970713636772e-01  ,1.530254385276e-01  ,4.664125995198e-02  ,1.290679043632e-02  ,9.502454528506e-03  ,1.041035106357e-02  ,1.160714180004e-02  ,1.249160167069e-02  
  4.039736332210e-06  ,3.374222317580e+00  ,3.085883571682e+00  ,2.806769513263e+00  ,2.520090565501e+00  ,2.226431297125e+00  ,1.944900197367e+00  ,1.670465788714e+00  ,1.413084290036e+00  ,1.155742461668e+00  ,9.022791411324e-01  ,6.661848022819e-01  ,4.768686501784e-01  ,2.970713636772e-01  ,1.530254385276e-01  ,4.664125995198e-02  ,1.290679043632e-02  ,9.502454528506e-03  ,1.041035106357e-02  ,1.160714180004e-02  ,1.249160167069e-02  
  4.040736386391e-06  ,3.374222317580e+00  ,3.085883571682e+00  ,2.806769513263e+00  ,2.520090565501e+00  ,2.226431297125e+00  ,1.944900197367e+00  ,1.670465788714e+00  ,1.413084290036e+00  ,1.155742461668e+00  ,9.022791411324e-01  ,6.661848022819e-01  ,4.768686501784e-01  ,2.970713636772e-01  ,1.530254385276e-01  ,4.664125995198e-02  ,1.290679043632e-02  ,9.502454528506e-03  ,1.041035106357e-02  ,1.160714180004e-02  ,1.249160167069e-02  
  4.041736440571e-06  ,3.374222317580e+00  ,3.085883571682e+00  ,2.806769513263e+00  ,2.520090565501e+00  ,2.226431297125e+00  ,1.944900197367e+00  ,1.670465788714e+00  ,1.413084290036e+00  ,1.155742461668e+00  ,9.022791411324e-01  ,6.661848022819e-01  ,4.768686501784e-01  ,2.970713636772e-01  ,1.530254385276e-01  ,4.664125995198e-02  ,1.290679043632e-02  ,9.502454528506e-03  ,1.041035106357e-02  ,1.160714180004e-02  ,1.249160167069e-02  
  4.042736494752e-06  ,3.374222317580e+00  ,3.085883571682e+00  ,2.806769513263e+00  ,2.520090565501e+00  ,2.226431297125e+00  ,1.944900197367e+00  ,1.670465788714e+00  ,1.413084290036e+00  ,1.155742461668e+00  ,9.022791411324e-01  ,6.661848022819e-01  ,4.768686501784e-01  ,2.970713636772e-01  ,1.530254385276e-01  ,4.664125995198e-02  ,1.290679043632e-02  ,9.502454528506e-03  ,1.041035106357e-02  ,1.160714180004e-02  ,1.249160167069e-02  
  4.043736548932e-06  ,3.374222317580e+00  ,3.085883571682e+00  ,2.806769513263e+00  ,2.520090565501e+00  ,2.226431297125e+00  ,1.944900197367e+00  ,1.670465788714e+00  ,1.413084290036e+00  ,1.155742461668e+00  ,9.022791411324e-01  ,6.661848022819e-01  ,4.768686501784e-01  ,2.970713636772e-01  ,1.530254385276e-01  ,4.664125995198e-02  ,1.290679043632e-02  ,9.502454528506e-03  ,1.041035106357e-02  ,1.160714180004e-02  ,1.249160167069e-02  
  4.044736603113e-06  ,3.374222317580e+00  ,3.085883571682e+00  ,2.806769513263e+00  ,2.520090565501e+00  ,2.226431297125e+00  ,1.944900197367e+00  ,1.670465788714e+00  ,1.413084290036e+00  ,1.155742461668e+00  ,9.022791411324e-01  ,6.661848022819e-01  ,4.768686501784e-01  ,2.970713636772e-01  ,1.530254385276e-01  ,4.664125995198e-02  ,1.290679043632e-02  ,9.502454528506e-03  ,1.041035106357e-02  ,1.160714180004e-02  ,1.249160167069e-02  
  4.045736657294e-06  ,3.374222317580e+00  ,3.085883571682e+00  ,2.806769513263e+00  ,2.520090565501e+00  ,2.226431297125e+00  ,1.944900197367e+00  ,1.670465788714e+00  ,1.413084290036e+00  ,1.155742461668e+00  ,9.022791411324e-01  ,6.661848022819e-01  ,4.768686501784e-01  ,2.970713636772e-01  ,1.530254385276e-01  ,4.664125995198e-02  ,1.290679043632e-02  ,9.502454528506e-03  ,1.041035106357e-02  ,1.160714180004e-02  ,1.249160167069e-02  
  4.046736711474e-06  ,3.374222317580e+00  ,3.085883571682e+00  ,2.806769513263e+00  ,2.520090565501e+00  ,2.226431297125e+00  ,1.944900197367e+00  ,1.670465788714e+00  ,1.413084290036e+00  ,1.155742461668e+00  ,9.022791411324e-01  ,6.661848022819e-01  ,4.768686501784e-01  ,2.970713636772e-01  ,1.530254385276e-01  ,4.664125995198e-02  ,1.290679043632e-02  ,9.502454528506e-03  ,1.041035106357e-02  ,1.160714180004e-02  ,1.249160167069e-02  
  4.047736765655e-06  ,3.374222317580e+00  ,3.085883571682e+00  ,2.806769513263e+00  ,2.520090565501e+00  ,2.226431297125e+00  ,1.944900197367e+00  ,1.670465788714e+00  ,1.413084290036e+00  ,1.155742461668e+00  ,9.022791411324e-01  ,6.661848022819e-01  ,4.768686501784e-01  ,2.970713636772e-01  ,1.530254385276e-01  ,4.664125995198e-02  ,1.290679043632e-02  ,9.502454528506e-03  ,1.041035106357e-02  ,1.160714180004e-02  ,1.249160167069e-02  
  4.048387108209e-06  ,3.374222317580e+00  ,3.085883571682e+00  ,2.806769513263e+00  ,2.520090565501e+00  ,2.226431297125e+00  ,1.944900197367e+00  ,1.670465788714e+00  ,1.413084290036e+00  ,1.155742461668e+00  ,9.022791411324e-01  ,6.661848022819e-01  ,4.768686501784e-01  ,2.970713636772e-01  ,1.530254385276e-01  ,4.664125995198e-02  ,1.290679043632e-02  ,9.502454528506e-03  ,1.041035106357e-02  ,1.160714180004e-02  ,1.249160167069e-02  
  4.048988556327e-06  ,3.374222317580e+00  ,3.085883571682e+00  ,2.806769513263e+00  ,2.520090565501e+00  ,2.226431297125e+00  ,1.944900197367e+00  ,1.670465788714e+00  ,1.413084290036e+00  ,1.155742461668e+00  ,9.022791411324e-01  ,6.661848022819e-01  ,4.768686501784e-01  ,2.970713636772e-01  ,1.530254385276e-01  ,4.664125995198e-02  ,1.290679043632e-02  ,9.502454528506e-03  ,1.041035106357e-02  ,1.160714180004e-02  ,1.249160167069e-02  
  4.049586092891e-06  ,3.374222317580e+00  ,3.085883571682e+00  ,2.806769513263e+00  ,2.520090565501e+00  ,2.226431297125e+00  ,1.944900197367e+00  ,1.670465788714e+00  ,1.413084290036e+00  ,1.155742461668e+00  ,9.022791411324e-01  ,6.661848022819e-01  ,4.768686501784e-01  ,2.970713636772e-01  ,1.530254385276e-01  ,4.664125995198e-02  ,1.290679043632e-02  ,9.502454528506e-03  ,1.041035106357e-02  ,1.160714180004e-02  ,1.249160167069e-02  
  4.050208682032e-06  ,3.374222317580e+00  ,3.085883571682e+00  ,2.806769513263e+00  ,2.520090565501e+00  ,2.226431297125e+00  ,1.944900197367e+00  ,1.670465788714e+00  ,1.413084290036e+00  ,1.155742461668e+00  ,9.022791411324e-01  ,6.661848022819e-01  ,4.768686501784e-01  ,2.970713636772e-01  ,1.530254385276e-01  ,4.664125995198e-02  ,1.290679043632e-02  ,9.502454528506e-03  ,1.041035106357e-02  ,1.160714180004e-02  ,1.249160167069e-02  
  4.050839094283e-06  ,3.374222317580e+00  ,3.085883571682e+00  ,2.806769513263e+00  ,2.520090565501e+00  ,2.226431297125e+00  ,1.944900197367e+00  ,1.670465788714e+00  ,1.413084290036e+00  ,1.155742461668e+00  ,9.022791411324e-01  ,6.661848022819e-01  ,4.768686501784e-01  ,2.970713636772e-01  ,1.530254385276e-01  ,4.664125995198e-02  ,1.290679043632e-02  ,9.502454528506e-03  ,1.041035106357e-02  ,1.160714180004e-02  ,1.249160167069e-02  
  4.051581770492e-06  ,3.374222317580e+00  ,3.085883571682e+00  ,2.806769513263e+00  ,2.520090565501e+00  ,2.226431297125e+00  ,1.944900197367e+00  ,1.670465788714e+00  ,1.413084290036e+00  ,1.155742461668e+00  ,9.022791411324e-01  ,6.661848022819e-01  ,4.768686501784e-01  ,2.970713636772e-01  ,1.530254385276e-01  ,4.664125995198e-02  ,1.290679043632e-02  ,9.502454528506e-03  ,1.041035106357e-02  ,1.160714180004e-02  ,1.249160167069e-02  
  4.052173719121e-06  ,3.374222317580e+00  ,3.085883571682e+00  ,2.806769513263e+00  ,2.520090565501e+00  ,2.226431297125e+00  ,1.944900197367e+00  ,1.670465788714e+00  ,1.413084290036e+00  ,1.155742461668e+00  ,9.022791411324e-01  ,6.661848022819e-01  ,4.768686501784e-01  ,2.970713636772e-01  ,1.530254385276e-01  ,4.664125995198e-02  ,1.290679043632e-02  ,9.502454528506e-03  ,1.041035106357e-02  ,1.160714180004e-02  ,1.249160167069e-02  
  4.052851442558e-06  ,3.374222317580e+00  ,3.085883571682e+00  ,2.806769513263e+00  ,2.520090565501e+00  ,2.226431297125e+00  ,1.944900197367e+00  ,1.670465788714e+00  ,1.413084290036e+00  ,1.155742461668e+00  ,9.022791411324e-01  ,6.661848022819e-01  ,4.768686501784e-01  ,2.970713636772e-01  ,1.530254385276e-01  ,4.664125995198e-02  ,1.290679043632e-02  ,9.502454528506e-03  ,1.041035106357e-02  ,1.160714180004e-02  ,1.249160167069e-02  
  4.053488280935e-06  ,3.374222317580e+00  ,3.085883571682e+00  ,2.806769513263e+00  ,2.520090565501e+00  ,2.226431297125e+00  ,1.944900197367e+00  ,1.670465788714e+00  ,1.413084290036e+00  ,1.155742461668e+00  ,9.022791411324e-01  ,6.661848022819e-01  ,4.768686501784e-01  ,2.970713636772e-01  ,1.530254385276e-01  ,4.664125995198e-02  ,1.290679043632e-02  ,9.502454528506e-03  ,1.041035106357e-02  ,1.160714180004e-02  ,1.249160167069e-02  
  4.054057039631e-06  ,3.374222317580e+00  ,3.085883571682e+00  ,2.806769513263e+00  ,2.520090565501e+00  ,2.226431297125e+00  ,1.944900197367e+00  ,1.670465788714e+00  ,1.413084290036e+00  ,1.155742461668e+00  ,9.022791411324e-01  ,6.661848022819e-01  ,4.768686501784e-01  ,2.970713636772e-01  ,1.530254385276e-01  ,4.664125995198e-02  ,1.290679043632e-02  ,9.502454528506e-03  ,1.041035106357e-02  ,1.160714180004e-02  ,1.249160167069e-02  
  4.054582398696e-06  ,3.374222317580e+00  ,3.085883571682e+00  ,2.806769513263e+00  ,2.520090565501e+00  ,2.226431297125e+00  ,1.944900197367e+00  ,1.670465788714e+00  ,1.413084290036e+00  ,1.155742461668e+00  ,9.022791411324e-01  ,6.661848022819e-01  ,4.768686501784e-01  ,2.970713636772e-01  ,1.530254385276e-01  ,4.664125995198e-02  ,1.290679043632e-02  ,9.502454528506e-03  ,1.041035106357e-02  ,1.160714180004e-02  ,1.249160167069e-02  
  4.055064078731e-06  ,3.374222317580e+00  ,3.085883571682e+00  ,2.806769513263e+00  ,2.520090565501e+00  ,2.226431297125e+00  ,1.944900197367e+00  ,1.670465788714e+00  ,1.413084290036e+00  ,1.155742461668e+00  ,9.022791411324e-01  ,6.661848022819e-01  ,4.768686501784e-01  ,2.970713636772e-01  ,1.530254385276e-01  ,4.664125995198e-02  ,1.290679043632e-02  ,9.502454528506e-03  ,1.041035106357e-02  ,1.160714180004e-02  ,1.249160167069e-02  
  4.055730346901e-06  ,3.374222317580e+00  ,3.085883571682e+00  ,2.806769513263e+00  ,2.520090565501e+00  ,2.226431297125e+00  ,1.944900197367e+00  ,1.670465788714e+00  ,1.413084290036e+00  ,1.155742461668e+00  ,9.022791411324e-01  ,6.661848022819e-01  ,4.768686501784e-01  ,2.970713636772e-01  ,1.530254385276e-01  ,4.664125995198e-02  ,1.290679043632e-02  ,9.502454528506e-03  ,1.041035106357e-02  ,1.160714180004e-02  ,1.249160167069e-02  
  4.056730401082e-06  ,3.374222317580e+00  ,3.085883571682e+00  ,2.806769513263e+00  ,2.520090565501e+00  ,2.226431297125e+00  ,1.944900197367e+00  ,1.670465788714e+00  ,1.413084290036e+00  ,1.155742461668e+00  ,9.022791411324e-01  ,6.661848022819e-01  ,4.768686501784e-01  ,2.970713636772e-01  ,1.530254385276e-01  ,4.664125995198e-02  ,1.290679043632e-02  ,9.502454528506e-03  ,1.041035106357e-02  ,1.160714180004e-02  ,1.249160167069e-02  
  4.057730455262e-06  ,3.374222317580e+00  ,3.085883571682e+00  ,2.806769513263e+00  ,2.520090565501e+00  ,2.226431297125e+00  ,1.944900197367e+00  ,1.670465788714e+00  ,1.413084290036e+00  ,1.155742461668e+00  ,9.022791411324e-01  ,6.661848022819e-01  ,4.768686501784e-01  ,2.970713636772e-01  ,1.530254385276e-01  ,4.664125995198e-02  ,1.290679043632e-02  ,9.502454528506e-03  ,1.041035106357e-02  ,1.160714180004e-02  ,1.249160167069e-02  
  4.058730509443e-06  ,3.374222317580e+00  ,3.085883571682e+00  ,2.806769513263e+00  ,2.520090565501e+00  ,2.226431297125e+00  ,1.944900197367e+00  ,1.670465788714e+00  ,1.413084290036e+00  ,1.155742461668e+00  ,9.022791411324e-01  ,6.661848022819e-01  ,4.768686501784e-01  ,2.970713636772e-01  ,1.530254385276e-01  ,4.664125995198e-02  ,1.290679043632e-02  ,9.502454528506e-03  ,1.041035106357e-02  ,1.160714180004e-02  ,1.249160167069e-02  
  4.059730563624e-06  ,3.374222317580e+00  ,3.085883571682e+00  ,2.806769513263e+00  ,2.520090565501e+00  ,2.226431297125e+00  ,1.944900197367e+00  ,1.670465788714e+00  ,1.413084290036e+00  ,1.155742461668e+00  ,9.022791411324e-01  ,6.661848022819e-01  ,4.768686501784e-01  ,2.970713636772e-01  ,1.530254385276e-01  ,4.664125995198e-02  ,1.290679043632e-02  ,9.502454528506e-03  ,1.041035106357e-02  ,1.160714180004e-02  ,1.249160167069e-02  
  4.060730617804e-06  ,3.374222317580e+00  ,3.085883571682e+00  ,2.806769513263e+00  ,2.520090565501e+00  ,2.226431297125e+00  ,1.944900197367e+00  ,1.670465788714e+00  ,1.413084290036e+00  ,1.155742461668e+00  ,9.022791411324e-01  ,6.661848022819e-01  ,4.768686501784e-01  ,2.970713636772e-01  ,1.530254385276e-01  ,4.664125995198e-02  ,1.290679043632e-02  ,9.502454528506e-03  ,1.041035106357e-02  ,1.160714180004e-02  ,1.249160167069e-02  
  4.061730671985e-06  ,3.374222317580e+00  ,3.085883571682e+00  ,2.806769513263e+00  ,2.520090565501e+00  ,2.226431297125e+00  ,1.944900197367e+00  ,1.670465788714e+00  ,1.413084290036e+00  ,1.155742461668e+00  ,9.022791411324e-01  ,6.661848022819e-01  ,4.768686501784e-01  ,2.970713636772e-01  ,1.530254385276e-01  ,4.664125995198e-02  ,1.290679043632e-02  ,9.502454528506e-03  ,1.041035106357e-02  ,1.160714180004e-02  ,1.249160167069e-02  
  4.062730726165e-06  ,3.374222317580e+00  ,3.085883571682e+00  ,2.806769513263e+00  ,2.520090565501e+00  ,2.226431297125e+00  ,1.944900197367e+00  ,1.670465788714e+00  ,1.413084290036e+00  ,1.155742461668e+00  ,9.022791411324e-01  ,6.661848022819e-01  ,4.768686501784e-01  ,2.970713636772e-01  ,1.530254385276e-01  ,4.664125995198e-02  ,1.290679043632e-02  ,9.502454528506e-03  ,1.041035106357e-02  ,1.160714180004e-02  ,1.249160167069e-02  
  4.063730780346e-06  ,3.374222317580e+00  ,3.085883571682e+00  ,2.806769513263e+00  ,2.520090565501e+00  ,2.226431297125e+00  ,1.944900197367e+00  ,1.670465788714e+00  ,1.413084290036e+00  ,1.155742461668e+00  ,9.022791411324e-01  ,6.661848022819e-01  ,4.768686501784e-01  ,2.970713636772e-01  ,1.530254385276e-01  ,4.664125995198e-02  ,1.290679043632e-02  ,9.502454528506e-03  ,1.041035106357e-02  ,1.160714180004e-02  ,1.249160167069e-02  
  4.064730834527e-06  ,3.374222317580e+00  ,3.085883571682e+00  ,2.806769513263e+00  ,2.520090565501e+00  ,2.226431297125e+00  ,1.944900197367e+00  ,1.670465788714e+00  ,1.413084290036e+00  ,1.155742461668e+00  ,9.022791411324e-01  ,6.661848022819e-01  ,4.768686501784e-01  ,2.970713636772e-01  ,1.530254385276e-01  ,4.664125995198e-02  ,1.290679043632e-02  ,9.502454528506e-03  ,1.041035106357e-02  ,1.160714180004e-02  ,1.249160167069e-02  
  4.065730888707e-06  ,3.374222317580e+00  ,3.085883571682e+00  ,2.806769513263e+00  ,2.520090565501e+00  ,2.226431297125e+00  ,1.944900197367e+00  ,1.670465788714e+00  ,1.413084290036e+00  ,1.155742461668e+00  ,9.022791411324e-01  ,6.661848022819e-01  ,4.768686501784e-01  ,2.970713636772e-01  ,1.530254385276e-01  ,4.664125995198e-02  ,1.290679043632e-02  ,9.502454528506e-03  ,1.041035106357e-02  ,1.160714180004e-02  ,1.249160167069e-02  
  4.066730942888e-06  ,3.374222317580e+00  ,3.085883571682e+00  ,2.806769513263e+00  ,2.520090565501e+00  ,2.226431297125e+00  ,1.944900197367e+00  ,1.670465788714e+00  ,1.413084290036e+00  ,1.155742461668e+00  ,9.022791411324e-01  ,6.661848022819e-01  ,4.768686501784e-01  ,2.970713636772e-01  ,1.530254385276e-01  ,4.664125995198e-02  ,1.290679043632e-02  ,9.502454528506e-03  ,1.041035106357e-02  ,1.160714180004e-02  ,1.249160167069e-02  
  4.067730997069e-06  ,3.374222317580e+00  ,3.085883571682e+00  ,2.806769513263e+00  ,2.520090565501e+00  ,2.226431297125e+00  ,1.944900197367e+00  ,1.670465788714e+00  ,1.413084290036e+00  ,1.155742461668e+00  ,9.022791411324e-01  ,6.661848022819e-01  ,4.768686501784e-01  ,2.970713636772e-01  ,1.530254385276e-01  ,4.664125995198e-02  ,1.290679043632e-02  ,9.502454528506e-03  ,1.041035106357e-02  ,1.160714180004e-02  ,1.249160167069e-02  
  4.068731051249e-06  ,3.374222317580e+00  ,3.085883571682e+00  ,2.806769513263e+00  ,2.520090565501e+00  ,2.226431297125e+00  ,1.944900197367e+00  ,1.670465788714e+00  ,1.413084290036e+00  ,1.155742461668e+00  ,9.022791411324e-01  ,6.661848022819e-01  ,4.768686501784e-01  ,2.970713636772e-01  ,1.530254385276e-01  ,4.664125995198e-02  ,1.290679043632e-02  ,9.502454528506e-03  ,1.041035106357e-02  ,1.160714180004e-02  ,1.249160167069e-02  
  4.069731105430e-06  ,3.374222317580e+00  ,3.085883571682e+00  ,2.806769513263e+00  ,2.520090565501e+00  ,2.226431297125e+00  ,1.944900197367e+00  ,1.670465788714e+00  ,1.413084290036e+00  ,1.155742461668e+00  ,9.022791411324e-01  ,6.661848022819e-01  ,4.768686501784e-01  ,2.970713636772e-01  ,1.530254385276e-01  ,4.664125995198e-02  ,1.290679043632e-02  ,9.502454528506e-03  ,1.041035106357e-02  ,1.160714180004e-02  ,1.249160167069e-02  
  4.070731159610e-06  ,3.374222317580e+00  ,3.085883571682e+00  ,2.806769513263e+00  ,2.520090565501e+00  ,2.226431297125e+00  ,1.944900197367e+00  ,1.670465788714e+00  ,1.413084290036e+00  ,1.155742461668e+00  ,9.022791411324e-01  ,6.661848022819e-01  ,4.768686501784e-01  ,2.970713636772e-01  ,1.530254385276e-01  ,4.664125995198e-02  ,1.290679043632e-02  ,9.502454528506e-03  ,1.041035106357e-02  ,1.160714180004e-02  ,1.249160167069e-02  
  4.071731213791e-06  ,3.374222317580e+00  ,3.085883571682e+00  ,2.806769513263e+00  ,2.520090565501e+00  ,2.226431297125e+00  ,1.944900197367e+00  ,1.670465788714e+00  ,1.413084290036e+00  ,1.155742461668e+00  ,9.022791411324e-01  ,6.661848022819e-01  ,4.768686501784e-01  ,2.970713636772e-01  ,1.530254385276e-01  ,4.664125995198e-02  ,1.290679043632e-02  ,9.502454528506e-03  ,1.041035106357e-02  ,1.160714180004e-02  ,1.249160167069e-02  
  4.072731267972e-06  ,3.374222317580e+00  ,3.085883571682e+00  ,2.806769513263e+00  ,2.520090565501e+00  ,2.226431297125e+00  ,1.944900197367e+00  ,1.670465788714e+00  ,1.413084290036e+00  ,1.155742461668e+00  ,9.022791411324e-01  ,6.661848022819e-01  ,4.768686501784e-01  ,2.970713636772e-01  ,1.530254385276e-01  ,4.664125995198e-02  ,1.290679043632e-02  ,9.502454528506e-03  ,1.041035106357e-02  ,1.160714180004e-02  ,1.249160167069e-02  
  4.073731322152e-06  ,3.374222317580e+00  ,3.085883571682e+00  ,2.806769513263e+00  ,2.520090565501e+00  ,2.226431297125e+00  ,1.944900197367e+00  ,1.670465788714e+00  ,1.413084290036e+00  ,1.155742461668e+00  ,9.022791411324e-01  ,6.661848022819e-01  ,4.768686501784e-01  ,2.970713636772e-01  ,1.530254385276e-01  ,4.664125995198e-02  ,1.290679043632e-02  ,9.502454528506e-03  ,1.041035106357e-02  ,1.160714180004e-02  ,1.249160167069e-02  
  4.074731376333e-06  ,3.374222317580e+00  ,3.085883571682e+00  ,2.806769513263e+00  ,2.520090565501e+00  ,2.226431297125e+00  ,1.944900197367e+00  ,1.670465788714e+00  ,1.413084290036e+00  ,1.155742461668e+00  ,9.022791411324e-01  ,6.661848022819e-01  ,4.768686501784e-01  ,2.970713636772e-01  ,1.530254385276e-01  ,4.664125995198e-02  ,1.290679043632e-02  ,9.502454528506e-03  ,1.041035106357e-02  ,1.160714180004e-02  ,1.249160167069e-02  
  4.075731430513e-06  ,3.374222317580e+00  ,3.085883571682e+00  ,2.806769513263e+00  ,2.520090565501e+00  ,2.226431297125e+00  ,1.944900197367e+00  ,1.670465788714e+00  ,1.413084290036e+00  ,1.155742461668e+00  ,9.022791411324e-01  ,6.661848022819e-01  ,4.768686501784e-01  ,2.970713636772e-01  ,1.530254385276e-01  ,4.664125995198e-02  ,1.290679043632e-02  ,9.502454528506e-03  ,1.041035106357e-02  ,1.160714180004e-02  ,1.249160167069e-02  
  4.076731484694e-06  ,3.374222317580e+00  ,3.085883571682e+00  ,2.806769513263e+00  ,2.520090565501e+00  ,2.226431297125e+00  ,1.944900197367e+00  ,1.670465788714e+00  ,1.413084290036e+00  ,1.155742461668e+00  ,9.022791411324e-01  ,6.661848022819e-01  ,4.768686501784e-01  ,2.970713636772e-01  ,1.530254385276e-01  ,4.664125995198e-02  ,1.290679043632e-02  ,9.502454528506e-03  ,1.041035106357e-02  ,1.160714180004e-02  ,1.249160167069e-02  
  4.077731538875e-06  ,3.374222317580e+00  ,3.085883571682e+00  ,2.806769513263e+00  ,2.520090565501e+00  ,2.226431297125e+00  ,1.944900197367e+00  ,1.670465788714e+00  ,1.413084290036e+00  ,1.155742461668e+00  ,9.022791411324e-01  ,6.661848022819e-01  ,4.768686501784e-01  ,2.970713636772e-01  ,1.530254385276e-01  ,4.664125995198e-02  ,1.290679043632e-02  ,9.502454528506e-03  ,1.041035106357e-02  ,1.160714180004e-02  ,1.249160167069e-02  
  4.078731593055e-06  ,3.374222317580e+00  ,3.085883571682e+00  ,2.806769513263e+00  ,2.520090565501e+00  ,2.226431297125e+00  ,1.944900197367e+00  ,1.670465788714e+00  ,1.413084290036e+00  ,1.155742461668e+00  ,9.022791411324e-01  ,6.661848022819e-01  ,4.768686501784e-01  ,2.970713636772e-01  ,1.530254385276e-01  ,4.664125995198e-02  ,1.290679043632e-02  ,9.502454528506e-03  ,1.041035106357e-02  ,1.160714180004e-02  ,1.249160167069e-02  
  4.079731647236e-06  ,3.374222317580e+00  ,3.085883571682e+00  ,2.806769513263e+00  ,2.520090565501e+00  ,2.226431297125e+00  ,1.944900197367e+00  ,1.670465788714e+00  ,1.413084290036e+00  ,1.155742461668e+00  ,9.022791411324e-01  ,6.661848022819e-01  ,4.768686501784e-01  ,2.970713636772e-01  ,1.530254385276e-01  ,4.664125995198e-02  ,1.290679043632e-02  ,9.502454528506e-03  ,1.041035106357e-02  ,1.160714180004e-02  ,1.249160167069e-02  
  4.080731701417e-06  ,3.374222317580e+00  ,3.085883571682e+00  ,2.806769513263e+00  ,2.520090565501e+00  ,2.226431297125e+00  ,1.944900197367e+00  ,1.670465788714e+00  ,1.413084290036e+00  ,1.155742461668e+00  ,9.022791411324e-01  ,6.661848022819e-01  ,4.768686501784e-01  ,2.970713636772e-01  ,1.530254385276e-01  ,4.664125995198e-02  ,1.290679043632e-02  ,9.502454528506e-03  ,1.041035106357e-02  ,1.160714180004e-02  ,1.249160167069e-02  
  4.081731755597e-06  ,3.374222317580e+00  ,3.085883571682e+00  ,2.806769513263e+00  ,2.520090565501e+00  ,2.226431297125e+00  ,1.944900197367e+00  ,1.670465788714e+00  ,1.413084290036e+00  ,1.155742461668e+00  ,9.022791411324e-01  ,6.661848022819e-01  ,4.768686501784e-01  ,2.970713636772e-01  ,1.530254385276e-01  ,4.664125995198e-02  ,1.290679043632e-02  ,9.502454528506e-03  ,1.041035106357e-02  ,1.160714180004e-02  ,1.249160167069e-02  
  4.082731809778e-06  ,3.374222317580e+00  ,3.085883571682e+00  ,2.806769513263e+00  ,2.520090565501e+00  ,2.226431297125e+00  ,1.944900197367e+00  ,1.670465788714e+00  ,1.413084290036e+00  ,1.155742461668e+00  ,9.022791411324e-01  ,6.661848022819e-01  ,4.768686501784e-01  ,2.970713636772e-01  ,1.530254385276e-01  ,4.664125995198e-02  ,1.290679043632e-02  ,9.502454528506e-03  ,1.041035106357e-02  ,1.160714180004e-02  ,1.249160167069e-02  
  4.083731863958e-06  ,3.374222317580e+00  ,3.085883571682e+00  ,2.806769513263e+00  ,2.520090565501e+00  ,2.226431297125e+00  ,1.944900197367e+00  ,1.670465788714e+00  ,1.413084290036e+00  ,1.155742461668e+00  ,9.022791411324e-01  ,6.661848022819e-01  ,4.768686501784e-01  ,2.970713636772e-01  ,1.530254385276e-01  ,4.664125995198e-02  ,1.290679043632e-02  ,9.502454528506e-03  ,1.041035106357e-02  ,1.160714180004e-02  ,1.249160167069e-02  
  4.084731918139e-06  ,3.374222317580e+00  ,3.085883571682e+00  ,2.806769513263e+00  ,2.520090565501e+00  ,2.226431297125e+00  ,1.944900197367e+00  ,1.670465788714e+00  ,1.413084290036e+00  ,1.155742461668e+00  ,9.022791411324e-01  ,6.661848022819e-01  ,4.768686501784e-01  ,2.970713636772e-01  ,1.530254385276e-01  ,4.664125995198e-02  ,1.290679043632e-02  ,9.502454528506e-03  ,1.041035106357e-02  ,1.160714180004e-02  ,1.249160167069e-02  
  4.085731972320e-06  ,3.374222317580e+00  ,3.085883571682e+00  ,2.806769513263e+00  ,2.520090565501e+00  ,2.226431297125e+00  ,1.944900197367e+00  ,1.670465788714e+00  ,1.413084290036e+00  ,1.155742461668e+00  ,9.022791411324e-01  ,6.661848022819e-01  ,4.768686501784e-01  ,2.970713636772e-01  ,1.530254385276e-01  ,4.664125995198e-02  ,1.290679043632e-02  ,9.502454528506e-03  ,1.041035106357e-02  ,1.160714180004e-02  ,1.249160167069e-02  
  4.086732026500e-06  ,3.374222317580e+00  ,3.085883571682e+00  ,2.806769513263e+00  ,2.520090565501e+00  ,2.226431297125e+00  ,1.944900197367e+00  ,1.670465788714e+00  ,1.413084290036e+00  ,1.155742461668e+00  ,9.022791411324e-01  ,6.661848022819e-01  ,4.768686501784e-01  ,2.970713636772e-01  ,1.530254385276e-01  ,4.664125995198e-02  ,1.290679043632e-02  ,9.502454528506e-03  ,1.041035106357e-02  ,1.160714180004e-02  ,1.249160167069e-02  
  4.087732080681e-06  ,3.374222317580e+00  ,3.085883571682e+00  ,2.806769513263e+00  ,2.520090565501e+00  ,2.226431297125e+00  ,1.944900197367e+00  ,1.670465788714e+00  ,1.413084290036e+00  ,1.155742461668e+00  ,9.022791411324e-01  ,6.661848022819e-01  ,4.768686501784e-01  ,2.970713636772e-01  ,1.530254385276e-01  ,4.664125995198e-02  ,1.290679043632e-02  ,9.502454528506e-03  ,1.041035106357e-02  ,1.160714180004e-02  ,1.249160167069e-02  
  4.088732134862e-06  ,3.374222317580e+00  ,3.085883571682e+00  ,2.806769513263e+00  ,2.520090565501e+00  ,2.226431297125e+00  ,1.944900197367e+00  ,1.670465788714e+00  ,1.413084290036e+00  ,1.155742461668e+00  ,9.022791411324e-01  ,6.661848022819e-01  ,4.768686501784e-01  ,2.970713636772e-01  ,1.530254385276e-01  ,4.664125995198e-02  ,1.290679043632e-02  ,9.502454528506e-03  ,1.041035106357e-02  ,1.160714180004e-02  ,1.249160167069e-02  
  4.089732189042e-06  ,3.374222317580e+00  ,3.085883571682e+00  ,2.806769513263e+00  ,2.520090565501e+00  ,2.226431297125e+00  ,1.944900197367e+00  ,1.670465788714e+00  ,1.413084290036e+00  ,1.155742461668e+00  ,9.022791411324e-01  ,6.661848022819e-01  ,4.768686501784e-01  ,2.970713636772e-01  ,1.530254385276e-01  ,4.664125995198e-02  ,1.290679043632e-02  ,9.502454528506e-03  ,1.041035106357e-02  ,1.160714180004e-02  ,1.249160167069e-02  
  4.090732243223e-06  ,3.374222317580e+00  ,3.085883571682e+00  ,2.806769513263e+00  ,2.520090565501e+00  ,2.226431297125e+00  ,1.944900197367e+00  ,1.670465788714e+00  ,1.413084290036e+00  ,1.155742461668e+00  ,9.022791411324e-01  ,6.661848022819e-01  ,4.768686501784e-01  ,2.970713636772e-01  ,1.530254385276e-01  ,4.664125995198e-02  ,1.290679043632e-02  ,9.502454528506e-03  ,1.041035106357e-02  ,1.160714180004e-02  ,1.249160167069e-02  
  4.091732297403e-06  ,3.374222317580e+00  ,3.085883571682e+00  ,2.806769513263e+00  ,2.520090565501e+00  ,2.226431297125e+00  ,1.944900197367e+00  ,1.670465788714e+00  ,1.413084290036e+00  ,1.155742461668e+00  ,9.022791411324e-01  ,6.661848022819e-01  ,4.768686501784e-01  ,2.970713636772e-01  ,1.530254385276e-01  ,4.664125995198e-02  ,1.290679043632e-02  ,9.502454528506e-03  ,1.041035106357e-02  ,1.160714180004e-02  ,1.249160167069e-02  
  4.092732351584e-06  ,3.374222317580e+00  ,3.085883571682e+00  ,2.806769513263e+00  ,2.520090565501e+00  ,2.226431297125e+00  ,1.944900197367e+00  ,1.670465788714e+00  ,1.413084290036e+00  ,1.155742461668e+00  ,9.022791411324e-01  ,6.661848022819e-01  ,4.768686501784e-01  ,2.970713636772e-01  ,1.530254385276e-01  ,4.664125995198e-02  ,1.290679043632e-02  ,9.502454528506e-03  ,1.041035106357e-02  ,1.160714180004e-02  ,1.249160167069e-02  
  4.093732405765e-06  ,3.374222317580e+00  ,3.085883571682e+00  ,2.806769513263e+00  ,2.520090565501e+00  ,2.226431297125e+00  ,1.944900197367e+00  ,1.670465788714e+00  ,1.413084290036e+00  ,1.155742461668e+00  ,9.022791411324e-01  ,6.661848022819e-01  ,4.768686501784e-01  ,2.970713636772e-01  ,1.530254385276e-01  ,4.664125995198e-02  ,1.290679043632e-02  ,9.502454528506e-03  ,1.041035106357e-02  ,1.160714180004e-02  ,1.249160167069e-02  
  4.094732459945e-06  ,3.374222317580e+00  ,3.085883571682e+00  ,2.806769513263e+00  ,2.520090565501e+00  ,2.226431297125e+00  ,1.944900197367e+00  ,1.670465788714e+00  ,1.413084290036e+00  ,1.155742461668e+00  ,9.022791411324e-01  ,6.661848022819e-01  ,4.768686501784e-01  ,2.970713636772e-01  ,1.530254385276e-01  ,4.664125995198e-02  ,1.290679043632e-02  ,9.502454528506e-03  ,1.041035106357e-02  ,1.160714180004e-02  ,1.249160167069e-02  
  4.095732514126e-06  ,3.374222317580e+00  ,3.085883571682e+00  ,2.806769513263e+00  ,2.520090565501e+00  ,2.226431297125e+00  ,1.944900197367e+00  ,1.670465788714e+00  ,1.413084290036e+00  ,1.155742461668e+00  ,9.022791411324e-01  ,6.661848022819e-01  ,4.768686501784e-01  ,2.970713636772e-01  ,1.530254385276e-01  ,4.664125995198e-02  ,1.290679043632e-02  ,9.502454528506e-03  ,1.041035106357e-02  ,1.160714180004e-02  ,1.249160167069e-02  
  4.096732568307e-06  ,3.374222317580e+00  ,3.085883571682e+00  ,2.806769513263e+00  ,2.520090565501e+00  ,2.226431297125e+00  ,1.944900197367e+00  ,1.670465788714e+00  ,1.413084290036e+00  ,1.155742461668e+00  ,9.022791411324e-01  ,6.661848022819e-01  ,4.768686501784e-01  ,2.970713636772e-01  ,1.530254385276e-01  ,4.664125995198e-02  ,1.290679043632e-02  ,9.502454528506e-03  ,1.041035106357e-02  ,1.160714180004e-02  ,1.249160167069e-02  
  4.097732622487e-06  ,3.374222317580e+00  ,3.085883571682e+00  ,2.806769513263e+00  ,2.520090565501e+00  ,2.226431297125e+00  ,1.944900197367e+00  ,1.670465788714e+00  ,1.413084290036e+00  ,1.155742461668e+00  ,9.022791411324e-01  ,6.661848022819e-01  ,4.768686501784e-01  ,2.970713636772e-01  ,1.530254385276e-01  ,4.664125995198e-02  ,1.290679043632e-02  ,9.502454528506e-03  ,1.041035106357e-02  ,1.160714180004e-02  ,1.249160167069e-02  
  4.098732676668e-06  ,3.374222317580e+00  ,3.085883571682e+00  ,2.806769513263e+00  ,2.520090565501e+00  ,2.226431297125e+00  ,1.944900197367e+00  ,1.670465788714e+00  ,1.413084290036e+00  ,1.155742461668e+00  ,9.022791411324e-01  ,6.661848022819e-01  ,4.768686501784e-01  ,2.970713636772e-01  ,1.530254385276e-01  ,4.664125995198e-02  ,1.290679043632e-02  ,9.502454528506e-03  ,1.041035106357e-02  ,1.160714180004e-02  ,1.249160167069e-02  
  4.099732730848e-06  ,3.374222317580e+00  ,3.085883571682e+00  ,2.806769513263e+00  ,2.520090565501e+00  ,2.226431297125e+00  ,1.944900197367e+00  ,1.670465788714e+00  ,1.413084290036e+00  ,1.155742461668e+00  ,9.022791411324e-01  ,6.661848022819e-01  ,4.768686501784e-01  ,2.970713636772e-01  ,1.530254385276e-01  ,4.664125995198e-02  ,1.290679043632e-02  ,9.502454528506e-03  ,1.041035106357e-02  ,1.160714180004e-02  ,1.249160167069e-02  
  4.100732785029e-06  ,3.374222317580e+00  ,3.085883571682e+00  ,2.806769513263e+00  ,2.520090565501e+00  ,2.226431297125e+00  ,1.944900197367e+00  ,1.670465788714e+00  ,1.413084290036e+00  ,1.155742461668e+00  ,9.022791411324e-01  ,6.661848022819e-01  ,4.768686501784e-01  ,2.970713636772e-01  ,1.530254385276e-01  ,4.664125995198e-02  ,1.290679043632e-02  ,9.502454528506e-03  ,1.041035106357e-02  ,1.160714180004e-02  ,1.249160167069e-02  
  4.101732839210e-06  ,3.374222317580e+00  ,3.085883571682e+00  ,2.806769513263e+00  ,2.520090565501e+00  ,2.226431297125e+00  ,1.944900197367e+00  ,1.670465788714e+00  ,1.413084290036e+00  ,1.155742461668e+00  ,9.022791411324e-01  ,6.661848022819e-01  ,4.768686501784e-01  ,2.970713636772e-01  ,1.530254385276e-01  ,4.664125995198e-02  ,1.290679043632e-02  ,9.502454528506e-03  ,1.041035106357e-02  ,1.160714180004e-02  ,1.249160167069e-02  
  4.102732893390e-06  ,3.374222317580e+00  ,3.085883571682e+00  ,2.806769513263e+00  ,2.520090565501e+00  ,2.226431297125e+00  ,1.944900197367e+00  ,1.670465788714e+00  ,1.413084290036e+00  ,1.155742461668e+00  ,9.022791411324e-01  ,6.661848022819e-01  ,4.768686501784e-01  ,2.970713636772e-01  ,1.530254385276e-01  ,4.664125995198e-02  ,1.290679043632e-02  ,9.502454528506e-03  ,1.041035106357e-02  ,1.160714180004e-02  ,1.249160167069e-02  
  4.103732947571e-06  ,3.374222317580e+00  ,3.085883571682e+00  ,2.806769513263e+00  ,2.520090565501e+00  ,2.226431297125e+00  ,1.944900197367e+00  ,1.670465788714e+00  ,1.413084290036e+00  ,1.155742461668e+00  ,9.022791411324e-01  ,6.661848022819e-01  ,4.768686501784e-01  ,2.970713636772e-01  ,1.530254385276e-01  ,4.664125995198e-02  ,1.290679043632e-02  ,9.502454528506e-03  ,1.041035106357e-02  ,1.160714180004e-02  ,1.249160167069e-02  
  4.104733001752e-06  ,3.374222317580e+00  ,3.085883571682e+00  ,2.806769513263e+00  ,2.520090565501e+00  ,2.226431297125e+00  ,1.944900197367e+00  ,1.670465788714e+00  ,1.413084290036e+00  ,1.155742461668e+00  ,9.022791411324e-01  ,6.661848022819e-01  ,4.768686501784e-01  ,2.970713636772e-01  ,1.530254385276e-01  ,4.664125995198e-02  ,1.290679043632e-02  ,9.502454528506e-03  ,1.041035106357e-02  ,1.160714180004e-02  ,1.249160167069e-02  
  4.105116504082e-06  ,3.374222317580e+00  ,3.085883571682e+00  ,2.806769513263e+00  ,2.520090565501e+00  ,2.226431297125e+00  ,1.944900197367e+00  ,1.670465788714e+00  ,1.413084290036e+00  ,1.155742461668e+00  ,9.022791411324e-01  ,6.661848022819e-01  ,4.768686501784e-01  ,2.970713636772e-01  ,1.530254385276e-01  ,4.664125995198e-02  ,1.290679043632e-02  ,9.502454528506e-03  ,1.041035106357e-02  ,1.160714180004e-02  ,1.249160167069e-02  
  4.105366517627e-06  ,3.374222317580e+00  ,3.085883571682e+00  ,2.806769513263e+00  ,2.520090565501e+00  ,2.226431297125e+00  ,1.944900197367e+00  ,1.670465788714e+00  ,1.413084290036e+00  ,1.155742461668e+00  ,9.022791411324e-01  ,6.661848022819e-01  ,4.768686501784e-01  ,2.970713636772e-01  ,1.530254385276e-01  ,4.664125995198e-02  ,1.290679043632e-02  ,9.502454528506e-03  ,1.041035106357e-02  ,1.160714180004e-02  ,1.249160167069e-02  
  4.105866544717e-06  ,3.374222317580e+00  ,3.085883571682e+00  ,2.806769513263e+00  ,2.520090565501e+00  ,2.226431297125e+00  ,1.944900197367e+00  ,1.670465788714e+00  ,1.413084290036e+00  ,1.155742461668e+00  ,9.022791411324e-01  ,6.661848022819e-01  ,4.768686501784e-01  ,2.970713636772e-01  ,1.530254385276e-01  ,4.664125995198e-02  ,1.290679043632e-02  ,9.502454528506e-03  ,1.041035106357e-02  ,1.160714180004e-02  ,1.249160167069e-02  
  4.106078110938e-06  ,3.374222317580e+00  ,3.085883571682e+00  ,2.806769513263e+00  ,2.520090565501e+00  ,2.226431297125e+00  ,1.944900197367e+00  ,1.670465788714e+00  ,1.413084290036e+00  ,1.155742461668e+00  ,9.022791411324e-01  ,6.661848022819e-01  ,4.768686501784e-01  ,2.970713636772e-01  ,1.530254385276e-01  ,4.664125995198e-02  ,1.290679043632e-02  ,9.502454528506e-03  ,1.041035106357e-02  ,1.160714180004e-02  ,1.249160167069e-02  
  4.106328124483e-06  ,3.374222317580e+00  ,3.085883571682e+00  ,2.806769513263e+00  ,2.520090565501e+00  ,2.226431297125e+00  ,1.944900197367e+00  ,1.670465788714e+00  ,1.413084290036e+00  ,1.155742461668e+00  ,9.022791411324e-01  ,6.661848022819e-01  ,4.768686501784e-01  ,2.970713636772e-01  ,1.530254385276e-01  ,4.664125995198e-02  ,1.290679043632e-02  ,9.502454528506e-03  ,1.041035106357e-02  ,1.160714180004e-02  ,1.249160167069e-02  
  4.106469995179e-06  ,3.374222317580e+00  ,3.085883571682e+00  ,2.806769513263e+00  ,2.520090565501e+00  ,2.226431297125e+00  ,1.944900197367e+00  ,1.670465788714e+00  ,1.413084290036e+00  ,1.155742461668e+00  ,9.022791411324e-01  ,6.661848022819e-01  ,4.768686501784e-01  ,2.970713636772e-01  ,1.530254385276e-01  ,4.664125995198e-02  ,1.290679043632e-02  ,9.502454528506e-03  ,1.041035106357e-02  ,1.160714180004e-02  ,1.249160167069e-02  
  4.106720008724e-06  ,3.374222317580e+00  ,3.085883571682e+00  ,2.806769513263e+00  ,2.520090565501e+00  ,2.226431297125e+00  ,1.944900197367e+00  ,1.670465788714e+00  ,1.413084290036e+00  ,1.155742461668e+00  ,9.022791411324e-01  ,6.661848022819e-01  ,4.768686501784e-01  ,2.970713636772e-01  ,1.530254385276e-01  ,4.664125995198e-02  ,1.290679043632e-02  ,9.502454528506e-03  ,1.041035106357e-02  ,1.160714180004e-02  ,1.249160167069e-02  
  4.107220035815e-06  ,3.374222317580e+00  ,3.085883571682e+00  ,2.806769513263e+00  ,2.520090565501e+00  ,2.226431297125e+00  ,1.944900197367e+00  ,1.670465788714e+00  ,1.413084290036e+00  ,1.155742461668e+00  ,9.022791411324e-01  ,6.661848022819e-01  ,4.768686501784e-01  ,2.970713636772e-01  ,1.530254385276e-01  ,4.664125995198e-02  ,1.290679043632e-02  ,9.502454528506e-03  ,1.041035106357e-02  ,1.160714180004e-02  ,1.249160167069e-02  
  4.108220089995e-06  ,3.374222317580e+00  ,3.085883571682e+00  ,2.806769513263e+00  ,2.520090565501e+00  ,2.226431297125e+00  ,1.944900197367e+00  ,1.670465788714e+00  ,1.413084290036e+00  ,1.155742461668e+00  ,9.022791411324e-01  ,6.661848022819e-01  ,4.768686501784e-01  ,2.970713636772e-01  ,1.530254385276e-01  ,4.664125995198e-02  ,1.290679043632e-02  ,9.502454528506e-03  ,1.041035106357e-02  ,1.160714180004e-02  ,1.249160167069e-02  
  4.109220144176e-06  ,3.374222317580e+00  ,3.085883571682e+00  ,2.806769513263e+00  ,2.520090565501e+00  ,2.226431297125e+00  ,1.944900197367e+00  ,1.670465788714e+00  ,1.413084290036e+00  ,1.155742461668e+00  ,9.022791411324e-01  ,6.661848022819e-01  ,4.768686501784e-01  ,2.970713636772e-01  ,1.530254385276e-01  ,4.664125995198e-02  ,1.290679043632e-02  ,9.502454528506e-03  ,1.041035106357e-02  ,1.160714180004e-02  ,1.249160167069e-02  
  4.110220198357e-06  ,3.374222317580e+00  ,3.085883571682e+00  ,2.806769513263e+00  ,2.520090565501e+00  ,2.226431297125e+00  ,1.944900197367e+00  ,1.670465788714e+00  ,1.413084290036e+00  ,1.155742461668e+00  ,9.022791411324e-01  ,6.661848022819e-01  ,4.768686501784e-01  ,2.970713636772e-01  ,1.530254385276e-01  ,4.664125995198e-02  ,1.290679043632e-02  ,9.502454528506e-03  ,1.041035106357e-02  ,1.160714180004e-02  ,1.249160167069e-02  
  4.111220252537e-06  ,3.374222317580e+00  ,3.085883571682e+00  ,2.806769513263e+00  ,2.520090565501e+00  ,2.226431297125e+00  ,1.944900197367e+00  ,1.670465788714e+00  ,1.413084290036e+00  ,1.155742461668e+00  ,9.022791411324e-01  ,6.661848022819e-01  ,4.768686501784e-01  ,2.970713636772e-01  ,1.530254385276e-01  ,4.664125995198e-02  ,1.290679043632e-02  ,9.502454528506e-03  ,1.041035106357e-02  ,1.160714180004e-02  ,1.249160167069e-02  
  4.112220306718e-06  ,3.374222317580e+00  ,3.085883571682e+00  ,2.806769513263e+00  ,2.520090565501e+00  ,2.226431297125e+00  ,1.944900197367e+00  ,1.670465788714e+00  ,1.413084290036e+00  ,1.155742461668e+00  ,9.022791411324e-01  ,6.661848022819e-01  ,4.768686501784e-01  ,2.970713636772e-01  ,1.530254385276e-01  ,4.664125995198e-02  ,1.290679043632e-02  ,9.502454528506e-03  ,1.041035106357e-02  ,1.160714180004e-02  ,1.249160167069e-02  
  4.113220360899e-06  ,3.374222317580e+00  ,3.085883571682e+00  ,2.806769513263e+00  ,2.520090565501e+00  ,2.226431297125e+00  ,1.944900197367e+00  ,1.670465788714e+00  ,1.413084290036e+00  ,1.155742461668e+00  ,9.022791411324e-01  ,6.661848022819e-01  ,4.768686501784e-01  ,2.970713636772e-01  ,1.530254385276e-01  ,4.664125995198e-02  ,1.290679043632e-02  ,9.502454528506e-03  ,1.041035106357e-02  ,1.160714180004e-02  ,1.249160167069e-02  
  4.114220415079e-06  ,3.374222317580e+00  ,3.085883571682e+00  ,2.806769513263e+00  ,2.520090565501e+00  ,2.226431297125e+00  ,1.944900197367e+00  ,1.670465788714e+00  ,1.413084290036e+00  ,1.155742461668e+00  ,9.022791411324e-01  ,6.661848022819e-01  ,4.768686501784e-01  ,2.970713636772e-01  ,1.530254385276e-01  ,4.664125995198e-02  ,1.290679043632e-02  ,9.502454528506e-03  ,1.041035106357e-02  ,1.160714180004e-02  ,1.249160167069e-02  
  4.115220469260e-06  ,3.374222317580e+00  ,3.085883571682e+00  ,2.806769513263e+00  ,2.520090565501e+00  ,2.226431297125e+00  ,1.944900197367e+00  ,1.670465788714e+00  ,1.413084290036e+00  ,1.155742461668e+00  ,9.022791411324e-01  ,6.661848022819e-01  ,4.768686501784e-01  ,2.970713636772e-01  ,1.530254385276e-01  ,4.664125995198e-02  ,1.290679043632e-02  ,9.502454528506e-03  ,1.041035106357e-02  ,1.160714180004e-02  ,1.249160167069e-02  
  4.116220523440e-06  ,3.374222317580e+00  ,3.085883571682e+00  ,2.806769513263e+00  ,2.520090565501e+00  ,2.226431297125e+00  ,1.944900197367e+00  ,1.670465788714e+00  ,1.413084290036e+00  ,1.155742461668e+00  ,9.022791411324e-01  ,6.661848022819e-01  ,4.768686501784e-01  ,2.970713636772e-01  ,1.530254385276e-01  ,4.664125995198e-02  ,1.290679043632e-02  ,9.502454528506e-03  ,1.041035106357e-02  ,1.160714180004e-02  ,1.249160167069e-02  
  4.117220577621e-06  ,3.374222317580e+00  ,3.085883571682e+00  ,2.806769513263e+00  ,2.520090565501e+00  ,2.226431297125e+00  ,1.944900197367e+00  ,1.670465788714e+00  ,1.413084290036e+00  ,1.155742461668e+00  ,9.022791411324e-01  ,6.661848022819e-01  ,4.768686501784e-01  ,2.970713636772e-01  ,1.530254385276e-01  ,4.664125995198e-02  ,1.290679043632e-02  ,9.502454528506e-03  ,1.041035106357e-02  ,1.160714180004e-02  ,1.249160167069e-02  
  4.118220631802e-06  ,3.374222317580e+00  ,3.085883571682e+00  ,2.806769513263e+00  ,2.520090565501e+00  ,2.226431297125e+00  ,1.944900197367e+00  ,1.670465788714e+00  ,1.413084290036e+00  ,1.155742461668e+00  ,9.022791411324e-01  ,6.661848022819e-01  ,4.768686501784e-01  ,2.970713636772e-01  ,1.530254385276e-01  ,4.664125995198e-02  ,1.290679043632e-02  ,9.502454528506e-03  ,1.041035106357e-02  ,1.160714180004e-02  ,1.249160167069e-02  
  4.119220685982e-06  ,3.374222317580e+00  ,3.085883571682e+00  ,2.806769513263e+00  ,2.520090565501e+00  ,2.226431297125e+00  ,1.944900197367e+00  ,1.670465788714e+00  ,1.413084290036e+00  ,1.155742461668e+00  ,9.022791411324e-01  ,6.661848022819e-01  ,4.768686501784e-01  ,2.970713636772e-01  ,1.530254385276e-01  ,4.664125995198e-02  ,1.290679043632e-02  ,9.502454528506e-03  ,1.041035106357e-02  ,1.160714180004e-02  ,1.249160167069e-02  
  4.120220740163e-06  ,3.374222317580e+00  ,3.085883571682e+00  ,2.806769513263e+00  ,2.520090565501e+00  ,2.226431297125e+00  ,1.944900197367e+00  ,1.670465788714e+00  ,1.413084290036e+00  ,1.155742461668e+00  ,9.022791411324e-01  ,6.661848022819e-01  ,4.768686501784e-01  ,2.970713636772e-01  ,1.530254385276e-01  ,4.664125995198e-02  ,1.290679043632e-02  ,9.502454528506e-03  ,1.041035106357e-02  ,1.160714180004e-02  ,1.249160167069e-02  
  4.121132039302e-06  ,3.374222317580e+00  ,3.085883571682e+00  ,2.806769513263e+00  ,2.520090565501e+00  ,2.226431297125e+00  ,1.944900197367e+00  ,1.670465788714e+00  ,1.413084290036e+00  ,1.155742461668e+00  ,9.022791411324e-01  ,6.661848022819e-01  ,4.768686501784e-01  ,2.970713636772e-01  ,1.530254385276e-01  ,4.664125995198e-02  ,1.290679043632e-02  ,9.502454528506e-03  ,1.041035106357e-02  ,1.160714180004e-02  ,1.249160167069e-02  
  4.121382052847e-06  ,3.374222317580e+00  ,3.085883571682e+00  ,2.806769513263e+00  ,2.520090565501e+00  ,2.226431297125e+00  ,1.944900197367e+00  ,1.670465788714e+00  ,1.413084290036e+00  ,1.155742461668e+00  ,9.022791411324e-01  ,6.661848022819e-01  ,4.768686501784e-01  ,2.970713636772e-01  ,1.530254385276e-01  ,4.664125995198e-02  ,1.290679043632e-02  ,9.502454528506e-03  ,1.041035106357e-02  ,1.160714180004e-02  ,1.249160167069e-02  
  4.121882079938e-06  ,3.374222317580e+00  ,3.085883571682e+00  ,2.806769513263e+00  ,2.520090565501e+00  ,2.226431297125e+00  ,1.944900197367e+00  ,1.670465788714e+00  ,1.413084290036e+00  ,1.155742461668e+00  ,9.022791411324e-01  ,6.661848022819e-01  ,4.768686501784e-01  ,2.970713636772e-01  ,1.530254385276e-01  ,4.664125995198e-02  ,1.290679043632e-02  ,9.502454528506e-03  ,1.041035106357e-02  ,1.160714180004e-02  ,1.249160167069e-02  
  4.122882134118e-06  ,3.374222317580e+00  ,3.085883571682e+00  ,2.806769513263e+00  ,2.520090565501e+00  ,2.226431297125e+00  ,1.944900197367e+00  ,1.670465788714e+00  ,1.413084290036e+00  ,1.155742461668e+00  ,9.022791411324e-01  ,6.661848022819e-01  ,4.768686501784e-01  ,2.970713636772e-01  ,1.530254385276e-01  ,4.664125995198e-02  ,1.290679043632e-02  ,9.502454528506e-03  ,1.041035106357e-02  ,1.160714180004e-02  ,1.249160167069e-02  
  4.123882188299e-06  ,3.374222317580e+00  ,3.085883571682e+00  ,2.806769513263e+00  ,2.520090565501e+00  ,2.226431297125e+00  ,1.944900197367e+00  ,1.670465788714e+00  ,1.413084290036e+00  ,1.155742461668e+00  ,9.022791411324e-01  ,6.661848022819e-01  ,4.768686501784e-01  ,2.970713636772e-01  ,1.530254385276e-01  ,4.664125995198e-02  ,1.290679043632e-02  ,9.502454528506e-03  ,1.041035106357e-02  ,1.160714180004e-02  ,1.249160167069e-02  
  4.124882242479e-06  ,3.374222317580e+00  ,3.085883571682e+00  ,2.806769513263e+00  ,2.520090565501e+00  ,2.226431297125e+00  ,1.944900197367e+00  ,1.670465788714e+00  ,1.413084290036e+00  ,1.155742461668e+00  ,9.022791411324e-01  ,6.661848022819e-01  ,4.768686501784e-01  ,2.970713636772e-01  ,1.530254385276e-01  ,4.664125995198e-02  ,1.290679043632e-02  ,9.502454528506e-03  ,1.041035106357e-02  ,1.160714180004e-02  ,1.249160167069e-02  
  4.125882296660e-06  ,3.374222317580e+00  ,3.085883571682e+00  ,2.806769513263e+00  ,2.520090565501e+00  ,2.226431297125e+00  ,1.944900197367e+00  ,1.670465788714e+00  ,1.413084290036e+00  ,1.155742461668e+00  ,9.022791411324e-01  ,6.661848022819e-01  ,4.768686501784e-01  ,2.970713636772e-01  ,1.530254385276e-01  ,4.664125995198e-02  ,1.290679043632e-02  ,9.502454528506e-03  ,1.041035106357e-02  ,1.160714180004e-02  ,1.249160167069e-02  
  4.126882350841e-06  ,3.374222317580e+00  ,3.085883571682e+00  ,2.806769513263e+00  ,2.520090565501e+00  ,2.226431297125e+00  ,1.944900197367e+00  ,1.670465788714e+00  ,1.413084290036e+00  ,1.155742461668e+00  ,9.022791411324e-01  ,6.661848022819e-01  ,4.768686501784e-01  ,2.970713636772e-01  ,1.530254385276e-01  ,4.664125995198e-02  ,1.290679043632e-02  ,9.502454528506e-03  ,1.041035106357e-02  ,1.160714180004e-02  ,1.249160167069e-02  
  4.127882405021e-06  ,3.374222317580e+00  ,3.085883571682e+00  ,2.806769513263e+00  ,2.520090565501e+00  ,2.226431297125e+00  ,1.944900197367e+00  ,1.670465788714e+00  ,1.413084290036e+00  ,1.155742461668e+00  ,9.022791411324e-01  ,6.661848022819e-01  ,4.768686501784e-01  ,2.970713636772e-01  ,1.530254385276e-01  ,4.664125995198e-02  ,1.290679043632e-02  ,9.502454528506e-03  ,1.041035106357e-02  ,1.160714180004e-02  ,1.249160167069e-02  
  4.128882459202e-06  ,3.374222317580e+00  ,3.085883571682e+00  ,2.806769513263e+00  ,2.520090565501e+00  ,2.226431297125e+00  ,1.944900197367e+00  ,1.670465788714e+00  ,1.413084290036e+00  ,1.155742461668e+00  ,9.022791411324e-01  ,6.661848022819e-01  ,4.768686501784e-01  ,2.970713636772e-01  ,1.530254385276e-01  ,4.664125995198e-02  ,1.290679043632e-02  ,9.502454528506e-03  ,1.041035106357e-02  ,1.160714180004e-02  ,1.249160167069e-02  
  4.129882513383e-06  ,3.374222317580e+00  ,3.085883571682e+00  ,2.806769513263e+00  ,2.520090565501e+00  ,2.226431297125e+00  ,1.944900197367e+00  ,1.670465788714e+00  ,1.413084290036e+00  ,1.155742461668e+00  ,9.022791411324e-01  ,6.661848022819e-01  ,4.768686501784e-01  ,2.970713636772e-01  ,1.530254385276e-01  ,4.664125995198e-02  ,1.290679043632e-02  ,9.502454528506e-03  ,1.041035106357e-02  ,1.160714180004e-02  ,1.249160167069e-02  
  4.130882567563e-06  ,3.374222317580e+00  ,3.085883571682e+00  ,2.806769513263e+00  ,2.520090565501e+00  ,2.226431297125e+00  ,1.944900197367e+00  ,1.670465788714e+00  ,1.413084290036e+00  ,1.155742461668e+00  ,9.022791411324e-01  ,6.661848022819e-01  ,4.768686501784e-01  ,2.970713636772e-01  ,1.530254385276e-01  ,4.664125995198e-02  ,1.290679043632e-02  ,9.502454528506e-03  ,1.041035106357e-02  ,1.160714180004e-02  ,1.249160167069e-02  
  4.131882621744e-06  ,3.374222317580e+00  ,3.085883571682e+00  ,2.806769513263e+00  ,2.520090565501e+00  ,2.226431297125e+00  ,1.944900197367e+00  ,1.670465788714e+00  ,1.413084290036e+00  ,1.155742461668e+00  ,9.022791411324e-01  ,6.661848022819e-01  ,4.768686501784e-01  ,2.970713636772e-01  ,1.530254385276e-01  ,4.664125995198e-02  ,1.290679043632e-02  ,9.502454528506e-03  ,1.041035106357e-02  ,1.160714180004e-02  ,1.249160167069e-02  
  4.132882675924e-06  ,3.374222317580e+00  ,3.085883571682e+00  ,2.806769513263e+00  ,2.520090565501e+00  ,2.226431297125e+00  ,1.944900197367e+00  ,1.670465788714e+00  ,1.413084290036e+00  ,1.155742461668e+00  ,9.022791411324e-01  ,6.661848022819e-01  ,4.768686501784e-01  ,2.970713636772e-01  ,1.530254385276e-01  ,4.664125995198e-02  ,1.290679043632e-02  ,9.502454528506e-03  ,1.041035106357e-02  ,1.160714180004e-02  ,1.249160167069e-02  
  4.133882730105e-06  ,3.374222317580e+00  ,3.085883571682e+00  ,2.806769513263e+00  ,2.520090565501e+00  ,2.226431297125e+00  ,1.944900197367e+00  ,1.670465788714e+00  ,1.413084290036e+00  ,1.155742461668e+00  ,9.022791411324e-01  ,6.661848022819e-01  ,4.768686501784e-01  ,2.970713636772e-01  ,1.530254385276e-01  ,4.664125995198e-02  ,1.290679043632e-02  ,9.502454528506e-03  ,1.041035106357e-02  ,1.160714180004e-02  ,1.249160167069e-02  
  4.134882784286e-06  ,3.374222317580e+00  ,3.085883571682e+00  ,2.806769513263e+00  ,2.520090565501e+00  ,2.226431297125e+00  ,1.944900197367e+00  ,1.670465788714e+00  ,1.413084290036e+00  ,1.155742461668e+00  ,9.022791411324e-01  ,6.661848022819e-01  ,4.768686501784e-01  ,2.970713636772e-01  ,1.530254385276e-01  ,4.664125995198e-02  ,1.290679043632e-02  ,9.502454528506e-03  ,1.041035106357e-02  ,1.160714180004e-02  ,1.249160167069e-02  
  4.135882838466e-06  ,3.374222317580e+00  ,3.085883571682e+00  ,2.806769513263e+00  ,2.520090565501e+00  ,2.226431297125e+00  ,1.944900197367e+00  ,1.670465788714e+00  ,1.413084290036e+00  ,1.155742461668e+00  ,9.022791411324e-01  ,6.661848022819e-01  ,4.768686501784e-01  ,2.970713636772e-01  ,1.530254385276e-01  ,4.664125995198e-02  ,1.290679043632e-02  ,9.502454528506e-03  ,1.041035106357e-02  ,1.160714180004e-02  ,1.249160167069e-02  
  4.136882892647e-06  ,3.374222317580e+00  ,3.085883571682e+00  ,2.806769513263e+00  ,2.520090565501e+00  ,2.226431297125e+00  ,1.944900197367e+00  ,1.670465788714e+00  ,1.413084290036e+00  ,1.155742461668e+00  ,9.022791411324e-01  ,6.661848022819e-01  ,4.768686501784e-01  ,2.970713636772e-01  ,1.530254385276e-01  ,4.664125995198e-02  ,1.290679043632e-02  ,9.502454528506e-03  ,1.041035106357e-02  ,1.160714180004e-02  ,1.249160167069e-02  
  4.137007899420e-06  ,3.374222317580e+00  ,3.085883571682e+00  ,2.806769513263e+00  ,2.520090565501e+00  ,2.226431297125e+00  ,1.944900197367e+00  ,1.670465788714e+00  ,1.413084290036e+00  ,1.155742461668e+00  ,9.022791411324e-01  ,6.661848022819e-01  ,4.768686501784e-01  ,2.970713636772e-01  ,1.530254385276e-01  ,4.664125995198e-02  ,1.290679043632e-02  ,9.502454528506e-03  ,1.041035106357e-02  ,1.160714180004e-02  ,1.249160167069e-02  
  4.137257912965e-06  ,3.374222317580e+00  ,3.085883571682e+00  ,2.806769513263e+00  ,2.520090565501e+00  ,2.226431297125e+00  ,1.944900197367e+00  ,1.670465788714e+00  ,1.413084290036e+00  ,1.155742461668e+00  ,9.022791411324e-01  ,6.661848022819e-01  ,4.768686501784e-01  ,2.970713636772e-01  ,1.530254385276e-01  ,4.664125995198e-02  ,1.290679043632e-02  ,9.502454528506e-03  ,1.041035106357e-02  ,1.160714180004e-02  ,1.249160167069e-02  
  4.137757940055e-06  ,3.374222317580e+00  ,3.085883571682e+00  ,2.806769513263e+00  ,2.520090565501e+00  ,2.226431297125e+00  ,1.944900197367e+00  ,1.670465788714e+00  ,1.413084290036e+00  ,1.155742461668e+00  ,9.022791411324e-01  ,6.661848022819e-01  ,4.768686501784e-01  ,2.970713636772e-01  ,1.530254385276e-01  ,4.664125995198e-02  ,1.290679043632e-02  ,9.502454528506e-03  ,1.041035106357e-02  ,1.160714180004e-02  ,1.249160167069e-02  
  4.138757994236e-06  ,3.374222317580e+00  ,3.085883571682e+00  ,2.806769513263e+00  ,2.520090565501e+00  ,2.226431297125e+00  ,1.944900197367e+00  ,1.670465788714e+00  ,1.413084290036e+00  ,1.155742461668e+00  ,9.022791411324e-01  ,6.661848022819e-01  ,4.768686501784e-01  ,2.970713636772e-01  ,1.530254385276e-01  ,4.664125995198e-02  ,1.290679043632e-02  ,9.502454528506e-03  ,1.041035106357e-02  ,1.160714180004e-02  ,1.249160167069e-02  
  4.139758048416e-06  ,3.374222317580e+00  ,3.085883571682e+00  ,2.806769513263e+00  ,2.520090565501e+00  ,2.226431297125e+00  ,1.944900197367e+00  ,1.670465788714e+00  ,1.413084290036e+00  ,1.155742461668e+00  ,9.022791411324e-01  ,6.661848022819e-01  ,4.768686501784e-01  ,2.970713636772e-01  ,1.530254385276e-01  ,4.664125995198e-02  ,1.290679043632e-02  ,9.502454528506e-03  ,1.041035106357e-02  ,1.160714180004e-02  ,1.249160167069e-02  
  4.140758102597e-06  ,3.374222317580e+00  ,3.085883571682e+00  ,2.806769513263e+00  ,2.520090565501e+00  ,2.226431297125e+00  ,1.944900197367e+00  ,1.670465788714e+00  ,1.413084290036e+00  ,1.155742461668e+00  ,9.022791411324e-01  ,6.661848022819e-01  ,4.768686501784e-01  ,2.970713636772e-01  ,1.530254385276e-01  ,4.664125995198e-02  ,1.290679043632e-02  ,9.502454528506e-03  ,1.041035106357e-02  ,1.160714180004e-02  ,1.249160167069e-02  
  4.141758156777e-06  ,3.374222317580e+00  ,3.085883571682e+00  ,2.806769513263e+00  ,2.520090565501e+00  ,2.226431297125e+00  ,1.944900197367e+00  ,1.670465788714e+00  ,1.413084290036e+00  ,1.155742461668e+00  ,9.022791411324e-01  ,6.661848022819e-01  ,4.768686501784e-01  ,2.970713636772e-01  ,1.530254385276e-01  ,4.664125995198e-02  ,1.290679043632e-02  ,9.502454528506e-03  ,1.041035106357e-02  ,1.160714180004e-02  ,1.249160167069e-02  
  4.142758210958e-06  ,3.374222317580e+00  ,3.085883571682e+00  ,2.806769513263e+00  ,2.520090565501e+00  ,2.226431297125e+00  ,1.944900197367e+00  ,1.670465788714e+00  ,1.413084290036e+00  ,1.155742461668e+00  ,9.022791411324e-01  ,6.661848022819e-01  ,4.768686501784e-01  ,2.970713636772e-01  ,1.530254385276e-01  ,4.664125995198e-02  ,1.290679043632e-02  ,9.502454528506e-03  ,1.041035106357e-02  ,1.160714180004e-02  ,1.249160167069e-02  
  4.143758265139e-06  ,3.374222317580e+00  ,3.085883571682e+00  ,2.806769513263e+00  ,2.520090565501e+00  ,2.226431297125e+00  ,1.944900197367e+00  ,1.670465788714e+00  ,1.413084290036e+00  ,1.155742461668e+00  ,9.022791411324e-01  ,6.661848022819e-01  ,4.768686501784e-01  ,2.970713636772e-01  ,1.530254385276e-01  ,4.664125995198e-02  ,1.290679043632e-02  ,9.502454528506e-03  ,1.041035106357e-02  ,1.160714180004e-02  ,1.249160167069e-02  
  4.144758319319e-06  ,3.374222317580e+00  ,3.085883571682e+00  ,2.806769513263e+00  ,2.520090565501e+00  ,2.226431297125e+00  ,1.944900197367e+00  ,1.670465788714e+00  ,1.413084290036e+00  ,1.155742461668e+00  ,9.022791411324e-01  ,6.661848022819e-01  ,4.768686501784e-01  ,2.970713636772e-01  ,1.530254385276e-01  ,4.664125995198e-02  ,1.290679043632e-02  ,9.502454528506e-03  ,1.041035106357e-02  ,1.160714180004e-02  ,1.249160167069e-02  
  4.145758373500e-06  ,3.374222317580e+00  ,3.085883571682e+00  ,2.806769513263e+00  ,2.520090565501e+00  ,2.226431297125e+00  ,1.944900197367e+00  ,1.670465788714e+00  ,1.413084290036e+00  ,1.155742461668e+00  ,9.022791411324e-01  ,6.661848022819e-01  ,4.768686501784e-01  ,2.970713636772e-01  ,1.530254385276e-01  ,4.664125995198e-02  ,1.290679043632e-02  ,9.502454528506e-03  ,1.041035106357e-02  ,1.160714180004e-02  ,1.249160167069e-02  
  4.146299834558e-06  ,3.374222317580e+00  ,3.085883571682e+00  ,2.806769513263e+00  ,2.520090565501e+00  ,2.226431297125e+00  ,1.944900197367e+00  ,1.670465788714e+00  ,1.413084290036e+00  ,1.155742461668e+00  ,9.022791411324e-01  ,6.661848022819e-01  ,4.768686501784e-01  ,2.970713636772e-01  ,1.530254385276e-01  ,4.664125995198e-02  ,1.290679043632e-02  ,9.502454528506e-03  ,1.041035106357e-02  ,1.160714180004e-02  ,1.249160167069e-02  
  4.146549848103e-06  ,3.374222317580e+00  ,3.085883571682e+00  ,2.806769513263e+00  ,2.520090565501e+00  ,2.226431297125e+00  ,1.944900197367e+00  ,1.670465788714e+00  ,1.413084290036e+00  ,1.155742461668e+00  ,9.022791411324e-01  ,6.661848022819e-01  ,4.768686501784e-01  ,2.970713636772e-01  ,1.530254385276e-01  ,4.664125995198e-02  ,1.290679043632e-02  ,9.502454528506e-03  ,1.041035106357e-02  ,1.160714180004e-02  ,1.249160167069e-02  
  4.147049875193e-06  ,3.374222317580e+00  ,3.085883571682e+00  ,2.806769513263e+00  ,2.520090565501e+00  ,2.226431297125e+00  ,1.944900197367e+00  ,1.670465788714e+00  ,1.413084290036e+00  ,1.155742461668e+00  ,9.022791411324e-01  ,6.661848022819e-01  ,4.768686501784e-01  ,2.970713636772e-01  ,1.530254385276e-01  ,4.664125995198e-02  ,1.290679043632e-02  ,9.502454528506e-03  ,1.041035106357e-02  ,1.160714180004e-02  ,1.249160167069e-02  
  4.148049929374e-06  ,3.374222317580e+00  ,3.085883571682e+00  ,2.806769513263e+00  ,2.520090565501e+00  ,2.226431297125e+00  ,1.944900197367e+00  ,1.670465788714e+00  ,1.413084290036e+00  ,1.155742461668e+00  ,9.022791411324e-01  ,6.661848022819e-01  ,4.768686501784e-01  ,2.970713636772e-01  ,1.530254385276e-01  ,4.664125995198e-02  ,1.290679043632e-02  ,9.502454528506e-03  ,1.041035106357e-02  ,1.160714180004e-02  ,1.249160167069e-02  
  4.149049983554e-06  ,3.374222317580e+00  ,3.085883571682e+00  ,2.806769513263e+00  ,2.520090565501e+00  ,2.226431297125e+00  ,1.944900197367e+00  ,1.670465788714e+00  ,1.413084290036e+00  ,1.155742461668e+00  ,9.022791411324e-01  ,6.661848022819e-01  ,4.768686501784e-01  ,2.970713636772e-01  ,1.530254385276e-01  ,4.664125995198e-02  ,1.290679043632e-02  ,9.502454528506e-03  ,1.041035106357e-02  ,1.160714180004e-02  ,1.249160167069e-02  
  4.150050037735e-06  ,3.374222317580e+00  ,3.085883571682e+00  ,2.806769513263e+00  ,2.520090565501e+00  ,2.226431297125e+00  ,1.944900197367e+00  ,1.670465788714e+00  ,1.413084290036e+00  ,1.155742461668e+00  ,9.022791411324e-01  ,6.661848022819e-01  ,4.768686501784e-01  ,2.970713636772e-01  ,1.530254385276e-01  ,4.664125995198e-02  ,1.290679043632e-02  ,9.502454528506e-03  ,1.041035106357e-02  ,1.160714180004e-02  ,1.249160167069e-02  
  4.151050091915e-06  ,3.374222317580e+00  ,3.085883571682e+00  ,2.806769513263e+00  ,2.520090565501e+00  ,2.226431297125e+00  ,1.944900197367e+00  ,1.670465788714e+00  ,1.413084290036e+00  ,1.155742461668e+00  ,9.022791411324e-01  ,6.661848022819e-01  ,4.768686501784e-01  ,2.970713636772e-01  ,1.530254385276e-01  ,4.664125995198e-02  ,1.290679043632e-02  ,9.502454528506e-03  ,1.041035106357e-02  ,1.160714180004e-02  ,1.249160167069e-02  
  4.152050146096e-06  ,3.374222317580e+00  ,3.085883571682e+00  ,2.806769513263e+00  ,2.520090565501e+00  ,2.226431297125e+00  ,1.944900197367e+00  ,1.670465788714e+00  ,1.413084290036e+00  ,1.155742461668e+00  ,9.022791411324e-01  ,6.661848022819e-01  ,4.768686501784e-01  ,2.970713636772e-01  ,1.530254385276e-01  ,4.664125995198e-02  ,1.290679043632e-02  ,9.502454528506e-03  ,1.041035106357e-02  ,1.160714180004e-02  ,1.249160167069e-02  
  4.153050200277e-06  ,3.374222317580e+00  ,3.085883571682e+00  ,2.806769513263e+00  ,2.520090565501e+00  ,2.226431297125e+00  ,1.944900197367e+00  ,1.670465788714e+00  ,1.413084290036e+00  ,1.155742461668e+00  ,9.022791411324e-01  ,6.661848022819e-01  ,4.768686501784e-01  ,2.970713636772e-01  ,1.530254385276e-01  ,4.664125995198e-02  ,1.290679043632e-02  ,9.502454528506e-03  ,1.041035106357e-02  ,1.160714180004e-02  ,1.249160167069e-02  
  4.154050254457e-06  ,3.374222317580e+00  ,3.085883571682e+00  ,2.806769513263e+00  ,2.520090565501e+00  ,2.226431297125e+00  ,1.944900197367e+00  ,1.670465788714e+00  ,1.413084290036e+00  ,1.155742461668e+00  ,9.022791411324e-01  ,6.661848022819e-01  ,4.768686501784e-01  ,2.970713636772e-01  ,1.530254385276e-01  ,4.664125995198e-02  ,1.290679043632e-02  ,9.502454528506e-03  ,1.041035106357e-02  ,1.160714180004e-02  ,1.249160167069e-02  
  4.155050308638e-06  ,3.374222317580e+00  ,3.085883571682e+00  ,2.806769513263e+00  ,2.520090565501e+00  ,2.226431297125e+00  ,1.944900197367e+00  ,1.670465788714e+00  ,1.413084290036e+00  ,1.155742461668e+00  ,9.022791411324e-01  ,6.661848022819e-01  ,4.768686501784e-01  ,2.970713636772e-01  ,1.530254385276e-01  ,4.664125995198e-02  ,1.290679043632e-02  ,9.502454528506e-03  ,1.041035106357e-02  ,1.160714180004e-02  ,1.249160167069e-02  
  4.156050362819e-06  ,3.374222317580e+00  ,3.085883571682e+00  ,2.806769513263e+00  ,2.520090565501e+00  ,2.226431297125e+00  ,1.944900197367e+00  ,1.670465788714e+00  ,1.413084290036e+00  ,1.155742461668e+00  ,9.022791411324e-01  ,6.661848022819e-01  ,4.768686501784e-01  ,2.970713636772e-01  ,1.530254385276e-01  ,4.664125995198e-02  ,1.290679043632e-02  ,9.502454528506e-03  ,1.041035106357e-02  ,1.160714180004e-02  ,1.249160167069e-02  
  4.157050416999e-06  ,3.374222317580e+00  ,3.085883571682e+00  ,2.806769513263e+00  ,2.520090565501e+00  ,2.226431297125e+00  ,1.944900197367e+00  ,1.670465788714e+00  ,1.413084290036e+00  ,1.155742461668e+00  ,9.022791411324e-01  ,6.661848022819e-01  ,4.768686501784e-01  ,2.970713636772e-01  ,1.530254385276e-01  ,4.664125995198e-02  ,1.290679043632e-02  ,9.502454528506e-03  ,1.041035106357e-02  ,1.160714180004e-02  ,1.249160167069e-02  
  4.158050471180e-06  ,3.374222317580e+00  ,3.085883571682e+00  ,2.806769513263e+00  ,2.520090565501e+00  ,2.226431297125e+00  ,1.944900197367e+00  ,1.670465788714e+00  ,1.413084290036e+00  ,1.155742461668e+00  ,9.022791411324e-01  ,6.661848022819e-01  ,4.768686501784e-01  ,2.970713636772e-01  ,1.530254385276e-01  ,4.664125995198e-02  ,1.290679043632e-02  ,9.502454528506e-03  ,1.041035106357e-02  ,1.160714180004e-02  ,1.249160167069e-02  
  4.159050525360e-06  ,3.374222317580e+00  ,3.085883571682e+00  ,2.806769513263e+00  ,2.520090565501e+00  ,2.226431297125e+00  ,1.944900197367e+00  ,1.670465788714e+00  ,1.413084290036e+00  ,1.155742461668e+00  ,9.022791411324e-01  ,6.661848022819e-01  ,4.768686501784e-01  ,2.970713636772e-01  ,1.530254385276e-01  ,4.664125995198e-02  ,1.290679043632e-02  ,9.502454528506e-03  ,1.041035106357e-02  ,1.160714180004e-02  ,1.249160167069e-02  
  4.160050579541e-06  ,3.374222317580e+00  ,3.085883571682e+00  ,2.806769513263e+00  ,2.520090565501e+00  ,2.226431297125e+00  ,1.944900197367e+00  ,1.670465788714e+00  ,1.413084290036e+00  ,1.155742461668e+00  ,9.022791411324e-01  ,6.661848022819e-01  ,4.768686501784e-01  ,2.970713636772e-01  ,1.530254385276e-01  ,4.664125995198e-02  ,1.290679043632e-02  ,9.502454528506e-03  ,1.041035106357e-02  ,1.160714180004e-02  ,1.249160167069e-02  
  4.161050633722e-06  ,3.374222317580e+00  ,3.085883571682e+00  ,2.806769513263e+00  ,2.520090565501e+00  ,2.226431297125e+00  ,1.944900197367e+00  ,1.670465788714e+00  ,1.413084290036e+00  ,1.155742461668e+00  ,9.022791411324e-01  ,6.661848022819e-01  ,4.768686501784e-01  ,2.970713636772e-01  ,1.530254385276e-01  ,4.664125995198e-02  ,1.290679043632e-02  ,9.502454528506e-03  ,1.041035106357e-02  ,1.160714180004e-02  ,1.249160167069e-02  
  4.162050687902e-06  ,3.374222317580e+00  ,3.085883571682e+00  ,2.806769513263e+00  ,2.520090565501e+00  ,2.226431297125e+00  ,1.944900197367e+00  ,1.670465788714e+00  ,1.413084290036e+00  ,1.155742461668e+00  ,9.022791411324e-01  ,6.661848022819e-01  ,4.768686501784e-01  ,2.970713636772e-01  ,1.530254385276e-01  ,4.664125995198e-02  ,1.290679043632e-02  ,9.502454528506e-03  ,1.041035106357e-02  ,1.160714180004e-02  ,1.249160167069e-02  
  4.163050742083e-06  ,3.374222317580e+00  ,3.085883571682e+00  ,2.806769513263e+00  ,2.520090565501e+00  ,2.226431297125e+00  ,1.944900197367e+00  ,1.670465788714e+00  ,1.413084290036e+00  ,1.155742461668e+00  ,9.022791411324e-01  ,6.661848022819e-01  ,4.768686501784e-01  ,2.970713636772e-01  ,1.530254385276e-01  ,4.664125995198e-02  ,1.290679043632e-02  ,9.502454528506e-03  ,1.041035106357e-02  ,1.160714180004e-02  ,1.249160167069e-02  
  4.164050796264e-06  ,3.374222317580e+00  ,3.085883571682e+00  ,2.806769513263e+00  ,2.520090565501e+00  ,2.226431297125e+00  ,1.944900197367e+00  ,1.670465788714e+00  ,1.413084290036e+00  ,1.155742461668e+00  ,9.022791411324e-01  ,6.661848022819e-01  ,4.768686501784e-01  ,2.970713636772e-01  ,1.530254385276e-01  ,4.664125995198e-02  ,1.290679043632e-02  ,9.502454528506e-03  ,1.041035106357e-02  ,1.160714180004e-02  ,1.249160167069e-02  
  4.165050850444e-06  ,3.374222317580e+00  ,3.085883571682e+00  ,2.806769513263e+00  ,2.520090565501e+00  ,2.226431297125e+00  ,1.944900197367e+00  ,1.670465788714e+00  ,1.413084290036e+00  ,1.155742461668e+00  ,9.022791411324e-01  ,6.661848022819e-01  ,4.768686501784e-01  ,2.970713636772e-01  ,1.530254385276e-01  ,4.664125995198e-02  ,1.290679043632e-02  ,9.502454528506e-03  ,1.041035106357e-02  ,1.160714180004e-02  ,1.249160167069e-02  
  4.166050904625e-06  ,3.374222317580e+00  ,3.085883571682e+00  ,2.806769513263e+00  ,2.520090565501e+00  ,2.226431297125e+00  ,1.944900197367e+00  ,1.670465788714e+00  ,1.413084290036e+00  ,1.155742461668e+00  ,9.022791411324e-01  ,6.661848022819e-01  ,4.768686501784e-01  ,2.970713636772e-01  ,1.530254385276e-01  ,4.664125995198e-02  ,1.290679043632e-02  ,9.502454528506e-03  ,1.041035106357e-02  ,1.160714180004e-02  ,1.249160167069e-02  
  4.167050958805e-06  ,3.374222317580e+00  ,3.085883571682e+00  ,2.806769513263e+00  ,2.520090565501e+00  ,2.226431297125e+00  ,1.944900197367e+00  ,1.670465788714e+00  ,1.413084290036e+00  ,1.155742461668e+00  ,9.022791411324e-01  ,6.661848022819e-01  ,4.768686501784e-01  ,2.970713636772e-01  ,1.530254385276e-01  ,4.664125995198e-02  ,1.290679043632e-02  ,9.502454528506e-03  ,1.041035106357e-02  ,1.160714180004e-02  ,1.249160167069e-02  
  4.168051012986e-06  ,3.374222317580e+00  ,3.085883571682e+00  ,2.806769513263e+00  ,2.520090565501e+00  ,2.226431297125e+00  ,1.944900197367e+00  ,1.670465788714e+00  ,1.413084290036e+00  ,1.155742461668e+00  ,9.022791411324e-01  ,6.661848022819e-01  ,4.768686501784e-01  ,2.970713636772e-01  ,1.530254385276e-01  ,4.664125995198e-02  ,1.290679043632e-02  ,9.502454528506e-03  ,1.041035106357e-02  ,1.160714180004e-02  ,1.249160167069e-02  
  4.169051067167e-06  ,3.374222317580e+00  ,3.085883571682e+00  ,2.806769513263e+00  ,2.520090565501e+00  ,2.226431297125e+00  ,1.944900197367e+00  ,1.670465788714e+00  ,1.413084290036e+00  ,1.155742461668e+00  ,9.022791411324e-01  ,6.661848022819e-01  ,4.768686501784e-01  ,2.970713636772e-01  ,1.530254385276e-01  ,4.664125995198e-02  ,1.290679043632e-02  ,9.502454528506e-03  ,1.041035106357e-02  ,1.160714180004e-02  ,1.249160167069e-02  
  4.169995019050e-06  ,3.374222317580e+00  ,3.085883571682e+00  ,2.806769513263e+00  ,2.520090565501e+00  ,2.226431297125e+00  ,1.944900197367e+00  ,1.670465788714e+00  ,1.413084290036e+00  ,1.155742461668e+00  ,9.022791411324e-01  ,6.661848022819e-01  ,4.768686501784e-01  ,2.970713636772e-01  ,1.530254385276e-01  ,4.664125995198e-02  ,1.290679043632e-02  ,9.502454528506e-03  ,1.041035106357e-02  ,1.160714180004e-02  ,1.249160167069e-02  
  4.170245032595e-06  ,3.374222317580e+00  ,3.085883571682e+00  ,2.806769513263e+00  ,2.520090565501e+00  ,2.226431297125e+00  ,1.944900197367e+00  ,1.670465788714e+00  ,1.413084290036e+00  ,1.155742461668e+00  ,9.022791411324e-01  ,6.661848022819e-01  ,4.768686501784e-01  ,2.970713636772e-01  ,1.530254385276e-01  ,4.664125995198e-02  ,1.290679043632e-02  ,9.502454528506e-03  ,1.041035106357e-02  ,1.160714180004e-02  ,1.249160167069e-02  
  4.170745059685e-06  ,3.374222317580e+00  ,3.085883571682e+00  ,2.806769513263e+00  ,2.520090565501e+00  ,2.226431297125e+00  ,1.944900197367e+00  ,1.670465788714e+00  ,1.413084290036e+00  ,1.155742461668e+00  ,9.022791411324e-01  ,6.661848022819e-01  ,4.768686501784e-01  ,2.970713636772e-01  ,1.530254385276e-01  ,4.664125995198e-02  ,1.290679043632e-02  ,9.502454528506e-03  ,1.041035106357e-02  ,1.160714180004e-02  ,1.249160167069e-02  
  4.171745113866e-06  ,3.374222317580e+00  ,3.085883571682e+00  ,2.806769513263e+00  ,2.520090565501e+00  ,2.226431297125e+00  ,1.944900197367e+00  ,1.670465788714e+00  ,1.413084290036e+00  ,1.155742461668e+00  ,9.022791411324e-01  ,6.661848022819e-01  ,4.768686501784e-01  ,2.970713636772e-01  ,1.530254385276e-01  ,4.664125995198e-02  ,1.290679043632e-02  ,9.502454528506e-03  ,1.041035106357e-02  ,1.160714180004e-02  ,1.249160167069e-02  
  4.172009795741e-06  ,3.374222317580e+00  ,3.085883571682e+00  ,2.806769513263e+00  ,2.520090565501e+00  ,2.226431297125e+00  ,1.944900197367e+00  ,1.670465788714e+00  ,1.413084290036e+00  ,1.155742461668e+00  ,9.022791411324e-01  ,6.661848022819e-01  ,4.768686501784e-01  ,2.970713636772e-01  ,1.530254385276e-01  ,4.664125995198e-02  ,1.290679043632e-02  ,9.502454528506e-03  ,1.041035106357e-02  ,1.160714180004e-02  ,1.249160167069e-02  
  4.172259809286e-06  ,3.374222317580e+00  ,3.085883571682e+00  ,2.806769513263e+00  ,2.520090565501e+00  ,2.226431297125e+00  ,1.944900197367e+00  ,1.670465788714e+00  ,1.413084290036e+00  ,1.155742461668e+00  ,9.022791411324e-01  ,6.661848022819e-01  ,4.768686501784e-01  ,2.970713636772e-01  ,1.530254385276e-01  ,4.664125995198e-02  ,1.290679043632e-02  ,9.502454528506e-03  ,1.041035106357e-02  ,1.160714180004e-02  ,1.249160167069e-02  
  4.172759836377e-06  ,3.374222317580e+00  ,3.085883571682e+00  ,2.806769513263e+00  ,2.520090565501e+00  ,2.226431297125e+00  ,1.944900197367e+00  ,1.670465788714e+00  ,1.413084290036e+00  ,1.155742461668e+00  ,9.022791411324e-01  ,6.661848022819e-01  ,4.768686501784e-01  ,2.970713636772e-01  ,1.530254385276e-01  ,4.664125995198e-02  ,1.290679043632e-02  ,9.502454528506e-03  ,1.041035106357e-02  ,1.160714180004e-02  ,1.249160167069e-02  
  4.173759890557e-06  ,3.374222317580e+00  ,3.085883571682e+00  ,2.806769513263e+00  ,2.520090565501e+00  ,2.226431297125e+00  ,1.944900197367e+00  ,1.670465788714e+00  ,1.413084290036e+00  ,1.155742461668e+00  ,9.022791411324e-01  ,6.661848022819e-01  ,4.768686501784e-01  ,2.970713636772e-01  ,1.530254385276e-01  ,4.664125995198e-02  ,1.290679043632e-02  ,9.502454528506e-03  ,1.041035106357e-02  ,1.160714180004e-02  ,1.249160167069e-02  
  4.174759944738e-06  ,3.374222317580e+00  ,3.085883571682e+00  ,2.806769513263e+00  ,2.520090565501e+00  ,2.226431297125e+00  ,1.944900197367e+00  ,1.670465788714e+00  ,1.413084290036e+00  ,1.155742461668e+00  ,9.022791411324e-01  ,6.661848022819e-01  ,4.768686501784e-01  ,2.970713636772e-01  ,1.530254385276e-01  ,4.664125995198e-02  ,1.290679043632e-02  ,9.502454528506e-03  ,1.041035106357e-02  ,1.160714180004e-02  ,1.249160167069e-02  
  4.175759998919e-06  ,3.374222317580e+00  ,3.085883571682e+00  ,2.806769513263e+00  ,2.520090565501e+00  ,2.226431297125e+00  ,1.944900197367e+00  ,1.670465788714e+00  ,1.413084290036e+00  ,1.155742461668e+00  ,9.022791411324e-01  ,6.661848022819e-01  ,4.768686501784e-01  ,2.970713636772e-01  ,1.530254385276e-01  ,4.664125995198e-02  ,1.290679043632e-02  ,9.502454528506e-03  ,1.041035106357e-02  ,1.160714180004e-02  ,1.249160167069e-02  
  4.176760053099e-06  ,3.374222317580e+00  ,3.085883571682e+00  ,2.806769513263e+00  ,2.520090565501e+00  ,2.226431297125e+00  ,1.944900197367e+00  ,1.670465788714e+00  ,1.413084290036e+00  ,1.155742461668e+00  ,9.022791411324e-01  ,6.661848022819e-01  ,4.768686501784e-01  ,2.970713636772e-01  ,1.530254385276e-01  ,4.664125995198e-02  ,1.290679043632e-02  ,9.502454528506e-03  ,1.041035106357e-02  ,1.160714180004e-02  ,1.249160167069e-02  
  4.177760107280e-06  ,3.374222317580e+00  ,3.085883571682e+00  ,2.806769513263e+00  ,2.520090565501e+00  ,2.226431297125e+00  ,1.944900197367e+00  ,1.670465788714e+00  ,1.413084290036e+00  ,1.155742461668e+00  ,9.022791411324e-01  ,6.661848022819e-01  ,4.768686501784e-01  ,2.970713636772e-01  ,1.530254385276e-01  ,4.664125995198e-02  ,1.290679043632e-02  ,9.502454528506e-03  ,1.041035106357e-02  ,1.160714180004e-02  ,1.249160167069e-02  
  4.178760161461e-06  ,3.374222317580e+00  ,3.085883571682e+00  ,2.806769513263e+00  ,2.520090565501e+00  ,2.226431297125e+00  ,1.944900197367e+00  ,1.670465788714e+00  ,1.413084290036e+00  ,1.155742461668e+00  ,9.022791411324e-01  ,6.661848022819e-01  ,4.768686501784e-01  ,2.970713636772e-01  ,1.530254385276e-01  ,4.664125995198e-02  ,1.290679043632e-02  ,9.502454528506e-03  ,1.041035106357e-02  ,1.160714180004e-02  ,1.249160167069e-02  
  4.179760215641e-06  ,3.374222317580e+00  ,3.085883571682e+00  ,2.806769513263e+00  ,2.520090565501e+00  ,2.226431297125e+00  ,1.944900197367e+00  ,1.670465788714e+00  ,1.413084290036e+00  ,1.155742461668e+00  ,9.022791411324e-01  ,6.661848022819e-01  ,4.768686501784e-01  ,2.970713636772e-01  ,1.530254385276e-01  ,4.664125995198e-02  ,1.290679043632e-02  ,9.502454528506e-03  ,1.041035106357e-02  ,1.160714180004e-02  ,1.249160167069e-02  
  4.180760269822e-06  ,3.374222317580e+00  ,3.085883571682e+00  ,2.806769513263e+00  ,2.520090565501e+00  ,2.226431297125e+00  ,1.944900197367e+00  ,1.670465788714e+00  ,1.413084290036e+00  ,1.155742461668e+00  ,9.022791411324e-01  ,6.661848022819e-01  ,4.768686501784e-01  ,2.970713636772e-01  ,1.530254385276e-01  ,4.664125995198e-02  ,1.290679043632e-02  ,9.502454528506e-03  ,1.041035106357e-02  ,1.160714180004e-02  ,1.249160167069e-02  
  4.181760324002e-06  ,3.374222317580e+00  ,3.085883571682e+00  ,2.806769513263e+00  ,2.520090565501e+00  ,2.226431297125e+00  ,1.944900197367e+00  ,1.670465788714e+00  ,1.413084290036e+00  ,1.155742461668e+00  ,9.022791411324e-01  ,6.661848022819e-01  ,4.768686501784e-01  ,2.970713636772e-01  ,1.530254385276e-01  ,4.664125995198e-02  ,1.290679043632e-02  ,9.502454528506e-03  ,1.041035106357e-02  ,1.160714180004e-02  ,1.249160167069e-02  
  4.182760378183e-06  ,3.374222317580e+00  ,3.085883571682e+00  ,2.806769513263e+00  ,2.520090565501e+00  ,2.226431297125e+00  ,1.944900197367e+00  ,1.670465788714e+00  ,1.413084290036e+00  ,1.155742461668e+00  ,9.022791411324e-01  ,6.661848022819e-01  ,4.768686501784e-01  ,2.970713636772e-01  ,1.530254385276e-01  ,4.664125995198e-02  ,1.290679043632e-02  ,9.502454528506e-03  ,1.041035106357e-02  ,1.160714180004e-02  ,1.249160167069e-02  
  4.183760432364e-06  ,3.374222317580e+00  ,3.085883571682e+00  ,2.806769513263e+00  ,2.520090565501e+00  ,2.226431297125e+00  ,1.944900197367e+00  ,1.670465788714e+00  ,1.413084290036e+00  ,1.155742461668e+00  ,9.022791411324e-01  ,6.661848022819e-01  ,4.768686501784e-01  ,2.970713636772e-01  ,1.530254385276e-01  ,4.664125995198e-02  ,1.290679043632e-02  ,9.502454528506e-03  ,1.041035106357e-02  ,1.160714180004e-02  ,1.249160167069e-02  
  4.184760486544e-06  ,3.374222317580e+00  ,3.085883571682e+00  ,2.806769513263e+00  ,2.520090565501e+00  ,2.226431297125e+00  ,1.944900197367e+00  ,1.670465788714e+00  ,1.413084290036e+00  ,1.155742461668e+00  ,9.022791411324e-01  ,6.661848022819e-01  ,4.768686501784e-01  ,2.970713636772e-01  ,1.530254385276e-01  ,4.664125995198e-02  ,1.290679043632e-02  ,9.502454528506e-03  ,1.041035106357e-02  ,1.160714180004e-02  ,1.249160167069e-02  
  4.185760540725e-06  ,3.374222317580e+00  ,3.085883571682e+00  ,2.806769513263e+00  ,2.520090565501e+00  ,2.226431297125e+00  ,1.944900197367e+00  ,1.670465788714e+00  ,1.413084290036e+00  ,1.155742461668e+00  ,9.022791411324e-01  ,6.661848022819e-01  ,4.768686501784e-01  ,2.970713636772e-01  ,1.530254385276e-01  ,4.664125995198e-02  ,1.290679043632e-02  ,9.502454528506e-03  ,1.041035106357e-02  ,1.160714180004e-02  ,1.249160167069e-02  
  4.186760594905e-06  ,3.374222317580e+00  ,3.085883571682e+00  ,2.806769513263e+00  ,2.520090565501e+00  ,2.226431297125e+00  ,1.944900197367e+00  ,1.670465788714e+00  ,1.413084290036e+00  ,1.155742461668e+00  ,9.022791411324e-01  ,6.661848022819e-01  ,4.768686501784e-01  ,2.970713636772e-01  ,1.530254385276e-01  ,4.664125995198e-02  ,1.290679043632e-02  ,9.502454528506e-03  ,1.041035106357e-02  ,1.160714180004e-02  ,1.249160167069e-02  
  4.187760649086e-06  ,3.374222317580e+00  ,3.085883571682e+00  ,2.806769513263e+00  ,2.520090565501e+00  ,2.226431297125e+00  ,1.944900197367e+00  ,1.670465788714e+00  ,1.413084290036e+00  ,1.155742461668e+00  ,9.022791411324e-01  ,6.661848022819e-01  ,4.768686501784e-01  ,2.970713636772e-01  ,1.530254385276e-01  ,4.664125995198e-02  ,1.290679043632e-02  ,9.502454528506e-03  ,1.041035106357e-02  ,1.160714180004e-02  ,1.249160167069e-02  
  4.188760703267e-06  ,3.374222317580e+00  ,3.085883571682e+00  ,2.806769513263e+00  ,2.520090565501e+00  ,2.226431297125e+00  ,1.944900197367e+00  ,1.670465788714e+00  ,1.413084290036e+00  ,1.155742461668e+00  ,9.022791411324e-01  ,6.661848022819e-01  ,4.768686501784e-01  ,2.970713636772e-01  ,1.530254385276e-01  ,4.664125995198e-02  ,1.290679043632e-02  ,9.502454528506e-03  ,1.041035106357e-02  ,1.160714180004e-02  ,1.249160167069e-02  
  4.189760757447e-06  ,3.374222317580e+00  ,3.085883571682e+00  ,2.806769513263e+00  ,2.520090565501e+00  ,2.226431297125e+00  ,1.944900197367e+00  ,1.670465788714e+00  ,1.413084290036e+00  ,1.155742461668e+00  ,9.022791411324e-01  ,6.661848022819e-01  ,4.768686501784e-01  ,2.970713636772e-01  ,1.530254385276e-01  ,4.664125995198e-02  ,1.290679043632e-02  ,9.502454528506e-03  ,1.041035106357e-02  ,1.160714180004e-02  ,1.249160167069e-02  
  4.190760811628e-06  ,3.374222317580e+00  ,3.085883571682e+00  ,2.806769513263e+00  ,2.520090565501e+00  ,2.226431297125e+00  ,1.944900197367e+00  ,1.670465788714e+00  ,1.413084290036e+00  ,1.155742461668e+00  ,9.022791411324e-01  ,6.661848022819e-01  ,4.768686501784e-01  ,2.970713636772e-01  ,1.530254385276e-01  ,4.664125995198e-02  ,1.290679043632e-02  ,9.502454528506e-03  ,1.041035106357e-02  ,1.160714180004e-02  ,1.249160167069e-02  
  4.191760865809e-06  ,3.374222317580e+00  ,3.085883571682e+00  ,2.806769513263e+00  ,2.520090565501e+00  ,2.226431297125e+00  ,1.944900197367e+00  ,1.670465788714e+00  ,1.413084290036e+00  ,1.155742461668e+00  ,9.022791411324e-01  ,6.661848022819e-01  ,4.768686501784e-01  ,2.970713636772e-01  ,1.530254385276e-01  ,4.664125995198e-02  ,1.290679043632e-02  ,9.502454528506e-03  ,1.041035106357e-02  ,1.160714180004e-02  ,1.249160167069e-02  
  4.192760919989e-06  ,3.374222317580e+00  ,3.085883571682e+00  ,2.806769513263e+00  ,2.520090565501e+00  ,2.226431297125e+00  ,1.944900197367e+00  ,1.670465788714e+00  ,1.413084290036e+00  ,1.155742461668e+00  ,9.022791411324e-01  ,6.661848022819e-01  ,4.768686501784e-01  ,2.970713636772e-01  ,1.530254385276e-01  ,4.664125995198e-02  ,1.290679043632e-02  ,9.502454528506e-03  ,1.041035106357e-02  ,1.160714180004e-02  ,1.249160167069e-02  
  4.193760974170e-06  ,3.374222317580e+00  ,3.085883571682e+00  ,2.806769513263e+00  ,2.520090565501e+00  ,2.226431297125e+00  ,1.944900197367e+00  ,1.670465788714e+00  ,1.413084290036e+00  ,1.155742461668e+00  ,9.022791411324e-01  ,6.661848022819e-01  ,4.768686501784e-01  ,2.970713636772e-01  ,1.530254385276e-01  ,4.664125995198e-02  ,1.290679043632e-02  ,9.502454528506e-03  ,1.041035106357e-02  ,1.160714180004e-02  ,1.249160167069e-02  
  4.194761028350e-06  ,3.374222317580e+00  ,3.085883571682e+00  ,2.806769513263e+00  ,2.520090565501e+00  ,2.226431297125e+00  ,1.944900197367e+00  ,1.670465788714e+00  ,1.413084290036e+00  ,1.155742461668e+00  ,9.022791411324e-01  ,6.661848022819e-01  ,4.768686501784e-01  ,2.970713636772e-01  ,1.530254385276e-01  ,4.664125995198e-02  ,1.290679043632e-02  ,9.502454528506e-03  ,1.041035106357e-02  ,1.160714180004e-02  ,1.249160167069e-02  
  4.195761082531e-06  ,3.374222317580e+00  ,3.085883571682e+00  ,2.806769513263e+00  ,2.520090565501e+00  ,2.226431297125e+00  ,1.944900197367e+00  ,1.670465788714e+00  ,1.413084290036e+00  ,1.155742461668e+00  ,9.022791411324e-01  ,6.661848022819e-01  ,4.768686501784e-01  ,2.970713636772e-01  ,1.530254385276e-01  ,4.664125995198e-02  ,1.290679043632e-02  ,9.502454528506e-03  ,1.041035106357e-02  ,1.160714180004e-02  ,1.249160167069e-02  
  4.196761136712e-06  ,3.374222317580e+00  ,3.085883571682e+00  ,2.806769513263e+00  ,2.520090565501e+00  ,2.226431297125e+00  ,1.944900197367e+00  ,1.670465788714e+00  ,1.413084290036e+00  ,1.155742461668e+00  ,9.022791411324e-01  ,6.661848022819e-01  ,4.768686501784e-01  ,2.970713636772e-01  ,1.530254385276e-01  ,4.664125995198e-02  ,1.290679043632e-02  ,9.502454528506e-03  ,1.041035106357e-02  ,1.160714180004e-02  ,1.249160167069e-02  
  4.197761190892e-06  ,3.374222317580e+00  ,3.085883571682e+00  ,2.806769513263e+00  ,2.520090565501e+00  ,2.226431297125e+00  ,1.944900197367e+00  ,1.670465788714e+00  ,1.413084290036e+00  ,1.155742461668e+00  ,9.022791411324e-01  ,6.661848022819e-01  ,4.768686501784e-01  ,2.970713636772e-01  ,1.530254385276e-01  ,4.664125995198e-02  ,1.290679043632e-02  ,9.502454528506e-03  ,1.041035106357e-02  ,1.160714180004e-02  ,1.249160167069e-02  
  4.198761245073e-06  ,3.374222317580e+00  ,3.085883571682e+00  ,2.806769513263e+00  ,2.520090565501e+00  ,2.226431297125e+00  ,1.944900197367e+00  ,1.670465788714e+00  ,1.413084290036e+00  ,1.155742461668e+00  ,9.022791411324e-01  ,6.661848022819e-01  ,4.768686501784e-01  ,2.970713636772e-01  ,1.530254385276e-01  ,4.664125995198e-02  ,1.290679043632e-02  ,9.502454528506e-03  ,1.041035106357e-02  ,1.160714180004e-02  ,1.249160167069e-02  
  4.199177699358e-06  ,3.374222317580e+00  ,3.085883571682e+00  ,2.806769513263e+00  ,2.520090565501e+00  ,2.226431297125e+00  ,1.944900197367e+00  ,1.670465788714e+00  ,1.413084290036e+00  ,1.155742461668e+00  ,9.022791411324e-01  ,6.661848022819e-01  ,4.768686501784e-01  ,2.970713636772e-01  ,1.530254385276e-01  ,4.664125995198e-02  ,1.290679043632e-02  ,9.502454528506e-03  ,1.041035106357e-02  ,1.160714180004e-02  ,1.249160167069e-02  
  4.199427712903e-06  ,3.374222317580e+00  ,3.085883571682e+00  ,2.806769513263e+00  ,2.520090565501e+00  ,2.226431297125e+00  ,1.944900197367e+00  ,1.670465788714e+00  ,1.413084290036e+00  ,1.155742461668e+00  ,9.022791411324e-01  ,6.661848022819e-01  ,4.768686501784e-01  ,2.970713636772e-01  ,1.530254385276e-01  ,4.664125995198e-02  ,1.290679043632e-02  ,9.502454528506e-03  ,1.041035106357e-02  ,1.160714180004e-02  ,1.249160167069e-02  
  4.199927739993e-06  ,3.374222317580e+00  ,3.085883571682e+00  ,2.806769513263e+00  ,2.520090565501e+00  ,2.226431297125e+00  ,1.944900197367e+00  ,1.670465788714e+00  ,1.413084290036e+00  ,1.155742461668e+00  ,9.022791411324e-01  ,6.661848022819e-01  ,4.768686501784e-01  ,2.970713636772e-01  ,1.530254385276e-01  ,4.664125995198e-02  ,1.290679043632e-02  ,9.502454528506e-03  ,1.041035106357e-02  ,1.160714180004e-02  ,1.249160167069e-02  
  4.200491861277e-06  ,3.374222317580e+00  ,3.085883571682e+00  ,2.806769513263e+00  ,2.520090565501e+00  ,2.226431297125e+00  ,1.944900197367e+00  ,1.670465788714e+00  ,1.413084290036e+00  ,1.155742461668e+00  ,9.022791411324e-01  ,6.661848022819e-01  ,4.768686501784e-01  ,2.970713636772e-01  ,1.530254385276e-01  ,4.664125995198e-02  ,1.290679043632e-02  ,9.502454528506e-03  ,1.041035106357e-02  ,1.160714180004e-02  ,1.249160167069e-02  
  4.200741874823e-06  ,3.374222317580e+00  ,3.085883571682e+00  ,2.806769513263e+00  ,2.520090565501e+00  ,2.226431297125e+00  ,1.944900197367e+00  ,1.670465788714e+00  ,1.413084290036e+00  ,1.155742461668e+00  ,9.022791411324e-01  ,6.661848022819e-01  ,4.768686501784e-01  ,2.970713636772e-01  ,1.530254385276e-01  ,4.664125995198e-02  ,1.290679043632e-02  ,9.502454528506e-03  ,1.041035106357e-02  ,1.160714180004e-02  ,1.249160167069e-02  
  4.201241901913e-06  ,3.374222317580e+00  ,3.085883571682e+00  ,2.806769513263e+00  ,2.520090565501e+00  ,2.226431297125e+00  ,1.944900197367e+00  ,1.670465788714e+00  ,1.413084290036e+00  ,1.155742461668e+00  ,9.022791411324e-01  ,6.661848022819e-01  ,4.768686501784e-01  ,2.970713636772e-01  ,1.530254385276e-01  ,4.664125995198e-02  ,1.290679043632e-02  ,9.502454528506e-03  ,1.041035106357e-02  ,1.160714180004e-02  ,1.249160167069e-02  
  4.201366908685e-06  ,3.374222317580e+00  ,3.085883571682e+00  ,2.806769513263e+00  ,2.520090565501e+00  ,2.226431297125e+00  ,1.944900197367e+00  ,1.670465788714e+00  ,1.413084290036e+00  ,1.155742461668e+00  ,9.022791411324e-01  ,6.661848022819e-01  ,4.768686501784e-01  ,2.970713636772e-01  ,1.530254385276e-01  ,4.664125995198e-02  ,1.290679043632e-02  ,9.502454528506e-03  ,1.041035106357e-02  ,1.160714180004e-02  ,1.249160167069e-02  
  4.201616922231e-06  ,3.374222317580e+00  ,3.085883571682e+00  ,2.806769513263e+00  ,2.520090565501e+00  ,2.226431297125e+00  ,1.944900197367e+00  ,1.670465788714e+00  ,1.413084290036e+00  ,1.155742461668e+00  ,9.022791411324e-01  ,6.661848022819e-01  ,4.768686501784e-01  ,2.970713636772e-01  ,1.530254385276e-01  ,4.664125995198e-02  ,1.290679043632e-02  ,9.502454528506e-03  ,1.041035106357e-02  ,1.160714180004e-02  ,1.249160167069e-02  
  4.202116949321e-06  ,3.374222317580e+00  ,3.085883571682e+00  ,2.806769513263e+00  ,2.520090565501e+00  ,2.226431297125e+00  ,1.944900197367e+00  ,1.670465788714e+00  ,1.413084290036e+00  ,1.155742461668e+00  ,9.022791411324e-01  ,6.661848022819e-01  ,4.768686501784e-01  ,2.970713636772e-01  ,1.530254385276e-01  ,4.664125995198e-02  ,1.290679043632e-02  ,9.502454528506e-03  ,1.041035106357e-02  ,1.160714180004e-02  ,1.249160167069e-02  
  4.203117003502e-06  ,3.374222317580e+00  ,3.085883571682e+00  ,2.806769513263e+00  ,2.520090565501e+00  ,2.226431297125e+00  ,1.944900197367e+00  ,1.670465788714e+00  ,1.413084290036e+00  ,1.155742461668e+00  ,9.022791411324e-01  ,6.661848022819e-01  ,4.768686501784e-01  ,2.970713636772e-01  ,1.530254385276e-01  ,4.664125995198e-02  ,1.290679043632e-02  ,9.502454528506e-03  ,1.041035106357e-02  ,1.160714180004e-02  ,1.249160167069e-02  
  4.204117057682e-06  ,3.374222317580e+00  ,3.085883571682e+00  ,2.806769513263e+00  ,2.520090565501e+00  ,2.226431297125e+00  ,1.944900197367e+00  ,1.670465788714e+00  ,1.413084290036e+00  ,1.155742461668e+00  ,9.022791411324e-01  ,6.661848022819e-01  ,4.768686501784e-01  ,2.970713636772e-01  ,1.530254385276e-01  ,4.664125995198e-02  ,1.290679043632e-02  ,9.502454528506e-03  ,1.041035106357e-02  ,1.160714180004e-02  ,1.249160167069e-02  
  4.205117111863e-06  ,3.374222317580e+00  ,3.085883571682e+00  ,2.806769513263e+00  ,2.520090565501e+00  ,2.226431297125e+00  ,1.944900197367e+00  ,1.670465788714e+00  ,1.413084290036e+00  ,1.155742461668e+00  ,9.022791411324e-01  ,6.661848022819e-01  ,4.768686501784e-01  ,2.970713636772e-01  ,1.530254385276e-01  ,4.664125995198e-02  ,1.290679043632e-02  ,9.502454528506e-03  ,1.041035106357e-02  ,1.160714180004e-02  ,1.249160167069e-02  
  4.206117166043e-06  ,3.374222317580e+00  ,3.085883571682e+00  ,2.806769513263e+00  ,2.520090565501e+00  ,2.226431297125e+00  ,1.944900197367e+00  ,1.670465788714e+00  ,1.413084290036e+00  ,1.155742461668e+00  ,9.022791411324e-01  ,6.661848022819e-01  ,4.768686501784e-01  ,2.970713636772e-01  ,1.530254385276e-01  ,4.664125995198e-02  ,1.290679043632e-02  ,9.502454528506e-03  ,1.041035106357e-02  ,1.160714180004e-02  ,1.249160167069e-02  
  4.207117220224e-06  ,3.374222317580e+00  ,3.085883571682e+00  ,2.806769513263e+00  ,2.520090565501e+00  ,2.226431297125e+00  ,1.944900197367e+00  ,1.670465788714e+00  ,1.413084290036e+00  ,1.155742461668e+00  ,9.022791411324e-01  ,6.661848022819e-01  ,4.768686501784e-01  ,2.970713636772e-01  ,1.530254385276e-01  ,4.664125995198e-02  ,1.290679043632e-02  ,9.502454528506e-03  ,1.041035106357e-02  ,1.160714180004e-02  ,1.249160167069e-02  
  4.208117274405e-06  ,3.374222317580e+00  ,3.085883571682e+00  ,2.806769513263e+00  ,2.520090565501e+00  ,2.226431297125e+00  ,1.944900197367e+00  ,1.670465788714e+00  ,1.413084290036e+00  ,1.155742461668e+00  ,9.022791411324e-01  ,6.661848022819e-01  ,4.768686501784e-01  ,2.970713636772e-01  ,1.530254385276e-01  ,4.664125995198e-02  ,1.290679043632e-02  ,9.502454528506e-03  ,1.041035106357e-02  ,1.160714180004e-02  ,1.249160167069e-02  
  4.209117328585e-06  ,3.374222317580e+00  ,3.085883571682e+00  ,2.806769513263e+00  ,2.520090565501e+00  ,2.226431297125e+00  ,1.944900197367e+00  ,1.670465788714e+00  ,1.413084290036e+00  ,1.155742461668e+00  ,9.022791411324e-01  ,6.661848022819e-01  ,4.768686501784e-01  ,2.970713636772e-01  ,1.530254385276e-01  ,4.664125995198e-02  ,1.290679043632e-02  ,9.502454528506e-03  ,1.041035106357e-02  ,1.160714180004e-02  ,1.249160167069e-02  
  4.210117382766e-06  ,3.374222317580e+00  ,3.085883571682e+00  ,2.806769513263e+00  ,2.520090565501e+00  ,2.226431297125e+00  ,1.944900197367e+00  ,1.670465788714e+00  ,1.413084290036e+00  ,1.155742461668e+00  ,9.022791411324e-01  ,6.661848022819e-01  ,4.768686501784e-01  ,2.970713636772e-01  ,1.530254385276e-01  ,4.664125995198e-02  ,1.290679043632e-02  ,9.502454528506e-03  ,1.041035106357e-02  ,1.160714180004e-02  ,1.249160167069e-02  
  4.211117436947e-06  ,3.374222317580e+00  ,3.085883571682e+00  ,2.806769513263e+00  ,2.520090565501e+00  ,2.226431297125e+00  ,1.944900197367e+00  ,1.670465788714e+00  ,1.413084290036e+00  ,1.155742461668e+00  ,9.022791411324e-01  ,6.661848022819e-01  ,4.768686501784e-01  ,2.970713636772e-01  ,1.530254385276e-01  ,4.664125995198e-02  ,1.290679043632e-02  ,9.502454528506e-03  ,1.041035106357e-02  ,1.160714180004e-02  ,1.249160167069e-02  
  4.212117491127e-06  ,3.374222317580e+00  ,3.085883571682e+00  ,2.806769513263e+00  ,2.520090565501e+00  ,2.226431297125e+00  ,1.944900197367e+00  ,1.670465788714e+00  ,1.413084290036e+00  ,1.155742461668e+00  ,9.022791411324e-01  ,6.661848022819e-01  ,4.768686501784e-01  ,2.970713636772e-01  ,1.530254385276e-01  ,4.664125995198e-02  ,1.290679043632e-02  ,9.502454528506e-03  ,1.041035106357e-02  ,1.160714180004e-02  ,1.249160167069e-02  
  4.213117545308e-06  ,3.374222317580e+00  ,3.085883571682e+00  ,2.806769513263e+00  ,2.520090565501e+00  ,2.226431297125e+00  ,1.944900197367e+00  ,1.670465788714e+00  ,1.413084290036e+00  ,1.155742461668e+00  ,9.022791411324e-01  ,6.661848022819e-01  ,4.768686501784e-01  ,2.970713636772e-01  ,1.530254385276e-01  ,4.664125995198e-02  ,1.290679043632e-02  ,9.502454528506e-03  ,1.041035106357e-02  ,1.160714180004e-02  ,1.249160167069e-02  
  4.214117599488e-06  ,3.374222317580e+00  ,3.085883571682e+00  ,2.806769513263e+00  ,2.520090565501e+00  ,2.226431297125e+00  ,1.944900197367e+00  ,1.670465788714e+00  ,1.413084290036e+00  ,1.155742461668e+00  ,9.022791411324e-01  ,6.661848022819e-01  ,4.768686501784e-01  ,2.970713636772e-01  ,1.530254385276e-01  ,4.664125995198e-02  ,1.290679043632e-02  ,9.502454528506e-03  ,1.041035106357e-02  ,1.160714180004e-02  ,1.249160167069e-02  
  4.215117653669e-06  ,3.374222317580e+00  ,3.085883571682e+00  ,2.806769513263e+00  ,2.520090565501e+00  ,2.226431297125e+00  ,1.944900197367e+00  ,1.670465788714e+00  ,1.413084290036e+00  ,1.155742461668e+00  ,9.022791411324e-01  ,6.661848022819e-01  ,4.768686501784e-01  ,2.970713636772e-01  ,1.530254385276e-01  ,4.664125995198e-02  ,1.290679043632e-02  ,9.502454528506e-03  ,1.041035106357e-02  ,1.160714180004e-02  ,1.249160167069e-02  
  4.216117707850e-06  ,3.374222317580e+00  ,3.085883571682e+00  ,2.806769513263e+00  ,2.520090565501e+00  ,2.226431297125e+00  ,1.944900197367e+00  ,1.670465788714e+00  ,1.413084290036e+00  ,1.155742461668e+00  ,9.022791411324e-01  ,6.661848022819e-01  ,4.768686501784e-01  ,2.970713636772e-01  ,1.530254385276e-01  ,4.664125995198e-02  ,1.290679043632e-02  ,9.502454528506e-03  ,1.041035106357e-02  ,1.160714180004e-02  ,1.249160167069e-02  
  4.217117762030e-06  ,3.374222317580e+00  ,3.085883571682e+00  ,2.806769513263e+00  ,2.520090565501e+00  ,2.226431297125e+00  ,1.944900197367e+00  ,1.670465788714e+00  ,1.413084290036e+00  ,1.155742461668e+00  ,9.022791411324e-01  ,6.661848022819e-01  ,4.768686501784e-01  ,2.970713636772e-01  ,1.530254385276e-01  ,4.664125995198e-02  ,1.290679043632e-02  ,9.502454528506e-03  ,1.041035106357e-02  ,1.160714180004e-02  ,1.249160167069e-02  
  4.218117816211e-06  ,3.374222317580e+00  ,3.085883571682e+00  ,2.806769513263e+00  ,2.520090565501e+00  ,2.226431297125e+00  ,1.944900197367e+00  ,1.670465788714e+00  ,1.413084290036e+00  ,1.155742461668e+00  ,9.022791411324e-01  ,6.661848022819e-01  ,4.768686501784e-01  ,2.970713636772e-01  ,1.530254385276e-01  ,4.664125995198e-02  ,1.290679043632e-02  ,9.502454528506e-03  ,1.041035106357e-02  ,1.160714180004e-02  ,1.249160167069e-02  
  4.219117870391e-06  ,3.374222317580e+00  ,3.085883571682e+00  ,2.806769513263e+00  ,2.520090565501e+00  ,2.226431297125e+00  ,1.944900197367e+00  ,1.670465788714e+00  ,1.413084290036e+00  ,1.155742461668e+00  ,9.022791411324e-01  ,6.661848022819e-01  ,4.768686501784e-01  ,2.970713636772e-01  ,1.530254385276e-01  ,4.664125995198e-02  ,1.290679043632e-02  ,9.502454528506e-03  ,1.041035106357e-02  ,1.160714180004e-02  ,1.249160167069e-02  
  4.220117924572e-06  ,3.374222317580e+00  ,3.085883571682e+00  ,2.806769513263e+00  ,2.520090565501e+00  ,2.226431297125e+00  ,1.944900197367e+00  ,1.670465788714e+00  ,1.413084290036e+00  ,1.155742461668e+00  ,9.022791411324e-01  ,6.661848022819e-01  ,4.768686501784e-01  ,2.970713636772e-01  ,1.530254385276e-01  ,4.664125995198e-02  ,1.290679043632e-02  ,9.502454528506e-03  ,1.041035106357e-02  ,1.160714180004e-02  ,1.249160167069e-02  
  4.221117978753e-06  ,3.374222317580e+00  ,3.085883571682e+00  ,2.806769513263e+00  ,2.520090565501e+00  ,2.226431297125e+00  ,1.944900197367e+00  ,1.670465788714e+00  ,1.413084290036e+00  ,1.155742461668e+00  ,9.022791411324e-01  ,6.661848022819e-01  ,4.768686501784e-01  ,2.970713636772e-01  ,1.530254385276e-01  ,4.664125995198e-02  ,1.290679043632e-02  ,9.502454528506e-03  ,1.041035106357e-02  ,1.160714180004e-02  ,1.249160167069e-02  
  4.222118032933e-06  ,3.374222317580e+00  ,3.085883571682e+00  ,2.806769513263e+00  ,2.520090565501e+00  ,2.226431297125e+00  ,1.944900197367e+00  ,1.670465788714e+00  ,1.413084290036e+00  ,1.155742461668e+00  ,9.022791411324e-01  ,6.661848022819e-01  ,4.768686501784e-01  ,2.970713636772e-01  ,1.530254385276e-01  ,4.664125995198e-02  ,1.290679043632e-02  ,9.502454528506e-03  ,1.041035106357e-02  ,1.160714180004e-02  ,1.249160167069e-02  
  4.223118087114e-06  ,3.374222317580e+00  ,3.085883571682e+00  ,2.806769513263e+00  ,2.520090565501e+00  ,2.226431297125e+00  ,1.944900197367e+00  ,1.670465788714e+00  ,1.413084290036e+00  ,1.155742461668e+00  ,9.022791411324e-01  ,6.661848022819e-01  ,4.768686501784e-01  ,2.970713636772e-01  ,1.530254385276e-01  ,4.664125995198e-02  ,1.290679043632e-02  ,9.502454528506e-03  ,1.041035106357e-02  ,1.160714180004e-02  ,1.249160167069e-02  
  4.224118141295e-06  ,3.374222317580e+00  ,3.085883571682e+00  ,2.806769513263e+00  ,2.520090565501e+00  ,2.226431297125e+00  ,1.944900197367e+00  ,1.670465788714e+00  ,1.413084290036e+00  ,1.155742461668e+00  ,9.022791411324e-01  ,6.661848022819e-01  ,4.768686501784e-01  ,2.970713636772e-01  ,1.530254385276e-01  ,4.664125995198e-02  ,1.290679043632e-02  ,9.502454528506e-03  ,1.041035106357e-02  ,1.160714180004e-02  ,1.249160167069e-02  
  4.225118195475e-06  ,3.374222317580e+00  ,3.085883571682e+00  ,2.806769513263e+00  ,2.520090565501e+00  ,2.226431297125e+00  ,1.944900197367e+00  ,1.670465788714e+00  ,1.413084290036e+00  ,1.155742461668e+00  ,9.022791411324e-01  ,6.661848022819e-01  ,4.768686501784e-01  ,2.970713636772e-01  ,1.530254385276e-01  ,4.664125995198e-02  ,1.290679043632e-02  ,9.502454528506e-03  ,1.041035106357e-02  ,1.160714180004e-02  ,1.249160167069e-02  
  4.226118249656e-06  ,3.374222317580e+00  ,3.085883571682e+00  ,2.806769513263e+00  ,2.520090565501e+00  ,2.226431297125e+00  ,1.944900197367e+00  ,1.670465788714e+00  ,1.413084290036e+00  ,1.155742461668e+00  ,9.022791411324e-01  ,6.661848022819e-01  ,4.768686501784e-01  ,2.970713636772e-01  ,1.530254385276e-01  ,4.664125995198e-02  ,1.290679043632e-02  ,9.502454528506e-03  ,1.041035106357e-02  ,1.160714180004e-02  ,1.249160167069e-02  
  4.227118303836e-06  ,3.374222317580e+00  ,3.085883571682e+00  ,2.806769513263e+00  ,2.520090565501e+00  ,2.226431297125e+00  ,1.944900197367e+00  ,1.670465788714e+00  ,1.413084290036e+00  ,1.155742461668e+00  ,9.022791411324e-01  ,6.661848022819e-01  ,4.768686501784e-01  ,2.970713636772e-01  ,1.530254385276e-01  ,4.664125995198e-02  ,1.290679043632e-02  ,9.502454528506e-03  ,1.041035106357e-02  ,1.160714180004e-02  ,1.249160167069e-02  
  4.228118358017e-06  ,3.374222317580e+00  ,3.085883571682e+00  ,2.806769513263e+00  ,2.520090565501e+00  ,2.226431297125e+00  ,1.944900197367e+00  ,1.670465788714e+00  ,1.413084290036e+00  ,1.155742461668e+00  ,9.022791411324e-01  ,6.661848022819e-01  ,4.768686501784e-01  ,2.970713636772e-01  ,1.530254385276e-01  ,4.664125995198e-02  ,1.290679043632e-02  ,9.502454528506e-03  ,1.041035106357e-02  ,1.160714180004e-02  ,1.249160167069e-02  
  4.229118412198e-06  ,3.374222317580e+00  ,3.085883571682e+00  ,2.806769513263e+00  ,2.520090565501e+00  ,2.226431297125e+00  ,1.944900197367e+00  ,1.670465788714e+00  ,1.413084290036e+00  ,1.155742461668e+00  ,9.022791411324e-01  ,6.661848022819e-01  ,4.768686501784e-01  ,2.970713636772e-01  ,1.530254385276e-01  ,4.664125995198e-02  ,1.290679043632e-02  ,9.502454528506e-03  ,1.041035106357e-02  ,1.160714180004e-02  ,1.249160167069e-02  
  4.230118466378e-06  ,3.374222317580e+00  ,3.085883571682e+00  ,2.806769513263e+00  ,2.520090565501e+00  ,2.226431297125e+00  ,1.944900197367e+00  ,1.670465788714e+00  ,1.413084290036e+00  ,1.155742461668e+00  ,9.022791411324e-01  ,6.661848022819e-01  ,4.768686501784e-01  ,2.970713636772e-01  ,1.530254385276e-01  ,4.664125995198e-02  ,1.290679043632e-02  ,9.502454528506e-03  ,1.041035106357e-02  ,1.160714180004e-02  ,1.249160167069e-02  
  4.231118520559e-06  ,3.374222317580e+00  ,3.085883571682e+00  ,2.806769513263e+00  ,2.520090565501e+00  ,2.226431297125e+00  ,1.944900197367e+00  ,1.670465788714e+00  ,1.413084290036e+00  ,1.155742461668e+00  ,9.022791411324e-01  ,6.661848022819e-01  ,4.768686501784e-01  ,2.970713636772e-01  ,1.530254385276e-01  ,4.664125995198e-02  ,1.290679043632e-02  ,9.502454528506e-03  ,1.041035106357e-02  ,1.160714180004e-02  ,1.249160167069e-02  
  4.232118574740e-06  ,3.374222317580e+00  ,3.085883571682e+00  ,2.806769513263e+00  ,2.520090565501e+00  ,2.226431297125e+00  ,1.944900197367e+00  ,1.670465788714e+00  ,1.413084290036e+00  ,1.155742461668e+00  ,9.022791411324e-01  ,6.661848022819e-01  ,4.768686501784e-01  ,2.970713636772e-01  ,1.530254385276e-01  ,4.664125995198e-02  ,1.290679043632e-02  ,9.502454528506e-03  ,1.041035106357e-02  ,1.160714180004e-02  ,1.249160167069e-02  
  4.233118628920e-06  ,3.374222317580e+00  ,3.085883571682e+00  ,2.806769513263e+00  ,2.520090565501e+00  ,2.226431297125e+00  ,1.944900197367e+00  ,1.670465788714e+00  ,1.413084290036e+00  ,1.155742461668e+00  ,9.022791411324e-01  ,6.661848022819e-01  ,4.768686501784e-01  ,2.970713636772e-01  ,1.530254385276e-01  ,4.664125995198e-02  ,1.290679043632e-02  ,9.502454528506e-03  ,1.041035106357e-02  ,1.160714180004e-02  ,1.249160167069e-02  
  4.234118683101e-06  ,3.374222317580e+00  ,3.085883571682e+00  ,2.806769513263e+00  ,2.520090565501e+00  ,2.226431297125e+00  ,1.944900197367e+00  ,1.670465788714e+00  ,1.413084290036e+00  ,1.155742461668e+00  ,9.022791411324e-01  ,6.661848022819e-01  ,4.768686501784e-01  ,2.970713636772e-01  ,1.530254385276e-01  ,4.664125995198e-02  ,1.290679043632e-02  ,9.502454528506e-03  ,1.041035106357e-02  ,1.160714180004e-02  ,1.249160167069e-02  
  4.235118737281e-06  ,3.374222317580e+00  ,3.085883571682e+00  ,2.806769513263e+00  ,2.520090565501e+00  ,2.226431297125e+00  ,1.944900197367e+00  ,1.670465788714e+00  ,1.413084290036e+00  ,1.155742461668e+00  ,9.022791411324e-01  ,6.661848022819e-01  ,4.768686501784e-01  ,2.970713636772e-01  ,1.530254385276e-01  ,4.664125995198e-02  ,1.290679043632e-02  ,9.502454528506e-03  ,1.041035106357e-02  ,1.160714180004e-02  ,1.249160167069e-02  
  4.236118791462e-06  ,3.374222317580e+00  ,3.085883571682e+00  ,2.806769513263e+00  ,2.520090565501e+00  ,2.226431297125e+00  ,1.944900197367e+00  ,1.670465788714e+00  ,1.413084290036e+00  ,1.155742461668e+00  ,9.022791411324e-01  ,6.661848022819e-01  ,4.768686501784e-01  ,2.970713636772e-01  ,1.530254385276e-01  ,4.664125995198e-02  ,1.290679043632e-02  ,9.502454528506e-03  ,1.041035106357e-02  ,1.160714180004e-02  ,1.249160167069e-02  
  4.237118845643e-06  ,3.374222317580e+00  ,3.085883571682e+00  ,2.806769513263e+00  ,2.520090565501e+00  ,2.226431297125e+00  ,1.944900197367e+00  ,1.670465788714e+00  ,1.413084290036e+00  ,1.155742461668e+00  ,9.022791411324e-01  ,6.661848022819e-01  ,4.768686501784e-01  ,2.970713636772e-01  ,1.530254385276e-01  ,4.664125995198e-02  ,1.290679043632e-02  ,9.502454528506e-03  ,1.041035106357e-02  ,1.160714180004e-02  ,1.249160167069e-02  
  4.238118899823e-06  ,3.374222317580e+00  ,3.085883571682e+00  ,2.806769513263e+00  ,2.520090565501e+00  ,2.226431297125e+00  ,1.944900197367e+00  ,1.670465788714e+00  ,1.413084290036e+00  ,1.155742461668e+00  ,9.022791411324e-01  ,6.661848022819e-01  ,4.768686501784e-01  ,2.970713636772e-01  ,1.530254385276e-01  ,4.664125995198e-02  ,1.290679043632e-02  ,9.502454528506e-03  ,1.041035106357e-02  ,1.160714180004e-02  ,1.249160167069e-02  
  4.239118954004e-06  ,3.374222317580e+00  ,3.085883571682e+00  ,2.806769513263e+00  ,2.520090565501e+00  ,2.226431297125e+00  ,1.944900197367e+00  ,1.670465788714e+00  ,1.413084290036e+00  ,1.155742461668e+00  ,9.022791411324e-01  ,6.661848022819e-01  ,4.768686501784e-01  ,2.970713636772e-01  ,1.530254385276e-01  ,4.664125995198e-02  ,1.290679043632e-02  ,9.502454528506e-03  ,1.041035106357e-02  ,1.160714180004e-02  ,1.249160167069e-02  
  4.240119008185e-06  ,3.374222317580e+00  ,3.085883571682e+00  ,2.806769513263e+00  ,2.520090565501e+00  ,2.226431297125e+00  ,1.944900197367e+00  ,1.670465788714e+00  ,1.413084290036e+00  ,1.155742461668e+00  ,9.022791411324e-01  ,6.661848022819e-01  ,4.768686501784e-01  ,2.970713636772e-01  ,1.530254385276e-01  ,4.664125995198e-02  ,1.290679043632e-02  ,9.502454528506e-03  ,1.041035106357e-02  ,1.160714180004e-02  ,1.249160167069e-02  
  4.241119062365e-06  ,3.374222317580e+00  ,3.085883571682e+00  ,2.806769513263e+00  ,2.520090565501e+00  ,2.226431297125e+00  ,1.944900197367e+00  ,1.670465788714e+00  ,1.413084290036e+00  ,1.155742461668e+00  ,9.022791411324e-01  ,6.661848022819e-01  ,4.768686501784e-01  ,2.970713636772e-01  ,1.530254385276e-01  ,4.664125995198e-02  ,1.290679043632e-02  ,9.502454528506e-03  ,1.041035106357e-02  ,1.160714180004e-02  ,1.249160167069e-02  
  4.242119116546e-06  ,3.374222317580e+00  ,3.085883571682e+00  ,2.806769513263e+00  ,2.520090565501e+00  ,2.226431297125e+00  ,1.944900197367e+00  ,1.670465788714e+00  ,1.413084290036e+00  ,1.155742461668e+00  ,9.022791411324e-01  ,6.661848022819e-01  ,4.768686501784e-01  ,2.970713636772e-01  ,1.530254385276e-01  ,4.664125995198e-02  ,1.290679043632e-02  ,9.502454528506e-03  ,1.041035106357e-02  ,1.160714180004e-02  ,1.249160167069e-02  
  4.243119170726e-06  ,3.374222317580e+00  ,3.085883571682e+00  ,2.806769513263e+00  ,2.520090565501e+00  ,2.226431297125e+00  ,1.944900197367e+00  ,1.670465788714e+00  ,1.413084290036e+00  ,1.155742461668e+00  ,9.022791411324e-01  ,6.661848022819e-01  ,4.768686501784e-01  ,2.970713636772e-01  ,1.530254385276e-01  ,4.664125995198e-02  ,1.290679043632e-02  ,9.502454528506e-03  ,1.041035106357e-02  ,1.160714180004e-02  ,1.249160167069e-02  
  4.244119224907e-06  ,3.374222317580e+00  ,3.085883571682e+00  ,2.806769513263e+00  ,2.520090565501e+00  ,2.226431297125e+00  ,1.944900197367e+00  ,1.670465788714e+00  ,1.413084290036e+00  ,1.155742461668e+00  ,9.022791411324e-01  ,6.661848022819e-01  ,4.768686501784e-01  ,2.970713636772e-01  ,1.530254385276e-01  ,4.664125995198e-02  ,1.290679043632e-02  ,9.502454528506e-03  ,1.041035106357e-02  ,1.160714180004e-02  ,1.249160167069e-02  
  4.245119279088e-06  ,3.374222317580e+00  ,3.085883571682e+00  ,2.806769513263e+00  ,2.520090565501e+00  ,2.226431297125e+00  ,1.944900197367e+00  ,1.670465788714e+00  ,1.413084290036e+00  ,1.155742461668e+00  ,9.022791411324e-01  ,6.661848022819e-01  ,4.768686501784e-01  ,2.970713636772e-01  ,1.530254385276e-01  ,4.664125995198e-02  ,1.290679043632e-02  ,9.502454528506e-03  ,1.041035106357e-02  ,1.160714180004e-02  ,1.249160167069e-02  
  4.246119333268e-06  ,3.374222317580e+00  ,3.085883571682e+00  ,2.806769513263e+00  ,2.520090565501e+00  ,2.226431297125e+00  ,1.944900197367e+00  ,1.670465788714e+00  ,1.413084290036e+00  ,1.155742461668e+00  ,9.022791411324e-01  ,6.661848022819e-01  ,4.768686501784e-01  ,2.970713636772e-01  ,1.530254385276e-01  ,4.664125995198e-02  ,1.290679043632e-02  ,9.502454528506e-03  ,1.041035106357e-02  ,1.160714180004e-02  ,1.249160167069e-02  
  4.247119387449e-06  ,3.374222317580e+00  ,3.085883571682e+00  ,2.806769513263e+00  ,2.520090565501e+00  ,2.226431297125e+00  ,1.944900197367e+00  ,1.670465788714e+00  ,1.413084290036e+00  ,1.155742461668e+00  ,9.022791411324e-01  ,6.661848022819e-01  ,4.768686501784e-01  ,2.970713636772e-01  ,1.530254385276e-01  ,4.664125995198e-02  ,1.290679043632e-02  ,9.502454528506e-03  ,1.041035106357e-02  ,1.160714180004e-02  ,1.249160167069e-02  
  4.248119441630e-06  ,3.374222317580e+00  ,3.085883571682e+00  ,2.806769513263e+00  ,2.520090565501e+00  ,2.226431297125e+00  ,1.944900197367e+00  ,1.670465788714e+00  ,1.413084290036e+00  ,1.155742461668e+00  ,9.022791411324e-01  ,6.661848022819e-01  ,4.768686501784e-01  ,2.970713636772e-01  ,1.530254385276e-01  ,4.664125995198e-02  ,1.290679043632e-02  ,9.502454528506e-03  ,1.041035106357e-02  ,1.160714180004e-02  ,1.249160167069e-02  
  4.249119495810e-06  ,3.374222317580e+00  ,3.085883571682e+00  ,2.806769513263e+00  ,2.520090565501e+00  ,2.226431297125e+00  ,1.944900197367e+00  ,1.670465788714e+00  ,1.413084290036e+00  ,1.155742461668e+00  ,9.022791411324e-01  ,6.661848022819e-01  ,4.768686501784e-01  ,2.970713636772e-01  ,1.530254385276e-01  ,4.664125995198e-02  ,1.290679043632e-02  ,9.502454528506e-03  ,1.041035106357e-02  ,1.160714180004e-02  ,1.249160167069e-02  
  4.250119549991e-06  ,3.374222317580e+00  ,3.085883571682e+00  ,2.806769513263e+00  ,2.520090565501e+00  ,2.226431297125e+00  ,1.944900197367e+00  ,1.670465788714e+00  ,1.413084290036e+00  ,1.155742461668e+00  ,9.022791411324e-01  ,6.661848022819e-01  ,4.768686501784e-01  ,2.970713636772e-01  ,1.530254385276e-01  ,4.664125995198e-02  ,1.290679043632e-02  ,9.502454528506e-03  ,1.041035106357e-02  ,1.160714180004e-02  ,1.249160167069e-02  
  4.251119604171e-06  ,3.374222317580e+00  ,3.085883571682e+00  ,2.806769513263e+00  ,2.520090565501e+00  ,2.226431297125e+00  ,1.944900197367e+00  ,1.670465788714e+00  ,1.413084290036e+00  ,1.155742461668e+00  ,9.022791411324e-01  ,6.661848022819e-01  ,4.768686501784e-01  ,2.970713636772e-01  ,1.530254385276e-01  ,4.664125995198e-02  ,1.290679043632e-02  ,9.502454528506e-03  ,1.041035106357e-02  ,1.160714180004e-02  ,1.249160167069e-02  
  4.252119658352e-06  ,3.374222317580e+00  ,3.085883571682e+00  ,2.806769513263e+00  ,2.520090565501e+00  ,2.226431297125e+00  ,1.944900197367e+00  ,1.670465788714e+00  ,1.413084290036e+00  ,1.155742461668e+00  ,9.022791411324e-01  ,6.661848022819e-01  ,4.768686501784e-01  ,2.970713636772e-01  ,1.530254385276e-01  ,4.664125995198e-02  ,1.290679043632e-02  ,9.502454528506e-03  ,1.041035106357e-02  ,1.160714180004e-02  ,1.249160167069e-02  
  4.253119712533e-06  ,3.374222317580e+00  ,3.085883571682e+00  ,2.806769513263e+00  ,2.520090565501e+00  ,2.226431297125e+00  ,1.944900197367e+00  ,1.670465788714e+00  ,1.413084290036e+00  ,1.155742461668e+00  ,9.022791411324e-01  ,6.661848022819e-01  ,4.768686501784e-01  ,2.970713636772e-01  ,1.530254385276e-01  ,4.664125995198e-02  ,1.290679043632e-02  ,9.502454528506e-03  ,1.041035106357e-02  ,1.160714180004e-02  ,1.249160167069e-02  
  4.254119766713e-06  ,3.374222317580e+00  ,3.085883571682e+00  ,2.806769513263e+00  ,2.520090565501e+00  ,2.226431297125e+00  ,1.944900197367e+00  ,1.670465788714e+00  ,1.413084290036e+00  ,1.155742461668e+00  ,9.022791411324e-01  ,6.661848022819e-01  ,4.768686501784e-01  ,2.970713636772e-01  ,1.530254385276e-01  ,4.664125995198e-02  ,1.290679043632e-02  ,9.502454528506e-03  ,1.041035106357e-02  ,1.160714180004e-02  ,1.249160167069e-02  
  4.255119820894e-06  ,3.374222317580e+00  ,3.085883571682e+00  ,2.806769513263e+00  ,2.520090565501e+00  ,2.226431297125e+00  ,1.944900197367e+00  ,1.670465788714e+00  ,1.413084290036e+00  ,1.155742461668e+00  ,9.022791411324e-01  ,6.661848022819e-01  ,4.768686501784e-01  ,2.970713636772e-01  ,1.530254385276e-01  ,4.664125995198e-02  ,1.290679043632e-02  ,9.502454528506e-03  ,1.041035106357e-02  ,1.160714180004e-02  ,1.249160167069e-02  
  4.256119875075e-06  ,3.374222317580e+00  ,3.085883571682e+00  ,2.806769513263e+00  ,2.520090565501e+00  ,2.226431297125e+00  ,1.944900197367e+00  ,1.670465788714e+00  ,1.413084290036e+00  ,1.155742461668e+00  ,9.022791411324e-01  ,6.661848022819e-01  ,4.768686501784e-01  ,2.970713636772e-01  ,1.530254385276e-01  ,4.664125995198e-02  ,1.290679043632e-02  ,9.502454528506e-03  ,1.041035106357e-02  ,1.160714180004e-02  ,1.249160167069e-02  
  4.257119929255e-06  ,3.374222317580e+00  ,3.085883571682e+00  ,2.806769513263e+00  ,2.520090565501e+00  ,2.226431297125e+00  ,1.944900197367e+00  ,1.670465788714e+00  ,1.413084290036e+00  ,1.155742461668e+00  ,9.022791411324e-01  ,6.661848022819e-01  ,4.768686501784e-01  ,2.970713636772e-01  ,1.530254385276e-01  ,4.664125995198e-02  ,1.290679043632e-02  ,9.502454528506e-03  ,1.041035106357e-02  ,1.160714180004e-02  ,1.249160167069e-02  
  4.258119983436e-06  ,3.374222317580e+00  ,3.085883571682e+00  ,2.806769513263e+00  ,2.520090565501e+00  ,2.226431297125e+00  ,1.944900197367e+00  ,1.670465788714e+00  ,1.413084290036e+00  ,1.155742461668e+00  ,9.022791411324e-01  ,6.661848022819e-01  ,4.768686501784e-01  ,2.970713636772e-01  ,1.530254385276e-01  ,4.664125995198e-02  ,1.290679043632e-02  ,9.502454528506e-03  ,1.041035106357e-02  ,1.160714180004e-02  ,1.249160167069e-02  
  4.259120037616e-06  ,3.374222317580e+00  ,3.085883571682e+00  ,2.806769513263e+00  ,2.520090565501e+00  ,2.226431297125e+00  ,1.944900197367e+00  ,1.670465788714e+00  ,1.413084290036e+00  ,1.155742461668e+00  ,9.022791411324e-01  ,6.661848022819e-01  ,4.768686501784e-01  ,2.970713636772e-01  ,1.530254385276e-01  ,4.664125995198e-02  ,1.290679043632e-02  ,9.502454528506e-03  ,1.041035106357e-02  ,1.160714180004e-02  ,1.249160167069e-02  
  4.260120091797e-06  ,3.374222317580e+00  ,3.085883571682e+00  ,2.806769513263e+00  ,2.520090565501e+00  ,2.226431297125e+00  ,1.944900197367e+00  ,1.670465788714e+00  ,1.413084290036e+00  ,1.155742461668e+00  ,9.022791411324e-01  ,6.661848022819e-01  ,4.768686501784e-01  ,2.970713636772e-01  ,1.530254385276e-01  ,4.664125995198e-02  ,1.290679043632e-02  ,9.502454528506e-03  ,1.041035106357e-02  ,1.160714180004e-02  ,1.249160167069e-02  
  4.261120145978e-06  ,3.374222317580e+00  ,3.085883571682e+00  ,2.806769513263e+00  ,2.520090565501e+00  ,2.226431297125e+00  ,1.944900197367e+00  ,1.670465788714e+00  ,1.413084290036e+00  ,1.155742461668e+00  ,9.022791411324e-01  ,6.661848022819e-01  ,4.768686501784e-01  ,2.970713636772e-01  ,1.530254385276e-01  ,4.664125995198e-02  ,1.290679043632e-02  ,9.502454528506e-03  ,1.041035106357e-02  ,1.160714180004e-02  ,1.249160167069e-02  
  4.262120200158e-06  ,3.374222317580e+00  ,3.085883571682e+00  ,2.806769513263e+00  ,2.520090565501e+00  ,2.226431297125e+00  ,1.944900197367e+00  ,1.670465788714e+00  ,1.413084290036e+00  ,1.155742461668e+00  ,9.022791411324e-01  ,6.661848022819e-01  ,4.768686501784e-01  ,2.970713636772e-01  ,1.530254385276e-01  ,4.664125995198e-02  ,1.290679043632e-02  ,9.502454528506e-03  ,1.041035106357e-02  ,1.160714180004e-02  ,1.249160167069e-02  
  4.263120254339e-06  ,3.374222317580e+00  ,3.085883571682e+00  ,2.806769513263e+00  ,2.520090565501e+00  ,2.226431297125e+00  ,1.944900197367e+00  ,1.670465788714e+00  ,1.413084290036e+00  ,1.155742461668e+00  ,9.022791411324e-01  ,6.661848022819e-01  ,4.768686501784e-01  ,2.970713636772e-01  ,1.530254385276e-01  ,4.664125995198e-02  ,1.290679043632e-02  ,9.502454528506e-03  ,1.041035106357e-02  ,1.160714180004e-02  ,1.249160167069e-02  
  4.264120308519e-06  ,3.374222317580e+00  ,3.085883571682e+00  ,2.806769513263e+00  ,2.520090565501e+00  ,2.226431297125e+00  ,1.944900197367e+00  ,1.670465788714e+00  ,1.413084290036e+00  ,1.155742461668e+00  ,9.022791411324e-01  ,6.661848022819e-01  ,4.768686501784e-01  ,2.970713636772e-01  ,1.530254385276e-01  ,4.664125995198e-02  ,1.290679043632e-02  ,9.502454528506e-03  ,1.041035106357e-02  ,1.160714180004e-02  ,1.249160167069e-02  
  4.265120362700e-06  ,3.374222317580e+00  ,3.085883571682e+00  ,2.806769513263e+00  ,2.520090565501e+00  ,2.226431297125e+00  ,1.944900197367e+00  ,1.670465788714e+00  ,1.413084290036e+00  ,1.155742461668e+00  ,9.022791411324e-01  ,6.661848022819e-01  ,4.768686501784e-01  ,2.970713636772e-01  ,1.530254385276e-01  ,4.664125995198e-02  ,1.290679043632e-02  ,9.502454528506e-03  ,1.041035106357e-02  ,1.160714180004e-02  ,1.249160167069e-02  
  4.266120416881e-06  ,3.374222317580e+00  ,3.085883571682e+00  ,2.806769513263e+00  ,2.520090565501e+00  ,2.226431297125e+00  ,1.944900197367e+00  ,1.670465788714e+00  ,1.413084290036e+00  ,1.155742461668e+00  ,9.022791411324e-01  ,6.661848022819e-01  ,4.768686501784e-01  ,2.970713636772e-01  ,1.530254385276e-01  ,4.664125995198e-02  ,1.290679043632e-02  ,9.502454528506e-03  ,1.041035106357e-02  ,1.160714180004e-02  ,1.249160167069e-02  
  4.267120471061e-06  ,3.374222317580e+00  ,3.085883571682e+00  ,2.806769513263e+00  ,2.520090565501e+00  ,2.226431297125e+00  ,1.944900197367e+00  ,1.670465788714e+00  ,1.413084290036e+00  ,1.155742461668e+00  ,9.022791411324e-01  ,6.661848022819e-01  ,4.768686501784e-01  ,2.970713636772e-01  ,1.530254385276e-01  ,4.664125995198e-02  ,1.290679043632e-02  ,9.502454528506e-03  ,1.041035106357e-02  ,1.160714180004e-02  ,1.249160167069e-02  
  4.268120525242e-06  ,3.374222317580e+00  ,3.085883571682e+00  ,2.806769513263e+00  ,2.520090565501e+00  ,2.226431297125e+00  ,1.944900197367e+00  ,1.670465788714e+00  ,1.413084290036e+00  ,1.155742461668e+00  ,9.022791411324e-01  ,6.661848022819e-01  ,4.768686501784e-01  ,2.970713636772e-01  ,1.530254385276e-01  ,4.664125995198e-02  ,1.290679043632e-02  ,9.502454528506e-03  ,1.041035106357e-02  ,1.160714180004e-02  ,1.249160167069e-02  
  4.269120579423e-06  ,3.374222317580e+00  ,3.085883571682e+00  ,2.806769513263e+00  ,2.520090565501e+00  ,2.226431297125e+00  ,1.944900197367e+00  ,1.670465788714e+00  ,1.413084290036e+00  ,1.155742461668e+00  ,9.022791411324e-01  ,6.661848022819e-01  ,4.768686501784e-01  ,2.970713636772e-01  ,1.530254385276e-01  ,4.664125995198e-02  ,1.290679043632e-02  ,9.502454528506e-03  ,1.041035106357e-02  ,1.160714180004e-02  ,1.249160167069e-02  
  4.270120633603e-06  ,3.374222317580e+00  ,3.085883571682e+00  ,2.806769513263e+00  ,2.520090565501e+00  ,2.226431297125e+00  ,1.944900197367e+00  ,1.670465788714e+00  ,1.413084290036e+00  ,1.155742461668e+00  ,9.022791411324e-01  ,6.661848022819e-01  ,4.768686501784e-01  ,2.970713636772e-01  ,1.530254385276e-01  ,4.664125995198e-02  ,1.290679043632e-02  ,9.502454528506e-03  ,1.041035106357e-02  ,1.160714180004e-02  ,1.249160167069e-02  
  4.271120687784e-06  ,3.374222317580e+00  ,3.085883571682e+00  ,2.806769513263e+00  ,2.520090565501e+00  ,2.226431297125e+00  ,1.944900197367e+00  ,1.670465788714e+00  ,1.413084290036e+00  ,1.155742461668e+00  ,9.022791411324e-01  ,6.661848022819e-01  ,4.768686501784e-01  ,2.970713636772e-01  ,1.530254385276e-01  ,4.664125995198e-02  ,1.290679043632e-02  ,9.502454528506e-03  ,1.041035106357e-02  ,1.160714180004e-02  ,1.249160167069e-02  
  4.272120741964e-06  ,3.374222317580e+00  ,3.085883571682e+00  ,2.806769513263e+00  ,2.520090565501e+00  ,2.226431297125e+00  ,1.944900197367e+00  ,1.670465788714e+00  ,1.413084290036e+00  ,1.155742461668e+00  ,9.022791411324e-01  ,6.661848022819e-01  ,4.768686501784e-01  ,2.970713636772e-01  ,1.530254385276e-01  ,4.664125995198e-02  ,1.290679043632e-02  ,9.502454528506e-03  ,1.041035106357e-02  ,1.160714180004e-02  ,1.249160167069e-02  
  4.273120796145e-06  ,3.374222317580e+00  ,3.085883571682e+00  ,2.806769513263e+00  ,2.520090565501e+00  ,2.226431297125e+00  ,1.944900197367e+00  ,1.670465788714e+00  ,1.413084290036e+00  ,1.155742461668e+00  ,9.022791411324e-01  ,6.661848022819e-01  ,4.768686501784e-01  ,2.970713636772e-01  ,1.530254385276e-01  ,4.664125995198e-02  ,1.290679043632e-02  ,9.502454528506e-03  ,1.041035106357e-02  ,1.160714180004e-02  ,1.249160167069e-02  
  4.274120850326e-06  ,3.374222317580e+00  ,3.085883571682e+00  ,2.806769513263e+00  ,2.520090565501e+00  ,2.226431297125e+00  ,1.944900197367e+00  ,1.670465788714e+00  ,1.413084290036e+00  ,1.155742461668e+00  ,9.022791411324e-01  ,6.661848022819e-01  ,4.768686501784e-01  ,2.970713636772e-01  ,1.530254385276e-01  ,4.664125995198e-02  ,1.290679043632e-02  ,9.502454528506e-03  ,1.041035106357e-02  ,1.160714180004e-02  ,1.249160167069e-02  
  4.275120904506e-06  ,3.374222317580e+00  ,3.085883571682e+00  ,2.806769513263e+00  ,2.520090565501e+00  ,2.226431297125e+00  ,1.944900197367e+00  ,1.670465788714e+00  ,1.413084290036e+00  ,1.155742461668e+00  ,9.022791411324e-01  ,6.661848022819e-01  ,4.768686501784e-01  ,2.970713636772e-01  ,1.530254385276e-01  ,4.664125995198e-02  ,1.290679043632e-02  ,9.502454528506e-03  ,1.041035106357e-02  ,1.160714180004e-02  ,1.249160167069e-02  
  4.276120958687e-06  ,3.374222317580e+00  ,3.085883571682e+00  ,2.806769513263e+00  ,2.520090565501e+00  ,2.226431297125e+00  ,1.944900197367e+00  ,1.670465788714e+00  ,1.413084290036e+00  ,1.155742461668e+00  ,9.022791411324e-01  ,6.661848022819e-01  ,4.768686501784e-01  ,2.970713636772e-01  ,1.530254385276e-01  ,4.664125995198e-02  ,1.290679043632e-02  ,9.502454528506e-03  ,1.041035106357e-02  ,1.160714180004e-02  ,1.249160167069e-02  
  4.277121012868e-06  ,3.374222317580e+00  ,3.085883571682e+00  ,2.806769513263e+00  ,2.520090565501e+00  ,2.226431297125e+00  ,1.944900197367e+00  ,1.670465788714e+00  ,1.413084290036e+00  ,1.155742461668e+00  ,9.022791411324e-01  ,6.661848022819e-01  ,4.768686501784e-01  ,2.970713636772e-01  ,1.530254385276e-01  ,4.664125995198e-02  ,1.290679043632e-02  ,9.502454528506e-03  ,1.041035106357e-02  ,1.160714180004e-02  ,1.249160167069e-02  
  4.278121067048e-06  ,3.374222317580e+00  ,3.085883571682e+00  ,2.806769513263e+00  ,2.520090565501e+00  ,2.226431297125e+00  ,1.944900197367e+00  ,1.670465788714e+00  ,1.413084290036e+00  ,1.155742461668e+00  ,9.022791411324e-01  ,6.661848022819e-01  ,4.768686501784e-01  ,2.970713636772e-01  ,1.530254385276e-01  ,4.664125995198e-02  ,1.290679043632e-02  ,9.502454528506e-03  ,1.041035106357e-02  ,1.160714180004e-02  ,1.249160167069e-02  
  4.279121121229e-06  ,3.374222317580e+00  ,3.085883571682e+00  ,2.806769513263e+00  ,2.520090565501e+00  ,2.226431297125e+00  ,1.944900197367e+00  ,1.670465788714e+00  ,1.413084290036e+00  ,1.155742461668e+00  ,9.022791411324e-01  ,6.661848022819e-01  ,4.768686501784e-01  ,2.970713636772e-01  ,1.530254385276e-01  ,4.664125995198e-02  ,1.290679043632e-02  ,9.502454528506e-03  ,1.041035106357e-02  ,1.160714180004e-02  ,1.249160167069e-02  
  4.280121175409e-06  ,3.374222317580e+00  ,3.085883571682e+00  ,2.806769513263e+00  ,2.520090565501e+00  ,2.226431297125e+00  ,1.944900197367e+00  ,1.670465788714e+00  ,1.413084290036e+00  ,1.155742461668e+00  ,9.022791411324e-01  ,6.661848022819e-01  ,4.768686501784e-01  ,2.970713636772e-01  ,1.530254385276e-01  ,4.664125995198e-02  ,1.290679043632e-02  ,9.502454528506e-03  ,1.041035106357e-02  ,1.160714180004e-02  ,1.249160167069e-02  
  4.281121229590e-06  ,3.374222317580e+00  ,3.085883571682e+00  ,2.806769513263e+00  ,2.520090565501e+00  ,2.226431297125e+00  ,1.944900197367e+00  ,1.670465788714e+00  ,1.413084290036e+00  ,1.155742461668e+00  ,9.022791411324e-01  ,6.661848022819e-01  ,4.768686501784e-01  ,2.970713636772e-01  ,1.530254385276e-01  ,4.664125995198e-02  ,1.290679043632e-02  ,9.502454528506e-03  ,1.041035106357e-02  ,1.160714180004e-02  ,1.249160167069e-02  
  4.282121283771e-06  ,3.374222317580e+00  ,3.085883571682e+00  ,2.806769513263e+00  ,2.520090565501e+00  ,2.226431297125e+00  ,1.944900197367e+00  ,1.670465788714e+00  ,1.413084290036e+00  ,1.155742461668e+00  ,9.022791411324e-01  ,6.661848022819e-01  ,4.768686501784e-01  ,2.970713636772e-01  ,1.530254385276e-01  ,4.664125995198e-02  ,1.290679043632e-02  ,9.502454528506e-03  ,1.041035106357e-02  ,1.160714180004e-02  ,1.249160167069e-02  
  4.283121337951e-06  ,3.374222317580e+00  ,3.085883571682e+00  ,2.806769513263e+00  ,2.520090565501e+00  ,2.226431297125e+00  ,1.944900197367e+00  ,1.670465788714e+00  ,1.413084290036e+00  ,1.155742461668e+00  ,9.022791411324e-01  ,6.661848022819e-01  ,4.768686501784e-01  ,2.970713636772e-01  ,1.530254385276e-01  ,4.664125995198e-02  ,1.290679043632e-02  ,9.502454528506e-03  ,1.041035106357e-02  ,1.160714180004e-02  ,1.249160167069e-02  
  4.283537963651e-06  ,3.374222317580e+00  ,3.085883571682e+00  ,2.806769513263e+00  ,2.520090565501e+00  ,2.226431297125e+00  ,1.944900197367e+00  ,1.670465788714e+00  ,1.413084290036e+00  ,1.155742461668e+00  ,9.022791411324e-01  ,6.661848022819e-01  ,4.768686501784e-01  ,2.970713636772e-01  ,1.530254385276e-01  ,4.664125995198e-02  ,1.290679043632e-02  ,9.502454528506e-03  ,1.041035106357e-02  ,1.160714180004e-02  ,1.249160167069e-02  
  4.283787977196e-06  ,3.374222317580e+00  ,3.085883571682e+00  ,2.806769513263e+00  ,2.520090565501e+00  ,2.226431297125e+00  ,1.944900197367e+00  ,1.670465788714e+00  ,1.413084290036e+00  ,1.155742461668e+00  ,9.022791411324e-01  ,6.661848022819e-01  ,4.768686501784e-01  ,2.970713636772e-01  ,1.530254385276e-01  ,4.664125995198e-02  ,1.290679043632e-02  ,9.502454528506e-03  ,1.041035106357e-02  ,1.160714180004e-02  ,1.249160167069e-02  
  4.284288004286e-06  ,3.374222317580e+00  ,3.085883571682e+00  ,2.806769513263e+00  ,2.520090565501e+00  ,2.226431297125e+00  ,1.944900197367e+00  ,1.670465788714e+00  ,1.413084290036e+00  ,1.155742461668e+00  ,9.022791411324e-01  ,6.661848022819e-01  ,4.768686501784e-01  ,2.970713636772e-01  ,1.530254385276e-01  ,4.664125995198e-02  ,1.290679043632e-02  ,9.502454528506e-03  ,1.041035106357e-02  ,1.160714180004e-02  ,1.249160167069e-02  
  4.284837795724e-06  ,3.374222317580e+00  ,3.085883571682e+00  ,2.806769513263e+00  ,2.520090565501e+00  ,2.226431297125e+00  ,1.944900197367e+00  ,1.670465788714e+00  ,1.413084290036e+00  ,1.155742461668e+00  ,9.022791411324e-01  ,6.661848022819e-01  ,4.768686501784e-01  ,2.970713636772e-01  ,1.530254385276e-01  ,4.664125995198e-02  ,1.290679043632e-02  ,9.502454528506e-03  ,1.041035106357e-02  ,1.160714180004e-02  ,1.249160167069e-02  
  4.285087809269e-06  ,3.374222317580e+00  ,3.085883571682e+00  ,2.806769513263e+00  ,2.520090565501e+00  ,2.226431297125e+00  ,1.944900197367e+00  ,1.670465788714e+00  ,1.413084290036e+00  ,1.155742461668e+00  ,9.022791411324e-01  ,6.661848022819e-01  ,4.768686501784e-01  ,2.970713636772e-01  ,1.530254385276e-01  ,4.664125995198e-02  ,1.290679043632e-02  ,9.502454528506e-03  ,1.041035106357e-02  ,1.160714180004e-02  ,1.249160167069e-02  
  4.285587836360e-06  ,3.374222317580e+00  ,3.085883571682e+00  ,2.806769513263e+00  ,2.520090565501e+00  ,2.226431297125e+00  ,1.944900197367e+00  ,1.670465788714e+00  ,1.413084290036e+00  ,1.155742461668e+00  ,9.022791411324e-01  ,6.661848022819e-01  ,4.768686501784e-01  ,2.970713636772e-01  ,1.530254385276e-01  ,4.664125995198e-02  ,1.290679043632e-02  ,9.502454528506e-03  ,1.041035106357e-02  ,1.160714180004e-02  ,1.249160167069e-02  
  4.286587890540e-06  ,3.374222317580e+00  ,3.085883571682e+00  ,2.806769513263e+00  ,2.520090565501e+00  ,2.226431297125e+00  ,1.944900197367e+00  ,1.670465788714e+00  ,1.413084290036e+00  ,1.155742461668e+00  ,9.022791411324e-01  ,6.661848022819e-01  ,4.768686501784e-01  ,2.970713636772e-01  ,1.530254385276e-01  ,4.664125995198e-02  ,1.290679043632e-02  ,9.502454528506e-03  ,1.041035106357e-02  ,1.160714180004e-02  ,1.249160167069e-02  
  4.287587944721e-06  ,3.374222317580e+00  ,3.085883571682e+00  ,2.806769513263e+00  ,2.520090565501e+00  ,2.226431297125e+00  ,1.944900197367e+00  ,1.670465788714e+00  ,1.413084290036e+00  ,1.155742461668e+00  ,9.022791411324e-01  ,6.661848022819e-01  ,4.768686501784e-01  ,2.970713636772e-01  ,1.530254385276e-01  ,4.664125995198e-02  ,1.290679043632e-02  ,9.502454528506e-03  ,1.041035106357e-02  ,1.160714180004e-02  ,1.249160167069e-02  
  4.288587998902e-06  ,3.374222317580e+00  ,3.085883571682e+00  ,2.806769513263e+00  ,2.520090565501e+00  ,2.226431297125e+00  ,1.944900197367e+00  ,1.670465788714e+00  ,1.413084290036e+00  ,1.155742461668e+00  ,9.022791411324e-01  ,6.661848022819e-01  ,4.768686501784e-01  ,2.970713636772e-01  ,1.530254385276e-01  ,4.664125995198e-02  ,1.290679043632e-02  ,9.502454528506e-03  ,1.041035106357e-02  ,1.160714180004e-02  ,1.249160167069e-02  
  4.289588053082e-06  ,3.374222317580e+00  ,3.085883571682e+00  ,2.806769513263e+00  ,2.520090565501e+00  ,2.226431297125e+00  ,1.944900197367e+00  ,1.670465788714e+00  ,1.413084290036e+00  ,1.155742461668e+00  ,9.022791411324e-01  ,6.661848022819e-01  ,4.768686501784e-01  ,2.970713636772e-01  ,1.530254385276e-01  ,4.664125995198e-02  ,1.290679043632e-02  ,9.502454528506e-03  ,1.041035106357e-02  ,1.160714180004e-02  ,1.249160167069e-02  
  4.290588107263e-06  ,3.374222317580e+00  ,3.085883571682e+00  ,2.806769513263e+00  ,2.520090565501e+00  ,2.226431297125e+00  ,1.944900197367e+00  ,1.670465788714e+00  ,1.413084290036e+00  ,1.155742461668e+00  ,9.022791411324e-01  ,6.661848022819e-01  ,4.768686501784e-01  ,2.970713636772e-01  ,1.530254385276e-01  ,4.664125995198e-02  ,1.290679043632e-02  ,9.502454528506e-03  ,1.041035106357e-02  ,1.160714180004e-02  ,1.249160167069e-02  
  4.291588161444e-06  ,3.374222317580e+00  ,3.085883571682e+00  ,2.806769513263e+00  ,2.520090565501e+00  ,2.226431297125e+00  ,1.944900197367e+00  ,1.670465788714e+00  ,1.413084290036e+00  ,1.155742461668e+00  ,9.022791411324e-01  ,6.661848022819e-01  ,4.768686501784e-01  ,2.970713636772e-01  ,1.530254385276e-01  ,4.664125995198e-02  ,1.290679043632e-02  ,9.502454528506e-03  ,1.041035106357e-02  ,1.160714180004e-02  ,1.249160167069e-02  
  4.292588215624e-06  ,3.374222317580e+00  ,3.085883571682e+00  ,2.806769513263e+00  ,2.520090565501e+00  ,2.226431297125e+00  ,1.944900197367e+00  ,1.670465788714e+00  ,1.413084290036e+00  ,1.155742461668e+00  ,9.022791411324e-01  ,6.661848022819e-01  ,4.768686501784e-01  ,2.970713636772e-01  ,1.530254385276e-01  ,4.664125995198e-02  ,1.290679043632e-02  ,9.502454528506e-03  ,1.041035106357e-02  ,1.160714180004e-02  ,1.249160167069e-02  
  4.293588269805e-06  ,3.374222317580e+00  ,3.085883571682e+00  ,2.806769513263e+00  ,2.520090565501e+00  ,2.226431297125e+00  ,1.944900197367e+00  ,1.670465788714e+00  ,1.413084290036e+00  ,1.155742461668e+00  ,9.022791411324e-01  ,6.661848022819e-01  ,4.768686501784e-01  ,2.970713636772e-01  ,1.530254385276e-01  ,4.664125995198e-02  ,1.290679043632e-02  ,9.502454528506e-03  ,1.041035106357e-02  ,1.160714180004e-02  ,1.249160167069e-02  
  4.294588323985e-06  ,3.374222317580e+00  ,3.085883571682e+00  ,2.806769513263e+00  ,2.520090565501e+00  ,2.226431297125e+00  ,1.944900197367e+00  ,1.670465788714e+00  ,1.413084290036e+00  ,1.155742461668e+00  ,9.022791411324e-01  ,6.661848022819e-01  ,4.768686501784e-01  ,2.970713636772e-01  ,1.530254385276e-01  ,4.664125995198e-02  ,1.290679043632e-02  ,9.502454528506e-03  ,1.041035106357e-02  ,1.160714180004e-02  ,1.249160167069e-02  
  4.295588378166e-06  ,3.374222317580e+00  ,3.085883571682e+00  ,2.806769513263e+00  ,2.520090565501e+00  ,2.226431297125e+00  ,1.944900197367e+00  ,1.670465788714e+00  ,1.413084290036e+00  ,1.155742461668e+00  ,9.022791411324e-01  ,6.661848022819e-01  ,4.768686501784e-01  ,2.970713636772e-01  ,1.530254385276e-01  ,4.664125995198e-02  ,1.290679043632e-02  ,9.502454528506e-03  ,1.041035106357e-02  ,1.160714180004e-02  ,1.249160167069e-02  
  4.296588432347e-06  ,3.374222317580e+00  ,3.085883571682e+00  ,2.806769513263e+00  ,2.520090565501e+00  ,2.226431297125e+00  ,1.944900197367e+00  ,1.670465788714e+00  ,1.413084290036e+00  ,1.155742461668e+00  ,9.022791411324e-01  ,6.661848022819e-01  ,4.768686501784e-01  ,2.970713636772e-01  ,1.530254385276e-01  ,4.664125995198e-02  ,1.290679043632e-02  ,9.502454528506e-03  ,1.041035106357e-02  ,1.160714180004e-02  ,1.249160167069e-02  
  4.297588486527e-06  ,3.374222317580e+00  ,3.085883571682e+00  ,2.806769513263e+00  ,2.520090565501e+00  ,2.226431297125e+00  ,1.944900197367e+00  ,1.670465788714e+00  ,1.413084290036e+00  ,1.155742461668e+00  ,9.022791411324e-01  ,6.661848022819e-01  ,4.768686501784e-01  ,2.970713636772e-01  ,1.530254385276e-01  ,4.664125995198e-02  ,1.290679043632e-02  ,9.502454528506e-03  ,1.041035106357e-02  ,1.160714180004e-02  ,1.249160167069e-02  
  4.298588540708e-06  ,3.374222317580e+00  ,3.085883571682e+00  ,2.806769513263e+00  ,2.520090565501e+00  ,2.226431297125e+00  ,1.944900197367e+00  ,1.670465788714e+00  ,1.413084290036e+00  ,1.155742461668e+00  ,9.022791411324e-01  ,6.661848022819e-01  ,4.768686501784e-01  ,2.970713636772e-01  ,1.530254385276e-01  ,4.664125995198e-02  ,1.290679043632e-02  ,9.502454528506e-03  ,1.041035106357e-02  ,1.160714180004e-02  ,1.249160167069e-02  
  4.299588594888e-06  ,3.374222317580e+00  ,3.085883571682e+00  ,2.806769513263e+00  ,2.520090565501e+00  ,2.226431297125e+00  ,1.944900197367e+00  ,1.670465788714e+00  ,1.413084290036e+00  ,1.155742461668e+00  ,9.022791411324e-01  ,6.661848022819e-01  ,4.768686501784e-01  ,2.970713636772e-01  ,1.530254385276e-01  ,4.664125995198e-02  ,1.290679043632e-02  ,9.502454528506e-03  ,1.041035106357e-02  ,1.160714180004e-02  ,1.249160167069e-02  
  4.300588649069e-06  ,3.374222317580e+00  ,3.085883571682e+00  ,2.806769513263e+00  ,2.520090565501e+00  ,2.226431297125e+00  ,1.944900197367e+00  ,1.670465788714e+00  ,1.413084290036e+00  ,1.155742461668e+00  ,9.022791411324e-01  ,6.661848022819e-01  ,4.768686501784e-01  ,2.970713636772e-01  ,1.530254385276e-01  ,4.664125995198e-02  ,1.290679043632e-02  ,9.502454528506e-03  ,1.041035106357e-02  ,1.160714180004e-02  ,1.249160167069e-02  
  4.301588703250e-06  ,3.374222317580e+00  ,3.085883571682e+00  ,2.806769513263e+00  ,2.520090565501e+00  ,2.226431297125e+00  ,1.944900197367e+00  ,1.670465788714e+00  ,1.413084290036e+00  ,1.155742461668e+00  ,9.022791411324e-01  ,6.661848022819e-01  ,4.768686501784e-01  ,2.970713636772e-01  ,1.530254385276e-01  ,4.664125995198e-02  ,1.290679043632e-02  ,9.502454528506e-03  ,1.041035106357e-02  ,1.160714180004e-02  ,1.249160167069e-02  
  4.302588757430e-06  ,3.374222317580e+00  ,3.085883571682e+00  ,2.806769513263e+00  ,2.520090565501e+00  ,2.226431297125e+00  ,1.944900197367e+00  ,1.670465788714e+00  ,1.413084290036e+00  ,1.155742461668e+00  ,9.022791411324e-01  ,6.661848022819e-01  ,4.768686501784e-01  ,2.970713636772e-01  ,1.530254385276e-01  ,4.664125995198e-02  ,1.290679043632e-02  ,9.502454528506e-03  ,1.041035106357e-02  ,1.160714180004e-02  ,1.249160167069e-02  
  4.303588811611e-06  ,3.374222317580e+00  ,3.085883571682e+00  ,2.806769513263e+00  ,2.520090565501e+00  ,2.226431297125e+00  ,1.944900197367e+00  ,1.670465788714e+00  ,1.413084290036e+00  ,1.155742461668e+00  ,9.022791411324e-01  ,6.661848022819e-01  ,4.768686501784e-01  ,2.970713636772e-01  ,1.530254385276e-01  ,4.664125995198e-02  ,1.290679043632e-02  ,9.502454528506e-03  ,1.041035106357e-02  ,1.160714180004e-02  ,1.249160167069e-02  
  4.304588865792e-06  ,3.374222317580e+00  ,3.085883571682e+00  ,2.806769513263e+00  ,2.520090565501e+00  ,2.226431297125e+00  ,1.944900197367e+00  ,1.670465788714e+00  ,1.413084290036e+00  ,1.155742461668e+00  ,9.022791411324e-01  ,6.661848022819e-01  ,4.768686501784e-01  ,2.970713636772e-01  ,1.530254385276e-01  ,4.664125995198e-02  ,1.290679043632e-02  ,9.502454528506e-03  ,1.041035106357e-02  ,1.160714180004e-02  ,1.249160167069e-02  
  4.305588919972e-06  ,3.374222317580e+00  ,3.085883571682e+00  ,2.806769513263e+00  ,2.520090565501e+00  ,2.226431297125e+00  ,1.944900197367e+00  ,1.670465788714e+00  ,1.413084290036e+00  ,1.155742461668e+00  ,9.022791411324e-01  ,6.661848022819e-01  ,4.768686501784e-01  ,2.970713636772e-01  ,1.530254385276e-01  ,4.664125995198e-02  ,1.290679043632e-02  ,9.502454528506e-03  ,1.041035106357e-02  ,1.160714180004e-02  ,1.249160167069e-02  
  4.306588974153e-06  ,3.374222317580e+00  ,3.085883571682e+00  ,2.806769513263e+00  ,2.520090565501e+00  ,2.226431297125e+00  ,1.944900197367e+00  ,1.670465788714e+00  ,1.413084290036e+00  ,1.155742461668e+00  ,9.022791411324e-01  ,6.661848022819e-01  ,4.768686501784e-01  ,2.970713636772e-01  ,1.530254385276e-01  ,4.664125995198e-02  ,1.290679043632e-02  ,9.502454528506e-03  ,1.041035106357e-02  ,1.160714180004e-02  ,1.249160167069e-02  
  4.307589028333e-06  ,3.374222317580e+00  ,3.085883571682e+00  ,2.806769513263e+00  ,2.520090565501e+00  ,2.226431297125e+00  ,1.944900197367e+00  ,1.670465788714e+00  ,1.413084290036e+00  ,1.155742461668e+00  ,9.022791411324e-01  ,6.661848022819e-01  ,4.768686501784e-01  ,2.970713636772e-01  ,1.530254385276e-01  ,4.664125995198e-02  ,1.290679043632e-02  ,9.502454528506e-03  ,1.041035106357e-02  ,1.160714180004e-02  ,1.249160167069e-02  
  4.308589082514e-06  ,3.374222317580e+00  ,3.085883571682e+00  ,2.806769513263e+00  ,2.520090565501e+00  ,2.226431297125e+00  ,1.944900197367e+00  ,1.670465788714e+00  ,1.413084290036e+00  ,1.155742461668e+00  ,9.022791411324e-01  ,6.661848022819e-01  ,4.768686501784e-01  ,2.970713636772e-01  ,1.530254385276e-01  ,4.664125995198e-02  ,1.290679043632e-02  ,9.502454528506e-03  ,1.041035106357e-02  ,1.160714180004e-02  ,1.249160167069e-02  
  4.309589136695e-06  ,3.374222317580e+00  ,3.085883571682e+00  ,2.806769513263e+00  ,2.520090565501e+00  ,2.226431297125e+00  ,1.944900197367e+00  ,1.670465788714e+00  ,1.413084290036e+00  ,1.155742461668e+00  ,9.022791411324e-01  ,6.661848022819e-01  ,4.768686501784e-01  ,2.970713636772e-01  ,1.530254385276e-01  ,4.664125995198e-02  ,1.290679043632e-02  ,9.502454528506e-03  ,1.041035106357e-02  ,1.160714180004e-02  ,1.249160167069e-02  
  4.310589190875e-06  ,3.374222317580e+00  ,3.085883571682e+00  ,2.806769513263e+00  ,2.520090565501e+00  ,2.226431297125e+00  ,1.944900197367e+00  ,1.670465788714e+00  ,1.413084290036e+00  ,1.155742461668e+00  ,9.022791411324e-01  ,6.661848022819e-01  ,4.768686501784e-01  ,2.970713636772e-01  ,1.530254385276e-01  ,4.664125995198e-02  ,1.290679043632e-02  ,9.502454528506e-03  ,1.041035106357e-02  ,1.160714180004e-02  ,1.249160167069e-02  
  4.311589245056e-06  ,3.374222317580e+00  ,3.085883571682e+00  ,2.806769513263e+00  ,2.520090565501e+00  ,2.226431297125e+00  ,1.944900197367e+00  ,1.670465788714e+00  ,1.413084290036e+00  ,1.155742461668e+00  ,9.022791411324e-01  ,6.661848022819e-01  ,4.768686501784e-01  ,2.970713636772e-01  ,1.530254385276e-01  ,4.664125995198e-02  ,1.290679043632e-02  ,9.502454528506e-03  ,1.041035106357e-02  ,1.160714180004e-02  ,1.249160167069e-02  
  4.312589299237e-06  ,3.374222317580e+00  ,3.085883571682e+00  ,2.806769513263e+00  ,2.520090565501e+00  ,2.226431297125e+00  ,1.944900197367e+00  ,1.670465788714e+00  ,1.413084290036e+00  ,1.155742461668e+00  ,9.022791411324e-01  ,6.661848022819e-01  ,4.768686501784e-01  ,2.970713636772e-01  ,1.530254385276e-01  ,4.664125995198e-02  ,1.290679043632e-02  ,9.502454528506e-03  ,1.041035106357e-02  ,1.160714180004e-02  ,1.249160167069e-02  
  4.313589353417e-06  ,3.374222317580e+00  ,3.085883571682e+00  ,2.806769513263e+00  ,2.520090565501e+00  ,2.226431297125e+00  ,1.944900197367e+00  ,1.670465788714e+00  ,1.413084290036e+00  ,1.155742461668e+00  ,9.022791411324e-01  ,6.661848022819e-01  ,4.768686501784e-01  ,2.970713636772e-01  ,1.530254385276e-01  ,4.664125995198e-02  ,1.290679043632e-02  ,9.502454528506e-03  ,1.041035106357e-02  ,1.160714180004e-02  ,1.249160167069e-02  
  4.314589407598e-06  ,3.374222317580e+00  ,3.085883571682e+00  ,2.806769513263e+00  ,2.520090565501e+00  ,2.226431297125e+00  ,1.944900197367e+00  ,1.670465788714e+00  ,1.413084290036e+00  ,1.155742461668e+00  ,9.022791411324e-01  ,6.661848022819e-01  ,4.768686501784e-01  ,2.970713636772e-01  ,1.530254385276e-01  ,4.664125995198e-02  ,1.290679043632e-02  ,9.502454528506e-03  ,1.041035106357e-02  ,1.160714180004e-02  ,1.249160167069e-02  
  4.315589461778e-06  ,3.374222317580e+00  ,3.085883571682e+00  ,2.806769513263e+00  ,2.520090565501e+00  ,2.226431297125e+00  ,1.944900197367e+00  ,1.670465788714e+00  ,1.413084290036e+00  ,1.155742461668e+00  ,9.022791411324e-01  ,6.661848022819e-01  ,4.768686501784e-01  ,2.970713636772e-01  ,1.530254385276e-01  ,4.664125995198e-02  ,1.290679043632e-02  ,9.502454528506e-03  ,1.041035106357e-02  ,1.160714180004e-02  ,1.249160167069e-02  
  4.316589515959e-06  ,3.374222317580e+00  ,3.085883571682e+00  ,2.806769513263e+00  ,2.520090565501e+00  ,2.226431297125e+00  ,1.944900197367e+00  ,1.670465788714e+00  ,1.413084290036e+00  ,1.155742461668e+00  ,9.022791411324e-01  ,6.661848022819e-01  ,4.768686501784e-01  ,2.970713636772e-01  ,1.530254385276e-01  ,4.664125995198e-02  ,1.290679043632e-02  ,9.502454528506e-03  ,1.041035106357e-02  ,1.160714180004e-02  ,1.249160167069e-02  
  4.317589570140e-06  ,3.374222317580e+00  ,3.085883571682e+00  ,2.806769513263e+00  ,2.520090565501e+00  ,2.226431297125e+00  ,1.944900197367e+00  ,1.670465788714e+00  ,1.413084290036e+00  ,1.155742461668e+00  ,9.022791411324e-01  ,6.661848022819e-01  ,4.768686501784e-01  ,2.970713636772e-01  ,1.530254385276e-01  ,4.664125995198e-02  ,1.290679043632e-02  ,9.502454528506e-03  ,1.041035106357e-02  ,1.160714180004e-02  ,1.249160167069e-02  
  4.318589624320e-06  ,3.374222317580e+00  ,3.085883571682e+00  ,2.806769513263e+00  ,2.520090565501e+00  ,2.226431297125e+00  ,1.944900197367e+00  ,1.670465788714e+00  ,1.413084290036e+00  ,1.155742461668e+00  ,9.022791411324e-01  ,6.661848022819e-01  ,4.768686501784e-01  ,2.970713636772e-01  ,1.530254385276e-01  ,4.664125995198e-02  ,1.290679043632e-02  ,9.502454528506e-03  ,1.041035106357e-02  ,1.160714180004e-02  ,1.249160167069e-02  
  4.319589678501e-06  ,3.374222317580e+00  ,3.085883571682e+00  ,2.806769513263e+00  ,2.520090565501e+00  ,2.226431297125e+00  ,1.944900197367e+00  ,1.670465788714e+00  ,1.413084290036e+00  ,1.155742461668e+00  ,9.022791411324e-01  ,6.661848022819e-01  ,4.768686501784e-01  ,2.970713636772e-01  ,1.530254385276e-01  ,4.664125995198e-02  ,1.290679043632e-02  ,9.502454528506e-03  ,1.041035106357e-02  ,1.160714180004e-02  ,1.249160167069e-02  
  4.320589732682e-06  ,3.374222317580e+00  ,3.085883571682e+00  ,2.806769513263e+00  ,2.520090565501e+00  ,2.226431297125e+00  ,1.944900197367e+00  ,1.670465788714e+00  ,1.413084290036e+00  ,1.155742461668e+00  ,9.022791411324e-01  ,6.661848022819e-01  ,4.768686501784e-01  ,2.970713636772e-01  ,1.530254385276e-01  ,4.664125995198e-02  ,1.290679043632e-02  ,9.502454528506e-03  ,1.041035106357e-02  ,1.160714180004e-02  ,1.249160167069e-02  
  4.321589786862e-06  ,3.374222317580e+00  ,3.085883571682e+00  ,2.806769513263e+00  ,2.520090565501e+00  ,2.226431297125e+00  ,1.944900197367e+00  ,1.670465788714e+00  ,1.413084290036e+00  ,1.155742461668e+00  ,9.022791411324e-01  ,6.661848022819e-01  ,4.768686501784e-01  ,2.970713636772e-01  ,1.530254385276e-01  ,4.664125995198e-02  ,1.290679043632e-02  ,9.502454528506e-03  ,1.041035106357e-02  ,1.160714180004e-02  ,1.249160167069e-02  
  4.322589841043e-06  ,3.374222317580e+00  ,3.085883571682e+00  ,2.806769513263e+00  ,2.520090565501e+00  ,2.226431297125e+00  ,1.944900197367e+00  ,1.670465788714e+00  ,1.413084290036e+00  ,1.155742461668e+00  ,9.022791411324e-01  ,6.661848022819e-01  ,4.768686501784e-01  ,2.970713636772e-01  ,1.530254385276e-01  ,4.664125995198e-02  ,1.290679043632e-02  ,9.502454528506e-03  ,1.041035106357e-02  ,1.160714180004e-02  ,1.249160167069e-02  
  4.323589895223e-06  ,3.374222317580e+00  ,3.085883571682e+00  ,2.806769513263e+00  ,2.520090565501e+00  ,2.226431297125e+00  ,1.944900197367e+00  ,1.670465788714e+00  ,1.413084290036e+00  ,1.155742461668e+00  ,9.022791411324e-01  ,6.661848022819e-01  ,4.768686501784e-01  ,2.970713636772e-01  ,1.530254385276e-01  ,4.664125995198e-02  ,1.290679043632e-02  ,9.502454528506e-03  ,1.041035106357e-02  ,1.160714180004e-02  ,1.249160167069e-02  
  4.324589949404e-06  ,3.374222317580e+00  ,3.085883571682e+00  ,2.806769513263e+00  ,2.520090565501e+00  ,2.226431297125e+00  ,1.944900197367e+00  ,1.670465788714e+00  ,1.413084290036e+00  ,1.155742461668e+00  ,9.022791411324e-01  ,6.661848022819e-01  ,4.768686501784e-01  ,2.970713636772e-01  ,1.530254385276e-01  ,4.664125995198e-02  ,1.290679043632e-02  ,9.502454528506e-03  ,1.041035106357e-02  ,1.160714180004e-02  ,1.249160167069e-02  
  4.325590003585e-06  ,3.374222317580e+00  ,3.085883571682e+00  ,2.806769513263e+00  ,2.520090565501e+00  ,2.226431297125e+00  ,1.944900197367e+00  ,1.670465788714e+00  ,1.413084290036e+00  ,1.155742461668e+00  ,9.022791411324e-01  ,6.661848022819e-01  ,4.768686501784e-01  ,2.970713636772e-01  ,1.530254385276e-01  ,4.664125995198e-02  ,1.290679043632e-02  ,9.502454528506e-03  ,1.041035106357e-02  ,1.160714180004e-02  ,1.249160167069e-02  
  4.326590057765e-06  ,3.374222317580e+00  ,3.085883571682e+00  ,2.806769513263e+00  ,2.520090565501e+00  ,2.226431297125e+00  ,1.944900197367e+00  ,1.670465788714e+00  ,1.413084290036e+00  ,1.155742461668e+00  ,9.022791411324e-01  ,6.661848022819e-01  ,4.768686501784e-01  ,2.970713636772e-01  ,1.530254385276e-01  ,4.664125995198e-02  ,1.290679043632e-02  ,9.502454528506e-03  ,1.041035106357e-02  ,1.160714180004e-02  ,1.249160167069e-02  
  4.327590111946e-06  ,3.374222317580e+00  ,3.085883571682e+00  ,2.806769513263e+00  ,2.520090565501e+00  ,2.226431297125e+00  ,1.944900197367e+00  ,1.670465788714e+00  ,1.413084290036e+00  ,1.155742461668e+00  ,9.022791411324e-01  ,6.661848022819e-01  ,4.768686501784e-01  ,2.970713636772e-01  ,1.530254385276e-01  ,4.664125995198e-02  ,1.290679043632e-02  ,9.502454528506e-03  ,1.041035106357e-02  ,1.160714180004e-02  ,1.249160167069e-02  
  4.328590166127e-06  ,3.374222317580e+00  ,3.085883571682e+00  ,2.806769513263e+00  ,2.520090565501e+00  ,2.226431297125e+00  ,1.944900197367e+00  ,1.670465788714e+00  ,1.413084290036e+00  ,1.155742461668e+00  ,9.022791411324e-01  ,6.661848022819e-01  ,4.768686501784e-01  ,2.970713636772e-01  ,1.530254385276e-01  ,4.664125995198e-02  ,1.290679043632e-02  ,9.502454528506e-03  ,1.041035106357e-02  ,1.160714180004e-02  ,1.249160167069e-02  
  4.329590220307e-06  ,3.374222317580e+00  ,3.085883571682e+00  ,2.806769513263e+00  ,2.520090565501e+00  ,2.226431297125e+00  ,1.944900197367e+00  ,1.670465788714e+00  ,1.413084290036e+00  ,1.155742461668e+00  ,9.022791411324e-01  ,6.661848022819e-01  ,4.768686501784e-01  ,2.970713636772e-01  ,1.530254385276e-01  ,4.664125995198e-02  ,1.290679043632e-02  ,9.502454528506e-03  ,1.041035106357e-02  ,1.160714180004e-02  ,1.249160167069e-02  
  4.330590274488e-06  ,3.374222317580e+00  ,3.085883571682e+00  ,2.806769513263e+00  ,2.520090565501e+00  ,2.226431297125e+00  ,1.944900197367e+00  ,1.670465788714e+00  ,1.413084290036e+00  ,1.155742461668e+00  ,9.022791411324e-01  ,6.661848022819e-01  ,4.768686501784e-01  ,2.970713636772e-01  ,1.530254385276e-01  ,4.664125995198e-02  ,1.290679043632e-02  ,9.502454528506e-03  ,1.041035106357e-02  ,1.160714180004e-02  ,1.249160167069e-02  
  4.331590328668e-06  ,3.374222317580e+00  ,3.085883571682e+00  ,2.806769513263e+00  ,2.520090565501e+00  ,2.226431297125e+00  ,1.944900197367e+00  ,1.670465788714e+00  ,1.413084290036e+00  ,1.155742461668e+00  ,9.022791411324e-01  ,6.661848022819e-01  ,4.768686501784e-01  ,2.970713636772e-01  ,1.530254385276e-01  ,4.664125995198e-02  ,1.290679043632e-02  ,9.502454528506e-03  ,1.041035106357e-02  ,1.160714180004e-02  ,1.249160167069e-02  
  4.332590382849e-06  ,3.374222317580e+00  ,3.085883571682e+00  ,2.806769513263e+00  ,2.520090565501e+00  ,2.226431297125e+00  ,1.944900197367e+00  ,1.670465788714e+00  ,1.413084290036e+00  ,1.155742461668e+00  ,9.022791411324e-01  ,6.661848022819e-01  ,4.768686501784e-01  ,2.970713636772e-01  ,1.530254385276e-01  ,4.664125995198e-02  ,1.290679043632e-02  ,9.502454528506e-03  ,1.041035106357e-02  ,1.160714180004e-02  ,1.249160167069e-02  
  4.333590437030e-06  ,3.374222317580e+00  ,3.085883571682e+00  ,2.806769513263e+00  ,2.520090565501e+00  ,2.226431297125e+00  ,1.944900197367e+00  ,1.670465788714e+00  ,1.413084290036e+00  ,1.155742461668e+00  ,9.022791411324e-01  ,6.661848022819e-01  ,4.768686501784e-01  ,2.970713636772e-01  ,1.530254385276e-01  ,4.664125995198e-02  ,1.290679043632e-02  ,9.502454528506e-03  ,1.041035106357e-02  ,1.160714180004e-02  ,1.249160167069e-02  
  4.334590491210e-06  ,3.374222317580e+00  ,3.085883571682e+00  ,2.806769513263e+00  ,2.520090565501e+00  ,2.226431297125e+00  ,1.944900197367e+00  ,1.670465788714e+00  ,1.413084290036e+00  ,1.155742461668e+00  ,9.022791411324e-01  ,6.661848022819e-01  ,4.768686501784e-01  ,2.970713636772e-01  ,1.530254385276e-01  ,4.664125995198e-02  ,1.290679043632e-02  ,9.502454528506e-03  ,1.041035106357e-02  ,1.160714180004e-02  ,1.249160167069e-02  
  4.335590545391e-06  ,3.374222317580e+00  ,3.085883571682e+00  ,2.806769513263e+00  ,2.520090565501e+00  ,2.226431297125e+00  ,1.944900197367e+00  ,1.670465788714e+00  ,1.413084290036e+00  ,1.155742461668e+00  ,9.022791411324e-01  ,6.661848022819e-01  ,4.768686501784e-01  ,2.970713636772e-01  ,1.530254385276e-01  ,4.664125995198e-02  ,1.290679043632e-02  ,9.502454528506e-03  ,1.041035106357e-02  ,1.160714180004e-02  ,1.249160167069e-02  
  4.336590599572e-06  ,3.374222317580e+00  ,3.085883571682e+00  ,2.806769513263e+00  ,2.520090565501e+00  ,2.226431297125e+00  ,1.944900197367e+00  ,1.670465788714e+00  ,1.413084290036e+00  ,1.155742461668e+00  ,9.022791411324e-01  ,6.661848022819e-01  ,4.768686501784e-01  ,2.970713636772e-01  ,1.530254385276e-01  ,4.664125995198e-02  ,1.290679043632e-02  ,9.502454528506e-03  ,1.041035106357e-02  ,1.160714180004e-02  ,1.249160167069e-02  
  4.337590653752e-06  ,3.374222317580e+00  ,3.085883571682e+00  ,2.806769513263e+00  ,2.520090565501e+00  ,2.226431297125e+00  ,1.944900197367e+00  ,1.670465788714e+00  ,1.413084290036e+00  ,1.155742461668e+00  ,9.022791411324e-01  ,6.661848022819e-01  ,4.768686501784e-01  ,2.970713636772e-01  ,1.530254385276e-01  ,4.664125995198e-02  ,1.290679043632e-02  ,9.502454528506e-03  ,1.041035106357e-02  ,1.160714180004e-02  ,1.249160167069e-02  
  4.338590707933e-06  ,3.374222317580e+00  ,3.085883571682e+00  ,2.806769513263e+00  ,2.520090565501e+00  ,2.226431297125e+00  ,1.944900197367e+00  ,1.670465788714e+00  ,1.413084290036e+00  ,1.155742461668e+00  ,9.022791411324e-01  ,6.661848022819e-01  ,4.768686501784e-01  ,2.970713636772e-01  ,1.530254385276e-01  ,4.664125995198e-02  ,1.290679043632e-02  ,9.502454528506e-03  ,1.041035106357e-02  ,1.160714180004e-02  ,1.249160167069e-02  
  4.339590762113e-06  ,3.374222317580e+00  ,3.085883571682e+00  ,2.806769513263e+00  ,2.520090565501e+00  ,2.226431297125e+00  ,1.944900197367e+00  ,1.670465788714e+00  ,1.413084290036e+00  ,1.155742461668e+00  ,9.022791411324e-01  ,6.661848022819e-01  ,4.768686501784e-01  ,2.970713636772e-01  ,1.530254385276e-01  ,4.664125995198e-02  ,1.290679043632e-02  ,9.502454528506e-03  ,1.041035106357e-02  ,1.160714180004e-02  ,1.249160167069e-02  
  4.340590816294e-06  ,3.374222317580e+00  ,3.085883571682e+00  ,2.806769513263e+00  ,2.520090565501e+00  ,2.226431297125e+00  ,1.944900197367e+00  ,1.670465788714e+00  ,1.413084290036e+00  ,1.155742461668e+00  ,9.022791411324e-01  ,6.661848022819e-01  ,4.768686501784e-01  ,2.970713636772e-01  ,1.530254385276e-01  ,4.664125995198e-02  ,1.290679043632e-02  ,9.502454528506e-03  ,1.041035106357e-02  ,1.160714180004e-02  ,1.249160167069e-02  
  4.341590870475e-06  ,3.374222317580e+00  ,3.085883571682e+00  ,2.806769513263e+00  ,2.520090565501e+00  ,2.226431297125e+00  ,1.944900197367e+00  ,1.670465788714e+00  ,1.413084290036e+00  ,1.155742461668e+00  ,9.022791411324e-01  ,6.661848022819e-01  ,4.768686501784e-01  ,2.970713636772e-01  ,1.530254385276e-01  ,4.664125995198e-02  ,1.290679043632e-02  ,9.502454528506e-03  ,1.041035106357e-02  ,1.160714180004e-02  ,1.249160167069e-02  
  4.342590924655e-06  ,3.374222317580e+00  ,3.085883571682e+00  ,2.806769513263e+00  ,2.520090565501e+00  ,2.226431297125e+00  ,1.944900197367e+00  ,1.670465788714e+00  ,1.413084290036e+00  ,1.155742461668e+00  ,9.022791411324e-01  ,6.661848022819e-01  ,4.768686501784e-01  ,2.970713636772e-01  ,1.530254385276e-01  ,4.664125995198e-02  ,1.290679043632e-02  ,9.502454528506e-03  ,1.041035106357e-02  ,1.160714180004e-02  ,1.249160167069e-02  
  4.343590978836e-06  ,3.374222317580e+00  ,3.085883571682e+00  ,2.806769513263e+00  ,2.520090565501e+00  ,2.226431297125e+00  ,1.944900197367e+00  ,1.670465788714e+00  ,1.413084290036e+00  ,1.155742461668e+00  ,9.022791411324e-01  ,6.661848022819e-01  ,4.768686501784e-01  ,2.970713636772e-01  ,1.530254385276e-01  ,4.664125995198e-02  ,1.290679043632e-02  ,9.502454528506e-03  ,1.041035106357e-02  ,1.160714180004e-02  ,1.249160167069e-02  
  4.344591033016e-06  ,3.374222317580e+00  ,3.085883571682e+00  ,2.806769513263e+00  ,2.520090565501e+00  ,2.226431297125e+00  ,1.944900197367e+00  ,1.670465788714e+00  ,1.413084290036e+00  ,1.155742461668e+00  ,9.022791411324e-01  ,6.661848022819e-01  ,4.768686501784e-01  ,2.970713636772e-01  ,1.530254385276e-01  ,4.664125995198e-02  ,1.290679043632e-02  ,9.502454528506e-03  ,1.041035106357e-02  ,1.160714180004e-02  ,1.249160167069e-02  
  4.345591087197e-06  ,3.374222317580e+00  ,3.085883571682e+00  ,2.806769513263e+00  ,2.520090565501e+00  ,2.226431297125e+00  ,1.944900197367e+00  ,1.670465788714e+00  ,1.413084290036e+00  ,1.155742461668e+00  ,9.022791411324e-01  ,6.661848022819e-01  ,4.768686501784e-01  ,2.970713636772e-01  ,1.530254385276e-01  ,4.664125995198e-02  ,1.290679043632e-02  ,9.502454528506e-03  ,1.041035106357e-02  ,1.160714180004e-02  ,1.249160167069e-02  
  4.346591141378e-06  ,3.374222317580e+00  ,3.085883571682e+00  ,2.806769513263e+00  ,2.520090565501e+00  ,2.226431297125e+00  ,1.944900197367e+00  ,1.670465788714e+00  ,1.413084290036e+00  ,1.155742461668e+00  ,9.022791411324e-01  ,6.661848022819e-01  ,4.768686501784e-01  ,2.970713636772e-01  ,1.530254385276e-01  ,4.664125995198e-02  ,1.290679043632e-02  ,9.502454528506e-03  ,1.041035106357e-02  ,1.160714180004e-02  ,1.249160167069e-02  
  4.347591195558e-06  ,3.374222317580e+00  ,3.085883571682e+00  ,2.806769513263e+00  ,2.520090565501e+00  ,2.226431297125e+00  ,1.944900197367e+00  ,1.670465788714e+00  ,1.413084290036e+00  ,1.155742461668e+00  ,9.022791411324e-01  ,6.661848022819e-01  ,4.768686501784e-01  ,2.970713636772e-01  ,1.530254385276e-01  ,4.664125995198e-02  ,1.290679043632e-02  ,9.502454528506e-03  ,1.041035106357e-02  ,1.160714180004e-02  ,1.249160167069e-02  
  4.348591249739e-06  ,3.374222317580e+00  ,3.085883571682e+00  ,2.806769513263e+00  ,2.520090565501e+00  ,2.226431297125e+00  ,1.944900197367e+00  ,1.670465788714e+00  ,1.413084290036e+00  ,1.155742461668e+00  ,9.022791411324e-01  ,6.661848022819e-01  ,4.768686501784e-01  ,2.970713636772e-01  ,1.530254385276e-01  ,4.664125995198e-02  ,1.290679043632e-02  ,9.502454528506e-03  ,1.041035106357e-02  ,1.160714180004e-02  ,1.249160167069e-02  
  4.349591303920e-06  ,3.374222317580e+00  ,3.085883571682e+00  ,2.806769513263e+00  ,2.520090565501e+00  ,2.226431297125e+00  ,1.944900197367e+00  ,1.670465788714e+00  ,1.413084290036e+00  ,1.155742461668e+00  ,9.022791411324e-01  ,6.661848022819e-01  ,4.768686501784e-01  ,2.970713636772e-01  ,1.530254385276e-01  ,4.664125995198e-02  ,1.290679043632e-02  ,9.502454528506e-03  ,1.041035106357e-02  ,1.160714180004e-02  ,1.249160167069e-02  
  4.350591358100e-06  ,3.374222317580e+00  ,3.085883571682e+00  ,2.806769513263e+00  ,2.520090565501e+00  ,2.226431297125e+00  ,1.944900197367e+00  ,1.670465788714e+00  ,1.413084290036e+00  ,1.155742461668e+00  ,9.022791411324e-01  ,6.661848022819e-01  ,4.768686501784e-01  ,2.970713636772e-01  ,1.530254385276e-01  ,4.664125995198e-02  ,1.290679043632e-02  ,9.502454528506e-03  ,1.041035106357e-02  ,1.160714180004e-02  ,1.249160167069e-02  
  4.351591412281e-06  ,3.374222317580e+00  ,3.085883571682e+00  ,2.806769513263e+00  ,2.520090565501e+00  ,2.226431297125e+00  ,1.944900197367e+00  ,1.670465788714e+00  ,1.413084290036e+00  ,1.155742461668e+00  ,9.022791411324e-01  ,6.661848022819e-01  ,4.768686501784e-01  ,2.970713636772e-01  ,1.530254385276e-01  ,4.664125995198e-02  ,1.290679043632e-02  ,9.502454528506e-03  ,1.041035106357e-02  ,1.160714180004e-02  ,1.249160167069e-02  
  4.352591466461e-06  ,3.374222317580e+00  ,3.085883571682e+00  ,2.806769513263e+00  ,2.520090565501e+00  ,2.226431297125e+00  ,1.944900197367e+00  ,1.670465788714e+00  ,1.413084290036e+00  ,1.155742461668e+00  ,9.022791411324e-01  ,6.661848022819e-01  ,4.768686501784e-01  ,2.970713636772e-01  ,1.530254385276e-01  ,4.664125995198e-02  ,1.290679043632e-02  ,9.502454528506e-03  ,1.041035106357e-02  ,1.160714180004e-02  ,1.249160167069e-02  
  4.353591520642e-06  ,3.374222317580e+00  ,3.085883571682e+00  ,2.806769513263e+00  ,2.520090565501e+00  ,2.226431297125e+00  ,1.944900197367e+00  ,1.670465788714e+00  ,1.413084290036e+00  ,1.155742461668e+00  ,9.022791411324e-01  ,6.661848022819e-01  ,4.768686501784e-01  ,2.970713636772e-01  ,1.530254385276e-01  ,4.664125995198e-02  ,1.290679043632e-02  ,9.502454528506e-03  ,1.041035106357e-02  ,1.160714180004e-02  ,1.249160167069e-02  
  4.354591574823e-06  ,3.374222317580e+00  ,3.085883571682e+00  ,2.806769513263e+00  ,2.520090565501e+00  ,2.226431297125e+00  ,1.944900197367e+00  ,1.670465788714e+00  ,1.413084290036e+00  ,1.155742461668e+00  ,9.022791411324e-01  ,6.661848022819e-01  ,4.768686501784e-01  ,2.970713636772e-01  ,1.530254385276e-01  ,4.664125995198e-02  ,1.290679043632e-02  ,9.502454528506e-03  ,1.041035106357e-02  ,1.160714180004e-02  ,1.249160167069e-02  
  4.355591629003e-06  ,3.374222317580e+00  ,3.085883571682e+00  ,2.806769513263e+00  ,2.520090565501e+00  ,2.226431297125e+00  ,1.944900197367e+00  ,1.670465788714e+00  ,1.413084290036e+00  ,1.155742461668e+00  ,9.022791411324e-01  ,6.661848022819e-01  ,4.768686501784e-01  ,2.970713636772e-01  ,1.530254385276e-01  ,4.664125995198e-02  ,1.290679043632e-02  ,9.502454528506e-03  ,1.041035106357e-02  ,1.160714180004e-02  ,1.249160167069e-02  
  4.356591683184e-06  ,3.374222317580e+00  ,3.085883571682e+00  ,2.806769513263e+00  ,2.520090565501e+00  ,2.226431297125e+00  ,1.944900197367e+00  ,1.670465788714e+00  ,1.413084290036e+00  ,1.155742461668e+00  ,9.022791411324e-01  ,6.661848022819e-01  ,4.768686501784e-01  ,2.970713636772e-01  ,1.530254385276e-01  ,4.664125995198e-02  ,1.290679043632e-02  ,9.502454528506e-03  ,1.041035106357e-02  ,1.160714180004e-02  ,1.249160167069e-02  
  4.357591737365e-06  ,3.374222317580e+00  ,3.085883571682e+00  ,2.806769513263e+00  ,2.520090565501e+00  ,2.226431297125e+00  ,1.944900197367e+00  ,1.670465788714e+00  ,1.413084290036e+00  ,1.155742461668e+00  ,9.022791411324e-01  ,6.661848022819e-01  ,4.768686501784e-01  ,2.970713636772e-01  ,1.530254385276e-01  ,4.664125995198e-02  ,1.290679043632e-02  ,9.502454528506e-03  ,1.041035106357e-02  ,1.160714180004e-02  ,1.249160167069e-02  
  4.358591791545e-06  ,3.374222317580e+00  ,3.085883571682e+00  ,2.806769513263e+00  ,2.520090565501e+00  ,2.226431297125e+00  ,1.944900197367e+00  ,1.670465788714e+00  ,1.413084290036e+00  ,1.155742461668e+00  ,9.022791411324e-01  ,6.661848022819e-01  ,4.768686501784e-01  ,2.970713636772e-01  ,1.530254385276e-01  ,4.664125995198e-02  ,1.290679043632e-02  ,9.502454528506e-03  ,1.041035106357e-02  ,1.160714180004e-02  ,1.249160167069e-02  
  4.359591845726e-06  ,3.374222317580e+00  ,3.085883571682e+00  ,2.806769513263e+00  ,2.520090565501e+00  ,2.226431297125e+00  ,1.944900197367e+00  ,1.670465788714e+00  ,1.413084290036e+00  ,1.155742461668e+00  ,9.022791411324e-01  ,6.661848022819e-01  ,4.768686501784e-01  ,2.970713636772e-01  ,1.530254385276e-01  ,4.664125995198e-02  ,1.290679043632e-02  ,9.502454528506e-03  ,1.041035106357e-02  ,1.160714180004e-02  ,1.249160167069e-02  
  4.360591899906e-06  ,3.374222317580e+00  ,3.085883571682e+00  ,2.806769513263e+00  ,2.520090565501e+00  ,2.226431297125e+00  ,1.944900197367e+00  ,1.670465788714e+00  ,1.413084290036e+00  ,1.155742461668e+00  ,9.022791411324e-01  ,6.661848022819e-01  ,4.768686501784e-01  ,2.970713636772e-01  ,1.530254385276e-01  ,4.664125995198e-02  ,1.290679043632e-02  ,9.502454528506e-03  ,1.041035106357e-02  ,1.160714180004e-02  ,1.249160167069e-02  
  4.361591954087e-06  ,3.374222317580e+00  ,3.085883571682e+00  ,2.806769513263e+00  ,2.520090565501e+00  ,2.226431297125e+00  ,1.944900197367e+00  ,1.670465788714e+00  ,1.413084290036e+00  ,1.155742461668e+00  ,9.022791411324e-01  ,6.661848022819e-01  ,4.768686501784e-01  ,2.970713636772e-01  ,1.530254385276e-01  ,4.664125995198e-02  ,1.290679043632e-02  ,9.502454528506e-03  ,1.041035106357e-02  ,1.160714180004e-02  ,1.249160167069e-02  
  4.362592008268e-06  ,3.374222317580e+00  ,3.085883571682e+00  ,2.806769513263e+00  ,2.520090565501e+00  ,2.226431297125e+00  ,1.944900197367e+00  ,1.670465788714e+00  ,1.413084290036e+00  ,1.155742461668e+00  ,9.022791411324e-01  ,6.661848022819e-01  ,4.768686501784e-01  ,2.970713636772e-01  ,1.530254385276e-01  ,4.664125995198e-02  ,1.290679043632e-02  ,9.502454528506e-03  ,1.041035106357e-02  ,1.160714180004e-02  ,1.249160167069e-02  
  4.363592062448e-06  ,3.374222317580e+00  ,3.085883571682e+00  ,2.806769513263e+00  ,2.520090565501e+00  ,2.226431297125e+00  ,1.944900197367e+00  ,1.670465788714e+00  ,1.413084290036e+00  ,1.155742461668e+00  ,9.022791411324e-01  ,6.661848022819e-01  ,4.768686501784e-01  ,2.970713636772e-01  ,1.530254385276e-01  ,4.664125995198e-02  ,1.290679043632e-02  ,9.502454528506e-03  ,1.041035106357e-02  ,1.160714180004e-02  ,1.249160167069e-02  
  4.364592116629e-06  ,3.374222317580e+00  ,3.085883571682e+00  ,2.806769513263e+00  ,2.520090565501e+00  ,2.226431297125e+00  ,1.944900197367e+00  ,1.670465788714e+00  ,1.413084290036e+00  ,1.155742461668e+00  ,9.022791411324e-01  ,6.661848022819e-01  ,4.768686501784e-01  ,2.970713636772e-01  ,1.530254385276e-01  ,4.664125995198e-02  ,1.290679043632e-02  ,9.502454528506e-03  ,1.041035106357e-02  ,1.160714180004e-02  ,1.249160167069e-02  
  4.365592170810e-06  ,3.374222317580e+00  ,3.085883571682e+00  ,2.806769513263e+00  ,2.520090565501e+00  ,2.226431297125e+00  ,1.944900197367e+00  ,1.670465788714e+00  ,1.413084290036e+00  ,1.155742461668e+00  ,9.022791411324e-01  ,6.661848022819e-01  ,4.768686501784e-01  ,2.970713636772e-01  ,1.530254385276e-01  ,4.664125995198e-02  ,1.290679043632e-02  ,9.502454528506e-03  ,1.041035106357e-02  ,1.160714180004e-02  ,1.249160167069e-02  
  4.366592224990e-06  ,3.374222317580e+00  ,3.085883571682e+00  ,2.806769513263e+00  ,2.520090565501e+00  ,2.226431297125e+00  ,1.944900197367e+00  ,1.670465788714e+00  ,1.413084290036e+00  ,1.155742461668e+00  ,9.022791411324e-01  ,6.661848022819e-01  ,4.768686501784e-01  ,2.970713636772e-01  ,1.530254385276e-01  ,4.664125995198e-02  ,1.290679043632e-02  ,9.502454528506e-03  ,1.041035106357e-02  ,1.160714180004e-02  ,1.249160167069e-02  
  4.367592279171e-06  ,3.374222317580e+00  ,3.085883571682e+00  ,2.806769513263e+00  ,2.520090565501e+00  ,2.226431297125e+00  ,1.944900197367e+00  ,1.670465788714e+00  ,1.413084290036e+00  ,1.155742461668e+00  ,9.022791411324e-01  ,6.661848022819e-01  ,4.768686501784e-01  ,2.970713636772e-01  ,1.530254385276e-01  ,4.664125995198e-02  ,1.290679043632e-02  ,9.502454528506e-03  ,1.041035106357e-02  ,1.160714180004e-02  ,1.249160167069e-02  
  4.368592333351e-06  ,3.374222317580e+00  ,3.085883571682e+00  ,2.806769513263e+00  ,2.520090565501e+00  ,2.226431297125e+00  ,1.944900197367e+00  ,1.670465788714e+00  ,1.413084290036e+00  ,1.155742461668e+00  ,9.022791411324e-01  ,6.661848022819e-01  ,4.768686501784e-01  ,2.970713636772e-01  ,1.530254385276e-01  ,4.664125995198e-02  ,1.290679043632e-02  ,9.502454528506e-03  ,1.041035106357e-02  ,1.160714180004e-02  ,1.249160167069e-02  
  4.369592387532e-06  ,3.374222317580e+00  ,3.085883571682e+00  ,2.806769513263e+00  ,2.520090565501e+00  ,2.226431297125e+00  ,1.944900197367e+00  ,1.670465788714e+00  ,1.413084290036e+00  ,1.155742461668e+00  ,9.022791411324e-01  ,6.661848022819e-01  ,4.768686501784e-01  ,2.970713636772e-01  ,1.530254385276e-01  ,4.664125995198e-02  ,1.290679043632e-02  ,9.502454528506e-03  ,1.041035106357e-02  ,1.160714180004e-02  ,1.249160167069e-02  
  4.370592441713e-06  ,3.374222317580e+00  ,3.085883571682e+00  ,2.806769513263e+00  ,2.520090565501e+00  ,2.226431297125e+00  ,1.944900197367e+00  ,1.670465788714e+00  ,1.413084290036e+00  ,1.155742461668e+00  ,9.022791411324e-01  ,6.661848022819e-01  ,4.768686501784e-01  ,2.970713636772e-01  ,1.530254385276e-01  ,4.664125995198e-02  ,1.290679043632e-02  ,9.502454528506e-03  ,1.041035106357e-02  ,1.160714180004e-02  ,1.249160167069e-02  
  4.371592495893e-06  ,3.374222317580e+00  ,3.085883571682e+00  ,2.806769513263e+00  ,2.520090565501e+00  ,2.226431297125e+00  ,1.944900197367e+00  ,1.670465788714e+00  ,1.413084290036e+00  ,1.155742461668e+00  ,9.022791411324e-01  ,6.661848022819e-01  ,4.768686501784e-01  ,2.970713636772e-01  ,1.530254385276e-01  ,4.664125995198e-02  ,1.290679043632e-02  ,9.502454528506e-03  ,1.041035106357e-02  ,1.160714180004e-02  ,1.249160167069e-02  
  4.372592550074e-06  ,3.374222317580e+00  ,3.085883571682e+00  ,2.806769513263e+00  ,2.520090565501e+00  ,2.226431297125e+00  ,1.944900197367e+00  ,1.670465788714e+00  ,1.413084290036e+00  ,1.155742461668e+00  ,9.022791411324e-01  ,6.661848022819e-01  ,4.768686501784e-01  ,2.970713636772e-01  ,1.530254385276e-01  ,4.664125995198e-02  ,1.290679043632e-02  ,9.502454528506e-03  ,1.041035106357e-02  ,1.160714180004e-02  ,1.249160167069e-02  
  4.373592604255e-06  ,3.374222317580e+00  ,3.085883571682e+00  ,2.806769513263e+00  ,2.520090565501e+00  ,2.226431297125e+00  ,1.944900197367e+00  ,1.670465788714e+00  ,1.413084290036e+00  ,1.155742461668e+00  ,9.022791411324e-01  ,6.661848022819e-01  ,4.768686501784e-01  ,2.970713636772e-01  ,1.530254385276e-01  ,4.664125995198e-02  ,1.290679043632e-02  ,9.502454528506e-03  ,1.041035106357e-02  ,1.160714180004e-02  ,1.249160167069e-02  
  4.374592658435e-06  ,3.374222317580e+00  ,3.085883571682e+00  ,2.806769513263e+00  ,2.520090565501e+00  ,2.226431297125e+00  ,1.944900197367e+00  ,1.670465788714e+00  ,1.413084290036e+00  ,1.155742461668e+00  ,9.022791411324e-01  ,6.661848022819e-01  ,4.768686501784e-01  ,2.970713636772e-01  ,1.530254385276e-01  ,4.664125995198e-02  ,1.290679043632e-02  ,9.502454528506e-03  ,1.041035106357e-02  ,1.160714180004e-02  ,1.249160167069e-02  
  4.375592712616e-06  ,3.374222317580e+00  ,3.085883571682e+00  ,2.806769513263e+00  ,2.520090565501e+00  ,2.226431297125e+00  ,1.944900197367e+00  ,1.670465788714e+00  ,1.413084290036e+00  ,1.155742461668e+00  ,9.022791411324e-01  ,6.661848022819e-01  ,4.768686501784e-01  ,2.970713636772e-01  ,1.530254385276e-01  ,4.664125995198e-02  ,1.290679043632e-02  ,9.502454528506e-03  ,1.041035106357e-02  ,1.160714180004e-02  ,1.249160167069e-02  
  4.376592766796e-06  ,3.374222317580e+00  ,3.085883571682e+00  ,2.806769513263e+00  ,2.520090565501e+00  ,2.226431297125e+00  ,1.944900197367e+00  ,1.670465788714e+00  ,1.413084290036e+00  ,1.155742461668e+00  ,9.022791411324e-01  ,6.661848022819e-01  ,4.768686501784e-01  ,2.970713636772e-01  ,1.530254385276e-01  ,4.664125995198e-02  ,1.290679043632e-02  ,9.502454528506e-03  ,1.041035106357e-02  ,1.160714180004e-02  ,1.249160167069e-02  
  4.377592820977e-06  ,3.374222317580e+00  ,3.085883571682e+00  ,2.806769513263e+00  ,2.520090565501e+00  ,2.226431297125e+00  ,1.944900197367e+00  ,1.670465788714e+00  ,1.413084290036e+00  ,1.155742461668e+00  ,9.022791411324e-01  ,6.661848022819e-01  ,4.768686501784e-01  ,2.970713636772e-01  ,1.530254385276e-01  ,4.664125995198e-02  ,1.290679043632e-02  ,9.502454528506e-03  ,1.041035106357e-02  ,1.160714180004e-02  ,1.249160167069e-02  
  4.378592875158e-06  ,3.374222317580e+00  ,3.085883571682e+00  ,2.806769513263e+00  ,2.520090565501e+00  ,2.226431297125e+00  ,1.944900197367e+00  ,1.670465788714e+00  ,1.413084290036e+00  ,1.155742461668e+00  ,9.022791411324e-01  ,6.661848022819e-01  ,4.768686501784e-01  ,2.970713636772e-01  ,1.530254385276e-01  ,4.664125995198e-02  ,1.290679043632e-02  ,9.502454528506e-03  ,1.041035106357e-02  ,1.160714180004e-02  ,1.249160167069e-02  
  4.379592929338e-06  ,3.374222317580e+00  ,3.085883571682e+00  ,2.806769513263e+00  ,2.520090565501e+00  ,2.226431297125e+00  ,1.944900197367e+00  ,1.670465788714e+00  ,1.413084290036e+00  ,1.155742461668e+00  ,9.022791411324e-01  ,6.661848022819e-01  ,4.768686501784e-01  ,2.970713636772e-01  ,1.530254385276e-01  ,4.664125995198e-02  ,1.290679043632e-02  ,9.502454528506e-03  ,1.041035106357e-02  ,1.160714180004e-02  ,1.249160167069e-02  
  4.380592983519e-06  ,3.374222317580e+00  ,3.085883571682e+00  ,2.806769513263e+00  ,2.520090565501e+00  ,2.226431297125e+00  ,1.944900197367e+00  ,1.670465788714e+00  ,1.413084290036e+00  ,1.155742461668e+00  ,9.022791411324e-01  ,6.661848022819e-01  ,4.768686501784e-01  ,2.970713636772e-01  ,1.530254385276e-01  ,4.664125995198e-02  ,1.290679043632e-02  ,9.502454528506e-03  ,1.041035106357e-02  ,1.160714180004e-02  ,1.249160167069e-02  
  4.381593037700e-06  ,3.374222317580e+00  ,3.085883571682e+00  ,2.806769513263e+00  ,2.520090565501e+00  ,2.226431297125e+00  ,1.944900197367e+00  ,1.670465788714e+00  ,1.413084290036e+00  ,1.155742461668e+00  ,9.022791411324e-01  ,6.661848022819e-01  ,4.768686501784e-01  ,2.970713636772e-01  ,1.530254385276e-01  ,4.664125995198e-02  ,1.290679043632e-02  ,9.502454528506e-03  ,1.041035106357e-02  ,1.160714180004e-02  ,1.249160167069e-02  
  4.382593091880e-06  ,3.374222317580e+00  ,3.085883571682e+00  ,2.806769513263e+00  ,2.520090565501e+00  ,2.226431297125e+00  ,1.944900197367e+00  ,1.670465788714e+00  ,1.413084290036e+00  ,1.155742461668e+00  ,9.022791411324e-01  ,6.661848022819e-01  ,4.768686501784e-01  ,2.970713636772e-01  ,1.530254385276e-01  ,4.664125995198e-02  ,1.290679043632e-02  ,9.502454528506e-03  ,1.041035106357e-02  ,1.160714180004e-02  ,1.249160167069e-02  
  4.383593146061e-06  ,3.374222317580e+00  ,3.085883571682e+00  ,2.806769513263e+00  ,2.520090565501e+00  ,2.226431297125e+00  ,1.944900197367e+00  ,1.670465788714e+00  ,1.413084290036e+00  ,1.155742461668e+00  ,9.022791411324e-01  ,6.661848022819e-01  ,4.768686501784e-01  ,2.970713636772e-01  ,1.530254385276e-01  ,4.664125995198e-02  ,1.290679043632e-02  ,9.502454528506e-03  ,1.041035106357e-02  ,1.160714180004e-02  ,1.249160167069e-02  
  4.384593200241e-06  ,3.374222317580e+00  ,3.085883571682e+00  ,2.806769513263e+00  ,2.520090565501e+00  ,2.226431297125e+00  ,1.944900197367e+00  ,1.670465788714e+00  ,1.413084290036e+00  ,1.155742461668e+00  ,9.022791411324e-01  ,6.661848022819e-01  ,4.768686501784e-01  ,2.970713636772e-01  ,1.530254385276e-01  ,4.664125995198e-02  ,1.290679043632e-02  ,9.502454528506e-03  ,1.041035106357e-02  ,1.160714180004e-02  ,1.249160167069e-02  
  4.385593254422e-06  ,3.374222317580e+00  ,3.085883571682e+00  ,2.806769513263e+00  ,2.520090565501e+00  ,2.226431297125e+00  ,1.944900197367e+00  ,1.670465788714e+00  ,1.413084290036e+00  ,1.155742461668e+00  ,9.022791411324e-01  ,6.661848022819e-01  ,4.768686501784e-01  ,2.970713636772e-01  ,1.530254385276e-01  ,4.664125995198e-02  ,1.290679043632e-02  ,9.502454528506e-03  ,1.041035106357e-02  ,1.160714180004e-02  ,1.249160167069e-02  
  4.386593308603e-06  ,3.374222317580e+00  ,3.085883571682e+00  ,2.806769513263e+00  ,2.520090565501e+00  ,2.226431297125e+00  ,1.944900197367e+00  ,1.670465788714e+00  ,1.413084290036e+00  ,1.155742461668e+00  ,9.022791411324e-01  ,6.661848022819e-01  ,4.768686501784e-01  ,2.970713636772e-01  ,1.530254385276e-01  ,4.664125995198e-02  ,1.290679043632e-02  ,9.502454528506e-03  ,1.041035106357e-02  ,1.160714180004e-02  ,1.249160167069e-02  
  4.387593362783e-06  ,3.374222317580e+00  ,3.085883571682e+00  ,2.806769513263e+00  ,2.520090565501e+00  ,2.226431297125e+00  ,1.944900197367e+00  ,1.670465788714e+00  ,1.413084290036e+00  ,1.155742461668e+00  ,9.022791411324e-01  ,6.661848022819e-01  ,4.768686501784e-01  ,2.970713636772e-01  ,1.530254385276e-01  ,4.664125995198e-02  ,1.290679043632e-02  ,9.502454528506e-03  ,1.041035106357e-02  ,1.160714180004e-02  ,1.249160167069e-02  
  4.388593416964e-06  ,3.374222317580e+00  ,3.085883571682e+00  ,2.806769513263e+00  ,2.520090565501e+00  ,2.226431297125e+00  ,1.944900197367e+00  ,1.670465788714e+00  ,1.413084290036e+00  ,1.155742461668e+00  ,9.022791411324e-01  ,6.661848022819e-01  ,4.768686501784e-01  ,2.970713636772e-01  ,1.530254385276e-01  ,4.664125995198e-02  ,1.290679043632e-02  ,9.502454528506e-03  ,1.041035106357e-02  ,1.160714180004e-02  ,1.249160167069e-02  
  4.389593471144e-06  ,3.374222317580e+00  ,3.085883571682e+00  ,2.806769513263e+00  ,2.520090565501e+00  ,2.226431297125e+00  ,1.944900197367e+00  ,1.670465788714e+00  ,1.413084290036e+00  ,1.155742461668e+00  ,9.022791411324e-01  ,6.661848022819e-01  ,4.768686501784e-01  ,2.970713636772e-01  ,1.530254385276e-01  ,4.664125995198e-02  ,1.290679043632e-02  ,9.502454528506e-03  ,1.041035106357e-02  ,1.160714180004e-02  ,1.249160167069e-02  
  4.390593525325e-06  ,3.374222317580e+00  ,3.085883571682e+00  ,2.806769513263e+00  ,2.520090565501e+00  ,2.226431297125e+00  ,1.944900197367e+00  ,1.670465788714e+00  ,1.413084290036e+00  ,1.155742461668e+00  ,9.022791411324e-01  ,6.661848022819e-01  ,4.768686501784e-01  ,2.970713636772e-01  ,1.530254385276e-01  ,4.664125995198e-02  ,1.290679043632e-02  ,9.502454528506e-03  ,1.041035106357e-02  ,1.160714180004e-02  ,1.249160167069e-02  
  4.391593579506e-06  ,3.374222317580e+00  ,3.085883571682e+00  ,2.806769513263e+00  ,2.520090565501e+00  ,2.226431297125e+00  ,1.944900197367e+00  ,1.670465788714e+00  ,1.413084290036e+00  ,1.155742461668e+00  ,9.022791411324e-01  ,6.661848022819e-01  ,4.768686501784e-01  ,2.970713636772e-01  ,1.530254385276e-01  ,4.664125995198e-02  ,1.290679043632e-02  ,9.502454528506e-03  ,1.041035106357e-02  ,1.160714180004e-02  ,1.249160167069e-02  
  4.392593633686e-06  ,3.374222317580e+00  ,3.085883571682e+00  ,2.806769513263e+00  ,2.520090565501e+00  ,2.226431297125e+00  ,1.944900197367e+00  ,1.670465788714e+00  ,1.413084290036e+00  ,1.155742461668e+00  ,9.022791411324e-01  ,6.661848022819e-01  ,4.768686501784e-01  ,2.970713636772e-01  ,1.530254385276e-01  ,4.664125995198e-02  ,1.290679043632e-02  ,9.502454528506e-03  ,1.041035106357e-02  ,1.160714180004e-02  ,1.249160167069e-02  
  4.393593687867e-06  ,3.374222317580e+00  ,3.085883571682e+00  ,2.806769513263e+00  ,2.520090565501e+00  ,2.226431297125e+00  ,1.944900197367e+00  ,1.670465788714e+00  ,1.413084290036e+00  ,1.155742461668e+00  ,9.022791411324e-01  ,6.661848022819e-01  ,4.768686501784e-01  ,2.970713636772e-01  ,1.530254385276e-01  ,4.664125995198e-02  ,1.290679043632e-02  ,9.502454528506e-03  ,1.041035106357e-02  ,1.160714180004e-02  ,1.249160167069e-02  
  4.394593742048e-06  ,3.374222317580e+00  ,3.085883571682e+00  ,2.806769513263e+00  ,2.520090565501e+00  ,2.226431297125e+00  ,1.944900197367e+00  ,1.670465788714e+00  ,1.413084290036e+00  ,1.155742461668e+00  ,9.022791411324e-01  ,6.661848022819e-01  ,4.768686501784e-01  ,2.970713636772e-01  ,1.530254385276e-01  ,4.664125995198e-02  ,1.290679043632e-02  ,9.502454528506e-03  ,1.041035106357e-02  ,1.160714180004e-02  ,1.249160167069e-02  
  4.395593796228e-06  ,3.374222317580e+00  ,3.085883571682e+00  ,2.806769513263e+00  ,2.520090565501e+00  ,2.226431297125e+00  ,1.944900197367e+00  ,1.670465788714e+00  ,1.413084290036e+00  ,1.155742461668e+00  ,9.022791411324e-01  ,6.661848022819e-01  ,4.768686501784e-01  ,2.970713636772e-01  ,1.530254385276e-01  ,4.664125995198e-02  ,1.290679043632e-02  ,9.502454528506e-03  ,1.041035106357e-02  ,1.160714180004e-02  ,1.249160167069e-02  
  4.396593850409e-06  ,3.374222317580e+00  ,3.085883571682e+00  ,2.806769513263e+00  ,2.520090565501e+00  ,2.226431297125e+00  ,1.944900197367e+00  ,1.670465788714e+00  ,1.413084290036e+00  ,1.155742461668e+00  ,9.022791411324e-01  ,6.661848022819e-01  ,4.768686501784e-01  ,2.970713636772e-01  ,1.530254385276e-01  ,4.664125995198e-02  ,1.290679043632e-02  ,9.502454528506e-03  ,1.041035106357e-02  ,1.160714180004e-02  ,1.249160167069e-02  
  4.397593904589e-06  ,3.374222317580e+00  ,3.085883571682e+00  ,2.806769513263e+00  ,2.520090565501e+00  ,2.226431297125e+00  ,1.944900197367e+00  ,1.670465788714e+00  ,1.413084290036e+00  ,1.155742461668e+00  ,9.022791411324e-01  ,6.661848022819e-01  ,4.768686501784e-01  ,2.970713636772e-01  ,1.530254385276e-01  ,4.664125995198e-02  ,1.290679043632e-02  ,9.502454528506e-03  ,1.041035106357e-02  ,1.160714180004e-02  ,1.249160167069e-02  
  4.398593958770e-06  ,3.374222317580e+00  ,3.085883571682e+00  ,2.806769513263e+00  ,2.520090565501e+00  ,2.226431297125e+00  ,1.944900197367e+00  ,1.670465788714e+00  ,1.413084290036e+00  ,1.155742461668e+00  ,9.022791411324e-01  ,6.661848022819e-01  ,4.768686501784e-01  ,2.970713636772e-01  ,1.530254385276e-01  ,4.664125995198e-02  ,1.290679043632e-02  ,9.502454528506e-03  ,1.041035106357e-02  ,1.160714180004e-02  ,1.249160167069e-02  
  4.399594012951e-06  ,3.374222317580e+00  ,3.085883571682e+00  ,2.806769513263e+00  ,2.520090565501e+00  ,2.226431297125e+00  ,1.944900197367e+00  ,1.670465788714e+00  ,1.413084290036e+00  ,1.155742461668e+00  ,9.022791411324e-01  ,6.661848022819e-01  ,4.768686501784e-01  ,2.970713636772e-01  ,1.530254385276e-01  ,4.664125995198e-02  ,1.290679043632e-02  ,9.502454528506e-03  ,1.041035106357e-02  ,1.160714180004e-02  ,1.249160167069e-02  
  4.400594067131e-06  ,3.374222317580e+00  ,3.085883571682e+00  ,2.806769513263e+00  ,2.520090565501e+00  ,2.226431297125e+00  ,1.944900197367e+00  ,1.670465788714e+00  ,1.413084290036e+00  ,1.155742461668e+00  ,9.022791411324e-01  ,6.661848022819e-01  ,4.768686501784e-01  ,2.970713636772e-01  ,1.530254385276e-01  ,4.664125995198e-02  ,1.290679043632e-02  ,9.502454528506e-03  ,1.041035106357e-02  ,1.160714180004e-02  ,1.249160167069e-02  
  4.401594121312e-06  ,3.374222317580e+00  ,3.085883571682e+00  ,2.806769513263e+00  ,2.520090565501e+00  ,2.226431297125e+00  ,1.944900197367e+00  ,1.670465788714e+00  ,1.413084290036e+00  ,1.155742461668e+00  ,9.022791411324e-01  ,6.661848022819e-01  ,4.768686501784e-01  ,2.970713636772e-01  ,1.530254385276e-01  ,4.664125995198e-02  ,1.290679043632e-02  ,9.502454528506e-03  ,1.041035106357e-02  ,1.160714180004e-02  ,1.249160167069e-02  
  4.402594175493e-06  ,3.374222317580e+00  ,3.085883571682e+00  ,2.806769513263e+00  ,2.520090565501e+00  ,2.226431297125e+00  ,1.944900197367e+00  ,1.670465788714e+00  ,1.413084290036e+00  ,1.155742461668e+00  ,9.022791411324e-01  ,6.661848022819e-01  ,4.768686501784e-01  ,2.970713636772e-01  ,1.530254385276e-01  ,4.664125995198e-02  ,1.290679043632e-02  ,9.502454528506e-03  ,1.041035106357e-02  ,1.160714180004e-02  ,1.249160167069e-02  
  4.403594229673e-06  ,3.374222317580e+00  ,3.085883571682e+00  ,2.806769513263e+00  ,2.520090565501e+00  ,2.226431297125e+00  ,1.944900197367e+00  ,1.670465788714e+00  ,1.413084290036e+00  ,1.155742461668e+00  ,9.022791411324e-01  ,6.661848022819e-01  ,4.768686501784e-01  ,2.970713636772e-01  ,1.530254385276e-01  ,4.664125995198e-02  ,1.290679043632e-02  ,9.502454528506e-03  ,1.041035106357e-02  ,1.160714180004e-02  ,1.249160167069e-02  
  4.404594283854e-06  ,3.374222317580e+00  ,3.085883571682e+00  ,2.806769513263e+00  ,2.520090565501e+00  ,2.226431297125e+00  ,1.944900197367e+00  ,1.670465788714e+00  ,1.413084290036e+00  ,1.155742461668e+00  ,9.022791411324e-01  ,6.661848022819e-01  ,4.768686501784e-01  ,2.970713636772e-01  ,1.530254385276e-01  ,4.664125995198e-02  ,1.290679043632e-02  ,9.502454528506e-03  ,1.041035106357e-02  ,1.160714180004e-02  ,1.249160167069e-02  
  4.405594338034e-06  ,3.374222317580e+00  ,3.085883571682e+00  ,2.806769513263e+00  ,2.520090565501e+00  ,2.226431297125e+00  ,1.944900197367e+00  ,1.670465788714e+00  ,1.413084290036e+00  ,1.155742461668e+00  ,9.022791411324e-01  ,6.661848022819e-01  ,4.768686501784e-01  ,2.970713636772e-01  ,1.530254385276e-01  ,4.664125995198e-02  ,1.290679043632e-02  ,9.502454528506e-03  ,1.041035106357e-02  ,1.160714180004e-02  ,1.249160167069e-02  
  4.406594392215e-06  ,3.374222317580e+00  ,3.085883571682e+00  ,2.806769513263e+00  ,2.520090565501e+00  ,2.226431297125e+00  ,1.944900197367e+00  ,1.670465788714e+00  ,1.413084290036e+00  ,1.155742461668e+00  ,9.022791411324e-01  ,6.661848022819e-01  ,4.768686501784e-01  ,2.970713636772e-01  ,1.530254385276e-01  ,4.664125995198e-02  ,1.290679043632e-02  ,9.502454528506e-03  ,1.041035106357e-02  ,1.160714180004e-02  ,1.249160167069e-02  
  4.407594446396e-06  ,3.374222317580e+00  ,3.085883571682e+00  ,2.806769513263e+00  ,2.520090565501e+00  ,2.226431297125e+00  ,1.944900197367e+00  ,1.670465788714e+00  ,1.413084290036e+00  ,1.155742461668e+00  ,9.022791411324e-01  ,6.661848022819e-01  ,4.768686501784e-01  ,2.970713636772e-01  ,1.530254385276e-01  ,4.664125995198e-02  ,1.290679043632e-02  ,9.502454528506e-03  ,1.041035106357e-02  ,1.160714180004e-02  ,1.249160167069e-02  
  4.408594500576e-06  ,3.374222317580e+00  ,3.085883571682e+00  ,2.806769513263e+00  ,2.520090565501e+00  ,2.226431297125e+00  ,1.944900197367e+00  ,1.670465788714e+00  ,1.413084290036e+00  ,1.155742461668e+00  ,9.022791411324e-01  ,6.661848022819e-01  ,4.768686501784e-01  ,2.970713636772e-01  ,1.530254385276e-01  ,4.664125995198e-02  ,1.290679043632e-02  ,9.502454528506e-03  ,1.041035106357e-02  ,1.160714180004e-02  ,1.249160167069e-02  
  4.409594554757e-06  ,3.374222317580e+00  ,3.085883571682e+00  ,2.806769513263e+00  ,2.520090565501e+00  ,2.226431297125e+00  ,1.944900197367e+00  ,1.670465788714e+00  ,1.413084290036e+00  ,1.155742461668e+00  ,9.022791411324e-01  ,6.661848022819e-01  ,4.768686501784e-01  ,2.970713636772e-01  ,1.530254385276e-01  ,4.664125995198e-02  ,1.290679043632e-02  ,9.502454528506e-03  ,1.041035106357e-02  ,1.160714180004e-02  ,1.249160167069e-02  
  4.410594608938e-06  ,3.374222317580e+00  ,3.085883571682e+00  ,2.806769513263e+00  ,2.520090565501e+00  ,2.226431297125e+00  ,1.944900197367e+00  ,1.670465788714e+00  ,1.413084290036e+00  ,1.155742461668e+00  ,9.022791411324e-01  ,6.661848022819e-01  ,4.768686501784e-01  ,2.970713636772e-01  ,1.530254385276e-01  ,4.664125995198e-02  ,1.290679043632e-02  ,9.502454528506e-03  ,1.041035106357e-02  ,1.160714180004e-02  ,1.249160167069e-02  
  4.411594663118e-06  ,3.374222317580e+00  ,3.085883571682e+00  ,2.806769513263e+00  ,2.520090565501e+00  ,2.226431297125e+00  ,1.944900197367e+00  ,1.670465788714e+00  ,1.413084290036e+00  ,1.155742461668e+00  ,9.022791411324e-01  ,6.661848022819e-01  ,4.768686501784e-01  ,2.970713636772e-01  ,1.530254385276e-01  ,4.664125995198e-02  ,1.290679043632e-02  ,9.502454528506e-03  ,1.041035106357e-02  ,1.160714180004e-02  ,1.249160167069e-02  
  4.412594717299e-06  ,3.374222317580e+00  ,3.085883571682e+00  ,2.806769513263e+00  ,2.520090565501e+00  ,2.226431297125e+00  ,1.944900197367e+00  ,1.670465788714e+00  ,1.413084290036e+00  ,1.155742461668e+00  ,9.022791411324e-01  ,6.661848022819e-01  ,4.768686501784e-01  ,2.970713636772e-01  ,1.530254385276e-01  ,4.664125995198e-02  ,1.290679043632e-02  ,9.502454528506e-03  ,1.041035106357e-02  ,1.160714180004e-02  ,1.249160167069e-02  
  4.413594771479e-06  ,3.374222317580e+00  ,3.085883571682e+00  ,2.806769513263e+00  ,2.520090565501e+00  ,2.226431297125e+00  ,1.944900197367e+00  ,1.670465788714e+00  ,1.413084290036e+00  ,1.155742461668e+00  ,9.022791411324e-01  ,6.661848022819e-01  ,4.768686501784e-01  ,2.970713636772e-01  ,1.530254385276e-01  ,4.664125995198e-02  ,1.290679043632e-02  ,9.502454528506e-03  ,1.041035106357e-02  ,1.160714180004e-02  ,1.249160167069e-02  
  4.414594825660e-06  ,3.374222317580e+00  ,3.085883571682e+00  ,2.806769513263e+00  ,2.520090565501e+00  ,2.226431297125e+00  ,1.944900197367e+00  ,1.670465788714e+00  ,1.413084290036e+00  ,1.155742461668e+00  ,9.022791411324e-01  ,6.661848022819e-01  ,4.768686501784e-01  ,2.970713636772e-01  ,1.530254385276e-01  ,4.664125995198e-02  ,1.290679043632e-02  ,9.502454528506e-03  ,1.041035106357e-02  ,1.160714180004e-02  ,1.249160167069e-02  
  4.415594879841e-06  ,3.374222317580e+00  ,3.085883571682e+00  ,2.806769513263e+00  ,2.520090565501e+00  ,2.226431297125e+00  ,1.944900197367e+00  ,1.670465788714e+00  ,1.413084290036e+00  ,1.155742461668e+00  ,9.022791411324e-01  ,6.661848022819e-01  ,4.768686501784e-01  ,2.970713636772e-01  ,1.530254385276e-01  ,4.664125995198e-02  ,1.290679043632e-02  ,9.502454528506e-03  ,1.041035106357e-02  ,1.160714180004e-02  ,1.249160167069e-02  
  4.416594934021e-06  ,3.374222317580e+00  ,3.085883571682e+00  ,2.806769513263e+00  ,2.520090565501e+00  ,2.226431297125e+00  ,1.944900197367e+00  ,1.670465788714e+00  ,1.413084290036e+00  ,1.155742461668e+00  ,9.022791411324e-01  ,6.661848022819e-01  ,4.768686501784e-01  ,2.970713636772e-01  ,1.530254385276e-01  ,4.664125995198e-02  ,1.290679043632e-02  ,9.502454528506e-03  ,1.041035106357e-02  ,1.160714180004e-02  ,1.249160167069e-02  
  4.417594988202e-06  ,3.374222317580e+00  ,3.085883571682e+00  ,2.806769513263e+00  ,2.520090565501e+00  ,2.226431297125e+00  ,1.944900197367e+00  ,1.670465788714e+00  ,1.413084290036e+00  ,1.155742461668e+00  ,9.022791411324e-01  ,6.661848022819e-01  ,4.768686501784e-01  ,2.970713636772e-01  ,1.530254385276e-01  ,4.664125995198e-02  ,1.290679043632e-02  ,9.502454528506e-03  ,1.041035106357e-02  ,1.160714180004e-02  ,1.249160167069e-02  
  4.418595042383e-06  ,3.374222317580e+00  ,3.085883571682e+00  ,2.806769513263e+00  ,2.520090565501e+00  ,2.226431297125e+00  ,1.944900197367e+00  ,1.670465788714e+00  ,1.413084290036e+00  ,1.155742461668e+00  ,9.022791411324e-01  ,6.661848022819e-01  ,4.768686501784e-01  ,2.970713636772e-01  ,1.530254385276e-01  ,4.664125995198e-02  ,1.290679043632e-02  ,9.502454528506e-03  ,1.041035106357e-02  ,1.160714180004e-02  ,1.249160167069e-02  
  4.419595096563e-06  ,3.374222317580e+00  ,3.085883571682e+00  ,2.806769513263e+00  ,2.520090565501e+00  ,2.226431297125e+00  ,1.944900197367e+00  ,1.670465788714e+00  ,1.413084290036e+00  ,1.155742461668e+00  ,9.022791411324e-01  ,6.661848022819e-01  ,4.768686501784e-01  ,2.970713636772e-01  ,1.530254385276e-01  ,4.664125995198e-02  ,1.290679043632e-02  ,9.502454528506e-03  ,1.041035106357e-02  ,1.160714180004e-02  ,1.249160167069e-02  
  4.420595150744e-06  ,3.374222317580e+00  ,3.085883571682e+00  ,2.806769513263e+00  ,2.520090565501e+00  ,2.226431297125e+00  ,1.944900197367e+00  ,1.670465788714e+00  ,1.413084290036e+00  ,1.155742461668e+00  ,9.022791411324e-01  ,6.661848022819e-01  ,4.768686501784e-01  ,2.970713636772e-01  ,1.530254385276e-01  ,4.664125995198e-02  ,1.290679043632e-02  ,9.502454528506e-03  ,1.041035106357e-02  ,1.160714180004e-02  ,1.249160167069e-02  
  4.421595204924e-06  ,3.374222317580e+00  ,3.085883571682e+00  ,2.806769513263e+00  ,2.520090565501e+00  ,2.226431297125e+00  ,1.944900197367e+00  ,1.670465788714e+00  ,1.413084290036e+00  ,1.155742461668e+00  ,9.022791411324e-01  ,6.661848022819e-01  ,4.768686501784e-01  ,2.970713636772e-01  ,1.530254385276e-01  ,4.664125995198e-02  ,1.290679043632e-02  ,9.502454528506e-03  ,1.041035106357e-02  ,1.160714180004e-02  ,1.249160167069e-02  
  4.422595259105e-06  ,3.374222317580e+00  ,3.085883571682e+00  ,2.806769513263e+00  ,2.520090565501e+00  ,2.226431297125e+00  ,1.944900197367e+00  ,1.670465788714e+00  ,1.413084290036e+00  ,1.155742461668e+00  ,9.022791411324e-01  ,6.661848022819e-01  ,4.768686501784e-01  ,2.970713636772e-01  ,1.530254385276e-01  ,4.664125995198e-02  ,1.290679043632e-02  ,9.502454528506e-03  ,1.041035106357e-02  ,1.160714180004e-02  ,1.249160167069e-02  
  4.423595313286e-06  ,3.374222317580e+00  ,3.085883571682e+00  ,2.806769513263e+00  ,2.520090565501e+00  ,2.226431297125e+00  ,1.944900197367e+00  ,1.670465788714e+00  ,1.413084290036e+00  ,1.155742461668e+00  ,9.022791411324e-01  ,6.661848022819e-01  ,4.768686501784e-01  ,2.970713636772e-01  ,1.530254385276e-01  ,4.664125995198e-02  ,1.290679043632e-02  ,9.502454528506e-03  ,1.041035106357e-02  ,1.160714180004e-02  ,1.249160167069e-02  
  4.424595367466e-06  ,3.374222317580e+00  ,3.085883571682e+00  ,2.806769513263e+00  ,2.520090565501e+00  ,2.226431297125e+00  ,1.944900197367e+00  ,1.670465788714e+00  ,1.413084290036e+00  ,1.155742461668e+00  ,9.022791411324e-01  ,6.661848022819e-01  ,4.768686501784e-01  ,2.970713636772e-01  ,1.530254385276e-01  ,4.664125995198e-02  ,1.290679043632e-02  ,9.502454528506e-03  ,1.041035106357e-02  ,1.160714180004e-02  ,1.249160167069e-02  
  4.425595421647e-06  ,3.374222317580e+00  ,3.085883571682e+00  ,2.806769513263e+00  ,2.520090565501e+00  ,2.226431297125e+00  ,1.944900197367e+00  ,1.670465788714e+00  ,1.413084290036e+00  ,1.155742461668e+00  ,9.022791411324e-01  ,6.661848022819e-01  ,4.768686501784e-01  ,2.970713636772e-01  ,1.530254385276e-01  ,4.664125995198e-02  ,1.290679043632e-02  ,9.502454528506e-03  ,1.041035106357e-02  ,1.160714180004e-02  ,1.249160167069e-02  
  4.426595475828e-06  ,3.374222317580e+00  ,3.085883571682e+00  ,2.806769513263e+00  ,2.520090565501e+00  ,2.226431297125e+00  ,1.944900197367e+00  ,1.670465788714e+00  ,1.413084290036e+00  ,1.155742461668e+00  ,9.022791411324e-01  ,6.661848022819e-01  ,4.768686501784e-01  ,2.970713636772e-01  ,1.530254385276e-01  ,4.664125995198e-02  ,1.290679043632e-02  ,9.502454528506e-03  ,1.041035106357e-02  ,1.160714180004e-02  ,1.249160167069e-02  
  4.427595530008e-06  ,3.374222317580e+00  ,3.085883571682e+00  ,2.806769513263e+00  ,2.520090565501e+00  ,2.226431297125e+00  ,1.944900197367e+00  ,1.670465788714e+00  ,1.413084290036e+00  ,1.155742461668e+00  ,9.022791411324e-01  ,6.661848022819e-01  ,4.768686501784e-01  ,2.970713636772e-01  ,1.530254385276e-01  ,4.664125995198e-02  ,1.290679043632e-02  ,9.502454528506e-03  ,1.041035106357e-02  ,1.160714180004e-02  ,1.249160167069e-02  
  4.428595584189e-06  ,3.374222317580e+00  ,3.085883571682e+00  ,2.806769513263e+00  ,2.520090565501e+00  ,2.226431297125e+00  ,1.944900197367e+00  ,1.670465788714e+00  ,1.413084290036e+00  ,1.155742461668e+00  ,9.022791411324e-01  ,6.661848022819e-01  ,4.768686501784e-01  ,2.970713636772e-01  ,1.530254385276e-01  ,4.664125995198e-02  ,1.290679043632e-02  ,9.502454528506e-03  ,1.041035106357e-02  ,1.160714180004e-02  ,1.249160167069e-02  
  4.429595638369e-06  ,3.374222317580e+00  ,3.085883571682e+00  ,2.806769513263e+00  ,2.520090565501e+00  ,2.226431297125e+00  ,1.944900197367e+00  ,1.670465788714e+00  ,1.413084290036e+00  ,1.155742461668e+00  ,9.022791411324e-01  ,6.661848022819e-01  ,4.768686501784e-01  ,2.970713636772e-01  ,1.530254385276e-01  ,4.664125995198e-02  ,1.290679043632e-02  ,9.502454528506e-03  ,1.041035106357e-02  ,1.160714180004e-02  ,1.249160167069e-02  
  4.430595692550e-06  ,3.374222317580e+00  ,3.085883571682e+00  ,2.806769513263e+00  ,2.520090565501e+00  ,2.226431297125e+00  ,1.944900197367e+00  ,1.670465788714e+00  ,1.413084290036e+00  ,1.155742461668e+00  ,9.022791411324e-01  ,6.661848022819e-01  ,4.768686501784e-01  ,2.970713636772e-01  ,1.530254385276e-01  ,4.664125995198e-02  ,1.290679043632e-02  ,9.502454528506e-03  ,1.041035106357e-02  ,1.160714180004e-02  ,1.249160167069e-02  
  4.431595746731e-06  ,3.374222317580e+00  ,3.085883571682e+00  ,2.806769513263e+00  ,2.520090565501e+00  ,2.226431297125e+00  ,1.944900197367e+00  ,1.670465788714e+00  ,1.413084290036e+00  ,1.155742461668e+00  ,9.022791411324e-01  ,6.661848022819e-01  ,4.768686501784e-01  ,2.970713636772e-01  ,1.530254385276e-01  ,4.664125995198e-02  ,1.290679043632e-02  ,9.502454528506e-03  ,1.041035106357e-02  ,1.160714180004e-02  ,1.249160167069e-02  
  4.432595800911e-06  ,3.374222317580e+00  ,3.085883571682e+00  ,2.806769513263e+00  ,2.520090565501e+00  ,2.226431297125e+00  ,1.944900197367e+00  ,1.670465788714e+00  ,1.413084290036e+00  ,1.155742461668e+00  ,9.022791411324e-01  ,6.661848022819e-01  ,4.768686501784e-01  ,2.970713636772e-01  ,1.530254385276e-01  ,4.664125995198e-02  ,1.290679043632e-02  ,9.502454528506e-03  ,1.041035106357e-02  ,1.160714180004e-02  ,1.249160167069e-02  
  4.433595855092e-06  ,3.374222317580e+00  ,3.085883571682e+00  ,2.806769513263e+00  ,2.520090565501e+00  ,2.226431297125e+00  ,1.944900197367e+00  ,1.670465788714e+00  ,1.413084290036e+00  ,1.155742461668e+00  ,9.022791411324e-01  ,6.661848022819e-01  ,4.768686501784e-01  ,2.970713636772e-01  ,1.530254385276e-01  ,4.664125995198e-02  ,1.290679043632e-02  ,9.502454528506e-03  ,1.041035106357e-02  ,1.160714180004e-02  ,1.249160167069e-02  
  4.434595909272e-06  ,3.374222317580e+00  ,3.085883571682e+00  ,2.806769513263e+00  ,2.520090565501e+00  ,2.226431297125e+00  ,1.944900197367e+00  ,1.670465788714e+00  ,1.413084290036e+00  ,1.155742461668e+00  ,9.022791411324e-01  ,6.661848022819e-01  ,4.768686501784e-01  ,2.970713636772e-01  ,1.530254385276e-01  ,4.664125995198e-02  ,1.290679043632e-02  ,9.502454528506e-03  ,1.041035106357e-02  ,1.160714180004e-02  ,1.249160167069e-02  
  4.435595963453e-06  ,3.374222317580e+00  ,3.085883571682e+00  ,2.806769513263e+00  ,2.520090565501e+00  ,2.226431297125e+00  ,1.944900197367e+00  ,1.670465788714e+00  ,1.413084290036e+00  ,1.155742461668e+00  ,9.022791411324e-01  ,6.661848022819e-01  ,4.768686501784e-01  ,2.970713636772e-01  ,1.530254385276e-01  ,4.664125995198e-02  ,1.290679043632e-02  ,9.502454528506e-03  ,1.041035106357e-02  ,1.160714180004e-02  ,1.249160167069e-02  
  4.435980690480e-06  ,3.374222317580e+00  ,3.085883571682e+00  ,2.806769513263e+00  ,2.520090565501e+00  ,2.226431297125e+00  ,1.944900197367e+00  ,1.670465788714e+00  ,1.413084290036e+00  ,1.155742461668e+00  ,9.022791411324e-01  ,6.661848022819e-01  ,4.768686501784e-01  ,2.970713636772e-01  ,1.530254385276e-01  ,4.664125995198e-02  ,1.290679043632e-02  ,9.502454528506e-03  ,1.041035106357e-02  ,1.160714180004e-02  ,1.249160167069e-02  
  4.436230704026e-06  ,3.374222317580e+00  ,3.085883571682e+00  ,2.806769513263e+00  ,2.520090565501e+00  ,2.226431297125e+00  ,1.944900197367e+00  ,1.670465788714e+00  ,1.413084290036e+00  ,1.155742461668e+00  ,9.022791411324e-01  ,6.661848022819e-01  ,4.768686501784e-01  ,2.970713636772e-01  ,1.530254385276e-01  ,4.664125995198e-02  ,1.290679043632e-02  ,9.502454528506e-03  ,1.041035106357e-02  ,1.160714180004e-02  ,1.249160167069e-02  
  4.436730731116e-06  ,3.374222317580e+00  ,3.085883571682e+00  ,2.806769513263e+00  ,2.520090565501e+00  ,2.226431297125e+00  ,1.944900197367e+00  ,1.670465788714e+00  ,1.413084290036e+00  ,1.155742461668e+00  ,9.022791411324e-01  ,6.661848022819e-01  ,4.768686501784e-01  ,2.970713636772e-01  ,1.530254385276e-01  ,4.664125995198e-02  ,1.290679043632e-02  ,9.502454528506e-03  ,1.041035106357e-02  ,1.160714180004e-02  ,1.249160167069e-02  
  4.437730785296e-06  ,3.374222317580e+00  ,3.085883571682e+00  ,2.806769513263e+00  ,2.520090565501e+00  ,2.226431297125e+00  ,1.944900197367e+00  ,1.670465788714e+00  ,1.413084290036e+00  ,1.155742461668e+00  ,9.022791411324e-01  ,6.661848022819e-01  ,4.768686501784e-01  ,2.970713636772e-01  ,1.530254385276e-01  ,4.664125995198e-02  ,1.290679043632e-02  ,9.502454528506e-03  ,1.041035106357e-02  ,1.160714180004e-02  ,1.249160167069e-02  
  4.438730839477e-06  ,3.374222317580e+00  ,3.085883571682e+00  ,2.806769513263e+00  ,2.520090565501e+00  ,2.226431297125e+00  ,1.944900197367e+00  ,1.670465788714e+00  ,1.413084290036e+00  ,1.155742461668e+00  ,9.022791411324e-01  ,6.661848022819e-01  ,4.768686501784e-01  ,2.970713636772e-01  ,1.530254385276e-01  ,4.664125995198e-02  ,1.290679043632e-02  ,9.502454528506e-03  ,1.041035106357e-02  ,1.160714180004e-02  ,1.249160167069e-02  
  4.439730893658e-06  ,3.374222317580e+00  ,3.085883571682e+00  ,2.806769513263e+00  ,2.520090565501e+00  ,2.226431297125e+00  ,1.944900197367e+00  ,1.670465788714e+00  ,1.413084290036e+00  ,1.155742461668e+00  ,9.022791411324e-01  ,6.661848022819e-01  ,4.768686501784e-01  ,2.970713636772e-01  ,1.530254385276e-01  ,4.664125995198e-02  ,1.290679043632e-02  ,9.502454528506e-03  ,1.041035106357e-02  ,1.160714180004e-02  ,1.249160167069e-02  
  4.440730947838e-06  ,3.374222317580e+00  ,3.085883571682e+00  ,2.806769513263e+00  ,2.520090565501e+00  ,2.226431297125e+00  ,1.944900197367e+00  ,1.670465788714e+00  ,1.413084290036e+00  ,1.155742461668e+00  ,9.022791411324e-01  ,6.661848022819e-01  ,4.768686501784e-01  ,2.970713636772e-01  ,1.530254385276e-01  ,4.664125995198e-02  ,1.290679043632e-02  ,9.502454528506e-03  ,1.041035106357e-02  ,1.160714180004e-02  ,1.249160167069e-02  
  4.441731002019e-06  ,3.374222317580e+00  ,3.085883571682e+00  ,2.806769513263e+00  ,2.520090565501e+00  ,2.226431297125e+00  ,1.944900197367e+00  ,1.670465788714e+00  ,1.413084290036e+00  ,1.155742461668e+00  ,9.022791411324e-01  ,6.661848022819e-01  ,4.768686501784e-01  ,2.970713636772e-01  ,1.530254385276e-01  ,4.664125995198e-02  ,1.290679043632e-02  ,9.502454528506e-03  ,1.041035106357e-02  ,1.160714180004e-02  ,1.249160167069e-02  
  4.442731056200e-06  ,3.374222317580e+00  ,3.085883571682e+00  ,2.806769513263e+00  ,2.520090565501e+00  ,2.226431297125e+00  ,1.944900197367e+00  ,1.670465788714e+00  ,1.413084290036e+00  ,1.155742461668e+00  ,9.022791411324e-01  ,6.661848022819e-01  ,4.768686501784e-01  ,2.970713636772e-01  ,1.530254385276e-01  ,4.664125995198e-02  ,1.290679043632e-02  ,9.502454528506e-03  ,1.041035106357e-02  ,1.160714180004e-02  ,1.249160167069e-02  
  4.443731110380e-06  ,3.374222317580e+00  ,3.085883571682e+00  ,2.806769513263e+00  ,2.520090565501e+00  ,2.226431297125e+00  ,1.944900197367e+00  ,1.670465788714e+00  ,1.413084290036e+00  ,1.155742461668e+00  ,9.022791411324e-01  ,6.661848022819e-01  ,4.768686501784e-01  ,2.970713636772e-01  ,1.530254385276e-01  ,4.664125995198e-02  ,1.290679043632e-02  ,9.502454528506e-03  ,1.041035106357e-02  ,1.160714180004e-02  ,1.249160167069e-02  
  4.444731164561e-06  ,3.374222317580e+00  ,3.085883571682e+00  ,2.806769513263e+00  ,2.520090565501e+00  ,2.226431297125e+00  ,1.944900197367e+00  ,1.670465788714e+00  ,1.413084290036e+00  ,1.155742461668e+00  ,9.022791411324e-01  ,6.661848022819e-01  ,4.768686501784e-01  ,2.970713636772e-01  ,1.530254385276e-01  ,4.664125995198e-02  ,1.290679043632e-02  ,9.502454528506e-03  ,1.041035106357e-02  ,1.160714180004e-02  ,1.249160167069e-02  
  4.445731218741e-06  ,3.374222317580e+00  ,3.085883571682e+00  ,2.806769513263e+00  ,2.520090565501e+00  ,2.226431297125e+00  ,1.944900197367e+00  ,1.670465788714e+00  ,1.413084290036e+00  ,1.155742461668e+00  ,9.022791411324e-01  ,6.661848022819e-01  ,4.768686501784e-01  ,2.970713636772e-01  ,1.530254385276e-01  ,4.664125995198e-02  ,1.290679043632e-02  ,9.502454528506e-03  ,1.041035106357e-02  ,1.160714180004e-02  ,1.249160167069e-02  
  4.446731272922e-06  ,3.374222317580e+00  ,3.085883571682e+00  ,2.806769513263e+00  ,2.520090565501e+00  ,2.226431297125e+00  ,1.944900197367e+00  ,1.670465788714e+00  ,1.413084290036e+00  ,1.155742461668e+00  ,9.022791411324e-01  ,6.661848022819e-01  ,4.768686501784e-01  ,2.970713636772e-01  ,1.530254385276e-01  ,4.664125995198e-02  ,1.290679043632e-02  ,9.502454528506e-03  ,1.041035106357e-02  ,1.160714180004e-02  ,1.249160167069e-02  
  4.447731327103e-06  ,3.374222317580e+00  ,3.085883571682e+00  ,2.806769513263e+00  ,2.520090565501e+00  ,2.226431297125e+00  ,1.944900197367e+00  ,1.670465788714e+00  ,1.413084290036e+00  ,1.155742461668e+00  ,9.022791411324e-01  ,6.661848022819e-01  ,4.768686501784e-01  ,2.970713636772e-01  ,1.530254385276e-01  ,4.664125995198e-02  ,1.290679043632e-02  ,9.502454528506e-03  ,1.041035106357e-02  ,1.160714180004e-02  ,1.249160167069e-02  
  4.448731381283e-06  ,3.374222317580e+00  ,3.085883571682e+00  ,2.806769513263e+00  ,2.520090565501e+00  ,2.226431297125e+00  ,1.944900197367e+00  ,1.670465788714e+00  ,1.413084290036e+00  ,1.155742461668e+00  ,9.022791411324e-01  ,6.661848022819e-01  ,4.768686501784e-01  ,2.970713636772e-01  ,1.530254385276e-01  ,4.664125995198e-02  ,1.290679043632e-02  ,9.502454528506e-03  ,1.041035106357e-02  ,1.160714180004e-02  ,1.249160167069e-02  
  4.449731435464e-06  ,3.374222317580e+00  ,3.085883571682e+00  ,2.806769513263e+00  ,2.520090565501e+00  ,2.226431297125e+00  ,1.944900197367e+00  ,1.670465788714e+00  ,1.413084290036e+00  ,1.155742461668e+00  ,9.022791411324e-01  ,6.661848022819e-01  ,4.768686501784e-01  ,2.970713636772e-01  ,1.530254385276e-01  ,4.664125995198e-02  ,1.290679043632e-02  ,9.502454528506e-03  ,1.041035106357e-02  ,1.160714180004e-02  ,1.249160167069e-02  
  4.450731489645e-06  ,3.374222317580e+00  ,3.085883571682e+00  ,2.806769513263e+00  ,2.520090565501e+00  ,2.226431297125e+00  ,1.944900197367e+00  ,1.670465788714e+00  ,1.413084290036e+00  ,1.155742461668e+00  ,9.022791411324e-01  ,6.661848022819e-01  ,4.768686501784e-01  ,2.970713636772e-01  ,1.530254385276e-01  ,4.664125995198e-02  ,1.290679043632e-02  ,9.502454528506e-03  ,1.041035106357e-02  ,1.160714180004e-02  ,1.249160167069e-02  
  4.451731543825e-06  ,3.374222317580e+00  ,3.085883571682e+00  ,2.806769513263e+00  ,2.520090565501e+00  ,2.226431297125e+00  ,1.944900197367e+00  ,1.670465788714e+00  ,1.413084290036e+00  ,1.155742461668e+00  ,9.022791411324e-01  ,6.661848022819e-01  ,4.768686501784e-01  ,2.970713636772e-01  ,1.530254385276e-01  ,4.664125995198e-02  ,1.290679043632e-02  ,9.502454528506e-03  ,1.041035106357e-02  ,1.160714180004e-02  ,1.249160167069e-02  
  4.452731598006e-06  ,3.374222317580e+00  ,3.085883571682e+00  ,2.806769513263e+00  ,2.520090565501e+00  ,2.226431297125e+00  ,1.944900197367e+00  ,1.670465788714e+00  ,1.413084290036e+00  ,1.155742461668e+00  ,9.022791411324e-01  ,6.661848022819e-01  ,4.768686501784e-01  ,2.970713636772e-01  ,1.530254385276e-01  ,4.664125995198e-02  ,1.290679043632e-02  ,9.502454528506e-03  ,1.041035106357e-02  ,1.160714180004e-02  ,1.249160167069e-02  
  4.453731652186e-06  ,3.374222317580e+00  ,3.085883571682e+00  ,2.806769513263e+00  ,2.520090565501e+00  ,2.226431297125e+00  ,1.944900197367e+00  ,1.670465788714e+00  ,1.413084290036e+00  ,1.155742461668e+00  ,9.022791411324e-01  ,6.661848022819e-01  ,4.768686501784e-01  ,2.970713636772e-01  ,1.530254385276e-01  ,4.664125995198e-02  ,1.290679043632e-02  ,9.502454528506e-03  ,1.041035106357e-02  ,1.160714180004e-02  ,1.249160167069e-02  
  4.454731706367e-06  ,3.374222317580e+00  ,3.085883571682e+00  ,2.806769513263e+00  ,2.520090565501e+00  ,2.226431297125e+00  ,1.944900197367e+00  ,1.670465788714e+00  ,1.413084290036e+00  ,1.155742461668e+00  ,9.022791411324e-01  ,6.661848022819e-01  ,4.768686501784e-01  ,2.970713636772e-01  ,1.530254385276e-01  ,4.664125995198e-02  ,1.290679043632e-02  ,9.502454528506e-03  ,1.041035106357e-02  ,1.160714180004e-02  ,1.249160167069e-02  
  4.455731760548e-06  ,3.374222317580e+00  ,3.085883571682e+00  ,2.806769513263e+00  ,2.520090565501e+00  ,2.226431297125e+00  ,1.944900197367e+00  ,1.670465788714e+00  ,1.413084290036e+00  ,1.155742461668e+00  ,9.022791411324e-01  ,6.661848022819e-01  ,4.768686501784e-01  ,2.970713636772e-01  ,1.530254385276e-01  ,4.664125995198e-02  ,1.290679043632e-02  ,9.502454528506e-03  ,1.041035106357e-02  ,1.160714180004e-02  ,1.249160167069e-02  
  4.456731814728e-06  ,3.374222317580e+00  ,3.085883571682e+00  ,2.806769513263e+00  ,2.520090565501e+00  ,2.226431297125e+00  ,1.944900197367e+00  ,1.670465788714e+00  ,1.413084290036e+00  ,1.155742461668e+00  ,9.022791411324e-01  ,6.661848022819e-01  ,4.768686501784e-01  ,2.970713636772e-01  ,1.530254385276e-01  ,4.664125995198e-02  ,1.290679043632e-02  ,9.502454528506e-03  ,1.041035106357e-02  ,1.160714180004e-02  ,1.249160167069e-02  
  4.457731868909e-06  ,3.374222317580e+00  ,3.085883571682e+00  ,2.806769513263e+00  ,2.520090565501e+00  ,2.226431297125e+00  ,1.944900197367e+00  ,1.670465788714e+00  ,1.413084290036e+00  ,1.155742461668e+00  ,9.022791411324e-01  ,6.661848022819e-01  ,4.768686501784e-01  ,2.970713636772e-01  ,1.530254385276e-01  ,4.664125995198e-02  ,1.290679043632e-02  ,9.502454528506e-03  ,1.041035106357e-02  ,1.160714180004e-02  ,1.249160167069e-02  
  4.458731923090e-06  ,3.374222317580e+00  ,3.085883571682e+00  ,2.806769513263e+00  ,2.520090565501e+00  ,2.226431297125e+00  ,1.944900197367e+00  ,1.670465788714e+00  ,1.413084290036e+00  ,1.155742461668e+00  ,9.022791411324e-01  ,6.661848022819e-01  ,4.768686501784e-01  ,2.970713636772e-01  ,1.530254385276e-01  ,4.664125995198e-02  ,1.290679043632e-02  ,9.502454528506e-03  ,1.041035106357e-02  ,1.160714180004e-02  ,1.249160167069e-02  
  4.459731977270e-06  ,3.374222317580e+00  ,3.085883571682e+00  ,2.806769513263e+00  ,2.520090565501e+00  ,2.226431297125e+00  ,1.944900197367e+00  ,1.670465788714e+00  ,1.413084290036e+00  ,1.155742461668e+00  ,9.022791411324e-01  ,6.661848022819e-01  ,4.768686501784e-01  ,2.970713636772e-01  ,1.530254385276e-01  ,4.664125995198e-02  ,1.290679043632e-02  ,9.502454528506e-03  ,1.041035106357e-02  ,1.160714180004e-02  ,1.249160167069e-02  
  4.460732031451e-06  ,3.374222317580e+00  ,3.085883571682e+00  ,2.806769513263e+00  ,2.520090565501e+00  ,2.226431297125e+00  ,1.944900197367e+00  ,1.670465788714e+00  ,1.413084290036e+00  ,1.155742461668e+00  ,9.022791411324e-01  ,6.661848022819e-01  ,4.768686501784e-01  ,2.970713636772e-01  ,1.530254385276e-01  ,4.664125995198e-02  ,1.290679043632e-02  ,9.502454528506e-03  ,1.041035106357e-02  ,1.160714180004e-02  ,1.249160167069e-02  
  4.461732085631e-06  ,3.374222317580e+00  ,3.085883571682e+00  ,2.806769513263e+00  ,2.520090565501e+00  ,2.226431297125e+00  ,1.944900197367e+00  ,1.670465788714e+00  ,1.413084290036e+00  ,1.155742461668e+00  ,9.022791411324e-01  ,6.661848022819e-01  ,4.768686501784e-01  ,2.970713636772e-01  ,1.530254385276e-01  ,4.664125995198e-02  ,1.290679043632e-02  ,9.502454528506e-03  ,1.041035106357e-02  ,1.160714180004e-02  ,1.249160167069e-02  
  4.462732139812e-06  ,3.374222317580e+00  ,3.085883571682e+00  ,2.806769513263e+00  ,2.520090565501e+00  ,2.226431297125e+00  ,1.944900197367e+00  ,1.670465788714e+00  ,1.413084290036e+00  ,1.155742461668e+00  ,9.022791411324e-01  ,6.661848022819e-01  ,4.768686501784e-01  ,2.970713636772e-01  ,1.530254385276e-01  ,4.664125995198e-02  ,1.290679043632e-02  ,9.502454528506e-03  ,1.041035106357e-02  ,1.160714180004e-02  ,1.249160167069e-02  
  4.463732193993e-06  ,3.374222317580e+00  ,3.085883571682e+00  ,2.806769513263e+00  ,2.520090565501e+00  ,2.226431297125e+00  ,1.944900197367e+00  ,1.670465788714e+00  ,1.413084290036e+00  ,1.155742461668e+00  ,9.022791411324e-01  ,6.661848022819e-01  ,4.768686501784e-01  ,2.970713636772e-01  ,1.530254385276e-01  ,4.664125995198e-02  ,1.290679043632e-02  ,9.502454528506e-03  ,1.041035106357e-02  ,1.160714180004e-02  ,1.249160167069e-02  
  4.464732248173e-06  ,3.374222317580e+00  ,3.085883571682e+00  ,2.806769513263e+00  ,2.520090565501e+00  ,2.226431297125e+00  ,1.944900197367e+00  ,1.670465788714e+00  ,1.413084290036e+00  ,1.155742461668e+00  ,9.022791411324e-01  ,6.661848022819e-01  ,4.768686501784e-01  ,2.970713636772e-01  ,1.530254385276e-01  ,4.664125995198e-02  ,1.290679043632e-02  ,9.502454528506e-03  ,1.041035106357e-02  ,1.160714180004e-02  ,1.249160167069e-02  
  4.465732302354e-06  ,3.374222317580e+00  ,3.085883571682e+00  ,2.806769513263e+00  ,2.520090565501e+00  ,2.226431297125e+00  ,1.944900197367e+00  ,1.670465788714e+00  ,1.413084290036e+00  ,1.155742461668e+00  ,9.022791411324e-01  ,6.661848022819e-01  ,4.768686501784e-01  ,2.970713636772e-01  ,1.530254385276e-01  ,4.664125995198e-02  ,1.290679043632e-02  ,9.502454528506e-03  ,1.041035106357e-02  ,1.160714180004e-02  ,1.249160167069e-02  
  4.466732356535e-06  ,3.374222317580e+00  ,3.085883571682e+00  ,2.806769513263e+00  ,2.520090565501e+00  ,2.226431297125e+00  ,1.944900197367e+00  ,1.670465788714e+00  ,1.413084290036e+00  ,1.155742461668e+00  ,9.022791411324e-01  ,6.661848022819e-01  ,4.768686501784e-01  ,2.970713636772e-01  ,1.530254385276e-01  ,4.664125995198e-02  ,1.290679043632e-02  ,9.502454528506e-03  ,1.041035106357e-02  ,1.160714180004e-02  ,1.249160167069e-02  
  4.467732410715e-06  ,3.374222317580e+00  ,3.085883571682e+00  ,2.806769513263e+00  ,2.520090565501e+00  ,2.226431297125e+00  ,1.944900197367e+00  ,1.670465788714e+00  ,1.413084290036e+00  ,1.155742461668e+00  ,9.022791411324e-01  ,6.661848022819e-01  ,4.768686501784e-01  ,2.970713636772e-01  ,1.530254385276e-01  ,4.664125995198e-02  ,1.290679043632e-02  ,9.502454528506e-03  ,1.041035106357e-02  ,1.160714180004e-02  ,1.249160167069e-02  
  4.468732464896e-06  ,3.374222317580e+00  ,3.085883571682e+00  ,2.806769513263e+00  ,2.520090565501e+00  ,2.226431297125e+00  ,1.944900197367e+00  ,1.670465788714e+00  ,1.413084290036e+00  ,1.155742461668e+00  ,9.022791411324e-01  ,6.661848022819e-01  ,4.768686501784e-01  ,2.970713636772e-01  ,1.530254385276e-01  ,4.664125995198e-02  ,1.290679043632e-02  ,9.502454528506e-03  ,1.041035106357e-02  ,1.160714180004e-02  ,1.249160167069e-02  
  4.469732519076e-06  ,3.374222317580e+00  ,3.085883571682e+00  ,2.806769513263e+00  ,2.520090565501e+00  ,2.226431297125e+00  ,1.944900197367e+00  ,1.670465788714e+00  ,1.413084290036e+00  ,1.155742461668e+00  ,9.022791411324e-01  ,6.661848022819e-01  ,4.768686501784e-01  ,2.970713636772e-01  ,1.530254385276e-01  ,4.664125995198e-02  ,1.290679043632e-02  ,9.502454528506e-03  ,1.041035106357e-02  ,1.160714180004e-02  ,1.249160167069e-02  
  4.470732573257e-06  ,3.374222317580e+00  ,3.085883571682e+00  ,2.806769513263e+00  ,2.520090565501e+00  ,2.226431297125e+00  ,1.944900197367e+00  ,1.670465788714e+00  ,1.413084290036e+00  ,1.155742461668e+00  ,9.022791411324e-01  ,6.661848022819e-01  ,4.768686501784e-01  ,2.970713636772e-01  ,1.530254385276e-01  ,4.664125995198e-02  ,1.290679043632e-02  ,9.502454528506e-03  ,1.041035106357e-02  ,1.160714180004e-02  ,1.249160167069e-02  
  4.471732627438e-06  ,3.374222317580e+00  ,3.085883571682e+00  ,2.806769513263e+00  ,2.520090565501e+00  ,2.226431297125e+00  ,1.944900197367e+00  ,1.670465788714e+00  ,1.413084290036e+00  ,1.155742461668e+00  ,9.022791411324e-01  ,6.661848022819e-01  ,4.768686501784e-01  ,2.970713636772e-01  ,1.530254385276e-01  ,4.664125995198e-02  ,1.290679043632e-02  ,9.502454528506e-03  ,1.041035106357e-02  ,1.160714180004e-02  ,1.249160167069e-02  
  4.472732681618e-06  ,3.374222317580e+00  ,3.085883571682e+00  ,2.806769513263e+00  ,2.520090565501e+00  ,2.226431297125e+00  ,1.944900197367e+00  ,1.670465788714e+00  ,1.413084290036e+00  ,1.155742461668e+00  ,9.022791411324e-01  ,6.661848022819e-01  ,4.768686501784e-01  ,2.970713636772e-01  ,1.530254385276e-01  ,4.664125995198e-02  ,1.290679043632e-02  ,9.502454528506e-03  ,1.041035106357e-02  ,1.160714180004e-02  ,1.249160167069e-02  
  4.473732735799e-06  ,3.374222317580e+00  ,3.085883571682e+00  ,2.806769513263e+00  ,2.520090565501e+00  ,2.226431297125e+00  ,1.944900197367e+00  ,1.670465788714e+00  ,1.413084290036e+00  ,1.155742461668e+00  ,9.022791411324e-01  ,6.661848022819e-01  ,4.768686501784e-01  ,2.970713636772e-01  ,1.530254385276e-01  ,4.664125995198e-02  ,1.290679043632e-02  ,9.502454528506e-03  ,1.041035106357e-02  ,1.160714180004e-02  ,1.249160167069e-02  
  4.474732789979e-06  ,3.374222317580e+00  ,3.085883571682e+00  ,2.806769513263e+00  ,2.520090565501e+00  ,2.226431297125e+00  ,1.944900197367e+00  ,1.670465788714e+00  ,1.413084290036e+00  ,1.155742461668e+00  ,9.022791411324e-01  ,6.661848022819e-01  ,4.768686501784e-01  ,2.970713636772e-01  ,1.530254385276e-01  ,4.664125995198e-02  ,1.290679043632e-02  ,9.502454528506e-03  ,1.041035106357e-02  ,1.160714180004e-02  ,1.249160167069e-02  
  4.475732844160e-06  ,3.374222317580e+00  ,3.085883571682e+00  ,2.806769513263e+00  ,2.520090565501e+00  ,2.226431297125e+00  ,1.944900197367e+00  ,1.670465788714e+00  ,1.413084290036e+00  ,1.155742461668e+00  ,9.022791411324e-01  ,6.661848022819e-01  ,4.768686501784e-01  ,2.970713636772e-01  ,1.530254385276e-01  ,4.664125995198e-02  ,1.290679043632e-02  ,9.502454528506e-03  ,1.041035106357e-02  ,1.160714180004e-02  ,1.249160167069e-02  
  4.476732898341e-06  ,3.374222317580e+00  ,3.085883571682e+00  ,2.806769513263e+00  ,2.520090565501e+00  ,2.226431297125e+00  ,1.944900197367e+00  ,1.670465788714e+00  ,1.413084290036e+00  ,1.155742461668e+00  ,9.022791411324e-01  ,6.661848022819e-01  ,4.768686501784e-01  ,2.970713636772e-01  ,1.530254385276e-01  ,4.664125995198e-02  ,1.290679043632e-02  ,9.502454528506e-03  ,1.041035106357e-02  ,1.160714180004e-02  ,1.249160167069e-02  
  4.477732952521e-06  ,3.374222317580e+00  ,3.085883571682e+00  ,2.806769513263e+00  ,2.520090565501e+00  ,2.226431297125e+00  ,1.944900197367e+00  ,1.670465788714e+00  ,1.413084290036e+00  ,1.155742461668e+00  ,9.022791411324e-01  ,6.661848022819e-01  ,4.768686501784e-01  ,2.970713636772e-01  ,1.530254385276e-01  ,4.664125995198e-02  ,1.290679043632e-02  ,9.502454528506e-03  ,1.041035106357e-02  ,1.160714180004e-02  ,1.249160167069e-02  
  4.478733006702e-06  ,3.374222317580e+00  ,3.085883571682e+00  ,2.806769513263e+00  ,2.520090565501e+00  ,2.226431297125e+00  ,1.944900197367e+00  ,1.670465788714e+00  ,1.413084290036e+00  ,1.155742461668e+00  ,9.022791411324e-01  ,6.661848022819e-01  ,4.768686501784e-01  ,2.970713636772e-01  ,1.530254385276e-01  ,4.664125995198e-02  ,1.290679043632e-02  ,9.502454528506e-03  ,1.041035106357e-02  ,1.160714180004e-02  ,1.249160167069e-02  
  4.479733060883e-06  ,3.374222317580e+00  ,3.085883571682e+00  ,2.806769513263e+00  ,2.520090565501e+00  ,2.226431297125e+00  ,1.944900197367e+00  ,1.670465788714e+00  ,1.413084290036e+00  ,1.155742461668e+00  ,9.022791411324e-01  ,6.661848022819e-01  ,4.768686501784e-01  ,2.970713636772e-01  ,1.530254385276e-01  ,4.664125995198e-02  ,1.290679043632e-02  ,9.502454528506e-03  ,1.041035106357e-02  ,1.160714180004e-02  ,1.249160167069e-02  
  4.480733115063e-06  ,3.374222317580e+00  ,3.085883571682e+00  ,2.806769513263e+00  ,2.520090565501e+00  ,2.226431297125e+00  ,1.944900197367e+00  ,1.670465788714e+00  ,1.413084290036e+00  ,1.155742461668e+00  ,9.022791411324e-01  ,6.661848022819e-01  ,4.768686501784e-01  ,2.970713636772e-01  ,1.530254385276e-01  ,4.664125995198e-02  ,1.290679043632e-02  ,9.502454528506e-03  ,1.041035106357e-02  ,1.160714180004e-02  ,1.249160167069e-02  
  4.481733169244e-06  ,3.374222317580e+00  ,3.085883571682e+00  ,2.806769513263e+00  ,2.520090565501e+00  ,2.226431297125e+00  ,1.944900197367e+00  ,1.670465788714e+00  ,1.413084290036e+00  ,1.155742461668e+00  ,9.022791411324e-01  ,6.661848022819e-01  ,4.768686501784e-01  ,2.970713636772e-01  ,1.530254385276e-01  ,4.664125995198e-02  ,1.290679043632e-02  ,9.502454528506e-03  ,1.041035106357e-02  ,1.160714180004e-02  ,1.249160167069e-02  
  4.482733223424e-06  ,3.374222317580e+00  ,3.085883571682e+00  ,2.806769513263e+00  ,2.520090565501e+00  ,2.226431297125e+00  ,1.944900197367e+00  ,1.670465788714e+00  ,1.413084290036e+00  ,1.155742461668e+00  ,9.022791411324e-01  ,6.661848022819e-01  ,4.768686501784e-01  ,2.970713636772e-01  ,1.530254385276e-01  ,4.664125995198e-02  ,1.290679043632e-02  ,9.502454528506e-03  ,1.041035106357e-02  ,1.160714180004e-02  ,1.249160167069e-02  
  4.483733277605e-06  ,3.374222317580e+00  ,3.085883571682e+00  ,2.806769513263e+00  ,2.520090565501e+00  ,2.226431297125e+00  ,1.944900197367e+00  ,1.670465788714e+00  ,1.413084290036e+00  ,1.155742461668e+00  ,9.022791411324e-01  ,6.661848022819e-01  ,4.768686501784e-01  ,2.970713636772e-01  ,1.530254385276e-01  ,4.664125995198e-02  ,1.290679043632e-02  ,9.502454528506e-03  ,1.041035106357e-02  ,1.160714180004e-02  ,1.249160167069e-02  
  4.484733331786e-06  ,3.374222317580e+00  ,3.085883571682e+00  ,2.806769513263e+00  ,2.520090565501e+00  ,2.226431297125e+00  ,1.944900197367e+00  ,1.670465788714e+00  ,1.413084290036e+00  ,1.155742461668e+00  ,9.022791411324e-01  ,6.661848022819e-01  ,4.768686501784e-01  ,2.970713636772e-01  ,1.530254385276e-01  ,4.664125995198e-02  ,1.290679043632e-02  ,9.502454528506e-03  ,1.041035106357e-02  ,1.160714180004e-02  ,1.249160167069e-02  
  4.485733385966e-06  ,3.374222317580e+00  ,3.085883571682e+00  ,2.806769513263e+00  ,2.520090565501e+00  ,2.226431297125e+00  ,1.944900197367e+00  ,1.670465788714e+00  ,1.413084290036e+00  ,1.155742461668e+00  ,9.022791411324e-01  ,6.661848022819e-01  ,4.768686501784e-01  ,2.970713636772e-01  ,1.530254385276e-01  ,4.664125995198e-02  ,1.290679043632e-02  ,9.502454528506e-03  ,1.041035106357e-02  ,1.160714180004e-02  ,1.249160167069e-02  
  4.486733440147e-06  ,3.374222317580e+00  ,3.085883571682e+00  ,2.806769513263e+00  ,2.520090565501e+00  ,2.226431297125e+00  ,1.944900197367e+00  ,1.670465788714e+00  ,1.413084290036e+00  ,1.155742461668e+00  ,9.022791411324e-01  ,6.661848022819e-01  ,4.768686501784e-01  ,2.970713636772e-01  ,1.530254385276e-01  ,4.664125995198e-02  ,1.290679043632e-02  ,9.502454528506e-03  ,1.041035106357e-02  ,1.160714180004e-02  ,1.249160167069e-02  
  4.487733494328e-06  ,3.374222317580e+00  ,3.085883571682e+00  ,2.806769513263e+00  ,2.520090565501e+00  ,2.226431297125e+00  ,1.944900197367e+00  ,1.670465788714e+00  ,1.413084290036e+00  ,1.155742461668e+00  ,9.022791411324e-01  ,6.661848022819e-01  ,4.768686501784e-01  ,2.970713636772e-01  ,1.530254385276e-01  ,4.664125995198e-02  ,1.290679043632e-02  ,9.502454528506e-03  ,1.041035106357e-02  ,1.160714180004e-02  ,1.249160167069e-02  
  4.488733548508e-06  ,3.374222317580e+00  ,3.085883571682e+00  ,2.806769513263e+00  ,2.520090565501e+00  ,2.226431297125e+00  ,1.944900197367e+00  ,1.670465788714e+00  ,1.413084290036e+00  ,1.155742461668e+00  ,9.022791411324e-01  ,6.661848022819e-01  ,4.768686501784e-01  ,2.970713636772e-01  ,1.530254385276e-01  ,4.664125995198e-02  ,1.290679043632e-02  ,9.502454528506e-03  ,1.041035106357e-02  ,1.160714180004e-02  ,1.249160167069e-02  
  4.489733602689e-06  ,3.374222317580e+00  ,3.085883571682e+00  ,2.806769513263e+00  ,2.520090565501e+00  ,2.226431297125e+00  ,1.944900197367e+00  ,1.670465788714e+00  ,1.413084290036e+00  ,1.155742461668e+00  ,9.022791411324e-01  ,6.661848022819e-01  ,4.768686501784e-01  ,2.970713636772e-01  ,1.530254385276e-01  ,4.664125995198e-02  ,1.290679043632e-02  ,9.502454528506e-03  ,1.041035106357e-02  ,1.160714180004e-02  ,1.249160167069e-02  
  4.490733656869e-06  ,3.374222317580e+00  ,3.085883571682e+00  ,2.806769513263e+00  ,2.520090565501e+00  ,2.226431297125e+00  ,1.944900197367e+00  ,1.670465788714e+00  ,1.413084290036e+00  ,1.155742461668e+00  ,9.022791411324e-01  ,6.661848022819e-01  ,4.768686501784e-01  ,2.970713636772e-01  ,1.530254385276e-01  ,4.664125995198e-02  ,1.290679043632e-02  ,9.502454528506e-03  ,1.041035106357e-02  ,1.160714180004e-02  ,1.249160167069e-02  
  4.491733711050e-06  ,3.374222317580e+00  ,3.085883571682e+00  ,2.806769513263e+00  ,2.520090565501e+00  ,2.226431297125e+00  ,1.944900197367e+00  ,1.670465788714e+00  ,1.413084290036e+00  ,1.155742461668e+00  ,9.022791411324e-01  ,6.661848022819e-01  ,4.768686501784e-01  ,2.970713636772e-01  ,1.530254385276e-01  ,4.664125995198e-02  ,1.290679043632e-02  ,9.502454528506e-03  ,1.041035106357e-02  ,1.160714180004e-02  ,1.249160167069e-02  
  4.492733765231e-06  ,3.374222317580e+00  ,3.085883571682e+00  ,2.806769513263e+00  ,2.520090565501e+00  ,2.226431297125e+00  ,1.944900197367e+00  ,1.670465788714e+00  ,1.413084290036e+00  ,1.155742461668e+00  ,9.022791411324e-01  ,6.661848022819e-01  ,4.768686501784e-01  ,2.970713636772e-01  ,1.530254385276e-01  ,4.664125995198e-02  ,1.290679043632e-02  ,9.502454528506e-03  ,1.041035106357e-02  ,1.160714180004e-02  ,1.249160167069e-02  
  4.493733819411e-06  ,3.374222317580e+00  ,3.085883571682e+00  ,2.806769513263e+00  ,2.520090565501e+00  ,2.226431297125e+00  ,1.944900197367e+00  ,1.670465788714e+00  ,1.413084290036e+00  ,1.155742461668e+00  ,9.022791411324e-01  ,6.661848022819e-01  ,4.768686501784e-01  ,2.970713636772e-01  ,1.530254385276e-01  ,4.664125995198e-02  ,1.290679043632e-02  ,9.502454528506e-03  ,1.041035106357e-02  ,1.160714180004e-02  ,1.249160167069e-02  
  4.494733873592e-06  ,3.374222317580e+00  ,3.085883571682e+00  ,2.806769513263e+00  ,2.520090565501e+00  ,2.226431297125e+00  ,1.944900197367e+00  ,1.670465788714e+00  ,1.413084290036e+00  ,1.155742461668e+00  ,9.022791411324e-01  ,6.661848022819e-01  ,4.768686501784e-01  ,2.970713636772e-01  ,1.530254385276e-01  ,4.664125995198e-02  ,1.290679043632e-02  ,9.502454528506e-03  ,1.041035106357e-02  ,1.160714180004e-02  ,1.249160167069e-02  
  4.495733927773e-06  ,3.374222317580e+00  ,3.085883571682e+00  ,2.806769513263e+00  ,2.520090565501e+00  ,2.226431297125e+00  ,1.944900197367e+00  ,1.670465788714e+00  ,1.413084290036e+00  ,1.155742461668e+00  ,9.022791411324e-01  ,6.661848022819e-01  ,4.768686501784e-01  ,2.970713636772e-01  ,1.530254385276e-01  ,4.664125995198e-02  ,1.290679043632e-02  ,9.502454528506e-03  ,1.041035106357e-02  ,1.160714180004e-02  ,1.249160167069e-02  
  4.496733981953e-06  ,3.374222317580e+00  ,3.085883571682e+00  ,2.806769513263e+00  ,2.520090565501e+00  ,2.226431297125e+00  ,1.944900197367e+00  ,1.670465788714e+00  ,1.413084290036e+00  ,1.155742461668e+00  ,9.022791411324e-01  ,6.661848022819e-01  ,4.768686501784e-01  ,2.970713636772e-01  ,1.530254385276e-01  ,4.664125995198e-02  ,1.290679043632e-02  ,9.502454528506e-03  ,1.041035106357e-02  ,1.160714180004e-02  ,1.249160167069e-02  
  4.497734036134e-06  ,3.374222317580e+00  ,3.085883571682e+00  ,2.806769513263e+00  ,2.520090565501e+00  ,2.226431297125e+00  ,1.944900197367e+00  ,1.670465788714e+00  ,1.413084290036e+00  ,1.155742461668e+00  ,9.022791411324e-01  ,6.661848022819e-01  ,4.768686501784e-01  ,2.970713636772e-01  ,1.530254385276e-01  ,4.664125995198e-02  ,1.290679043632e-02  ,9.502454528506e-03  ,1.041035106357e-02  ,1.160714180004e-02  ,1.249160167069e-02  
  4.498734090314e-06  ,3.374222317580e+00  ,3.085883571682e+00  ,2.806769513263e+00  ,2.520090565501e+00  ,2.226431297125e+00  ,1.944900197367e+00  ,1.670465788714e+00  ,1.413084290036e+00  ,1.155742461668e+00  ,9.022791411324e-01  ,6.661848022819e-01  ,4.768686501784e-01  ,2.970713636772e-01  ,1.530254385276e-01  ,4.664125995198e-02  ,1.290679043632e-02  ,9.502454528506e-03  ,1.041035106357e-02  ,1.160714180004e-02  ,1.249160167069e-02  
  4.499734144495e-06  ,3.374222317580e+00  ,3.085883571682e+00  ,2.806769513263e+00  ,2.520090565501e+00  ,2.226431297125e+00  ,1.944900197367e+00  ,1.670465788714e+00  ,1.413084290036e+00  ,1.155742461668e+00  ,9.022791411324e-01  ,6.661848022819e-01  ,4.768686501784e-01  ,2.970713636772e-01  ,1.530254385276e-01  ,4.664125995198e-02  ,1.290679043632e-02  ,9.502454528506e-03  ,1.041035106357e-02  ,1.160714180004e-02  ,1.249160167069e-02  
  4.500000000000e-06  ,3.374222317580e+00  ,3.085883571682e+00  ,2.806769513263e+00  ,2.520090565501e+00  ,2.226431297125e+00  ,1.944900197367e+00  ,1.670465788714e+00  ,1.413084290036e+00  ,1.155742461668e+00  ,9.022791411324e-01  ,6.661848022819e-01  ,4.768686501784e-01  ,2.970713636772e-01  ,1.530254385276e-01  ,4.664125995198e-02  ,1.290679043632e-02  ,9.502454528506e-03  ,1.041035106357e-02  ,1.160714180004e-02  ,1.249160167069e-02  
