Format,2.0A,
Memory Length,5000,Memory Length,5000,Memory Length,5000,
Trigger Level,120V,Trigger Level,120V,Trigger Level,120V,
Source,CH1,Source,CH2,Source,Math,
Label, ,Label, ,Label, ,
Probe Ratio,1.000E+01,Probe Ratio,1.000E+01,Probe Ratio,1.000E+00,
Vertical Units,V,Vertical Units,V,Vertical Units,V,
Vertical Scale,5.000E+00,Vertical Scale,1.000E+02,Vertical Scale,1.000E+02,
Vertical Position,-1.120E+01,Vertical Position,-2.400E+02,Vertical Position,0.000E+00,
Horizontal Units,S,Horizontal Units,S,Horizontal Units,S,
Horizontal Scale,5.000E-08,Horizontal Scale,5.000E-08,Horizontal Scale,2.000E-07,
Horizontal Position,1.305E-07,Horizontal Position,1.305E-07,Horizontal Position,0.000E+00,
Horizontal Mode,Main,Horizontal Mode,Main,Horizontal Mode,Main,
Sampling Period,1.000E-09,Sampling Period,1.000E-09,Sampling Period,1.000E-09,
Firmware,V1.21,Firmware,V1.21,Firmware,V1.21,
Time,11-Jun-22 15:12:41,Time,11-Jun-22 15:12:41,Time,11-Jun-22 15:12:41,
Mode,Detail,Mode,Detail,Mode,Detail,
Waveform Data,,Waveform Data,,Waveform Data,,
-2.369500e-06,1.200000,-2.369500e-06,436.000000,-2.500000e-06,-512.000000,
-2.368500e-06,1.200000,-2.368500e-06,436.000000,-2.499000e-06,-512.000000,
-2.367500e-06,1.200000,-2.367500e-06,436.000000,-2.498000e-06,-512.000000,
-2.366500e-06,1.200000,-2.366500e-06,436.000000,-2.497000e-06,-512.000000,
-2.365500e-06,1.200000,-2.365500e-06,436.000000,-2.496000e-06,-512.000000,
-2.364500e-06,1.200000,-2.364500e-06,436.000000,-2.495000e-06,-512.000000,
-2.363500e-06,1.200000,-2.363500e-06,436.000000,-2.494000e-06,-512.000000,
-2.362500e-06,1.200000,-2.362500e-06,436.000000,-2.493000e-06,-512.000000,
-2.361500e-06,1.200000,-2.361500e-06,436.000000,-2.492000e-06,-512.000000,
-2.360500e-06,1.200000,-2.360500e-06,436.000000,-2.491000e-06,-512.000000,
-2.359500e-06,1.200000,-2.359500e-06,436.000000,-2.490000e-06,-512.000000,
-2.358500e-06,1.200000,-2.358500e-06,436.000000,-2.489000e-06,-512.000000,
-2.357500e-06,1.200000,-2.357500e-06,436.000000,-2.488000e-06,-512.000000,
-2.356500e-06,1.200000,-2.356500e-06,436.000000,-2.487000e-06,-512.000000,
-2.355500e-06,1.400000,-2.355500e-06,436.000000,-2.486000e-06,-512.000000,
-2.354500e-06,1.200000,-2.354500e-06,436.000000,-2.485000e-06,-512.000000,
-2.353500e-06,1.200000,-2.353500e-06,436.000000,-2.484000e-06,-512.000000,
-2.352500e-06,1.200000,-2.352500e-06,436.000000,-2.483000e-06,-512.000000,
-2.351500e-06,1.200000,-2.351500e-06,436.000000,-2.482000e-06,-512.000000,
-2.350500e-06,1.200000,-2.350500e-06,436.000000,-2.481000e-06,-512.000000,
-2.349500e-06,1.200000,-2.349500e-06,436.000000,-2.480000e-06,-512.000000,
-2.348500e-06,1.200000,-2.348500e-06,436.000000,-2.479000e-06,-512.000000,
-2.347500e-06,1.200000,-2.347500e-06,432.000000,-2.478000e-06,-512.000000,
-2.346500e-06,1.200000,-2.346500e-06,436.000000,-2.477000e-06,-512.000000,
-2.345500e-06,1.200000,-2.345500e-06,436.000000,-2.476000e-06,-512.000000,
-2.344500e-06,1.200000,-2.344500e-06,436.000000,-2.475000e-06,-512.000000,
-2.343500e-06,1.200000,-2.343500e-06,436.000000,-2.474000e-06,-512.000000,
-2.342500e-06,1.200000,-2.342500e-06,436.000000,-2.473000e-06,-512.000000,
-2.341500e-06,1.200000,-2.341500e-06,436.000000,-2.472000e-06,-512.000000,
-2.340500e-06,1.200000,-2.340500e-06,436.000000,-2.471000e-06,-512.000000,
-2.339500e-06,1.200000,-2.339500e-06,436.000000,-2.470000e-06,-512.000000,
-2.338500e-06,1.200000,-2.338500e-06,436.000000,-2.469000e-06,-512.000000,
-2.337500e-06,1.200000,-2.337500e-06,436.000000,-2.468000e-06,-512.000000,
-2.336500e-06,1.200000,-2.336500e-06,436.000000,-2.467000e-06,-512.000000,
-2.335500e-06,1.200000,-2.335500e-06,436.000000,-2.466000e-06,-512.000000,
-2.334500e-06,1.200000,-2.334500e-06,436.000000,-2.465000e-06,-512.000000,
-2.333500e-06,1.200000,-2.333500e-06,436.000000,-2.464000e-06,-512.000000,
-2.332500e-06,1.200000,-2.332500e-06,436.000000,-2.463000e-06,-512.000000,
-2.331500e-06,1.400000,-2.331500e-06,436.000000,-2.462000e-06,-512.000000,
-2.330500e-06,1.200000,-2.330500e-06,436.000000,-2.461000e-06,-512.000000,
-2.329500e-06,1.200000,-2.329500e-06,436.000000,-2.460000e-06,-512.000000,
-2.328500e-06,1.200000,-2.328500e-06,436.000000,-2.459000e-06,-512.000000,
-2.327500e-06,1.200000,-2.327500e-06,436.000000,-2.458000e-06,-512.000000,
-2.326500e-06,1.200000,-2.326500e-06,436.000000,-2.457000e-06,-512.000000,
-2.325500e-06,1.200000,-2.325500e-06,436.000000,-2.456000e-06,-512.000000,
-2.324500e-06,1.200000,-2.324500e-06,436.000000,-2.455000e-06,-512.000000,
-2.323500e-06,1.200000,-2.323500e-06,436.000000,-2.454000e-06,-512.000000,
-2.322500e-06,1.200000,-2.322500e-06,436.000000,-2.453000e-06,-512.000000,
-2.321500e-06,1.200000,-2.321500e-06,436.000000,-2.452000e-06,-512.000000,
-2.320500e-06,1.200000,-2.320500e-06,436.000000,-2.451000e-06,-512.000000,
-2.319500e-06,1.200000,-2.319500e-06,436.000000,-2.450000e-06,-512.000000,
-2.318500e-06,1.200000,-2.318500e-06,436.000000,-2.449000e-06,-512.000000,
-2.317500e-06,1.200000,-2.317500e-06,436.000000,-2.448000e-06,-512.000000,
-2.316500e-06,1.200000,-2.316500e-06,436.000000,-2.447000e-06,-512.000000,
-2.315500e-06,1.200000,-2.315500e-06,436.000000,-2.446000e-06,-512.000000,
-2.314500e-06,1.200000,-2.314500e-06,436.000000,-2.445000e-06,-512.000000,
-2.313500e-06,1.400000,-2.313500e-06,436.000000,-2.444000e-06,-512.000000,
-2.312500e-06,1.400000,-2.312500e-06,436.000000,-2.443000e-06,-512.000000,
-2.311500e-06,1.200000,-2.311500e-06,436.000000,-2.442000e-06,-512.000000,
-2.310500e-06,1.200000,-2.310500e-06,436.000000,-2.441000e-06,-512.000000,
-2.309500e-06,1.200000,-2.309500e-06,432.000000,-2.440000e-06,-512.000000,
-2.308500e-06,1.200000,-2.308500e-06,436.000000,-2.439000e-06,-512.000000,
-2.307500e-06,1.200000,-2.307500e-06,436.000000,-2.438000e-06,-512.000000,
-2.306500e-06,1.200000,-2.306500e-06,436.000000,-2.437000e-06,-512.000000,
-2.305500e-06,1.200000,-2.305500e-06,436.000000,-2.436000e-06,-512.000000,
-2.304500e-06,1.200000,-2.304500e-06,436.000000,-2.435000e-06,-512.000000,
-2.303500e-06,1.200000,-2.303500e-06,436.000000,-2.434000e-06,-512.000000,
-2.302500e-06,1.200000,-2.302500e-06,436.000000,-2.433000e-06,-512.000000,
-2.301500e-06,1.200000,-2.301500e-06,436.000000,-2.432000e-06,-512.000000,
-2.300500e-06,1.200000,-2.300500e-06,436.000000,-2.431000e-06,-512.000000,
-2.299500e-06,1.200000,-2.299500e-06,436.000000,-2.430000e-06,-512.000000,
-2.298500e-06,1.200000,-2.298500e-06,436.000000,-2.429000e-06,-512.000000,
-2.297500e-06,1.200000,-2.297500e-06,432.000000,-2.428000e-06,-512.000000,
-2.296500e-06,1.200000,-2.296500e-06,436.000000,-2.427000e-06,-512.000000,
-2.295500e-06,1.200000,-2.295500e-06,436.000000,-2.426000e-06,-512.000000,
-2.294500e-06,1.200000,-2.294500e-06,436.000000,-2.425000e-06,-512.000000,
-2.293500e-06,1.200000,-2.293500e-06,436.000000,-2.424000e-06,-512.000000,
-2.292500e-06,1.200000,-2.292500e-06,436.000000,-2.423000e-06,-512.000000,
-2.291500e-06,1.200000,-2.291500e-06,436.000000,-2.422000e-06,-512.000000,
-2.290500e-06,1.200000,-2.290500e-06,436.000000,-2.421000e-06,-512.000000,
-2.289500e-06,1.200000,-2.289500e-06,432.000000,-2.420000e-06,-512.000000,
-2.288500e-06,1.200000,-2.288500e-06,436.000000,-2.419000e-06,-512.000000,
-2.287500e-06,1.200000,-2.287500e-06,436.000000,-2.418000e-06,-512.000000,
-2.286500e-06,1.200000,-2.286500e-06,436.000000,-2.417000e-06,-512.000000,
-2.285500e-06,1.200000,-2.285500e-06,432.000000,-2.416000e-06,-512.000000,
-2.284500e-06,1.200000,-2.284500e-06,436.000000,-2.415000e-06,-512.000000,
-2.283500e-06,1.200000,-2.283500e-06,432.000000,-2.414000e-06,-512.000000,
-2.282500e-06,1.200000,-2.282500e-06,436.000000,-2.413000e-06,-512.000000,
-2.281500e-06,1.200000,-2.281500e-06,432.000000,-2.412000e-06,-512.000000,
-2.280500e-06,1.200000,-2.280500e-06,436.000000,-2.411000e-06,-512.000000,
-2.279500e-06,1.200000,-2.279500e-06,436.000000,-2.410000e-06,-512.000000,
-2.278500e-06,1.200000,-2.278500e-06,436.000000,-2.409000e-06,-512.000000,
-2.277500e-06,1.200000,-2.277500e-06,436.000000,-2.408000e-06,-512.000000,
-2.276500e-06,1.200000,-2.276500e-06,436.000000,-2.407000e-06,-512.000000,
-2.275500e-06,1.200000,-2.275500e-06,432.000000,-2.406000e-06,-512.000000,
-2.274500e-06,1.200000,-2.274500e-06,436.000000,-2.405000e-06,-512.000000,
-2.273500e-06,1.200000,-2.273500e-06,432.000000,-2.404000e-06,-512.000000,
-2.272500e-06,1.200000,-2.272500e-06,436.000000,-2.403000e-06,-512.000000,
-2.271500e-06,1.200000,-2.271500e-06,436.000000,-2.402000e-06,-512.000000,
-2.270500e-06,1.200000,-2.270500e-06,436.000000,-2.401000e-06,-512.000000,
-2.269500e-06,1.200000,-2.269500e-06,432.000000,-2.400000e-06,-512.000000,
-2.268500e-06,1.200000,-2.268500e-06,436.000000,-2.399000e-06,-512.000000,
-2.267500e-06,1.200000,-2.267500e-06,432.000000,-2.398000e-06,-512.000000,
-2.266500e-06,1.200000,-2.266500e-06,436.000000,-2.397000e-06,-512.000000,
-2.265500e-06,1.200000,-2.265500e-06,436.000000,-2.396000e-06,-512.000000,
-2.264500e-06,1.200000,-2.264500e-06,436.000000,-2.395000e-06,-512.000000,
-2.263500e-06,1.200000,-2.263500e-06,436.000000,-2.394000e-06,-512.000000,
-2.262500e-06,1.200000,-2.262500e-06,436.000000,-2.393000e-06,-512.000000,
-2.261500e-06,1.200000,-2.261500e-06,432.000000,-2.392000e-06,-512.000000,
-2.260500e-06,1.200000,-2.260500e-06,432.000000,-2.391000e-06,-512.000000,
-2.259500e-06,1.200000,-2.259500e-06,436.000000,-2.390000e-06,-512.000000,
-2.258500e-06,1.200000,-2.258500e-06,436.000000,-2.389000e-06,-512.000000,
-2.257500e-06,1.200000,-2.257500e-06,436.000000,-2.388000e-06,-512.000000,
-2.256500e-06,1.200000,-2.256500e-06,436.000000,-2.387000e-06,-512.000000,
-2.255500e-06,1.200000,-2.255500e-06,436.000000,-2.386000e-06,-512.000000,
-2.254500e-06,1.200000,-2.254500e-06,436.000000,-2.385000e-06,-512.000000,
-2.253500e-06,1.200000,-2.253500e-06,432.000000,-2.384000e-06,-512.000000,
-2.252500e-06,1.200000,-2.252500e-06,436.000000,-2.383000e-06,-512.000000,
-2.251500e-06,1.200000,-2.251500e-06,436.000000,-2.382000e-06,-512.000000,
-2.250500e-06,1.200000,-2.250500e-06,436.000000,-2.381000e-06,-512.000000,
-2.249500e-06,1.200000,-2.249500e-06,436.000000,-2.380000e-06,-512.000000,
-2.248500e-06,1.200000,-2.248500e-06,436.000000,-2.379000e-06,-512.000000,
-2.247500e-06,1.200000,-2.247500e-06,436.000000,-2.378000e-06,-512.000000,
-2.246500e-06,1.200000,-2.246500e-06,436.000000,-2.377000e-06,-512.000000,
-2.245500e-06,1.200000,-2.245500e-06,436.000000,-2.376000e-06,-512.000000,
-2.244500e-06,1.200000,-2.244500e-06,436.000000,-2.375000e-06,-512.000000,
-2.243500e-06,1.200000,-2.243500e-06,432.000000,-2.374000e-06,-512.000000,
-2.242500e-06,1.200000,-2.242500e-06,436.000000,-2.373000e-06,-512.000000,
-2.241500e-06,1.200000,-2.241500e-06,436.000000,-2.372000e-06,-512.000000,
-2.240500e-06,1.200000,-2.240500e-06,436.000000,-2.371000e-06,-512.000000,
-2.239500e-06,1.200000,-2.239500e-06,436.000000,-2.370000e-06,-512.000000,
-2.238500e-06,1.200000,-2.238500e-06,436.000000,-2.369000e-06,-512.000000,
-2.237500e-06,1.200000,-2.237500e-06,436.000000,-2.368000e-06,-512.000000,
-2.236500e-06,1.200000,-2.236500e-06,436.000000,-2.367000e-06,-512.000000,
-2.235500e-06,1.200000,-2.235500e-06,436.000000,-2.366000e-06,-512.000000,
-2.234500e-06,1.200000,-2.234500e-06,436.000000,-2.365000e-06,-512.000000,
-2.233500e-06,1.200000,-2.233500e-06,436.000000,-2.364000e-06,-512.000000,
-2.232500e-06,1.200000,-2.232500e-06,436.000000,-2.363000e-06,-512.000000,
-2.231500e-06,1.200000,-2.231500e-06,436.000000,-2.362000e-06,-512.000000,
-2.230500e-06,1.200000,-2.230500e-06,436.000000,-2.361000e-06,-512.000000,
-2.229500e-06,1.200000,-2.229500e-06,436.000000,-2.360000e-06,-512.000000,
-2.228500e-06,1.200000,-2.228500e-06,436.000000,-2.359000e-06,-512.000000,
-2.227500e-06,1.200000,-2.227500e-06,436.000000,-2.358000e-06,-512.000000,
-2.226500e-06,1.200000,-2.226500e-06,436.000000,-2.357000e-06,-512.000000,
-2.225500e-06,1.200000,-2.225500e-06,436.000000,-2.356000e-06,-512.000000,
-2.224500e-06,1.200000,-2.224500e-06,436.000000,-2.355000e-06,-512.000000,
-2.223500e-06,1.200000,-2.223500e-06,436.000000,-2.354000e-06,-512.000000,
-2.222500e-06,1.200000,-2.222500e-06,436.000000,-2.353000e-06,-512.000000,
-2.221500e-06,1.200000,-2.221500e-06,436.000000,-2.352000e-06,-512.000000,
-2.220500e-06,1.200000,-2.220500e-06,436.000000,-2.351000e-06,-512.000000,
-2.219500e-06,1.200000,-2.219500e-06,436.000000,-2.350000e-06,-512.000000,
-2.218500e-06,1.200000,-2.218500e-06,436.000000,-2.349000e-06,-512.000000,
-2.217500e-06,1.200000,-2.217500e-06,436.000000,-2.348000e-06,-512.000000,
-2.216500e-06,1.200000,-2.216500e-06,436.000000,-2.347000e-06,-512.000000,
-2.215500e-06,1.200000,-2.215500e-06,436.000000,-2.346000e-06,-512.000000,
-2.214500e-06,1.200000,-2.214500e-06,436.000000,-2.345000e-06,-512.000000,
-2.213500e-06,1.200000,-2.213500e-06,436.000000,-2.344000e-06,-512.000000,
-2.212500e-06,1.200000,-2.212500e-06,436.000000,-2.343000e-06,-512.000000,
-2.211500e-06,1.200000,-2.211500e-06,436.000000,-2.342000e-06,-512.000000,
-2.210500e-06,1.200000,-2.210500e-06,436.000000,-2.341000e-06,-512.000000,
-2.209500e-06,1.200000,-2.209500e-06,436.000000,-2.340000e-06,-512.000000,
-2.208500e-06,1.200000,-2.208500e-06,436.000000,-2.339000e-06,-512.000000,
-2.207500e-06,1.200000,-2.207500e-06,436.000000,-2.338000e-06,-512.000000,
-2.206500e-06,1.200000,-2.206500e-06,436.000000,-2.337000e-06,-512.000000,
-2.205500e-06,1.200000,-2.205500e-06,436.000000,-2.336000e-06,-512.000000,
-2.204500e-06,1.200000,-2.204500e-06,436.000000,-2.335000e-06,-512.000000,
-2.203500e-06,1.200000,-2.203500e-06,436.000000,-2.334000e-06,-512.000000,
-2.202500e-06,1.200000,-2.202500e-06,436.000000,-2.333000e-06,-512.000000,
-2.201500e-06,1.200000,-2.201500e-06,436.000000,-2.332000e-06,-512.000000,
-2.200500e-06,1.200000,-2.200500e-06,436.000000,-2.331000e-06,-512.000000,
-2.199500e-06,1.200000,-2.199500e-06,436.000000,-2.330000e-06,-512.000000,
-2.198500e-06,1.200000,-2.198500e-06,436.000000,-2.329000e-06,-512.000000,
-2.197500e-06,1.200000,-2.197500e-06,436.000000,-2.328000e-06,-512.000000,
-2.196500e-06,1.200000,-2.196500e-06,436.000000,-2.327000e-06,-512.000000,
-2.195500e-06,1.200000,-2.195500e-06,436.000000,-2.326000e-06,-512.000000,
-2.194500e-06,1.200000,-2.194500e-06,436.000000,-2.325000e-06,-512.000000,
-2.193500e-06,1.200000,-2.193500e-06,436.000000,-2.324000e-06,-512.000000,
-2.192500e-06,1.200000,-2.192500e-06,436.000000,-2.323000e-06,-512.000000,
-2.191500e-06,1.200000,-2.191500e-06,436.000000,-2.322000e-06,-512.000000,
-2.190500e-06,1.200000,-2.190500e-06,436.000000,-2.321000e-06,-512.000000,
-2.189500e-06,1.200000,-2.189500e-06,436.000000,-2.320000e-06,-512.000000,
-2.188500e-06,1.200000,-2.188500e-06,436.000000,-2.319000e-06,-512.000000,
-2.187500e-06,1.200000,-2.187500e-06,436.000000,-2.318000e-06,-512.000000,
-2.186500e-06,1.200000,-2.186500e-06,432.000000,-2.317000e-06,-512.000000,
-2.185500e-06,1.200000,-2.185500e-06,436.000000,-2.316000e-06,-512.000000,
-2.184500e-06,1.200000,-2.184500e-06,436.000000,-2.315000e-06,-512.000000,
-2.183500e-06,1.200000,-2.183500e-06,436.000000,-2.314000e-06,-512.000000,
-2.182500e-06,1.200000,-2.182500e-06,436.000000,-2.313000e-06,-512.000000,
-2.181500e-06,1.200000,-2.181500e-06,436.000000,-2.312000e-06,-512.000000,
-2.180500e-06,1.200000,-2.180500e-06,436.000000,-2.311000e-06,-512.000000,
-2.179500e-06,1.200000,-2.179500e-06,436.000000,-2.310000e-06,-512.000000,
-2.178500e-06,1.200000,-2.178500e-06,436.000000,-2.309000e-06,-512.000000,
-2.177500e-06,1.200000,-2.177500e-06,432.000000,-2.308000e-06,-512.000000,
-2.176500e-06,1.200000,-2.176500e-06,436.000000,-2.307000e-06,-512.000000,
-2.175500e-06,1.200000,-2.175500e-06,436.000000,-2.306000e-06,-512.000000,
-2.174500e-06,1.200000,-2.174500e-06,436.000000,-2.305000e-06,-512.000000,
-2.173500e-06,1.200000,-2.173500e-06,436.000000,-2.304000e-06,-512.000000,
-2.172500e-06,1.200000,-2.172500e-06,436.000000,-2.303000e-06,-512.000000,
-2.171500e-06,1.200000,-2.171500e-06,436.000000,-2.302000e-06,-512.000000,
-2.170500e-06,1.200000,-2.170500e-06,436.000000,-2.301000e-06,-512.000000,
-2.169500e-06,1.200000,-2.169500e-06,436.000000,-2.300000e-06,-512.000000,
-2.168500e-06,1.200000,-2.168500e-06,436.000000,-2.299000e-06,-512.000000,
-2.167500e-06,1.200000,-2.167500e-06,436.000000,-2.298000e-06,-512.000000,
-2.166500e-06,1.200000,-2.166500e-06,436.000000,-2.297000e-06,-512.000000,
-2.165500e-06,1.200000,-2.165500e-06,436.000000,-2.296000e-06,-512.000000,
-2.164500e-06,1.200000,-2.164500e-06,436.000000,-2.295000e-06,-512.000000,
-2.163500e-06,1.200000,-2.163500e-06,436.000000,-2.294000e-06,-512.000000,
-2.162500e-06,1.200000,-2.162500e-06,436.000000,-2.293000e-06,-512.000000,
-2.161500e-06,1.200000,-2.161500e-06,436.000000,-2.292000e-06,-512.000000,
-2.160500e-06,1.200000,-2.160500e-06,436.000000,-2.291000e-06,-512.000000,
-2.159500e-06,1.200000,-2.159500e-06,436.000000,-2.290000e-06,-512.000000,
-2.158500e-06,1.200000,-2.158500e-06,436.000000,-2.289000e-06,-512.000000,
-2.157500e-06,1.200000,-2.157500e-06,436.000000,-2.288000e-06,-512.000000,
-2.156500e-06,1.200000,-2.156500e-06,436.000000,-2.287000e-06,-512.000000,
-2.155500e-06,1.000000,-2.155500e-06,436.000000,-2.286000e-06,-512.000000,
-2.154500e-06,1.200000,-2.154500e-06,436.000000,-2.285000e-06,-512.000000,
-2.153500e-06,1.200000,-2.153500e-06,436.000000,-2.284000e-06,-512.000000,
-2.152500e-06,1.200000,-2.152500e-06,436.000000,-2.283000e-06,-512.000000,
-2.151500e-06,1.200000,-2.151500e-06,436.000000,-2.282000e-06,-512.000000,
-2.150500e-06,1.200000,-2.150500e-06,436.000000,-2.281000e-06,-512.000000,
-2.149500e-06,1.200000,-2.149500e-06,436.000000,-2.280000e-06,-512.000000,
-2.148500e-06,1.200000,-2.148500e-06,436.000000,-2.279000e-06,-512.000000,
-2.147500e-06,1.200000,-2.147500e-06,436.000000,-2.278000e-06,-512.000000,
-2.146500e-06,1.200000,-2.146500e-06,436.000000,-2.277000e-06,-512.000000,
-2.145500e-06,1.200000,-2.145500e-06,436.000000,-2.276000e-06,-512.000000,
-2.144500e-06,1.200000,-2.144500e-06,436.000000,-2.275000e-06,-512.000000,
-2.143500e-06,1.200000,-2.143500e-06,436.000000,-2.274000e-06,-512.000000,
-2.142500e-06,1.200000,-2.142500e-06,436.000000,-2.273000e-06,-512.000000,
-2.141500e-06,1.200000,-2.141500e-06,436.000000,-2.272000e-06,-512.000000,
-2.140500e-06,1.200000,-2.140500e-06,436.000000,-2.271000e-06,-512.000000,
-2.139500e-06,1.200000,-2.139500e-06,436.000000,-2.270000e-06,-512.000000,
-2.138500e-06,1.200000,-2.138500e-06,436.000000,-2.269000e-06,-512.000000,
-2.137500e-06,1.200000,-2.137500e-06,436.000000,-2.268000e-06,-512.000000,
-2.136500e-06,1.200000,-2.136500e-06,436.000000,-2.267000e-06,-512.000000,
-2.135500e-06,1.200000,-2.135500e-06,436.000000,-2.266000e-06,-512.000000,
-2.134500e-06,1.200000,-2.134500e-06,436.000000,-2.265000e-06,-512.000000,
-2.133500e-06,1.200000,-2.133500e-06,436.000000,-2.264000e-06,-512.000000,
-2.132500e-06,1.200000,-2.132500e-06,436.000000,-2.263000e-06,-512.000000,
-2.131500e-06,1.200000,-2.131500e-06,436.000000,-2.262000e-06,-512.000000,
-2.130500e-06,1.200000,-2.130500e-06,436.000000,-2.261000e-06,-512.000000,
-2.129500e-06,1.200000,-2.129500e-06,436.000000,-2.260000e-06,-512.000000,
-2.128500e-06,1.200000,-2.128500e-06,436.000000,-2.259000e-06,-512.000000,
-2.127500e-06,1.200000,-2.127500e-06,436.000000,-2.258000e-06,-512.000000,
-2.126500e-06,1.200000,-2.126500e-06,436.000000,-2.257000e-06,-512.000000,
-2.125500e-06,1.200000,-2.125500e-06,436.000000,-2.256000e-06,-512.000000,
-2.124500e-06,1.200000,-2.124500e-06,436.000000,-2.255000e-06,-512.000000,
-2.123500e-06,1.200000,-2.123500e-06,436.000000,-2.254000e-06,-512.000000,
-2.122500e-06,1.200000,-2.122500e-06,436.000000,-2.253000e-06,-512.000000,
-2.121500e-06,1.000000,-2.121500e-06,436.000000,-2.252000e-06,-512.000000,
-2.120500e-06,1.200000,-2.120500e-06,436.000000,-2.251000e-06,-512.000000,
-2.119500e-06,1.200000,-2.119500e-06,436.000000,-2.250000e-06,-512.000000,
-2.118500e-06,1.200000,-2.118500e-06,436.000000,-2.249000e-06,-512.000000,
-2.117500e-06,1.200000,-2.117500e-06,436.000000,-2.248000e-06,-512.000000,
-2.116500e-06,1.200000,-2.116500e-06,436.000000,-2.247000e-06,-512.000000,
-2.115500e-06,1.200000,-2.115500e-06,436.000000,-2.246000e-06,-512.000000,
-2.114500e-06,1.200000,-2.114500e-06,436.000000,-2.245000e-06,-512.000000,
-2.113500e-06,1.200000,-2.113500e-06,436.000000,-2.244000e-06,-512.000000,
-2.112500e-06,1.200000,-2.112500e-06,436.000000,-2.243000e-06,-512.000000,
-2.111500e-06,1.200000,-2.111500e-06,432.000000,-2.242000e-06,-512.000000,
-2.110500e-06,1.200000,-2.110500e-06,436.000000,-2.241000e-06,-512.000000,
-2.109500e-06,1.200000,-2.109500e-06,436.000000,-2.240000e-06,-512.000000,
-2.108500e-06,1.200000,-2.108500e-06,436.000000,-2.239000e-06,-512.000000,
-2.107500e-06,1.200000,-2.107500e-06,436.000000,-2.238000e-06,-512.000000,
-2.106500e-06,1.200000,-2.106500e-06,436.000000,-2.237000e-06,-512.000000,
-2.105500e-06,1.200000,-2.105500e-06,432.000000,-2.236000e-06,-512.000000,
-2.104500e-06,1.000000,-2.104500e-06,436.000000,-2.235000e-06,-512.000000,
-2.103500e-06,1.200000,-2.103500e-06,432.000000,-2.234000e-06,-512.000000,
-2.102500e-06,1.200000,-2.102500e-06,436.000000,-2.233000e-06,-512.000000,
-2.101500e-06,1.200000,-2.101500e-06,436.000000,-2.232000e-06,-512.000000,
-2.100500e-06,1.200000,-2.100500e-06,436.000000,-2.231000e-06,-512.000000,
-2.099500e-06,1.200000,-2.099500e-06,432.000000,-2.230000e-06,-512.000000,
-2.098500e-06,1.200000,-2.098500e-06,436.000000,-2.229000e-06,-512.000000,
-2.097500e-06,1.200000,-2.097500e-06,432.000000,-2.228000e-06,-512.000000,
-2.096500e-06,1.200000,-2.096500e-06,436.000000,-2.227000e-06,-512.000000,
-2.095500e-06,1.200000,-2.095500e-06,436.000000,-2.226000e-06,-512.000000,
-2.094500e-06,1.200000,-2.094500e-06,436.000000,-2.225000e-06,-512.000000,
-2.093500e-06,1.200000,-2.093500e-06,436.000000,-2.224000e-06,-512.000000,
-2.092500e-06,1.200000,-2.092500e-06,436.000000,-2.223000e-06,-512.000000,
-2.091500e-06,1.200000,-2.091500e-06,436.000000,-2.222000e-06,-512.000000,
-2.090500e-06,1.200000,-2.090500e-06,436.000000,-2.221000e-06,-512.000000,
-2.089500e-06,1.200000,-2.089500e-06,436.000000,-2.220000e-06,-512.000000,
-2.088500e-06,1.200000,-2.088500e-06,436.000000,-2.219000e-06,-512.000000,
-2.087500e-06,1.200000,-2.087500e-06,436.000000,-2.218000e-06,-512.000000,
-2.086500e-06,1.200000,-2.086500e-06,436.000000,-2.217000e-06,-512.000000,
-2.085500e-06,1.200000,-2.085500e-06,436.000000,-2.216000e-06,-512.000000,
-2.084500e-06,1.200000,-2.084500e-06,436.000000,-2.215000e-06,-512.000000,
-2.083500e-06,1.200000,-2.083500e-06,436.000000,-2.214000e-06,-512.000000,
-2.082500e-06,1.200000,-2.082500e-06,436.000000,-2.213000e-06,-512.000000,
-2.081500e-06,1.200000,-2.081500e-06,436.000000,-2.212000e-06,-512.000000,
-2.080500e-06,1.200000,-2.080500e-06,436.000000,-2.211000e-06,-512.000000,
-2.079500e-06,1.200000,-2.079500e-06,436.000000,-2.210000e-06,-512.000000,
-2.078500e-06,1.200000,-2.078500e-06,436.000000,-2.209000e-06,-512.000000,
-2.077500e-06,1.200000,-2.077500e-06,436.000000,-2.208000e-06,-512.000000,
-2.076500e-06,1.200000,-2.076500e-06,436.000000,-2.207000e-06,-512.000000,
-2.075500e-06,1.200000,-2.075500e-06,436.000000,-2.206000e-06,-512.000000,
-2.074500e-06,1.200000,-2.074500e-06,436.000000,-2.205000e-06,-512.000000,
-2.073500e-06,1.200000,-2.073500e-06,436.000000,-2.204000e-06,-512.000000,
-2.072500e-06,1.200000,-2.072500e-06,436.000000,-2.203000e-06,-512.000000,
-2.071500e-06,1.200000,-2.071500e-06,436.000000,-2.202000e-06,-512.000000,
-2.070500e-06,1.200000,-2.070500e-06,436.000000,-2.201000e-06,-512.000000,
-2.069500e-06,1.200000,-2.069500e-06,436.000000,-2.200000e-06,-512.000000,
-2.068500e-06,1.200000,-2.068500e-06,436.000000,-2.199000e-06,-512.000000,
-2.067500e-06,1.200000,-2.067500e-06,436.000000,-2.198000e-06,-512.000000,
-2.066500e-06,1.200000,-2.066500e-06,436.000000,-2.197000e-06,-512.000000,
-2.065500e-06,1.200000,-2.065500e-06,436.000000,-2.196000e-06,-512.000000,
-2.064500e-06,1.200000,-2.064500e-06,436.000000,-2.195000e-06,-512.000000,
-2.063500e-06,1.200000,-2.063500e-06,432.000000,-2.194000e-06,-512.000000,
-2.062500e-06,1.200000,-2.062500e-06,436.000000,-2.193000e-06,-512.000000,
-2.061500e-06,1.200000,-2.061500e-06,436.000000,-2.192000e-06,-512.000000,
-2.060500e-06,1.200000,-2.060500e-06,436.000000,-2.191000e-06,-512.000000,
-2.059500e-06,1.200000,-2.059500e-06,436.000000,-2.190000e-06,-512.000000,
-2.058500e-06,1.200000,-2.058500e-06,436.000000,-2.189000e-06,-512.000000,
-2.057500e-06,1.200000,-2.057500e-06,436.000000,-2.188000e-06,-512.000000,
-2.056500e-06,1.200000,-2.056500e-06,436.000000,-2.187000e-06,-512.000000,
-2.055500e-06,1.200000,-2.055500e-06,436.000000,-2.186000e-06,-512.000000,
-2.054500e-06,1.200000,-2.054500e-06,436.000000,-2.185000e-06,-512.000000,
-2.053500e-06,1.200000,-2.053500e-06,436.000000,-2.184000e-06,-512.000000,
-2.052500e-06,1.200000,-2.052500e-06,436.000000,-2.183000e-06,-512.000000,
-2.051500e-06,1.200000,-2.051500e-06,436.000000,-2.182000e-06,-512.000000,
-2.050500e-06,1.200000,-2.050500e-06,436.000000,-2.181000e-06,-512.000000,
-2.049500e-06,1.200000,-2.049500e-06,436.000000,-2.180000e-06,-512.000000,
-2.048500e-06,1.200000,-2.048500e-06,436.000000,-2.179000e-06,-512.000000,
-2.047500e-06,1.200000,-2.047500e-06,436.000000,-2.178000e-06,-512.000000,
-2.046500e-06,1.200000,-2.046500e-06,436.000000,-2.177000e-06,-512.000000,
-2.045500e-06,1.200000,-2.045500e-06,432.000000,-2.176000e-06,-512.000000,
-2.044500e-06,1.200000,-2.044500e-06,436.000000,-2.175000e-06,-512.000000,
-2.043500e-06,1.200000,-2.043500e-06,432.000000,-2.174000e-06,-512.000000,
-2.042500e-06,1.200000,-2.042500e-06,436.000000,-2.173000e-06,-512.000000,
-2.041500e-06,1.200000,-2.041500e-06,432.000000,-2.172000e-06,-512.000000,
-2.040500e-06,1.200000,-2.040500e-06,436.000000,-2.171000e-06,-512.000000,
-2.039500e-06,1.200000,-2.039500e-06,436.000000,-2.170000e-06,-512.000000,
-2.038500e-06,1.200000,-2.038500e-06,436.000000,-2.169000e-06,-512.000000,
-2.037500e-06,1.200000,-2.037500e-06,436.000000,-2.168000e-06,-512.000000,
-2.036500e-06,1.200000,-2.036500e-06,436.000000,-2.167000e-06,-512.000000,
-2.035500e-06,1.200000,-2.035500e-06,436.000000,-2.166000e-06,-512.000000,
-2.034500e-06,1.200000,-2.034500e-06,436.000000,-2.165000e-06,-512.000000,
-2.033500e-06,1.200000,-2.033500e-06,436.000000,-2.164000e-06,-512.000000,
-2.032500e-06,1.400000,-2.032500e-06,436.000000,-2.163000e-06,-512.000000,
-2.031500e-06,1.200000,-2.031500e-06,436.000000,-2.162000e-06,-512.000000,
-2.030500e-06,1.200000,-2.030500e-06,436.000000,-2.161000e-06,-512.000000,
-2.029500e-06,1.200000,-2.029500e-06,436.000000,-2.160000e-06,-512.000000,
-2.028500e-06,1.200000,-2.028500e-06,436.000000,-2.159000e-06,-512.000000,
-2.027500e-06,1.200000,-2.027500e-06,436.000000,-2.158000e-06,-512.000000,
-2.026500e-06,1.200000,-2.026500e-06,436.000000,-2.157000e-06,-512.000000,
-2.025500e-06,1.200000,-2.025500e-06,436.000000,-2.156000e-06,-512.000000,
-2.024500e-06,1.200000,-2.024500e-06,436.000000,-2.155000e-06,-512.000000,
-2.023500e-06,1.200000,-2.023500e-06,436.000000,-2.154000e-06,-512.000000,
-2.022500e-06,1.200000,-2.022500e-06,436.000000,-2.153000e-06,-512.000000,
-2.021500e-06,1.200000,-2.021500e-06,436.000000,-2.152000e-06,-512.000000,
-2.020500e-06,1.200000,-2.020500e-06,436.000000,-2.151000e-06,-512.000000,
-2.019500e-06,1.200000,-2.019500e-06,436.000000,-2.150000e-06,-512.000000,
-2.018500e-06,1.200000,-2.018500e-06,436.000000,-2.149000e-06,-512.000000,
-2.017500e-06,1.000000,-2.017500e-06,436.000000,-2.148000e-06,-512.000000,
-2.016500e-06,1.000000,-2.016500e-06,436.000000,-2.147000e-06,-512.000000,
-2.015500e-06,1.200000,-2.015500e-06,436.000000,-2.146000e-06,-512.000000,
-2.014500e-06,1.200000,-2.014500e-06,436.000000,-2.145000e-06,-512.000000,
-2.013500e-06,1.200000,-2.013500e-06,436.000000,-2.144000e-06,-512.000000,
-2.012500e-06,1.200000,-2.012500e-06,436.000000,-2.143000e-06,-512.000000,
-2.011500e-06,1.200000,-2.011500e-06,436.000000,-2.142000e-06,-512.000000,
-2.010500e-06,1.200000,-2.010500e-06,436.000000,-2.141000e-06,-512.000000,
-2.009500e-06,1.000000,-2.009500e-06,436.000000,-2.140000e-06,-512.000000,
-2.008500e-06,1.200000,-2.008500e-06,436.000000,-2.139000e-06,-512.000000,
-2.007500e-06,1.200000,-2.007500e-06,436.000000,-2.138000e-06,-512.000000,
-2.006500e-06,1.200000,-2.006500e-06,436.000000,-2.137000e-06,-512.000000,
-2.005500e-06,1.200000,-2.005500e-06,432.000000,-2.136000e-06,-512.000000,
-2.004500e-06,1.200000,-2.004500e-06,436.000000,-2.135000e-06,-512.000000,
-2.003500e-06,1.200000,-2.003500e-06,436.000000,-2.134000e-06,-512.000000,
-2.002500e-06,1.200000,-2.002500e-06,436.000000,-2.133000e-06,-512.000000,
-2.001500e-06,1.200000,-2.001500e-06,436.000000,-2.132000e-06,-512.000000,
-2.000500e-06,1.200000,-2.000500e-06,436.000000,-2.131000e-06,-512.000000,
-1.999500e-06,1.200000,-1.999500e-06,436.000000,-2.130000e-06,-512.000000,
-1.998500e-06,1.200000,-1.998500e-06,436.000000,-2.129000e-06,-512.000000,
-1.997500e-06,1.000000,-1.997500e-06,436.000000,-2.128000e-06,-512.000000,
-1.996500e-06,1.200000,-1.996500e-06,436.000000,-2.127000e-06,-512.000000,
-1.995500e-06,1.200000,-1.995500e-06,432.000000,-2.126000e-06,-512.000000,
-1.994500e-06,1.200000,-1.994500e-06,436.000000,-2.125000e-06,-512.000000,
-1.993500e-06,1.200000,-1.993500e-06,436.000000,-2.124000e-06,-512.000000,
-1.992500e-06,1.200000,-1.992500e-06,436.000000,-2.123000e-06,-512.000000,
-1.991500e-06,1.200000,-1.991500e-06,436.000000,-2.122000e-06,-512.000000,
-1.990500e-06,1.200000,-1.990500e-06,436.000000,-2.121000e-06,-512.000000,
-1.989500e-06,1.200000,-1.989500e-06,436.000000,-2.120000e-06,-512.000000,
-1.988500e-06,1.200000,-1.988500e-06,436.000000,-2.119000e-06,-512.000000,
-1.987500e-06,1.200000,-1.987500e-06,436.000000,-2.118000e-06,-512.000000,
-1.986500e-06,1.200000,-1.986500e-06,436.000000,-2.117000e-06,-512.000000,
-1.985500e-06,1.200000,-1.985500e-06,436.000000,-2.116000e-06,-512.000000,
-1.984500e-06,1.200000,-1.984500e-06,436.000000,-2.115000e-06,-512.000000,
-1.983500e-06,1.200000,-1.983500e-06,436.000000,-2.114000e-06,-512.000000,
-1.982500e-06,1.200000,-1.982500e-06,436.000000,-2.113000e-06,-512.000000,
-1.981500e-06,1.200000,-1.981500e-06,436.000000,-2.112000e-06,-512.000000,
-1.980500e-06,1.200000,-1.980500e-06,436.000000,-2.111000e-06,-512.000000,
-1.979500e-06,1.000000,-1.979500e-06,436.000000,-2.110000e-06,-512.000000,
-1.978500e-06,1.200000,-1.978500e-06,436.000000,-2.109000e-06,-512.000000,
-1.977500e-06,1.200000,-1.977500e-06,436.000000,-2.108000e-06,-512.000000,
-1.976500e-06,1.200000,-1.976500e-06,436.000000,-2.107000e-06,-512.000000,
-1.975500e-06,1.200000,-1.975500e-06,436.000000,-2.106000e-06,-512.000000,
-1.974500e-06,1.200000,-1.974500e-06,436.000000,-2.105000e-06,-512.000000,
-1.973500e-06,1.200000,-1.973500e-06,436.000000,-2.104000e-06,-512.000000,
-1.972500e-06,1.200000,-1.972500e-06,436.000000,-2.103000e-06,-512.000000,
-1.971500e-06,1.200000,-1.971500e-06,436.000000,-2.102000e-06,-512.000000,
-1.970500e-06,1.200000,-1.970500e-06,436.000000,-2.101000e-06,-512.000000,
-1.969500e-06,1.200000,-1.969500e-06,436.000000,-2.100000e-06,-512.000000,
-1.968500e-06,1.200000,-1.968500e-06,436.000000,-2.099000e-06,-512.000000,
-1.967500e-06,1.200000,-1.967500e-06,436.000000,-2.098000e-06,-512.000000,
-1.966500e-06,1.200000,-1.966500e-06,436.000000,-2.097000e-06,-512.000000,
-1.965500e-06,1.000000,-1.965500e-06,436.000000,-2.096000e-06,-512.000000,
-1.964500e-06,1.200000,-1.964500e-06,436.000000,-2.095000e-06,-512.000000,
-1.963500e-06,1.000000,-1.963500e-06,436.000000,-2.094000e-06,-512.000000,
-1.962500e-06,1.200000,-1.962500e-06,436.000000,-2.093000e-06,-512.000000,
-1.961500e-06,1.200000,-1.961500e-06,432.000000,-2.092000e-06,-512.000000,
-1.960500e-06,1.200000,-1.960500e-06,436.000000,-2.091000e-06,-512.000000,
-1.959500e-06,1.200000,-1.959500e-06,436.000000,-2.090000e-06,-512.000000,
-1.958500e-06,1.200000,-1.958500e-06,436.000000,-2.089000e-06,-512.000000,
-1.957500e-06,1.200000,-1.957500e-06,436.000000,-2.088000e-06,-512.000000,
-1.956500e-06,1.200000,-1.956500e-06,436.000000,-2.087000e-06,-512.000000,
-1.955500e-06,1.200000,-1.955500e-06,436.000000,-2.086000e-06,-512.000000,
-1.954500e-06,1.200000,-1.954500e-06,436.000000,-2.085000e-06,-512.000000,
-1.953500e-06,1.200000,-1.953500e-06,436.000000,-2.084000e-06,-512.000000,
-1.952500e-06,1.200000,-1.952500e-06,436.000000,-2.083000e-06,-512.000000,
-1.951500e-06,1.200000,-1.951500e-06,436.000000,-2.082000e-06,-512.000000,
-1.950500e-06,1.200000,-1.950500e-06,436.000000,-2.081000e-06,-512.000000,
-1.949500e-06,1.200000,-1.949500e-06,436.000000,-2.080000e-06,-512.000000,
-1.948500e-06,1.200000,-1.948500e-06,436.000000,-2.079000e-06,-512.000000,
-1.947500e-06,1.200000,-1.947500e-06,436.000000,-2.078000e-06,-512.000000,
-1.946500e-06,1.200000,-1.946500e-06,436.000000,-2.077000e-06,-512.000000,
-1.945500e-06,1.200000,-1.945500e-06,436.000000,-2.076000e-06,-512.000000,
-1.944500e-06,1.200000,-1.944500e-06,436.000000,-2.075000e-06,-512.000000,
-1.943500e-06,1.200000,-1.943500e-06,436.000000,-2.074000e-06,-512.000000,
-1.942500e-06,1.200000,-1.942500e-06,436.000000,-2.073000e-06,-512.000000,
-1.941500e-06,1.200000,-1.941500e-06,436.000000,-2.072000e-06,-512.000000,
-1.940500e-06,1.200000,-1.940500e-06,432.000000,-2.071000e-06,-512.000000,
-1.939500e-06,1.200000,-1.939500e-06,436.000000,-2.070000e-06,-512.000000,
-1.938500e-06,1.200000,-1.938500e-06,436.000000,-2.069000e-06,-512.000000,
-1.937500e-06,1.200000,-1.937500e-06,436.000000,-2.068000e-06,-512.000000,
-1.936500e-06,1.200000,-1.936500e-06,436.000000,-2.067000e-06,-512.000000,
-1.935500e-06,1.200000,-1.935500e-06,436.000000,-2.066000e-06,-512.000000,
-1.934500e-06,1.200000,-1.934500e-06,436.000000,-2.065000e-06,-512.000000,
-1.933500e-06,1.200000,-1.933500e-06,436.000000,-2.064000e-06,-512.000000,
-1.932500e-06,1.200000,-1.932500e-06,436.000000,-2.063000e-06,-512.000000,
-1.931500e-06,1.200000,-1.931500e-06,436.000000,-2.062000e-06,-512.000000,
-1.930500e-06,1.200000,-1.930500e-06,436.000000,-2.061000e-06,-512.000000,
-1.929500e-06,1.200000,-1.929500e-06,436.000000,-2.060000e-06,-512.000000,
-1.928500e-06,1.200000,-1.928500e-06,436.000000,-2.059000e-06,-512.000000,
-1.927500e-06,1.200000,-1.927500e-06,436.000000,-2.058000e-06,-512.000000,
-1.926500e-06,1.200000,-1.926500e-06,436.000000,-2.057000e-06,-512.000000,
-1.925500e-06,1.200000,-1.925500e-06,436.000000,-2.056000e-06,-512.000000,
-1.924500e-06,1.200000,-1.924500e-06,436.000000,-2.055000e-06,-512.000000,
-1.923500e-06,1.200000,-1.923500e-06,436.000000,-2.054000e-06,-512.000000,
-1.922500e-06,1.200000,-1.922500e-06,436.000000,-2.053000e-06,-512.000000,
-1.921500e-06,1.200000,-1.921500e-06,432.000000,-2.052000e-06,-512.000000,
-1.920500e-06,1.200000,-1.920500e-06,436.000000,-2.051000e-06,-512.000000,
-1.919500e-06,1.200000,-1.919500e-06,436.000000,-2.050000e-06,-512.000000,
-1.918500e-06,1.200000,-1.918500e-06,436.000000,-2.049000e-06,-512.000000,
-1.917500e-06,1.200000,-1.917500e-06,436.000000,-2.048000e-06,-512.000000,
-1.916500e-06,1.200000,-1.916500e-06,436.000000,-2.047000e-06,-512.000000,
-1.915500e-06,1.200000,-1.915500e-06,436.000000,-2.046000e-06,-512.000000,
-1.914500e-06,1.200000,-1.914500e-06,436.000000,-2.045000e-06,-512.000000,
-1.913500e-06,1.200000,-1.913500e-06,436.000000,-2.044000e-06,-512.000000,
-1.912500e-06,1.200000,-1.912500e-06,436.000000,-2.043000e-06,-512.000000,
-1.911500e-06,1.200000,-1.911500e-06,436.000000,-2.042000e-06,-512.000000,
-1.910500e-06,1.200000,-1.910500e-06,436.000000,-2.041000e-06,-512.000000,
-1.909500e-06,1.200000,-1.909500e-06,436.000000,-2.040000e-06,-512.000000,
-1.908500e-06,1.200000,-1.908500e-06,436.000000,-2.039000e-06,-512.000000,
-1.907500e-06,1.200000,-1.907500e-06,436.000000,-2.038000e-06,-512.000000,
-1.906500e-06,1.200000,-1.906500e-06,436.000000,-2.037000e-06,-512.000000,
-1.905500e-06,1.200000,-1.905500e-06,436.000000,-2.036000e-06,-512.000000,
-1.904500e-06,1.200000,-1.904500e-06,436.000000,-2.035000e-06,-512.000000,
-1.903500e-06,1.200000,-1.903500e-06,436.000000,-2.034000e-06,-512.000000,
-1.902500e-06,1.200000,-1.902500e-06,436.000000,-2.033000e-06,-512.000000,
-1.901500e-06,1.200000,-1.901500e-06,436.000000,-2.032000e-06,-512.000000,
-1.900500e-06,1.200000,-1.900500e-06,436.000000,-2.031000e-06,-512.000000,
-1.899500e-06,1.200000,-1.899500e-06,436.000000,-2.030000e-06,-512.000000,
-1.898500e-06,1.200000,-1.898500e-06,436.000000,-2.029000e-06,-512.000000,
-1.897500e-06,1.200000,-1.897500e-06,436.000000,-2.028000e-06,-512.000000,
-1.896500e-06,1.200000,-1.896500e-06,436.000000,-2.027000e-06,-512.000000,
-1.895500e-06,1.000000,-1.895500e-06,436.000000,-2.026000e-06,-512.000000,
-1.894500e-06,1.200000,-1.894500e-06,436.000000,-2.025000e-06,-512.000000,
-1.893500e-06,1.000000,-1.893500e-06,436.000000,-2.024000e-06,-512.000000,
-1.892500e-06,1.200000,-1.892500e-06,436.000000,-2.023000e-06,-512.000000,
-1.891500e-06,1.200000,-1.891500e-06,436.000000,-2.022000e-06,-512.000000,
-1.890500e-06,1.200000,-1.890500e-06,436.000000,-2.021000e-06,-512.000000,
-1.889500e-06,1.200000,-1.889500e-06,436.000000,-2.020000e-06,-512.000000,
-1.888500e-06,1.200000,-1.888500e-06,436.000000,-2.019000e-06,-512.000000,
-1.887500e-06,1.200000,-1.887500e-06,436.000000,-2.018000e-06,-512.000000,
-1.886500e-06,1.200000,-1.886500e-06,436.000000,-2.017000e-06,-512.000000,
-1.885500e-06,1.200000,-1.885500e-06,436.000000,-2.016000e-06,-512.000000,
-1.884500e-06,1.200000,-1.884500e-06,436.000000,-2.015000e-06,-512.000000,
-1.883500e-06,1.200000,-1.883500e-06,436.000000,-2.014000e-06,-512.000000,
-1.882500e-06,1.200000,-1.882500e-06,436.000000,-2.013000e-06,-512.000000,
-1.881500e-06,1.200000,-1.881500e-06,436.000000,-2.012000e-06,-512.000000,
-1.880500e-06,1.200000,-1.880500e-06,436.000000,-2.011000e-06,-512.000000,
-1.879500e-06,1.200000,-1.879500e-06,436.000000,-2.010000e-06,-512.000000,
-1.878500e-06,1.000000,-1.878500e-06,436.000000,-2.009000e-06,-512.000000,
-1.877500e-06,1.000000,-1.877500e-06,436.000000,-2.008000e-06,-512.000000,
-1.876500e-06,1.200000,-1.876500e-06,436.000000,-2.007000e-06,-512.000000,
-1.875500e-06,1.200000,-1.875500e-06,436.000000,-2.006000e-06,-512.000000,
-1.874500e-06,1.200000,-1.874500e-06,436.000000,-2.005000e-06,-512.000000,
-1.873500e-06,1.200000,-1.873500e-06,436.000000,-2.004000e-06,-512.000000,
-1.872500e-06,1.200000,-1.872500e-06,436.000000,-2.003000e-06,-512.000000,
-1.871500e-06,1.200000,-1.871500e-06,436.000000,-2.002000e-06,-512.000000,
-1.870500e-06,1.200000,-1.870500e-06,436.000000,-2.001000e-06,-512.000000,
-1.869500e-06,1.200000,-1.869500e-06,436.000000,-2.000000e-06,-512.000000,
-1.868500e-06,1.000000,-1.868500e-06,436.000000,-1.999000e-06,-512.000000,
-1.867500e-06,1.200000,-1.867500e-06,436.000000,-1.998000e-06,-512.000000,
-1.866500e-06,1.200000,-1.866500e-06,436.000000,-1.997000e-06,-512.000000,
-1.865500e-06,1.200000,-1.865500e-06,436.000000,-1.996000e-06,-512.000000,
-1.864500e-06,1.200000,-1.864500e-06,436.000000,-1.995000e-06,-512.000000,
-1.863500e-06,1.200000,-1.863500e-06,436.000000,-1.994000e-06,-512.000000,
-1.862500e-06,1.200000,-1.862500e-06,436.000000,-1.993000e-06,-512.000000,
-1.861500e-06,1.200000,-1.861500e-06,436.000000,-1.992000e-06,-512.000000,
-1.860500e-06,1.200000,-1.860500e-06,436.000000,-1.991000e-06,-512.000000,
-1.859500e-06,1.200000,-1.859500e-06,436.000000,-1.990000e-06,-512.000000,
-1.858500e-06,1.200000,-1.858500e-06,436.000000,-1.989000e-06,-512.000000,
-1.857500e-06,1.200000,-1.857500e-06,436.000000,-1.988000e-06,-512.000000,
-1.856500e-06,1.200000,-1.856500e-06,436.000000,-1.987000e-06,-512.000000,
-1.855500e-06,1.200000,-1.855500e-06,436.000000,-1.986000e-06,-512.000000,
-1.854500e-06,1.200000,-1.854500e-06,436.000000,-1.985000e-06,-512.000000,
-1.853500e-06,1.200000,-1.853500e-06,436.000000,-1.984000e-06,-512.000000,
-1.852500e-06,1.200000,-1.852500e-06,436.000000,-1.983000e-06,-512.000000,
-1.851500e-06,1.200000,-1.851500e-06,436.000000,-1.982000e-06,-512.000000,
-1.850500e-06,1.200000,-1.850500e-06,436.000000,-1.981000e-06,-512.000000,
-1.849500e-06,1.200000,-1.849500e-06,436.000000,-1.980000e-06,-512.000000,
-1.848500e-06,1.200000,-1.848500e-06,436.000000,-1.979000e-06,-512.000000,
-1.847500e-06,1.200000,-1.847500e-06,436.000000,-1.978000e-06,-512.000000,
-1.846500e-06,1.200000,-1.846500e-06,436.000000,-1.977000e-06,-512.000000,
-1.845500e-06,1.200000,-1.845500e-06,436.000000,-1.976000e-06,-512.000000,
-1.844500e-06,1.200000,-1.844500e-06,436.000000,-1.975000e-06,-512.000000,
-1.843500e-06,1.200000,-1.843500e-06,436.000000,-1.974000e-06,-512.000000,
-1.842500e-06,1.200000,-1.842500e-06,436.000000,-1.973000e-06,-512.000000,
-1.841500e-06,1.200000,-1.841500e-06,436.000000,-1.972000e-06,-512.000000,
-1.840500e-06,1.200000,-1.840500e-06,436.000000,-1.971000e-06,-512.000000,
-1.839500e-06,1.200000,-1.839500e-06,436.000000,-1.970000e-06,-512.000000,
-1.838500e-06,1.200000,-1.838500e-06,436.000000,-1.969000e-06,-512.000000,
-1.837500e-06,1.200000,-1.837500e-06,436.000000,-1.968000e-06,-512.000000,
-1.836500e-06,1.200000,-1.836500e-06,436.000000,-1.967000e-06,-512.000000,
-1.835500e-06,1.200000,-1.835500e-06,436.000000,-1.966000e-06,-512.000000,
-1.834500e-06,1.200000,-1.834500e-06,436.000000,-1.965000e-06,-512.000000,
-1.833500e-06,1.200000,-1.833500e-06,436.000000,-1.964000e-06,-512.000000,
-1.832500e-06,1.200000,-1.832500e-06,436.000000,-1.963000e-06,-512.000000,
-1.831500e-06,1.200000,-1.831500e-06,436.000000,-1.962000e-06,-512.000000,
-1.830500e-06,1.200000,-1.830500e-06,436.000000,-1.961000e-06,-512.000000,
-1.829500e-06,1.200000,-1.829500e-06,436.000000,-1.960000e-06,-512.000000,
-1.828500e-06,1.200000,-1.828500e-06,436.000000,-1.959000e-06,-512.000000,
-1.827500e-06,1.200000,-1.827500e-06,436.000000,-1.958000e-06,-512.000000,
-1.826500e-06,1.200000,-1.826500e-06,436.000000,-1.957000e-06,-512.000000,
-1.825500e-06,1.200000,-1.825500e-06,436.000000,-1.956000e-06,-512.000000,
-1.824500e-06,1.200000,-1.824500e-06,436.000000,-1.955000e-06,-512.000000,
-1.823500e-06,1.200000,-1.823500e-06,436.000000,-1.954000e-06,-512.000000,
-1.822500e-06,1.200000,-1.822500e-06,436.000000,-1.953000e-06,-512.000000,
-1.821500e-06,1.200000,-1.821500e-06,436.000000,-1.952000e-06,-512.000000,
-1.820500e-06,1.200000,-1.820500e-06,436.000000,-1.951000e-06,-512.000000,
-1.819500e-06,1.200000,-1.819500e-06,436.000000,-1.950000e-06,-512.000000,
-1.818500e-06,1.200000,-1.818500e-06,436.000000,-1.949000e-06,-512.000000,
-1.817500e-06,1.000000,-1.817500e-06,436.000000,-1.948000e-06,-512.000000,
-1.816500e-06,1.200000,-1.816500e-06,436.000000,-1.947000e-06,-512.000000,
-1.815500e-06,1.000000,-1.815500e-06,436.000000,-1.946000e-06,-512.000000,
-1.814500e-06,1.200000,-1.814500e-06,436.000000,-1.945000e-06,-512.000000,
-1.813500e-06,1.200000,-1.813500e-06,436.000000,-1.944000e-06,-512.000000,
-1.812500e-06,1.200000,-1.812500e-06,436.000000,-1.943000e-06,-512.000000,
-1.811500e-06,1.200000,-1.811500e-06,436.000000,-1.942000e-06,-512.000000,
-1.810500e-06,1.200000,-1.810500e-06,436.000000,-1.941000e-06,-512.000000,
-1.809500e-06,1.200000,-1.809500e-06,436.000000,-1.940000e-06,-512.000000,
-1.808500e-06,1.200000,-1.808500e-06,436.000000,-1.939000e-06,-512.000000,
-1.807500e-06,1.200000,-1.807500e-06,436.000000,-1.938000e-06,-512.000000,
-1.806500e-06,1.200000,-1.806500e-06,436.000000,-1.937000e-06,-512.000000,
-1.805500e-06,1.200000,-1.805500e-06,432.000000,-1.936000e-06,-512.000000,
-1.804500e-06,1.200000,-1.804500e-06,436.000000,-1.935000e-06,-512.000000,
-1.803500e-06,1.200000,-1.803500e-06,436.000000,-1.934000e-06,-512.000000,
-1.802500e-06,1.200000,-1.802500e-06,436.000000,-1.933000e-06,-512.000000,
-1.801500e-06,1.200000,-1.801500e-06,436.000000,-1.932000e-06,-512.000000,
-1.800500e-06,1.200000,-1.800500e-06,436.000000,-1.931000e-06,-512.000000,
-1.799500e-06,1.200000,-1.799500e-06,436.000000,-1.930000e-06,-512.000000,
-1.798500e-06,1.200000,-1.798500e-06,436.000000,-1.929000e-06,-512.000000,
-1.797500e-06,1.200000,-1.797500e-06,436.000000,-1.928000e-06,-512.000000,
-1.796500e-06,1.200000,-1.796500e-06,436.000000,-1.927000e-06,-512.000000,
-1.795500e-06,1.200000,-1.795500e-06,436.000000,-1.926000e-06,-512.000000,
-1.794500e-06,1.200000,-1.794500e-06,436.000000,-1.925000e-06,-512.000000,
-1.793500e-06,1.200000,-1.793500e-06,436.000000,-1.924000e-06,-512.000000,
-1.792500e-06,1.200000,-1.792500e-06,436.000000,-1.923000e-06,-512.000000,
-1.791500e-06,1.200000,-1.791500e-06,436.000000,-1.922000e-06,-512.000000,
-1.790500e-06,1.200000,-1.790500e-06,436.000000,-1.921000e-06,-512.000000,
-1.789500e-06,1.200000,-1.789500e-06,436.000000,-1.920000e-06,-512.000000,
-1.788500e-06,1.200000,-1.788500e-06,436.000000,-1.919000e-06,-512.000000,
-1.787500e-06,1.200000,-1.787500e-06,436.000000,-1.918000e-06,-512.000000,
-1.786500e-06,1.200000,-1.786500e-06,436.000000,-1.917000e-06,-512.000000,
-1.785500e-06,1.200000,-1.785500e-06,436.000000,-1.916000e-06,-512.000000,
-1.784500e-06,1.200000,-1.784500e-06,436.000000,-1.915000e-06,-512.000000,
-1.783500e-06,1.000000,-1.783500e-06,436.000000,-1.914000e-06,-512.000000,
-1.782500e-06,1.200000,-1.782500e-06,436.000000,-1.913000e-06,-512.000000,
-1.781500e-06,1.200000,-1.781500e-06,436.000000,-1.912000e-06,-512.000000,
-1.780500e-06,1.200000,-1.780500e-06,436.000000,-1.911000e-06,-512.000000,
-1.779500e-06,1.200000,-1.779500e-06,436.000000,-1.910000e-06,-512.000000,
-1.778500e-06,1.200000,-1.778500e-06,436.000000,-1.909000e-06,-512.000000,
-1.777500e-06,1.200000,-1.777500e-06,436.000000,-1.908000e-06,-512.000000,
-1.776500e-06,1.200000,-1.776500e-06,436.000000,-1.907000e-06,-512.000000,
-1.775500e-06,1.200000,-1.775500e-06,436.000000,-1.906000e-06,-512.000000,
-1.774500e-06,1.200000,-1.774500e-06,436.000000,-1.905000e-06,-512.000000,
-1.773500e-06,1.200000,-1.773500e-06,436.000000,-1.904000e-06,-512.000000,
-1.772500e-06,1.200000,-1.772500e-06,436.000000,-1.903000e-06,-512.000000,
-1.771500e-06,1.200000,-1.771500e-06,436.000000,-1.902000e-06,-512.000000,
-1.770500e-06,1.200000,-1.770500e-06,436.000000,-1.901000e-06,-512.000000,
-1.769500e-06,1.200000,-1.769500e-06,436.000000,-1.900000e-06,-512.000000,
-1.768500e-06,1.200000,-1.768500e-06,436.000000,-1.899000e-06,-512.000000,
-1.767500e-06,1.200000,-1.767500e-06,436.000000,-1.898000e-06,-512.000000,
-1.766500e-06,1.200000,-1.766500e-06,436.000000,-1.897000e-06,-512.000000,
-1.765500e-06,1.200000,-1.765500e-06,436.000000,-1.896000e-06,-512.000000,
-1.764500e-06,1.200000,-1.764500e-06,436.000000,-1.895000e-06,-512.000000,
-1.763500e-06,1.200000,-1.763500e-06,436.000000,-1.894000e-06,-512.000000,
-1.762500e-06,1.200000,-1.762500e-06,436.000000,-1.893000e-06,-512.000000,
-1.761500e-06,1.200000,-1.761500e-06,436.000000,-1.892000e-06,-512.000000,
-1.760500e-06,1.000000,-1.760500e-06,436.000000,-1.891000e-06,-512.000000,
-1.759500e-06,1.200000,-1.759500e-06,436.000000,-1.890000e-06,-512.000000,
-1.758500e-06,1.200000,-1.758500e-06,436.000000,-1.889000e-06,-512.000000,
-1.757500e-06,1.200000,-1.757500e-06,436.000000,-1.888000e-06,-512.000000,
-1.756500e-06,1.200000,-1.756500e-06,436.000000,-1.887000e-06,-512.000000,
-1.755500e-06,1.200000,-1.755500e-06,436.000000,-1.886000e-06,-512.000000,
-1.754500e-06,1.200000,-1.754500e-06,436.000000,-1.885000e-06,-512.000000,
-1.753500e-06,1.200000,-1.753500e-06,436.000000,-1.884000e-06,-512.000000,
-1.752500e-06,1.200000,-1.752500e-06,436.000000,-1.883000e-06,-512.000000,
-1.751500e-06,1.200000,-1.751500e-06,436.000000,-1.882000e-06,-512.000000,
-1.750500e-06,1.200000,-1.750500e-06,436.000000,-1.881000e-06,-512.000000,
-1.749500e-06,1.000000,-1.749500e-06,436.000000,-1.880000e-06,-512.000000,
-1.748500e-06,1.200000,-1.748500e-06,436.000000,-1.879000e-06,-512.000000,
-1.747500e-06,1.000000,-1.747500e-06,436.000000,-1.878000e-06,-512.000000,
-1.746500e-06,1.200000,-1.746500e-06,436.000000,-1.877000e-06,-512.000000,
-1.745500e-06,1.200000,-1.745500e-06,436.000000,-1.876000e-06,-512.000000,
-1.744500e-06,1.200000,-1.744500e-06,436.000000,-1.875000e-06,-512.000000,
-1.743500e-06,1.200000,-1.743500e-06,436.000000,-1.874000e-06,-512.000000,
-1.742500e-06,1.200000,-1.742500e-06,436.000000,-1.873000e-06,-512.000000,
-1.741500e-06,1.200000,-1.741500e-06,436.000000,-1.872000e-06,-512.000000,
-1.740500e-06,1.200000,-1.740500e-06,436.000000,-1.871000e-06,-512.000000,
-1.739500e-06,1.200000,-1.739500e-06,436.000000,-1.870000e-06,-512.000000,
-1.738500e-06,1.200000,-1.738500e-06,436.000000,-1.869000e-06,-512.000000,
-1.737500e-06,1.200000,-1.737500e-06,436.000000,-1.868000e-06,-512.000000,
-1.736500e-06,1.200000,-1.736500e-06,436.000000,-1.867000e-06,-512.000000,
-1.735500e-06,1.200000,-1.735500e-06,436.000000,-1.866000e-06,-512.000000,
-1.734500e-06,1.200000,-1.734500e-06,436.000000,-1.865000e-06,-512.000000,
-1.733500e-06,1.200000,-1.733500e-06,432.000000,-1.864000e-06,-512.000000,
-1.732500e-06,1.200000,-1.732500e-06,436.000000,-1.863000e-06,-512.000000,
-1.731500e-06,1.200000,-1.731500e-06,436.000000,-1.862000e-06,-512.000000,
-1.730500e-06,1.200000,-1.730500e-06,436.000000,-1.861000e-06,-512.000000,
-1.729500e-06,1.200000,-1.729500e-06,436.000000,-1.860000e-06,-512.000000,
-1.728500e-06,1.200000,-1.728500e-06,436.000000,-1.859000e-06,-512.000000,
-1.727500e-06,1.200000,-1.727500e-06,432.000000,-1.858000e-06,-512.000000,
-1.726500e-06,1.200000,-1.726500e-06,436.000000,-1.857000e-06,-512.000000,
-1.725500e-06,1.200000,-1.725500e-06,436.000000,-1.856000e-06,-512.000000,
-1.724500e-06,1.200000,-1.724500e-06,436.000000,-1.855000e-06,-512.000000,
-1.723500e-06,1.200000,-1.723500e-06,436.000000,-1.854000e-06,-512.000000,
-1.722500e-06,1.200000,-1.722500e-06,436.000000,-1.853000e-06,-512.000000,
-1.721500e-06,1.200000,-1.721500e-06,436.000000,-1.852000e-06,-512.000000,
-1.720500e-06,1.200000,-1.720500e-06,436.000000,-1.851000e-06,-512.000000,
-1.719500e-06,1.200000,-1.719500e-06,436.000000,-1.850000e-06,-512.000000,
-1.718500e-06,1.200000,-1.718500e-06,436.000000,-1.849000e-06,-512.000000,
-1.717500e-06,1.200000,-1.717500e-06,436.000000,-1.848000e-06,-512.000000,
-1.716500e-06,1.200000,-1.716500e-06,436.000000,-1.847000e-06,-512.000000,
-1.715500e-06,1.200000,-1.715500e-06,436.000000,-1.846000e-06,-512.000000,
-1.714500e-06,1.200000,-1.714500e-06,436.000000,-1.845000e-06,-512.000000,
-1.713500e-06,1.200000,-1.713500e-06,436.000000,-1.844000e-06,-512.000000,
-1.712500e-06,1.200000,-1.712500e-06,436.000000,-1.843000e-06,-512.000000,
-1.711500e-06,1.200000,-1.711500e-06,436.000000,-1.842000e-06,-512.000000,
-1.710500e-06,1.400000,-1.710500e-06,436.000000,-1.841000e-06,-512.000000,
-1.709500e-06,1.200000,-1.709500e-06,436.000000,-1.840000e-06,-512.000000,
-1.708500e-06,1.200000,-1.708500e-06,436.000000,-1.839000e-06,-512.000000,
-1.707500e-06,1.200000,-1.707500e-06,436.000000,-1.838000e-06,-512.000000,
-1.706500e-06,1.200000,-1.706500e-06,436.000000,-1.837000e-06,-512.000000,
-1.705500e-06,1.200000,-1.705500e-06,436.000000,-1.836000e-06,-512.000000,
-1.704500e-06,1.200000,-1.704500e-06,436.000000,-1.835000e-06,-512.000000,
-1.703500e-06,1.200000,-1.703500e-06,436.000000,-1.834000e-06,-512.000000,
-1.702500e-06,1.200000,-1.702500e-06,436.000000,-1.833000e-06,-512.000000,
-1.701500e-06,1.200000,-1.701500e-06,436.000000,-1.832000e-06,-512.000000,
-1.700500e-06,1.200000,-1.700500e-06,436.000000,-1.831000e-06,-512.000000,
-1.699500e-06,1.200000,-1.699500e-06,436.000000,-1.830000e-06,-512.000000,
-1.698500e-06,1.200000,-1.698500e-06,436.000000,-1.829000e-06,-512.000000,
-1.697500e-06,1.200000,-1.697500e-06,436.000000,-1.828000e-06,-512.000000,
-1.696500e-06,1.200000,-1.696500e-06,436.000000,-1.827000e-06,-512.000000,
-1.695500e-06,1.200000,-1.695500e-06,436.000000,-1.826000e-06,-512.000000,
-1.694500e-06,1.200000,-1.694500e-06,436.000000,-1.825000e-06,-512.000000,
-1.693500e-06,1.200000,-1.693500e-06,436.000000,-1.824000e-06,-512.000000,
-1.692500e-06,1.200000,-1.692500e-06,436.000000,-1.823000e-06,-512.000000,
-1.691500e-06,1.200000,-1.691500e-06,436.000000,-1.822000e-06,-512.000000,
-1.690500e-06,1.200000,-1.690500e-06,436.000000,-1.821000e-06,-512.000000,
-1.689500e-06,1.200000,-1.689500e-06,436.000000,-1.820000e-06,-512.000000,
-1.688500e-06,1.200000,-1.688500e-06,436.000000,-1.819000e-06,-512.000000,
-1.687500e-06,1.200000,-1.687500e-06,436.000000,-1.818000e-06,-512.000000,
-1.686500e-06,1.200000,-1.686500e-06,436.000000,-1.817000e-06,-512.000000,
-1.685500e-06,1.000000,-1.685500e-06,436.000000,-1.816000e-06,-512.000000,
-1.684500e-06,1.200000,-1.684500e-06,436.000000,-1.815000e-06,-512.000000,
-1.683500e-06,1.200000,-1.683500e-06,436.000000,-1.814000e-06,-512.000000,
-1.682500e-06,1.200000,-1.682500e-06,436.000000,-1.813000e-06,-512.000000,
-1.681500e-06,1.200000,-1.681500e-06,436.000000,-1.812000e-06,-512.000000,
-1.680500e-06,1.200000,-1.680500e-06,436.000000,-1.811000e-06,-512.000000,
-1.679500e-06,1.200000,-1.679500e-06,432.000000,-1.810000e-06,-512.000000,
-1.678500e-06,1.200000,-1.678500e-06,436.000000,-1.809000e-06,-512.000000,
-1.677500e-06,1.200000,-1.677500e-06,436.000000,-1.808000e-06,-512.000000,
-1.676500e-06,1.200000,-1.676500e-06,436.000000,-1.807000e-06,-512.000000,
-1.675500e-06,1.200000,-1.675500e-06,432.000000,-1.806000e-06,-512.000000,
-1.674500e-06,1.200000,-1.674500e-06,436.000000,-1.805000e-06,-512.000000,
-1.673500e-06,1.200000,-1.673500e-06,432.000000,-1.804000e-06,-512.000000,
-1.672500e-06,1.200000,-1.672500e-06,436.000000,-1.803000e-06,-512.000000,
-1.671500e-06,1.000000,-1.671500e-06,436.000000,-1.802000e-06,-512.000000,
-1.670500e-06,1.200000,-1.670500e-06,436.000000,-1.801000e-06,-512.000000,
-1.669500e-06,1.200000,-1.669500e-06,436.000000,-1.800000e-06,-512.000000,
-1.668500e-06,1.200000,-1.668500e-06,436.000000,-1.799000e-06,-512.000000,
-1.667500e-06,1.200000,-1.667500e-06,436.000000,-1.798000e-06,-512.000000,
-1.666500e-06,1.200000,-1.666500e-06,436.000000,-1.797000e-06,-512.000000,
-1.665500e-06,1.200000,-1.665500e-06,436.000000,-1.796000e-06,-512.000000,
-1.664500e-06,1.200000,-1.664500e-06,436.000000,-1.795000e-06,-512.000000,
-1.663500e-06,1.200000,-1.663500e-06,436.000000,-1.794000e-06,-512.000000,
-1.662500e-06,1.200000,-1.662500e-06,436.000000,-1.793000e-06,-512.000000,
-1.661500e-06,1.200000,-1.661500e-06,436.000000,-1.792000e-06,-512.000000,
-1.660500e-06,1.200000,-1.660500e-06,436.000000,-1.791000e-06,-512.000000,
-1.659500e-06,1.200000,-1.659500e-06,436.000000,-1.790000e-06,-512.000000,
-1.658500e-06,1.200000,-1.658500e-06,436.000000,-1.789000e-06,-512.000000,
-1.657500e-06,1.200000,-1.657500e-06,436.000000,-1.788000e-06,-512.000000,
-1.656500e-06,1.200000,-1.656500e-06,436.000000,-1.787000e-06,-512.000000,
-1.655500e-06,1.200000,-1.655500e-06,436.000000,-1.786000e-06,-512.000000,
-1.654500e-06,1.200000,-1.654500e-06,436.000000,-1.785000e-06,-512.000000,
-1.653500e-06,1.200000,-1.653500e-06,436.000000,-1.784000e-06,-512.000000,
-1.652500e-06,1.200000,-1.652500e-06,436.000000,-1.783000e-06,-512.000000,
-1.651500e-06,1.000000,-1.651500e-06,436.000000,-1.782000e-06,-512.000000,
-1.650500e-06,1.200000,-1.650500e-06,436.000000,-1.781000e-06,-512.000000,
-1.649500e-06,1.200000,-1.649500e-06,436.000000,-1.780000e-06,-512.000000,
-1.648500e-06,1.200000,-1.648500e-06,436.000000,-1.779000e-06,-512.000000,
-1.647500e-06,1.200000,-1.647500e-06,436.000000,-1.778000e-06,-512.000000,
-1.646500e-06,1.200000,-1.646500e-06,436.000000,-1.777000e-06,-512.000000,
-1.645500e-06,1.200000,-1.645500e-06,436.000000,-1.776000e-06,-512.000000,
-1.644500e-06,1.200000,-1.644500e-06,436.000000,-1.775000e-06,-512.000000,
-1.643500e-06,1.000000,-1.643500e-06,436.000000,-1.774000e-06,-512.000000,
-1.642500e-06,1.200000,-1.642500e-06,436.000000,-1.773000e-06,-512.000000,
-1.641500e-06,1.200000,-1.641500e-06,436.000000,-1.772000e-06,-512.000000,
-1.640500e-06,1.200000,-1.640500e-06,436.000000,-1.771000e-06,-512.000000,
-1.639500e-06,1.200000,-1.639500e-06,436.000000,-1.770000e-06,-512.000000,
-1.638500e-06,1.200000,-1.638500e-06,436.000000,-1.769000e-06,-512.000000,
-1.637500e-06,1.200000,-1.637500e-06,436.000000,-1.768000e-06,-512.000000,
-1.636500e-06,1.200000,-1.636500e-06,436.000000,-1.767000e-06,-512.000000,
-1.635500e-06,1.200000,-1.635500e-06,436.000000,-1.766000e-06,-512.000000,
-1.634500e-06,1.200000,-1.634500e-06,436.000000,-1.765000e-06,-512.000000,
-1.633500e-06,1.200000,-1.633500e-06,436.000000,-1.764000e-06,-512.000000,
-1.632500e-06,1.200000,-1.632500e-06,436.000000,-1.763000e-06,-512.000000,
-1.631500e-06,1.200000,-1.631500e-06,432.000000,-1.762000e-06,-512.000000,
-1.630500e-06,1.200000,-1.630500e-06,436.000000,-1.761000e-06,-512.000000,
-1.629500e-06,1.200000,-1.629500e-06,436.000000,-1.760000e-06,-512.000000,
-1.628500e-06,1.200000,-1.628500e-06,436.000000,-1.759000e-06,-512.000000,
-1.627500e-06,1.200000,-1.627500e-06,436.000000,-1.758000e-06,-512.000000,
-1.626500e-06,1.200000,-1.626500e-06,436.000000,-1.757000e-06,-512.000000,
-1.625500e-06,1.200000,-1.625500e-06,436.000000,-1.756000e-06,-512.000000,
-1.624500e-06,1.200000,-1.624500e-06,436.000000,-1.755000e-06,-512.000000,
-1.623500e-06,1.200000,-1.623500e-06,436.000000,-1.754000e-06,-512.000000,
-1.622500e-06,1.200000,-1.622500e-06,436.000000,-1.753000e-06,-512.000000,
-1.621500e-06,1.200000,-1.621500e-06,436.000000,-1.752000e-06,-512.000000,
-1.620500e-06,1.200000,-1.620500e-06,436.000000,-1.751000e-06,-512.000000,
-1.619500e-06,1.200000,-1.619500e-06,436.000000,-1.750000e-06,-512.000000,
-1.618500e-06,1.200000,-1.618500e-06,436.000000,-1.749000e-06,-512.000000,
-1.617500e-06,1.200000,-1.617500e-06,436.000000,-1.748000e-06,-512.000000,
-1.616500e-06,1.200000,-1.616500e-06,436.000000,-1.747000e-06,-512.000000,
-1.615500e-06,1.200000,-1.615500e-06,436.000000,-1.746000e-06,-512.000000,
-1.614500e-06,1.200000,-1.614500e-06,436.000000,-1.745000e-06,-512.000000,
-1.613500e-06,1.200000,-1.613500e-06,436.000000,-1.744000e-06,-512.000000,
-1.612500e-06,1.200000,-1.612500e-06,436.000000,-1.743000e-06,-512.000000,
-1.611500e-06,1.200000,-1.611500e-06,436.000000,-1.742000e-06,-512.000000,
-1.610500e-06,1.200000,-1.610500e-06,436.000000,-1.741000e-06,-512.000000,
-1.609500e-06,1.200000,-1.609500e-06,436.000000,-1.740000e-06,-512.000000,
-1.608500e-06,1.200000,-1.608500e-06,436.000000,-1.739000e-06,-512.000000,
-1.607500e-06,1.200000,-1.607500e-06,436.000000,-1.738000e-06,-512.000000,
-1.606500e-06,1.200000,-1.606500e-06,436.000000,-1.737000e-06,-512.000000,
-1.605500e-06,1.200000,-1.605500e-06,432.000000,-1.736000e-06,-512.000000,
-1.604500e-06,1.200000,-1.604500e-06,436.000000,-1.735000e-06,-512.000000,
-1.603500e-06,1.200000,-1.603500e-06,436.000000,-1.734000e-06,-512.000000,
-1.602500e-06,1.200000,-1.602500e-06,436.000000,-1.733000e-06,-512.000000,
-1.601500e-06,1.200000,-1.601500e-06,436.000000,-1.732000e-06,-512.000000,
-1.600500e-06,1.200000,-1.600500e-06,436.000000,-1.731000e-06,-512.000000,
-1.599500e-06,1.200000,-1.599500e-06,436.000000,-1.730000e-06,-512.000000,
-1.598500e-06,1.200000,-1.598500e-06,436.000000,-1.729000e-06,-512.000000,
-1.597500e-06,1.200000,-1.597500e-06,436.000000,-1.728000e-06,-512.000000,
-1.596500e-06,1.200000,-1.596500e-06,436.000000,-1.727000e-06,-512.000000,
-1.595500e-06,1.200000,-1.595500e-06,436.000000,-1.726000e-06,-512.000000,
-1.594500e-06,1.200000,-1.594500e-06,436.000000,-1.725000e-06,-512.000000,
-1.593500e-06,1.200000,-1.593500e-06,436.000000,-1.724000e-06,-512.000000,
-1.592500e-06,1.200000,-1.592500e-06,436.000000,-1.723000e-06,-512.000000,
-1.591500e-06,1.200000,-1.591500e-06,436.000000,-1.722000e-06,-512.000000,
-1.590500e-06,1.200000,-1.590500e-06,432.000000,-1.721000e-06,-512.000000,
-1.589500e-06,1.200000,-1.589500e-06,436.000000,-1.720000e-06,-512.000000,
-1.588500e-06,1.200000,-1.588500e-06,436.000000,-1.719000e-06,-512.000000,
-1.587500e-06,1.200000,-1.587500e-06,436.000000,-1.718000e-06,-512.000000,
-1.586500e-06,1.200000,-1.586500e-06,436.000000,-1.717000e-06,-512.000000,
-1.585500e-06,1.200000,-1.585500e-06,436.000000,-1.716000e-06,-512.000000,
-1.584500e-06,1.200000,-1.584500e-06,436.000000,-1.715000e-06,-512.000000,
-1.583500e-06,1.200000,-1.583500e-06,436.000000,-1.714000e-06,-512.000000,
-1.582500e-06,1.200000,-1.582500e-06,436.000000,-1.713000e-06,-512.000000,
-1.581500e-06,1.200000,-1.581500e-06,436.000000,-1.712000e-06,-512.000000,
-1.580500e-06,1.200000,-1.580500e-06,436.000000,-1.711000e-06,-512.000000,
-1.579500e-06,1.000000,-1.579500e-06,436.000000,-1.710000e-06,-512.000000,
-1.578500e-06,1.200000,-1.578500e-06,436.000000,-1.709000e-06,-512.000000,
-1.577500e-06,1.200000,-1.577500e-06,436.000000,-1.708000e-06,-512.000000,
-1.576500e-06,1.200000,-1.576500e-06,436.000000,-1.707000e-06,-512.000000,
-1.575500e-06,1.200000,-1.575500e-06,436.000000,-1.706000e-06,-512.000000,
-1.574500e-06,1.200000,-1.574500e-06,436.000000,-1.705000e-06,-512.000000,
-1.573500e-06,1.200000,-1.573500e-06,436.000000,-1.704000e-06,-512.000000,
-1.572500e-06,1.200000,-1.572500e-06,436.000000,-1.703000e-06,-512.000000,
-1.571500e-06,1.000000,-1.571500e-06,436.000000,-1.702000e-06,-512.000000,
-1.570500e-06,1.200000,-1.570500e-06,436.000000,-1.701000e-06,-512.000000,
-1.569500e-06,1.200000,-1.569500e-06,436.000000,-1.700000e-06,-512.000000,
-1.568500e-06,1.200000,-1.568500e-06,436.000000,-1.699000e-06,-512.000000,
-1.567500e-06,1.000000,-1.567500e-06,436.000000,-1.698000e-06,-512.000000,
-1.566500e-06,1.200000,-1.566500e-06,436.000000,-1.697000e-06,-512.000000,
-1.565500e-06,1.200000,-1.565500e-06,436.000000,-1.696000e-06,-512.000000,
-1.564500e-06,1.200000,-1.564500e-06,436.000000,-1.695000e-06,-512.000000,
-1.563500e-06,1.200000,-1.563500e-06,436.000000,-1.694000e-06,-512.000000,
-1.562500e-06,1.200000,-1.562500e-06,432.000000,-1.693000e-06,-512.000000,
-1.561500e-06,1.200000,-1.561500e-06,436.000000,-1.692000e-06,-512.000000,
-1.560500e-06,1.200000,-1.560500e-06,436.000000,-1.691000e-06,-512.000000,
-1.559500e-06,1.200000,-1.559500e-06,436.000000,-1.690000e-06,-512.000000,
-1.558500e-06,1.200000,-1.558500e-06,436.000000,-1.689000e-06,-512.000000,
-1.557500e-06,1.200000,-1.557500e-06,436.000000,-1.688000e-06,-512.000000,
-1.556500e-06,1.200000,-1.556500e-06,436.000000,-1.687000e-06,-512.000000,
-1.555500e-06,1.200000,-1.555500e-06,436.000000,-1.686000e-06,-512.000000,
-1.554500e-06,1.200000,-1.554500e-06,436.000000,-1.685000e-06,-512.000000,
-1.553500e-06,1.200000,-1.553500e-06,436.000000,-1.684000e-06,-512.000000,
-1.552500e-06,1.200000,-1.552500e-06,436.000000,-1.683000e-06,-512.000000,
-1.551500e-06,1.200000,-1.551500e-06,436.000000,-1.682000e-06,-512.000000,
-1.550500e-06,1.200000,-1.550500e-06,436.000000,-1.681000e-06,-512.000000,
-1.549500e-06,1.200000,-1.549500e-06,436.000000,-1.680000e-06,-512.000000,
-1.548500e-06,1.200000,-1.548500e-06,436.000000,-1.679000e-06,-512.000000,
-1.547500e-06,1.000000,-1.547500e-06,436.000000,-1.678000e-06,-512.000000,
-1.546500e-06,1.200000,-1.546500e-06,436.000000,-1.677000e-06,-512.000000,
-1.545500e-06,1.200000,-1.545500e-06,436.000000,-1.676000e-06,-512.000000,
-1.544500e-06,1.200000,-1.544500e-06,436.000000,-1.675000e-06,-512.000000,
-1.543500e-06,1.200000,-1.543500e-06,436.000000,-1.674000e-06,-512.000000,
-1.542500e-06,1.200000,-1.542500e-06,436.000000,-1.673000e-06,-512.000000,
-1.541500e-06,1.200000,-1.541500e-06,436.000000,-1.672000e-06,-512.000000,
-1.540500e-06,1.200000,-1.540500e-06,436.000000,-1.671000e-06,-512.000000,
-1.539500e-06,1.200000,-1.539500e-06,436.000000,-1.670000e-06,-512.000000,
-1.538500e-06,1.200000,-1.538500e-06,436.000000,-1.669000e-06,-512.000000,
-1.537500e-06,1.200000,-1.537500e-06,436.000000,-1.668000e-06,-512.000000,
-1.536500e-06,1.200000,-1.536500e-06,436.000000,-1.667000e-06,-512.000000,
-1.535500e-06,1.200000,-1.535500e-06,436.000000,-1.666000e-06,-512.000000,
-1.534500e-06,1.200000,-1.534500e-06,436.000000,-1.665000e-06,-512.000000,
-1.533500e-06,1.000000,-1.533500e-06,436.000000,-1.664000e-06,-512.000000,
-1.532500e-06,1.200000,-1.532500e-06,436.000000,-1.663000e-06,-512.000000,
-1.531500e-06,1.000000,-1.531500e-06,436.000000,-1.662000e-06,-512.000000,
-1.530500e-06,1.200000,-1.530500e-06,436.000000,-1.661000e-06,-512.000000,
-1.529500e-06,1.200000,-1.529500e-06,436.000000,-1.660000e-06,-512.000000,
-1.528500e-06,1.200000,-1.528500e-06,436.000000,-1.659000e-06,-512.000000,
-1.527500e-06,1.200000,-1.527500e-06,436.000000,-1.658000e-06,-512.000000,
-1.526500e-06,1.200000,-1.526500e-06,436.000000,-1.657000e-06,-512.000000,
-1.525500e-06,1.200000,-1.525500e-06,436.000000,-1.656000e-06,-512.000000,
-1.524500e-06,1.200000,-1.524500e-06,436.000000,-1.655000e-06,-512.000000,
-1.523500e-06,1.200000,-1.523500e-06,432.000000,-1.654000e-06,-512.000000,
-1.522500e-06,1.200000,-1.522500e-06,436.000000,-1.653000e-06,-512.000000,
-1.521500e-06,1.200000,-1.521500e-06,436.000000,-1.652000e-06,-512.000000,
-1.520500e-06,1.200000,-1.520500e-06,436.000000,-1.651000e-06,-512.000000,
-1.519500e-06,1.200000,-1.519500e-06,436.000000,-1.650000e-06,-512.000000,
-1.518500e-06,1.200000,-1.518500e-06,436.000000,-1.649000e-06,-512.000000,
-1.517500e-06,1.200000,-1.517500e-06,436.000000,-1.648000e-06,-512.000000,
-1.516500e-06,1.200000,-1.516500e-06,436.000000,-1.647000e-06,-512.000000,
-1.515500e-06,1.200000,-1.515500e-06,436.000000,-1.646000e-06,-512.000000,
-1.514500e-06,1.200000,-1.514500e-06,436.000000,-1.645000e-06,-512.000000,
-1.513500e-06,1.200000,-1.513500e-06,436.000000,-1.644000e-06,-512.000000,
-1.512500e-06,1.200000,-1.512500e-06,436.000000,-1.643000e-06,-512.000000,
-1.511500e-06,1.200000,-1.511500e-06,436.000000,-1.642000e-06,-512.000000,
-1.510500e-06,1.200000,-1.510500e-06,436.000000,-1.641000e-06,-512.000000,
-1.509500e-06,1.200000,-1.509500e-06,436.000000,-1.640000e-06,-512.000000,
-1.508500e-06,1.200000,-1.508500e-06,436.000000,-1.639000e-06,-512.000000,
-1.507500e-06,1.200000,-1.507500e-06,436.000000,-1.638000e-06,-512.000000,
-1.506500e-06,1.200000,-1.506500e-06,436.000000,-1.637000e-06,-512.000000,
-1.505500e-06,1.200000,-1.505500e-06,436.000000,-1.636000e-06,-512.000000,
-1.504500e-06,1.200000,-1.504500e-06,436.000000,-1.635000e-06,-512.000000,
-1.503500e-06,1.200000,-1.503500e-06,436.000000,-1.634000e-06,-512.000000,
-1.502500e-06,1.200000,-1.502500e-06,436.000000,-1.633000e-06,-512.000000,
-1.501500e-06,1.200000,-1.501500e-06,436.000000,-1.632000e-06,-512.000000,
-1.500500e-06,1.200000,-1.500500e-06,436.000000,-1.631000e-06,-512.000000,
-1.499500e-06,1.200000,-1.499500e-06,436.000000,-1.630000e-06,-512.000000,
-1.498500e-06,1.200000,-1.498500e-06,436.000000,-1.629000e-06,-512.000000,
-1.497500e-06,1.200000,-1.497500e-06,436.000000,-1.628000e-06,-512.000000,
-1.496500e-06,1.200000,-1.496500e-06,436.000000,-1.627000e-06,-512.000000,
-1.495500e-06,1.200000,-1.495500e-06,436.000000,-1.626000e-06,-512.000000,
-1.494500e-06,1.200000,-1.494500e-06,436.000000,-1.625000e-06,-512.000000,
-1.493500e-06,1.200000,-1.493500e-06,436.000000,-1.624000e-06,-512.000000,
-1.492500e-06,1.200000,-1.492500e-06,436.000000,-1.623000e-06,-512.000000,
-1.491500e-06,1.200000,-1.491500e-06,436.000000,-1.622000e-06,-512.000000,
-1.490500e-06,1.200000,-1.490500e-06,436.000000,-1.621000e-06,-512.000000,
-1.489500e-06,1.200000,-1.489500e-06,436.000000,-1.620000e-06,-512.000000,
-1.488500e-06,1.200000,-1.488500e-06,436.000000,-1.619000e-06,-512.000000,
-1.487500e-06,1.200000,-1.487500e-06,436.000000,-1.618000e-06,-512.000000,
-1.486500e-06,1.200000,-1.486500e-06,436.000000,-1.617000e-06,-512.000000,
-1.485500e-06,1.200000,-1.485500e-06,436.000000,-1.616000e-06,-512.000000,
-1.484500e-06,1.200000,-1.484500e-06,436.000000,-1.615000e-06,-512.000000,
-1.483500e-06,1.200000,-1.483500e-06,436.000000,-1.614000e-06,-512.000000,
-1.482500e-06,1.200000,-1.482500e-06,436.000000,-1.613000e-06,-512.000000,
-1.481500e-06,1.200000,-1.481500e-06,436.000000,-1.612000e-06,-512.000000,
-1.480500e-06,1.200000,-1.480500e-06,436.000000,-1.611000e-06,-512.000000,
-1.479500e-06,1.200000,-1.479500e-06,436.000000,-1.610000e-06,-512.000000,
-1.478500e-06,1.200000,-1.478500e-06,436.000000,-1.609000e-06,-512.000000,
-1.477500e-06,1.200000,-1.477500e-06,436.000000,-1.608000e-06,-512.000000,
-1.476500e-06,1.200000,-1.476500e-06,436.000000,-1.607000e-06,-512.000000,
-1.475500e-06,1.200000,-1.475500e-06,436.000000,-1.606000e-06,-512.000000,
-1.474500e-06,1.400000,-1.474500e-06,436.000000,-1.605000e-06,-512.000000,
-1.473500e-06,1.200000,-1.473500e-06,436.000000,-1.604000e-06,-512.000000,
-1.472500e-06,1.200000,-1.472500e-06,436.000000,-1.603000e-06,-512.000000,
-1.471500e-06,1.200000,-1.471500e-06,432.000000,-1.602000e-06,-512.000000,
-1.470500e-06,1.400000,-1.470500e-06,436.000000,-1.601000e-06,-512.000000,
-1.469500e-06,1.200000,-1.469500e-06,436.000000,-1.600000e-06,-512.000000,
-1.468500e-06,1.200000,-1.468500e-06,436.000000,-1.599000e-06,-512.000000,
-1.467500e-06,1.200000,-1.467500e-06,436.000000,-1.598000e-06,-512.000000,
-1.466500e-06,1.200000,-1.466500e-06,436.000000,-1.597000e-06,-512.000000,
-1.465500e-06,1.200000,-1.465500e-06,436.000000,-1.596000e-06,-512.000000,
-1.464500e-06,1.200000,-1.464500e-06,436.000000,-1.595000e-06,-512.000000,
-1.463500e-06,1.200000,-1.463500e-06,436.000000,-1.594000e-06,-512.000000,
-1.462500e-06,1.200000,-1.462500e-06,436.000000,-1.593000e-06,-512.000000,
-1.461500e-06,1.200000,-1.461500e-06,436.000000,-1.592000e-06,-512.000000,
-1.460500e-06,1.200000,-1.460500e-06,436.000000,-1.591000e-06,-512.000000,
-1.459500e-06,1.200000,-1.459500e-06,436.000000,-1.590000e-06,-512.000000,
-1.458500e-06,1.200000,-1.458500e-06,436.000000,-1.589000e-06,-512.000000,
-1.457500e-06,1.200000,-1.457500e-06,436.000000,-1.588000e-06,-512.000000,
-1.456500e-06,1.200000,-1.456500e-06,436.000000,-1.587000e-06,-512.000000,
-1.455500e-06,1.200000,-1.455500e-06,436.000000,-1.586000e-06,-512.000000,
-1.454500e-06,1.200000,-1.454500e-06,436.000000,-1.585000e-06,-512.000000,
-1.453500e-06,1.200000,-1.453500e-06,436.000000,-1.584000e-06,-512.000000,
-1.452500e-06,1.200000,-1.452500e-06,436.000000,-1.583000e-06,-512.000000,
-1.451500e-06,1.200000,-1.451500e-06,432.000000,-1.582000e-06,-512.000000,
-1.450500e-06,1.200000,-1.450500e-06,436.000000,-1.581000e-06,-512.000000,
-1.449500e-06,1.200000,-1.449500e-06,432.000000,-1.580000e-06,-512.000000,
-1.448500e-06,1.200000,-1.448500e-06,436.000000,-1.579000e-06,-512.000000,
-1.447500e-06,1.200000,-1.447500e-06,436.000000,-1.578000e-06,-512.000000,
-1.446500e-06,1.200000,-1.446500e-06,436.000000,-1.577000e-06,-512.000000,
-1.445500e-06,1.200000,-1.445500e-06,436.000000,-1.576000e-06,-512.000000,
-1.444500e-06,1.200000,-1.444500e-06,436.000000,-1.575000e-06,-512.000000,
-1.443500e-06,1.200000,-1.443500e-06,436.000000,-1.574000e-06,-512.000000,
-1.442500e-06,1.200000,-1.442500e-06,436.000000,-1.573000e-06,-512.000000,
-1.441500e-06,1.000000,-1.441500e-06,436.000000,-1.572000e-06,-512.000000,
-1.440500e-06,1.200000,-1.440500e-06,436.000000,-1.571000e-06,-512.000000,
-1.439500e-06,1.200000,-1.439500e-06,436.000000,-1.570000e-06,-512.000000,
-1.438500e-06,1.200000,-1.438500e-06,436.000000,-1.569000e-06,-512.000000,
-1.437500e-06,1.200000,-1.437500e-06,436.000000,-1.568000e-06,-512.000000,
-1.436500e-06,1.200000,-1.436500e-06,436.000000,-1.567000e-06,-512.000000,
-1.435500e-06,1.200000,-1.435500e-06,432.000000,-1.566000e-06,-512.000000,
-1.434500e-06,1.200000,-1.434500e-06,436.000000,-1.565000e-06,-512.000000,
-1.433500e-06,1.200000,-1.433500e-06,436.000000,-1.564000e-06,-512.000000,
-1.432500e-06,1.200000,-1.432500e-06,436.000000,-1.563000e-06,-512.000000,
-1.431500e-06,1.200000,-1.431500e-06,436.000000,-1.562000e-06,-512.000000,
-1.430500e-06,1.200000,-1.430500e-06,436.000000,-1.561000e-06,-512.000000,
-1.429500e-06,1.200000,-1.429500e-06,436.000000,-1.560000e-06,-512.000000,
-1.428500e-06,1.200000,-1.428500e-06,436.000000,-1.559000e-06,-512.000000,
-1.427500e-06,1.200000,-1.427500e-06,436.000000,-1.558000e-06,-512.000000,
-1.426500e-06,1.200000,-1.426500e-06,436.000000,-1.557000e-06,-512.000000,
-1.425500e-06,1.200000,-1.425500e-06,436.000000,-1.556000e-06,-512.000000,
-1.424500e-06,1.200000,-1.424500e-06,436.000000,-1.555000e-06,-512.000000,
-1.423500e-06,1.200000,-1.423500e-06,432.000000,-1.554000e-06,-512.000000,
-1.422500e-06,1.200000,-1.422500e-06,436.000000,-1.553000e-06,-512.000000,
-1.421500e-06,1.200000,-1.421500e-06,436.000000,-1.552000e-06,-512.000000,
-1.420500e-06,1.200000,-1.420500e-06,436.000000,-1.551000e-06,-512.000000,
-1.419500e-06,1.200000,-1.419500e-06,436.000000,-1.550000e-06,-512.000000,
-1.418500e-06,1.200000,-1.418500e-06,436.000000,-1.549000e-06,-512.000000,
-1.417500e-06,1.200000,-1.417500e-06,436.000000,-1.548000e-06,-512.000000,
-1.416500e-06,1.200000,-1.416500e-06,436.000000,-1.547000e-06,-512.000000,
-1.415500e-06,1.400000,-1.415500e-06,436.000000,-1.546000e-06,-512.000000,
-1.414500e-06,1.200000,-1.414500e-06,436.000000,-1.545000e-06,-512.000000,
-1.413500e-06,1.200000,-1.413500e-06,436.000000,-1.544000e-06,-512.000000,
-1.412500e-06,1.200000,-1.412500e-06,436.000000,-1.543000e-06,-512.000000,
-1.411500e-06,1.200000,-1.411500e-06,436.000000,-1.542000e-06,-512.000000,
-1.410500e-06,1.200000,-1.410500e-06,436.000000,-1.541000e-06,-512.000000,
-1.409500e-06,1.200000,-1.409500e-06,436.000000,-1.540000e-06,-512.000000,
-1.408500e-06,1.200000,-1.408500e-06,436.000000,-1.539000e-06,-512.000000,
-1.407500e-06,1.200000,-1.407500e-06,436.000000,-1.538000e-06,-512.000000,
-1.406500e-06,1.200000,-1.406500e-06,436.000000,-1.537000e-06,-512.000000,
-1.405500e-06,1.200000,-1.405500e-06,436.000000,-1.536000e-06,-512.000000,
-1.404500e-06,1.200000,-1.404500e-06,436.000000,-1.535000e-06,-512.000000,
-1.403500e-06,1.200000,-1.403500e-06,436.000000,-1.534000e-06,-512.000000,
-1.402500e-06,1.200000,-1.402500e-06,436.000000,-1.533000e-06,-512.000000,
-1.401500e-06,1.200000,-1.401500e-06,436.000000,-1.532000e-06,-512.000000,
-1.400500e-06,1.200000,-1.400500e-06,436.000000,-1.531000e-06,-512.000000,
-1.399500e-06,1.200000,-1.399500e-06,436.000000,-1.530000e-06,-512.000000,
-1.398500e-06,1.200000,-1.398500e-06,436.000000,-1.529000e-06,-512.000000,
-1.397500e-06,1.200000,-1.397500e-06,436.000000,-1.528000e-06,-512.000000,
-1.396500e-06,1.200000,-1.396500e-06,436.000000,-1.527000e-06,-512.000000,
-1.395500e-06,1.200000,-1.395500e-06,436.000000,-1.526000e-06,-512.000000,
-1.394500e-06,1.200000,-1.394500e-06,436.000000,-1.525000e-06,-512.000000,
-1.393500e-06,1.200000,-1.393500e-06,436.000000,-1.524000e-06,-512.000000,
-1.392500e-06,1.200000,-1.392500e-06,436.000000,-1.523000e-06,-512.000000,
-1.391500e-06,1.200000,-1.391500e-06,436.000000,-1.522000e-06,-512.000000,
-1.390500e-06,1.200000,-1.390500e-06,436.000000,-1.521000e-06,-512.000000,
-1.389500e-06,1.200000,-1.389500e-06,436.000000,-1.520000e-06,-512.000000,
-1.388500e-06,1.200000,-1.388500e-06,436.000000,-1.519000e-06,-512.000000,
-1.387500e-06,1.200000,-1.387500e-06,436.000000,-1.518000e-06,-512.000000,
-1.386500e-06,1.200000,-1.386500e-06,432.000000,-1.517000e-06,-512.000000,
-1.385500e-06,1.200000,-1.385500e-06,436.000000,-1.516000e-06,-512.000000,
-1.384500e-06,1.200000,-1.384500e-06,436.000000,-1.515000e-06,-512.000000,
-1.383500e-06,1.200000,-1.383500e-06,436.000000,-1.514000e-06,-512.000000,
-1.382500e-06,1.200000,-1.382500e-06,436.000000,-1.513000e-06,-512.000000,
-1.381500e-06,1.200000,-1.381500e-06,436.000000,-1.512000e-06,-512.000000,
-1.380500e-06,1.200000,-1.380500e-06,436.000000,-1.511000e-06,-512.000000,
-1.379500e-06,1.200000,-1.379500e-06,436.000000,-1.510000e-06,-512.000000,
-1.378500e-06,1.200000,-1.378500e-06,436.000000,-1.509000e-06,-512.000000,
-1.377500e-06,1.200000,-1.377500e-06,436.000000,-1.508000e-06,-512.000000,
-1.376500e-06,1.200000,-1.376500e-06,436.000000,-1.507000e-06,-512.000000,
-1.375500e-06,1.200000,-1.375500e-06,436.000000,-1.506000e-06,-512.000000,
-1.374500e-06,1.200000,-1.374500e-06,436.000000,-1.505000e-06,-512.000000,
-1.373500e-06,1.200000,-1.373500e-06,436.000000,-1.504000e-06,-512.000000,
-1.372500e-06,1.200000,-1.372500e-06,436.000000,-1.503000e-06,-512.000000,
-1.371500e-06,1.200000,-1.371500e-06,436.000000,-1.502000e-06,-512.000000,
-1.370500e-06,1.200000,-1.370500e-06,436.000000,-1.501000e-06,-512.000000,
-1.369500e-06,1.200000,-1.369500e-06,436.000000,-1.500000e-06,-512.000000,
-1.368500e-06,1.200000,-1.368500e-06,436.000000,-1.499000e-06,-512.000000,
-1.367500e-06,1.200000,-1.367500e-06,436.000000,-1.498000e-06,-512.000000,
-1.366500e-06,1.200000,-1.366500e-06,436.000000,-1.497000e-06,-512.000000,
-1.365500e-06,1.200000,-1.365500e-06,436.000000,-1.496000e-06,-512.000000,
-1.364500e-06,1.200000,-1.364500e-06,436.000000,-1.495000e-06,-512.000000,
-1.363500e-06,1.200000,-1.363500e-06,436.000000,-1.494000e-06,-512.000000,
-1.362500e-06,1.200000,-1.362500e-06,436.000000,-1.493000e-06,-512.000000,
-1.361500e-06,1.200000,-1.361500e-06,436.000000,-1.492000e-06,-512.000000,
-1.360500e-06,1.200000,-1.360500e-06,436.000000,-1.491000e-06,-512.000000,
-1.359500e-06,1.200000,-1.359500e-06,436.000000,-1.490000e-06,-512.000000,
-1.358500e-06,1.200000,-1.358500e-06,432.000000,-1.489000e-06,-512.000000,
-1.357500e-06,1.200000,-1.357500e-06,436.000000,-1.488000e-06,-512.000000,
-1.356500e-06,1.200000,-1.356500e-06,436.000000,-1.487000e-06,-512.000000,
-1.355500e-06,1.200000,-1.355500e-06,432.000000,-1.486000e-06,-512.000000,
-1.354500e-06,1.200000,-1.354500e-06,436.000000,-1.485000e-06,-512.000000,
-1.353500e-06,1.200000,-1.353500e-06,436.000000,-1.484000e-06,-512.000000,
-1.352500e-06,1.400000,-1.352500e-06,436.000000,-1.483000e-06,-512.000000,
-1.351500e-06,1.200000,-1.351500e-06,436.000000,-1.482000e-06,-512.000000,
-1.350500e-06,1.200000,-1.350500e-06,436.000000,-1.481000e-06,-512.000000,
-1.349500e-06,1.200000,-1.349500e-06,432.000000,-1.480000e-06,-512.000000,
-1.348500e-06,1.200000,-1.348500e-06,436.000000,-1.479000e-06,-512.000000,
-1.347500e-06,1.200000,-1.347500e-06,432.000000,-1.478000e-06,-512.000000,
-1.346500e-06,1.200000,-1.346500e-06,436.000000,-1.477000e-06,-512.000000,
-1.345500e-06,1.200000,-1.345500e-06,436.000000,-1.476000e-06,-512.000000,
-1.344500e-06,1.200000,-1.344500e-06,436.000000,-1.475000e-06,-512.000000,
-1.343500e-06,1.200000,-1.343500e-06,436.000000,-1.474000e-06,-512.000000,
-1.342500e-06,1.200000,-1.342500e-06,436.000000,-1.473000e-06,-512.000000,
-1.341500e-06,1.200000,-1.341500e-06,436.000000,-1.472000e-06,-512.000000,
-1.340500e-06,1.200000,-1.340500e-06,436.000000,-1.471000e-06,-512.000000,
-1.339500e-06,1.200000,-1.339500e-06,436.000000,-1.470000e-06,-512.000000,
-1.338500e-06,1.200000,-1.338500e-06,436.000000,-1.469000e-06,-512.000000,
-1.337500e-06,1.200000,-1.337500e-06,436.000000,-1.468000e-06,-512.000000,
-1.336500e-06,1.200000,-1.336500e-06,436.000000,-1.467000e-06,-512.000000,
-1.335500e-06,1.200000,-1.335500e-06,436.000000,-1.466000e-06,-512.000000,
-1.334500e-06,1.200000,-1.334500e-06,436.000000,-1.465000e-06,-512.000000,
-1.333500e-06,1.200000,-1.333500e-06,436.000000,-1.464000e-06,-512.000000,
-1.332500e-06,1.200000,-1.332500e-06,436.000000,-1.463000e-06,-512.000000,
-1.331500e-06,1.200000,-1.331500e-06,436.000000,-1.462000e-06,-512.000000,
-1.330500e-06,1.200000,-1.330500e-06,436.000000,-1.461000e-06,-512.000000,
-1.329500e-06,1.200000,-1.329500e-06,436.000000,-1.460000e-06,-512.000000,
-1.328500e-06,1.200000,-1.328500e-06,436.000000,-1.459000e-06,-512.000000,
-1.327500e-06,1.200000,-1.327500e-06,436.000000,-1.458000e-06,-512.000000,
-1.326500e-06,1.200000,-1.326500e-06,436.000000,-1.457000e-06,-512.000000,
-1.325500e-06,1.200000,-1.325500e-06,436.000000,-1.456000e-06,-512.000000,
-1.324500e-06,1.200000,-1.324500e-06,436.000000,-1.455000e-06,-512.000000,
-1.323500e-06,1.400000,-1.323500e-06,436.000000,-1.454000e-06,-512.000000,
-1.322500e-06,1.200000,-1.322500e-06,432.000000,-1.453000e-06,-512.000000,
-1.321500e-06,1.200000,-1.321500e-06,436.000000,-1.452000e-06,-512.000000,
-1.320500e-06,1.200000,-1.320500e-06,436.000000,-1.451000e-06,-512.000000,
-1.319500e-06,1.200000,-1.319500e-06,436.000000,-1.450000e-06,-512.000000,
-1.318500e-06,1.200000,-1.318500e-06,436.000000,-1.449000e-06,-512.000000,
-1.317500e-06,1.200000,-1.317500e-06,436.000000,-1.448000e-06,-512.000000,
-1.316500e-06,1.200000,-1.316500e-06,436.000000,-1.447000e-06,-512.000000,
-1.315500e-06,1.400000,-1.315500e-06,436.000000,-1.446000e-06,-512.000000,
-1.314500e-06,1.200000,-1.314500e-06,436.000000,-1.445000e-06,-512.000000,
-1.313500e-06,1.200000,-1.313500e-06,436.000000,-1.444000e-06,-512.000000,
-1.312500e-06,1.200000,-1.312500e-06,436.000000,-1.443000e-06,-512.000000,
-1.311500e-06,1.200000,-1.311500e-06,436.000000,-1.442000e-06,-512.000000,
-1.310500e-06,1.200000,-1.310500e-06,436.000000,-1.441000e-06,-512.000000,
-1.309500e-06,1.200000,-1.309500e-06,436.000000,-1.440000e-06,-512.000000,
-1.308500e-06,1.200000,-1.308500e-06,436.000000,-1.439000e-06,-512.000000,
-1.307500e-06,1.200000,-1.307500e-06,436.000000,-1.438000e-06,-512.000000,
-1.306500e-06,1.200000,-1.306500e-06,436.000000,-1.437000e-06,-512.000000,
-1.305500e-06,1.200000,-1.305500e-06,436.000000,-1.436000e-06,-512.000000,
-1.304500e-06,1.200000,-1.304500e-06,436.000000,-1.435000e-06,-512.000000,
-1.303500e-06,1.200000,-1.303500e-06,436.000000,-1.434000e-06,-512.000000,
-1.302500e-06,1.200000,-1.302500e-06,436.000000,-1.433000e-06,-512.000000,
-1.301500e-06,1.200000,-1.301500e-06,436.000000,-1.432000e-06,-512.000000,
-1.300500e-06,1.200000,-1.300500e-06,436.000000,-1.431000e-06,-512.000000,
-1.299500e-06,1.200000,-1.299500e-06,436.000000,-1.430000e-06,-512.000000,
-1.298500e-06,1.200000,-1.298500e-06,436.000000,-1.429000e-06,-512.000000,
-1.297500e-06,1.000000,-1.297500e-06,436.000000,-1.428000e-06,-512.000000,
-1.296500e-06,1.000000,-1.296500e-06,436.000000,-1.427000e-06,-512.000000,
-1.295500e-06,1.000000,-1.295500e-06,432.000000,-1.426000e-06,-512.000000,
-1.294500e-06,1.200000,-1.294500e-06,436.000000,-1.425000e-06,-512.000000,
-1.293500e-06,1.000000,-1.293500e-06,436.000000,-1.424000e-06,-512.000000,
-1.292500e-06,1.200000,-1.292500e-06,436.000000,-1.423000e-06,-512.000000,
-1.291500e-06,1.000000,-1.291500e-06,436.000000,-1.422000e-06,-512.000000,
-1.290500e-06,1.200000,-1.290500e-06,436.000000,-1.421000e-06,-512.000000,
-1.289500e-06,1.200000,-1.289500e-06,436.000000,-1.420000e-06,-512.000000,
-1.288500e-06,1.200000,-1.288500e-06,436.000000,-1.419000e-06,-512.000000,
-1.287500e-06,1.200000,-1.287500e-06,436.000000,-1.418000e-06,-512.000000,
-1.286500e-06,1.200000,-1.286500e-06,436.000000,-1.417000e-06,-512.000000,
-1.285500e-06,1.200000,-1.285500e-06,436.000000,-1.416000e-06,-512.000000,
-1.284500e-06,1.200000,-1.284500e-06,436.000000,-1.415000e-06,-512.000000,
-1.283500e-06,1.200000,-1.283500e-06,436.000000,-1.414000e-06,-512.000000,
-1.282500e-06,1.200000,-1.282500e-06,436.000000,-1.413000e-06,-512.000000,
-1.281500e-06,1.400000,-1.281500e-06,436.000000,-1.412000e-06,-512.000000,
-1.280500e-06,1.200000,-1.280500e-06,436.000000,-1.411000e-06,-512.000000,
-1.279500e-06,1.200000,-1.279500e-06,436.000000,-1.410000e-06,-512.000000,
-1.278500e-06,1.200000,-1.278500e-06,436.000000,-1.409000e-06,-512.000000,
-1.277500e-06,1.200000,-1.277500e-06,436.000000,-1.408000e-06,-512.000000,
-1.276500e-06,1.200000,-1.276500e-06,436.000000,-1.407000e-06,-512.000000,
-1.275500e-06,1.200000,-1.275500e-06,436.000000,-1.406000e-06,-512.000000,
-1.274500e-06,1.200000,-1.274500e-06,436.000000,-1.405000e-06,-512.000000,
-1.273500e-06,1.200000,-1.273500e-06,436.000000,-1.404000e-06,-512.000000,
-1.272500e-06,1.200000,-1.272500e-06,436.000000,-1.403000e-06,-512.000000,
-1.271500e-06,1.200000,-1.271500e-06,436.000000,-1.402000e-06,-512.000000,
-1.270500e-06,1.200000,-1.270500e-06,436.000000,-1.401000e-06,-512.000000,
-1.269500e-06,1.200000,-1.269500e-06,436.000000,-1.400000e-06,-512.000000,
-1.268500e-06,1.200000,-1.268500e-06,436.000000,-1.399000e-06,-512.000000,
-1.267500e-06,1.200000,-1.267500e-06,436.000000,-1.398000e-06,-512.000000,
-1.266500e-06,1.200000,-1.266500e-06,436.000000,-1.397000e-06,-512.000000,
-1.265500e-06,1.200000,-1.265500e-06,436.000000,-1.396000e-06,-512.000000,
-1.264500e-06,1.200000,-1.264500e-06,436.000000,-1.395000e-06,-512.000000,
-1.263500e-06,1.200000,-1.263500e-06,436.000000,-1.394000e-06,-512.000000,
-1.262500e-06,1.200000,-1.262500e-06,436.000000,-1.393000e-06,-512.000000,
-1.261500e-06,1.200000,-1.261500e-06,436.000000,-1.392000e-06,-512.000000,
-1.260500e-06,1.200000,-1.260500e-06,436.000000,-1.391000e-06,-512.000000,
-1.259500e-06,1.200000,-1.259500e-06,436.000000,-1.390000e-06,-512.000000,
-1.258500e-06,1.200000,-1.258500e-06,436.000000,-1.389000e-06,-512.000000,
-1.257500e-06,1.200000,-1.257500e-06,436.000000,-1.388000e-06,-512.000000,
-1.256500e-06,1.200000,-1.256500e-06,436.000000,-1.387000e-06,-512.000000,
-1.255500e-06,1.200000,-1.255500e-06,436.000000,-1.386000e-06,-512.000000,
-1.254500e-06,1.200000,-1.254500e-06,436.000000,-1.385000e-06,-512.000000,
-1.253500e-06,1.000000,-1.253500e-06,436.000000,-1.384000e-06,-512.000000,
-1.252500e-06,1.200000,-1.252500e-06,436.000000,-1.383000e-06,-512.000000,
-1.251500e-06,1.200000,-1.251500e-06,436.000000,-1.382000e-06,-512.000000,
-1.250500e-06,1.200000,-1.250500e-06,436.000000,-1.381000e-06,-512.000000,
-1.249500e-06,1.200000,-1.249500e-06,436.000000,-1.380000e-06,-512.000000,
-1.248500e-06,1.200000,-1.248500e-06,436.000000,-1.379000e-06,-512.000000,
-1.247500e-06,1.200000,-1.247500e-06,436.000000,-1.378000e-06,-512.000000,
-1.246500e-06,1.200000,-1.246500e-06,436.000000,-1.377000e-06,-512.000000,
-1.245500e-06,1.200000,-1.245500e-06,436.000000,-1.376000e-06,-512.000000,
-1.244500e-06,1.200000,-1.244500e-06,436.000000,-1.375000e-06,-512.000000,
-1.243500e-06,1.200000,-1.243500e-06,436.000000,-1.374000e-06,-512.000000,
-1.242500e-06,1.200000,-1.242500e-06,436.000000,-1.373000e-06,-512.000000,
-1.241500e-06,1.200000,-1.241500e-06,436.000000,-1.372000e-06,-512.000000,
-1.240500e-06,1.200000,-1.240500e-06,436.000000,-1.371000e-06,-512.000000,
-1.239500e-06,1.200000,-1.239500e-06,436.000000,-1.370000e-06,-512.000000,
-1.238500e-06,1.200000,-1.238500e-06,436.000000,-1.369000e-06,-512.000000,
-1.237500e-06,1.200000,-1.237500e-06,436.000000,-1.368000e-06,-512.000000,
-1.236500e-06,1.200000,-1.236500e-06,436.000000,-1.367000e-06,-512.000000,
-1.235500e-06,1.200000,-1.235500e-06,436.000000,-1.366000e-06,-512.000000,
-1.234500e-06,1.200000,-1.234500e-06,436.000000,-1.365000e-06,-512.000000,
-1.233500e-06,1.200000,-1.233500e-06,436.000000,-1.364000e-06,-512.000000,
-1.232500e-06,1.200000,-1.232500e-06,436.000000,-1.363000e-06,-512.000000,
-1.231500e-06,1.200000,-1.231500e-06,436.000000,-1.362000e-06,-512.000000,
-1.230500e-06,1.200000,-1.230500e-06,436.000000,-1.361000e-06,-512.000000,
-1.229500e-06,1.200000,-1.229500e-06,436.000000,-1.360000e-06,-512.000000,
-1.228500e-06,1.200000,-1.228500e-06,436.000000,-1.359000e-06,-512.000000,
-1.227500e-06,1.200000,-1.227500e-06,436.000000,-1.358000e-06,-512.000000,
-1.226500e-06,1.200000,-1.226500e-06,436.000000,-1.357000e-06,-512.000000,
-1.225500e-06,1.200000,-1.225500e-06,436.000000,-1.356000e-06,-512.000000,
-1.224500e-06,1.200000,-1.224500e-06,436.000000,-1.355000e-06,-512.000000,
-1.223500e-06,1.200000,-1.223500e-06,436.000000,-1.354000e-06,-512.000000,
-1.222500e-06,1.200000,-1.222500e-06,436.000000,-1.353000e-06,-512.000000,
-1.221500e-06,1.200000,-1.221500e-06,436.000000,-1.352000e-06,-512.000000,
-1.220500e-06,1.200000,-1.220500e-06,436.000000,-1.351000e-06,-512.000000,
-1.219500e-06,1.200000,-1.219500e-06,436.000000,-1.350000e-06,-512.000000,
-1.218500e-06,1.200000,-1.218500e-06,436.000000,-1.349000e-06,-512.000000,
-1.217500e-06,1.200000,-1.217500e-06,436.000000,-1.348000e-06,-512.000000,
-1.216500e-06,1.200000,-1.216500e-06,436.000000,-1.347000e-06,-512.000000,
-1.215500e-06,1.200000,-1.215500e-06,436.000000,-1.346000e-06,-512.000000,
-1.214500e-06,1.200000,-1.214500e-06,436.000000,-1.345000e-06,-512.000000,
-1.213500e-06,1.200000,-1.213500e-06,436.000000,-1.344000e-06,-512.000000,
-1.212500e-06,1.200000,-1.212500e-06,436.000000,-1.343000e-06,-512.000000,
-1.211500e-06,1.200000,-1.211500e-06,436.000000,-1.342000e-06,-512.000000,
-1.210500e-06,1.200000,-1.210500e-06,436.000000,-1.341000e-06,-512.000000,
-1.209500e-06,1.200000,-1.209500e-06,432.000000,-1.340000e-06,-512.000000,
-1.208500e-06,1.200000,-1.208500e-06,436.000000,-1.339000e-06,-512.000000,
-1.207500e-06,1.200000,-1.207500e-06,436.000000,-1.338000e-06,-512.000000,
-1.206500e-06,1.200000,-1.206500e-06,436.000000,-1.337000e-06,-512.000000,
-1.205500e-06,1.200000,-1.205500e-06,436.000000,-1.336000e-06,-512.000000,
-1.204500e-06,1.200000,-1.204500e-06,436.000000,-1.335000e-06,-512.000000,
-1.203500e-06,1.200000,-1.203500e-06,436.000000,-1.334000e-06,-512.000000,
-1.202500e-06,1.200000,-1.202500e-06,436.000000,-1.333000e-06,-512.000000,
-1.201500e-06,1.200000,-1.201500e-06,436.000000,-1.332000e-06,-512.000000,
-1.200500e-06,1.200000,-1.200500e-06,436.000000,-1.331000e-06,-512.000000,
-1.199500e-06,1.200000,-1.199500e-06,436.000000,-1.330000e-06,-512.000000,
-1.198500e-06,1.200000,-1.198500e-06,436.000000,-1.329000e-06,-512.000000,
-1.197500e-06,1.200000,-1.197500e-06,436.000000,-1.328000e-06,-512.000000,
-1.196500e-06,1.200000,-1.196500e-06,436.000000,-1.327000e-06,-512.000000,
-1.195500e-06,1.200000,-1.195500e-06,436.000000,-1.326000e-06,-512.000000,
-1.194500e-06,1.200000,-1.194500e-06,436.000000,-1.325000e-06,-512.000000,
-1.193500e-06,1.200000,-1.193500e-06,436.000000,-1.324000e-06,-512.000000,
-1.192500e-06,1.200000,-1.192500e-06,436.000000,-1.323000e-06,-512.000000,
-1.191500e-06,1.200000,-1.191500e-06,436.000000,-1.322000e-06,-512.000000,
-1.190500e-06,1.200000,-1.190500e-06,436.000000,-1.321000e-06,-512.000000,
-1.189500e-06,1.200000,-1.189500e-06,436.000000,-1.320000e-06,-512.000000,
-1.188500e-06,1.200000,-1.188500e-06,436.000000,-1.319000e-06,-512.000000,
-1.187500e-06,1.200000,-1.187500e-06,436.000000,-1.318000e-06,-512.000000,
-1.186500e-06,1.200000,-1.186500e-06,436.000000,-1.317000e-06,-512.000000,
-1.185500e-06,1.200000,-1.185500e-06,436.000000,-1.316000e-06,-512.000000,
-1.184500e-06,1.200000,-1.184500e-06,436.000000,-1.315000e-06,-512.000000,
-1.183500e-06,1.200000,-1.183500e-06,436.000000,-1.314000e-06,-512.000000,
-1.182500e-06,1.200000,-1.182500e-06,436.000000,-1.313000e-06,-512.000000,
-1.181500e-06,1.400000,-1.181500e-06,436.000000,-1.312000e-06,-512.000000,
-1.180500e-06,1.200000,-1.180500e-06,436.000000,-1.311000e-06,-512.000000,
-1.179500e-06,1.200000,-1.179500e-06,436.000000,-1.310000e-06,-512.000000,
-1.178500e-06,1.200000,-1.178500e-06,436.000000,-1.309000e-06,-512.000000,
-1.177500e-06,1.200000,-1.177500e-06,436.000000,-1.308000e-06,-512.000000,
-1.176500e-06,1.200000,-1.176500e-06,436.000000,-1.307000e-06,-512.000000,
-1.175500e-06,1.200000,-1.175500e-06,436.000000,-1.306000e-06,-512.000000,
-1.174500e-06,1.200000,-1.174500e-06,436.000000,-1.305000e-06,-512.000000,
-1.173500e-06,1.200000,-1.173500e-06,436.000000,-1.304000e-06,-512.000000,
-1.172500e-06,1.200000,-1.172500e-06,436.000000,-1.303000e-06,-512.000000,
-1.171500e-06,1.200000,-1.171500e-06,436.000000,-1.302000e-06,-512.000000,
-1.170500e-06,1.200000,-1.170500e-06,436.000000,-1.301000e-06,-512.000000,
-1.169500e-06,1.200000,-1.169500e-06,436.000000,-1.300000e-06,-512.000000,
-1.168500e-06,1.200000,-1.168500e-06,436.000000,-1.299000e-06,-512.000000,
-1.167500e-06,1.200000,-1.167500e-06,436.000000,-1.298000e-06,-512.000000,
-1.166500e-06,1.200000,-1.166500e-06,436.000000,-1.297000e-06,-512.000000,
-1.165500e-06,1.000000,-1.165500e-06,436.000000,-1.296000e-06,-512.000000,
-1.164500e-06,1.200000,-1.164500e-06,436.000000,-1.295000e-06,-512.000000,
-1.163500e-06,1.200000,-1.163500e-06,436.000000,-1.294000e-06,-512.000000,
-1.162500e-06,1.000000,-1.162500e-06,436.000000,-1.293000e-06,-512.000000,
-1.161500e-06,1.200000,-1.161500e-06,436.000000,-1.292000e-06,-512.000000,
-1.160500e-06,1.200000,-1.160500e-06,436.000000,-1.291000e-06,-512.000000,
-1.159500e-06,1.200000,-1.159500e-06,436.000000,-1.290000e-06,-512.000000,
-1.158500e-06,1.200000,-1.158500e-06,436.000000,-1.289000e-06,-512.000000,
-1.157500e-06,1.200000,-1.157500e-06,436.000000,-1.288000e-06,-512.000000,
-1.156500e-06,1.200000,-1.156500e-06,436.000000,-1.287000e-06,-512.000000,
-1.155500e-06,1.200000,-1.155500e-06,436.000000,-1.286000e-06,-512.000000,
-1.154500e-06,1.200000,-1.154500e-06,436.000000,-1.285000e-06,-512.000000,
-1.153500e-06,1.200000,-1.153500e-06,436.000000,-1.284000e-06,-512.000000,
-1.152500e-06,1.200000,-1.152500e-06,436.000000,-1.283000e-06,-512.000000,
-1.151500e-06,1.400000,-1.151500e-06,436.000000,-1.282000e-06,-512.000000,
-1.150500e-06,1.200000,-1.150500e-06,436.000000,-1.281000e-06,-512.000000,
-1.149500e-06,1.200000,-1.149500e-06,436.000000,-1.280000e-06,-512.000000,
-1.148500e-06,1.200000,-1.148500e-06,436.000000,-1.279000e-06,-512.000000,
-1.147500e-06,1.200000,-1.147500e-06,436.000000,-1.278000e-06,-512.000000,
-1.146500e-06,1.200000,-1.146500e-06,436.000000,-1.277000e-06,-512.000000,
-1.145500e-06,1.200000,-1.145500e-06,436.000000,-1.276000e-06,-512.000000,
-1.144500e-06,1.200000,-1.144500e-06,436.000000,-1.275000e-06,-512.000000,
-1.143500e-06,1.200000,-1.143500e-06,436.000000,-1.274000e-06,-512.000000,
-1.142500e-06,1.200000,-1.142500e-06,436.000000,-1.273000e-06,-512.000000,
-1.141500e-06,1.200000,-1.141500e-06,436.000000,-1.272000e-06,-512.000000,
-1.140500e-06,1.200000,-1.140500e-06,436.000000,-1.271000e-06,-512.000000,
-1.139500e-06,1.200000,-1.139500e-06,436.000000,-1.270000e-06,-512.000000,
-1.138500e-06,1.200000,-1.138500e-06,436.000000,-1.269000e-06,-512.000000,
-1.137500e-06,1.200000,-1.137500e-06,436.000000,-1.268000e-06,-512.000000,
-1.136500e-06,1.200000,-1.136500e-06,436.000000,-1.267000e-06,-512.000000,
-1.135500e-06,1.200000,-1.135500e-06,436.000000,-1.266000e-06,-512.000000,
-1.134500e-06,1.200000,-1.134500e-06,436.000000,-1.265000e-06,-512.000000,
-1.133500e-06,1.200000,-1.133500e-06,436.000000,-1.264000e-06,-512.000000,
-1.132500e-06,1.200000,-1.132500e-06,436.000000,-1.263000e-06,-512.000000,
-1.131500e-06,1.200000,-1.131500e-06,436.000000,-1.262000e-06,-512.000000,
-1.130500e-06,1.200000,-1.130500e-06,436.000000,-1.261000e-06,-512.000000,
-1.129500e-06,1.200000,-1.129500e-06,436.000000,-1.260000e-06,-512.000000,
-1.128500e-06,1.200000,-1.128500e-06,436.000000,-1.259000e-06,-512.000000,
-1.127500e-06,1.200000,-1.127500e-06,436.000000,-1.258000e-06,-512.000000,
-1.126500e-06,1.200000,-1.126500e-06,436.000000,-1.257000e-06,-512.000000,
-1.125500e-06,1.200000,-1.125500e-06,436.000000,-1.256000e-06,-512.000000,
-1.124500e-06,1.200000,-1.124500e-06,436.000000,-1.255000e-06,-512.000000,
-1.123500e-06,1.400000,-1.123500e-06,436.000000,-1.254000e-06,-512.000000,
-1.122500e-06,1.200000,-1.122500e-06,436.000000,-1.253000e-06,-512.000000,
-1.121500e-06,1.200000,-1.121500e-06,436.000000,-1.252000e-06,-512.000000,
-1.120500e-06,1.200000,-1.120500e-06,436.000000,-1.251000e-06,-512.000000,
-1.119500e-06,1.200000,-1.119500e-06,436.000000,-1.250000e-06,-512.000000,
-1.118500e-06,1.200000,-1.118500e-06,436.000000,-1.249000e-06,-512.000000,
-1.117500e-06,1.200000,-1.117500e-06,436.000000,-1.248000e-06,-512.000000,
-1.116500e-06,1.200000,-1.116500e-06,436.000000,-1.247000e-06,-512.000000,
-1.115500e-06,1.200000,-1.115500e-06,436.000000,-1.246000e-06,-512.000000,
-1.114500e-06,1.200000,-1.114500e-06,436.000000,-1.245000e-06,-512.000000,
-1.113500e-06,1.200000,-1.113500e-06,436.000000,-1.244000e-06,-512.000000,
-1.112500e-06,1.200000,-1.112500e-06,436.000000,-1.243000e-06,-512.000000,
-1.111500e-06,1.200000,-1.111500e-06,436.000000,-1.242000e-06,-512.000000,
-1.110500e-06,1.200000,-1.110500e-06,436.000000,-1.241000e-06,-512.000000,
-1.109500e-06,1.200000,-1.109500e-06,436.000000,-1.240000e-06,-512.000000,
-1.108500e-06,1.200000,-1.108500e-06,436.000000,-1.239000e-06,-512.000000,
-1.107500e-06,1.200000,-1.107500e-06,436.000000,-1.238000e-06,-512.000000,
-1.106500e-06,1.200000,-1.106500e-06,436.000000,-1.237000e-06,-512.000000,
-1.105500e-06,1.200000,-1.105500e-06,436.000000,-1.236000e-06,-512.000000,
-1.104500e-06,1.200000,-1.104500e-06,436.000000,-1.235000e-06,-512.000000,
-1.103500e-06,1.200000,-1.103500e-06,436.000000,-1.234000e-06,-512.000000,
-1.102500e-06,1.200000,-1.102500e-06,436.000000,-1.233000e-06,-512.000000,
-1.101500e-06,1.200000,-1.101500e-06,436.000000,-1.232000e-06,-512.000000,
-1.100500e-06,1.200000,-1.100500e-06,436.000000,-1.231000e-06,-512.000000,
-1.099500e-06,1.200000,-1.099500e-06,436.000000,-1.230000e-06,-512.000000,
-1.098500e-06,1.200000,-1.098500e-06,436.000000,-1.229000e-06,-512.000000,
-1.097500e-06,1.200000,-1.097500e-06,436.000000,-1.228000e-06,-512.000000,
-1.096500e-06,1.200000,-1.096500e-06,436.000000,-1.227000e-06,-512.000000,
-1.095500e-06,1.200000,-1.095500e-06,436.000000,-1.226000e-06,-512.000000,
-1.094500e-06,1.200000,-1.094500e-06,436.000000,-1.225000e-06,-512.000000,
-1.093500e-06,1.200000,-1.093500e-06,436.000000,-1.224000e-06,-512.000000,
-1.092500e-06,1.200000,-1.092500e-06,436.000000,-1.223000e-06,-512.000000,
-1.091500e-06,1.200000,-1.091500e-06,436.000000,-1.222000e-06,-512.000000,
-1.090500e-06,1.200000,-1.090500e-06,436.000000,-1.221000e-06,-512.000000,
-1.089500e-06,1.200000,-1.089500e-06,436.000000,-1.220000e-06,-512.000000,
-1.088500e-06,1.200000,-1.088500e-06,436.000000,-1.219000e-06,-512.000000,
-1.087500e-06,1.200000,-1.087500e-06,436.000000,-1.218000e-06,-512.000000,
-1.086500e-06,1.200000,-1.086500e-06,436.000000,-1.217000e-06,-512.000000,
-1.085500e-06,1.200000,-1.085500e-06,436.000000,-1.216000e-06,-512.000000,
-1.084500e-06,1.200000,-1.084500e-06,436.000000,-1.215000e-06,-512.000000,
-1.083500e-06,1.200000,-1.083500e-06,436.000000,-1.214000e-06,-512.000000,
-1.082500e-06,1.200000,-1.082500e-06,436.000000,-1.213000e-06,-512.000000,
-1.081500e-06,1.200000,-1.081500e-06,436.000000,-1.212000e-06,-512.000000,
-1.080500e-06,1.200000,-1.080500e-06,436.000000,-1.211000e-06,-512.000000,
-1.079500e-06,1.200000,-1.079500e-06,436.000000,-1.210000e-06,-512.000000,
-1.078500e-06,1.200000,-1.078500e-06,432.000000,-1.209000e-06,-512.000000,
-1.077500e-06,1.200000,-1.077500e-06,436.000000,-1.208000e-06,-512.000000,
-1.076500e-06,1.200000,-1.076500e-06,436.000000,-1.207000e-06,-512.000000,
-1.075500e-06,1.200000,-1.075500e-06,436.000000,-1.206000e-06,-512.000000,
-1.074500e-06,1.200000,-1.074500e-06,436.000000,-1.205000e-06,-512.000000,
-1.073500e-06,1.200000,-1.073500e-06,436.000000,-1.204000e-06,-512.000000,
-1.072500e-06,1.200000,-1.072500e-06,436.000000,-1.203000e-06,-512.000000,
-1.071500e-06,1.200000,-1.071500e-06,436.000000,-1.202000e-06,-512.000000,
-1.070500e-06,1.200000,-1.070500e-06,436.000000,-1.201000e-06,-512.000000,
-1.069500e-06,1.200000,-1.069500e-06,436.000000,-1.200000e-06,-512.000000,
-1.068500e-06,1.200000,-1.068500e-06,436.000000,-1.199000e-06,-512.000000,
-1.067500e-06,1.200000,-1.067500e-06,436.000000,-1.198000e-06,-512.000000,
-1.066500e-06,1.200000,-1.066500e-06,436.000000,-1.197000e-06,-512.000000,
-1.065500e-06,1.000000,-1.065500e-06,436.000000,-1.196000e-06,-512.000000,
-1.064500e-06,1.200000,-1.064500e-06,436.000000,-1.195000e-06,-512.000000,
-1.063500e-06,1.200000,-1.063500e-06,436.000000,-1.194000e-06,-512.000000,
-1.062500e-06,1.200000,-1.062500e-06,436.000000,-1.193000e-06,-512.000000,
-1.061500e-06,1.200000,-1.061500e-06,436.000000,-1.192000e-06,-512.000000,
-1.060500e-06,1.200000,-1.060500e-06,436.000000,-1.191000e-06,-512.000000,
-1.059500e-06,1.200000,-1.059500e-06,436.000000,-1.190000e-06,-512.000000,
-1.058500e-06,1.200000,-1.058500e-06,436.000000,-1.189000e-06,-512.000000,
-1.057500e-06,1.200000,-1.057500e-06,436.000000,-1.188000e-06,-512.000000,
-1.056500e-06,1.200000,-1.056500e-06,436.000000,-1.187000e-06,-512.000000,
-1.055500e-06,1.200000,-1.055500e-06,436.000000,-1.186000e-06,-512.000000,
-1.054500e-06,1.200000,-1.054500e-06,436.000000,-1.185000e-06,-512.000000,
-1.053500e-06,1.200000,-1.053500e-06,436.000000,-1.184000e-06,-512.000000,
-1.052500e-06,1.200000,-1.052500e-06,436.000000,-1.183000e-06,-512.000000,
-1.051500e-06,1.200000,-1.051500e-06,436.000000,-1.182000e-06,-512.000000,
-1.050500e-06,1.200000,-1.050500e-06,436.000000,-1.181000e-06,-512.000000,
-1.049500e-06,1.200000,-1.049500e-06,436.000000,-1.180000e-06,-512.000000,
-1.048500e-06,1.200000,-1.048500e-06,436.000000,-1.179000e-06,-512.000000,
-1.047500e-06,1.200000,-1.047500e-06,436.000000,-1.178000e-06,-512.000000,
-1.046500e-06,1.200000,-1.046500e-06,436.000000,-1.177000e-06,-512.000000,
-1.045500e-06,1.200000,-1.045500e-06,436.000000,-1.176000e-06,-512.000000,
-1.044500e-06,1.200000,-1.044500e-06,436.000000,-1.175000e-06,-512.000000,
-1.043500e-06,1.200000,-1.043500e-06,436.000000,-1.174000e-06,-512.000000,
-1.042500e-06,1.200000,-1.042500e-06,436.000000,-1.173000e-06,-512.000000,
-1.041500e-06,1.200000,-1.041500e-06,436.000000,-1.172000e-06,-512.000000,
-1.040500e-06,1.200000,-1.040500e-06,436.000000,-1.171000e-06,-512.000000,
-1.039500e-06,1.200000,-1.039500e-06,436.000000,-1.170000e-06,-512.000000,
-1.038500e-06,1.200000,-1.038500e-06,436.000000,-1.169000e-06,-512.000000,
-1.037500e-06,1.200000,-1.037500e-06,436.000000,-1.168000e-06,-512.000000,
-1.036500e-06,1.200000,-1.036500e-06,436.000000,-1.167000e-06,-512.000000,
-1.035500e-06,1.200000,-1.035500e-06,436.000000,-1.166000e-06,-512.000000,
-1.034500e-06,1.200000,-1.034500e-06,436.000000,-1.165000e-06,-512.000000,
-1.033500e-06,1.200000,-1.033500e-06,436.000000,-1.164000e-06,-512.000000,
-1.032500e-06,1.200000,-1.032500e-06,436.000000,-1.163000e-06,-512.000000,
-1.031500e-06,1.200000,-1.031500e-06,436.000000,-1.162000e-06,-512.000000,
-1.030500e-06,1.200000,-1.030500e-06,436.000000,-1.161000e-06,-512.000000,
-1.029500e-06,1.200000,-1.029500e-06,436.000000,-1.160000e-06,-512.000000,
-1.028500e-06,1.200000,-1.028500e-06,436.000000,-1.159000e-06,-512.000000,
-1.027500e-06,1.200000,-1.027500e-06,436.000000,-1.158000e-06,-512.000000,
-1.026500e-06,1.200000,-1.026500e-06,436.000000,-1.157000e-06,-512.000000,
-1.025500e-06,1.200000,-1.025500e-06,432.000000,-1.156000e-06,-512.000000,
-1.024500e-06,1.200000,-1.024500e-06,436.000000,-1.155000e-06,-512.000000,
-1.023500e-06,1.200000,-1.023500e-06,432.000000,-1.154000e-06,-512.000000,
-1.022500e-06,1.200000,-1.022500e-06,436.000000,-1.153000e-06,-512.000000,
-1.021500e-06,1.200000,-1.021500e-06,436.000000,-1.152000e-06,-512.000000,
-1.020500e-06,1.200000,-1.020500e-06,436.000000,-1.151000e-06,-512.000000,
-1.019500e-06,1.200000,-1.019500e-06,436.000000,-1.150000e-06,-512.000000,
-1.018500e-06,1.200000,-1.018500e-06,436.000000,-1.149000e-06,-512.000000,
-1.017500e-06,1.200000,-1.017500e-06,436.000000,-1.148000e-06,-512.000000,
-1.016500e-06,1.200000,-1.016500e-06,436.000000,-1.147000e-06,-512.000000,
-1.015500e-06,1.200000,-1.015500e-06,436.000000,-1.146000e-06,-512.000000,
-1.014500e-06,1.200000,-1.014500e-06,436.000000,-1.145000e-06,-512.000000,
-1.013500e-06,1.200000,-1.013500e-06,436.000000,-1.144000e-06,-512.000000,
-1.012500e-06,1.200000,-1.012500e-06,436.000000,-1.143000e-06,-512.000000,
-1.011500e-06,1.200000,-1.011500e-06,436.000000,-1.142000e-06,-512.000000,
-1.010500e-06,1.200000,-1.010500e-06,436.000000,-1.141000e-06,-512.000000,
-1.009500e-06,1.200000,-1.009500e-06,436.000000,-1.140000e-06,-512.000000,
-1.008500e-06,1.200000,-1.008500e-06,436.000000,-1.139000e-06,-512.000000,
-1.007500e-06,1.200000,-1.007500e-06,436.000000,-1.138000e-06,-512.000000,
-1.006500e-06,1.200000,-1.006500e-06,436.000000,-1.137000e-06,-512.000000,
-1.005500e-06,1.200000,-1.005500e-06,432.000000,-1.136000e-06,-512.000000,
-1.004500e-06,1.200000,-1.004500e-06,436.000000,-1.135000e-06,-512.000000,
-1.003500e-06,1.200000,-1.003500e-06,436.000000,-1.134000e-06,-512.000000,
-1.002500e-06,1.200000,-1.002500e-06,436.000000,-1.133000e-06,-512.000000,
-1.001500e-06,1.200000,-1.001500e-06,436.000000,-1.132000e-06,-512.000000,
-1.000500e-06,1.200000,-1.000500e-06,436.000000,-1.131000e-06,-512.000000,
-9.995000e-07,1.200000,-9.995000e-07,436.000000,-1.130000e-06,-512.000000,
-9.985000e-07,1.200000,-9.985000e-07,436.000000,-1.129000e-06,-512.000000,
-9.975000e-07,1.200000,-9.975000e-07,436.000000,-1.128000e-06,-512.000000,
-9.965000e-07,1.200000,-9.965000e-07,436.000000,-1.127000e-06,-512.000000,
-9.955000e-07,1.200000,-9.955000e-07,436.000000,-1.126000e-06,-512.000000,
-9.945000e-07,1.200000,-9.945000e-07,436.000000,-1.125000e-06,-512.000000,
-9.935000e-07,1.200000,-9.935000e-07,436.000000,-1.124000e-06,-512.000000,
-9.925000e-07,1.200000,-9.925000e-07,436.000000,-1.123000e-06,-512.000000,
-9.915000e-07,1.200000,-9.915000e-07,436.000000,-1.122000e-06,-512.000000,
-9.905000e-07,1.200000,-9.905000e-07,436.000000,-1.121000e-06,-512.000000,
-9.895000e-07,1.200000,-9.895000e-07,436.000000,-1.120000e-06,-512.000000,
-9.885000e-07,1.200000,-9.885000e-07,436.000000,-1.119000e-06,-512.000000,
-9.875000e-07,1.200000,-9.875000e-07,436.000000,-1.118000e-06,-512.000000,
-9.865000e-07,1.200000,-9.865000e-07,436.000000,-1.117000e-06,-512.000000,
-9.855000e-07,1.200000,-9.855000e-07,436.000000,-1.116000e-06,-512.000000,
-9.845000e-07,1.200000,-9.845000e-07,436.000000,-1.115000e-06,-512.000000,
-9.835000e-07,1.200000,-9.835000e-07,432.000000,-1.114000e-06,-512.000000,
-9.825000e-07,1.200000,-9.825000e-07,436.000000,-1.113000e-06,-512.000000,
-9.815000e-07,1.000000,-9.815000e-07,436.000000,-1.112000e-06,-512.000000,
-9.805000e-07,1.200000,-9.805000e-07,436.000000,-1.111000e-06,-512.000000,
-9.795000e-07,1.200000,-9.795000e-07,436.000000,-1.110000e-06,-512.000000,
-9.785000e-07,1.200000,-9.785000e-07,436.000000,-1.109000e-06,-512.000000,
-9.775000e-07,1.200000,-9.775000e-07,432.000000,-1.108000e-06,-512.000000,
-9.765000e-07,1.200000,-9.765000e-07,436.000000,-1.107000e-06,-512.000000,
-9.755000e-07,1.200000,-9.755000e-07,436.000000,-1.106000e-06,-512.000000,
-9.745000e-07,1.200000,-9.745000e-07,436.000000,-1.105000e-06,-512.000000,
-9.735000e-07,1.200000,-9.735000e-07,436.000000,-1.104000e-06,-512.000000,
-9.725000e-07,1.200000,-9.725000e-07,436.000000,-1.103000e-06,-512.000000,
-9.715000e-07,1.200000,-9.715000e-07,436.000000,-1.102000e-06,-512.000000,
-9.705000e-07,1.200000,-9.705000e-07,436.000000,-1.101000e-06,-512.000000,
-9.695000e-07,1.200000,-9.695000e-07,436.000000,-1.100000e-06,-512.000000,
-9.685000e-07,1.200000,-9.685000e-07,436.000000,-1.099000e-06,-512.000000,
-9.675000e-07,1.200000,-9.675000e-07,436.000000,-1.098000e-06,-512.000000,
-9.665000e-07,1.200000,-9.665000e-07,436.000000,-1.097000e-06,-512.000000,
-9.655000e-07,1.200000,-9.655000e-07,436.000000,-1.096000e-06,-512.000000,
-9.645000e-07,1.200000,-9.645000e-07,436.000000,-1.095000e-06,-512.000000,
-9.635000e-07,1.200000,-9.635000e-07,436.000000,-1.094000e-06,-512.000000,
-9.625000e-07,1.200000,-9.625000e-07,436.000000,-1.093000e-06,-512.000000,
-9.615000e-07,1.200000,-9.615000e-07,436.000000,-1.092000e-06,-512.000000,
-9.605000e-07,1.200000,-9.605000e-07,436.000000,-1.091000e-06,-512.000000,
-9.595000e-07,1.200000,-9.595000e-07,436.000000,-1.090000e-06,-512.000000,
-9.585000e-07,1.200000,-9.585000e-07,436.000000,-1.089000e-06,-512.000000,
-9.575000e-07,1.200000,-9.575000e-07,436.000000,-1.088000e-06,-512.000000,
-9.565000e-07,1.200000,-9.565000e-07,436.000000,-1.087000e-06,-512.000000,
-9.555000e-07,1.200000,-9.555000e-07,436.000000,-1.086000e-06,-512.000000,
-9.545000e-07,1.200000,-9.545000e-07,436.000000,-1.085000e-06,-512.000000,
-9.535000e-07,1.200000,-9.535000e-07,436.000000,-1.084000e-06,-512.000000,
-9.525000e-07,1.200000,-9.525000e-07,436.000000,-1.083000e-06,-512.000000,
-9.515000e-07,1.200000,-9.515000e-07,436.000000,-1.082000e-06,-512.000000,
-9.505000e-07,1.200000,-9.505000e-07,436.000000,-1.081000e-06,-512.000000,
-9.495000e-07,1.000000,-9.495000e-07,436.000000,-1.080000e-06,-512.000000,
-9.485000e-07,1.200000,-9.485000e-07,436.000000,-1.079000e-06,-512.000000,
-9.475000e-07,1.000000,-9.475000e-07,436.000000,-1.078000e-06,-512.000000,
-9.465000e-07,1.200000,-9.465000e-07,436.000000,-1.077000e-06,-512.000000,
-9.455000e-07,1.200000,-9.455000e-07,436.000000,-1.076000e-06,-512.000000,
-9.445000e-07,1.200000,-9.445000e-07,436.000000,-1.075000e-06,-512.000000,
-9.435000e-07,1.200000,-9.435000e-07,436.000000,-1.074000e-06,-512.000000,
-9.425000e-07,1.200000,-9.425000e-07,436.000000,-1.073000e-06,-512.000000,
-9.415000e-07,1.200000,-9.415000e-07,436.000000,-1.072000e-06,-512.000000,
-9.405000e-07,1.200000,-9.405000e-07,436.000000,-1.071000e-06,-512.000000,
-9.395000e-07,1.200000,-9.395000e-07,436.000000,-1.070000e-06,-512.000000,
-9.385000e-07,1.200000,-9.385000e-07,436.000000,-1.069000e-06,-512.000000,
-9.375000e-07,1.200000,-9.375000e-07,436.000000,-1.068000e-06,-512.000000,
-9.365000e-07,1.200000,-9.365000e-07,436.000000,-1.067000e-06,-512.000000,
-9.355000e-07,1.200000,-9.355000e-07,436.000000,-1.066000e-06,-512.000000,
-9.345000e-07,1.200000,-9.345000e-07,436.000000,-1.065000e-06,-512.000000,
-9.335000e-07,1.200000,-9.335000e-07,436.000000,-1.064000e-06,-512.000000,
-9.325000e-07,1.200000,-9.325000e-07,436.000000,-1.063000e-06,-512.000000,
-9.315000e-07,1.200000,-9.315000e-07,436.000000,-1.062000e-06,-512.000000,
-9.305000e-07,1.200000,-9.305000e-07,436.000000,-1.061000e-06,-512.000000,
-9.295000e-07,1.200000,-9.295000e-07,436.000000,-1.060000e-06,-512.000000,
-9.285000e-07,1.200000,-9.285000e-07,436.000000,-1.059000e-06,-512.000000,
-9.275000e-07,1.200000,-9.275000e-07,436.000000,-1.058000e-06,-512.000000,
-9.265000e-07,1.200000,-9.265000e-07,436.000000,-1.057000e-06,-512.000000,
-9.255000e-07,1.200000,-9.255000e-07,436.000000,-1.056000e-06,-512.000000,
-9.245000e-07,1.200000,-9.245000e-07,436.000000,-1.055000e-06,-512.000000,
-9.235000e-07,1.200000,-9.235000e-07,436.000000,-1.054000e-06,-512.000000,
-9.225000e-07,1.200000,-9.225000e-07,436.000000,-1.053000e-06,-512.000000,
-9.215000e-07,1.200000,-9.215000e-07,436.000000,-1.052000e-06,-512.000000,
-9.205000e-07,1.200000,-9.205000e-07,436.000000,-1.051000e-06,-512.000000,
-9.195000e-07,1.200000,-9.195000e-07,436.000000,-1.050000e-06,-512.000000,
-9.185000e-07,1.200000,-9.185000e-07,436.000000,-1.049000e-06,-512.000000,
-9.175000e-07,1.200000,-9.175000e-07,436.000000,-1.048000e-06,-512.000000,
-9.165000e-07,1.200000,-9.165000e-07,436.000000,-1.047000e-06,-512.000000,
-9.155000e-07,1.200000,-9.155000e-07,436.000000,-1.046000e-06,-512.000000,
-9.145000e-07,1.200000,-9.145000e-07,436.000000,-1.045000e-06,-512.000000,
-9.135000e-07,1.200000,-9.135000e-07,436.000000,-1.044000e-06,-512.000000,
-9.125000e-07,1.200000,-9.125000e-07,436.000000,-1.043000e-06,-512.000000,
-9.115000e-07,1.200000,-9.115000e-07,436.000000,-1.042000e-06,-512.000000,
-9.105000e-07,1.200000,-9.105000e-07,436.000000,-1.041000e-06,-512.000000,
-9.095000e-07,1.200000,-9.095000e-07,436.000000,-1.040000e-06,-512.000000,
-9.085000e-07,1.200000,-9.085000e-07,436.000000,-1.039000e-06,-512.000000,
-9.075000e-07,1.200000,-9.075000e-07,436.000000,-1.038000e-06,-512.000000,
-9.065000e-07,1.200000,-9.065000e-07,436.000000,-1.037000e-06,-512.000000,
-9.055000e-07,1.200000,-9.055000e-07,436.000000,-1.036000e-06,-512.000000,
-9.045000e-07,1.200000,-9.045000e-07,436.000000,-1.035000e-06,-512.000000,
-9.035000e-07,1.200000,-9.035000e-07,436.000000,-1.034000e-06,-512.000000,
-9.025000e-07,1.200000,-9.025000e-07,436.000000,-1.033000e-06,-512.000000,
-9.015000e-07,1.200000,-9.015000e-07,436.000000,-1.032000e-06,-512.000000,
-9.005000e-07,1.200000,-9.005000e-07,436.000000,-1.031000e-06,-512.000000,
-8.995000e-07,1.200000,-8.995000e-07,436.000000,-1.030000e-06,-512.000000,
-8.985000e-07,1.200000,-8.985000e-07,436.000000,-1.029000e-06,-512.000000,
-8.975000e-07,1.200000,-8.975000e-07,432.000000,-1.028000e-06,-512.000000,
-8.965000e-07,1.200000,-8.965000e-07,436.000000,-1.027000e-06,-512.000000,
-8.955000e-07,1.400000,-8.955000e-07,436.000000,-1.026000e-06,-512.000000,
-8.945000e-07,1.200000,-8.945000e-07,436.000000,-1.025000e-06,-512.000000,
-8.935000e-07,1.200000,-8.935000e-07,436.000000,-1.024000e-06,-512.000000,
-8.925000e-07,1.200000,-8.925000e-07,436.000000,-1.023000e-06,-512.000000,
-8.915000e-07,1.200000,-8.915000e-07,436.000000,-1.022000e-06,-512.000000,
-8.905000e-07,1.200000,-8.905000e-07,436.000000,-1.021000e-06,-512.000000,
-8.895000e-07,1.200000,-8.895000e-07,436.000000,-1.020000e-06,-512.000000,
-8.885000e-07,1.200000,-8.885000e-07,436.000000,-1.019000e-06,-512.000000,
-8.875000e-07,1.200000,-8.875000e-07,436.000000,-1.018000e-06,-512.000000,
-8.865000e-07,1.200000,-8.865000e-07,436.000000,-1.017000e-06,-512.000000,
-8.855000e-07,1.200000,-8.855000e-07,436.000000,-1.016000e-06,-512.000000,
-8.845000e-07,1.200000,-8.845000e-07,436.000000,-1.015000e-06,-512.000000,
-8.835000e-07,1.200000,-8.835000e-07,436.000000,-1.014000e-06,-512.000000,
-8.825000e-07,1.200000,-8.825000e-07,436.000000,-1.013000e-06,-512.000000,
-8.815000e-07,1.200000,-8.815000e-07,432.000000,-1.012000e-06,-512.000000,
-8.805000e-07,1.200000,-8.805000e-07,436.000000,-1.011000e-06,-512.000000,
-8.795000e-07,1.200000,-8.795000e-07,436.000000,-1.010000e-06,-512.000000,
-8.785000e-07,1.200000,-8.785000e-07,436.000000,-1.009000e-06,-512.000000,
-8.775000e-07,1.200000,-8.775000e-07,436.000000,-1.008000e-06,-512.000000,
-8.765000e-07,1.200000,-8.765000e-07,436.000000,-1.007000e-06,-512.000000,
-8.755000e-07,1.200000,-8.755000e-07,436.000000,-1.006000e-06,-512.000000,
-8.745000e-07,1.200000,-8.745000e-07,436.000000,-1.005000e-06,-512.000000,
-8.735000e-07,1.200000,-8.735000e-07,436.000000,-1.004000e-06,-512.000000,
-8.725000e-07,1.200000,-8.725000e-07,436.000000,-1.003000e-06,-512.000000,
-8.715000e-07,1.200000,-8.715000e-07,436.000000,-1.002000e-06,-512.000000,
-8.705000e-07,1.200000,-8.705000e-07,436.000000,-1.001000e-06,-512.000000,
-8.695000e-07,1.200000,-8.695000e-07,436.000000,-1.000000e-06,-512.000000,
-8.685000e-07,1.200000,-8.685000e-07,436.000000,-9.990000e-07,-512.000000,
-8.675000e-07,1.200000,-8.675000e-07,436.000000,-9.980000e-07,-512.000000,
-8.665000e-07,1.200000,-8.665000e-07,436.000000,-9.970000e-07,-512.000000,
-8.655000e-07,1.200000,-8.655000e-07,436.000000,-9.960000e-07,-512.000000,
-8.645000e-07,1.200000,-8.645000e-07,436.000000,-9.950000e-07,-512.000000,
-8.635000e-07,1.200000,-8.635000e-07,436.000000,-9.940000e-07,-512.000000,
-8.625000e-07,1.200000,-8.625000e-07,436.000000,-9.930000e-07,-512.000000,
-8.615000e-07,1.200000,-8.615000e-07,436.000000,-9.920000e-07,-512.000000,
-8.605000e-07,1.200000,-8.605000e-07,436.000000,-9.910000e-07,-512.000000,
-8.595000e-07,1.200000,-8.595000e-07,436.000000,-9.900000e-07,-512.000000,
-8.585000e-07,1.200000,-8.585000e-07,436.000000,-9.890000e-07,-512.000000,
-8.575000e-07,1.200000,-8.575000e-07,436.000000,-9.880000e-07,-512.000000,
-8.565000e-07,1.200000,-8.565000e-07,436.000000,-9.870000e-07,-512.000000,
-8.555000e-07,1.200000,-8.555000e-07,436.000000,-9.860000e-07,-512.000000,
-8.545000e-07,1.200000,-8.545000e-07,436.000000,-9.850000e-07,-512.000000,
-8.535000e-07,1.200000,-8.535000e-07,436.000000,-9.840000e-07,-512.000000,
-8.525000e-07,1.200000,-8.525000e-07,436.000000,-9.830000e-07,-512.000000,
-8.515000e-07,1.200000,-8.515000e-07,436.000000,-9.820000e-07,-512.000000,
-8.505000e-07,1.200000,-8.505000e-07,436.000000,-9.810000e-07,-512.000000,
-8.495000e-07,1.200000,-8.495000e-07,436.000000,-9.800000e-07,-512.000000,
-8.485000e-07,1.200000,-8.485000e-07,436.000000,-9.790000e-07,-512.000000,
-8.475000e-07,1.200000,-8.475000e-07,436.000000,-9.780000e-07,-512.000000,
-8.465000e-07,1.200000,-8.465000e-07,436.000000,-9.770000e-07,-512.000000,
-8.455000e-07,1.200000,-8.455000e-07,436.000000,-9.760000e-07,-512.000000,
-8.445000e-07,1.200000,-8.445000e-07,436.000000,-9.750000e-07,-512.000000,
-8.435000e-07,1.200000,-8.435000e-07,436.000000,-9.740000e-07,-512.000000,
-8.425000e-07,1.200000,-8.425000e-07,436.000000,-9.730000e-07,-512.000000,
-8.415000e-07,1.200000,-8.415000e-07,436.000000,-9.720000e-07,-512.000000,
-8.405000e-07,1.200000,-8.405000e-07,436.000000,-9.710000e-07,-512.000000,
-8.395000e-07,1.200000,-8.395000e-07,436.000000,-9.700000e-07,-512.000000,
-8.385000e-07,1.200000,-8.385000e-07,436.000000,-9.690000e-07,-512.000000,
-8.375000e-07,1.200000,-8.375000e-07,436.000000,-9.680000e-07,-512.000000,
-8.365000e-07,1.200000,-8.365000e-07,436.000000,-9.670000e-07,-512.000000,
-8.355000e-07,1.200000,-8.355000e-07,432.000000,-9.660000e-07,-512.000000,
-8.345000e-07,1.200000,-8.345000e-07,436.000000,-9.650000e-07,-512.000000,
-8.335000e-07,1.200000,-8.335000e-07,436.000000,-9.640000e-07,-512.000000,
-8.325000e-07,1.200000,-8.325000e-07,436.000000,-9.630000e-07,-512.000000,
-8.315000e-07,1.200000,-8.315000e-07,436.000000,-9.620000e-07,-512.000000,
-8.305000e-07,1.200000,-8.305000e-07,436.000000,-9.610000e-07,-512.000000,
-8.295000e-07,1.200000,-8.295000e-07,436.000000,-9.600000e-07,-512.000000,
-8.285000e-07,1.200000,-8.285000e-07,436.000000,-9.590000e-07,-512.000000,
-8.275000e-07,1.200000,-8.275000e-07,436.000000,-9.580000e-07,-512.000000,
-8.265000e-07,1.200000,-8.265000e-07,436.000000,-9.570000e-07,-512.000000,
-8.255000e-07,1.200000,-8.255000e-07,436.000000,-9.560000e-07,-512.000000,
-8.245000e-07,1.200000,-8.245000e-07,436.000000,-9.550000e-07,-512.000000,
-8.235000e-07,1.200000,-8.235000e-07,436.000000,-9.540000e-07,-512.000000,
-8.225000e-07,1.200000,-8.225000e-07,436.000000,-9.530000e-07,-512.000000,
-8.215000e-07,1.200000,-8.215000e-07,432.000000,-9.520000e-07,-512.000000,
-8.205000e-07,1.200000,-8.205000e-07,436.000000,-9.510000e-07,-512.000000,
-8.195000e-07,1.200000,-8.195000e-07,436.000000,-9.500000e-07,-512.000000,
-8.185000e-07,1.200000,-8.185000e-07,436.000000,-9.490000e-07,-512.000000,
-8.175000e-07,1.200000,-8.175000e-07,436.000000,-9.480000e-07,-512.000000,
-8.165000e-07,1.200000,-8.165000e-07,436.000000,-9.470000e-07,-512.000000,
-8.155000e-07,1.200000,-8.155000e-07,436.000000,-9.460000e-07,-512.000000,
-8.145000e-07,1.200000,-8.145000e-07,436.000000,-9.450000e-07,-512.000000,
-8.135000e-07,1.000000,-8.135000e-07,436.000000,-9.440000e-07,-512.000000,
-8.125000e-07,1.200000,-8.125000e-07,436.000000,-9.430000e-07,-512.000000,
-8.115000e-07,1.200000,-8.115000e-07,436.000000,-9.420000e-07,-512.000000,
-8.105000e-07,1.200000,-8.105000e-07,436.000000,-9.410000e-07,-512.000000,
-8.095000e-07,1.200000,-8.095000e-07,436.000000,-9.400000e-07,-512.000000,
-8.085000e-07,1.200000,-8.085000e-07,436.000000,-9.390000e-07,-512.000000,
-8.075000e-07,1.200000,-8.075000e-07,436.000000,-9.380000e-07,-512.000000,
-8.065000e-07,1.200000,-8.065000e-07,436.000000,-9.370000e-07,-512.000000,
-8.055000e-07,1.200000,-8.055000e-07,436.000000,-9.360000e-07,-512.000000,
-8.045000e-07,1.200000,-8.045000e-07,436.000000,-9.350000e-07,-512.000000,
-8.035000e-07,1.200000,-8.035000e-07,436.000000,-9.340000e-07,-512.000000,
-8.025000e-07,1.200000,-8.025000e-07,436.000000,-9.330000e-07,-512.000000,
-8.015000e-07,1.200000,-8.015000e-07,436.000000,-9.320000e-07,-512.000000,
-8.005000e-07,1.000000,-8.005000e-07,436.000000,-9.310000e-07,-512.000000,
-7.995000e-07,1.200000,-7.995000e-07,436.000000,-9.300000e-07,-512.000000,
-7.985000e-07,1.200000,-7.985000e-07,436.000000,-9.290000e-07,-512.000000,
-7.975000e-07,1.200000,-7.975000e-07,436.000000,-9.280000e-07,-512.000000,
-7.965000e-07,1.200000,-7.965000e-07,436.000000,-9.270000e-07,-512.000000,
-7.955000e-07,1.200000,-7.955000e-07,436.000000,-9.260000e-07,-512.000000,
-7.945000e-07,1.200000,-7.945000e-07,436.000000,-9.250000e-07,-512.000000,
-7.935000e-07,1.200000,-7.935000e-07,436.000000,-9.240000e-07,-512.000000,
-7.925000e-07,1.200000,-7.925000e-07,436.000000,-9.230000e-07,-512.000000,
-7.915000e-07,1.200000,-7.915000e-07,436.000000,-9.220000e-07,-512.000000,
-7.905000e-07,1.200000,-7.905000e-07,436.000000,-9.210000e-07,-512.000000,
-7.895000e-07,1.200000,-7.895000e-07,432.000000,-9.200000e-07,-512.000000,
-7.885000e-07,1.200000,-7.885000e-07,436.000000,-9.190000e-07,-512.000000,
-7.875000e-07,1.200000,-7.875000e-07,436.000000,-9.180000e-07,-512.000000,
-7.865000e-07,1.200000,-7.865000e-07,436.000000,-9.170000e-07,-512.000000,
-7.855000e-07,1.200000,-7.855000e-07,436.000000,-9.160000e-07,-512.000000,
-7.845000e-07,1.200000,-7.845000e-07,436.000000,-9.150000e-07,-512.000000,
-7.835000e-07,1.200000,-7.835000e-07,436.000000,-9.140000e-07,-512.000000,
-7.825000e-07,1.200000,-7.825000e-07,436.000000,-9.130000e-07,-512.000000,
-7.815000e-07,1.200000,-7.815000e-07,436.000000,-9.120000e-07,-512.000000,
-7.805000e-07,1.200000,-7.805000e-07,436.000000,-9.110000e-07,-512.000000,
-7.795000e-07,1.200000,-7.795000e-07,436.000000,-9.100000e-07,-512.000000,
-7.785000e-07,1.200000,-7.785000e-07,436.000000,-9.090000e-07,-512.000000,
-7.775000e-07,1.200000,-7.775000e-07,436.000000,-9.080000e-07,-512.000000,
-7.765000e-07,1.200000,-7.765000e-07,436.000000,-9.070000e-07,-512.000000,
-7.755000e-07,1.200000,-7.755000e-07,436.000000,-9.060000e-07,-512.000000,
-7.745000e-07,1.200000,-7.745000e-07,436.000000,-9.050000e-07,-512.000000,
-7.735000e-07,1.200000,-7.735000e-07,436.000000,-9.040000e-07,-512.000000,
-7.725000e-07,1.200000,-7.725000e-07,436.000000,-9.030000e-07,-512.000000,
-7.715000e-07,1.200000,-7.715000e-07,436.000000,-9.020000e-07,-512.000000,
-7.705000e-07,1.200000,-7.705000e-07,436.000000,-9.010000e-07,-512.000000,
-7.695000e-07,1.200000,-7.695000e-07,436.000000,-9.000000e-07,-512.000000,
-7.685000e-07,1.200000,-7.685000e-07,436.000000,-8.990000e-07,-512.000000,
-7.675000e-07,1.200000,-7.675000e-07,436.000000,-8.980000e-07,-512.000000,
-7.665000e-07,1.200000,-7.665000e-07,436.000000,-8.970000e-07,-512.000000,
-7.655000e-07,1.200000,-7.655000e-07,436.000000,-8.960000e-07,-512.000000,
-7.645000e-07,1.200000,-7.645000e-07,436.000000,-8.950000e-07,-512.000000,
-7.635000e-07,1.200000,-7.635000e-07,436.000000,-8.940000e-07,-512.000000,
-7.625000e-07,1.200000,-7.625000e-07,436.000000,-8.930000e-07,-512.000000,
-7.615000e-07,1.000000,-7.615000e-07,436.000000,-8.920000e-07,-512.000000,
-7.605000e-07,1.200000,-7.605000e-07,436.000000,-8.910000e-07,-512.000000,
-7.595000e-07,1.000000,-7.595000e-07,436.000000,-8.900000e-07,-512.000000,
-7.585000e-07,1.200000,-7.585000e-07,436.000000,-8.890000e-07,-512.000000,
-7.575000e-07,1.000000,-7.575000e-07,436.000000,-8.880000e-07,-512.000000,
-7.565000e-07,1.200000,-7.565000e-07,436.000000,-8.870000e-07,-512.000000,
-7.555000e-07,1.200000,-7.555000e-07,436.000000,-8.860000e-07,-512.000000,
-7.545000e-07,1.200000,-7.545000e-07,436.000000,-8.850000e-07,-512.000000,
-7.535000e-07,1.200000,-7.535000e-07,436.000000,-8.840000e-07,-512.000000,
-7.525000e-07,1.200000,-7.525000e-07,436.000000,-8.830000e-07,-512.000000,
-7.515000e-07,1.200000,-7.515000e-07,436.000000,-8.820000e-07,-512.000000,
-7.505000e-07,1.200000,-7.505000e-07,436.000000,-8.810000e-07,-512.000000,
-7.495000e-07,1.200000,-7.495000e-07,436.000000,-8.800000e-07,-512.000000,
-7.485000e-07,1.200000,-7.485000e-07,436.000000,-8.790000e-07,-512.000000,
-7.475000e-07,1.000000,-7.475000e-07,436.000000,-8.780000e-07,-512.000000,
-7.465000e-07,1.200000,-7.465000e-07,436.000000,-8.770000e-07,-512.000000,
-7.455000e-07,1.200000,-7.455000e-07,436.000000,-8.760000e-07,-512.000000,
-7.445000e-07,1.200000,-7.445000e-07,436.000000,-8.750000e-07,-512.000000,
-7.435000e-07,1.200000,-7.435000e-07,436.000000,-8.740000e-07,-512.000000,
-7.425000e-07,1.200000,-7.425000e-07,436.000000,-8.730000e-07,-512.000000,
-7.415000e-07,1.200000,-7.415000e-07,436.000000,-8.720000e-07,-512.000000,
-7.405000e-07,1.200000,-7.405000e-07,436.000000,-8.710000e-07,-512.000000,
-7.395000e-07,1.200000,-7.395000e-07,436.000000,-8.700000e-07,-512.000000,
-7.385000e-07,1.200000,-7.385000e-07,436.000000,-8.690000e-07,-512.000000,
-7.375000e-07,1.200000,-7.375000e-07,436.000000,-8.680000e-07,-512.000000,
-7.365000e-07,1.200000,-7.365000e-07,436.000000,-8.670000e-07,-512.000000,
-7.355000e-07,1.200000,-7.355000e-07,436.000000,-8.660000e-07,-512.000000,
-7.345000e-07,1.200000,-7.345000e-07,436.000000,-8.650000e-07,-512.000000,
-7.335000e-07,1.200000,-7.335000e-07,436.000000,-8.640000e-07,-512.000000,
-7.325000e-07,1.200000,-7.325000e-07,436.000000,-8.630000e-07,-512.000000,
-7.315000e-07,1.200000,-7.315000e-07,436.000000,-8.620000e-07,-512.000000,
-7.305000e-07,1.400000,-7.305000e-07,436.000000,-8.610000e-07,-512.000000,
-7.295000e-07,1.200000,-7.295000e-07,436.000000,-8.600000e-07,-512.000000,
-7.285000e-07,1.200000,-7.285000e-07,436.000000,-8.590000e-07,-512.000000,
-7.275000e-07,1.200000,-7.275000e-07,436.000000,-8.580000e-07,-512.000000,
-7.265000e-07,1.200000,-7.265000e-07,436.000000,-8.570000e-07,-512.000000,
-7.255000e-07,1.200000,-7.255000e-07,436.000000,-8.560000e-07,-512.000000,
-7.245000e-07,1.200000,-7.245000e-07,436.000000,-8.550000e-07,-512.000000,
-7.235000e-07,1.200000,-7.235000e-07,436.000000,-8.540000e-07,-512.000000,
-7.225000e-07,1.200000,-7.225000e-07,436.000000,-8.530000e-07,-512.000000,
-7.215000e-07,1.200000,-7.215000e-07,436.000000,-8.520000e-07,-512.000000,
-7.205000e-07,1.200000,-7.205000e-07,436.000000,-8.510000e-07,-512.000000,
-7.195000e-07,1.200000,-7.195000e-07,436.000000,-8.500000e-07,-512.000000,
-7.185000e-07,1.200000,-7.185000e-07,436.000000,-8.490000e-07,-512.000000,
-7.175000e-07,1.200000,-7.175000e-07,436.000000,-8.480000e-07,-512.000000,
-7.165000e-07,1.200000,-7.165000e-07,436.000000,-8.470000e-07,-512.000000,
-7.155000e-07,1.200000,-7.155000e-07,436.000000,-8.460000e-07,-512.000000,
-7.145000e-07,1.400000,-7.145000e-07,436.000000,-8.450000e-07,-512.000000,
-7.135000e-07,1.200000,-7.135000e-07,436.000000,-8.440000e-07,-512.000000,
-7.125000e-07,1.200000,-7.125000e-07,436.000000,-8.430000e-07,-512.000000,
-7.115000e-07,1.200000,-7.115000e-07,436.000000,-8.420000e-07,-512.000000,
-7.105000e-07,1.200000,-7.105000e-07,436.000000,-8.410000e-07,-512.000000,
-7.095000e-07,1.200000,-7.095000e-07,436.000000,-8.400000e-07,-512.000000,
-7.085000e-07,1.200000,-7.085000e-07,436.000000,-8.390000e-07,-512.000000,
-7.075000e-07,1.200000,-7.075000e-07,436.000000,-8.380000e-07,-512.000000,
-7.065000e-07,1.200000,-7.065000e-07,436.000000,-8.370000e-07,-512.000000,
-7.055000e-07,1.200000,-7.055000e-07,436.000000,-8.360000e-07,-512.000000,
-7.045000e-07,1.200000,-7.045000e-07,436.000000,-8.350000e-07,-512.000000,
-7.035000e-07,1.200000,-7.035000e-07,436.000000,-8.340000e-07,-512.000000,
-7.025000e-07,1.200000,-7.025000e-07,436.000000,-8.330000e-07,-512.000000,
-7.015000e-07,1.200000,-7.015000e-07,436.000000,-8.320000e-07,-512.000000,
-7.005000e-07,1.200000,-7.005000e-07,436.000000,-8.310000e-07,-512.000000,
-6.995000e-07,1.000000,-6.995000e-07,436.000000,-8.300000e-07,-512.000000,
-6.985000e-07,1.200000,-6.985000e-07,436.000000,-8.290000e-07,-512.000000,
-6.975000e-07,1.200000,-6.975000e-07,436.000000,-8.280000e-07,-512.000000,
-6.965000e-07,1.200000,-6.965000e-07,436.000000,-8.270000e-07,-512.000000,
-6.955000e-07,1.200000,-6.955000e-07,436.000000,-8.260000e-07,-512.000000,
-6.945000e-07,1.200000,-6.945000e-07,436.000000,-8.250000e-07,-512.000000,
-6.935000e-07,1.200000,-6.935000e-07,436.000000,-8.240000e-07,-512.000000,
-6.925000e-07,1.200000,-6.925000e-07,436.000000,-8.230000e-07,-512.000000,
-6.915000e-07,1.200000,-6.915000e-07,432.000000,-8.220000e-07,-512.000000,
-6.905000e-07,1.200000,-6.905000e-07,436.000000,-8.210000e-07,-512.000000,
-6.895000e-07,1.200000,-6.895000e-07,436.000000,-8.200000e-07,-512.000000,
-6.885000e-07,1.200000,-6.885000e-07,436.000000,-8.190000e-07,-512.000000,
-6.875000e-07,1.200000,-6.875000e-07,436.000000,-8.180000e-07,-512.000000,
-6.865000e-07,1.200000,-6.865000e-07,436.000000,-8.170000e-07,-512.000000,
-6.855000e-07,1.200000,-6.855000e-07,436.000000,-8.160000e-07,-512.000000,
-6.845000e-07,1.200000,-6.845000e-07,436.000000,-8.150000e-07,-512.000000,
-6.835000e-07,1.200000,-6.835000e-07,436.000000,-8.140000e-07,-512.000000,
-6.825000e-07,1.200000,-6.825000e-07,436.000000,-8.130000e-07,-512.000000,
-6.815000e-07,1.200000,-6.815000e-07,436.000000,-8.120000e-07,-512.000000,
-6.805000e-07,1.200000,-6.805000e-07,436.000000,-8.110000e-07,-512.000000,
-6.795000e-07,1.200000,-6.795000e-07,436.000000,-8.100000e-07,-512.000000,
-6.785000e-07,1.200000,-6.785000e-07,436.000000,-8.090000e-07,-512.000000,
-6.775000e-07,1.200000,-6.775000e-07,436.000000,-8.080000e-07,-512.000000,
-6.765000e-07,1.200000,-6.765000e-07,436.000000,-8.070000e-07,-512.000000,
-6.755000e-07,1.200000,-6.755000e-07,436.000000,-8.060000e-07,-512.000000,
-6.745000e-07,1.200000,-6.745000e-07,436.000000,-8.050000e-07,-512.000000,
-6.735000e-07,1.200000,-6.735000e-07,436.000000,-8.040000e-07,-512.000000,
-6.725000e-07,1.200000,-6.725000e-07,436.000000,-8.030000e-07,-512.000000,
-6.715000e-07,1.200000,-6.715000e-07,436.000000,-8.020000e-07,-512.000000,
-6.705000e-07,1.200000,-6.705000e-07,436.000000,-8.010000e-07,-512.000000,
-6.695000e-07,1.200000,-6.695000e-07,436.000000,-8.000000e-07,-512.000000,
-6.685000e-07,1.200000,-6.685000e-07,436.000000,-7.990000e-07,-512.000000,
-6.675000e-07,1.200000,-6.675000e-07,436.000000,-7.980000e-07,-512.000000,
-6.665000e-07,1.200000,-6.665000e-07,436.000000,-7.970000e-07,-512.000000,
-6.655000e-07,1.200000,-6.655000e-07,436.000000,-7.960000e-07,-512.000000,
-6.645000e-07,1.200000,-6.645000e-07,436.000000,-7.950000e-07,-512.000000,
-6.635000e-07,1.200000,-6.635000e-07,436.000000,-7.940000e-07,-512.000000,
-6.625000e-07,1.200000,-6.625000e-07,436.000000,-7.930000e-07,-512.000000,
-6.615000e-07,1.200000,-6.615000e-07,436.000000,-7.920000e-07,-512.000000,
-6.605000e-07,1.200000,-6.605000e-07,436.000000,-7.910000e-07,-512.000000,
-6.595000e-07,1.200000,-6.595000e-07,436.000000,-7.900000e-07,-512.000000,
-6.585000e-07,1.200000,-6.585000e-07,436.000000,-7.890000e-07,-512.000000,
-6.575000e-07,1.200000,-6.575000e-07,436.000000,-7.880000e-07,-512.000000,
-6.565000e-07,1.000000,-6.565000e-07,436.000000,-7.870000e-07,-512.000000,
-6.555000e-07,1.200000,-6.555000e-07,436.000000,-7.860000e-07,-512.000000,
-6.545000e-07,1.200000,-6.545000e-07,436.000000,-7.850000e-07,-512.000000,
-6.535000e-07,1.200000,-6.535000e-07,436.000000,-7.840000e-07,-512.000000,
-6.525000e-07,1.200000,-6.525000e-07,436.000000,-7.830000e-07,-512.000000,
-6.515000e-07,1.200000,-6.515000e-07,436.000000,-7.820000e-07,-512.000000,
-6.505000e-07,1.200000,-6.505000e-07,436.000000,-7.810000e-07,-512.000000,
-6.495000e-07,1.200000,-6.495000e-07,436.000000,-7.800000e-07,-512.000000,
-6.485000e-07,1.200000,-6.485000e-07,436.000000,-7.790000e-07,-512.000000,
-6.475000e-07,1.200000,-6.475000e-07,436.000000,-7.780000e-07,-512.000000,
-6.465000e-07,1.200000,-6.465000e-07,436.000000,-7.770000e-07,-512.000000,
-6.455000e-07,1.200000,-6.455000e-07,436.000000,-7.760000e-07,-512.000000,
-6.445000e-07,1.200000,-6.445000e-07,436.000000,-7.750000e-07,-512.000000,
-6.435000e-07,1.200000,-6.435000e-07,436.000000,-7.740000e-07,-512.000000,
-6.425000e-07,1.200000,-6.425000e-07,436.000000,-7.730000e-07,-512.000000,
-6.415000e-07,1.200000,-6.415000e-07,436.000000,-7.720000e-07,-512.000000,
-6.405000e-07,1.200000,-6.405000e-07,436.000000,-7.710000e-07,-512.000000,
-6.395000e-07,1.200000,-6.395000e-07,436.000000,-7.700000e-07,-512.000000,
-6.385000e-07,1.200000,-6.385000e-07,436.000000,-7.690000e-07,-512.000000,
-6.375000e-07,1.200000,-6.375000e-07,436.000000,-7.680000e-07,-512.000000,
-6.365000e-07,1.200000,-6.365000e-07,436.000000,-7.670000e-07,-512.000000,
-6.355000e-07,1.200000,-6.355000e-07,436.000000,-7.660000e-07,-512.000000,
-6.345000e-07,1.200000,-6.345000e-07,436.000000,-7.650000e-07,-512.000000,
-6.335000e-07,1.200000,-6.335000e-07,436.000000,-7.640000e-07,-512.000000,
-6.325000e-07,1.200000,-6.325000e-07,436.000000,-7.630000e-07,-512.000000,
-6.315000e-07,1.200000,-6.315000e-07,436.000000,-7.620000e-07,-512.000000,
-6.305000e-07,1.200000,-6.305000e-07,436.000000,-7.610000e-07,-512.000000,
-6.295000e-07,1.200000,-6.295000e-07,436.000000,-7.600000e-07,-512.000000,
-6.285000e-07,1.200000,-6.285000e-07,436.000000,-7.590000e-07,-512.000000,
-6.275000e-07,1.200000,-6.275000e-07,436.000000,-7.580000e-07,-512.000000,
-6.265000e-07,1.200000,-6.265000e-07,436.000000,-7.570000e-07,-512.000000,
-6.255000e-07,1.200000,-6.255000e-07,436.000000,-7.560000e-07,-512.000000,
-6.245000e-07,1.200000,-6.245000e-07,436.000000,-7.550000e-07,-512.000000,
-6.235000e-07,1.200000,-6.235000e-07,436.000000,-7.540000e-07,-512.000000,
-6.225000e-07,1.200000,-6.225000e-07,436.000000,-7.530000e-07,-512.000000,
-6.215000e-07,1.200000,-6.215000e-07,436.000000,-7.520000e-07,-512.000000,
-6.205000e-07,1.200000,-6.205000e-07,436.000000,-7.510000e-07,-512.000000,
-6.195000e-07,1.200000,-6.195000e-07,436.000000,-7.500000e-07,-512.000000,
-6.185000e-07,1.200000,-6.185000e-07,436.000000,-7.490000e-07,-512.000000,
-6.175000e-07,1.200000,-6.175000e-07,436.000000,-7.480000e-07,-512.000000,
-6.165000e-07,1.200000,-6.165000e-07,436.000000,-7.470000e-07,-512.000000,
-6.155000e-07,1.200000,-6.155000e-07,436.000000,-7.460000e-07,-512.000000,
-6.145000e-07,1.200000,-6.145000e-07,436.000000,-7.450000e-07,-512.000000,
-6.135000e-07,1.200000,-6.135000e-07,436.000000,-7.440000e-07,-512.000000,
-6.125000e-07,1.200000,-6.125000e-07,436.000000,-7.430000e-07,-512.000000,
-6.115000e-07,1.200000,-6.115000e-07,436.000000,-7.420000e-07,-512.000000,
-6.105000e-07,1.200000,-6.105000e-07,436.000000,-7.410000e-07,-512.000000,
-6.095000e-07,1.200000,-6.095000e-07,436.000000,-7.400000e-07,-512.000000,
-6.085000e-07,1.200000,-6.085000e-07,436.000000,-7.390000e-07,-512.000000,
-6.075000e-07,1.200000,-6.075000e-07,436.000000,-7.380000e-07,-512.000000,
-6.065000e-07,1.200000,-6.065000e-07,436.000000,-7.370000e-07,-512.000000,
-6.055000e-07,1.200000,-6.055000e-07,436.000000,-7.360000e-07,-512.000000,
-6.045000e-07,1.200000,-6.045000e-07,436.000000,-7.350000e-07,-512.000000,
-6.035000e-07,1.200000,-6.035000e-07,436.000000,-7.340000e-07,-512.000000,
-6.025000e-07,1.200000,-6.025000e-07,436.000000,-7.330000e-07,-512.000000,
-6.015000e-07,1.200000,-6.015000e-07,436.000000,-7.320000e-07,-512.000000,
-6.005000e-07,1.200000,-6.005000e-07,436.000000,-7.310000e-07,-512.000000,
-5.995000e-07,1.200000,-5.995000e-07,436.000000,-7.300000e-07,-512.000000,
-5.985000e-07,1.200000,-5.985000e-07,436.000000,-7.290000e-07,-512.000000,
-5.975000e-07,1.200000,-5.975000e-07,436.000000,-7.280000e-07,-512.000000,
-5.965000e-07,1.200000,-5.965000e-07,436.000000,-7.270000e-07,-512.000000,
-5.955000e-07,1.200000,-5.955000e-07,436.000000,-7.260000e-07,-512.000000,
-5.945000e-07,1.200000,-5.945000e-07,436.000000,-7.250000e-07,-512.000000,
-5.935000e-07,1.200000,-5.935000e-07,436.000000,-7.240000e-07,-512.000000,
-5.925000e-07,1.200000,-5.925000e-07,436.000000,-7.230000e-07,-512.000000,
-5.915000e-07,1.200000,-5.915000e-07,436.000000,-7.220000e-07,-512.000000,
-5.905000e-07,1.200000,-5.905000e-07,436.000000,-7.210000e-07,-512.000000,
-5.895000e-07,1.200000,-5.895000e-07,436.000000,-7.200000e-07,-512.000000,
-5.885000e-07,1.200000,-5.885000e-07,436.000000,-7.190000e-07,-512.000000,
-5.875000e-07,1.200000,-5.875000e-07,436.000000,-7.180000e-07,-512.000000,
-5.865000e-07,1.200000,-5.865000e-07,436.000000,-7.170000e-07,-512.000000,
-5.855000e-07,1.200000,-5.855000e-07,436.000000,-7.160000e-07,-512.000000,
-5.845000e-07,1.200000,-5.845000e-07,436.000000,-7.150000e-07,-512.000000,
-5.835000e-07,1.200000,-5.835000e-07,436.000000,-7.140000e-07,-512.000000,
-5.825000e-07,1.200000,-5.825000e-07,436.000000,-7.130000e-07,-512.000000,
-5.815000e-07,1.400000,-5.815000e-07,436.000000,-7.120000e-07,-512.000000,
-5.805000e-07,1.200000,-5.805000e-07,436.000000,-7.110000e-07,-512.000000,
-5.795000e-07,1.200000,-5.795000e-07,436.000000,-7.100000e-07,-512.000000,
-5.785000e-07,1.200000,-5.785000e-07,436.000000,-7.090000e-07,-512.000000,
-5.775000e-07,1.200000,-5.775000e-07,436.000000,-7.080000e-07,-512.000000,
-5.765000e-07,1.200000,-5.765000e-07,436.000000,-7.070000e-07,-512.000000,
-5.755000e-07,1.200000,-5.755000e-07,436.000000,-7.060000e-07,-512.000000,
-5.745000e-07,1.200000,-5.745000e-07,436.000000,-7.050000e-07,-512.000000,
-5.735000e-07,1.200000,-5.735000e-07,436.000000,-7.040000e-07,-512.000000,
-5.725000e-07,1.200000,-5.725000e-07,436.000000,-7.030000e-07,-512.000000,
-5.715000e-07,1.200000,-5.715000e-07,436.000000,-7.020000e-07,-512.000000,
-5.705000e-07,1.200000,-5.705000e-07,436.000000,-7.010000e-07,-512.000000,
-5.695000e-07,1.200000,-5.695000e-07,436.000000,-7.000000e-07,-512.000000,
-5.685000e-07,1.200000,-5.685000e-07,436.000000,-6.990000e-07,-512.000000,
-5.675000e-07,1.200000,-5.675000e-07,436.000000,-6.980000e-07,-512.000000,
-5.665000e-07,1.200000,-5.665000e-07,436.000000,-6.970000e-07,-512.000000,
-5.655000e-07,1.200000,-5.655000e-07,436.000000,-6.960000e-07,-512.000000,
-5.645000e-07,1.200000,-5.645000e-07,436.000000,-6.950000e-07,-512.000000,
-5.635000e-07,1.200000,-5.635000e-07,436.000000,-6.940000e-07,-512.000000,
-5.625000e-07,1.200000,-5.625000e-07,436.000000,-6.930000e-07,-512.000000,
-5.615000e-07,1.200000,-5.615000e-07,436.000000,-6.920000e-07,-512.000000,
-5.605000e-07,1.200000,-5.605000e-07,436.000000,-6.910000e-07,-512.000000,
-5.595000e-07,1.200000,-5.595000e-07,436.000000,-6.900000e-07,-512.000000,
-5.585000e-07,1.200000,-5.585000e-07,436.000000,-6.890000e-07,-512.000000,
-5.575000e-07,1.200000,-5.575000e-07,436.000000,-6.880000e-07,-512.000000,
-5.565000e-07,1.200000,-5.565000e-07,436.000000,-6.870000e-07,-512.000000,
-5.555000e-07,1.200000,-5.555000e-07,436.000000,-6.860000e-07,-512.000000,
-5.545000e-07,1.200000,-5.545000e-07,436.000000,-6.850000e-07,-512.000000,
-5.535000e-07,1.200000,-5.535000e-07,436.000000,-6.840000e-07,-512.000000,
-5.525000e-07,1.200000,-5.525000e-07,436.000000,-6.830000e-07,-512.000000,
-5.515000e-07,1.200000,-5.515000e-07,436.000000,-6.820000e-07,-512.000000,
-5.505000e-07,1.200000,-5.505000e-07,436.000000,-6.810000e-07,-512.000000,
-5.495000e-07,1.200000,-5.495000e-07,436.000000,-6.800000e-07,-512.000000,
-5.485000e-07,1.200000,-5.485000e-07,436.000000,-6.790000e-07,-512.000000,
-5.475000e-07,1.200000,-5.475000e-07,436.000000,-6.780000e-07,-512.000000,
-5.465000e-07,1.200000,-5.465000e-07,436.000000,-6.770000e-07,-512.000000,
-5.455000e-07,1.200000,-5.455000e-07,436.000000,-6.760000e-07,-512.000000,
-5.445000e-07,1.000000,-5.445000e-07,436.000000,-6.750000e-07,-512.000000,
-5.435000e-07,1.000000,-5.435000e-07,436.000000,-6.740000e-07,-512.000000,
-5.425000e-07,1.200000,-5.425000e-07,436.000000,-6.730000e-07,-512.000000,
-5.415000e-07,1.200000,-5.415000e-07,436.000000,-6.720000e-07,-512.000000,
-5.405000e-07,1.200000,-5.405000e-07,436.000000,-6.710000e-07,-512.000000,
-5.395000e-07,1.200000,-5.395000e-07,436.000000,-6.700000e-07,-512.000000,
-5.385000e-07,1.200000,-5.385000e-07,436.000000,-6.690000e-07,-512.000000,
-5.375000e-07,1.200000,-5.375000e-07,436.000000,-6.680000e-07,-512.000000,
-5.365000e-07,1.200000,-5.365000e-07,436.000000,-6.670000e-07,-512.000000,
-5.355000e-07,1.200000,-5.355000e-07,436.000000,-6.660000e-07,-512.000000,
-5.345000e-07,1.200000,-5.345000e-07,436.000000,-6.650000e-07,-512.000000,
-5.335000e-07,1.200000,-5.335000e-07,436.000000,-6.640000e-07,-512.000000,
-5.325000e-07,1.200000,-5.325000e-07,436.000000,-6.630000e-07,-512.000000,
-5.315000e-07,1.200000,-5.315000e-07,436.000000,-6.620000e-07,-512.000000,
-5.305000e-07,1.200000,-5.305000e-07,436.000000,-6.610000e-07,-512.000000,
-5.295000e-07,1.200000,-5.295000e-07,436.000000,-6.600000e-07,-512.000000,
-5.285000e-07,1.200000,-5.285000e-07,436.000000,-6.590000e-07,-512.000000,
-5.275000e-07,1.200000,-5.275000e-07,436.000000,-6.580000e-07,-512.000000,
-5.265000e-07,1.200000,-5.265000e-07,436.000000,-6.570000e-07,-512.000000,
-5.255000e-07,1.200000,-5.255000e-07,436.000000,-6.560000e-07,-512.000000,
-5.245000e-07,1.200000,-5.245000e-07,436.000000,-6.550000e-07,-512.000000,
-5.235000e-07,1.200000,-5.235000e-07,436.000000,-6.540000e-07,-512.000000,
-5.225000e-07,1.200000,-5.225000e-07,436.000000,-6.530000e-07,-512.000000,
-5.215000e-07,1.200000,-5.215000e-07,436.000000,-6.520000e-07,-512.000000,
-5.205000e-07,1.200000,-5.205000e-07,436.000000,-6.510000e-07,-512.000000,
-5.195000e-07,1.200000,-5.195000e-07,432.000000,-6.500000e-07,-512.000000,
-5.185000e-07,1.200000,-5.185000e-07,436.000000,-6.490000e-07,-512.000000,
-5.175000e-07,1.200000,-5.175000e-07,436.000000,-6.480000e-07,-512.000000,
-5.165000e-07,1.200000,-5.165000e-07,436.000000,-6.470000e-07,-512.000000,
-5.155000e-07,1.200000,-5.155000e-07,436.000000,-6.460000e-07,-512.000000,
-5.145000e-07,1.200000,-5.145000e-07,436.000000,-6.450000e-07,-512.000000,
-5.135000e-07,1.200000,-5.135000e-07,436.000000,-6.440000e-07,-512.000000,
-5.125000e-07,1.200000,-5.125000e-07,436.000000,-6.430000e-07,-512.000000,
-5.115000e-07,1.200000,-5.115000e-07,436.000000,-6.420000e-07,-512.000000,
-5.105000e-07,1.200000,-5.105000e-07,436.000000,-6.410000e-07,-512.000000,
-5.095000e-07,1.200000,-5.095000e-07,436.000000,-6.400000e-07,-512.000000,
-5.085000e-07,1.200000,-5.085000e-07,436.000000,-6.390000e-07,-512.000000,
-5.075000e-07,1.200000,-5.075000e-07,436.000000,-6.380000e-07,-512.000000,
-5.065000e-07,1.200000,-5.065000e-07,436.000000,-6.370000e-07,-512.000000,
-5.055000e-07,1.200000,-5.055000e-07,436.000000,-6.360000e-07,-512.000000,
-5.045000e-07,1.200000,-5.045000e-07,436.000000,-6.350000e-07,-512.000000,
-5.035000e-07,1.200000,-5.035000e-07,436.000000,-6.340000e-07,-512.000000,
-5.025000e-07,1.200000,-5.025000e-07,436.000000,-6.330000e-07,-512.000000,
-5.015000e-07,1.200000,-5.015000e-07,436.000000,-6.320000e-07,-512.000000,
-5.005000e-07,1.200000,-5.005000e-07,436.000000,-6.310000e-07,-512.000000,
-4.995000e-07,1.200000,-4.995000e-07,436.000000,-6.300000e-07,-512.000000,
-4.985000e-07,1.200000,-4.985000e-07,436.000000,-6.290000e-07,-512.000000,
-4.975000e-07,1.200000,-4.975000e-07,436.000000,-6.280000e-07,-512.000000,
-4.965000e-07,1.200000,-4.965000e-07,436.000000,-6.270000e-07,-512.000000,
-4.955000e-07,1.200000,-4.955000e-07,436.000000,-6.260000e-07,-512.000000,
-4.945000e-07,1.200000,-4.945000e-07,436.000000,-6.250000e-07,-512.000000,
-4.935000e-07,1.200000,-4.935000e-07,436.000000,-6.240000e-07,-512.000000,
-4.925000e-07,1.200000,-4.925000e-07,436.000000,-6.230000e-07,-512.000000,
-4.915000e-07,1.200000,-4.915000e-07,436.000000,-6.220000e-07,-512.000000,
-4.905000e-07,1.200000,-4.905000e-07,436.000000,-6.210000e-07,-512.000000,
-4.895000e-07,1.200000,-4.895000e-07,436.000000,-6.200000e-07,-512.000000,
-4.885000e-07,1.200000,-4.885000e-07,436.000000,-6.190000e-07,-512.000000,
-4.875000e-07,1.200000,-4.875000e-07,436.000000,-6.180000e-07,-512.000000,
-4.865000e-07,1.200000,-4.865000e-07,436.000000,-6.170000e-07,-512.000000,
-4.855000e-07,1.200000,-4.855000e-07,436.000000,-6.160000e-07,-512.000000,
-4.845000e-07,1.200000,-4.845000e-07,436.000000,-6.150000e-07,-512.000000,
-4.835000e-07,1.200000,-4.835000e-07,436.000000,-6.140000e-07,-512.000000,
-4.825000e-07,1.200000,-4.825000e-07,436.000000,-6.130000e-07,-512.000000,
-4.815000e-07,1.200000,-4.815000e-07,436.000000,-6.120000e-07,-512.000000,
-4.805000e-07,1.200000,-4.805000e-07,436.000000,-6.110000e-07,-512.000000,
-4.795000e-07,1.200000,-4.795000e-07,436.000000,-6.100000e-07,-512.000000,
-4.785000e-07,1.200000,-4.785000e-07,436.000000,-6.090000e-07,-512.000000,
-4.775000e-07,1.200000,-4.775000e-07,436.000000,-6.080000e-07,-512.000000,
-4.765000e-07,1.200000,-4.765000e-07,436.000000,-6.070000e-07,-512.000000,
-4.755000e-07,1.200000,-4.755000e-07,432.000000,-6.060000e-07,-512.000000,
-4.745000e-07,1.400000,-4.745000e-07,436.000000,-6.050000e-07,-512.000000,
-4.735000e-07,1.200000,-4.735000e-07,436.000000,-6.040000e-07,-512.000000,
-4.725000e-07,1.200000,-4.725000e-07,436.000000,-6.030000e-07,-512.000000,
-4.715000e-07,1.200000,-4.715000e-07,436.000000,-6.020000e-07,-512.000000,
-4.705000e-07,1.400000,-4.705000e-07,436.000000,-6.010000e-07,-512.000000,
-4.695000e-07,1.200000,-4.695000e-07,436.000000,-6.000000e-07,-512.000000,
-4.685000e-07,1.200000,-4.685000e-07,436.000000,-5.990000e-07,-512.000000,
-4.675000e-07,1.200000,-4.675000e-07,436.000000,-5.980000e-07,-512.000000,
-4.665000e-07,1.200000,-4.665000e-07,436.000000,-5.970000e-07,-512.000000,
-4.655000e-07,1.200000,-4.655000e-07,436.000000,-5.960000e-07,-512.000000,
-4.645000e-07,1.200000,-4.645000e-07,436.000000,-5.950000e-07,-512.000000,
-4.635000e-07,1.200000,-4.635000e-07,436.000000,-5.940000e-07,-512.000000,
-4.625000e-07,1.200000,-4.625000e-07,436.000000,-5.930000e-07,-512.000000,
-4.615000e-07,1.200000,-4.615000e-07,436.000000,-5.920000e-07,-512.000000,
-4.605000e-07,1.200000,-4.605000e-07,436.000000,-5.910000e-07,-512.000000,
-4.595000e-07,1.200000,-4.595000e-07,436.000000,-5.900000e-07,-512.000000,
-4.585000e-07,1.200000,-4.585000e-07,436.000000,-5.890000e-07,-512.000000,
-4.575000e-07,1.200000,-4.575000e-07,436.000000,-5.880000e-07,-512.000000,
-4.565000e-07,1.200000,-4.565000e-07,436.000000,-5.870000e-07,-512.000000,
-4.555000e-07,1.200000,-4.555000e-07,436.000000,-5.860000e-07,-512.000000,
-4.545000e-07,1.200000,-4.545000e-07,436.000000,-5.850000e-07,-512.000000,
-4.535000e-07,1.200000,-4.535000e-07,432.000000,-5.840000e-07,-512.000000,
-4.525000e-07,1.200000,-4.525000e-07,436.000000,-5.830000e-07,-512.000000,
-4.515000e-07,1.200000,-4.515000e-07,436.000000,-5.820000e-07,-512.000000,
-4.505000e-07,1.200000,-4.505000e-07,436.000000,-5.810000e-07,-512.000000,
-4.495000e-07,1.200000,-4.495000e-07,436.000000,-5.800000e-07,-512.000000,
-4.485000e-07,1.200000,-4.485000e-07,436.000000,-5.790000e-07,-512.000000,
-4.475000e-07,1.200000,-4.475000e-07,436.000000,-5.780000e-07,-512.000000,
-4.465000e-07,1.200000,-4.465000e-07,436.000000,-5.770000e-07,-512.000000,
-4.455000e-07,1.200000,-4.455000e-07,436.000000,-5.760000e-07,-512.000000,
-4.445000e-07,1.200000,-4.445000e-07,436.000000,-5.750000e-07,-512.000000,
-4.435000e-07,1.200000,-4.435000e-07,436.000000,-5.740000e-07,-512.000000,
-4.425000e-07,1.200000,-4.425000e-07,436.000000,-5.730000e-07,-512.000000,
-4.415000e-07,1.200000,-4.415000e-07,436.000000,-5.720000e-07,-512.000000,
-4.405000e-07,1.000000,-4.405000e-07,436.000000,-5.710000e-07,-512.000000,
-4.395000e-07,1.200000,-4.395000e-07,436.000000,-5.700000e-07,-512.000000,
-4.385000e-07,1.200000,-4.385000e-07,436.000000,-5.690000e-07,-512.000000,
-4.375000e-07,1.200000,-4.375000e-07,436.000000,-5.680000e-07,-512.000000,
-4.365000e-07,1.200000,-4.365000e-07,436.000000,-5.670000e-07,-512.000000,
-4.355000e-07,1.200000,-4.355000e-07,436.000000,-5.660000e-07,-512.000000,
-4.345000e-07,1.200000,-4.345000e-07,436.000000,-5.650000e-07,-512.000000,
-4.335000e-07,1.200000,-4.335000e-07,436.000000,-5.640000e-07,-512.000000,
-4.325000e-07,1.200000,-4.325000e-07,436.000000,-5.630000e-07,-512.000000,
-4.315000e-07,1.200000,-4.315000e-07,436.000000,-5.620000e-07,-512.000000,
-4.305000e-07,1.200000,-4.305000e-07,436.000000,-5.610000e-07,-512.000000,
-4.295000e-07,1.200000,-4.295000e-07,436.000000,-5.600000e-07,-512.000000,
-4.285000e-07,1.200000,-4.285000e-07,436.000000,-5.590000e-07,-512.000000,
-4.275000e-07,1.200000,-4.275000e-07,436.000000,-5.580000e-07,-512.000000,
-4.265000e-07,1.200000,-4.265000e-07,436.000000,-5.570000e-07,-512.000000,
-4.255000e-07,1.200000,-4.255000e-07,436.000000,-5.560000e-07,-512.000000,
-4.245000e-07,1.200000,-4.245000e-07,436.000000,-5.550000e-07,-512.000000,
-4.235000e-07,1.200000,-4.235000e-07,436.000000,-5.540000e-07,-512.000000,
-4.225000e-07,1.200000,-4.225000e-07,436.000000,-5.530000e-07,-512.000000,
-4.215000e-07,1.200000,-4.215000e-07,436.000000,-5.520000e-07,-512.000000,
-4.205000e-07,1.200000,-4.205000e-07,436.000000,-5.510000e-07,-512.000000,
-4.195000e-07,1.200000,-4.195000e-07,436.000000,-5.500000e-07,-512.000000,
-4.185000e-07,1.200000,-4.185000e-07,436.000000,-5.490000e-07,-512.000000,
-4.175000e-07,1.200000,-4.175000e-07,436.000000,-5.480000e-07,-512.000000,
-4.165000e-07,1.200000,-4.165000e-07,436.000000,-5.470000e-07,-512.000000,
-4.155000e-07,1.200000,-4.155000e-07,436.000000,-5.460000e-07,-512.000000,
-4.145000e-07,1.200000,-4.145000e-07,436.000000,-5.450000e-07,-512.000000,
-4.135000e-07,1.200000,-4.135000e-07,436.000000,-5.440000e-07,-512.000000,
-4.125000e-07,1.200000,-4.125000e-07,436.000000,-5.430000e-07,-512.000000,
-4.115000e-07,1.200000,-4.115000e-07,436.000000,-5.420000e-07,-512.000000,
-4.105000e-07,1.200000,-4.105000e-07,436.000000,-5.410000e-07,-512.000000,
-4.095000e-07,1.200000,-4.095000e-07,432.000000,-5.400000e-07,-512.000000,
-4.085000e-07,1.200000,-4.085000e-07,436.000000,-5.390000e-07,-512.000000,
-4.075000e-07,1.000000,-4.075000e-07,436.000000,-5.380000e-07,-512.000000,
-4.065000e-07,1.200000,-4.065000e-07,436.000000,-5.370000e-07,-512.000000,
-4.055000e-07,1.200000,-4.055000e-07,436.000000,-5.360000e-07,-512.000000,
-4.045000e-07,1.200000,-4.045000e-07,436.000000,-5.350000e-07,-512.000000,
-4.035000e-07,1.200000,-4.035000e-07,436.000000,-5.340000e-07,-512.000000,
-4.025000e-07,1.200000,-4.025000e-07,436.000000,-5.330000e-07,-512.000000,
-4.015000e-07,1.200000,-4.015000e-07,436.000000,-5.320000e-07,-512.000000,
-4.005000e-07,1.200000,-4.005000e-07,436.000000,-5.310000e-07,-512.000000,
-3.995000e-07,1.200000,-3.995000e-07,436.000000,-5.300000e-07,-512.000000,
-3.985000e-07,1.200000,-3.985000e-07,436.000000,-5.290000e-07,-512.000000,
-3.975000e-07,1.200000,-3.975000e-07,436.000000,-5.280000e-07,-512.000000,
-3.965000e-07,1.200000,-3.965000e-07,436.000000,-5.270000e-07,-512.000000,
-3.955000e-07,1.200000,-3.955000e-07,436.000000,-5.260000e-07,-512.000000,
-3.945000e-07,1.200000,-3.945000e-07,436.000000,-5.250000e-07,-512.000000,
-3.935000e-07,1.200000,-3.935000e-07,436.000000,-5.240000e-07,-512.000000,
-3.925000e-07,1.200000,-3.925000e-07,436.000000,-5.230000e-07,-512.000000,
-3.915000e-07,1.200000,-3.915000e-07,436.000000,-5.220000e-07,-512.000000,
-3.905000e-07,1.200000,-3.905000e-07,436.000000,-5.210000e-07,-512.000000,
-3.895000e-07,1.200000,-3.895000e-07,436.000000,-5.200000e-07,-512.000000,
-3.885000e-07,1.200000,-3.885000e-07,436.000000,-5.190000e-07,-512.000000,
-3.875000e-07,1.200000,-3.875000e-07,436.000000,-5.180000e-07,-512.000000,
-3.865000e-07,1.200000,-3.865000e-07,436.000000,-5.170000e-07,-512.000000,
-3.855000e-07,1.200000,-3.855000e-07,436.000000,-5.160000e-07,-512.000000,
-3.845000e-07,1.200000,-3.845000e-07,436.000000,-5.150000e-07,-512.000000,
-3.835000e-07,1.200000,-3.835000e-07,436.000000,-5.140000e-07,-512.000000,
-3.825000e-07,1.200000,-3.825000e-07,436.000000,-5.130000e-07,-512.000000,
-3.815000e-07,1.200000,-3.815000e-07,436.000000,-5.120000e-07,-512.000000,
-3.805000e-07,1.200000,-3.805000e-07,436.000000,-5.110000e-07,-512.000000,
-3.795000e-07,1.200000,-3.795000e-07,436.000000,-5.100000e-07,-512.000000,
-3.785000e-07,1.200000,-3.785000e-07,436.000000,-5.090000e-07,-512.000000,
-3.775000e-07,1.200000,-3.775000e-07,436.000000,-5.080000e-07,-512.000000,
-3.765000e-07,1.200000,-3.765000e-07,436.000000,-5.070000e-07,-512.000000,
-3.755000e-07,1.200000,-3.755000e-07,436.000000,-5.060000e-07,-512.000000,
-3.745000e-07,1.200000,-3.745000e-07,436.000000,-5.050000e-07,-512.000000,
-3.735000e-07,1.200000,-3.735000e-07,436.000000,-5.040000e-07,-512.000000,
-3.725000e-07,1.200000,-3.725000e-07,436.000000,-5.030000e-07,-512.000000,
-3.715000e-07,1.200000,-3.715000e-07,436.000000,-5.020000e-07,-512.000000,
-3.705000e-07,1.200000,-3.705000e-07,436.000000,-5.010000e-07,-512.000000,
-3.695000e-07,1.200000,-3.695000e-07,436.000000,-5.000000e-07,-512.000000,
-3.685000e-07,1.200000,-3.685000e-07,436.000000,-4.990000e-07,-512.000000,
-3.675000e-07,1.200000,-3.675000e-07,436.000000,-4.980000e-07,-512.000000,
-3.665000e-07,1.200000,-3.665000e-07,436.000000,-4.970000e-07,-512.000000,
-3.655000e-07,1.200000,-3.655000e-07,436.000000,-4.960000e-07,-512.000000,
-3.645000e-07,1.200000,-3.645000e-07,436.000000,-4.950000e-07,-512.000000,
-3.635000e-07,1.200000,-3.635000e-07,436.000000,-4.940000e-07,-512.000000,
-3.625000e-07,1.200000,-3.625000e-07,436.000000,-4.930000e-07,-512.000000,
-3.615000e-07,1.200000,-3.615000e-07,436.000000,-4.920000e-07,-512.000000,
-3.605000e-07,1.400000,-3.605000e-07,436.000000,-4.910000e-07,-512.000000,
-3.595000e-07,1.200000,-3.595000e-07,436.000000,-4.900000e-07,-512.000000,
-3.585000e-07,1.200000,-3.585000e-07,436.000000,-4.890000e-07,-512.000000,
-3.575000e-07,1.200000,-3.575000e-07,436.000000,-4.880000e-07,-512.000000,
-3.565000e-07,1.200000,-3.565000e-07,436.000000,-4.870000e-07,-512.000000,
-3.555000e-07,1.200000,-3.555000e-07,436.000000,-4.860000e-07,-512.000000,
-3.545000e-07,1.200000,-3.545000e-07,436.000000,-4.850000e-07,-512.000000,
-3.535000e-07,1.200000,-3.535000e-07,436.000000,-4.840000e-07,-512.000000,
-3.525000e-07,1.200000,-3.525000e-07,436.000000,-4.830000e-07,-512.000000,
-3.515000e-07,1.200000,-3.515000e-07,436.000000,-4.820000e-07,-512.000000,
-3.505000e-07,1.200000,-3.505000e-07,436.000000,-4.810000e-07,-512.000000,
-3.495000e-07,1.200000,-3.495000e-07,436.000000,-4.800000e-07,-512.000000,
-3.485000e-07,1.200000,-3.485000e-07,436.000000,-4.790000e-07,-512.000000,
-3.475000e-07,1.200000,-3.475000e-07,436.000000,-4.780000e-07,-512.000000,
-3.465000e-07,1.200000,-3.465000e-07,436.000000,-4.770000e-07,-512.000000,
-3.455000e-07,1.200000,-3.455000e-07,436.000000,-4.760000e-07,-512.000000,
-3.445000e-07,1.200000,-3.445000e-07,436.000000,-4.750000e-07,-512.000000,
-3.435000e-07,1.200000,-3.435000e-07,436.000000,-4.740000e-07,-512.000000,
-3.425000e-07,1.200000,-3.425000e-07,436.000000,-4.730000e-07,-512.000000,
-3.415000e-07,1.200000,-3.415000e-07,436.000000,-4.720000e-07,-512.000000,
-3.405000e-07,1.200000,-3.405000e-07,436.000000,-4.710000e-07,-512.000000,
-3.395000e-07,1.200000,-3.395000e-07,436.000000,-4.700000e-07,-512.000000,
-3.385000e-07,1.200000,-3.385000e-07,436.000000,-4.690000e-07,-512.000000,
-3.375000e-07,1.200000,-3.375000e-07,436.000000,-4.680000e-07,-512.000000,
-3.365000e-07,1.200000,-3.365000e-07,436.000000,-4.670000e-07,-512.000000,
-3.355000e-07,1.200000,-3.355000e-07,436.000000,-4.660000e-07,-512.000000,
-3.345000e-07,1.200000,-3.345000e-07,436.000000,-4.650000e-07,-512.000000,
-3.335000e-07,1.200000,-3.335000e-07,436.000000,-4.640000e-07,-512.000000,
-3.325000e-07,1.200000,-3.325000e-07,436.000000,-4.630000e-07,-512.000000,
-3.315000e-07,1.200000,-3.315000e-07,436.000000,-4.620000e-07,-512.000000,
-3.305000e-07,1.200000,-3.305000e-07,436.000000,-4.610000e-07,-512.000000,
-3.295000e-07,1.200000,-3.295000e-07,436.000000,-4.600000e-07,-512.000000,
-3.285000e-07,1.200000,-3.285000e-07,436.000000,-4.590000e-07,-512.000000,
-3.275000e-07,1.200000,-3.275000e-07,436.000000,-4.580000e-07,-512.000000,
-3.265000e-07,1.200000,-3.265000e-07,436.000000,-4.570000e-07,-512.000000,
-3.255000e-07,1.200000,-3.255000e-07,436.000000,-4.560000e-07,-512.000000,
-3.245000e-07,1.200000,-3.245000e-07,436.000000,-4.550000e-07,-512.000000,
-3.235000e-07,1.200000,-3.235000e-07,436.000000,-4.540000e-07,-512.000000,
-3.225000e-07,1.200000,-3.225000e-07,436.000000,-4.530000e-07,-512.000000,
-3.215000e-07,1.200000,-3.215000e-07,436.000000,-4.520000e-07,-512.000000,
-3.205000e-07,1.200000,-3.205000e-07,436.000000,-4.510000e-07,-512.000000,
-3.195000e-07,1.200000,-3.195000e-07,436.000000,-4.500000e-07,-512.000000,
-3.185000e-07,1.200000,-3.185000e-07,436.000000,-4.490000e-07,-512.000000,
-3.175000e-07,1.200000,-3.175000e-07,436.000000,-4.480000e-07,-512.000000,
-3.165000e-07,1.200000,-3.165000e-07,436.000000,-4.470000e-07,-512.000000,
-3.155000e-07,1.200000,-3.155000e-07,436.000000,-4.460000e-07,-512.000000,
-3.145000e-07,1.000000,-3.145000e-07,436.000000,-4.450000e-07,-512.000000,
-3.135000e-07,1.200000,-3.135000e-07,436.000000,-4.440000e-07,-512.000000,
-3.125000e-07,1.000000,-3.125000e-07,436.000000,-4.430000e-07,-512.000000,
-3.115000e-07,1.200000,-3.115000e-07,432.000000,-4.420000e-07,-512.000000,
-3.105000e-07,1.200000,-3.105000e-07,436.000000,-4.410000e-07,-512.000000,
-3.095000e-07,1.200000,-3.095000e-07,436.000000,-4.400000e-07,-512.000000,
-3.085000e-07,1.200000,-3.085000e-07,436.000000,-4.390000e-07,-512.000000,
-3.075000e-07,1.200000,-3.075000e-07,436.000000,-4.380000e-07,-512.000000,
-3.065000e-07,1.200000,-3.065000e-07,436.000000,-4.370000e-07,-512.000000,
-3.055000e-07,1.200000,-3.055000e-07,436.000000,-4.360000e-07,-512.000000,
-3.045000e-07,1.200000,-3.045000e-07,436.000000,-4.350000e-07,-512.000000,
-3.035000e-07,1.200000,-3.035000e-07,436.000000,-4.340000e-07,-512.000000,
-3.025000e-07,1.200000,-3.025000e-07,436.000000,-4.330000e-07,-512.000000,
-3.015000e-07,1.200000,-3.015000e-07,436.000000,-4.320000e-07,-512.000000,
-3.005000e-07,1.200000,-3.005000e-07,436.000000,-4.310000e-07,-512.000000,
-2.995000e-07,1.200000,-2.995000e-07,436.000000,-4.300000e-07,-512.000000,
-2.985000e-07,1.200000,-2.985000e-07,440.000000,-4.290000e-07,-512.000000,
-2.975000e-07,1.200000,-2.975000e-07,436.000000,-4.280000e-07,-512.000000,
-2.965000e-07,1.200000,-2.965000e-07,436.000000,-4.270000e-07,-512.000000,
-2.955000e-07,1.200000,-2.955000e-07,436.000000,-4.260000e-07,-512.000000,
-2.945000e-07,1.200000,-2.945000e-07,436.000000,-4.250000e-07,-512.000000,
-2.935000e-07,1.200000,-2.935000e-07,436.000000,-4.240000e-07,-512.000000,
-2.925000e-07,1.200000,-2.925000e-07,436.000000,-4.230000e-07,-512.000000,
-2.915000e-07,1.200000,-2.915000e-07,436.000000,-4.220000e-07,-512.000000,
-2.905000e-07,1.200000,-2.905000e-07,436.000000,-4.210000e-07,-512.000000,
-2.895000e-07,1.200000,-2.895000e-07,436.000000,-4.200000e-07,-512.000000,
-2.885000e-07,1.200000,-2.885000e-07,436.000000,-4.190000e-07,-512.000000,
-2.875000e-07,1.200000,-2.875000e-07,436.000000,-4.180000e-07,-512.000000,
-2.865000e-07,1.200000,-2.865000e-07,436.000000,-4.170000e-07,-512.000000,
-2.855000e-07,1.200000,-2.855000e-07,436.000000,-4.160000e-07,-512.000000,
-2.845000e-07,1.200000,-2.845000e-07,436.000000,-4.150000e-07,-512.000000,
-2.835000e-07,1.200000,-2.835000e-07,436.000000,-4.140000e-07,-512.000000,
-2.825000e-07,1.200000,-2.825000e-07,436.000000,-4.130000e-07,-512.000000,
-2.815000e-07,1.200000,-2.815000e-07,436.000000,-4.120000e-07,-512.000000,
-2.805000e-07,1.200000,-2.805000e-07,436.000000,-4.110000e-07,-512.000000,
-2.795000e-07,1.200000,-2.795000e-07,436.000000,-4.100000e-07,-512.000000,
-2.785000e-07,1.200000,-2.785000e-07,436.000000,-4.090000e-07,-512.000000,
-2.775000e-07,1.200000,-2.775000e-07,436.000000,-4.080000e-07,-512.000000,
-2.765000e-07,1.200000,-2.765000e-07,436.000000,-4.070000e-07,-512.000000,
-2.755000e-07,1.200000,-2.755000e-07,436.000000,-4.060000e-07,-512.000000,
-2.745000e-07,1.200000,-2.745000e-07,436.000000,-4.050000e-07,-512.000000,
-2.735000e-07,1.200000,-2.735000e-07,436.000000,-4.040000e-07,-512.000000,
-2.725000e-07,1.200000,-2.725000e-07,436.000000,-4.030000e-07,-512.000000,
-2.715000e-07,1.200000,-2.715000e-07,436.000000,-4.020000e-07,-512.000000,
-2.705000e-07,1.200000,-2.705000e-07,436.000000,-4.010000e-07,-512.000000,
-2.695000e-07,1.200000,-2.695000e-07,436.000000,-4.000000e-07,-512.000000,
-2.685000e-07,1.200000,-2.685000e-07,436.000000,-3.990000e-07,-512.000000,
-2.675000e-07,1.200000,-2.675000e-07,436.000000,-3.980000e-07,-512.000000,
-2.665000e-07,1.200000,-2.665000e-07,436.000000,-3.970000e-07,-512.000000,
-2.655000e-07,1.200000,-2.655000e-07,436.000000,-3.960000e-07,-512.000000,
-2.645000e-07,1.200000,-2.645000e-07,436.000000,-3.950000e-07,-512.000000,
-2.635000e-07,1.200000,-2.635000e-07,436.000000,-3.940000e-07,-512.000000,
-2.625000e-07,1.200000,-2.625000e-07,436.000000,-3.930000e-07,-512.000000,
-2.615000e-07,1.200000,-2.615000e-07,436.000000,-3.920000e-07,-512.000000,
-2.605000e-07,1.200000,-2.605000e-07,436.000000,-3.910000e-07,-512.000000,
-2.595000e-07,1.200000,-2.595000e-07,436.000000,-3.900000e-07,-512.000000,
-2.585000e-07,1.200000,-2.585000e-07,436.000000,-3.890000e-07,-512.000000,
-2.575000e-07,1.200000,-2.575000e-07,436.000000,-3.880000e-07,-512.000000,
-2.565000e-07,1.200000,-2.565000e-07,436.000000,-3.870000e-07,-512.000000,
-2.555000e-07,1.200000,-2.555000e-07,436.000000,-3.860000e-07,-512.000000,
-2.545000e-07,1.200000,-2.545000e-07,436.000000,-3.850000e-07,-512.000000,
-2.535000e-07,1.200000,-2.535000e-07,436.000000,-3.840000e-07,-512.000000,
-2.525000e-07,1.200000,-2.525000e-07,436.000000,-3.830000e-07,-512.000000,
-2.515000e-07,1.200000,-2.515000e-07,436.000000,-3.820000e-07,-512.000000,
-2.505000e-07,1.200000,-2.505000e-07,436.000000,-3.810000e-07,-512.000000,
-2.495000e-07,1.200000,-2.495000e-07,436.000000,-3.800000e-07,-512.000000,
-2.485000e-07,1.200000,-2.485000e-07,436.000000,-3.790000e-07,-512.000000,
-2.475000e-07,1.200000,-2.475000e-07,436.000000,-3.780000e-07,-512.000000,
-2.465000e-07,1.200000,-2.465000e-07,436.000000,-3.770000e-07,-512.000000,
-2.455000e-07,1.200000,-2.455000e-07,436.000000,-3.760000e-07,-512.000000,
-2.445000e-07,1.200000,-2.445000e-07,436.000000,-3.750000e-07,-512.000000,
-2.435000e-07,1.200000,-2.435000e-07,436.000000,-3.740000e-07,-512.000000,
-2.425000e-07,1.200000,-2.425000e-07,436.000000,-3.730000e-07,-512.000000,
-2.415000e-07,1.200000,-2.415000e-07,436.000000,-3.720000e-07,-512.000000,
-2.405000e-07,1.200000,-2.405000e-07,436.000000,-3.710000e-07,-512.000000,
-2.395000e-07,1.200000,-2.395000e-07,436.000000,-3.700000e-07,-512.000000,
-2.385000e-07,1.200000,-2.385000e-07,436.000000,-3.690000e-07,-512.000000,
-2.375000e-07,1.200000,-2.375000e-07,436.000000,-3.680000e-07,-512.000000,
-2.365000e-07,1.200000,-2.365000e-07,436.000000,-3.670000e-07,-512.000000,
-2.355000e-07,1.200000,-2.355000e-07,436.000000,-3.660000e-07,-512.000000,
-2.345000e-07,1.200000,-2.345000e-07,436.000000,-3.650000e-07,-512.000000,
-2.335000e-07,1.200000,-2.335000e-07,436.000000,-3.640000e-07,-512.000000,
-2.325000e-07,1.200000,-2.325000e-07,436.000000,-3.630000e-07,-512.000000,
-2.315000e-07,1.200000,-2.315000e-07,436.000000,-3.620000e-07,-512.000000,
-2.305000e-07,1.200000,-2.305000e-07,436.000000,-3.610000e-07,-512.000000,
-2.295000e-07,1.200000,-2.295000e-07,436.000000,-3.600000e-07,-512.000000,
-2.285000e-07,1.200000,-2.285000e-07,436.000000,-3.590000e-07,-512.000000,
-2.275000e-07,1.200000,-2.275000e-07,436.000000,-3.580000e-07,-512.000000,
-2.265000e-07,1.200000,-2.265000e-07,436.000000,-3.570000e-07,-512.000000,
-2.255000e-07,1.200000,-2.255000e-07,436.000000,-3.560000e-07,-512.000000,
-2.245000e-07,1.200000,-2.245000e-07,436.000000,-3.550000e-07,-512.000000,
-2.235000e-07,1.200000,-2.235000e-07,436.000000,-3.540000e-07,-512.000000,
-2.225000e-07,1.200000,-2.225000e-07,436.000000,-3.530000e-07,-512.000000,
-2.215000e-07,1.200000,-2.215000e-07,436.000000,-3.520000e-07,-512.000000,
-2.205000e-07,1.200000,-2.205000e-07,436.000000,-3.510000e-07,-512.000000,
-2.195000e-07,1.200000,-2.195000e-07,436.000000,-3.500000e-07,-512.000000,
-2.185000e-07,1.200000,-2.185000e-07,436.000000,-3.490000e-07,-512.000000,
-2.175000e-07,1.200000,-2.175000e-07,436.000000,-3.480000e-07,-512.000000,
-2.165000e-07,1.200000,-2.165000e-07,436.000000,-3.470000e-07,-512.000000,
-2.155000e-07,1.200000,-2.155000e-07,436.000000,-3.460000e-07,-512.000000,
-2.145000e-07,1.200000,-2.145000e-07,436.000000,-3.450000e-07,-512.000000,
-2.135000e-07,1.200000,-2.135000e-07,436.000000,-3.440000e-07,-512.000000,
-2.125000e-07,1.200000,-2.125000e-07,436.000000,-3.430000e-07,-512.000000,
-2.115000e-07,1.200000,-2.115000e-07,436.000000,-3.420000e-07,-512.000000,
-2.105000e-07,1.200000,-2.105000e-07,436.000000,-3.410000e-07,-512.000000,
-2.095000e-07,1.200000,-2.095000e-07,436.000000,-3.400000e-07,-512.000000,
-2.085000e-07,1.200000,-2.085000e-07,436.000000,-3.390000e-07,-512.000000,
-2.075000e-07,1.200000,-2.075000e-07,436.000000,-3.380000e-07,-512.000000,
-2.065000e-07,1.000000,-2.065000e-07,436.000000,-3.370000e-07,-512.000000,
-2.055000e-07,1.200000,-2.055000e-07,436.000000,-3.360000e-07,-512.000000,
-2.045000e-07,1.200000,-2.045000e-07,436.000000,-3.350000e-07,-512.000000,
-2.035000e-07,1.200000,-2.035000e-07,436.000000,-3.340000e-07,-512.000000,
-2.025000e-07,1.200000,-2.025000e-07,436.000000,-3.330000e-07,-512.000000,
-2.015000e-07,1.200000,-2.015000e-07,436.000000,-3.320000e-07,-512.000000,
-2.005000e-07,1.200000,-2.005000e-07,436.000000,-3.310000e-07,-512.000000,
-1.995000e-07,1.200000,-1.995000e-07,436.000000,-3.300000e-07,-512.000000,
-1.985000e-07,1.000000,-1.985000e-07,436.000000,-3.290000e-07,-512.000000,
-1.975000e-07,1.000000,-1.975000e-07,436.000000,-3.280000e-07,-512.000000,
-1.965000e-07,1.200000,-1.965000e-07,436.000000,-3.270000e-07,-512.000000,
-1.955000e-07,1.200000,-1.955000e-07,436.000000,-3.260000e-07,-512.000000,
-1.945000e-07,1.200000,-1.945000e-07,436.000000,-3.250000e-07,-512.000000,
-1.935000e-07,1.200000,-1.935000e-07,436.000000,-3.240000e-07,-512.000000,
-1.925000e-07,1.200000,-1.925000e-07,436.000000,-3.230000e-07,-512.000000,
-1.915000e-07,1.200000,-1.915000e-07,436.000000,-3.220000e-07,-512.000000,
-1.905000e-07,1.200000,-1.905000e-07,436.000000,-3.210000e-07,-512.000000,
-1.895000e-07,1.000000,-1.895000e-07,436.000000,-3.200000e-07,-512.000000,
-1.885000e-07,1.200000,-1.885000e-07,436.000000,-3.190000e-07,-512.000000,
-1.875000e-07,1.200000,-1.875000e-07,436.000000,-3.180000e-07,-512.000000,
-1.865000e-07,1.200000,-1.865000e-07,436.000000,-3.170000e-07,-512.000000,
-1.855000e-07,1.200000,-1.855000e-07,436.000000,-3.160000e-07,-512.000000,
-1.845000e-07,1.200000,-1.845000e-07,436.000000,-3.150000e-07,-512.000000,
-1.835000e-07,1.200000,-1.835000e-07,436.000000,-3.140000e-07,-512.000000,
-1.825000e-07,1.200000,-1.825000e-07,436.000000,-3.130000e-07,-512.000000,
-1.815000e-07,1.200000,-1.815000e-07,436.000000,-3.120000e-07,-512.000000,
-1.805000e-07,1.200000,-1.805000e-07,436.000000,-3.110000e-07,-512.000000,
-1.795000e-07,1.200000,-1.795000e-07,436.000000,-3.100000e-07,-512.000000,
-1.785000e-07,1.200000,-1.785000e-07,436.000000,-3.090000e-07,-512.000000,
-1.775000e-07,1.200000,-1.775000e-07,436.000000,-3.080000e-07,-512.000000,
-1.765000e-07,1.200000,-1.765000e-07,436.000000,-3.070000e-07,-512.000000,
-1.755000e-07,1.200000,-1.755000e-07,436.000000,-3.060000e-07,-512.000000,
-1.745000e-07,1.200000,-1.745000e-07,436.000000,-3.050000e-07,-512.000000,
-1.735000e-07,1.200000,-1.735000e-07,436.000000,-3.040000e-07,-512.000000,
-1.725000e-07,1.200000,-1.725000e-07,436.000000,-3.030000e-07,-512.000000,
-1.715000e-07,1.200000,-1.715000e-07,436.000000,-3.020000e-07,-512.000000,
-1.705000e-07,1.200000,-1.705000e-07,436.000000,-3.010000e-07,-512.000000,
-1.695000e-07,1.200000,-1.695000e-07,436.000000,-3.000000e-07,-512.000000,
-1.685000e-07,1.200000,-1.685000e-07,436.000000,-2.990000e-07,-512.000000,
-1.675000e-07,1.200000,-1.675000e-07,436.000000,-2.980000e-07,-512.000000,
-1.665000e-07,1.200000,-1.665000e-07,436.000000,-2.970000e-07,-512.000000,
-1.655000e-07,1.200000,-1.655000e-07,436.000000,-2.960000e-07,-512.000000,
-1.645000e-07,1.200000,-1.645000e-07,436.000000,-2.950000e-07,-512.000000,
-1.635000e-07,1.200000,-1.635000e-07,436.000000,-2.940000e-07,-512.000000,
-1.625000e-07,1.200000,-1.625000e-07,436.000000,-2.930000e-07,-512.000000,
-1.615000e-07,1.200000,-1.615000e-07,436.000000,-2.920000e-07,-512.000000,
-1.605000e-07,1.200000,-1.605000e-07,436.000000,-2.910000e-07,-512.000000,
-1.595000e-07,1.200000,-1.595000e-07,436.000000,-2.900000e-07,-512.000000,
-1.585000e-07,1.200000,-1.585000e-07,436.000000,-2.890000e-07,-512.000000,
-1.575000e-07,1.200000,-1.575000e-07,436.000000,-2.880000e-07,-512.000000,
-1.565000e-07,1.200000,-1.565000e-07,436.000000,-2.870000e-07,-512.000000,
-1.555000e-07,1.200000,-1.555000e-07,436.000000,-2.860000e-07,-512.000000,
-1.545000e-07,1.200000,-1.545000e-07,436.000000,-2.850000e-07,-512.000000,
-1.535000e-07,1.200000,-1.535000e-07,436.000000,-2.840000e-07,-512.000000,
-1.525000e-07,1.200000,-1.525000e-07,436.000000,-2.830000e-07,-512.000000,
-1.515000e-07,1.200000,-1.515000e-07,436.000000,-2.820000e-07,-512.000000,
-1.505000e-07,1.200000,-1.505000e-07,436.000000,-2.810000e-07,-512.000000,
-1.495000e-07,1.200000,-1.495000e-07,436.000000,-2.800000e-07,-512.000000,
-1.485000e-07,1.200000,-1.485000e-07,436.000000,-2.790000e-07,-512.000000,
-1.475000e-07,1.200000,-1.475000e-07,436.000000,-2.780000e-07,-512.000000,
-1.465000e-07,1.200000,-1.465000e-07,436.000000,-2.770000e-07,-512.000000,
-1.455000e-07,1.200000,-1.455000e-07,436.000000,-2.760000e-07,-512.000000,
-1.445000e-07,1.200000,-1.445000e-07,436.000000,-2.750000e-07,-512.000000,
-1.435000e-07,1.200000,-1.435000e-07,436.000000,-2.740000e-07,-512.000000,
-1.425000e-07,1.200000,-1.425000e-07,436.000000,-2.730000e-07,-512.000000,
-1.415000e-07,1.200000,-1.415000e-07,436.000000,-2.720000e-07,-512.000000,
-1.405000e-07,1.200000,-1.405000e-07,436.000000,-2.710000e-07,-512.000000,
-1.395000e-07,1.200000,-1.395000e-07,436.000000,-2.700000e-07,-512.000000,
-1.385000e-07,1.200000,-1.385000e-07,436.000000,-2.690000e-07,-512.000000,
-1.375000e-07,1.200000,-1.375000e-07,436.000000,-2.680000e-07,-512.000000,
-1.365000e-07,1.200000,-1.365000e-07,436.000000,-2.670000e-07,-512.000000,
-1.355000e-07,1.200000,-1.355000e-07,436.000000,-2.660000e-07,-512.000000,
-1.345000e-07,1.200000,-1.345000e-07,436.000000,-2.650000e-07,-512.000000,
-1.335000e-07,1.200000,-1.335000e-07,436.000000,-2.640000e-07,-512.000000,
-1.325000e-07,1.200000,-1.325000e-07,436.000000,-2.630000e-07,-512.000000,
-1.315000e-07,1.200000,-1.315000e-07,436.000000,-2.620000e-07,-512.000000,
-1.305000e-07,1.200000,-1.305000e-07,436.000000,-2.610000e-07,-512.000000,
-1.295000e-07,1.200000,-1.295000e-07,436.000000,-2.600000e-07,-512.000000,
-1.285000e-07,1.200000,-1.285000e-07,436.000000,-2.590000e-07,-512.000000,
-1.275000e-07,1.200000,-1.275000e-07,436.000000,-2.580000e-07,-512.000000,
-1.265000e-07,1.200000,-1.265000e-07,436.000000,-2.570000e-07,-512.000000,
-1.255000e-07,1.200000,-1.255000e-07,436.000000,-2.560000e-07,-512.000000,
-1.245000e-07,1.200000,-1.245000e-07,436.000000,-2.550000e-07,-512.000000,
-1.235000e-07,1.200000,-1.235000e-07,436.000000,-2.540000e-07,-512.000000,
-1.225000e-07,1.200000,-1.225000e-07,436.000000,-2.530000e-07,-512.000000,
-1.215000e-07,1.200000,-1.215000e-07,436.000000,-2.520000e-07,-512.000000,
-1.205000e-07,1.200000,-1.205000e-07,436.000000,-2.510000e-07,-512.000000,
-1.195000e-07,1.200000,-1.195000e-07,436.000000,-2.500000e-07,-512.000000,
-1.185000e-07,1.200000,-1.185000e-07,436.000000,-2.490000e-07,-512.000000,
-1.175000e-07,1.200000,-1.175000e-07,436.000000,-2.480000e-07,-512.000000,
-1.165000e-07,1.200000,-1.165000e-07,436.000000,-2.470000e-07,-512.000000,
-1.155000e-07,1.200000,-1.155000e-07,436.000000,-2.460000e-07,-512.000000,
-1.145000e-07,1.200000,-1.145000e-07,436.000000,-2.450000e-07,-512.000000,
-1.135000e-07,1.200000,-1.135000e-07,436.000000,-2.440000e-07,-512.000000,
-1.125000e-07,1.200000,-1.125000e-07,436.000000,-2.430000e-07,-512.000000,
-1.115000e-07,1.200000,-1.115000e-07,436.000000,-2.420000e-07,-512.000000,
-1.105000e-07,1.200000,-1.105000e-07,436.000000,-2.410000e-07,-512.000000,
-1.095000e-07,1.200000,-1.095000e-07,436.000000,-2.400000e-07,-512.000000,
-1.085000e-07,1.200000,-1.085000e-07,436.000000,-2.390000e-07,-512.000000,
-1.075000e-07,1.200000,-1.075000e-07,436.000000,-2.380000e-07,-512.000000,
-1.065000e-07,1.200000,-1.065000e-07,436.000000,-2.370000e-07,-512.000000,
-1.055000e-07,1.200000,-1.055000e-07,436.000000,-2.360000e-07,-512.000000,
-1.045000e-07,1.200000,-1.045000e-07,436.000000,-2.350000e-07,-512.000000,
-1.035000e-07,1.200000,-1.035000e-07,436.000000,-2.340000e-07,-512.000000,
-1.025000e-07,1.200000,-1.025000e-07,436.000000,-2.330000e-07,-512.000000,
-1.015000e-07,1.200000,-1.015000e-07,436.000000,-2.320000e-07,-512.000000,
-1.005000e-07,1.200000,-1.005000e-07,436.000000,-2.310000e-07,-512.000000,
-9.949999e-08,1.200000,-9.949999e-08,436.000000,-2.300000e-07,-512.000000,
-9.849999e-08,1.200000,-9.849999e-08,436.000000,-2.290000e-07,-512.000000,
-9.749999e-08,1.200000,-9.749999e-08,432.000000,-2.280000e-07,-512.000000,
-9.649999e-08,1.200000,-9.649999e-08,436.000000,-2.270000e-07,-512.000000,
-9.549999e-08,1.200000,-9.549999e-08,436.000000,-2.260000e-07,-512.000000,
-9.449999e-08,1.200000,-9.449999e-08,436.000000,-2.250000e-07,-512.000000,
-9.349999e-08,1.200000,-9.349999e-08,436.000000,-2.240000e-07,-512.000000,
-9.249999e-08,1.400000,-9.249999e-08,436.000000,-2.230000e-07,-512.000000,
-9.149999e-08,1.200000,-9.149999e-08,436.000000,-2.220000e-07,-512.000000,
-9.049999e-08,1.400000,-9.049999e-08,436.000000,-2.210000e-07,-512.000000,
-8.949999e-08,1.200000,-8.949999e-08,432.000000,-2.200000e-07,-512.000000,
-8.849999e-08,1.200000,-8.849999e-08,436.000000,-2.190000e-07,-512.000000,
-8.749999e-08,1.200000,-8.749999e-08,436.000000,-2.180000e-07,-512.000000,
-8.649999e-08,1.200000,-8.649999e-08,436.000000,-2.170000e-07,-512.000000,
-8.549999e-08,1.200000,-8.549999e-08,436.000000,-2.160000e-07,-512.000000,
-8.449999e-08,1.200000,-8.449999e-08,436.000000,-2.150000e-07,-512.000000,
-8.349999e-08,1.200000,-8.349999e-08,436.000000,-2.140000e-07,-512.000000,
-8.249999e-08,1.200000,-8.249999e-08,436.000000,-2.130000e-07,-512.000000,
-8.149999e-08,1.200000,-8.149999e-08,436.000000,-2.120000e-07,-512.000000,
-8.049999e-08,1.200000,-8.049999e-08,436.000000,-2.110000e-07,-512.000000,
-7.949999e-08,1.200000,-7.949999e-08,436.000000,-2.100000e-07,-512.000000,
-7.849999e-08,1.200000,-7.849999e-08,436.000000,-2.090000e-07,-512.000000,
-7.749999e-08,1.200000,-7.749999e-08,436.000000,-2.080000e-07,-512.000000,
-7.649999e-08,1.200000,-7.649999e-08,436.000000,-2.070000e-07,-512.000000,
-7.549999e-08,1.200000,-7.549999e-08,436.000000,-2.060000e-07,-512.000000,
-7.449999e-08,1.200000,-7.449999e-08,436.000000,-2.050000e-07,-512.000000,
-7.349999e-08,1.000000,-7.349999e-08,436.000000,-2.040000e-07,-512.000000,
-7.249999e-08,1.200000,-7.249999e-08,436.000000,-2.030000e-07,-512.000000,
-7.149999e-08,1.200000,-7.149999e-08,436.000000,-2.020000e-07,-512.000000,
-7.049999e-08,1.200000,-7.049999e-08,436.000000,-2.010000e-07,-512.000000,
-6.949999e-08,1.200000,-6.949999e-08,436.000000,-2.000000e-07,-512.000000,
-6.849999e-08,1.200000,-6.849999e-08,436.000000,-1.990000e-07,-512.000000,
-6.749999e-08,1.200000,-6.749999e-08,436.000000,-1.980000e-07,-512.000000,
-6.649999e-08,1.200000,-6.649999e-08,436.000000,-1.970000e-07,-512.000000,
-6.549999e-08,1.200000,-6.549999e-08,436.000000,-1.960000e-07,-512.000000,
-6.449999e-08,1.200000,-6.449999e-08,436.000000,-1.950000e-07,-512.000000,
-6.349999e-08,1.200000,-6.349999e-08,436.000000,-1.940000e-07,-512.000000,
-6.249999e-08,1.200000,-6.249999e-08,436.000000,-1.930000e-07,-512.000000,
-6.149999e-08,1.000000,-6.149999e-08,436.000000,-1.920000e-07,-512.000000,
-6.049999e-08,1.200000,-6.049999e-08,436.000000,-1.910000e-07,-512.000000,
-5.949999e-08,1.200000,-5.949999e-08,436.000000,-1.900000e-07,-512.000000,
-5.849999e-08,1.200000,-5.849999e-08,436.000000,-1.890000e-07,-512.000000,
-5.749999e-08,1.200000,-5.749999e-08,436.000000,-1.880000e-07,-512.000000,
-5.649999e-08,1.200000,-5.649999e-08,436.000000,-1.870000e-07,-512.000000,
-5.549999e-08,1.200000,-5.549999e-08,436.000000,-1.860000e-07,-512.000000,
-5.449999e-08,1.200000,-5.449999e-08,436.000000,-1.850000e-07,-512.000000,
-5.349999e-08,1.200000,-5.349999e-08,436.000000,-1.840000e-07,-512.000000,
-5.249999e-08,1.200000,-5.249999e-08,436.000000,-1.830000e-07,-512.000000,
-5.149999e-08,1.000000,-5.149999e-08,436.000000,-1.820000e-07,-512.000000,
-5.049999e-08,1.200000,-5.049999e-08,436.000000,-1.810000e-07,-512.000000,
-4.949999e-08,1.200000,-4.949999e-08,432.000000,-1.800000e-07,-512.000000,
-4.849999e-08,1.200000,-4.849999e-08,436.000000,-1.790000e-07,-512.000000,
-4.749999e-08,1.200000,-4.749999e-08,432.000000,-1.780000e-07,-512.000000,
-4.649999e-08,1.200000,-4.649999e-08,432.000000,-1.770000e-07,-512.000000,
-4.550000e-08,1.200000,-4.550000e-08,432.000000,-1.760000e-07,-512.000000,
-4.450000e-08,1.200000,-4.450000e-08,432.000000,-1.750000e-07,-512.000000,
-4.350000e-08,1.000000,-4.350000e-08,432.000000,-1.740000e-07,-512.000000,
-4.250000e-08,1.000000,-4.250000e-08,428.000000,-1.730000e-07,-512.000000,
-4.150000e-08,1.000000,-4.150000e-08,428.000000,-1.720000e-07,-512.000000,
-4.050000e-08,1.000000,-4.050000e-08,428.000000,-1.710000e-07,-512.000000,
-3.950000e-08,1.000000,-3.950000e-08,424.000000,-1.700000e-07,-512.000000,
-3.850000e-08,1.200000,-3.850000e-08,424.000000,-1.690000e-07,-512.000000,
-3.750000e-08,1.400000,-3.750000e-08,420.000000,-1.680000e-07,-512.000000,
-3.650000e-08,1.400000,-3.650000e-08,416.000000,-1.670000e-07,-512.000000,
-3.550000e-08,1.200000,-3.550000e-08,412.000000,-1.660000e-07,-512.000000,
-3.450000e-08,1.200000,-3.450000e-08,412.000000,-1.650000e-07,-512.000000,
-3.350000e-08,1.200000,-3.350000e-08,404.000000,-1.640000e-07,-512.000000,
-3.250000e-08,1.400000,-3.250000e-08,396.000000,-1.630000e-07,-512.000000,
-3.150000e-08,1.400000,-3.150000e-08,392.000000,-1.620000e-07,-512.000000,
-3.050000e-08,1.400000,-3.050000e-08,384.000000,-1.610000e-07,-512.000000,
-2.950000e-08,1.400000,-2.950000e-08,376.000000,-1.600000e-07,-512.000000,
-2.850000e-08,1.400000,-2.850000e-08,364.000000,-1.590000e-07,-512.000000,
-2.750000e-08,1.800000,-2.750000e-08,356.000000,-1.580000e-07,-512.000000,
-2.650000e-08,2.000000,-2.650000e-08,348.000000,-1.570000e-07,-512.000000,
-2.550000e-08,1.800000,-2.550000e-08,336.000000,-1.560000e-07,-512.000000,
-2.450000e-08,2.000000,-2.450000e-08,324.000000,-1.550000e-07,-512.000000,
-2.350000e-08,2.000000,-2.350000e-08,312.000000,-1.540000e-07,-512.000000,
-2.250000e-08,1.800000,-2.250000e-08,300.000000,-1.530000e-07,-512.000000,
-2.150000e-08,1.800000,-2.150000e-08,288.000000,-1.520000e-07,-512.000000,
-2.050000e-08,2.000000,-2.050000e-08,276.000000,-1.510000e-07,-512.000000,
-1.950000e-08,2.000000,-1.950000e-08,260.000000,-1.500000e-07,-512.000000,
-1.850000e-08,2.000000,-1.850000e-08,248.000000,-1.490000e-07,-512.000000,
-1.750000e-08,1.800000,-1.750000e-08,232.000000,-1.480000e-07,-512.000000,
-1.650000e-08,1.600000,-1.650000e-08,216.000000,-1.470000e-07,-512.000000,
-1.550000e-08,1.200000,-1.550000e-08,200.000000,-1.460000e-07,-512.000000,
-1.450000e-08,1.200000,-1.450000e-08,188.000000,-1.450000e-07,-512.000000,
-1.350000e-08,1.000000,-1.350000e-08,172.000000,-1.440000e-07,-512.000000,
-1.250000e-08,0.800000,-1.250000e-08,160.000000,-1.430000e-07,-512.000000,
-1.150000e-08,0.400000,-1.150000e-08,140.000000,-1.420000e-07,-512.000000,
-1.050000e-08,0.200000,-1.050000e-08,132.000000,-1.410000e-07,-512.000000,
-9.499996e-09,0.000000,-9.499996e-09,116.000000,-1.400000e-07,-512.000000,
-8.499996e-09,-0.400000,-8.499996e-09,104.000000,-1.390000e-07,-512.000000,
-7.499996e-09,-0.800000,-7.499996e-09,88.000000,-1.380000e-07,-512.000000,
-6.499996e-09,-0.800000,-6.499996e-09,76.000000,-1.370000e-07,-512.000000,
-5.499996e-09,-1.200000,-5.499996e-09,64.000000,-1.360000e-07,-512.000000,
-4.499996e-09,-1.400000,-4.499996e-09,52.000000,-1.350000e-07,-512.000000,
-3.499996e-09,-1.600000,-3.499996e-09,40.000000,-1.340000e-07,-512.000000,
-2.499996e-09,-1.600000,-2.499996e-09,24.000000,-1.330000e-07,-512.000000,
-1.499996e-09,-2.000000,-1.499996e-09,12.000000,-1.320000e-07,-512.000000,
-4.999963e-10,-2.400000,-4.999963e-10,4.000000,-1.310000e-07,-512.000000,
5.000037e-10,-2.800000,5.000037e-10,-8.000000,-1.300000e-07,-512.000000,
1.500004e-09,-3.000000,1.500004e-09,-16.000000,-1.290000e-07,-512.000000,
2.500004e-09,-3.200000,2.500004e-09,-24.000000,-1.280000e-07,-512.000000,
3.500004e-09,-3.000000,3.500004e-09,-32.000000,-1.270000e-07,-512.000000,
4.500004e-09,-2.600000,4.500004e-09,-40.000000,-1.260000e-07,-512.000000,
5.500004e-09,-2.000000,5.500004e-09,-48.000000,-1.250000e-07,-512.000000,
6.500004e-09,-2.000000,6.500004e-09,-52.000000,-1.240000e-07,-512.000000,
7.500003e-09,-1.600000,7.500003e-09,-60.000000,-1.230000e-07,-512.000000,
8.500003e-09,-1.200000,8.500003e-09,-64.000000,-1.220000e-07,-512.000000,
9.500003e-09,-0.800000,9.500003e-09,-76.000000,-1.210000e-07,-512.000000,
1.050000e-08,-0.400000,1.050000e-08,-80.000000,-1.200000e-07,-512.000000,
1.150000e-08,-0.200000,1.150000e-08,-88.000000,-1.190000e-07,-512.000000,
1.250000e-08,0.000000,1.250000e-08,-96.000000,-1.180000e-07,-512.000000,
1.350000e-08,0.200000,1.350000e-08,-100.000000,-1.170000e-07,-512.000000,
1.450000e-08,0.400000,1.450000e-08,-104.000000,-1.160000e-07,-512.000000,
1.550000e-08,0.800000,1.550000e-08,-112.000000,-1.150000e-07,-512.000000,
1.650000e-08,0.400000,1.650000e-08,-120.000000,-1.140000e-07,-512.000000,
1.750000e-08,-1.000000,1.750000e-08,-124.000000,-1.130000e-07,-512.000000,
1.850000e-08,-1.200000,1.850000e-08,-128.000000,-1.120000e-07,-512.000000,
1.950000e-08,-1.400000,1.950000e-08,-136.000000,-1.110000e-07,-512.000000,
2.050000e-08,-1.000000,2.050000e-08,-140.000000,-1.100000e-07,-512.000000,
2.150000e-08,-0.200000,2.150000e-08,-144.000000,-1.090000e-07,-512.000000,
2.250000e-08,0.400000,2.250000e-08,-148.000000,-1.080000e-07,-512.000000,
2.350000e-08,0.800000,2.350000e-08,-156.000000,-1.070000e-07,-512.000000,
2.450000e-08,0.400000,2.450000e-08,-160.000000,-1.060000e-07,-512.000000,
2.550000e-08,0.000000,2.550000e-08,-168.000000,-1.050000e-07,-512.000000,
2.650000e-08,-0.400000,2.650000e-08,-172.000000,-1.040000e-07,-512.000000,
2.750000e-08,-0.600000,2.750000e-08,-176.000000,-1.030000e-07,-512.000000,
2.850000e-08,-1.800000,2.850000e-08,-180.000000,-1.020000e-07,-512.000000,
2.950000e-08,-3.200000,2.950000e-08,-184.000000,-1.010000e-07,-512.000000,
3.050000e-08,-4.000000,3.050000e-08,-188.000000,-1.000000e-07,-512.000000,
3.150000e-08,-3.800000,3.150000e-08,-188.000000,-9.900000e-08,-512.000000,
3.250000e-08,-3.800000,3.250000e-08,-188.000000,-9.800000e-08,-512.000000,
3.350000e-08,-3.800000,3.350000e-08,-192.000000,-9.700000e-08,-512.000000,
3.450000e-08,-3.800000,3.450000e-08,-192.000000,-9.600000e-08,-512.000000,
3.550000e-08,-3.600000,3.550000e-08,-196.000000,-9.500000e-08,-512.000000,
3.650000e-08,-3.600000,3.650000e-08,-196.000000,-9.400000e-08,-512.000000,
3.750000e-08,-4.000000,3.750000e-08,-196.000000,-9.300000e-08,-512.000000,
3.850000e-08,-4.400000,3.850000e-08,-196.000000,-9.200000e-08,-512.000000,
3.950000e-08,-3.800000,3.950000e-08,-192.000000,-9.100000e-08,-512.000000,
4.050000e-08,-3.600000,4.050000e-08,-192.000000,-9.000000e-08,-512.000000,
4.150000e-08,-3.800000,4.150000e-08,-192.000000,-8.900000e-08,-512.000000,
4.250000e-08,-4.400000,4.250000e-08,-192.000000,-8.800000e-08,-512.000000,
4.350000e-08,-4.600000,4.350000e-08,-192.000000,-8.700000e-08,-512.000000,
4.450000e-08,-4.000000,4.450000e-08,-188.000000,-8.600000e-08,-512.000000,
4.550000e-08,-3.400000,4.550000e-08,-188.000000,-8.500000e-08,-512.000000,
4.650000e-08,-3.200000,4.650000e-08,-188.000000,-8.400000e-08,-512.000000,
4.750000e-08,-3.000000,4.750000e-08,-188.000000,-8.300000e-08,-512.000000,
4.850000e-08,-2.600000,4.850000e-08,-184.000000,-8.200000e-08,-512.000000,
4.950000e-08,-2.000000,4.950000e-08,-184.000000,-8.100000e-08,-512.000000,
5.050000e-08,-2.200000,5.050000e-08,-180.000000,-8.000000e-08,-512.000000,
5.150000e-08,-2.200000,5.150000e-08,-180.000000,-7.900000e-08,-512.000000,
5.250000e-08,-2.200000,5.250000e-08,-176.000000,-7.800000e-08,-512.000000,
5.350000e-08,-2.200000,5.350000e-08,-176.000000,-7.700000e-08,-512.000000,
5.450000e-08,-2.400000,5.450000e-08,-172.000000,-7.600000e-08,-512.000000,
5.550000e-08,-2.400000,5.550000e-08,-172.000000,-7.500000e-08,-512.000000,
5.650000e-08,-2.400000,5.650000e-08,-168.000000,-7.400000e-08,-512.000000,
5.750000e-08,-2.000000,5.750000e-08,-168.000000,-7.300000e-08,-512.000000,
5.850000e-08,-1.600000,5.850000e-08,-168.000000,-7.200000e-08,-512.000000,
5.950000e-08,-1.600000,5.950000e-08,-164.000000,-7.100000e-08,-512.000000,
6.050000e-08,-1.600000,6.050000e-08,-164.000000,-7.000000e-08,-512.000000,
6.150000e-08,-1.600000,6.150000e-08,-164.000000,-6.900000e-08,-512.000000,
6.250000e-08,-1.800000,6.250000e-08,-164.000000,-6.800000e-08,-512.000000,
6.350000e-08,-1.800000,6.350000e-08,-164.000000,-6.700000e-08,-512.000000,
6.450000e-08,-2.000000,6.450000e-08,-164.000000,-6.600000e-08,-512.000000,
6.550000e-08,-2.200000,6.550000e-08,-164.000000,-6.500000e-08,-512.000000,
6.650000e-08,-2.000000,6.650000e-08,-164.000000,-6.400000e-08,-512.000000,
6.750000e-08,-2.200000,6.750000e-08,-164.000000,-6.300000e-08,-512.000000,
6.850000e-08,-2.200000,6.850000e-08,-164.000000,-6.200000e-08,-512.000000,
6.950000e-08,-2.000000,6.950000e-08,-164.000000,-6.100000e-08,-512.000000,
7.050000e-08,-2.000000,7.050000e-08,-164.000000,-6.000000e-08,-512.000000,
7.150000e-08,-1.800000,7.150000e-08,-164.000000,-5.900000e-08,-512.000000,
7.250000e-08,-2.000000,7.250000e-08,-164.000000,-5.800000e-08,-512.000000,
7.350000e-08,-1.800000,7.350000e-08,-164.000000,-5.700000e-08,-512.000000,
7.450000e-08,-2.000000,7.450000e-08,-164.000000,-5.600000e-08,-512.000000,
7.550000e-08,-2.000000,7.550000e-08,-168.000000,-5.500000e-08,-512.000000,
7.650000e-08,-2.000000,7.650000e-08,-164.000000,-5.400000e-08,-512.000000,
7.750000e-08,-2.000000,7.750000e-08,-164.000000,-5.300000e-08,-512.000000,
7.850000e-08,-2.200000,7.850000e-08,-160.000000,-5.200000e-08,-512.000000,
7.950000e-08,-2.000000,7.950000e-08,-156.000000,-5.100000e-08,-512.000000,
8.050000e-08,-2.000000,8.050000e-08,-152.000000,-5.000000e-08,-512.000000,
8.150000e-08,-2.000000,8.150000e-08,-148.000000,-4.900000e-08,-512.000000,
8.250000e-08,-2.000000,8.250000e-08,-144.000000,-4.800000e-08,-512.000000,
8.350000e-08,-2.200000,8.350000e-08,-140.000000,-4.700000e-08,-512.000000,
8.450000e-08,-2.200000,8.450000e-08,-136.000000,-4.600000e-08,-512.000000,
8.550000e-08,-2.200000,8.550000e-08,-132.000000,-4.500000e-08,-512.000000,
8.650000e-08,-2.000000,8.650000e-08,-124.000000,-4.400000e-08,-512.000000,
8.750000e-08,-1.800000,8.750000e-08,-120.000000,-4.300000e-08,-512.000000,
8.850000e-08,-1.600000,8.850000e-08,-116.000000,-4.200000e-08,-512.000000,
8.950000e-08,-1.400000,8.950000e-08,-108.000000,-4.100000e-08,-512.000000,
9.050000e-08,-1.400000,9.050000e-08,-104.000000,-4.000000e-08,-512.000000,
9.150000e-08,-1.200000,9.150000e-08,-100.000000,-3.900000e-08,-512.000000,
9.250000e-08,-1.200000,9.250000e-08,-92.000000,-3.800000e-08,-512.000000,
9.350000e-08,-1.000000,9.350000e-08,-88.000000,-3.700000e-08,-512.000000,
9.450000e-08,-0.800000,9.450000e-08,-84.000000,-3.600000e-08,-512.000000,
9.550000e-08,-0.800000,9.550000e-08,-80.000000,-3.500000e-08,-512.000000,
9.650000e-08,-0.600000,9.650000e-08,-76.000000,-3.400000e-08,-512.000000,
9.750000e-08,-0.600000,9.750000e-08,-72.000000,-3.300000e-08,-512.000000,
9.850000e-08,-0.400000,9.850000e-08,-68.000000,-3.200000e-08,-512.000000,
9.950000e-08,-0.200000,9.950000e-08,-64.000000,-3.100000e-08,-512.000000,
1.005000e-07,-0.200000,1.005000e-07,-60.000000,-3.000000e-08,-512.000000,
1.015000e-07,-0.200000,1.015000e-07,-56.000000,-2.900000e-08,-512.000000,
1.025000e-07,-0.200000,1.025000e-07,-52.000000,-2.800000e-08,-512.000000,
1.035000e-07,0.000000,1.035000e-07,-52.000000,-2.700000e-08,-512.000000,
1.045000e-07,0.000000,1.045000e-07,-48.000000,-2.600000e-08,-512.000000,
1.055000e-07,0.200000,1.055000e-07,-44.000000,-2.500000e-08,-512.000000,
1.065000e-07,0.200000,1.065000e-07,-44.000000,-2.400000e-08,-512.000000,
1.075000e-07,0.200000,1.075000e-07,-44.000000,-2.300000e-08,-512.000000,
1.085000e-07,0.200000,1.085000e-07,-40.000000,-2.200000e-08,-512.000000,
1.095000e-07,0.000000,1.095000e-07,-40.000000,-2.100000e-08,-512.000000,
1.105000e-07,-0.200000,1.105000e-07,-36.000000,-2.000000e-08,-512.000000,
1.115000e-07,-0.400000,1.115000e-07,-40.000000,-1.900000e-08,-512.000000,
1.125000e-07,-0.400000,1.125000e-07,-36.000000,-1.800000e-08,-512.000000,
1.135000e-07,-0.200000,1.135000e-07,-36.000000,-1.700000e-08,-512.000000,
1.145000e-07,-0.200000,1.145000e-07,-32.000000,-1.600000e-08,-512.000000,
1.155000e-07,0.000000,1.155000e-07,-32.000000,-1.500000e-08,-512.000000,
1.165000e-07,0.000000,1.165000e-07,-32.000000,-1.400000e-08,-512.000000,
1.175000e-07,0.000000,1.175000e-07,-32.000000,-1.300000e-08,-512.000000,
1.185000e-07,-0.200000,1.185000e-07,-28.000000,-1.200000e-08,-512.000000,
1.195000e-07,-0.200000,1.195000e-07,-28.000000,-1.100000e-08,-512.000000,
1.205000e-07,-0.400000,1.205000e-07,-28.000000,-1.000000e-08,-512.000000,
1.215000e-07,-0.400000,1.215000e-07,-28.000000,-9.000000e-09,-512.000000,
1.225000e-07,-0.400000,1.225000e-07,-28.000000,-8.000000e-09,-512.000000,
1.235000e-07,-0.200000,1.235000e-07,-24.000000,-7.000000e-09,-512.000000,
1.245000e-07,0.000000,1.245000e-07,-24.000000,-6.000000e-09,-512.000000,
1.255000e-07,0.200000,1.255000e-07,-24.000000,-5.000000e-09,-512.000000,
1.265000e-07,0.400000,1.265000e-07,-20.000000,-4.000000e-09,-512.000000,
1.275000e-07,0.600000,1.275000e-07,-20.000000,-3.000000e-09,-512.000000,
1.285000e-07,0.600000,1.285000e-07,-20.000000,-2.000000e-09,-512.000000,
1.295000e-07,0.800000,1.295000e-07,-16.000000,-1.000000e-09,-512.000000,
1.305000e-07,0.800000,1.305000e-07,-16.000000,0.000000e+00,-512.000000,
1.315000e-07,0.800000,1.315000e-07,-16.000000,1.000000e-09,-512.000000,
1.325000e-07,0.800000,1.325000e-07,-16.000000,2.000000e-09,-512.000000,
1.335000e-07,1.000000,1.335000e-07,-12.000000,3.000000e-09,-512.000000,
1.345000e-07,1.000000,1.345000e-07,-8.000000,4.000000e-09,-512.000000,
1.355000e-07,1.000000,1.355000e-07,-8.000000,5.000000e-09,-512.000000,
1.365000e-07,1.000000,1.365000e-07,-8.000000,6.000000e-09,-512.000000,
1.375000e-07,1.200000,1.375000e-07,-4.000000,7.000000e-09,-512.000000,
1.385000e-07,1.400000,1.385000e-07,-4.000000,8.000000e-09,-512.000000,
1.395000e-07,1.400000,1.395000e-07,-4.000000,9.000000e-09,-512.000000,
1.405000e-07,1.400000,1.405000e-07,0.000000,1.000000e-08,-512.000000,
1.415000e-07,1.600000,1.415000e-07,0.000000,1.100000e-08,-512.000000,
1.425000e-07,1.600000,1.425000e-07,0.000000,1.200000e-08,-512.000000,
1.435000e-07,1.600000,1.435000e-07,4.000000,1.300000e-08,-512.000000,
1.445000e-07,1.600000,1.445000e-07,0.000000,1.400000e-08,-512.000000,
1.455000e-07,1.600000,1.455000e-07,4.000000,1.500000e-08,-512.000000,
1.465000e-07,1.600000,1.465000e-07,4.000000,1.600000e-08,-512.000000,
1.475000e-07,1.600000,1.475000e-07,4.000000,1.700000e-08,-512.000000,
1.485000e-07,1.600000,1.485000e-07,0.000000,1.800000e-08,-512.000000,
1.495000e-07,1.600000,1.495000e-07,0.000000,1.900000e-08,-512.000000,
1.505000e-07,1.400000,1.505000e-07,4.000000,2.000000e-08,-512.000000,
1.515000e-07,1.600000,1.515000e-07,0.000000,2.100000e-08,-512.000000,
1.525000e-07,1.400000,1.525000e-07,0.000000,2.200000e-08,-512.000000,
1.535000e-07,1.400000,1.535000e-07,0.000000,2.300000e-08,-512.000000,
1.545000e-07,1.200000,1.545000e-07,0.000000,2.400000e-08,-512.000000,
1.555000e-07,1.000000,1.555000e-07,0.000000,2.500000e-08,-512.000000,
1.565000e-07,1.000000,1.565000e-07,0.000000,2.600000e-08,-512.000000,
1.575000e-07,0.800000,1.575000e-07,0.000000,2.700000e-08,-512.000000,
1.585000e-07,0.800000,1.585000e-07,-4.000000,2.800000e-08,-512.000000,
1.595000e-07,0.600000,1.595000e-07,-4.000000,2.900000e-08,-512.000000,
1.605000e-07,0.400000,1.605000e-07,-4.000000,3.000000e-08,-512.000000,
1.615000e-07,0.400000,1.615000e-07,-8.000000,3.100000e-08,-512.000000,
1.625000e-07,0.200000,1.625000e-07,-4.000000,3.200000e-08,-512.000000,
1.635000e-07,0.200000,1.635000e-07,-8.000000,3.300000e-08,-512.000000,
1.645000e-07,0.200000,1.645000e-07,-8.000000,3.400000e-08,-512.000000,
1.655000e-07,0.000000,1.655000e-07,-8.000000,3.500000e-08,-512.000000,
1.665000e-07,0.000000,1.665000e-07,-8.000000,3.600000e-08,-512.000000,
1.675000e-07,-0.200000,1.675000e-07,-8.000000,3.700000e-08,-512.000000,
1.685000e-07,-0.200000,1.685000e-07,-8.000000,3.800000e-08,-512.000000,
1.695000e-07,-0.200000,1.695000e-07,-12.000000,3.900000e-08,-512.000000,
1.705000e-07,-0.400000,1.705000e-07,-8.000000,4.000000e-08,-512.000000,
1.715000e-07,-0.400000,1.715000e-07,-8.000000,4.100000e-08,-512.000000,
1.725000e-07,-0.600000,1.725000e-07,-8.000000,4.200000e-08,-512.000000,
1.735000e-07,-0.800000,1.735000e-07,-8.000000,4.300000e-08,-512.000000,
1.745000e-07,-0.800000,1.745000e-07,-8.000000,4.400000e-08,-512.000000,
1.755000e-07,-0.600000,1.755000e-07,-8.000000,4.500000e-08,-512.000000,
1.765000e-07,-0.800000,1.765000e-07,-8.000000,4.600000e-08,-512.000000,
1.775000e-07,-0.600000,1.775000e-07,-8.000000,4.700000e-08,-512.000000,
1.785000e-07,-0.800000,1.785000e-07,-8.000000,4.800000e-08,-512.000000,
1.795000e-07,-0.800000,1.795000e-07,-4.000000,4.900000e-08,-512.000000,
1.805000e-07,-0.800000,1.805000e-07,-4.000000,5.000000e-08,-512.000000,
1.815000e-07,-0.800000,1.815000e-07,-4.000000,5.100000e-08,-512.000000,
1.825000e-07,-0.800000,1.825000e-07,-4.000000,5.200000e-08,-512.000000,
1.835000e-07,-0.800000,1.835000e-07,-4.000000,5.300000e-08,-512.000000,
1.845000e-07,-0.800000,1.845000e-07,-4.000000,5.400000e-08,-512.000000,
1.855000e-07,-0.800000,1.855000e-07,-4.000000,5.500000e-08,-512.000000,
1.865000e-07,-1.000000,1.865000e-07,-4.000000,5.600000e-08,-512.000000,
1.875000e-07,-1.000000,1.875000e-07,0.000000,5.700000e-08,-512.000000,
1.885000e-07,-1.000000,1.885000e-07,-4.000000,5.800000e-08,-512.000000,
1.895000e-07,-1.000000,1.895000e-07,0.000000,5.900000e-08,-512.000000,
1.905000e-07,-1.000000,1.905000e-07,-4.000000,6.000000e-08,-512.000000,
1.915000e-07,-1.000000,1.915000e-07,0.000000,6.100000e-08,-512.000000,
1.925000e-07,-1.200000,1.925000e-07,-4.000000,6.200000e-08,-512.000000,
1.935000e-07,-1.200000,1.935000e-07,-4.000000,6.300000e-08,-512.000000,
1.945000e-07,-1.200000,1.945000e-07,-4.000000,6.400000e-08,-512.000000,
1.955000e-07,-1.200000,1.955000e-07,-4.000000,6.500000e-08,-512.000000,
1.965000e-07,-1.400000,1.965000e-07,-4.000000,6.600000e-08,-512.000000,
1.975000e-07,-1.600000,1.975000e-07,-4.000000,6.700000e-08,-512.000000,
1.985000e-07,-1.800000,1.985000e-07,-4.000000,6.800000e-08,-512.000000,
1.995000e-07,-1.800000,1.995000e-07,-4.000000,6.900000e-08,-512.000000,
2.005000e-07,-2.000000,2.005000e-07,-4.000000,7.000000e-08,-512.000000,
2.015000e-07,-2.000000,2.015000e-07,-4.000000,7.100000e-08,-512.000000,
2.025000e-07,-2.200000,2.025000e-07,-8.000000,7.200000e-08,-512.000000,
2.035000e-07,-2.200000,2.035000e-07,-8.000000,7.300000e-08,-512.000000,
2.045000e-07,-2.400000,2.045000e-07,-8.000000,7.400000e-08,-512.000000,
2.055000e-07,-2.200000,2.055000e-07,-8.000000,7.500000e-08,-512.000000,
2.065000e-07,-2.400000,2.065000e-07,-12.000000,7.600000e-08,-512.000000,
2.075000e-07,-2.400000,2.075000e-07,-12.000000,7.700000e-08,-512.000000,
2.085000e-07,-2.400000,2.085000e-07,-12.000000,7.800000e-08,-512.000000,
2.095000e-07,-2.400000,2.095000e-07,-12.000000,7.900000e-08,-512.000000,
2.105000e-07,-2.600000,2.105000e-07,-12.000000,8.000000e-08,-512.000000,
2.115000e-07,-2.600000,2.115000e-07,-12.000000,8.100000e-08,-512.000000,
2.125000e-07,-2.600000,2.125000e-07,-12.000000,8.200000e-08,-512.000000,
2.135000e-07,-2.600000,2.135000e-07,-12.000000,8.300000e-08,-512.000000,
2.145000e-07,-2.800000,2.145000e-07,-12.000000,8.400000e-08,-512.000000,
2.155000e-07,-2.600000,2.155000e-07,-12.000000,8.500000e-08,-512.000000,
2.165000e-07,-2.800000,2.165000e-07,-12.000000,8.600000e-08,-512.000000,
2.175000e-07,-2.600000,2.175000e-07,-12.000000,8.700000e-08,-512.000000,
2.185000e-07,-2.600000,2.185000e-07,-12.000000,8.800000e-08,-512.000000,
2.195000e-07,-2.600000,2.195000e-07,-12.000000,8.900000e-08,-512.000000,
2.205000e-07,-2.600000,2.205000e-07,-12.000000,9.000000e-08,-512.000000,
2.215000e-07,-2.600000,2.215000e-07,-8.000000,9.100000e-08,-512.000000,
2.225000e-07,-2.600000,2.225000e-07,-8.000000,9.200000e-08,-512.000000,
2.235000e-07,-2.600000,2.235000e-07,-8.000000,9.300000e-08,-512.000000,
2.245000e-07,-2.600000,2.245000e-07,-8.000000,9.400000e-08,-512.000000,
2.255000e-07,-2.600000,2.255000e-07,-8.000000,9.500000e-08,-512.000000,
2.265000e-07,-2.600000,2.265000e-07,-8.000000,9.600000e-08,-512.000000,
2.275000e-07,-2.400000,2.275000e-07,-8.000000,9.700000e-08,-512.000000,
2.285000e-07,-2.200000,2.285000e-07,-4.000000,9.800000e-08,-512.000000,
2.295000e-07,-2.200000,2.295000e-07,-4.000000,9.900000e-08,-512.000000,
2.305000e-07,-2.200000,2.305000e-07,-8.000000,1.000000e-07,-512.000000,
2.315000e-07,-2.000000,2.315000e-07,-4.000000,1.010000e-07,-512.000000,
2.325000e-07,-2.200000,2.325000e-07,-4.000000,1.020000e-07,-512.000000,
2.335000e-07,-2.000000,2.335000e-07,-4.000000,1.030000e-07,-512.000000,
2.345000e-07,-2.000000,2.345000e-07,-4.000000,1.040000e-07,-512.000000,
2.355000e-07,-2.000000,2.355000e-07,-4.000000,1.050000e-07,-512.000000,
2.365000e-07,-2.000000,2.365000e-07,-4.000000,1.060000e-07,-512.000000,
2.375000e-07,-1.800000,2.375000e-07,-4.000000,1.070000e-07,-512.000000,
2.385000e-07,-1.800000,2.385000e-07,-4.000000,1.080000e-07,-512.000000,
2.395000e-07,-1.800000,2.395000e-07,-4.000000,1.090000e-07,-512.000000,
2.405000e-07,-1.800000,2.405000e-07,-4.000000,1.100000e-07,-512.000000,
2.415000e-07,-1.800000,2.415000e-07,-4.000000,1.110000e-07,-512.000000,
2.425000e-07,-1.800000,2.425000e-07,-4.000000,1.120000e-07,-512.000000,
2.435000e-07,-1.800000,2.435000e-07,-4.000000,1.130000e-07,-512.000000,
2.445000e-07,-1.800000,2.445000e-07,-4.000000,1.140000e-07,-512.000000,
2.455000e-07,-1.600000,2.455000e-07,-4.000000,1.150000e-07,-512.000000,
2.465000e-07,-1.600000,2.465000e-07,-8.000000,1.160000e-07,-512.000000,
2.475000e-07,-1.600000,2.475000e-07,-4.000000,1.170000e-07,-512.000000,
2.485000e-07,-1.600000,2.485000e-07,-4.000000,1.180000e-07,-512.000000,
2.495000e-07,-1.600000,2.495000e-07,-4.000000,1.190000e-07,-512.000000,
2.505000e-07,-1.800000,2.505000e-07,-4.000000,1.200000e-07,-512.000000,
2.515000e-07,-1.600000,2.515000e-07,-4.000000,1.210000e-07,-512.000000,
2.525000e-07,-1.600000,2.525000e-07,-8.000000,1.220000e-07,-512.000000,
2.535000e-07,-1.400000,2.535000e-07,-8.000000,1.230000e-07,-512.000000,
2.545000e-07,-1.600000,2.545000e-07,-4.000000,1.240000e-07,-512.000000,
2.555000e-07,-1.400000,2.555000e-07,-4.000000,1.250000e-07,-512.000000,
2.565000e-07,-1.400000,2.565000e-07,-4.000000,1.260000e-07,-512.000000,
2.575000e-07,-1.200000,2.575000e-07,-4.000000,1.270000e-07,-512.000000,
2.585000e-07,-1.200000,2.585000e-07,-4.000000,1.280000e-07,-512.000000,
2.595000e-07,-1.000000,2.595000e-07,-4.000000,1.290000e-07,-512.000000,
2.605000e-07,-1.000000,2.605000e-07,-4.000000,1.300000e-07,-512.000000,
2.615000e-07,-1.000000,2.615000e-07,-4.000000,1.310000e-07,-512.000000,
2.625000e-07,-1.000000,2.625000e-07,-4.000000,1.320000e-07,-512.000000,
2.635000e-07,-0.800000,2.635000e-07,-4.000000,1.330000e-07,-512.000000,
2.645000e-07,-0.800000,2.645000e-07,-4.000000,1.340000e-07,-512.000000,
2.655000e-07,-0.600000,2.655000e-07,-4.000000,1.350000e-07,-512.000000,
2.665000e-07,-0.600000,2.665000e-07,-4.000000,1.360000e-07,-512.000000,
2.675000e-07,-0.600000,2.675000e-07,-4.000000,1.370000e-07,-512.000000,
2.685000e-07,-0.600000,2.685000e-07,-4.000000,1.380000e-07,-512.000000,
2.695000e-07,-0.600000,2.695000e-07,-4.000000,1.390000e-07,-512.000000,
2.705000e-07,-0.400000,2.705000e-07,-4.000000,1.400000e-07,-512.000000,
2.715000e-07,-0.400000,2.715000e-07,-4.000000,1.410000e-07,-512.000000,
2.725000e-07,-0.400000,2.725000e-07,0.000000,1.420000e-07,-512.000000,
2.735000e-07,-0.200000,2.735000e-07,0.000000,1.430000e-07,-512.000000,
2.745000e-07,-0.200000,2.745000e-07,0.000000,1.440000e-07,-512.000000,
2.755000e-07,-0.200000,2.755000e-07,0.000000,1.450000e-07,-512.000000,
2.765000e-07,-0.200000,2.765000e-07,0.000000,1.460000e-07,-512.000000,
2.775000e-07,-0.200000,2.775000e-07,0.000000,1.470000e-07,-512.000000,
2.785000e-07,-0.200000,2.785000e-07,0.000000,1.480000e-07,-512.000000,
2.795000e-07,-0.200000,2.795000e-07,0.000000,1.490000e-07,-512.000000,
2.805000e-07,0.000000,2.805000e-07,0.000000,1.500000e-07,-512.000000,
2.815000e-07,0.000000,2.815000e-07,0.000000,1.510000e-07,-512.000000,
2.825000e-07,0.000000,2.825000e-07,0.000000,1.520000e-07,-512.000000,
2.835000e-07,0.000000,2.835000e-07,0.000000,1.530000e-07,-512.000000,
2.845000e-07,0.200000,2.845000e-07,0.000000,1.540000e-07,-512.000000,
2.855000e-07,0.000000,2.855000e-07,0.000000,1.550000e-07,-512.000000,
2.865000e-07,0.200000,2.865000e-07,0.000000,1.560000e-07,-512.000000,
2.875000e-07,0.200000,2.875000e-07,0.000000,1.570000e-07,-512.000000,
2.885000e-07,0.200000,2.885000e-07,0.000000,1.580000e-07,-512.000000,
2.895000e-07,0.200000,2.895000e-07,0.000000,1.590000e-07,-512.000000,
2.905000e-07,0.200000,2.905000e-07,0.000000,1.600000e-07,-512.000000,
2.915000e-07,0.200000,2.915000e-07,0.000000,1.610000e-07,-512.000000,
2.925000e-07,0.200000,2.925000e-07,0.000000,1.620000e-07,-512.000000,
2.935000e-07,0.400000,2.935000e-07,0.000000,1.630000e-07,-512.000000,
2.945000e-07,0.200000,2.945000e-07,0.000000,1.640000e-07,-512.000000,
2.955000e-07,0.400000,2.955000e-07,0.000000,1.650000e-07,-512.000000,
2.965000e-07,0.200000,2.965000e-07,0.000000,1.660000e-07,-512.000000,
2.975000e-07,0.400000,2.975000e-07,0.000000,1.670000e-07,-512.000000,
2.985000e-07,0.200000,2.985000e-07,0.000000,1.680000e-07,-512.000000,
2.995000e-07,0.400000,2.995000e-07,-4.000000,1.690000e-07,-512.000000,
3.005000e-07,0.200000,3.005000e-07,0.000000,1.700000e-07,-512.000000,
3.015000e-07,0.400000,3.015000e-07,0.000000,1.710000e-07,-512.000000,
3.025000e-07,0.200000,3.025000e-07,0.000000,1.720000e-07,-512.000000,
3.035000e-07,0.400000,3.035000e-07,0.000000,1.730000e-07,-512.000000,
3.045000e-07,0.400000,3.045000e-07,-4.000000,1.740000e-07,-512.000000,
3.055000e-07,0.400000,3.055000e-07,0.000000,1.750000e-07,-512.000000,
3.065000e-07,0.400000,3.065000e-07,0.000000,1.760000e-07,-512.000000,
3.075000e-07,0.400000,3.075000e-07,0.000000,1.770000e-07,-512.000000,
3.085000e-07,0.400000,3.085000e-07,0.000000,1.780000e-07,-512.000000,
3.095000e-07,0.600000,3.095000e-07,0.000000,1.790000e-07,-512.000000,
3.105000e-07,0.600000,3.105000e-07,0.000000,1.800000e-07,-512.000000,
3.115000e-07,0.600000,3.115000e-07,0.000000,1.810000e-07,-512.000000,
3.125000e-07,0.600000,3.125000e-07,0.000000,1.820000e-07,-512.000000,
3.135000e-07,0.600000,3.135000e-07,0.000000,1.830000e-07,-512.000000,
3.145000e-07,0.800000,3.145000e-07,0.000000,1.840000e-07,-512.000000,
3.155000e-07,0.800000,3.155000e-07,0.000000,1.850000e-07,-512.000000,
3.165000e-07,0.800000,3.165000e-07,4.000000,1.860000e-07,-512.000000,
3.175000e-07,1.000000,3.175000e-07,0.000000,1.870000e-07,-512.000000,
3.185000e-07,0.800000,3.185000e-07,4.000000,1.880000e-07,-512.000000,
3.195000e-07,1.000000,3.195000e-07,4.000000,1.890000e-07,-512.000000,
3.205000e-07,1.000000,3.205000e-07,4.000000,1.900000e-07,-512.000000,
3.215000e-07,1.000000,3.215000e-07,4.000000,1.910000e-07,-512.000000,
3.225000e-07,1.000000,3.225000e-07,4.000000,1.920000e-07,-512.000000,
3.235000e-07,1.200000,3.235000e-07,8.000000,1.930000e-07,-512.000000,
3.245000e-07,1.000000,3.245000e-07,4.000000,1.940000e-07,-512.000000,
3.255000e-07,1.000000,3.255000e-07,4.000000,1.950000e-07,-512.000000,
3.265000e-07,1.000000,3.265000e-07,8.000000,1.960000e-07,-512.000000,
3.275000e-07,1.200000,3.275000e-07,8.000000,1.970000e-07,-512.000000,
3.285000e-07,1.200000,3.285000e-07,8.000000,1.980000e-07,-512.000000,
3.295000e-07,1.200000,3.295000e-07,4.000000,1.990000e-07,-512.000000,
3.305000e-07,1.200000,3.305000e-07,8.000000,2.000000e-07,-512.000000,
3.315000e-07,1.200000,3.315000e-07,4.000000,2.010000e-07,-512.000000,
3.325000e-07,1.200000,3.325000e-07,8.000000,2.020000e-07,-512.000000,
3.335000e-07,1.200000,3.335000e-07,4.000000,2.030000e-07,-512.000000,
3.345000e-07,1.200000,3.345000e-07,4.000000,2.040000e-07,-512.000000,
3.355000e-07,1.200000,3.355000e-07,4.000000,2.050000e-07,-512.000000,
3.365000e-07,1.200000,3.365000e-07,4.000000,2.060000e-07,-512.000000,
3.375000e-07,1.200000,3.375000e-07,4.000000,2.070000e-07,-512.000000,
3.385000e-07,1.200000,3.385000e-07,4.000000,2.080000e-07,-512.000000,
3.395000e-07,1.200000,3.395000e-07,4.000000,2.090000e-07,-512.000000,
3.405000e-07,1.200000,3.405000e-07,4.000000,2.100000e-07,-512.000000,
3.415000e-07,1.200000,3.415000e-07,4.000000,2.110000e-07,-512.000000,
3.425000e-07,1.200000,3.425000e-07,4.000000,2.120000e-07,-512.000000,
3.435000e-07,1.200000,3.435000e-07,4.000000,2.130000e-07,-512.000000,
3.445000e-07,1.200000,3.445000e-07,4.000000,2.140000e-07,-512.000000,
3.455000e-07,1.200000,3.455000e-07,4.000000,2.150000e-07,-512.000000,
3.465000e-07,1.400000,3.465000e-07,4.000000,2.160000e-07,-512.000000,
3.475000e-07,1.400000,3.475000e-07,4.000000,2.170000e-07,-512.000000,
3.485000e-07,1.400000,3.485000e-07,4.000000,2.180000e-07,-512.000000,
3.495000e-07,1.400000,3.495000e-07,4.000000,2.190000e-07,-512.000000,
3.505000e-07,1.600000,3.505000e-07,4.000000,2.200000e-07,-512.000000,
3.515000e-07,1.400000,3.515000e-07,4.000000,2.210000e-07,-512.000000,
3.525000e-07,1.600000,3.525000e-07,4.000000,2.220000e-07,-512.000000,
3.535000e-07,1.600000,3.535000e-07,8.000000,2.230000e-07,-512.000000,
3.545000e-07,1.600000,3.545000e-07,8.000000,2.240000e-07,-512.000000,
3.555000e-07,1.600000,3.555000e-07,8.000000,2.250000e-07,-512.000000,
3.565000e-07,1.800000,3.565000e-07,8.000000,2.260000e-07,-512.000000,
3.575000e-07,1.800000,3.575000e-07,8.000000,2.270000e-07,-512.000000,
3.585000e-07,2.000000,3.585000e-07,8.000000,2.280000e-07,-512.000000,
3.595000e-07,1.800000,3.595000e-07,8.000000,2.290000e-07,-512.000000,
3.605000e-07,1.800000,3.605000e-07,12.000000,2.300000e-07,-512.000000,
3.615000e-07,2.000000,3.615000e-07,12.000000,2.310000e-07,-512.000000,
3.625000e-07,2.000000,3.625000e-07,12.000000,2.320000e-07,-512.000000,
3.635000e-07,2.000000,3.635000e-07,12.000000,2.330000e-07,-512.000000,
3.645000e-07,2.200000,3.645000e-07,12.000000,2.340000e-07,-512.000000,
3.655000e-07,2.000000,3.655000e-07,12.000000,2.350000e-07,-512.000000,
3.665000e-07,2.200000,3.665000e-07,12.000000,2.360000e-07,-512.000000,
3.675000e-07,2.200000,3.675000e-07,12.000000,2.370000e-07,-512.000000,
3.685000e-07,2.200000,3.685000e-07,12.000000,2.380000e-07,-512.000000,
3.695000e-07,2.200000,3.695000e-07,12.000000,2.390000e-07,-512.000000,
3.705000e-07,2.200000,3.705000e-07,12.000000,2.400000e-07,-512.000000,
3.715000e-07,2.200000,3.715000e-07,12.000000,2.410000e-07,-512.000000,
3.725000e-07,2.200000,3.725000e-07,12.000000,2.420000e-07,-512.000000,
3.735000e-07,2.200000,3.735000e-07,12.000000,2.430000e-07,-512.000000,
3.745000e-07,2.200000,3.745000e-07,12.000000,2.440000e-07,-512.000000,
3.755000e-07,2.200000,3.755000e-07,12.000000,2.450000e-07,-512.000000,
3.765000e-07,2.200000,3.765000e-07,12.000000,2.460000e-07,-512.000000,
3.775000e-07,2.200000,3.775000e-07,8.000000,2.470000e-07,-512.000000,
3.785000e-07,2.200000,3.785000e-07,12.000000,2.480000e-07,-512.000000,
3.795000e-07,2.200000,3.795000e-07,12.000000,2.490000e-07,-512.000000,
3.805000e-07,2.200000,3.805000e-07,12.000000,2.500000e-07,-512.000000,
3.815000e-07,2.200000,3.815000e-07,12.000000,2.510000e-07,-512.000000,
3.825000e-07,2.200000,3.825000e-07,12.000000,2.520000e-07,-512.000000,
3.835000e-07,2.200000,3.835000e-07,12.000000,2.530000e-07,-512.000000,
3.845000e-07,2.000000,3.845000e-07,12.000000,2.540000e-07,-512.000000,
3.855000e-07,2.200000,3.855000e-07,8.000000,2.550000e-07,-512.000000,
3.865000e-07,2.000000,3.865000e-07,12.000000,2.560000e-07,-512.000000,
3.875000e-07,2.200000,3.875000e-07,8.000000,2.570000e-07,-512.000000,
3.885000e-07,2.000000,3.885000e-07,12.000000,2.580000e-07,-512.000000,
3.895000e-07,2.200000,3.895000e-07,8.000000,2.590000e-07,-512.000000,
3.905000e-07,2.000000,3.905000e-07,8.000000,2.600000e-07,-512.000000,
3.915000e-07,2.200000,3.915000e-07,8.000000,2.610000e-07,-512.000000,
3.925000e-07,2.000000,3.925000e-07,12.000000,2.620000e-07,-512.000000,
3.935000e-07,2.200000,3.935000e-07,8.000000,2.630000e-07,-512.000000,
3.945000e-07,2.000000,3.945000e-07,12.000000,2.640000e-07,-512.000000,
3.955000e-07,2.200000,3.955000e-07,12.000000,2.650000e-07,-512.000000,
3.965000e-07,2.000000,3.965000e-07,8.000000,2.660000e-07,-512.000000,
3.975000e-07,2.200000,3.975000e-07,8.000000,2.670000e-07,-512.000000,
3.985000e-07,2.000000,3.985000e-07,12.000000,2.680000e-07,-512.000000,
3.995000e-07,2.000000,3.995000e-07,8.000000,2.690000e-07,-512.000000,
4.005000e-07,2.000000,4.005000e-07,8.000000,2.700000e-07,-512.000000,
4.015000e-07,2.000000,4.015000e-07,8.000000,2.710000e-07,-512.000000,
4.025000e-07,2.000000,4.025000e-07,8.000000,2.720000e-07,-512.000000,
4.035000e-07,2.000000,4.035000e-07,8.000000,2.730000e-07,-512.000000,
4.045000e-07,2.000000,4.045000e-07,8.000000,2.740000e-07,-512.000000,
4.055000e-07,2.200000,4.055000e-07,8.000000,2.750000e-07,-512.000000,
4.065000e-07,2.200000,4.065000e-07,8.000000,2.760000e-07,-512.000000,
4.075000e-07,2.200000,4.075000e-07,8.000000,2.770000e-07,-512.000000,
4.085000e-07,2.200000,4.085000e-07,8.000000,2.780000e-07,-512.000000,
4.095000e-07,2.200000,4.095000e-07,8.000000,2.790000e-07,-512.000000,
4.105000e-07,2.200000,4.105000e-07,8.000000,2.800000e-07,-512.000000,
4.115000e-07,2.200000,4.115000e-07,8.000000,2.810000e-07,-512.000000,
4.125000e-07,2.200000,4.125000e-07,12.000000,2.820000e-07,-512.000000,
4.135000e-07,2.200000,4.135000e-07,8.000000,2.830000e-07,-512.000000,
4.145000e-07,2.200000,4.145000e-07,8.000000,2.840000e-07,-512.000000,
4.155000e-07,2.200000,4.155000e-07,8.000000,2.850000e-07,-512.000000,
4.165000e-07,2.200000,4.165000e-07,8.000000,2.860000e-07,-512.000000,
4.175000e-07,2.200000,4.175000e-07,8.000000,2.870000e-07,-512.000000,
4.185000e-07,2.000000,4.185000e-07,8.000000,2.880000e-07,-512.000000,
4.195000e-07,2.000000,4.195000e-07,8.000000,2.890000e-07,-512.000000,
4.205000e-07,2.000000,4.205000e-07,8.000000,2.900000e-07,-512.000000,
4.215000e-07,2.000000,4.215000e-07,8.000000,2.910000e-07,-512.000000,
4.225000e-07,2.000000,4.225000e-07,8.000000,2.920000e-07,-512.000000,
4.235000e-07,2.000000,4.235000e-07,8.000000,2.930000e-07,-512.000000,
4.245000e-07,2.000000,4.245000e-07,8.000000,2.940000e-07,-512.000000,
4.255000e-07,2.000000,4.255000e-07,8.000000,2.950000e-07,-512.000000,
4.265000e-07,2.000000,4.265000e-07,8.000000,2.960000e-07,-512.000000,
4.275000e-07,2.000000,4.275000e-07,4.000000,2.970000e-07,-512.000000,
4.285000e-07,2.000000,4.285000e-07,8.000000,2.980000e-07,-512.000000,
4.295000e-07,2.000000,4.295000e-07,4.000000,2.990000e-07,-512.000000,
4.305000e-07,1.800000,4.305000e-07,8.000000,3.000000e-07,-512.000000,
4.315000e-07,2.000000,4.315000e-07,8.000000,3.010000e-07,-512.000000,
4.325000e-07,2.000000,4.325000e-07,8.000000,3.020000e-07,-512.000000,
4.335000e-07,2.000000,4.335000e-07,4.000000,3.030000e-07,-512.000000,
4.345000e-07,2.000000,4.345000e-07,8.000000,3.040000e-07,-512.000000,
4.355000e-07,2.000000,4.355000e-07,4.000000,3.050000e-07,-512.000000,
4.365000e-07,2.000000,4.365000e-07,8.000000,3.060000e-07,-512.000000,
4.375000e-07,2.000000,4.375000e-07,4.000000,3.070000e-07,-512.000000,
4.385000e-07,2.000000,4.385000e-07,8.000000,3.080000e-07,-512.000000,
4.395000e-07,2.000000,4.395000e-07,8.000000,3.090000e-07,-512.000000,
4.405000e-07,2.000000,4.405000e-07,8.000000,3.100000e-07,-512.000000,
4.415000e-07,2.000000,4.415000e-07,4.000000,3.110000e-07,-512.000000,
4.425000e-07,2.000000,4.425000e-07,8.000000,3.120000e-07,-512.000000,
4.435000e-07,2.000000,4.435000e-07,8.000000,3.130000e-07,-512.000000,
4.445000e-07,2.000000,4.445000e-07,8.000000,3.140000e-07,-512.000000,
4.455000e-07,2.000000,4.455000e-07,8.000000,3.150000e-07,-512.000000,
4.465000e-07,2.000000,4.465000e-07,8.000000,3.160000e-07,-512.000000,
4.475000e-07,2.000000,4.475000e-07,8.000000,3.170000e-07,-512.000000,
4.485000e-07,2.000000,4.485000e-07,8.000000,3.180000e-07,-512.000000,
4.495000e-07,2.000000,4.495000e-07,8.000000,3.190000e-07,-512.000000,
4.505000e-07,2.000000,4.505000e-07,8.000000,3.200000e-07,-512.000000,
4.515000e-07,2.000000,4.515000e-07,8.000000,3.210000e-07,-512.000000,
4.525000e-07,2.000000,4.525000e-07,8.000000,3.220000e-07,-512.000000,
4.535000e-07,2.200000,4.535000e-07,8.000000,3.230000e-07,-512.000000,
4.545000e-07,2.000000,4.545000e-07,8.000000,3.240000e-07,-512.000000,
4.555000e-07,2.200000,4.555000e-07,8.000000,3.250000e-07,-512.000000,
4.565000e-07,2.000000,4.565000e-07,8.000000,3.260000e-07,-512.000000,
4.575000e-07,2.200000,4.575000e-07,8.000000,3.270000e-07,-512.000000,
4.585000e-07,2.000000,4.585000e-07,12.000000,3.280000e-07,-512.000000,
4.595000e-07,2.200000,4.595000e-07,8.000000,3.290000e-07,-512.000000,
4.605000e-07,2.000000,4.605000e-07,8.000000,3.300000e-07,-512.000000,
4.615000e-07,2.200000,4.615000e-07,8.000000,3.310000e-07,-512.000000,
4.625000e-07,2.000000,4.625000e-07,8.000000,3.320000e-07,-512.000000,
4.635000e-07,2.000000,4.635000e-07,8.000000,3.330000e-07,-512.000000,
4.645000e-07,2.000000,4.645000e-07,8.000000,3.340000e-07,-512.000000,
4.655000e-07,2.000000,4.655000e-07,8.000000,3.350000e-07,-512.000000,
4.665000e-07,2.000000,4.665000e-07,8.000000,3.360000e-07,-512.000000,
4.675000e-07,2.200000,4.675000e-07,8.000000,3.370000e-07,-512.000000,
4.685000e-07,2.000000,4.685000e-07,8.000000,3.380000e-07,-512.000000,
4.695000e-07,2.000000,4.695000e-07,8.000000,3.390000e-07,-512.000000,
4.705000e-07,2.000000,4.705000e-07,8.000000,3.400000e-07,-512.000000,
4.715000e-07,2.000000,4.715000e-07,8.000000,3.410000e-07,-512.000000,
4.725000e-07,2.000000,4.725000e-07,8.000000,3.420000e-07,-512.000000,
4.735000e-07,2.000000,4.735000e-07,8.000000,3.430000e-07,-512.000000,
4.745000e-07,2.000000,4.745000e-07,8.000000,3.440000e-07,-512.000000,
4.755000e-07,2.000000,4.755000e-07,8.000000,3.450000e-07,-512.000000,
4.765000e-07,2.000000,4.765000e-07,8.000000,3.460000e-07,-512.000000,
4.775000e-07,2.200000,4.775000e-07,8.000000,3.470000e-07,-512.000000,
4.785000e-07,2.000000,4.785000e-07,8.000000,3.480000e-07,-512.000000,
4.795000e-07,2.000000,4.795000e-07,8.000000,3.490000e-07,-512.000000,
4.805000e-07,2.000000,4.805000e-07,8.000000,3.500000e-07,-512.000000,
4.815000e-07,2.000000,4.815000e-07,8.000000,3.510000e-07,-512.000000,
4.825000e-07,2.000000,4.825000e-07,8.000000,3.520000e-07,-512.000000,
4.835000e-07,2.000000,4.835000e-07,8.000000,3.530000e-07,-512.000000,
4.845000e-07,2.000000,4.845000e-07,8.000000,3.540000e-07,-512.000000,
4.855000e-07,2.000000,4.855000e-07,8.000000,3.550000e-07,-512.000000,
4.865000e-07,2.000000,4.865000e-07,8.000000,3.560000e-07,-512.000000,
4.875000e-07,1.800000,4.875000e-07,8.000000,3.570000e-07,-512.000000,
4.885000e-07,1.800000,4.885000e-07,8.000000,3.580000e-07,-512.000000,
4.895000e-07,2.000000,4.895000e-07,8.000000,3.590000e-07,-512.000000,
4.905000e-07,1.800000,4.905000e-07,8.000000,3.600000e-07,-512.000000,
4.915000e-07,2.000000,4.915000e-07,8.000000,3.610000e-07,-512.000000,
4.925000e-07,1.800000,4.925000e-07,8.000000,3.620000e-07,-512.000000,
4.935000e-07,2.000000,4.935000e-07,4.000000,3.630000e-07,-512.000000,
4.945000e-07,1.800000,4.945000e-07,8.000000,3.640000e-07,-512.000000,
4.955000e-07,2.000000,4.955000e-07,4.000000,3.650000e-07,-512.000000,
4.965000e-07,1.800000,4.965000e-07,8.000000,3.660000e-07,-512.000000,
4.975000e-07,1.800000,4.975000e-07,8.000000,3.670000e-07,-512.000000,
4.985000e-07,1.800000,4.985000e-07,8.000000,3.680000e-07,-512.000000,
4.995000e-07,1.800000,4.995000e-07,4.000000,3.690000e-07,-512.000000,
5.005000e-07,1.800000,5.005000e-07,4.000000,3.700000e-07,-512.000000,
5.015000e-07,1.800000,5.015000e-07,4.000000,3.710000e-07,-512.000000,
5.025000e-07,1.800000,5.025000e-07,8.000000,3.720000e-07,-512.000000,
5.035000e-07,1.800000,5.035000e-07,4.000000,3.730000e-07,-512.000000,
5.045000e-07,1.600000,5.045000e-07,4.000000,3.740000e-07,-512.000000,
5.055000e-07,1.800000,5.055000e-07,4.000000,3.750000e-07,-512.000000,
5.065000e-07,1.800000,5.065000e-07,4.000000,3.760000e-07,-512.000000,
5.075000e-07,1.800000,5.075000e-07,4.000000,3.770000e-07,-512.000000,
5.085000e-07,1.600000,5.085000e-07,4.000000,3.780000e-07,-512.000000,
5.095000e-07,1.600000,5.095000e-07,4.000000,3.790000e-07,-512.000000,
5.105000e-07,1.600000,5.105000e-07,4.000000,3.800000e-07,-512.000000,
5.115000e-07,1.600000,5.115000e-07,4.000000,3.810000e-07,-512.000000,
5.125000e-07,1.600000,5.125000e-07,4.000000,3.820000e-07,-512.000000,
5.135000e-07,1.600000,5.135000e-07,4.000000,3.830000e-07,-512.000000,
5.145000e-07,1.400000,5.145000e-07,4.000000,3.840000e-07,-512.000000,
5.155000e-07,1.600000,5.155000e-07,4.000000,3.850000e-07,-512.000000,
5.165000e-07,1.400000,5.165000e-07,4.000000,3.860000e-07,-512.000000,
5.175000e-07,1.400000,5.175000e-07,4.000000,3.870000e-07,-512.000000,
5.185000e-07,1.400000,5.185000e-07,4.000000,3.880000e-07,-512.000000,
5.195000e-07,1.400000,5.195000e-07,4.000000,3.890000e-07,-512.000000,
5.205000e-07,1.400000,5.205000e-07,4.000000,3.900000e-07,-512.000000,
5.215000e-07,1.400000,5.215000e-07,4.000000,3.910000e-07,-512.000000,
5.225000e-07,1.400000,5.225000e-07,4.000000,3.920000e-07,-512.000000,
5.235000e-07,1.400000,5.235000e-07,4.000000,3.930000e-07,-512.000000,
5.245000e-07,1.200000,5.245000e-07,4.000000,3.940000e-07,-512.000000,
5.255000e-07,1.400000,5.255000e-07,4.000000,3.950000e-07,-512.000000,
5.265000e-07,1.200000,5.265000e-07,4.000000,3.960000e-07,-512.000000,
5.275000e-07,1.400000,5.275000e-07,4.000000,3.970000e-07,-512.000000,
5.285000e-07,1.200000,5.285000e-07,4.000000,3.980000e-07,-512.000000,
5.295000e-07,1.400000,5.295000e-07,4.000000,3.990000e-07,-512.000000,
5.305000e-07,1.400000,5.305000e-07,4.000000,4.000000e-07,-512.000000,
5.315000e-07,1.400000,5.315000e-07,4.000000,4.010000e-07,-512.000000,
5.325000e-07,1.200000,5.325000e-07,4.000000,4.020000e-07,-512.000000,
5.335000e-07,1.200000,5.335000e-07,4.000000,4.030000e-07,-512.000000,
5.345000e-07,1.200000,5.345000e-07,4.000000,4.040000e-07,-512.000000,
5.355000e-07,1.200000,5.355000e-07,4.000000,4.050000e-07,-512.000000,
5.365000e-07,1.200000,5.365000e-07,4.000000,4.060000e-07,-512.000000,
5.375000e-07,1.200000,5.375000e-07,4.000000,4.070000e-07,-512.000000,
5.385000e-07,1.200000,5.385000e-07,4.000000,4.080000e-07,-512.000000,
5.395000e-07,1.200000,5.395000e-07,4.000000,4.090000e-07,-512.000000,
5.405000e-07,1.200000,5.405000e-07,4.000000,4.100000e-07,-512.000000,
5.415000e-07,1.200000,5.415000e-07,4.000000,4.110000e-07,-512.000000,
5.425000e-07,1.200000,5.425000e-07,4.000000,4.120000e-07,-512.000000,
5.435000e-07,1.200000,5.435000e-07,8.000000,4.130000e-07,-512.000000,
5.445000e-07,1.200000,5.445000e-07,8.000000,4.140000e-07,-512.000000,
5.455000e-07,1.200000,5.455000e-07,8.000000,4.150000e-07,-512.000000,
5.465000e-07,1.400000,5.465000e-07,8.000000,4.160000e-07,-512.000000,
5.475000e-07,1.400000,5.475000e-07,8.000000,4.170000e-07,-512.000000,
5.485000e-07,1.200000,5.485000e-07,8.000000,4.180000e-07,-512.000000,
5.495000e-07,1.200000,5.495000e-07,8.000000,4.190000e-07,-512.000000,
5.505000e-07,1.200000,5.505000e-07,8.000000,4.200000e-07,-512.000000,
5.515000e-07,1.200000,5.515000e-07,8.000000,4.210000e-07,-512.000000,
5.525000e-07,1.200000,5.525000e-07,8.000000,4.220000e-07,-512.000000,
5.535000e-07,1.200000,5.535000e-07,4.000000,4.230000e-07,-512.000000,
5.545000e-07,1.200000,5.545000e-07,8.000000,4.240000e-07,-512.000000,
5.555000e-07,1.200000,5.555000e-07,4.000000,4.250000e-07,-512.000000,
5.565000e-07,1.200000,5.565000e-07,8.000000,4.260000e-07,-512.000000,
5.575000e-07,1.200000,5.575000e-07,8.000000,4.270000e-07,-512.000000,
5.585000e-07,1.200000,5.585000e-07,8.000000,4.280000e-07,-512.000000,
5.595000e-07,1.200000,5.595000e-07,4.000000,4.290000e-07,-512.000000,
5.605000e-07,1.200000,5.605000e-07,8.000000,4.300000e-07,-512.000000,
5.615000e-07,1.200000,5.615000e-07,4.000000,4.310000e-07,-512.000000,
5.625000e-07,1.200000,5.625000e-07,8.000000,4.320000e-07,-512.000000,
5.635000e-07,1.200000,5.635000e-07,8.000000,4.330000e-07,-512.000000,
5.645000e-07,1.000000,5.645000e-07,8.000000,4.340000e-07,-512.000000,
5.655000e-07,1.200000,5.655000e-07,4.000000,4.350000e-07,-512.000000,
5.665000e-07,1.000000,5.665000e-07,8.000000,4.360000e-07,-512.000000,
5.675000e-07,1.200000,5.675000e-07,4.000000,4.370000e-07,-512.000000,
5.685000e-07,1.000000,5.685000e-07,4.000000,4.380000e-07,-512.000000,
5.695000e-07,1.000000,5.695000e-07,4.000000,4.390000e-07,-512.000000,
5.705000e-07,1.000000,5.705000e-07,8.000000,4.400000e-07,-512.000000,
5.715000e-07,1.200000,5.715000e-07,4.000000,4.410000e-07,-512.000000,
5.725000e-07,1.200000,5.725000e-07,8.000000,4.420000e-07,-512.000000,
5.735000e-07,1.000000,5.735000e-07,4.000000,4.430000e-07,-512.000000,
5.745000e-07,1.000000,5.745000e-07,4.000000,4.440000e-07,-512.000000,
5.755000e-07,1.000000,5.755000e-07,4.000000,4.450000e-07,-512.000000,
5.765000e-07,1.000000,5.765000e-07,4.000000,4.460000e-07,-512.000000,
5.775000e-07,1.000000,5.775000e-07,4.000000,4.470000e-07,-512.000000,
5.785000e-07,1.000000,5.785000e-07,8.000000,4.480000e-07,-512.000000,
5.795000e-07,1.000000,5.795000e-07,4.000000,4.490000e-07,-512.000000,
5.805000e-07,1.000000,5.805000e-07,4.000000,4.500000e-07,-512.000000,
5.815000e-07,1.000000,5.815000e-07,4.000000,4.510000e-07,-512.000000,
5.825000e-07,1.000000,5.825000e-07,8.000000,4.520000e-07,-512.000000,
5.835000e-07,1.000000,5.835000e-07,4.000000,4.530000e-07,-512.000000,
5.845000e-07,1.000000,5.845000e-07,8.000000,4.540000e-07,-512.000000,
5.855000e-07,1.000000,5.855000e-07,8.000000,4.550000e-07,-512.000000,
5.865000e-07,1.000000,5.865000e-07,4.000000,4.560000e-07,-512.000000,
5.875000e-07,1.000000,5.875000e-07,8.000000,4.570000e-07,-512.000000,
5.885000e-07,0.800000,5.885000e-07,4.000000,4.580000e-07,-512.000000,
5.895000e-07,1.000000,5.895000e-07,4.000000,4.590000e-07,-512.000000,
5.905000e-07,0.800000,5.905000e-07,4.000000,4.600000e-07,-512.000000,
5.915000e-07,0.800000,5.915000e-07,4.000000,4.610000e-07,-512.000000,
5.925000e-07,0.800000,5.925000e-07,4.000000,4.620000e-07,-512.000000,
5.935000e-07,0.800000,5.935000e-07,4.000000,4.630000e-07,-512.000000,
5.945000e-07,0.800000,5.945000e-07,4.000000,4.640000e-07,-512.000000,
5.955000e-07,0.800000,5.955000e-07,4.000000,4.650000e-07,-512.000000,
5.965000e-07,0.800000,5.965000e-07,4.000000,4.660000e-07,-512.000000,
5.975000e-07,0.800000,5.975000e-07,4.000000,4.670000e-07,-512.000000,
5.985000e-07,0.800000,5.985000e-07,4.000000,4.680000e-07,-512.000000,
5.995000e-07,0.800000,5.995000e-07,4.000000,4.690000e-07,-512.000000,
6.005000e-07,0.800000,6.005000e-07,4.000000,4.700000e-07,-512.000000,
6.015000e-07,0.800000,6.015000e-07,4.000000,4.710000e-07,-512.000000,
6.025000e-07,0.800000,6.025000e-07,4.000000,4.720000e-07,-512.000000,
6.035000e-07,0.600000,6.035000e-07,4.000000,4.730000e-07,-512.000000,
6.045000e-07,0.800000,6.045000e-07,4.000000,4.740000e-07,-512.000000,
6.055000e-07,0.800000,6.055000e-07,4.000000,4.750000e-07,-512.000000,
6.065000e-07,0.800000,6.065000e-07,4.000000,4.760000e-07,-512.000000,
6.075000e-07,0.600000,6.075000e-07,4.000000,4.770000e-07,-512.000000,
6.085000e-07,0.800000,6.085000e-07,4.000000,4.780000e-07,-512.000000,
6.095000e-07,0.600000,6.095000e-07,4.000000,4.790000e-07,-512.000000,
6.105000e-07,0.600000,6.105000e-07,0.000000,4.800000e-07,-512.000000,
6.115000e-07,0.600000,6.115000e-07,4.000000,4.810000e-07,-512.000000,
6.125000e-07,0.600000,6.125000e-07,0.000000,4.820000e-07,-512.000000,
6.135000e-07,0.600000,6.135000e-07,4.000000,4.830000e-07,-512.000000,
6.145000e-07,0.600000,6.145000e-07,4.000000,4.840000e-07,-512.000000,
6.155000e-07,0.600000,6.155000e-07,4.000000,4.850000e-07,-512.000000,
6.165000e-07,0.600000,6.165000e-07,4.000000,4.860000e-07,-512.000000,
6.175000e-07,0.600000,6.175000e-07,0.000000,4.870000e-07,-512.000000,
6.185000e-07,0.600000,6.185000e-07,4.000000,4.880000e-07,-512.000000,
6.195000e-07,0.600000,6.195000e-07,0.000000,4.890000e-07,-512.000000,
6.205000e-07,0.600000,6.205000e-07,4.000000,4.900000e-07,-512.000000,
6.215000e-07,0.600000,6.215000e-07,0.000000,4.910000e-07,-512.000000,
6.225000e-07,0.600000,6.225000e-07,4.000000,4.920000e-07,-512.000000,
6.235000e-07,0.600000,6.235000e-07,0.000000,4.930000e-07,-512.000000,
6.245000e-07,0.400000,6.245000e-07,4.000000,4.940000e-07,-512.000000,
6.255000e-07,0.400000,6.255000e-07,4.000000,4.950000e-07,-512.000000,
6.265000e-07,0.400000,6.265000e-07,0.000000,4.960000e-07,-512.000000,
6.275000e-07,0.400000,6.275000e-07,4.000000,4.970000e-07,-512.000000,
6.285000e-07,0.400000,6.285000e-07,4.000000,4.980000e-07,-512.000000,
6.295000e-07,0.400000,6.295000e-07,4.000000,4.990000e-07,-512.000000,
6.305000e-07,0.400000,6.305000e-07,4.000000,5.000000e-07,-512.000000,
6.315000e-07,0.400000,6.315000e-07,4.000000,5.010000e-07,-512.000000,
6.325000e-07,0.400000,6.325000e-07,4.000000,5.020000e-07,-512.000000,
6.335000e-07,0.600000,6.335000e-07,4.000000,5.030000e-07,-512.000000,
6.345000e-07,0.400000,6.345000e-07,4.000000,5.040000e-07,-512.000000,
6.355000e-07,0.600000,6.355000e-07,4.000000,5.050000e-07,-512.000000,
6.365000e-07,0.400000,6.365000e-07,4.000000,5.060000e-07,-512.000000,
6.375000e-07,0.400000,6.375000e-07,4.000000,5.070000e-07,-512.000000,
6.385000e-07,0.400000,6.385000e-07,4.000000,5.080000e-07,-512.000000,
6.395000e-07,0.400000,6.395000e-07,4.000000,5.090000e-07,-512.000000,
6.405000e-07,0.400000,6.405000e-07,4.000000,5.100000e-07,-512.000000,
6.415000e-07,0.400000,6.415000e-07,4.000000,5.110000e-07,-512.000000,
6.425000e-07,0.400000,6.425000e-07,0.000000,5.120000e-07,-512.000000,
6.435000e-07,0.400000,6.435000e-07,4.000000,5.130000e-07,-512.000000,
6.445000e-07,0.200000,6.445000e-07,4.000000,5.140000e-07,-512.000000,
6.455000e-07,0.400000,6.455000e-07,4.000000,5.150000e-07,-512.000000,
6.465000e-07,0.400000,6.465000e-07,4.000000,5.160000e-07,-512.000000,
6.475000e-07,0.400000,6.475000e-07,4.000000,5.170000e-07,-512.000000,
6.485000e-07,0.400000,6.485000e-07,4.000000,5.180000e-07,-512.000000,
6.495000e-07,0.400000,6.495000e-07,4.000000,5.190000e-07,-512.000000,
6.505000e-07,0.200000,6.505000e-07,4.000000,5.200000e-07,-512.000000,
6.515000e-07,0.400000,6.515000e-07,4.000000,5.210000e-07,-512.000000,
6.525000e-07,0.200000,6.525000e-07,4.000000,5.220000e-07,-512.000000,
6.535000e-07,0.400000,6.535000e-07,4.000000,5.230000e-07,-512.000000,
6.545000e-07,0.200000,6.545000e-07,4.000000,5.240000e-07,-512.000000,
6.555000e-07,0.200000,6.555000e-07,4.000000,5.250000e-07,-512.000000,
6.565000e-07,0.200000,6.565000e-07,4.000000,5.260000e-07,-512.000000,
6.575000e-07,0.200000,6.575000e-07,4.000000,5.270000e-07,-512.000000,
6.585000e-07,0.200000,6.585000e-07,0.000000,5.280000e-07,-512.000000,
6.595000e-07,0.200000,6.595000e-07,0.000000,5.290000e-07,-512.000000,
6.605000e-07,0.200000,6.605000e-07,0.000000,5.300000e-07,-512.000000,
6.615000e-07,0.200000,6.615000e-07,0.000000,5.310000e-07,-512.000000,
6.625000e-07,0.200000,6.625000e-07,0.000000,5.320000e-07,-512.000000,
6.635000e-07,0.200000,6.635000e-07,0.000000,5.330000e-07,-512.000000,
6.645000e-07,0.200000,6.645000e-07,0.000000,5.340000e-07,-512.000000,
6.655000e-07,0.400000,6.655000e-07,0.000000,5.350000e-07,-512.000000,
6.665000e-07,0.200000,6.665000e-07,0.000000,5.360000e-07,-512.000000,
6.675000e-07,0.200000,6.675000e-07,0.000000,5.370000e-07,-512.000000,
6.685000e-07,0.200000,6.685000e-07,0.000000,5.380000e-07,-512.000000,
6.695000e-07,0.200000,6.695000e-07,0.000000,5.390000e-07,-512.000000,
6.705000e-07,0.200000,6.705000e-07,0.000000,5.400000e-07,-512.000000,
6.715000e-07,0.200000,6.715000e-07,0.000000,5.410000e-07,-512.000000,
6.725000e-07,0.200000,6.725000e-07,0.000000,5.420000e-07,-512.000000,
6.735000e-07,0.400000,6.735000e-07,0.000000,5.430000e-07,-512.000000,
6.745000e-07,0.200000,6.745000e-07,0.000000,5.440000e-07,-512.000000,
6.755000e-07,0.200000,6.755000e-07,0.000000,5.450000e-07,-512.000000,
6.765000e-07,0.200000,6.765000e-07,0.000000,5.460000e-07,-512.000000,
6.775000e-07,0.200000,6.775000e-07,0.000000,5.470000e-07,-512.000000,
6.785000e-07,0.200000,6.785000e-07,0.000000,5.480000e-07,-512.000000,
6.795000e-07,0.200000,6.795000e-07,0.000000,5.490000e-07,-512.000000,
6.805000e-07,0.000000,6.805000e-07,0.000000,5.500000e-07,-512.000000,
6.815000e-07,0.200000,6.815000e-07,0.000000,5.510000e-07,-512.000000,
6.825000e-07,0.200000,6.825000e-07,0.000000,5.520000e-07,-512.000000,
6.835000e-07,0.200000,6.835000e-07,0.000000,5.530000e-07,-512.000000,
6.845000e-07,0.200000,6.845000e-07,0.000000,5.540000e-07,-512.000000,
6.855000e-07,0.200000,6.855000e-07,0.000000,5.550000e-07,-512.000000,
6.865000e-07,0.200000,6.865000e-07,0.000000,5.560000e-07,-512.000000,
6.875000e-07,0.200000,6.875000e-07,0.000000,5.570000e-07,-512.000000,
6.885000e-07,0.200000,6.885000e-07,0.000000,5.580000e-07,-512.000000,
6.895000e-07,0.200000,6.895000e-07,0.000000,5.590000e-07,-512.000000,
6.905000e-07,0.000000,6.905000e-07,0.000000,5.600000e-07,-512.000000,
6.915000e-07,0.200000,6.915000e-07,0.000000,5.610000e-07,-512.000000,
6.925000e-07,0.000000,6.925000e-07,0.000000,5.620000e-07,-512.000000,
6.935000e-07,0.200000,6.935000e-07,0.000000,5.630000e-07,-512.000000,
6.945000e-07,0.200000,6.945000e-07,0.000000,5.640000e-07,-512.000000,
6.955000e-07,0.200000,6.955000e-07,0.000000,5.650000e-07,-512.000000,
6.965000e-07,0.200000,6.965000e-07,0.000000,5.660000e-07,-512.000000,
6.975000e-07,0.200000,6.975000e-07,0.000000,5.670000e-07,-512.000000,
6.985000e-07,0.200000,6.985000e-07,0.000000,5.680000e-07,-512.000000,
6.995000e-07,0.200000,6.995000e-07,0.000000,5.690000e-07,-512.000000,
7.005000e-07,0.000000,7.005000e-07,0.000000,5.700000e-07,-512.000000,
7.015000e-07,0.200000,7.015000e-07,0.000000,5.710000e-07,-512.000000,
7.025000e-07,0.200000,7.025000e-07,0.000000,5.720000e-07,-512.000000,
7.035000e-07,0.200000,7.035000e-07,0.000000,5.730000e-07,-512.000000,
7.045000e-07,0.200000,7.045000e-07,0.000000,5.740000e-07,-512.000000,
7.055000e-07,0.200000,7.055000e-07,0.000000,5.750000e-07,-512.000000,
7.065000e-07,0.200000,7.065000e-07,0.000000,5.760000e-07,-512.000000,
7.075000e-07,0.200000,7.075000e-07,0.000000,5.770000e-07,-512.000000,
7.085000e-07,0.200000,7.085000e-07,0.000000,5.780000e-07,-512.000000,
7.095000e-07,0.200000,7.095000e-07,0.000000,5.790000e-07,-512.000000,
7.105000e-07,0.200000,7.105000e-07,0.000000,5.800000e-07,-512.000000,
7.115000e-07,0.200000,7.115000e-07,0.000000,5.810000e-07,-512.000000,
7.125000e-07,0.200000,7.125000e-07,0.000000,5.820000e-07,-512.000000,
7.135000e-07,0.200000,7.135000e-07,0.000000,5.830000e-07,-512.000000,
7.145000e-07,0.200000,7.145000e-07,0.000000,5.840000e-07,-512.000000,
7.155000e-07,0.200000,7.155000e-07,0.000000,5.850000e-07,-512.000000,
7.165000e-07,0.200000,7.165000e-07,0.000000,5.860000e-07,-512.000000,
7.175000e-07,0.200000,7.175000e-07,0.000000,5.870000e-07,-512.000000,
7.185000e-07,0.200000,7.185000e-07,0.000000,5.880000e-07,-512.000000,
7.195000e-07,0.200000,7.195000e-07,0.000000,5.890000e-07,-512.000000,
7.205000e-07,0.200000,7.205000e-07,0.000000,5.900000e-07,-512.000000,
7.215000e-07,0.200000,7.215000e-07,0.000000,5.910000e-07,-512.000000,
7.225000e-07,0.200000,7.225000e-07,0.000000,5.920000e-07,-512.000000,
7.235000e-07,0.200000,7.235000e-07,0.000000,5.930000e-07,-512.000000,
7.245000e-07,0.200000,7.245000e-07,0.000000,5.940000e-07,-512.000000,
7.255000e-07,0.200000,7.255000e-07,0.000000,5.950000e-07,-512.000000,
7.265000e-07,0.400000,7.265000e-07,0.000000,5.960000e-07,-512.000000,
7.275000e-07,0.400000,7.275000e-07,0.000000,5.970000e-07,-512.000000,
7.285000e-07,0.200000,7.285000e-07,0.000000,5.980000e-07,-512.000000,
7.295000e-07,0.400000,7.295000e-07,0.000000,5.990000e-07,-512.000000,
7.305000e-07,0.400000,7.305000e-07,0.000000,6.000000e-07,-512.000000,
7.315000e-07,0.400000,7.315000e-07,0.000000,6.010000e-07,-512.000000,
7.325000e-07,0.400000,7.325000e-07,0.000000,6.020000e-07,-512.000000,
7.335000e-07,0.600000,7.335000e-07,0.000000,6.030000e-07,-512.000000,
7.345000e-07,0.400000,7.345000e-07,0.000000,6.040000e-07,-512.000000,
7.355000e-07,0.600000,7.355000e-07,0.000000,6.050000e-07,-512.000000,
7.365000e-07,0.400000,7.365000e-07,0.000000,6.060000e-07,-512.000000,
7.375000e-07,0.600000,7.375000e-07,0.000000,6.070000e-07,-512.000000,
7.385000e-07,0.400000,7.385000e-07,0.000000,6.080000e-07,-512.000000,
7.395000e-07,0.600000,7.395000e-07,0.000000,6.090000e-07,-512.000000,
7.405000e-07,0.600000,7.405000e-07,0.000000,6.100000e-07,-512.000000,
7.415000e-07,0.600000,7.415000e-07,0.000000,6.110000e-07,-512.000000,
7.425000e-07,0.600000,7.425000e-07,0.000000,6.120000e-07,-512.000000,
7.435000e-07,0.600000,7.435000e-07,0.000000,6.130000e-07,-512.000000,
7.445000e-07,0.400000,7.445000e-07,0.000000,6.140000e-07,-512.000000,
7.455000e-07,0.600000,7.455000e-07,0.000000,6.150000e-07,-512.000000,
7.465000e-07,0.600000,7.465000e-07,0.000000,6.160000e-07,-512.000000,
7.475000e-07,0.600000,7.475000e-07,0.000000,6.170000e-07,-512.000000,
7.485000e-07,0.600000,7.485000e-07,0.000000,6.180000e-07,-512.000000,
7.495000e-07,0.600000,7.495000e-07,0.000000,6.190000e-07,-512.000000,
7.505000e-07,0.600000,7.505000e-07,0.000000,6.200000e-07,-512.000000,
7.515000e-07,0.600000,7.515000e-07,0.000000,6.210000e-07,-512.000000,
7.525000e-07,0.600000,7.525000e-07,0.000000,6.220000e-07,-512.000000,
7.535000e-07,0.800000,7.535000e-07,0.000000,6.230000e-07,-512.000000,
7.545000e-07,0.600000,7.545000e-07,0.000000,6.240000e-07,-512.000000,
7.555000e-07,0.600000,7.555000e-07,0.000000,6.250000e-07,-512.000000,
7.565000e-07,0.600000,7.565000e-07,0.000000,6.260000e-07,-512.000000,
7.575000e-07,0.600000,7.575000e-07,0.000000,6.270000e-07,-512.000000,
7.585000e-07,0.600000,7.585000e-07,0.000000,6.280000e-07,-512.000000,
7.595000e-07,0.600000,7.595000e-07,0.000000,6.290000e-07,-512.000000,
7.605000e-07,0.800000,7.605000e-07,0.000000,6.300000e-07,-512.000000,
7.615000e-07,0.800000,7.615000e-07,4.000000,6.310000e-07,-512.000000,
7.625000e-07,0.800000,7.625000e-07,0.000000,6.320000e-07,-512.000000,
7.635000e-07,0.800000,7.635000e-07,0.000000,6.330000e-07,-512.000000,
7.645000e-07,0.800000,7.645000e-07,4.000000,6.340000e-07,-512.000000,
7.655000e-07,0.800000,7.655000e-07,0.000000,6.350000e-07,-512.000000,
7.665000e-07,0.800000,7.665000e-07,0.000000,6.360000e-07,-512.000000,
7.675000e-07,0.800000,7.675000e-07,0.000000,6.370000e-07,-512.000000,
7.685000e-07,0.800000,7.685000e-07,0.000000,6.380000e-07,-512.000000,
7.695000e-07,0.800000,7.695000e-07,4.000000,6.390000e-07,-512.000000,
7.705000e-07,0.800000,7.705000e-07,0.000000,6.400000e-07,-512.000000,
7.715000e-07,0.800000,7.715000e-07,4.000000,6.410000e-07,-512.000000,
7.725000e-07,0.800000,7.725000e-07,0.000000,6.420000e-07,-512.000000,
7.735000e-07,0.800000,7.735000e-07,4.000000,6.430000e-07,-512.000000,
7.745000e-07,0.800000,7.745000e-07,0.000000,6.440000e-07,-512.000000,
7.755000e-07,0.800000,7.755000e-07,0.000000,6.450000e-07,-512.000000,
7.765000e-07,0.800000,7.765000e-07,0.000000,6.460000e-07,-512.000000,
7.775000e-07,0.800000,7.775000e-07,0.000000,6.470000e-07,-512.000000,
7.785000e-07,0.800000,7.785000e-07,0.000000,6.480000e-07,-512.000000,
7.795000e-07,0.800000,7.795000e-07,0.000000,6.490000e-07,-512.000000,
7.805000e-07,0.800000,7.805000e-07,0.000000,6.500000e-07,-512.000000,
7.815000e-07,0.800000,7.815000e-07,0.000000,6.510000e-07,-512.000000,
7.825000e-07,0.800000,7.825000e-07,0.000000,6.520000e-07,-512.000000,
7.835000e-07,1.000000,7.835000e-07,0.000000,6.530000e-07,-512.000000,
7.845000e-07,0.800000,7.845000e-07,0.000000,6.540000e-07,-512.000000,
7.855000e-07,1.000000,7.855000e-07,0.000000,6.550000e-07,-512.000000,
7.865000e-07,0.800000,7.865000e-07,0.000000,6.560000e-07,-512.000000,
7.875000e-07,0.800000,7.875000e-07,0.000000,6.570000e-07,-512.000000,
7.885000e-07,0.800000,7.885000e-07,0.000000,6.580000e-07,-512.000000,
7.895000e-07,1.000000,7.895000e-07,0.000000,6.590000e-07,-512.000000,
7.905000e-07,1.000000,7.905000e-07,0.000000,6.600000e-07,-512.000000,
7.915000e-07,1.000000,7.915000e-07,0.000000,6.610000e-07,-512.000000,
7.925000e-07,0.800000,7.925000e-07,4.000000,6.620000e-07,-512.000000,
7.935000e-07,0.800000,7.935000e-07,0.000000,6.630000e-07,-512.000000,
7.945000e-07,0.800000,7.945000e-07,0.000000,6.640000e-07,-512.000000,
7.955000e-07,0.800000,7.955000e-07,0.000000,6.650000e-07,-512.000000,
7.965000e-07,0.800000,7.965000e-07,4.000000,6.660000e-07,-512.000000,
7.975000e-07,1.000000,7.975000e-07,0.000000,6.670000e-07,-512.000000,
7.985000e-07,0.800000,7.985000e-07,0.000000,6.680000e-07,-512.000000,
7.995000e-07,1.000000,7.995000e-07,0.000000,6.690000e-07,-512.000000,
8.005000e-07,1.000000,8.005000e-07,0.000000,6.700000e-07,-512.000000,
8.015000e-07,1.000000,8.015000e-07,0.000000,6.710000e-07,-512.000000,
8.025000e-07,1.000000,8.025000e-07,0.000000,6.720000e-07,-512.000000,
8.035000e-07,1.000000,8.035000e-07,0.000000,6.730000e-07,-512.000000,
8.045000e-07,1.000000,8.045000e-07,4.000000,6.740000e-07,-512.000000,
8.055000e-07,1.000000,8.055000e-07,4.000000,6.750000e-07,-512.000000,
8.065000e-07,1.000000,8.065000e-07,4.000000,6.760000e-07,-512.000000,
8.075000e-07,1.000000,8.075000e-07,4.000000,6.770000e-07,-512.000000,
8.085000e-07,1.000000,8.085000e-07,0.000000,6.780000e-07,-512.000000,
8.095000e-07,1.000000,8.095000e-07,4.000000,6.790000e-07,-512.000000,
8.105000e-07,1.000000,8.105000e-07,4.000000,6.800000e-07,-512.000000,
8.115000e-07,1.000000,8.115000e-07,4.000000,6.810000e-07,-512.000000,
8.125000e-07,1.000000,8.125000e-07,0.000000,6.820000e-07,-512.000000,
8.135000e-07,1.000000,8.135000e-07,4.000000,6.830000e-07,-512.000000,
8.145000e-07,1.000000,8.145000e-07,0.000000,6.840000e-07,-512.000000,
8.155000e-07,1.200000,8.155000e-07,4.000000,6.850000e-07,-512.000000,
8.165000e-07,1.000000,8.165000e-07,0.000000,6.860000e-07,-512.000000,
8.175000e-07,1.000000,8.175000e-07,4.000000,6.870000e-07,-512.000000,
8.185000e-07,1.000000,8.185000e-07,4.000000,6.880000e-07,-512.000000,
8.195000e-07,1.000000,8.195000e-07,4.000000,6.890000e-07,-512.000000,
8.205000e-07,1.000000,8.205000e-07,0.000000,6.900000e-07,-512.000000,
8.215000e-07,1.000000,8.215000e-07,4.000000,6.910000e-07,-512.000000,
8.225000e-07,1.000000,8.225000e-07,0.000000,6.920000e-07,-512.000000,
8.235000e-07,1.000000,8.235000e-07,4.000000,6.930000e-07,-512.000000,
8.245000e-07,1.000000,8.245000e-07,4.000000,6.940000e-07,-512.000000,
8.255000e-07,1.200000,8.255000e-07,4.000000,6.950000e-07,-512.000000,
8.265000e-07,1.000000,8.265000e-07,4.000000,6.960000e-07,-512.000000,
8.275000e-07,1.200000,8.275000e-07,4.000000,6.970000e-07,-512.000000,
8.285000e-07,1.200000,8.285000e-07,4.000000,6.980000e-07,-512.000000,
8.295000e-07,1.200000,8.295000e-07,4.000000,6.990000e-07,-512.000000,
8.305000e-07,1.200000,8.305000e-07,4.000000,7.000000e-07,-512.000000,
8.315000e-07,1.200000,8.315000e-07,4.000000,7.010000e-07,-512.000000,
8.325000e-07,1.200000,8.325000e-07,4.000000,7.020000e-07,-512.000000,
8.335000e-07,1.200000,8.335000e-07,4.000000,7.030000e-07,-512.000000,
8.345000e-07,1.200000,8.345000e-07,4.000000,7.040000e-07,-512.000000,
8.355000e-07,1.200000,8.355000e-07,4.000000,7.050000e-07,-512.000000,
8.365000e-07,1.200000,8.365000e-07,4.000000,7.060000e-07,-512.000000,
8.375000e-07,1.200000,8.375000e-07,4.000000,7.070000e-07,-512.000000,
8.385000e-07,1.200000,8.385000e-07,4.000000,7.080000e-07,-512.000000,
8.395000e-07,1.200000,8.395000e-07,4.000000,7.090000e-07,-512.000000,
8.405000e-07,1.200000,8.405000e-07,4.000000,7.100000e-07,-512.000000,
8.415000e-07,1.200000,8.415000e-07,4.000000,7.110000e-07,-512.000000,
8.425000e-07,1.200000,8.425000e-07,4.000000,7.120000e-07,-512.000000,
8.435000e-07,1.200000,8.435000e-07,4.000000,7.130000e-07,-512.000000,
8.445000e-07,1.200000,8.445000e-07,4.000000,7.140000e-07,-512.000000,
8.455000e-07,1.200000,8.455000e-07,4.000000,7.150000e-07,-512.000000,
8.465000e-07,1.200000,8.465000e-07,4.000000,7.160000e-07,-512.000000,
8.475000e-07,1.400000,8.475000e-07,4.000000,7.170000e-07,-512.000000,
8.485000e-07,1.200000,8.485000e-07,4.000000,7.180000e-07,-512.000000,
8.495000e-07,1.200000,8.495000e-07,4.000000,7.190000e-07,-512.000000,
8.505000e-07,1.200000,8.505000e-07,4.000000,7.200000e-07,-512.000000,
8.515000e-07,1.200000,8.515000e-07,4.000000,7.210000e-07,-512.000000,
8.525000e-07,1.200000,8.525000e-07,4.000000,7.220000e-07,-512.000000,
8.535000e-07,1.200000,8.535000e-07,4.000000,7.230000e-07,-512.000000,
8.545000e-07,1.400000,8.545000e-07,4.000000,7.240000e-07,-512.000000,
8.555000e-07,1.200000,8.555000e-07,4.000000,7.250000e-07,-512.000000,
8.565000e-07,1.200000,8.565000e-07,4.000000,7.260000e-07,-512.000000,
8.575000e-07,1.400000,8.575000e-07,4.000000,7.270000e-07,-512.000000,
8.585000e-07,1.400000,8.585000e-07,4.000000,7.280000e-07,-512.000000,
8.595000e-07,1.200000,8.595000e-07,4.000000,7.290000e-07,-512.000000,
8.605000e-07,1.200000,8.605000e-07,8.000000,7.300000e-07,-512.000000,
8.615000e-07,1.400000,8.615000e-07,4.000000,7.310000e-07,-512.000000,
8.625000e-07,1.400000,8.625000e-07,8.000000,7.320000e-07,-512.000000,
8.635000e-07,1.200000,8.635000e-07,4.000000,7.330000e-07,-512.000000,
8.645000e-07,1.200000,8.645000e-07,4.000000,7.340000e-07,-512.000000,
8.655000e-07,1.400000,8.655000e-07,4.000000,7.350000e-07,-512.000000,
8.665000e-07,1.400000,8.665000e-07,4.000000,7.360000e-07,-512.000000,
8.675000e-07,1.400000,8.675000e-07,4.000000,7.370000e-07,-512.000000,
8.685000e-07,1.400000,8.685000e-07,4.000000,7.380000e-07,-512.000000,
8.695000e-07,1.400000,8.695000e-07,4.000000,7.390000e-07,-512.000000,
8.705000e-07,1.400000,8.705000e-07,8.000000,7.400000e-07,-512.000000,
8.715000e-07,1.400000,8.715000e-07,4.000000,7.410000e-07,-512.000000,
8.725000e-07,1.400000,8.725000e-07,8.000000,7.420000e-07,-512.000000,
8.735000e-07,1.400000,8.735000e-07,4.000000,7.430000e-07,-512.000000,
8.745000e-07,1.400000,8.745000e-07,8.000000,7.440000e-07,-512.000000,
8.755000e-07,1.400000,8.755000e-07,4.000000,7.450000e-07,-512.000000,
8.765000e-07,1.400000,8.765000e-07,4.000000,7.460000e-07,-512.000000,
8.775000e-07,1.400000,8.775000e-07,4.000000,7.470000e-07,-512.000000,
8.785000e-07,1.400000,8.785000e-07,4.000000,7.480000e-07,-512.000000,
8.795000e-07,1.400000,8.795000e-07,4.000000,7.490000e-07,-512.000000,
8.805000e-07,1.400000,8.805000e-07,4.000000,7.500000e-07,-512.000000,
8.815000e-07,1.400000,8.815000e-07,4.000000,7.510000e-07,-512.000000,
8.825000e-07,1.400000,8.825000e-07,4.000000,7.520000e-07,-512.000000,
8.835000e-07,1.400000,8.835000e-07,4.000000,7.530000e-07,-512.000000,
8.845000e-07,1.400000,8.845000e-07,4.000000,7.540000e-07,-512.000000,
8.855000e-07,1.400000,8.855000e-07,4.000000,7.550000e-07,-512.000000,
8.865000e-07,1.400000,8.865000e-07,4.000000,7.560000e-07,-512.000000,
8.875000e-07,1.400000,8.875000e-07,4.000000,7.570000e-07,-512.000000,
8.885000e-07,1.400000,8.885000e-07,4.000000,7.580000e-07,-512.000000,
8.895000e-07,1.400000,8.895000e-07,4.000000,7.590000e-07,-512.000000,
8.905000e-07,1.400000,8.905000e-07,4.000000,7.600000e-07,-512.000000,
8.915000e-07,1.600000,8.915000e-07,4.000000,7.610000e-07,-512.000000,
8.925000e-07,1.400000,8.925000e-07,4.000000,7.620000e-07,-512.000000,
8.935000e-07,1.600000,8.935000e-07,4.000000,7.630000e-07,-512.000000,
8.945000e-07,1.600000,8.945000e-07,8.000000,7.640000e-07,-512.000000,
8.955000e-07,1.600000,8.955000e-07,4.000000,7.650000e-07,-512.000000,
8.965000e-07,1.400000,8.965000e-07,4.000000,7.660000e-07,-512.000000,
8.975000e-07,1.400000,8.975000e-07,4.000000,7.670000e-07,-512.000000,
8.985000e-07,1.600000,8.985000e-07,4.000000,7.680000e-07,-512.000000,
8.995000e-07,1.600000,8.995000e-07,4.000000,7.690000e-07,-512.000000,
9.005000e-07,1.600000,9.005000e-07,4.000000,7.700000e-07,-512.000000,
9.015000e-07,1.600000,9.015000e-07,4.000000,7.710000e-07,-512.000000,
9.025000e-07,1.400000,9.025000e-07,4.000000,7.720000e-07,-512.000000,
9.035000e-07,1.400000,9.035000e-07,4.000000,7.730000e-07,-512.000000,
9.045000e-07,1.600000,9.045000e-07,4.000000,7.740000e-07,-512.000000,
9.055000e-07,1.400000,9.055000e-07,4.000000,7.750000e-07,-512.000000,
9.065000e-07,1.400000,9.065000e-07,4.000000,7.760000e-07,-512.000000,
9.075000e-07,1.400000,9.075000e-07,4.000000,7.770000e-07,-512.000000,
9.085000e-07,1.400000,9.085000e-07,4.000000,7.780000e-07,-512.000000,
9.095000e-07,1.400000,9.095000e-07,4.000000,7.790000e-07,-512.000000,
9.105000e-07,1.400000,9.105000e-07,4.000000,7.800000e-07,-512.000000,
9.115000e-07,1.600000,9.115000e-07,8.000000,7.810000e-07,-512.000000,
9.125000e-07,1.600000,9.125000e-07,4.000000,7.820000e-07,-512.000000,
9.135000e-07,1.600000,9.135000e-07,4.000000,7.830000e-07,-512.000000,
9.145000e-07,1.600000,9.145000e-07,4.000000,7.840000e-07,-512.000000,
9.155000e-07,1.600000,9.155000e-07,4.000000,7.850000e-07,-512.000000,
9.165000e-07,1.600000,9.165000e-07,4.000000,7.860000e-07,-512.000000,
9.175000e-07,1.600000,9.175000e-07,4.000000,7.870000e-07,-512.000000,
9.185000e-07,1.600000,9.185000e-07,4.000000,7.880000e-07,-512.000000,
9.195000e-07,1.600000,9.195000e-07,4.000000,7.890000e-07,-512.000000,
9.205000e-07,1.600000,9.205000e-07,4.000000,7.900000e-07,-512.000000,
9.215000e-07,1.600000,9.215000e-07,4.000000,7.910000e-07,-512.000000,
9.225000e-07,1.600000,9.225000e-07,4.000000,7.920000e-07,-512.000000,
9.235000e-07,1.600000,9.235000e-07,4.000000,7.930000e-07,-512.000000,
9.245000e-07,1.600000,9.245000e-07,4.000000,7.940000e-07,-512.000000,
9.255000e-07,1.600000,9.255000e-07,4.000000,7.950000e-07,-512.000000,
9.265000e-07,1.600000,9.265000e-07,4.000000,7.960000e-07,-512.000000,
9.275000e-07,1.600000,9.275000e-07,8.000000,7.970000e-07,-512.000000,
9.285000e-07,1.600000,9.285000e-07,8.000000,7.980000e-07,-512.000000,
9.295000e-07,1.800000,9.295000e-07,4.000000,7.990000e-07,-512.000000,
9.305000e-07,1.600000,9.305000e-07,8.000000,8.000000e-07,-512.000000,
9.315000e-07,1.600000,9.315000e-07,4.000000,8.010000e-07,-512.000000,
9.325000e-07,1.800000,9.325000e-07,8.000000,8.020000e-07,-512.000000,
9.335000e-07,1.600000,9.335000e-07,4.000000,8.030000e-07,-512.000000,
9.345000e-07,1.800000,9.345000e-07,4.000000,8.040000e-07,-512.000000,
9.355000e-07,1.800000,9.355000e-07,4.000000,8.050000e-07,-512.000000,
9.365000e-07,1.800000,9.365000e-07,8.000000,8.060000e-07,-512.000000,
9.375000e-07,1.800000,9.375000e-07,4.000000,8.070000e-07,-512.000000,
9.385000e-07,1.600000,9.385000e-07,8.000000,8.080000e-07,-512.000000,
9.395000e-07,1.800000,9.395000e-07,4.000000,8.090000e-07,-512.000000,
9.405000e-07,1.600000,9.405000e-07,4.000000,8.100000e-07,-512.000000,
9.415000e-07,1.800000,9.415000e-07,8.000000,8.110000e-07,-512.000000,
9.425000e-07,1.800000,9.425000e-07,8.000000,8.120000e-07,-512.000000,
9.435000e-07,1.800000,9.435000e-07,8.000000,8.130000e-07,-512.000000,
9.445000e-07,1.800000,9.445000e-07,4.000000,8.140000e-07,-512.000000,
9.455000e-07,1.800000,9.455000e-07,4.000000,8.150000e-07,-512.000000,
9.465000e-07,1.800000,9.465000e-07,4.000000,8.160000e-07,-512.000000,
9.475000e-07,1.800000,9.475000e-07,4.000000,8.170000e-07,-512.000000,
9.485000e-07,1.800000,9.485000e-07,4.000000,8.180000e-07,-512.000000,
9.495000e-07,2.000000,9.495000e-07,4.000000,8.190000e-07,-512.000000,
9.505000e-07,1.800000,9.505000e-07,8.000000,8.200000e-07,-512.000000,
9.515000e-07,2.000000,9.515000e-07,4.000000,8.210000e-07,-512.000000,
9.525000e-07,1.800000,9.525000e-07,8.000000,8.220000e-07,-512.000000,
9.535000e-07,1.800000,9.535000e-07,8.000000,8.230000e-07,-512.000000,
9.545000e-07,1.800000,9.545000e-07,4.000000,8.240000e-07,-512.000000,
9.555000e-07,1.800000,9.555000e-07,4.000000,8.250000e-07,-512.000000,
9.565000e-07,1.800000,9.565000e-07,4.000000,8.260000e-07,-512.000000,
9.575000e-07,1.800000,9.575000e-07,4.000000,8.270000e-07,-512.000000,
9.585000e-07,1.600000,9.585000e-07,4.000000,8.280000e-07,-512.000000,
9.595000e-07,1.800000,9.595000e-07,4.000000,8.290000e-07,-512.000000,
9.605000e-07,1.600000,9.605000e-07,4.000000,8.300000e-07,-512.000000,
9.615000e-07,1.800000,9.615000e-07,4.000000,8.310000e-07,-512.000000,
9.625000e-07,1.600000,9.625000e-07,4.000000,8.320000e-07,-512.000000,
9.635000e-07,1.600000,9.635000e-07,4.000000,8.330000e-07,-512.000000,
9.645000e-07,1.800000,9.645000e-07,4.000000,8.340000e-07,-512.000000,
9.655000e-07,1.800000,9.655000e-07,8.000000,8.350000e-07,-512.000000,
9.665000e-07,1.800000,9.665000e-07,8.000000,8.360000e-07,-512.000000,
9.675000e-07,1.800000,9.675000e-07,4.000000,8.370000e-07,-512.000000,
9.685000e-07,1.800000,9.685000e-07,8.000000,8.380000e-07,-512.000000,
9.695000e-07,1.600000,9.695000e-07,4.000000,8.390000e-07,-512.000000,
9.705000e-07,1.600000,9.705000e-07,4.000000,8.400000e-07,-512.000000,
9.715000e-07,1.800000,9.715000e-07,4.000000,8.410000e-07,-512.000000,
9.725000e-07,1.600000,9.725000e-07,4.000000,8.420000e-07,-512.000000,
9.735000e-07,1.800000,9.735000e-07,4.000000,8.430000e-07,-512.000000,
9.745000e-07,1.600000,9.745000e-07,4.000000,8.440000e-07,-512.000000,
9.755000e-07,1.600000,9.755000e-07,4.000000,8.450000e-07,-512.000000,
9.765000e-07,1.600000,9.765000e-07,4.000000,8.460000e-07,-512.000000,
9.775000e-07,1.600000,9.775000e-07,4.000000,8.470000e-07,-512.000000,
9.785000e-07,1.600000,9.785000e-07,4.000000,8.480000e-07,-512.000000,
9.795000e-07,1.600000,9.795000e-07,4.000000,8.490000e-07,-512.000000,
9.805000e-07,1.600000,9.805000e-07,4.000000,8.500000e-07,-512.000000,
9.815000e-07,1.600000,9.815000e-07,4.000000,8.510000e-07,-512.000000,
9.825000e-07,1.600000,9.825000e-07,4.000000,8.520000e-07,-512.000000,
9.835000e-07,1.600000,9.835000e-07,4.000000,8.530000e-07,-512.000000,
9.845000e-07,1.600000,9.845000e-07,4.000000,8.540000e-07,-512.000000,
9.855000e-07,1.600000,9.855000e-07,4.000000,8.550000e-07,-512.000000,
9.865000e-07,1.600000,9.865000e-07,4.000000,8.560000e-07,-512.000000,
9.875000e-07,1.600000,9.875000e-07,4.000000,8.570000e-07,-512.000000,
9.885000e-07,1.400000,9.885000e-07,4.000000,8.580000e-07,-512.000000,
9.895000e-07,1.600000,9.895000e-07,4.000000,8.590000e-07,-512.000000,
9.905000e-07,1.600000,9.905000e-07,4.000000,8.600000e-07,-512.000000,
9.915000e-07,1.600000,9.915000e-07,4.000000,8.610000e-07,-512.000000,
9.925000e-07,1.600000,9.925000e-07,4.000000,8.620000e-07,-512.000000,
9.935000e-07,1.600000,9.935000e-07,4.000000,8.630000e-07,-512.000000,
9.945000e-07,1.400000,9.945000e-07,4.000000,8.640000e-07,-512.000000,
9.955000e-07,1.600000,9.955000e-07,4.000000,8.650000e-07,-512.000000,
9.965000e-07,1.600000,9.965000e-07,4.000000,8.660000e-07,-512.000000,
9.975000e-07,1.600000,9.975000e-07,4.000000,8.670000e-07,-512.000000,
9.985000e-07,1.600000,9.985000e-07,4.000000,8.680000e-07,-512.000000,
9.995000e-07,1.600000,9.995000e-07,4.000000,8.690000e-07,-512.000000,
1.000500e-06,1.400000,1.000500e-06,4.000000,8.700000e-07,-512.000000,
1.001500e-06,1.400000,1.001500e-06,4.000000,8.710000e-07,-512.000000,
1.002500e-06,1.400000,1.002500e-06,4.000000,8.720000e-07,-512.000000,
1.003500e-06,1.400000,1.003500e-06,4.000000,8.730000e-07,-512.000000,
1.004500e-06,1.400000,1.004500e-06,4.000000,8.740000e-07,-512.000000,
1.005500e-06,1.400000,1.005500e-06,4.000000,8.750000e-07,-512.000000,
1.006500e-06,1.400000,1.006500e-06,4.000000,8.760000e-07,-512.000000,
1.007500e-06,1.400000,1.007500e-06,4.000000,8.770000e-07,-512.000000,
1.008500e-06,1.400000,1.008500e-06,4.000000,8.780000e-07,-512.000000,
1.009500e-06,1.400000,1.009500e-06,4.000000,8.790000e-07,-512.000000,
1.010500e-06,1.400000,1.010500e-06,4.000000,8.800000e-07,-512.000000,
1.011500e-06,1.400000,1.011500e-06,4.000000,8.810000e-07,-512.000000,
1.012500e-06,1.400000,1.012500e-06,4.000000,8.820000e-07,-512.000000,
1.013500e-06,1.400000,1.013500e-06,4.000000,8.830000e-07,-512.000000,
1.014500e-06,1.400000,1.014500e-06,4.000000,8.840000e-07,-512.000000,
1.015500e-06,1.400000,1.015500e-06,4.000000,8.850000e-07,-512.000000,
1.016500e-06,1.200000,1.016500e-06,4.000000,8.860000e-07,-512.000000,
1.017500e-06,1.200000,1.017500e-06,4.000000,8.870000e-07,-512.000000,
1.018500e-06,1.200000,1.018500e-06,4.000000,8.880000e-07,-512.000000,
1.019500e-06,1.400000,1.019500e-06,4.000000,8.890000e-07,-512.000000,
1.020500e-06,1.200000,1.020500e-06,4.000000,8.900000e-07,-512.000000,
1.021500e-06,1.200000,1.021500e-06,4.000000,8.910000e-07,-512.000000,
1.022500e-06,1.200000,1.022500e-06,4.000000,8.920000e-07,-512.000000,
1.023500e-06,1.200000,1.023500e-06,4.000000,8.930000e-07,-512.000000,
1.024500e-06,1.200000,1.024500e-06,4.000000,8.940000e-07,-512.000000,
1.025500e-06,1.200000,1.025500e-06,4.000000,8.950000e-07,-512.000000,
1.026500e-06,1.200000,1.026500e-06,4.000000,8.960000e-07,-512.000000,
1.027500e-06,1.200000,1.027500e-06,4.000000,8.970000e-07,-512.000000,
1.028500e-06,1.200000,1.028500e-06,4.000000,8.980000e-07,-512.000000,
1.029500e-06,1.200000,1.029500e-06,4.000000,8.990000e-07,-512.000000,
1.030500e-06,1.200000,1.030500e-06,4.000000,9.000000e-07,-512.000000,
1.031500e-06,1.200000,1.031500e-06,4.000000,9.010000e-07,-512.000000,
1.032500e-06,1.200000,1.032500e-06,4.000000,9.020000e-07,-512.000000,
1.033500e-06,1.200000,1.033500e-06,4.000000,9.030000e-07,-512.000000,
1.034500e-06,1.200000,1.034500e-06,4.000000,9.040000e-07,-512.000000,
1.035500e-06,1.200000,1.035500e-06,0.000000,9.050000e-07,-512.000000,
1.036500e-06,1.000000,1.036500e-06,4.000000,9.060000e-07,-512.000000,
1.037500e-06,1.200000,1.037500e-06,4.000000,9.070000e-07,-512.000000,
1.038500e-06,1.000000,1.038500e-06,4.000000,9.080000e-07,-512.000000,
1.039500e-06,1.000000,1.039500e-06,4.000000,9.090000e-07,-512.000000,
1.040500e-06,1.000000,1.040500e-06,4.000000,9.100000e-07,-512.000000,
1.041500e-06,1.200000,1.041500e-06,4.000000,9.110000e-07,-512.000000,
1.042500e-06,1.000000,1.042500e-06,4.000000,9.120000e-07,-512.000000,
1.043500e-06,1.000000,1.043500e-06,4.000000,9.130000e-07,-512.000000,
1.044500e-06,1.000000,1.044500e-06,4.000000,9.140000e-07,-512.000000,
1.045500e-06,1.000000,1.045500e-06,4.000000,9.150000e-07,-512.000000,
1.046500e-06,1.000000,1.046500e-06,4.000000,9.160000e-07,-512.000000,
1.047500e-06,1.000000,1.047500e-06,4.000000,9.170000e-07,-512.000000,
1.048500e-06,1.000000,1.048500e-06,4.000000,9.180000e-07,-512.000000,
1.049500e-06,1.000000,1.049500e-06,4.000000,9.190000e-07,-512.000000,
1.050500e-06,1.000000,1.050500e-06,4.000000,9.200000e-07,-512.000000,
1.051500e-06,1.000000,1.051500e-06,4.000000,9.210000e-07,-512.000000,
1.052500e-06,1.000000,1.052500e-06,4.000000,9.220000e-07,-512.000000,
1.053500e-06,1.000000,1.053500e-06,4.000000,9.230000e-07,-512.000000,
1.054500e-06,1.000000,1.054500e-06,4.000000,9.240000e-07,-512.000000,
1.055500e-06,1.000000,1.055500e-06,4.000000,9.250000e-07,-512.000000,
1.056500e-06,1.000000,1.056500e-06,4.000000,9.260000e-07,-512.000000,
1.057500e-06,1.000000,1.057500e-06,4.000000,9.270000e-07,-512.000000,
1.058500e-06,1.000000,1.058500e-06,4.000000,9.280000e-07,-512.000000,
1.059500e-06,1.000000,1.059500e-06,4.000000,9.290000e-07,-512.000000,
1.060500e-06,1.000000,1.060500e-06,4.000000,9.300000e-07,-512.000000,
1.061500e-06,1.000000,1.061500e-06,4.000000,9.310000e-07,-512.000000,
1.062500e-06,1.000000,1.062500e-06,4.000000,9.320000e-07,-512.000000,
1.063500e-06,1.000000,1.063500e-06,0.000000,9.330000e-07,-512.000000,
1.064500e-06,0.800000,1.064500e-06,4.000000,9.340000e-07,-512.000000,
1.065500e-06,1.000000,1.065500e-06,4.000000,9.350000e-07,-512.000000,
1.066500e-06,1.000000,1.066500e-06,4.000000,9.360000e-07,-512.000000,
1.067500e-06,0.800000,1.067500e-06,0.000000,9.370000e-07,-512.000000,
1.068500e-06,0.800000,1.068500e-06,0.000000,9.380000e-07,-512.000000,
1.069500e-06,0.800000,1.069500e-06,0.000000,9.390000e-07,-512.000000,
1.070500e-06,0.800000,1.070500e-06,0.000000,9.400000e-07,-512.000000,
1.071500e-06,1.000000,1.071500e-06,0.000000,9.410000e-07,-512.000000,
1.072500e-06,0.800000,1.072500e-06,0.000000,9.420000e-07,-512.000000,
1.073500e-06,0.800000,1.073500e-06,4.000000,9.430000e-07,-512.000000,
1.074500e-06,0.800000,1.074500e-06,0.000000,9.440000e-07,-512.000000,
1.075500e-06,0.800000,1.075500e-06,4.000000,9.450000e-07,-512.000000,
1.076500e-06,0.800000,1.076500e-06,0.000000,9.460000e-07,-512.000000,
1.077500e-06,0.800000,1.077500e-06,0.000000,9.470000e-07,-512.000000,
1.078500e-06,0.800000,1.078500e-06,4.000000,9.480000e-07,-512.000000,
1.079500e-06,0.800000,1.079500e-06,0.000000,9.490000e-07,-512.000000,
1.080500e-06,0.800000,1.080500e-06,0.000000,9.500000e-07,-512.000000,
1.081500e-06,0.800000,1.081500e-06,0.000000,9.510000e-07,-512.000000,
1.082500e-06,0.600000,1.082500e-06,0.000000,9.520000e-07,-512.000000,
1.083500e-06,0.800000,1.083500e-06,0.000000,9.530000e-07,-512.000000,
1.084500e-06,0.600000,1.084500e-06,0.000000,9.540000e-07,-512.000000,
1.085500e-06,0.800000,1.085500e-06,0.000000,9.550000e-07,-512.000000,
1.086500e-06,0.800000,1.086500e-06,0.000000,9.560000e-07,-512.000000,
1.087500e-06,0.800000,1.087500e-06,0.000000,9.570000e-07,-512.000000,
1.088500e-06,0.600000,1.088500e-06,4.000000,9.580000e-07,-512.000000,
1.089500e-06,0.800000,1.089500e-06,4.000000,9.590000e-07,-512.000000,
1.090500e-06,0.800000,1.090500e-06,4.000000,9.600000e-07,-512.000000,
1.091500e-06,0.800000,1.091500e-06,4.000000,9.610000e-07,-512.000000,
1.092500e-06,0.800000,1.092500e-06,4.000000,9.620000e-07,-512.000000,
1.093500e-06,0.800000,1.093500e-06,0.000000,9.630000e-07,-512.000000,
1.094500e-06,0.800000,1.094500e-06,4.000000,9.640000e-07,-512.000000,
1.095500e-06,0.600000,1.095500e-06,0.000000,9.650000e-07,-512.000000,
1.096500e-06,0.600000,1.096500e-06,0.000000,9.660000e-07,-512.000000,
1.097500e-06,0.600000,1.097500e-06,0.000000,9.670000e-07,-512.000000,
1.098500e-06,0.600000,1.098500e-06,4.000000,9.680000e-07,-512.000000,
1.099500e-06,0.600000,1.099500e-06,0.000000,9.690000e-07,-512.000000,
1.100500e-06,0.600000,1.100500e-06,4.000000,9.700000e-07,-512.000000,
1.101500e-06,0.600000,1.101500e-06,4.000000,9.710000e-07,-512.000000,
1.102500e-06,0.600000,1.102500e-06,0.000000,9.720000e-07,-512.000000,
1.103500e-06,0.600000,1.103500e-06,0.000000,9.730000e-07,-512.000000,
1.104500e-06,0.600000,1.104500e-06,4.000000,9.740000e-07,-512.000000,
1.105500e-06,0.800000,1.105500e-06,4.000000,9.750000e-07,-512.000000,
1.106500e-06,0.800000,1.106500e-06,4.000000,9.760000e-07,-512.000000,
1.107500e-06,0.800000,1.107500e-06,0.000000,9.770000e-07,-512.000000,
1.108500e-06,0.800000,1.108500e-06,0.000000,9.780000e-07,-512.000000,
1.109500e-06,0.600000,1.109500e-06,0.000000,9.790000e-07,-512.000000,
1.110500e-06,0.600000,1.110500e-06,0.000000,9.800000e-07,-512.000000,
1.111500e-06,0.800000,1.111500e-06,0.000000,9.810000e-07,-512.000000,
1.112500e-06,0.600000,1.112500e-06,4.000000,9.820000e-07,-512.000000,
1.113500e-06,0.600000,1.113500e-06,0.000000,9.830000e-07,-512.000000,
1.114500e-06,0.600000,1.114500e-06,4.000000,9.840000e-07,-512.000000,
1.115500e-06,0.800000,1.115500e-06,0.000000,9.850000e-07,-512.000000,
1.116500e-06,0.800000,1.116500e-06,4.000000,9.860000e-07,-512.000000,
1.117500e-06,0.800000,1.117500e-06,4.000000,9.870000e-07,-512.000000,
1.118500e-06,0.600000,1.118500e-06,4.000000,9.880000e-07,-512.000000,
1.119500e-06,0.800000,1.119500e-06,0.000000,9.890000e-07,-512.000000,
1.120500e-06,0.600000,1.120500e-06,4.000000,9.900000e-07,-512.000000,
1.121500e-06,0.800000,1.121500e-06,4.000000,9.910000e-07,-512.000000,
1.122500e-06,0.800000,1.122500e-06,4.000000,9.920000e-07,-512.000000,
1.123500e-06,0.800000,1.123500e-06,4.000000,9.930000e-07,-512.000000,
1.124500e-06,0.800000,1.124500e-06,4.000000,9.940000e-07,-512.000000,
1.125500e-06,0.800000,1.125500e-06,4.000000,9.950000e-07,-512.000000,
1.126500e-06,0.800000,1.126500e-06,4.000000,9.960000e-07,-512.000000,
1.127500e-06,0.800000,1.127500e-06,0.000000,9.970000e-07,-512.000000,
1.128500e-06,0.800000,1.128500e-06,0.000000,9.980000e-07,-512.000000,
1.129500e-06,0.800000,1.129500e-06,0.000000,9.990000e-07,-512.000000,
1.130500e-06,0.800000,1.130500e-06,4.000000,1.000000e-06,-512.000000,
1.131500e-06,0.800000,1.131500e-06,4.000000,1.001000e-06,-512.000000,
1.132500e-06,0.800000,1.132500e-06,4.000000,1.002000e-06,-512.000000,
1.133500e-06,0.600000,1.133500e-06,4.000000,1.003000e-06,-512.000000,
1.134500e-06,0.600000,1.134500e-06,4.000000,1.004000e-06,-512.000000,
1.135500e-06,0.800000,1.135500e-06,4.000000,1.005000e-06,-512.000000,
1.136500e-06,0.800000,1.136500e-06,4.000000,1.006000e-06,-512.000000,
1.137500e-06,0.800000,1.137500e-06,4.000000,1.007000e-06,-512.000000,
1.138500e-06,0.800000,1.138500e-06,4.000000,1.008000e-06,-512.000000,
1.139500e-06,0.800000,1.139500e-06,4.000000,1.009000e-06,-512.000000,
1.140500e-06,1.000000,1.140500e-06,4.000000,1.010000e-06,-512.000000,
1.141500e-06,0.800000,1.141500e-06,4.000000,1.011000e-06,-512.000000,
1.142500e-06,0.800000,1.142500e-06,4.000000,1.012000e-06,-512.000000,
1.143500e-06,0.800000,1.143500e-06,4.000000,1.013000e-06,-512.000000,
1.144500e-06,0.800000,1.144500e-06,4.000000,1.014000e-06,-512.000000,
1.145500e-06,0.800000,1.145500e-06,4.000000,1.015000e-06,-512.000000,
1.146500e-06,0.800000,1.146500e-06,4.000000,1.016000e-06,-512.000000,
1.147500e-06,0.800000,1.147500e-06,4.000000,1.017000e-06,-512.000000,
1.148500e-06,0.800000,1.148500e-06,4.000000,1.018000e-06,-512.000000,
1.149500e-06,0.800000,1.149500e-06,4.000000,1.019000e-06,-512.000000,
1.150500e-06,0.800000,1.150500e-06,4.000000,1.020000e-06,-512.000000,
1.151500e-06,0.800000,1.151500e-06,0.000000,1.021000e-06,-512.000000,
1.152500e-06,0.800000,1.152500e-06,4.000000,1.022000e-06,-512.000000,
1.153500e-06,0.800000,1.153500e-06,4.000000,1.023000e-06,-512.000000,
1.154500e-06,0.800000,1.154500e-06,4.000000,1.024000e-06,-512.000000,
1.155500e-06,0.800000,1.155500e-06,4.000000,1.025000e-06,-512.000000,
1.156500e-06,0.800000,1.156500e-06,4.000000,1.026000e-06,-512.000000,
1.157500e-06,0.800000,1.157500e-06,4.000000,1.027000e-06,-512.000000,
1.158500e-06,0.800000,1.158500e-06,4.000000,1.028000e-06,-512.000000,
1.159500e-06,0.800000,1.159500e-06,4.000000,1.029000e-06,-512.000000,
1.160500e-06,0.800000,1.160500e-06,4.000000,1.030000e-06,-512.000000,
1.161500e-06,0.800000,1.161500e-06,4.000000,1.031000e-06,-512.000000,
1.162500e-06,0.800000,1.162500e-06,4.000000,1.032000e-06,-512.000000,
1.163500e-06,0.800000,1.163500e-06,0.000000,1.033000e-06,-512.000000,
1.164500e-06,0.800000,1.164500e-06,4.000000,1.034000e-06,-512.000000,
1.165500e-06,1.000000,1.165500e-06,4.000000,1.035000e-06,-512.000000,
1.166500e-06,0.800000,1.166500e-06,4.000000,1.036000e-06,-512.000000,
1.167500e-06,1.000000,1.167500e-06,4.000000,1.037000e-06,-512.000000,
1.168500e-06,0.800000,1.168500e-06,4.000000,1.038000e-06,-512.000000,
1.169500e-06,0.800000,1.169500e-06,4.000000,1.039000e-06,-512.000000,
1.170500e-06,0.800000,1.170500e-06,4.000000,1.040000e-06,-512.000000,
1.171500e-06,0.800000,1.171500e-06,4.000000,1.041000e-06,-512.000000,
1.172500e-06,0.800000,1.172500e-06,4.000000,1.042000e-06,-512.000000,
1.173500e-06,0.800000,1.173500e-06,0.000000,1.043000e-06,-512.000000,
1.174500e-06,0.800000,1.174500e-06,4.000000,1.044000e-06,-512.000000,
1.175500e-06,0.800000,1.175500e-06,0.000000,1.045000e-06,-512.000000,
1.176500e-06,0.800000,1.176500e-06,4.000000,1.046000e-06,-512.000000,
1.177500e-06,0.800000,1.177500e-06,0.000000,1.047000e-06,-512.000000,
1.178500e-06,0.800000,1.178500e-06,4.000000,1.048000e-06,-512.000000,
1.179500e-06,0.800000,1.179500e-06,4.000000,1.049000e-06,-512.000000,
1.180500e-06,0.800000,1.180500e-06,4.000000,1.050000e-06,-512.000000,
1.181500e-06,1.000000,1.181500e-06,4.000000,1.051000e-06,-512.000000,
1.182500e-06,0.800000,1.182500e-06,4.000000,1.052000e-06,-512.000000,
1.183500e-06,1.000000,1.183500e-06,4.000000,1.053000e-06,-512.000000,
1.184500e-06,1.000000,1.184500e-06,4.000000,1.054000e-06,-512.000000,
1.185500e-06,1.000000,1.185500e-06,4.000000,1.055000e-06,-512.000000,
1.186500e-06,1.000000,1.186500e-06,4.000000,1.056000e-06,-512.000000,
1.187500e-06,1.000000,1.187500e-06,4.000000,1.057000e-06,-512.000000,
1.188500e-06,1.000000,1.188500e-06,4.000000,1.058000e-06,-512.000000,
1.189500e-06,1.000000,1.189500e-06,4.000000,1.059000e-06,-512.000000,
1.190500e-06,1.000000,1.190500e-06,4.000000,1.060000e-06,-512.000000,
1.191500e-06,1.000000,1.191500e-06,0.000000,1.061000e-06,-512.000000,
1.192500e-06,1.000000,1.192500e-06,0.000000,1.062000e-06,-512.000000,
1.193500e-06,1.000000,1.193500e-06,0.000000,1.063000e-06,-512.000000,
1.194500e-06,1.000000,1.194500e-06,4.000000,1.064000e-06,-512.000000,
1.195500e-06,1.000000,1.195500e-06,4.000000,1.065000e-06,-512.000000,
1.196500e-06,1.000000,1.196500e-06,4.000000,1.066000e-06,-512.000000,
1.197500e-06,1.000000,1.197500e-06,4.000000,1.067000e-06,-512.000000,
1.198500e-06,1.000000,1.198500e-06,4.000000,1.068000e-06,-512.000000,
1.199500e-06,1.000000,1.199500e-06,4.000000,1.069000e-06,-512.000000,
1.200500e-06,1.000000,1.200500e-06,4.000000,1.070000e-06,-512.000000,
1.201500e-06,1.000000,1.201500e-06,4.000000,1.071000e-06,-512.000000,
1.202500e-06,1.000000,1.202500e-06,4.000000,1.072000e-06,-512.000000,
1.203500e-06,1.000000,1.203500e-06,4.000000,1.073000e-06,-512.000000,
1.204500e-06,1.000000,1.204500e-06,4.000000,1.074000e-06,-512.000000,
1.205500e-06,1.000000,1.205500e-06,4.000000,1.075000e-06,-512.000000,
1.206500e-06,1.000000,1.206500e-06,4.000000,1.076000e-06,-512.000000,
1.207500e-06,1.000000,1.207500e-06,4.000000,1.077000e-06,-512.000000,
1.208500e-06,1.000000,1.208500e-06,4.000000,1.078000e-06,-512.000000,
1.209500e-06,1.000000,1.209500e-06,4.000000,1.079000e-06,-512.000000,
1.210500e-06,1.000000,1.210500e-06,4.000000,1.080000e-06,-512.000000,
1.211500e-06,1.000000,1.211500e-06,4.000000,1.081000e-06,-512.000000,
1.212500e-06,1.000000,1.212500e-06,4.000000,1.082000e-06,-512.000000,
1.213500e-06,1.200000,1.213500e-06,4.000000,1.083000e-06,-512.000000,
1.214500e-06,1.000000,1.214500e-06,4.000000,1.084000e-06,-512.000000,
1.215500e-06,1.000000,1.215500e-06,4.000000,1.085000e-06,-512.000000,
1.216500e-06,1.200000,1.216500e-06,4.000000,1.086000e-06,-512.000000,
1.217500e-06,1.200000,1.217500e-06,4.000000,1.087000e-06,-512.000000,
1.218500e-06,1.200000,1.218500e-06,4.000000,1.088000e-06,-512.000000,
1.219500e-06,1.200000,1.219500e-06,4.000000,1.089000e-06,-512.000000,
1.220500e-06,1.200000,1.220500e-06,4.000000,1.090000e-06,-512.000000,
1.221500e-06,1.200000,1.221500e-06,4.000000,1.091000e-06,-512.000000,
1.222500e-06,1.200000,1.222500e-06,4.000000,1.092000e-06,-512.000000,
1.223500e-06,1.200000,1.223500e-06,4.000000,1.093000e-06,-512.000000,
1.224500e-06,1.200000,1.224500e-06,4.000000,1.094000e-06,-512.000000,
1.225500e-06,1.200000,1.225500e-06,4.000000,1.095000e-06,-512.000000,
1.226500e-06,1.200000,1.226500e-06,4.000000,1.096000e-06,-512.000000,
1.227500e-06,1.200000,1.227500e-06,4.000000,1.097000e-06,-512.000000,
1.228500e-06,1.200000,1.228500e-06,4.000000,1.098000e-06,-512.000000,
1.229500e-06,1.200000,1.229500e-06,4.000000,1.099000e-06,-512.000000,
1.230500e-06,1.200000,1.230500e-06,4.000000,1.100000e-06,-512.000000,
1.231500e-06,1.200000,1.231500e-06,4.000000,1.101000e-06,-512.000000,
1.232500e-06,1.200000,1.232500e-06,4.000000,1.102000e-06,-512.000000,
1.233500e-06,1.200000,1.233500e-06,4.000000,1.103000e-06,-512.000000,
1.234500e-06,1.200000,1.234500e-06,4.000000,1.104000e-06,-512.000000,
1.235500e-06,1.200000,1.235500e-06,4.000000,1.105000e-06,-512.000000,
1.236500e-06,1.200000,1.236500e-06,4.000000,1.106000e-06,-512.000000,
1.237500e-06,1.200000,1.237500e-06,4.000000,1.107000e-06,-512.000000,
1.238500e-06,1.200000,1.238500e-06,4.000000,1.108000e-06,-512.000000,
1.239500e-06,1.200000,1.239500e-06,4.000000,1.109000e-06,-512.000000,
1.240500e-06,1.200000,1.240500e-06,4.000000,1.110000e-06,-512.000000,
1.241500e-06,1.200000,1.241500e-06,4.000000,1.111000e-06,-512.000000,
1.242500e-06,1.200000,1.242500e-06,4.000000,1.112000e-06,-512.000000,
1.243500e-06,1.200000,1.243500e-06,4.000000,1.113000e-06,-512.000000,
1.244500e-06,1.400000,1.244500e-06,4.000000,1.114000e-06,-512.000000,
1.245500e-06,1.200000,1.245500e-06,4.000000,1.115000e-06,-512.000000,
1.246500e-06,1.200000,1.246500e-06,4.000000,1.116000e-06,-512.000000,
1.247500e-06,1.400000,1.247500e-06,4.000000,1.117000e-06,-512.000000,
1.248500e-06,1.200000,1.248500e-06,4.000000,1.118000e-06,-512.000000,
1.249500e-06,1.200000,1.249500e-06,4.000000,1.119000e-06,-512.000000,
1.250500e-06,1.200000,1.250500e-06,4.000000,1.120000e-06,-512.000000,
1.251500e-06,1.200000,1.251500e-06,4.000000,1.121000e-06,-512.000000,
1.252500e-06,1.200000,1.252500e-06,4.000000,1.122000e-06,-512.000000,
1.253500e-06,1.200000,1.253500e-06,4.000000,1.123000e-06,-512.000000,
1.254500e-06,1.400000,1.254500e-06,4.000000,1.124000e-06,-512.000000,
1.255500e-06,1.400000,1.255500e-06,4.000000,1.125000e-06,-512.000000,
1.256500e-06,1.400000,1.256500e-06,4.000000,1.126000e-06,-512.000000,
1.257500e-06,1.200000,1.257500e-06,4.000000,1.127000e-06,-512.000000,
1.258500e-06,1.400000,1.258500e-06,4.000000,1.128000e-06,-512.000000,
1.259500e-06,1.400000,1.259500e-06,4.000000,1.129000e-06,-512.000000,
1.260500e-06,1.200000,1.260500e-06,4.000000,1.130000e-06,-512.000000,
1.261500e-06,1.400000,1.261500e-06,4.000000,1.131000e-06,-512.000000,
1.262500e-06,1.200000,1.262500e-06,4.000000,1.132000e-06,-512.000000,
1.263500e-06,1.200000,1.263500e-06,4.000000,1.133000e-06,-512.000000,
1.264500e-06,1.400000,1.264500e-06,4.000000,1.134000e-06,-512.000000,
1.265500e-06,1.200000,1.265500e-06,4.000000,1.135000e-06,-512.000000,
1.266500e-06,1.400000,1.266500e-06,4.000000,1.136000e-06,-512.000000,
1.267500e-06,1.200000,1.267500e-06,4.000000,1.137000e-06,-512.000000,
1.268500e-06,1.400000,1.268500e-06,4.000000,1.138000e-06,-512.000000,
1.269500e-06,1.200000,1.269500e-06,4.000000,1.139000e-06,-512.000000,
1.270500e-06,1.400000,1.270500e-06,4.000000,1.140000e-06,-512.000000,
1.271500e-06,1.200000,1.271500e-06,4.000000,1.141000e-06,-512.000000,
1.272500e-06,1.400000,1.272500e-06,4.000000,1.142000e-06,-512.000000,
1.273500e-06,1.400000,1.273500e-06,4.000000,1.143000e-06,-512.000000,
1.274500e-06,1.400000,1.274500e-06,4.000000,1.144000e-06,-512.000000,
1.275500e-06,1.400000,1.275500e-06,4.000000,1.145000e-06,-512.000000,
1.276500e-06,1.400000,1.276500e-06,4.000000,1.146000e-06,-512.000000,
1.277500e-06,1.400000,1.277500e-06,4.000000,1.147000e-06,-512.000000,
1.278500e-06,1.400000,1.278500e-06,4.000000,1.148000e-06,-512.000000,
1.279500e-06,1.400000,1.279500e-06,4.000000,1.149000e-06,-512.000000,
1.280500e-06,1.400000,1.280500e-06,4.000000,1.150000e-06,-512.000000,
1.281500e-06,1.400000,1.281500e-06,4.000000,1.151000e-06,-512.000000,
1.282500e-06,1.400000,1.282500e-06,4.000000,1.152000e-06,-512.000000,
1.283500e-06,1.400000,1.283500e-06,4.000000,1.153000e-06,-512.000000,
1.284500e-06,1.400000,1.284500e-06,4.000000,1.154000e-06,-512.000000,
1.285500e-06,1.400000,1.285500e-06,4.000000,1.155000e-06,-512.000000,
1.286500e-06,1.400000,1.286500e-06,4.000000,1.156000e-06,-512.000000,
1.287500e-06,1.400000,1.287500e-06,4.000000,1.157000e-06,-512.000000,
1.288500e-06,1.400000,1.288500e-06,4.000000,1.158000e-06,-512.000000,
1.289500e-06,1.400000,1.289500e-06,4.000000,1.159000e-06,-512.000000,
1.290500e-06,1.400000,1.290500e-06,4.000000,1.160000e-06,-512.000000,
1.291500e-06,1.400000,1.291500e-06,4.000000,1.161000e-06,-512.000000,
1.292500e-06,1.400000,1.292500e-06,4.000000,1.162000e-06,-512.000000,
1.293500e-06,1.400000,1.293500e-06,4.000000,1.163000e-06,-512.000000,
1.294500e-06,1.400000,1.294500e-06,4.000000,1.164000e-06,-512.000000,
1.295500e-06,1.400000,1.295500e-06,4.000000,1.165000e-06,-512.000000,
1.296500e-06,1.400000,1.296500e-06,4.000000,1.166000e-06,-512.000000,
1.297500e-06,1.600000,1.297500e-06,4.000000,1.167000e-06,-512.000000,
1.298500e-06,1.400000,1.298500e-06,4.000000,1.168000e-06,-512.000000,
1.299500e-06,1.400000,1.299500e-06,4.000000,1.169000e-06,-512.000000,
1.300500e-06,1.400000,1.300500e-06,4.000000,1.170000e-06,-512.000000,
1.301500e-06,1.400000,1.301500e-06,4.000000,1.171000e-06,-512.000000,
1.302500e-06,1.400000,1.302500e-06,4.000000,1.172000e-06,-512.000000,
1.303500e-06,1.600000,1.303500e-06,4.000000,1.173000e-06,-512.000000,
1.304500e-06,1.600000,1.304500e-06,4.000000,1.174000e-06,-512.000000,
1.305500e-06,1.600000,1.305500e-06,4.000000,1.175000e-06,-512.000000,
1.306500e-06,1.600000,1.306500e-06,4.000000,1.176000e-06,-512.000000,
1.307500e-06,1.400000,1.307500e-06,4.000000,1.177000e-06,-512.000000,
1.308500e-06,1.400000,1.308500e-06,4.000000,1.178000e-06,-512.000000,
1.309500e-06,1.400000,1.309500e-06,4.000000,1.179000e-06,-512.000000,
1.310500e-06,1.400000,1.310500e-06,4.000000,1.180000e-06,-512.000000,
1.311500e-06,1.400000,1.311500e-06,8.000000,1.181000e-06,-512.000000,
1.312500e-06,1.400000,1.312500e-06,4.000000,1.182000e-06,-512.000000,
1.313500e-06,1.400000,1.313500e-06,8.000000,1.183000e-06,-512.000000,
1.314500e-06,1.400000,1.314500e-06,4.000000,1.184000e-06,-512.000000,
1.315500e-06,1.400000,1.315500e-06,8.000000,1.185000e-06,-512.000000,
1.316500e-06,1.400000,1.316500e-06,4.000000,1.186000e-06,-512.000000,
1.317500e-06,1.400000,1.317500e-06,8.000000,1.187000e-06,-512.000000,
1.318500e-06,1.400000,1.318500e-06,8.000000,1.188000e-06,-512.000000,
1.319500e-06,1.600000,1.319500e-06,4.000000,1.189000e-06,-512.000000,
1.320500e-06,1.400000,1.320500e-06,4.000000,1.190000e-06,-512.000000,
1.321500e-06,1.600000,1.321500e-06,4.000000,1.191000e-06,-512.000000,
1.322500e-06,1.400000,1.322500e-06,4.000000,1.192000e-06,-512.000000,
1.323500e-06,1.600000,1.323500e-06,4.000000,1.193000e-06,-512.000000,
1.324500e-06,1.400000,1.324500e-06,4.000000,1.194000e-06,-512.000000,
1.325500e-06,1.600000,1.325500e-06,8.000000,1.195000e-06,-512.000000,
1.326500e-06,1.400000,1.326500e-06,4.000000,1.196000e-06,-512.000000,
1.327500e-06,1.600000,1.327500e-06,8.000000,1.197000e-06,-512.000000,
1.328500e-06,1.400000,1.328500e-06,4.000000,1.198000e-06,-512.000000,
1.329500e-06,1.600000,1.329500e-06,4.000000,1.199000e-06,-512.000000,
1.330500e-06,1.400000,1.330500e-06,4.000000,1.200000e-06,-512.000000,
1.331500e-06,1.400000,1.331500e-06,4.000000,1.201000e-06,-512.000000,
1.332500e-06,1.400000,1.332500e-06,4.000000,1.202000e-06,-512.000000,
1.333500e-06,1.400000,1.333500e-06,4.000000,1.203000e-06,-512.000000,
1.334500e-06,1.400000,1.334500e-06,4.000000,1.204000e-06,-512.000000,
1.335500e-06,1.400000,1.335500e-06,4.000000,1.205000e-06,-512.000000,
1.336500e-06,1.400000,1.336500e-06,4.000000,1.206000e-06,-512.000000,
1.337500e-06,1.400000,1.337500e-06,4.000000,1.207000e-06,-512.000000,
1.338500e-06,1.400000,1.338500e-06,4.000000,1.208000e-06,-512.000000,
1.339500e-06,1.400000,1.339500e-06,4.000000,1.209000e-06,-512.000000,
1.340500e-06,1.400000,1.340500e-06,4.000000,1.210000e-06,-512.000000,
1.341500e-06,1.400000,1.341500e-06,4.000000,1.211000e-06,-512.000000,
1.342500e-06,1.400000,1.342500e-06,4.000000,1.212000e-06,-512.000000,
1.343500e-06,1.400000,1.343500e-06,4.000000,1.213000e-06,-512.000000,
1.344500e-06,1.400000,1.344500e-06,4.000000,1.214000e-06,-512.000000,
1.345500e-06,1.400000,1.345500e-06,4.000000,1.215000e-06,-512.000000,
1.346500e-06,1.400000,1.346500e-06,4.000000,1.216000e-06,-512.000000,
1.347500e-06,1.400000,1.347500e-06,4.000000,1.217000e-06,-512.000000,
1.348500e-06,1.400000,1.348500e-06,4.000000,1.218000e-06,-512.000000,
1.349500e-06,1.400000,1.349500e-06,4.000000,1.219000e-06,-512.000000,
1.350500e-06,1.400000,1.350500e-06,4.000000,1.220000e-06,-512.000000,
1.351500e-06,1.400000,1.351500e-06,4.000000,1.221000e-06,-512.000000,
1.352500e-06,1.400000,1.352500e-06,4.000000,1.222000e-06,-512.000000,
1.353500e-06,1.400000,1.353500e-06,4.000000,1.223000e-06,-512.000000,
1.354500e-06,1.400000,1.354500e-06,4.000000,1.224000e-06,-512.000000,
1.355500e-06,1.400000,1.355500e-06,4.000000,1.225000e-06,-512.000000,
1.356500e-06,1.400000,1.356500e-06,4.000000,1.226000e-06,-512.000000,
1.357500e-06,1.400000,1.357500e-06,4.000000,1.227000e-06,-512.000000,
1.358500e-06,1.400000,1.358500e-06,4.000000,1.228000e-06,-512.000000,
1.359500e-06,1.400000,1.359500e-06,4.000000,1.229000e-06,-512.000000,
1.360500e-06,1.200000,1.360500e-06,4.000000,1.230000e-06,-512.000000,
1.361500e-06,1.400000,1.361500e-06,4.000000,1.231000e-06,-512.000000,
1.362500e-06,1.200000,1.362500e-06,4.000000,1.232000e-06,-512.000000,
1.363500e-06,1.400000,1.363500e-06,4.000000,1.233000e-06,-512.000000,
1.364500e-06,1.200000,1.364500e-06,4.000000,1.234000e-06,-512.000000,
1.365500e-06,1.400000,1.365500e-06,4.000000,1.235000e-06,-512.000000,
1.366500e-06,1.200000,1.366500e-06,4.000000,1.236000e-06,-512.000000,
1.367500e-06,1.400000,1.367500e-06,4.000000,1.237000e-06,-512.000000,
1.368500e-06,1.200000,1.368500e-06,4.000000,1.238000e-06,-512.000000,
1.369500e-06,1.400000,1.369500e-06,4.000000,1.239000e-06,-512.000000,
1.370500e-06,1.200000,1.370500e-06,4.000000,1.240000e-06,-512.000000,
1.371500e-06,1.400000,1.371500e-06,4.000000,1.241000e-06,-512.000000,
1.372500e-06,1.200000,1.372500e-06,4.000000,1.242000e-06,-512.000000,
1.373500e-06,1.400000,1.373500e-06,4.000000,1.243000e-06,-512.000000,
1.374500e-06,1.400000,1.374500e-06,4.000000,1.244000e-06,-512.000000,
1.375500e-06,1.400000,1.375500e-06,4.000000,1.245000e-06,-512.000000,
1.376500e-06,1.200000,1.376500e-06,4.000000,1.246000e-06,-512.000000,
1.377500e-06,1.400000,1.377500e-06,4.000000,1.247000e-06,-512.000000,
1.378500e-06,1.200000,1.378500e-06,4.000000,1.248000e-06,-512.000000,
1.379500e-06,1.200000,1.379500e-06,4.000000,1.249000e-06,-512.000000,
1.380500e-06,1.200000,1.380500e-06,8.000000,1.250000e-06,-512.000000,
1.381500e-06,1.200000,1.381500e-06,4.000000,1.251000e-06,-512.000000,
1.382500e-06,1.200000,1.382500e-06,4.000000,1.252000e-06,-512.000000,
1.383500e-06,1.400000,1.383500e-06,4.000000,1.253000e-06,-512.000000,
1.384500e-06,1.200000,1.384500e-06,4.000000,1.254000e-06,-512.000000,
1.385500e-06,1.200000,1.385500e-06,4.000000,1.255000e-06,-512.000000,
1.386500e-06,1.200000,1.386500e-06,4.000000,1.256000e-06,-512.000000,
1.387500e-06,1.200000,1.387500e-06,4.000000,1.257000e-06,-512.000000,
1.388500e-06,1.200000,1.388500e-06,4.000000,1.258000e-06,-512.000000,
1.389500e-06,1.200000,1.389500e-06,4.000000,1.259000e-06,-512.000000,
1.390500e-06,1.200000,1.390500e-06,4.000000,1.260000e-06,-512.000000,
1.391500e-06,1.200000,1.391500e-06,4.000000,1.261000e-06,-512.000000,
1.392500e-06,1.200000,1.392500e-06,4.000000,1.262000e-06,-512.000000,
1.393500e-06,1.200000,1.393500e-06,4.000000,1.263000e-06,-512.000000,
1.394500e-06,1.200000,1.394500e-06,4.000000,1.264000e-06,-512.000000,
1.395500e-06,1.200000,1.395500e-06,4.000000,1.265000e-06,-512.000000,
1.396500e-06,1.200000,1.396500e-06,4.000000,1.266000e-06,-512.000000,
1.397500e-06,1.200000,1.397500e-06,4.000000,1.267000e-06,-512.000000,
1.398500e-06,1.200000,1.398500e-06,4.000000,1.268000e-06,-512.000000,
1.399500e-06,1.200000,1.399500e-06,4.000000,1.269000e-06,-512.000000,
1.400500e-06,1.200000,1.400500e-06,4.000000,1.270000e-06,-512.000000,
1.401500e-06,1.200000,1.401500e-06,4.000000,1.271000e-06,-512.000000,
1.402500e-06,1.200000,1.402500e-06,4.000000,1.272000e-06,-512.000000,
1.403500e-06,1.200000,1.403500e-06,4.000000,1.273000e-06,-512.000000,
1.404500e-06,1.200000,1.404500e-06,4.000000,1.274000e-06,-512.000000,
1.405500e-06,1.200000,1.405500e-06,4.000000,1.275000e-06,-512.000000,
1.406500e-06,1.000000,1.406500e-06,4.000000,1.276000e-06,-512.000000,
1.407500e-06,1.200000,1.407500e-06,4.000000,1.277000e-06,-512.000000,
1.408500e-06,1.000000,1.408500e-06,4.000000,1.278000e-06,-512.000000,
1.409500e-06,1.200000,1.409500e-06,4.000000,1.279000e-06,-512.000000,
1.410500e-06,1.000000,1.410500e-06,4.000000,1.280000e-06,-512.000000,
1.411500e-06,1.200000,1.411500e-06,4.000000,1.281000e-06,-512.000000,
1.412500e-06,1.000000,1.412500e-06,4.000000,1.282000e-06,-512.000000,
1.413500e-06,1.200000,1.413500e-06,4.000000,1.283000e-06,-512.000000,
1.414500e-06,1.000000,1.414500e-06,4.000000,1.284000e-06,-512.000000,
1.415500e-06,1.000000,1.415500e-06,4.000000,1.285000e-06,-512.000000,
1.416500e-06,1.000000,1.416500e-06,4.000000,1.286000e-06,-512.000000,
1.417500e-06,1.000000,1.417500e-06,4.000000,1.287000e-06,-512.000000,
1.418500e-06,1.000000,1.418500e-06,4.000000,1.288000e-06,-512.000000,
1.419500e-06,1.000000,1.419500e-06,4.000000,1.289000e-06,-512.000000,
1.420500e-06,1.200000,1.420500e-06,4.000000,1.290000e-06,-512.000000,
1.421500e-06,1.200000,1.421500e-06,4.000000,1.291000e-06,-512.000000,
1.422500e-06,1.000000,1.422500e-06,4.000000,1.292000e-06,-512.000000,
1.423500e-06,1.000000,1.423500e-06,4.000000,1.293000e-06,-512.000000,
1.424500e-06,1.000000,1.424500e-06,4.000000,1.294000e-06,-512.000000,
1.425500e-06,1.000000,1.425500e-06,4.000000,1.295000e-06,-512.000000,
1.426500e-06,1.000000,1.426500e-06,4.000000,1.296000e-06,-512.000000,
1.427500e-06,1.000000,1.427500e-06,4.000000,1.297000e-06,-512.000000,
1.428500e-06,1.000000,1.428500e-06,4.000000,1.298000e-06,-512.000000,
1.429500e-06,1.000000,1.429500e-06,4.000000,1.299000e-06,-512.000000,
1.430500e-06,1.000000,1.430500e-06,4.000000,1.300000e-06,-512.000000,
1.431500e-06,1.000000,1.431500e-06,4.000000,1.301000e-06,-512.000000,
1.432500e-06,1.000000,1.432500e-06,4.000000,1.302000e-06,-512.000000,
1.433500e-06,1.000000,1.433500e-06,4.000000,1.303000e-06,-512.000000,
1.434500e-06,1.000000,1.434500e-06,4.000000,1.304000e-06,-512.000000,
1.435500e-06,1.000000,1.435500e-06,4.000000,1.305000e-06,-512.000000,
1.436500e-06,1.000000,1.436500e-06,4.000000,1.306000e-06,-512.000000,
1.437500e-06,1.000000,1.437500e-06,4.000000,1.307000e-06,-512.000000,
1.438500e-06,1.000000,1.438500e-06,4.000000,1.308000e-06,-512.000000,
1.439500e-06,1.000000,1.439500e-06,4.000000,1.309000e-06,-512.000000,
1.440500e-06,1.000000,1.440500e-06,4.000000,1.310000e-06,-512.000000,
1.441500e-06,1.000000,1.441500e-06,4.000000,1.311000e-06,-512.000000,
1.442500e-06,1.000000,1.442500e-06,4.000000,1.312000e-06,-512.000000,
1.443500e-06,1.000000,1.443500e-06,4.000000,1.313000e-06,-512.000000,
1.444500e-06,1.000000,1.444500e-06,4.000000,1.314000e-06,-512.000000,
1.445500e-06,1.000000,1.445500e-06,4.000000,1.315000e-06,-512.000000,
1.446500e-06,1.000000,1.446500e-06,4.000000,1.316000e-06,-512.000000,
1.447500e-06,1.000000,1.447500e-06,4.000000,1.317000e-06,-512.000000,
1.448500e-06,1.000000,1.448500e-06,4.000000,1.318000e-06,-512.000000,
1.449500e-06,1.000000,1.449500e-06,4.000000,1.319000e-06,-512.000000,
1.450500e-06,1.000000,1.450500e-06,4.000000,1.320000e-06,-512.000000,
1.451500e-06,1.000000,1.451500e-06,4.000000,1.321000e-06,-512.000000,
1.452500e-06,1.000000,1.452500e-06,4.000000,1.322000e-06,-512.000000,
1.453500e-06,1.000000,1.453500e-06,4.000000,1.323000e-06,-512.000000,
1.454500e-06,1.000000,1.454500e-06,4.000000,1.324000e-06,-512.000000,
1.455500e-06,1.000000,1.455500e-06,4.000000,1.325000e-06,-512.000000,
1.456500e-06,1.000000,1.456500e-06,4.000000,1.326000e-06,-512.000000,
1.457500e-06,1.000000,1.457500e-06,4.000000,1.327000e-06,-512.000000,
1.458500e-06,1.000000,1.458500e-06,4.000000,1.328000e-06,-512.000000,
1.459500e-06,1.000000,1.459500e-06,4.000000,1.329000e-06,-512.000000,
1.460500e-06,0.800000,1.460500e-06,4.000000,1.330000e-06,-512.000000,
1.461500e-06,1.000000,1.461500e-06,4.000000,1.331000e-06,-512.000000,
1.462500e-06,0.800000,1.462500e-06,4.000000,1.332000e-06,-512.000000,
1.463500e-06,1.000000,1.463500e-06,4.000000,1.333000e-06,-512.000000,
1.464500e-06,0.800000,1.464500e-06,4.000000,1.334000e-06,-512.000000,
1.465500e-06,1.000000,1.465500e-06,4.000000,1.335000e-06,-512.000000,
1.466500e-06,0.800000,1.466500e-06,4.000000,1.336000e-06,-512.000000,
1.467500e-06,1.000000,1.467500e-06,4.000000,1.337000e-06,-512.000000,
1.468500e-06,0.800000,1.468500e-06,4.000000,1.338000e-06,-512.000000,
1.469500e-06,0.800000,1.469500e-06,4.000000,1.339000e-06,-512.000000,
1.470500e-06,0.800000,1.470500e-06,4.000000,1.340000e-06,-512.000000,
1.471500e-06,1.000000,1.471500e-06,4.000000,1.341000e-06,-512.000000,
1.472500e-06,0.800000,1.472500e-06,4.000000,1.342000e-06,-512.000000,
1.473500e-06,1.000000,1.473500e-06,4.000000,1.343000e-06,-512.000000,
1.474500e-06,1.000000,1.474500e-06,4.000000,1.344000e-06,-512.000000,
1.475500e-06,1.000000,1.475500e-06,4.000000,1.345000e-06,-512.000000,
1.476500e-06,1.000000,1.476500e-06,4.000000,1.346000e-06,-512.000000,
1.477500e-06,0.800000,1.477500e-06,4.000000,1.347000e-06,-512.000000,
1.478500e-06,0.800000,1.478500e-06,4.000000,1.348000e-06,-512.000000,
1.479500e-06,0.800000,1.479500e-06,4.000000,1.349000e-06,-512.000000,
1.480500e-06,0.800000,1.480500e-06,4.000000,1.350000e-06,-512.000000,
1.481500e-06,1.000000,1.481500e-06,4.000000,1.351000e-06,-512.000000,
1.482500e-06,0.800000,1.482500e-06,4.000000,1.352000e-06,-512.000000,
1.483500e-06,1.000000,1.483500e-06,4.000000,1.353000e-06,-512.000000,
1.484500e-06,0.800000,1.484500e-06,4.000000,1.354000e-06,-512.000000,
1.485500e-06,1.000000,1.485500e-06,4.000000,1.355000e-06,-512.000000,
1.486500e-06,0.800000,1.486500e-06,4.000000,1.356000e-06,-512.000000,
1.487500e-06,1.000000,1.487500e-06,4.000000,1.357000e-06,-512.000000,
1.488500e-06,0.800000,1.488500e-06,4.000000,1.358000e-06,-512.000000,
1.489500e-06,1.000000,1.489500e-06,4.000000,1.359000e-06,-512.000000,
1.490500e-06,0.800000,1.490500e-06,4.000000,1.360000e-06,-512.000000,
1.491500e-06,0.800000,1.491500e-06,4.000000,1.361000e-06,-512.000000,
1.492500e-06,0.800000,1.492500e-06,4.000000,1.362000e-06,-512.000000,
1.493500e-06,0.800000,1.493500e-06,4.000000,1.363000e-06,-512.000000,
1.494500e-06,0.800000,1.494500e-06,4.000000,1.364000e-06,-512.000000,
1.495500e-06,1.000000,1.495500e-06,4.000000,1.365000e-06,-512.000000,
1.496500e-06,1.000000,1.496500e-06,4.000000,1.366000e-06,-512.000000,
1.497500e-06,1.000000,1.497500e-06,4.000000,1.367000e-06,-512.000000,
1.498500e-06,0.800000,1.498500e-06,4.000000,1.368000e-06,-512.000000,
1.499500e-06,1.000000,1.499500e-06,4.000000,1.369000e-06,-512.000000,
1.500500e-06,1.000000,1.500500e-06,8.000000,1.370000e-06,-512.000000,
1.501500e-06,1.000000,1.501500e-06,4.000000,1.371000e-06,-512.000000,
1.502500e-06,1.000000,1.502500e-06,4.000000,1.372000e-06,-512.000000,
1.503500e-06,1.000000,1.503500e-06,4.000000,1.373000e-06,-512.000000,
1.504500e-06,1.000000,1.504500e-06,4.000000,1.374000e-06,-512.000000,
1.505500e-06,1.000000,1.505500e-06,4.000000,1.375000e-06,-512.000000,
1.506500e-06,1.000000,1.506500e-06,4.000000,1.376000e-06,-512.000000,
1.507500e-06,1.000000,1.507500e-06,4.000000,1.377000e-06,-512.000000,
1.508500e-06,1.000000,1.508500e-06,4.000000,1.378000e-06,-512.000000,
1.509500e-06,1.000000,1.509500e-06,4.000000,1.379000e-06,-512.000000,
1.510500e-06,0.800000,1.510500e-06,4.000000,1.380000e-06,-512.000000,
1.511500e-06,1.000000,1.511500e-06,4.000000,1.381000e-06,-512.000000,
1.512500e-06,0.800000,1.512500e-06,4.000000,1.382000e-06,-512.000000,
1.513500e-06,1.000000,1.513500e-06,4.000000,1.383000e-06,-512.000000,
1.514500e-06,0.800000,1.514500e-06,4.000000,1.384000e-06,-512.000000,
1.515500e-06,1.000000,1.515500e-06,4.000000,1.385000e-06,-512.000000,
1.516500e-06,0.800000,1.516500e-06,4.000000,1.386000e-06,-512.000000,
1.517500e-06,1.000000,1.517500e-06,4.000000,1.387000e-06,-512.000000,
1.518500e-06,1.000000,1.518500e-06,4.000000,1.388000e-06,-512.000000,
1.519500e-06,1.000000,1.519500e-06,4.000000,1.389000e-06,-512.000000,
1.520500e-06,1.000000,1.520500e-06,4.000000,1.390000e-06,-512.000000,
1.521500e-06,1.000000,1.521500e-06,4.000000,1.391000e-06,-512.000000,
1.522500e-06,1.000000,1.522500e-06,4.000000,1.392000e-06,-512.000000,
1.523500e-06,1.000000,1.523500e-06,4.000000,1.393000e-06,-512.000000,
1.524500e-06,1.000000,1.524500e-06,4.000000,1.394000e-06,-512.000000,
1.525500e-06,1.000000,1.525500e-06,4.000000,1.395000e-06,-512.000000,
1.526500e-06,1.000000,1.526500e-06,4.000000,1.396000e-06,-512.000000,
1.527500e-06,1.000000,1.527500e-06,4.000000,1.397000e-06,-512.000000,
1.528500e-06,1.000000,1.528500e-06,4.000000,1.398000e-06,-512.000000,
1.529500e-06,1.000000,1.529500e-06,4.000000,1.399000e-06,-512.000000,
1.530500e-06,1.000000,1.530500e-06,4.000000,1.400000e-06,-512.000000,
1.531500e-06,1.000000,1.531500e-06,4.000000,1.401000e-06,-512.000000,
1.532500e-06,1.000000,1.532500e-06,4.000000,1.402000e-06,-512.000000,
1.533500e-06,1.000000,1.533500e-06,4.000000,1.403000e-06,-512.000000,
1.534500e-06,1.000000,1.534500e-06,4.000000,1.404000e-06,-512.000000,
1.535500e-06,1.000000,1.535500e-06,4.000000,1.405000e-06,-512.000000,
1.536500e-06,1.000000,1.536500e-06,4.000000,1.406000e-06,-512.000000,
1.537500e-06,1.000000,1.537500e-06,4.000000,1.407000e-06,-512.000000,
1.538500e-06,1.000000,1.538500e-06,4.000000,1.408000e-06,-512.000000,
1.539500e-06,1.000000,1.539500e-06,4.000000,1.409000e-06,-512.000000,
1.540500e-06,1.000000,1.540500e-06,4.000000,1.410000e-06,-512.000000,
1.541500e-06,1.000000,1.541500e-06,4.000000,1.411000e-06,-512.000000,
1.542500e-06,1.000000,1.542500e-06,8.000000,1.412000e-06,-512.000000,
1.543500e-06,1.000000,1.543500e-06,4.000000,1.413000e-06,-512.000000,
1.544500e-06,1.000000,1.544500e-06,4.000000,1.414000e-06,-512.000000,
1.545500e-06,1.000000,1.545500e-06,4.000000,1.415000e-06,-512.000000,
1.546500e-06,1.000000,1.546500e-06,8.000000,1.416000e-06,-512.000000,
1.547500e-06,1.000000,1.547500e-06,4.000000,1.417000e-06,-512.000000,
1.548500e-06,1.200000,1.548500e-06,4.000000,1.418000e-06,-512.000000,
1.549500e-06,1.200000,1.549500e-06,4.000000,1.419000e-06,-512.000000,
1.550500e-06,1.200000,1.550500e-06,4.000000,1.420000e-06,-512.000000,
1.551500e-06,1.000000,1.551500e-06,4.000000,1.421000e-06,-512.000000,
1.552500e-06,1.000000,1.552500e-06,4.000000,1.422000e-06,-512.000000,
1.553500e-06,1.000000,1.553500e-06,4.000000,1.423000e-06,-512.000000,
1.554500e-06,1.000000,1.554500e-06,4.000000,1.424000e-06,-512.000000,
1.555500e-06,1.000000,1.555500e-06,4.000000,1.425000e-06,-512.000000,
1.556500e-06,1.000000,1.556500e-06,4.000000,1.426000e-06,-512.000000,
1.557500e-06,1.000000,1.557500e-06,4.000000,1.427000e-06,-512.000000,
1.558500e-06,1.000000,1.558500e-06,4.000000,1.428000e-06,-512.000000,
1.559500e-06,1.200000,1.559500e-06,4.000000,1.429000e-06,-512.000000,
1.560500e-06,1.000000,1.560500e-06,4.000000,1.430000e-06,-512.000000,
1.561500e-06,1.000000,1.561500e-06,4.000000,1.431000e-06,-512.000000,
1.562500e-06,1.000000,1.562500e-06,4.000000,1.432000e-06,-512.000000,
1.563500e-06,1.000000,1.563500e-06,4.000000,1.433000e-06,-512.000000,
1.564500e-06,1.200000,1.564500e-06,4.000000,1.434000e-06,-512.000000,
1.565500e-06,1.200000,1.565500e-06,4.000000,1.435000e-06,-512.000000,
1.566500e-06,1.200000,1.566500e-06,4.000000,1.436000e-06,-512.000000,
1.567500e-06,1.200000,1.567500e-06,4.000000,1.437000e-06,-512.000000,
1.568500e-06,1.200000,1.568500e-06,8.000000,1.438000e-06,-512.000000,
1.569500e-06,1.200000,1.569500e-06,4.000000,1.439000e-06,-512.000000,
1.570500e-06,1.200000,1.570500e-06,4.000000,1.440000e-06,-512.000000,
1.571500e-06,1.200000,1.571500e-06,4.000000,1.441000e-06,-512.000000,
1.572500e-06,1.200000,1.572500e-06,4.000000,1.442000e-06,-512.000000,
1.573500e-06,1.200000,1.573500e-06,4.000000,1.443000e-06,-512.000000,
1.574500e-06,1.200000,1.574500e-06,4.000000,1.444000e-06,-512.000000,
1.575500e-06,1.200000,1.575500e-06,4.000000,1.445000e-06,-512.000000,
1.576500e-06,1.200000,1.576500e-06,4.000000,1.446000e-06,-512.000000,
1.577500e-06,1.200000,1.577500e-06,4.000000,1.447000e-06,-512.000000,
1.578500e-06,1.200000,1.578500e-06,4.000000,1.448000e-06,-512.000000,
1.579500e-06,1.200000,1.579500e-06,4.000000,1.449000e-06,-512.000000,
1.580500e-06,1.000000,1.580500e-06,4.000000,1.450000e-06,-512.000000,
1.581500e-06,1.200000,1.581500e-06,4.000000,1.451000e-06,-512.000000,
1.582500e-06,1.200000,1.582500e-06,4.000000,1.452000e-06,-512.000000,
1.583500e-06,1.200000,1.583500e-06,4.000000,1.453000e-06,-512.000000,
1.584500e-06,1.000000,1.584500e-06,8.000000,1.454000e-06,-512.000000,
1.585500e-06,1.200000,1.585500e-06,4.000000,1.455000e-06,-512.000000,
1.586500e-06,1.200000,1.586500e-06,4.000000,1.456000e-06,-512.000000,
1.587500e-06,1.200000,1.587500e-06,4.000000,1.457000e-06,-512.000000,
1.588500e-06,1.200000,1.588500e-06,4.000000,1.458000e-06,-512.000000,
1.589500e-06,1.200000,1.589500e-06,4.000000,1.459000e-06,-512.000000,
1.590500e-06,1.200000,1.590500e-06,4.000000,1.460000e-06,-512.000000,
1.591500e-06,1.200000,1.591500e-06,4.000000,1.461000e-06,-512.000000,
1.592500e-06,1.200000,1.592500e-06,4.000000,1.462000e-06,-512.000000,
1.593500e-06,1.200000,1.593500e-06,4.000000,1.463000e-06,-512.000000,
1.594500e-06,1.200000,1.594500e-06,4.000000,1.464000e-06,-512.000000,
1.595500e-06,1.200000,1.595500e-06,4.000000,1.465000e-06,-512.000000,
1.596500e-06,1.200000,1.596500e-06,4.000000,1.466000e-06,-512.000000,
1.597500e-06,1.200000,1.597500e-06,4.000000,1.467000e-06,-512.000000,
1.598500e-06,1.200000,1.598500e-06,4.000000,1.468000e-06,-512.000000,
1.599500e-06,1.200000,1.599500e-06,4.000000,1.469000e-06,-512.000000,
1.600500e-06,1.200000,1.600500e-06,4.000000,1.470000e-06,-512.000000,
1.601500e-06,1.200000,1.601500e-06,4.000000,1.471000e-06,-512.000000,
1.602500e-06,1.200000,1.602500e-06,4.000000,1.472000e-06,-512.000000,
1.603500e-06,1.200000,1.603500e-06,4.000000,1.473000e-06,-512.000000,
1.604500e-06,1.200000,1.604500e-06,4.000000,1.474000e-06,-512.000000,
1.605500e-06,1.200000,1.605500e-06,4.000000,1.475000e-06,-512.000000,
1.606500e-06,1.200000,1.606500e-06,4.000000,1.476000e-06,-512.000000,
1.607500e-06,1.200000,1.607500e-06,4.000000,1.477000e-06,-512.000000,
1.608500e-06,1.200000,1.608500e-06,4.000000,1.478000e-06,-512.000000,
1.609500e-06,1.200000,1.609500e-06,4.000000,1.479000e-06,-512.000000,
1.610500e-06,1.200000,1.610500e-06,4.000000,1.480000e-06,-512.000000,
1.611500e-06,1.200000,1.611500e-06,4.000000,1.481000e-06,-512.000000,
1.612500e-06,1.200000,1.612500e-06,4.000000,1.482000e-06,-512.000000,
1.613500e-06,1.200000,1.613500e-06,4.000000,1.483000e-06,-512.000000,
1.614500e-06,1.200000,1.614500e-06,8.000000,1.484000e-06,-512.000000,
1.615500e-06,1.200000,1.615500e-06,4.000000,1.485000e-06,-512.000000,
1.616500e-06,1.200000,1.616500e-06,8.000000,1.486000e-06,-512.000000,
1.617500e-06,1.200000,1.617500e-06,4.000000,1.487000e-06,-512.000000,
1.618500e-06,1.200000,1.618500e-06,4.000000,1.488000e-06,-512.000000,
1.619500e-06,1.200000,1.619500e-06,4.000000,1.489000e-06,-512.000000,
1.620500e-06,1.400000,1.620500e-06,4.000000,1.490000e-06,-512.000000,
1.621500e-06,1.200000,1.621500e-06,4.000000,1.491000e-06,-512.000000,
1.622500e-06,1.200000,1.622500e-06,4.000000,1.492000e-06,-512.000000,
1.623500e-06,1.200000,1.623500e-06,4.000000,1.493000e-06,-512.000000,
1.624500e-06,1.200000,1.624500e-06,4.000000,1.494000e-06,-512.000000,
1.625500e-06,1.200000,1.625500e-06,4.000000,1.495000e-06,-512.000000,
1.626500e-06,1.200000,1.626500e-06,4.000000,1.496000e-06,-512.000000,
1.627500e-06,1.200000,1.627500e-06,4.000000,1.497000e-06,-512.000000,
1.628500e-06,1.200000,1.628500e-06,4.000000,1.498000e-06,-512.000000,
1.629500e-06,1.200000,1.629500e-06,4.000000,1.499000e-06,-512.000000,
1.630500e-06,1.200000,1.630500e-06,8.000000,1.500000e-06,-512.000000,
1.631500e-06,1.200000,1.631500e-06,4.000000,1.501000e-06,-512.000000,
1.632500e-06,1.200000,1.632500e-06,4.000000,1.502000e-06,-512.000000,
1.633500e-06,1.200000,1.633500e-06,4.000000,1.503000e-06,-512.000000,
1.634500e-06,1.200000,1.634500e-06,4.000000,1.504000e-06,-512.000000,
1.635500e-06,1.200000,1.635500e-06,4.000000,1.505000e-06,-512.000000,
1.636500e-06,1.200000,1.636500e-06,4.000000,1.506000e-06,-512.000000,
1.637500e-06,1.200000,1.637500e-06,4.000000,1.507000e-06,-512.000000,
1.638500e-06,1.200000,1.638500e-06,4.000000,1.508000e-06,-512.000000,
1.639500e-06,1.200000,1.639500e-06,4.000000,1.509000e-06,-512.000000,
1.640500e-06,1.200000,1.640500e-06,4.000000,1.510000e-06,-512.000000,
1.641500e-06,1.200000,1.641500e-06,4.000000,1.511000e-06,-512.000000,
1.642500e-06,1.200000,1.642500e-06,4.000000,1.512000e-06,-512.000000,
1.643500e-06,1.200000,1.643500e-06,4.000000,1.513000e-06,-512.000000,
1.644500e-06,1.200000,1.644500e-06,4.000000,1.514000e-06,-512.000000,
1.645500e-06,1.200000,1.645500e-06,4.000000,1.515000e-06,-512.000000,
1.646500e-06,1.200000,1.646500e-06,4.000000,1.516000e-06,-512.000000,
1.647500e-06,1.200000,1.647500e-06,4.000000,1.517000e-06,-512.000000,
1.648500e-06,1.200000,1.648500e-06,4.000000,1.518000e-06,-512.000000,
1.649500e-06,1.200000,1.649500e-06,4.000000,1.519000e-06,-512.000000,
1.650500e-06,1.200000,1.650500e-06,4.000000,1.520000e-06,-512.000000,
1.651500e-06,1.200000,1.651500e-06,4.000000,1.521000e-06,-512.000000,
1.652500e-06,1.000000,1.652500e-06,4.000000,1.522000e-06,-512.000000,
1.653500e-06,1.200000,1.653500e-06,4.000000,1.523000e-06,-512.000000,
1.654500e-06,1.200000,1.654500e-06,4.000000,1.524000e-06,-512.000000,
1.655500e-06,1.200000,1.655500e-06,4.000000,1.525000e-06,-512.000000,
1.656500e-06,1.200000,1.656500e-06,4.000000,1.526000e-06,-512.000000,
1.657500e-06,1.200000,1.657500e-06,4.000000,1.527000e-06,-512.000000,
1.658500e-06,1.200000,1.658500e-06,4.000000,1.528000e-06,-512.000000,
1.659500e-06,1.200000,1.659500e-06,4.000000,1.529000e-06,-512.000000,
1.660500e-06,1.200000,1.660500e-06,4.000000,1.530000e-06,-512.000000,
1.661500e-06,1.200000,1.661500e-06,4.000000,1.531000e-06,-512.000000,
1.662500e-06,1.200000,1.662500e-06,4.000000,1.532000e-06,-512.000000,
1.663500e-06,1.200000,1.663500e-06,4.000000,1.533000e-06,-512.000000,
1.664500e-06,1.200000,1.664500e-06,4.000000,1.534000e-06,-512.000000,
1.665500e-06,1.200000,1.665500e-06,4.000000,1.535000e-06,-512.000000,
1.666500e-06,1.400000,1.666500e-06,4.000000,1.536000e-06,-512.000000,
1.667500e-06,1.200000,1.667500e-06,4.000000,1.537000e-06,-512.000000,
1.668500e-06,1.200000,1.668500e-06,4.000000,1.538000e-06,-512.000000,
1.669500e-06,1.200000,1.669500e-06,4.000000,1.539000e-06,-512.000000,
1.670500e-06,1.200000,1.670500e-06,4.000000,1.540000e-06,-512.000000,
1.671500e-06,1.200000,1.671500e-06,4.000000,1.541000e-06,-512.000000,
1.672500e-06,1.200000,1.672500e-06,8.000000,1.542000e-06,-512.000000,
1.673500e-06,1.200000,1.673500e-06,4.000000,1.543000e-06,-512.000000,
1.674500e-06,1.200000,1.674500e-06,4.000000,1.544000e-06,-512.000000,
1.675500e-06,1.200000,1.675500e-06,4.000000,1.545000e-06,-512.000000,
1.676500e-06,1.200000,1.676500e-06,4.000000,1.546000e-06,-512.000000,
1.677500e-06,1.200000,1.677500e-06,4.000000,1.547000e-06,-512.000000,
1.678500e-06,1.200000,1.678500e-06,4.000000,1.548000e-06,-512.000000,
1.679500e-06,1.200000,1.679500e-06,4.000000,1.549000e-06,-512.000000,
1.680500e-06,1.200000,1.680500e-06,4.000000,1.550000e-06,-512.000000,
1.681500e-06,1.200000,1.681500e-06,4.000000,1.551000e-06,-512.000000,
1.682500e-06,1.200000,1.682500e-06,8.000000,1.552000e-06,-512.000000,
1.683500e-06,1.200000,1.683500e-06,4.000000,1.553000e-06,-512.000000,
1.684500e-06,1.200000,1.684500e-06,4.000000,1.554000e-06,-512.000000,
1.685500e-06,1.200000,1.685500e-06,4.000000,1.555000e-06,-512.000000,
1.686500e-06,1.200000,1.686500e-06,4.000000,1.556000e-06,-512.000000,
1.687500e-06,1.200000,1.687500e-06,4.000000,1.557000e-06,-512.000000,
1.688500e-06,1.200000,1.688500e-06,4.000000,1.558000e-06,-512.000000,
1.689500e-06,1.200000,1.689500e-06,4.000000,1.559000e-06,-512.000000,
1.690500e-06,1.200000,1.690500e-06,4.000000,1.560000e-06,-512.000000,
1.691500e-06,1.200000,1.691500e-06,4.000000,1.561000e-06,-512.000000,
1.692500e-06,1.200000,1.692500e-06,4.000000,1.562000e-06,-512.000000,
1.693500e-06,1.200000,1.693500e-06,4.000000,1.563000e-06,-512.000000,
1.694500e-06,1.000000,1.694500e-06,4.000000,1.564000e-06,-512.000000,
1.695500e-06,1.200000,1.695500e-06,4.000000,1.565000e-06,-512.000000,
1.696500e-06,1.000000,1.696500e-06,4.000000,1.566000e-06,-512.000000,
1.697500e-06,1.200000,1.697500e-06,4.000000,1.567000e-06,-512.000000,
1.698500e-06,1.200000,1.698500e-06,4.000000,1.568000e-06,-512.000000,
1.699500e-06,1.200000,1.699500e-06,4.000000,1.569000e-06,-512.000000,
1.700500e-06,1.200000,1.700500e-06,4.000000,1.570000e-06,-512.000000,
1.701500e-06,1.200000,1.701500e-06,4.000000,1.571000e-06,-512.000000,
1.702500e-06,1.200000,1.702500e-06,4.000000,1.572000e-06,-512.000000,
1.703500e-06,1.200000,1.703500e-06,4.000000,1.573000e-06,-512.000000,
1.704500e-06,1.000000,1.704500e-06,4.000000,1.574000e-06,-512.000000,
1.705500e-06,1.200000,1.705500e-06,4.000000,1.575000e-06,-512.000000,
1.706500e-06,1.200000,1.706500e-06,4.000000,1.576000e-06,-512.000000,
1.707500e-06,1.200000,1.707500e-06,4.000000,1.577000e-06,-512.000000,
1.708500e-06,1.200000,1.708500e-06,4.000000,1.578000e-06,-512.000000,
1.709500e-06,1.200000,1.709500e-06,4.000000,1.579000e-06,-512.000000,
1.710500e-06,1.200000,1.710500e-06,4.000000,1.580000e-06,-512.000000,
1.711500e-06,1.200000,1.711500e-06,4.000000,1.581000e-06,-512.000000,
1.712500e-06,1.200000,1.712500e-06,4.000000,1.582000e-06,-512.000000,
1.713500e-06,1.000000,1.713500e-06,4.000000,1.583000e-06,-512.000000,
1.714500e-06,1.000000,1.714500e-06,4.000000,1.584000e-06,-512.000000,
1.715500e-06,1.000000,1.715500e-06,4.000000,1.585000e-06,-512.000000,
1.716500e-06,1.200000,1.716500e-06,4.000000,1.586000e-06,-512.000000,
1.717500e-06,1.000000,1.717500e-06,4.000000,1.587000e-06,-512.000000,
1.718500e-06,1.000000,1.718500e-06,4.000000,1.588000e-06,-512.000000,
1.719500e-06,1.000000,1.719500e-06,4.000000,1.589000e-06,-512.000000,
1.720500e-06,1.000000,1.720500e-06,4.000000,1.590000e-06,-512.000000,
1.721500e-06,1.200000,1.721500e-06,4.000000,1.591000e-06,-512.000000,
1.722500e-06,1.000000,1.722500e-06,4.000000,1.592000e-06,-512.000000,
1.723500e-06,1.000000,1.723500e-06,4.000000,1.593000e-06,-512.000000,
1.724500e-06,1.000000,1.724500e-06,4.000000,1.594000e-06,-512.000000,
1.725500e-06,1.200000,1.725500e-06,4.000000,1.595000e-06,-512.000000,
1.726500e-06,1.000000,1.726500e-06,4.000000,1.596000e-06,-512.000000,
1.727500e-06,1.200000,1.727500e-06,4.000000,1.597000e-06,-512.000000,
1.728500e-06,1.200000,1.728500e-06,4.000000,1.598000e-06,-512.000000,
1.729500e-06,1.200000,1.729500e-06,4.000000,1.599000e-06,-512.000000,
1.730500e-06,1.000000,1.730500e-06,4.000000,1.600000e-06,-512.000000,
1.731500e-06,1.200000,1.731500e-06,4.000000,1.601000e-06,-512.000000,
1.732500e-06,1.000000,1.732500e-06,4.000000,1.602000e-06,-512.000000,
1.733500e-06,1.200000,1.733500e-06,4.000000,1.603000e-06,-512.000000,
1.734500e-06,1.000000,1.734500e-06,4.000000,1.604000e-06,-512.000000,
1.735500e-06,1.200000,1.735500e-06,4.000000,1.605000e-06,-512.000000,
1.736500e-06,1.200000,1.736500e-06,4.000000,1.606000e-06,-512.000000,
1.737500e-06,1.200000,1.737500e-06,4.000000,1.607000e-06,-512.000000,
1.738500e-06,1.200000,1.738500e-06,4.000000,1.608000e-06,-512.000000,
1.739500e-06,1.200000,1.739500e-06,4.000000,1.609000e-06,-512.000000,
1.740500e-06,1.200000,1.740500e-06,4.000000,1.610000e-06,-512.000000,
1.741500e-06,1.000000,1.741500e-06,4.000000,1.611000e-06,-512.000000,
1.742500e-06,1.000000,1.742500e-06,4.000000,1.612000e-06,-512.000000,
1.743500e-06,1.000000,1.743500e-06,4.000000,1.613000e-06,-512.000000,
1.744500e-06,1.000000,1.744500e-06,4.000000,1.614000e-06,-512.000000,
1.745500e-06,1.200000,1.745500e-06,4.000000,1.615000e-06,-512.000000,
1.746500e-06,1.000000,1.746500e-06,4.000000,1.616000e-06,-512.000000,
1.747500e-06,1.200000,1.747500e-06,4.000000,1.617000e-06,-512.000000,
1.748500e-06,1.200000,1.748500e-06,4.000000,1.618000e-06,-512.000000,
1.749500e-06,1.000000,1.749500e-06,4.000000,1.619000e-06,-512.000000,
1.750500e-06,1.000000,1.750500e-06,4.000000,1.620000e-06,-512.000000,
1.751500e-06,1.000000,1.751500e-06,4.000000,1.621000e-06,-512.000000,
1.752500e-06,1.200000,1.752500e-06,4.000000,1.622000e-06,-512.000000,
1.753500e-06,1.200000,1.753500e-06,4.000000,1.623000e-06,-512.000000,
1.754500e-06,1.000000,1.754500e-06,4.000000,1.624000e-06,-512.000000,
1.755500e-06,1.000000,1.755500e-06,4.000000,1.625000e-06,-512.000000,
1.756500e-06,1.000000,1.756500e-06,4.000000,1.626000e-06,-512.000000,
1.757500e-06,1.000000,1.757500e-06,4.000000,1.627000e-06,-512.000000,
1.758500e-06,1.000000,1.758500e-06,4.000000,1.628000e-06,-512.000000,
1.759500e-06,1.200000,1.759500e-06,4.000000,1.629000e-06,-512.000000,
1.760500e-06,1.000000,1.760500e-06,4.000000,1.630000e-06,-512.000000,
1.761500e-06,1.200000,1.761500e-06,4.000000,1.631000e-06,-512.000000,
1.762500e-06,1.000000,1.762500e-06,4.000000,1.632000e-06,-512.000000,
1.763500e-06,1.000000,1.763500e-06,4.000000,1.633000e-06,-512.000000,
1.764500e-06,1.000000,1.764500e-06,4.000000,1.634000e-06,-512.000000,
1.765500e-06,1.000000,1.765500e-06,4.000000,1.635000e-06,-512.000000,
1.766500e-06,1.000000,1.766500e-06,4.000000,1.636000e-06,-512.000000,
1.767500e-06,1.000000,1.767500e-06,4.000000,1.637000e-06,-512.000000,
1.768500e-06,1.000000,1.768500e-06,4.000000,1.638000e-06,-512.000000,
1.769500e-06,1.000000,1.769500e-06,4.000000,1.639000e-06,-512.000000,
1.770500e-06,1.000000,1.770500e-06,4.000000,1.640000e-06,-512.000000,
1.771500e-06,1.000000,1.771500e-06,4.000000,1.641000e-06,-512.000000,
1.772500e-06,1.000000,1.772500e-06,4.000000,1.642000e-06,-512.000000,
1.773500e-06,1.000000,1.773500e-06,4.000000,1.643000e-06,-512.000000,
1.774500e-06,1.000000,1.774500e-06,4.000000,1.644000e-06,-512.000000,
1.775500e-06,1.000000,1.775500e-06,4.000000,1.645000e-06,-512.000000,
1.776500e-06,1.000000,1.776500e-06,4.000000,1.646000e-06,-512.000000,
1.777500e-06,1.000000,1.777500e-06,4.000000,1.647000e-06,-512.000000,
1.778500e-06,1.000000,1.778500e-06,4.000000,1.648000e-06,-512.000000,
1.779500e-06,1.000000,1.779500e-06,4.000000,1.649000e-06,-512.000000,
1.780500e-06,1.000000,1.780500e-06,4.000000,1.650000e-06,-512.000000,
1.781500e-06,1.200000,1.781500e-06,4.000000,1.651000e-06,-512.000000,
1.782500e-06,1.200000,1.782500e-06,4.000000,1.652000e-06,-512.000000,
1.783500e-06,1.200000,1.783500e-06,4.000000,1.653000e-06,-512.000000,
1.784500e-06,1.200000,1.784500e-06,4.000000,1.654000e-06,-512.000000,
1.785500e-06,1.200000,1.785500e-06,4.000000,1.655000e-06,-512.000000,
1.786500e-06,1.000000,1.786500e-06,4.000000,1.656000e-06,-512.000000,
1.787500e-06,1.000000,1.787500e-06,4.000000,1.657000e-06,-512.000000,
1.788500e-06,1.000000,1.788500e-06,4.000000,1.658000e-06,-512.000000,
1.789500e-06,1.000000,1.789500e-06,4.000000,1.659000e-06,-512.000000,
1.790500e-06,1.000000,1.790500e-06,4.000000,1.660000e-06,-512.000000,
1.791500e-06,1.000000,1.791500e-06,4.000000,1.661000e-06,-512.000000,
1.792500e-06,1.000000,1.792500e-06,4.000000,1.662000e-06,-512.000000,
1.793500e-06,1.000000,1.793500e-06,4.000000,1.663000e-06,-512.000000,
1.794500e-06,1.000000,1.794500e-06,4.000000,1.664000e-06,-512.000000,
1.795500e-06,1.000000,1.795500e-06,4.000000,1.665000e-06,-512.000000,
1.796500e-06,1.000000,1.796500e-06,4.000000,1.666000e-06,-512.000000,
1.797500e-06,1.000000,1.797500e-06,4.000000,1.667000e-06,-512.000000,
1.798500e-06,1.000000,1.798500e-06,4.000000,1.668000e-06,-512.000000,
1.799500e-06,1.000000,1.799500e-06,4.000000,1.669000e-06,-512.000000,
1.800500e-06,1.000000,1.800500e-06,4.000000,1.670000e-06,-512.000000,
1.801500e-06,1.000000,1.801500e-06,4.000000,1.671000e-06,-512.000000,
1.802500e-06,1.000000,1.802500e-06,4.000000,1.672000e-06,-512.000000,
1.803500e-06,1.000000,1.803500e-06,4.000000,1.673000e-06,-512.000000,
1.804500e-06,1.000000,1.804500e-06,4.000000,1.674000e-06,-512.000000,
1.805500e-06,1.000000,1.805500e-06,4.000000,1.675000e-06,-512.000000,
1.806500e-06,1.000000,1.806500e-06,4.000000,1.676000e-06,-512.000000,
1.807500e-06,1.000000,1.807500e-06,4.000000,1.677000e-06,-512.000000,
1.808500e-06,1.000000,1.808500e-06,4.000000,1.678000e-06,-512.000000,
1.809500e-06,1.000000,1.809500e-06,4.000000,1.679000e-06,-512.000000,
1.810500e-06,1.000000,1.810500e-06,4.000000,1.680000e-06,-512.000000,
1.811500e-06,1.000000,1.811500e-06,4.000000,1.681000e-06,-512.000000,
1.812500e-06,1.000000,1.812500e-06,4.000000,1.682000e-06,-512.000000,
1.813500e-06,1.000000,1.813500e-06,4.000000,1.683000e-06,-512.000000,
1.814500e-06,1.000000,1.814500e-06,4.000000,1.684000e-06,-512.000000,
1.815500e-06,1.000000,1.815500e-06,4.000000,1.685000e-06,-512.000000,
1.816500e-06,1.000000,1.816500e-06,4.000000,1.686000e-06,-512.000000,
1.817500e-06,1.200000,1.817500e-06,4.000000,1.687000e-06,-512.000000,
1.818500e-06,1.000000,1.818500e-06,4.000000,1.688000e-06,-512.000000,
1.819500e-06,1.200000,1.819500e-06,4.000000,1.689000e-06,-512.000000,
1.820500e-06,1.000000,1.820500e-06,4.000000,1.690000e-06,-512.000000,
1.821500e-06,1.200000,1.821500e-06,4.000000,1.691000e-06,-512.000000,
1.822500e-06,1.000000,1.822500e-06,4.000000,1.692000e-06,-512.000000,
1.823500e-06,1.000000,1.823500e-06,4.000000,1.693000e-06,-512.000000,
1.824500e-06,1.000000,1.824500e-06,4.000000,1.694000e-06,-512.000000,
1.825500e-06,1.000000,1.825500e-06,4.000000,1.695000e-06,-512.000000,
1.826500e-06,1.200000,1.826500e-06,4.000000,1.696000e-06,-512.000000,
1.827500e-06,1.000000,1.827500e-06,4.000000,1.697000e-06,-512.000000,
1.828500e-06,1.000000,1.828500e-06,4.000000,1.698000e-06,-512.000000,
1.829500e-06,1.200000,1.829500e-06,4.000000,1.699000e-06,-512.000000,
1.830500e-06,1.000000,1.830500e-06,4.000000,1.700000e-06,-512.000000,
1.831500e-06,1.000000,1.831500e-06,4.000000,1.701000e-06,-512.000000,
1.832500e-06,1.000000,1.832500e-06,4.000000,1.702000e-06,-512.000000,
1.833500e-06,1.200000,1.833500e-06,4.000000,1.703000e-06,-512.000000,
1.834500e-06,1.000000,1.834500e-06,4.000000,1.704000e-06,-512.000000,
1.835500e-06,1.000000,1.835500e-06,4.000000,1.705000e-06,-512.000000,
1.836500e-06,1.000000,1.836500e-06,4.000000,1.706000e-06,-512.000000,
1.837500e-06,1.000000,1.837500e-06,4.000000,1.707000e-06,-512.000000,
1.838500e-06,1.000000,1.838500e-06,4.000000,1.708000e-06,-512.000000,
1.839500e-06,1.000000,1.839500e-06,4.000000,1.709000e-06,-512.000000,
1.840500e-06,1.200000,1.840500e-06,4.000000,1.710000e-06,-512.000000,
1.841500e-06,1.000000,1.841500e-06,4.000000,1.711000e-06,-512.000000,
1.842500e-06,1.000000,1.842500e-06,4.000000,1.712000e-06,-512.000000,
1.843500e-06,1.000000,1.843500e-06,4.000000,1.713000e-06,-512.000000,
1.844500e-06,1.000000,1.844500e-06,4.000000,1.714000e-06,-512.000000,
1.845500e-06,1.200000,1.845500e-06,4.000000,1.715000e-06,-512.000000,
1.846500e-06,1.000000,1.846500e-06,4.000000,1.716000e-06,-512.000000,
1.847500e-06,1.000000,1.847500e-06,4.000000,1.717000e-06,-512.000000,
1.848500e-06,1.000000,1.848500e-06,4.000000,1.718000e-06,-512.000000,
1.849500e-06,1.000000,1.849500e-06,4.000000,1.719000e-06,-512.000000,
1.850500e-06,1.200000,1.850500e-06,4.000000,1.720000e-06,-512.000000,
1.851500e-06,1.000000,1.851500e-06,4.000000,1.721000e-06,-512.000000,
1.852500e-06,1.000000,1.852500e-06,4.000000,1.722000e-06,-512.000000,
1.853500e-06,1.200000,1.853500e-06,4.000000,1.723000e-06,-512.000000,
1.854500e-06,1.000000,1.854500e-06,4.000000,1.724000e-06,-512.000000,
1.855500e-06,1.200000,1.855500e-06,4.000000,1.725000e-06,-512.000000,
1.856500e-06,1.000000,1.856500e-06,4.000000,1.726000e-06,-512.000000,
1.857500e-06,1.000000,1.857500e-06,4.000000,1.727000e-06,-512.000000,
1.858500e-06,1.000000,1.858500e-06,4.000000,1.728000e-06,-512.000000,
1.859500e-06,1.000000,1.859500e-06,4.000000,1.729000e-06,-512.000000,
1.860500e-06,1.000000,1.860500e-06,4.000000,1.730000e-06,-512.000000,
1.861500e-06,1.200000,1.861500e-06,4.000000,1.731000e-06,-512.000000,
1.862500e-06,1.000000,1.862500e-06,4.000000,1.732000e-06,-512.000000,
1.863500e-06,1.000000,1.863500e-06,4.000000,1.733000e-06,-512.000000,
1.864500e-06,1.000000,1.864500e-06,4.000000,1.734000e-06,-512.000000,
1.865500e-06,1.000000,1.865500e-06,4.000000,1.735000e-06,-512.000000,
1.866500e-06,1.000000,1.866500e-06,4.000000,1.736000e-06,-512.000000,
1.867500e-06,1.000000,1.867500e-06,4.000000,1.737000e-06,-512.000000,
1.868500e-06,1.000000,1.868500e-06,4.000000,1.738000e-06,-512.000000,
1.869500e-06,1.000000,1.869500e-06,4.000000,1.739000e-06,-512.000000,
1.870500e-06,1.000000,1.870500e-06,4.000000,1.740000e-06,-512.000000,
1.871500e-06,1.200000,1.871500e-06,4.000000,1.741000e-06,-512.000000,
1.872500e-06,1.000000,1.872500e-06,4.000000,1.742000e-06,-512.000000,
1.873500e-06,1.200000,1.873500e-06,4.000000,1.743000e-06,-512.000000,
1.874500e-06,1.000000,1.874500e-06,4.000000,1.744000e-06,-512.000000,
1.875500e-06,1.000000,1.875500e-06,4.000000,1.745000e-06,-512.000000,
1.876500e-06,1.000000,1.876500e-06,4.000000,1.746000e-06,-512.000000,
1.877500e-06,1.000000,1.877500e-06,4.000000,1.747000e-06,-512.000000,
1.878500e-06,1.000000,1.878500e-06,4.000000,1.748000e-06,-512.000000,
1.879500e-06,1.000000,1.879500e-06,4.000000,1.749000e-06,-512.000000,
1.880500e-06,1.000000,1.880500e-06,4.000000,1.750000e-06,-512.000000,
1.881500e-06,1.200000,1.881500e-06,4.000000,1.751000e-06,-512.000000,
1.882500e-06,1.200000,1.882500e-06,4.000000,1.752000e-06,-512.000000,
1.883500e-06,1.200000,1.883500e-06,4.000000,1.753000e-06,-512.000000,
1.884500e-06,1.200000,1.884500e-06,4.000000,1.754000e-06,-512.000000,
1.885500e-06,1.200000,1.885500e-06,4.000000,1.755000e-06,-512.000000,
1.886500e-06,1.200000,1.886500e-06,4.000000,1.756000e-06,-512.000000,
1.887500e-06,1.200000,1.887500e-06,4.000000,1.757000e-06,-512.000000,
1.888500e-06,1.200000,1.888500e-06,4.000000,1.758000e-06,-512.000000,
1.889500e-06,1.200000,1.889500e-06,4.000000,1.759000e-06,-512.000000,
1.890500e-06,1.200000,1.890500e-06,4.000000,1.760000e-06,-512.000000,
1.891500e-06,1.200000,1.891500e-06,4.000000,1.761000e-06,-512.000000,
1.892500e-06,1.200000,1.892500e-06,4.000000,1.762000e-06,-512.000000,
1.893500e-06,1.200000,1.893500e-06,4.000000,1.763000e-06,-512.000000,
1.894500e-06,1.200000,1.894500e-06,4.000000,1.764000e-06,-512.000000,
1.895500e-06,1.200000,1.895500e-06,4.000000,1.765000e-06,-512.000000,
1.896500e-06,1.200000,1.896500e-06,4.000000,1.766000e-06,-512.000000,
1.897500e-06,1.200000,1.897500e-06,4.000000,1.767000e-06,-512.000000,
1.898500e-06,1.200000,1.898500e-06,4.000000,1.768000e-06,-512.000000,
1.899500e-06,1.200000,1.899500e-06,4.000000,1.769000e-06,-512.000000,
1.900500e-06,1.200000,1.900500e-06,4.000000,1.770000e-06,-512.000000,
1.901500e-06,1.200000,1.901500e-06,4.000000,1.771000e-06,-512.000000,
1.902500e-06,1.200000,1.902500e-06,8.000000,1.772000e-06,-512.000000,
1.903500e-06,1.200000,1.903500e-06,4.000000,1.773000e-06,-512.000000,
1.904500e-06,1.200000,1.904500e-06,4.000000,1.774000e-06,-512.000000,
1.905500e-06,1.200000,1.905500e-06,4.000000,1.775000e-06,-512.000000,
1.906500e-06,1.200000,1.906500e-06,4.000000,1.776000e-06,-512.000000,
1.907500e-06,1.200000,1.907500e-06,4.000000,1.777000e-06,-512.000000,
1.908500e-06,1.000000,1.908500e-06,4.000000,1.778000e-06,-512.000000,
1.909500e-06,1.200000,1.909500e-06,4.000000,1.779000e-06,-512.000000,
1.910500e-06,1.200000,1.910500e-06,4.000000,1.780000e-06,-512.000000,
1.911500e-06,1.200000,1.911500e-06,4.000000,1.781000e-06,-512.000000,
1.912500e-06,1.200000,1.912500e-06,4.000000,1.782000e-06,-512.000000,
1.913500e-06,1.200000,1.913500e-06,4.000000,1.783000e-06,-512.000000,
1.914500e-06,1.200000,1.914500e-06,4.000000,1.784000e-06,-512.000000,
1.915500e-06,1.200000,1.915500e-06,4.000000,1.785000e-06,-512.000000,
1.916500e-06,1.200000,1.916500e-06,4.000000,1.786000e-06,-512.000000,
1.917500e-06,1.200000,1.917500e-06,4.000000,1.787000e-06,-512.000000,
1.918500e-06,1.200000,1.918500e-06,4.000000,1.788000e-06,-512.000000,
1.919500e-06,1.200000,1.919500e-06,4.000000,1.789000e-06,-512.000000,
1.920500e-06,1.200000,1.920500e-06,4.000000,1.790000e-06,-512.000000,
1.921500e-06,1.200000,1.921500e-06,4.000000,1.791000e-06,-512.000000,
1.922500e-06,1.200000,1.922500e-06,4.000000,1.792000e-06,-512.000000,
1.923500e-06,1.200000,1.923500e-06,4.000000,1.793000e-06,-512.000000,
1.924500e-06,1.200000,1.924500e-06,4.000000,1.794000e-06,-512.000000,
1.925500e-06,1.200000,1.925500e-06,4.000000,1.795000e-06,-512.000000,
1.926500e-06,1.200000,1.926500e-06,4.000000,1.796000e-06,-512.000000,
1.927500e-06,1.200000,1.927500e-06,4.000000,1.797000e-06,-512.000000,
1.928500e-06,1.200000,1.928500e-06,4.000000,1.798000e-06,-512.000000,
1.929500e-06,1.200000,1.929500e-06,4.000000,1.799000e-06,-512.000000,
1.930500e-06,1.200000,1.930500e-06,4.000000,1.800000e-06,-512.000000,
1.931500e-06,1.200000,1.931500e-06,4.000000,1.801000e-06,-512.000000,
1.932500e-06,1.200000,1.932500e-06,4.000000,1.802000e-06,-512.000000,
1.933500e-06,1.200000,1.933500e-06,4.000000,1.803000e-06,-512.000000,
1.934500e-06,1.200000,1.934500e-06,4.000000,1.804000e-06,-512.000000,
1.935500e-06,1.200000,1.935500e-06,4.000000,1.805000e-06,-512.000000,
1.936500e-06,1.200000,1.936500e-06,4.000000,1.806000e-06,-512.000000,
1.937500e-06,1.200000,1.937500e-06,4.000000,1.807000e-06,-512.000000,
1.938500e-06,1.200000,1.938500e-06,4.000000,1.808000e-06,-512.000000,
1.939500e-06,1.200000,1.939500e-06,4.000000,1.809000e-06,-512.000000,
1.940500e-06,1.200000,1.940500e-06,4.000000,1.810000e-06,-512.000000,
1.941500e-06,1.200000,1.941500e-06,4.000000,1.811000e-06,-512.000000,
1.942500e-06,1.200000,1.942500e-06,4.000000,1.812000e-06,-512.000000,
1.943500e-06,1.200000,1.943500e-06,4.000000,1.813000e-06,-512.000000,
1.944500e-06,1.200000,1.944500e-06,4.000000,1.814000e-06,-512.000000,
1.945500e-06,1.200000,1.945500e-06,4.000000,1.815000e-06,-512.000000,
1.946500e-06,1.200000,1.946500e-06,4.000000,1.816000e-06,-512.000000,
1.947500e-06,1.200000,1.947500e-06,4.000000,1.817000e-06,-512.000000,
1.948500e-06,1.200000,1.948500e-06,4.000000,1.818000e-06,-512.000000,
1.949500e-06,1.200000,1.949500e-06,4.000000,1.819000e-06,-512.000000,
1.950500e-06,1.200000,1.950500e-06,4.000000,1.820000e-06,-512.000000,
1.951500e-06,1.200000,1.951500e-06,4.000000,1.821000e-06,-512.000000,
1.952500e-06,1.200000,1.952500e-06,4.000000,1.822000e-06,-512.000000,
1.953500e-06,1.200000,1.953500e-06,4.000000,1.823000e-06,-512.000000,
1.954500e-06,1.200000,1.954500e-06,4.000000,1.824000e-06,-512.000000,
1.955500e-06,1.200000,1.955500e-06,4.000000,1.825000e-06,-512.000000,
1.956500e-06,1.200000,1.956500e-06,4.000000,1.826000e-06,-512.000000,
1.957500e-06,1.200000,1.957500e-06,4.000000,1.827000e-06,-512.000000,
1.958500e-06,1.200000,1.958500e-06,4.000000,1.828000e-06,-512.000000,
1.959500e-06,1.200000,1.959500e-06,4.000000,1.829000e-06,-512.000000,
1.960500e-06,1.200000,1.960500e-06,4.000000,1.830000e-06,-512.000000,
1.961500e-06,1.400000,1.961500e-06,4.000000,1.831000e-06,-512.000000,
1.962500e-06,1.200000,1.962500e-06,4.000000,1.832000e-06,-512.000000,
1.963500e-06,1.400000,1.963500e-06,4.000000,1.833000e-06,-512.000000,
1.964500e-06,1.200000,1.964500e-06,4.000000,1.834000e-06,-512.000000,
1.965500e-06,1.400000,1.965500e-06,4.000000,1.835000e-06,-512.000000,
1.966500e-06,1.200000,1.966500e-06,4.000000,1.836000e-06,-512.000000,
1.967500e-06,1.200000,1.967500e-06,4.000000,1.837000e-06,-512.000000,
1.968500e-06,1.200000,1.968500e-06,4.000000,1.838000e-06,-512.000000,
1.969500e-06,1.200000,1.969500e-06,4.000000,1.839000e-06,-512.000000,
1.970500e-06,1.200000,1.970500e-06,4.000000,1.840000e-06,-512.000000,
1.971500e-06,1.200000,1.971500e-06,4.000000,1.841000e-06,-512.000000,
1.972500e-06,1.200000,1.972500e-06,4.000000,1.842000e-06,-512.000000,
1.973500e-06,1.200000,1.973500e-06,4.000000,1.843000e-06,-512.000000,
1.974500e-06,1.200000,1.974500e-06,4.000000,1.844000e-06,-512.000000,
1.975500e-06,1.400000,1.975500e-06,4.000000,1.845000e-06,-512.000000,
1.976500e-06,1.200000,1.976500e-06,4.000000,1.846000e-06,-512.000000,
1.977500e-06,1.200000,1.977500e-06,4.000000,1.847000e-06,-512.000000,
1.978500e-06,1.200000,1.978500e-06,4.000000,1.848000e-06,-512.000000,
1.979500e-06,1.200000,1.979500e-06,4.000000,1.849000e-06,-512.000000,
1.980500e-06,1.200000,1.980500e-06,4.000000,1.850000e-06,-512.000000,
1.981500e-06,1.200000,1.981500e-06,4.000000,1.851000e-06,-512.000000,
1.982500e-06,1.200000,1.982500e-06,4.000000,1.852000e-06,-512.000000,
1.983500e-06,1.200000,1.983500e-06,4.000000,1.853000e-06,-512.000000,
1.984500e-06,1.200000,1.984500e-06,4.000000,1.854000e-06,-512.000000,
1.985500e-06,1.200000,1.985500e-06,4.000000,1.855000e-06,-512.000000,
1.986500e-06,1.200000,1.986500e-06,4.000000,1.856000e-06,-512.000000,
1.987500e-06,1.200000,1.987500e-06,4.000000,1.857000e-06,-512.000000,
1.988500e-06,1.200000,1.988500e-06,4.000000,1.858000e-06,-512.000000,
1.989500e-06,1.200000,1.989500e-06,4.000000,1.859000e-06,-512.000000,
1.990500e-06,1.200000,1.990500e-06,4.000000,1.860000e-06,-512.000000,
1.991500e-06,1.200000,1.991500e-06,4.000000,1.861000e-06,-512.000000,
1.992500e-06,1.200000,1.992500e-06,4.000000,1.862000e-06,-512.000000,
1.993500e-06,1.200000,1.993500e-06,4.000000,1.863000e-06,-512.000000,
1.994500e-06,1.200000,1.994500e-06,4.000000,1.864000e-06,-512.000000,
1.995500e-06,1.200000,1.995500e-06,4.000000,1.865000e-06,-512.000000,
1.996500e-06,1.200000,1.996500e-06,4.000000,1.866000e-06,-512.000000,
1.997500e-06,1.200000,1.997500e-06,4.000000,1.867000e-06,-512.000000,
1.998500e-06,1.200000,1.998500e-06,4.000000,1.868000e-06,-512.000000,
1.999500e-06,1.200000,1.999500e-06,4.000000,1.869000e-06,-512.000000,
2.000500e-06,1.200000,2.000500e-06,4.000000,1.870000e-06,-512.000000,
2.001500e-06,1.200000,2.001500e-06,4.000000,1.871000e-06,-512.000000,
2.002500e-06,1.000000,2.002500e-06,4.000000,1.872000e-06,-512.000000,
2.003500e-06,1.200000,2.003500e-06,4.000000,1.873000e-06,-512.000000,
2.004500e-06,1.200000,2.004500e-06,4.000000,1.874000e-06,-512.000000,
2.005500e-06,1.200000,2.005500e-06,4.000000,1.875000e-06,-512.000000,
2.006500e-06,1.200000,2.006500e-06,4.000000,1.876000e-06,-512.000000,
2.007500e-06,1.200000,2.007500e-06,4.000000,1.877000e-06,-512.000000,
2.008500e-06,1.200000,2.008500e-06,4.000000,1.878000e-06,-512.000000,
2.009500e-06,1.200000,2.009500e-06,4.000000,1.879000e-06,-512.000000,
2.010500e-06,1.200000,2.010500e-06,4.000000,1.880000e-06,-512.000000,
2.011500e-06,1.200000,2.011500e-06,4.000000,1.881000e-06,-512.000000,
2.012500e-06,1.200000,2.012500e-06,4.000000,1.882000e-06,-512.000000,
2.013500e-06,1.200000,2.013500e-06,4.000000,1.883000e-06,-512.000000,
2.014500e-06,1.200000,2.014500e-06,4.000000,1.884000e-06,-512.000000,
2.015500e-06,1.200000,2.015500e-06,4.000000,1.885000e-06,-512.000000,
2.016500e-06,1.200000,2.016500e-06,4.000000,1.886000e-06,-512.000000,
2.017500e-06,1.200000,2.017500e-06,4.000000,1.887000e-06,-512.000000,
2.018500e-06,1.200000,2.018500e-06,4.000000,1.888000e-06,-512.000000,
2.019500e-06,1.200000,2.019500e-06,4.000000,1.889000e-06,-512.000000,
2.020500e-06,1.200000,2.020500e-06,4.000000,1.890000e-06,-512.000000,
2.021500e-06,1.200000,2.021500e-06,4.000000,1.891000e-06,-512.000000,
2.022500e-06,1.200000,2.022500e-06,4.000000,1.892000e-06,-512.000000,
2.023500e-06,1.200000,2.023500e-06,4.000000,1.893000e-06,-512.000000,
2.024500e-06,1.200000,2.024500e-06,4.000000,1.894000e-06,-512.000000,
2.025500e-06,1.200000,2.025500e-06,4.000000,1.895000e-06,-512.000000,
2.026500e-06,1.200000,2.026500e-06,4.000000,1.896000e-06,-512.000000,
2.027500e-06,1.200000,2.027500e-06,4.000000,1.897000e-06,-512.000000,
2.028500e-06,1.200000,2.028500e-06,4.000000,1.898000e-06,-512.000000,
2.029500e-06,1.200000,2.029500e-06,4.000000,1.899000e-06,-512.000000,
2.030500e-06,1.200000,2.030500e-06,4.000000,1.900000e-06,-512.000000,
2.031500e-06,1.200000,2.031500e-06,4.000000,1.901000e-06,-512.000000,
2.032500e-06,1.200000,2.032500e-06,4.000000,1.902000e-06,-512.000000,
2.033500e-06,1.200000,2.033500e-06,4.000000,1.903000e-06,-512.000000,
2.034500e-06,1.200000,2.034500e-06,4.000000,1.904000e-06,-512.000000,
2.035500e-06,1.200000,2.035500e-06,4.000000,1.905000e-06,-512.000000,
2.036500e-06,1.200000,2.036500e-06,4.000000,1.906000e-06,-512.000000,
2.037500e-06,1.200000,2.037500e-06,4.000000,1.907000e-06,-512.000000,
2.038500e-06,1.200000,2.038500e-06,4.000000,1.908000e-06,-512.000000,
2.039500e-06,1.200000,2.039500e-06,4.000000,1.909000e-06,-512.000000,
2.040500e-06,1.200000,2.040500e-06,4.000000,1.910000e-06,-512.000000,
2.041500e-06,1.200000,2.041500e-06,4.000000,1.911000e-06,-512.000000,
2.042500e-06,1.200000,2.042500e-06,4.000000,1.912000e-06,-512.000000,
2.043500e-06,1.200000,2.043500e-06,4.000000,1.913000e-06,-512.000000,
2.044500e-06,1.200000,2.044500e-06,4.000000,1.914000e-06,-512.000000,
2.045500e-06,1.200000,2.045500e-06,4.000000,1.915000e-06,-512.000000,
2.046500e-06,1.200000,2.046500e-06,4.000000,1.916000e-06,-512.000000,
2.047500e-06,1.200000,2.047500e-06,4.000000,1.917000e-06,-512.000000,
2.048500e-06,1.200000,2.048500e-06,4.000000,1.918000e-06,-512.000000,
2.049500e-06,1.200000,2.049500e-06,4.000000,1.919000e-06,-512.000000,
2.050500e-06,1.200000,2.050500e-06,4.000000,1.920000e-06,-512.000000,
2.051500e-06,1.200000,2.051500e-06,4.000000,1.921000e-06,-512.000000,
2.052500e-06,1.200000,2.052500e-06,4.000000,1.922000e-06,-512.000000,
2.053500e-06,1.200000,2.053500e-06,4.000000,1.923000e-06,-512.000000,
2.054500e-06,1.200000,2.054500e-06,4.000000,1.924000e-06,-512.000000,
2.055500e-06,1.200000,2.055500e-06,4.000000,1.925000e-06,-512.000000,
2.056500e-06,1.200000,2.056500e-06,4.000000,1.926000e-06,-512.000000,
2.057500e-06,1.200000,2.057500e-06,4.000000,1.927000e-06,-512.000000,
2.058500e-06,1.200000,2.058500e-06,4.000000,1.928000e-06,-512.000000,
2.059500e-06,1.200000,2.059500e-06,4.000000,1.929000e-06,-512.000000,
2.060500e-06,1.000000,2.060500e-06,4.000000,1.930000e-06,-512.000000,
2.061500e-06,1.200000,2.061500e-06,4.000000,1.931000e-06,-512.000000,
2.062500e-06,1.200000,2.062500e-06,4.000000,1.932000e-06,-512.000000,
2.063500e-06,1.200000,2.063500e-06,4.000000,1.933000e-06,-512.000000,
2.064500e-06,1.200000,2.064500e-06,4.000000,1.934000e-06,-512.000000,
2.065500e-06,1.200000,2.065500e-06,4.000000,1.935000e-06,-512.000000,
2.066500e-06,1.000000,2.066500e-06,4.000000,1.936000e-06,-512.000000,
2.067500e-06,1.200000,2.067500e-06,4.000000,1.937000e-06,-512.000000,
2.068500e-06,1.200000,2.068500e-06,4.000000,1.938000e-06,-512.000000,
2.069500e-06,1.200000,2.069500e-06,4.000000,1.939000e-06,-512.000000,
2.070500e-06,1.200000,2.070500e-06,4.000000,1.940000e-06,-512.000000,
2.071500e-06,1.200000,2.071500e-06,4.000000,1.941000e-06,-512.000000,
2.072500e-06,1.200000,2.072500e-06,4.000000,1.942000e-06,-512.000000,
2.073500e-06,1.000000,2.073500e-06,4.000000,1.943000e-06,-512.000000,
2.074500e-06,1.200000,2.074500e-06,0.000000,1.944000e-06,-512.000000,
2.075500e-06,1.200000,2.075500e-06,4.000000,1.945000e-06,-512.000000,
2.076500e-06,1.200000,2.076500e-06,4.000000,1.946000e-06,-512.000000,
2.077500e-06,1.200000,2.077500e-06,4.000000,1.947000e-06,-512.000000,
2.078500e-06,1.200000,2.078500e-06,4.000000,1.948000e-06,-512.000000,
2.079500e-06,1.200000,2.079500e-06,4.000000,1.949000e-06,-512.000000,
2.080500e-06,1.200000,2.080500e-06,4.000000,1.950000e-06,-512.000000,
2.081500e-06,1.200000,2.081500e-06,4.000000,1.951000e-06,-512.000000,
2.082500e-06,1.000000,2.082500e-06,8.000000,1.952000e-06,-512.000000,
2.083500e-06,1.200000,2.083500e-06,4.000000,1.953000e-06,-512.000000,
2.084500e-06,1.200000,2.084500e-06,4.000000,1.954000e-06,-512.000000,
2.085500e-06,1.200000,2.085500e-06,4.000000,1.955000e-06,-512.000000,
2.086500e-06,1.200000,2.086500e-06,4.000000,1.956000e-06,-512.000000,
2.087500e-06,1.200000,2.087500e-06,4.000000,1.957000e-06,-512.000000,
2.088500e-06,1.200000,2.088500e-06,4.000000,1.958000e-06,-512.000000,
2.089500e-06,1.200000,2.089500e-06,4.000000,1.959000e-06,-512.000000,
2.090500e-06,1.200000,2.090500e-06,4.000000,1.960000e-06,-512.000000,
2.091500e-06,1.200000,2.091500e-06,4.000000,1.961000e-06,-512.000000,
2.092500e-06,1.200000,2.092500e-06,4.000000,1.962000e-06,-512.000000,
2.093500e-06,1.200000,2.093500e-06,4.000000,1.963000e-06,-512.000000,
2.094500e-06,1.200000,2.094500e-06,4.000000,1.964000e-06,-512.000000,
2.095500e-06,1.200000,2.095500e-06,4.000000,1.965000e-06,-512.000000,
2.096500e-06,1.200000,2.096500e-06,4.000000,1.966000e-06,-512.000000,
2.097500e-06,1.200000,2.097500e-06,4.000000,1.967000e-06,-512.000000,
2.098500e-06,1.200000,2.098500e-06,4.000000,1.968000e-06,-512.000000,
2.099500e-06,1.200000,2.099500e-06,4.000000,1.969000e-06,-512.000000,
2.100500e-06,1.200000,2.100500e-06,4.000000,1.970000e-06,-512.000000,
2.101500e-06,1.200000,2.101500e-06,4.000000,1.971000e-06,-512.000000,
2.102500e-06,1.200000,2.102500e-06,4.000000,1.972000e-06,-512.000000,
2.103500e-06,1.200000,2.103500e-06,4.000000,1.973000e-06,-512.000000,
2.104500e-06,1.000000,2.104500e-06,4.000000,1.974000e-06,-512.000000,
2.105500e-06,1.200000,2.105500e-06,4.000000,1.975000e-06,-512.000000,
2.106500e-06,1.200000,2.106500e-06,4.000000,1.976000e-06,-512.000000,
2.107500e-06,1.200000,2.107500e-06,4.000000,1.977000e-06,-512.000000,
2.108500e-06,1.200000,2.108500e-06,4.000000,1.978000e-06,-512.000000,
2.109500e-06,1.200000,2.109500e-06,4.000000,1.979000e-06,-512.000000,
2.110500e-06,1.200000,2.110500e-06,4.000000,1.980000e-06,-512.000000,
2.111500e-06,1.200000,2.111500e-06,4.000000,1.981000e-06,-512.000000,
2.112500e-06,1.200000,2.112500e-06,4.000000,1.982000e-06,-512.000000,
2.113500e-06,1.200000,2.113500e-06,4.000000,1.983000e-06,-512.000000,
2.114500e-06,1.200000,2.114500e-06,4.000000,1.984000e-06,-512.000000,
2.115500e-06,1.200000,2.115500e-06,4.000000,1.985000e-06,-512.000000,
2.116500e-06,1.200000,2.116500e-06,4.000000,1.986000e-06,-512.000000,
2.117500e-06,1.200000,2.117500e-06,4.000000,1.987000e-06,-512.000000,
2.118500e-06,1.200000,2.118500e-06,4.000000,1.988000e-06,-512.000000,
2.119500e-06,1.200000,2.119500e-06,4.000000,1.989000e-06,-512.000000,
2.120500e-06,1.200000,2.120500e-06,4.000000,1.990000e-06,-512.000000,
2.121500e-06,1.200000,2.121500e-06,4.000000,1.991000e-06,-512.000000,
2.122500e-06,1.200000,2.122500e-06,4.000000,1.992000e-06,-512.000000,
2.123500e-06,1.200000,2.123500e-06,4.000000,1.993000e-06,-512.000000,
2.124500e-06,1.200000,2.124500e-06,4.000000,1.994000e-06,-512.000000,
2.125500e-06,1.200000,2.125500e-06,4.000000,1.995000e-06,-512.000000,
2.126500e-06,1.000000,2.126500e-06,4.000000,1.996000e-06,-512.000000,
2.127500e-06,1.200000,2.127500e-06,4.000000,1.997000e-06,-512.000000,
2.128500e-06,1.000000,2.128500e-06,4.000000,1.998000e-06,-512.000000,
2.129500e-06,1.200000,2.129500e-06,4.000000,1.999000e-06,-512.000000,
2.130500e-06,1.200000,2.130500e-06,4.000000,2.000000e-06,-512.000000,
2.131500e-06,1.000000,2.131500e-06,4.000000,2.001000e-06,-512.000000,
2.132500e-06,1.200000,2.132500e-06,4.000000,2.002000e-06,-512.000000,
2.133500e-06,1.200000,2.133500e-06,0.000000,2.003000e-06,-512.000000,
2.134500e-06,1.000000,2.134500e-06,4.000000,2.004000e-06,-512.000000,
2.135500e-06,1.200000,2.135500e-06,4.000000,2.005000e-06,-512.000000,
2.136500e-06,1.200000,2.136500e-06,4.000000,2.006000e-06,-512.000000,
2.137500e-06,1.200000,2.137500e-06,4.000000,2.007000e-06,-512.000000,
2.138500e-06,1.200000,2.138500e-06,4.000000,2.008000e-06,-512.000000,
2.139500e-06,1.200000,2.139500e-06,4.000000,2.009000e-06,-512.000000,
2.140500e-06,1.200000,2.140500e-06,4.000000,2.010000e-06,-512.000000,
2.141500e-06,1.200000,2.141500e-06,4.000000,2.011000e-06,-512.000000,
2.142500e-06,1.200000,2.142500e-06,8.000000,2.012000e-06,-512.000000,
2.143500e-06,1.200000,2.143500e-06,4.000000,2.013000e-06,-512.000000,
2.144500e-06,1.000000,2.144500e-06,4.000000,2.014000e-06,-512.000000,
2.145500e-06,1.200000,2.145500e-06,4.000000,2.015000e-06,-512.000000,
2.146500e-06,1.200000,2.146500e-06,4.000000,2.016000e-06,-512.000000,
2.147500e-06,1.200000,2.147500e-06,4.000000,2.017000e-06,-512.000000,
2.148500e-06,1.200000,2.148500e-06,4.000000,2.018000e-06,-512.000000,
2.149500e-06,1.200000,2.149500e-06,4.000000,2.019000e-06,-512.000000,
2.150500e-06,1.200000,2.150500e-06,4.000000,2.020000e-06,-512.000000,
2.151500e-06,1.200000,2.151500e-06,4.000000,2.021000e-06,-512.000000,
2.152500e-06,1.000000,2.152500e-06,4.000000,2.022000e-06,-512.000000,
2.153500e-06,1.200000,2.153500e-06,4.000000,2.023000e-06,-512.000000,
2.154500e-06,1.200000,2.154500e-06,4.000000,2.024000e-06,-512.000000,
2.155500e-06,1.200000,2.155500e-06,4.000000,2.025000e-06,-512.000000,
2.156500e-06,1.200000,2.156500e-06,4.000000,2.026000e-06,-512.000000,
2.157500e-06,1.200000,2.157500e-06,4.000000,2.027000e-06,-512.000000,
2.158500e-06,1.200000,2.158500e-06,4.000000,2.028000e-06,-512.000000,
2.159500e-06,1.200000,2.159500e-06,4.000000,2.029000e-06,-512.000000,
2.160500e-06,1.200000,2.160500e-06,4.000000,2.030000e-06,-512.000000,
2.161500e-06,1.200000,2.161500e-06,4.000000,2.031000e-06,-512.000000,
2.162500e-06,1.200000,2.162500e-06,4.000000,2.032000e-06,-512.000000,
2.163500e-06,1.200000,2.163500e-06,4.000000,2.033000e-06,-512.000000,
2.164500e-06,1.200000,2.164500e-06,4.000000,2.034000e-06,-512.000000,
2.165500e-06,1.200000,2.165500e-06,4.000000,2.035000e-06,-512.000000,
2.166500e-06,1.200000,2.166500e-06,4.000000,2.036000e-06,-512.000000,
2.167500e-06,1.200000,2.167500e-06,4.000000,2.037000e-06,-512.000000,
2.168500e-06,1.200000,2.168500e-06,4.000000,2.038000e-06,-512.000000,
2.169500e-06,1.200000,2.169500e-06,4.000000,2.039000e-06,-512.000000,
2.170500e-06,1.200000,2.170500e-06,4.000000,2.040000e-06,-512.000000,
2.171500e-06,1.200000,2.171500e-06,4.000000,2.041000e-06,-512.000000,
2.172500e-06,1.200000,2.172500e-06,4.000000,2.042000e-06,-512.000000,
2.173500e-06,1.200000,2.173500e-06,4.000000,2.043000e-06,-512.000000,
2.174500e-06,1.200000,2.174500e-06,4.000000,2.044000e-06,-512.000000,
2.175500e-06,1.200000,2.175500e-06,4.000000,2.045000e-06,-512.000000,
2.176500e-06,1.200000,2.176500e-06,4.000000,2.046000e-06,-512.000000,
2.177500e-06,1.200000,2.177500e-06,4.000000,2.047000e-06,-512.000000,
2.178500e-06,1.200000,2.178500e-06,4.000000,2.048000e-06,-512.000000,
2.179500e-06,1.200000,2.179500e-06,4.000000,2.049000e-06,-512.000000,
2.180500e-06,1.200000,2.180500e-06,4.000000,2.050000e-06,-512.000000,
2.181500e-06,1.200000,2.181500e-06,4.000000,2.051000e-06,-512.000000,
2.182500e-06,1.200000,2.182500e-06,4.000000,2.052000e-06,-512.000000,
2.183500e-06,1.200000,2.183500e-06,4.000000,2.053000e-06,-512.000000,
2.184500e-06,1.200000,2.184500e-06,4.000000,2.054000e-06,-512.000000,
2.185500e-06,1.200000,2.185500e-06,4.000000,2.055000e-06,-512.000000,
2.186500e-06,1.200000,2.186500e-06,4.000000,2.056000e-06,-512.000000,
2.187500e-06,1.200000,2.187500e-06,4.000000,2.057000e-06,-512.000000,
2.188500e-06,1.200000,2.188500e-06,4.000000,2.058000e-06,-512.000000,
2.189500e-06,1.200000,2.189500e-06,4.000000,2.059000e-06,-512.000000,
2.190500e-06,1.200000,2.190500e-06,4.000000,2.060000e-06,-512.000000,
2.191500e-06,1.200000,2.191500e-06,4.000000,2.061000e-06,-512.000000,
2.192500e-06,1.200000,2.192500e-06,4.000000,2.062000e-06,-512.000000,
2.193500e-06,1.200000,2.193500e-06,4.000000,2.063000e-06,-512.000000,
2.194500e-06,1.200000,2.194500e-06,4.000000,2.064000e-06,-512.000000,
2.195500e-06,1.200000,2.195500e-06,4.000000,2.065000e-06,-512.000000,
2.196500e-06,1.200000,2.196500e-06,4.000000,2.066000e-06,-512.000000,
2.197500e-06,1.200000,2.197500e-06,4.000000,2.067000e-06,-512.000000,
2.198500e-06,1.200000,2.198500e-06,4.000000,2.068000e-06,-512.000000,
2.199500e-06,1.200000,2.199500e-06,4.000000,2.069000e-06,-512.000000,
2.200500e-06,1.200000,2.200500e-06,4.000000,2.070000e-06,-512.000000,
2.201500e-06,1.200000,2.201500e-06,4.000000,2.071000e-06,-512.000000,
2.202500e-06,1.000000,2.202500e-06,4.000000,2.072000e-06,-512.000000,
2.203500e-06,1.200000,2.203500e-06,4.000000,2.073000e-06,-512.000000,
2.204500e-06,1.200000,2.204500e-06,4.000000,2.074000e-06,-512.000000,
2.205500e-06,1.200000,2.205500e-06,4.000000,2.075000e-06,-512.000000,
2.206500e-06,1.200000,2.206500e-06,4.000000,2.076000e-06,-512.000000,
2.207500e-06,1.200000,2.207500e-06,4.000000,2.077000e-06,-512.000000,
2.208500e-06,1.200000,2.208500e-06,4.000000,2.078000e-06,-512.000000,
2.209500e-06,1.200000,2.209500e-06,4.000000,2.079000e-06,-512.000000,
2.210500e-06,1.200000,2.210500e-06,4.000000,2.080000e-06,-512.000000,
2.211500e-06,1.200000,2.211500e-06,4.000000,2.081000e-06,-512.000000,
2.212500e-06,1.200000,2.212500e-06,4.000000,2.082000e-06,-512.000000,
2.213500e-06,1.200000,2.213500e-06,4.000000,2.083000e-06,-512.000000,
2.214500e-06,1.200000,2.214500e-06,4.000000,2.084000e-06,-512.000000,
2.215500e-06,1.200000,2.215500e-06,4.000000,2.085000e-06,-512.000000,
2.216500e-06,1.200000,2.216500e-06,4.000000,2.086000e-06,-512.000000,
2.217500e-06,1.200000,2.217500e-06,4.000000,2.087000e-06,-512.000000,
2.218500e-06,1.200000,2.218500e-06,4.000000,2.088000e-06,-512.000000,
2.219500e-06,1.200000,2.219500e-06,4.000000,2.089000e-06,-512.000000,
2.220500e-06,1.200000,2.220500e-06,4.000000,2.090000e-06,-512.000000,
2.221500e-06,1.200000,2.221500e-06,4.000000,2.091000e-06,-512.000000,
2.222500e-06,1.200000,2.222500e-06,4.000000,2.092000e-06,-512.000000,
2.223500e-06,1.200000,2.223500e-06,4.000000,2.093000e-06,-512.000000,
2.224500e-06,1.200000,2.224500e-06,4.000000,2.094000e-06,-512.000000,
2.225500e-06,1.200000,2.225500e-06,4.000000,2.095000e-06,-512.000000,
2.226500e-06,1.200000,2.226500e-06,4.000000,2.096000e-06,-512.000000,
2.227500e-06,1.200000,2.227500e-06,4.000000,2.097000e-06,-512.000000,
2.228500e-06,1.200000,2.228500e-06,4.000000,2.098000e-06,-512.000000,
2.229500e-06,1.200000,2.229500e-06,4.000000,2.099000e-06,-512.000000,
2.230500e-06,1.200000,2.230500e-06,4.000000,2.100000e-06,-512.000000,
2.231500e-06,1.200000,2.231500e-06,4.000000,2.101000e-06,-512.000000,
2.232500e-06,1.200000,2.232500e-06,8.000000,2.102000e-06,-512.000000,
2.233500e-06,1.200000,2.233500e-06,4.000000,2.103000e-06,-512.000000,
2.234500e-06,1.200000,2.234500e-06,4.000000,2.104000e-06,-512.000000,
2.235500e-06,1.200000,2.235500e-06,4.000000,2.105000e-06,-512.000000,
2.236500e-06,1.200000,2.236500e-06,4.000000,2.106000e-06,-512.000000,
2.237500e-06,1.200000,2.237500e-06,4.000000,2.107000e-06,-512.000000,
2.238500e-06,1.200000,2.238500e-06,4.000000,2.108000e-06,-512.000000,
2.239500e-06,1.200000,2.239500e-06,4.000000,2.109000e-06,-512.000000,
2.240500e-06,1.200000,2.240500e-06,4.000000,2.110000e-06,-512.000000,
2.241500e-06,1.200000,2.241500e-06,4.000000,2.111000e-06,-512.000000,
2.242500e-06,1.200000,2.242500e-06,4.000000,2.112000e-06,-512.000000,
2.243500e-06,1.200000,2.243500e-06,4.000000,2.113000e-06,-512.000000,
2.244500e-06,1.200000,2.244500e-06,4.000000,2.114000e-06,-512.000000,
2.245500e-06,1.200000,2.245500e-06,4.000000,2.115000e-06,-512.000000,
2.246500e-06,1.000000,2.246500e-06,4.000000,2.116000e-06,-512.000000,
2.247500e-06,1.200000,2.247500e-06,4.000000,2.117000e-06,-512.000000,
2.248500e-06,1.200000,2.248500e-06,4.000000,2.118000e-06,-512.000000,
2.249500e-06,1.200000,2.249500e-06,4.000000,2.119000e-06,-512.000000,
2.250500e-06,1.200000,2.250500e-06,4.000000,2.120000e-06,-512.000000,
2.251500e-06,1.200000,2.251500e-06,4.000000,2.121000e-06,-512.000000,
2.252500e-06,1.200000,2.252500e-06,4.000000,2.122000e-06,-512.000000,
2.253500e-06,1.200000,2.253500e-06,4.000000,2.123000e-06,-512.000000,
2.254500e-06,1.200000,2.254500e-06,4.000000,2.124000e-06,-512.000000,
2.255500e-06,1.200000,2.255500e-06,4.000000,2.125000e-06,-512.000000,
2.256500e-06,1.200000,2.256500e-06,4.000000,2.126000e-06,-512.000000,
2.257500e-06,1.200000,2.257500e-06,4.000000,2.127000e-06,-512.000000,
2.258500e-06,1.200000,2.258500e-06,4.000000,2.128000e-06,-512.000000,
2.259500e-06,1.200000,2.259500e-06,4.000000,2.129000e-06,-512.000000,
2.260500e-06,1.200000,2.260500e-06,4.000000,2.130000e-06,-512.000000,
2.261500e-06,1.200000,2.261500e-06,4.000000,2.131000e-06,-512.000000,
2.262500e-06,1.200000,2.262500e-06,4.000000,2.132000e-06,-512.000000,
2.263500e-06,1.200000,2.263500e-06,4.000000,2.133000e-06,-512.000000,
2.264500e-06,1.200000,2.264500e-06,4.000000,2.134000e-06,-512.000000,
2.265500e-06,1.200000,2.265500e-06,4.000000,2.135000e-06,-512.000000,
2.266500e-06,1.200000,2.266500e-06,4.000000,2.136000e-06,-512.000000,
2.267500e-06,1.200000,2.267500e-06,4.000000,2.137000e-06,-512.000000,
2.268500e-06,1.200000,2.268500e-06,4.000000,2.138000e-06,-512.000000,
2.269500e-06,1.200000,2.269500e-06,4.000000,2.139000e-06,-512.000000,
2.270500e-06,1.200000,2.270500e-06,4.000000,2.140000e-06,-512.000000,
2.271500e-06,1.200000,2.271500e-06,4.000000,2.141000e-06,-512.000000,
2.272500e-06,1.200000,2.272500e-06,8.000000,2.142000e-06,-512.000000,
2.273500e-06,1.200000,2.273500e-06,4.000000,2.143000e-06,-512.000000,
2.274500e-06,1.200000,2.274500e-06,4.000000,2.144000e-06,-512.000000,
2.275500e-06,1.200000,2.275500e-06,4.000000,2.145000e-06,-512.000000,
2.276500e-06,1.200000,2.276500e-06,4.000000,2.146000e-06,-512.000000,
2.277500e-06,1.200000,2.277500e-06,4.000000,2.147000e-06,-512.000000,
2.278500e-06,1.200000,2.278500e-06,4.000000,2.148000e-06,-512.000000,
2.279500e-06,1.200000,2.279500e-06,4.000000,2.149000e-06,-512.000000,
2.280500e-06,1.200000,2.280500e-06,4.000000,2.150000e-06,-512.000000,
2.281500e-06,1.200000,2.281500e-06,4.000000,2.151000e-06,-512.000000,
2.282500e-06,1.200000,2.282500e-06,4.000000,2.152000e-06,-512.000000,
2.283500e-06,1.200000,2.283500e-06,4.000000,2.153000e-06,-512.000000,
2.284500e-06,1.200000,2.284500e-06,4.000000,2.154000e-06,-512.000000,
2.285500e-06,1.200000,2.285500e-06,4.000000,2.155000e-06,-512.000000,
2.286500e-06,1.200000,2.286500e-06,4.000000,2.156000e-06,-512.000000,
2.287500e-06,1.200000,2.287500e-06,4.000000,2.157000e-06,-512.000000,
2.288500e-06,1.200000,2.288500e-06,4.000000,2.158000e-06,-512.000000,
2.289500e-06,1.200000,2.289500e-06,4.000000,2.159000e-06,-512.000000,
2.290500e-06,1.200000,2.290500e-06,4.000000,2.160000e-06,-512.000000,
2.291500e-06,1.200000,2.291500e-06,4.000000,2.161000e-06,-512.000000,
2.292500e-06,1.200000,2.292500e-06,4.000000,2.162000e-06,-512.000000,
2.293500e-06,1.200000,2.293500e-06,4.000000,2.163000e-06,-512.000000,
2.294500e-06,1.200000,2.294500e-06,4.000000,2.164000e-06,-512.000000,
2.295500e-06,1.200000,2.295500e-06,4.000000,2.165000e-06,-512.000000,
2.296500e-06,1.200000,2.296500e-06,4.000000,2.166000e-06,-512.000000,
2.297500e-06,1.200000,2.297500e-06,4.000000,2.167000e-06,-512.000000,
2.298500e-06,1.200000,2.298500e-06,4.000000,2.168000e-06,-512.000000,
2.299500e-06,1.200000,2.299500e-06,4.000000,2.169000e-06,-512.000000,
2.300500e-06,1.200000,2.300500e-06,4.000000,2.170000e-06,-512.000000,
2.301500e-06,1.200000,2.301500e-06,4.000000,2.171000e-06,-512.000000,
2.302500e-06,1.200000,2.302500e-06,4.000000,2.172000e-06,-512.000000,
2.303500e-06,1.200000,2.303500e-06,4.000000,2.173000e-06,-512.000000,
2.304500e-06,1.200000,2.304500e-06,4.000000,2.174000e-06,-512.000000,
2.305500e-06,1.200000,2.305500e-06,4.000000,2.175000e-06,-512.000000,
2.306500e-06,1.200000,2.306500e-06,4.000000,2.176000e-06,-512.000000,
2.307500e-06,1.200000,2.307500e-06,4.000000,2.177000e-06,-512.000000,
2.308500e-06,1.200000,2.308500e-06,4.000000,2.178000e-06,-512.000000,
2.309500e-06,1.200000,2.309500e-06,4.000000,2.179000e-06,-512.000000,
2.310500e-06,1.200000,2.310500e-06,4.000000,2.180000e-06,-512.000000,
2.311500e-06,1.200000,2.311500e-06,4.000000,2.181000e-06,-512.000000,
2.312500e-06,1.200000,2.312500e-06,4.000000,2.182000e-06,-512.000000,
2.313500e-06,1.200000,2.313500e-06,4.000000,2.183000e-06,-512.000000,
2.314500e-06,1.200000,2.314500e-06,4.000000,2.184000e-06,-512.000000,
2.315500e-06,1.200000,2.315500e-06,4.000000,2.185000e-06,-512.000000,
2.316500e-06,1.200000,2.316500e-06,4.000000,2.186000e-06,-512.000000,
2.317500e-06,1.200000,2.317500e-06,4.000000,2.187000e-06,-512.000000,
2.318500e-06,1.200000,2.318500e-06,4.000000,2.188000e-06,-512.000000,
2.319500e-06,1.200000,2.319500e-06,4.000000,2.189000e-06,-512.000000,
2.320500e-06,1.200000,2.320500e-06,4.000000,2.190000e-06,-512.000000,
2.321500e-06,1.200000,2.321500e-06,4.000000,2.191000e-06,-512.000000,
2.322500e-06,1.200000,2.322500e-06,4.000000,2.192000e-06,-512.000000,
2.323500e-06,1.200000,2.323500e-06,4.000000,2.193000e-06,-512.000000,
2.324500e-06,1.200000,2.324500e-06,4.000000,2.194000e-06,-512.000000,
2.325500e-06,1.200000,2.325500e-06,4.000000,2.195000e-06,-512.000000,
2.326500e-06,1.200000,2.326500e-06,4.000000,2.196000e-06,-512.000000,
2.327500e-06,1.200000,2.327500e-06,4.000000,2.197000e-06,-512.000000,
2.328500e-06,1.200000,2.328500e-06,4.000000,2.198000e-06,-512.000000,
2.329500e-06,1.200000,2.329500e-06,4.000000,2.199000e-06,-512.000000,
2.330500e-06,1.200000,2.330500e-06,4.000000,2.200000e-06,-512.000000,
2.331500e-06,1.200000,2.331500e-06,4.000000,2.201000e-06,-512.000000,
2.332500e-06,1.200000,2.332500e-06,4.000000,2.202000e-06,-512.000000,
2.333500e-06,1.200000,2.333500e-06,4.000000,2.203000e-06,-512.000000,
2.334500e-06,1.200000,2.334500e-06,4.000000,2.204000e-06,-512.000000,
2.335500e-06,1.200000,2.335500e-06,4.000000,2.205000e-06,-512.000000,
2.336500e-06,1.000000,2.336500e-06,4.000000,2.206000e-06,-512.000000,
2.337500e-06,1.200000,2.337500e-06,4.000000,2.207000e-06,-512.000000,
2.338500e-06,1.200000,2.338500e-06,4.000000,2.208000e-06,-512.000000,
2.339500e-06,1.200000,2.339500e-06,4.000000,2.209000e-06,-512.000000,
2.340500e-06,1.200000,2.340500e-06,4.000000,2.210000e-06,-512.000000,
2.341500e-06,1.200000,2.341500e-06,4.000000,2.211000e-06,-512.000000,
2.342500e-06,1.200000,2.342500e-06,4.000000,2.212000e-06,-512.000000,
2.343500e-06,1.200000,2.343500e-06,4.000000,2.213000e-06,-512.000000,
2.344500e-06,1.200000,2.344500e-06,4.000000,2.214000e-06,-512.000000,
2.345500e-06,1.000000,2.345500e-06,4.000000,2.215000e-06,-512.000000,
2.346500e-06,1.200000,2.346500e-06,4.000000,2.216000e-06,-512.000000,
2.347500e-06,1.200000,2.347500e-06,4.000000,2.217000e-06,-512.000000,
2.348500e-06,1.200000,2.348500e-06,4.000000,2.218000e-06,-512.000000,
2.349500e-06,1.200000,2.349500e-06,4.000000,2.219000e-06,-512.000000,
2.350500e-06,1.200000,2.350500e-06,4.000000,2.220000e-06,-512.000000,
2.351500e-06,1.200000,2.351500e-06,4.000000,2.221000e-06,-512.000000,
2.352500e-06,1.200000,2.352500e-06,4.000000,2.222000e-06,-512.000000,
2.353500e-06,1.200000,2.353500e-06,4.000000,2.223000e-06,-512.000000,
2.354500e-06,1.200000,2.354500e-06,4.000000,2.224000e-06,-512.000000,
2.355500e-06,1.200000,2.355500e-06,4.000000,2.225000e-06,-512.000000,
2.356500e-06,1.200000,2.356500e-06,4.000000,2.226000e-06,-512.000000,
2.357500e-06,1.200000,2.357500e-06,4.000000,2.227000e-06,-512.000000,
2.358500e-06,1.200000,2.358500e-06,4.000000,2.228000e-06,-512.000000,
2.359500e-06,1.200000,2.359500e-06,4.000000,2.229000e-06,-512.000000,
2.360500e-06,1.200000,2.360500e-06,0.000000,2.230000e-06,-512.000000,
2.361500e-06,1.200000,2.361500e-06,4.000000,2.231000e-06,-512.000000,
2.362500e-06,1.200000,2.362500e-06,4.000000,2.232000e-06,-512.000000,
2.363500e-06,1.200000,2.363500e-06,4.000000,2.233000e-06,-512.000000,
2.364500e-06,1.200000,2.364500e-06,4.000000,2.234000e-06,-512.000000,
2.365500e-06,1.200000,2.365500e-06,4.000000,2.235000e-06,-512.000000,
2.366500e-06,1.200000,2.366500e-06,4.000000,2.236000e-06,-512.000000,
2.367500e-06,1.200000,2.367500e-06,4.000000,2.237000e-06,-512.000000,
2.368500e-06,1.200000,2.368500e-06,4.000000,2.238000e-06,-512.000000,
2.369500e-06,1.200000,2.369500e-06,4.000000,2.239000e-06,-512.000000,
2.370500e-06,1.200000,2.370500e-06,4.000000,2.240000e-06,-512.000000,
2.371500e-06,1.200000,2.371500e-06,4.000000,2.241000e-06,-512.000000,
2.372500e-06,1.200000,2.372500e-06,4.000000,2.242000e-06,-512.000000,
2.373500e-06,1.200000,2.373500e-06,4.000000,2.243000e-06,-512.000000,
2.374500e-06,1.200000,2.374500e-06,4.000000,2.244000e-06,-512.000000,
2.375500e-06,1.200000,2.375500e-06,4.000000,2.245000e-06,-512.000000,
2.376500e-06,1.200000,2.376500e-06,4.000000,2.246000e-06,-512.000000,
2.377500e-06,1.200000,2.377500e-06,4.000000,2.247000e-06,-512.000000,
2.378500e-06,1.200000,2.378500e-06,4.000000,2.248000e-06,-512.000000,
2.379500e-06,1.200000,2.379500e-06,4.000000,2.249000e-06,-512.000000,
2.380500e-06,1.200000,2.380500e-06,4.000000,2.250000e-06,-512.000000,
2.381500e-06,1.200000,2.381500e-06,4.000000,2.251000e-06,-512.000000,
2.382500e-06,1.200000,2.382500e-06,4.000000,2.252000e-06,-512.000000,
2.383500e-06,1.200000,2.383500e-06,4.000000,2.253000e-06,-512.000000,
2.384500e-06,1.200000,2.384500e-06,4.000000,2.254000e-06,-512.000000,
2.385500e-06,1.200000,2.385500e-06,4.000000,2.255000e-06,-512.000000,
2.386500e-06,1.200000,2.386500e-06,4.000000,2.256000e-06,-512.000000,
2.387500e-06,1.200000,2.387500e-06,4.000000,2.257000e-06,-512.000000,
2.388500e-06,1.200000,2.388500e-06,4.000000,2.258000e-06,-512.000000,
2.389500e-06,1.200000,2.389500e-06,4.000000,2.259000e-06,-512.000000,
2.390500e-06,1.200000,2.390500e-06,4.000000,2.260000e-06,-512.000000,
2.391500e-06,1.200000,2.391500e-06,4.000000,2.261000e-06,-512.000000,
2.392500e-06,1.200000,2.392500e-06,4.000000,2.262000e-06,-512.000000,
2.393500e-06,1.200000,2.393500e-06,4.000000,2.263000e-06,-512.000000,
2.394500e-06,1.200000,2.394500e-06,4.000000,2.264000e-06,-512.000000,
2.395500e-06,1.200000,2.395500e-06,4.000000,2.265000e-06,-512.000000,
2.396500e-06,1.200000,2.396500e-06,0.000000,2.266000e-06,-512.000000,
2.397500e-06,1.200000,2.397500e-06,4.000000,2.267000e-06,-512.000000,
2.398500e-06,1.200000,2.398500e-06,4.000000,2.268000e-06,-512.000000,
2.399500e-06,1.200000,2.399500e-06,4.000000,2.269000e-06,-512.000000,
2.400500e-06,1.200000,2.400500e-06,4.000000,2.270000e-06,-512.000000,
2.401500e-06,1.200000,2.401500e-06,4.000000,2.271000e-06,-512.000000,
2.402500e-06,1.200000,2.402500e-06,4.000000,2.272000e-06,-512.000000,
2.403500e-06,1.200000,2.403500e-06,4.000000,2.273000e-06,-512.000000,
2.404500e-06,1.000000,2.404500e-06,4.000000,2.274000e-06,-512.000000,
2.405500e-06,1.200000,2.405500e-06,4.000000,2.275000e-06,-512.000000,
2.406500e-06,1.000000,2.406500e-06,4.000000,2.276000e-06,-512.000000,
2.407500e-06,1.200000,2.407500e-06,4.000000,2.277000e-06,-512.000000,
2.408500e-06,1.200000,2.408500e-06,4.000000,2.278000e-06,-512.000000,
2.409500e-06,1.200000,2.409500e-06,4.000000,2.279000e-06,-512.000000,
2.410500e-06,1.200000,2.410500e-06,4.000000,2.280000e-06,-512.000000,
2.411500e-06,1.200000,2.411500e-06,4.000000,2.281000e-06,-512.000000,
2.412500e-06,1.200000,2.412500e-06,4.000000,2.282000e-06,-512.000000,
2.413500e-06,1.200000,2.413500e-06,4.000000,2.283000e-06,-512.000000,
2.414500e-06,1.200000,2.414500e-06,4.000000,2.284000e-06,-512.000000,
2.415500e-06,1.200000,2.415500e-06,4.000000,2.285000e-06,-512.000000,
2.416500e-06,1.200000,2.416500e-06,4.000000,2.286000e-06,-512.000000,
2.417500e-06,1.200000,2.417500e-06,4.000000,2.287000e-06,-512.000000,
2.418500e-06,1.200000,2.418500e-06,4.000000,2.288000e-06,-512.000000,
2.419500e-06,1.200000,2.419500e-06,4.000000,2.289000e-06,-512.000000,
2.420500e-06,1.200000,2.420500e-06,4.000000,2.290000e-06,-512.000000,
2.421500e-06,1.200000,2.421500e-06,4.000000,2.291000e-06,-512.000000,
2.422500e-06,1.000000,2.422500e-06,4.000000,2.292000e-06,-512.000000,
2.423500e-06,1.200000,2.423500e-06,0.000000,2.293000e-06,-512.000000,
2.424500e-06,1.200000,2.424500e-06,4.000000,2.294000e-06,-512.000000,
2.425500e-06,1.200000,2.425500e-06,4.000000,2.295000e-06,-512.000000,
2.426500e-06,1.200000,2.426500e-06,4.000000,2.296000e-06,-512.000000,
2.427500e-06,1.200000,2.427500e-06,4.000000,2.297000e-06,-512.000000,
2.428500e-06,1.200000,2.428500e-06,4.000000,2.298000e-06,-512.000000,
2.429500e-06,1.200000,2.429500e-06,4.000000,2.299000e-06,-512.000000,
2.430500e-06,1.200000,2.430500e-06,4.000000,2.300000e-06,-512.000000,
2.431500e-06,1.200000,2.431500e-06,4.000000,2.301000e-06,-512.000000,
2.432500e-06,1.200000,2.432500e-06,4.000000,2.302000e-06,-512.000000,
2.433500e-06,1.200000,2.433500e-06,4.000000,2.303000e-06,-512.000000,
2.434500e-06,1.200000,2.434500e-06,4.000000,2.304000e-06,-512.000000,
2.435500e-06,1.200000,2.435500e-06,4.000000,2.305000e-06,-512.000000,
2.436500e-06,1.200000,2.436500e-06,4.000000,2.306000e-06,-512.000000,
2.437500e-06,1.200000,2.437500e-06,4.000000,2.307000e-06,-512.000000,
2.438500e-06,1.200000,2.438500e-06,4.000000,2.308000e-06,-512.000000,
2.439500e-06,1.200000,2.439500e-06,4.000000,2.309000e-06,-512.000000,
2.440500e-06,1.200000,2.440500e-06,4.000000,2.310000e-06,-512.000000,
2.441500e-06,1.200000,2.441500e-06,4.000000,2.311000e-06,-512.000000,
2.442500e-06,1.200000,2.442500e-06,4.000000,2.312000e-06,-512.000000,
2.443500e-06,1.200000,2.443500e-06,4.000000,2.313000e-06,-512.000000,
2.444500e-06,1.200000,2.444500e-06,4.000000,2.314000e-06,-512.000000,
2.445500e-06,1.200000,2.445500e-06,4.000000,2.315000e-06,-512.000000,
2.446500e-06,1.200000,2.446500e-06,4.000000,2.316000e-06,-512.000000,
2.447500e-06,1.400000,2.447500e-06,4.000000,2.317000e-06,-512.000000,
2.448500e-06,1.200000,2.448500e-06,4.000000,2.318000e-06,-512.000000,
2.449500e-06,1.200000,2.449500e-06,4.000000,2.319000e-06,-512.000000,
2.450500e-06,1.200000,2.450500e-06,4.000000,2.320000e-06,-512.000000,
2.451500e-06,1.200000,2.451500e-06,4.000000,2.321000e-06,-512.000000,
2.452500e-06,1.200000,2.452500e-06,4.000000,2.322000e-06,-512.000000,
2.453500e-06,1.200000,2.453500e-06,4.000000,2.323000e-06,-512.000000,
2.454500e-06,1.200000,2.454500e-06,4.000000,2.324000e-06,-512.000000,
2.455500e-06,1.200000,2.455500e-06,4.000000,2.325000e-06,-512.000000,
2.456500e-06,1.200000,2.456500e-06,4.000000,2.326000e-06,-512.000000,
2.457500e-06,1.200000,2.457500e-06,4.000000,2.327000e-06,-512.000000,
2.458500e-06,1.200000,2.458500e-06,4.000000,2.328000e-06,-512.000000,
2.459500e-06,1.200000,2.459500e-06,4.000000,2.329000e-06,-512.000000,
2.460500e-06,1.200000,2.460500e-06,4.000000,2.330000e-06,-512.000000,
2.461500e-06,1.200000,2.461500e-06,4.000000,2.331000e-06,-512.000000,
2.462500e-06,1.200000,2.462500e-06,4.000000,2.332000e-06,-512.000000,
2.463500e-06,1.200000,2.463500e-06,4.000000,2.333000e-06,-512.000000,
2.464500e-06,1.200000,2.464500e-06,4.000000,2.334000e-06,-512.000000,
2.465500e-06,1.200000,2.465500e-06,4.000000,2.335000e-06,-512.000000,
2.466500e-06,1.000000,2.466500e-06,4.000000,2.336000e-06,-512.000000,
2.467500e-06,1.200000,2.467500e-06,4.000000,2.337000e-06,-512.000000,
2.468500e-06,1.200000,2.468500e-06,4.000000,2.338000e-06,-512.000000,
2.469500e-06,1.200000,2.469500e-06,4.000000,2.339000e-06,-512.000000,
2.470500e-06,1.200000,2.470500e-06,4.000000,2.340000e-06,-512.000000,
2.471500e-06,1.200000,2.471500e-06,4.000000,2.341000e-06,-512.000000,
2.472500e-06,1.200000,2.472500e-06,4.000000,2.342000e-06,-512.000000,
2.473500e-06,1.200000,2.473500e-06,4.000000,2.343000e-06,-512.000000,
2.474500e-06,1.200000,2.474500e-06,4.000000,2.344000e-06,-512.000000,
2.475500e-06,1.200000,2.475500e-06,4.000000,2.345000e-06,-512.000000,
2.476500e-06,1.200000,2.476500e-06,4.000000,2.346000e-06,-512.000000,
2.477500e-06,1.200000,2.477500e-06,4.000000,2.347000e-06,-512.000000,
2.478500e-06,1.200000,2.478500e-06,4.000000,2.348000e-06,-512.000000,
2.479500e-06,1.200000,2.479500e-06,4.000000,2.349000e-06,-512.000000,
2.480500e-06,1.200000,2.480500e-06,4.000000,2.350000e-06,-512.000000,
2.481500e-06,1.000000,2.481500e-06,4.000000,2.351000e-06,-512.000000,
2.482500e-06,1.200000,2.482500e-06,4.000000,2.352000e-06,-512.000000,
2.483500e-06,1.200000,2.483500e-06,4.000000,2.353000e-06,-512.000000,
2.484500e-06,1.200000,2.484500e-06,4.000000,2.354000e-06,-512.000000,
2.485500e-06,1.200000,2.485500e-06,4.000000,2.355000e-06,-512.000000,
2.486500e-06,1.200000,2.486500e-06,4.000000,2.356000e-06,-512.000000,
2.487500e-06,1.200000,2.487500e-06,4.000000,2.357000e-06,-512.000000,
2.488500e-06,1.200000,2.488500e-06,4.000000,2.358000e-06,-512.000000,
2.489500e-06,1.200000,2.489500e-06,4.000000,2.359000e-06,-512.000000,
2.490500e-06,1.200000,2.490500e-06,4.000000,2.360000e-06,-512.000000,
2.491500e-06,1.200000,2.491500e-06,4.000000,2.361000e-06,-512.000000,
2.492500e-06,1.200000,2.492500e-06,4.000000,2.362000e-06,-512.000000,
2.493500e-06,1.200000,2.493500e-06,4.000000,2.363000e-06,-512.000000,
2.494500e-06,1.200000,2.494500e-06,4.000000,2.364000e-06,-512.000000,
2.495500e-06,1.200000,2.495500e-06,4.000000,2.365000e-06,-512.000000,
2.496500e-06,1.200000,2.496500e-06,4.000000,2.366000e-06,-512.000000,
2.497500e-06,1.200000,2.497500e-06,4.000000,2.367000e-06,-512.000000,
2.498500e-06,1.000000,2.498500e-06,4.000000,2.368000e-06,-512.000000,
2.499500e-06,1.200000,2.499500e-06,4.000000,2.369000e-06,-512.000000,
2.500500e-06,1.200000,2.500500e-06,4.000000,2.370000e-06,-512.000000,
2.501500e-06,1.200000,2.501500e-06,4.000000,2.371000e-06,-512.000000,
2.502500e-06,1.200000,2.502500e-06,4.000000,2.372000e-06,-512.000000,
2.503500e-06,1.200000,2.503500e-06,4.000000,2.373000e-06,-512.000000,
2.504500e-06,1.200000,2.504500e-06,4.000000,2.374000e-06,-512.000000,
2.505500e-06,1.200000,2.505500e-06,4.000000,2.375000e-06,-512.000000,
2.506500e-06,1.200000,2.506500e-06,4.000000,2.376000e-06,-512.000000,
2.507500e-06,1.200000,2.507500e-06,4.000000,2.377000e-06,-512.000000,
2.508500e-06,1.200000,2.508500e-06,4.000000,2.378000e-06,-512.000000,
2.509500e-06,1.200000,2.509500e-06,4.000000,2.379000e-06,-512.000000,
2.510500e-06,1.200000,2.510500e-06,4.000000,2.380000e-06,-512.000000,
2.511500e-06,1.200000,2.511500e-06,4.000000,2.381000e-06,-512.000000,
2.512500e-06,1.200000,2.512500e-06,4.000000,2.382000e-06,-512.000000,
2.513500e-06,1.200000,2.513500e-06,4.000000,2.383000e-06,-512.000000,
2.514500e-06,1.200000,2.514500e-06,4.000000,2.384000e-06,-512.000000,
2.515500e-06,1.200000,2.515500e-06,4.000000,2.385000e-06,-512.000000,
2.516500e-06,1.200000,2.516500e-06,4.000000,2.386000e-06,-512.000000,
2.517500e-06,1.200000,2.517500e-06,4.000000,2.387000e-06,-512.000000,
2.518500e-06,1.200000,2.518500e-06,4.000000,2.388000e-06,-512.000000,
2.519500e-06,1.200000,2.519500e-06,4.000000,2.389000e-06,-512.000000,
2.520500e-06,1.200000,2.520500e-06,4.000000,2.390000e-06,-512.000000,
2.521500e-06,1.200000,2.521500e-06,4.000000,2.391000e-06,-512.000000,
2.522500e-06,1.200000,2.522500e-06,4.000000,2.392000e-06,-512.000000,
2.523500e-06,1.200000,2.523500e-06,4.000000,2.393000e-06,-512.000000,
2.524500e-06,1.200000,2.524500e-06,4.000000,2.394000e-06,-512.000000,
2.525500e-06,1.200000,2.525500e-06,4.000000,2.395000e-06,-512.000000,
2.526500e-06,1.200000,2.526500e-06,4.000000,2.396000e-06,-512.000000,
2.527500e-06,1.200000,2.527500e-06,4.000000,2.397000e-06,-512.000000,
2.528500e-06,1.200000,2.528500e-06,4.000000,2.398000e-06,-512.000000,
2.529500e-06,1.200000,2.529500e-06,4.000000,2.399000e-06,-512.000000,
2.530500e-06,1.200000,2.530500e-06,4.000000,2.400000e-06,-512.000000,
2.531500e-06,1.200000,2.531500e-06,4.000000,2.401000e-06,-512.000000,
2.532500e-06,1.200000,2.532500e-06,4.000000,2.402000e-06,-512.000000,
2.533500e-06,1.400000,2.533500e-06,4.000000,2.403000e-06,-512.000000,
2.534500e-06,1.200000,2.534500e-06,4.000000,2.404000e-06,-512.000000,
2.535500e-06,1.200000,2.535500e-06,4.000000,2.405000e-06,-512.000000,
2.536500e-06,1.200000,2.536500e-06,4.000000,2.406000e-06,-512.000000,
2.537500e-06,1.200000,2.537500e-06,4.000000,2.407000e-06,-512.000000,
2.538500e-06,1.200000,2.538500e-06,4.000000,2.408000e-06,-512.000000,
2.539500e-06,1.200000,2.539500e-06,4.000000,2.409000e-06,-512.000000,
2.540500e-06,1.200000,2.540500e-06,4.000000,2.410000e-06,-512.000000,
2.541500e-06,1.200000,2.541500e-06,4.000000,2.411000e-06,-512.000000,
2.542500e-06,1.200000,2.542500e-06,4.000000,2.412000e-06,-512.000000,
2.543500e-06,1.200000,2.543500e-06,4.000000,2.413000e-06,-512.000000,
2.544500e-06,1.200000,2.544500e-06,4.000000,2.414000e-06,-512.000000,
2.545500e-06,1.200000,2.545500e-06,4.000000,2.415000e-06,-512.000000,
2.546500e-06,1.200000,2.546500e-06,4.000000,2.416000e-06,-512.000000,
2.547500e-06,1.400000,2.547500e-06,4.000000,2.417000e-06,-512.000000,
2.548500e-06,1.200000,2.548500e-06,4.000000,2.418000e-06,-512.000000,
2.549500e-06,1.200000,2.549500e-06,4.000000,2.419000e-06,-512.000000,
2.550500e-06,1.200000,2.550500e-06,4.000000,2.420000e-06,-512.000000,
2.551500e-06,1.200000,2.551500e-06,4.000000,2.421000e-06,-512.000000,
2.552500e-06,1.200000,2.552500e-06,4.000000,2.422000e-06,-512.000000,
2.553500e-06,1.200000,2.553500e-06,4.000000,2.423000e-06,-512.000000,
2.554500e-06,1.200000,2.554500e-06,4.000000,2.424000e-06,-512.000000,
2.555500e-06,1.200000,2.555500e-06,4.000000,2.425000e-06,-512.000000,
2.556500e-06,1.200000,2.556500e-06,4.000000,2.426000e-06,-512.000000,
2.557500e-06,1.200000,2.557500e-06,4.000000,2.427000e-06,-512.000000,
2.558500e-06,1.200000,2.558500e-06,4.000000,2.428000e-06,-512.000000,
2.559500e-06,1.200000,2.559500e-06,4.000000,2.429000e-06,-512.000000,
2.560500e-06,1.200000,2.560500e-06,0.000000,2.430000e-06,-512.000000,
2.561500e-06,1.200000,2.561500e-06,4.000000,2.431000e-06,-512.000000,
2.562500e-06,1.200000,2.562500e-06,4.000000,2.432000e-06,-512.000000,
2.563500e-06,1.200000,2.563500e-06,4.000000,2.433000e-06,-512.000000,
2.564500e-06,1.200000,2.564500e-06,4.000000,2.434000e-06,-512.000000,
2.565500e-06,1.200000,2.565500e-06,4.000000,2.435000e-06,-512.000000,
2.566500e-06,1.200000,2.566500e-06,4.000000,2.436000e-06,-512.000000,
2.567500e-06,1.200000,2.567500e-06,4.000000,2.437000e-06,-512.000000,
2.568500e-06,1.200000,2.568500e-06,4.000000,2.438000e-06,-512.000000,
2.569500e-06,1.200000,2.569500e-06,4.000000,2.439000e-06,-512.000000,
2.570500e-06,1.200000,2.570500e-06,4.000000,2.440000e-06,-512.000000,
2.571500e-06,1.200000,2.571500e-06,4.000000,2.441000e-06,-512.000000,
2.572500e-06,1.200000,2.572500e-06,4.000000,2.442000e-06,-512.000000,
2.573500e-06,1.200000,2.573500e-06,4.000000,2.443000e-06,-512.000000,
2.574500e-06,1.200000,2.574500e-06,4.000000,2.444000e-06,-512.000000,
2.575500e-06,1.200000,2.575500e-06,4.000000,2.445000e-06,-512.000000,
2.576500e-06,1.200000,2.576500e-06,4.000000,2.446000e-06,-512.000000,
2.577500e-06,1.200000,2.577500e-06,4.000000,2.447000e-06,-512.000000,
2.578500e-06,1.200000,2.578500e-06,4.000000,2.448000e-06,-512.000000,
2.579500e-06,1.200000,2.579500e-06,4.000000,2.449000e-06,-512.000000,
2.580500e-06,1.200000,2.580500e-06,4.000000,2.450000e-06,-512.000000,
2.581500e-06,1.200000,2.581500e-06,4.000000,2.451000e-06,-512.000000,
2.582500e-06,1.200000,2.582500e-06,4.000000,2.452000e-06,-512.000000,
2.583500e-06,1.200000,2.583500e-06,4.000000,2.453000e-06,-512.000000,
2.584500e-06,1.200000,2.584500e-06,4.000000,2.454000e-06,-512.000000,
2.585500e-06,1.200000,2.585500e-06,4.000000,2.455000e-06,-512.000000,
2.586500e-06,1.200000,2.586500e-06,4.000000,2.456000e-06,-512.000000,
2.587500e-06,1.200000,2.587500e-06,4.000000,2.457000e-06,-512.000000,
2.588500e-06,1.200000,2.588500e-06,4.000000,2.458000e-06,-512.000000,
2.589500e-06,1.200000,2.589500e-06,4.000000,2.459000e-06,-512.000000,
2.590500e-06,1.200000,2.590500e-06,4.000000,2.460000e-06,-512.000000,
2.591500e-06,1.200000,2.591500e-06,4.000000,2.461000e-06,-512.000000,
2.592500e-06,1.200000,2.592500e-06,4.000000,2.462000e-06,-512.000000,
2.593500e-06,1.200000,2.593500e-06,4.000000,2.463000e-06,-512.000000,
2.594500e-06,1.200000,2.594500e-06,4.000000,2.464000e-06,-512.000000,
2.595500e-06,1.200000,2.595500e-06,4.000000,2.465000e-06,-512.000000,
2.596500e-06,1.200000,2.596500e-06,4.000000,2.466000e-06,-512.000000,
2.597500e-06,1.200000,2.597500e-06,4.000000,2.467000e-06,-512.000000,
2.598500e-06,1.200000,2.598500e-06,4.000000,2.468000e-06,-512.000000,
2.599500e-06,1.200000,2.599500e-06,4.000000,2.469000e-06,-512.000000,
2.600500e-06,1.200000,2.600500e-06,4.000000,2.470000e-06,-512.000000,
2.601500e-06,1.200000,2.601500e-06,4.000000,2.471000e-06,-512.000000,
2.602500e-06,1.200000,2.602500e-06,4.000000,2.472000e-06,-512.000000,
2.603500e-06,1.200000,2.603500e-06,4.000000,2.473000e-06,-512.000000,
2.604500e-06,1.200000,2.604500e-06,4.000000,2.474000e-06,-512.000000,
2.605500e-06,1.200000,2.605500e-06,4.000000,2.475000e-06,-512.000000,
2.606500e-06,1.200000,2.606500e-06,4.000000,2.476000e-06,-512.000000,
2.607500e-06,1.200000,2.607500e-06,4.000000,2.477000e-06,-512.000000,
2.608500e-06,1.200000,2.608500e-06,4.000000,2.478000e-06,-512.000000,
2.609500e-06,1.200000,2.609500e-06,4.000000,2.479000e-06,-512.000000,
2.610500e-06,1.000000,2.610500e-06,4.000000,2.480000e-06,-512.000000,
2.611500e-06,1.200000,2.611500e-06,4.000000,2.481000e-06,-512.000000,
2.612500e-06,1.200000,2.612500e-06,4.000000,2.482000e-06,-512.000000,
2.613500e-06,1.200000,2.613500e-06,4.000000,2.483000e-06,-512.000000,
2.614500e-06,1.200000,2.614500e-06,4.000000,2.484000e-06,-512.000000,
2.615500e-06,1.200000,2.615500e-06,4.000000,2.485000e-06,-512.000000,
2.616500e-06,1.000000,2.616500e-06,4.000000,2.486000e-06,-512.000000,
2.617500e-06,1.400000,2.617500e-06,4.000000,2.487000e-06,-512.000000,
2.618500e-06,1.200000,2.618500e-06,4.000000,2.488000e-06,-512.000000,
2.619500e-06,1.200000,2.619500e-06,4.000000,2.489000e-06,-512.000000,
2.620500e-06,1.200000,2.620500e-06,4.000000,2.490000e-06,-512.000000,
2.621500e-06,1.200000,2.621500e-06,4.000000,2.491000e-06,-512.000000,
2.622500e-06,1.200000,2.622500e-06,4.000000,2.492000e-06,-512.000000,
2.623500e-06,1.200000,2.623500e-06,4.000000,2.493000e-06,-512.000000,
2.624500e-06,1.200000,2.624500e-06,4.000000,2.494000e-06,-512.000000,
2.625500e-06,1.200000,2.625500e-06,4.000000,2.495000e-06,-512.000000,
2.626500e-06,1.200000,2.626500e-06,4.000000,2.496000e-06,-512.000000,
2.627500e-06,1.200000,2.627500e-06,4.000000,2.497000e-06,-512.000000,
2.628500e-06,1.200000,2.628500e-06,4.000000,2.498000e-06,-512.000000,
2.629500e-06,1.200000,2.629500e-06,4.000000,2.499000e-06,-512.000000,
