Format,2.0A,,
Memory Length,5000,Memory Length,5000
Trigger Level,44.0V,Trigger Level,44.0V
Source,CH1,Source,CH2
Label, ,Label, 
Probe Ratio,1.00E+01,Probe Ratio,1.00E+01
Vertical Units,V,Vertical Units,V
Vertical Scale,5.00E+00,Vertical Scale,1.00E+02
Vertical Position,-1.00E+00,Vertical Position,-1.24E+02
Horizontal Units,S,Horizontal Units,S
Horizontal Scale,1.00E-07,Horizontal Scale,1.00E-07
Horizontal Position,2.76E-07,Horizontal Position,2.76E-07
Horizontal Mode,Main,Horizontal Mode,Main
Sampling Period,1.00E-09,Sampling Period,1.00E-09
Firmware,V1.21,Firmware,V1.21
Time,6/11/2022 14:31,Time,6/11/2022 14:31
Mode,Detail,Mode,Detail
Waveform Data,,Waveform Data,
-2.22E-06,1.2,-2.22E-06,416
-2.22E-06,1.2,-2.22E-06,416
-2.22E-06,1.2,-2.22E-06,416
-2.22E-06,1.2,-2.22E-06,416
-2.22E-06,1.2,-2.22E-06,416
-2.22E-06,1.2,-2.22E-06,416
-2.22E-06,1.2,-2.22E-06,416
-2.22E-06,1.2,-2.22E-06,416
-2.22E-06,1.2,-2.22E-06,416
-2.22E-06,1.4,-2.22E-06,412
-2.21E-06,1.2,-2.21E-06,416
-2.21E-06,1.2,-2.21E-06,416
-2.21E-06,1.2,-2.21E-06,416
-2.21E-06,1.2,-2.21E-06,416
-2.21E-06,1.2,-2.21E-06,416
-2.21E-06,1.2,-2.21E-06,416
-2.21E-06,1.2,-2.21E-06,416
-2.21E-06,1.2,-2.21E-06,416
-2.21E-06,1.2,-2.21E-06,416
-2.21E-06,1.2,-2.21E-06,416
-2.20E-06,1.2,-2.20E-06,416
-2.20E-06,1.2,-2.20E-06,416
-2.20E-06,1.2,-2.20E-06,416
-2.20E-06,1.2,-2.20E-06,416
-2.20E-06,1.2,-2.20E-06,416
-2.20E-06,1.2,-2.20E-06,416
-2.20E-06,1.2,-2.20E-06,416
-2.20E-06,1.2,-2.20E-06,416
-2.20E-06,1.2,-2.20E-06,416
-2.20E-06,1.2,-2.20E-06,416
-2.19E-06,1.2,-2.19E-06,416
-2.19E-06,1.2,-2.19E-06,416
-2.19E-06,1.2,-2.19E-06,416
-2.19E-06,1.2,-2.19E-06,416
-2.19E-06,1.2,-2.19E-06,416
-2.19E-06,1.2,-2.19E-06,416
-2.19E-06,1.2,-2.19E-06,416
-2.19E-06,1.2,-2.19E-06,416
-2.19E-06,1.2,-2.19E-06,416
-2.19E-06,1.2,-2.19E-06,416
-2.18E-06,1.2,-2.18E-06,416
-2.18E-06,1.4,-2.18E-06,416
-2.18E-06,1.2,-2.18E-06,416
-2.18E-06,1.2,-2.18E-06,416
-2.18E-06,1.2,-2.18E-06,416
-2.18E-06,1.2,-2.18E-06,416
-2.18E-06,1.2,-2.18E-06,416
-2.18E-06,1.2,-2.18E-06,416
-2.18E-06,1.2,-2.18E-06,416
-2.18E-06,1.2,-2.18E-06,416
-2.17E-06,1.2,-2.17E-06,416
-2.17E-06,1.2,-2.17E-06,416
-2.17E-06,1.2,-2.17E-06,416
-2.17E-06,1.2,-2.17E-06,416
-2.17E-06,1.2,-2.17E-06,416
-2.17E-06,1.2,-2.17E-06,416
-2.17E-06,1.2,-2.17E-06,416
-2.17E-06,1.2,-2.17E-06,416
-2.17E-06,1.2,-2.17E-06,416
-2.17E-06,1.2,-2.17E-06,416
-2.16E-06,1.2,-2.16E-06,416
-2.16E-06,1.2,-2.16E-06,416
-2.16E-06,1.2,-2.16E-06,416
-2.16E-06,1.4,-2.16E-06,416
-2.16E-06,1.2,-2.16E-06,416
-2.16E-06,1.2,-2.16E-06,416
-2.16E-06,1.2,-2.16E-06,416
-2.16E-06,1.2,-2.16E-06,416
-2.16E-06,1.2,-2.16E-06,416
-2.16E-06,1.2,-2.16E-06,416
-2.15E-06,1.2,-2.15E-06,416
-2.15E-06,1.2,-2.15E-06,416
-2.15E-06,1.2,-2.15E-06,416
-2.15E-06,1.2,-2.15E-06,416
-2.15E-06,1.2,-2.15E-06,416
-2.15E-06,1.2,-2.15E-06,416
-2.15E-06,1.2,-2.15E-06,416
-2.15E-06,1.4,-2.15E-06,416
-2.15E-06,1.2,-2.15E-06,416
-2.15E-06,1.2,-2.15E-06,416
-2.14E-06,1.4,-2.14E-06,416
-2.14E-06,1.2,-2.14E-06,416
-2.14E-06,1.2,-2.14E-06,416
-2.14E-06,1.2,-2.14E-06,416
-2.14E-06,1.2,-2.14E-06,416
-2.14E-06,1.2,-2.14E-06,416
-2.14E-06,1.2,-2.14E-06,416
-2.14E-06,1.2,-2.14E-06,412
-2.14E-06,1.2,-2.14E-06,416
-2.14E-06,1.2,-2.14E-06,412
-2.13E-06,1.2,-2.13E-06,416
-2.13E-06,1.2,-2.13E-06,416
-2.13E-06,1.2,-2.13E-06,416
-2.13E-06,1.2,-2.13E-06,416
-2.13E-06,1.2,-2.13E-06,416
-2.13E-06,1.2,-2.13E-06,416
-2.13E-06,1.2,-2.13E-06,416
-2.13E-06,1.2,-2.13E-06,416
-2.13E-06,1.2,-2.13E-06,416
-2.13E-06,1.2,-2.13E-06,416
-2.12E-06,1.2,-2.12E-06,416
-2.12E-06,1.2,-2.12E-06,416
-2.12E-06,1.2,-2.12E-06,416
-2.12E-06,1.2,-2.12E-06,416
-2.12E-06,1.2,-2.12E-06,416
-2.12E-06,1.2,-2.12E-06,416
-2.12E-06,1.2,-2.12E-06,416
-2.12E-06,1.2,-2.12E-06,416
-2.12E-06,1.2,-2.12E-06,416
-2.12E-06,1.2,-2.12E-06,416
-2.11E-06,1.2,-2.11E-06,416
-2.11E-06,1.2,-2.11E-06,416
-2.11E-06,1.2,-2.11E-06,416
-2.11E-06,1.2,-2.11E-06,416
-2.11E-06,1.2,-2.11E-06,416
-2.11E-06,1.2,-2.11E-06,416
-2.11E-06,1.2,-2.11E-06,416
-2.11E-06,1.2,-2.11E-06,416
-2.11E-06,1.2,-2.11E-06,416
-2.11E-06,1.2,-2.11E-06,416
-2.10E-06,1.2,-2.10E-06,416
-2.10E-06,1.2,-2.10E-06,416
-2.10E-06,1.2,-2.10E-06,416
-2.10E-06,1.2,-2.10E-06,416
-2.10E-06,1.2,-2.10E-06,416
-2.10E-06,1.2,-2.10E-06,416
-2.10E-06,1.2,-2.10E-06,416
-2.10E-06,1.2,-2.10E-06,416
-2.10E-06,1.2,-2.10E-06,416
-2.10E-06,1.2,-2.10E-06,416
-2.09E-06,1.2,-2.09E-06,416
-2.09E-06,1.2,-2.09E-06,416
-2.09E-06,1.2,-2.09E-06,416
-2.09E-06,1.2,-2.09E-06,416
-2.09E-06,1.2,-2.09E-06,416
-2.09E-06,1.2,-2.09E-06,416
-2.09E-06,1.2,-2.09E-06,416
-2.09E-06,1.2,-2.09E-06,416
-2.09E-06,1.2,-2.09E-06,416
-2.09E-06,1.2,-2.09E-06,416
-2.08E-06,1.2,-2.08E-06,416
-2.08E-06,1.2,-2.08E-06,416
-2.08E-06,1.2,-2.08E-06,416
-2.08E-06,1.2,-2.08E-06,416
-2.08E-06,1.2,-2.08E-06,416
-2.08E-06,1.2,-2.08E-06,416
-2.08E-06,1.2,-2.08E-06,416
-2.08E-06,1.2,-2.08E-06,412
-2.08E-06,1.2,-2.08E-06,416
-2.08E-06,1.2,-2.08E-06,416
-2.07E-06,1.2,-2.07E-06,416
-2.07E-06,1.2,-2.07E-06,416
-2.07E-06,1.2,-2.07E-06,416
-2.07E-06,1.2,-2.07E-06,416
-2.07E-06,1.2,-2.07E-06,416
-2.07E-06,1.4,-2.07E-06,416
-2.07E-06,1.2,-2.07E-06,416
-2.07E-06,1.2,-2.07E-06,416
-2.07E-06,1.2,-2.07E-06,416
-2.07E-06,1.2,-2.07E-06,416
-2.06E-06,1.2,-2.06E-06,416
-2.06E-06,1.2,-2.06E-06,416
-2.06E-06,1.2,-2.06E-06,416
-2.06E-06,1.2,-2.06E-06,416
-2.06E-06,1.2,-2.06E-06,416
-2.06E-06,1.2,-2.06E-06,416
-2.06E-06,1.2,-2.06E-06,416
-2.06E-06,1.2,-2.06E-06,416
-2.06E-06,1.2,-2.06E-06,416
-2.06E-06,1.2,-2.06E-06,416
-2.05E-06,1.2,-2.05E-06,416
-2.05E-06,1.2,-2.05E-06,416
-2.05E-06,1.2,-2.05E-06,416
-2.05E-06,1.2,-2.05E-06,416
-2.05E-06,1.2,-2.05E-06,416
-2.05E-06,1.2,-2.05E-06,416
-2.05E-06,1.2,-2.05E-06,416
-2.05E-06,1.2,-2.05E-06,416
-2.05E-06,1.2,-2.05E-06,416
-2.05E-06,1.4,-2.05E-06,416
-2.04E-06,1.2,-2.04E-06,416
-2.04E-06,1.2,-2.04E-06,416
-2.04E-06,1.2,-2.04E-06,416
-2.04E-06,1.2,-2.04E-06,416
-2.04E-06,1.2,-2.04E-06,416
-2.04E-06,1.2,-2.04E-06,416
-2.04E-06,1.2,-2.04E-06,416
-2.04E-06,1.2,-2.04E-06,416
-2.04E-06,1.2,-2.04E-06,416
-2.04E-06,1.2,-2.04E-06,416
-2.03E-06,1.2,-2.03E-06,416
-2.03E-06,1.2,-2.03E-06,416
-2.03E-06,1.2,-2.03E-06,416
-2.03E-06,1.2,-2.03E-06,416
-2.03E-06,1.2,-2.03E-06,416
-2.03E-06,1.2,-2.03E-06,416
-2.03E-06,1.2,-2.03E-06,416
-2.03E-06,1.2,-2.03E-06,416
-2.03E-06,1.2,-2.03E-06,416
-2.03E-06,1.2,-2.03E-06,416
-2.02E-06,1.2,-2.02E-06,416
-2.02E-06,1.2,-2.02E-06,416
-2.02E-06,1.2,-2.02E-06,416
-2.02E-06,1.2,-2.02E-06,416
-2.02E-06,1.2,-2.02E-06,416
-2.02E-06,1.2,-2.02E-06,416
-2.02E-06,1.2,-2.02E-06,416
-2.02E-06,1.2,-2.02E-06,416
-2.02E-06,1.2,-2.02E-06,416
-2.02E-06,1.2,-2.02E-06,416
-2.01E-06,1.2,-2.01E-06,416
-2.01E-06,1.2,-2.01E-06,416
-2.01E-06,1.2,-2.01E-06,416
-2.01E-06,1.2,-2.01E-06,416
-2.01E-06,1.2,-2.01E-06,416
-2.01E-06,1.2,-2.01E-06,416
-2.01E-06,1.2,-2.01E-06,416
-2.01E-06,1.2,-2.01E-06,416
-2.01E-06,1.2,-2.01E-06,416
-2.01E-06,1.2,-2.01E-06,416
-2.00E-06,1.2,-2.00E-06,416
-2.00E-06,1.2,-2.00E-06,416
-2.00E-06,1.2,-2.00E-06,416
-2.00E-06,1.2,-2.00E-06,416
-2.00E-06,1.2,-2.00E-06,416
-2.00E-06,1.2,-2.00E-06,416
-2.00E-06,1.2,-2.00E-06,416
-2.00E-06,1.2,-2.00E-06,416
-2.00E-06,1.2,-2.00E-06,416
-2.00E-06,1.2,-2.00E-06,416
-1.99E-06,1.2,-1.99E-06,416
-1.99E-06,1.2,-1.99E-06,416
-1.99E-06,1.2,-1.99E-06,416
-1.99E-06,1.2,-1.99E-06,416
-1.99E-06,1.2,-1.99E-06,416
-1.99E-06,1.2,-1.99E-06,416
-1.99E-06,1.2,-1.99E-06,416
-1.99E-06,1.2,-1.99E-06,416
-1.99E-06,1.2,-1.99E-06,416
-1.99E-06,1.2,-1.99E-06,416
-1.98E-06,1.2,-1.98E-06,416
-1.98E-06,1.2,-1.98E-06,416
-1.98E-06,1.2,-1.98E-06,416
-1.98E-06,1.2,-1.98E-06,416
-1.98E-06,1.4,-1.98E-06,416
-1.98E-06,1.2,-1.98E-06,416
-1.98E-06,1.2,-1.98E-06,416
-1.98E-06,1.2,-1.98E-06,416
-1.98E-06,1.2,-1.98E-06,416
-1.98E-06,1.2,-1.98E-06,416
-1.97E-06,1.2,-1.97E-06,416
-1.97E-06,1.2,-1.97E-06,416
-1.97E-06,1.2,-1.97E-06,416
-1.97E-06,1.2,-1.97E-06,416
-1.97E-06,1.2,-1.97E-06,416
-1.97E-06,1.2,-1.97E-06,416
-1.97E-06,1.2,-1.97E-06,416
-1.97E-06,1.2,-1.97E-06,416
-1.97E-06,1.2,-1.97E-06,416
-1.97E-06,1.2,-1.97E-06,416
-1.96E-06,1.2,-1.96E-06,416
-1.96E-06,1.2,-1.96E-06,416
-1.96E-06,1.2,-1.96E-06,416
-1.96E-06,1.2,-1.96E-06,416
-1.96E-06,1.2,-1.96E-06,416
-1.96E-06,1.2,-1.96E-06,416
-1.96E-06,1.2,-1.96E-06,416
-1.96E-06,1.2,-1.96E-06,416
-1.96E-06,1.2,-1.96E-06,416
-1.96E-06,1.2,-1.96E-06,416
-1.95E-06,1.2,-1.95E-06,416
-1.95E-06,1.2,-1.95E-06,416
-1.95E-06,1.2,-1.95E-06,416
-1.95E-06,1.2,-1.95E-06,416
-1.95E-06,1.2,-1.95E-06,416
-1.95E-06,1.2,-1.95E-06,416
-1.95E-06,1.2,-1.95E-06,416
-1.95E-06,1.2,-1.95E-06,416
-1.95E-06,1.2,-1.95E-06,416
-1.95E-06,1.2,-1.95E-06,416
-1.94E-06,1.2,-1.94E-06,416
-1.94E-06,1.2,-1.94E-06,416
-1.94E-06,1.2,-1.94E-06,416
-1.94E-06,1.2,-1.94E-06,416
-1.94E-06,1.2,-1.94E-06,416
-1.94E-06,1.2,-1.94E-06,416
-1.94E-06,1.2,-1.94E-06,416
-1.94E-06,1.2,-1.94E-06,416
-1.94E-06,1.2,-1.94E-06,416
-1.94E-06,1.2,-1.94E-06,416
-1.93E-06,1.2,-1.93E-06,416
-1.93E-06,1.2,-1.93E-06,416
-1.93E-06,1.2,-1.93E-06,416
-1.93E-06,1.2,-1.93E-06,416
-1.93E-06,1.2,-1.93E-06,416
-1.93E-06,1.2,-1.93E-06,416
-1.93E-06,1.2,-1.93E-06,416
-1.93E-06,1.2,-1.93E-06,416
-1.93E-06,1.2,-1.93E-06,412
-1.93E-06,1.4,-1.93E-06,416
-1.92E-06,1.2,-1.92E-06,416
-1.92E-06,1.4,-1.92E-06,416
-1.92E-06,1.2,-1.92E-06,416
-1.92E-06,1.4,-1.92E-06,416
-1.92E-06,1.2,-1.92E-06,416
-1.92E-06,1.2,-1.92E-06,416
-1.92E-06,1.2,-1.92E-06,416
-1.92E-06,1.2,-1.92E-06,416
-1.92E-06,1.2,-1.92E-06,416
-1.92E-06,1.2,-1.92E-06,416
-1.91E-06,1.2,-1.91E-06,416
-1.91E-06,1.2,-1.91E-06,416
-1.91E-06,1.2,-1.91E-06,416
-1.91E-06,1.2,-1.91E-06,416
-1.91E-06,1.2,-1.91E-06,416
-1.91E-06,1.2,-1.91E-06,416
-1.91E-06,1.2,-1.91E-06,416
-1.91E-06,1.2,-1.91E-06,416
-1.91E-06,1.2,-1.91E-06,416
-1.91E-06,1.2,-1.91E-06,416
-1.90E-06,1.2,-1.90E-06,416
-1.90E-06,1.2,-1.90E-06,416
-1.90E-06,1.2,-1.90E-06,416
-1.90E-06,1.2,-1.90E-06,416
-1.90E-06,1.2,-1.90E-06,416
-1.90E-06,1.2,-1.90E-06,416
-1.90E-06,1.2,-1.90E-06,416
-1.90E-06,1.2,-1.90E-06,412
-1.90E-06,1.2,-1.90E-06,416
-1.90E-06,1.2,-1.90E-06,416
-1.89E-06,1.2,-1.89E-06,416
-1.89E-06,1.2,-1.89E-06,416
-1.89E-06,1.2,-1.89E-06,416
-1.89E-06,1.2,-1.89E-06,416
-1.89E-06,1.2,-1.89E-06,416
-1.89E-06,1.2,-1.89E-06,416
-1.89E-06,1.4,-1.89E-06,416
-1.89E-06,1.2,-1.89E-06,416
-1.89E-06,1.2,-1.89E-06,416
-1.89E-06,1.2,-1.89E-06,416
-1.88E-06,1.2,-1.88E-06,416
-1.88E-06,1.2,-1.88E-06,416
-1.88E-06,1.2,-1.88E-06,416
-1.88E-06,1.2,-1.88E-06,416
-1.88E-06,1.2,-1.88E-06,416
-1.88E-06,1.2,-1.88E-06,416
-1.88E-06,1.2,-1.88E-06,416
-1.88E-06,1.2,-1.88E-06,416
-1.88E-06,1.2,-1.88E-06,416
-1.88E-06,1.2,-1.88E-06,416
-1.87E-06,1.2,-1.87E-06,416
-1.87E-06,1.2,-1.87E-06,416
-1.87E-06,1.2,-1.87E-06,416
-1.87E-06,1.2,-1.87E-06,416
-1.87E-06,1.2,-1.87E-06,416
-1.87E-06,1.2,-1.87E-06,416
-1.87E-06,1.2,-1.87E-06,416
-1.87E-06,1.2,-1.87E-06,416
-1.87E-06,1.2,-1.87E-06,416
-1.87E-06,1.2,-1.87E-06,412
-1.86E-06,1.2,-1.86E-06,416
-1.86E-06,1.2,-1.86E-06,416
-1.86E-06,1.2,-1.86E-06,416
-1.86E-06,1.2,-1.86E-06,416
-1.86E-06,1.2,-1.86E-06,416
-1.86E-06,1.2,-1.86E-06,416
-1.86E-06,1.2,-1.86E-06,416
-1.86E-06,1.2,-1.86E-06,416
-1.86E-06,1.2,-1.86E-06,416
-1.86E-06,1.2,-1.86E-06,416
-1.85E-06,1.2,-1.85E-06,416
-1.85E-06,1.2,-1.85E-06,416
-1.85E-06,1.2,-1.85E-06,416
-1.85E-06,1.2,-1.85E-06,416
-1.85E-06,1.2,-1.85E-06,416
-1.85E-06,1.2,-1.85E-06,416
-1.85E-06,1.2,-1.85E-06,416
-1.85E-06,1.2,-1.85E-06,416
-1.85E-06,1.2,-1.85E-06,416
-1.85E-06,1.2,-1.85E-06,416
-1.84E-06,1.2,-1.84E-06,416
-1.84E-06,1.2,-1.84E-06,416
-1.84E-06,1.2,-1.84E-06,416
-1.84E-06,1.2,-1.84E-06,416
-1.84E-06,1.2,-1.84E-06,416
-1.84E-06,1.2,-1.84E-06,416
-1.84E-06,1.2,-1.84E-06,416
-1.84E-06,1.2,-1.84E-06,416
-1.84E-06,1.2,-1.84E-06,416
-1.84E-06,1.2,-1.84E-06,416
-1.83E-06,1.2,-1.83E-06,416
-1.83E-06,1.2,-1.83E-06,416
-1.83E-06,1.2,-1.83E-06,416
-1.83E-06,1.2,-1.83E-06,416
-1.83E-06,1.2,-1.83E-06,416
-1.83E-06,1.2,-1.83E-06,416
-1.83E-06,1.2,-1.83E-06,416
-1.83E-06,1.2,-1.83E-06,416
-1.83E-06,1.2,-1.83E-06,416
-1.83E-06,1.2,-1.83E-06,416
-1.82E-06,1.2,-1.82E-06,416
-1.82E-06,1.2,-1.82E-06,416
-1.82E-06,1.2,-1.82E-06,416
-1.82E-06,1.2,-1.82E-06,416
-1.82E-06,1.2,-1.82E-06,416
-1.82E-06,1.2,-1.82E-06,416
-1.82E-06,1.2,-1.82E-06,416
-1.82E-06,1.2,-1.82E-06,416
-1.82E-06,1.2,-1.82E-06,416
-1.82E-06,1,-1.82E-06,416
-1.81E-06,1.2,-1.81E-06,416
-1.81E-06,1.2,-1.81E-06,416
-1.81E-06,1.2,-1.81E-06,416
-1.81E-06,1.2,-1.81E-06,416
-1.81E-06,1.2,-1.81E-06,416
-1.81E-06,1.4,-1.81E-06,416
-1.81E-06,1.2,-1.81E-06,416
-1.81E-06,1.4,-1.81E-06,416
-1.81E-06,1.2,-1.81E-06,416
-1.81E-06,1.2,-1.81E-06,416
-1.80E-06,1.2,-1.80E-06,416
-1.80E-06,1.2,-1.80E-06,416
-1.80E-06,1.2,-1.80E-06,416
-1.80E-06,1.2,-1.80E-06,416
-1.80E-06,1.2,-1.80E-06,416
-1.80E-06,1.4,-1.80E-06,416
-1.80E-06,1.2,-1.80E-06,416
-1.80E-06,1.2,-1.80E-06,416
-1.80E-06,1.2,-1.80E-06,416
-1.80E-06,1.2,-1.80E-06,416
-1.79E-06,1.2,-1.79E-06,416
-1.79E-06,1.2,-1.79E-06,416
-1.79E-06,1.2,-1.79E-06,416
-1.79E-06,1.2,-1.79E-06,416
-1.79E-06,1.2,-1.79E-06,416
-1.79E-06,1.2,-1.79E-06,416
-1.79E-06,1.2,-1.79E-06,416
-1.79E-06,1.2,-1.79E-06,416
-1.79E-06,1.4,-1.79E-06,416
-1.79E-06,1.2,-1.79E-06,416
-1.78E-06,1.4,-1.78E-06,416
-1.78E-06,1.2,-1.78E-06,416
-1.78E-06,1.2,-1.78E-06,416
-1.78E-06,1.2,-1.78E-06,416
-1.78E-06,1.2,-1.78E-06,416
-1.78E-06,1.2,-1.78E-06,416
-1.78E-06,1.2,-1.78E-06,416
-1.78E-06,1.2,-1.78E-06,416
-1.78E-06,1.2,-1.78E-06,416
-1.78E-06,1.2,-1.78E-06,416
-1.77E-06,1.2,-1.77E-06,416
-1.77E-06,1.2,-1.77E-06,416
-1.77E-06,1.4,-1.77E-06,416
-1.77E-06,1.2,-1.77E-06,416
-1.77E-06,1.2,-1.77E-06,416
-1.77E-06,1.2,-1.77E-06,420
-1.77E-06,1.2,-1.77E-06,416
-1.77E-06,1.2,-1.77E-06,416
-1.77E-06,1.2,-1.77E-06,416
-1.77E-06,1.2,-1.77E-06,416
-1.76E-06,1.2,-1.76E-06,416
-1.76E-06,1.2,-1.76E-06,416
-1.76E-06,1.2,-1.76E-06,416
-1.76E-06,1.2,-1.76E-06,416
-1.76E-06,1.2,-1.76E-06,416
-1.76E-06,1.2,-1.76E-06,416
-1.76E-06,1.2,-1.76E-06,416
-1.76E-06,1.2,-1.76E-06,416
-1.76E-06,1.2,-1.76E-06,416
-1.76E-06,1.2,-1.76E-06,416
-1.75E-06,1.2,-1.75E-06,416
-1.75E-06,1.4,-1.75E-06,416
-1.75E-06,1.2,-1.75E-06,416
-1.75E-06,1.2,-1.75E-06,416
-1.75E-06,1.2,-1.75E-06,416
-1.75E-06,1.2,-1.75E-06,416
-1.75E-06,1.2,-1.75E-06,416
-1.75E-06,1.2,-1.75E-06,416
-1.75E-06,1.2,-1.75E-06,416
-1.75E-06,1.2,-1.75E-06,416
-1.74E-06,1.2,-1.74E-06,416
-1.74E-06,1.4,-1.74E-06,416
-1.74E-06,1.2,-1.74E-06,416
-1.74E-06,1.2,-1.74E-06,416
-1.74E-06,1.2,-1.74E-06,416
-1.74E-06,1.2,-1.74E-06,420
-1.74E-06,1.2,-1.74E-06,416
-1.74E-06,1.2,-1.74E-06,416
-1.74E-06,1.2,-1.74E-06,416
-1.74E-06,1.2,-1.74E-06,416
-1.73E-06,1.2,-1.73E-06,416
-1.73E-06,1.2,-1.73E-06,416
-1.73E-06,1.2,-1.73E-06,416
-1.73E-06,1.2,-1.73E-06,416
-1.73E-06,1.2,-1.73E-06,416
-1.73E-06,1.2,-1.73E-06,416
-1.73E-06,1.2,-1.73E-06,416
-1.73E-06,1.2,-1.73E-06,416
-1.73E-06,1.2,-1.73E-06,416
-1.73E-06,1.2,-1.73E-06,416
-1.72E-06,1.2,-1.72E-06,416
-1.72E-06,1.2,-1.72E-06,416
-1.72E-06,1.2,-1.72E-06,416
-1.72E-06,1.2,-1.72E-06,416
-1.72E-06,1.2,-1.72E-06,416
-1.72E-06,1.2,-1.72E-06,416
-1.72E-06,1.2,-1.72E-06,416
-1.72E-06,1.2,-1.72E-06,416
-1.72E-06,1.2,-1.72E-06,416
-1.72E-06,1.2,-1.72E-06,416
-1.71E-06,1.2,-1.71E-06,416
-1.71E-06,1.4,-1.71E-06,416
-1.71E-06,1.2,-1.71E-06,416
-1.71E-06,1.2,-1.71E-06,416
-1.71E-06,1.2,-1.71E-06,416
-1.71E-06,1.4,-1.71E-06,416
-1.71E-06,1.2,-1.71E-06,416
-1.71E-06,1.2,-1.71E-06,416
-1.71E-06,1.2,-1.71E-06,416
-1.71E-06,1.2,-1.71E-06,416
-1.70E-06,1.2,-1.70E-06,416
-1.70E-06,1.2,-1.70E-06,416
-1.70E-06,1.2,-1.70E-06,416
-1.70E-06,1.2,-1.70E-06,416
-1.70E-06,1.2,-1.70E-06,416
-1.70E-06,1.2,-1.70E-06,416
-1.70E-06,1.2,-1.70E-06,416
-1.70E-06,1.2,-1.70E-06,416
-1.70E-06,1,-1.70E-06,416
-1.70E-06,1.2,-1.70E-06,416
-1.69E-06,1.2,-1.69E-06,416
-1.69E-06,1.2,-1.69E-06,416
-1.69E-06,1.2,-1.69E-06,416
-1.69E-06,1.2,-1.69E-06,416
-1.69E-06,1.2,-1.69E-06,416
-1.69E-06,1.2,-1.69E-06,416
-1.69E-06,1.2,-1.69E-06,416
-1.69E-06,1.2,-1.69E-06,416
-1.69E-06,1.2,-1.69E-06,416
-1.69E-06,1.2,-1.69E-06,416
-1.68E-06,1.2,-1.68E-06,416
-1.68E-06,1.2,-1.68E-06,416
-1.68E-06,1.2,-1.68E-06,416
-1.68E-06,1.2,-1.68E-06,416
-1.68E-06,1.2,-1.68E-06,416
-1.68E-06,1.2,-1.68E-06,416
-1.68E-06,1.2,-1.68E-06,416
-1.68E-06,1.2,-1.68E-06,416
-1.68E-06,1.2,-1.68E-06,416
-1.68E-06,1.2,-1.68E-06,416
-1.67E-06,1.2,-1.67E-06,416
-1.67E-06,1.4,-1.67E-06,416
-1.67E-06,1.2,-1.67E-06,416
-1.67E-06,1.2,-1.67E-06,416
-1.67E-06,1.2,-1.67E-06,416
-1.67E-06,1.2,-1.67E-06,416
-1.67E-06,1.2,-1.67E-06,416
-1.67E-06,1.2,-1.67E-06,416
-1.67E-06,1.2,-1.67E-06,416
-1.67E-06,1.2,-1.67E-06,416
-1.66E-06,1.2,-1.66E-06,416
-1.66E-06,1.2,-1.66E-06,416
-1.66E-06,1.2,-1.66E-06,416
-1.66E-06,1.2,-1.66E-06,416
-1.66E-06,1.2,-1.66E-06,416
-1.66E-06,1.4,-1.66E-06,416
-1.66E-06,1.2,-1.66E-06,416
-1.66E-06,1.2,-1.66E-06,416
-1.66E-06,1.4,-1.66E-06,416
-1.66E-06,1.2,-1.66E-06,416
-1.65E-06,1.2,-1.65E-06,416
-1.65E-06,1.2,-1.65E-06,416
-1.65E-06,1.2,-1.65E-06,416
-1.65E-06,1.2,-1.65E-06,416
-1.65E-06,1.2,-1.65E-06,416
-1.65E-06,1.2,-1.65E-06,416
-1.65E-06,1.2,-1.65E-06,416
-1.65E-06,1.2,-1.65E-06,416
-1.65E-06,1.4,-1.65E-06,416
-1.65E-06,1.2,-1.65E-06,416
-1.64E-06,1.2,-1.64E-06,416
-1.64E-06,1.2,-1.64E-06,416
-1.64E-06,1.2,-1.64E-06,416
-1.64E-06,1.2,-1.64E-06,416
-1.64E-06,1.2,-1.64E-06,416
-1.64E-06,1.2,-1.64E-06,416
-1.64E-06,1.2,-1.64E-06,416
-1.64E-06,1.2,-1.64E-06,416
-1.64E-06,1.2,-1.64E-06,416
-1.64E-06,1.2,-1.64E-06,416
-1.63E-06,1.2,-1.63E-06,416
-1.63E-06,1.2,-1.63E-06,416
-1.63E-06,1.2,-1.63E-06,416
-1.63E-06,1.2,-1.63E-06,416
-1.63E-06,1.2,-1.63E-06,416
-1.63E-06,1.2,-1.63E-06,416
-1.63E-06,1.2,-1.63E-06,416
-1.63E-06,1.2,-1.63E-06,416
-1.63E-06,1.2,-1.63E-06,416
-1.63E-06,1.2,-1.63E-06,416
-1.62E-06,1.2,-1.62E-06,416
-1.62E-06,1.2,-1.62E-06,416
-1.62E-06,1.2,-1.62E-06,416
-1.62E-06,1.2,-1.62E-06,416
-1.62E-06,1.2,-1.62E-06,416
-1.62E-06,1.2,-1.62E-06,416
-1.62E-06,1.2,-1.62E-06,416
-1.62E-06,1.2,-1.62E-06,416
-1.62E-06,1.2,-1.62E-06,416
-1.62E-06,1.2,-1.62E-06,416
-1.61E-06,1.2,-1.61E-06,416
-1.61E-06,1.2,-1.61E-06,416
-1.61E-06,1.2,-1.61E-06,416
-1.61E-06,1.2,-1.61E-06,416
-1.61E-06,1.2,-1.61E-06,416
-1.61E-06,1.2,-1.61E-06,416
-1.61E-06,1.2,-1.61E-06,416
-1.61E-06,1.2,-1.61E-06,416
-1.61E-06,1.2,-1.61E-06,412
-1.61E-06,1.2,-1.61E-06,416
-1.60E-06,1.2,-1.60E-06,416
-1.60E-06,1.2,-1.60E-06,416
-1.60E-06,1.2,-1.60E-06,416
-1.60E-06,1.2,-1.60E-06,416
-1.60E-06,1.2,-1.60E-06,416
-1.60E-06,1.2,-1.60E-06,420
-1.60E-06,1.2,-1.60E-06,416
-1.60E-06,1.2,-1.60E-06,416
-1.60E-06,1.2,-1.60E-06,416
-1.60E-06,1.2,-1.60E-06,416
-1.59E-06,1.4,-1.59E-06,416
-1.59E-06,1.2,-1.59E-06,416
-1.59E-06,1.2,-1.59E-06,416
-1.59E-06,1.2,-1.59E-06,416
-1.59E-06,1.2,-1.59E-06,416
-1.59E-06,1.2,-1.59E-06,416
-1.59E-06,1.2,-1.59E-06,416
-1.59E-06,1.2,-1.59E-06,416
-1.59E-06,1.2,-1.59E-06,416
-1.59E-06,1.2,-1.59E-06,416
-1.58E-06,1.2,-1.58E-06,416
-1.58E-06,1.2,-1.58E-06,416
-1.58E-06,1.2,-1.58E-06,416
-1.58E-06,1.2,-1.58E-06,416
-1.58E-06,1.2,-1.58E-06,416
-1.58E-06,1.2,-1.58E-06,416
-1.58E-06,1.2,-1.58E-06,416
-1.58E-06,1.2,-1.58E-06,416
-1.58E-06,1.2,-1.58E-06,416
-1.58E-06,1.2,-1.58E-06,416
-1.57E-06,1.2,-1.57E-06,416
-1.57E-06,1.2,-1.57E-06,416
-1.57E-06,1.2,-1.57E-06,416
-1.57E-06,1.2,-1.57E-06,416
-1.57E-06,1.2,-1.57E-06,416
-1.57E-06,1.2,-1.57E-06,416
-1.57E-06,1.2,-1.57E-06,416
-1.57E-06,1.2,-1.57E-06,416
-1.57E-06,1.2,-1.57E-06,416
-1.57E-06,1.2,-1.57E-06,420
-1.56E-06,1.2,-1.56E-06,416
-1.56E-06,1.2,-1.56E-06,416
-1.56E-06,1.2,-1.56E-06,412
-1.56E-06,1.2,-1.56E-06,416
-1.56E-06,1.2,-1.56E-06,416
-1.56E-06,1.2,-1.56E-06,416
-1.56E-06,1.2,-1.56E-06,416
-1.56E-06,1.2,-1.56E-06,416
-1.56E-06,1.2,-1.56E-06,416
-1.56E-06,1.2,-1.56E-06,416
-1.55E-06,1.2,-1.55E-06,416
-1.55E-06,1.2,-1.55E-06,416
-1.55E-06,1.2,-1.55E-06,416
-1.55E-06,1.2,-1.55E-06,416
-1.55E-06,1.2,-1.55E-06,416
-1.55E-06,1.2,-1.55E-06,416
-1.55E-06,1.2,-1.55E-06,416
-1.55E-06,1.2,-1.55E-06,416
-1.55E-06,1.2,-1.55E-06,416
-1.55E-06,1.2,-1.55E-06,416
-1.54E-06,1.2,-1.54E-06,416
-1.54E-06,1.2,-1.54E-06,416
-1.54E-06,1.2,-1.54E-06,412
-1.54E-06,1.2,-1.54E-06,416
-1.54E-06,1.2,-1.54E-06,416
-1.54E-06,1.2,-1.54E-06,416
-1.54E-06,1.2,-1.54E-06,416
-1.54E-06,1.2,-1.54E-06,416
-1.54E-06,1.2,-1.54E-06,416
-1.54E-06,1.2,-1.54E-06,416
-1.53E-06,1.2,-1.53E-06,416
-1.53E-06,1.2,-1.53E-06,416
-1.53E-06,1.2,-1.53E-06,416
-1.53E-06,1.2,-1.53E-06,416
-1.53E-06,1.2,-1.53E-06,416
-1.53E-06,1.2,-1.53E-06,416
-1.53E-06,1.2,-1.53E-06,416
-1.53E-06,1.2,-1.53E-06,416
-1.53E-06,1.2,-1.53E-06,416
-1.53E-06,1.2,-1.53E-06,416
-1.52E-06,1.2,-1.52E-06,416
-1.52E-06,1.2,-1.52E-06,416
-1.52E-06,1.2,-1.52E-06,416
-1.52E-06,1.2,-1.52E-06,416
-1.52E-06,1.2,-1.52E-06,416
-1.52E-06,1.2,-1.52E-06,416
-1.52E-06,1.2,-1.52E-06,416
-1.52E-06,1.2,-1.52E-06,416
-1.52E-06,1.2,-1.52E-06,416
-1.52E-06,1.2,-1.52E-06,416
-1.51E-06,1.4,-1.51E-06,416
-1.51E-06,1.2,-1.51E-06,416
-1.51E-06,1.2,-1.51E-06,416
-1.51E-06,1.2,-1.51E-06,416
-1.51E-06,1.2,-1.51E-06,416
-1.51E-06,1.4,-1.51E-06,416
-1.51E-06,1.2,-1.51E-06,416
-1.51E-06,1.4,-1.51E-06,416
-1.51E-06,1.2,-1.51E-06,416
-1.51E-06,1.4,-1.51E-06,416
-1.50E-06,1.2,-1.50E-06,416
-1.50E-06,1.4,-1.50E-06,416
-1.50E-06,1.2,-1.50E-06,416
-1.50E-06,1.2,-1.50E-06,416
-1.50E-06,1.2,-1.50E-06,416
-1.50E-06,1.2,-1.50E-06,416
-1.50E-06,1.2,-1.50E-06,416
-1.50E-06,1.2,-1.50E-06,416
-1.50E-06,1.2,-1.50E-06,416
-1.50E-06,1.2,-1.50E-06,416
-1.49E-06,1.2,-1.49E-06,416
-1.49E-06,1.2,-1.49E-06,416
-1.49E-06,1.2,-1.49E-06,416
-1.49E-06,1.2,-1.49E-06,416
-1.49E-06,1.2,-1.49E-06,416
-1.49E-06,1.2,-1.49E-06,416
-1.49E-06,1.2,-1.49E-06,416
-1.49E-06,1.2,-1.49E-06,416
-1.49E-06,1.2,-1.49E-06,416
-1.49E-06,1.2,-1.49E-06,416
-1.48E-06,1.2,-1.48E-06,416
-1.48E-06,1.2,-1.48E-06,420
-1.48E-06,1.2,-1.48E-06,416
-1.48E-06,1.2,-1.48E-06,416
-1.48E-06,1.2,-1.48E-06,416
-1.48E-06,1.2,-1.48E-06,416
-1.48E-06,1.4,-1.48E-06,416
-1.48E-06,1.2,-1.48E-06,416
-1.48E-06,1.4,-1.48E-06,416
-1.48E-06,1.2,-1.48E-06,416
-1.47E-06,1.4,-1.47E-06,416
-1.47E-06,1.2,-1.47E-06,416
-1.47E-06,1.2,-1.47E-06,416
-1.47E-06,1.2,-1.47E-06,416
-1.47E-06,1.2,-1.47E-06,412
-1.47E-06,1.2,-1.47E-06,416
-1.47E-06,1.2,-1.47E-06,416
-1.47E-06,1.2,-1.47E-06,416
-1.47E-06,1.2,-1.47E-06,416
-1.47E-06,1.2,-1.47E-06,416
-1.46E-06,1.2,-1.46E-06,416
-1.46E-06,1.2,-1.46E-06,416
-1.46E-06,1.2,-1.46E-06,416
-1.46E-06,1.2,-1.46E-06,416
-1.46E-06,1.4,-1.46E-06,416
-1.46E-06,1.2,-1.46E-06,416
-1.46E-06,1.2,-1.46E-06,416
-1.46E-06,1.2,-1.46E-06,416
-1.46E-06,1.2,-1.46E-06,416
-1.46E-06,1.2,-1.46E-06,416
-1.45E-06,1.2,-1.45E-06,416
-1.45E-06,1.2,-1.45E-06,416
-1.45E-06,1.2,-1.45E-06,416
-1.45E-06,1.4,-1.45E-06,416
-1.45E-06,1.2,-1.45E-06,416
-1.45E-06,1.2,-1.45E-06,416
-1.45E-06,1.2,-1.45E-06,416
-1.45E-06,1.2,-1.45E-06,416
-1.45E-06,1.2,-1.45E-06,416
-1.45E-06,1.2,-1.45E-06,416
-1.44E-06,1.2,-1.44E-06,416
-1.44E-06,1.2,-1.44E-06,416
-1.44E-06,1.2,-1.44E-06,416
-1.44E-06,1.2,-1.44E-06,416
-1.44E-06,1.2,-1.44E-06,416
-1.44E-06,1.2,-1.44E-06,416
-1.44E-06,1.2,-1.44E-06,416
-1.44E-06,1.2,-1.44E-06,416
-1.44E-06,1.2,-1.44E-06,416
-1.44E-06,1.2,-1.44E-06,416
-1.43E-06,1.2,-1.43E-06,416
-1.43E-06,1.2,-1.43E-06,416
-1.43E-06,1.2,-1.43E-06,416
-1.43E-06,1.2,-1.43E-06,416
-1.43E-06,1.2,-1.43E-06,416
-1.43E-06,1.2,-1.43E-06,416
-1.43E-06,1.2,-1.43E-06,416
-1.43E-06,1.4,-1.43E-06,416
-1.43E-06,1.2,-1.43E-06,416
-1.43E-06,1.2,-1.43E-06,416
-1.42E-06,1.2,-1.42E-06,416
-1.42E-06,1.2,-1.42E-06,416
-1.42E-06,1.2,-1.42E-06,416
-1.42E-06,1.2,-1.42E-06,416
-1.42E-06,1.2,-1.42E-06,416
-1.42E-06,1.2,-1.42E-06,416
-1.42E-06,1.2,-1.42E-06,416
-1.42E-06,1.2,-1.42E-06,416
-1.42E-06,1.2,-1.42E-06,416
-1.42E-06,1.2,-1.42E-06,416
-1.41E-06,1.2,-1.41E-06,416
-1.41E-06,1.2,-1.41E-06,416
-1.41E-06,1.2,-1.41E-06,416
-1.41E-06,1.2,-1.41E-06,416
-1.41E-06,1.2,-1.41E-06,416
-1.41E-06,1.4,-1.41E-06,416
-1.41E-06,1.2,-1.41E-06,416
-1.41E-06,1.4,-1.41E-06,416
-1.41E-06,1.2,-1.41E-06,416
-1.41E-06,1.2,-1.41E-06,416
-1.40E-06,1.2,-1.40E-06,416
-1.40E-06,1.2,-1.40E-06,416
-1.40E-06,1.2,-1.40E-06,416
-1.40E-06,1.2,-1.40E-06,416
-1.40E-06,1.2,-1.40E-06,416
-1.40E-06,1.2,-1.40E-06,416
-1.40E-06,1.2,-1.40E-06,416
-1.40E-06,1.2,-1.40E-06,416
-1.40E-06,1.2,-1.40E-06,416
-1.40E-06,1.2,-1.40E-06,416
-1.39E-06,1.2,-1.39E-06,416
-1.39E-06,1.2,-1.39E-06,416
-1.39E-06,1.2,-1.39E-06,416
-1.39E-06,1.2,-1.39E-06,416
-1.39E-06,1.2,-1.39E-06,416
-1.39E-06,1.2,-1.39E-06,416
-1.39E-06,1.2,-1.39E-06,416
-1.39E-06,1.2,-1.39E-06,416
-1.39E-06,1.2,-1.39E-06,416
-1.39E-06,1.2,-1.39E-06,416
-1.38E-06,1.2,-1.38E-06,416
-1.38E-06,1.2,-1.38E-06,416
-1.38E-06,1.2,-1.38E-06,416
-1.38E-06,1.2,-1.38E-06,416
-1.38E-06,1.2,-1.38E-06,416
-1.38E-06,1.2,-1.38E-06,416
-1.38E-06,1.2,-1.38E-06,416
-1.38E-06,1.2,-1.38E-06,416
-1.38E-06,1.2,-1.38E-06,416
-1.38E-06,1.2,-1.38E-06,416
-1.37E-06,1.2,-1.37E-06,416
-1.37E-06,1.2,-1.37E-06,416
-1.37E-06,1.2,-1.37E-06,416
-1.37E-06,1.2,-1.37E-06,416
-1.37E-06,1.2,-1.37E-06,416
-1.37E-06,1.2,-1.37E-06,416
-1.37E-06,1.2,-1.37E-06,416
-1.37E-06,1.2,-1.37E-06,416
-1.37E-06,1.2,-1.37E-06,416
-1.37E-06,1.2,-1.37E-06,416
-1.36E-06,1.2,-1.36E-06,416
-1.36E-06,1.2,-1.36E-06,416
-1.36E-06,1.2,-1.36E-06,416
-1.36E-06,1.2,-1.36E-06,416
-1.36E-06,1.2,-1.36E-06,416
-1.36E-06,1.2,-1.36E-06,416
-1.36E-06,1.2,-1.36E-06,416
-1.36E-06,1.2,-1.36E-06,416
-1.36E-06,1.2,-1.36E-06,416
-1.36E-06,1.2,-1.36E-06,416
-1.35E-06,1.2,-1.35E-06,416
-1.35E-06,1.2,-1.35E-06,416
-1.35E-06,1.2,-1.35E-06,416
-1.35E-06,1.2,-1.35E-06,416
-1.35E-06,1.2,-1.35E-06,416
-1.35E-06,1.2,-1.35E-06,416
-1.35E-06,1.2,-1.35E-06,416
-1.35E-06,1.2,-1.35E-06,416
-1.35E-06,1.2,-1.35E-06,416
-1.35E-06,1.2,-1.35E-06,416
-1.34E-06,1.2,-1.34E-06,416
-1.34E-06,1.2,-1.34E-06,416
-1.34E-06,1.2,-1.34E-06,416
-1.34E-06,1.2,-1.34E-06,416
-1.34E-06,1.2,-1.34E-06,416
-1.34E-06,1.2,-1.34E-06,416
-1.34E-06,1.2,-1.34E-06,416
-1.34E-06,1.2,-1.34E-06,416
-1.34E-06,1.2,-1.34E-06,416
-1.34E-06,1.2,-1.34E-06,416
-1.33E-06,1.2,-1.33E-06,416
-1.33E-06,1.2,-1.33E-06,416
-1.33E-06,1.2,-1.33E-06,416
-1.33E-06,1.2,-1.33E-06,416
-1.33E-06,1.2,-1.33E-06,416
-1.33E-06,1.2,-1.33E-06,416
-1.33E-06,1.2,-1.33E-06,416
-1.33E-06,1.2,-1.33E-06,416
-1.33E-06,1.2,-1.33E-06,416
-1.33E-06,1.2,-1.33E-06,416
-1.32E-06,1,-1.32E-06,416
-1.32E-06,1.2,-1.32E-06,416
-1.32E-06,1.2,-1.32E-06,416
-1.32E-06,1.2,-1.32E-06,416
-1.32E-06,1.2,-1.32E-06,416
-1.32E-06,1.2,-1.32E-06,416
-1.32E-06,1.2,-1.32E-06,416
-1.32E-06,1.2,-1.32E-06,416
-1.32E-06,1.2,-1.32E-06,416
-1.32E-06,1.2,-1.32E-06,416
-1.31E-06,1.2,-1.31E-06,416
-1.31E-06,1.2,-1.31E-06,416
-1.31E-06,1.2,-1.31E-06,416
-1.31E-06,1.2,-1.31E-06,416
-1.31E-06,1.2,-1.31E-06,416
-1.31E-06,1.2,-1.31E-06,416
-1.31E-06,1.4,-1.31E-06,416
-1.31E-06,1.2,-1.31E-06,416
-1.31E-06,1.2,-1.31E-06,416
-1.31E-06,1.2,-1.31E-06,416
-1.30E-06,1.2,-1.30E-06,416
-1.30E-06,1.2,-1.30E-06,416
-1.30E-06,1.2,-1.30E-06,416
-1.30E-06,1.2,-1.30E-06,416
-1.30E-06,1.2,-1.30E-06,416
-1.30E-06,1.2,-1.30E-06,416
-1.30E-06,1.2,-1.30E-06,416
-1.30E-06,1.2,-1.30E-06,416
-1.30E-06,1.2,-1.30E-06,416
-1.30E-06,1.2,-1.30E-06,416
-1.29E-06,1.2,-1.29E-06,416
-1.29E-06,1.2,-1.29E-06,416
-1.29E-06,1.2,-1.29E-06,416
-1.29E-06,1.2,-1.29E-06,416
-1.29E-06,1.2,-1.29E-06,416
-1.29E-06,1.2,-1.29E-06,416
-1.29E-06,1.2,-1.29E-06,416
-1.29E-06,1.2,-1.29E-06,416
-1.29E-06,1.2,-1.29E-06,416
-1.29E-06,1.2,-1.29E-06,416
-1.28E-06,1.2,-1.28E-06,416
-1.28E-06,1.2,-1.28E-06,416
-1.28E-06,1.2,-1.28E-06,416
-1.28E-06,1.2,-1.28E-06,416
-1.28E-06,1.2,-1.28E-06,416
-1.28E-06,1.2,-1.28E-06,416
-1.28E-06,1.2,-1.28E-06,416
-1.28E-06,1.2,-1.28E-06,416
-1.28E-06,1.2,-1.28E-06,416
-1.28E-06,1.2,-1.28E-06,416
-1.27E-06,1.2,-1.27E-06,416
-1.27E-06,1.2,-1.27E-06,416
-1.27E-06,1.2,-1.27E-06,416
-1.27E-06,1.2,-1.27E-06,416
-1.27E-06,1.2,-1.27E-06,416
-1.27E-06,1.2,-1.27E-06,416
-1.27E-06,1.2,-1.27E-06,416
-1.27E-06,1.2,-1.27E-06,416
-1.27E-06,1.2,-1.27E-06,416
-1.27E-06,1.2,-1.27E-06,416
-1.26E-06,1.2,-1.26E-06,416
-1.26E-06,1.2,-1.26E-06,416
-1.26E-06,1.2,-1.26E-06,416
-1.26E-06,1.2,-1.26E-06,416
-1.26E-06,1.2,-1.26E-06,416
-1.26E-06,1.2,-1.26E-06,416
-1.26E-06,1.2,-1.26E-06,416
-1.26E-06,1.4,-1.26E-06,416
-1.26E-06,1.2,-1.26E-06,416
-1.26E-06,1.2,-1.26E-06,416
-1.25E-06,1.2,-1.25E-06,416
-1.25E-06,1.2,-1.25E-06,416
-1.25E-06,1.2,-1.25E-06,416
-1.25E-06,1.4,-1.25E-06,416
-1.25E-06,1.2,-1.25E-06,416
-1.25E-06,1.2,-1.25E-06,416
-1.25E-06,1.2,-1.25E-06,416
-1.25E-06,1.2,-1.25E-06,416
-1.25E-06,1.2,-1.25E-06,416
-1.25E-06,1.2,-1.25E-06,416
-1.24E-06,1.2,-1.24E-06,416
-1.24E-06,1.2,-1.24E-06,416
-1.24E-06,1.2,-1.24E-06,416
-1.24E-06,1.2,-1.24E-06,416
-1.24E-06,1.2,-1.24E-06,416
-1.24E-06,1.2,-1.24E-06,416
-1.24E-06,1.2,-1.24E-06,416
-1.24E-06,1.2,-1.24E-06,416
-1.24E-06,1.2,-1.24E-06,416
-1.24E-06,1.2,-1.24E-06,416
-1.23E-06,1.2,-1.23E-06,416
-1.23E-06,1.2,-1.23E-06,416
-1.23E-06,1.4,-1.23E-06,416
-1.23E-06,1.2,-1.23E-06,416
-1.23E-06,1.4,-1.23E-06,416
-1.23E-06,1.2,-1.23E-06,416
-1.23E-06,1.2,-1.23E-06,416
-1.23E-06,1.2,-1.23E-06,416
-1.23E-06,1.2,-1.23E-06,416
-1.23E-06,1.2,-1.23E-06,416
-1.22E-06,1.4,-1.22E-06,416
-1.22E-06,1.2,-1.22E-06,416
-1.22E-06,1.2,-1.22E-06,416
-1.22E-06,1.4,-1.22E-06,416
-1.22E-06,1.2,-1.22E-06,416
-1.22E-06,1.2,-1.22E-06,416
-1.22E-06,1.4,-1.22E-06,416
-1.22E-06,1.2,-1.22E-06,416
-1.22E-06,1.2,-1.22E-06,416
-1.22E-06,1.2,-1.22E-06,416
-1.21E-06,1.2,-1.21E-06,416
-1.21E-06,1.2,-1.21E-06,416
-1.21E-06,1.2,-1.21E-06,416
-1.21E-06,1.2,-1.21E-06,416
-1.21E-06,1.2,-1.21E-06,416
-1.21E-06,1.2,-1.21E-06,416
-1.21E-06,1.2,-1.21E-06,416
-1.21E-06,1.2,-1.21E-06,416
-1.21E-06,1.2,-1.21E-06,416
-1.21E-06,1.2,-1.21E-06,416
-1.20E-06,1.2,-1.20E-06,416
-1.20E-06,1.2,-1.20E-06,416
-1.20E-06,1.2,-1.20E-06,416
-1.20E-06,1.2,-1.20E-06,416
-1.20E-06,1.2,-1.20E-06,416
-1.20E-06,1.2,-1.20E-06,416
-1.20E-06,1.2,-1.20E-06,416
-1.20E-06,1.2,-1.20E-06,416
-1.20E-06,1.2,-1.20E-06,416
-1.20E-06,1.2,-1.20E-06,416
-1.19E-06,1.2,-1.19E-06,416
-1.19E-06,1.2,-1.19E-06,416
-1.19E-06,1.2,-1.19E-06,416
-1.19E-06,1.2,-1.19E-06,416
-1.19E-06,1.2,-1.19E-06,416
-1.19E-06,1.2,-1.19E-06,416
-1.19E-06,1.2,-1.19E-06,416
-1.19E-06,1.2,-1.19E-06,416
-1.19E-06,1.2,-1.19E-06,416
-1.19E-06,1.2,-1.19E-06,412
-1.18E-06,1.2,-1.18E-06,416
-1.18E-06,1.2,-1.18E-06,416
-1.18E-06,1.2,-1.18E-06,416
-1.18E-06,1.2,-1.18E-06,416
-1.18E-06,1.2,-1.18E-06,416
-1.18E-06,1.2,-1.18E-06,416
-1.18E-06,1.2,-1.18E-06,416
-1.18E-06,1.2,-1.18E-06,416
-1.18E-06,1.2,-1.18E-06,416
-1.18E-06,1.2,-1.18E-06,416
-1.17E-06,1.2,-1.17E-06,416
-1.17E-06,1.2,-1.17E-06,416
-1.17E-06,1.2,-1.17E-06,416
-1.17E-06,1.2,-1.17E-06,416
-1.17E-06,1.2,-1.17E-06,416
-1.17E-06,1.2,-1.17E-06,416
-1.17E-06,1.2,-1.17E-06,416
-1.17E-06,1.2,-1.17E-06,416
-1.17E-06,1.2,-1.17E-06,416
-1.17E-06,1.2,-1.17E-06,416
-1.16E-06,1.2,-1.16E-06,416
-1.16E-06,1.2,-1.16E-06,416
-1.16E-06,1.2,-1.16E-06,416
-1.16E-06,1.2,-1.16E-06,416
-1.16E-06,1.2,-1.16E-06,416
-1.16E-06,1.2,-1.16E-06,416
-1.16E-06,1.2,-1.16E-06,416
-1.16E-06,1.2,-1.16E-06,416
-1.16E-06,1.2,-1.16E-06,416
-1.16E-06,1.2,-1.16E-06,416
-1.15E-06,1.2,-1.15E-06,416
-1.15E-06,1.2,-1.15E-06,416
-1.15E-06,1.2,-1.15E-06,416
-1.15E-06,1.2,-1.15E-06,416
-1.15E-06,1.2,-1.15E-06,416
-1.15E-06,1.2,-1.15E-06,416
-1.15E-06,1.2,-1.15E-06,416
-1.15E-06,1.2,-1.15E-06,416
-1.15E-06,1.2,-1.15E-06,416
-1.15E-06,1.2,-1.15E-06,416
-1.14E-06,1.2,-1.14E-06,416
-1.14E-06,1.4,-1.14E-06,416
-1.14E-06,1.2,-1.14E-06,416
-1.14E-06,1.2,-1.14E-06,416
-1.14E-06,1.2,-1.14E-06,416
-1.14E-06,1.2,-1.14E-06,416
-1.14E-06,1.2,-1.14E-06,416
-1.14E-06,1.2,-1.14E-06,416
-1.14E-06,1.2,-1.14E-06,416
-1.14E-06,1.2,-1.14E-06,416
-1.13E-06,1.4,-1.13E-06,416
-1.13E-06,1.2,-1.13E-06,416
-1.13E-06,1.2,-1.13E-06,416
-1.13E-06,1.2,-1.13E-06,416
-1.13E-06,1.2,-1.13E-06,416
-1.13E-06,1.2,-1.13E-06,416
-1.13E-06,1.2,-1.13E-06,416
-1.13E-06,1.2,-1.13E-06,416
-1.13E-06,1.2,-1.13E-06,416
-1.13E-06,1.2,-1.13E-06,416
-1.12E-06,1.2,-1.12E-06,416
-1.12E-06,1.2,-1.12E-06,416
-1.12E-06,1.2,-1.12E-06,416
-1.12E-06,1.2,-1.12E-06,416
-1.12E-06,1.2,-1.12E-06,416
-1.12E-06,1.2,-1.12E-06,416
-1.12E-06,1.2,-1.12E-06,416
-1.12E-06,1.2,-1.12E-06,416
-1.12E-06,1.2,-1.12E-06,416
-1.12E-06,1.2,-1.12E-06,416
-1.11E-06,1.2,-1.11E-06,416
-1.11E-06,1.2,-1.11E-06,416
-1.11E-06,1.2,-1.11E-06,416
-1.11E-06,1.2,-1.11E-06,416
-1.11E-06,1.2,-1.11E-06,416
-1.11E-06,1.2,-1.11E-06,416
-1.11E-06,1.2,-1.11E-06,416
-1.11E-06,1.2,-1.11E-06,416
-1.11E-06,1.2,-1.11E-06,416
-1.11E-06,1.2,-1.11E-06,416
-1.10E-06,1.2,-1.10E-06,416
-1.10E-06,1.2,-1.10E-06,416
-1.10E-06,1.2,-1.10E-06,416
-1.10E-06,1.2,-1.10E-06,416
-1.10E-06,1.2,-1.10E-06,416
-1.10E-06,1.2,-1.10E-06,416
-1.10E-06,1.2,-1.10E-06,416
-1.10E-06,1.2,-1.10E-06,416
-1.10E-06,1.2,-1.10E-06,416
-1.10E-06,1.2,-1.10E-06,416
-1.09E-06,1.2,-1.09E-06,416
-1.09E-06,1.2,-1.09E-06,416
-1.09E-06,1.4,-1.09E-06,416
-1.09E-06,1.2,-1.09E-06,416
-1.09E-06,1.2,-1.09E-06,416
-1.09E-06,1.2,-1.09E-06,416
-1.09E-06,1.2,-1.09E-06,416
-1.09E-06,1.2,-1.09E-06,416
-1.09E-06,1.2,-1.09E-06,416
-1.09E-06,1.2,-1.09E-06,416
-1.08E-06,1.2,-1.08E-06,416
-1.08E-06,1.2,-1.08E-06,416
-1.08E-06,1.2,-1.08E-06,416
-1.08E-06,1.2,-1.08E-06,416
-1.08E-06,1.2,-1.08E-06,416
-1.08E-06,1.2,-1.08E-06,416
-1.08E-06,1.2,-1.08E-06,416
-1.08E-06,1.2,-1.08E-06,416
-1.08E-06,1.2,-1.08E-06,416
-1.08E-06,1.2,-1.08E-06,416
-1.07E-06,1.2,-1.07E-06,416
-1.07E-06,1.2,-1.07E-06,416
-1.07E-06,1.2,-1.07E-06,416
-1.07E-06,1.2,-1.07E-06,416
-1.07E-06,1.4,-1.07E-06,416
-1.07E-06,1.2,-1.07E-06,416
-1.07E-06,1.2,-1.07E-06,416
-1.07E-06,1.2,-1.07E-06,416
-1.07E-06,1.2,-1.07E-06,416
-1.07E-06,1.2,-1.07E-06,416
-1.06E-06,1.2,-1.06E-06,416
-1.06E-06,1.2,-1.06E-06,416
-1.06E-06,1.2,-1.06E-06,416
-1.06E-06,1.2,-1.06E-06,416
-1.06E-06,1.2,-1.06E-06,416
-1.06E-06,1.2,-1.06E-06,416
-1.06E-06,1.2,-1.06E-06,416
-1.06E-06,1.2,-1.06E-06,416
-1.06E-06,1.4,-1.06E-06,416
-1.06E-06,1.4,-1.06E-06,416
-1.05E-06,1.4,-1.05E-06,416
-1.05E-06,1.4,-1.05E-06,416
-1.05E-06,1.2,-1.05E-06,416
-1.05E-06,1.2,-1.05E-06,416
-1.05E-06,1.2,-1.05E-06,416
-1.05E-06,1.2,-1.05E-06,416
-1.05E-06,1.2,-1.05E-06,416
-1.05E-06,1.2,-1.05E-06,416
-1.05E-06,1.2,-1.05E-06,416
-1.05E-06,1.2,-1.05E-06,416
-1.04E-06,1.2,-1.04E-06,416
-1.04E-06,1.2,-1.04E-06,416
-1.04E-06,1.2,-1.04E-06,416
-1.04E-06,1.2,-1.04E-06,416
-1.04E-06,1.2,-1.04E-06,416
-1.04E-06,1.2,-1.04E-06,416
-1.04E-06,1.2,-1.04E-06,416
-1.04E-06,1.2,-1.04E-06,416
-1.04E-06,1.2,-1.04E-06,416
-1.04E-06,1.2,-1.04E-06,416
-1.03E-06,1.2,-1.03E-06,416
-1.03E-06,1.2,-1.03E-06,416
-1.03E-06,1.2,-1.03E-06,416
-1.03E-06,1.2,-1.03E-06,416
-1.03E-06,1.2,-1.03E-06,416
-1.03E-06,1.2,-1.03E-06,412
-1.03E-06,1.2,-1.03E-06,416
-1.03E-06,1.2,-1.03E-06,416
-1.03E-06,1.2,-1.03E-06,416
-1.03E-06,1.2,-1.03E-06,416
-1.02E-06,1.2,-1.02E-06,416
-1.02E-06,1.2,-1.02E-06,416
-1.02E-06,1.2,-1.02E-06,416
-1.02E-06,1.2,-1.02E-06,416
-1.02E-06,1.2,-1.02E-06,416
-1.02E-06,1.2,-1.02E-06,416
-1.02E-06,1.2,-1.02E-06,416
-1.02E-06,1.2,-1.02E-06,416
-1.02E-06,1.2,-1.02E-06,416
-1.02E-06,1.2,-1.02E-06,416
-1.01E-06,1.2,-1.01E-06,416
-1.01E-06,1.2,-1.01E-06,416
-1.01E-06,1.2,-1.01E-06,416
-1.01E-06,1.2,-1.01E-06,416
-1.01E-06,1.2,-1.01E-06,416
-1.01E-06,1.2,-1.01E-06,416
-1.01E-06,1.2,-1.01E-06,416
-1.01E-06,1.2,-1.01E-06,416
-1.01E-06,1.2,-1.01E-06,416
-1.01E-06,1.2,-1.01E-06,416
-1.00E-06,1.2,-1.00E-06,416
-1.00E-06,1.2,-1.00E-06,416
-1.00E-06,1.2,-1.00E-06,416
-1.00E-06,1.2,-1.00E-06,416
-1.00E-06,1.2,-1.00E-06,416
-9.99E-07,1.2,-9.99E-07,416
-9.98E-07,1.2,-9.98E-07,416
-9.97E-07,1.2,-9.97E-07,416
-9.96E-07,1.2,-9.96E-07,416
-9.95E-07,1.2,-9.95E-07,416
-9.94E-07,1.4,-9.94E-07,416
-9.93E-07,1.2,-9.93E-07,416
-9.92E-07,1.2,-9.92E-07,416
-9.91E-07,1.2,-9.91E-07,416
-9.90E-07,1.2,-9.90E-07,416
-9.89E-07,1.2,-9.89E-07,416
-9.88E-07,1.2,-9.88E-07,416
-9.87E-07,1.2,-9.87E-07,416
-9.86E-07,1.2,-9.86E-07,416
-9.85E-07,1.2,-9.85E-07,416
-9.84E-07,1.2,-9.84E-07,416
-9.83E-07,1.2,-9.83E-07,416
-9.82E-07,1.2,-9.82E-07,416
-9.81E-07,1.2,-9.81E-07,416
-9.80E-07,1.2,-9.80E-07,416
-9.79E-07,1.2,-9.79E-07,416
-9.78E-07,1.2,-9.78E-07,416
-9.77E-07,1.2,-9.77E-07,416
-9.76E-07,1.2,-9.76E-07,416
-9.75E-07,1.2,-9.75E-07,416
-9.74E-07,1.2,-9.74E-07,416
-9.73E-07,1.2,-9.73E-07,416
-9.72E-07,1.4,-9.72E-07,416
-9.71E-07,1.2,-9.71E-07,416
-9.70E-07,1.2,-9.70E-07,416
-9.69E-07,1.2,-9.69E-07,416
-9.68E-07,1.2,-9.68E-07,416
-9.67E-07,1.2,-9.67E-07,416
-9.66E-07,1.2,-9.66E-07,416
-9.65E-07,1.2,-9.65E-07,416
-9.64E-07,1.2,-9.64E-07,416
-9.63E-07,1.2,-9.63E-07,416
-9.62E-07,1.2,-9.62E-07,416
-9.61E-07,1.2,-9.61E-07,416
-9.60E-07,1.2,-9.60E-07,416
-9.59E-07,1.2,-9.59E-07,416
-9.58E-07,1.2,-9.58E-07,416
-9.57E-07,1.2,-9.57E-07,416
-9.56E-07,1.2,-9.56E-07,416
-9.55E-07,1.2,-9.55E-07,416
-9.54E-07,1.2,-9.54E-07,416
-9.53E-07,1.2,-9.53E-07,416
-9.52E-07,1.2,-9.52E-07,416
-9.51E-07,1.4,-9.51E-07,416
-9.50E-07,1.4,-9.50E-07,416
-9.49E-07,1.2,-9.49E-07,416
-9.48E-07,1.2,-9.48E-07,416
-9.47E-07,1.2,-9.47E-07,416
-9.46E-07,1.2,-9.46E-07,416
-9.45E-07,1.2,-9.45E-07,416
-9.44E-07,1.2,-9.44E-07,416
-9.43E-07,1.4,-9.43E-07,416
-9.42E-07,1.2,-9.42E-07,416
-9.41E-07,1.2,-9.41E-07,416
-9.40E-07,1.2,-9.40E-07,416
-9.39E-07,1.2,-9.39E-07,416
-9.38E-07,1.2,-9.38E-07,416
-9.37E-07,1.2,-9.37E-07,416
-9.36E-07,1.2,-9.36E-07,416
-9.35E-07,1.2,-9.35E-07,416
-9.34E-07,1.2,-9.34E-07,416
-9.33E-07,1.2,-9.33E-07,416
-9.32E-07,1.2,-9.32E-07,416
-9.31E-07,1.2,-9.31E-07,416
-9.30E-07,1.2,-9.30E-07,416
-9.29E-07,1.2,-9.29E-07,416
-9.28E-07,1.4,-9.28E-07,416
-9.27E-07,1.4,-9.27E-07,416
-9.26E-07,1.4,-9.26E-07,416
-9.25E-07,1.2,-9.25E-07,416
-9.24E-07,1.2,-9.24E-07,416
-9.23E-07,1.2,-9.23E-07,416
-9.22E-07,1.2,-9.22E-07,416
-9.21E-07,1.2,-9.21E-07,416
-9.20E-07,1.2,-9.20E-07,416
-9.19E-07,1.2,-9.19E-07,416
-9.18E-07,1.2,-9.18E-07,416
-9.17E-07,1.2,-9.17E-07,416
-9.16E-07,1.2,-9.16E-07,416
-9.15E-07,1.2,-9.15E-07,416
-9.14E-07,1.2,-9.14E-07,416
-9.13E-07,1.2,-9.13E-07,416
-9.12E-07,1.2,-9.12E-07,416
-9.11E-07,1.2,-9.11E-07,416
-9.10E-07,1.2,-9.10E-07,416
-9.09E-07,1.2,-9.09E-07,416
-9.08E-07,1.2,-9.08E-07,416
-9.07E-07,1.2,-9.07E-07,416
-9.06E-07,1.2,-9.06E-07,416
-9.05E-07,1.2,-9.05E-07,416
-9.04E-07,1.2,-9.04E-07,416
-9.03E-07,1.2,-9.03E-07,416
-9.02E-07,1.2,-9.02E-07,416
-9.01E-07,1.2,-9.01E-07,416
-9.00E-07,1.2,-9.00E-07,416
-8.99E-07,1.2,-8.99E-07,416
-8.98E-07,1.2,-8.98E-07,416
-8.97E-07,1.2,-8.97E-07,416
-8.96E-07,1.4,-8.96E-07,416
-8.95E-07,1.2,-8.95E-07,416
-8.94E-07,1.2,-8.94E-07,416
-8.93E-07,1.2,-8.93E-07,416
-8.92E-07,1.2,-8.92E-07,416
-8.91E-07,1.2,-8.91E-07,416
-8.90E-07,1.2,-8.90E-07,416
-8.89E-07,1.2,-8.89E-07,416
-8.88E-07,1.2,-8.88E-07,416
-8.87E-07,1.2,-8.87E-07,416
-8.86E-07,1.2,-8.86E-07,416
-8.85E-07,1,-8.85E-07,416
-8.84E-07,1.2,-8.84E-07,416
-8.83E-07,1.2,-8.83E-07,416
-8.82E-07,1.2,-8.82E-07,416
-8.81E-07,1.2,-8.81E-07,412
-8.80E-07,1.2,-8.80E-07,416
-8.79E-07,1.2,-8.79E-07,416
-8.78E-07,1.2,-8.78E-07,416
-8.77E-07,1.2,-8.77E-07,416
-8.76E-07,1.2,-8.76E-07,416
-8.75E-07,1.2,-8.75E-07,416
-8.74E-07,1.2,-8.74E-07,416
-8.73E-07,1.2,-8.73E-07,416
-8.72E-07,1.2,-8.72E-07,416
-8.71E-07,1.2,-8.71E-07,416
-8.70E-07,1.2,-8.70E-07,416
-8.69E-07,1.2,-8.69E-07,416
-8.68E-07,1.2,-8.68E-07,416
-8.67E-07,1.2,-8.67E-07,416
-8.66E-07,1.2,-8.66E-07,416
-8.65E-07,1.2,-8.65E-07,416
-8.64E-07,1.2,-8.64E-07,416
-8.63E-07,1.2,-8.63E-07,416
-8.62E-07,1.2,-8.62E-07,416
-8.61E-07,1.2,-8.61E-07,416
-8.60E-07,1.2,-8.60E-07,416
-8.59E-07,1.2,-8.59E-07,416
-8.58E-07,1.2,-8.58E-07,416
-8.57E-07,1.2,-8.57E-07,416
-8.56E-07,1.2,-8.56E-07,416
-8.55E-07,1.2,-8.55E-07,416
-8.54E-07,1.2,-8.54E-07,416
-8.53E-07,1.2,-8.53E-07,416
-8.52E-07,1.2,-8.52E-07,416
-8.51E-07,1.2,-8.51E-07,416
-8.50E-07,1.2,-8.50E-07,416
-8.49E-07,1.2,-8.49E-07,416
-8.48E-07,1.2,-8.48E-07,416
-8.47E-07,1.2,-8.47E-07,412
-8.46E-07,1.2,-8.46E-07,416
-8.45E-07,1.2,-8.45E-07,416
-8.44E-07,1.2,-8.44E-07,416
-8.43E-07,1.2,-8.43E-07,416
-8.42E-07,1.2,-8.42E-07,416
-8.41E-07,1.2,-8.41E-07,416
-8.40E-07,1.2,-8.40E-07,416
-8.39E-07,1.2,-8.39E-07,416
-8.38E-07,1.2,-8.38E-07,416
-8.37E-07,1.2,-8.37E-07,416
-8.36E-07,1.2,-8.36E-07,416
-8.35E-07,1.2,-8.35E-07,416
-8.34E-07,1.2,-8.34E-07,416
-8.33E-07,1.2,-8.33E-07,416
-8.32E-07,1.2,-8.32E-07,416
-8.31E-07,1.2,-8.31E-07,416
-8.30E-07,1.2,-8.30E-07,416
-8.29E-07,1.4,-8.29E-07,416
-8.28E-07,1.2,-8.28E-07,416
-8.27E-07,1.2,-8.27E-07,416
-8.26E-07,1.2,-8.26E-07,416
-8.25E-07,1.2,-8.25E-07,416
-8.24E-07,1.2,-8.24E-07,416
-8.23E-07,1.2,-8.23E-07,416
-8.22E-07,1.2,-8.22E-07,416
-8.21E-07,1.2,-8.21E-07,416
-8.20E-07,1.2,-8.20E-07,416
-8.19E-07,1.4,-8.19E-07,416
-8.18E-07,1.2,-8.18E-07,416
-8.17E-07,1.2,-8.17E-07,416
-8.16E-07,1.2,-8.16E-07,416
-8.15E-07,1.2,-8.15E-07,416
-8.14E-07,1.2,-8.14E-07,416
-8.13E-07,1.2,-8.13E-07,416
-8.12E-07,1.2,-8.12E-07,416
-8.11E-07,1.2,-8.11E-07,416
-8.10E-07,1.2,-8.10E-07,416
-8.09E-07,1.2,-8.09E-07,416
-8.08E-07,1.2,-8.08E-07,416
-8.07E-07,1.2,-8.07E-07,416
-8.06E-07,1.2,-8.06E-07,416
-8.05E-07,1.2,-8.05E-07,416
-8.04E-07,1.2,-8.04E-07,416
-8.03E-07,1.2,-8.03E-07,420
-8.02E-07,1.2,-8.02E-07,416
-8.01E-07,1.2,-8.01E-07,416
-8.00E-07,1.2,-8.00E-07,416
-7.99E-07,1.2,-7.99E-07,416
-7.98E-07,1.2,-7.98E-07,416
-7.97E-07,1.2,-7.97E-07,416
-7.96E-07,1.2,-7.96E-07,416
-7.95E-07,1.2,-7.95E-07,416
-7.94E-07,1.2,-7.94E-07,416
-7.93E-07,1.2,-7.93E-07,416
-7.92E-07,1.2,-7.92E-07,416
-7.91E-07,1.2,-7.91E-07,416
-7.90E-07,1.2,-7.90E-07,416
-7.89E-07,1.4,-7.89E-07,416
-7.88E-07,1.2,-7.88E-07,416
-7.87E-07,1.2,-7.87E-07,416
-7.86E-07,1.2,-7.86E-07,416
-7.85E-07,1.2,-7.85E-07,416
-7.84E-07,1.2,-7.84E-07,416
-7.83E-07,1.2,-7.83E-07,416
-7.82E-07,1.2,-7.82E-07,416
-7.81E-07,1.2,-7.81E-07,416
-7.80E-07,1.2,-7.80E-07,416
-7.79E-07,1.4,-7.79E-07,416
-7.78E-07,1.2,-7.78E-07,416
-7.77E-07,1.2,-7.77E-07,416
-7.76E-07,1.2,-7.76E-07,416
-7.75E-07,1.2,-7.75E-07,416
-7.74E-07,1.2,-7.74E-07,416
-7.73E-07,1.2,-7.73E-07,416
-7.72E-07,1.2,-7.72E-07,416
-7.71E-07,1.2,-7.71E-07,416
-7.70E-07,1.2,-7.70E-07,416
-7.69E-07,1.2,-7.69E-07,416
-7.68E-07,1.2,-7.68E-07,416
-7.67E-07,1.2,-7.67E-07,416
-7.66E-07,1.2,-7.66E-07,416
-7.65E-07,1.2,-7.65E-07,416
-7.64E-07,1.4,-7.64E-07,416
-7.63E-07,1.2,-7.63E-07,416
-7.62E-07,1.2,-7.62E-07,416
-7.61E-07,1.2,-7.61E-07,416
-7.60E-07,1.2,-7.60E-07,416
-7.59E-07,1.2,-7.59E-07,416
-7.58E-07,1.2,-7.58E-07,416
-7.57E-07,1.2,-7.57E-07,416
-7.56E-07,1.2,-7.56E-07,416
-7.55E-07,1.2,-7.55E-07,416
-7.54E-07,1.2,-7.54E-07,416
-7.53E-07,1.2,-7.53E-07,416
-7.52E-07,1.2,-7.52E-07,416
-7.51E-07,1.2,-7.51E-07,416
-7.50E-07,1.2,-7.50E-07,416
-7.49E-07,1.2,-7.49E-07,416
-7.48E-07,1.2,-7.48E-07,416
-7.47E-07,1.2,-7.47E-07,416
-7.46E-07,1.2,-7.46E-07,416
-7.45E-07,1.4,-7.45E-07,416
-7.44E-07,1.2,-7.44E-07,416
-7.43E-07,1.2,-7.43E-07,416
-7.42E-07,1.2,-7.42E-07,416
-7.41E-07,1.2,-7.41E-07,416
-7.40E-07,1.2,-7.40E-07,416
-7.39E-07,1.2,-7.39E-07,416
-7.38E-07,1.2,-7.38E-07,416
-7.37E-07,1.2,-7.37E-07,420
-7.36E-07,1.2,-7.36E-07,416
-7.35E-07,1.2,-7.35E-07,416
-7.34E-07,1.2,-7.34E-07,416
-7.33E-07,1.2,-7.33E-07,416
-7.32E-07,1.2,-7.32E-07,416
-7.31E-07,1.2,-7.31E-07,416
-7.30E-07,1.2,-7.30E-07,416
-7.29E-07,1.2,-7.29E-07,416
-7.28E-07,1.2,-7.28E-07,416
-7.27E-07,1.2,-7.27E-07,416
-7.26E-07,1.4,-7.26E-07,416
-7.25E-07,1.2,-7.25E-07,416
-7.24E-07,1.4,-7.24E-07,416
-7.23E-07,1.4,-7.23E-07,416
-7.22E-07,1.2,-7.22E-07,416
-7.21E-07,1.2,-7.21E-07,416
-7.20E-07,1.2,-7.20E-07,416
-7.19E-07,1.2,-7.19E-07,416
-7.18E-07,1.2,-7.18E-07,416
-7.17E-07,1.2,-7.17E-07,416
-7.16E-07,1.2,-7.16E-07,416
-7.15E-07,1.2,-7.15E-07,416
-7.14E-07,1.2,-7.14E-07,416
-7.13E-07,1.2,-7.13E-07,416
-7.12E-07,1.2,-7.12E-07,416
-7.11E-07,1.2,-7.11E-07,416
-7.10E-07,1.2,-7.10E-07,416
-7.09E-07,1.2,-7.09E-07,416
-7.08E-07,1.2,-7.08E-07,416
-7.07E-07,1.2,-7.07E-07,416
-7.06E-07,1.2,-7.06E-07,416
-7.05E-07,1.2,-7.05E-07,416
-7.04E-07,1.2,-7.04E-07,416
-7.03E-07,1.2,-7.03E-07,416
-7.02E-07,1.2,-7.02E-07,416
-7.01E-07,1.2,-7.01E-07,416
-7.00E-07,1.2,-7.00E-07,416
-6.99E-07,1.2,-6.99E-07,416
-6.98E-07,1.2,-6.98E-07,416
-6.97E-07,1.2,-6.97E-07,416
-6.96E-07,1.2,-6.96E-07,412
-6.95E-07,1.2,-6.95E-07,416
-6.94E-07,1.2,-6.94E-07,416
-6.93E-07,1.2,-6.93E-07,416
-6.92E-07,1.2,-6.92E-07,412
-6.91E-07,1.2,-6.91E-07,416
-6.90E-07,1.2,-6.90E-07,416
-6.89E-07,1.2,-6.89E-07,416
-6.88E-07,1.2,-6.88E-07,416
-6.87E-07,1.2,-6.87E-07,416
-6.86E-07,1.2,-6.86E-07,416
-6.85E-07,1.2,-6.85E-07,416
-6.84E-07,1.2,-6.84E-07,416
-6.83E-07,1.2,-6.83E-07,416
-6.82E-07,1.2,-6.82E-07,416
-6.81E-07,1.2,-6.81E-07,416
-6.80E-07,1.2,-6.80E-07,416
-6.79E-07,1.2,-6.79E-07,416
-6.78E-07,1.2,-6.78E-07,416
-6.77E-07,1.4,-6.77E-07,416
-6.76E-07,1.2,-6.76E-07,416
-6.75E-07,1.2,-6.75E-07,416
-6.74E-07,1.2,-6.74E-07,416
-6.73E-07,1.2,-6.73E-07,416
-6.72E-07,1.2,-6.72E-07,416
-6.71E-07,1.2,-6.71E-07,416
-6.70E-07,1.2,-6.70E-07,416
-6.69E-07,1.2,-6.69E-07,416
-6.68E-07,1.2,-6.68E-07,416
-6.67E-07,1.2,-6.67E-07,416
-6.66E-07,1.2,-6.66E-07,416
-6.65E-07,1.2,-6.65E-07,416
-6.64E-07,1.2,-6.64E-07,416
-6.63E-07,1.2,-6.63E-07,416
-6.62E-07,1.2,-6.62E-07,416
-6.61E-07,1.2,-6.61E-07,416
-6.60E-07,1.2,-6.60E-07,416
-6.59E-07,1.2,-6.59E-07,416
-6.58E-07,1.2,-6.58E-07,416
-6.57E-07,1.2,-6.57E-07,416
-6.56E-07,1.2,-6.56E-07,416
-6.55E-07,1.2,-6.55E-07,416
-6.54E-07,1.2,-6.54E-07,416
-6.53E-07,1.2,-6.53E-07,416
-6.52E-07,1.2,-6.52E-07,416
-6.51E-07,1.2,-6.51E-07,416
-6.50E-07,1.2,-6.50E-07,416
-6.49E-07,1.2,-6.49E-07,416
-6.48E-07,1.2,-6.48E-07,416
-6.47E-07,1.4,-6.47E-07,416
-6.46E-07,1.2,-6.46E-07,416
-6.45E-07,1.2,-6.45E-07,416
-6.44E-07,1.2,-6.44E-07,416
-6.43E-07,1.2,-6.43E-07,416
-6.42E-07,1.2,-6.42E-07,416
-6.41E-07,1.2,-6.41E-07,416
-6.40E-07,1.2,-6.40E-07,416
-6.39E-07,1.2,-6.39E-07,416
-6.38E-07,1.4,-6.38E-07,416
-6.37E-07,1.2,-6.37E-07,416
-6.36E-07,1.2,-6.36E-07,416
-6.35E-07,1.2,-6.35E-07,416
-6.34E-07,1.2,-6.34E-07,416
-6.33E-07,1.2,-6.33E-07,416
-6.32E-07,1.2,-6.32E-07,416
-6.31E-07,1.2,-6.31E-07,416
-6.30E-07,1.2,-6.30E-07,416
-6.29E-07,1.2,-6.29E-07,416
-6.28E-07,1.2,-6.28E-07,416
-6.27E-07,1.2,-6.27E-07,416
-6.26E-07,1.2,-6.26E-07,416
-6.25E-07,1.2,-6.25E-07,416
-6.24E-07,1.2,-6.24E-07,416
-6.23E-07,1.2,-6.23E-07,416
-6.22E-07,1.2,-6.22E-07,416
-6.21E-07,1.2,-6.21E-07,416
-6.20E-07,1.2,-6.20E-07,416
-6.19E-07,1.2,-6.19E-07,416
-6.18E-07,1.2,-6.18E-07,416
-6.17E-07,1.2,-6.17E-07,416
-6.16E-07,1.2,-6.16E-07,416
-6.15E-07,1.2,-6.15E-07,416
-6.14E-07,1.2,-6.14E-07,416
-6.13E-07,1.2,-6.13E-07,416
-6.12E-07,1.2,-6.12E-07,416
-6.11E-07,1.2,-6.11E-07,416
-6.10E-07,1.2,-6.10E-07,416
-6.09E-07,1.2,-6.09E-07,416
-6.08E-07,1.2,-6.08E-07,416
-6.07E-07,1.2,-6.07E-07,416
-6.06E-07,1.2,-6.06E-07,416
-6.05E-07,1.2,-6.05E-07,416
-6.04E-07,1.2,-6.04E-07,416
-6.03E-07,1.2,-6.03E-07,416
-6.02E-07,1.2,-6.02E-07,416
-6.01E-07,1.2,-6.01E-07,416
-6.00E-07,1.2,-6.00E-07,416
-5.99E-07,1.2,-5.99E-07,416
-5.98E-07,1.2,-5.98E-07,416
-5.97E-07,1.4,-5.97E-07,416
-5.96E-07,1.2,-5.96E-07,416
-5.95E-07,1.2,-5.95E-07,416
-5.94E-07,1.2,-5.94E-07,416
-5.93E-07,1.2,-5.93E-07,416
-5.92E-07,1.2,-5.92E-07,416
-5.91E-07,1.2,-5.91E-07,416
-5.90E-07,1.2,-5.90E-07,416
-5.89E-07,1.2,-5.89E-07,416
-5.88E-07,1.2,-5.88E-07,416
-5.87E-07,1.2,-5.87E-07,416
-5.86E-07,1.2,-5.86E-07,416
-5.85E-07,1.2,-5.85E-07,416
-5.84E-07,1.2,-5.84E-07,416
-5.83E-07,1.2,-5.83E-07,416
-5.82E-07,1.2,-5.82E-07,416
-5.81E-07,1.2,-5.81E-07,416
-5.80E-07,1.2,-5.80E-07,416
-5.79E-07,1.2,-5.79E-07,416
-5.78E-07,1.2,-5.78E-07,416
-5.77E-07,1.2,-5.77E-07,416
-5.76E-07,1.2,-5.76E-07,416
-5.75E-07,1.2,-5.75E-07,416
-5.74E-07,1.2,-5.74E-07,416
-5.73E-07,1.2,-5.73E-07,416
-5.72E-07,1.2,-5.72E-07,416
-5.71E-07,1.2,-5.71E-07,416
-5.70E-07,1.2,-5.70E-07,416
-5.69E-07,1.2,-5.69E-07,416
-5.68E-07,1.2,-5.68E-07,416
-5.67E-07,1.2,-5.67E-07,416
-5.66E-07,1.2,-5.66E-07,416
-5.65E-07,1.2,-5.65E-07,416
-5.64E-07,1.2,-5.64E-07,416
-5.63E-07,1.2,-5.63E-07,416
-5.62E-07,1.2,-5.62E-07,416
-5.61E-07,1.2,-5.61E-07,416
-5.60E-07,1.2,-5.60E-07,416
-5.59E-07,1.2,-5.59E-07,416
-5.58E-07,1.2,-5.58E-07,416
-5.57E-07,1.2,-5.57E-07,416
-5.56E-07,1.2,-5.56E-07,416
-5.55E-07,1.2,-5.55E-07,416
-5.54E-07,1.2,-5.54E-07,416
-5.53E-07,1.2,-5.53E-07,416
-5.52E-07,1.2,-5.52E-07,416
-5.51E-07,1.2,-5.51E-07,416
-5.50E-07,1.2,-5.50E-07,416
-5.49E-07,1.2,-5.49E-07,416
-5.48E-07,1.2,-5.48E-07,416
-5.47E-07,1.2,-5.47E-07,416
-5.46E-07,1.2,-5.46E-07,416
-5.45E-07,1.2,-5.45E-07,416
-5.44E-07,1.2,-5.44E-07,416
-5.43E-07,1.2,-5.43E-07,416
-5.42E-07,1.2,-5.42E-07,416
-5.41E-07,1.4,-5.41E-07,416
-5.40E-07,1.2,-5.40E-07,416
-5.39E-07,1.2,-5.39E-07,416
-5.38E-07,1.2,-5.38E-07,416
-5.37E-07,1.2,-5.37E-07,416
-5.36E-07,1.2,-5.36E-07,416
-5.35E-07,1.2,-5.35E-07,416
-5.34E-07,1.2,-5.34E-07,416
-5.33E-07,1.2,-5.33E-07,416
-5.32E-07,1.4,-5.32E-07,416
-5.31E-07,1.2,-5.31E-07,416
-5.30E-07,1.2,-5.30E-07,416
-5.29E-07,1.2,-5.29E-07,416
-5.28E-07,1.2,-5.28E-07,416
-5.27E-07,1.2,-5.27E-07,416
-5.26E-07,1.2,-5.26E-07,416
-5.25E-07,1.2,-5.25E-07,416
-5.24E-07,1.2,-5.24E-07,416
-5.23E-07,1.2,-5.23E-07,416
-5.22E-07,1.2,-5.22E-07,416
-5.21E-07,1.2,-5.21E-07,416
-5.20E-07,1,-5.20E-07,416
-5.19E-07,1.2,-5.19E-07,416
-5.18E-07,1.2,-5.18E-07,416
-5.17E-07,1.2,-5.17E-07,416
-5.16E-07,1.2,-5.16E-07,416
-5.15E-07,1.2,-5.15E-07,416
-5.14E-07,1.2,-5.14E-07,416
-5.13E-07,1.2,-5.13E-07,416
-5.12E-07,1.2,-5.12E-07,416
-5.11E-07,1.2,-5.11E-07,416
-5.10E-07,1.2,-5.10E-07,416
-5.09E-07,1.2,-5.09E-07,416
-5.08E-07,1.2,-5.08E-07,416
-5.07E-07,1.2,-5.07E-07,416
-5.06E-07,1.2,-5.06E-07,416
-5.05E-07,1.2,-5.05E-07,416
-5.04E-07,1.2,-5.04E-07,416
-5.03E-07,1.2,-5.03E-07,416
-5.02E-07,1.2,-5.02E-07,416
-5.01E-07,1.4,-5.01E-07,416
-5.00E-07,1.2,-5.00E-07,416
-4.99E-07,1.2,-4.99E-07,416
-4.98E-07,1.2,-4.98E-07,416
-4.97E-07,1.2,-4.97E-07,416
-4.96E-07,1.2,-4.96E-07,416
-4.95E-07,1.2,-4.95E-07,416
-4.94E-07,1.2,-4.94E-07,416
-4.93E-07,1.2,-4.93E-07,416
-4.92E-07,1.2,-4.92E-07,416
-4.91E-07,1.2,-4.91E-07,416
-4.90E-07,1.2,-4.90E-07,416
-4.89E-07,1.2,-4.89E-07,416
-4.88E-07,1.2,-4.88E-07,416
-4.87E-07,1.2,-4.87E-07,416
-4.86E-07,1.2,-4.86E-07,416
-4.85E-07,1.2,-4.85E-07,416
-4.84E-07,1.2,-4.84E-07,416
-4.83E-07,1.2,-4.83E-07,416
-4.82E-07,1.2,-4.82E-07,416
-4.81E-07,1.2,-4.81E-07,416
-4.80E-07,1.2,-4.80E-07,416
-4.79E-07,1.2,-4.79E-07,416
-4.78E-07,1.2,-4.78E-07,416
-4.77E-07,1.2,-4.77E-07,416
-4.76E-07,1.2,-4.76E-07,416
-4.75E-07,1.2,-4.75E-07,416
-4.74E-07,1.2,-4.74E-07,416
-4.73E-07,1.2,-4.73E-07,416
-4.72E-07,1.2,-4.72E-07,416
-4.71E-07,1.2,-4.71E-07,416
-4.70E-07,1.4,-4.70E-07,416
-4.69E-07,1.2,-4.69E-07,416
-4.68E-07,1.2,-4.68E-07,416
-4.67E-07,1.2,-4.67E-07,416
-4.66E-07,1.2,-4.66E-07,416
-4.65E-07,1.2,-4.65E-07,416
-4.64E-07,1.2,-4.64E-07,416
-4.63E-07,1.2,-4.63E-07,416
-4.62E-07,1.2,-4.62E-07,416
-4.61E-07,1.2,-4.61E-07,416
-4.60E-07,1.2,-4.60E-07,416
-4.59E-07,1.2,-4.59E-07,416
-4.58E-07,1.2,-4.58E-07,416
-4.57E-07,1.2,-4.57E-07,416
-4.56E-07,1.2,-4.56E-07,416
-4.55E-07,1.2,-4.55E-07,416
-4.54E-07,1.2,-4.54E-07,416
-4.53E-07,1.2,-4.53E-07,416
-4.52E-07,1.2,-4.52E-07,416
-4.51E-07,1.2,-4.51E-07,420
-4.50E-07,1.2,-4.50E-07,416
-4.49E-07,1.2,-4.49E-07,420
-4.48E-07,1.2,-4.48E-07,416
-4.47E-07,1.2,-4.47E-07,416
-4.46E-07,1.2,-4.46E-07,416
-4.45E-07,1.2,-4.45E-07,416
-4.44E-07,1.2,-4.44E-07,416
-4.43E-07,1.2,-4.43E-07,416
-4.42E-07,1.2,-4.42E-07,416
-4.41E-07,1.2,-4.41E-07,416
-4.40E-07,1.2,-4.40E-07,416
-4.39E-07,1.2,-4.39E-07,416
-4.38E-07,1.2,-4.38E-07,416
-4.37E-07,1.2,-4.37E-07,416
-4.36E-07,1.2,-4.36E-07,416
-4.35E-07,1.2,-4.35E-07,416
-4.34E-07,1.4,-4.34E-07,416
-4.33E-07,1.2,-4.33E-07,416
-4.32E-07,1.2,-4.32E-07,416
-4.31E-07,1.2,-4.31E-07,416
-4.30E-07,1.2,-4.30E-07,416
-4.29E-07,1.2,-4.29E-07,416
-4.28E-07,1.2,-4.28E-07,416
-4.27E-07,1.2,-4.27E-07,416
-4.26E-07,1.2,-4.26E-07,416
-4.25E-07,1.4,-4.25E-07,416
-4.24E-07,1.2,-4.24E-07,416
-4.23E-07,1.2,-4.23E-07,416
-4.22E-07,1.2,-4.22E-07,416
-4.21E-07,1.2,-4.21E-07,416
-4.20E-07,1.2,-4.20E-07,416
-4.19E-07,1.2,-4.19E-07,416
-4.18E-07,1.2,-4.18E-07,416
-4.17E-07,1.2,-4.17E-07,416
-4.16E-07,1.2,-4.16E-07,416
-4.15E-07,1.2,-4.15E-07,416
-4.14E-07,1.2,-4.14E-07,416
-4.13E-07,1.2,-4.13E-07,416
-4.12E-07,1.2,-4.12E-07,416
-4.11E-07,1.2,-4.11E-07,416
-4.10E-07,1.2,-4.10E-07,416
-4.09E-07,1.2,-4.09E-07,416
-4.08E-07,1.2,-4.08E-07,416
-4.07E-07,1.2,-4.07E-07,416
-4.06E-07,1.2,-4.06E-07,416
-4.05E-07,1.2,-4.05E-07,416
-4.04E-07,1.4,-4.04E-07,416
-4.03E-07,1.2,-4.03E-07,416
-4.02E-07,1.2,-4.02E-07,416
-4.01E-07,1.2,-4.01E-07,416
-4.00E-07,1.2,-4.00E-07,416
-3.99E-07,1.2,-3.99E-07,416
-3.98E-07,1.2,-3.98E-07,416
-3.97E-07,1.2,-3.97E-07,416
-3.96E-07,1.2,-3.96E-07,416
-3.95E-07,1.2,-3.95E-07,416
-3.94E-07,1.2,-3.94E-07,416
-3.93E-07,1.2,-3.93E-07,416
-3.92E-07,1.2,-3.92E-07,416
-3.91E-07,1.2,-3.91E-07,416
-3.90E-07,1.2,-3.90E-07,416
-3.89E-07,1.2,-3.89E-07,416
-3.88E-07,1.2,-3.88E-07,416
-3.87E-07,1.2,-3.87E-07,416
-3.86E-07,1.2,-3.86E-07,416
-3.85E-07,1.2,-3.85E-07,416
-3.84E-07,1.4,-3.84E-07,416
-3.83E-07,1.2,-3.83E-07,416
-3.82E-07,1.2,-3.82E-07,416
-3.81E-07,1.4,-3.81E-07,416
-3.80E-07,1.2,-3.80E-07,416
-3.79E-07,1.2,-3.79E-07,416
-3.78E-07,1.2,-3.78E-07,416
-3.77E-07,1.2,-3.77E-07,416
-3.76E-07,1.2,-3.76E-07,416
-3.75E-07,1.2,-3.75E-07,416
-3.74E-07,1.2,-3.74E-07,416
-3.73E-07,1.4,-3.73E-07,416
-3.72E-07,1.2,-3.72E-07,416
-3.71E-07,1.2,-3.71E-07,416
-3.70E-07,1.2,-3.70E-07,416
-3.69E-07,1.2,-3.69E-07,416
-3.68E-07,1.2,-3.68E-07,416
-3.67E-07,1.2,-3.67E-07,416
-3.66E-07,1.2,-3.66E-07,416
-3.65E-07,1.2,-3.65E-07,420
-3.64E-07,1.2,-3.64E-07,416
-3.63E-07,1.2,-3.63E-07,416
-3.62E-07,1.2,-3.62E-07,416
-3.61E-07,1.2,-3.61E-07,416
-3.60E-07,1.2,-3.60E-07,416
-3.59E-07,1.2,-3.59E-07,416
-3.58E-07,1.2,-3.58E-07,412
-3.57E-07,1.2,-3.57E-07,416
-3.56E-07,1.2,-3.56E-07,416
-3.55E-07,1.2,-3.55E-07,416
-3.54E-07,1.2,-3.54E-07,416
-3.53E-07,1.2,-3.53E-07,416
-3.52E-07,1.2,-3.52E-07,416
-3.51E-07,1.2,-3.51E-07,416
-3.50E-07,1.2,-3.50E-07,416
-3.49E-07,1.2,-3.49E-07,416
-3.48E-07,1.2,-3.48E-07,416
-3.47E-07,1.2,-3.47E-07,416
-3.46E-07,1.2,-3.46E-07,416
-3.45E-07,1.2,-3.45E-07,416
-3.44E-07,1.2,-3.44E-07,416
-3.43E-07,1.2,-3.43E-07,416
-3.42E-07,1.2,-3.42E-07,416
-3.41E-07,1.2,-3.41E-07,416
-3.40E-07,1.2,-3.40E-07,416
-3.39E-07,1.2,-3.39E-07,416
-3.38E-07,1.2,-3.38E-07,416
-3.37E-07,1.2,-3.37E-07,416
-3.36E-07,1.2,-3.36E-07,416
-3.35E-07,1.2,-3.35E-07,416
-3.34E-07,1.2,-3.34E-07,416
-3.33E-07,1.2,-3.33E-07,416
-3.32E-07,1.2,-3.32E-07,416
-3.31E-07,1.2,-3.31E-07,416
-3.30E-07,1.2,-3.30E-07,416
-3.29E-07,1.2,-3.29E-07,416
-3.28E-07,1.2,-3.28E-07,416
-3.27E-07,1.2,-3.27E-07,416
-3.26E-07,1.2,-3.26E-07,416
-3.25E-07,1.2,-3.25E-07,416
-3.24E-07,1.2,-3.24E-07,416
-3.23E-07,1.2,-3.23E-07,416
-3.22E-07,1.2,-3.22E-07,416
-3.21E-07,1.2,-3.21E-07,416
-3.20E-07,1.2,-3.20E-07,416
-3.19E-07,1.2,-3.19E-07,416
-3.18E-07,1.2,-3.18E-07,416
-3.17E-07,1.2,-3.17E-07,416
-3.16E-07,1.2,-3.16E-07,416
-3.15E-07,1.2,-3.15E-07,416
-3.14E-07,1.2,-3.14E-07,416
-3.13E-07,1.2,-3.13E-07,416
-3.12E-07,1.2,-3.12E-07,416
-3.11E-07,1.2,-3.11E-07,416
-3.10E-07,1.2,-3.10E-07,416
-3.09E-07,1.2,-3.09E-07,416
-3.08E-07,1.2,-3.08E-07,416
-3.07E-07,1.2,-3.07E-07,416
-3.06E-07,1.2,-3.06E-07,416
-3.05E-07,1.2,-3.05E-07,416
-3.04E-07,1.2,-3.04E-07,416
-3.03E-07,1.2,-3.03E-07,416
-3.02E-07,1.2,-3.02E-07,416
-3.01E-07,1.2,-3.01E-07,416
-3.00E-07,1.2,-3.00E-07,416
-2.99E-07,1.2,-2.99E-07,416
-2.98E-07,1.2,-2.98E-07,416
-2.97E-07,1.4,-2.97E-07,416
-2.96E-07,1.2,-2.96E-07,416
-2.95E-07,1.2,-2.95E-07,416
-2.94E-07,1.2,-2.94E-07,416
-2.93E-07,1.2,-2.93E-07,416
-2.92E-07,1.2,-2.92E-07,416
-2.91E-07,1.2,-2.91E-07,416
-2.90E-07,1.2,-2.90E-07,416
-2.89E-07,1.4,-2.89E-07,416
-2.88E-07,1.2,-2.88E-07,416
-2.87E-07,1.2,-2.87E-07,416
-2.86E-07,1.2,-2.86E-07,416
-2.85E-07,1.2,-2.85E-07,416
-2.84E-07,1.2,-2.84E-07,416
-2.83E-07,1.2,-2.83E-07,416
-2.82E-07,1.2,-2.82E-07,416
-2.81E-07,1.2,-2.81E-07,416
-2.80E-07,1.2,-2.80E-07,416
-2.79E-07,1.2,-2.79E-07,416
-2.78E-07,1.2,-2.78E-07,416
-2.77E-07,1.2,-2.77E-07,416
-2.76E-07,1.2,-2.76E-07,416
-2.75E-07,1.2,-2.75E-07,416
-2.74E-07,1.2,-2.74E-07,416
-2.73E-07,1.2,-2.73E-07,416
-2.72E-07,1.2,-2.72E-07,416
-2.71E-07,1.2,-2.71E-07,416
-2.70E-07,1.2,-2.70E-07,416
-2.69E-07,1.2,-2.69E-07,416
-2.68E-07,1.2,-2.68E-07,416
-2.67E-07,1.2,-2.67E-07,416
-2.66E-07,1.2,-2.66E-07,420
-2.65E-07,1.2,-2.65E-07,416
-2.64E-07,1.2,-2.64E-07,416
-2.63E-07,1.2,-2.63E-07,416
-2.62E-07,1.2,-2.62E-07,416
-2.61E-07,1.2,-2.61E-07,416
-2.60E-07,1.2,-2.60E-07,416
-2.59E-07,1.2,-2.59E-07,416
-2.58E-07,1.2,-2.58E-07,416
-2.57E-07,1.2,-2.57E-07,416
-2.56E-07,1.2,-2.56E-07,416
-2.55E-07,1.2,-2.55E-07,416
-2.54E-07,1.2,-2.54E-07,416
-2.53E-07,1.2,-2.53E-07,420
-2.52E-07,1.2,-2.52E-07,416
-2.51E-07,1.2,-2.51E-07,416
-2.50E-07,1.2,-2.50E-07,416
-2.49E-07,1.2,-2.49E-07,416
-2.48E-07,1.2,-2.48E-07,416
-2.47E-07,1.2,-2.47E-07,416
-2.46E-07,1.2,-2.46E-07,416
-2.45E-07,1.2,-2.45E-07,416
-2.44E-07,1.2,-2.44E-07,416
-2.43E-07,1.2,-2.43E-07,416
-2.42E-07,1.2,-2.42E-07,416
-2.41E-07,1.2,-2.41E-07,416
-2.40E-07,1.2,-2.40E-07,416
-2.39E-07,1.2,-2.39E-07,416
-2.38E-07,1.2,-2.38E-07,416
-2.37E-07,1.2,-2.37E-07,416
-2.36E-07,1.2,-2.36E-07,416
-2.35E-07,1.2,-2.35E-07,416
-2.34E-07,1.2,-2.34E-07,416
-2.33E-07,1.2,-2.33E-07,420
-2.32E-07,1.2,-2.32E-07,416
-2.31E-07,1.2,-2.31E-07,416
-2.30E-07,1.2,-2.30E-07,416
-2.29E-07,1.2,-2.29E-07,416
-2.28E-07,1.2,-2.28E-07,416
-2.27E-07,1.2,-2.27E-07,416
-2.26E-07,1.2,-2.26E-07,416
-2.25E-07,1.2,-2.25E-07,416
-2.24E-07,1.2,-2.24E-07,416
-2.23E-07,1.2,-2.23E-07,416
-2.22E-07,1.2,-2.22E-07,416
-2.21E-07,1.2,-2.21E-07,416
-2.20E-07,1.2,-2.20E-07,416
-2.19E-07,1.2,-2.19E-07,420
-2.18E-07,1.2,-2.18E-07,416
-2.17E-07,1.2,-2.17E-07,416
-2.16E-07,1.2,-2.16E-07,416
-2.15E-07,1.2,-2.15E-07,416
-2.14E-07,1.2,-2.14E-07,416
-2.13E-07,1.2,-2.13E-07,416
-2.12E-07,1.2,-2.12E-07,416
-2.11E-07,1.2,-2.11E-07,416
-2.10E-07,1.2,-2.10E-07,416
-2.09E-07,1.2,-2.09E-07,416
-2.08E-07,1.2,-2.08E-07,416
-2.07E-07,1.2,-2.07E-07,416
-2.06E-07,1.2,-2.06E-07,416
-2.05E-07,1.2,-2.05E-07,416
-2.04E-07,1.2,-2.04E-07,416
-2.03E-07,1.2,-2.03E-07,416
-2.02E-07,1.2,-2.02E-07,416
-2.01E-07,1.4,-2.01E-07,416
-2.00E-07,1.2,-2.00E-07,416
-1.99E-07,1.2,-1.99E-07,416
-1.98E-07,1.2,-1.98E-07,416
-1.97E-07,1.2,-1.97E-07,416
-1.96E-07,1.2,-1.96E-07,416
-1.95E-07,1.2,-1.95E-07,416
-1.94E-07,1.2,-1.94E-07,416
-1.93E-07,1.4,-1.93E-07,416
-1.92E-07,1.2,-1.92E-07,416
-1.91E-07,1.4,-1.91E-07,416
-1.90E-07,1.2,-1.90E-07,416
-1.89E-07,1.2,-1.89E-07,416
-1.88E-07,1.2,-1.88E-07,416
-1.87E-07,1.2,-1.87E-07,416
-1.86E-07,1.2,-1.86E-07,416
-1.85E-07,1.2,-1.85E-07,416
-1.84E-07,1.2,-1.84E-07,416
-1.83E-07,1.2,-1.83E-07,416
-1.82E-07,1.2,-1.82E-07,416
-1.81E-07,1.2,-1.81E-07,416
-1.80E-07,1.2,-1.80E-07,416
-1.79E-07,1.2,-1.79E-07,416
-1.78E-07,1.2,-1.78E-07,416
-1.77E-07,1.2,-1.77E-07,416
-1.76E-07,1.2,-1.76E-07,416
-1.75E-07,1.2,-1.75E-07,416
-1.74E-07,1.2,-1.74E-07,416
-1.73E-07,1.2,-1.73E-07,416
-1.72E-07,1.2,-1.72E-07,416
-1.71E-07,1.2,-1.71E-07,416
-1.70E-07,1.2,-1.70E-07,416
-1.69E-07,1.2,-1.69E-07,416
-1.68E-07,1.2,-1.68E-07,416
-1.67E-07,1.2,-1.67E-07,416
-1.66E-07,1.2,-1.66E-07,416
-1.65E-07,1.2,-1.65E-07,416
-1.64E-07,1.2,-1.64E-07,416
-1.63E-07,1.2,-1.63E-07,416
-1.62E-07,1.2,-1.62E-07,416
-1.61E-07,1.2,-1.61E-07,416
-1.60E-07,1.2,-1.60E-07,416
-1.59E-07,1.2,-1.59E-07,416
-1.58E-07,1.2,-1.58E-07,416
-1.57E-07,1.2,-1.57E-07,416
-1.56E-07,1.2,-1.56E-07,416
-1.55E-07,1.4,-1.55E-07,416
-1.54E-07,1.2,-1.54E-07,416
-1.53E-07,1.2,-1.53E-07,416
-1.52E-07,1.2,-1.52E-07,416
-1.51E-07,1.2,-1.51E-07,416
-1.50E-07,1.2,-1.50E-07,416
-1.49E-07,1.2,-1.49E-07,416
-1.48E-07,1.2,-1.48E-07,416
-1.47E-07,1.2,-1.47E-07,416
-1.46E-07,1.2,-1.46E-07,416
-1.45E-07,1.4,-1.45E-07,416
-1.44E-07,1.2,-1.44E-07,416
-1.43E-07,1.4,-1.43E-07,416
-1.42E-07,1.2,-1.42E-07,416
-1.41E-07,1.2,-1.41E-07,416
-1.40E-07,1.2,-1.40E-07,416
-1.39E-07,1.2,-1.39E-07,416
-1.38E-07,1.2,-1.38E-07,416
-1.37E-07,1.2,-1.37E-07,416
-1.36E-07,1.2,-1.36E-07,416
-1.35E-07,1.2,-1.35E-07,416
-1.34E-07,1.2,-1.34E-07,416
-1.33E-07,1.2,-1.33E-07,416
-1.32E-07,1.2,-1.32E-07,416
-1.31E-07,1.2,-1.31E-07,416
-1.30E-07,1.2,-1.30E-07,416
-1.29E-07,1.2,-1.29E-07,416
-1.28E-07,1.2,-1.28E-07,416
-1.27E-07,1.2,-1.27E-07,416
-1.26E-07,1.2,-1.26E-07,416
-1.25E-07,1.2,-1.25E-07,416
-1.24E-07,1.2,-1.24E-07,416
-1.23E-07,1.2,-1.23E-07,416
-1.22E-07,1.2,-1.22E-07,416
-1.21E-07,1.2,-1.21E-07,416
-1.20E-07,1.2,-1.20E-07,416
-1.19E-07,1.2,-1.19E-07,416
-1.18E-07,1.2,-1.18E-07,416
-1.17E-07,1.2,-1.17E-07,416
-1.16E-07,1.2,-1.16E-07,416
-1.15E-07,1.2,-1.15E-07,416
-1.14E-07,1.2,-1.14E-07,416
-1.13E-07,1.2,-1.13E-07,416
-1.12E-07,1.2,-1.12E-07,416
-1.11E-07,1.2,-1.11E-07,416
-1.10E-07,1.2,-1.10E-07,416
-1.09E-07,1.2,-1.09E-07,416
-1.08E-07,1.4,-1.08E-07,416
-1.07E-07,1.2,-1.07E-07,416
-1.06E-07,1.2,-1.06E-07,416
-1.05E-07,1.2,-1.05E-07,416
-1.04E-07,1.2,-1.04E-07,416
-1.03E-07,1.2,-1.03E-07,416
-1.02E-07,1.2,-1.02E-07,416
-1.01E-07,1.2,-1.01E-07,416
-1.00E-07,1.2,-1.00E-07,416
-9.90E-08,1.2,-9.90E-08,416
-9.80E-08,1.2,-9.80E-08,416
-9.70E-08,1.2,-9.70E-08,416
-9.60E-08,1.2,-9.60E-08,416
-9.50E-08,1.2,-9.50E-08,416
-9.40E-08,1.2,-9.40E-08,416
-9.30E-08,1.2,-9.30E-08,416
-9.20E-08,1.2,-9.20E-08,416
-9.10E-08,1.2,-9.10E-08,416
-9.00E-08,1.2,-9.00E-08,416
-8.90E-08,1.2,-8.90E-08,416
-8.80E-08,1.2,-8.80E-08,416
-8.70E-08,1.2,-8.70E-08,416
-8.60E-08,1.2,-8.60E-08,416
-8.50E-08,1.2,-8.50E-08,416
-8.40E-08,1.2,-8.40E-08,416
-8.30E-08,1.2,-8.30E-08,416
-8.20E-08,1.2,-8.20E-08,416
-8.10E-08,1.2,-8.10E-08,416
-8.00E-08,1.2,-8.00E-08,416
-7.90E-08,1.2,-7.90E-08,416
-7.80E-08,1.2,-7.80E-08,416
-7.70E-08,1.2,-7.70E-08,416
-7.60E-08,1.2,-7.60E-08,416
-7.50E-08,1.2,-7.50E-08,416
-7.40E-08,1.2,-7.40E-08,416
-7.30E-08,1.2,-7.30E-08,416
-7.20E-08,1.2,-7.20E-08,416
-7.10E-08,1.2,-7.10E-08,416
-7.00E-08,1.2,-7.00E-08,416
-6.90E-08,1.2,-6.90E-08,416
-6.80E-08,1.2,-6.80E-08,416
-6.70E-08,1.2,-6.70E-08,416
-6.60E-08,1.2,-6.60E-08,416
-6.50E-08,1.2,-6.50E-08,416
-6.40E-08,1.2,-6.40E-08,416
-6.30E-08,1.2,-6.30E-08,416
-6.20E-08,1,-6.20E-08,412
-6.10E-08,1.2,-6.10E-08,416
-6.00E-08,1.2,-6.00E-08,416
-5.90E-08,1.2,-5.90E-08,416
-5.80E-08,1.2,-5.80E-08,416
-5.70E-08,1.2,-5.70E-08,416
-5.60E-08,1.2,-5.60E-08,416
-5.50E-08,1.2,-5.50E-08,416
-5.40E-08,1.2,-5.40E-08,416
-5.30E-08,1.2,-5.30E-08,416
-5.20E-08,1.2,-5.20E-08,416
-5.10E-08,1.2,-5.10E-08,416
-5.00E-08,1.2,-5.00E-08,416
-4.90E-08,1.2,-4.90E-08,412
-4.80E-08,1.2,-4.80E-08,416
-4.70E-08,1.2,-4.70E-08,416
-4.60E-08,1.2,-4.60E-08,416
-4.50E-08,1.2,-4.50E-08,416
-4.40E-08,1.2,-4.40E-08,416
-4.30E-08,1.4,-4.30E-08,416
-4.20E-08,1.2,-4.20E-08,416
-4.10E-08,1.4,-4.10E-08,416
-4.00E-08,1.2,-4.00E-08,416
-3.90E-08,1.2,-3.90E-08,416
-3.80E-08,1.2,-3.80E-08,416
-3.70E-08,1.2,-3.70E-08,416
-3.60E-08,1.2,-3.60E-08,416
-3.50E-08,1.2,-3.50E-08,416
-3.40E-08,1.2,-3.40E-08,416
-3.30E-08,1.2,-3.30E-08,416
-3.20E-08,1.2,-3.20E-08,416
-3.10E-08,1.4,-3.10E-08,416
-3.00E-08,1.2,-3.00E-08,416
-2.90E-08,1.2,-2.90E-08,416
-2.80E-08,1.2,-2.80E-08,416
-2.70E-08,1.2,-2.70E-08,416
-2.60E-08,1.2,-2.60E-08,412
-2.50E-08,1.2,-2.50E-08,416
-2.40E-08,1.2,-2.40E-08,412
-2.30E-08,1.2,-2.30E-08,412
-2.20E-08,1.2,-2.20E-08,412
-2.10E-08,1.2,-2.10E-08,412
-2.00E-08,1.2,-2.00E-08,412
-1.90E-08,1,-1.90E-08,412
-1.80E-08,1.2,-1.80E-08,412
-1.70E-08,1,-1.70E-08,412
-1.60E-08,0.8,-1.60E-08,412
-1.50E-08,1,-1.50E-08,408
-1.40E-08,1,-1.40E-08,408
-1.30E-08,1,-1.30E-08,404
-1.20E-08,0.8,-1.20E-08,400
-1.10E-08,0.6,-1.10E-08,396
-1.00E-08,0.2,-1.00E-08,392
-9.00E-09,0,-9.00E-09,384
-8.00E-09,-0.2,-8.00E-09,380
-7.00E-09,-0.6,-7.00E-09,372
-6.00E-09,-1,-6.00E-09,368
-5.00E-09,-1.2,-5.00E-09,360
-4.00E-09,-1.2,-4.00E-09,356
-3.00E-09,-1.4,-3.00E-09,344
-2.00E-09,-1.2,-2.00E-09,340
-1.00E-09,-1.2,-1.00E-09,328
7.81E-15,-1.2,7.81E-15,320
1.00E-09,-1,1.00E-09,312
2.00E-09,-1.2,2.00E-09,304
3.00E-09,-1.2,3.00E-09,288
4.00E-09,-1.6,4.00E-09,280
5.00E-09,-2,5.00E-09,268
6.00E-09,-2.4,6.00E-09,260
7.00E-09,-2.8,7.00E-09,244
8.00E-09,-3.2,8.00E-09,236
9.00E-09,-3.6,9.00E-09,228
1.00E-08,-3.6,1.00E-08,212
1.10E-08,-3.8,1.10E-08,204
1.20E-08,-4,1.20E-08,192
1.30E-08,-4,1.30E-08,184
1.40E-08,-4.2,1.40E-08,172
1.50E-08,-4.4,1.50E-08,160
1.60E-08,-4.6,1.60E-08,148
1.70E-08,-4.8,1.70E-08,136
1.80E-08,-5,1.80E-08,128
1.90E-08,-5,1.90E-08,116
2.00E-08,-5.2,2.00E-08,104
2.10E-08,-5.4,2.10E-08,92
2.20E-08,-5.4,2.20E-08,84
2.30E-08,-6,2.30E-08,72
2.40E-08,-6,2.40E-08,64
2.50E-08,-6,2.50E-08,56
2.60E-08,-5.2,2.60E-08,48
2.70E-08,-4.4,2.70E-08,40
2.80E-08,-3.8,2.80E-08,36
2.90E-08,-3.6,2.90E-08,32
3.00E-08,-3.4,3.00E-08,28
3.10E-08,-3.2,3.10E-08,32
3.20E-08,-2.8,3.20E-08,32
3.30E-08,-2.6,3.30E-08,40
3.40E-08,-2.4,3.40E-08,48
3.50E-08,-2,3.50E-08,60
3.60E-08,-1.2,3.60E-08,72
3.70E-08,0.4,3.70E-08,92
3.80E-08,2,3.80E-08,108
3.90E-08,3,3.90E-08,128
4.00E-08,3.5,4.00E-08,140
4.10E-08,4.2,4.10E-08,148
4.20E-08,5,4.20E-08,156
4.30E-08,2.5,4.30E-08,156
4.40E-08,1.6,4.40E-08,152
4.50E-08,-0.5,4.50E-08,148
4.60E-08,-1,4.60E-08,140
4.70E-08,-1.2,4.70E-08,132
4.80E-08,-1.8,4.80E-08,128
4.90E-08,-1.5,4.90E-08,128
5.00E-08,-0.5,5.00E-08,124
5.10E-08,0,5.10E-08,124
5.20E-08,0.4,5.20E-08,120
5.30E-08,2,5.30E-08,116
5.40E-08,3,5.40E-08,108
5.50E-08,3.5,5.50E-08,96
5.60E-08,3.75,5.60E-08,84
5.70E-08,3.4,5.70E-08,72
5.80E-08,3,5.80E-08,56
5.90E-08,2,5.90E-08,44
6.00E-08,1,6.00E-08,32
6.10E-08,0,6.10E-08,24
6.20E-08,-0.8,6.20E-08,16
6.30E-08,-1,6.30E-08,12
6.40E-08,-1.2,6.40E-08,4
6.50E-08,-1.6,6.50E-08,-4
6.60E-08,-2.4,6.60E-08,-12
6.70E-08,-3,6.70E-08,-20
6.80E-08,-3.2,6.80E-08,-32
6.90E-08,-3,6.90E-08,-36
7.00E-08,-2.9,7.00E-08,-44
7.10E-08,-2.7,7.10E-08,-44
7.20E-08,-2.4,7.20E-08,-52
7.30E-08,-2.1,7.30E-08,-52
7.40E-08,-1.9,7.40E-08,-52
7.50E-08,-1.2,7.50E-08,-52
7.60E-08,-1.1,7.60E-08,-52
7.70E-08,-0.9,7.70E-08,-52
7.80E-08,-0.6,7.80E-08,-52
7.90E-08,-0.5,7.90E-08,-48
8.00E-08,-0.3,8.00E-08,-48
8.10E-08,-0.2,8.10E-08,-44
8.20E-08,-0.1,8.20E-08,-40
8.30E-08,0,8.30E-08,-32
8.40E-08,0.1,8.40E-08,-24
8.50E-08,0.4,8.50E-08,-16
8.60E-08,1.2,8.60E-08,-8
8.70E-08,1.6,8.70E-08,4
8.80E-08,2.2,8.80E-08,16
8.90E-08,2.4,8.90E-08,32
9.00E-08,2.6,9.00E-08,40
9.10E-08,2.6,9.10E-08,56
9.20E-08,3,9.20E-08,68
9.30E-08,3.6,9.30E-08,80
9.40E-08,4.4,9.40E-08,92
9.50E-08,5,9.50E-08,100
9.60E-08,5.6,9.60E-08,108
9.70E-08,6,9.70E-08,112
9.80E-08,6,9.80E-08,116
9.90E-08,5.8,9.90E-08,116
1.00E-07,5.2,1.00E-07,116
1.01E-07,4.6,1.01E-07,116
1.02E-07,4,1.02E-07,108
1.03E-07,3.4,1.03E-07,100
1.04E-07,2.8,1.04E-07,92
1.05E-07,2.6,1.05E-07,76
1.06E-07,2.4,1.06E-07,64
1.07E-07,2.2,1.07E-07,56
1.08E-07,1.8,1.08E-07,44
1.09E-07,1.6,1.09E-07,32
1.10E-07,1.2,1.10E-07,16
1.11E-07,1,1.11E-07,4
1.12E-07,0.6,1.12E-07,-8
1.13E-07,0,1.13E-07,-16
1.14E-07,-0.4,1.14E-07,-24
1.15E-07,-0.6,1.15E-07,-32
1.16E-07,-0.8,1.16E-07,-40
1.17E-07,-0.9,1.17E-07,-44
1.18E-07,-1,1.18E-07,-48
1.19E-07,-1.2,1.19E-07,-48
1.20E-07,-1.5,1.20E-07,-52
1.21E-07,-1.6,1.21E-07,-52
1.22E-07,-1.7,1.22E-07,-52
1.23E-07,-1.7,1.23E-07,-48
1.24E-07,-1.7,1.24E-07,-48
1.25E-07,-1.7,1.25E-07,-44
1.26E-07,-1.5,1.26E-07,-40
1.27E-07,-1.4,1.27E-07,-36
1.28E-07,-1.1,1.28E-07,-32
1.29E-07,-0.9,1.29E-07,-28
1.30E-07,-0.5,1.30E-07,-24
1.31E-07,-0.1,1.31E-07,-16
1.32E-07,0.2,1.32E-07,-12
1.33E-07,1,1.33E-07,-4
1.34E-07,1.6,1.34E-07,4
1.35E-07,2,1.35E-07,12
1.36E-07,2.8,1.36E-07,20
1.37E-07,3.2,1.37E-07,28
1.38E-07,3.4,1.38E-07,32
1.39E-07,3.8,1.39E-07,44
1.40E-07,4,1.40E-07,48
1.41E-07,4.2,1.41E-07,56
1.42E-07,4.2,1.42E-07,60
1.43E-07,4.4,1.43E-07,64
1.44E-07,4.2,1.44E-07,68
1.45E-07,4,1.45E-07,72
1.46E-07,3.6,1.46E-07,72
1.47E-07,3.2,1.47E-07,72
1.48E-07,2.8,1.48E-07,72
1.49E-07,2.4,1.49E-07,68
1.50E-07,2.2,1.50E-07,64
1.51E-07,1.8,1.51E-07,56
1.52E-07,1.6,1.52E-07,52
1.53E-07,1.4,1.53E-07,48
1.54E-07,1,1.54E-07,36
1.55E-07,1,1.55E-07,28
1.56E-07,0.8,1.56E-07,20
1.57E-07,0.6,1.57E-07,12
1.58E-07,0.4,1.58E-07,0
1.59E-07,0,1.59E-07,-8
1.60E-07,-0.2,1.60E-07,-16
1.61E-07,-0.3,1.61E-07,-24
1.62E-07,-0.35,1.62E-07,-32
1.63E-07,-0.4,1.63E-07,-36
1.64E-07,-0.5,1.64E-07,-44
1.65E-07,-0.6,1.65E-07,-48
1.66E-07,-0.8,1.66E-07,-52
1.67E-07,-1,1.67E-07,-48
1.68E-07,-1.1,1.68E-07,-48
1.69E-07,-1.1,1.69E-07,-48
1.70E-07,-1,1.70E-07,-48
1.71E-07,-0.9,1.71E-07,-44
1.72E-07,-0.8,1.72E-07,-40
1.73E-07,-0.7,1.73E-07,-36
1.74E-07,-0.6,1.74E-07,-32
1.75E-07,-0.5,1.75E-07,-28
1.76E-07,-0.35,1.76E-07,-20
1.77E-07,-0.1,1.77E-07,-16
1.78E-07,0,1.78E-07,-8
1.79E-07,0,1.79E-07,0
1.80E-07,0,1.80E-07,4
1.81E-07,0.6,1.81E-07,12
1.82E-07,0.8,1.82E-07,16
1.83E-07,1.2,1.83E-07,24
1.84E-07,1.4,1.84E-07,28
1.85E-07,1.8,1.85E-07,32
1.86E-07,2,1.86E-07,32
1.87E-07,2.4,1.87E-07,40
1.88E-07,2.4,1.88E-07,40
1.89E-07,2.8,1.89E-07,40
1.90E-07,2.8,1.90E-07,40
1.91E-07,3,1.91E-07,40
1.92E-07,3,1.92E-07,40
1.93E-07,3,1.93E-07,40
1.94E-07,3,1.94E-07,36
1.95E-07,3,1.95E-07,36
1.96E-07,2.6,1.96E-07,32
1.97E-07,2.2,1.97E-07,28
1.98E-07,2,1.98E-07,24
1.99E-07,1.6,1.99E-07,24
2.00E-07,1,2.00E-07,20
2.01E-07,0.6,2.01E-07,12
2.02E-07,0.2,2.02E-07,8
2.03E-07,-0.4,2.03E-07,4
2.04E-07,-0.8,2.04E-07,0
2.05E-07,-1.4,2.05E-07,-8
2.06E-07,-1.6,2.06E-07,-12
2.07E-07,-2,2.07E-07,-16
2.08E-07,-2.2,2.08E-07,-24
2.09E-07,-2.2,2.09E-07,-28
2.10E-07,-2.2,2.10E-07,-32
2.11E-07,-2.2,2.11E-07,-36
2.12E-07,-2.2,2.12E-07,-36
2.13E-07,-2,2.13E-07,-40
2.14E-07,-1.8,2.14E-07,-40
2.15E-07,-1.8,2.15E-07,-40
2.16E-07,-1.8,2.16E-07,-40
2.17E-07,-1.8,2.17E-07,-40
2.18E-07,-1.6,2.18E-07,-40
2.19E-07,-1.6,2.19E-07,-36
2.20E-07,-1.4,2.20E-07,-28
2.21E-07,-1.4,2.21E-07,-24
2.22E-07,-1.2,2.22E-07,-20
2.23E-07,-1,2.23E-07,-16
2.24E-07,-0.8,2.24E-07,-12
2.25E-07,-0.6,2.25E-07,-4
2.26E-07,-0.4,2.26E-07,0
2.27E-07,0,2.27E-07,8
2.28E-07,0,2.28E-07,12
2.29E-07,0.4,2.29E-07,16
2.30E-07,0.4,2.30E-07,16
2.31E-07,0.8,2.31E-07,24
2.32E-07,0.8,2.32E-07,24
2.33E-07,1.2,2.33E-07,28
2.34E-07,1.2,2.34E-07,28
2.35E-07,1.6,2.35E-07,28
2.36E-07,1.6,2.36E-07,28
2.37E-07,1.8,2.37E-07,28
2.38E-07,1.8,2.38E-07,24
2.39E-07,1.8,2.39E-07,24
2.40E-07,1.8,2.40E-07,20
2.41E-07,1.6,2.41E-07,20
2.42E-07,1.4,2.42E-07,16
2.43E-07,1.2,2.43E-07,16
2.44E-07,0.8,2.44E-07,12
2.45E-07,0.8,2.45E-07,8
2.46E-07,0.4,2.46E-07,4
2.47E-07,0.4,2.47E-07,4
2.48E-07,0,2.48E-07,0
2.49E-07,-0.2,2.49E-07,-4
2.50E-07,-0.4,2.50E-07,-8
2.51E-07,-0.6,2.51E-07,-8
2.52E-07,-0.8,2.52E-07,-12
2.53E-07,-0.8,2.53E-07,-16
2.54E-07,-1,2.54E-07,-16
2.55E-07,-1.2,2.55E-07,-20
2.56E-07,-1.2,2.56E-07,-20
2.57E-07,-1.4,2.57E-07,-20
2.58E-07,-1.4,2.58E-07,-24
2.59E-07,-1.4,2.59E-07,-20
2.60E-07,-1.4,2.60E-07,-24
2.61E-07,-1.4,2.61E-07,-24
2.62E-07,-1.4,2.62E-07,-24
2.63E-07,-1.2,2.63E-07,-20
2.64E-07,-1,2.64E-07,-16
2.65E-07,-0.8,2.65E-07,-16
2.66E-07,-0.8,2.66E-07,-12
2.67E-07,-0.4,2.67E-07,-12
2.68E-07,-0.2,2.68E-07,-12
2.69E-07,0.2,2.69E-07,-8
2.70E-07,0.4,2.70E-07,-8
2.71E-07,0.6,2.71E-07,0
2.72E-07,0.8,2.72E-07,0
2.73E-07,1,2.73E-07,4
2.74E-07,1,2.74E-07,4
2.75E-07,1.2,2.75E-07,12
2.76E-07,1.2,2.76E-07,12
2.77E-07,1.2,2.77E-07,16
2.78E-07,1.2,2.78E-07,16
2.79E-07,1.2,2.79E-07,20
2.80E-07,1.2,2.80E-07,20
2.81E-07,1.2,2.81E-07,20
2.82E-07,1.4,2.82E-07,20
2.83E-07,1.2,2.83E-07,20
2.84E-07,1.4,2.84E-07,20
2.85E-07,1.2,2.85E-07,20
2.86E-07,1.2,2.86E-07,20
2.87E-07,1.2,2.87E-07,20
2.88E-07,1,2.88E-07,16
2.89E-07,1,2.89E-07,12
2.90E-07,0.8,2.90E-07,12
2.91E-07,0.8,2.91E-07,8
2.92E-07,0.8,2.92E-07,4
2.93E-07,0.8,2.93E-07,4
2.94E-07,0.8,2.94E-07,0
2.95E-07,0.8,2.95E-07,0
2.96E-07,0.8,2.96E-07,-4
2.97E-07,0.8,2.97E-07,-4
2.98E-07,0.6,2.98E-07,-8
2.99E-07,0.4,2.99E-07,-8
3.00E-07,0,3.00E-07,-8
3.01E-07,0,3.01E-07,-8
3.02E-07,-0.4,3.02E-07,-8
3.03E-07,-0.4,3.03E-07,-8
3.04E-07,-0.6,3.04E-07,-12
3.05E-07,-0.8,3.05E-07,-8
3.06E-07,-0.8,3.06E-07,-12
3.07E-07,-0.6,3.07E-07,-8
3.08E-07,-0.6,3.08E-07,-8
3.09E-07,-0.4,3.09E-07,-8
3.10E-07,-0.4,3.10E-07,-8
3.11E-07,-0.2,3.11E-07,-4
3.12E-07,-0.2,3.12E-07,-8
3.13E-07,0,3.13E-07,-4
3.14E-07,0,3.14E-07,-4
3.15E-07,0.2,3.15E-07,-4
3.16E-07,0.4,3.16E-07,0
3.17E-07,0.6,3.17E-07,0
3.18E-07,0.8,3.18E-07,0
3.19E-07,1,3.19E-07,4
3.20E-07,1,3.20E-07,4
3.21E-07,1.2,3.21E-07,8
3.22E-07,1.2,3.22E-07,4
3.23E-07,1.2,3.23E-07,8
3.24E-07,1.2,3.24E-07,8
3.25E-07,1.2,3.25E-07,12
3.26E-07,1.2,3.26E-07,12
3.27E-07,1.2,3.27E-07,12
3.28E-07,1.2,3.28E-07,12
3.29E-07,1.2,3.29E-07,12
3.30E-07,1,3.30E-07,12
3.31E-07,1,3.31E-07,12
3.32E-07,1,3.32E-07,12
3.33E-07,1,3.33E-07,12
3.34E-07,0.8,3.34E-07,12
3.35E-07,0.8,3.35E-07,12
3.36E-07,0.8,3.36E-07,8
3.37E-07,0.8,3.37E-07,8
3.38E-07,0.8,3.38E-07,8
3.39E-07,0.8,3.39E-07,4
3.40E-07,0.6,3.40E-07,4
3.41E-07,0.8,3.41E-07,4
3.42E-07,0.6,3.42E-07,-4
3.43E-07,0.6,3.43E-07,0
3.44E-07,0.6,3.44E-07,0
3.45E-07,0.6,3.45E-07,-4
3.46E-07,0.4,3.46E-07,-4
3.47E-07,0.4,3.47E-07,-4
3.48E-07,0.4,3.48E-07,-4
3.49E-07,0.4,3.49E-07,-4
3.50E-07,0.4,3.50E-07,-4
3.51E-07,0.4,3.51E-07,-4
3.52E-07,0.4,3.52E-07,-4
3.53E-07,0.4,3.53E-07,-4
3.54E-07,0.6,3.54E-07,-4
3.55E-07,0.6,3.55E-07,-4
3.56E-07,0.6,3.56E-07,0
3.57E-07,0.6,3.57E-07,0
3.58E-07,0.6,3.58E-07,0
3.59E-07,0.8,3.59E-07,4
3.60E-07,0.6,3.60E-07,4
3.61E-07,0.8,3.61E-07,8
3.62E-07,0.8,3.62E-07,4
3.63E-07,1,3.63E-07,8
3.64E-07,1,3.64E-07,8
3.65E-07,1.2,3.65E-07,12
3.66E-07,1.2,3.66E-07,12
3.67E-07,1.4,3.67E-07,12
3.68E-07,1.4,3.68E-07,12
3.69E-07,1.6,3.69E-07,12
3.70E-07,1.4,3.70E-07,12
3.71E-07,1.6,3.71E-07,16
3.72E-07,1.4,3.72E-07,12
3.73E-07,1.6,3.73E-07,16
3.74E-07,1.4,3.74E-07,12
3.75E-07,1.6,3.75E-07,16
3.76E-07,1.6,3.76E-07,12
3.77E-07,1.6,3.77E-07,12
3.78E-07,1.6,3.78E-07,12
3.79E-07,1.6,3.79E-07,12
3.80E-07,1.4,3.80E-07,12
3.81E-07,1.4,3.81E-07,12
3.82E-07,1.4,3.82E-07,8
3.83E-07,1.4,3.83E-07,8
3.84E-07,1.2,3.84E-07,8
3.85E-07,1.2,3.85E-07,8
3.86E-07,1,3.86E-07,8
3.87E-07,1,3.87E-07,8
3.88E-07,0.8,3.88E-07,4
3.89E-07,0.8,3.89E-07,4
3.90E-07,0.8,3.90E-07,4
3.91E-07,0.8,3.91E-07,4
3.92E-07,0.8,3.92E-07,0
3.93E-07,1,3.93E-07,4
3.94E-07,1,3.94E-07,0
3.95E-07,1,3.95E-07,4
3.96E-07,1.2,3.96E-07,0
3.97E-07,1.2,3.97E-07,0
3.98E-07,1.2,3.98E-07,4
3.99E-07,1.2,3.99E-07,4
4.00E-07,1.2,4.00E-07,4
4.01E-07,1.2,4.01E-07,4
4.02E-07,1.2,4.02E-07,4
4.03E-07,1.2,4.03E-07,4
4.04E-07,1.2,4.04E-07,4
4.05E-07,1.2,4.05E-07,8
4.06E-07,1.2,4.06E-07,8
4.07E-07,1.4,4.07E-07,8
4.08E-07,1.2,4.08E-07,8
4.09E-07,1.4,4.09E-07,8
4.10E-07,1.4,4.10E-07,8
4.11E-07,1.4,4.11E-07,12
4.12E-07,1.4,4.12E-07,12
4.13E-07,1.4,4.13E-07,12
4.14E-07,1.4,4.14E-07,12
4.15E-07,1.4,4.15E-07,12
4.16E-07,1.4,4.16E-07,12
4.17E-07,1.4,4.17E-07,16
4.18E-07,1.4,4.18E-07,12
4.19E-07,1.4,4.19E-07,12
4.20E-07,1.4,4.20E-07,12
4.21E-07,1.4,4.21E-07,12
4.22E-07,1.4,4.22E-07,8
4.23E-07,1.4,4.23E-07,12
4.24E-07,1.4,4.24E-07,8
4.25E-07,1.2,4.25E-07,12
4.26E-07,1.2,4.26E-07,8
4.27E-07,1.2,4.27E-07,8
4.28E-07,1.2,4.28E-07,8
4.29E-07,1.2,4.29E-07,4
4.30E-07,1,4.30E-07,4
4.31E-07,1.2,4.31E-07,4
4.32E-07,1,4.32E-07,4
4.33E-07,1,4.33E-07,4
4.34E-07,1,4.34E-07,4
4.35E-07,1,4.35E-07,4
4.36E-07,1,4.36E-07,4
4.37E-07,1,4.37E-07,4
4.38E-07,1,4.38E-07,4
4.39E-07,1,4.39E-07,4
4.40E-07,1,4.40E-07,4
4.41E-07,1,4.41E-07,4
4.42E-07,1,4.42E-07,4
4.43E-07,1,4.43E-07,4
4.44E-07,1,4.44E-07,4
4.45E-07,1,4.45E-07,4
4.46E-07,1,4.46E-07,4
4.47E-07,1.2,4.47E-07,8
4.48E-07,1.2,4.48E-07,8
4.49E-07,1.2,4.49E-07,8
4.50E-07,1.2,4.50E-07,8
4.51E-07,1.2,4.51E-07,8
4.52E-07,1.4,4.52E-07,8
4.53E-07,1.4,4.53E-07,8
4.54E-07,1.4,4.54E-07,8
4.55E-07,1.4,4.55E-07,8
4.56E-07,1.4,4.56E-07,8
4.57E-07,1.4,4.57E-07,8
4.58E-07,1.4,4.58E-07,8
4.59E-07,1.4,4.59E-07,12
4.60E-07,1.4,4.60E-07,12
4.61E-07,1.4,4.61E-07,12
4.62E-07,1.6,4.62E-07,12
4.63E-07,1.6,4.63E-07,12
4.64E-07,1.6,4.64E-07,12
4.65E-07,1.6,4.65E-07,12
4.66E-07,1.4,4.66E-07,8
4.67E-07,1.6,4.67E-07,12
4.68E-07,1.4,4.68E-07,8
4.69E-07,1.4,4.69E-07,12
4.70E-07,1.4,4.70E-07,8
4.71E-07,1.4,4.71E-07,12
4.72E-07,1.4,4.72E-07,8
4.73E-07,1.4,4.73E-07,8
4.74E-07,1.2,4.74E-07,8
4.75E-07,1.4,4.75E-07,8
4.76E-07,1.4,4.76E-07,8
4.77E-07,1.2,4.77E-07,4
4.78E-07,1.4,4.78E-07,4
4.79E-07,1.2,4.79E-07,8
4.80E-07,1.4,4.80E-07,4
4.81E-07,1.2,4.81E-07,8
4.82E-07,1.2,4.82E-07,4
4.83E-07,1.2,4.83E-07,8
4.84E-07,1.4,4.84E-07,4
4.85E-07,1.4,4.85E-07,8
4.86E-07,1.2,4.86E-07,4
4.87E-07,1.2,4.87E-07,8
4.88E-07,1.2,4.88E-07,4
4.89E-07,1.2,4.89E-07,4
4.90E-07,1.2,4.90E-07,8
4.91E-07,1.4,4.91E-07,8
4.92E-07,1.4,4.92E-07,8
4.93E-07,1.4,4.93E-07,8
4.94E-07,1.4,4.94E-07,8
4.95E-07,1.4,4.95E-07,8
4.96E-07,1.4,4.96E-07,8
4.97E-07,1.4,4.97E-07,8
4.98E-07,1.6,4.98E-07,8
4.99E-07,1.6,4.99E-07,12
5.00E-07,1.6,5.00E-07,8
5.01E-07,1.6,5.01E-07,12
5.02E-07,1.6,5.02E-07,12
5.03E-07,1.6,5.03E-07,12
5.04E-07,1.6,5.04E-07,12
5.05E-07,1.6,5.05E-07,8
5.06E-07,1.6,5.06E-07,8
5.07E-07,1.6,5.07E-07,12
5.08E-07,1.4,5.08E-07,12
5.09E-07,1.6,5.09E-07,12
5.10E-07,1.4,5.10E-07,12
5.11E-07,1.4,5.11E-07,12
5.12E-07,1.4,5.12E-07,8
5.13E-07,1.4,5.13E-07,12
5.14E-07,1.2,5.14E-07,8
5.15E-07,1.4,5.15E-07,8
5.16E-07,1.4,5.16E-07,8
5.17E-07,1.4,5.17E-07,8
5.18E-07,1.4,5.18E-07,8
5.19E-07,1.4,5.19E-07,8
5.20E-07,1.2,5.20E-07,8
5.21E-07,1.2,5.21E-07,8
5.22E-07,1.2,5.22E-07,8
5.23E-07,1.2,5.23E-07,4
5.24E-07,1.4,5.24E-07,4
5.25E-07,1.2,5.25E-07,4
5.26E-07,1.2,5.26E-07,4
5.27E-07,1.2,5.27E-07,4
5.28E-07,1.2,5.28E-07,4
5.29E-07,1.2,5.29E-07,4
5.30E-07,1.2,5.30E-07,4
5.31E-07,1.2,5.31E-07,4
5.32E-07,1.2,5.32E-07,4
5.33E-07,1.2,5.33E-07,4
5.34E-07,1.2,5.34E-07,4
5.35E-07,1.2,5.35E-07,4
5.36E-07,1.2,5.36E-07,4
5.37E-07,1.4,5.37E-07,8
5.38E-07,1.4,5.38E-07,8
5.39E-07,1.4,5.39E-07,8
5.40E-07,1.4,5.40E-07,4
5.41E-07,1.4,5.41E-07,8
5.42E-07,1.4,5.42E-07,8
5.43E-07,1.4,5.43E-07,8
5.44E-07,1.6,5.44E-07,8
5.45E-07,1.6,5.45E-07,12
5.46E-07,1.6,5.46E-07,8
5.47E-07,1.6,5.47E-07,12
5.48E-07,1.4,5.48E-07,8
5.49E-07,1.6,5.49E-07,8
5.50E-07,1.4,5.50E-07,12
5.51E-07,1.6,5.51E-07,12
5.52E-07,1.6,5.52E-07,12
5.53E-07,1.6,5.53E-07,8
5.54E-07,1.6,5.54E-07,12
5.55E-07,1.6,5.55E-07,8
5.56E-07,1.6,5.56E-07,12
5.57E-07,1.6,5.57E-07,8
5.58E-07,1.6,5.58E-07,8
5.59E-07,1.6,5.59E-07,8
5.60E-07,1.6,5.60E-07,8
5.61E-07,1.6,5.61E-07,8
5.62E-07,1.6,5.62E-07,8
5.63E-07,1.4,5.63E-07,8
5.64E-07,1.6,5.64E-07,8
5.65E-07,1.6,5.65E-07,8
5.66E-07,1.4,5.66E-07,8
5.67E-07,1.6,5.67E-07,8
5.68E-07,1.4,5.68E-07,8
5.69E-07,1.6,5.69E-07,8
5.70E-07,1.4,5.70E-07,8
5.71E-07,1.6,5.71E-07,8
5.72E-07,1.4,5.72E-07,8
5.73E-07,1.4,5.73E-07,8
5.74E-07,1.4,5.74E-07,4
5.75E-07,1.4,5.75E-07,8
5.76E-07,1.4,5.76E-07,8
5.77E-07,1.4,5.77E-07,8
5.78E-07,1.4,5.78E-07,4
5.79E-07,1.4,5.79E-07,8
5.80E-07,1.6,5.80E-07,4
5.81E-07,1.6,5.81E-07,8
5.82E-07,1.4,5.82E-07,8
5.83E-07,1.6,5.83E-07,8
5.84E-07,1.6,5.84E-07,8
5.85E-07,1.6,5.85E-07,8
5.86E-07,1.6,5.86E-07,8
5.87E-07,1.6,5.87E-07,8
5.88E-07,1.4,5.88E-07,8
5.89E-07,1.6,5.89E-07,8
5.90E-07,1.6,5.90E-07,8
5.91E-07,1.6,5.91E-07,8
5.92E-07,1.6,5.92E-07,8
5.93E-07,1.6,5.93E-07,8
5.94E-07,1.6,5.94E-07,8
5.95E-07,1.6,5.95E-07,8
5.96E-07,1.4,5.96E-07,8
5.97E-07,1.6,5.97E-07,12
5.98E-07,1.4,5.98E-07,8
5.99E-07,1.6,5.99E-07,12
6.00E-07,1.6,6.00E-07,8
6.01E-07,1.6,6.01E-07,8
6.02E-07,1.4,6.02E-07,8
6.03E-07,1.4,6.03E-07,8
6.04E-07,1.2,6.04E-07,8
6.05E-07,1.4,6.05E-07,8
6.06E-07,1.4,6.06E-07,4
6.07E-07,1.4,6.07E-07,4
6.08E-07,1.4,6.08E-07,4
6.09E-07,1.2,6.09E-07,8
6.10E-07,1.2,6.10E-07,4
6.11E-07,1.2,6.11E-07,8
6.12E-07,1.2,6.12E-07,4
6.13E-07,1.2,6.13E-07,8
6.14E-07,1.2,6.14E-07,4
6.15E-07,1.2,6.15E-07,4
6.16E-07,1.2,6.16E-07,4
6.17E-07,1.2,6.17E-07,4
6.18E-07,1.2,6.18E-07,4
6.19E-07,1.2,6.19E-07,4
6.20E-07,1.2,6.20E-07,4
6.21E-07,1.2,6.21E-07,4
6.22E-07,1.2,6.22E-07,4
6.23E-07,1.2,6.23E-07,4
6.24E-07,1,6.24E-07,4
6.25E-07,1,6.25E-07,4
6.26E-07,1.2,6.26E-07,4
6.27E-07,1,6.27E-07,4
6.28E-07,1.2,6.28E-07,4
6.29E-07,1.2,6.29E-07,4
6.30E-07,1.2,6.30E-07,4
6.31E-07,1.2,6.31E-07,4
6.32E-07,1.2,6.32E-07,4
6.33E-07,1.2,6.33E-07,4
6.34E-07,1.2,6.34E-07,4
6.35E-07,1.2,6.35E-07,8
6.36E-07,1.2,6.36E-07,4
6.37E-07,1.2,6.37E-07,8
6.38E-07,1.2,6.38E-07,8
6.39E-07,1.2,6.39E-07,8
6.40E-07,1.4,6.40E-07,8
6.41E-07,1.4,6.41E-07,8
6.42E-07,1.2,6.42E-07,8
6.43E-07,1.2,6.43E-07,8
6.44E-07,1.2,6.44E-07,8
6.45E-07,1.2,6.45E-07,8
6.46E-07,1.2,6.46E-07,8
6.47E-07,1.2,6.47E-07,8
6.48E-07,1.2,6.48E-07,8
6.49E-07,1.2,6.49E-07,8
6.50E-07,1.2,6.50E-07,4
6.51E-07,1.2,6.51E-07,8
6.52E-07,1.2,6.52E-07,8
6.53E-07,1.2,6.53E-07,8
6.54E-07,1.2,6.54E-07,4
6.55E-07,1.2,6.55E-07,8
6.56E-07,1.2,6.56E-07,4
6.57E-07,1.2,6.57E-07,4
6.58E-07,1.2,6.58E-07,4
6.59E-07,1.2,6.59E-07,4
6.60E-07,1.2,6.60E-07,4
6.61E-07,1.2,6.61E-07,4
6.62E-07,1.2,6.62E-07,4
6.63E-07,1.2,6.63E-07,4
6.64E-07,1.2,6.64E-07,4
6.65E-07,1.2,6.65E-07,4
6.66E-07,1,6.66E-07,4
6.67E-07,1,6.67E-07,4
6.68E-07,1,6.68E-07,4
6.69E-07,1,6.69E-07,4
6.70E-07,1,6.70E-07,4
6.71E-07,1,6.71E-07,4
6.72E-07,1,6.72E-07,4
6.73E-07,1,6.73E-07,4
6.74E-07,1,6.74E-07,4
6.75E-07,1,6.75E-07,4
6.76E-07,1,6.76E-07,4
6.77E-07,1,6.77E-07,4
6.78E-07,1,6.78E-07,4
6.79E-07,1,6.79E-07,4
6.80E-07,1,6.80E-07,4
6.81E-07,1.2,6.81E-07,4
6.82E-07,1.2,6.82E-07,4
6.83E-07,1,6.83E-07,4
6.84E-07,1,6.84E-07,4
6.85E-07,1,6.85E-07,4
6.86E-07,1,6.86E-07,4
6.87E-07,1,6.87E-07,4
6.88E-07,1,6.88E-07,4
6.89E-07,1,6.89E-07,4
6.90E-07,1,6.90E-07,4
6.91E-07,1,6.91E-07,4
6.92E-07,1,6.92E-07,4
6.93E-07,1,6.93E-07,4
6.94E-07,1,6.94E-07,4
6.95E-07,1,6.95E-07,4
6.96E-07,1,6.96E-07,4
6.97E-07,1,6.97E-07,4
6.98E-07,1,6.98E-07,4
6.99E-07,1,6.99E-07,4
7.00E-07,1,7.00E-07,4
7.01E-07,1,7.01E-07,4
7.02E-07,0.8,7.02E-07,4
7.03E-07,0.8,7.03E-07,4
7.04E-07,0.8,7.04E-07,4
7.05E-07,0.8,7.05E-07,4
7.06E-07,0.8,7.06E-07,4
7.07E-07,0.8,7.07E-07,4
7.08E-07,0.8,7.08E-07,4
7.09E-07,0.8,7.09E-07,4
7.10E-07,0.8,7.10E-07,4
7.11E-07,0.8,7.11E-07,4
7.12E-07,0.8,7.12E-07,4
7.13E-07,0.8,7.13E-07,4
7.14E-07,0.8,7.14E-07,4
7.15E-07,1,7.15E-07,4
7.16E-07,0.8,7.16E-07,0
7.17E-07,0.8,7.17E-07,4
7.18E-07,0.8,7.18E-07,0
7.19E-07,0.8,7.19E-07,4
7.20E-07,0.8,7.20E-07,0
7.21E-07,0.8,7.21E-07,0
7.22E-07,0.8,7.22E-07,0
7.23E-07,0.8,7.23E-07,4
7.24E-07,0.8,7.24E-07,0
7.25E-07,0.8,7.25E-07,0
7.26E-07,0.8,7.26E-07,0
7.27E-07,1,7.27E-07,4
7.28E-07,0.8,7.28E-07,0
7.29E-07,1,7.29E-07,4
7.30E-07,0.8,7.30E-07,4
7.31E-07,1,7.31E-07,4
7.32E-07,1,7.32E-07,4
7.33E-07,1,7.33E-07,4
7.34E-07,1,7.34E-07,4
7.35E-07,1,7.35E-07,4
7.36E-07,1,7.36E-07,4
7.37E-07,1.2,7.37E-07,4
7.38E-07,1,7.38E-07,4
7.39E-07,1,7.39E-07,4
7.40E-07,1,7.40E-07,4
7.41E-07,1,7.41E-07,4
7.42E-07,1,7.42E-07,4
7.43E-07,1.2,7.43E-07,4
7.44E-07,1,7.44E-07,4
7.45E-07,1,7.45E-07,4
7.46E-07,1,7.46E-07,4
7.47E-07,1,7.47E-07,4
7.48E-07,1,7.48E-07,4
7.49E-07,1,7.49E-07,8
7.50E-07,1,7.50E-07,4
7.51E-07,1.2,7.51E-07,4
7.52E-07,1.2,7.52E-07,4
7.53E-07,1.2,7.53E-07,4
7.54E-07,1.2,7.54E-07,4
7.55E-07,1.2,7.55E-07,4
7.56E-07,1.2,7.56E-07,4
7.57E-07,1,7.57E-07,4
7.58E-07,1.2,7.58E-07,4
7.59E-07,1,7.59E-07,4
7.60E-07,1,7.60E-07,4
7.61E-07,1.2,7.61E-07,4
7.62E-07,1,7.62E-07,4
7.63E-07,1.2,7.63E-07,4
7.64E-07,1.2,7.64E-07,4
7.65E-07,1.2,7.65E-07,4
7.66E-07,1.2,7.66E-07,4
7.67E-07,1.2,7.67E-07,4
7.68E-07,1.2,7.68E-07,4
7.69E-07,1.2,7.69E-07,4
7.70E-07,1,7.70E-07,4
7.71E-07,1.2,7.71E-07,4
7.72E-07,1,7.72E-07,4
7.73E-07,1.2,7.73E-07,4
7.74E-07,1.2,7.74E-07,4
7.75E-07,1.2,7.75E-07,4
7.76E-07,1,7.76E-07,4
7.77E-07,1.2,7.77E-07,4
7.78E-07,1,7.78E-07,4
7.79E-07,1.2,7.79E-07,4
7.80E-07,1.2,7.80E-07,4
7.81E-07,1.2,7.81E-07,4
7.82E-07,1.2,7.82E-07,4
7.83E-07,1.2,7.83E-07,4
7.84E-07,1.2,7.84E-07,4
7.85E-07,1.2,7.85E-07,4
7.86E-07,1.2,7.86E-07,4
7.87E-07,1.2,7.87E-07,4
7.88E-07,1.2,7.88E-07,4
7.89E-07,1.2,7.89E-07,4
7.90E-07,1.2,7.90E-07,4
7.91E-07,1.2,7.91E-07,4
7.92E-07,1.2,7.92E-07,4
7.93E-07,1.2,7.93E-07,4
7.94E-07,1.2,7.94E-07,4
7.95E-07,1.2,7.95E-07,4
7.96E-07,1.2,7.96E-07,4
7.97E-07,1.2,7.97E-07,4
7.98E-07,1.2,7.98E-07,4
7.99E-07,1.2,7.99E-07,4
8.00E-07,1.2,8.00E-07,4
8.01E-07,1.2,8.01E-07,4
8.02E-07,1.2,8.02E-07,4
8.03E-07,1.2,8.03E-07,4
8.04E-07,1.2,8.04E-07,4
8.05E-07,1.2,8.05E-07,4
8.06E-07,1.2,8.06E-07,4
8.07E-07,1.2,8.07E-07,4
8.08E-07,1.2,8.08E-07,4
8.09E-07,1.2,8.09E-07,4
8.10E-07,1.2,8.10E-07,4
8.11E-07,1.2,8.11E-07,4
8.12E-07,1.2,8.12E-07,4
8.13E-07,1.2,8.13E-07,4
8.14E-07,1.2,8.14E-07,4
8.15E-07,1.4,8.15E-07,4
8.16E-07,1.2,8.16E-07,4
8.17E-07,1.2,8.17E-07,4
8.18E-07,1.2,8.18E-07,4
8.19E-07,1.4,8.19E-07,4
8.20E-07,1.2,8.20E-07,4
8.21E-07,1.2,8.21E-07,4
8.22E-07,1.2,8.22E-07,4
8.23E-07,1.2,8.23E-07,4
8.24E-07,1.2,8.24E-07,4
8.25E-07,1.4,8.25E-07,4
8.26E-07,1.4,8.26E-07,4
8.27E-07,1.4,8.27E-07,4
8.28E-07,1.2,8.28E-07,4
8.29E-07,1.4,8.29E-07,4
8.30E-07,1.2,8.30E-07,4
8.31E-07,1.4,8.31E-07,4
8.32E-07,1.4,8.32E-07,4
8.33E-07,1.4,8.33E-07,8
8.34E-07,1.4,8.34E-07,4
8.35E-07,1.4,8.35E-07,4
8.36E-07,1.4,8.36E-07,4
8.37E-07,1.4,8.37E-07,4
8.38E-07,1.4,8.38E-07,4
8.39E-07,1.4,8.39E-07,4
8.40E-07,1.4,8.40E-07,4
8.41E-07,1.4,8.41E-07,8
8.42E-07,1.4,8.42E-07,4
8.43E-07,1.4,8.43E-07,8
8.44E-07,1.4,8.44E-07,4
8.45E-07,1.4,8.45E-07,4
8.46E-07,1.4,8.46E-07,4
8.47E-07,1.4,8.47E-07,8
8.48E-07,1.4,8.48E-07,4
8.49E-07,1.4,8.49E-07,8
8.50E-07,1.4,8.50E-07,4
8.51E-07,1.4,8.51E-07,8
8.52E-07,1.4,8.52E-07,4
8.53E-07,1.4,8.53E-07,8
8.54E-07,1.4,8.54E-07,4
8.55E-07,1.4,8.55E-07,4
8.56E-07,1.4,8.56E-07,4
8.57E-07,1.4,8.57E-07,4
8.58E-07,1.4,8.58E-07,4
8.59E-07,1.4,8.59E-07,8
8.60E-07,1.4,8.60E-07,4
8.61E-07,1.4,8.61E-07,8
8.62E-07,1.4,8.62E-07,4
8.63E-07,1.4,8.63E-07,4
8.64E-07,1.4,8.64E-07,4
8.65E-07,1.4,8.65E-07,8
8.66E-07,1.4,8.66E-07,4
8.67E-07,1.4,8.67E-07,4
8.68E-07,1.4,8.68E-07,4
8.69E-07,1.4,8.69E-07,4
8.70E-07,1.4,8.70E-07,4
8.71E-07,1.4,8.71E-07,4
8.72E-07,1.4,8.72E-07,4
8.73E-07,1.4,8.73E-07,4
8.74E-07,1.4,8.74E-07,4
8.75E-07,1.4,8.75E-07,4
8.76E-07,1.4,8.76E-07,4
8.77E-07,1.4,8.77E-07,4
8.78E-07,1.4,8.78E-07,4
8.79E-07,1.4,8.79E-07,4
8.80E-07,1.4,8.80E-07,4
8.81E-07,1.6,8.81E-07,4
8.82E-07,1.4,8.82E-07,4
8.83E-07,1.4,8.83E-07,4
8.84E-07,1.4,8.84E-07,4
8.85E-07,1.6,8.85E-07,4
8.86E-07,1.6,8.86E-07,4
8.87E-07,1.4,8.87E-07,4
8.88E-07,1.4,8.88E-07,4
8.89E-07,1.4,8.89E-07,4
8.90E-07,1.4,8.90E-07,4
8.91E-07,1.4,8.91E-07,4
8.92E-07,1.4,8.92E-07,4
8.93E-07,1.4,8.93E-07,8
8.94E-07,1.4,8.94E-07,4
8.95E-07,1.4,8.95E-07,4
8.96E-07,1.4,8.96E-07,4
8.97E-07,1.6,8.97E-07,8
8.98E-07,1.4,8.98E-07,4
8.99E-07,1.4,8.99E-07,8
9.00E-07,1.4,9.00E-07,8
9.01E-07,1.4,9.01E-07,4
9.02E-07,1.4,9.02E-07,4
9.03E-07,1.4,9.03E-07,4
9.04E-07,1.4,9.04E-07,4
9.05E-07,1.4,9.05E-07,4
9.06E-07,1.4,9.06E-07,4
9.07E-07,1.4,9.07E-07,8
9.08E-07,1.4,9.08E-07,4
9.09E-07,1.4,9.09E-07,8
9.10E-07,1.4,9.10E-07,4
9.11E-07,1.4,9.11E-07,4
9.12E-07,1.4,9.12E-07,4
9.13E-07,1.4,9.13E-07,4
9.14E-07,1.4,9.14E-07,4
9.15E-07,1.4,9.15E-07,4
9.16E-07,1.4,9.16E-07,4
9.17E-07,1.4,9.17E-07,4
9.18E-07,1.4,9.18E-07,4
9.19E-07,1.4,9.19E-07,4
9.20E-07,1.4,9.20E-07,4
9.21E-07,1.4,9.21E-07,4
9.22E-07,1.4,9.22E-07,4
9.23E-07,1.4,9.23E-07,4
9.24E-07,1.4,9.24E-07,4
9.25E-07,1.4,9.25E-07,4
9.26E-07,1.4,9.26E-07,4
9.27E-07,1.4,9.27E-07,4
9.28E-07,1.4,9.28E-07,4
9.29E-07,1.6,9.29E-07,4
9.30E-07,1.4,9.30E-07,4
9.31E-07,1.6,9.31E-07,4
9.32E-07,1.4,9.32E-07,4
9.33E-07,1.6,9.33E-07,8
9.34E-07,1.4,9.34E-07,4
9.35E-07,1.6,9.35E-07,4
9.36E-07,1.4,9.36E-07,4
9.37E-07,1.6,9.37E-07,8
9.38E-07,1.6,9.38E-07,4
9.39E-07,1.6,9.39E-07,8
9.40E-07,1.6,9.40E-07,4
9.41E-07,1.6,9.41E-07,8
9.42E-07,1.6,9.42E-07,4
9.43E-07,1.6,9.43E-07,8
9.44E-07,1.6,9.44E-07,4
9.45E-07,1.6,9.45E-07,8
9.46E-07,1.4,9.46E-07,4
9.47E-07,1.4,9.47E-07,8
9.48E-07,1.4,9.48E-07,4
9.49E-07,1.6,9.49E-07,4
9.50E-07,1.4,9.50E-07,8
9.51E-07,1.6,9.51E-07,4
9.52E-07,1.4,9.52E-07,4
9.53E-07,1.6,9.53E-07,4
9.54E-07,1.4,9.54E-07,4
9.55E-07,1.6,9.55E-07,4
9.56E-07,1.4,9.56E-07,4
9.57E-07,1.6,9.57E-07,4
9.58E-07,1.4,9.58E-07,4
9.59E-07,1.4,9.59E-07,4
9.60E-07,1.4,9.60E-07,4
9.61E-07,1.6,9.61E-07,4
9.62E-07,1.4,9.62E-07,4
9.63E-07,1.6,9.63E-07,4
9.64E-07,1.4,9.64E-07,4
9.65E-07,1.6,9.65E-07,4
9.66E-07,1.4,9.66E-07,4
9.67E-07,1.4,9.67E-07,4
9.68E-07,1.4,9.68E-07,4
9.69E-07,1.4,9.69E-07,4
9.70E-07,1.4,9.70E-07,4
9.71E-07,1.4,9.71E-07,4
9.72E-07,1.4,9.72E-07,4
9.73E-07,1.4,9.73E-07,4
9.74E-07,1.4,9.74E-07,4
9.75E-07,1.4,9.75E-07,4
9.76E-07,1.4,9.76E-07,4
9.77E-07,1.4,9.77E-07,4
9.78E-07,1.2,9.78E-07,4
9.79E-07,1.4,9.79E-07,4
9.80E-07,1.4,9.80E-07,4
9.81E-07,1.4,9.81E-07,8
9.82E-07,1.4,9.82E-07,4
9.83E-07,1.4,9.83E-07,8
9.84E-07,1.4,9.84E-07,4
9.85E-07,1.4,9.85E-07,8
9.86E-07,1.4,9.86E-07,4
9.87E-07,1.4,9.87E-07,8
9.88E-07,1.2,9.88E-07,4
9.89E-07,1.4,9.89E-07,8
9.90E-07,1.4,9.90E-07,4
9.91E-07,1.4,9.91E-07,8
9.92E-07,1.4,9.92E-07,4
9.93E-07,1.4,9.93E-07,4
9.94E-07,1.4,9.94E-07,4
9.95E-07,1.4,9.95E-07,4
9.96E-07,1.4,9.96E-07,4
9.97E-07,1.4,9.97E-07,8
9.98E-07,1.4,9.98E-07,4
9.99E-07,1.4,9.99E-07,4
1.00E-06,1.2,1.00E-06,4
1.00E-06,1.4,1.00E-06,4
1.00E-06,1.4,1.00E-06,4
1.00E-06,1.4,1.00E-06,4
1.00E-06,1.2,1.00E-06,4
1.01E-06,1.2,1.01E-06,4
1.01E-06,1.2,1.01E-06,4
1.01E-06,1.4,1.01E-06,4
1.01E-06,1.4,1.01E-06,4
1.01E-06,1.4,1.01E-06,4
1.01E-06,1.4,1.01E-06,4
1.01E-06,1.4,1.01E-06,4
1.01E-06,1.4,1.01E-06,4
1.01E-06,1.2,1.01E-06,4
1.01E-06,1.2,1.01E-06,4
1.02E-06,1.2,1.02E-06,4
1.02E-06,1.2,1.02E-06,4
1.02E-06,1.4,1.02E-06,4
1.02E-06,1.2,1.02E-06,4
1.02E-06,1.4,1.02E-06,8
1.02E-06,1.2,1.02E-06,4
1.02E-06,1.4,1.02E-06,4
1.02E-06,1.4,1.02E-06,4
1.02E-06,1.4,1.02E-06,4
1.02E-06,1.2,1.02E-06,4
1.03E-06,1.4,1.03E-06,4
1.03E-06,1.2,1.03E-06,4
1.03E-06,1.4,1.03E-06,4
1.03E-06,1.2,1.03E-06,4
1.03E-06,1.2,1.03E-06,4
1.03E-06,1.2,1.03E-06,4
1.03E-06,1.4,1.03E-06,4
1.03E-06,1.2,1.03E-06,4
1.03E-06,1.4,1.03E-06,4
1.03E-06,1.4,1.03E-06,4
1.04E-06,1.4,1.04E-06,4
1.04E-06,1.2,1.04E-06,4
1.04E-06,1.4,1.04E-06,4
1.04E-06,1.2,1.04E-06,4
1.04E-06,1.2,1.04E-06,4
1.04E-06,1.2,1.04E-06,4
1.04E-06,1.2,1.04E-06,4
1.04E-06,1.2,1.04E-06,4
1.04E-06,1.4,1.04E-06,4
1.04E-06,1.2,1.04E-06,4
1.05E-06,1.4,1.05E-06,4
1.05E-06,1.2,1.05E-06,4
1.05E-06,1.4,1.05E-06,4
1.05E-06,1.2,1.05E-06,4
1.05E-06,1.2,1.05E-06,4
1.05E-06,1.2,1.05E-06,4
1.05E-06,1.2,1.05E-06,4
1.05E-06,1.2,1.05E-06,4
1.05E-06,1.2,1.05E-06,4
1.05E-06,1.2,1.05E-06,4
1.06E-06,1.2,1.06E-06,4
1.06E-06,1.2,1.06E-06,4
1.06E-06,1.2,1.06E-06,4
1.06E-06,1.2,1.06E-06,4
1.06E-06,1.2,1.06E-06,4
1.06E-06,1.2,1.06E-06,4
1.06E-06,1.2,1.06E-06,4
1.06E-06,1.2,1.06E-06,4
1.06E-06,1.2,1.06E-06,4
1.06E-06,1.2,1.06E-06,4
1.07E-06,1.2,1.07E-06,4
1.07E-06,1.2,1.07E-06,4
1.07E-06,1.2,1.07E-06,4
1.07E-06,1.2,1.07E-06,4
1.07E-06,1.2,1.07E-06,4
1.07E-06,1.2,1.07E-06,4
1.07E-06,1.2,1.07E-06,4
1.07E-06,1.2,1.07E-06,4
1.07E-06,1.2,1.07E-06,4
1.07E-06,1.2,1.07E-06,4
1.08E-06,1.4,1.08E-06,4
1.08E-06,1.2,1.08E-06,4
1.08E-06,1.4,1.08E-06,4
1.08E-06,1.2,1.08E-06,4
1.08E-06,1.2,1.08E-06,4
1.08E-06,1.2,1.08E-06,4
1.08E-06,1.2,1.08E-06,4
1.08E-06,1.2,1.08E-06,4
1.08E-06,1.2,1.08E-06,4
1.08E-06,1.2,1.08E-06,4
1.09E-06,1.2,1.09E-06,4
1.09E-06,1.2,1.09E-06,4
1.09E-06,1.2,1.09E-06,4
1.09E-06,1.2,1.09E-06,4
1.09E-06,1.2,1.09E-06,4
1.09E-06,1.2,1.09E-06,4
1.09E-06,1.2,1.09E-06,4
1.09E-06,1.2,1.09E-06,4
1.09E-06,1.2,1.09E-06,4
1.09E-06,1.2,1.09E-06,4
1.10E-06,1.2,1.10E-06,4
1.10E-06,1.2,1.10E-06,4
1.10E-06,1.2,1.10E-06,4
1.10E-06,1.2,1.10E-06,4
1.10E-06,1.2,1.10E-06,4
1.10E-06,1.2,1.10E-06,4
1.10E-06,1.4,1.10E-06,4
1.10E-06,1.2,1.10E-06,4
1.10E-06,1.2,1.10E-06,4
1.10E-06,1.2,1.10E-06,4
1.11E-06,1.2,1.11E-06,4
1.11E-06,1.2,1.11E-06,4
1.11E-06,1.2,1.11E-06,4
1.11E-06,1.2,1.11E-06,4
1.11E-06,1.2,1.11E-06,4
1.11E-06,1.2,1.11E-06,4
1.11E-06,1.2,1.11E-06,4
1.11E-06,1.2,1.11E-06,4
1.11E-06,1.2,1.11E-06,4
1.11E-06,1.2,1.11E-06,4
1.12E-06,1.2,1.12E-06,4
1.12E-06,1.2,1.12E-06,4
1.12E-06,1.4,1.12E-06,4
1.12E-06,1.2,1.12E-06,4
1.12E-06,1.2,1.12E-06,4
1.12E-06,1.2,1.12E-06,4
1.12E-06,1.2,1.12E-06,4
1.12E-06,1.2,1.12E-06,4
1.12E-06,1.2,1.12E-06,4
1.12E-06,1.2,1.12E-06,4
1.13E-06,1.2,1.13E-06,4
1.13E-06,1.2,1.13E-06,4
1.13E-06,1.4,1.13E-06,4
1.13E-06,1.2,1.13E-06,4
1.13E-06,1.4,1.13E-06,8
1.13E-06,1.2,1.13E-06,4
1.13E-06,1.4,1.13E-06,4
1.13E-06,1.4,1.13E-06,4
1.13E-06,1.4,1.13E-06,4
1.13E-06,1.2,1.13E-06,4
1.14E-06,1.2,1.14E-06,4
1.14E-06,1.2,1.14E-06,4
1.14E-06,1.2,1.14E-06,4
1.14E-06,1.2,1.14E-06,4
1.14E-06,1.2,1.14E-06,4
1.14E-06,1.2,1.14E-06,4
1.14E-06,1.2,1.14E-06,4
1.14E-06,1.4,1.14E-06,4
1.14E-06,1.4,1.14E-06,8
1.14E-06,1.2,1.14E-06,4
1.15E-06,1.4,1.15E-06,8
1.15E-06,1.2,1.15E-06,4
1.15E-06,1.2,1.15E-06,4
1.15E-06,1.2,1.15E-06,4
1.15E-06,1.2,1.15E-06,8
1.15E-06,1.2,1.15E-06,4
1.15E-06,1.2,1.15E-06,4
1.15E-06,1.4,1.15E-06,4
1.15E-06,1.4,1.15E-06,4
1.15E-06,1.4,1.15E-06,4
1.16E-06,1.4,1.16E-06,4
1.16E-06,1.4,1.16E-06,4
1.16E-06,1.4,1.16E-06,4
1.16E-06,1.2,1.16E-06,4
1.16E-06,1.4,1.16E-06,4
1.16E-06,1.2,1.16E-06,8
1.16E-06,1.2,1.16E-06,4
1.16E-06,1.2,1.16E-06,4
1.16E-06,1.2,1.16E-06,4
1.16E-06,1.2,1.16E-06,4
1.17E-06,1.2,1.17E-06,4
1.17E-06,1.2,1.17E-06,4
1.17E-06,1.2,1.17E-06,4
1.17E-06,1.4,1.17E-06,4
1.17E-06,1.4,1.17E-06,4
1.17E-06,1.4,1.17E-06,4
1.17E-06,1.4,1.17E-06,4
1.17E-06,1.2,1.17E-06,4
1.17E-06,1.4,1.17E-06,4
1.17E-06,1.4,1.17E-06,4
1.18E-06,1.4,1.18E-06,8
1.18E-06,1.2,1.18E-06,4
1.18E-06,1.4,1.18E-06,8
1.18E-06,1.2,1.18E-06,4
1.18E-06,1.4,1.18E-06,4
1.18E-06,1.2,1.18E-06,4
1.18E-06,1.4,1.18E-06,8
1.18E-06,1.4,1.18E-06,4
1.18E-06,1.4,1.18E-06,4
1.18E-06,1.2,1.18E-06,4
1.19E-06,1.4,1.19E-06,4
1.19E-06,1.4,1.19E-06,4
1.19E-06,1.4,1.19E-06,4
1.19E-06,1.2,1.19E-06,4
1.19E-06,1.4,1.19E-06,4
1.19E-06,1.2,1.19E-06,4
1.19E-06,1.4,1.19E-06,8
1.19E-06,1.2,1.19E-06,4
1.19E-06,1.4,1.19E-06,8
1.19E-06,1.2,1.19E-06,4
1.20E-06,1.2,1.20E-06,8
1.20E-06,1.2,1.20E-06,4
1.20E-06,1.2,1.20E-06,4
1.20E-06,1.2,1.20E-06,4
1.20E-06,1.2,1.20E-06,4
1.20E-06,1.2,1.20E-06,4
1.20E-06,1.2,1.20E-06,8
1.20E-06,1.4,1.20E-06,4
1.20E-06,1.4,1.20E-06,4
1.20E-06,1.2,1.20E-06,4
1.21E-06,1.2,1.21E-06,4
1.21E-06,1.2,1.21E-06,4
1.21E-06,1.2,1.21E-06,8
1.21E-06,1.2,1.21E-06,4
1.21E-06,1.2,1.21E-06,4
1.21E-06,1.4,1.21E-06,4
1.21E-06,1.4,1.21E-06,4
1.21E-06,1.2,1.21E-06,4
1.21E-06,1.4,1.21E-06,4
1.21E-06,1.2,1.21E-06,4
1.22E-06,1.2,1.22E-06,4
1.22E-06,1.2,1.22E-06,4
1.22E-06,1.4,1.22E-06,4
1.22E-06,1.2,1.22E-06,4
1.22E-06,1.4,1.22E-06,8
1.22E-06,1.4,1.22E-06,4
1.22E-06,1.4,1.22E-06,4
1.22E-06,1.2,1.22E-06,4
1.22E-06,1.4,1.22E-06,8
1.22E-06,1.2,1.22E-06,4
1.23E-06,1.2,1.23E-06,8
1.23E-06,1.2,1.23E-06,4
1.23E-06,1.2,1.23E-06,8
1.23E-06,1.4,1.23E-06,4
1.23E-06,1.2,1.23E-06,8
1.23E-06,1.2,1.23E-06,4
1.23E-06,1.2,1.23E-06,4
1.23E-06,1.2,1.23E-06,4
1.23E-06,1.2,1.23E-06,4
1.23E-06,1.2,1.23E-06,4
1.24E-06,1.2,1.24E-06,8
1.24E-06,1.2,1.24E-06,4
1.24E-06,1.2,1.24E-06,8
1.24E-06,1.2,1.24E-06,8
1.24E-06,1.2,1.24E-06,8
1.24E-06,1.2,1.24E-06,4
1.24E-06,1.2,1.24E-06,4
1.24E-06,1.2,1.24E-06,4
1.24E-06,1.4,1.24E-06,8
1.24E-06,1.2,1.24E-06,4
1.25E-06,1.4,1.25E-06,4
1.25E-06,1.2,1.25E-06,4
1.25E-06,1.2,1.25E-06,4
1.25E-06,1.2,1.25E-06,8
1.25E-06,1.2,1.25E-06,4
1.25E-06,1.2,1.25E-06,4
1.25E-06,1.2,1.25E-06,4
1.25E-06,1.2,1.25E-06,4
1.25E-06,1.2,1.25E-06,4
1.25E-06,1.2,1.25E-06,4
1.26E-06,1.2,1.26E-06,8
1.26E-06,1.2,1.26E-06,4
1.26E-06,1.4,1.26E-06,4
1.26E-06,1.2,1.26E-06,4
1.26E-06,1.4,1.26E-06,4
1.26E-06,1.2,1.26E-06,4
1.26E-06,1.4,1.26E-06,4
1.26E-06,1.2,1.26E-06,4
1.26E-06,1.2,1.26E-06,4
1.26E-06,1.2,1.26E-06,4
1.27E-06,1.2,1.27E-06,8
1.27E-06,1.2,1.27E-06,4
1.27E-06,1.2,1.27E-06,8
1.27E-06,1.2,1.27E-06,4
1.27E-06,1.2,1.27E-06,8
1.27E-06,1.2,1.27E-06,4
1.27E-06,1.2,1.27E-06,4
1.27E-06,1.2,1.27E-06,4
1.27E-06,1.2,1.27E-06,4
1.27E-06,1.2,1.27E-06,4
1.28E-06,1.2,1.28E-06,8
1.28E-06,1.2,1.28E-06,4
1.28E-06,1.2,1.28E-06,4
1.28E-06,1.2,1.28E-06,4
1.28E-06,1.2,1.28E-06,4
1.28E-06,1.2,1.28E-06,4
1.28E-06,1.2,1.28E-06,4
1.28E-06,1.2,1.28E-06,4
1.28E-06,1.2,1.28E-06,4
1.28E-06,1.2,1.28E-06,4
1.29E-06,1.2,1.29E-06,8
1.29E-06,1.2,1.29E-06,8
1.29E-06,1.2,1.29E-06,8
1.29E-06,1.2,1.29E-06,4
1.29E-06,1.2,1.29E-06,4
1.29E-06,1.2,1.29E-06,4
1.29E-06,1.2,1.29E-06,8
1.29E-06,1.2,1.29E-06,4
1.29E-06,1.2,1.29E-06,8
1.29E-06,1.2,1.29E-06,4
1.30E-06,1.2,1.30E-06,4
1.30E-06,1.2,1.30E-06,4
1.30E-06,1.2,1.30E-06,4
1.30E-06,1.2,1.30E-06,4
1.30E-06,1.2,1.30E-06,8
1.30E-06,1.2,1.30E-06,4
1.30E-06,1.4,1.30E-06,8
1.30E-06,1.2,1.30E-06,4
1.30E-06,1.2,1.30E-06,8
1.30E-06,1.2,1.30E-06,4
1.31E-06,1.2,1.31E-06,8
1.31E-06,1.2,1.31E-06,4
1.31E-06,1.2,1.31E-06,8
1.31E-06,1.2,1.31E-06,4
1.31E-06,1.2,1.31E-06,8
1.31E-06,1.2,1.31E-06,4
1.31E-06,1.2,1.31E-06,8
1.31E-06,1.2,1.31E-06,4
1.31E-06,1.2,1.31E-06,8
1.31E-06,1.2,1.31E-06,4
1.32E-06,1.2,1.32E-06,8
1.32E-06,1.2,1.32E-06,4
1.32E-06,1.4,1.32E-06,8
1.32E-06,1.2,1.32E-06,4
1.32E-06,1.2,1.32E-06,8
1.32E-06,1.2,1.32E-06,4
1.32E-06,1.2,1.32E-06,8
1.32E-06,1.2,1.32E-06,4
1.32E-06,1.2,1.32E-06,8
1.32E-06,1.2,1.32E-06,4
1.33E-06,1.2,1.33E-06,8
1.33E-06,1.2,1.33E-06,4
1.33E-06,1.2,1.33E-06,8
1.33E-06,1.2,1.33E-06,4
1.33E-06,1.2,1.33E-06,8
1.33E-06,1.2,1.33E-06,4
1.33E-06,1.2,1.33E-06,8
1.33E-06,1.2,1.33E-06,4
1.33E-06,1.2,1.33E-06,8
1.33E-06,1.2,1.33E-06,4
1.34E-06,1.2,1.34E-06,8
1.34E-06,1.2,1.34E-06,4
1.34E-06,1,1.34E-06,4
1.34E-06,1.2,1.34E-06,4
1.34E-06,1.2,1.34E-06,8
1.34E-06,1.2,1.34E-06,4
1.34E-06,1.2,1.34E-06,4
1.34E-06,1.2,1.34E-06,4
1.34E-06,1.2,1.34E-06,4
1.34E-06,1.2,1.34E-06,4
1.35E-06,1.2,1.35E-06,4
1.35E-06,1.2,1.35E-06,4
1.35E-06,1.2,1.35E-06,8
1.35E-06,1.2,1.35E-06,4
1.35E-06,1.2,1.35E-06,8
1.35E-06,1.2,1.35E-06,4
1.35E-06,1.2,1.35E-06,4
1.35E-06,1.2,1.35E-06,4
1.35E-06,1.2,1.35E-06,4
1.35E-06,1.2,1.35E-06,4
1.36E-06,1.2,1.36E-06,4
1.36E-06,1.2,1.36E-06,4
1.36E-06,1.2,1.36E-06,8
1.36E-06,1.2,1.36E-06,4
1.36E-06,1.2,1.36E-06,4
1.36E-06,1.2,1.36E-06,8
1.36E-06,1.2,1.36E-06,4
1.36E-06,1.2,1.36E-06,4
1.36E-06,1.2,1.36E-06,4
1.36E-06,1.2,1.36E-06,8
1.37E-06,1.2,1.37E-06,4
1.37E-06,1.2,1.37E-06,4
1.37E-06,1.2,1.37E-06,8
1.37E-06,1.2,1.37E-06,4
1.37E-06,1.2,1.37E-06,8
1.37E-06,1.2,1.37E-06,4
1.37E-06,1.2,1.37E-06,4
1.37E-06,1.2,1.37E-06,4
1.37E-06,1.2,1.37E-06,8
1.37E-06,1.2,1.37E-06,4
1.38E-06,1.2,1.38E-06,8
1.38E-06,1.2,1.38E-06,4
1.38E-06,1.2,1.38E-06,4
1.38E-06,1,1.38E-06,4
1.38E-06,1.2,1.38E-06,4
1.38E-06,1.2,1.38E-06,4
1.38E-06,1.2,1.38E-06,8
1.38E-06,1,1.38E-06,4
1.38E-06,1.2,1.38E-06,4
1.38E-06,1.2,1.38E-06,4
1.39E-06,1.2,1.39E-06,4
1.39E-06,1.2,1.39E-06,4
1.39E-06,1.2,1.39E-06,8
1.39E-06,1.2,1.39E-06,4
1.39E-06,1.2,1.39E-06,8
1.39E-06,1.2,1.39E-06,4
1.39E-06,1.2,1.39E-06,8
1.39E-06,1.2,1.39E-06,4
1.39E-06,1.2,1.39E-06,8
1.39E-06,1.2,1.39E-06,4
1.40E-06,1.2,1.40E-06,8
1.40E-06,1.2,1.40E-06,4
1.40E-06,1.2,1.40E-06,4
1.40E-06,1,1.40E-06,4
1.40E-06,1.2,1.40E-06,4
1.40E-06,1,1.40E-06,4
1.40E-06,1.2,1.40E-06,4
1.40E-06,1,1.40E-06,4
1.40E-06,1.2,1.40E-06,8
1.40E-06,1.2,1.40E-06,4
1.41E-06,1.2,1.41E-06,4
1.41E-06,1.2,1.41E-06,4
1.41E-06,1,1.41E-06,4
1.41E-06,1.2,1.41E-06,4
1.41E-06,1.2,1.41E-06,8
1.41E-06,1.2,1.41E-06,4
1.41E-06,1.2,1.41E-06,8
1.41E-06,1.2,1.41E-06,4
1.41E-06,1.2,1.41E-06,4
1.41E-06,1,1.41E-06,4
1.42E-06,1.2,1.42E-06,4
1.42E-06,1.2,1.42E-06,4
1.42E-06,1.2,1.42E-06,8
1.42E-06,1.2,1.42E-06,4
1.42E-06,1.2,1.42E-06,4
1.42E-06,1.2,1.42E-06,4
1.42E-06,1.2,1.42E-06,8
1.42E-06,1,1.42E-06,4
1.42E-06,1.2,1.42E-06,8
1.42E-06,1.2,1.42E-06,4
1.43E-06,1.2,1.43E-06,8
1.43E-06,1.2,1.43E-06,4
1.43E-06,1.2,1.43E-06,4
1.43E-06,1.2,1.43E-06,4
1.43E-06,1.2,1.43E-06,4
1.43E-06,1.2,1.43E-06,4
1.43E-06,1.2,1.43E-06,4
1.43E-06,1.2,1.43E-06,4
1.43E-06,1.2,1.43E-06,8
1.43E-06,1.2,1.43E-06,4
1.44E-06,1.2,1.44E-06,4
1.44E-06,1.2,1.44E-06,4
1.44E-06,1.2,1.44E-06,4
1.44E-06,1.2,1.44E-06,4
1.44E-06,1.2,1.44E-06,4
1.44E-06,1,1.44E-06,4
1.44E-06,1.2,1.44E-06,4
1.44E-06,1,1.44E-06,4
1.44E-06,1.2,1.44E-06,8
1.44E-06,1,1.44E-06,8
1.45E-06,1.2,1.45E-06,8
1.45E-06,1,1.45E-06,8
1.45E-06,1.2,1.45E-06,8
1.45E-06,1.2,1.45E-06,4
1.45E-06,1.2,1.45E-06,8
1.45E-06,1.2,1.45E-06,4
1.45E-06,1.2,1.45E-06,8
1.45E-06,1,1.45E-06,4
1.45E-06,1.2,1.45E-06,8
1.45E-06,1.2,1.45E-06,4
1.46E-06,1,1.46E-06,8
1.46E-06,1,1.46E-06,4
1.46E-06,1.2,1.46E-06,8
1.46E-06,1,1.46E-06,4
1.46E-06,1.2,1.46E-06,8
1.46E-06,1.2,1.46E-06,4
1.46E-06,1.2,1.46E-06,8
1.46E-06,1.2,1.46E-06,4
1.46E-06,1.2,1.46E-06,8
1.46E-06,1.2,1.46E-06,4
1.47E-06,1.2,1.47E-06,8
1.47E-06,1.2,1.47E-06,4
1.47E-06,1.2,1.47E-06,8
1.47E-06,1.2,1.47E-06,4
1.47E-06,1.2,1.47E-06,8
1.47E-06,1.2,1.47E-06,4
1.47E-06,1.2,1.47E-06,4
1.47E-06,1.2,1.47E-06,4
1.47E-06,1.2,1.47E-06,4
1.47E-06,1.2,1.47E-06,4
1.48E-06,1.2,1.48E-06,8
1.48E-06,1.2,1.48E-06,4
1.48E-06,1.2,1.48E-06,8
1.48E-06,1.2,1.48E-06,4
1.48E-06,1.2,1.48E-06,8
1.48E-06,1,1.48E-06,4
1.48E-06,1.2,1.48E-06,8
1.48E-06,1,1.48E-06,4
1.48E-06,1.2,1.48E-06,4
1.48E-06,1.2,1.48E-06,4
1.49E-06,1.2,1.49E-06,4
1.49E-06,1.2,1.49E-06,4
1.49E-06,1.2,1.49E-06,8
1.49E-06,1.2,1.49E-06,4
1.49E-06,1.2,1.49E-06,8
1.49E-06,1.2,1.49E-06,4
1.49E-06,1.2,1.49E-06,8
1.49E-06,1,1.49E-06,4
1.49E-06,1.2,1.49E-06,8
1.49E-06,1.2,1.49E-06,4
1.50E-06,1.2,1.50E-06,8
1.50E-06,1.2,1.50E-06,8
1.50E-06,1.2,1.50E-06,8
1.50E-06,1.2,1.50E-06,4
1.50E-06,1.2,1.50E-06,8
1.50E-06,1.2,1.50E-06,4
1.50E-06,1.2,1.50E-06,4
1.50E-06,1.2,1.50E-06,4
1.50E-06,1.2,1.50E-06,4
1.50E-06,1.2,1.50E-06,4
1.51E-06,1.2,1.51E-06,8
1.51E-06,1.2,1.51E-06,4
1.51E-06,1.2,1.51E-06,8
1.51E-06,1.2,1.51E-06,8
1.51E-06,1.2,1.51E-06,4
1.51E-06,1.2,1.51E-06,8
1.51E-06,1.2,1.51E-06,8
1.51E-06,1,1.51E-06,4
1.51E-06,1.2,1.51E-06,8
1.51E-06,1.2,1.51E-06,4
1.52E-06,1.2,1.52E-06,8
1.52E-06,1.2,1.52E-06,4
1.52E-06,1.2,1.52E-06,8
1.52E-06,1.2,1.52E-06,4
1.52E-06,1.2,1.52E-06,4
1.52E-06,1.2,1.52E-06,4
1.52E-06,1.2,1.52E-06,8
1.52E-06,1.2,1.52E-06,8
1.52E-06,1.2,1.52E-06,8
1.52E-06,1.2,1.52E-06,8
1.53E-06,1.2,1.53E-06,4
1.53E-06,1,1.53E-06,4
1.53E-06,1.2,1.53E-06,4
1.53E-06,1,1.53E-06,4
1.53E-06,1.2,1.53E-06,8
1.53E-06,1.2,1.53E-06,4
1.53E-06,1.2,1.53E-06,8
1.53E-06,1.2,1.53E-06,8
1.53E-06,1.2,1.53E-06,8
1.53E-06,1.2,1.53E-06,8
1.54E-06,1.2,1.54E-06,8
1.54E-06,1.2,1.54E-06,8
1.54E-06,1.2,1.54E-06,8
1.54E-06,1.2,1.54E-06,4
1.54E-06,1.2,1.54E-06,8
1.54E-06,1.2,1.54E-06,4
1.54E-06,1.2,1.54E-06,8
1.54E-06,1.2,1.54E-06,4
1.54E-06,1.2,1.54E-06,4
1.54E-06,1.2,1.54E-06,4
1.55E-06,1.2,1.55E-06,8
1.55E-06,1,1.55E-06,8
1.55E-06,1.2,1.55E-06,8
1.55E-06,1.2,1.55E-06,4
1.55E-06,1.2,1.55E-06,8
1.55E-06,1.2,1.55E-06,4
1.55E-06,1.2,1.55E-06,8
1.55E-06,1,1.55E-06,4
1.55E-06,1.2,1.55E-06,4
1.55E-06,1.2,1.55E-06,8
1.56E-06,1.2,1.56E-06,8
1.56E-06,1.2,1.56E-06,4
1.56E-06,1.2,1.56E-06,8
1.56E-06,1,1.56E-06,8
1.56E-06,1.2,1.56E-06,8
1.56E-06,1,1.56E-06,8
1.56E-06,1.2,1.56E-06,8
1.56E-06,1.2,1.56E-06,8
1.56E-06,1.2,1.56E-06,8
1.56E-06,1.2,1.56E-06,4
1.57E-06,1.2,1.57E-06,8
1.57E-06,1,1.57E-06,4
1.57E-06,1.2,1.57E-06,8
1.57E-06,1.2,1.57E-06,4
1.57E-06,1.2,1.57E-06,8
1.57E-06,1.2,1.57E-06,4
1.57E-06,1.2,1.57E-06,8
1.57E-06,1.2,1.57E-06,4
1.57E-06,1.2,1.57E-06,8
1.57E-06,1.2,1.57E-06,8
1.58E-06,1,1.58E-06,8
1.58E-06,1.2,1.58E-06,8
1.58E-06,1.2,1.58E-06,8
1.58E-06,1.2,1.58E-06,8
1.58E-06,1.2,1.58E-06,8
1.58E-06,1.2,1.58E-06,8
1.58E-06,1.2,1.58E-06,8
1.58E-06,1,1.58E-06,4
1.58E-06,1.2,1.58E-06,8
1.58E-06,1.2,1.58E-06,4
1.59E-06,1.2,1.59E-06,8
1.59E-06,1.2,1.59E-06,4
1.59E-06,1.2,1.59E-06,8
1.59E-06,1.2,1.59E-06,4
1.59E-06,1.2,1.59E-06,4
1.59E-06,1.2,1.59E-06,4
1.59E-06,1.2,1.59E-06,4
1.59E-06,1.2,1.59E-06,4
1.59E-06,1.2,1.59E-06,8
1.59E-06,1.2,1.59E-06,8
1.60E-06,1.2,1.60E-06,8
1.60E-06,1.2,1.60E-06,8
1.60E-06,1.2,1.60E-06,8
1.60E-06,1.2,1.60E-06,4
1.60E-06,1.2,1.60E-06,4
1.60E-06,1.2,1.60E-06,4
1.60E-06,1.2,1.60E-06,8
1.60E-06,1.2,1.60E-06,4
1.60E-06,1.2,1.60E-06,8
1.60E-06,1.2,1.60E-06,4
1.61E-06,1.2,1.61E-06,8
1.61E-06,1.2,1.61E-06,4
1.61E-06,1.2,1.61E-06,8
1.61E-06,1.2,1.61E-06,4
1.61E-06,1.2,1.61E-06,8
1.61E-06,1.2,1.61E-06,4
1.61E-06,1.2,1.61E-06,8
1.61E-06,1.2,1.61E-06,4
1.61E-06,1.2,1.61E-06,8
1.61E-06,1.2,1.61E-06,4
1.62E-06,1.2,1.62E-06,4
1.62E-06,1.2,1.62E-06,8
1.62E-06,1.2,1.62E-06,4
1.62E-06,1.2,1.62E-06,4
1.62E-06,1.2,1.62E-06,4
1.62E-06,1.2,1.62E-06,8
1.62E-06,1.2,1.62E-06,4
1.62E-06,1.2,1.62E-06,8
1.62E-06,1.4,1.62E-06,4
1.62E-06,1.2,1.62E-06,8
1.63E-06,1.2,1.63E-06,8
1.63E-06,1.2,1.63E-06,8
1.63E-06,1.2,1.63E-06,8
1.63E-06,1,1.63E-06,4
1.63E-06,1.2,1.63E-06,8
1.63E-06,1.2,1.63E-06,4
1.63E-06,1.2,1.63E-06,8
1.63E-06,1.2,1.63E-06,4
1.63E-06,1.2,1.63E-06,8
1.63E-06,1.2,1.63E-06,4
1.64E-06,1.2,1.64E-06,8
1.64E-06,1.2,1.64E-06,4
1.64E-06,1.2,1.64E-06,8
1.64E-06,1.2,1.64E-06,4
1.64E-06,1.2,1.64E-06,8
1.64E-06,1.2,1.64E-06,4
1.64E-06,1.2,1.64E-06,8
1.64E-06,1,1.64E-06,8
1.64E-06,1.2,1.64E-06,8
1.64E-06,1.2,1.64E-06,8
1.65E-06,1.2,1.65E-06,8
1.65E-06,1.2,1.65E-06,8
1.65E-06,1.2,1.65E-06,8
1.65E-06,1.2,1.65E-06,8
1.65E-06,1.2,1.65E-06,8
1.65E-06,1.2,1.65E-06,8
1.65E-06,1.2,1.65E-06,8
1.65E-06,1.2,1.65E-06,4
1.65E-06,1.2,1.65E-06,8
1.65E-06,1.2,1.65E-06,4
1.66E-06,1.2,1.66E-06,8
1.66E-06,1.2,1.66E-06,4
1.66E-06,1.2,1.66E-06,8
1.66E-06,1.2,1.66E-06,4
1.66E-06,1.2,1.66E-06,8
1.66E-06,1.2,1.66E-06,4
1.66E-06,1.2,1.66E-06,8
1.66E-06,1.2,1.66E-06,8
1.66E-06,1.2,1.66E-06,4
1.66E-06,1.2,1.66E-06,4
1.67E-06,1.2,1.67E-06,8
1.67E-06,1.2,1.67E-06,4
1.67E-06,1.2,1.67E-06,8
1.67E-06,1.2,1.67E-06,8
1.67E-06,1.2,1.67E-06,8
1.67E-06,1.2,1.67E-06,8
1.67E-06,1.2,1.67E-06,8
1.67E-06,1.2,1.67E-06,8
1.67E-06,1.2,1.67E-06,8
1.67E-06,1.2,1.67E-06,8
1.68E-06,1.2,1.68E-06,4
1.68E-06,1.2,1.68E-06,4
1.68E-06,1.2,1.68E-06,8
1.68E-06,1.2,1.68E-06,4
1.68E-06,1.2,1.68E-06,8
1.68E-06,1.2,1.68E-06,4
1.68E-06,1.2,1.68E-06,8
1.68E-06,1.2,1.68E-06,4
1.68E-06,1.2,1.68E-06,4
1.68E-06,1,1.68E-06,4
1.69E-06,1.2,1.69E-06,8
1.69E-06,1.2,1.69E-06,4
1.69E-06,1.2,1.69E-06,8
1.69E-06,1.2,1.69E-06,8
1.69E-06,1.2,1.69E-06,4
1.69E-06,1.2,1.69E-06,8
1.69E-06,1.2,1.69E-06,8
1.69E-06,1.2,1.69E-06,8
1.69E-06,1.2,1.69E-06,8
1.69E-06,1,1.69E-06,8
1.70E-06,1.2,1.70E-06,4
1.70E-06,1.2,1.70E-06,4
1.70E-06,1.2,1.70E-06,8
1.70E-06,1,1.70E-06,4
1.70E-06,1,1.70E-06,8
1.70E-06,1.2,1.70E-06,8
1.70E-06,1.2,1.70E-06,8
1.70E-06,1.2,1.70E-06,8
1.70E-06,1.2,1.70E-06,8
1.70E-06,1.2,1.70E-06,4
1.71E-06,1.2,1.71E-06,8
1.71E-06,1.2,1.71E-06,8
1.71E-06,1.2,1.71E-06,8
1.71E-06,1.2,1.71E-06,8
1.71E-06,1.2,1.71E-06,8
1.71E-06,1.2,1.71E-06,8
1.71E-06,1.2,1.71E-06,4
1.71E-06,1.2,1.71E-06,4
1.71E-06,1.2,1.71E-06,4
1.71E-06,1.2,1.71E-06,4
1.72E-06,1.2,1.72E-06,8
1.72E-06,1.2,1.72E-06,4
1.72E-06,1.2,1.72E-06,4
1.72E-06,1.2,1.72E-06,4
1.72E-06,1.2,1.72E-06,4
1.72E-06,1.2,1.72E-06,8
1.72E-06,1.2,1.72E-06,4
1.72E-06,1.2,1.72E-06,4
1.72E-06,1.2,1.72E-06,8
1.72E-06,1.2,1.72E-06,4
1.73E-06,1.2,1.73E-06,8
1.73E-06,1.2,1.73E-06,4
1.73E-06,1.2,1.73E-06,8
1.73E-06,1.2,1.73E-06,4
1.73E-06,1.2,1.73E-06,4
1.73E-06,1.2,1.73E-06,8
1.73E-06,1.2,1.73E-06,8
1.73E-06,1.2,1.73E-06,8
1.73E-06,1.2,1.73E-06,8
1.73E-06,1.2,1.73E-06,4
1.74E-06,1.2,1.74E-06,8
1.74E-06,1.2,1.74E-06,4
1.74E-06,1.2,1.74E-06,8
1.74E-06,1.2,1.74E-06,4
1.74E-06,1.2,1.74E-06,8
1.74E-06,1.2,1.74E-06,4
1.74E-06,1.2,1.74E-06,8
1.74E-06,1.2,1.74E-06,4
1.74E-06,1.2,1.74E-06,4
1.74E-06,1.2,1.74E-06,4
1.75E-06,1.2,1.75E-06,8
1.75E-06,1.2,1.75E-06,4
1.75E-06,1.2,1.75E-06,8
1.75E-06,1.2,1.75E-06,4
1.75E-06,1.2,1.75E-06,8
1.75E-06,1.2,1.75E-06,4
1.75E-06,1.2,1.75E-06,4
1.75E-06,1.2,1.75E-06,4
1.75E-06,1.2,1.75E-06,8
1.75E-06,1.2,1.75E-06,4
1.76E-06,1.2,1.76E-06,4
1.76E-06,1.2,1.76E-06,4
1.76E-06,1.2,1.76E-06,4
1.76E-06,1.2,1.76E-06,4
1.76E-06,1.2,1.76E-06,4
1.76E-06,1.2,1.76E-06,4
1.76E-06,1.2,1.76E-06,4
1.76E-06,1.2,1.76E-06,4
1.76E-06,1.2,1.76E-06,8
1.76E-06,1.2,1.76E-06,4
1.77E-06,1.2,1.77E-06,8
1.77E-06,1.2,1.77E-06,8
1.77E-06,1.2,1.77E-06,8
1.77E-06,1.2,1.77E-06,8
1.77E-06,1.2,1.77E-06,8
1.77E-06,1.2,1.77E-06,8
1.77E-06,1.2,1.77E-06,8
1.77E-06,1.2,1.77E-06,4
1.77E-06,1.2,1.77E-06,8
1.77E-06,1.2,1.77E-06,4
1.78E-06,1.2,1.78E-06,4
1.78E-06,1.2,1.78E-06,4
1.78E-06,1.2,1.78E-06,8
1.78E-06,1,1.78E-06,4
1.78E-06,1.2,1.78E-06,8
1.78E-06,1,1.78E-06,4
1.78E-06,1.2,1.78E-06,8
1.78E-06,1.2,1.78E-06,8
1.78E-06,1.2,1.78E-06,8
1.78E-06,1,1.78E-06,8
1.79E-06,1.2,1.79E-06,8
1.79E-06,1.2,1.79E-06,4
1.79E-06,1.2,1.79E-06,8
1.79E-06,1.2,1.79E-06,4
1.79E-06,1.2,1.79E-06,4
1.79E-06,1.2,1.79E-06,4
1.79E-06,1.2,1.79E-06,8
1.79E-06,1.2,1.79E-06,4
1.79E-06,1.2,1.79E-06,8
1.79E-06,1.2,1.79E-06,4
1.80E-06,1.2,1.80E-06,8
1.80E-06,1.2,1.80E-06,4
1.80E-06,1.2,1.80E-06,8
1.80E-06,1.2,1.80E-06,4
1.80E-06,1.2,1.80E-06,8
1.80E-06,1.2,1.80E-06,4
1.80E-06,1.2,1.80E-06,4
1.80E-06,1.2,1.80E-06,4
1.80E-06,1.2,1.80E-06,4
1.80E-06,1.2,1.80E-06,4
1.81E-06,1.2,1.81E-06,4
1.81E-06,1,1.81E-06,4
1.81E-06,1.2,1.81E-06,8
1.81E-06,1.2,1.81E-06,4
1.81E-06,1.2,1.81E-06,8
1.81E-06,1.2,1.81E-06,8
1.81E-06,1.2,1.81E-06,8
1.81E-06,1.2,1.81E-06,8
1.81E-06,1.2,1.81E-06,4
1.81E-06,1.2,1.81E-06,8
1.82E-06,1.2,1.82E-06,8
1.82E-06,1.2,1.82E-06,8
1.82E-06,1.2,1.82E-06,8
1.82E-06,1.2,1.82E-06,4
1.82E-06,1.2,1.82E-06,8
1.82E-06,1.2,1.82E-06,4
1.82E-06,1.2,1.82E-06,4
1.82E-06,1.2,1.82E-06,4
1.82E-06,1.2,1.82E-06,8
1.82E-06,1.2,1.82E-06,4
1.83E-06,1.2,1.83E-06,8
1.83E-06,1.2,1.83E-06,4
1.83E-06,1.2,1.83E-06,8
1.83E-06,1.2,1.83E-06,4
1.83E-06,1.2,1.83E-06,8
1.83E-06,1.2,1.83E-06,4
1.83E-06,1.2,1.83E-06,8
1.83E-06,1.2,1.83E-06,8
1.83E-06,1.2,1.83E-06,4
1.83E-06,1.2,1.83E-06,4
1.84E-06,1.2,1.84E-06,4
1.84E-06,1.2,1.84E-06,4
1.84E-06,1.2,1.84E-06,4
1.84E-06,1.2,1.84E-06,4
1.84E-06,1.2,1.84E-06,4
1.84E-06,1,1.84E-06,4
1.84E-06,1.2,1.84E-06,4
1.84E-06,1.2,1.84E-06,4
1.84E-06,1.2,1.84E-06,8
1.84E-06,1.2,1.84E-06,4
1.85E-06,1.2,1.85E-06,4
1.85E-06,1.2,1.85E-06,4
1.85E-06,1.2,1.85E-06,8
1.85E-06,1.2,1.85E-06,4
1.85E-06,1.2,1.85E-06,8
1.85E-06,1.2,1.85E-06,4
1.85E-06,1.2,1.85E-06,8
1.85E-06,1.2,1.85E-06,4
1.85E-06,1.2,1.85E-06,8
1.85E-06,1.2,1.85E-06,4
1.86E-06,1.2,1.86E-06,4
1.86E-06,1.2,1.86E-06,4
1.86E-06,1.2,1.86E-06,4
1.86E-06,1.2,1.86E-06,4
1.86E-06,1.2,1.86E-06,4
1.86E-06,1.2,1.86E-06,4
1.86E-06,1.2,1.86E-06,4
1.86E-06,1.2,1.86E-06,4
1.86E-06,1.2,1.86E-06,4
1.86E-06,1.2,1.86E-06,4
1.87E-06,1.2,1.87E-06,4
1.87E-06,1.2,1.87E-06,4
1.87E-06,1.2,1.87E-06,4
1.87E-06,1.2,1.87E-06,4
1.87E-06,1.2,1.87E-06,4
1.87E-06,1.2,1.87E-06,4
1.87E-06,1.2,1.87E-06,8
1.87E-06,1.2,1.87E-06,4
1.87E-06,1.2,1.87E-06,4
1.87E-06,1.2,1.87E-06,4
1.88E-06,1.2,1.88E-06,4
1.88E-06,1.2,1.88E-06,4
1.88E-06,1.2,1.88E-06,8
1.88E-06,1.2,1.88E-06,4
1.88E-06,1.2,1.88E-06,8
1.88E-06,1.2,1.88E-06,8
1.88E-06,1.2,1.88E-06,8
1.88E-06,1.2,1.88E-06,4
1.88E-06,1.2,1.88E-06,8
1.88E-06,1.2,1.88E-06,4
1.89E-06,1.2,1.89E-06,8
1.89E-06,1.2,1.89E-06,4
1.89E-06,1.2,1.89E-06,8
1.89E-06,1.2,1.89E-06,4
1.89E-06,1.2,1.89E-06,8
1.89E-06,1.2,1.89E-06,4
1.89E-06,1.2,1.89E-06,8
1.89E-06,1.2,1.89E-06,4
1.89E-06,1.2,1.89E-06,8
1.89E-06,1.2,1.89E-06,4
1.90E-06,1.2,1.90E-06,4
1.90E-06,1.2,1.90E-06,4
1.90E-06,1.2,1.90E-06,8
1.90E-06,1.2,1.90E-06,8
1.90E-06,1.2,1.90E-06,8
1.90E-06,1.2,1.90E-06,4
1.90E-06,1.2,1.90E-06,4
1.90E-06,1.2,1.90E-06,4
1.90E-06,1.2,1.90E-06,4
1.90E-06,1.2,1.90E-06,4
1.91E-06,1.2,1.91E-06,4
1.91E-06,1.2,1.91E-06,4
1.91E-06,1.2,1.91E-06,4
1.91E-06,1.2,1.91E-06,4
1.91E-06,1.2,1.91E-06,4
1.91E-06,1.2,1.91E-06,4
1.91E-06,1.2,1.91E-06,4
1.91E-06,1.2,1.91E-06,4
1.91E-06,1.2,1.91E-06,8
1.91E-06,1.2,1.91E-06,8
1.92E-06,1.2,1.92E-06,8
1.92E-06,1.2,1.92E-06,4
1.92E-06,1.2,1.92E-06,8
1.92E-06,1.2,1.92E-06,4
1.92E-06,1.2,1.92E-06,4
1.92E-06,1.2,1.92E-06,8
1.92E-06,1.4,1.92E-06,8
1.92E-06,1.2,1.92E-06,8
1.92E-06,1.2,1.92E-06,4
1.92E-06,1.2,1.92E-06,4
1.93E-06,1.2,1.93E-06,8
1.93E-06,1.2,1.93E-06,4
1.93E-06,1.2,1.93E-06,8
1.93E-06,1.2,1.93E-06,8
1.93E-06,1.2,1.93E-06,8
1.93E-06,1.2,1.93E-06,8
1.93E-06,1.2,1.93E-06,8
1.93E-06,1.2,1.93E-06,8
1.93E-06,1.2,1.93E-06,8
1.93E-06,1.2,1.93E-06,4
1.94E-06,1.2,1.94E-06,8
1.94E-06,1.2,1.94E-06,4
1.94E-06,1.2,1.94E-06,8
1.94E-06,1.2,1.94E-06,4
1.94E-06,1.4,1.94E-06,8
1.94E-06,1.2,1.94E-06,4
1.94E-06,1.2,1.94E-06,8
1.94E-06,1.2,1.94E-06,4
1.94E-06,1.2,1.94E-06,8
1.94E-06,1.2,1.94E-06,4
1.95E-06,1.2,1.95E-06,8
1.95E-06,1.2,1.95E-06,4
1.95E-06,1.2,1.95E-06,8
1.95E-06,1.2,1.95E-06,4
1.95E-06,1.2,1.95E-06,8
1.95E-06,1.2,1.95E-06,8
1.95E-06,1.2,1.95E-06,8
1.95E-06,1.2,1.95E-06,4
1.95E-06,1.2,1.95E-06,8
1.95E-06,1.2,1.95E-06,4
1.96E-06,1.2,1.96E-06,4
1.96E-06,1.2,1.96E-06,4
1.96E-06,1.2,1.96E-06,4
1.96E-06,1.2,1.96E-06,4
1.96E-06,1.2,1.96E-06,4
1.96E-06,1.2,1.96E-06,4
1.96E-06,1.4,1.96E-06,8
1.96E-06,1.2,1.96E-06,4
1.96E-06,1.2,1.96E-06,8
1.96E-06,1.2,1.96E-06,4
1.97E-06,1.2,1.97E-06,4
1.97E-06,1.2,1.97E-06,4
1.97E-06,1.2,1.97E-06,8
1.97E-06,1.2,1.97E-06,4
1.97E-06,1.2,1.97E-06,8
1.97E-06,1.2,1.97E-06,4
1.97E-06,1.2,1.97E-06,4
1.97E-06,1.2,1.97E-06,4
1.97E-06,1.2,1.97E-06,8
1.97E-06,1.2,1.97E-06,4
1.98E-06,1.2,1.98E-06,4
1.98E-06,1.2,1.98E-06,4
1.98E-06,1.2,1.98E-06,8
1.98E-06,1.4,1.98E-06,4
1.98E-06,1.2,1.98E-06,8
1.98E-06,1.2,1.98E-06,4
1.98E-06,1.2,1.98E-06,4
1.98E-06,1.2,1.98E-06,4
1.98E-06,1.2,1.98E-06,8
1.98E-06,1.2,1.98E-06,4
1.99E-06,1.2,1.99E-06,8
1.99E-06,1.2,1.99E-06,4
1.99E-06,1.2,1.99E-06,8
1.99E-06,1.2,1.99E-06,4
1.99E-06,1.2,1.99E-06,8
1.99E-06,1.2,1.99E-06,4
1.99E-06,1.2,1.99E-06,8
1.99E-06,1.2,1.99E-06,4
1.99E-06,1.2,1.99E-06,8
1.99E-06,1.2,1.99E-06,4
2.00E-06,1.2,2.00E-06,8
2.00E-06,1.2,2.00E-06,4
2.00E-06,1.2,2.00E-06,8
2.00E-06,1.2,2.00E-06,4
2.00E-06,1.2,2.00E-06,8
2.00E-06,1.2,2.00E-06,4
2.00E-06,1.2,2.00E-06,4
2.00E-06,1.2,2.00E-06,4
2.00E-06,1.2,2.00E-06,8
2.00E-06,1.2,2.00E-06,4
2.01E-06,1.4,2.01E-06,8
2.01E-06,1.2,2.01E-06,4
2.01E-06,1.4,2.01E-06,4
2.01E-06,1.2,2.01E-06,4
2.01E-06,1.4,2.01E-06,4
2.01E-06,1.2,2.01E-06,4
2.01E-06,1.4,2.01E-06,8
2.01E-06,1.2,2.01E-06,4
2.01E-06,1.2,2.01E-06,4
2.01E-06,1.2,2.01E-06,4
2.02E-06,1.2,2.02E-06,4
2.02E-06,1.2,2.02E-06,4
2.02E-06,1.2,2.02E-06,4
2.02E-06,1.2,2.02E-06,4
2.02E-06,1.2,2.02E-06,4
2.02E-06,1.2,2.02E-06,4
2.02E-06,1.4,2.02E-06,4
2.02E-06,1.2,2.02E-06,4
2.02E-06,1.4,2.02E-06,8
2.02E-06,1.4,2.02E-06,4
2.03E-06,1.4,2.03E-06,8
2.03E-06,1.2,2.03E-06,4
2.03E-06,1.2,2.03E-06,8
2.03E-06,1.2,2.03E-06,4
2.03E-06,1.2,2.03E-06,8
2.03E-06,1.2,2.03E-06,4
2.03E-06,1.2,2.03E-06,8
2.03E-06,1.2,2.03E-06,8
2.03E-06,1.2,2.03E-06,8
2.03E-06,1.2,2.03E-06,4
2.04E-06,1.2,2.04E-06,4
2.04E-06,1.2,2.04E-06,4
2.04E-06,1.2,2.04E-06,4
2.04E-06,1.2,2.04E-06,4
2.04E-06,1.4,2.04E-06,8
2.04E-06,1.2,2.04E-06,4
2.04E-06,1.2,2.04E-06,8
2.04E-06,1.2,2.04E-06,4
2.04E-06,1.4,2.04E-06,4
2.04E-06,1.2,2.04E-06,4
2.05E-06,1.2,2.05E-06,4
2.05E-06,1.2,2.05E-06,4
2.05E-06,1.4,2.05E-06,8
2.05E-06,1.2,2.05E-06,4
2.05E-06,1.4,2.05E-06,4
2.05E-06,1.4,2.05E-06,4
2.05E-06,1.2,2.05E-06,4
2.05E-06,1.2,2.05E-06,4
2.05E-06,1.2,2.05E-06,8
2.05E-06,1.2,2.05E-06,4
2.06E-06,1.2,2.06E-06,4
2.06E-06,1.2,2.06E-06,4
2.06E-06,1.2,2.06E-06,8
2.06E-06,1.2,2.06E-06,4
2.06E-06,1.2,2.06E-06,8
2.06E-06,1.2,2.06E-06,4
2.06E-06,1.4,2.06E-06,4
2.06E-06,1.2,2.06E-06,4
2.06E-06,1.2,2.06E-06,4
2.06E-06,1.2,2.06E-06,4
2.07E-06,1.2,2.07E-06,4
2.07E-06,1.2,2.07E-06,4
2.07E-06,1.2,2.07E-06,8
2.07E-06,1.2,2.07E-06,4
2.07E-06,1.2,2.07E-06,4
2.07E-06,1.2,2.07E-06,4
2.07E-06,1.2,2.07E-06,4
2.07E-06,1.2,2.07E-06,4
2.07E-06,1.4,2.07E-06,4
2.07E-06,1.4,2.07E-06,4
2.08E-06,1.2,2.08E-06,4
2.08E-06,1.2,2.08E-06,4
2.08E-06,1.2,2.08E-06,4
2.08E-06,1.2,2.08E-06,4
2.08E-06,1.2,2.08E-06,4
2.08E-06,1.2,2.08E-06,4
2.08E-06,1.2,2.08E-06,4
2.08E-06,1.2,2.08E-06,4
2.08E-06,1.4,2.08E-06,4
2.08E-06,1.2,2.08E-06,4
2.09E-06,1.4,2.09E-06,4
2.09E-06,1.2,2.09E-06,4
2.09E-06,1.2,2.09E-06,8
2.09E-06,1.2,2.09E-06,4
2.09E-06,1.2,2.09E-06,4
2.09E-06,1.2,2.09E-06,4
2.09E-06,1.2,2.09E-06,8
2.09E-06,1.2,2.09E-06,4
2.09E-06,1.2,2.09E-06,8
2.09E-06,1.2,2.09E-06,4
2.10E-06,1.2,2.10E-06,8
2.10E-06,1.2,2.10E-06,4
2.10E-06,1.4,2.10E-06,8
2.10E-06,1.2,2.10E-06,4
2.10E-06,1.4,2.10E-06,4
2.10E-06,1.2,2.10E-06,4
2.10E-06,1.2,2.10E-06,8
2.10E-06,1.2,2.10E-06,4
2.10E-06,1.2,2.10E-06,8
2.10E-06,1.2,2.10E-06,4
2.11E-06,1.2,2.11E-06,8
2.11E-06,1.2,2.11E-06,4
2.11E-06,1.2,2.11E-06,8
2.11E-06,1.2,2.11E-06,4
2.11E-06,1.4,2.11E-06,8
2.11E-06,1.2,2.11E-06,4
2.11E-06,1.2,2.11E-06,8
2.11E-06,1.2,2.11E-06,4
2.11E-06,1.4,2.11E-06,8
2.11E-06,1.2,2.11E-06,4
2.12E-06,1.4,2.12E-06,8
2.12E-06,1.4,2.12E-06,4
2.12E-06,1.4,2.12E-06,8
2.12E-06,1.2,2.12E-06,4
2.12E-06,1.2,2.12E-06,8
2.12E-06,1.2,2.12E-06,4
2.12E-06,1.2,2.12E-06,8
2.12E-06,1.2,2.12E-06,4
2.12E-06,1.2,2.12E-06,8
2.12E-06,1.2,2.12E-06,4
2.13E-06,1.2,2.13E-06,8
2.13E-06,1.2,2.13E-06,4
2.13E-06,1.2,2.13E-06,8
2.13E-06,1.2,2.13E-06,4
2.13E-06,1.2,2.13E-06,8
2.13E-06,1.2,2.13E-06,4
2.13E-06,1.4,2.13E-06,4
2.13E-06,1.2,2.13E-06,4
2.13E-06,1.4,2.13E-06,4
2.13E-06,1.2,2.13E-06,4
2.14E-06,1.4,2.14E-06,4
2.14E-06,1.2,2.14E-06,4
2.14E-06,1.2,2.14E-06,4
2.14E-06,1.2,2.14E-06,4
2.14E-06,1.2,2.14E-06,8
2.14E-06,1.2,2.14E-06,4
2.14E-06,1.2,2.14E-06,8
2.14E-06,1.2,2.14E-06,4
2.14E-06,1.2,2.14E-06,8
2.14E-06,1.2,2.14E-06,4
2.15E-06,1.2,2.15E-06,8
2.15E-06,1.2,2.15E-06,4
2.15E-06,1.2,2.15E-06,8
2.15E-06,1.2,2.15E-06,4
2.15E-06,1.2,2.15E-06,4
2.15E-06,1.2,2.15E-06,4
2.15E-06,1.2,2.15E-06,4
2.15E-06,1.2,2.15E-06,4
2.15E-06,1.4,2.15E-06,4
2.15E-06,1.2,2.15E-06,4
2.16E-06,1.2,2.16E-06,4
2.16E-06,1.2,2.16E-06,4
2.16E-06,1.2,2.16E-06,8
2.16E-06,1.2,2.16E-06,4
2.16E-06,1.2,2.16E-06,8
2.16E-06,1.2,2.16E-06,4
2.16E-06,1.2,2.16E-06,8
2.16E-06,1.2,2.16E-06,4
2.16E-06,1.2,2.16E-06,8
2.16E-06,1.2,2.16E-06,4
2.17E-06,1.2,2.17E-06,4
2.17E-06,1.2,2.17E-06,4
2.17E-06,1.2,2.17E-06,8
2.17E-06,1.2,2.17E-06,4
2.17E-06,1.2,2.17E-06,8
2.17E-06,1.2,2.17E-06,4
2.17E-06,1.2,2.17E-06,8
2.17E-06,1.2,2.17E-06,4
2.17E-06,1.2,2.17E-06,8
2.17E-06,1.2,2.17E-06,4
2.18E-06,1.2,2.18E-06,8
2.18E-06,1.2,2.18E-06,4
2.18E-06,1.2,2.18E-06,4
2.18E-06,1.2,2.18E-06,4
2.18E-06,1.2,2.18E-06,4
2.18E-06,1.2,2.18E-06,4
2.18E-06,1.2,2.18E-06,8
2.18E-06,1.2,2.18E-06,4
2.18E-06,1.4,2.18E-06,8
2.18E-06,1.2,2.18E-06,4
2.19E-06,1.2,2.19E-06,4
2.19E-06,1.2,2.19E-06,4
2.19E-06,1.4,2.19E-06,8
2.19E-06,1.2,2.19E-06,8
2.19E-06,1.4,2.19E-06,8
2.19E-06,1.2,2.19E-06,4
2.19E-06,1.4,2.19E-06,8
2.19E-06,1.2,2.19E-06,4
2.19E-06,1.4,2.19E-06,8
2.19E-06,1.4,2.19E-06,4
2.20E-06,1.4,2.20E-06,8
2.20E-06,1.2,2.20E-06,4
2.20E-06,1.2,2.20E-06,4
2.20E-06,1.2,2.20E-06,4
2.20E-06,1.2,2.20E-06,4
2.20E-06,1.2,2.20E-06,4
2.20E-06,1.2,2.20E-06,8
2.20E-06,1.2,2.20E-06,4
2.20E-06,1.2,2.20E-06,4
2.20E-06,1.2,2.20E-06,4
2.21E-06,1.2,2.21E-06,4
2.21E-06,1.2,2.21E-06,4
2.21E-06,1.2,2.21E-06,4
2.21E-06,1.2,2.21E-06,4
2.21E-06,1.2,2.21E-06,4
2.21E-06,1.4,2.21E-06,4
2.21E-06,1.2,2.21E-06,4
2.21E-06,1.2,2.21E-06,4
2.21E-06,1.4,2.21E-06,4
2.21E-06,1.2,2.21E-06,4
2.22E-06,1.4,2.22E-06,4
2.22E-06,1.2,2.22E-06,4
2.22E-06,1.4,2.22E-06,4
2.22E-06,1.2,2.22E-06,4
2.22E-06,1.4,2.22E-06,4
2.22E-06,1.2,2.22E-06,4
2.22E-06,1.2,2.22E-06,4
2.22E-06,1.2,2.22E-06,4
2.22E-06,1.4,2.22E-06,4
2.22E-06,1.2,2.22E-06,4
2.23E-06,1.2,2.23E-06,4
2.23E-06,1.2,2.23E-06,8
2.23E-06,1.2,2.23E-06,4
2.23E-06,1.2,2.23E-06,4
2.23E-06,1.2,2.23E-06,8
2.23E-06,1.2,2.23E-06,4
2.23E-06,1.2,2.23E-06,4
2.23E-06,1.2,2.23E-06,4
2.23E-06,1.4,2.23E-06,4
2.23E-06,1.4,2.23E-06,8
2.24E-06,1.4,2.24E-06,8
2.24E-06,1.2,2.24E-06,4
2.24E-06,1.4,2.24E-06,4
2.24E-06,1.2,2.24E-06,4
2.24E-06,1.2,2.24E-06,4
2.24E-06,1.2,2.24E-06,4
2.24E-06,1.2,2.24E-06,4
2.24E-06,1.2,2.24E-06,4
2.24E-06,1.2,2.24E-06,4
2.24E-06,1.2,2.24E-06,4
2.25E-06,1.2,2.25E-06,8
2.25E-06,1.2,2.25E-06,4
2.25E-06,1.2,2.25E-06,8
2.25E-06,1.2,2.25E-06,4
2.25E-06,1.4,2.25E-06,8
2.25E-06,1.2,2.25E-06,4
2.25E-06,1.4,2.25E-06,8
2.25E-06,1.2,2.25E-06,4
2.25E-06,1.4,2.25E-06,4
2.25E-06,1.2,2.25E-06,4
2.26E-06,1.4,2.26E-06,8
2.26E-06,1.2,2.26E-06,4
2.26E-06,1.2,2.26E-06,8
2.26E-06,1.2,2.26E-06,4
2.26E-06,1.2,2.26E-06,8
2.26E-06,1.2,2.26E-06,8
2.26E-06,1.2,2.26E-06,4
2.26E-06,1.2,2.26E-06,4
2.26E-06,1.2,2.26E-06,4
2.26E-06,1.4,2.26E-06,4
2.27E-06,1.2,2.27E-06,8
2.27E-06,1.2,2.27E-06,4
2.27E-06,1.2,2.27E-06,4
2.27E-06,1.2,2.27E-06,4
2.27E-06,1.2,2.27E-06,4
2.27E-06,1.2,2.27E-06,4
2.27E-06,1.2,2.27E-06,4
2.27E-06,1.2,2.27E-06,8
2.27E-06,1.2,2.27E-06,4
2.27E-06,1.2,2.27E-06,8
2.28E-06,1.2,2.28E-06,8
2.28E-06,1.2,2.28E-06,8
2.28E-06,1.2,2.28E-06,8
2.28E-06,1.2,2.28E-06,4
2.28E-06,1.2,2.28E-06,4
2.28E-06,1.2,2.28E-06,4
2.28E-06,1.2,2.28E-06,4
2.28E-06,1.2,2.28E-06,4
2.28E-06,1.2,2.28E-06,4
2.28E-06,1.2,2.28E-06,4
2.29E-06,1.2,2.29E-06,4
2.29E-06,1.2,2.29E-06,4
2.29E-06,1.2,2.29E-06,4
2.29E-06,1.2,2.29E-06,4
2.29E-06,1.2,2.29E-06,4
2.29E-06,1.2,2.29E-06,4
2.29E-06,1.4,2.29E-06,8
2.29E-06,1.2,2.29E-06,8
2.29E-06,1.2,2.29E-06,8
2.29E-06,1.2,2.29E-06,4
2.30E-06,1.2,2.30E-06,8
2.30E-06,1.2,2.30E-06,4
2.30E-06,1.2,2.30E-06,4
2.30E-06,1.2,2.30E-06,4
2.30E-06,1.2,2.30E-06,4
2.30E-06,1.2,2.30E-06,4
2.30E-06,1.2,2.30E-06,8
2.30E-06,1.2,2.30E-06,4
2.30E-06,1.4,2.30E-06,8
2.30E-06,1.2,2.30E-06,4
2.31E-06,1.2,2.31E-06,4
2.31E-06,1.2,2.31E-06,4
2.31E-06,1.4,2.31E-06,4
2.31E-06,1.2,2.31E-06,4
2.31E-06,1.2,2.31E-06,8
2.31E-06,1.2,2.31E-06,4
2.31E-06,1.2,2.31E-06,8
2.31E-06,1.2,2.31E-06,4
2.31E-06,1.2,2.31E-06,4
2.31E-06,1.2,2.31E-06,4
2.32E-06,1.4,2.32E-06,4
2.32E-06,1.2,2.32E-06,4
2.32E-06,1.2,2.32E-06,8
2.32E-06,1.2,2.32E-06,4
2.32E-06,1.2,2.32E-06,8
2.32E-06,1.2,2.32E-06,4
2.32E-06,1.2,2.32E-06,4
2.32E-06,1.2,2.32E-06,4
2.32E-06,1.2,2.32E-06,4
2.32E-06,1.2,2.32E-06,4
2.33E-06,1.2,2.33E-06,4
2.33E-06,1.2,2.33E-06,4
2.33E-06,1.2,2.33E-06,4
2.33E-06,1.2,2.33E-06,4
2.33E-06,1.2,2.33E-06,8
2.33E-06,1.2,2.33E-06,4
2.33E-06,1.4,2.33E-06,4
2.33E-06,1.2,2.33E-06,4
2.33E-06,1.2,2.33E-06,8
2.33E-06,1.2,2.33E-06,4
2.34E-06,1.2,2.34E-06,8
2.34E-06,1.2,2.34E-06,8
2.34E-06,1.2,2.34E-06,8
2.34E-06,1.2,2.34E-06,8
2.34E-06,1.4,2.34E-06,4
2.34E-06,1.2,2.34E-06,4
2.34E-06,1.4,2.34E-06,4
2.34E-06,1.2,2.34E-06,4
2.34E-06,1.2,2.34E-06,4
2.34E-06,1.2,2.34E-06,4
2.35E-06,1.2,2.35E-06,4
2.35E-06,1.2,2.35E-06,4
2.35E-06,1.2,2.35E-06,4
2.35E-06,1.2,2.35E-06,4
2.35E-06,1.2,2.35E-06,8
2.35E-06,1.2,2.35E-06,4
2.35E-06,1.4,2.35E-06,8
2.35E-06,1.2,2.35E-06,8
2.35E-06,1.2,2.35E-06,4
2.35E-06,1.2,2.35E-06,8
2.36E-06,1.2,2.36E-06,8
2.36E-06,1.2,2.36E-06,4
2.36E-06,1.2,2.36E-06,4
2.36E-06,1.2,2.36E-06,4
2.36E-06,1.2,2.36E-06,4
2.36E-06,1.2,2.36E-06,4
2.36E-06,1.2,2.36E-06,4
2.36E-06,1.2,2.36E-06,4
2.36E-06,1.2,2.36E-06,8
2.36E-06,1.2,2.36E-06,4
2.37E-06,1.2,2.37E-06,8
2.37E-06,1.2,2.37E-06,4
2.37E-06,1.2,2.37E-06,8
2.37E-06,1.2,2.37E-06,4
2.37E-06,1.2,2.37E-06,8
2.37E-06,1.2,2.37E-06,4
2.37E-06,1.2,2.37E-06,4
2.37E-06,1.2,2.37E-06,8
2.37E-06,1.2,2.37E-06,4
2.37E-06,1.2,2.37E-06,8
2.38E-06,1.2,2.38E-06,8
2.38E-06,1.2,2.38E-06,8
2.38E-06,1.2,2.38E-06,8
2.38E-06,1.2,2.38E-06,4
2.38E-06,1.2,2.38E-06,4
2.38E-06,1.2,2.38E-06,4
2.38E-06,1.2,2.38E-06,4
2.38E-06,1.2,2.38E-06,4
2.38E-06,1.2,2.38E-06,4
2.38E-06,1.2,2.38E-06,4
2.39E-06,1.2,2.39E-06,4
2.39E-06,1.2,2.39E-06,4
2.39E-06,1.2,2.39E-06,4
2.39E-06,1.2,2.39E-06,4
2.39E-06,1.2,2.39E-06,8
2.39E-06,1.2,2.39E-06,4
2.39E-06,1.2,2.39E-06,4
2.39E-06,1.2,2.39E-06,4
2.39E-06,1.2,2.39E-06,4
2.39E-06,1.2,2.39E-06,4
2.40E-06,1.2,2.40E-06,8
2.40E-06,1.2,2.40E-06,4
2.40E-06,1.2,2.40E-06,8
2.40E-06,1.2,2.40E-06,4
2.40E-06,1.2,2.40E-06,4
2.40E-06,1.2,2.40E-06,4
2.40E-06,1.2,2.40E-06,4
2.40E-06,1.2,2.40E-06,4
2.40E-06,1.2,2.40E-06,4
2.40E-06,1.2,2.40E-06,4
2.41E-06,1.4,2.41E-06,8
2.41E-06,1.2,2.41E-06,4
2.41E-06,1.4,2.41E-06,8
2.41E-06,1.4,2.41E-06,4
2.41E-06,1.4,2.41E-06,8
2.41E-06,1.4,2.41E-06,4
2.41E-06,1.2,2.41E-06,4
2.41E-06,1.2,2.41E-06,4
2.41E-06,1.2,2.41E-06,8
2.41E-06,1.2,2.41E-06,4
2.42E-06,1.2,2.42E-06,8
2.42E-06,1.2,2.42E-06,4
2.42E-06,1.2,2.42E-06,4
2.42E-06,1.2,2.42E-06,4
2.42E-06,1.2,2.42E-06,8
2.42E-06,1.2,2.42E-06,4
2.42E-06,1.2,2.42E-06,8
2.42E-06,1.2,2.42E-06,4
2.42E-06,1.2,2.42E-06,4
2.42E-06,1.2,2.42E-06,4
2.43E-06,1.2,2.43E-06,8
2.43E-06,1.2,2.43E-06,4
2.43E-06,1.2,2.43E-06,8
2.43E-06,1.2,2.43E-06,4
2.43E-06,1.2,2.43E-06,4
2.43E-06,1.2,2.43E-06,4
2.43E-06,1.2,2.43E-06,4
2.43E-06,1.2,2.43E-06,4
2.43E-06,1.2,2.43E-06,4
2.43E-06,1.2,2.43E-06,4
2.44E-06,1.2,2.44E-06,4
2.44E-06,1.2,2.44E-06,4
2.44E-06,1.2,2.44E-06,4
2.44E-06,1.2,2.44E-06,4
2.44E-06,1.2,2.44E-06,8
2.44E-06,1.2,2.44E-06,4
2.44E-06,1.2,2.44E-06,8
2.44E-06,1.2,2.44E-06,4
2.44E-06,1.2,2.44E-06,8
2.44E-06,1.2,2.44E-06,4
2.45E-06,1.2,2.45E-06,4
2.45E-06,1.2,2.45E-06,4
2.45E-06,1.2,2.45E-06,8
2.45E-06,1.2,2.45E-06,4
2.45E-06,1.2,2.45E-06,8
2.45E-06,1.2,2.45E-06,8
2.45E-06,1.2,2.45E-06,8
2.45E-06,1.2,2.45E-06,4
2.45E-06,1.2,2.45E-06,8
2.45E-06,1.2,2.45E-06,4
2.46E-06,1.2,2.46E-06,8
2.46E-06,1.2,2.46E-06,4
2.46E-06,1.2,2.46E-06,4
2.46E-06,1.2,2.46E-06,4
2.46E-06,1.4,2.46E-06,8
2.46E-06,1.2,2.46E-06,4
2.46E-06,1.4,2.46E-06,4
2.46E-06,1.2,2.46E-06,4
2.46E-06,1.2,2.46E-06,8
2.46E-06,1.2,2.46E-06,4
2.47E-06,1.2,2.47E-06,8
2.47E-06,1.2,2.47E-06,4
2.47E-06,1.2,2.47E-06,8
2.47E-06,1.2,2.47E-06,4
2.47E-06,1.4,2.47E-06,4
2.47E-06,1.2,2.47E-06,4
2.47E-06,1.4,2.47E-06,4
2.47E-06,1.2,2.47E-06,4
2.47E-06,1.2,2.47E-06,8
2.47E-06,1.2,2.47E-06,4
2.48E-06,1.2,2.48E-06,4
2.48E-06,1.2,2.48E-06,4
2.48E-06,1.2,2.48E-06,4
2.48E-06,1.2,2.48E-06,4
2.48E-06,1.2,2.48E-06,8
2.48E-06,1.2,2.48E-06,4
2.48E-06,1.2,2.48E-06,4
2.48E-06,1.2,2.48E-06,4
2.48E-06,1.2,2.48E-06,4
2.48E-06,1.2,2.48E-06,4
2.49E-06,1.2,2.49E-06,8
2.49E-06,1.2,2.49E-06,4
2.49E-06,1.2,2.49E-06,4
2.49E-06,1.2,2.49E-06,4
2.49E-06,1.2,2.49E-06,8
2.49E-06,1.2,2.49E-06,8
2.49E-06,1.2,2.49E-06,8
2.49E-06,1.2,2.49E-06,4
2.49E-06,1.2,2.49E-06,8
2.49E-06,1.2,2.49E-06,4
2.50E-06,1.2,2.50E-06,8
2.50E-06,1.2,2.50E-06,4
2.50E-06,1.4,2.50E-06,4
2.50E-06,1.2,2.50E-06,4
2.50E-06,1.4,2.50E-06,8
2.50E-06,1.2,2.50E-06,4
2.50E-06,1.2,2.50E-06,8
2.50E-06,1.2,2.50E-06,4
2.50E-06,1.2,2.50E-06,8
2.50E-06,1.2,2.50E-06,4
2.51E-06,1.2,2.51E-06,8
2.51E-06,1.2,2.51E-06,4
2.51E-06,1.2,2.51E-06,8
2.51E-06,1.2,2.51E-06,4
2.51E-06,1.2,2.51E-06,8
2.51E-06,1.2,2.51E-06,4
2.51E-06,1.2,2.51E-06,4
2.51E-06,1.2,2.51E-06,8
2.51E-06,1.2,2.51E-06,4
2.51E-06,1.2,2.51E-06,4
2.52E-06,1.2,2.52E-06,4
2.52E-06,1.2,2.52E-06,4
2.52E-06,1.2,2.52E-06,4
2.52E-06,1.2,2.52E-06,4
2.52E-06,1.2,2.52E-06,8
2.52E-06,1.2,2.52E-06,4
2.52E-06,1.2,2.52E-06,4
2.52E-06,1.2,2.52E-06,4
2.52E-06,1.2,2.52E-06,4
2.52E-06,1.2,2.52E-06,4
2.53E-06,1.2,2.53E-06,4
2.53E-06,1.2,2.53E-06,4
2.53E-06,1.2,2.53E-06,4
2.53E-06,1.2,2.53E-06,4
2.53E-06,1.2,2.53E-06,8
2.53E-06,1.2,2.53E-06,4
2.53E-06,1.2,2.53E-06,4
2.53E-06,1.2,2.53E-06,4
2.53E-06,1.2,2.53E-06,4
2.53E-06,1.2,2.53E-06,4
2.54E-06,1.2,2.54E-06,4
2.54E-06,1.2,2.54E-06,4
2.54E-06,1.2,2.54E-06,4
2.54E-06,1.2,2.54E-06,4
2.54E-06,1.2,2.54E-06,8
2.54E-06,1.2,2.54E-06,4
2.54E-06,1.2,2.54E-06,4
2.54E-06,1.2,2.54E-06,8
2.54E-06,1.2,2.54E-06,8
2.54E-06,1.2,2.54E-06,8
2.55E-06,1.2,2.55E-06,8
2.55E-06,1.2,2.55E-06,8
2.55E-06,1.2,2.55E-06,8
2.55E-06,1.2,2.55E-06,4
2.55E-06,1.2,2.55E-06,4
2.55E-06,1.2,2.55E-06,4
2.55E-06,1.2,2.55E-06,4
2.55E-06,1.2,2.55E-06,4
2.55E-06,1.2,2.55E-06,4
2.55E-06,1.2,2.55E-06,8
2.56E-06,1.2,2.56E-06,4
2.56E-06,1.2,2.56E-06,8
2.56E-06,1.2,2.56E-06,8
2.56E-06,1.2,2.56E-06,4
2.56E-06,1.2,2.56E-06,8
2.56E-06,1.2,2.56E-06,4
2.56E-06,1.2,2.56E-06,8
2.56E-06,1.2,2.56E-06,4
2.56E-06,1.2,2.56E-06,4
2.56E-06,1.2,2.56E-06,4
2.57E-06,1.2,2.57E-06,8
2.57E-06,1.2,2.57E-06,4
2.57E-06,1.4,2.57E-06,4
2.57E-06,1.4,2.57E-06,8
2.57E-06,1.2,2.57E-06,8
2.57E-06,1.2,2.57E-06,8
2.57E-06,1.2,2.57E-06,4
2.57E-06,1.2,2.57E-06,4
2.57E-06,1.2,2.57E-06,4
2.57E-06,1.2,2.57E-06,4
2.58E-06,1.2,2.58E-06,4
2.58E-06,1.2,2.58E-06,4
2.58E-06,1.2,2.58E-06,8
2.58E-06,1.2,2.58E-06,8
2.58E-06,1.2,2.58E-06,8
2.58E-06,1.2,2.58E-06,4
2.58E-06,1.2,2.58E-06,8
2.58E-06,1.2,2.58E-06,4
2.58E-06,1.2,2.58E-06,8
2.58E-06,1.2,2.58E-06,4
2.59E-06,1.2,2.59E-06,8
2.59E-06,1.2,2.59E-06,8
2.59E-06,1.2,2.59E-06,8
2.59E-06,1.2,2.59E-06,4
2.59E-06,1.2,2.59E-06,8
2.59E-06,1.2,2.59E-06,8
2.59E-06,1.2,2.59E-06,8
2.59E-06,1.2,2.59E-06,4
2.59E-06,1.2,2.59E-06,8
2.59E-06,1.2,2.59E-06,4
2.60E-06,1.2,2.60E-06,4
2.60E-06,1.2,2.60E-06,4
2.60E-06,1.4,2.60E-06,4
2.60E-06,1.2,2.60E-06,4
2.60E-06,1.2,2.60E-06,4
2.60E-06,1.2,2.60E-06,4
2.60E-06,1.2,2.60E-06,8
2.60E-06,1.2,2.60E-06,4
2.60E-06,1.2,2.60E-06,4
2.60E-06,1.2,2.60E-06,4
2.61E-06,1.2,2.61E-06,8
2.61E-06,1.2,2.61E-06,4
2.61E-06,1.2,2.61E-06,8
2.61E-06,1.2,2.61E-06,8
2.61E-06,1.2,2.61E-06,4
2.61E-06,1.2,2.61E-06,8
2.61E-06,1.2,2.61E-06,4
2.61E-06,1.2,2.61E-06,4
2.61E-06,1.2,2.61E-06,4
2.61E-06,1.2,2.61E-06,4
2.62E-06,1.2,2.62E-06,4
2.62E-06,1.2,2.62E-06,4
2.62E-06,1.2,2.62E-06,4
2.62E-06,1.2,2.62E-06,4
2.62E-06,1.2,2.62E-06,8
2.62E-06,1.2,2.62E-06,4
2.62E-06,1.2,2.62E-06,4
2.62E-06,1.2,2.62E-06,4
2.62E-06,1.2,2.62E-06,4
2.62E-06,1.2,2.62E-06,8
2.63E-06,1.2,2.63E-06,8
2.63E-06,1.2,2.63E-06,8
2.63E-06,1.2,2.63E-06,8
2.63E-06,1.2,2.63E-06,8
2.63E-06,1.2,2.63E-06,8
2.63E-06,1.2,2.63E-06,4
2.63E-06,1.2,2.63E-06,4
2.63E-06,1.2,2.63E-06,4
2.63E-06,1.2,2.63E-06,4
2.63E-06,1.2,2.63E-06,4
2.64E-06,1.2,2.64E-06,4
2.64E-06,1.2,2.64E-06,4
2.64E-06,1.2,2.64E-06,8
2.64E-06,1.2,2.64E-06,4
2.64E-06,1.2,2.64E-06,4
2.64E-06,1.2,2.64E-06,4
2.64E-06,1.2,2.64E-06,8
2.64E-06,1.2,2.64E-06,4
2.64E-06,1.2,2.64E-06,8
2.64E-06,1.2,2.64E-06,4
2.65E-06,1.2,2.65E-06,8
2.65E-06,1.2,2.65E-06,4
2.65E-06,1.2,2.65E-06,8
2.65E-06,1.2,2.65E-06,4
2.65E-06,1.2,2.65E-06,8
2.65E-06,1.2,2.65E-06,4
2.65E-06,1.2,2.65E-06,8
2.65E-06,1.2,2.65E-06,4
2.65E-06,1.2,2.65E-06,8
2.65E-06,1.2,2.65E-06,4
2.66E-06,1.2,2.66E-06,8
2.66E-06,1.2,2.66E-06,8
2.66E-06,1.2,2.66E-06,4
2.66E-06,1.2,2.66E-06,4
2.66E-06,1.2,2.66E-06,8
2.66E-06,1.2,2.66E-06,4
2.66E-06,1.2,2.66E-06,8
2.66E-06,1.2,2.66E-06,4
2.66E-06,1.2,2.66E-06,8
2.66E-06,1.2,2.66E-06,4
2.67E-06,1.2,2.67E-06,4
2.67E-06,1.2,2.67E-06,4
2.67E-06,1.2,2.67E-06,8
2.67E-06,1.2,2.67E-06,4
2.67E-06,1.2,2.67E-06,8
2.67E-06,1.2,2.67E-06,4
2.67E-06,1.2,2.67E-06,8
2.67E-06,1,2.67E-06,4
2.67E-06,1.2,2.67E-06,8
2.67E-06,1.2,2.67E-06,4
2.68E-06,1.2,2.68E-06,8
2.68E-06,1.2,2.68E-06,4
2.68E-06,1.2,2.68E-06,4
2.68E-06,1.2,2.68E-06,4
2.68E-06,1.2,2.68E-06,8
2.68E-06,1.2,2.68E-06,4
2.68E-06,1.2,2.68E-06,8
2.68E-06,1.2,2.68E-06,4
2.68E-06,1.2,2.68E-06,4
2.68E-06,1.2,2.68E-06,4
2.69E-06,1.2,2.69E-06,4
2.69E-06,1.2,2.69E-06,4
2.69E-06,1.2,2.69E-06,8
2.69E-06,1.2,2.69E-06,4
2.69E-06,1.2,2.69E-06,8
2.69E-06,1.2,2.69E-06,4
2.69E-06,1.2,2.69E-06,8
2.69E-06,1.2,2.69E-06,4
2.69E-06,1.2,2.69E-06,4
2.69E-06,1.2,2.69E-06,4
2.70E-06,1.2,2.70E-06,4
2.70E-06,1.2,2.70E-06,4
2.70E-06,1.2,2.70E-06,4
2.70E-06,1.2,2.70E-06,4
2.70E-06,1.2,2.70E-06,4
2.70E-06,1.2,2.70E-06,4
2.70E-06,1.2,2.70E-06,4
2.70E-06,1.2,2.70E-06,4
2.70E-06,1.2,2.70E-06,4
2.70E-06,1.2,2.70E-06,4
2.71E-06,1.2,2.71E-06,4
2.71E-06,1.2,2.71E-06,4
2.71E-06,1.2,2.71E-06,8
2.71E-06,1.2,2.71E-06,4
2.71E-06,1.2,2.71E-06,8
2.71E-06,1.2,2.71E-06,4
2.71E-06,1.2,2.71E-06,8
2.71E-06,1.2,2.71E-06,4
2.71E-06,1.2,2.71E-06,4
2.71E-06,1.2,2.71E-06,4
2.72E-06,1.2,2.72E-06,4
2.72E-06,1.2,2.72E-06,4
2.72E-06,1.2,2.72E-06,4
2.72E-06,1.2,2.72E-06,4
2.72E-06,1.2,2.72E-06,4
2.72E-06,1.2,2.72E-06,8
2.72E-06,1.2,2.72E-06,4
2.72E-06,1.2,2.72E-06,8
2.72E-06,1.2,2.72E-06,4
2.72E-06,1,2.72E-06,4
2.73E-06,1.2,2.73E-06,4
2.73E-06,1,2.73E-06,4
2.73E-06,1.2,2.73E-06,4
2.73E-06,1.2,2.73E-06,4
2.73E-06,1.2,2.73E-06,8
2.73E-06,1.2,2.73E-06,4
2.73E-06,1.2,2.73E-06,4
2.73E-06,1.2,2.73E-06,4
2.73E-06,1.2,2.73E-06,4
2.73E-06,1.2,2.73E-06,4
2.74E-06,1.2,2.74E-06,4
2.74E-06,1.2,2.74E-06,4
2.74E-06,1.2,2.74E-06,4
2.74E-06,1.2,2.74E-06,4
2.74E-06,1.2,2.74E-06,4
2.74E-06,1.2,2.74E-06,8
2.74E-06,1.2,2.74E-06,4
2.74E-06,1.2,2.74E-06,4
2.74E-06,1.2,2.74E-06,4
2.74E-06,1.2,2.74E-06,8
2.75E-06,1.2,2.75E-06,4
2.75E-06,1.2,2.75E-06,4
2.75E-06,1.2,2.75E-06,4
2.75E-06,1.2,2.75E-06,4
2.75E-06,1.2,2.75E-06,4
2.75E-06,1.2,2.75E-06,4
2.75E-06,1.2,2.75E-06,4
2.75E-06,1.2,2.75E-06,4
2.75E-06,1.2,2.75E-06,4
2.75E-06,1.2,2.75E-06,8
2.76E-06,1.2,2.76E-06,8
2.76E-06,1.2,2.76E-06,4
2.76E-06,1.2,2.76E-06,8
2.76E-06,1.2,2.76E-06,4
2.76E-06,1.2,2.76E-06,8
2.76E-06,1.2,2.76E-06,4
2.76E-06,1.2,2.76E-06,8
2.76E-06,1.2,2.76E-06,4
2.76E-06,1.2,2.76E-06,8
2.76E-06,1.2,2.76E-06,4
2.77E-06,1.2,2.77E-06,8
2.77E-06,1.2,2.77E-06,8
2.77E-06,1.2,2.77E-06,8
2.77E-06,1.2,2.77E-06,8
2.77E-06,1.2,2.77E-06,4
2.77E-06,1.2,2.77E-06,4
2.77E-06,1.2,2.77E-06,8
2.77E-06,1.2,2.77E-06,8
2.77E-06,1.4,2.77E-06,8
2.77E-06,1.2,2.77E-06,8
2.78E-06,1.2,2.78E-06,4
