  Time                 , (MAX(-I(R1)))@1      , (MAX(-I(R1)))@2      , (MAX(-I(R1)))@3      , (MAX(-I(R1)))@4      , (MAX(-I(R1)))@5      , (MAX(-I(R1)))@6      , (MAX(-I(R1)))@7      , (MAX(-I(R1)))@8      , (MAX(-I(R1)))@9      , (MAX(-I(R1)))@10     , (MAX(-I(R1)))@11     , (MAX(-I(R1)))@12     , (MAX(-I(R1)))@13     , (MAX(-I(R1)))@14     , (MAX(-I(R1)))@15     , (MAX(-I(R1)))@16     , (MAX(-I(R1)))@17     , (MAX(-I(R1)))@18     , (MAX(-I(R1)))@19     
  4.000000000001e-06  ,1.000000000000e+31  ,1.000000000000e+31  ,1.000000000000e+31  ,1.000000000000e+31  ,1.000000000000e+31  ,1.000000000000e+31  ,2.341059460136e+01  ,2.095200475084e+01  ,1.896080309518e+01  ,1.731538507714e+01  ,1.593282539325e+01  ,1.475478832541e+01  ,1.373900339915e+01  ,1.285410818665e+01  ,1.207633191720e+01  ,1.138733211133e+01  ,1.077275867902e+01  ,1.022108376099e+01  ,9.723195627371e+00  
  4.000002795068e-06  ,7.923573044702e+01  ,5.668752769841e+01  ,4.413423308081e+01  ,3.613492651124e+01  ,3.059154405377e+01  ,2.652337105733e+01  ,2.341059460136e+01  ,2.095200475084e+01  ,1.896080309518e+01  ,1.731538507714e+01  ,1.593282539325e+01  ,1.475478832541e+01  ,1.373900339915e+01  ,1.285410818665e+01  ,1.207633191720e+01  ,1.138733211133e+01  ,1.077275867902e+01  ,1.022108376099e+01  ,9.723195627371e+00  
  4.000008385186e-06  ,7.923573044702e+01  ,5.668752769841e+01  ,4.413423308081e+01  ,3.613492651124e+01  ,3.059154405377e+01  ,2.652337105733e+01  ,2.341059460136e+01  ,2.095200475084e+01  ,1.896080309518e+01  ,1.731538507714e+01  ,1.593282539325e+01  ,1.475478832541e+01  ,1.373900339915e+01  ,1.285410818665e+01  ,1.207633191720e+01  ,1.138733211133e+01  ,1.077275867902e+01  ,1.022108376099e+01  ,9.723195627371e+00  
  4.000018292130e-06  ,7.923573044702e+01  ,5.668752769841e+01  ,4.413423308081e+01  ,3.613492651124e+01  ,3.059154405377e+01  ,2.652337105733e+01  ,2.341059460136e+01  ,2.095200475084e+01  ,1.896080309518e+01  ,1.731538507714e+01  ,1.593282539325e+01  ,1.475478832541e+01  ,1.373900339915e+01  ,1.285410818665e+01  ,1.207633191720e+01  ,1.138733211133e+01  ,1.077275867902e+01  ,1.022108376099e+01  ,9.723195627371e+00  
  4.000029472367e-06  ,7.923573044702e+01  ,5.668752769841e+01  ,4.413423308081e+01  ,3.613492651124e+01  ,3.059154405377e+01  ,2.652337105733e+01  ,2.341059460136e+01  ,2.095200475084e+01  ,1.896080309518e+01  ,1.731538507714e+01  ,1.593282539325e+01  ,1.475478832541e+01  ,1.373900339915e+01  ,1.285410818665e+01  ,1.207633191720e+01  ,1.138733211133e+01  ,1.077275867902e+01  ,1.022108376099e+01  ,9.723195627371e+00  
  4.000047673902e-06  ,7.923573044702e+01  ,5.668752769841e+01  ,4.413423308081e+01  ,3.613492651124e+01  ,3.059154405377e+01  ,2.652337105733e+01  ,2.341059460136e+01  ,2.095200475084e+01  ,1.896080309518e+01  ,1.731538507714e+01  ,1.593282539325e+01  ,1.475478832541e+01  ,1.373900339915e+01  ,1.285410818665e+01  ,1.207633191720e+01  ,1.138733211133e+01  ,1.077275867902e+01  ,1.022108376099e+01  ,9.723195627371e+00  
  4.000067467417e-06  ,7.923573044702e+01  ,5.668752769841e+01  ,4.413423308081e+01  ,3.613492651124e+01  ,3.059154405377e+01  ,2.652337105733e+01  ,2.341059460136e+01  ,2.095200475084e+01  ,1.896080309518e+01  ,1.731538507714e+01  ,1.593282539325e+01  ,1.475478832541e+01  ,1.373900339915e+01  ,1.285410818665e+01  ,1.207633191720e+01  ,1.138733211133e+01  ,1.077275867902e+01  ,1.022108376099e+01  ,9.723195627371e+00  
  4.000092316268e-06  ,7.923573044702e+01  ,5.668752769841e+01  ,4.413423308081e+01  ,3.613492651124e+01  ,3.059154405377e+01  ,2.652337105733e+01  ,2.341059460136e+01  ,2.095200475084e+01  ,1.896080309518e+01  ,1.731538507714e+01  ,1.593282539325e+01  ,1.475478832541e+01  ,1.373900339915e+01  ,1.285410818665e+01  ,1.207633191720e+01  ,1.138733211133e+01  ,1.077275867902e+01  ,1.022108376099e+01  ,9.723195627371e+00  
  4.000126676250e-06  ,7.923573044702e+01  ,5.668752769841e+01  ,4.413423308081e+01  ,3.613492651124e+01  ,3.059154405377e+01  ,2.652337105733e+01  ,2.341059460136e+01  ,2.095200475084e+01  ,1.896080309518e+01  ,1.731538507714e+01  ,1.593282539325e+01  ,1.475478832541e+01  ,1.373900339915e+01  ,1.285410818665e+01  ,1.207633191720e+01  ,1.138733211133e+01  ,1.077275867902e+01  ,1.022108376099e+01  ,9.723195627371e+00  
  4.000175716204e-06  ,7.923573044702e+01  ,5.668752769841e+01  ,4.413423308081e+01  ,3.613492651124e+01  ,3.059154405377e+01  ,2.652337105733e+01  ,2.341059460136e+01  ,2.095200475084e+01  ,1.896080309518e+01  ,1.731538507714e+01  ,1.593282539325e+01  ,1.475478832541e+01  ,1.373900339915e+01  ,1.285410818665e+01  ,1.207633191720e+01  ,1.138733211133e+01  ,1.077275867902e+01  ,1.022108376099e+01  ,9.723195627371e+00  
  4.000237975118e-06  ,7.923573044702e+01  ,5.668752769841e+01  ,4.413423308081e+01  ,3.613492651124e+01  ,3.059154405377e+01  ,2.652337105733e+01  ,2.341059460136e+01  ,2.095200475084e+01  ,1.896080309518e+01  ,1.731538507714e+01  ,1.593282539325e+01  ,1.475478832541e+01  ,1.373900339915e+01  ,1.285410818665e+01  ,1.207633191720e+01  ,1.138733211133e+01  ,1.077275867902e+01  ,1.022108376099e+01  ,9.723195627371e+00  
  4.000361561624e-06  ,7.923573044702e+01  ,5.668752769841e+01  ,4.413423308081e+01  ,3.613492651124e+01  ,3.059154405377e+01  ,2.652337105733e+01  ,2.341059460136e+01  ,2.095200475084e+01  ,1.896080309518e+01  ,1.731538507714e+01  ,1.593282539325e+01  ,1.475478832541e+01  ,1.373900339915e+01  ,1.285410818665e+01  ,1.207633191720e+01  ,1.138733211133e+01  ,1.077275867902e+01  ,1.022108376099e+01  ,9.723195627371e+00  
  4.000503262354e-06  ,7.923573044702e+01  ,5.668752769841e+01  ,4.413423308081e+01  ,3.613492651124e+01  ,3.059154405377e+01  ,2.652337105733e+01  ,2.341059460136e+01  ,2.095200475084e+01  ,1.896080309518e+01  ,1.731538507714e+01  ,1.593282539325e+01  ,1.475478832541e+01  ,1.373900339915e+01  ,1.285410818665e+01  ,1.207633191720e+01  ,1.138733211133e+01  ,1.077275867902e+01  ,1.022108376099e+01  ,9.723195627371e+00  
  4.000691273099e-06  ,7.923573044702e+01  ,5.668752769841e+01  ,4.413423308081e+01  ,3.613492651124e+01  ,3.059154405377e+01  ,2.652337105733e+01  ,2.341059460136e+01  ,2.095200475084e+01  ,1.896080309518e+01  ,1.731538507714e+01  ,1.593282539325e+01  ,1.475478832541e+01  ,1.373900339915e+01  ,1.285410818665e+01  ,1.207633191720e+01  ,1.138733211133e+01  ,1.077275867902e+01  ,1.022108376099e+01  ,9.723195627371e+00  
  4.001000000001e-06  ,7.923573044702e+01  ,5.668752769841e+01  ,4.413423308081e+01  ,3.613492651124e+01  ,3.059154405377e+01  ,2.652337105733e+01  ,2.341059460136e+01  ,2.095200475084e+01  ,1.896080309518e+01  ,1.731538507714e+01  ,1.593282539325e+01  ,1.475478832541e+01  ,1.373900339915e+01  ,1.285410818665e+01  ,1.207633191720e+01  ,1.138733211133e+01  ,1.077275867902e+01  ,1.022108376099e+01  ,9.723195627371e+00  
  4.001009848399e-06  ,7.923573044702e+01  ,5.668752769841e+01  ,4.413423308081e+01  ,3.613492651124e+01  ,3.059154405377e+01  ,2.652337105733e+01  ,2.341059460136e+01  ,2.095200475084e+01  ,1.896080309518e+01  ,1.731538507714e+01  ,1.593282539325e+01  ,1.475478832541e+01  ,1.373900339915e+01  ,1.285410818665e+01  ,1.207633191720e+01  ,1.138733211133e+01  ,1.077275867902e+01  ,1.022108376099e+01  ,9.723195627371e+00  
  4.001029545871e-06  ,7.923573044702e+01  ,5.668752769841e+01  ,4.413423308081e+01  ,3.613492651124e+01  ,3.059154405377e+01  ,2.652337105733e+01  ,2.341059460136e+01  ,2.095200475084e+01  ,1.896080309518e+01  ,1.731538507714e+01  ,1.593282539325e+01  ,1.475478832541e+01  ,1.373900339915e+01  ,1.285410818665e+01  ,1.207633191720e+01  ,1.138733211133e+01  ,1.077275867902e+01  ,1.022108376099e+01  ,9.723195627371e+00  
  4.001058473097e-06  ,7.923573044702e+01  ,5.668752769841e+01  ,4.413423308081e+01  ,3.613492651124e+01  ,3.059154405377e+01  ,2.652337105733e+01  ,2.341059460136e+01  ,2.095200475084e+01  ,1.896080309518e+01  ,1.731538507714e+01  ,1.593282539325e+01  ,1.475478832541e+01  ,1.373900339915e+01  ,1.285410818665e+01  ,1.207633191720e+01  ,1.138733211133e+01  ,1.077275867902e+01  ,1.022108376099e+01  ,9.723195627371e+00  
  4.001097868042e-06  ,7.923573044702e+01  ,5.668752769841e+01  ,4.413423308081e+01  ,3.613492651124e+01  ,3.059154405377e+01  ,2.652337105733e+01  ,2.341059460136e+01  ,2.095200475084e+01  ,1.896080309518e+01  ,1.731538507714e+01  ,1.593282539325e+01  ,1.475478832541e+01  ,1.373900339915e+01  ,1.285410818665e+01  ,1.207633191720e+01  ,1.138733211133e+01  ,1.077275867902e+01  ,1.022108376099e+01  ,9.723195627371e+00  
  4.001143083753e-06  ,7.923573044702e+01  ,5.668752769841e+01  ,4.413423308081e+01  ,3.613492651124e+01  ,3.059154405377e+01  ,2.652337105733e+01  ,2.341059460136e+01  ,2.095200475084e+01  ,1.896080309518e+01  ,1.731538507714e+01  ,1.593282539325e+01  ,1.475478832541e+01  ,1.373900339915e+01  ,1.285410818665e+01  ,1.207633191720e+01  ,1.138733211133e+01  ,1.077275867902e+01  ,1.022108376099e+01  ,9.723195627371e+00  
  4.001233515175e-06  ,7.923573044702e+01  ,5.668752769841e+01  ,4.413423308081e+01  ,3.613492651124e+01  ,3.059154405377e+01  ,2.652337105733e+01  ,2.341059460136e+01  ,2.095200475084e+01  ,1.896080309518e+01  ,1.731538507714e+01  ,1.593282539325e+01  ,1.475478832541e+01  ,1.373900339915e+01  ,1.285410818665e+01  ,1.207633191720e+01  ,1.138733211133e+01  ,1.077275867902e+01  ,1.022108376099e+01  ,9.723195627371e+00  
  4.001345821036e-06  ,7.923573044702e+01  ,5.668752769841e+01  ,4.413423308081e+01  ,3.613492651124e+01  ,3.059154405377e+01  ,2.652337105733e+01  ,2.341059460136e+01  ,2.095200475084e+01  ,1.896080309518e+01  ,1.731538507714e+01  ,1.593282539325e+01  ,1.475478832541e+01  ,1.373900339915e+01  ,1.285410818665e+01  ,1.207633191720e+01  ,1.138733211133e+01  ,1.077275867902e+01  ,1.022108376099e+01  ,9.723195627371e+00  
  4.001457393480e-06  ,7.923573044702e+01  ,5.668752769841e+01  ,4.413423308081e+01  ,3.613492651124e+01  ,3.059154405377e+01  ,2.652337105733e+01  ,2.341059460136e+01  ,2.095200475084e+01  ,1.896080309518e+01  ,1.731538507714e+01  ,1.593282539325e+01  ,1.475478832541e+01  ,1.373900339915e+01  ,1.285410818665e+01  ,1.207633191720e+01  ,1.138733211133e+01  ,1.077275867902e+01  ,1.022108376099e+01  ,9.723195627371e+00  
  4.001605473770e-06  ,7.923573044702e+01  ,5.668752769841e+01  ,4.413423308081e+01  ,3.613492651124e+01  ,3.059154405377e+01  ,2.652337105733e+01  ,2.341059460136e+01  ,2.095200475084e+01  ,1.896080309518e+01  ,1.731538507714e+01  ,1.593282539325e+01  ,1.475478832541e+01  ,1.373900339915e+01  ,1.285410818665e+01  ,1.207633191720e+01  ,1.138733211133e+01  ,1.077275867902e+01  ,1.022108376099e+01  ,9.723195627371e+00  
  4.001851249797e-06  ,7.923573044702e+01  ,5.668752769841e+01  ,4.413423308081e+01  ,3.613492651124e+01  ,3.059154405377e+01  ,2.652337105733e+01  ,2.341059460136e+01  ,2.095200475084e+01  ,1.896080309518e+01  ,1.731538507714e+01  ,1.593282539325e+01  ,1.475478832541e+01  ,1.373900339915e+01  ,1.285410818665e+01  ,1.207633191720e+01  ,1.138733211133e+01  ,1.077275867902e+01  ,1.022108376099e+01  ,9.723195627371e+00  
  4.002150297476e-06  ,7.923573044702e+01  ,5.668752769841e+01  ,4.413423308081e+01  ,3.613492651124e+01  ,3.059154405377e+01  ,2.652337105733e+01  ,2.341059460136e+01  ,2.095200475084e+01  ,1.896080309518e+01  ,1.731538507714e+01  ,1.593282539325e+01  ,1.475478832541e+01  ,1.373900339915e+01  ,1.285410818665e+01  ,1.207633191720e+01  ,1.138733211133e+01  ,1.077275867902e+01  ,1.022108376099e+01  ,9.723195627371e+00  
  4.002509555159e-06  ,7.923573044702e+01  ,5.668752769841e+01  ,4.413423308081e+01  ,3.613492651124e+01  ,3.059154405377e+01  ,2.652337105733e+01  ,2.341059460136e+01  ,2.095200475084e+01  ,1.896080309518e+01  ,1.731538507714e+01  ,1.593282539325e+01  ,1.475478832541e+01  ,1.373900339915e+01  ,1.285410818665e+01  ,1.207633191720e+01  ,1.138733211133e+01  ,1.077275867902e+01  ,1.022108376099e+01  ,9.723195627371e+00  
  4.002958173243e-06  ,7.923573044702e+01  ,5.668752769841e+01  ,4.413423308081e+01  ,3.613492651124e+01  ,3.059154405377e+01  ,2.652337105733e+01  ,2.341059460136e+01  ,2.095200475084e+01  ,1.896080309518e+01  ,1.731538507714e+01  ,1.593282539325e+01  ,1.475478832541e+01  ,1.373900339915e+01  ,1.285410818665e+01  ,1.207633191720e+01  ,1.138733211133e+01  ,1.077275867902e+01  ,1.022108376099e+01  ,9.723195627371e+00  
  4.003387978611e-06  ,7.923573044702e+01  ,5.668752769841e+01  ,4.413423308081e+01  ,3.613492651124e+01  ,3.059154405377e+01  ,2.652337105733e+01  ,2.341059460136e+01  ,2.095200475084e+01  ,1.896080309518e+01  ,1.731538507714e+01  ,1.593282539325e+01  ,1.475478832541e+01  ,1.373900339915e+01  ,1.285410818665e+01  ,1.207633191720e+01  ,1.138733211133e+01  ,1.077275867902e+01  ,1.022108376099e+01  ,9.723195627371e+00  
  4.004027610955e-06  ,7.923573044702e+01  ,5.668752769841e+01  ,4.413423308081e+01  ,3.613492651124e+01  ,3.059154405377e+01  ,2.652337105733e+01  ,2.341059460136e+01  ,2.095200475084e+01  ,1.896080309518e+01  ,1.731538507714e+01  ,1.593282539325e+01  ,1.475478832541e+01  ,1.373900339915e+01  ,1.285410818665e+01  ,1.207633191720e+01  ,1.138733211133e+01  ,1.077275867902e+01  ,1.022108376099e+01  ,9.723195627371e+00  
  4.004769968180e-06  ,7.923573044702e+01  ,5.668752769841e+01  ,4.413423308081e+01  ,3.613492651124e+01  ,3.059154405377e+01  ,2.652337105733e+01  ,2.341059460136e+01  ,2.095200475084e+01  ,1.896080309518e+01  ,1.731538507714e+01  ,1.593282539325e+01  ,1.475478832541e+01  ,1.373900339915e+01  ,1.285410818665e+01  ,1.207633191720e+01  ,1.138733211133e+01  ,1.077275867902e+01  ,1.022108376099e+01  ,9.723195627371e+00  
  4.005518658397e-06  ,7.923573044702e+01  ,5.668752769841e+01  ,4.413423308081e+01  ,3.613492651124e+01  ,3.059154405377e+01  ,2.652337105733e+01  ,2.341059460136e+01  ,2.095200475084e+01  ,1.896080309518e+01  ,1.731538507714e+01  ,1.593282539325e+01  ,1.475478832541e+01  ,1.373900339915e+01  ,1.285410818665e+01  ,1.207633191720e+01  ,1.138733211133e+01  ,1.077275867902e+01  ,1.022108376099e+01  ,9.723195627371e+00  
  4.006403321711e-06  ,7.923573044702e+01  ,5.668752769841e+01  ,4.413423308081e+01  ,3.613492651124e+01  ,3.059154405377e+01  ,2.652337105733e+01  ,2.341059460136e+01  ,2.095200475084e+01  ,1.896080309518e+01  ,1.731538507714e+01  ,1.593282539325e+01  ,1.475478832541e+01  ,1.373900339915e+01  ,1.285410818665e+01  ,1.207633191720e+01  ,1.138733211133e+01  ,1.077275867902e+01  ,1.022108376099e+01  ,9.723195627371e+00  
  4.007152105061e-06  ,7.923573044702e+01  ,5.668752769841e+01  ,4.413423308081e+01  ,3.613492651124e+01  ,3.059154405377e+01  ,2.652337105733e+01  ,2.341059460136e+01  ,2.095200475084e+01  ,1.896080309518e+01  ,1.731538507714e+01  ,1.593282539325e+01  ,1.475478832541e+01  ,1.373900339915e+01  ,1.285410818665e+01  ,1.207633191720e+01  ,1.138733211133e+01  ,1.077275867902e+01  ,1.022108376099e+01  ,9.723195627371e+00  
  4.007873507527e-06  ,7.923573044702e+01  ,5.668752769841e+01  ,4.413423308081e+01  ,3.613492651124e+01  ,3.059154405377e+01  ,2.652337105733e+01  ,2.341059460136e+01  ,2.095200475084e+01  ,1.896080309518e+01  ,1.731538507714e+01  ,1.593282539325e+01  ,1.475478832541e+01  ,1.373900339915e+01  ,1.285410818665e+01  ,1.207633191720e+01  ,1.138733211133e+01  ,1.077275867902e+01  ,1.022108376099e+01  ,9.723195627371e+00  
  4.008660195706e-06  ,7.923573044702e+01  ,5.668752769841e+01  ,4.413423308081e+01  ,3.613492651124e+01  ,3.059154405377e+01  ,2.652337105733e+01  ,2.341059460136e+01  ,2.095200475084e+01  ,1.896080309518e+01  ,1.731538507714e+01  ,1.593282539325e+01  ,1.475478832541e+01  ,1.373900339915e+01  ,1.285410818665e+01  ,1.207633191720e+01  ,1.138733211133e+01  ,1.077275867902e+01  ,1.022108376099e+01  ,9.723195627371e+00  
  4.009660249887e-06  ,7.923573044702e+01  ,5.668752769841e+01  ,4.413423308081e+01  ,3.613492651124e+01  ,3.059154405377e+01  ,2.652337105733e+01  ,2.341059460136e+01  ,2.095200475084e+01  ,1.896080309518e+01  ,1.731538507714e+01  ,1.593282539325e+01  ,1.475478832541e+01  ,1.373900339915e+01  ,1.285410818665e+01  ,1.207633191720e+01  ,1.138733211133e+01  ,1.077275867902e+01  ,1.022108376099e+01  ,9.723195627371e+00  
  4.010512875704e-06  ,7.923573044702e+01  ,5.668752769841e+01  ,4.413423308081e+01  ,3.613492651124e+01  ,3.059154405377e+01  ,2.652337105733e+01  ,2.341059460136e+01  ,2.095200475084e+01  ,1.896080309518e+01  ,1.731538507714e+01  ,1.593282539325e+01  ,1.475478832541e+01  ,1.373900339915e+01  ,1.285410818665e+01  ,1.207633191720e+01  ,1.138733211133e+01  ,1.077275867902e+01  ,1.022108376099e+01  ,9.723195627371e+00  
  4.011410484401e-06  ,7.923573044702e+01  ,5.668752769841e+01  ,4.413423308081e+01  ,3.613492651124e+01  ,3.059154405377e+01  ,2.652337105733e+01  ,2.341059460136e+01  ,2.095200475084e+01  ,1.896080309518e+01  ,1.731538507714e+01  ,1.593282539325e+01  ,1.475478832541e+01  ,1.373900339915e+01  ,1.285410818665e+01  ,1.207633191720e+01  ,1.138733211133e+01  ,1.077275867902e+01  ,1.022108376099e+01  ,9.723195627371e+00  
  4.012410538582e-06  ,7.923573044702e+01  ,5.668752769841e+01  ,4.413423308081e+01  ,3.613492651124e+01  ,3.059154405377e+01  ,2.652337105733e+01  ,2.341059460136e+01  ,2.095200475084e+01  ,1.896080309518e+01  ,1.731538507714e+01  ,1.593282539325e+01  ,1.475478832541e+01  ,1.373900339915e+01  ,1.285410818665e+01  ,1.207633191720e+01  ,1.138733211133e+01  ,1.077275867902e+01  ,1.022108376099e+01  ,9.723195627371e+00  
  4.013410592762e-06  ,7.923573044702e+01  ,5.668752769841e+01  ,4.413423308081e+01  ,3.613492651124e+01  ,3.059154405377e+01  ,2.652337105733e+01  ,2.341059460136e+01  ,2.095200475084e+01  ,1.896080309518e+01  ,1.731538507714e+01  ,1.593282539325e+01  ,1.475478832541e+01  ,1.373900339915e+01  ,1.285410818665e+01  ,1.207633191720e+01  ,1.138733211133e+01  ,1.077275867902e+01  ,1.022108376099e+01  ,9.723195627371e+00  
  4.014410646943e-06  ,7.923573044702e+01  ,5.668752769841e+01  ,4.413423308081e+01  ,3.613492651124e+01  ,3.059154405377e+01  ,2.652337105733e+01  ,2.341059460136e+01  ,2.095200475084e+01  ,1.896080309518e+01  ,1.731538507714e+01  ,1.593282539325e+01  ,1.475478832541e+01  ,1.373900339915e+01  ,1.285410818665e+01  ,1.207633191720e+01  ,1.138733211133e+01  ,1.077275867902e+01  ,1.022108376099e+01  ,9.723195627371e+00  
  4.015410701124e-06  ,7.923573044702e+01  ,5.668752769841e+01  ,4.413423308081e+01  ,3.613492651124e+01  ,3.059154405377e+01  ,2.652337105733e+01  ,2.341059460136e+01  ,2.095200475084e+01  ,1.896080309518e+01  ,1.731538507714e+01  ,1.593282539325e+01  ,1.475478832541e+01  ,1.373900339915e+01  ,1.285410818665e+01  ,1.207633191720e+01  ,1.138733211133e+01  ,1.077275867902e+01  ,1.022108376099e+01  ,9.723195627371e+00  
  4.016410755304e-06  ,7.923573044702e+01  ,5.668752769841e+01  ,4.413423308081e+01  ,3.613492651124e+01  ,3.059154405377e+01  ,2.652337105733e+01  ,2.341059460136e+01  ,2.095200475084e+01  ,1.896080309518e+01  ,1.731538507714e+01  ,1.593282539325e+01  ,1.475478832541e+01  ,1.373900339915e+01  ,1.285410818665e+01  ,1.207633191720e+01  ,1.138733211133e+01  ,1.077275867902e+01  ,1.022108376099e+01  ,9.723195627371e+00  
  4.017410809485e-06  ,7.923573044702e+01  ,5.668752769841e+01  ,4.413423308081e+01  ,3.613492651124e+01  ,3.059154405377e+01  ,2.652337105733e+01  ,2.341059460136e+01  ,2.095200475084e+01  ,1.896080309518e+01  ,1.731538507714e+01  ,1.593282539325e+01  ,1.475478832541e+01  ,1.373900339915e+01  ,1.285410818665e+01  ,1.207633191720e+01  ,1.138733211133e+01  ,1.077275867902e+01  ,1.022108376099e+01  ,9.723195627371e+00  
  4.018410863666e-06  ,7.923573044702e+01  ,5.668752769841e+01  ,4.413423308081e+01  ,3.613492651124e+01  ,3.059154405377e+01  ,2.652337105733e+01  ,2.341059460136e+01  ,2.095200475084e+01  ,1.896080309518e+01  ,1.731538507714e+01  ,1.593282539325e+01  ,1.475478832541e+01  ,1.373900339915e+01  ,1.285410818665e+01  ,1.207633191720e+01  ,1.138733211133e+01  ,1.077275867902e+01  ,1.022108376099e+01  ,9.723195627371e+00  
  4.019410917846e-06  ,7.923573044702e+01  ,5.668752769841e+01  ,4.413423308081e+01  ,3.613492651124e+01  ,3.059154405377e+01  ,2.652337105733e+01  ,2.341059460136e+01  ,2.095200475084e+01  ,1.896080309518e+01  ,1.731538507714e+01  ,1.593282539325e+01  ,1.475478832541e+01  ,1.373900339915e+01  ,1.285410818665e+01  ,1.207633191720e+01  ,1.138733211133e+01  ,1.077275867902e+01  ,1.022108376099e+01  ,9.723195627371e+00  
  4.020410972027e-06  ,7.923573044702e+01  ,5.668752769841e+01  ,4.413423308081e+01  ,3.613492651124e+01  ,3.059154405377e+01  ,2.652337105733e+01  ,2.341059460136e+01  ,2.095200475084e+01  ,1.896080309518e+01  ,1.731538507714e+01  ,1.593282539325e+01  ,1.475478832541e+01  ,1.373900339915e+01  ,1.285410818665e+01  ,1.207633191720e+01  ,1.138733211133e+01  ,1.077275867902e+01  ,1.022108376099e+01  ,9.723195627371e+00  
  4.021411026207e-06  ,7.923573044702e+01  ,5.668752769841e+01  ,4.413423308081e+01  ,3.613492651124e+01  ,3.059154405377e+01  ,2.652337105733e+01  ,2.341059460136e+01  ,2.095200475084e+01  ,1.896080309518e+01  ,1.731538507714e+01  ,1.593282539325e+01  ,1.475478832541e+01  ,1.373900339915e+01  ,1.285410818665e+01  ,1.207633191720e+01  ,1.138733211133e+01  ,1.077275867902e+01  ,1.022108376099e+01  ,9.723195627371e+00  
  4.022411080388e-06  ,7.923573044702e+01  ,5.668752769841e+01  ,4.413423308081e+01  ,3.613492651124e+01  ,3.059154405377e+01  ,2.652337105733e+01  ,2.341059460136e+01  ,2.095200475084e+01  ,1.896080309518e+01  ,1.731538507714e+01  ,1.593282539325e+01  ,1.475478832541e+01  ,1.373900339915e+01  ,1.285410818665e+01  ,1.207633191720e+01  ,1.138733211133e+01  ,1.077275867902e+01  ,1.022108376099e+01  ,9.723195627371e+00  
  4.023411134569e-06  ,7.923573044702e+01  ,5.668752769841e+01  ,4.413423308081e+01  ,3.613492651124e+01  ,3.059154405377e+01  ,2.652337105733e+01  ,2.341059460136e+01  ,2.095200475084e+01  ,1.896080309518e+01  ,1.731538507714e+01  ,1.593282539325e+01  ,1.475478832541e+01  ,1.373900339915e+01  ,1.285410818665e+01  ,1.207633191720e+01  ,1.138733211133e+01  ,1.077275867902e+01  ,1.022108376099e+01  ,9.723195627371e+00  
  4.024245413331e-06  ,7.923573044702e+01  ,5.668752769841e+01  ,4.413423308081e+01  ,3.613492651124e+01  ,3.059154405377e+01  ,2.652337105733e+01  ,2.341059460136e+01  ,2.095200475084e+01  ,1.896080309518e+01  ,1.731538507714e+01  ,1.593282539325e+01  ,1.475478832541e+01  ,1.373900339915e+01  ,1.285410818665e+01  ,1.207633191720e+01  ,1.138733211133e+01  ,1.077275867902e+01  ,1.022108376099e+01  ,9.723195627371e+00  
  4.025088632790e-06  ,7.923573044702e+01  ,5.668752769841e+01  ,4.413423308081e+01  ,3.613492651124e+01  ,3.059154405377e+01  ,2.652337105733e+01  ,2.341059460136e+01  ,2.095200475084e+01  ,1.896080309518e+01  ,1.731538507714e+01  ,1.593282539325e+01  ,1.475478832541e+01  ,1.373900339915e+01  ,1.285410818665e+01  ,1.207633191720e+01  ,1.138733211133e+01  ,1.077275867902e+01  ,1.022108376099e+01  ,9.723195627371e+00  
  4.026023680655e-06  ,7.923573044702e+01  ,5.668752769841e+01  ,4.413423308081e+01  ,3.613492651124e+01  ,3.059154405377e+01  ,2.652337105733e+01  ,2.341059460136e+01  ,2.095200475084e+01  ,1.896080309518e+01  ,1.731538507714e+01  ,1.593282539325e+01  ,1.475478832541e+01  ,1.373900339915e+01  ,1.285410818665e+01  ,1.207633191720e+01  ,1.138733211133e+01  ,1.077275867902e+01  ,1.022108376099e+01  ,9.723195627371e+00  
  4.026932092694e-06  ,7.923573044702e+01  ,5.668752769841e+01  ,4.413423308081e+01  ,3.613492651124e+01  ,3.059154405377e+01  ,2.652337105733e+01  ,2.341059460136e+01  ,2.095200475084e+01  ,1.896080309518e+01  ,1.731538507714e+01  ,1.593282539325e+01  ,1.475478832541e+01  ,1.373900339915e+01  ,1.285410818665e+01  ,1.207633191720e+01  ,1.138733211133e+01  ,1.077275867902e+01  ,1.022108376099e+01  ,9.723195627371e+00  
  4.027932146875e-06  ,7.923573044702e+01  ,5.668752769841e+01  ,4.413423308081e+01  ,3.613492651124e+01  ,3.059154405377e+01  ,2.652337105733e+01  ,2.341059460136e+01  ,2.095200475084e+01  ,1.896080309518e+01  ,1.731538507714e+01  ,1.593282539325e+01  ,1.475478832541e+01  ,1.373900339915e+01  ,1.285410818665e+01  ,1.207633191720e+01  ,1.138733211133e+01  ,1.077275867902e+01  ,1.022108376099e+01  ,9.723195627371e+00  
  4.028932201055e-06  ,7.923573044702e+01  ,5.668752769841e+01  ,4.413423308081e+01  ,3.613492651124e+01  ,3.059154405377e+01  ,2.652337105733e+01  ,2.341059460136e+01  ,2.095200475084e+01  ,1.896080309518e+01  ,1.731538507714e+01  ,1.593282539325e+01  ,1.475478832541e+01  ,1.373900339915e+01  ,1.285410818665e+01  ,1.207633191720e+01  ,1.138733211133e+01  ,1.077275867902e+01  ,1.022108376099e+01  ,9.723195627371e+00  
  4.029932255236e-06  ,7.923573044702e+01  ,5.668752769841e+01  ,4.413423308081e+01  ,3.613492651124e+01  ,3.059154405377e+01  ,2.652337105733e+01  ,2.341059460136e+01  ,2.095200475084e+01  ,1.896080309518e+01  ,1.731538507714e+01  ,1.593282539325e+01  ,1.475478832541e+01  ,1.373900339915e+01  ,1.285410818665e+01  ,1.207633191720e+01  ,1.138733211133e+01  ,1.077275867902e+01  ,1.022108376099e+01  ,9.723195627371e+00  
  4.030932309417e-06  ,7.923573044702e+01  ,5.668752769841e+01  ,4.413423308081e+01  ,3.613492651124e+01  ,3.059154405377e+01  ,2.652337105733e+01  ,2.341059460136e+01  ,2.095200475084e+01  ,1.896080309518e+01  ,1.731538507714e+01  ,1.593282539325e+01  ,1.475478832541e+01  ,1.373900339915e+01  ,1.285410818665e+01  ,1.207633191720e+01  ,1.138733211133e+01  ,1.077275867902e+01  ,1.022108376099e+01  ,9.723195627371e+00  
  4.031932363597e-06  ,7.923573044702e+01  ,5.668752769841e+01  ,4.413423308081e+01  ,3.613492651124e+01  ,3.059154405377e+01  ,2.652337105733e+01  ,2.341059460136e+01  ,2.095200475084e+01  ,1.896080309518e+01  ,1.731538507714e+01  ,1.593282539325e+01  ,1.475478832541e+01  ,1.373900339915e+01  ,1.285410818665e+01  ,1.207633191720e+01  ,1.138733211133e+01  ,1.077275867902e+01  ,1.022108376099e+01  ,9.723195627371e+00  
  4.032932417778e-06  ,7.923573044702e+01  ,5.668752769841e+01  ,4.413423308081e+01  ,3.613492651124e+01  ,3.059154405377e+01  ,2.652337105733e+01  ,2.341059460136e+01  ,2.095200475084e+01  ,1.896080309518e+01  ,1.731538507714e+01  ,1.593282539325e+01  ,1.475478832541e+01  ,1.373900339915e+01  ,1.285410818665e+01  ,1.207633191720e+01  ,1.138733211133e+01  ,1.077275867902e+01  ,1.022108376099e+01  ,9.723195627371e+00  
  4.033932471959e-06  ,7.923573044702e+01  ,5.668752769841e+01  ,4.413423308081e+01  ,3.613492651124e+01  ,3.059154405377e+01  ,2.652337105733e+01  ,2.341059460136e+01  ,2.095200475084e+01  ,1.896080309518e+01  ,1.731538507714e+01  ,1.593282539325e+01  ,1.475478832541e+01  ,1.373900339915e+01  ,1.285410818665e+01  ,1.207633191720e+01  ,1.138733211133e+01  ,1.077275867902e+01  ,1.022108376099e+01  ,9.723195627371e+00  
  4.034932526139e-06  ,7.923573044702e+01  ,5.668752769841e+01  ,4.413423308081e+01  ,3.613492651124e+01  ,3.059154405377e+01  ,2.652337105733e+01  ,2.341059460136e+01  ,2.095200475084e+01  ,1.896080309518e+01  ,1.731538507714e+01  ,1.593282539325e+01  ,1.475478832541e+01  ,1.373900339915e+01  ,1.285410818665e+01  ,1.207633191720e+01  ,1.138733211133e+01  ,1.077275867902e+01  ,1.022108376099e+01  ,9.723195627371e+00  
  4.035932580320e-06  ,7.923573044702e+01  ,5.668752769841e+01  ,4.413423308081e+01  ,3.613492651124e+01  ,3.059154405377e+01  ,2.652337105733e+01  ,2.341059460136e+01  ,2.095200475084e+01  ,1.896080309518e+01  ,1.731538507714e+01  ,1.593282539325e+01  ,1.475478832541e+01  ,1.373900339915e+01  ,1.285410818665e+01  ,1.207633191720e+01  ,1.138733211133e+01  ,1.077275867902e+01  ,1.022108376099e+01  ,9.723195627371e+00  
  4.036932634500e-06  ,7.923573044702e+01  ,5.668752769841e+01  ,4.413423308081e+01  ,3.613492651124e+01  ,3.059154405377e+01  ,2.652337105733e+01  ,2.341059460136e+01  ,2.095200475084e+01  ,1.896080309518e+01  ,1.731538507714e+01  ,1.593282539325e+01  ,1.475478832541e+01  ,1.373900339915e+01  ,1.285410818665e+01  ,1.207633191720e+01  ,1.138733211133e+01  ,1.077275867902e+01  ,1.022108376099e+01  ,9.723195627371e+00  
  4.037932688681e-06  ,7.923573044702e+01  ,5.668752769841e+01  ,4.413423308081e+01  ,3.613492651124e+01  ,3.059154405377e+01  ,2.652337105733e+01  ,2.341059460136e+01  ,2.095200475084e+01  ,1.896080309518e+01  ,1.731538507714e+01  ,1.593282539325e+01  ,1.475478832541e+01  ,1.373900339915e+01  ,1.285410818665e+01  ,1.207633191720e+01  ,1.138733211133e+01  ,1.077275867902e+01  ,1.022108376099e+01  ,9.723195627371e+00  
  4.038932742862e-06  ,7.923573044702e+01  ,5.668752769841e+01  ,4.413423308081e+01  ,3.613492651124e+01  ,3.059154405377e+01  ,2.652337105733e+01  ,2.341059460136e+01  ,2.095200475084e+01  ,1.896080309518e+01  ,1.731538507714e+01  ,1.593282539325e+01  ,1.475478832541e+01  ,1.373900339915e+01  ,1.285410818665e+01  ,1.207633191720e+01  ,1.138733211133e+01  ,1.077275867902e+01  ,1.022108376099e+01  ,9.723195627371e+00  
  4.039932797042e-06  ,7.923573044702e+01  ,5.668752769841e+01  ,4.413423308081e+01  ,3.613492651124e+01  ,3.059154405377e+01  ,2.652337105733e+01  ,2.341059460136e+01  ,2.095200475084e+01  ,1.896080309518e+01  ,1.731538507714e+01  ,1.593282539325e+01  ,1.475478832541e+01  ,1.373900339915e+01  ,1.285410818665e+01  ,1.207633191720e+01  ,1.138733211133e+01  ,1.077275867902e+01  ,1.022108376099e+01  ,9.723195627371e+00  
  4.040932851223e-06  ,7.923573044702e+01  ,5.668752769841e+01  ,4.413423308081e+01  ,3.613492651124e+01  ,3.059154405377e+01  ,2.652337105733e+01  ,2.341059460136e+01  ,2.095200475084e+01  ,1.896080309518e+01  ,1.731538507714e+01  ,1.593282539325e+01  ,1.475478832541e+01  ,1.373900339915e+01  ,1.285410818665e+01  ,1.207633191720e+01  ,1.138733211133e+01  ,1.077275867902e+01  ,1.022108376099e+01  ,9.723195627371e+00  
  4.041932905404e-06  ,7.923573044702e+01  ,5.668752769841e+01  ,4.413423308081e+01  ,3.613492651124e+01  ,3.059154405377e+01  ,2.652337105733e+01  ,2.341059460136e+01  ,2.095200475084e+01  ,1.896080309518e+01  ,1.731538507714e+01  ,1.593282539325e+01  ,1.475478832541e+01  ,1.373900339915e+01  ,1.285410818665e+01  ,1.207633191720e+01  ,1.138733211133e+01  ,1.077275867902e+01  ,1.022108376099e+01  ,9.723195627371e+00  
  4.042932959584e-06  ,7.923573044702e+01  ,5.668752769841e+01  ,4.413423308081e+01  ,3.613492651124e+01  ,3.059154405377e+01  ,2.652337105733e+01  ,2.341059460136e+01  ,2.095200475084e+01  ,1.896080309518e+01  ,1.731538507714e+01  ,1.593282539325e+01  ,1.475478832541e+01  ,1.373900339915e+01  ,1.285410818665e+01  ,1.207633191720e+01  ,1.138733211133e+01  ,1.077275867902e+01  ,1.022108376099e+01  ,9.723195627371e+00  
  4.043933013765e-06  ,7.923573044702e+01  ,5.668752769841e+01  ,4.413423308081e+01  ,3.613492651124e+01  ,3.059154405377e+01  ,2.652337105733e+01  ,2.341059460136e+01  ,2.095200475084e+01  ,1.896080309518e+01  ,1.731538507714e+01  ,1.593282539325e+01  ,1.475478832541e+01  ,1.373900339915e+01  ,1.285410818665e+01  ,1.207633191720e+01  ,1.138733211133e+01  ,1.077275867902e+01  ,1.022108376099e+01  ,9.723195627371e+00  
  4.044933067945e-06  ,7.923573044702e+01  ,5.668752769841e+01  ,4.413423308081e+01  ,3.613492651124e+01  ,3.059154405377e+01  ,2.652337105733e+01  ,2.341059460136e+01  ,2.095200475084e+01  ,1.896080309518e+01  ,1.731538507714e+01  ,1.593282539325e+01  ,1.475478832541e+01  ,1.373900339915e+01  ,1.285410818665e+01  ,1.207633191720e+01  ,1.138733211133e+01  ,1.077275867902e+01  ,1.022108376099e+01  ,9.723195627371e+00  
  4.045933122126e-06  ,7.923573044702e+01  ,5.668752769841e+01  ,4.413423308081e+01  ,3.613492651124e+01  ,3.059154405377e+01  ,2.652337105733e+01  ,2.341059460136e+01  ,2.095200475084e+01  ,1.896080309518e+01  ,1.731538507714e+01  ,1.593282539325e+01  ,1.475478832541e+01  ,1.373900339915e+01  ,1.285410818665e+01  ,1.207633191720e+01  ,1.138733211133e+01  ,1.077275867902e+01  ,1.022108376099e+01  ,9.723195627371e+00  
  4.046933176307e-06  ,7.923573044702e+01  ,5.668752769841e+01  ,4.413423308081e+01  ,3.613492651124e+01  ,3.059154405377e+01  ,2.652337105733e+01  ,2.341059460136e+01  ,2.095200475084e+01  ,1.896080309518e+01  ,1.731538507714e+01  ,1.593282539325e+01  ,1.475478832541e+01  ,1.373900339915e+01  ,1.285410818665e+01  ,1.207633191720e+01  ,1.138733211133e+01  ,1.077275867902e+01  ,1.022108376099e+01  ,9.723195627371e+00  
  4.047933230487e-06  ,7.923573044702e+01  ,5.668752769841e+01  ,4.413423308081e+01  ,3.613492651124e+01  ,3.059154405377e+01  ,2.652337105733e+01  ,2.341059460136e+01  ,2.095200475084e+01  ,1.896080309518e+01  ,1.731538507714e+01  ,1.593282539325e+01  ,1.475478832541e+01  ,1.373900339915e+01  ,1.285410818665e+01  ,1.207633191720e+01  ,1.138733211133e+01  ,1.077275867902e+01  ,1.022108376099e+01  ,9.723195627371e+00  
  4.048933284668e-06  ,7.923573044702e+01  ,5.668752769841e+01  ,4.413423308081e+01  ,3.613492651124e+01  ,3.059154405377e+01  ,2.652337105733e+01  ,2.341059460136e+01  ,2.095200475084e+01  ,1.896080309518e+01  ,1.731538507714e+01  ,1.593282539325e+01  ,1.475478832541e+01  ,1.373900339915e+01  ,1.285410818665e+01  ,1.207633191720e+01  ,1.138733211133e+01  ,1.077275867902e+01  ,1.022108376099e+01  ,9.723195627371e+00  
  4.049933338849e-06  ,7.923573044702e+01  ,5.668752769841e+01  ,4.413423308081e+01  ,3.613492651124e+01  ,3.059154405377e+01  ,2.652337105733e+01  ,2.341059460136e+01  ,2.095200475084e+01  ,1.896080309518e+01  ,1.731538507714e+01  ,1.593282539325e+01  ,1.475478832541e+01  ,1.373900339915e+01  ,1.285410818665e+01  ,1.207633191720e+01  ,1.138733211133e+01  ,1.077275867902e+01  ,1.022108376099e+01  ,9.723195627371e+00  
  4.050933393029e-06  ,7.923573044702e+01  ,5.668752769841e+01  ,4.413423308081e+01  ,3.613492651124e+01  ,3.059154405377e+01  ,2.652337105733e+01  ,2.341059460136e+01  ,2.095200475084e+01  ,1.896080309518e+01  ,1.731538507714e+01  ,1.593282539325e+01  ,1.475478832541e+01  ,1.373900339915e+01  ,1.285410818665e+01  ,1.207633191720e+01  ,1.138733211133e+01  ,1.077275867902e+01  ,1.022108376099e+01  ,9.723195627371e+00  
  4.051933447210e-06  ,7.923573044702e+01  ,5.668752769841e+01  ,4.413423308081e+01  ,3.613492651124e+01  ,3.059154405377e+01  ,2.652337105733e+01  ,2.341059460136e+01  ,2.095200475084e+01  ,1.896080309518e+01  ,1.731538507714e+01  ,1.593282539325e+01  ,1.475478832541e+01  ,1.373900339915e+01  ,1.285410818665e+01  ,1.207633191720e+01  ,1.138733211133e+01  ,1.077275867902e+01  ,1.022108376099e+01  ,9.723195627371e+00  
  4.052933501390e-06  ,7.923573044702e+01  ,5.668752769841e+01  ,4.413423308081e+01  ,3.613492651124e+01  ,3.059154405377e+01  ,2.652337105733e+01  ,2.341059460136e+01  ,2.095200475084e+01  ,1.896080309518e+01  ,1.731538507714e+01  ,1.593282539325e+01  ,1.475478832541e+01  ,1.373900339915e+01  ,1.285410818665e+01  ,1.207633191720e+01  ,1.138733211133e+01  ,1.077275867902e+01  ,1.022108376099e+01  ,9.723195627371e+00  
  4.053933555571e-06  ,7.923573044702e+01  ,5.668752769841e+01  ,4.413423308081e+01  ,3.613492651124e+01  ,3.059154405377e+01  ,2.652337105733e+01  ,2.341059460136e+01  ,2.095200475084e+01  ,1.896080309518e+01  ,1.731538507714e+01  ,1.593282539325e+01  ,1.475478832541e+01  ,1.373900339915e+01  ,1.285410818665e+01  ,1.207633191720e+01  ,1.138733211133e+01  ,1.077275867902e+01  ,1.022108376099e+01  ,9.723195627371e+00  
  4.054836065354e-06  ,7.923573044702e+01  ,5.668752769841e+01  ,4.413423308081e+01  ,3.613492651124e+01  ,3.059154405377e+01  ,2.652337105733e+01  ,2.341059460136e+01  ,2.095200475084e+01  ,1.896080309518e+01  ,1.731538507714e+01  ,1.593282539325e+01  ,1.475478832541e+01  ,1.373900339915e+01  ,1.285410818665e+01  ,1.207633191720e+01  ,1.138733211133e+01  ,1.077275867902e+01  ,1.022108376099e+01  ,9.723195627371e+00  
  4.055356209011e-06  ,7.923573044702e+01  ,5.668752769841e+01  ,4.413423308081e+01  ,3.613492651124e+01  ,3.059154405377e+01  ,2.652337105733e+01  ,2.341059460136e+01  ,2.095200475084e+01  ,1.896080309518e+01  ,1.731538507714e+01  ,1.593282539325e+01  ,1.475478832541e+01  ,1.373900339915e+01  ,1.285410818665e+01  ,1.207633191720e+01  ,1.138733211133e+01  ,1.077275867902e+01  ,1.022108376099e+01  ,9.723195627371e+00  
  4.055832724863e-06  ,7.923573044702e+01  ,5.668752769841e+01  ,4.413423308081e+01  ,3.613492651124e+01  ,3.059154405377e+01  ,2.652337105733e+01  ,2.341059460136e+01  ,2.095200475084e+01  ,1.896080309518e+01  ,1.731538507714e+01  ,1.593282539325e+01  ,1.475478832541e+01  ,1.373900339915e+01  ,1.285410818665e+01  ,1.207633191720e+01  ,1.138733211133e+01  ,1.077275867902e+01  ,1.022108376099e+01  ,9.723195627371e+00  
  4.056311704063e-06  ,7.923573044702e+01  ,5.668752769841e+01  ,4.413423308081e+01  ,3.613492651124e+01  ,3.059154405377e+01  ,2.652337105733e+01  ,2.341059460136e+01  ,2.095200475084e+01  ,1.896080309518e+01  ,1.731538507714e+01  ,1.593282539325e+01  ,1.475478832541e+01  ,1.373900339915e+01  ,1.285410818665e+01  ,1.207633191720e+01  ,1.138733211133e+01  ,1.077275867902e+01  ,1.022108376099e+01  ,9.723195627371e+00  
  4.057032268339e-06  ,7.923573044702e+01  ,5.668752769841e+01  ,4.413423308081e+01  ,3.613492651124e+01  ,3.059154405377e+01  ,2.652337105733e+01  ,2.341059460136e+01  ,2.095200475084e+01  ,1.896080309518e+01  ,1.731538507714e+01  ,1.593282539325e+01  ,1.475478832541e+01  ,1.373900339915e+01  ,1.285410818665e+01  ,1.207633191720e+01  ,1.138733211133e+01  ,1.077275867902e+01  ,1.022108376099e+01  ,9.723195627371e+00  
  4.058032322520e-06  ,7.923573044702e+01  ,5.668752769841e+01  ,4.413423308081e+01  ,3.613492651124e+01  ,3.059154405377e+01  ,2.652337105733e+01  ,2.341059460136e+01  ,2.095200475084e+01  ,1.896080309518e+01  ,1.731538507714e+01  ,1.593282539325e+01  ,1.475478832541e+01  ,1.373900339915e+01  ,1.285410818665e+01  ,1.207633191720e+01  ,1.138733211133e+01  ,1.077275867902e+01  ,1.022108376099e+01  ,9.723195627371e+00  
  4.059032376701e-06  ,7.923573044702e+01  ,5.668752769841e+01  ,4.413423308081e+01  ,3.613492651124e+01  ,3.059154405377e+01  ,2.652337105733e+01  ,2.341059460136e+01  ,2.095200475084e+01  ,1.896080309518e+01  ,1.731538507714e+01  ,1.593282539325e+01  ,1.475478832541e+01  ,1.373900339915e+01  ,1.285410818665e+01  ,1.207633191720e+01  ,1.138733211133e+01  ,1.077275867902e+01  ,1.022108376099e+01  ,9.723195627371e+00  
  4.060032430881e-06  ,7.923573044702e+01  ,5.668752769841e+01  ,4.413423308081e+01  ,3.613492651124e+01  ,3.059154405377e+01  ,2.652337105733e+01  ,2.341059460136e+01  ,2.095200475084e+01  ,1.896080309518e+01  ,1.731538507714e+01  ,1.593282539325e+01  ,1.475478832541e+01  ,1.373900339915e+01  ,1.285410818665e+01  ,1.207633191720e+01  ,1.138733211133e+01  ,1.077275867902e+01  ,1.022108376099e+01  ,9.723195627371e+00  
  4.061032485062e-06  ,7.923573044702e+01  ,5.668752769841e+01  ,4.413423308081e+01  ,3.613492651124e+01  ,3.059154405377e+01  ,2.652337105733e+01  ,2.341059460136e+01  ,2.095200475084e+01  ,1.896080309518e+01  ,1.731538507714e+01  ,1.593282539325e+01  ,1.475478832541e+01  ,1.373900339915e+01  ,1.285410818665e+01  ,1.207633191720e+01  ,1.138733211133e+01  ,1.077275867902e+01  ,1.022108376099e+01  ,9.723195627371e+00  
  4.062032539243e-06  ,7.923573044702e+01  ,5.668752769841e+01  ,4.413423308081e+01  ,3.613492651124e+01  ,3.059154405377e+01  ,2.652337105733e+01  ,2.341059460136e+01  ,2.095200475084e+01  ,1.896080309518e+01  ,1.731538507714e+01  ,1.593282539325e+01  ,1.475478832541e+01  ,1.373900339915e+01  ,1.285410818665e+01  ,1.207633191720e+01  ,1.138733211133e+01  ,1.077275867902e+01  ,1.022108376099e+01  ,9.723195627371e+00  
  4.063032593423e-06  ,7.923573044702e+01  ,5.668752769841e+01  ,4.413423308081e+01  ,3.613492651124e+01  ,3.059154405377e+01  ,2.652337105733e+01  ,2.341059460136e+01  ,2.095200475084e+01  ,1.896080309518e+01  ,1.731538507714e+01  ,1.593282539325e+01  ,1.475478832541e+01  ,1.373900339915e+01  ,1.285410818665e+01  ,1.207633191720e+01  ,1.138733211133e+01  ,1.077275867902e+01  ,1.022108376099e+01  ,9.723195627371e+00  
  4.064032647604e-06  ,7.923573044702e+01  ,5.668752769841e+01  ,4.413423308081e+01  ,3.613492651124e+01  ,3.059154405377e+01  ,2.652337105733e+01  ,2.341059460136e+01  ,2.095200475084e+01  ,1.896080309518e+01  ,1.731538507714e+01  ,1.593282539325e+01  ,1.475478832541e+01  ,1.373900339915e+01  ,1.285410818665e+01  ,1.207633191720e+01  ,1.138733211133e+01  ,1.077275867902e+01  ,1.022108376099e+01  ,9.723195627371e+00  
  4.064265156933e-06  ,7.923573044702e+01  ,5.668752769841e+01  ,4.413423308081e+01  ,3.613492651124e+01  ,3.059154405377e+01  ,2.652337105733e+01  ,2.341059460136e+01  ,2.095200475084e+01  ,1.896080309518e+01  ,1.731538507714e+01  ,1.593282539325e+01  ,1.475478832541e+01  ,1.373900339915e+01  ,1.285410818665e+01  ,1.207633191720e+01  ,1.138733211133e+01  ,1.077275867902e+01  ,1.022108376099e+01  ,9.723195627371e+00  
  4.064515170478e-06  ,7.923573044702e+01  ,5.668752769841e+01  ,4.413423308081e+01  ,3.613492651124e+01  ,3.059154405377e+01  ,2.652337105733e+01  ,2.341059460136e+01  ,2.095200475084e+01  ,1.896080309518e+01  ,1.731538507714e+01  ,1.593282539325e+01  ,1.475478832541e+01  ,1.373900339915e+01  ,1.285410818665e+01  ,1.207633191720e+01  ,1.138733211133e+01  ,1.077275867902e+01  ,1.022108376099e+01  ,9.723195627371e+00  
  4.065015197569e-06  ,7.923573044702e+01  ,5.668752769841e+01  ,4.413423308081e+01  ,3.613492651124e+01  ,3.059154405377e+01  ,2.652337105733e+01  ,2.341059460136e+01  ,2.095200475084e+01  ,1.896080309518e+01  ,1.731538507714e+01  ,1.593282539325e+01  ,1.475478832541e+01  ,1.373900339915e+01  ,1.285410818665e+01  ,1.207633191720e+01  ,1.138733211133e+01  ,1.077275867902e+01  ,1.022108376099e+01  ,9.723195627371e+00  
  4.066015251749e-06  ,7.923573044702e+01  ,5.668752769841e+01  ,4.413423308081e+01  ,3.613492651124e+01  ,3.059154405377e+01  ,2.652337105733e+01  ,2.341059460136e+01  ,2.095200475084e+01  ,1.896080309518e+01  ,1.731538507714e+01  ,1.593282539325e+01  ,1.475478832541e+01  ,1.373900339915e+01  ,1.285410818665e+01  ,1.207633191720e+01  ,1.138733211133e+01  ,1.077275867902e+01  ,1.022108376099e+01  ,9.723195627371e+00  
  4.067015305930e-06  ,7.923573044702e+01  ,5.668752769841e+01  ,4.413423308081e+01  ,3.613492651124e+01  ,3.059154405377e+01  ,2.652337105733e+01  ,2.341059460136e+01  ,2.095200475084e+01  ,1.896080309518e+01  ,1.731538507714e+01  ,1.593282539325e+01  ,1.475478832541e+01  ,1.373900339915e+01  ,1.285410818665e+01  ,1.207633191720e+01  ,1.138733211133e+01  ,1.077275867902e+01  ,1.022108376099e+01  ,9.723195627371e+00  
  4.068015360111e-06  ,7.923573044702e+01  ,5.668752769841e+01  ,4.413423308081e+01  ,3.613492651124e+01  ,3.059154405377e+01  ,2.652337105733e+01  ,2.341059460136e+01  ,2.095200475084e+01  ,1.896080309518e+01  ,1.731538507714e+01  ,1.593282539325e+01  ,1.475478832541e+01  ,1.373900339915e+01  ,1.285410818665e+01  ,1.207633191720e+01  ,1.138733211133e+01  ,1.077275867902e+01  ,1.022108376099e+01  ,9.723195627371e+00  
  4.069015414291e-06  ,7.923573044702e+01  ,5.668752769841e+01  ,4.413423308081e+01  ,3.613492651124e+01  ,3.059154405377e+01  ,2.652337105733e+01  ,2.341059460136e+01  ,2.095200475084e+01  ,1.896080309518e+01  ,1.731538507714e+01  ,1.593282539325e+01  ,1.475478832541e+01  ,1.373900339915e+01  ,1.285410818665e+01  ,1.207633191720e+01  ,1.138733211133e+01  ,1.077275867902e+01  ,1.022108376099e+01  ,9.723195627371e+00  
  4.070015468472e-06  ,7.923573044702e+01  ,5.668752769841e+01  ,4.413423308081e+01  ,3.613492651124e+01  ,3.059154405377e+01  ,2.652337105733e+01  ,2.341059460136e+01  ,2.095200475084e+01  ,1.896080309518e+01  ,1.731538507714e+01  ,1.593282539325e+01  ,1.475478832541e+01  ,1.373900339915e+01  ,1.285410818665e+01  ,1.207633191720e+01  ,1.138733211133e+01  ,1.077275867902e+01  ,1.022108376099e+01  ,9.723195627371e+00  
  4.071015522652e-06  ,7.923573044702e+01  ,5.668752769841e+01  ,4.413423308081e+01  ,3.613492651124e+01  ,3.059154405377e+01  ,2.652337105733e+01  ,2.341059460136e+01  ,2.095200475084e+01  ,1.896080309518e+01  ,1.731538507714e+01  ,1.593282539325e+01  ,1.475478832541e+01  ,1.373900339915e+01  ,1.285410818665e+01  ,1.207633191720e+01  ,1.138733211133e+01  ,1.077275867902e+01  ,1.022108376099e+01  ,9.723195627371e+00  
  4.072015576833e-06  ,7.923573044702e+01  ,5.668752769841e+01  ,4.413423308081e+01  ,3.613492651124e+01  ,3.059154405377e+01  ,2.652337105733e+01  ,2.341059460136e+01  ,2.095200475084e+01  ,1.896080309518e+01  ,1.731538507714e+01  ,1.593282539325e+01  ,1.475478832541e+01  ,1.373900339915e+01  ,1.285410818665e+01  ,1.207633191720e+01  ,1.138733211133e+01  ,1.077275867902e+01  ,1.022108376099e+01  ,9.723195627371e+00  
  4.073015631014e-06  ,7.923573044702e+01  ,5.668752769841e+01  ,4.413423308081e+01  ,3.613492651124e+01  ,3.059154405377e+01  ,2.652337105733e+01  ,2.341059460136e+01  ,2.095200475084e+01  ,1.896080309518e+01  ,1.731538507714e+01  ,1.593282539325e+01  ,1.475478832541e+01  ,1.373900339915e+01  ,1.285410818665e+01  ,1.207633191720e+01  ,1.138733211133e+01  ,1.077275867902e+01  ,1.022108376099e+01  ,9.723195627371e+00  
  4.074015685194e-06  ,7.923573044702e+01  ,5.668752769841e+01  ,4.413423308081e+01  ,3.613492651124e+01  ,3.059154405377e+01  ,2.652337105733e+01  ,2.341059460136e+01  ,2.095200475084e+01  ,1.896080309518e+01  ,1.731538507714e+01  ,1.593282539325e+01  ,1.475478832541e+01  ,1.373900339915e+01  ,1.285410818665e+01  ,1.207633191720e+01  ,1.138733211133e+01  ,1.077275867902e+01  ,1.022108376099e+01  ,9.723195627371e+00  
  4.075015739375e-06  ,7.923573044702e+01  ,5.668752769841e+01  ,4.413423308081e+01  ,3.613492651124e+01  ,3.059154405377e+01  ,2.652337105733e+01  ,2.341059460136e+01  ,2.095200475084e+01  ,1.896080309518e+01  ,1.731538507714e+01  ,1.593282539325e+01  ,1.475478832541e+01  ,1.373900339915e+01  ,1.285410818665e+01  ,1.207633191720e+01  ,1.138733211133e+01  ,1.077275867902e+01  ,1.022108376099e+01  ,9.723195627371e+00  
  4.076015793556e-06  ,7.923573044702e+01  ,5.668752769841e+01  ,4.413423308081e+01  ,3.613492651124e+01  ,3.059154405377e+01  ,2.652337105733e+01  ,2.341059460136e+01  ,2.095200475084e+01  ,1.896080309518e+01  ,1.731538507714e+01  ,1.593282539325e+01  ,1.475478832541e+01  ,1.373900339915e+01  ,1.285410818665e+01  ,1.207633191720e+01  ,1.138733211133e+01  ,1.077275867902e+01  ,1.022108376099e+01  ,9.723195627371e+00  
  4.077015847736e-06  ,7.923573044702e+01  ,5.668752769841e+01  ,4.413423308081e+01  ,3.613492651124e+01  ,3.059154405377e+01  ,2.652337105733e+01  ,2.341059460136e+01  ,2.095200475084e+01  ,1.896080309518e+01  ,1.731538507714e+01  ,1.593282539325e+01  ,1.475478832541e+01  ,1.373900339915e+01  ,1.285410818665e+01  ,1.207633191720e+01  ,1.138733211133e+01  ,1.077275867902e+01  ,1.022108376099e+01  ,9.723195627371e+00  
  4.078015901917e-06  ,7.923573044702e+01  ,5.668752769841e+01  ,4.413423308081e+01  ,3.613492651124e+01  ,3.059154405377e+01  ,2.652337105733e+01  ,2.341059460136e+01  ,2.095200475084e+01  ,1.896080309518e+01  ,1.731538507714e+01  ,1.593282539325e+01  ,1.475478832541e+01  ,1.373900339915e+01  ,1.285410818665e+01  ,1.207633191720e+01  ,1.138733211133e+01  ,1.077275867902e+01  ,1.022108376099e+01  ,9.723195627371e+00  
  4.079015956097e-06  ,7.923573044702e+01  ,5.668752769841e+01  ,4.413423308081e+01  ,3.613492651124e+01  ,3.059154405377e+01  ,2.652337105733e+01  ,2.341059460136e+01  ,2.095200475084e+01  ,1.896080309518e+01  ,1.731538507714e+01  ,1.593282539325e+01  ,1.475478832541e+01  ,1.373900339915e+01  ,1.285410818665e+01  ,1.207633191720e+01  ,1.138733211133e+01  ,1.077275867902e+01  ,1.022108376099e+01  ,9.723195627371e+00  
  4.080016010278e-06  ,7.923573044702e+01  ,5.668752769841e+01  ,4.413423308081e+01  ,3.613492651124e+01  ,3.059154405377e+01  ,2.652337105733e+01  ,2.341059460136e+01  ,2.095200475084e+01  ,1.896080309518e+01  ,1.731538507714e+01  ,1.593282539325e+01  ,1.475478832541e+01  ,1.373900339915e+01  ,1.285410818665e+01  ,1.207633191720e+01  ,1.138733211133e+01  ,1.077275867902e+01  ,1.022108376099e+01  ,9.723195627371e+00  
  4.081016064459e-06  ,7.923573044702e+01  ,5.668752769841e+01  ,4.413423308081e+01  ,3.613492651124e+01  ,3.059154405377e+01  ,2.652337105733e+01  ,2.341059460136e+01  ,2.095200475084e+01  ,1.896080309518e+01  ,1.731538507714e+01  ,1.593282539325e+01  ,1.475478832541e+01  ,1.373900339915e+01  ,1.285410818665e+01  ,1.207633191720e+01  ,1.138733211133e+01  ,1.077275867902e+01  ,1.022108376099e+01  ,9.723195627371e+00  
  4.082016118639e-06  ,7.923573044702e+01  ,5.668752769841e+01  ,4.413423308081e+01  ,3.613492651124e+01  ,3.059154405377e+01  ,2.652337105733e+01  ,2.341059460136e+01  ,2.095200475084e+01  ,1.896080309518e+01  ,1.731538507714e+01  ,1.593282539325e+01  ,1.475478832541e+01  ,1.373900339915e+01  ,1.285410818665e+01  ,1.207633191720e+01  ,1.138733211133e+01  ,1.077275867902e+01  ,1.022108376099e+01  ,9.723195627371e+00  
  4.083016172820e-06  ,7.923573044702e+01  ,5.668752769841e+01  ,4.413423308081e+01  ,3.613492651124e+01  ,3.059154405377e+01  ,2.652337105733e+01  ,2.341059460136e+01  ,2.095200475084e+01  ,1.896080309518e+01  ,1.731538507714e+01  ,1.593282539325e+01  ,1.475478832541e+01  ,1.373900339915e+01  ,1.285410818665e+01  ,1.207633191720e+01  ,1.138733211133e+01  ,1.077275867902e+01  ,1.022108376099e+01  ,9.723195627371e+00  
  4.084016227001e-06  ,7.923573044702e+01  ,5.668752769841e+01  ,4.413423308081e+01  ,3.613492651124e+01  ,3.059154405377e+01  ,2.652337105733e+01  ,2.341059460136e+01  ,2.095200475084e+01  ,1.896080309518e+01  ,1.731538507714e+01  ,1.593282539325e+01  ,1.475478832541e+01  ,1.373900339915e+01  ,1.285410818665e+01  ,1.207633191720e+01  ,1.138733211133e+01  ,1.077275867902e+01  ,1.022108376099e+01  ,9.723195627371e+00  
  4.085016281181e-06  ,7.923573044702e+01  ,5.668752769841e+01  ,4.413423308081e+01  ,3.613492651124e+01  ,3.059154405377e+01  ,2.652337105733e+01  ,2.341059460136e+01  ,2.095200475084e+01  ,1.896080309518e+01  ,1.731538507714e+01  ,1.593282539325e+01  ,1.475478832541e+01  ,1.373900339915e+01  ,1.285410818665e+01  ,1.207633191720e+01  ,1.138733211133e+01  ,1.077275867902e+01  ,1.022108376099e+01  ,9.723195627371e+00  
  4.086016335362e-06  ,7.923573044702e+01  ,5.668752769841e+01  ,4.413423308081e+01  ,3.613492651124e+01  ,3.059154405377e+01  ,2.652337105733e+01  ,2.341059460136e+01  ,2.095200475084e+01  ,1.896080309518e+01  ,1.731538507714e+01  ,1.593282539325e+01  ,1.475478832541e+01  ,1.373900339915e+01  ,1.285410818665e+01  ,1.207633191720e+01  ,1.138733211133e+01  ,1.077275867902e+01  ,1.022108376099e+01  ,9.723195627371e+00  
  4.087016389542e-06  ,7.923573044702e+01  ,5.668752769841e+01  ,4.413423308081e+01  ,3.613492651124e+01  ,3.059154405377e+01  ,2.652337105733e+01  ,2.341059460136e+01  ,2.095200475084e+01  ,1.896080309518e+01  ,1.731538507714e+01  ,1.593282539325e+01  ,1.475478832541e+01  ,1.373900339915e+01  ,1.285410818665e+01  ,1.207633191720e+01  ,1.138733211133e+01  ,1.077275867902e+01  ,1.022108376099e+01  ,9.723195627371e+00  
  4.088016443723e-06  ,7.923573044702e+01  ,5.668752769841e+01  ,4.413423308081e+01  ,3.613492651124e+01  ,3.059154405377e+01  ,2.652337105733e+01  ,2.341059460136e+01  ,2.095200475084e+01  ,1.896080309518e+01  ,1.731538507714e+01  ,1.593282539325e+01  ,1.475478832541e+01  ,1.373900339915e+01  ,1.285410818665e+01  ,1.207633191720e+01  ,1.138733211133e+01  ,1.077275867902e+01  ,1.022108376099e+01  ,9.723195627371e+00  
  4.089016497904e-06  ,7.923573044702e+01  ,5.668752769841e+01  ,4.413423308081e+01  ,3.613492651124e+01  ,3.059154405377e+01  ,2.652337105733e+01  ,2.341059460136e+01  ,2.095200475084e+01  ,1.896080309518e+01  ,1.731538507714e+01  ,1.593282539325e+01  ,1.475478832541e+01  ,1.373900339915e+01  ,1.285410818665e+01  ,1.207633191720e+01  ,1.138733211133e+01  ,1.077275867902e+01  ,1.022108376099e+01  ,9.723195627371e+00  
  4.090016552084e-06  ,7.923573044702e+01  ,5.668752769841e+01  ,4.413423308081e+01  ,3.613492651124e+01  ,3.059154405377e+01  ,2.652337105733e+01  ,2.341059460136e+01  ,2.095200475084e+01  ,1.896080309518e+01  ,1.731538507714e+01  ,1.593282539325e+01  ,1.475478832541e+01  ,1.373900339915e+01  ,1.285410818665e+01  ,1.207633191720e+01  ,1.138733211133e+01  ,1.077275867902e+01  ,1.022108376099e+01  ,9.723195627371e+00  
  4.091016606265e-06  ,7.923573044702e+01  ,5.668752769841e+01  ,4.413423308081e+01  ,3.613492651124e+01  ,3.059154405377e+01  ,2.652337105733e+01  ,2.341059460136e+01  ,2.095200475084e+01  ,1.896080309518e+01  ,1.731538507714e+01  ,1.593282539325e+01  ,1.475478832541e+01  ,1.373900339915e+01  ,1.285410818665e+01  ,1.207633191720e+01  ,1.138733211133e+01  ,1.077275867902e+01  ,1.022108376099e+01  ,9.723195627371e+00  
  4.092016660445e-06  ,7.923573044702e+01  ,5.668752769841e+01  ,4.413423308081e+01  ,3.613492651124e+01  ,3.059154405377e+01  ,2.652337105733e+01  ,2.341059460136e+01  ,2.095200475084e+01  ,1.896080309518e+01  ,1.731538507714e+01  ,1.593282539325e+01  ,1.475478832541e+01  ,1.373900339915e+01  ,1.285410818665e+01  ,1.207633191720e+01  ,1.138733211133e+01  ,1.077275867902e+01  ,1.022108376099e+01  ,9.723195627371e+00  
  4.093016714626e-06  ,7.923573044702e+01  ,5.668752769841e+01  ,4.413423308081e+01  ,3.613492651124e+01  ,3.059154405377e+01  ,2.652337105733e+01  ,2.341059460136e+01  ,2.095200475084e+01  ,1.896080309518e+01  ,1.731538507714e+01  ,1.593282539325e+01  ,1.475478832541e+01  ,1.373900339915e+01  ,1.285410818665e+01  ,1.207633191720e+01  ,1.138733211133e+01  ,1.077275867902e+01  ,1.022108376099e+01  ,9.723195627371e+00  
  4.094016768807e-06  ,7.923573044702e+01  ,5.668752769841e+01  ,4.413423308081e+01  ,3.613492651124e+01  ,3.059154405377e+01  ,2.652337105733e+01  ,2.341059460136e+01  ,2.095200475084e+01  ,1.896080309518e+01  ,1.731538507714e+01  ,1.593282539325e+01  ,1.475478832541e+01  ,1.373900339915e+01  ,1.285410818665e+01  ,1.207633191720e+01  ,1.138733211133e+01  ,1.077275867902e+01  ,1.022108376099e+01  ,9.723195627371e+00  
  4.095016822987e-06  ,7.923573044702e+01  ,5.668752769841e+01  ,4.413423308081e+01  ,3.613492651124e+01  ,3.059154405377e+01  ,2.652337105733e+01  ,2.341059460136e+01  ,2.095200475084e+01  ,1.896080309518e+01  ,1.731538507714e+01  ,1.593282539325e+01  ,1.475478832541e+01  ,1.373900339915e+01  ,1.285410818665e+01  ,1.207633191720e+01  ,1.138733211133e+01  ,1.077275867902e+01  ,1.022108376099e+01  ,9.723195627371e+00  
  4.096016877168e-06  ,7.923573044702e+01  ,5.668752769841e+01  ,4.413423308081e+01  ,3.613492651124e+01  ,3.059154405377e+01  ,2.652337105733e+01  ,2.341059460136e+01  ,2.095200475084e+01  ,1.896080309518e+01  ,1.731538507714e+01  ,1.593282539325e+01  ,1.475478832541e+01  ,1.373900339915e+01  ,1.285410818665e+01  ,1.207633191720e+01  ,1.138733211133e+01  ,1.077275867902e+01  ,1.022108376099e+01  ,9.723195627371e+00  
  4.097016931349e-06  ,7.923573044702e+01  ,5.668752769841e+01  ,4.413423308081e+01  ,3.613492651124e+01  ,3.059154405377e+01  ,2.652337105733e+01  ,2.341059460136e+01  ,2.095200475084e+01  ,1.896080309518e+01  ,1.731538507714e+01  ,1.593282539325e+01  ,1.475478832541e+01  ,1.373900339915e+01  ,1.285410818665e+01  ,1.207633191720e+01  ,1.138733211133e+01  ,1.077275867902e+01  ,1.022108376099e+01  ,9.723195627371e+00  
  4.098016985529e-06  ,7.923573044702e+01  ,5.668752769841e+01  ,4.413423308081e+01  ,3.613492651124e+01  ,3.059154405377e+01  ,2.652337105733e+01  ,2.341059460136e+01  ,2.095200475084e+01  ,1.896080309518e+01  ,1.731538507714e+01  ,1.593282539325e+01  ,1.475478832541e+01  ,1.373900339915e+01  ,1.285410818665e+01  ,1.207633191720e+01  ,1.138733211133e+01  ,1.077275867902e+01  ,1.022108376099e+01  ,9.723195627371e+00  
  4.099017039710e-06  ,7.923573044702e+01  ,5.668752769841e+01  ,4.413423308081e+01  ,3.613492651124e+01  ,3.059154405377e+01  ,2.652337105733e+01  ,2.341059460136e+01  ,2.095200475084e+01  ,1.896080309518e+01  ,1.731538507714e+01  ,1.593282539325e+01  ,1.475478832541e+01  ,1.373900339915e+01  ,1.285410818665e+01  ,1.207633191720e+01  ,1.138733211133e+01  ,1.077275867902e+01  ,1.022108376099e+01  ,9.723195627371e+00  
  4.100017093890e-06  ,7.923573044702e+01  ,5.668752769841e+01  ,4.413423308081e+01  ,3.613492651124e+01  ,3.059154405377e+01  ,2.652337105733e+01  ,2.341059460136e+01  ,2.095200475084e+01  ,1.896080309518e+01  ,1.731538507714e+01  ,1.593282539325e+01  ,1.475478832541e+01  ,1.373900339915e+01  ,1.285410818665e+01  ,1.207633191720e+01  ,1.138733211133e+01  ,1.077275867902e+01  ,1.022108376099e+01  ,9.723195627371e+00  
  4.101017148071e-06  ,7.923573044702e+01  ,5.668752769841e+01  ,4.413423308081e+01  ,3.613492651124e+01  ,3.059154405377e+01  ,2.652337105733e+01  ,2.341059460136e+01  ,2.095200475084e+01  ,1.896080309518e+01  ,1.731538507714e+01  ,1.593282539325e+01  ,1.475478832541e+01  ,1.373900339915e+01  ,1.285410818665e+01  ,1.207633191720e+01  ,1.138733211133e+01  ,1.077275867902e+01  ,1.022108376099e+01  ,9.723195627371e+00  
  4.102017202252e-06  ,7.923573044702e+01  ,5.668752769841e+01  ,4.413423308081e+01  ,3.613492651124e+01  ,3.059154405377e+01  ,2.652337105733e+01  ,2.341059460136e+01  ,2.095200475084e+01  ,1.896080309518e+01  ,1.731538507714e+01  ,1.593282539325e+01  ,1.475478832541e+01  ,1.373900339915e+01  ,1.285410818665e+01  ,1.207633191720e+01  ,1.138733211133e+01  ,1.077275867902e+01  ,1.022108376099e+01  ,9.723195627371e+00  
  4.103017256432e-06  ,7.923573044702e+01  ,5.668752769841e+01  ,4.413423308081e+01  ,3.613492651124e+01  ,3.059154405377e+01  ,2.652337105733e+01  ,2.341059460136e+01  ,2.095200475084e+01  ,1.896080309518e+01  ,1.731538507714e+01  ,1.593282539325e+01  ,1.475478832541e+01  ,1.373900339915e+01  ,1.285410818665e+01  ,1.207633191720e+01  ,1.138733211133e+01  ,1.077275867902e+01  ,1.022108376099e+01  ,9.723195627371e+00  
  4.104017310613e-06  ,7.923573044702e+01  ,5.668752769841e+01  ,4.413423308081e+01  ,3.613492651124e+01  ,3.059154405377e+01  ,2.652337105733e+01  ,2.341059460136e+01  ,2.095200475084e+01  ,1.896080309518e+01  ,1.731538507714e+01  ,1.593282539325e+01  ,1.475478832541e+01  ,1.373900339915e+01  ,1.285410818665e+01  ,1.207633191720e+01  ,1.138733211133e+01  ,1.077275867902e+01  ,1.022108376099e+01  ,9.723195627371e+00  
  4.105017364794e-06  ,7.923573044702e+01  ,5.668752769841e+01  ,4.413423308081e+01  ,3.613492651124e+01  ,3.059154405377e+01  ,2.652337105733e+01  ,2.341059460136e+01  ,2.095200475084e+01  ,1.896080309518e+01  ,1.731538507714e+01  ,1.593282539325e+01  ,1.475478832541e+01  ,1.373900339915e+01  ,1.285410818665e+01  ,1.207633191720e+01  ,1.138733211133e+01  ,1.077275867902e+01  ,1.022108376099e+01  ,9.723195627371e+00  
  4.106017418974e-06  ,7.923573044702e+01  ,5.668752769841e+01  ,4.413423308081e+01  ,3.613492651124e+01  ,3.059154405377e+01  ,2.652337105733e+01  ,2.341059460136e+01  ,2.095200475084e+01  ,1.896080309518e+01  ,1.731538507714e+01  ,1.593282539325e+01  ,1.475478832541e+01  ,1.373900339915e+01  ,1.285410818665e+01  ,1.207633191720e+01  ,1.138733211133e+01  ,1.077275867902e+01  ,1.022108376099e+01  ,9.723195627371e+00  
  4.107017473155e-06  ,7.923573044702e+01  ,5.668752769841e+01  ,4.413423308081e+01  ,3.613492651124e+01  ,3.059154405377e+01  ,2.652337105733e+01  ,2.341059460136e+01  ,2.095200475084e+01  ,1.896080309518e+01  ,1.731538507714e+01  ,1.593282539325e+01  ,1.475478832541e+01  ,1.373900339915e+01  ,1.285410818665e+01  ,1.207633191720e+01  ,1.138733211133e+01  ,1.077275867902e+01  ,1.022108376099e+01  ,9.723195627371e+00  
  4.108017527335e-06  ,7.923573044702e+01  ,5.668752769841e+01  ,4.413423308081e+01  ,3.613492651124e+01  ,3.059154405377e+01  ,2.652337105733e+01  ,2.341059460136e+01  ,2.095200475084e+01  ,1.896080309518e+01  ,1.731538507714e+01  ,1.593282539325e+01  ,1.475478832541e+01  ,1.373900339915e+01  ,1.285410818665e+01  ,1.207633191720e+01  ,1.138733211133e+01  ,1.077275867902e+01  ,1.022108376099e+01  ,9.723195627371e+00  
  4.109017581516e-06  ,7.923573044702e+01  ,5.668752769841e+01  ,4.413423308081e+01  ,3.613492651124e+01  ,3.059154405377e+01  ,2.652337105733e+01  ,2.341059460136e+01  ,2.095200475084e+01  ,1.896080309518e+01  ,1.731538507714e+01  ,1.593282539325e+01  ,1.475478832541e+01  ,1.373900339915e+01  ,1.285410818665e+01  ,1.207633191720e+01  ,1.138733211133e+01  ,1.077275867902e+01  ,1.022108376099e+01  ,9.723195627371e+00  
  4.110017635697e-06  ,7.923573044702e+01  ,5.668752769841e+01  ,4.413423308081e+01  ,3.613492651124e+01  ,3.059154405377e+01  ,2.652337105733e+01  ,2.341059460136e+01  ,2.095200475084e+01  ,1.896080309518e+01  ,1.731538507714e+01  ,1.593282539325e+01  ,1.475478832541e+01  ,1.373900339915e+01  ,1.285410818665e+01  ,1.207633191720e+01  ,1.138733211133e+01  ,1.077275867902e+01  ,1.022108376099e+01  ,9.723195627371e+00  
  4.110978241381e-06  ,7.923573044702e+01  ,5.668752769841e+01  ,4.413423308081e+01  ,3.613492651124e+01  ,3.059154405377e+01  ,2.652337105733e+01  ,2.341059460136e+01  ,2.095200475084e+01  ,1.896080309518e+01  ,1.731538507714e+01  ,1.593282539325e+01  ,1.475478832541e+01  ,1.373900339915e+01  ,1.285410818665e+01  ,1.207633191720e+01  ,1.138733211133e+01  ,1.077275867902e+01  ,1.022108376099e+01  ,9.723195627371e+00  
  4.111228254927e-06  ,7.923573044702e+01  ,5.668752769841e+01  ,4.413423308081e+01  ,3.613492651124e+01  ,3.059154405377e+01  ,2.652337105733e+01  ,2.341059460136e+01  ,2.095200475084e+01  ,1.896080309518e+01  ,1.731538507714e+01  ,1.593282539325e+01  ,1.475478832541e+01  ,1.373900339915e+01  ,1.285410818665e+01  ,1.207633191720e+01  ,1.138733211133e+01  ,1.077275867902e+01  ,1.022108376099e+01  ,9.723195627371e+00  
  4.111728282017e-06  ,7.923573044702e+01  ,5.668752769841e+01  ,4.413423308081e+01  ,3.613492651124e+01  ,3.059154405377e+01  ,2.652337105733e+01  ,2.341059460136e+01  ,2.095200475084e+01  ,1.896080309518e+01  ,1.731538507714e+01  ,1.593282539325e+01  ,1.475478832541e+01  ,1.373900339915e+01  ,1.285410818665e+01  ,1.207633191720e+01  ,1.138733211133e+01  ,1.077275867902e+01  ,1.022108376099e+01  ,9.723195627371e+00  
  4.112728336197e-06  ,7.923573044702e+01  ,5.668752769841e+01  ,4.413423308081e+01  ,3.613492651124e+01  ,3.059154405377e+01  ,2.652337105733e+01  ,2.341059460136e+01  ,2.095200475084e+01  ,1.896080309518e+01  ,1.731538507714e+01  ,1.593282539325e+01  ,1.475478832541e+01  ,1.373900339915e+01  ,1.285410818665e+01  ,1.207633191720e+01  ,1.138733211133e+01  ,1.077275867902e+01  ,1.022108376099e+01  ,9.723195627371e+00  
  4.113728390378e-06  ,7.923573044702e+01  ,5.668752769841e+01  ,4.413423308081e+01  ,3.613492651124e+01  ,3.059154405377e+01  ,2.652337105733e+01  ,2.341059460136e+01  ,2.095200475084e+01  ,1.896080309518e+01  ,1.731538507714e+01  ,1.593282539325e+01  ,1.475478832541e+01  ,1.373900339915e+01  ,1.285410818665e+01  ,1.207633191720e+01  ,1.138733211133e+01  ,1.077275867902e+01  ,1.022108376099e+01  ,9.723195627371e+00  
  4.114728444559e-06  ,7.923573044702e+01  ,5.668752769841e+01  ,4.413423308081e+01  ,3.613492651124e+01  ,3.059154405377e+01  ,2.652337105733e+01  ,2.341059460136e+01  ,2.095200475084e+01  ,1.896080309518e+01  ,1.731538507714e+01  ,1.593282539325e+01  ,1.475478832541e+01  ,1.373900339915e+01  ,1.285410818665e+01  ,1.207633191720e+01  ,1.138733211133e+01  ,1.077275867902e+01  ,1.022108376099e+01  ,9.723195627371e+00  
  4.115728498739e-06  ,7.923573044702e+01  ,5.668752769841e+01  ,4.413423308081e+01  ,3.613492651124e+01  ,3.059154405377e+01  ,2.652337105733e+01  ,2.341059460136e+01  ,2.095200475084e+01  ,1.896080309518e+01  ,1.731538507714e+01  ,1.593282539325e+01  ,1.475478832541e+01  ,1.373900339915e+01  ,1.285410818665e+01  ,1.207633191720e+01  ,1.138733211133e+01  ,1.077275867902e+01  ,1.022108376099e+01  ,9.723195627371e+00  
  4.116728552920e-06  ,7.923573044702e+01  ,5.668752769841e+01  ,4.413423308081e+01  ,3.613492651124e+01  ,3.059154405377e+01  ,2.652337105733e+01  ,2.341059460136e+01  ,2.095200475084e+01  ,1.896080309518e+01  ,1.731538507714e+01  ,1.593282539325e+01  ,1.475478832541e+01  ,1.373900339915e+01  ,1.285410818665e+01  ,1.207633191720e+01  ,1.138733211133e+01  ,1.077275867902e+01  ,1.022108376099e+01  ,9.723195627371e+00  
  4.117728607101e-06  ,7.923573044702e+01  ,5.668752769841e+01  ,4.413423308081e+01  ,3.613492651124e+01  ,3.059154405377e+01  ,2.652337105733e+01  ,2.341059460136e+01  ,2.095200475084e+01  ,1.896080309518e+01  ,1.731538507714e+01  ,1.593282539325e+01  ,1.475478832541e+01  ,1.373900339915e+01  ,1.285410818665e+01  ,1.207633191720e+01  ,1.138733211133e+01  ,1.077275867902e+01  ,1.022108376099e+01  ,9.723195627371e+00  
  4.118728661281e-06  ,7.923573044702e+01  ,5.668752769841e+01  ,4.413423308081e+01  ,3.613492651124e+01  ,3.059154405377e+01  ,2.652337105733e+01  ,2.341059460136e+01  ,2.095200475084e+01  ,1.896080309518e+01  ,1.731538507714e+01  ,1.593282539325e+01  ,1.475478832541e+01  ,1.373900339915e+01  ,1.285410818665e+01  ,1.207633191720e+01  ,1.138733211133e+01  ,1.077275867902e+01  ,1.022108376099e+01  ,9.723195627371e+00  
  4.119728715462e-06  ,7.923573044702e+01  ,5.668752769841e+01  ,4.413423308081e+01  ,3.613492651124e+01  ,3.059154405377e+01  ,2.652337105733e+01  ,2.341059460136e+01  ,2.095200475084e+01  ,1.896080309518e+01  ,1.731538507714e+01  ,1.593282539325e+01  ,1.475478832541e+01  ,1.373900339915e+01  ,1.285410818665e+01  ,1.207633191720e+01  ,1.138733211133e+01  ,1.077275867902e+01  ,1.022108376099e+01  ,9.723195627371e+00  
  4.120728769642e-06  ,7.923573044702e+01  ,5.668752769841e+01  ,4.413423308081e+01  ,3.613492651124e+01  ,3.059154405377e+01  ,2.652337105733e+01  ,2.341059460136e+01  ,2.095200475084e+01  ,1.896080309518e+01  ,1.731538507714e+01  ,1.593282539325e+01  ,1.475478832541e+01  ,1.373900339915e+01  ,1.285410818665e+01  ,1.207633191720e+01  ,1.138733211133e+01  ,1.077275867902e+01  ,1.022108376099e+01  ,9.723195627371e+00  
  4.121728823823e-06  ,7.923573044702e+01  ,5.668752769841e+01  ,4.413423308081e+01  ,3.613492651124e+01  ,3.059154405377e+01  ,2.652337105733e+01  ,2.341059460136e+01  ,2.095200475084e+01  ,1.896080309518e+01  ,1.731538507714e+01  ,1.593282539325e+01  ,1.475478832541e+01  ,1.373900339915e+01  ,1.285410818665e+01  ,1.207633191720e+01  ,1.138733211133e+01  ,1.077275867902e+01  ,1.022108376099e+01  ,9.723195627371e+00  
  4.122728878004e-06  ,7.923573044702e+01  ,5.668752769841e+01  ,4.413423308081e+01  ,3.613492651124e+01  ,3.059154405377e+01  ,2.652337105733e+01  ,2.341059460136e+01  ,2.095200475084e+01  ,1.896080309518e+01  ,1.731538507714e+01  ,1.593282539325e+01  ,1.475478832541e+01  ,1.373900339915e+01  ,1.285410818665e+01  ,1.207633191720e+01  ,1.138733211133e+01  ,1.077275867902e+01  ,1.022108376099e+01  ,9.723195627371e+00  
  4.123728932184e-06  ,7.923573044702e+01  ,5.668752769841e+01  ,4.413423308081e+01  ,3.613492651124e+01  ,3.059154405377e+01  ,2.652337105733e+01  ,2.341059460136e+01  ,2.095200475084e+01  ,1.896080309518e+01  ,1.731538507714e+01  ,1.593282539325e+01  ,1.475478832541e+01  ,1.373900339915e+01  ,1.285410818665e+01  ,1.207633191720e+01  ,1.138733211133e+01  ,1.077275867902e+01  ,1.022108376099e+01  ,9.723195627371e+00  
  4.124728986365e-06  ,7.923573044702e+01  ,5.668752769841e+01  ,4.413423308081e+01  ,3.613492651124e+01  ,3.059154405377e+01  ,2.652337105733e+01  ,2.341059460136e+01  ,2.095200475084e+01  ,1.896080309518e+01  ,1.731538507714e+01  ,1.593282539325e+01  ,1.475478832541e+01  ,1.373900339915e+01  ,1.285410818665e+01  ,1.207633191720e+01  ,1.138733211133e+01  ,1.077275867902e+01  ,1.022108376099e+01  ,9.723195627371e+00  
  4.125729040546e-06  ,7.923573044702e+01  ,5.668752769841e+01  ,4.413423308081e+01  ,3.613492651124e+01  ,3.059154405377e+01  ,2.652337105733e+01  ,2.341059460136e+01  ,2.095200475084e+01  ,1.896080309518e+01  ,1.731538507714e+01  ,1.593282539325e+01  ,1.475478832541e+01  ,1.373900339915e+01  ,1.285410818665e+01  ,1.207633191720e+01  ,1.138733211133e+01  ,1.077275867902e+01  ,1.022108376099e+01  ,9.723195627371e+00  
  4.126729094726e-06  ,7.923573044702e+01  ,5.668752769841e+01  ,4.413423308081e+01  ,3.613492651124e+01  ,3.059154405377e+01  ,2.652337105733e+01  ,2.341059460136e+01  ,2.095200475084e+01  ,1.896080309518e+01  ,1.731538507714e+01  ,1.593282539325e+01  ,1.475478832541e+01  ,1.373900339915e+01  ,1.285410818665e+01  ,1.207633191720e+01  ,1.138733211133e+01  ,1.077275867902e+01  ,1.022108376099e+01  ,9.723195627371e+00  
  4.127729148907e-06  ,7.923573044702e+01  ,5.668752769841e+01  ,4.413423308081e+01  ,3.613492651124e+01  ,3.059154405377e+01  ,2.652337105733e+01  ,2.341059460136e+01  ,2.095200475084e+01  ,1.896080309518e+01  ,1.731538507714e+01  ,1.593282539325e+01  ,1.475478832541e+01  ,1.373900339915e+01  ,1.285410818665e+01  ,1.207633191720e+01  ,1.138733211133e+01  ,1.077275867902e+01  ,1.022108376099e+01  ,9.723195627371e+00  
  4.128729203087e-06  ,7.923573044702e+01  ,5.668752769841e+01  ,4.413423308081e+01  ,3.613492651124e+01  ,3.059154405377e+01  ,2.652337105733e+01  ,2.341059460136e+01  ,2.095200475084e+01  ,1.896080309518e+01  ,1.731538507714e+01  ,1.593282539325e+01  ,1.475478832541e+01  ,1.373900339915e+01  ,1.285410818665e+01  ,1.207633191720e+01  ,1.138733211133e+01  ,1.077275867902e+01  ,1.022108376099e+01  ,9.723195627371e+00  
  4.129729257268e-06  ,7.923573044702e+01  ,5.668752769841e+01  ,4.413423308081e+01  ,3.613492651124e+01  ,3.059154405377e+01  ,2.652337105733e+01  ,2.341059460136e+01  ,2.095200475084e+01  ,1.896080309518e+01  ,1.731538507714e+01  ,1.593282539325e+01  ,1.475478832541e+01  ,1.373900339915e+01  ,1.285410818665e+01  ,1.207633191720e+01  ,1.138733211133e+01  ,1.077275867902e+01  ,1.022108376099e+01  ,9.723195627371e+00  
  4.130729311449e-06  ,7.923573044702e+01  ,5.668752769841e+01  ,4.413423308081e+01  ,3.613492651124e+01  ,3.059154405377e+01  ,2.652337105733e+01  ,2.341059460136e+01  ,2.095200475084e+01  ,1.896080309518e+01  ,1.731538507714e+01  ,1.593282539325e+01  ,1.475478832541e+01  ,1.373900339915e+01  ,1.285410818665e+01  ,1.207633191720e+01  ,1.138733211133e+01  ,1.077275867902e+01  ,1.022108376099e+01  ,9.723195627371e+00  
  4.131729365629e-06  ,7.923573044702e+01  ,5.668752769841e+01  ,4.413423308081e+01  ,3.613492651124e+01  ,3.059154405377e+01  ,2.652337105733e+01  ,2.341059460136e+01  ,2.095200475084e+01  ,1.896080309518e+01  ,1.731538507714e+01  ,1.593282539325e+01  ,1.475478832541e+01  ,1.373900339915e+01  ,1.285410818665e+01  ,1.207633191720e+01  ,1.138733211133e+01  ,1.077275867902e+01  ,1.022108376099e+01  ,9.723195627371e+00  
  4.132729419810e-06  ,7.923573044702e+01  ,5.668752769841e+01  ,4.413423308081e+01  ,3.613492651124e+01  ,3.059154405377e+01  ,2.652337105733e+01  ,2.341059460136e+01  ,2.095200475084e+01  ,1.896080309518e+01  ,1.731538507714e+01  ,1.593282539325e+01  ,1.475478832541e+01  ,1.373900339915e+01  ,1.285410818665e+01  ,1.207633191720e+01  ,1.138733211133e+01  ,1.077275867902e+01  ,1.022108376099e+01  ,9.723195627371e+00  
  4.133729473991e-06  ,7.923573044702e+01  ,5.668752769841e+01  ,4.413423308081e+01  ,3.613492651124e+01  ,3.059154405377e+01  ,2.652337105733e+01  ,2.341059460136e+01  ,2.095200475084e+01  ,1.896080309518e+01  ,1.731538507714e+01  ,1.593282539325e+01  ,1.475478832541e+01  ,1.373900339915e+01  ,1.285410818665e+01  ,1.207633191720e+01  ,1.138733211133e+01  ,1.077275867902e+01  ,1.022108376099e+01  ,9.723195627371e+00  
  4.134729528171e-06  ,7.923573044702e+01  ,5.668752769841e+01  ,4.413423308081e+01  ,3.613492651124e+01  ,3.059154405377e+01  ,2.652337105733e+01  ,2.341059460136e+01  ,2.095200475084e+01  ,1.896080309518e+01  ,1.731538507714e+01  ,1.593282539325e+01  ,1.475478832541e+01  ,1.373900339915e+01  ,1.285410818665e+01  ,1.207633191720e+01  ,1.138733211133e+01  ,1.077275867902e+01  ,1.022108376099e+01  ,9.723195627371e+00  
  4.135682576181e-06  ,7.923573044702e+01  ,5.668752769841e+01  ,4.413423308081e+01  ,3.613492651124e+01  ,3.059154405377e+01  ,2.652337105733e+01  ,2.341059460136e+01  ,2.095200475084e+01  ,1.896080309518e+01  ,1.731538507714e+01  ,1.593282539325e+01  ,1.475478832541e+01  ,1.373900339915e+01  ,1.285410818665e+01  ,1.207633191720e+01  ,1.138733211133e+01  ,1.077275867902e+01  ,1.022108376099e+01  ,9.723195627371e+00  
  4.135807582954e-06  ,7.923573044702e+01  ,5.668752769841e+01  ,4.413423308081e+01  ,3.613492651124e+01  ,3.059154405377e+01  ,2.652337105733e+01  ,2.341059460136e+01  ,2.095200475084e+01  ,1.896080309518e+01  ,1.731538507714e+01  ,1.593282539325e+01  ,1.475478832541e+01  ,1.373900339915e+01  ,1.285410818665e+01  ,1.207633191720e+01  ,1.138733211133e+01  ,1.077275867902e+01  ,1.022108376099e+01  ,9.723195627371e+00  
  4.136057596499e-06  ,7.923573044702e+01  ,5.668752769841e+01  ,4.413423308081e+01  ,3.613492651124e+01  ,3.059154405377e+01  ,2.652337105733e+01  ,2.341059460136e+01  ,2.095200475084e+01  ,1.896080309518e+01  ,1.731538507714e+01  ,1.593282539325e+01  ,1.475478832541e+01  ,1.373900339915e+01  ,1.285410818665e+01  ,1.207633191720e+01  ,1.138733211133e+01  ,1.077275867902e+01  ,1.022108376099e+01  ,9.723195627371e+00  
  4.136557623589e-06  ,7.923573044702e+01  ,5.668752769841e+01  ,4.413423308081e+01  ,3.613492651124e+01  ,3.059154405377e+01  ,2.652337105733e+01  ,2.341059460136e+01  ,2.095200475084e+01  ,1.896080309518e+01  ,1.731538507714e+01  ,1.593282539325e+01  ,1.475478832541e+01  ,1.373900339915e+01  ,1.285410818665e+01  ,1.207633191720e+01  ,1.138733211133e+01  ,1.077275867902e+01  ,1.022108376099e+01  ,9.723195627371e+00  
  4.137557677770e-06  ,7.923573044702e+01  ,5.668752769841e+01  ,4.413423308081e+01  ,3.613492651124e+01  ,3.059154405377e+01  ,2.652337105733e+01  ,2.341059460136e+01  ,2.095200475084e+01  ,1.896080309518e+01  ,1.731538507714e+01  ,1.593282539325e+01  ,1.475478832541e+01  ,1.373900339915e+01  ,1.285410818665e+01  ,1.207633191720e+01  ,1.138733211133e+01  ,1.077275867902e+01  ,1.022108376099e+01  ,9.723195627371e+00  
  4.138557731950e-06  ,7.923573044702e+01  ,5.668752769841e+01  ,4.413423308081e+01  ,3.613492651124e+01  ,3.059154405377e+01  ,2.652337105733e+01  ,2.341059460136e+01  ,2.095200475084e+01  ,1.896080309518e+01  ,1.731538507714e+01  ,1.593282539325e+01  ,1.475478832541e+01  ,1.373900339915e+01  ,1.285410818665e+01  ,1.207633191720e+01  ,1.138733211133e+01  ,1.077275867902e+01  ,1.022108376099e+01  ,9.723195627371e+00  
  4.139557786131e-06  ,7.923573044702e+01  ,5.668752769841e+01  ,4.413423308081e+01  ,3.613492651124e+01  ,3.059154405377e+01  ,2.652337105733e+01  ,2.341059460136e+01  ,2.095200475084e+01  ,1.896080309518e+01  ,1.731538507714e+01  ,1.593282539325e+01  ,1.475478832541e+01  ,1.373900339915e+01  ,1.285410818665e+01  ,1.207633191720e+01  ,1.138733211133e+01  ,1.077275867902e+01  ,1.022108376099e+01  ,9.723195627371e+00  
  4.140557840312e-06  ,7.923573044702e+01  ,5.668752769841e+01  ,4.413423308081e+01  ,3.613492651124e+01  ,3.059154405377e+01  ,2.652337105733e+01  ,2.341059460136e+01  ,2.095200475084e+01  ,1.896080309518e+01  ,1.731538507714e+01  ,1.593282539325e+01  ,1.475478832541e+01  ,1.373900339915e+01  ,1.285410818665e+01  ,1.207633191720e+01  ,1.138733211133e+01  ,1.077275867902e+01  ,1.022108376099e+01  ,9.723195627371e+00  
  4.141557894492e-06  ,7.923573044702e+01  ,5.668752769841e+01  ,4.413423308081e+01  ,3.613492651124e+01  ,3.059154405377e+01  ,2.652337105733e+01  ,2.341059460136e+01  ,2.095200475084e+01  ,1.896080309518e+01  ,1.731538507714e+01  ,1.593282539325e+01  ,1.475478832541e+01  ,1.373900339915e+01  ,1.285410818665e+01  ,1.207633191720e+01  ,1.138733211133e+01  ,1.077275867902e+01  ,1.022108376099e+01  ,9.723195627371e+00  
  4.142557948673e-06  ,7.923573044702e+01  ,5.668752769841e+01  ,4.413423308081e+01  ,3.613492651124e+01  ,3.059154405377e+01  ,2.652337105733e+01  ,2.341059460136e+01  ,2.095200475084e+01  ,1.896080309518e+01  ,1.731538507714e+01  ,1.593282539325e+01  ,1.475478832541e+01  ,1.373900339915e+01  ,1.285410818665e+01  ,1.207633191720e+01  ,1.138733211133e+01  ,1.077275867902e+01  ,1.022108376099e+01  ,9.723195627371e+00  
  4.143558002853e-06  ,7.923573044702e+01  ,5.668752769841e+01  ,4.413423308081e+01  ,3.613492651124e+01  ,3.059154405377e+01  ,2.652337105733e+01  ,2.341059460136e+01  ,2.095200475084e+01  ,1.896080309518e+01  ,1.731538507714e+01  ,1.593282539325e+01  ,1.475478832541e+01  ,1.373900339915e+01  ,1.285410818665e+01  ,1.207633191720e+01  ,1.138733211133e+01  ,1.077275867902e+01  ,1.022108376099e+01  ,9.723195627371e+00  
  4.144558057034e-06  ,7.923573044702e+01  ,5.668752769841e+01  ,4.413423308081e+01  ,3.613492651124e+01  ,3.059154405377e+01  ,2.652337105733e+01  ,2.341059460136e+01  ,2.095200475084e+01  ,1.896080309518e+01  ,1.731538507714e+01  ,1.593282539325e+01  ,1.475478832541e+01  ,1.373900339915e+01  ,1.285410818665e+01  ,1.207633191720e+01  ,1.138733211133e+01  ,1.077275867902e+01  ,1.022108376099e+01  ,9.723195627371e+00  
  4.145558111215e-06  ,7.923573044702e+01  ,5.668752769841e+01  ,4.413423308081e+01  ,3.613492651124e+01  ,3.059154405377e+01  ,2.652337105733e+01  ,2.341059460136e+01  ,2.095200475084e+01  ,1.896080309518e+01  ,1.731538507714e+01  ,1.593282539325e+01  ,1.475478832541e+01  ,1.373900339915e+01  ,1.285410818665e+01  ,1.207633191720e+01  ,1.138733211133e+01  ,1.077275867902e+01  ,1.022108376099e+01  ,9.723195627371e+00  
  4.146558165395e-06  ,7.923573044702e+01  ,5.668752769841e+01  ,4.413423308081e+01  ,3.613492651124e+01  ,3.059154405377e+01  ,2.652337105733e+01  ,2.341059460136e+01  ,2.095200475084e+01  ,1.896080309518e+01  ,1.731538507714e+01  ,1.593282539325e+01  ,1.475478832541e+01  ,1.373900339915e+01  ,1.285410818665e+01  ,1.207633191720e+01  ,1.138733211133e+01  ,1.077275867902e+01  ,1.022108376099e+01  ,9.723195627371e+00  
  4.147558219576e-06  ,7.923573044702e+01  ,5.668752769841e+01  ,4.413423308081e+01  ,3.613492651124e+01  ,3.059154405377e+01  ,2.652337105733e+01  ,2.341059460136e+01  ,2.095200475084e+01  ,1.896080309518e+01  ,1.731538507714e+01  ,1.593282539325e+01  ,1.475478832541e+01  ,1.373900339915e+01  ,1.285410818665e+01  ,1.207633191720e+01  ,1.138733211133e+01  ,1.077275867902e+01  ,1.022108376099e+01  ,9.723195627371e+00  
  4.148558273757e-06  ,7.923573044702e+01  ,5.668752769841e+01  ,4.413423308081e+01  ,3.613492651124e+01  ,3.059154405377e+01  ,2.652337105733e+01  ,2.341059460136e+01  ,2.095200475084e+01  ,1.896080309518e+01  ,1.731538507714e+01  ,1.593282539325e+01  ,1.475478832541e+01  ,1.373900339915e+01  ,1.285410818665e+01  ,1.207633191720e+01  ,1.138733211133e+01  ,1.077275867902e+01  ,1.022108376099e+01  ,9.723195627371e+00  
  4.149558327937e-06  ,7.923573044702e+01  ,5.668752769841e+01  ,4.413423308081e+01  ,3.613492651124e+01  ,3.059154405377e+01  ,2.652337105733e+01  ,2.341059460136e+01  ,2.095200475084e+01  ,1.896080309518e+01  ,1.731538507714e+01  ,1.593282539325e+01  ,1.475478832541e+01  ,1.373900339915e+01  ,1.285410818665e+01  ,1.207633191720e+01  ,1.138733211133e+01  ,1.077275867902e+01  ,1.022108376099e+01  ,9.723195627371e+00  
  4.150558382118e-06  ,7.923573044702e+01  ,5.668752769841e+01  ,4.413423308081e+01  ,3.613492651124e+01  ,3.059154405377e+01  ,2.652337105733e+01  ,2.341059460136e+01  ,2.095200475084e+01  ,1.896080309518e+01  ,1.731538507714e+01  ,1.593282539325e+01  ,1.475478832541e+01  ,1.373900339915e+01  ,1.285410818665e+01  ,1.207633191720e+01  ,1.138733211133e+01  ,1.077275867902e+01  ,1.022108376099e+01  ,9.723195627371e+00  
  4.151558436298e-06  ,7.923573044702e+01  ,5.668752769841e+01  ,4.413423308081e+01  ,3.613492651124e+01  ,3.059154405377e+01  ,2.652337105733e+01  ,2.341059460136e+01  ,2.095200475084e+01  ,1.896080309518e+01  ,1.731538507714e+01  ,1.593282539325e+01  ,1.475478832541e+01  ,1.373900339915e+01  ,1.285410818665e+01  ,1.207633191720e+01  ,1.138733211133e+01  ,1.077275867902e+01  ,1.022108376099e+01  ,9.723195627371e+00  
  4.152558490479e-06  ,7.923573044702e+01  ,5.668752769841e+01  ,4.413423308081e+01  ,3.613492651124e+01  ,3.059154405377e+01  ,2.652337105733e+01  ,2.341059460136e+01  ,2.095200475084e+01  ,1.896080309518e+01  ,1.731538507714e+01  ,1.593282539325e+01  ,1.475478832541e+01  ,1.373900339915e+01  ,1.285410818665e+01  ,1.207633191720e+01  ,1.138733211133e+01  ,1.077275867902e+01  ,1.022108376099e+01  ,9.723195627371e+00  
  4.153558544660e-06  ,7.923573044702e+01  ,5.668752769841e+01  ,4.413423308081e+01  ,3.613492651124e+01  ,3.059154405377e+01  ,2.652337105733e+01  ,2.341059460136e+01  ,2.095200475084e+01  ,1.896080309518e+01  ,1.731538507714e+01  ,1.593282539325e+01  ,1.475478832541e+01  ,1.373900339915e+01  ,1.285410818665e+01  ,1.207633191720e+01  ,1.138733211133e+01  ,1.077275867902e+01  ,1.022108376099e+01  ,9.723195627371e+00  
  4.154558598840e-06  ,7.923573044702e+01  ,5.668752769841e+01  ,4.413423308081e+01  ,3.613492651124e+01  ,3.059154405377e+01  ,2.652337105733e+01  ,2.341059460136e+01  ,2.095200475084e+01  ,1.896080309518e+01  ,1.731538507714e+01  ,1.593282539325e+01  ,1.475478832541e+01  ,1.373900339915e+01  ,1.285410818665e+01  ,1.207633191720e+01  ,1.138733211133e+01  ,1.077275867902e+01  ,1.022108376099e+01  ,9.723195627371e+00  
  4.155558653021e-06  ,7.923573044702e+01  ,5.668752769841e+01  ,4.413423308081e+01  ,3.613492651124e+01  ,3.059154405377e+01  ,2.652337105733e+01  ,2.341059460136e+01  ,2.095200475084e+01  ,1.896080309518e+01  ,1.731538507714e+01  ,1.593282539325e+01  ,1.475478832541e+01  ,1.373900339915e+01  ,1.285410818665e+01  ,1.207633191720e+01  ,1.138733211133e+01  ,1.077275867902e+01  ,1.022108376099e+01  ,9.723195627371e+00  
  4.156558707202e-06  ,7.923573044702e+01  ,5.668752769841e+01  ,4.413423308081e+01  ,3.613492651124e+01  ,3.059154405377e+01  ,2.652337105733e+01  ,2.341059460136e+01  ,2.095200475084e+01  ,1.896080309518e+01  ,1.731538507714e+01  ,1.593282539325e+01  ,1.475478832541e+01  ,1.373900339915e+01  ,1.285410818665e+01  ,1.207633191720e+01  ,1.138733211133e+01  ,1.077275867902e+01  ,1.022108376099e+01  ,9.723195627371e+00  
  4.157558761382e-06  ,7.923573044702e+01  ,5.668752769841e+01  ,4.413423308081e+01  ,3.613492651124e+01  ,3.059154405377e+01  ,2.652337105733e+01  ,2.341059460136e+01  ,2.095200475084e+01  ,1.896080309518e+01  ,1.731538507714e+01  ,1.593282539325e+01  ,1.475478832541e+01  ,1.373900339915e+01  ,1.285410818665e+01  ,1.207633191720e+01  ,1.138733211133e+01  ,1.077275867902e+01  ,1.022108376099e+01  ,9.723195627371e+00  
  4.158558815563e-06  ,7.923573044702e+01  ,5.668752769841e+01  ,4.413423308081e+01  ,3.613492651124e+01  ,3.059154405377e+01  ,2.652337105733e+01  ,2.341059460136e+01  ,2.095200475084e+01  ,1.896080309518e+01  ,1.731538507714e+01  ,1.593282539325e+01  ,1.475478832541e+01  ,1.373900339915e+01  ,1.285410818665e+01  ,1.207633191720e+01  ,1.138733211133e+01  ,1.077275867902e+01  ,1.022108376099e+01  ,9.723195627371e+00  
  4.159558869743e-06  ,7.923573044702e+01  ,5.668752769841e+01  ,4.413423308081e+01  ,3.613492651124e+01  ,3.059154405377e+01  ,2.652337105733e+01  ,2.341059460136e+01  ,2.095200475084e+01  ,1.896080309518e+01  ,1.731538507714e+01  ,1.593282539325e+01  ,1.475478832541e+01  ,1.373900339915e+01  ,1.285410818665e+01  ,1.207633191720e+01  ,1.138733211133e+01  ,1.077275867902e+01  ,1.022108376099e+01  ,9.723195627371e+00  
  4.160145351500e-06  ,7.923573044702e+01  ,5.668752769841e+01  ,4.413423308081e+01  ,3.613492651124e+01  ,3.059154405377e+01  ,2.652337105733e+01  ,2.341059460136e+01  ,2.095200475084e+01  ,1.896080309518e+01  ,1.731538507714e+01  ,1.593282539325e+01  ,1.475478832541e+01  ,1.373900339915e+01  ,1.285410818665e+01  ,1.207633191720e+01  ,1.138733211133e+01  ,1.077275867902e+01  ,1.022108376099e+01  ,9.723195627371e+00  
  4.160395365046e-06  ,7.923573044702e+01  ,5.668752769841e+01  ,4.413423308081e+01  ,3.613492651124e+01  ,3.059154405377e+01  ,2.652337105733e+01  ,2.341059460136e+01  ,2.095200475084e+01  ,1.896080309518e+01  ,1.731538507714e+01  ,1.593282539325e+01  ,1.475478832541e+01  ,1.373900339915e+01  ,1.285410818665e+01  ,1.207633191720e+01  ,1.138733211133e+01  ,1.077275867902e+01  ,1.022108376099e+01  ,9.723195627371e+00  
  4.160895392136e-06  ,7.923573044702e+01  ,5.668752769841e+01  ,4.413423308081e+01  ,3.613492651124e+01  ,3.059154405377e+01  ,2.652337105733e+01  ,2.341059460136e+01  ,2.095200475084e+01  ,1.896080309518e+01  ,1.731538507714e+01  ,1.593282539325e+01  ,1.475478832541e+01  ,1.373900339915e+01  ,1.285410818665e+01  ,1.207633191720e+01  ,1.138733211133e+01  ,1.077275867902e+01  ,1.022108376099e+01  ,9.723195627371e+00  
  4.161895446316e-06  ,7.923573044702e+01  ,5.668752769841e+01  ,4.413423308081e+01  ,3.613492651124e+01  ,3.059154405377e+01  ,2.652337105733e+01  ,2.341059460136e+01  ,2.095200475084e+01  ,1.896080309518e+01  ,1.731538507714e+01  ,1.593282539325e+01  ,1.475478832541e+01  ,1.373900339915e+01  ,1.285410818665e+01  ,1.207633191720e+01  ,1.138733211133e+01  ,1.077275867902e+01  ,1.022108376099e+01  ,9.723195627371e+00  
  4.162895500497e-06  ,7.923573044702e+01  ,5.668752769841e+01  ,4.413423308081e+01  ,3.613492651124e+01  ,3.059154405377e+01  ,2.652337105733e+01  ,2.341059460136e+01  ,2.095200475084e+01  ,1.896080309518e+01  ,1.731538507714e+01  ,1.593282539325e+01  ,1.475478832541e+01  ,1.373900339915e+01  ,1.285410818665e+01  ,1.207633191720e+01  ,1.138733211133e+01  ,1.077275867902e+01  ,1.022108376099e+01  ,9.723195627371e+00  
  4.163895554678e-06  ,7.923573044702e+01  ,5.668752769841e+01  ,4.413423308081e+01  ,3.613492651124e+01  ,3.059154405377e+01  ,2.652337105733e+01  ,2.341059460136e+01  ,2.095200475084e+01  ,1.896080309518e+01  ,1.731538507714e+01  ,1.593282539325e+01  ,1.475478832541e+01  ,1.373900339915e+01  ,1.285410818665e+01  ,1.207633191720e+01  ,1.138733211133e+01  ,1.077275867902e+01  ,1.022108376099e+01  ,9.723195627371e+00  
  4.164895608858e-06  ,7.923573044702e+01  ,5.668752769841e+01  ,4.413423308081e+01  ,3.613492651124e+01  ,3.059154405377e+01  ,2.652337105733e+01  ,2.341059460136e+01  ,2.095200475084e+01  ,1.896080309518e+01  ,1.731538507714e+01  ,1.593282539325e+01  ,1.475478832541e+01  ,1.373900339915e+01  ,1.285410818665e+01  ,1.207633191720e+01  ,1.138733211133e+01  ,1.077275867902e+01  ,1.022108376099e+01  ,9.723195627371e+00  
  4.165895663039e-06  ,7.923573044702e+01  ,5.668752769841e+01  ,4.413423308081e+01  ,3.613492651124e+01  ,3.059154405377e+01  ,2.652337105733e+01  ,2.341059460136e+01  ,2.095200475084e+01  ,1.896080309518e+01  ,1.731538507714e+01  ,1.593282539325e+01  ,1.475478832541e+01  ,1.373900339915e+01  ,1.285410818665e+01  ,1.207633191720e+01  ,1.138733211133e+01  ,1.077275867902e+01  ,1.022108376099e+01  ,9.723195627371e+00  
  4.166895717220e-06  ,7.923573044702e+01  ,5.668752769841e+01  ,4.413423308081e+01  ,3.613492651124e+01  ,3.059154405377e+01  ,2.652337105733e+01  ,2.341059460136e+01  ,2.095200475084e+01  ,1.896080309518e+01  ,1.731538507714e+01  ,1.593282539325e+01  ,1.475478832541e+01  ,1.373900339915e+01  ,1.285410818665e+01  ,1.207633191720e+01  ,1.138733211133e+01  ,1.077275867902e+01  ,1.022108376099e+01  ,9.723195627371e+00  
  4.167895771400e-06  ,7.923573044702e+01  ,5.668752769841e+01  ,4.413423308081e+01  ,3.613492651124e+01  ,3.059154405377e+01  ,2.652337105733e+01  ,2.341059460136e+01  ,2.095200475084e+01  ,1.896080309518e+01  ,1.731538507714e+01  ,1.593282539325e+01  ,1.475478832541e+01  ,1.373900339915e+01  ,1.285410818665e+01  ,1.207633191720e+01  ,1.138733211133e+01  ,1.077275867902e+01  ,1.022108376099e+01  ,9.723195627371e+00  
  4.168895825581e-06  ,7.923573044702e+01  ,5.668752769841e+01  ,4.413423308081e+01  ,3.613492651124e+01  ,3.059154405377e+01  ,2.652337105733e+01  ,2.341059460136e+01  ,2.095200475084e+01  ,1.896080309518e+01  ,1.731538507714e+01  ,1.593282539325e+01  ,1.475478832541e+01  ,1.373900339915e+01  ,1.285410818665e+01  ,1.207633191720e+01  ,1.138733211133e+01  ,1.077275867902e+01  ,1.022108376099e+01  ,9.723195627371e+00  
  4.169895879761e-06  ,7.923573044702e+01  ,5.668752769841e+01  ,4.413423308081e+01  ,3.613492651124e+01  ,3.059154405377e+01  ,2.652337105733e+01  ,2.341059460136e+01  ,2.095200475084e+01  ,1.896080309518e+01  ,1.731538507714e+01  ,1.593282539325e+01  ,1.475478832541e+01  ,1.373900339915e+01  ,1.285410818665e+01  ,1.207633191720e+01  ,1.138733211133e+01  ,1.077275867902e+01  ,1.022108376099e+01  ,9.723195627371e+00  
  4.170895933942e-06  ,7.923573044702e+01  ,5.668752769841e+01  ,4.413423308081e+01  ,3.613492651124e+01  ,3.059154405377e+01  ,2.652337105733e+01  ,2.341059460136e+01  ,2.095200475084e+01  ,1.896080309518e+01  ,1.731538507714e+01  ,1.593282539325e+01  ,1.475478832541e+01  ,1.373900339915e+01  ,1.285410818665e+01  ,1.207633191720e+01  ,1.138733211133e+01  ,1.077275867902e+01  ,1.022108376099e+01  ,9.723195627371e+00  
  4.171895988123e-06  ,7.923573044702e+01  ,5.668752769841e+01  ,4.413423308081e+01  ,3.613492651124e+01  ,3.059154405377e+01  ,2.652337105733e+01  ,2.341059460136e+01  ,2.095200475084e+01  ,1.896080309518e+01  ,1.731538507714e+01  ,1.593282539325e+01  ,1.475478832541e+01  ,1.373900339915e+01  ,1.285410818665e+01  ,1.207633191720e+01  ,1.138733211133e+01  ,1.077275867902e+01  ,1.022108376099e+01  ,9.723195627371e+00  
  4.172896042303e-06  ,7.923573044702e+01  ,5.668752769841e+01  ,4.413423308081e+01  ,3.613492651124e+01  ,3.059154405377e+01  ,2.652337105733e+01  ,2.341059460136e+01  ,2.095200475084e+01  ,1.896080309518e+01  ,1.731538507714e+01  ,1.593282539325e+01  ,1.475478832541e+01  ,1.373900339915e+01  ,1.285410818665e+01  ,1.207633191720e+01  ,1.138733211133e+01  ,1.077275867902e+01  ,1.022108376099e+01  ,9.723195627371e+00  
  4.173896096484e-06  ,7.923573044702e+01  ,5.668752769841e+01  ,4.413423308081e+01  ,3.613492651124e+01  ,3.059154405377e+01  ,2.652337105733e+01  ,2.341059460136e+01  ,2.095200475084e+01  ,1.896080309518e+01  ,1.731538507714e+01  ,1.593282539325e+01  ,1.475478832541e+01  ,1.373900339915e+01  ,1.285410818665e+01  ,1.207633191720e+01  ,1.138733211133e+01  ,1.077275867902e+01  ,1.022108376099e+01  ,9.723195627371e+00  
  4.174896150665e-06  ,7.923573044702e+01  ,5.668752769841e+01  ,4.413423308081e+01  ,3.613492651124e+01  ,3.059154405377e+01  ,2.652337105733e+01  ,2.341059460136e+01  ,2.095200475084e+01  ,1.896080309518e+01  ,1.731538507714e+01  ,1.593282539325e+01  ,1.475478832541e+01  ,1.373900339915e+01  ,1.285410818665e+01  ,1.207633191720e+01  ,1.138733211133e+01  ,1.077275867902e+01  ,1.022108376099e+01  ,9.723195627371e+00  
  4.175896204845e-06  ,7.923573044702e+01  ,5.668752769841e+01  ,4.413423308081e+01  ,3.613492651124e+01  ,3.059154405377e+01  ,2.652337105733e+01  ,2.341059460136e+01  ,2.095200475084e+01  ,1.896080309518e+01  ,1.731538507714e+01  ,1.593282539325e+01  ,1.475478832541e+01  ,1.373900339915e+01  ,1.285410818665e+01  ,1.207633191720e+01  ,1.138733211133e+01  ,1.077275867902e+01  ,1.022108376099e+01  ,9.723195627371e+00  
  4.176896259026e-06  ,7.923573044702e+01  ,5.668752769841e+01  ,4.413423308081e+01  ,3.613492651124e+01  ,3.059154405377e+01  ,2.652337105733e+01  ,2.341059460136e+01  ,2.095200475084e+01  ,1.896080309518e+01  ,1.731538507714e+01  ,1.593282539325e+01  ,1.475478832541e+01  ,1.373900339915e+01  ,1.285410818665e+01  ,1.207633191720e+01  ,1.138733211133e+01  ,1.077275867902e+01  ,1.022108376099e+01  ,9.723195627371e+00  
  4.177896313206e-06  ,7.923573044702e+01  ,5.668752769841e+01  ,4.413423308081e+01  ,3.613492651124e+01  ,3.059154405377e+01  ,2.652337105733e+01  ,2.341059460136e+01  ,2.095200475084e+01  ,1.896080309518e+01  ,1.731538507714e+01  ,1.593282539325e+01  ,1.475478832541e+01  ,1.373900339915e+01  ,1.285410818665e+01  ,1.207633191720e+01  ,1.138733211133e+01  ,1.077275867902e+01  ,1.022108376099e+01  ,9.723195627371e+00  
  4.178896367387e-06  ,7.923573044702e+01  ,5.668752769841e+01  ,4.413423308081e+01  ,3.613492651124e+01  ,3.059154405377e+01  ,2.652337105733e+01  ,2.341059460136e+01  ,2.095200475084e+01  ,1.896080309518e+01  ,1.731538507714e+01  ,1.593282539325e+01  ,1.475478832541e+01  ,1.373900339915e+01  ,1.285410818665e+01  ,1.207633191720e+01  ,1.138733211133e+01  ,1.077275867902e+01  ,1.022108376099e+01  ,9.723195627371e+00  
  4.179896421568e-06  ,7.923573044702e+01  ,5.668752769841e+01  ,4.413423308081e+01  ,3.613492651124e+01  ,3.059154405377e+01  ,2.652337105733e+01  ,2.341059460136e+01  ,2.095200475084e+01  ,1.896080309518e+01  ,1.731538507714e+01  ,1.593282539325e+01  ,1.475478832541e+01  ,1.373900339915e+01  ,1.285410818665e+01  ,1.207633191720e+01  ,1.138733211133e+01  ,1.077275867902e+01  ,1.022108376099e+01  ,9.723195627371e+00  
  4.180896475748e-06  ,7.923573044702e+01  ,5.668752769841e+01  ,4.413423308081e+01  ,3.613492651124e+01  ,3.059154405377e+01  ,2.652337105733e+01  ,2.341059460136e+01  ,2.095200475084e+01  ,1.896080309518e+01  ,1.731538507714e+01  ,1.593282539325e+01  ,1.475478832541e+01  ,1.373900339915e+01  ,1.285410818665e+01  ,1.207633191720e+01  ,1.138733211133e+01  ,1.077275867902e+01  ,1.022108376099e+01  ,9.723195627371e+00  
  4.181896529929e-06  ,7.923573044702e+01  ,5.668752769841e+01  ,4.413423308081e+01  ,3.613492651124e+01  ,3.059154405377e+01  ,2.652337105733e+01  ,2.341059460136e+01  ,2.095200475084e+01  ,1.896080309518e+01  ,1.731538507714e+01  ,1.593282539325e+01  ,1.475478832541e+01  ,1.373900339915e+01  ,1.285410818665e+01  ,1.207633191720e+01  ,1.138733211133e+01  ,1.077275867902e+01  ,1.022108376099e+01  ,9.723195627371e+00  
  4.182896584110e-06  ,7.923573044702e+01  ,5.668752769841e+01  ,4.413423308081e+01  ,3.613492651124e+01  ,3.059154405377e+01  ,2.652337105733e+01  ,2.341059460136e+01  ,2.095200475084e+01  ,1.896080309518e+01  ,1.731538507714e+01  ,1.593282539325e+01  ,1.475478832541e+01  ,1.373900339915e+01  ,1.285410818665e+01  ,1.207633191720e+01  ,1.138733211133e+01  ,1.077275867902e+01  ,1.022108376099e+01  ,9.723195627371e+00  
  4.183896638290e-06  ,7.923573044702e+01  ,5.668752769841e+01  ,4.413423308081e+01  ,3.613492651124e+01  ,3.059154405377e+01  ,2.652337105733e+01  ,2.341059460136e+01  ,2.095200475084e+01  ,1.896080309518e+01  ,1.731538507714e+01  ,1.593282539325e+01  ,1.475478832541e+01  ,1.373900339915e+01  ,1.285410818665e+01  ,1.207633191720e+01  ,1.138733211133e+01  ,1.077275867902e+01  ,1.022108376099e+01  ,9.723195627371e+00  
  4.184896692471e-06  ,7.923573044702e+01  ,5.668752769841e+01  ,4.413423308081e+01  ,3.613492651124e+01  ,3.059154405377e+01  ,2.652337105733e+01  ,2.341059460136e+01  ,2.095200475084e+01  ,1.896080309518e+01  ,1.731538507714e+01  ,1.593282539325e+01  ,1.475478832541e+01  ,1.373900339915e+01  ,1.285410818665e+01  ,1.207633191720e+01  ,1.138733211133e+01  ,1.077275867902e+01  ,1.022108376099e+01  ,9.723195627371e+00  
  4.185104600922e-06  ,7.923573044702e+01  ,5.668752769841e+01  ,4.413423308081e+01  ,3.613492651124e+01  ,3.059154405377e+01  ,2.652337105733e+01  ,2.341059460136e+01  ,2.095200475084e+01  ,1.896080309518e+01  ,1.731538507714e+01  ,1.593282539325e+01  ,1.475478832541e+01  ,1.373900339915e+01  ,1.285410818665e+01  ,1.207633191720e+01  ,1.138733211133e+01  ,1.077275867902e+01  ,1.022108376099e+01  ,9.723195627371e+00  
  4.185354614467e-06  ,7.923573044702e+01  ,5.668752769841e+01  ,4.413423308081e+01  ,3.613492651124e+01  ,3.059154405377e+01  ,2.652337105733e+01  ,2.341059460136e+01  ,2.095200475084e+01  ,1.896080309518e+01  ,1.731538507714e+01  ,1.593282539325e+01  ,1.475478832541e+01  ,1.373900339915e+01  ,1.285410818665e+01  ,1.207633191720e+01  ,1.138733211133e+01  ,1.077275867902e+01  ,1.022108376099e+01  ,9.723195627371e+00  
  4.185854641558e-06  ,7.923573044702e+01  ,5.668752769841e+01  ,4.413423308081e+01  ,3.613492651124e+01  ,3.059154405377e+01  ,2.652337105733e+01  ,2.341059460136e+01  ,2.095200475084e+01  ,1.896080309518e+01  ,1.731538507714e+01  ,1.593282539325e+01  ,1.475478832541e+01  ,1.373900339915e+01  ,1.285410818665e+01  ,1.207633191720e+01  ,1.138733211133e+01  ,1.077275867902e+01  ,1.022108376099e+01  ,9.723195627371e+00  
  4.186854695738e-06  ,7.923573044702e+01  ,5.668752769841e+01  ,4.413423308081e+01  ,3.613492651124e+01  ,3.059154405377e+01  ,2.652337105733e+01  ,2.341059460136e+01  ,2.095200475084e+01  ,1.896080309518e+01  ,1.731538507714e+01  ,1.593282539325e+01  ,1.475478832541e+01  ,1.373900339915e+01  ,1.285410818665e+01  ,1.207633191720e+01  ,1.138733211133e+01  ,1.077275867902e+01  ,1.022108376099e+01  ,9.723195627371e+00  
  4.187854749919e-06  ,7.923573044702e+01  ,5.668752769841e+01  ,4.413423308081e+01  ,3.613492651124e+01  ,3.059154405377e+01  ,2.652337105733e+01  ,2.341059460136e+01  ,2.095200475084e+01  ,1.896080309518e+01  ,1.731538507714e+01  ,1.593282539325e+01  ,1.475478832541e+01  ,1.373900339915e+01  ,1.285410818665e+01  ,1.207633191720e+01  ,1.138733211133e+01  ,1.077275867902e+01  ,1.022108376099e+01  ,9.723195627371e+00  
  4.188854804100e-06  ,7.923573044702e+01  ,5.668752769841e+01  ,4.413423308081e+01  ,3.613492651124e+01  ,3.059154405377e+01  ,2.652337105733e+01  ,2.341059460136e+01  ,2.095200475084e+01  ,1.896080309518e+01  ,1.731538507714e+01  ,1.593282539325e+01  ,1.475478832541e+01  ,1.373900339915e+01  ,1.285410818665e+01  ,1.207633191720e+01  ,1.138733211133e+01  ,1.077275867902e+01  ,1.022108376099e+01  ,9.723195627371e+00  
  4.189854858280e-06  ,7.923573044702e+01  ,5.668752769841e+01  ,4.413423308081e+01  ,3.613492651124e+01  ,3.059154405377e+01  ,2.652337105733e+01  ,2.341059460136e+01  ,2.095200475084e+01  ,1.896080309518e+01  ,1.731538507714e+01  ,1.593282539325e+01  ,1.475478832541e+01  ,1.373900339915e+01  ,1.285410818665e+01  ,1.207633191720e+01  ,1.138733211133e+01  ,1.077275867902e+01  ,1.022108376099e+01  ,9.723195627371e+00  
  4.190854912461e-06  ,7.923573044702e+01  ,5.668752769841e+01  ,4.413423308081e+01  ,3.613492651124e+01  ,3.059154405377e+01  ,2.652337105733e+01  ,2.341059460136e+01  ,2.095200475084e+01  ,1.896080309518e+01  ,1.731538507714e+01  ,1.593282539325e+01  ,1.475478832541e+01  ,1.373900339915e+01  ,1.285410818665e+01  ,1.207633191720e+01  ,1.138733211133e+01  ,1.077275867902e+01  ,1.022108376099e+01  ,9.723195627371e+00  
  4.191854966642e-06  ,7.923573044702e+01  ,5.668752769841e+01  ,4.413423308081e+01  ,3.613492651124e+01  ,3.059154405377e+01  ,2.652337105733e+01  ,2.341059460136e+01  ,2.095200475084e+01  ,1.896080309518e+01  ,1.731538507714e+01  ,1.593282539325e+01  ,1.475478832541e+01  ,1.373900339915e+01  ,1.285410818665e+01  ,1.207633191720e+01  ,1.138733211133e+01  ,1.077275867902e+01  ,1.022108376099e+01  ,9.723195627371e+00  
  4.192855020822e-06  ,7.923573044702e+01  ,5.668752769841e+01  ,4.413423308081e+01  ,3.613492651124e+01  ,3.059154405377e+01  ,2.652337105733e+01  ,2.341059460136e+01  ,2.095200475084e+01  ,1.896080309518e+01  ,1.731538507714e+01  ,1.593282539325e+01  ,1.475478832541e+01  ,1.373900339915e+01  ,1.285410818665e+01  ,1.207633191720e+01  ,1.138733211133e+01  ,1.077275867902e+01  ,1.022108376099e+01  ,9.723195627371e+00  
  4.193855075003e-06  ,7.923573044702e+01  ,5.668752769841e+01  ,4.413423308081e+01  ,3.613492651124e+01  ,3.059154405377e+01  ,2.652337105733e+01  ,2.341059460136e+01  ,2.095200475084e+01  ,1.896080309518e+01  ,1.731538507714e+01  ,1.593282539325e+01  ,1.475478832541e+01  ,1.373900339915e+01  ,1.285410818665e+01  ,1.207633191720e+01  ,1.138733211133e+01  ,1.077275867902e+01  ,1.022108376099e+01  ,9.723195627371e+00  
  4.194855129183e-06  ,7.923573044702e+01  ,5.668752769841e+01  ,4.413423308081e+01  ,3.613492651124e+01  ,3.059154405377e+01  ,2.652337105733e+01  ,2.341059460136e+01  ,2.095200475084e+01  ,1.896080309518e+01  ,1.731538507714e+01  ,1.593282539325e+01  ,1.475478832541e+01  ,1.373900339915e+01  ,1.285410818665e+01  ,1.207633191720e+01  ,1.138733211133e+01  ,1.077275867902e+01  ,1.022108376099e+01  ,9.723195627371e+00  
  4.195855183364e-06  ,7.923573044702e+01  ,5.668752769841e+01  ,4.413423308081e+01  ,3.613492651124e+01  ,3.059154405377e+01  ,2.652337105733e+01  ,2.341059460136e+01  ,2.095200475084e+01  ,1.896080309518e+01  ,1.731538507714e+01  ,1.593282539325e+01  ,1.475478832541e+01  ,1.373900339915e+01  ,1.285410818665e+01  ,1.207633191720e+01  ,1.138733211133e+01  ,1.077275867902e+01  ,1.022108376099e+01  ,9.723195627371e+00  
  4.196855237545e-06  ,7.923573044702e+01  ,5.668752769841e+01  ,4.413423308081e+01  ,3.613492651124e+01  ,3.059154405377e+01  ,2.652337105733e+01  ,2.341059460136e+01  ,2.095200475084e+01  ,1.896080309518e+01  ,1.731538507714e+01  ,1.593282539325e+01  ,1.475478832541e+01  ,1.373900339915e+01  ,1.285410818665e+01  ,1.207633191720e+01  ,1.138733211133e+01  ,1.077275867902e+01  ,1.022108376099e+01  ,9.723195627371e+00  
  4.197855291725e-06  ,7.923573044702e+01  ,5.668752769841e+01  ,4.413423308081e+01  ,3.613492651124e+01  ,3.059154405377e+01  ,2.652337105733e+01  ,2.341059460136e+01  ,2.095200475084e+01  ,1.896080309518e+01  ,1.731538507714e+01  ,1.593282539325e+01  ,1.475478832541e+01  ,1.373900339915e+01  ,1.285410818665e+01  ,1.207633191720e+01  ,1.138733211133e+01  ,1.077275867902e+01  ,1.022108376099e+01  ,9.723195627371e+00  
  4.198855345906e-06  ,7.923573044702e+01  ,5.668752769841e+01  ,4.413423308081e+01  ,3.613492651124e+01  ,3.059154405377e+01  ,2.652337105733e+01  ,2.341059460136e+01  ,2.095200475084e+01  ,1.896080309518e+01  ,1.731538507714e+01  ,1.593282539325e+01  ,1.475478832541e+01  ,1.373900339915e+01  ,1.285410818665e+01  ,1.207633191720e+01  ,1.138733211133e+01  ,1.077275867902e+01  ,1.022108376099e+01  ,9.723195627371e+00  
  4.199855400087e-06  ,7.923573044702e+01  ,5.668752769841e+01  ,4.413423308081e+01  ,3.613492651124e+01  ,3.059154405377e+01  ,2.652337105733e+01  ,2.341059460136e+01  ,2.095200475084e+01  ,1.896080309518e+01  ,1.731538507714e+01  ,1.593282539325e+01  ,1.475478832541e+01  ,1.373900339915e+01  ,1.285410818665e+01  ,1.207633191720e+01  ,1.138733211133e+01  ,1.077275867902e+01  ,1.022108376099e+01  ,9.723195627371e+00  
  4.200855454267e-06  ,7.923573044702e+01  ,5.668752769841e+01  ,4.413423308081e+01  ,3.613492651124e+01  ,3.059154405377e+01  ,2.652337105733e+01  ,2.341059460136e+01  ,2.095200475084e+01  ,1.896080309518e+01  ,1.731538507714e+01  ,1.593282539325e+01  ,1.475478832541e+01  ,1.373900339915e+01  ,1.285410818665e+01  ,1.207633191720e+01  ,1.138733211133e+01  ,1.077275867902e+01  ,1.022108376099e+01  ,9.723195627371e+00  
  4.201571338655e-06  ,7.923573044702e+01  ,5.668752769841e+01  ,4.413423308081e+01  ,3.613492651124e+01  ,3.059154405377e+01  ,2.652337105733e+01  ,2.341059460136e+01  ,2.095200475084e+01  ,1.896080309518e+01  ,1.731538507714e+01  ,1.593282539325e+01  ,1.475478832541e+01  ,1.373900339915e+01  ,1.285410818665e+01  ,1.207633191720e+01  ,1.138733211133e+01  ,1.077275867902e+01  ,1.022108376099e+01  ,9.723195627371e+00  
  4.201821352200e-06  ,7.923573044702e+01  ,5.668752769841e+01  ,4.413423308081e+01  ,3.613492651124e+01  ,3.059154405377e+01  ,2.652337105733e+01  ,2.341059460136e+01  ,2.095200475084e+01  ,1.896080309518e+01  ,1.731538507714e+01  ,1.593282539325e+01  ,1.475478832541e+01  ,1.373900339915e+01  ,1.285410818665e+01  ,1.207633191720e+01  ,1.138733211133e+01  ,1.077275867902e+01  ,1.022108376099e+01  ,9.723195627371e+00  
  4.202321379291e-06  ,7.923573044702e+01  ,5.668752769841e+01  ,4.413423308081e+01  ,3.613492651124e+01  ,3.059154405377e+01  ,2.652337105733e+01  ,2.341059460136e+01  ,2.095200475084e+01  ,1.896080309518e+01  ,1.731538507714e+01  ,1.593282539325e+01  ,1.475478832541e+01  ,1.373900339915e+01  ,1.285410818665e+01  ,1.207633191720e+01  ,1.138733211133e+01  ,1.077275867902e+01  ,1.022108376099e+01  ,9.723195627371e+00  
  4.203321433471e-06  ,7.923573044702e+01  ,5.668752769841e+01  ,4.413423308081e+01  ,3.613492651124e+01  ,3.059154405377e+01  ,2.652337105733e+01  ,2.341059460136e+01  ,2.095200475084e+01  ,1.896080309518e+01  ,1.731538507714e+01  ,1.593282539325e+01  ,1.475478832541e+01  ,1.373900339915e+01  ,1.285410818665e+01  ,1.207633191720e+01  ,1.138733211133e+01  ,1.077275867902e+01  ,1.022108376099e+01  ,9.723195627371e+00  
  4.204321487652e-06  ,7.923573044702e+01  ,5.668752769841e+01  ,4.413423308081e+01  ,3.613492651124e+01  ,3.059154405377e+01  ,2.652337105733e+01  ,2.341059460136e+01  ,2.095200475084e+01  ,1.896080309518e+01  ,1.731538507714e+01  ,1.593282539325e+01  ,1.475478832541e+01  ,1.373900339915e+01  ,1.285410818665e+01  ,1.207633191720e+01  ,1.138733211133e+01  ,1.077275867902e+01  ,1.022108376099e+01  ,9.723195627371e+00  
  4.205321541832e-06  ,7.923573044702e+01  ,5.668752769841e+01  ,4.413423308081e+01  ,3.613492651124e+01  ,3.059154405377e+01  ,2.652337105733e+01  ,2.341059460136e+01  ,2.095200475084e+01  ,1.896080309518e+01  ,1.731538507714e+01  ,1.593282539325e+01  ,1.475478832541e+01  ,1.373900339915e+01  ,1.285410818665e+01  ,1.207633191720e+01  ,1.138733211133e+01  ,1.077275867902e+01  ,1.022108376099e+01  ,9.723195627371e+00  
  4.206321596013e-06  ,7.923573044702e+01  ,5.668752769841e+01  ,4.413423308081e+01  ,3.613492651124e+01  ,3.059154405377e+01  ,2.652337105733e+01  ,2.341059460136e+01  ,2.095200475084e+01  ,1.896080309518e+01  ,1.731538507714e+01  ,1.593282539325e+01  ,1.475478832541e+01  ,1.373900339915e+01  ,1.285410818665e+01  ,1.207633191720e+01  ,1.138733211133e+01  ,1.077275867902e+01  ,1.022108376099e+01  ,9.723195627371e+00  
  4.207321650194e-06  ,7.923573044702e+01  ,5.668752769841e+01  ,4.413423308081e+01  ,3.613492651124e+01  ,3.059154405377e+01  ,2.652337105733e+01  ,2.341059460136e+01  ,2.095200475084e+01  ,1.896080309518e+01  ,1.731538507714e+01  ,1.593282539325e+01  ,1.475478832541e+01  ,1.373900339915e+01  ,1.285410818665e+01  ,1.207633191720e+01  ,1.138733211133e+01  ,1.077275867902e+01  ,1.022108376099e+01  ,9.723195627371e+00  
  4.208321704374e-06  ,7.923573044702e+01  ,5.668752769841e+01  ,4.413423308081e+01  ,3.613492651124e+01  ,3.059154405377e+01  ,2.652337105733e+01  ,2.341059460136e+01  ,2.095200475084e+01  ,1.896080309518e+01  ,1.731538507714e+01  ,1.593282539325e+01  ,1.475478832541e+01  ,1.373900339915e+01  ,1.285410818665e+01  ,1.207633191720e+01  ,1.138733211133e+01  ,1.077275867902e+01  ,1.022108376099e+01  ,9.723195627371e+00  
  4.209321758555e-06  ,7.923573044702e+01  ,5.668752769841e+01  ,4.413423308081e+01  ,3.613492651124e+01  ,3.059154405377e+01  ,2.652337105733e+01  ,2.341059460136e+01  ,2.095200475084e+01  ,1.896080309518e+01  ,1.731538507714e+01  ,1.593282539325e+01  ,1.475478832541e+01  ,1.373900339915e+01  ,1.285410818665e+01  ,1.207633191720e+01  ,1.138733211133e+01  ,1.077275867902e+01  ,1.022108376099e+01  ,9.723195627371e+00  
  4.210321812736e-06  ,7.923573044702e+01  ,5.668752769841e+01  ,4.413423308081e+01  ,3.613492651124e+01  ,3.059154405377e+01  ,2.652337105733e+01  ,2.341059460136e+01  ,2.095200475084e+01  ,1.896080309518e+01  ,1.731538507714e+01  ,1.593282539325e+01  ,1.475478832541e+01  ,1.373900339915e+01  ,1.285410818665e+01  ,1.207633191720e+01  ,1.138733211133e+01  ,1.077275867902e+01  ,1.022108376099e+01  ,9.723195627371e+00  
  4.211321866916e-06  ,7.923573044702e+01  ,5.668752769841e+01  ,4.413423308081e+01  ,3.613492651124e+01  ,3.059154405377e+01  ,2.652337105733e+01  ,2.341059460136e+01  ,2.095200475084e+01  ,1.896080309518e+01  ,1.731538507714e+01  ,1.593282539325e+01  ,1.475478832541e+01  ,1.373900339915e+01  ,1.285410818665e+01  ,1.207633191720e+01  ,1.138733211133e+01  ,1.077275867902e+01  ,1.022108376099e+01  ,9.723195627371e+00  
  4.212321921097e-06  ,7.923573044702e+01  ,5.668752769841e+01  ,4.413423308081e+01  ,3.613492651124e+01  ,3.059154405377e+01  ,2.652337105733e+01  ,2.341059460136e+01  ,2.095200475084e+01  ,1.896080309518e+01  ,1.731538507714e+01  ,1.593282539325e+01  ,1.475478832541e+01  ,1.373900339915e+01  ,1.285410818665e+01  ,1.207633191720e+01  ,1.138733211133e+01  ,1.077275867902e+01  ,1.022108376099e+01  ,9.723195627371e+00  
  4.213321975277e-06  ,7.923573044702e+01  ,5.668752769841e+01  ,4.413423308081e+01  ,3.613492651124e+01  ,3.059154405377e+01  ,2.652337105733e+01  ,2.341059460136e+01  ,2.095200475084e+01  ,1.896080309518e+01  ,1.731538507714e+01  ,1.593282539325e+01  ,1.475478832541e+01  ,1.373900339915e+01  ,1.285410818665e+01  ,1.207633191720e+01  ,1.138733211133e+01  ,1.077275867902e+01  ,1.022108376099e+01  ,9.723195627371e+00  
  4.214322029458e-06  ,7.923573044702e+01  ,5.668752769841e+01  ,4.413423308081e+01  ,3.613492651124e+01  ,3.059154405377e+01  ,2.652337105733e+01  ,2.341059460136e+01  ,2.095200475084e+01  ,1.896080309518e+01  ,1.731538507714e+01  ,1.593282539325e+01  ,1.475478832541e+01  ,1.373900339915e+01  ,1.285410818665e+01  ,1.207633191720e+01  ,1.138733211133e+01  ,1.077275867902e+01  ,1.022108376099e+01  ,9.723195627371e+00  
  4.215322083639e-06  ,7.923573044702e+01  ,5.668752769841e+01  ,4.413423308081e+01  ,3.613492651124e+01  ,3.059154405377e+01  ,2.652337105733e+01  ,2.341059460136e+01  ,2.095200475084e+01  ,1.896080309518e+01  ,1.731538507714e+01  ,1.593282539325e+01  ,1.475478832541e+01  ,1.373900339915e+01  ,1.285410818665e+01  ,1.207633191720e+01  ,1.138733211133e+01  ,1.077275867902e+01  ,1.022108376099e+01  ,9.723195627371e+00  
  4.216322137819e-06  ,7.923573044702e+01  ,5.668752769841e+01  ,4.413423308081e+01  ,3.613492651124e+01  ,3.059154405377e+01  ,2.652337105733e+01  ,2.341059460136e+01  ,2.095200475084e+01  ,1.896080309518e+01  ,1.731538507714e+01  ,1.593282539325e+01  ,1.475478832541e+01  ,1.373900339915e+01  ,1.285410818665e+01  ,1.207633191720e+01  ,1.138733211133e+01  ,1.077275867902e+01  ,1.022108376099e+01  ,9.723195627371e+00  
  4.217322192000e-06  ,7.923573044702e+01  ,5.668752769841e+01  ,4.413423308081e+01  ,3.613492651124e+01  ,3.059154405377e+01  ,2.652337105733e+01  ,2.341059460136e+01  ,2.095200475084e+01  ,1.896080309518e+01  ,1.731538507714e+01  ,1.593282539325e+01  ,1.475478832541e+01  ,1.373900339915e+01  ,1.285410818665e+01  ,1.207633191720e+01  ,1.138733211133e+01  ,1.077275867902e+01  ,1.022108376099e+01  ,9.723195627371e+00  
  4.218322246181e-06  ,7.923573044702e+01  ,5.668752769841e+01  ,4.413423308081e+01  ,3.613492651124e+01  ,3.059154405377e+01  ,2.652337105733e+01  ,2.341059460136e+01  ,2.095200475084e+01  ,1.896080309518e+01  ,1.731538507714e+01  ,1.593282539325e+01  ,1.475478832541e+01  ,1.373900339915e+01  ,1.285410818665e+01  ,1.207633191720e+01  ,1.138733211133e+01  ,1.077275867902e+01  ,1.022108376099e+01  ,9.723195627371e+00  
  4.219322300361e-06  ,7.923573044702e+01  ,5.668752769841e+01  ,4.413423308081e+01  ,3.613492651124e+01  ,3.059154405377e+01  ,2.652337105733e+01  ,2.341059460136e+01  ,2.095200475084e+01  ,1.896080309518e+01  ,1.731538507714e+01  ,1.593282539325e+01  ,1.475478832541e+01  ,1.373900339915e+01  ,1.285410818665e+01  ,1.207633191720e+01  ,1.138733211133e+01  ,1.077275867902e+01  ,1.022108376099e+01  ,9.723195627371e+00  
  4.220322354542e-06  ,7.923573044702e+01  ,5.668752769841e+01  ,4.413423308081e+01  ,3.613492651124e+01  ,3.059154405377e+01  ,2.652337105733e+01  ,2.341059460136e+01  ,2.095200475084e+01  ,1.896080309518e+01  ,1.731538507714e+01  ,1.593282539325e+01  ,1.475478832541e+01  ,1.373900339915e+01  ,1.285410818665e+01  ,1.207633191720e+01  ,1.138733211133e+01  ,1.077275867902e+01  ,1.022108376099e+01  ,9.723195627371e+00  
  4.221322408722e-06  ,7.923573044702e+01  ,5.668752769841e+01  ,4.413423308081e+01  ,3.613492651124e+01  ,3.059154405377e+01  ,2.652337105733e+01  ,2.341059460136e+01  ,2.095200475084e+01  ,1.896080309518e+01  ,1.731538507714e+01  ,1.593282539325e+01  ,1.475478832541e+01  ,1.373900339915e+01  ,1.285410818665e+01  ,1.207633191720e+01  ,1.138733211133e+01  ,1.077275867902e+01  ,1.022108376099e+01  ,9.723195627371e+00  
  4.222322462903e-06  ,7.923573044702e+01  ,5.668752769841e+01  ,4.413423308081e+01  ,3.613492651124e+01  ,3.059154405377e+01  ,2.652337105733e+01  ,2.341059460136e+01  ,2.095200475084e+01  ,1.896080309518e+01  ,1.731538507714e+01  ,1.593282539325e+01  ,1.475478832541e+01  ,1.373900339915e+01  ,1.285410818665e+01  ,1.207633191720e+01  ,1.138733211133e+01  ,1.077275867902e+01  ,1.022108376099e+01  ,9.723195627371e+00  
  4.223322517084e-06  ,7.923573044702e+01  ,5.668752769841e+01  ,4.413423308081e+01  ,3.613492651124e+01  ,3.059154405377e+01  ,2.652337105733e+01  ,2.341059460136e+01  ,2.095200475084e+01  ,1.896080309518e+01  ,1.731538507714e+01  ,1.593282539325e+01  ,1.475478832541e+01  ,1.373900339915e+01  ,1.285410818665e+01  ,1.207633191720e+01  ,1.138733211133e+01  ,1.077275867902e+01  ,1.022108376099e+01  ,9.723195627371e+00  
  4.224322571264e-06  ,7.923573044702e+01  ,5.668752769841e+01  ,4.413423308081e+01  ,3.613492651124e+01  ,3.059154405377e+01  ,2.652337105733e+01  ,2.341059460136e+01  ,2.095200475084e+01  ,1.896080309518e+01  ,1.731538507714e+01  ,1.593282539325e+01  ,1.475478832541e+01  ,1.373900339915e+01  ,1.285410818665e+01  ,1.207633191720e+01  ,1.138733211133e+01  ,1.077275867902e+01  ,1.022108376099e+01  ,9.723195627371e+00  
  4.225322625445e-06  ,7.923573044702e+01  ,5.668752769841e+01  ,4.413423308081e+01  ,3.613492651124e+01  ,3.059154405377e+01  ,2.652337105733e+01  ,2.341059460136e+01  ,2.095200475084e+01  ,1.896080309518e+01  ,1.731538507714e+01  ,1.593282539325e+01  ,1.475478832541e+01  ,1.373900339915e+01  ,1.285410818665e+01  ,1.207633191720e+01  ,1.138733211133e+01  ,1.077275867902e+01  ,1.022108376099e+01  ,9.723195627371e+00  
  4.226322679626e-06  ,7.923573044702e+01  ,5.668752769841e+01  ,4.413423308081e+01  ,3.613492651124e+01  ,3.059154405377e+01  ,2.652337105733e+01  ,2.341059460136e+01  ,2.095200475084e+01  ,1.896080309518e+01  ,1.731538507714e+01  ,1.593282539325e+01  ,1.475478832541e+01  ,1.373900339915e+01  ,1.285410818665e+01  ,1.207633191720e+01  ,1.138733211133e+01  ,1.077275867902e+01  ,1.022108376099e+01  ,9.723195627371e+00  
  4.227322733806e-06  ,7.923573044702e+01  ,5.668752769841e+01  ,4.413423308081e+01  ,3.613492651124e+01  ,3.059154405377e+01  ,2.652337105733e+01  ,2.341059460136e+01  ,2.095200475084e+01  ,1.896080309518e+01  ,1.731538507714e+01  ,1.593282539325e+01  ,1.475478832541e+01  ,1.373900339915e+01  ,1.285410818665e+01  ,1.207633191720e+01  ,1.138733211133e+01  ,1.077275867902e+01  ,1.022108376099e+01  ,9.723195627371e+00  
  4.228322787987e-06  ,7.923573044702e+01  ,5.668752769841e+01  ,4.413423308081e+01  ,3.613492651124e+01  ,3.059154405377e+01  ,2.652337105733e+01  ,2.341059460136e+01  ,2.095200475084e+01  ,1.896080309518e+01  ,1.731538507714e+01  ,1.593282539325e+01  ,1.475478832541e+01  ,1.373900339915e+01  ,1.285410818665e+01  ,1.207633191720e+01  ,1.138733211133e+01  ,1.077275867902e+01  ,1.022108376099e+01  ,9.723195627371e+00  
  4.229322842167e-06  ,7.923573044702e+01  ,5.668752769841e+01  ,4.413423308081e+01  ,3.613492651124e+01  ,3.059154405377e+01  ,2.652337105733e+01  ,2.341059460136e+01  ,2.095200475084e+01  ,1.896080309518e+01  ,1.731538507714e+01  ,1.593282539325e+01  ,1.475478832541e+01  ,1.373900339915e+01  ,1.285410818665e+01  ,1.207633191720e+01  ,1.138733211133e+01  ,1.077275867902e+01  ,1.022108376099e+01  ,9.723195627371e+00  
  4.230322896348e-06  ,7.923573044702e+01  ,5.668752769841e+01  ,4.413423308081e+01  ,3.613492651124e+01  ,3.059154405377e+01  ,2.652337105733e+01  ,2.341059460136e+01  ,2.095200475084e+01  ,1.896080309518e+01  ,1.731538507714e+01  ,1.593282539325e+01  ,1.475478832541e+01  ,1.373900339915e+01  ,1.285410818665e+01  ,1.207633191720e+01  ,1.138733211133e+01  ,1.077275867902e+01  ,1.022108376099e+01  ,9.723195627371e+00  
  4.231322950529e-06  ,7.923573044702e+01  ,5.668752769841e+01  ,4.413423308081e+01  ,3.613492651124e+01  ,3.059154405377e+01  ,2.652337105733e+01  ,2.341059460136e+01  ,2.095200475084e+01  ,1.896080309518e+01  ,1.731538507714e+01  ,1.593282539325e+01  ,1.475478832541e+01  ,1.373900339915e+01  ,1.285410818665e+01  ,1.207633191720e+01  ,1.138733211133e+01  ,1.077275867902e+01  ,1.022108376099e+01  ,9.723195627371e+00  
  4.232323004709e-06  ,7.923573044702e+01  ,5.668752769841e+01  ,4.413423308081e+01  ,3.613492651124e+01  ,3.059154405377e+01  ,2.652337105733e+01  ,2.341059460136e+01  ,2.095200475084e+01  ,1.896080309518e+01  ,1.731538507714e+01  ,1.593282539325e+01  ,1.475478832541e+01  ,1.373900339915e+01  ,1.285410818665e+01  ,1.207633191720e+01  ,1.138733211133e+01  ,1.077275867902e+01  ,1.022108376099e+01  ,9.723195627371e+00  
  4.233323058890e-06  ,7.923573044702e+01  ,5.668752769841e+01  ,4.413423308081e+01  ,3.613492651124e+01  ,3.059154405377e+01  ,2.652337105733e+01  ,2.341059460136e+01  ,2.095200475084e+01  ,1.896080309518e+01  ,1.731538507714e+01  ,1.593282539325e+01  ,1.475478832541e+01  ,1.373900339915e+01  ,1.285410818665e+01  ,1.207633191720e+01  ,1.138733211133e+01  ,1.077275867902e+01  ,1.022108376099e+01  ,9.723195627371e+00  
  4.234323113071e-06  ,7.923573044702e+01  ,5.668752769841e+01  ,4.413423308081e+01  ,3.613492651124e+01  ,3.059154405377e+01  ,2.652337105733e+01  ,2.341059460136e+01  ,2.095200475084e+01  ,1.896080309518e+01  ,1.731538507714e+01  ,1.593282539325e+01  ,1.475478832541e+01  ,1.373900339915e+01  ,1.285410818665e+01  ,1.207633191720e+01  ,1.138733211133e+01  ,1.077275867902e+01  ,1.022108376099e+01  ,9.723195627371e+00  
  4.235323167251e-06  ,7.923573044702e+01  ,5.668752769841e+01  ,4.413423308081e+01  ,3.613492651124e+01  ,3.059154405377e+01  ,2.652337105733e+01  ,2.341059460136e+01  ,2.095200475084e+01  ,1.896080309518e+01  ,1.731538507714e+01  ,1.593282539325e+01  ,1.475478832541e+01  ,1.373900339915e+01  ,1.285410818665e+01  ,1.207633191720e+01  ,1.138733211133e+01  ,1.077275867902e+01  ,1.022108376099e+01  ,9.723195627371e+00  
  4.236323221432e-06  ,7.923573044702e+01  ,5.668752769841e+01  ,4.413423308081e+01  ,3.613492651124e+01  ,3.059154405377e+01  ,2.652337105733e+01  ,2.341059460136e+01  ,2.095200475084e+01  ,1.896080309518e+01  ,1.731538507714e+01  ,1.593282539325e+01  ,1.475478832541e+01  ,1.373900339915e+01  ,1.285410818665e+01  ,1.207633191720e+01  ,1.138733211133e+01  ,1.077275867902e+01  ,1.022108376099e+01  ,9.723195627371e+00  
  4.237323275612e-06  ,7.923573044702e+01  ,5.668752769841e+01  ,4.413423308081e+01  ,3.613492651124e+01  ,3.059154405377e+01  ,2.652337105733e+01  ,2.341059460136e+01  ,2.095200475084e+01  ,1.896080309518e+01  ,1.731538507714e+01  ,1.593282539325e+01  ,1.475478832541e+01  ,1.373900339915e+01  ,1.285410818665e+01  ,1.207633191720e+01  ,1.138733211133e+01  ,1.077275867902e+01  ,1.022108376099e+01  ,9.723195627371e+00  
  4.238323329793e-06  ,7.923573044702e+01  ,5.668752769841e+01  ,4.413423308081e+01  ,3.613492651124e+01  ,3.059154405377e+01  ,2.652337105733e+01  ,2.341059460136e+01  ,2.095200475084e+01  ,1.896080309518e+01  ,1.731538507714e+01  ,1.593282539325e+01  ,1.475478832541e+01  ,1.373900339915e+01  ,1.285410818665e+01  ,1.207633191720e+01  ,1.138733211133e+01  ,1.077275867902e+01  ,1.022108376099e+01  ,9.723195627371e+00  
  4.239323383974e-06  ,7.923573044702e+01  ,5.668752769841e+01  ,4.413423308081e+01  ,3.613492651124e+01  ,3.059154405377e+01  ,2.652337105733e+01  ,2.341059460136e+01  ,2.095200475084e+01  ,1.896080309518e+01  ,1.731538507714e+01  ,1.593282539325e+01  ,1.475478832541e+01  ,1.373900339915e+01  ,1.285410818665e+01  ,1.207633191720e+01  ,1.138733211133e+01  ,1.077275867902e+01  ,1.022108376099e+01  ,9.723195627371e+00  
  4.240323438154e-06  ,7.923573044702e+01  ,5.668752769841e+01  ,4.413423308081e+01  ,3.613492651124e+01  ,3.059154405377e+01  ,2.652337105733e+01  ,2.341059460136e+01  ,2.095200475084e+01  ,1.896080309518e+01  ,1.731538507714e+01  ,1.593282539325e+01  ,1.475478832541e+01  ,1.373900339915e+01  ,1.285410818665e+01  ,1.207633191720e+01  ,1.138733211133e+01  ,1.077275867902e+01  ,1.022108376099e+01  ,9.723195627371e+00  
  4.241323492335e-06  ,7.923573044702e+01  ,5.668752769841e+01  ,4.413423308081e+01  ,3.613492651124e+01  ,3.059154405377e+01  ,2.652337105733e+01  ,2.341059460136e+01  ,2.095200475084e+01  ,1.896080309518e+01  ,1.731538507714e+01  ,1.593282539325e+01  ,1.475478832541e+01  ,1.373900339915e+01  ,1.285410818665e+01  ,1.207633191720e+01  ,1.138733211133e+01  ,1.077275867902e+01  ,1.022108376099e+01  ,9.723195627371e+00  
  4.242323546515e-06  ,7.923573044702e+01  ,5.668752769841e+01  ,4.413423308081e+01  ,3.613492651124e+01  ,3.059154405377e+01  ,2.652337105733e+01  ,2.341059460136e+01  ,2.095200475084e+01  ,1.896080309518e+01  ,1.731538507714e+01  ,1.593282539325e+01  ,1.475478832541e+01  ,1.373900339915e+01  ,1.285410818665e+01  ,1.207633191720e+01  ,1.138733211133e+01  ,1.077275867902e+01  ,1.022108376099e+01  ,9.723195627371e+00  
  4.243323600696e-06  ,7.923573044702e+01  ,5.668752769841e+01  ,4.413423308081e+01  ,3.613492651124e+01  ,3.059154405377e+01  ,2.652337105733e+01  ,2.341059460136e+01  ,2.095200475084e+01  ,1.896080309518e+01  ,1.731538507714e+01  ,1.593282539325e+01  ,1.475478832541e+01  ,1.373900339915e+01  ,1.285410818665e+01  ,1.207633191720e+01  ,1.138733211133e+01  ,1.077275867902e+01  ,1.022108376099e+01  ,9.723195627371e+00  
  4.244323654877e-06  ,7.923573044702e+01  ,5.668752769841e+01  ,4.413423308081e+01  ,3.613492651124e+01  ,3.059154405377e+01  ,2.652337105733e+01  ,2.341059460136e+01  ,2.095200475084e+01  ,1.896080309518e+01  ,1.731538507714e+01  ,1.593282539325e+01  ,1.475478832541e+01  ,1.373900339915e+01  ,1.285410818665e+01  ,1.207633191720e+01  ,1.138733211133e+01  ,1.077275867902e+01  ,1.022108376099e+01  ,9.723195627371e+00  
  4.245323709057e-06  ,7.923573044702e+01  ,5.668752769841e+01  ,4.413423308081e+01  ,3.613492651124e+01  ,3.059154405377e+01  ,2.652337105733e+01  ,2.341059460136e+01  ,2.095200475084e+01  ,1.896080309518e+01  ,1.731538507714e+01  ,1.593282539325e+01  ,1.475478832541e+01  ,1.373900339915e+01  ,1.285410818665e+01  ,1.207633191720e+01  ,1.138733211133e+01  ,1.077275867902e+01  ,1.022108376099e+01  ,9.723195627371e+00  
  4.246323763238e-06  ,7.923573044702e+01  ,5.668752769841e+01  ,4.413423308081e+01  ,3.613492651124e+01  ,3.059154405377e+01  ,2.652337105733e+01  ,2.341059460136e+01  ,2.095200475084e+01  ,1.896080309518e+01  ,1.731538507714e+01  ,1.593282539325e+01  ,1.475478832541e+01  ,1.373900339915e+01  ,1.285410818665e+01  ,1.207633191720e+01  ,1.138733211133e+01  ,1.077275867902e+01  ,1.022108376099e+01  ,9.723195627371e+00  
  4.247323817419e-06  ,7.923573044702e+01  ,5.668752769841e+01  ,4.413423308081e+01  ,3.613492651124e+01  ,3.059154405377e+01  ,2.652337105733e+01  ,2.341059460136e+01  ,2.095200475084e+01  ,1.896080309518e+01  ,1.731538507714e+01  ,1.593282539325e+01  ,1.475478832541e+01  ,1.373900339915e+01  ,1.285410818665e+01  ,1.207633191720e+01  ,1.138733211133e+01  ,1.077275867902e+01  ,1.022108376099e+01  ,9.723195627371e+00  
  4.248323871599e-06  ,7.923573044702e+01  ,5.668752769841e+01  ,4.413423308081e+01  ,3.613492651124e+01  ,3.059154405377e+01  ,2.652337105733e+01  ,2.341059460136e+01  ,2.095200475084e+01  ,1.896080309518e+01  ,1.731538507714e+01  ,1.593282539325e+01  ,1.475478832541e+01  ,1.373900339915e+01  ,1.285410818665e+01  ,1.207633191720e+01  ,1.138733211133e+01  ,1.077275867902e+01  ,1.022108376099e+01  ,9.723195627371e+00  
  4.249323925780e-06  ,7.923573044702e+01  ,5.668752769841e+01  ,4.413423308081e+01  ,3.613492651124e+01  ,3.059154405377e+01  ,2.652337105733e+01  ,2.341059460136e+01  ,2.095200475084e+01  ,1.896080309518e+01  ,1.731538507714e+01  ,1.593282539325e+01  ,1.475478832541e+01  ,1.373900339915e+01  ,1.285410818665e+01  ,1.207633191720e+01  ,1.138733211133e+01  ,1.077275867902e+01  ,1.022108376099e+01  ,9.723195627371e+00  
  4.250323979960e-06  ,7.923573044702e+01  ,5.668752769841e+01  ,4.413423308081e+01  ,3.613492651124e+01  ,3.059154405377e+01  ,2.652337105733e+01  ,2.341059460136e+01  ,2.095200475084e+01  ,1.896080309518e+01  ,1.731538507714e+01  ,1.593282539325e+01  ,1.475478832541e+01  ,1.373900339915e+01  ,1.285410818665e+01  ,1.207633191720e+01  ,1.138733211133e+01  ,1.077275867902e+01  ,1.022108376099e+01  ,9.723195627371e+00  
  4.251324034141e-06  ,7.923573044702e+01  ,5.668752769841e+01  ,4.413423308081e+01  ,3.613492651124e+01  ,3.059154405377e+01  ,2.652337105733e+01  ,2.341059460136e+01  ,2.095200475084e+01  ,1.896080309518e+01  ,1.731538507714e+01  ,1.593282539325e+01  ,1.475478832541e+01  ,1.373900339915e+01  ,1.285410818665e+01  ,1.207633191720e+01  ,1.138733211133e+01  ,1.077275867902e+01  ,1.022108376099e+01  ,9.723195627371e+00  
  4.252324088322e-06  ,7.923573044702e+01  ,5.668752769841e+01  ,4.413423308081e+01  ,3.613492651124e+01  ,3.059154405377e+01  ,2.652337105733e+01  ,2.341059460136e+01  ,2.095200475084e+01  ,1.896080309518e+01  ,1.731538507714e+01  ,1.593282539325e+01  ,1.475478832541e+01  ,1.373900339915e+01  ,1.285410818665e+01  ,1.207633191720e+01  ,1.138733211133e+01  ,1.077275867902e+01  ,1.022108376099e+01  ,9.723195627371e+00  
  4.253324142502e-06  ,7.923573044702e+01  ,5.668752769841e+01  ,4.413423308081e+01  ,3.613492651124e+01  ,3.059154405377e+01  ,2.652337105733e+01  ,2.341059460136e+01  ,2.095200475084e+01  ,1.896080309518e+01  ,1.731538507714e+01  ,1.593282539325e+01  ,1.475478832541e+01  ,1.373900339915e+01  ,1.285410818665e+01  ,1.207633191720e+01  ,1.138733211133e+01  ,1.077275867902e+01  ,1.022108376099e+01  ,9.723195627371e+00  
  4.254324196683e-06  ,7.923573044702e+01  ,5.668752769841e+01  ,4.413423308081e+01  ,3.613492651124e+01  ,3.059154405377e+01  ,2.652337105733e+01  ,2.341059460136e+01  ,2.095200475084e+01  ,1.896080309518e+01  ,1.731538507714e+01  ,1.593282539325e+01  ,1.475478832541e+01  ,1.373900339915e+01  ,1.285410818665e+01  ,1.207633191720e+01  ,1.138733211133e+01  ,1.077275867902e+01  ,1.022108376099e+01  ,9.723195627371e+00  
  4.255324250864e-06  ,7.923573044702e+01  ,5.668752769841e+01  ,4.413423308081e+01  ,3.613492651124e+01  ,3.059154405377e+01  ,2.652337105733e+01  ,2.341059460136e+01  ,2.095200475084e+01  ,1.896080309518e+01  ,1.731538507714e+01  ,1.593282539325e+01  ,1.475478832541e+01  ,1.373900339915e+01  ,1.285410818665e+01  ,1.207633191720e+01  ,1.138733211133e+01  ,1.077275867902e+01  ,1.022108376099e+01  ,9.723195627371e+00  
  4.256324305044e-06  ,7.923573044702e+01  ,5.668752769841e+01  ,4.413423308081e+01  ,3.613492651124e+01  ,3.059154405377e+01  ,2.652337105733e+01  ,2.341059460136e+01  ,2.095200475084e+01  ,1.896080309518e+01  ,1.731538507714e+01  ,1.593282539325e+01  ,1.475478832541e+01  ,1.373900339915e+01  ,1.285410818665e+01  ,1.207633191720e+01  ,1.138733211133e+01  ,1.077275867902e+01  ,1.022108376099e+01  ,9.723195627371e+00  
  4.257324359225e-06  ,7.923573044702e+01  ,5.668752769841e+01  ,4.413423308081e+01  ,3.613492651124e+01  ,3.059154405377e+01  ,2.652337105733e+01  ,2.341059460136e+01  ,2.095200475084e+01  ,1.896080309518e+01  ,1.731538507714e+01  ,1.593282539325e+01  ,1.475478832541e+01  ,1.373900339915e+01  ,1.285410818665e+01  ,1.207633191720e+01  ,1.138733211133e+01  ,1.077275867902e+01  ,1.022108376099e+01  ,9.723195627371e+00  
  4.258324413405e-06  ,7.923573044702e+01  ,5.668752769841e+01  ,4.413423308081e+01  ,3.613492651124e+01  ,3.059154405377e+01  ,2.652337105733e+01  ,2.341059460136e+01  ,2.095200475084e+01  ,1.896080309518e+01  ,1.731538507714e+01  ,1.593282539325e+01  ,1.475478832541e+01  ,1.373900339915e+01  ,1.285410818665e+01  ,1.207633191720e+01  ,1.138733211133e+01  ,1.077275867902e+01  ,1.022108376099e+01  ,9.723195627371e+00  
  4.259324467586e-06  ,7.923573044702e+01  ,5.668752769841e+01  ,4.413423308081e+01  ,3.613492651124e+01  ,3.059154405377e+01  ,2.652337105733e+01  ,2.341059460136e+01  ,2.095200475084e+01  ,1.896080309518e+01  ,1.731538507714e+01  ,1.593282539325e+01  ,1.475478832541e+01  ,1.373900339915e+01  ,1.285410818665e+01  ,1.207633191720e+01  ,1.138733211133e+01  ,1.077275867902e+01  ,1.022108376099e+01  ,9.723195627371e+00  
  4.260324521767e-06  ,7.923573044702e+01  ,5.668752769841e+01  ,4.413423308081e+01  ,3.613492651124e+01  ,3.059154405377e+01  ,2.652337105733e+01  ,2.341059460136e+01  ,2.095200475084e+01  ,1.896080309518e+01  ,1.731538507714e+01  ,1.593282539325e+01  ,1.475478832541e+01  ,1.373900339915e+01  ,1.285410818665e+01  ,1.207633191720e+01  ,1.138733211133e+01  ,1.077275867902e+01  ,1.022108376099e+01  ,9.723195627371e+00  
  4.261324575947e-06  ,7.923573044702e+01  ,5.668752769841e+01  ,4.413423308081e+01  ,3.613492651124e+01  ,3.059154405377e+01  ,2.652337105733e+01  ,2.341059460136e+01  ,2.095200475084e+01  ,1.896080309518e+01  ,1.731538507714e+01  ,1.593282539325e+01  ,1.475478832541e+01  ,1.373900339915e+01  ,1.285410818665e+01  ,1.207633191720e+01  ,1.138733211133e+01  ,1.077275867902e+01  ,1.022108376099e+01  ,9.723195627371e+00  
  4.262324630128e-06  ,7.923573044702e+01  ,5.668752769841e+01  ,4.413423308081e+01  ,3.613492651124e+01  ,3.059154405377e+01  ,2.652337105733e+01  ,2.341059460136e+01  ,2.095200475084e+01  ,1.896080309518e+01  ,1.731538507714e+01  ,1.593282539325e+01  ,1.475478832541e+01  ,1.373900339915e+01  ,1.285410818665e+01  ,1.207633191720e+01  ,1.138733211133e+01  ,1.077275867902e+01  ,1.022108376099e+01  ,9.723195627371e+00  
  4.263324684309e-06  ,7.923573044702e+01  ,5.668752769841e+01  ,4.413423308081e+01  ,3.613492651124e+01  ,3.059154405377e+01  ,2.652337105733e+01  ,2.341059460136e+01  ,2.095200475084e+01  ,1.896080309518e+01  ,1.731538507714e+01  ,1.593282539325e+01  ,1.475478832541e+01  ,1.373900339915e+01  ,1.285410818665e+01  ,1.207633191720e+01  ,1.138733211133e+01  ,1.077275867902e+01  ,1.022108376099e+01  ,9.723195627371e+00  
  4.264324738489e-06  ,7.923573044702e+01  ,5.668752769841e+01  ,4.413423308081e+01  ,3.613492651124e+01  ,3.059154405377e+01  ,2.652337105733e+01  ,2.341059460136e+01  ,2.095200475084e+01  ,1.896080309518e+01  ,1.731538507714e+01  ,1.593282539325e+01  ,1.475478832541e+01  ,1.373900339915e+01  ,1.285410818665e+01  ,1.207633191720e+01  ,1.138733211133e+01  ,1.077275867902e+01  ,1.022108376099e+01  ,9.723195627371e+00  
  4.265324792670e-06  ,7.923573044702e+01  ,5.668752769841e+01  ,4.413423308081e+01  ,3.613492651124e+01  ,3.059154405377e+01  ,2.652337105733e+01  ,2.341059460136e+01  ,2.095200475084e+01  ,1.896080309518e+01  ,1.731538507714e+01  ,1.593282539325e+01  ,1.475478832541e+01  ,1.373900339915e+01  ,1.285410818665e+01  ,1.207633191720e+01  ,1.138733211133e+01  ,1.077275867902e+01  ,1.022108376099e+01  ,9.723195627371e+00  
  4.266324846850e-06  ,7.923573044702e+01  ,5.668752769841e+01  ,4.413423308081e+01  ,3.613492651124e+01  ,3.059154405377e+01  ,2.652337105733e+01  ,2.341059460136e+01  ,2.095200475084e+01  ,1.896080309518e+01  ,1.731538507714e+01  ,1.593282539325e+01  ,1.475478832541e+01  ,1.373900339915e+01  ,1.285410818665e+01  ,1.207633191720e+01  ,1.138733211133e+01  ,1.077275867902e+01  ,1.022108376099e+01  ,9.723195627371e+00  
  4.267324901031e-06  ,7.923573044702e+01  ,5.668752769841e+01  ,4.413423308081e+01  ,3.613492651124e+01  ,3.059154405377e+01  ,2.652337105733e+01  ,2.341059460136e+01  ,2.095200475084e+01  ,1.896080309518e+01  ,1.731538507714e+01  ,1.593282539325e+01  ,1.475478832541e+01  ,1.373900339915e+01  ,1.285410818665e+01  ,1.207633191720e+01  ,1.138733211133e+01  ,1.077275867902e+01  ,1.022108376099e+01  ,9.723195627371e+00  
  4.268324955212e-06  ,7.923573044702e+01  ,5.668752769841e+01  ,4.413423308081e+01  ,3.613492651124e+01  ,3.059154405377e+01  ,2.652337105733e+01  ,2.341059460136e+01  ,2.095200475084e+01  ,1.896080309518e+01  ,1.731538507714e+01  ,1.593282539325e+01  ,1.475478832541e+01  ,1.373900339915e+01  ,1.285410818665e+01  ,1.207633191720e+01  ,1.138733211133e+01  ,1.077275867902e+01  ,1.022108376099e+01  ,9.723195627371e+00  
  4.269325009392e-06  ,7.923573044702e+01  ,5.668752769841e+01  ,4.413423308081e+01  ,3.613492651124e+01  ,3.059154405377e+01  ,2.652337105733e+01  ,2.341059460136e+01  ,2.095200475084e+01  ,1.896080309518e+01  ,1.731538507714e+01  ,1.593282539325e+01  ,1.475478832541e+01  ,1.373900339915e+01  ,1.285410818665e+01  ,1.207633191720e+01  ,1.138733211133e+01  ,1.077275867902e+01  ,1.022108376099e+01  ,9.723195627371e+00  
  4.270325063573e-06  ,7.923573044702e+01  ,5.668752769841e+01  ,4.413423308081e+01  ,3.613492651124e+01  ,3.059154405377e+01  ,2.652337105733e+01  ,2.341059460136e+01  ,2.095200475084e+01  ,1.896080309518e+01  ,1.731538507714e+01  ,1.593282539325e+01  ,1.475478832541e+01  ,1.373900339915e+01  ,1.285410818665e+01  ,1.207633191720e+01  ,1.138733211133e+01  ,1.077275867902e+01  ,1.022108376099e+01  ,9.723195627371e+00  
  4.271325117754e-06  ,7.923573044702e+01  ,5.668752769841e+01  ,4.413423308081e+01  ,3.613492651124e+01  ,3.059154405377e+01  ,2.652337105733e+01  ,2.341059460136e+01  ,2.095200475084e+01  ,1.896080309518e+01  ,1.731538507714e+01  ,1.593282539325e+01  ,1.475478832541e+01  ,1.373900339915e+01  ,1.285410818665e+01  ,1.207633191720e+01  ,1.138733211133e+01  ,1.077275867902e+01  ,1.022108376099e+01  ,9.723195627371e+00  
  4.272325171934e-06  ,7.923573044702e+01  ,5.668752769841e+01  ,4.413423308081e+01  ,3.613492651124e+01  ,3.059154405377e+01  ,2.652337105733e+01  ,2.341059460136e+01  ,2.095200475084e+01  ,1.896080309518e+01  ,1.731538507714e+01  ,1.593282539325e+01  ,1.475478832541e+01  ,1.373900339915e+01  ,1.285410818665e+01  ,1.207633191720e+01  ,1.138733211133e+01  ,1.077275867902e+01  ,1.022108376099e+01  ,9.723195627371e+00  
  4.273325226115e-06  ,7.923573044702e+01  ,5.668752769841e+01  ,4.413423308081e+01  ,3.613492651124e+01  ,3.059154405377e+01  ,2.652337105733e+01  ,2.341059460136e+01  ,2.095200475084e+01  ,1.896080309518e+01  ,1.731538507714e+01  ,1.593282539325e+01  ,1.475478832541e+01  ,1.373900339915e+01  ,1.285410818665e+01  ,1.207633191720e+01  ,1.138733211133e+01  ,1.077275867902e+01  ,1.022108376099e+01  ,9.723195627371e+00  
  4.274325280295e-06  ,7.923573044702e+01  ,5.668752769841e+01  ,4.413423308081e+01  ,3.613492651124e+01  ,3.059154405377e+01  ,2.652337105733e+01  ,2.341059460136e+01  ,2.095200475084e+01  ,1.896080309518e+01  ,1.731538507714e+01  ,1.593282539325e+01  ,1.475478832541e+01  ,1.373900339915e+01  ,1.285410818665e+01  ,1.207633191720e+01  ,1.138733211133e+01  ,1.077275867902e+01  ,1.022108376099e+01  ,9.723195627371e+00  
  4.275325334476e-06  ,7.923573044702e+01  ,5.668752769841e+01  ,4.413423308081e+01  ,3.613492651124e+01  ,3.059154405377e+01  ,2.652337105733e+01  ,2.341059460136e+01  ,2.095200475084e+01  ,1.896080309518e+01  ,1.731538507714e+01  ,1.593282539325e+01  ,1.475478832541e+01  ,1.373900339915e+01  ,1.285410818665e+01  ,1.207633191720e+01  ,1.138733211133e+01  ,1.077275867902e+01  ,1.022108376099e+01  ,9.723195627371e+00  
  4.276325388657e-06  ,7.923573044702e+01  ,5.668752769841e+01  ,4.413423308081e+01  ,3.613492651124e+01  ,3.059154405377e+01  ,2.652337105733e+01  ,2.341059460136e+01  ,2.095200475084e+01  ,1.896080309518e+01  ,1.731538507714e+01  ,1.593282539325e+01  ,1.475478832541e+01  ,1.373900339915e+01  ,1.285410818665e+01  ,1.207633191720e+01  ,1.138733211133e+01  ,1.077275867902e+01  ,1.022108376099e+01  ,9.723195627371e+00  
  4.277325442837e-06  ,7.923573044702e+01  ,5.668752769841e+01  ,4.413423308081e+01  ,3.613492651124e+01  ,3.059154405377e+01  ,2.652337105733e+01  ,2.341059460136e+01  ,2.095200475084e+01  ,1.896080309518e+01  ,1.731538507714e+01  ,1.593282539325e+01  ,1.475478832541e+01  ,1.373900339915e+01  ,1.285410818665e+01  ,1.207633191720e+01  ,1.138733211133e+01  ,1.077275867902e+01  ,1.022108376099e+01  ,9.723195627371e+00  
  4.278325497018e-06  ,7.923573044702e+01  ,5.668752769841e+01  ,4.413423308081e+01  ,3.613492651124e+01  ,3.059154405377e+01  ,2.652337105733e+01  ,2.341059460136e+01  ,2.095200475084e+01  ,1.896080309518e+01  ,1.731538507714e+01  ,1.593282539325e+01  ,1.475478832541e+01  ,1.373900339915e+01  ,1.285410818665e+01  ,1.207633191720e+01  ,1.138733211133e+01  ,1.077275867902e+01  ,1.022108376099e+01  ,9.723195627371e+00  
  4.279325551199e-06  ,7.923573044702e+01  ,5.668752769841e+01  ,4.413423308081e+01  ,3.613492651124e+01  ,3.059154405377e+01  ,2.652337105733e+01  ,2.341059460136e+01  ,2.095200475084e+01  ,1.896080309518e+01  ,1.731538507714e+01  ,1.593282539325e+01  ,1.475478832541e+01  ,1.373900339915e+01  ,1.285410818665e+01  ,1.207633191720e+01  ,1.138733211133e+01  ,1.077275867902e+01  ,1.022108376099e+01  ,9.723195627371e+00  
  4.280325605379e-06  ,7.923573044702e+01  ,5.668752769841e+01  ,4.413423308081e+01  ,3.613492651124e+01  ,3.059154405377e+01  ,2.652337105733e+01  ,2.341059460136e+01  ,2.095200475084e+01  ,1.896080309518e+01  ,1.731538507714e+01  ,1.593282539325e+01  ,1.475478832541e+01  ,1.373900339915e+01  ,1.285410818665e+01  ,1.207633191720e+01  ,1.138733211133e+01  ,1.077275867902e+01  ,1.022108376099e+01  ,9.723195627371e+00  
  4.281325659560e-06  ,7.923573044702e+01  ,5.668752769841e+01  ,4.413423308081e+01  ,3.613492651124e+01  ,3.059154405377e+01  ,2.652337105733e+01  ,2.341059460136e+01  ,2.095200475084e+01  ,1.896080309518e+01  ,1.731538507714e+01  ,1.593282539325e+01  ,1.475478832541e+01  ,1.373900339915e+01  ,1.285410818665e+01  ,1.207633191720e+01  ,1.138733211133e+01  ,1.077275867902e+01  ,1.022108376099e+01  ,9.723195627371e+00  
  4.282325713740e-06  ,7.923573044702e+01  ,5.668752769841e+01  ,4.413423308081e+01  ,3.613492651124e+01  ,3.059154405377e+01  ,2.652337105733e+01  ,2.341059460136e+01  ,2.095200475084e+01  ,1.896080309518e+01  ,1.731538507714e+01  ,1.593282539325e+01  ,1.475478832541e+01  ,1.373900339915e+01  ,1.285410818665e+01  ,1.207633191720e+01  ,1.138733211133e+01  ,1.077275867902e+01  ,1.022108376099e+01  ,9.723195627371e+00  
  4.282631103718e-06  ,7.923573044702e+01  ,5.668752769841e+01  ,4.413423308081e+01  ,3.613492651124e+01  ,3.059154405377e+01  ,2.652337105733e+01  ,2.341059460136e+01  ,2.095200475084e+01  ,1.896080309518e+01  ,1.731538507714e+01  ,1.593282539325e+01  ,1.475478832541e+01  ,1.373900339915e+01  ,1.285410818665e+01  ,1.207633191720e+01  ,1.138733211133e+01  ,1.077275867902e+01  ,1.022108376099e+01  ,9.723195627371e+00  
  4.282881117263e-06  ,7.923573044702e+01  ,5.668752769841e+01  ,4.413423308081e+01  ,3.613492651124e+01  ,3.059154405377e+01  ,2.652337105733e+01  ,2.341059460136e+01  ,2.095200475084e+01  ,1.896080309518e+01  ,1.731538507714e+01  ,1.593282539325e+01  ,1.475478832541e+01  ,1.373900339915e+01  ,1.285410818665e+01  ,1.207633191720e+01  ,1.138733211133e+01  ,1.077275867902e+01  ,1.022108376099e+01  ,9.723195627371e+00  
  4.283381144353e-06  ,7.923573044702e+01  ,5.668752769841e+01  ,4.413423308081e+01  ,3.613492651124e+01  ,3.059154405377e+01  ,2.652337105733e+01  ,2.341059460136e+01  ,2.095200475084e+01  ,1.896080309518e+01  ,1.731538507714e+01  ,1.593282539325e+01  ,1.475478832541e+01  ,1.373900339915e+01  ,1.285410818665e+01  ,1.207633191720e+01  ,1.138733211133e+01  ,1.077275867902e+01  ,1.022108376099e+01  ,9.723195627371e+00  
  4.284381198534e-06  ,7.923573044702e+01  ,5.668752769841e+01  ,4.413423308081e+01  ,3.613492651124e+01  ,3.059154405377e+01  ,2.652337105733e+01  ,2.341059460136e+01  ,2.095200475084e+01  ,1.896080309518e+01  ,1.731538507714e+01  ,1.593282539325e+01  ,1.475478832541e+01  ,1.373900339915e+01  ,1.285410818665e+01  ,1.207633191720e+01  ,1.138733211133e+01  ,1.077275867902e+01  ,1.022108376099e+01  ,9.723195627371e+00  
  4.285381252715e-06  ,7.923573044702e+01  ,5.668752769841e+01  ,4.413423308081e+01  ,3.613492651124e+01  ,3.059154405377e+01  ,2.652337105733e+01  ,2.341059460136e+01  ,2.095200475084e+01  ,1.896080309518e+01  ,1.731538507714e+01  ,1.593282539325e+01  ,1.475478832541e+01  ,1.373900339915e+01  ,1.285410818665e+01  ,1.207633191720e+01  ,1.138733211133e+01  ,1.077275867902e+01  ,1.022108376099e+01  ,9.723195627371e+00  
  4.286381306895e-06  ,7.923573044702e+01  ,5.668752769841e+01  ,4.413423308081e+01  ,3.613492651124e+01  ,3.059154405377e+01  ,2.652337105733e+01  ,2.341059460136e+01  ,2.095200475084e+01  ,1.896080309518e+01  ,1.731538507714e+01  ,1.593282539325e+01  ,1.475478832541e+01  ,1.373900339915e+01  ,1.285410818665e+01  ,1.207633191720e+01  ,1.138733211133e+01  ,1.077275867902e+01  ,1.022108376099e+01  ,9.723195627371e+00  
  4.287381361076e-06  ,7.923573044702e+01  ,5.668752769841e+01  ,4.413423308081e+01  ,3.613492651124e+01  ,3.059154405377e+01  ,2.652337105733e+01  ,2.341059460136e+01  ,2.095200475084e+01  ,1.896080309518e+01  ,1.731538507714e+01  ,1.593282539325e+01  ,1.475478832541e+01  ,1.373900339915e+01  ,1.285410818665e+01  ,1.207633191720e+01  ,1.138733211133e+01  ,1.077275867902e+01  ,1.022108376099e+01  ,9.723195627371e+00  
  4.288381415256e-06  ,7.923573044702e+01  ,5.668752769841e+01  ,4.413423308081e+01  ,3.613492651124e+01  ,3.059154405377e+01  ,2.652337105733e+01  ,2.341059460136e+01  ,2.095200475084e+01  ,1.896080309518e+01  ,1.731538507714e+01  ,1.593282539325e+01  ,1.475478832541e+01  ,1.373900339915e+01  ,1.285410818665e+01  ,1.207633191720e+01  ,1.138733211133e+01  ,1.077275867902e+01  ,1.022108376099e+01  ,9.723195627371e+00  
  4.289381469437e-06  ,7.923573044702e+01  ,5.668752769841e+01  ,4.413423308081e+01  ,3.613492651124e+01  ,3.059154405377e+01  ,2.652337105733e+01  ,2.341059460136e+01  ,2.095200475084e+01  ,1.896080309518e+01  ,1.731538507714e+01  ,1.593282539325e+01  ,1.475478832541e+01  ,1.373900339915e+01  ,1.285410818665e+01  ,1.207633191720e+01  ,1.138733211133e+01  ,1.077275867902e+01  ,1.022108376099e+01  ,9.723195627371e+00  
  4.290381523618e-06  ,7.923573044702e+01  ,5.668752769841e+01  ,4.413423308081e+01  ,3.613492651124e+01  ,3.059154405377e+01  ,2.652337105733e+01  ,2.341059460136e+01  ,2.095200475084e+01  ,1.896080309518e+01  ,1.731538507714e+01  ,1.593282539325e+01  ,1.475478832541e+01  ,1.373900339915e+01  ,1.285410818665e+01  ,1.207633191720e+01  ,1.138733211133e+01  ,1.077275867902e+01  ,1.022108376099e+01  ,9.723195627371e+00  
  4.291381577798e-06  ,7.923573044702e+01  ,5.668752769841e+01  ,4.413423308081e+01  ,3.613492651124e+01  ,3.059154405377e+01  ,2.652337105733e+01  ,2.341059460136e+01  ,2.095200475084e+01  ,1.896080309518e+01  ,1.731538507714e+01  ,1.593282539325e+01  ,1.475478832541e+01  ,1.373900339915e+01  ,1.285410818665e+01  ,1.207633191720e+01  ,1.138733211133e+01  ,1.077275867902e+01  ,1.022108376099e+01  ,9.723195627371e+00  
  4.292381631979e-06  ,7.923573044702e+01  ,5.668752769841e+01  ,4.413423308081e+01  ,3.613492651124e+01  ,3.059154405377e+01  ,2.652337105733e+01  ,2.341059460136e+01  ,2.095200475084e+01  ,1.896080309518e+01  ,1.731538507714e+01  ,1.593282539325e+01  ,1.475478832541e+01  ,1.373900339915e+01  ,1.285410818665e+01  ,1.207633191720e+01  ,1.138733211133e+01  ,1.077275867902e+01  ,1.022108376099e+01  ,9.723195627371e+00  
  4.293381686160e-06  ,7.923573044702e+01  ,5.668752769841e+01  ,4.413423308081e+01  ,3.613492651124e+01  ,3.059154405377e+01  ,2.652337105733e+01  ,2.341059460136e+01  ,2.095200475084e+01  ,1.896080309518e+01  ,1.731538507714e+01  ,1.593282539325e+01  ,1.475478832541e+01  ,1.373900339915e+01  ,1.285410818665e+01  ,1.207633191720e+01  ,1.138733211133e+01  ,1.077275867902e+01  ,1.022108376099e+01  ,9.723195627371e+00  
  4.294381740340e-06  ,7.923573044702e+01  ,5.668752769841e+01  ,4.413423308081e+01  ,3.613492651124e+01  ,3.059154405377e+01  ,2.652337105733e+01  ,2.341059460136e+01  ,2.095200475084e+01  ,1.896080309518e+01  ,1.731538507714e+01  ,1.593282539325e+01  ,1.475478832541e+01  ,1.373900339915e+01  ,1.285410818665e+01  ,1.207633191720e+01  ,1.138733211133e+01  ,1.077275867902e+01  ,1.022108376099e+01  ,9.723195627371e+00  
  4.295381794521e-06  ,7.923573044702e+01  ,5.668752769841e+01  ,4.413423308081e+01  ,3.613492651124e+01  ,3.059154405377e+01  ,2.652337105733e+01  ,2.341059460136e+01  ,2.095200475084e+01  ,1.896080309518e+01  ,1.731538507714e+01  ,1.593282539325e+01  ,1.475478832541e+01  ,1.373900339915e+01  ,1.285410818665e+01  ,1.207633191720e+01  ,1.138733211133e+01  ,1.077275867902e+01  ,1.022108376099e+01  ,9.723195627371e+00  
  4.296381848701e-06  ,7.923573044702e+01  ,5.668752769841e+01  ,4.413423308081e+01  ,3.613492651124e+01  ,3.059154405377e+01  ,2.652337105733e+01  ,2.341059460136e+01  ,2.095200475084e+01  ,1.896080309518e+01  ,1.731538507714e+01  ,1.593282539325e+01  ,1.475478832541e+01  ,1.373900339915e+01  ,1.285410818665e+01  ,1.207633191720e+01  ,1.138733211133e+01  ,1.077275867902e+01  ,1.022108376099e+01  ,9.723195627371e+00  
  4.297381902882e-06  ,7.923573044702e+01  ,5.668752769841e+01  ,4.413423308081e+01  ,3.613492651124e+01  ,3.059154405377e+01  ,2.652337105733e+01  ,2.341059460136e+01  ,2.095200475084e+01  ,1.896080309518e+01  ,1.731538507714e+01  ,1.593282539325e+01  ,1.475478832541e+01  ,1.373900339915e+01  ,1.285410818665e+01  ,1.207633191720e+01  ,1.138733211133e+01  ,1.077275867902e+01  ,1.022108376099e+01  ,9.723195627371e+00  
  4.298381957063e-06  ,7.923573044702e+01  ,5.668752769841e+01  ,4.413423308081e+01  ,3.613492651124e+01  ,3.059154405377e+01  ,2.652337105733e+01  ,2.341059460136e+01  ,2.095200475084e+01  ,1.896080309518e+01  ,1.731538507714e+01  ,1.593282539325e+01  ,1.475478832541e+01  ,1.373900339915e+01  ,1.285410818665e+01  ,1.207633191720e+01  ,1.138733211133e+01  ,1.077275867902e+01  ,1.022108376099e+01  ,9.723195627371e+00  
  4.299382011243e-06  ,7.923573044702e+01  ,5.668752769841e+01  ,4.413423308081e+01  ,3.613492651124e+01  ,3.059154405377e+01  ,2.652337105733e+01  ,2.341059460136e+01  ,2.095200475084e+01  ,1.896080309518e+01  ,1.731538507714e+01  ,1.593282539325e+01  ,1.475478832541e+01  ,1.373900339915e+01  ,1.285410818665e+01  ,1.207633191720e+01  ,1.138733211133e+01  ,1.077275867902e+01  ,1.022108376099e+01  ,9.723195627371e+00  
  4.300382065424e-06  ,7.923573044702e+01  ,5.668752769841e+01  ,4.413423308081e+01  ,3.613492651124e+01  ,3.059154405377e+01  ,2.652337105733e+01  ,2.341059460136e+01  ,2.095200475084e+01  ,1.896080309518e+01  ,1.731538507714e+01  ,1.593282539325e+01  ,1.475478832541e+01  ,1.373900339915e+01  ,1.285410818665e+01  ,1.207633191720e+01  ,1.138733211133e+01  ,1.077275867902e+01  ,1.022108376099e+01  ,9.723195627371e+00  
  4.301382119605e-06  ,7.923573044702e+01  ,5.668752769841e+01  ,4.413423308081e+01  ,3.613492651124e+01  ,3.059154405377e+01  ,2.652337105733e+01  ,2.341059460136e+01  ,2.095200475084e+01  ,1.896080309518e+01  ,1.731538507714e+01  ,1.593282539325e+01  ,1.475478832541e+01  ,1.373900339915e+01  ,1.285410818665e+01  ,1.207633191720e+01  ,1.138733211133e+01  ,1.077275867902e+01  ,1.022108376099e+01  ,9.723195627371e+00  
  4.302382173785e-06  ,7.923573044702e+01  ,5.668752769841e+01  ,4.413423308081e+01  ,3.613492651124e+01  ,3.059154405377e+01  ,2.652337105733e+01  ,2.341059460136e+01  ,2.095200475084e+01  ,1.896080309518e+01  ,1.731538507714e+01  ,1.593282539325e+01  ,1.475478832541e+01  ,1.373900339915e+01  ,1.285410818665e+01  ,1.207633191720e+01  ,1.138733211133e+01  ,1.077275867902e+01  ,1.022108376099e+01  ,9.723195627371e+00  
  4.303382227966e-06  ,7.923573044702e+01  ,5.668752769841e+01  ,4.413423308081e+01  ,3.613492651124e+01  ,3.059154405377e+01  ,2.652337105733e+01  ,2.341059460136e+01  ,2.095200475084e+01  ,1.896080309518e+01  ,1.731538507714e+01  ,1.593282539325e+01  ,1.475478832541e+01  ,1.373900339915e+01  ,1.285410818665e+01  ,1.207633191720e+01  ,1.138733211133e+01  ,1.077275867902e+01  ,1.022108376099e+01  ,9.723195627371e+00  
  4.304382282146e-06  ,7.923573044702e+01  ,5.668752769841e+01  ,4.413423308081e+01  ,3.613492651124e+01  ,3.059154405377e+01  ,2.652337105733e+01  ,2.341059460136e+01  ,2.095200475084e+01  ,1.896080309518e+01  ,1.731538507714e+01  ,1.593282539325e+01  ,1.475478832541e+01  ,1.373900339915e+01  ,1.285410818665e+01  ,1.207633191720e+01  ,1.138733211133e+01  ,1.077275867902e+01  ,1.022108376099e+01  ,9.723195627371e+00  
  4.305382336327e-06  ,7.923573044702e+01  ,5.668752769841e+01  ,4.413423308081e+01  ,3.613492651124e+01  ,3.059154405377e+01  ,2.652337105733e+01  ,2.341059460136e+01  ,2.095200475084e+01  ,1.896080309518e+01  ,1.731538507714e+01  ,1.593282539325e+01  ,1.475478832541e+01  ,1.373900339915e+01  ,1.285410818665e+01  ,1.207633191720e+01  ,1.138733211133e+01  ,1.077275867902e+01  ,1.022108376099e+01  ,9.723195627371e+00  
  4.306382390508e-06  ,7.923573044702e+01  ,5.668752769841e+01  ,4.413423308081e+01  ,3.613492651124e+01  ,3.059154405377e+01  ,2.652337105733e+01  ,2.341059460136e+01  ,2.095200475084e+01  ,1.896080309518e+01  ,1.731538507714e+01  ,1.593282539325e+01  ,1.475478832541e+01  ,1.373900339915e+01  ,1.285410818665e+01  ,1.207633191720e+01  ,1.138733211133e+01  ,1.077275867902e+01  ,1.022108376099e+01  ,9.723195627371e+00  
  4.307382444688e-06  ,7.923573044702e+01  ,5.668752769841e+01  ,4.413423308081e+01  ,3.613492651124e+01  ,3.059154405377e+01  ,2.652337105733e+01  ,2.341059460136e+01  ,2.095200475084e+01  ,1.896080309518e+01  ,1.731538507714e+01  ,1.593282539325e+01  ,1.475478832541e+01  ,1.373900339915e+01  ,1.285410818665e+01  ,1.207633191720e+01  ,1.138733211133e+01  ,1.077275867902e+01  ,1.022108376099e+01  ,9.723195627371e+00  
  4.308382498869e-06  ,7.923573044702e+01  ,5.668752769841e+01  ,4.413423308081e+01  ,3.613492651124e+01  ,3.059154405377e+01  ,2.652337105733e+01  ,2.341059460136e+01  ,2.095200475084e+01  ,1.896080309518e+01  ,1.731538507714e+01  ,1.593282539325e+01  ,1.475478832541e+01  ,1.373900339915e+01  ,1.285410818665e+01  ,1.207633191720e+01  ,1.138733211133e+01  ,1.077275867902e+01  ,1.022108376099e+01  ,9.723195627371e+00  
  4.309382553050e-06  ,7.923573044702e+01  ,5.668752769841e+01  ,4.413423308081e+01  ,3.613492651124e+01  ,3.059154405377e+01  ,2.652337105733e+01  ,2.341059460136e+01  ,2.095200475084e+01  ,1.896080309518e+01  ,1.731538507714e+01  ,1.593282539325e+01  ,1.475478832541e+01  ,1.373900339915e+01  ,1.285410818665e+01  ,1.207633191720e+01  ,1.138733211133e+01  ,1.077275867902e+01  ,1.022108376099e+01  ,9.723195627371e+00  
  4.310382607230e-06  ,7.923573044702e+01  ,5.668752769841e+01  ,4.413423308081e+01  ,3.613492651124e+01  ,3.059154405377e+01  ,2.652337105733e+01  ,2.341059460136e+01  ,2.095200475084e+01  ,1.896080309518e+01  ,1.731538507714e+01  ,1.593282539325e+01  ,1.475478832541e+01  ,1.373900339915e+01  ,1.285410818665e+01  ,1.207633191720e+01  ,1.138733211133e+01  ,1.077275867902e+01  ,1.022108376099e+01  ,9.723195627371e+00  
  4.311382661411e-06  ,7.923573044702e+01  ,5.668752769841e+01  ,4.413423308081e+01  ,3.613492651124e+01  ,3.059154405377e+01  ,2.652337105733e+01  ,2.341059460136e+01  ,2.095200475084e+01  ,1.896080309518e+01  ,1.731538507714e+01  ,1.593282539325e+01  ,1.475478832541e+01  ,1.373900339915e+01  ,1.285410818665e+01  ,1.207633191720e+01  ,1.138733211133e+01  ,1.077275867902e+01  ,1.022108376099e+01  ,9.723195627371e+00  
  4.312382715591e-06  ,7.923573044702e+01  ,5.668752769841e+01  ,4.413423308081e+01  ,3.613492651124e+01  ,3.059154405377e+01  ,2.652337105733e+01  ,2.341059460136e+01  ,2.095200475084e+01  ,1.896080309518e+01  ,1.731538507714e+01  ,1.593282539325e+01  ,1.475478832541e+01  ,1.373900339915e+01  ,1.285410818665e+01  ,1.207633191720e+01  ,1.138733211133e+01  ,1.077275867902e+01  ,1.022108376099e+01  ,9.723195627371e+00  
  4.313382769772e-06  ,7.923573044702e+01  ,5.668752769841e+01  ,4.413423308081e+01  ,3.613492651124e+01  ,3.059154405377e+01  ,2.652337105733e+01  ,2.341059460136e+01  ,2.095200475084e+01  ,1.896080309518e+01  ,1.731538507714e+01  ,1.593282539325e+01  ,1.475478832541e+01  ,1.373900339915e+01  ,1.285410818665e+01  ,1.207633191720e+01  ,1.138733211133e+01  ,1.077275867902e+01  ,1.022108376099e+01  ,9.723195627371e+00  
  4.314382823953e-06  ,7.923573044702e+01  ,5.668752769841e+01  ,4.413423308081e+01  ,3.613492651124e+01  ,3.059154405377e+01  ,2.652337105733e+01  ,2.341059460136e+01  ,2.095200475084e+01  ,1.896080309518e+01  ,1.731538507714e+01  ,1.593282539325e+01  ,1.475478832541e+01  ,1.373900339915e+01  ,1.285410818665e+01  ,1.207633191720e+01  ,1.138733211133e+01  ,1.077275867902e+01  ,1.022108376099e+01  ,9.723195627371e+00  
  4.315382878133e-06  ,7.923573044702e+01  ,5.668752769841e+01  ,4.413423308081e+01  ,3.613492651124e+01  ,3.059154405377e+01  ,2.652337105733e+01  ,2.341059460136e+01  ,2.095200475084e+01  ,1.896080309518e+01  ,1.731538507714e+01  ,1.593282539325e+01  ,1.475478832541e+01  ,1.373900339915e+01  ,1.285410818665e+01  ,1.207633191720e+01  ,1.138733211133e+01  ,1.077275867902e+01  ,1.022108376099e+01  ,9.723195627371e+00  
  4.316382932314e-06  ,7.923573044702e+01  ,5.668752769841e+01  ,4.413423308081e+01  ,3.613492651124e+01  ,3.059154405377e+01  ,2.652337105733e+01  ,2.341059460136e+01  ,2.095200475084e+01  ,1.896080309518e+01  ,1.731538507714e+01  ,1.593282539325e+01  ,1.475478832541e+01  ,1.373900339915e+01  ,1.285410818665e+01  ,1.207633191720e+01  ,1.138733211133e+01  ,1.077275867902e+01  ,1.022108376099e+01  ,9.723195627371e+00  
  4.317382986494e-06  ,7.923573044702e+01  ,5.668752769841e+01  ,4.413423308081e+01  ,3.613492651124e+01  ,3.059154405377e+01  ,2.652337105733e+01  ,2.341059460136e+01  ,2.095200475084e+01  ,1.896080309518e+01  ,1.731538507714e+01  ,1.593282539325e+01  ,1.475478832541e+01  ,1.373900339915e+01  ,1.285410818665e+01  ,1.207633191720e+01  ,1.138733211133e+01  ,1.077275867902e+01  ,1.022108376099e+01  ,9.723195627371e+00  
  4.318383040675e-06  ,7.923573044702e+01  ,5.668752769841e+01  ,4.413423308081e+01  ,3.613492651124e+01  ,3.059154405377e+01  ,2.652337105733e+01  ,2.341059460136e+01  ,2.095200475084e+01  ,1.896080309518e+01  ,1.731538507714e+01  ,1.593282539325e+01  ,1.475478832541e+01  ,1.373900339915e+01  ,1.285410818665e+01  ,1.207633191720e+01  ,1.138733211133e+01  ,1.077275867902e+01  ,1.022108376099e+01  ,9.723195627371e+00  
  4.319383094856e-06  ,7.923573044702e+01  ,5.668752769841e+01  ,4.413423308081e+01  ,3.613492651124e+01  ,3.059154405377e+01  ,2.652337105733e+01  ,2.341059460136e+01  ,2.095200475084e+01  ,1.896080309518e+01  ,1.731538507714e+01  ,1.593282539325e+01  ,1.475478832541e+01  ,1.373900339915e+01  ,1.285410818665e+01  ,1.207633191720e+01  ,1.138733211133e+01  ,1.077275867902e+01  ,1.022108376099e+01  ,9.723195627371e+00  
  4.320383149036e-06  ,7.923573044702e+01  ,5.668752769841e+01  ,4.413423308081e+01  ,3.613492651124e+01  ,3.059154405377e+01  ,2.652337105733e+01  ,2.341059460136e+01  ,2.095200475084e+01  ,1.896080309518e+01  ,1.731538507714e+01  ,1.593282539325e+01  ,1.475478832541e+01  ,1.373900339915e+01  ,1.285410818665e+01  ,1.207633191720e+01  ,1.138733211133e+01  ,1.077275867902e+01  ,1.022108376099e+01  ,9.723195627371e+00  
  4.321383203217e-06  ,7.923573044702e+01  ,5.668752769841e+01  ,4.413423308081e+01  ,3.613492651124e+01  ,3.059154405377e+01  ,2.652337105733e+01  ,2.341059460136e+01  ,2.095200475084e+01  ,1.896080309518e+01  ,1.731538507714e+01  ,1.593282539325e+01  ,1.475478832541e+01  ,1.373900339915e+01  ,1.285410818665e+01  ,1.207633191720e+01  ,1.138733211133e+01  ,1.077275867902e+01  ,1.022108376099e+01  ,9.723195627371e+00  
  4.322383257398e-06  ,7.923573044702e+01  ,5.668752769841e+01  ,4.413423308081e+01  ,3.613492651124e+01  ,3.059154405377e+01  ,2.652337105733e+01  ,2.341059460136e+01  ,2.095200475084e+01  ,1.896080309518e+01  ,1.731538507714e+01  ,1.593282539325e+01  ,1.475478832541e+01  ,1.373900339915e+01  ,1.285410818665e+01  ,1.207633191720e+01  ,1.138733211133e+01  ,1.077275867902e+01  ,1.022108376099e+01  ,9.723195627371e+00  
  4.323383311578e-06  ,7.923573044702e+01  ,5.668752769841e+01  ,4.413423308081e+01  ,3.613492651124e+01  ,3.059154405377e+01  ,2.652337105733e+01  ,2.341059460136e+01  ,2.095200475084e+01  ,1.896080309518e+01  ,1.731538507714e+01  ,1.593282539325e+01  ,1.475478832541e+01  ,1.373900339915e+01  ,1.285410818665e+01  ,1.207633191720e+01  ,1.138733211133e+01  ,1.077275867902e+01  ,1.022108376099e+01  ,9.723195627371e+00  
  4.324383365759e-06  ,7.923573044702e+01  ,5.668752769841e+01  ,4.413423308081e+01  ,3.613492651124e+01  ,3.059154405377e+01  ,2.652337105733e+01  ,2.341059460136e+01  ,2.095200475084e+01  ,1.896080309518e+01  ,1.731538507714e+01  ,1.593282539325e+01  ,1.475478832541e+01  ,1.373900339915e+01  ,1.285410818665e+01  ,1.207633191720e+01  ,1.138733211133e+01  ,1.077275867902e+01  ,1.022108376099e+01  ,9.723195627371e+00  
  4.325383419939e-06  ,7.923573044702e+01  ,5.668752769841e+01  ,4.413423308081e+01  ,3.613492651124e+01  ,3.059154405377e+01  ,2.652337105733e+01  ,2.341059460136e+01  ,2.095200475084e+01  ,1.896080309518e+01  ,1.731538507714e+01  ,1.593282539325e+01  ,1.475478832541e+01  ,1.373900339915e+01  ,1.285410818665e+01  ,1.207633191720e+01  ,1.138733211133e+01  ,1.077275867902e+01  ,1.022108376099e+01  ,9.723195627371e+00  
  4.326383474120e-06  ,7.923573044702e+01  ,5.668752769841e+01  ,4.413423308081e+01  ,3.613492651124e+01  ,3.059154405377e+01  ,2.652337105733e+01  ,2.341059460136e+01  ,2.095200475084e+01  ,1.896080309518e+01  ,1.731538507714e+01  ,1.593282539325e+01  ,1.475478832541e+01  ,1.373900339915e+01  ,1.285410818665e+01  ,1.207633191720e+01  ,1.138733211133e+01  ,1.077275867902e+01  ,1.022108376099e+01  ,9.723195627371e+00  
  4.327383528301e-06  ,7.923573044702e+01  ,5.668752769841e+01  ,4.413423308081e+01  ,3.613492651124e+01  ,3.059154405377e+01  ,2.652337105733e+01  ,2.341059460136e+01  ,2.095200475084e+01  ,1.896080309518e+01  ,1.731538507714e+01  ,1.593282539325e+01  ,1.475478832541e+01  ,1.373900339915e+01  ,1.285410818665e+01  ,1.207633191720e+01  ,1.138733211133e+01  ,1.077275867902e+01  ,1.022108376099e+01  ,9.723195627371e+00  
  4.328383582481e-06  ,7.923573044702e+01  ,5.668752769841e+01  ,4.413423308081e+01  ,3.613492651124e+01  ,3.059154405377e+01  ,2.652337105733e+01  ,2.341059460136e+01  ,2.095200475084e+01  ,1.896080309518e+01  ,1.731538507714e+01  ,1.593282539325e+01  ,1.475478832541e+01  ,1.373900339915e+01  ,1.285410818665e+01  ,1.207633191720e+01  ,1.138733211133e+01  ,1.077275867902e+01  ,1.022108376099e+01  ,9.723195627371e+00  
  4.329383636662e-06  ,7.923573044702e+01  ,5.668752769841e+01  ,4.413423308081e+01  ,3.613492651124e+01  ,3.059154405377e+01  ,2.652337105733e+01  ,2.341059460136e+01  ,2.095200475084e+01  ,1.896080309518e+01  ,1.731538507714e+01  ,1.593282539325e+01  ,1.475478832541e+01  ,1.373900339915e+01  ,1.285410818665e+01  ,1.207633191720e+01  ,1.138733211133e+01  ,1.077275867902e+01  ,1.022108376099e+01  ,9.723195627371e+00  
  4.330383690843e-06  ,7.923573044702e+01  ,5.668752769841e+01  ,4.413423308081e+01  ,3.613492651124e+01  ,3.059154405377e+01  ,2.652337105733e+01  ,2.341059460136e+01  ,2.095200475084e+01  ,1.896080309518e+01  ,1.731538507714e+01  ,1.593282539325e+01  ,1.475478832541e+01  ,1.373900339915e+01  ,1.285410818665e+01  ,1.207633191720e+01  ,1.138733211133e+01  ,1.077275867902e+01  ,1.022108376099e+01  ,9.723195627371e+00  
  4.331383745023e-06  ,7.923573044702e+01  ,5.668752769841e+01  ,4.413423308081e+01  ,3.613492651124e+01  ,3.059154405377e+01  ,2.652337105733e+01  ,2.341059460136e+01  ,2.095200475084e+01  ,1.896080309518e+01  ,1.731538507714e+01  ,1.593282539325e+01  ,1.475478832541e+01  ,1.373900339915e+01  ,1.285410818665e+01  ,1.207633191720e+01  ,1.138733211133e+01  ,1.077275867902e+01  ,1.022108376099e+01  ,9.723195627371e+00  
  4.331987558701e-06  ,7.923573044702e+01  ,5.668752769841e+01  ,4.413423308081e+01  ,3.613492651124e+01  ,3.059154405377e+01  ,2.652337105733e+01  ,2.341059460136e+01  ,2.095200475084e+01  ,1.896080309518e+01  ,1.731538507714e+01  ,1.593282539325e+01  ,1.475478832541e+01  ,1.373900339915e+01  ,1.285410818665e+01  ,1.207633191720e+01  ,1.138733211133e+01  ,1.077275867902e+01  ,1.022108376099e+01  ,9.723195627371e+00  
  4.332237572246e-06  ,7.923573044702e+01  ,5.668752769841e+01  ,4.413423308081e+01  ,3.613492651124e+01  ,3.059154405377e+01  ,2.652337105733e+01  ,2.341059460136e+01  ,2.095200475084e+01  ,1.896080309518e+01  ,1.731538507714e+01  ,1.593282539325e+01  ,1.475478832541e+01  ,1.373900339915e+01  ,1.285410818665e+01  ,1.207633191720e+01  ,1.138733211133e+01  ,1.077275867902e+01  ,1.022108376099e+01  ,9.723195627371e+00  
  4.332737599337e-06  ,7.923573044702e+01  ,5.668752769841e+01  ,4.413423308081e+01  ,3.613492651124e+01  ,3.059154405377e+01  ,2.652337105733e+01  ,2.341059460136e+01  ,2.095200475084e+01  ,1.896080309518e+01  ,1.731538507714e+01  ,1.593282539325e+01  ,1.475478832541e+01  ,1.373900339915e+01  ,1.285410818665e+01  ,1.207633191720e+01  ,1.138733211133e+01  ,1.077275867902e+01  ,1.022108376099e+01  ,9.723195627371e+00  
  4.333737653517e-06  ,7.923573044702e+01  ,5.668752769841e+01  ,4.413423308081e+01  ,3.613492651124e+01  ,3.059154405377e+01  ,2.652337105733e+01  ,2.341059460136e+01  ,2.095200475084e+01  ,1.896080309518e+01  ,1.731538507714e+01  ,1.593282539325e+01  ,1.475478832541e+01  ,1.373900339915e+01  ,1.285410818665e+01  ,1.207633191720e+01  ,1.138733211133e+01  ,1.077275867902e+01  ,1.022108376099e+01  ,9.723195627371e+00  
  4.334737707698e-06  ,7.923573044702e+01  ,5.668752769841e+01  ,4.413423308081e+01  ,3.613492651124e+01  ,3.059154405377e+01  ,2.652337105733e+01  ,2.341059460136e+01  ,2.095200475084e+01  ,1.896080309518e+01  ,1.731538507714e+01  ,1.593282539325e+01  ,1.475478832541e+01  ,1.373900339915e+01  ,1.285410818665e+01  ,1.207633191720e+01  ,1.138733211133e+01  ,1.077275867902e+01  ,1.022108376099e+01  ,9.723195627371e+00  
  4.335737761879e-06  ,7.923573044702e+01  ,5.668752769841e+01  ,4.413423308081e+01  ,3.613492651124e+01  ,3.059154405377e+01  ,2.652337105733e+01  ,2.341059460136e+01  ,2.095200475084e+01  ,1.896080309518e+01  ,1.731538507714e+01  ,1.593282539325e+01  ,1.475478832541e+01  ,1.373900339915e+01  ,1.285410818665e+01  ,1.207633191720e+01  ,1.138733211133e+01  ,1.077275867902e+01  ,1.022108376099e+01  ,9.723195627371e+00  
  4.336737816059e-06  ,7.923573044702e+01  ,5.668752769841e+01  ,4.413423308081e+01  ,3.613492651124e+01  ,3.059154405377e+01  ,2.652337105733e+01  ,2.341059460136e+01  ,2.095200475084e+01  ,1.896080309518e+01  ,1.731538507714e+01  ,1.593282539325e+01  ,1.475478832541e+01  ,1.373900339915e+01  ,1.285410818665e+01  ,1.207633191720e+01  ,1.138733211133e+01  ,1.077275867902e+01  ,1.022108376099e+01  ,9.723195627371e+00  
  4.337737870240e-06  ,7.923573044702e+01  ,5.668752769841e+01  ,4.413423308081e+01  ,3.613492651124e+01  ,3.059154405377e+01  ,2.652337105733e+01  ,2.341059460136e+01  ,2.095200475084e+01  ,1.896080309518e+01  ,1.731538507714e+01  ,1.593282539325e+01  ,1.475478832541e+01  ,1.373900339915e+01  ,1.285410818665e+01  ,1.207633191720e+01  ,1.138733211133e+01  ,1.077275867902e+01  ,1.022108376099e+01  ,9.723195627371e+00  
  4.338737924420e-06  ,7.923573044702e+01  ,5.668752769841e+01  ,4.413423308081e+01  ,3.613492651124e+01  ,3.059154405377e+01  ,2.652337105733e+01  ,2.341059460136e+01  ,2.095200475084e+01  ,1.896080309518e+01  ,1.731538507714e+01  ,1.593282539325e+01  ,1.475478832541e+01  ,1.373900339915e+01  ,1.285410818665e+01  ,1.207633191720e+01  ,1.138733211133e+01  ,1.077275867902e+01  ,1.022108376099e+01  ,9.723195627371e+00  
  4.339737978601e-06  ,7.923573044702e+01  ,5.668752769841e+01  ,4.413423308081e+01  ,3.613492651124e+01  ,3.059154405377e+01  ,2.652337105733e+01  ,2.341059460136e+01  ,2.095200475084e+01  ,1.896080309518e+01  ,1.731538507714e+01  ,1.593282539325e+01  ,1.475478832541e+01  ,1.373900339915e+01  ,1.285410818665e+01  ,1.207633191720e+01  ,1.138733211133e+01  ,1.077275867902e+01  ,1.022108376099e+01  ,9.723195627371e+00  
  4.340738032782e-06  ,7.923573044702e+01  ,5.668752769841e+01  ,4.413423308081e+01  ,3.613492651124e+01  ,3.059154405377e+01  ,2.652337105733e+01  ,2.341059460136e+01  ,2.095200475084e+01  ,1.896080309518e+01  ,1.731538507714e+01  ,1.593282539325e+01  ,1.475478832541e+01  ,1.373900339915e+01  ,1.285410818665e+01  ,1.207633191720e+01  ,1.138733211133e+01  ,1.077275867902e+01  ,1.022108376099e+01  ,9.723195627371e+00  
  4.341738086962e-06  ,7.923573044702e+01  ,5.668752769841e+01  ,4.413423308081e+01  ,3.613492651124e+01  ,3.059154405377e+01  ,2.652337105733e+01  ,2.341059460136e+01  ,2.095200475084e+01  ,1.896080309518e+01  ,1.731538507714e+01  ,1.593282539325e+01  ,1.475478832541e+01  ,1.373900339915e+01  ,1.285410818665e+01  ,1.207633191720e+01  ,1.138733211133e+01  ,1.077275867902e+01  ,1.022108376099e+01  ,9.723195627371e+00  
  4.342738141143e-06  ,7.923573044702e+01  ,5.668752769841e+01  ,4.413423308081e+01  ,3.613492651124e+01  ,3.059154405377e+01  ,2.652337105733e+01  ,2.341059460136e+01  ,2.095200475084e+01  ,1.896080309518e+01  ,1.731538507714e+01  ,1.593282539325e+01  ,1.475478832541e+01  ,1.373900339915e+01  ,1.285410818665e+01  ,1.207633191720e+01  ,1.138733211133e+01  ,1.077275867902e+01  ,1.022108376099e+01  ,9.723195627371e+00  
  4.343738195324e-06  ,7.923573044702e+01  ,5.668752769841e+01  ,4.413423308081e+01  ,3.613492651124e+01  ,3.059154405377e+01  ,2.652337105733e+01  ,2.341059460136e+01  ,2.095200475084e+01  ,1.896080309518e+01  ,1.731538507714e+01  ,1.593282539325e+01  ,1.475478832541e+01  ,1.373900339915e+01  ,1.285410818665e+01  ,1.207633191720e+01  ,1.138733211133e+01  ,1.077275867902e+01  ,1.022108376099e+01  ,9.723195627371e+00  
  4.344738249504e-06  ,7.923573044702e+01  ,5.668752769841e+01  ,4.413423308081e+01  ,3.613492651124e+01  ,3.059154405377e+01  ,2.652337105733e+01  ,2.341059460136e+01  ,2.095200475084e+01  ,1.896080309518e+01  ,1.731538507714e+01  ,1.593282539325e+01  ,1.475478832541e+01  ,1.373900339915e+01  ,1.285410818665e+01  ,1.207633191720e+01  ,1.138733211133e+01  ,1.077275867902e+01  ,1.022108376099e+01  ,9.723195627371e+00  
  4.345738303685e-06  ,7.923573044702e+01  ,5.668752769841e+01  ,4.413423308081e+01  ,3.613492651124e+01  ,3.059154405377e+01  ,2.652337105733e+01  ,2.341059460136e+01  ,2.095200475084e+01  ,1.896080309518e+01  ,1.731538507714e+01  ,1.593282539325e+01  ,1.475478832541e+01  ,1.373900339915e+01  ,1.285410818665e+01  ,1.207633191720e+01  ,1.138733211133e+01  ,1.077275867902e+01  ,1.022108376099e+01  ,9.723195627371e+00  
  4.346738357865e-06  ,7.923573044702e+01  ,5.668752769841e+01  ,4.413423308081e+01  ,3.613492651124e+01  ,3.059154405377e+01  ,2.652337105733e+01  ,2.341059460136e+01  ,2.095200475084e+01  ,1.896080309518e+01  ,1.731538507714e+01  ,1.593282539325e+01  ,1.475478832541e+01  ,1.373900339915e+01  ,1.285410818665e+01  ,1.207633191720e+01  ,1.138733211133e+01  ,1.077275867902e+01  ,1.022108376099e+01  ,9.723195627371e+00  
  4.347738412046e-06  ,7.923573044702e+01  ,5.668752769841e+01  ,4.413423308081e+01  ,3.613492651124e+01  ,3.059154405377e+01  ,2.652337105733e+01  ,2.341059460136e+01  ,2.095200475084e+01  ,1.896080309518e+01  ,1.731538507714e+01  ,1.593282539325e+01  ,1.475478832541e+01  ,1.373900339915e+01  ,1.285410818665e+01  ,1.207633191720e+01  ,1.138733211133e+01  ,1.077275867902e+01  ,1.022108376099e+01  ,9.723195627371e+00  
  4.348738466227e-06  ,7.923573044702e+01  ,5.668752769841e+01  ,4.413423308081e+01  ,3.613492651124e+01  ,3.059154405377e+01  ,2.652337105733e+01  ,2.341059460136e+01  ,2.095200475084e+01  ,1.896080309518e+01  ,1.731538507714e+01  ,1.593282539325e+01  ,1.475478832541e+01  ,1.373900339915e+01  ,1.285410818665e+01  ,1.207633191720e+01  ,1.138733211133e+01  ,1.077275867902e+01  ,1.022108376099e+01  ,9.723195627371e+00  
  4.349738520407e-06  ,7.923573044702e+01  ,5.668752769841e+01  ,4.413423308081e+01  ,3.613492651124e+01  ,3.059154405377e+01  ,2.652337105733e+01  ,2.341059460136e+01  ,2.095200475084e+01  ,1.896080309518e+01  ,1.731538507714e+01  ,1.593282539325e+01  ,1.475478832541e+01  ,1.373900339915e+01  ,1.285410818665e+01  ,1.207633191720e+01  ,1.138733211133e+01  ,1.077275867902e+01  ,1.022108376099e+01  ,9.723195627371e+00  
  4.350738574588e-06  ,7.923573044702e+01  ,5.668752769841e+01  ,4.413423308081e+01  ,3.613492651124e+01  ,3.059154405377e+01  ,2.652337105733e+01  ,2.341059460136e+01  ,2.095200475084e+01  ,1.896080309518e+01  ,1.731538507714e+01  ,1.593282539325e+01  ,1.475478832541e+01  ,1.373900339915e+01  ,1.285410818665e+01  ,1.207633191720e+01  ,1.138733211133e+01  ,1.077275867902e+01  ,1.022108376099e+01  ,9.723195627371e+00  
  4.351738628769e-06  ,7.923573044702e+01  ,5.668752769841e+01  ,4.413423308081e+01  ,3.613492651124e+01  ,3.059154405377e+01  ,2.652337105733e+01  ,2.341059460136e+01  ,2.095200475084e+01  ,1.896080309518e+01  ,1.731538507714e+01  ,1.593282539325e+01  ,1.475478832541e+01  ,1.373900339915e+01  ,1.285410818665e+01  ,1.207633191720e+01  ,1.138733211133e+01  ,1.077275867902e+01  ,1.022108376099e+01  ,9.723195627371e+00  
  4.352738682949e-06  ,7.923573044702e+01  ,5.668752769841e+01  ,4.413423308081e+01  ,3.613492651124e+01  ,3.059154405377e+01  ,2.652337105733e+01  ,2.341059460136e+01  ,2.095200475084e+01  ,1.896080309518e+01  ,1.731538507714e+01  ,1.593282539325e+01  ,1.475478832541e+01  ,1.373900339915e+01  ,1.285410818665e+01  ,1.207633191720e+01  ,1.138733211133e+01  ,1.077275867902e+01  ,1.022108376099e+01  ,9.723195627371e+00  
  4.353738737130e-06  ,7.923573044702e+01  ,5.668752769841e+01  ,4.413423308081e+01  ,3.613492651124e+01  ,3.059154405377e+01  ,2.652337105733e+01  ,2.341059460136e+01  ,2.095200475084e+01  ,1.896080309518e+01  ,1.731538507714e+01  ,1.593282539325e+01  ,1.475478832541e+01  ,1.373900339915e+01  ,1.285410818665e+01  ,1.207633191720e+01  ,1.138733211133e+01  ,1.077275867902e+01  ,1.022108376099e+01  ,9.723195627371e+00  
  4.354738791310e-06  ,7.923573044702e+01  ,5.668752769841e+01  ,4.413423308081e+01  ,3.613492651124e+01  ,3.059154405377e+01  ,2.652337105733e+01  ,2.341059460136e+01  ,2.095200475084e+01  ,1.896080309518e+01  ,1.731538507714e+01  ,1.593282539325e+01  ,1.475478832541e+01  ,1.373900339915e+01  ,1.285410818665e+01  ,1.207633191720e+01  ,1.138733211133e+01  ,1.077275867902e+01  ,1.022108376099e+01  ,9.723195627371e+00  
  4.355738845491e-06  ,7.923573044702e+01  ,5.668752769841e+01  ,4.413423308081e+01  ,3.613492651124e+01  ,3.059154405377e+01  ,2.652337105733e+01  ,2.341059460136e+01  ,2.095200475084e+01  ,1.896080309518e+01  ,1.731538507714e+01  ,1.593282539325e+01  ,1.475478832541e+01  ,1.373900339915e+01  ,1.285410818665e+01  ,1.207633191720e+01  ,1.138733211133e+01  ,1.077275867902e+01  ,1.022108376099e+01  ,9.723195627371e+00  
  4.356738899672e-06  ,7.923573044702e+01  ,5.668752769841e+01  ,4.413423308081e+01  ,3.613492651124e+01  ,3.059154405377e+01  ,2.652337105733e+01  ,2.341059460136e+01  ,2.095200475084e+01  ,1.896080309518e+01  ,1.731538507714e+01  ,1.593282539325e+01  ,1.475478832541e+01  ,1.373900339915e+01  ,1.285410818665e+01  ,1.207633191720e+01  ,1.138733211133e+01  ,1.077275867902e+01  ,1.022108376099e+01  ,9.723195627371e+00  
  4.357738953852e-06  ,7.923573044702e+01  ,5.668752769841e+01  ,4.413423308081e+01  ,3.613492651124e+01  ,3.059154405377e+01  ,2.652337105733e+01  ,2.341059460136e+01  ,2.095200475084e+01  ,1.896080309518e+01  ,1.731538507714e+01  ,1.593282539325e+01  ,1.475478832541e+01  ,1.373900339915e+01  ,1.285410818665e+01  ,1.207633191720e+01  ,1.138733211133e+01  ,1.077275867902e+01  ,1.022108376099e+01  ,9.723195627371e+00  
  4.358739008033e-06  ,7.923573044702e+01  ,5.668752769841e+01  ,4.413423308081e+01  ,3.613492651124e+01  ,3.059154405377e+01  ,2.652337105733e+01  ,2.341059460136e+01  ,2.095200475084e+01  ,1.896080309518e+01  ,1.731538507714e+01  ,1.593282539325e+01  ,1.475478832541e+01  ,1.373900339915e+01  ,1.285410818665e+01  ,1.207633191720e+01  ,1.138733211133e+01  ,1.077275867902e+01  ,1.022108376099e+01  ,9.723195627371e+00  
  4.359739062213e-06  ,7.923573044702e+01  ,5.668752769841e+01  ,4.413423308081e+01  ,3.613492651124e+01  ,3.059154405377e+01  ,2.652337105733e+01  ,2.341059460136e+01  ,2.095200475084e+01  ,1.896080309518e+01  ,1.731538507714e+01  ,1.593282539325e+01  ,1.475478832541e+01  ,1.373900339915e+01  ,1.285410818665e+01  ,1.207633191720e+01  ,1.138733211133e+01  ,1.077275867902e+01  ,1.022108376099e+01  ,9.723195627371e+00  
  4.360739116394e-06  ,7.923573044702e+01  ,5.668752769841e+01  ,4.413423308081e+01  ,3.613492651124e+01  ,3.059154405377e+01  ,2.652337105733e+01  ,2.341059460136e+01  ,2.095200475084e+01  ,1.896080309518e+01  ,1.731538507714e+01  ,1.593282539325e+01  ,1.475478832541e+01  ,1.373900339915e+01  ,1.285410818665e+01  ,1.207633191720e+01  ,1.138733211133e+01  ,1.077275867902e+01  ,1.022108376099e+01  ,9.723195627371e+00  
  4.361739170575e-06  ,7.923573044702e+01  ,5.668752769841e+01  ,4.413423308081e+01  ,3.613492651124e+01  ,3.059154405377e+01  ,2.652337105733e+01  ,2.341059460136e+01  ,2.095200475084e+01  ,1.896080309518e+01  ,1.731538507714e+01  ,1.593282539325e+01  ,1.475478832541e+01  ,1.373900339915e+01  ,1.285410818665e+01  ,1.207633191720e+01  ,1.138733211133e+01  ,1.077275867902e+01  ,1.022108376099e+01  ,9.723195627371e+00  
  4.362739224755e-06  ,7.923573044702e+01  ,5.668752769841e+01  ,4.413423308081e+01  ,3.613492651124e+01  ,3.059154405377e+01  ,2.652337105733e+01  ,2.341059460136e+01  ,2.095200475084e+01  ,1.896080309518e+01  ,1.731538507714e+01  ,1.593282539325e+01  ,1.475478832541e+01  ,1.373900339915e+01  ,1.285410818665e+01  ,1.207633191720e+01  ,1.138733211133e+01  ,1.077275867902e+01  ,1.022108376099e+01  ,9.723195627371e+00  
  4.363739278936e-06  ,7.923573044702e+01  ,5.668752769841e+01  ,4.413423308081e+01  ,3.613492651124e+01  ,3.059154405377e+01  ,2.652337105733e+01  ,2.341059460136e+01  ,2.095200475084e+01  ,1.896080309518e+01  ,1.731538507714e+01  ,1.593282539325e+01  ,1.475478832541e+01  ,1.373900339915e+01  ,1.285410818665e+01  ,1.207633191720e+01  ,1.138733211133e+01  ,1.077275867902e+01  ,1.022108376099e+01  ,9.723195627371e+00  
  4.364739333117e-06  ,7.923573044702e+01  ,5.668752769841e+01  ,4.413423308081e+01  ,3.613492651124e+01  ,3.059154405377e+01  ,2.652337105733e+01  ,2.341059460136e+01  ,2.095200475084e+01  ,1.896080309518e+01  ,1.731538507714e+01  ,1.593282539325e+01  ,1.475478832541e+01  ,1.373900339915e+01  ,1.285410818665e+01  ,1.207633191720e+01  ,1.138733211133e+01  ,1.077275867902e+01  ,1.022108376099e+01  ,9.723195627371e+00  
  4.365739387297e-06  ,7.923573044702e+01  ,5.668752769841e+01  ,4.413423308081e+01  ,3.613492651124e+01  ,3.059154405377e+01  ,2.652337105733e+01  ,2.341059460136e+01  ,2.095200475084e+01  ,1.896080309518e+01  ,1.731538507714e+01  ,1.593282539325e+01  ,1.475478832541e+01  ,1.373900339915e+01  ,1.285410818665e+01  ,1.207633191720e+01  ,1.138733211133e+01  ,1.077275867902e+01  ,1.022108376099e+01  ,9.723195627371e+00  
  4.366739441478e-06  ,7.923573044702e+01  ,5.668752769841e+01  ,4.413423308081e+01  ,3.613492651124e+01  ,3.059154405377e+01  ,2.652337105733e+01  ,2.341059460136e+01  ,2.095200475084e+01  ,1.896080309518e+01  ,1.731538507714e+01  ,1.593282539325e+01  ,1.475478832541e+01  ,1.373900339915e+01  ,1.285410818665e+01  ,1.207633191720e+01  ,1.138733211133e+01  ,1.077275867902e+01  ,1.022108376099e+01  ,9.723195627371e+00  
  4.367739495658e-06  ,7.923573044702e+01  ,5.668752769841e+01  ,4.413423308081e+01  ,3.613492651124e+01  ,3.059154405377e+01  ,2.652337105733e+01  ,2.341059460136e+01  ,2.095200475084e+01  ,1.896080309518e+01  ,1.731538507714e+01  ,1.593282539325e+01  ,1.475478832541e+01  ,1.373900339915e+01  ,1.285410818665e+01  ,1.207633191720e+01  ,1.138733211133e+01  ,1.077275867902e+01  ,1.022108376099e+01  ,9.723195627371e+00  
  4.368739549839e-06  ,7.923573044702e+01  ,5.668752769841e+01  ,4.413423308081e+01  ,3.613492651124e+01  ,3.059154405377e+01  ,2.652337105733e+01  ,2.341059460136e+01  ,2.095200475084e+01  ,1.896080309518e+01  ,1.731538507714e+01  ,1.593282539325e+01  ,1.475478832541e+01  ,1.373900339915e+01  ,1.285410818665e+01  ,1.207633191720e+01  ,1.138733211133e+01  ,1.077275867902e+01  ,1.022108376099e+01  ,9.723195627371e+00  
  4.369739604020e-06  ,7.923573044702e+01  ,5.668752769841e+01  ,4.413423308081e+01  ,3.613492651124e+01  ,3.059154405377e+01  ,2.652337105733e+01  ,2.341059460136e+01  ,2.095200475084e+01  ,1.896080309518e+01  ,1.731538507714e+01  ,1.593282539325e+01  ,1.475478832541e+01  ,1.373900339915e+01  ,1.285410818665e+01  ,1.207633191720e+01  ,1.138733211133e+01  ,1.077275867902e+01  ,1.022108376099e+01  ,9.723195627371e+00  
  4.370739658200e-06  ,7.923573044702e+01  ,5.668752769841e+01  ,4.413423308081e+01  ,3.613492651124e+01  ,3.059154405377e+01  ,2.652337105733e+01  ,2.341059460136e+01  ,2.095200475084e+01  ,1.896080309518e+01  ,1.731538507714e+01  ,1.593282539325e+01  ,1.475478832541e+01  ,1.373900339915e+01  ,1.285410818665e+01  ,1.207633191720e+01  ,1.138733211133e+01  ,1.077275867902e+01  ,1.022108376099e+01  ,9.723195627371e+00  
  4.371739712381e-06  ,7.923573044702e+01  ,5.668752769841e+01  ,4.413423308081e+01  ,3.613492651124e+01  ,3.059154405377e+01  ,2.652337105733e+01  ,2.341059460136e+01  ,2.095200475084e+01  ,1.896080309518e+01  ,1.731538507714e+01  ,1.593282539325e+01  ,1.475478832541e+01  ,1.373900339915e+01  ,1.285410818665e+01  ,1.207633191720e+01  ,1.138733211133e+01  ,1.077275867902e+01  ,1.022108376099e+01  ,9.723195627371e+00  
  4.372739766562e-06  ,7.923573044702e+01  ,5.668752769841e+01  ,4.413423308081e+01  ,3.613492651124e+01  ,3.059154405377e+01  ,2.652337105733e+01  ,2.341059460136e+01  ,2.095200475084e+01  ,1.896080309518e+01  ,1.731538507714e+01  ,1.593282539325e+01  ,1.475478832541e+01  ,1.373900339915e+01  ,1.285410818665e+01  ,1.207633191720e+01  ,1.138733211133e+01  ,1.077275867902e+01  ,1.022108376099e+01  ,9.723195627371e+00  
  4.373739820742e-06  ,7.923573044702e+01  ,5.668752769841e+01  ,4.413423308081e+01  ,3.613492651124e+01  ,3.059154405377e+01  ,2.652337105733e+01  ,2.341059460136e+01  ,2.095200475084e+01  ,1.896080309518e+01  ,1.731538507714e+01  ,1.593282539325e+01  ,1.475478832541e+01  ,1.373900339915e+01  ,1.285410818665e+01  ,1.207633191720e+01  ,1.138733211133e+01  ,1.077275867902e+01  ,1.022108376099e+01  ,9.723195627371e+00  
  4.374739874923e-06  ,7.923573044702e+01  ,5.668752769841e+01  ,4.413423308081e+01  ,3.613492651124e+01  ,3.059154405377e+01  ,2.652337105733e+01  ,2.341059460136e+01  ,2.095200475084e+01  ,1.896080309518e+01  ,1.731538507714e+01  ,1.593282539325e+01  ,1.475478832541e+01  ,1.373900339915e+01  ,1.285410818665e+01  ,1.207633191720e+01  ,1.138733211133e+01  ,1.077275867902e+01  ,1.022108376099e+01  ,9.723195627371e+00  
  4.375739929103e-06  ,7.923573044702e+01  ,5.668752769841e+01  ,4.413423308081e+01  ,3.613492651124e+01  ,3.059154405377e+01  ,2.652337105733e+01  ,2.341059460136e+01  ,2.095200475084e+01  ,1.896080309518e+01  ,1.731538507714e+01  ,1.593282539325e+01  ,1.475478832541e+01  ,1.373900339915e+01  ,1.285410818665e+01  ,1.207633191720e+01  ,1.138733211133e+01  ,1.077275867902e+01  ,1.022108376099e+01  ,9.723195627371e+00  
  4.376739983284e-06  ,7.923573044702e+01  ,5.668752769841e+01  ,4.413423308081e+01  ,3.613492651124e+01  ,3.059154405377e+01  ,2.652337105733e+01  ,2.341059460136e+01  ,2.095200475084e+01  ,1.896080309518e+01  ,1.731538507714e+01  ,1.593282539325e+01  ,1.475478832541e+01  ,1.373900339915e+01  ,1.285410818665e+01  ,1.207633191720e+01  ,1.138733211133e+01  ,1.077275867902e+01  ,1.022108376099e+01  ,9.723195627371e+00  
  4.377740037465e-06  ,7.923573044702e+01  ,5.668752769841e+01  ,4.413423308081e+01  ,3.613492651124e+01  ,3.059154405377e+01  ,2.652337105733e+01  ,2.341059460136e+01  ,2.095200475084e+01  ,1.896080309518e+01  ,1.731538507714e+01  ,1.593282539325e+01  ,1.475478832541e+01  ,1.373900339915e+01  ,1.285410818665e+01  ,1.207633191720e+01  ,1.138733211133e+01  ,1.077275867902e+01  ,1.022108376099e+01  ,9.723195627371e+00  
  4.378740091645e-06  ,7.923573044702e+01  ,5.668752769841e+01  ,4.413423308081e+01  ,3.613492651124e+01  ,3.059154405377e+01  ,2.652337105733e+01  ,2.341059460136e+01  ,2.095200475084e+01  ,1.896080309518e+01  ,1.731538507714e+01  ,1.593282539325e+01  ,1.475478832541e+01  ,1.373900339915e+01  ,1.285410818665e+01  ,1.207633191720e+01  ,1.138733211133e+01  ,1.077275867902e+01  ,1.022108376099e+01  ,9.723195627371e+00  
  4.379740145826e-06  ,7.923573044702e+01  ,5.668752769841e+01  ,4.413423308081e+01  ,3.613492651124e+01  ,3.059154405377e+01  ,2.652337105733e+01  ,2.341059460136e+01  ,2.095200475084e+01  ,1.896080309518e+01  ,1.731538507714e+01  ,1.593282539325e+01  ,1.475478832541e+01  ,1.373900339915e+01  ,1.285410818665e+01  ,1.207633191720e+01  ,1.138733211133e+01  ,1.077275867902e+01  ,1.022108376099e+01  ,9.723195627371e+00  
  4.380221336917e-06  ,7.923573044702e+01  ,5.668752769841e+01  ,4.413423308081e+01  ,3.613492651124e+01  ,3.059154405377e+01  ,2.652337105733e+01  ,2.341059460136e+01  ,2.095200475084e+01  ,1.896080309518e+01  ,1.731538507714e+01  ,1.593282539325e+01  ,1.475478832541e+01  ,1.373900339915e+01  ,1.285410818665e+01  ,1.207633191720e+01  ,1.138733211133e+01  ,1.077275867902e+01  ,1.022108376099e+01  ,9.723195627371e+00  
  4.380471350462e-06  ,7.923573044702e+01  ,5.668752769841e+01  ,4.413423308081e+01  ,3.613492651124e+01  ,3.059154405377e+01  ,2.652337105733e+01  ,2.341059460136e+01  ,2.095200475084e+01  ,1.896080309518e+01  ,1.731538507714e+01  ,1.593282539325e+01  ,1.475478832541e+01  ,1.373900339915e+01  ,1.285410818665e+01  ,1.207633191720e+01  ,1.138733211133e+01  ,1.077275867902e+01  ,1.022108376099e+01  ,9.723195627371e+00  
  4.380971377553e-06  ,7.923573044702e+01  ,5.668752769841e+01  ,4.413423308081e+01  ,3.613492651124e+01  ,3.059154405377e+01  ,2.652337105733e+01  ,2.341059460136e+01  ,2.095200475084e+01  ,1.896080309518e+01  ,1.731538507714e+01  ,1.593282539325e+01  ,1.475478832541e+01  ,1.373900339915e+01  ,1.285410818665e+01  ,1.207633191720e+01  ,1.138733211133e+01  ,1.077275867902e+01  ,1.022108376099e+01  ,9.723195627371e+00  
  4.381971431733e-06  ,7.923573044702e+01  ,5.668752769841e+01  ,4.413423308081e+01  ,3.613492651124e+01  ,3.059154405377e+01  ,2.652337105733e+01  ,2.341059460136e+01  ,2.095200475084e+01  ,1.896080309518e+01  ,1.731538507714e+01  ,1.593282539325e+01  ,1.475478832541e+01  ,1.373900339915e+01  ,1.285410818665e+01  ,1.207633191720e+01  ,1.138733211133e+01  ,1.077275867902e+01  ,1.022108376099e+01  ,9.723195627371e+00  
  4.382971485914e-06  ,7.923573044702e+01  ,5.668752769841e+01  ,4.413423308081e+01  ,3.613492651124e+01  ,3.059154405377e+01  ,2.652337105733e+01  ,2.341059460136e+01  ,2.095200475084e+01  ,1.896080309518e+01  ,1.731538507714e+01  ,1.593282539325e+01  ,1.475478832541e+01  ,1.373900339915e+01  ,1.285410818665e+01  ,1.207633191720e+01  ,1.138733211133e+01  ,1.077275867902e+01  ,1.022108376099e+01  ,9.723195627371e+00  
  4.383971540095e-06  ,7.923573044702e+01  ,5.668752769841e+01  ,4.413423308081e+01  ,3.613492651124e+01  ,3.059154405377e+01  ,2.652337105733e+01  ,2.341059460136e+01  ,2.095200475084e+01  ,1.896080309518e+01  ,1.731538507714e+01  ,1.593282539325e+01  ,1.475478832541e+01  ,1.373900339915e+01  ,1.285410818665e+01  ,1.207633191720e+01  ,1.138733211133e+01  ,1.077275867902e+01  ,1.022108376099e+01  ,9.723195627371e+00  
  4.384971594275e-06  ,7.923573044702e+01  ,5.668752769841e+01  ,4.413423308081e+01  ,3.613492651124e+01  ,3.059154405377e+01  ,2.652337105733e+01  ,2.341059460136e+01  ,2.095200475084e+01  ,1.896080309518e+01  ,1.731538507714e+01  ,1.593282539325e+01  ,1.475478832541e+01  ,1.373900339915e+01  ,1.285410818665e+01  ,1.207633191720e+01  ,1.138733211133e+01  ,1.077275867902e+01  ,1.022108376099e+01  ,9.723195627371e+00  
  4.385971648456e-06  ,7.923573044702e+01  ,5.668752769841e+01  ,4.413423308081e+01  ,3.613492651124e+01  ,3.059154405377e+01  ,2.652337105733e+01  ,2.341059460136e+01  ,2.095200475084e+01  ,1.896080309518e+01  ,1.731538507714e+01  ,1.593282539325e+01  ,1.475478832541e+01  ,1.373900339915e+01  ,1.285410818665e+01  ,1.207633191720e+01  ,1.138733211133e+01  ,1.077275867902e+01  ,1.022108376099e+01  ,9.723195627371e+00  
  4.386971702636e-06  ,7.923573044702e+01  ,5.668752769841e+01  ,4.413423308081e+01  ,3.613492651124e+01  ,3.059154405377e+01  ,2.652337105733e+01  ,2.341059460136e+01  ,2.095200475084e+01  ,1.896080309518e+01  ,1.731538507714e+01  ,1.593282539325e+01  ,1.475478832541e+01  ,1.373900339915e+01  ,1.285410818665e+01  ,1.207633191720e+01  ,1.138733211133e+01  ,1.077275867902e+01  ,1.022108376099e+01  ,9.723195627371e+00  
  4.387971756817e-06  ,7.923573044702e+01  ,5.668752769841e+01  ,4.413423308081e+01  ,3.613492651124e+01  ,3.059154405377e+01  ,2.652337105733e+01  ,2.341059460136e+01  ,2.095200475084e+01  ,1.896080309518e+01  ,1.731538507714e+01  ,1.593282539325e+01  ,1.475478832541e+01  ,1.373900339915e+01  ,1.285410818665e+01  ,1.207633191720e+01  ,1.138733211133e+01  ,1.077275867902e+01  ,1.022108376099e+01  ,9.723195627371e+00  
  4.388971810998e-06  ,7.923573044702e+01  ,5.668752769841e+01  ,4.413423308081e+01  ,3.613492651124e+01  ,3.059154405377e+01  ,2.652337105733e+01  ,2.341059460136e+01  ,2.095200475084e+01  ,1.896080309518e+01  ,1.731538507714e+01  ,1.593282539325e+01  ,1.475478832541e+01  ,1.373900339915e+01  ,1.285410818665e+01  ,1.207633191720e+01  ,1.138733211133e+01  ,1.077275867902e+01  ,1.022108376099e+01  ,9.723195627371e+00  
  4.389971865178e-06  ,7.923573044702e+01  ,5.668752769841e+01  ,4.413423308081e+01  ,3.613492651124e+01  ,3.059154405377e+01  ,2.652337105733e+01  ,2.341059460136e+01  ,2.095200475084e+01  ,1.896080309518e+01  ,1.731538507714e+01  ,1.593282539325e+01  ,1.475478832541e+01  ,1.373900339915e+01  ,1.285410818665e+01  ,1.207633191720e+01  ,1.138733211133e+01  ,1.077275867902e+01  ,1.022108376099e+01  ,9.723195627371e+00  
  4.390971919359e-06  ,7.923573044702e+01  ,5.668752769841e+01  ,4.413423308081e+01  ,3.613492651124e+01  ,3.059154405377e+01  ,2.652337105733e+01  ,2.341059460136e+01  ,2.095200475084e+01  ,1.896080309518e+01  ,1.731538507714e+01  ,1.593282539325e+01  ,1.475478832541e+01  ,1.373900339915e+01  ,1.285410818665e+01  ,1.207633191720e+01  ,1.138733211133e+01  ,1.077275867902e+01  ,1.022108376099e+01  ,9.723195627371e+00  
  4.391971973539e-06  ,7.923573044702e+01  ,5.668752769841e+01  ,4.413423308081e+01  ,3.613492651124e+01  ,3.059154405377e+01  ,2.652337105733e+01  ,2.341059460136e+01  ,2.095200475084e+01  ,1.896080309518e+01  ,1.731538507714e+01  ,1.593282539325e+01  ,1.475478832541e+01  ,1.373900339915e+01  ,1.285410818665e+01  ,1.207633191720e+01  ,1.138733211133e+01  ,1.077275867902e+01  ,1.022108376099e+01  ,9.723195627371e+00  
  4.392972027720e-06  ,7.923573044702e+01  ,5.668752769841e+01  ,4.413423308081e+01  ,3.613492651124e+01  ,3.059154405377e+01  ,2.652337105733e+01  ,2.341059460136e+01  ,2.095200475084e+01  ,1.896080309518e+01  ,1.731538507714e+01  ,1.593282539325e+01  ,1.475478832541e+01  ,1.373900339915e+01  ,1.285410818665e+01  ,1.207633191720e+01  ,1.138733211133e+01  ,1.077275867902e+01  ,1.022108376099e+01  ,9.723195627371e+00  
  4.393972081901e-06  ,7.923573044702e+01  ,5.668752769841e+01  ,4.413423308081e+01  ,3.613492651124e+01  ,3.059154405377e+01  ,2.652337105733e+01  ,2.341059460136e+01  ,2.095200475084e+01  ,1.896080309518e+01  ,1.731538507714e+01  ,1.593282539325e+01  ,1.475478832541e+01  ,1.373900339915e+01  ,1.285410818665e+01  ,1.207633191720e+01  ,1.138733211133e+01  ,1.077275867902e+01  ,1.022108376099e+01  ,9.723195627371e+00  
  4.394972136081e-06  ,7.923573044702e+01  ,5.668752769841e+01  ,4.413423308081e+01  ,3.613492651124e+01  ,3.059154405377e+01  ,2.652337105733e+01  ,2.341059460136e+01  ,2.095200475084e+01  ,1.896080309518e+01  ,1.731538507714e+01  ,1.593282539325e+01  ,1.475478832541e+01  ,1.373900339915e+01  ,1.285410818665e+01  ,1.207633191720e+01  ,1.138733211133e+01  ,1.077275867902e+01  ,1.022108376099e+01  ,9.723195627371e+00  
  4.395972190262e-06  ,7.923573044702e+01  ,5.668752769841e+01  ,4.413423308081e+01  ,3.613492651124e+01  ,3.059154405377e+01  ,2.652337105733e+01  ,2.341059460136e+01  ,2.095200475084e+01  ,1.896080309518e+01  ,1.731538507714e+01  ,1.593282539325e+01  ,1.475478832541e+01  ,1.373900339915e+01  ,1.285410818665e+01  ,1.207633191720e+01  ,1.138733211133e+01  ,1.077275867902e+01  ,1.022108376099e+01  ,9.723195627371e+00  
  4.396972244443e-06  ,7.923573044702e+01  ,5.668752769841e+01  ,4.413423308081e+01  ,3.613492651124e+01  ,3.059154405377e+01  ,2.652337105733e+01  ,2.341059460136e+01  ,2.095200475084e+01  ,1.896080309518e+01  ,1.731538507714e+01  ,1.593282539325e+01  ,1.475478832541e+01  ,1.373900339915e+01  ,1.285410818665e+01  ,1.207633191720e+01  ,1.138733211133e+01  ,1.077275867902e+01  ,1.022108376099e+01  ,9.723195627371e+00  
  4.397972298623e-06  ,7.923573044702e+01  ,5.668752769841e+01  ,4.413423308081e+01  ,3.613492651124e+01  ,3.059154405377e+01  ,2.652337105733e+01  ,2.341059460136e+01  ,2.095200475084e+01  ,1.896080309518e+01  ,1.731538507714e+01  ,1.593282539325e+01  ,1.475478832541e+01  ,1.373900339915e+01  ,1.285410818665e+01  ,1.207633191720e+01  ,1.138733211133e+01  ,1.077275867902e+01  ,1.022108376099e+01  ,9.723195627371e+00  
  4.398972352804e-06  ,7.923573044702e+01  ,5.668752769841e+01  ,4.413423308081e+01  ,3.613492651124e+01  ,3.059154405377e+01  ,2.652337105733e+01  ,2.341059460136e+01  ,2.095200475084e+01  ,1.896080309518e+01  ,1.731538507714e+01  ,1.593282539325e+01  ,1.475478832541e+01  ,1.373900339915e+01  ,1.285410818665e+01  ,1.207633191720e+01  ,1.138733211133e+01  ,1.077275867902e+01  ,1.022108376099e+01  ,9.723195627371e+00  
  4.399972406984e-06  ,7.923573044702e+01  ,5.668752769841e+01  ,4.413423308081e+01  ,3.613492651124e+01  ,3.059154405377e+01  ,2.652337105733e+01  ,2.341059460136e+01  ,2.095200475084e+01  ,1.896080309518e+01  ,1.731538507714e+01  ,1.593282539325e+01  ,1.475478832541e+01  ,1.373900339915e+01  ,1.285410818665e+01  ,1.207633191720e+01  ,1.138733211133e+01  ,1.077275867902e+01  ,1.022108376099e+01  ,9.723195627371e+00  
  4.400972461165e-06  ,7.923573044702e+01  ,5.668752769841e+01  ,4.413423308081e+01  ,3.613492651124e+01  ,3.059154405377e+01  ,2.652337105733e+01  ,2.341059460136e+01  ,2.095200475084e+01  ,1.896080309518e+01  ,1.731538507714e+01  ,1.593282539325e+01  ,1.475478832541e+01  ,1.373900339915e+01  ,1.285410818665e+01  ,1.207633191720e+01  ,1.138733211133e+01  ,1.077275867902e+01  ,1.022108376099e+01  ,9.723195627371e+00  
  4.401972515346e-06  ,7.923573044702e+01  ,5.668752769841e+01  ,4.413423308081e+01  ,3.613492651124e+01  ,3.059154405377e+01  ,2.652337105733e+01  ,2.341059460136e+01  ,2.095200475084e+01  ,1.896080309518e+01  ,1.731538507714e+01  ,1.593282539325e+01  ,1.475478832541e+01  ,1.373900339915e+01  ,1.285410818665e+01  ,1.207633191720e+01  ,1.138733211133e+01  ,1.077275867902e+01  ,1.022108376099e+01  ,9.723195627371e+00  
  4.402972569526e-06  ,7.923573044702e+01  ,5.668752769841e+01  ,4.413423308081e+01  ,3.613492651124e+01  ,3.059154405377e+01  ,2.652337105733e+01  ,2.341059460136e+01  ,2.095200475084e+01  ,1.896080309518e+01  ,1.731538507714e+01  ,1.593282539325e+01  ,1.475478832541e+01  ,1.373900339915e+01  ,1.285410818665e+01  ,1.207633191720e+01  ,1.138733211133e+01  ,1.077275867902e+01  ,1.022108376099e+01  ,9.723195627371e+00  
  4.403972623707e-06  ,7.923573044702e+01  ,5.668752769841e+01  ,4.413423308081e+01  ,3.613492651124e+01  ,3.059154405377e+01  ,2.652337105733e+01  ,2.341059460136e+01  ,2.095200475084e+01  ,1.896080309518e+01  ,1.731538507714e+01  ,1.593282539325e+01  ,1.475478832541e+01  ,1.373900339915e+01  ,1.285410818665e+01  ,1.207633191720e+01  ,1.138733211133e+01  ,1.077275867902e+01  ,1.022108376099e+01  ,9.723195627371e+00  
  4.404806511314e-06  ,7.923573044702e+01  ,5.668752769841e+01  ,4.413423308081e+01  ,3.613492651124e+01  ,3.059154405377e+01  ,2.652337105733e+01  ,2.341059460136e+01  ,2.095200475084e+01  ,1.896080309518e+01  ,1.731538507714e+01  ,1.593282539325e+01  ,1.475478832541e+01  ,1.373900339915e+01  ,1.285410818665e+01  ,1.207633191720e+01  ,1.138733211133e+01  ,1.077275867902e+01  ,1.022108376099e+01  ,9.723195627371e+00  
  4.405056524859e-06  ,7.923573044702e+01  ,5.668752769841e+01  ,4.413423308081e+01  ,3.613492651124e+01  ,3.059154405377e+01  ,2.652337105733e+01  ,2.341059460136e+01  ,2.095200475084e+01  ,1.896080309518e+01  ,1.731538507714e+01  ,1.593282539325e+01  ,1.475478832541e+01  ,1.373900339915e+01  ,1.285410818665e+01  ,1.207633191720e+01  ,1.138733211133e+01  ,1.077275867902e+01  ,1.022108376099e+01  ,9.723195627371e+00  
  4.405556551949e-06  ,7.923573044702e+01  ,5.668752769841e+01  ,4.413423308081e+01  ,3.613492651124e+01  ,3.059154405377e+01  ,2.652337105733e+01  ,2.341059460136e+01  ,2.095200475084e+01  ,1.896080309518e+01  ,1.731538507714e+01  ,1.593282539325e+01  ,1.475478832541e+01  ,1.373900339915e+01  ,1.285410818665e+01  ,1.207633191720e+01  ,1.138733211133e+01  ,1.077275867902e+01  ,1.022108376099e+01  ,9.723195627371e+00  
  4.406556606130e-06  ,7.923573044702e+01  ,5.668752769841e+01  ,4.413423308081e+01  ,3.613492651124e+01  ,3.059154405377e+01  ,2.652337105733e+01  ,2.341059460136e+01  ,2.095200475084e+01  ,1.896080309518e+01  ,1.731538507714e+01  ,1.593282539325e+01  ,1.475478832541e+01  ,1.373900339915e+01  ,1.285410818665e+01  ,1.207633191720e+01  ,1.138733211133e+01  ,1.077275867902e+01  ,1.022108376099e+01  ,9.723195627371e+00  
  4.407556660311e-06  ,7.923573044702e+01  ,5.668752769841e+01  ,4.413423308081e+01  ,3.613492651124e+01  ,3.059154405377e+01  ,2.652337105733e+01  ,2.341059460136e+01  ,2.095200475084e+01  ,1.896080309518e+01  ,1.731538507714e+01  ,1.593282539325e+01  ,1.475478832541e+01  ,1.373900339915e+01  ,1.285410818665e+01  ,1.207633191720e+01  ,1.138733211133e+01  ,1.077275867902e+01  ,1.022108376099e+01  ,9.723195627371e+00  
  4.408556714491e-06  ,7.923573044702e+01  ,5.668752769841e+01  ,4.413423308081e+01  ,3.613492651124e+01  ,3.059154405377e+01  ,2.652337105733e+01  ,2.341059460136e+01  ,2.095200475084e+01  ,1.896080309518e+01  ,1.731538507714e+01  ,1.593282539325e+01  ,1.475478832541e+01  ,1.373900339915e+01  ,1.285410818665e+01  ,1.207633191720e+01  ,1.138733211133e+01  ,1.077275867902e+01  ,1.022108376099e+01  ,9.723195627371e+00  
  4.409556768672e-06  ,7.923573044702e+01  ,5.668752769841e+01  ,4.413423308081e+01  ,3.613492651124e+01  ,3.059154405377e+01  ,2.652337105733e+01  ,2.341059460136e+01  ,2.095200475084e+01  ,1.896080309518e+01  ,1.731538507714e+01  ,1.593282539325e+01  ,1.475478832541e+01  ,1.373900339915e+01  ,1.285410818665e+01  ,1.207633191720e+01  ,1.138733211133e+01  ,1.077275867902e+01  ,1.022108376099e+01  ,9.723195627371e+00  
  4.410556822852e-06  ,7.923573044702e+01  ,5.668752769841e+01  ,4.413423308081e+01  ,3.613492651124e+01  ,3.059154405377e+01  ,2.652337105733e+01  ,2.341059460136e+01  ,2.095200475084e+01  ,1.896080309518e+01  ,1.731538507714e+01  ,1.593282539325e+01  ,1.475478832541e+01  ,1.373900339915e+01  ,1.285410818665e+01  ,1.207633191720e+01  ,1.138733211133e+01  ,1.077275867902e+01  ,1.022108376099e+01  ,9.723195627371e+00  
  4.411556877033e-06  ,7.923573044702e+01  ,5.668752769841e+01  ,4.413423308081e+01  ,3.613492651124e+01  ,3.059154405377e+01  ,2.652337105733e+01  ,2.341059460136e+01  ,2.095200475084e+01  ,1.896080309518e+01  ,1.731538507714e+01  ,1.593282539325e+01  ,1.475478832541e+01  ,1.373900339915e+01  ,1.285410818665e+01  ,1.207633191720e+01  ,1.138733211133e+01  ,1.077275867902e+01  ,1.022108376099e+01  ,9.723195627371e+00  
  4.412556931214e-06  ,7.923573044702e+01  ,5.668752769841e+01  ,4.413423308081e+01  ,3.613492651124e+01  ,3.059154405377e+01  ,2.652337105733e+01  ,2.341059460136e+01  ,2.095200475084e+01  ,1.896080309518e+01  ,1.731538507714e+01  ,1.593282539325e+01  ,1.475478832541e+01  ,1.373900339915e+01  ,1.285410818665e+01  ,1.207633191720e+01  ,1.138733211133e+01  ,1.077275867902e+01  ,1.022108376099e+01  ,9.723195627371e+00  
  4.413556985394e-06  ,7.923573044702e+01  ,5.668752769841e+01  ,4.413423308081e+01  ,3.613492651124e+01  ,3.059154405377e+01  ,2.652337105733e+01  ,2.341059460136e+01  ,2.095200475084e+01  ,1.896080309518e+01  ,1.731538507714e+01  ,1.593282539325e+01  ,1.475478832541e+01  ,1.373900339915e+01  ,1.285410818665e+01  ,1.207633191720e+01  ,1.138733211133e+01  ,1.077275867902e+01  ,1.022108376099e+01  ,9.723195627371e+00  
  4.414557039575e-06  ,7.923573044702e+01  ,5.668752769841e+01  ,4.413423308081e+01  ,3.613492651124e+01  ,3.059154405377e+01  ,2.652337105733e+01  ,2.341059460136e+01  ,2.095200475084e+01  ,1.896080309518e+01  ,1.731538507714e+01  ,1.593282539325e+01  ,1.475478832541e+01  ,1.373900339915e+01  ,1.285410818665e+01  ,1.207633191720e+01  ,1.138733211133e+01  ,1.077275867902e+01  ,1.022108376099e+01  ,9.723195627371e+00  
  4.415557093756e-06  ,7.923573044702e+01  ,5.668752769841e+01  ,4.413423308081e+01  ,3.613492651124e+01  ,3.059154405377e+01  ,2.652337105733e+01  ,2.341059460136e+01  ,2.095200475084e+01  ,1.896080309518e+01  ,1.731538507714e+01  ,1.593282539325e+01  ,1.475478832541e+01  ,1.373900339915e+01  ,1.285410818665e+01  ,1.207633191720e+01  ,1.138733211133e+01  ,1.077275867902e+01  ,1.022108376099e+01  ,9.723195627371e+00  
  4.416557147936e-06  ,7.923573044702e+01  ,5.668752769841e+01  ,4.413423308081e+01  ,3.613492651124e+01  ,3.059154405377e+01  ,2.652337105733e+01  ,2.341059460136e+01  ,2.095200475084e+01  ,1.896080309518e+01  ,1.731538507714e+01  ,1.593282539325e+01  ,1.475478832541e+01  ,1.373900339915e+01  ,1.285410818665e+01  ,1.207633191720e+01  ,1.138733211133e+01  ,1.077275867902e+01  ,1.022108376099e+01  ,9.723195627371e+00  
  4.417557202117e-06  ,7.923573044702e+01  ,5.668752769841e+01  ,4.413423308081e+01  ,3.613492651124e+01  ,3.059154405377e+01  ,2.652337105733e+01  ,2.341059460136e+01  ,2.095200475084e+01  ,1.896080309518e+01  ,1.731538507714e+01  ,1.593282539325e+01  ,1.475478832541e+01  ,1.373900339915e+01  ,1.285410818665e+01  ,1.207633191720e+01  ,1.138733211133e+01  ,1.077275867902e+01  ,1.022108376099e+01  ,9.723195627371e+00  
  4.418557256297e-06  ,7.923573044702e+01  ,5.668752769841e+01  ,4.413423308081e+01  ,3.613492651124e+01  ,3.059154405377e+01  ,2.652337105733e+01  ,2.341059460136e+01  ,2.095200475084e+01  ,1.896080309518e+01  ,1.731538507714e+01  ,1.593282539325e+01  ,1.475478832541e+01  ,1.373900339915e+01  ,1.285410818665e+01  ,1.207633191720e+01  ,1.138733211133e+01  ,1.077275867902e+01  ,1.022108376099e+01  ,9.723195627371e+00  
  4.419557310478e-06  ,7.923573044702e+01  ,5.668752769841e+01  ,4.413423308081e+01  ,3.613492651124e+01  ,3.059154405377e+01  ,2.652337105733e+01  ,2.341059460136e+01  ,2.095200475084e+01  ,1.896080309518e+01  ,1.731538507714e+01  ,1.593282539325e+01  ,1.475478832541e+01  ,1.373900339915e+01  ,1.285410818665e+01  ,1.207633191720e+01  ,1.138733211133e+01  ,1.077275867902e+01  ,1.022108376099e+01  ,9.723195627371e+00  
  4.420557364659e-06  ,7.923573044702e+01  ,5.668752769841e+01  ,4.413423308081e+01  ,3.613492651124e+01  ,3.059154405377e+01  ,2.652337105733e+01  ,2.341059460136e+01  ,2.095200475084e+01  ,1.896080309518e+01  ,1.731538507714e+01  ,1.593282539325e+01  ,1.475478832541e+01  ,1.373900339915e+01  ,1.285410818665e+01  ,1.207633191720e+01  ,1.138733211133e+01  ,1.077275867902e+01  ,1.022108376099e+01  ,9.723195627371e+00  
  4.421557418839e-06  ,7.923573044702e+01  ,5.668752769841e+01  ,4.413423308081e+01  ,3.613492651124e+01  ,3.059154405377e+01  ,2.652337105733e+01  ,2.341059460136e+01  ,2.095200475084e+01  ,1.896080309518e+01  ,1.731538507714e+01  ,1.593282539325e+01  ,1.475478832541e+01  ,1.373900339915e+01  ,1.285410818665e+01  ,1.207633191720e+01  ,1.138733211133e+01  ,1.077275867902e+01  ,1.022108376099e+01  ,9.723195627371e+00  
  4.422557473020e-06  ,7.923573044702e+01  ,5.668752769841e+01  ,4.413423308081e+01  ,3.613492651124e+01  ,3.059154405377e+01  ,2.652337105733e+01  ,2.341059460136e+01  ,2.095200475084e+01  ,1.896080309518e+01  ,1.731538507714e+01  ,1.593282539325e+01  ,1.475478832541e+01  ,1.373900339915e+01  ,1.285410818665e+01  ,1.207633191720e+01  ,1.138733211133e+01  ,1.077275867902e+01  ,1.022108376099e+01  ,9.723195627371e+00  
  4.423557527200e-06  ,7.923573044702e+01  ,5.668752769841e+01  ,4.413423308081e+01  ,3.613492651124e+01  ,3.059154405377e+01  ,2.652337105733e+01  ,2.341059460136e+01  ,2.095200475084e+01  ,1.896080309518e+01  ,1.731538507714e+01  ,1.593282539325e+01  ,1.475478832541e+01  ,1.373900339915e+01  ,1.285410818665e+01  ,1.207633191720e+01  ,1.138733211133e+01  ,1.077275867902e+01  ,1.022108376099e+01  ,9.723195627371e+00  
  4.424557581381e-06  ,7.923573044702e+01  ,5.668752769841e+01  ,4.413423308081e+01  ,3.613492651124e+01  ,3.059154405377e+01  ,2.652337105733e+01  ,2.341059460136e+01  ,2.095200475084e+01  ,1.896080309518e+01  ,1.731538507714e+01  ,1.593282539325e+01  ,1.475478832541e+01  ,1.373900339915e+01  ,1.285410818665e+01  ,1.207633191720e+01  ,1.138733211133e+01  ,1.077275867902e+01  ,1.022108376099e+01  ,9.723195627371e+00  
  4.425557635562e-06  ,7.923573044702e+01  ,5.668752769841e+01  ,4.413423308081e+01  ,3.613492651124e+01  ,3.059154405377e+01  ,2.652337105733e+01  ,2.341059460136e+01  ,2.095200475084e+01  ,1.896080309518e+01  ,1.731538507714e+01  ,1.593282539325e+01  ,1.475478832541e+01  ,1.373900339915e+01  ,1.285410818665e+01  ,1.207633191720e+01  ,1.138733211133e+01  ,1.077275867902e+01  ,1.022108376099e+01  ,9.723195627371e+00  
  4.426557689742e-06  ,7.923573044702e+01  ,5.668752769841e+01  ,4.413423308081e+01  ,3.613492651124e+01  ,3.059154405377e+01  ,2.652337105733e+01  ,2.341059460136e+01  ,2.095200475084e+01  ,1.896080309518e+01  ,1.731538507714e+01  ,1.593282539325e+01  ,1.475478832541e+01  ,1.373900339915e+01  ,1.285410818665e+01  ,1.207633191720e+01  ,1.138733211133e+01  ,1.077275867902e+01  ,1.022108376099e+01  ,9.723195627371e+00  
  4.427557743923e-06  ,7.923573044702e+01  ,5.668752769841e+01  ,4.413423308081e+01  ,3.613492651124e+01  ,3.059154405377e+01  ,2.652337105733e+01  ,2.341059460136e+01  ,2.095200475084e+01  ,1.896080309518e+01  ,1.731538507714e+01  ,1.593282539325e+01  ,1.475478832541e+01  ,1.373900339915e+01  ,1.285410818665e+01  ,1.207633191720e+01  ,1.138733211133e+01  ,1.077275867902e+01  ,1.022108376099e+01  ,9.723195627371e+00  
  4.428557798104e-06  ,7.923573044702e+01  ,5.668752769841e+01  ,4.413423308081e+01  ,3.613492651124e+01  ,3.059154405377e+01  ,2.652337105733e+01  ,2.341059460136e+01  ,2.095200475084e+01  ,1.896080309518e+01  ,1.731538507714e+01  ,1.593282539325e+01  ,1.475478832541e+01  ,1.373900339915e+01  ,1.285410818665e+01  ,1.207633191720e+01  ,1.138733211133e+01  ,1.077275867902e+01  ,1.022108376099e+01  ,9.723195627371e+00  
  4.429557852284e-06  ,7.923573044702e+01  ,5.668752769841e+01  ,4.413423308081e+01  ,3.613492651124e+01  ,3.059154405377e+01  ,2.652337105733e+01  ,2.341059460136e+01  ,2.095200475084e+01  ,1.896080309518e+01  ,1.731538507714e+01  ,1.593282539325e+01  ,1.475478832541e+01  ,1.373900339915e+01  ,1.285410818665e+01  ,1.207633191720e+01  ,1.138733211133e+01  ,1.077275867902e+01  ,1.022108376099e+01  ,9.723195627371e+00  
  4.430557906465e-06  ,7.923573044702e+01  ,5.668752769841e+01  ,4.413423308081e+01  ,3.613492651124e+01  ,3.059154405377e+01  ,2.652337105733e+01  ,2.341059460136e+01  ,2.095200475084e+01  ,1.896080309518e+01  ,1.731538507714e+01  ,1.593282539325e+01  ,1.475478832541e+01  ,1.373900339915e+01  ,1.285410818665e+01  ,1.207633191720e+01  ,1.138733211133e+01  ,1.077275867902e+01  ,1.022108376099e+01  ,9.723195627371e+00  
  4.431557960645e-06  ,7.923573044702e+01  ,5.668752769841e+01  ,4.413423308081e+01  ,3.613492651124e+01  ,3.059154405377e+01  ,2.652337105733e+01  ,2.341059460136e+01  ,2.095200475084e+01  ,1.896080309518e+01  ,1.731538507714e+01  ,1.593282539325e+01  ,1.475478832541e+01  ,1.373900339915e+01  ,1.285410818665e+01  ,1.207633191720e+01  ,1.138733211133e+01  ,1.077275867902e+01  ,1.022108376099e+01  ,9.723195627371e+00  
  4.432558014826e-06  ,7.923573044702e+01  ,5.668752769841e+01  ,4.413423308081e+01  ,3.613492651124e+01  ,3.059154405377e+01  ,2.652337105733e+01  ,2.341059460136e+01  ,2.095200475084e+01  ,1.896080309518e+01  ,1.731538507714e+01  ,1.593282539325e+01  ,1.475478832541e+01  ,1.373900339915e+01  ,1.285410818665e+01  ,1.207633191720e+01  ,1.138733211133e+01  ,1.077275867902e+01  ,1.022108376099e+01  ,9.723195627371e+00  
  4.433558069007e-06  ,7.923573044702e+01  ,5.668752769841e+01  ,4.413423308081e+01  ,3.613492651124e+01  ,3.059154405377e+01  ,2.652337105733e+01  ,2.341059460136e+01  ,2.095200475084e+01  ,1.896080309518e+01  ,1.731538507714e+01  ,1.593282539325e+01  ,1.475478832541e+01  ,1.373900339915e+01  ,1.285410818665e+01  ,1.207633191720e+01  ,1.138733211133e+01  ,1.077275867902e+01  ,1.022108376099e+01  ,9.723195627371e+00  
  4.434558123187e-06  ,7.923573044702e+01  ,5.668752769841e+01  ,4.413423308081e+01  ,3.613492651124e+01  ,3.059154405377e+01  ,2.652337105733e+01  ,2.341059460136e+01  ,2.095200475084e+01  ,1.896080309518e+01  ,1.731538507714e+01  ,1.593282539325e+01  ,1.475478832541e+01  ,1.373900339915e+01  ,1.285410818665e+01  ,1.207633191720e+01  ,1.138733211133e+01  ,1.077275867902e+01  ,1.022108376099e+01  ,9.723195627371e+00  
  4.435558177368e-06  ,7.923573044702e+01  ,5.668752769841e+01  ,4.413423308081e+01  ,3.613492651124e+01  ,3.059154405377e+01  ,2.652337105733e+01  ,2.341059460136e+01  ,2.095200475084e+01  ,1.896080309518e+01  ,1.731538507714e+01  ,1.593282539325e+01  ,1.475478832541e+01  ,1.373900339915e+01  ,1.285410818665e+01  ,1.207633191720e+01  ,1.138733211133e+01  ,1.077275867902e+01  ,1.022108376099e+01  ,9.723195627371e+00  
  4.436558231549e-06  ,7.923573044702e+01  ,5.668752769841e+01  ,4.413423308081e+01  ,3.613492651124e+01  ,3.059154405377e+01  ,2.652337105733e+01  ,2.341059460136e+01  ,2.095200475084e+01  ,1.896080309518e+01  ,1.731538507714e+01  ,1.593282539325e+01  ,1.475478832541e+01  ,1.373900339915e+01  ,1.285410818665e+01  ,1.207633191720e+01  ,1.138733211133e+01  ,1.077275867902e+01  ,1.022108376099e+01  ,9.723195627371e+00  
  4.437558285729e-06  ,7.923573044702e+01  ,5.668752769841e+01  ,4.413423308081e+01  ,3.613492651124e+01  ,3.059154405377e+01  ,2.652337105733e+01  ,2.341059460136e+01  ,2.095200475084e+01  ,1.896080309518e+01  ,1.731538507714e+01  ,1.593282539325e+01  ,1.475478832541e+01  ,1.373900339915e+01  ,1.285410818665e+01  ,1.207633191720e+01  ,1.138733211133e+01  ,1.077275867902e+01  ,1.022108376099e+01  ,9.723195627371e+00  
  4.438558339910e-06  ,7.923573044702e+01  ,5.668752769841e+01  ,4.413423308081e+01  ,3.613492651124e+01  ,3.059154405377e+01  ,2.652337105733e+01  ,2.341059460136e+01  ,2.095200475084e+01  ,1.896080309518e+01  ,1.731538507714e+01  ,1.593282539325e+01  ,1.475478832541e+01  ,1.373900339915e+01  ,1.285410818665e+01  ,1.207633191720e+01  ,1.138733211133e+01  ,1.077275867902e+01  ,1.022108376099e+01  ,9.723195627371e+00  
  4.439558394090e-06  ,7.923573044702e+01  ,5.668752769841e+01  ,4.413423308081e+01  ,3.613492651124e+01  ,3.059154405377e+01  ,2.652337105733e+01  ,2.341059460136e+01  ,2.095200475084e+01  ,1.896080309518e+01  ,1.731538507714e+01  ,1.593282539325e+01  ,1.475478832541e+01  ,1.373900339915e+01  ,1.285410818665e+01  ,1.207633191720e+01  ,1.138733211133e+01  ,1.077275867902e+01  ,1.022108376099e+01  ,9.723195627371e+00  
  4.440558448271e-06  ,7.923573044702e+01  ,5.668752769841e+01  ,4.413423308081e+01  ,3.613492651124e+01  ,3.059154405377e+01  ,2.652337105733e+01  ,2.341059460136e+01  ,2.095200475084e+01  ,1.896080309518e+01  ,1.731538507714e+01  ,1.593282539325e+01  ,1.475478832541e+01  ,1.373900339915e+01  ,1.285410818665e+01  ,1.207633191720e+01  ,1.138733211133e+01  ,1.077275867902e+01  ,1.022108376099e+01  ,9.723195627371e+00  
  4.441558502452e-06  ,7.923573044702e+01  ,5.668752769841e+01  ,4.413423308081e+01  ,3.613492651124e+01  ,3.059154405377e+01  ,2.652337105733e+01  ,2.341059460136e+01  ,2.095200475084e+01  ,1.896080309518e+01  ,1.731538507714e+01  ,1.593282539325e+01  ,1.475478832541e+01  ,1.373900339915e+01  ,1.285410818665e+01  ,1.207633191720e+01  ,1.138733211133e+01  ,1.077275867902e+01  ,1.022108376099e+01  ,9.723195627371e+00  
  4.442558556632e-06  ,7.923573044702e+01  ,5.668752769841e+01  ,4.413423308081e+01  ,3.613492651124e+01  ,3.059154405377e+01  ,2.652337105733e+01  ,2.341059460136e+01  ,2.095200475084e+01  ,1.896080309518e+01  ,1.731538507714e+01  ,1.593282539325e+01  ,1.475478832541e+01  ,1.373900339915e+01  ,1.285410818665e+01  ,1.207633191720e+01  ,1.138733211133e+01  ,1.077275867902e+01  ,1.022108376099e+01  ,9.723195627371e+00  
  4.443558610813e-06  ,7.923573044702e+01  ,5.668752769841e+01  ,4.413423308081e+01  ,3.613492651124e+01  ,3.059154405377e+01  ,2.652337105733e+01  ,2.341059460136e+01  ,2.095200475084e+01  ,1.896080309518e+01  ,1.731538507714e+01  ,1.593282539325e+01  ,1.475478832541e+01  ,1.373900339915e+01  ,1.285410818665e+01  ,1.207633191720e+01  ,1.138733211133e+01  ,1.077275867902e+01  ,1.022108376099e+01  ,9.723195627371e+00  
  4.444558664994e-06  ,7.923573044702e+01  ,5.668752769841e+01  ,4.413423308081e+01  ,3.613492651124e+01  ,3.059154405377e+01  ,2.652337105733e+01  ,2.341059460136e+01  ,2.095200475084e+01  ,1.896080309518e+01  ,1.731538507714e+01  ,1.593282539325e+01  ,1.475478832541e+01  ,1.373900339915e+01  ,1.285410818665e+01  ,1.207633191720e+01  ,1.138733211133e+01  ,1.077275867902e+01  ,1.022108376099e+01  ,9.723195627371e+00  
  4.445558719174e-06  ,7.923573044702e+01  ,5.668752769841e+01  ,4.413423308081e+01  ,3.613492651124e+01  ,3.059154405377e+01  ,2.652337105733e+01  ,2.341059460136e+01  ,2.095200475084e+01  ,1.896080309518e+01  ,1.731538507714e+01  ,1.593282539325e+01  ,1.475478832541e+01  ,1.373900339915e+01  ,1.285410818665e+01  ,1.207633191720e+01  ,1.138733211133e+01  ,1.077275867902e+01  ,1.022108376099e+01  ,9.723195627371e+00  
  4.446558773355e-06  ,7.923573044702e+01  ,5.668752769841e+01  ,4.413423308081e+01  ,3.613492651124e+01  ,3.059154405377e+01  ,2.652337105733e+01  ,2.341059460136e+01  ,2.095200475084e+01  ,1.896080309518e+01  ,1.731538507714e+01  ,1.593282539325e+01  ,1.475478832541e+01  ,1.373900339915e+01  ,1.285410818665e+01  ,1.207633191720e+01  ,1.138733211133e+01  ,1.077275867902e+01  ,1.022108376099e+01  ,9.723195627371e+00  
  4.447558827535e-06  ,7.923573044702e+01  ,5.668752769841e+01  ,4.413423308081e+01  ,3.613492651124e+01  ,3.059154405377e+01  ,2.652337105733e+01  ,2.341059460136e+01  ,2.095200475084e+01  ,1.896080309518e+01  ,1.731538507714e+01  ,1.593282539325e+01  ,1.475478832541e+01  ,1.373900339915e+01  ,1.285410818665e+01  ,1.207633191720e+01  ,1.138733211133e+01  ,1.077275867902e+01  ,1.022108376099e+01  ,9.723195627371e+00  
  4.448558881716e-06  ,7.923573044702e+01  ,5.668752769841e+01  ,4.413423308081e+01  ,3.613492651124e+01  ,3.059154405377e+01  ,2.652337105733e+01  ,2.341059460136e+01  ,2.095200475084e+01  ,1.896080309518e+01  ,1.731538507714e+01  ,1.593282539325e+01  ,1.475478832541e+01  ,1.373900339915e+01  ,1.285410818665e+01  ,1.207633191720e+01  ,1.138733211133e+01  ,1.077275867902e+01  ,1.022108376099e+01  ,9.723195627371e+00  
  4.449558935897e-06  ,7.923573044702e+01  ,5.668752769841e+01  ,4.413423308081e+01  ,3.613492651124e+01  ,3.059154405377e+01  ,2.652337105733e+01  ,2.341059460136e+01  ,2.095200475084e+01  ,1.896080309518e+01  ,1.731538507714e+01  ,1.593282539325e+01  ,1.475478832541e+01  ,1.373900339915e+01  ,1.285410818665e+01  ,1.207633191720e+01  ,1.138733211133e+01  ,1.077275867902e+01  ,1.022108376099e+01  ,9.723195627371e+00  
  4.450558990077e-06  ,7.923573044702e+01  ,5.668752769841e+01  ,4.413423308081e+01  ,3.613492651124e+01  ,3.059154405377e+01  ,2.652337105733e+01  ,2.341059460136e+01  ,2.095200475084e+01  ,1.896080309518e+01  ,1.731538507714e+01  ,1.593282539325e+01  ,1.475478832541e+01  ,1.373900339915e+01  ,1.285410818665e+01  ,1.207633191720e+01  ,1.138733211133e+01  ,1.077275867902e+01  ,1.022108376099e+01  ,9.723195627371e+00  
  4.451559044258e-06  ,7.923573044702e+01  ,5.668752769841e+01  ,4.413423308081e+01  ,3.613492651124e+01  ,3.059154405377e+01  ,2.652337105733e+01  ,2.341059460136e+01  ,2.095200475084e+01  ,1.896080309518e+01  ,1.731538507714e+01  ,1.593282539325e+01  ,1.475478832541e+01  ,1.373900339915e+01  ,1.285410818665e+01  ,1.207633191720e+01  ,1.138733211133e+01  ,1.077275867902e+01  ,1.022108376099e+01  ,9.723195627371e+00  
  4.452559098439e-06  ,7.923573044702e+01  ,5.668752769841e+01  ,4.413423308081e+01  ,3.613492651124e+01  ,3.059154405377e+01  ,2.652337105733e+01  ,2.341059460136e+01  ,2.095200475084e+01  ,1.896080309518e+01  ,1.731538507714e+01  ,1.593282539325e+01  ,1.475478832541e+01  ,1.373900339915e+01  ,1.285410818665e+01  ,1.207633191720e+01  ,1.138733211133e+01  ,1.077275867902e+01  ,1.022108376099e+01  ,9.723195627371e+00  
  4.453559152619e-06  ,7.923573044702e+01  ,5.668752769841e+01  ,4.413423308081e+01  ,3.613492651124e+01  ,3.059154405377e+01  ,2.652337105733e+01  ,2.341059460136e+01  ,2.095200475084e+01  ,1.896080309518e+01  ,1.731538507714e+01  ,1.593282539325e+01  ,1.475478832541e+01  ,1.373900339915e+01  ,1.285410818665e+01  ,1.207633191720e+01  ,1.138733211133e+01  ,1.077275867902e+01  ,1.022108376099e+01  ,9.723195627371e+00  
  4.454559206800e-06  ,7.923573044702e+01  ,5.668752769841e+01  ,4.413423308081e+01  ,3.613492651124e+01  ,3.059154405377e+01  ,2.652337105733e+01  ,2.341059460136e+01  ,2.095200475084e+01  ,1.896080309518e+01  ,1.731538507714e+01  ,1.593282539325e+01  ,1.475478832541e+01  ,1.373900339915e+01  ,1.285410818665e+01  ,1.207633191720e+01  ,1.138733211133e+01  ,1.077275867902e+01  ,1.022108376099e+01  ,9.723195627371e+00  
  4.455559260980e-06  ,7.923573044702e+01  ,5.668752769841e+01  ,4.413423308081e+01  ,3.613492651124e+01  ,3.059154405377e+01  ,2.652337105733e+01  ,2.341059460136e+01  ,2.095200475084e+01  ,1.896080309518e+01  ,1.731538507714e+01  ,1.593282539325e+01  ,1.475478832541e+01  ,1.373900339915e+01  ,1.285410818665e+01  ,1.207633191720e+01  ,1.138733211133e+01  ,1.077275867902e+01  ,1.022108376099e+01  ,9.723195627371e+00  
  4.456559315161e-06  ,7.923573044702e+01  ,5.668752769841e+01  ,4.413423308081e+01  ,3.613492651124e+01  ,3.059154405377e+01  ,2.652337105733e+01  ,2.341059460136e+01  ,2.095200475084e+01  ,1.896080309518e+01  ,1.731538507714e+01  ,1.593282539325e+01  ,1.475478832541e+01  ,1.373900339915e+01  ,1.285410818665e+01  ,1.207633191720e+01  ,1.138733211133e+01  ,1.077275867902e+01  ,1.022108376099e+01  ,9.723195627371e+00  
  4.457559369342e-06  ,7.923573044702e+01  ,5.668752769841e+01  ,4.413423308081e+01  ,3.613492651124e+01  ,3.059154405377e+01  ,2.652337105733e+01  ,2.341059460136e+01  ,2.095200475084e+01  ,1.896080309518e+01  ,1.731538507714e+01  ,1.593282539325e+01  ,1.475478832541e+01  ,1.373900339915e+01  ,1.285410818665e+01  ,1.207633191720e+01  ,1.138733211133e+01  ,1.077275867902e+01  ,1.022108376099e+01  ,9.723195627371e+00  
  4.458559423522e-06  ,7.923573044702e+01  ,5.668752769841e+01  ,4.413423308081e+01  ,3.613492651124e+01  ,3.059154405377e+01  ,2.652337105733e+01  ,2.341059460136e+01  ,2.095200475084e+01  ,1.896080309518e+01  ,1.731538507714e+01  ,1.593282539325e+01  ,1.475478832541e+01  ,1.373900339915e+01  ,1.285410818665e+01  ,1.207633191720e+01  ,1.138733211133e+01  ,1.077275867902e+01  ,1.022108376099e+01  ,9.723195627371e+00  
  4.459559477703e-06  ,7.923573044702e+01  ,5.668752769841e+01  ,4.413423308081e+01  ,3.613492651124e+01  ,3.059154405377e+01  ,2.652337105733e+01  ,2.341059460136e+01  ,2.095200475084e+01  ,1.896080309518e+01  ,1.731538507714e+01  ,1.593282539325e+01  ,1.475478832541e+01  ,1.373900339915e+01  ,1.285410818665e+01  ,1.207633191720e+01  ,1.138733211133e+01  ,1.077275867902e+01  ,1.022108376099e+01  ,9.723195627371e+00  
  4.460559531884e-06  ,7.923573044702e+01  ,5.668752769841e+01  ,4.413423308081e+01  ,3.613492651124e+01  ,3.059154405377e+01  ,2.652337105733e+01  ,2.341059460136e+01  ,2.095200475084e+01  ,1.896080309518e+01  ,1.731538507714e+01  ,1.593282539325e+01  ,1.475478832541e+01  ,1.373900339915e+01  ,1.285410818665e+01  ,1.207633191720e+01  ,1.138733211133e+01  ,1.077275867902e+01  ,1.022108376099e+01  ,9.723195627371e+00  
  4.461559586064e-06  ,7.923573044702e+01  ,5.668752769841e+01  ,4.413423308081e+01  ,3.613492651124e+01  ,3.059154405377e+01  ,2.652337105733e+01  ,2.341059460136e+01  ,2.095200475084e+01  ,1.896080309518e+01  ,1.731538507714e+01  ,1.593282539325e+01  ,1.475478832541e+01  ,1.373900339915e+01  ,1.285410818665e+01  ,1.207633191720e+01  ,1.138733211133e+01  ,1.077275867902e+01  ,1.022108376099e+01  ,9.723195627371e+00  
  4.462559640245e-06  ,7.923573044702e+01  ,5.668752769841e+01  ,4.413423308081e+01  ,3.613492651124e+01  ,3.059154405377e+01  ,2.652337105733e+01  ,2.341059460136e+01  ,2.095200475084e+01  ,1.896080309518e+01  ,1.731538507714e+01  ,1.593282539325e+01  ,1.475478832541e+01  ,1.373900339915e+01  ,1.285410818665e+01  ,1.207633191720e+01  ,1.138733211133e+01  ,1.077275867902e+01  ,1.022108376099e+01  ,9.723195627371e+00  
  4.463559694425e-06  ,7.923573044702e+01  ,5.668752769841e+01  ,4.413423308081e+01  ,3.613492651124e+01  ,3.059154405377e+01  ,2.652337105733e+01  ,2.341059460136e+01  ,2.095200475084e+01  ,1.896080309518e+01  ,1.731538507714e+01  ,1.593282539325e+01  ,1.475478832541e+01  ,1.373900339915e+01  ,1.285410818665e+01  ,1.207633191720e+01  ,1.138733211133e+01  ,1.077275867902e+01  ,1.022108376099e+01  ,9.723195627371e+00  
  4.464559748606e-06  ,7.923573044702e+01  ,5.668752769841e+01  ,4.413423308081e+01  ,3.613492651124e+01  ,3.059154405377e+01  ,2.652337105733e+01  ,2.341059460136e+01  ,2.095200475084e+01  ,1.896080309518e+01  ,1.731538507714e+01  ,1.593282539325e+01  ,1.475478832541e+01  ,1.373900339915e+01  ,1.285410818665e+01  ,1.207633191720e+01  ,1.138733211133e+01  ,1.077275867902e+01  ,1.022108376099e+01  ,9.723195627371e+00  
  4.465559802787e-06  ,7.923573044702e+01  ,5.668752769841e+01  ,4.413423308081e+01  ,3.613492651124e+01  ,3.059154405377e+01  ,2.652337105733e+01  ,2.341059460136e+01  ,2.095200475084e+01  ,1.896080309518e+01  ,1.731538507714e+01  ,1.593282539325e+01  ,1.475478832541e+01  ,1.373900339915e+01  ,1.285410818665e+01  ,1.207633191720e+01  ,1.138733211133e+01  ,1.077275867902e+01  ,1.022108376099e+01  ,9.723195627371e+00  
  4.466559856967e-06  ,7.923573044702e+01  ,5.668752769841e+01  ,4.413423308081e+01  ,3.613492651124e+01  ,3.059154405377e+01  ,2.652337105733e+01  ,2.341059460136e+01  ,2.095200475084e+01  ,1.896080309518e+01  ,1.731538507714e+01  ,1.593282539325e+01  ,1.475478832541e+01  ,1.373900339915e+01  ,1.285410818665e+01  ,1.207633191720e+01  ,1.138733211133e+01  ,1.077275867902e+01  ,1.022108376099e+01  ,9.723195627371e+00  
  4.467559911148e-06  ,7.923573044702e+01  ,5.668752769841e+01  ,4.413423308081e+01  ,3.613492651124e+01  ,3.059154405377e+01  ,2.652337105733e+01  ,2.341059460136e+01  ,2.095200475084e+01  ,1.896080309518e+01  ,1.731538507714e+01  ,1.593282539325e+01  ,1.475478832541e+01  ,1.373900339915e+01  ,1.285410818665e+01  ,1.207633191720e+01  ,1.138733211133e+01  ,1.077275867902e+01  ,1.022108376099e+01  ,9.723195627371e+00  
  4.468559965328e-06  ,7.923573044702e+01  ,5.668752769841e+01  ,4.413423308081e+01  ,3.613492651124e+01  ,3.059154405377e+01  ,2.652337105733e+01  ,2.341059460136e+01  ,2.095200475084e+01  ,1.896080309518e+01  ,1.731538507714e+01  ,1.593282539325e+01  ,1.475478832541e+01  ,1.373900339915e+01  ,1.285410818665e+01  ,1.207633191720e+01  ,1.138733211133e+01  ,1.077275867902e+01  ,1.022108376099e+01  ,9.723195627371e+00  
  4.469560019509e-06  ,7.923573044702e+01  ,5.668752769841e+01  ,4.413423308081e+01  ,3.613492651124e+01  ,3.059154405377e+01  ,2.652337105733e+01  ,2.341059460136e+01  ,2.095200475084e+01  ,1.896080309518e+01  ,1.731538507714e+01  ,1.593282539325e+01  ,1.475478832541e+01  ,1.373900339915e+01  ,1.285410818665e+01  ,1.207633191720e+01  ,1.138733211133e+01  ,1.077275867902e+01  ,1.022108376099e+01  ,9.723195627371e+00  
  4.470560073690e-06  ,7.923573044702e+01  ,5.668752769841e+01  ,4.413423308081e+01  ,3.613492651124e+01  ,3.059154405377e+01  ,2.652337105733e+01  ,2.341059460136e+01  ,2.095200475084e+01  ,1.896080309518e+01  ,1.731538507714e+01  ,1.593282539325e+01  ,1.475478832541e+01  ,1.373900339915e+01  ,1.285410818665e+01  ,1.207633191720e+01  ,1.138733211133e+01  ,1.077275867902e+01  ,1.022108376099e+01  ,9.723195627371e+00  
  4.471560127870e-06  ,7.923573044702e+01  ,5.668752769841e+01  ,4.413423308081e+01  ,3.613492651124e+01  ,3.059154405377e+01  ,2.652337105733e+01  ,2.341059460136e+01  ,2.095200475084e+01  ,1.896080309518e+01  ,1.731538507714e+01  ,1.593282539325e+01  ,1.475478832541e+01  ,1.373900339915e+01  ,1.285410818665e+01  ,1.207633191720e+01  ,1.138733211133e+01  ,1.077275867902e+01  ,1.022108376099e+01  ,9.723195627371e+00  
  4.472560182051e-06  ,7.923573044702e+01  ,5.668752769841e+01  ,4.413423308081e+01  ,3.613492651124e+01  ,3.059154405377e+01  ,2.652337105733e+01  ,2.341059460136e+01  ,2.095200475084e+01  ,1.896080309518e+01  ,1.731538507714e+01  ,1.593282539325e+01  ,1.475478832541e+01  ,1.373900339915e+01  ,1.285410818665e+01  ,1.207633191720e+01  ,1.138733211133e+01  ,1.077275867902e+01  ,1.022108376099e+01  ,9.723195627371e+00  
  4.473560236232e-06  ,7.923573044702e+01  ,5.668752769841e+01  ,4.413423308081e+01  ,3.613492651124e+01  ,3.059154405377e+01  ,2.652337105733e+01  ,2.341059460136e+01  ,2.095200475084e+01  ,1.896080309518e+01  ,1.731538507714e+01  ,1.593282539325e+01  ,1.475478832541e+01  ,1.373900339915e+01  ,1.285410818665e+01  ,1.207633191720e+01  ,1.138733211133e+01  ,1.077275867902e+01  ,1.022108376099e+01  ,9.723195627371e+00  
  4.474560290412e-06  ,7.923573044702e+01  ,5.668752769841e+01  ,4.413423308081e+01  ,3.613492651124e+01  ,3.059154405377e+01  ,2.652337105733e+01  ,2.341059460136e+01  ,2.095200475084e+01  ,1.896080309518e+01  ,1.731538507714e+01  ,1.593282539325e+01  ,1.475478832541e+01  ,1.373900339915e+01  ,1.285410818665e+01  ,1.207633191720e+01  ,1.138733211133e+01  ,1.077275867902e+01  ,1.022108376099e+01  ,9.723195627371e+00  
  4.475560344593e-06  ,7.923573044702e+01  ,5.668752769841e+01  ,4.413423308081e+01  ,3.613492651124e+01  ,3.059154405377e+01  ,2.652337105733e+01  ,2.341059460136e+01  ,2.095200475084e+01  ,1.896080309518e+01  ,1.731538507714e+01  ,1.593282539325e+01  ,1.475478832541e+01  ,1.373900339915e+01  ,1.285410818665e+01  ,1.207633191720e+01  ,1.138733211133e+01  ,1.077275867902e+01  ,1.022108376099e+01  ,9.723195627371e+00  
  4.476560398773e-06  ,7.923573044702e+01  ,5.668752769841e+01  ,4.413423308081e+01  ,3.613492651124e+01  ,3.059154405377e+01  ,2.652337105733e+01  ,2.341059460136e+01  ,2.095200475084e+01  ,1.896080309518e+01  ,1.731538507714e+01  ,1.593282539325e+01  ,1.475478832541e+01  ,1.373900339915e+01  ,1.285410818665e+01  ,1.207633191720e+01  ,1.138733211133e+01  ,1.077275867902e+01  ,1.022108376099e+01  ,9.723195627371e+00  
  4.477560452954e-06  ,7.923573044702e+01  ,5.668752769841e+01  ,4.413423308081e+01  ,3.613492651124e+01  ,3.059154405377e+01  ,2.652337105733e+01  ,2.341059460136e+01  ,2.095200475084e+01  ,1.896080309518e+01  ,1.731538507714e+01  ,1.593282539325e+01  ,1.475478832541e+01  ,1.373900339915e+01  ,1.285410818665e+01  ,1.207633191720e+01  ,1.138733211133e+01  ,1.077275867902e+01  ,1.022108376099e+01  ,9.723195627371e+00  
  4.478560507135e-06  ,7.923573044702e+01  ,5.668752769841e+01  ,4.413423308081e+01  ,3.613492651124e+01  ,3.059154405377e+01  ,2.652337105733e+01  ,2.341059460136e+01  ,2.095200475084e+01  ,1.896080309518e+01  ,1.731538507714e+01  ,1.593282539325e+01  ,1.475478832541e+01  ,1.373900339915e+01  ,1.285410818665e+01  ,1.207633191720e+01  ,1.138733211133e+01  ,1.077275867902e+01  ,1.022108376099e+01  ,9.723195627371e+00  
  4.478870516480e-06  ,7.923573044702e+01  ,5.668752769841e+01  ,4.413423308081e+01  ,3.613492651124e+01  ,3.059154405377e+01  ,2.652337105733e+01  ,2.341059460136e+01  ,2.095200475084e+01  ,1.896080309518e+01  ,1.731538507714e+01  ,1.593282539325e+01  ,1.475478832541e+01  ,1.373900339915e+01  ,1.285410818665e+01  ,1.207633191720e+01  ,1.138733211133e+01  ,1.077275867902e+01  ,1.022108376099e+01  ,9.723195627371e+00  
  4.479120530025e-06  ,7.923573044702e+01  ,5.668752769841e+01  ,4.413423308081e+01  ,3.613492651124e+01  ,3.059154405377e+01  ,2.652337105733e+01  ,2.341059460136e+01  ,2.095200475084e+01  ,1.896080309518e+01  ,1.731538507714e+01  ,1.593282539325e+01  ,1.475478832541e+01  ,1.373900339915e+01  ,1.285410818665e+01  ,1.207633191720e+01  ,1.138733211133e+01  ,1.077275867902e+01  ,1.022108376099e+01  ,9.723195627371e+00  
  4.479620557116e-06  ,7.923573044702e+01  ,5.668752769841e+01  ,4.413423308081e+01  ,3.613492651124e+01  ,3.059154405377e+01  ,2.652337105733e+01  ,2.341059460136e+01  ,2.095200475084e+01  ,1.896080309518e+01  ,1.731538507714e+01  ,1.593282539325e+01  ,1.475478832541e+01  ,1.373900339915e+01  ,1.285410818665e+01  ,1.207633191720e+01  ,1.138733211133e+01  ,1.077275867902e+01  ,1.022108376099e+01  ,9.723195627371e+00  
  4.480620611296e-06  ,7.923573044702e+01  ,5.668752769841e+01  ,4.413423308081e+01  ,3.613492651124e+01  ,3.059154405377e+01  ,2.652337105733e+01  ,2.341059460136e+01  ,2.095200475084e+01  ,1.896080309518e+01  ,1.731538507714e+01  ,1.593282539325e+01  ,1.475478832541e+01  ,1.373900339915e+01  ,1.285410818665e+01  ,1.207633191720e+01  ,1.138733211133e+01  ,1.077275867902e+01  ,1.022108376099e+01  ,9.723195627371e+00  
  4.481620665477e-06  ,7.923573044702e+01  ,5.668752769841e+01  ,4.413423308081e+01  ,3.613492651124e+01  ,3.059154405377e+01  ,2.652337105733e+01  ,2.341059460136e+01  ,2.095200475084e+01  ,1.896080309518e+01  ,1.731538507714e+01  ,1.593282539325e+01  ,1.475478832541e+01  ,1.373900339915e+01  ,1.285410818665e+01  ,1.207633191720e+01  ,1.138733211133e+01  ,1.077275867902e+01  ,1.022108376099e+01  ,9.723195627371e+00  
  4.482620719657e-06  ,7.923573044702e+01  ,5.668752769841e+01  ,4.413423308081e+01  ,3.613492651124e+01  ,3.059154405377e+01  ,2.652337105733e+01  ,2.341059460136e+01  ,2.095200475084e+01  ,1.896080309518e+01  ,1.731538507714e+01  ,1.593282539325e+01  ,1.475478832541e+01  ,1.373900339915e+01  ,1.285410818665e+01  ,1.207633191720e+01  ,1.138733211133e+01  ,1.077275867902e+01  ,1.022108376099e+01  ,9.723195627371e+00  
  4.483620773838e-06  ,7.923573044702e+01  ,5.668752769841e+01  ,4.413423308081e+01  ,3.613492651124e+01  ,3.059154405377e+01  ,2.652337105733e+01  ,2.341059460136e+01  ,2.095200475084e+01  ,1.896080309518e+01  ,1.731538507714e+01  ,1.593282539325e+01  ,1.475478832541e+01  ,1.373900339915e+01  ,1.285410818665e+01  ,1.207633191720e+01  ,1.138733211133e+01  ,1.077275867902e+01  ,1.022108376099e+01  ,9.723195627371e+00  
  4.484620828019e-06  ,7.923573044702e+01  ,5.668752769841e+01  ,4.413423308081e+01  ,3.613492651124e+01  ,3.059154405377e+01  ,2.652337105733e+01  ,2.341059460136e+01  ,2.095200475084e+01  ,1.896080309518e+01  ,1.731538507714e+01  ,1.593282539325e+01  ,1.475478832541e+01  ,1.373900339915e+01  ,1.285410818665e+01  ,1.207633191720e+01  ,1.138733211133e+01  ,1.077275867902e+01  ,1.022108376099e+01  ,9.723195627371e+00  
  4.485620882199e-06  ,7.923573044702e+01  ,5.668752769841e+01  ,4.413423308081e+01  ,3.613492651124e+01  ,3.059154405377e+01  ,2.652337105733e+01  ,2.341059460136e+01  ,2.095200475084e+01  ,1.896080309518e+01  ,1.731538507714e+01  ,1.593282539325e+01  ,1.475478832541e+01  ,1.373900339915e+01  ,1.285410818665e+01  ,1.207633191720e+01  ,1.138733211133e+01  ,1.077275867902e+01  ,1.022108376099e+01  ,9.723195627371e+00  
  4.486620936380e-06  ,7.923573044702e+01  ,5.668752769841e+01  ,4.413423308081e+01  ,3.613492651124e+01  ,3.059154405377e+01  ,2.652337105733e+01  ,2.341059460136e+01  ,2.095200475084e+01  ,1.896080309518e+01  ,1.731538507714e+01  ,1.593282539325e+01  ,1.475478832541e+01  ,1.373900339915e+01  ,1.285410818665e+01  ,1.207633191720e+01  ,1.138733211133e+01  ,1.077275867902e+01  ,1.022108376099e+01  ,9.723195627371e+00  
  4.487620990561e-06  ,7.923573044702e+01  ,5.668752769841e+01  ,4.413423308081e+01  ,3.613492651124e+01  ,3.059154405377e+01  ,2.652337105733e+01  ,2.341059460136e+01  ,2.095200475084e+01  ,1.896080309518e+01  ,1.731538507714e+01  ,1.593282539325e+01  ,1.475478832541e+01  ,1.373900339915e+01  ,1.285410818665e+01  ,1.207633191720e+01  ,1.138733211133e+01  ,1.077275867902e+01  ,1.022108376099e+01  ,9.723195627371e+00  
  4.488621044741e-06  ,7.923573044702e+01  ,5.668752769841e+01  ,4.413423308081e+01  ,3.613492651124e+01  ,3.059154405377e+01  ,2.652337105733e+01  ,2.341059460136e+01  ,2.095200475084e+01  ,1.896080309518e+01  ,1.731538507714e+01  ,1.593282539325e+01  ,1.475478832541e+01  ,1.373900339915e+01  ,1.285410818665e+01  ,1.207633191720e+01  ,1.138733211133e+01  ,1.077275867902e+01  ,1.022108376099e+01  ,9.723195627371e+00  
  4.489621098922e-06  ,7.923573044702e+01  ,5.668752769841e+01  ,4.413423308081e+01  ,3.613492651124e+01  ,3.059154405377e+01  ,2.652337105733e+01  ,2.341059460136e+01  ,2.095200475084e+01  ,1.896080309518e+01  ,1.731538507714e+01  ,1.593282539325e+01  ,1.475478832541e+01  ,1.373900339915e+01  ,1.285410818665e+01  ,1.207633191720e+01  ,1.138733211133e+01  ,1.077275867902e+01  ,1.022108376099e+01  ,9.723195627371e+00  
  4.490621153102e-06  ,7.923573044702e+01  ,5.668752769841e+01  ,4.413423308081e+01  ,3.613492651124e+01  ,3.059154405377e+01  ,2.652337105733e+01  ,2.341059460136e+01  ,2.095200475084e+01  ,1.896080309518e+01  ,1.731538507714e+01  ,1.593282539325e+01  ,1.475478832541e+01  ,1.373900339915e+01  ,1.285410818665e+01  ,1.207633191720e+01  ,1.138733211133e+01  ,1.077275867902e+01  ,1.022108376099e+01  ,9.723195627371e+00  
  4.491621207283e-06  ,7.923573044702e+01  ,5.668752769841e+01  ,4.413423308081e+01  ,3.613492651124e+01  ,3.059154405377e+01  ,2.652337105733e+01  ,2.341059460136e+01  ,2.095200475084e+01  ,1.896080309518e+01  ,1.731538507714e+01  ,1.593282539325e+01  ,1.475478832541e+01  ,1.373900339915e+01  ,1.285410818665e+01  ,1.207633191720e+01  ,1.138733211133e+01  ,1.077275867902e+01  ,1.022108376099e+01  ,9.723195627371e+00  
  4.492621261464e-06  ,7.923573044702e+01  ,5.668752769841e+01  ,4.413423308081e+01  ,3.613492651124e+01  ,3.059154405377e+01  ,2.652337105733e+01  ,2.341059460136e+01  ,2.095200475084e+01  ,1.896080309518e+01  ,1.731538507714e+01  ,1.593282539325e+01  ,1.475478832541e+01  ,1.373900339915e+01  ,1.285410818665e+01  ,1.207633191720e+01  ,1.138733211133e+01  ,1.077275867902e+01  ,1.022108376099e+01  ,9.723195627371e+00  
  4.493621315644e-06  ,7.923573044702e+01  ,5.668752769841e+01  ,4.413423308081e+01  ,3.613492651124e+01  ,3.059154405377e+01  ,2.652337105733e+01  ,2.341059460136e+01  ,2.095200475084e+01  ,1.896080309518e+01  ,1.731538507714e+01  ,1.593282539325e+01  ,1.475478832541e+01  ,1.373900339915e+01  ,1.285410818665e+01  ,1.207633191720e+01  ,1.138733211133e+01  ,1.077275867902e+01  ,1.022108376099e+01  ,9.723195627371e+00  
  4.494621369825e-06  ,7.923573044702e+01  ,5.668752769841e+01  ,4.413423308081e+01  ,3.613492651124e+01  ,3.059154405377e+01  ,2.652337105733e+01  ,2.341059460136e+01  ,2.095200475084e+01  ,1.896080309518e+01  ,1.731538507714e+01  ,1.593282539325e+01  ,1.475478832541e+01  ,1.373900339915e+01  ,1.285410818665e+01  ,1.207633191720e+01  ,1.138733211133e+01  ,1.077275867902e+01  ,1.022108376099e+01  ,9.723195627371e+00  
  4.495621424006e-06  ,7.923573044702e+01  ,5.668752769841e+01  ,4.413423308081e+01  ,3.613492651124e+01  ,3.059154405377e+01  ,2.652337105733e+01  ,2.341059460136e+01  ,2.095200475084e+01  ,1.896080309518e+01  ,1.731538507714e+01  ,1.593282539325e+01  ,1.475478832541e+01  ,1.373900339915e+01  ,1.285410818665e+01  ,1.207633191720e+01  ,1.138733211133e+01  ,1.077275867902e+01  ,1.022108376099e+01  ,9.723195627371e+00  
  4.496621478186e-06  ,7.923573044702e+01  ,5.668752769841e+01  ,4.413423308081e+01  ,3.613492651124e+01  ,3.059154405377e+01  ,2.652337105733e+01  ,2.341059460136e+01  ,2.095200475084e+01  ,1.896080309518e+01  ,1.731538507714e+01  ,1.593282539325e+01  ,1.475478832541e+01  ,1.373900339915e+01  ,1.285410818665e+01  ,1.207633191720e+01  ,1.138733211133e+01  ,1.077275867902e+01  ,1.022108376099e+01  ,9.723195627371e+00  
  4.497621532367e-06  ,7.923573044702e+01  ,5.668752769841e+01  ,4.413423308081e+01  ,3.613492651124e+01  ,3.059154405377e+01  ,2.652337105733e+01  ,2.341059460136e+01  ,2.095200475084e+01  ,1.896080309518e+01  ,1.731538507714e+01  ,1.593282539325e+01  ,1.475478832541e+01  ,1.373900339915e+01  ,1.285410818665e+01  ,1.207633191720e+01  ,1.138733211133e+01  ,1.077275867902e+01  ,1.022108376099e+01  ,9.723195627371e+00  
  4.498621586547e-06  ,7.923573044702e+01  ,5.668752769841e+01  ,4.413423308081e+01  ,3.613492651124e+01  ,3.059154405377e+01  ,2.652337105733e+01  ,2.341059460136e+01  ,2.095200475084e+01  ,1.896080309518e+01  ,1.731538507714e+01  ,1.593282539325e+01  ,1.475478832541e+01  ,1.373900339915e+01  ,1.285410818665e+01  ,1.207633191720e+01  ,1.138733211133e+01  ,1.077275867902e+01  ,1.022108376099e+01  ,9.723195627371e+00  
  4.499621640728e-06  ,7.923573044702e+01  ,5.668752769841e+01  ,4.413423308081e+01  ,3.613492651124e+01  ,3.059154405377e+01  ,2.652337105733e+01  ,2.341059460136e+01  ,2.095200475084e+01  ,1.896080309518e+01  ,1.731538507714e+01  ,1.593282539325e+01  ,1.475478832541e+01  ,1.373900339915e+01  ,1.285410818665e+01  ,1.207633191720e+01  ,1.138733211133e+01  ,1.077275867902e+01  ,1.022108376099e+01  ,9.723195627371e+00  
  4.500000000000e-06  ,7.923573044702e+01  ,5.668752769841e+01  ,4.413423308081e+01  ,3.613492651124e+01  ,3.059154405377e+01  ,2.652337105733e+01  ,2.341059460136e+01  ,2.095200475084e+01  ,1.896080309518e+01  ,1.731538507714e+01  ,1.593282539325e+01  ,1.475478832541e+01  ,1.373900339915e+01  ,1.285410818665e+01  ,1.207633191720e+01  ,1.138733211133e+01  ,1.077275867902e+01  ,1.022108376099e+01  ,9.723195627371e+00  
