  Time                 , (MIN(V(LgLowside:2,Z8:E)))@1, (MIN(V(LgLowside:2,Z8:E)))@2, (MIN(V(LgLowside:2,Z8:E)))@3, (MIN(V(LgLowside:2,Z8:E)))@4, (MIN(V(LgLowside:2,Z8:E)))@5, (MIN(V(LgLowside:2,Z8:E)))@6, (MIN(V(LgLowside:2,Z8:E)))@7, (MIN(V(LgLowside:2,Z8:E)))@8, (MIN(V(LgLowside:2,Z8:E)))@9, (MIN(V(LgLowside:2,Z8:E)))@10, (MIN(V(LgLowside:2,Z8:E)))@11, (MIN(V(LgLowside:2,Z8:E)))@12, (MIN(V(LgLowside:2,Z8:E)))@13, (MIN(V(LgLowside:2,Z8:E)))@14, (MIN(V(LgLowside:2,Z8:E)))@15, (MIN(V(LgLowside:2,Z8:E)))@16, (MIN(V(LgLowside:2,Z8:E)))@17, (MIN(V(LgLowside:2,Z8:E)))@18, (MIN(V(LgLowside:2,Z8:E)))@19, (MIN(V(LgLowside:2,Z8:E)))@20, (MIN(V(LgLowside:2,Z8:E)))@21, (MIN(V(LgLowside:2,Z8:E)))@22, (MIN(V(LgLowside:2,Z8:E)))@23, (MIN(V(LgLowside:2,Z8:E)))@24, (MIN(V(LgLowside:2,Z8:E)))@25, (MIN(V(LgLowside:2,Z8:E)))@26, (MIN(V(LgLowside:2,Z8:E)))@27, (MIN(V(LgLowside:2,Z8:E)))@28, (MIN(V(LgLowside:2,Z8:E)))@29, (MIN(V(LgLowside:2,Z8:E)))@30, (MIN(V(LgLowside:2,Z8:E)))@31, (MIN(V(LgLowside:2,Z8:E)))@32, (MIN(V(LgLowside:2,Z8:E)))@33, (MIN(V(LgLowside:2,Z8:E)))@34, (MIN(V(LgLowside:2,Z8:E)))@35, (MIN(V(LgLowside:2,Z8:E)))@36, (MIN(V(LgLowside:2,Z8:E)))@37, (MIN(V(LgLowside:2,Z8:E)))@38, (MIN(V(LgLowside:2,Z8:E)))@39, (MIN(V(LgLowside:2,Z8:E)))@40, (MIN(V(LgLowside:2,Z8:E)))@41
  4.000000000001e-06  ,1.000000000000e+31  ,-3.809563018394e+01  ,-4.138860617014e+01  ,-4.880878622501e+01  ,-4.783485129601e+01  ,-5.094567163716e+01  ,-6.164755869447e+01  ,-6.546907630328e+01  ,-6.930335187596e+01  ,-7.309305588729e+01  ,-7.682780916125e+01  ,-8.060685593415e+01  ,-8.433246429694e+01  ,-8.803614438301e+01  ,-9.172068042006e+01  ,-9.538467151818e+01  ,-9.902479808710e+01  ,-1.026143549768e+02  ,-1.062426098388e+02  ,-1.098140265744e+02  ,-1.133053738976e+02  ,-1.168930503703e+02  ,-1.204024524506e+02  ,-1.238797181272e+02  ,-1.267692707100e+02  ,-1.290729312078e+02  ,-1.304577633777e+02  ,-1.319724844025e+02  ,-1.338634780312e+02  ,-1.356689309536e+02  ,-1.369873064322e+02  ,-1.383980136592e+02  ,-1.389799783437e+02  ,-1.402016060245e+02  ,-1.407890119836e+02  ,-1.409517212995e+02  ,-1.417665426305e+02  ,-1.414444235764e+02  ,-1.417214632435e+02  ,-1.408110394402e+02  ,-1.400732199804e+02  
  4.000008803911e-06  ,-3.825653870123e+01  ,-3.809563018394e+01  ,-4.138860617014e+01  ,-4.880878622501e+01  ,-4.783485129601e+01  ,-5.094567163716e+01  ,-6.164755869447e+01  ,-6.546907630328e+01  ,-6.930335187596e+01  ,-7.309305588729e+01  ,-7.682780916125e+01  ,-8.060685593415e+01  ,-8.433246429694e+01  ,-8.803614438301e+01  ,-9.172068042006e+01  ,-9.538467151818e+01  ,-9.902479808710e+01  ,-1.026143549768e+02  ,-1.062426098388e+02  ,-1.098140265744e+02  ,-1.133053738976e+02  ,-1.168930503703e+02  ,-1.204024524506e+02  ,-1.238797181272e+02  ,-1.267692707100e+02  ,-1.290729312078e+02  ,-1.304577633777e+02  ,-1.319724844025e+02  ,-1.338634780312e+02  ,-1.356689309536e+02  ,-1.369873064322e+02  ,-1.383980136592e+02  ,-1.389799783437e+02  ,-1.402016060245e+02  ,-1.407890119836e+02  ,-1.409517212995e+02  ,-1.417665426305e+02  ,-1.414444235764e+02  ,-1.417214632435e+02  ,-1.408110394402e+02  ,-1.400732199804e+02  
  4.000017615095e-06  ,-3.825653870123e+01  ,-3.809563018394e+01  ,-4.138860617014e+01  ,-4.880878622501e+01  ,-4.783485129601e+01  ,-5.094567163716e+01  ,-6.164755869447e+01  ,-6.546907630328e+01  ,-6.930335187596e+01  ,-7.309305588729e+01  ,-7.682780916125e+01  ,-8.060685593415e+01  ,-8.433246429694e+01  ,-8.803614438301e+01  ,-9.172068042006e+01  ,-9.538467151818e+01  ,-9.902479808710e+01  ,-1.026143549768e+02  ,-1.062426098388e+02  ,-1.098140265744e+02  ,-1.133053738976e+02  ,-1.168930503703e+02  ,-1.204024524506e+02  ,-1.238797181272e+02  ,-1.267692707100e+02  ,-1.290729312078e+02  ,-1.304577633777e+02  ,-1.319724844025e+02  ,-1.338634780312e+02  ,-1.356689309536e+02  ,-1.369873064322e+02  ,-1.383980136592e+02  ,-1.389799783437e+02  ,-1.402016060245e+02  ,-1.407890119836e+02  ,-1.409517212995e+02  ,-1.417665426305e+02  ,-1.414444235764e+02  ,-1.417214632435e+02  ,-1.408110394402e+02  ,-1.400732199804e+02  
  4.000035222913e-06  ,-3.825653870123e+01  ,-3.809563018394e+01  ,-4.138860617014e+01  ,-4.880878622501e+01  ,-4.783485129601e+01  ,-5.094567163716e+01  ,-6.164755869447e+01  ,-6.546907630328e+01  ,-6.930335187596e+01  ,-7.309305588729e+01  ,-7.682780916125e+01  ,-8.060685593415e+01  ,-8.433246429694e+01  ,-8.803614438301e+01  ,-9.172068042006e+01  ,-9.538467151818e+01  ,-9.902479808710e+01  ,-1.026143549768e+02  ,-1.062426098388e+02  ,-1.098140265744e+02  ,-1.133053738976e+02  ,-1.168930503703e+02  ,-1.204024524506e+02  ,-1.238797181272e+02  ,-1.267692707100e+02  ,-1.290729312078e+02  ,-1.304577633777e+02  ,-1.319724844025e+02  ,-1.338634780312e+02  ,-1.356689309536e+02  ,-1.369873064322e+02  ,-1.383980136592e+02  ,-1.389799783437e+02  ,-1.402016060245e+02  ,-1.407890119836e+02  ,-1.409517212995e+02  ,-1.417665426305e+02  ,-1.414444235764e+02  ,-1.417214632435e+02  ,-1.408110394402e+02  ,-1.400732199804e+02  
  4.000070438548e-06  ,-3.825653870123e+01  ,-3.809563018394e+01  ,-4.138860617014e+01  ,-4.880878622501e+01  ,-4.783485129601e+01  ,-5.094567163716e+01  ,-6.164755869447e+01  ,-6.546907630328e+01  ,-6.930335187596e+01  ,-7.309305588729e+01  ,-7.682780916125e+01  ,-8.060685593415e+01  ,-8.433246429694e+01  ,-8.803614438301e+01  ,-9.172068042006e+01  ,-9.538467151818e+01  ,-9.902479808710e+01  ,-1.026143549768e+02  ,-1.062426098388e+02  ,-1.098140265744e+02  ,-1.133053738976e+02  ,-1.168930503703e+02  ,-1.204024524506e+02  ,-1.238797181272e+02  ,-1.267692707100e+02  ,-1.290729312078e+02  ,-1.304577633777e+02  ,-1.319724844025e+02  ,-1.338634780312e+02  ,-1.356689309536e+02  ,-1.369873064322e+02  ,-1.383980136592e+02  ,-1.389799783437e+02  ,-1.402016060245e+02  ,-1.407890119836e+02  ,-1.409517212995e+02  ,-1.417665426305e+02  ,-1.414444235764e+02  ,-1.417214632435e+02  ,-1.408110394402e+02  ,-1.400732199804e+02  
  4.000140869817e-06  ,-3.825653870123e+01  ,-3.809563018394e+01  ,-4.138860617014e+01  ,-4.880878622501e+01  ,-4.783485129601e+01  ,-5.094567163716e+01  ,-6.164755869447e+01  ,-6.546907630328e+01  ,-6.930335187596e+01  ,-7.309305588729e+01  ,-7.682780916125e+01  ,-8.060685593415e+01  ,-8.433246429694e+01  ,-8.803614438301e+01  ,-9.172068042006e+01  ,-9.538467151818e+01  ,-9.902479808710e+01  ,-1.026143549768e+02  ,-1.062426098388e+02  ,-1.098140265744e+02  ,-1.133053738976e+02  ,-1.168930503703e+02  ,-1.204024524506e+02  ,-1.238797181272e+02  ,-1.267692707100e+02  ,-1.290729312078e+02  ,-1.304577633777e+02  ,-1.319724844025e+02  ,-1.338634780312e+02  ,-1.356689309536e+02  ,-1.369873064322e+02  ,-1.383980136592e+02  ,-1.389799783437e+02  ,-1.402016060245e+02  ,-1.407890119836e+02  ,-1.409517212995e+02  ,-1.417665426305e+02  ,-1.414444235764e+02  ,-1.417214632435e+02  ,-1.408110394402e+02  ,-1.400732199804e+02  
  4.000220870427e-06  ,-3.825653870123e+01  ,-3.809563018394e+01  ,-4.138860617014e+01  ,-4.880878622501e+01  ,-4.783485129601e+01  ,-5.094567163716e+01  ,-6.164755869447e+01  ,-6.546907630328e+01  ,-6.930335187596e+01  ,-7.309305588729e+01  ,-7.682780916125e+01  ,-8.060685593415e+01  ,-8.433246429694e+01  ,-8.803614438301e+01  ,-9.172068042006e+01  ,-9.538467151818e+01  ,-9.902479808710e+01  ,-1.026143549768e+02  ,-1.062426098388e+02  ,-1.098140265744e+02  ,-1.133053738976e+02  ,-1.168930503703e+02  ,-1.204024524506e+02  ,-1.238797181272e+02  ,-1.267692707100e+02  ,-1.290729312078e+02  ,-1.304577633777e+02  ,-1.319724844025e+02  ,-1.338634780312e+02  ,-1.356689309536e+02  ,-1.369873064322e+02  ,-1.383980136592e+02  ,-1.389799783437e+02  ,-1.402016060245e+02  ,-1.407890119836e+02  ,-1.409517212995e+02  ,-1.417665426305e+02  ,-1.414444235764e+02  ,-1.417214632435e+02  ,-1.408110394402e+02  ,-1.400732199804e+02  
  4.000320871188e-06  ,-3.825653870123e+01  ,-3.809563018394e+01  ,-4.138860617014e+01  ,-4.880878622501e+01  ,-4.783485129601e+01  ,-5.094567163716e+01  ,-6.164755869447e+01  ,-6.546907630328e+01  ,-6.930335187596e+01  ,-7.309305588729e+01  ,-7.682780916125e+01  ,-8.060685593415e+01  ,-8.433246429694e+01  ,-8.803614438301e+01  ,-9.172068042006e+01  ,-9.538467151818e+01  ,-9.902479808710e+01  ,-1.026143549768e+02  ,-1.062426098388e+02  ,-1.098140265744e+02  ,-1.133053738976e+02  ,-1.168930503703e+02  ,-1.204024524506e+02  ,-1.238797181272e+02  ,-1.267692707100e+02  ,-1.290729312078e+02  ,-1.304577633777e+02  ,-1.319724844025e+02  ,-1.338634780312e+02  ,-1.356689309536e+02  ,-1.369873064322e+02  ,-1.383980136592e+02  ,-1.389799783437e+02  ,-1.402016060245e+02  ,-1.407890119836e+02  ,-1.409517212995e+02  ,-1.417665426305e+02  ,-1.414444235764e+02  ,-1.417214632435e+02  ,-1.408110394402e+02  ,-1.400732199804e+02  
  4.000420871949e-06  ,-3.825653870123e+01  ,-3.809563018394e+01  ,-4.138860617014e+01  ,-4.880878622501e+01  ,-4.783485129601e+01  ,-5.094567163716e+01  ,-6.164755869447e+01  ,-6.546907630328e+01  ,-6.930335187596e+01  ,-7.309305588729e+01  ,-7.682780916125e+01  ,-8.060685593415e+01  ,-8.433246429694e+01  ,-8.803614438301e+01  ,-9.172068042006e+01  ,-9.538467151818e+01  ,-9.902479808710e+01  ,-1.026143549768e+02  ,-1.062426098388e+02  ,-1.098140265744e+02  ,-1.133053738976e+02  ,-1.168930503703e+02  ,-1.204024524506e+02  ,-1.238797181272e+02  ,-1.267692707100e+02  ,-1.290729312078e+02  ,-1.304577633777e+02  ,-1.319724844025e+02  ,-1.338634780312e+02  ,-1.356689309536e+02  ,-1.369873064322e+02  ,-1.383980136592e+02  ,-1.389799783437e+02  ,-1.402016060245e+02  ,-1.407890119836e+02  ,-1.409517212995e+02  ,-1.417665426305e+02  ,-1.414444235764e+02  ,-1.417214632435e+02  ,-1.408110394402e+02  ,-1.400732199804e+02  
  4.000520872711e-06  ,-3.825653870123e+01  ,-3.809563018394e+01  ,-4.138860617014e+01  ,-4.880878622501e+01  ,-4.783485129601e+01  ,-5.094567163716e+01  ,-6.164755869447e+01  ,-6.546907630328e+01  ,-6.930335187596e+01  ,-7.309305588729e+01  ,-7.682780916125e+01  ,-8.060685593415e+01  ,-8.433246429694e+01  ,-8.803614438301e+01  ,-9.172068042006e+01  ,-9.538467151818e+01  ,-9.902479808710e+01  ,-1.026143549768e+02  ,-1.062426098388e+02  ,-1.098140265744e+02  ,-1.133053738976e+02  ,-1.168930503703e+02  ,-1.204024524506e+02  ,-1.238797181272e+02  ,-1.267692707100e+02  ,-1.290729312078e+02  ,-1.304577633777e+02  ,-1.319724844025e+02  ,-1.338634780312e+02  ,-1.356689309536e+02  ,-1.369873064322e+02  ,-1.383980136592e+02  ,-1.389799783437e+02  ,-1.402016060245e+02  ,-1.407890119836e+02  ,-1.409517212995e+02  ,-1.417665426305e+02  ,-1.414444235764e+02  ,-1.417214632435e+02  ,-1.408110394402e+02  ,-1.400732199804e+02  
  4.000620873472e-06  ,-3.825653870123e+01  ,-3.809563018394e+01  ,-4.138860617014e+01  ,-4.880878622501e+01  ,-4.783485129601e+01  ,-5.094567163716e+01  ,-6.164755869447e+01  ,-6.546907630328e+01  ,-6.930335187596e+01  ,-7.309305588729e+01  ,-7.682780916125e+01  ,-8.060685593415e+01  ,-8.433246429694e+01  ,-8.803614438301e+01  ,-9.172068042006e+01  ,-9.538467151818e+01  ,-9.902479808710e+01  ,-1.026143549768e+02  ,-1.062426098388e+02  ,-1.098140265744e+02  ,-1.133053738976e+02  ,-1.168930503703e+02  ,-1.204024524506e+02  ,-1.238797181272e+02  ,-1.267692707100e+02  ,-1.290729312078e+02  ,-1.304577633777e+02  ,-1.319724844025e+02  ,-1.338634780312e+02  ,-1.356689309536e+02  ,-1.369873064322e+02  ,-1.383980136592e+02  ,-1.389799783437e+02  ,-1.402016060245e+02  ,-1.407890119836e+02  ,-1.409517212995e+02  ,-1.417665426305e+02  ,-1.414444235764e+02  ,-1.417214632435e+02  ,-1.408110394402e+02  ,-1.400732199804e+02  
  4.000720874234e-06  ,-3.825653870123e+01  ,-3.809563018394e+01  ,-4.138860617014e+01  ,-4.880878622501e+01  ,-4.783485129601e+01  ,-5.094567163716e+01  ,-6.164755869447e+01  ,-6.546907630328e+01  ,-6.930335187596e+01  ,-7.309305588729e+01  ,-7.682780916125e+01  ,-8.060685593415e+01  ,-8.433246429694e+01  ,-8.803614438301e+01  ,-9.172068042006e+01  ,-9.538467151818e+01  ,-9.902479808710e+01  ,-1.026143549768e+02  ,-1.062426098388e+02  ,-1.098140265744e+02  ,-1.133053738976e+02  ,-1.168930503703e+02  ,-1.204024524506e+02  ,-1.238797181272e+02  ,-1.267692707100e+02  ,-1.290729312078e+02  ,-1.304577633777e+02  ,-1.319724844025e+02  ,-1.338634780312e+02  ,-1.356689309536e+02  ,-1.369873064322e+02  ,-1.383980136592e+02  ,-1.389799783437e+02  ,-1.402016060245e+02  ,-1.407890119836e+02  ,-1.409517212995e+02  ,-1.417665426305e+02  ,-1.414444235764e+02  ,-1.417214632435e+02  ,-1.408110394402e+02  ,-1.400732199804e+02  
  4.000820874995e-06  ,-3.825653870123e+01  ,-3.809563018394e+01  ,-4.138860617014e+01  ,-4.880878622501e+01  ,-4.783485129601e+01  ,-5.094567163716e+01  ,-6.164755869447e+01  ,-6.546907630328e+01  ,-6.930335187596e+01  ,-7.309305588729e+01  ,-7.682780916125e+01  ,-8.060685593415e+01  ,-8.433246429694e+01  ,-8.803614438301e+01  ,-9.172068042006e+01  ,-9.538467151818e+01  ,-9.902479808710e+01  ,-1.026143549768e+02  ,-1.062426098388e+02  ,-1.098140265744e+02  ,-1.133053738976e+02  ,-1.168930503703e+02  ,-1.204024524506e+02  ,-1.238797181272e+02  ,-1.267692707100e+02  ,-1.290729312078e+02  ,-1.304577633777e+02  ,-1.319724844025e+02  ,-1.338634780312e+02  ,-1.356689309536e+02  ,-1.369873064322e+02  ,-1.383980136592e+02  ,-1.389799783437e+02  ,-1.402016060245e+02  ,-1.407890119836e+02  ,-1.409517212995e+02  ,-1.417665426305e+02  ,-1.414444235764e+02  ,-1.417214632435e+02  ,-1.408110394402e+02  ,-1.400732199804e+02  
  4.000920875757e-06  ,-3.825653870123e+01  ,-3.809563018394e+01  ,-4.138860617014e+01  ,-4.880878622501e+01  ,-4.783485129601e+01  ,-5.094567163716e+01  ,-6.164755869447e+01  ,-6.546907630328e+01  ,-6.930335187596e+01  ,-7.309305588729e+01  ,-7.682780916125e+01  ,-8.060685593415e+01  ,-8.433246429694e+01  ,-8.803614438301e+01  ,-9.172068042006e+01  ,-9.538467151818e+01  ,-9.902479808710e+01  ,-1.026143549768e+02  ,-1.062426098388e+02  ,-1.098140265744e+02  ,-1.133053738976e+02  ,-1.168930503703e+02  ,-1.204024524506e+02  ,-1.238797181272e+02  ,-1.267692707100e+02  ,-1.290729312078e+02  ,-1.304577633777e+02  ,-1.319724844025e+02  ,-1.338634780312e+02  ,-1.356689309536e+02  ,-1.369873064322e+02  ,-1.383980136592e+02  ,-1.389799783437e+02  ,-1.402016060245e+02  ,-1.407890119836e+02  ,-1.409517212995e+02  ,-1.417665426305e+02  ,-1.414444235764e+02  ,-1.417214632435e+02  ,-1.408110394402e+02  ,-1.400732199804e+02  
  4.001000000001e-06  ,-3.825653870123e+01  ,-3.809563018394e+01  ,-4.138860617014e+01  ,-4.880878622501e+01  ,-4.783485129601e+01  ,-5.094567163716e+01  ,-6.164755869447e+01  ,-6.546907630328e+01  ,-6.930335187596e+01  ,-7.309305588729e+01  ,-7.682780916125e+01  ,-8.060685593415e+01  ,-8.433246429694e+01  ,-8.803614438301e+01  ,-9.172068042006e+01  ,-9.538467151818e+01  ,-9.902479808710e+01  ,-1.026143549768e+02  ,-1.062426098388e+02  ,-1.098140265744e+02  ,-1.133053738976e+02  ,-1.168930503703e+02  ,-1.204024524506e+02  ,-1.238797181272e+02  ,-1.267692707100e+02  ,-1.290729312078e+02  ,-1.304577633777e+02  ,-1.319724844025e+02  ,-1.338634780312e+02  ,-1.356689309536e+02  ,-1.369873064322e+02  ,-1.383980136592e+02  ,-1.389799783437e+02  ,-1.402016060245e+02  ,-1.407890119836e+02  ,-1.409517212995e+02  ,-1.417665426305e+02  ,-1.414444235764e+02  ,-1.417214632435e+02  ,-1.408110394402e+02  ,-1.400732199804e+02  
  4.001010000077e-06  ,-3.825653870123e+01  ,-3.809563018394e+01  ,-4.138860617014e+01  ,-4.880878622501e+01  ,-4.783485129601e+01  ,-5.094567163716e+01  ,-6.164755869447e+01  ,-6.546907630328e+01  ,-6.930335187596e+01  ,-7.309305588729e+01  ,-7.682780916125e+01  ,-8.060685593415e+01  ,-8.433246429694e+01  ,-8.803614438301e+01  ,-9.172068042006e+01  ,-9.538467151818e+01  ,-9.902479808710e+01  ,-1.026143549768e+02  ,-1.062426098388e+02  ,-1.098140265744e+02  ,-1.133053738976e+02  ,-1.168930503703e+02  ,-1.204024524506e+02  ,-1.238797181272e+02  ,-1.267692707100e+02  ,-1.290729312078e+02  ,-1.304577633777e+02  ,-1.319724844025e+02  ,-1.338634780312e+02  ,-1.356689309536e+02  ,-1.369873064322e+02  ,-1.383980136592e+02  ,-1.389799783437e+02  ,-1.402016060245e+02  ,-1.407890119836e+02  ,-1.409517212995e+02  ,-1.417665426305e+02  ,-1.414444235764e+02  ,-1.417214632435e+02  ,-1.408110394402e+02  ,-1.400732199804e+02  
  4.001020000153e-06  ,-3.825653870123e+01  ,-3.809563018394e+01  ,-4.138860617014e+01  ,-4.880878622501e+01  ,-4.783485129601e+01  ,-5.094567163716e+01  ,-6.164755869447e+01  ,-6.546907630328e+01  ,-6.930335187596e+01  ,-7.309305588729e+01  ,-7.682780916125e+01  ,-8.060685593415e+01  ,-8.433246429694e+01  ,-8.803614438301e+01  ,-9.172068042006e+01  ,-9.538467151818e+01  ,-9.902479808710e+01  ,-1.026143549768e+02  ,-1.062426098388e+02  ,-1.098140265744e+02  ,-1.133053738976e+02  ,-1.168930503703e+02  ,-1.204024524506e+02  ,-1.238797181272e+02  ,-1.267692707100e+02  ,-1.290729312078e+02  ,-1.304577633777e+02  ,-1.319724844025e+02  ,-1.338634780312e+02  ,-1.356689309536e+02  ,-1.369873064322e+02  ,-1.383980136592e+02  ,-1.389799783437e+02  ,-1.402016060245e+02  ,-1.407890119836e+02  ,-1.409517212995e+02  ,-1.417665426305e+02  ,-1.414444235764e+02  ,-1.417214632435e+02  ,-1.408110394402e+02  ,-1.400732199804e+02  
  4.001040000306e-06  ,-3.825653870123e+01  ,-3.809563018394e+01  ,-4.138860617014e+01  ,-4.880878622501e+01  ,-4.783485129601e+01  ,-5.094567163716e+01  ,-6.164755869447e+01  ,-6.546907630328e+01  ,-6.930335187596e+01  ,-7.309305588729e+01  ,-7.682780916125e+01  ,-8.060685593415e+01  ,-8.433246429694e+01  ,-8.803614438301e+01  ,-9.172068042006e+01  ,-9.538467151818e+01  ,-9.902479808710e+01  ,-1.026143549768e+02  ,-1.062426098388e+02  ,-1.098140265744e+02  ,-1.133053738976e+02  ,-1.168930503703e+02  ,-1.204024524506e+02  ,-1.238797181272e+02  ,-1.267692707100e+02  ,-1.290729312078e+02  ,-1.304577633777e+02  ,-1.319724844025e+02  ,-1.338634780312e+02  ,-1.356689309536e+02  ,-1.369873064322e+02  ,-1.383980136592e+02  ,-1.389799783437e+02  ,-1.402016060245e+02  ,-1.407890119836e+02  ,-1.409517212995e+02  ,-1.417665426305e+02  ,-1.414444235764e+02  ,-1.417214632435e+02  ,-1.408110394402e+02  ,-1.400732199804e+02  
  4.001080000610e-06  ,-3.825653870123e+01  ,-3.809563018394e+01  ,-4.138860617014e+01  ,-4.880878622501e+01  ,-4.783485129601e+01  ,-5.094567163716e+01  ,-6.164755869447e+01  ,-6.546907630328e+01  ,-6.930335187596e+01  ,-7.309305588729e+01  ,-7.682780916125e+01  ,-8.060685593415e+01  ,-8.433246429694e+01  ,-8.803614438301e+01  ,-9.172068042006e+01  ,-9.538467151818e+01  ,-9.902479808710e+01  ,-1.026143549768e+02  ,-1.062426098388e+02  ,-1.098140265744e+02  ,-1.133053738976e+02  ,-1.168930503703e+02  ,-1.204024524506e+02  ,-1.238797181272e+02  ,-1.267692707100e+02  ,-1.290729312078e+02  ,-1.304577633777e+02  ,-1.319724844025e+02  ,-1.338634780312e+02  ,-1.356689309536e+02  ,-1.369873064322e+02  ,-1.383980136592e+02  ,-1.389799783437e+02  ,-1.402016060245e+02  ,-1.407890119836e+02  ,-1.409517212995e+02  ,-1.417665426305e+02  ,-1.414444235764e+02  ,-1.417214632435e+02  ,-1.408110394402e+02  ,-1.400732199804e+02  
  4.001160001219e-06  ,-3.825653870123e+01  ,-3.809563018394e+01  ,-4.138860617014e+01  ,-4.880878622501e+01  ,-4.783485129601e+01  ,-5.094567163716e+01  ,-6.164755869447e+01  ,-6.546907630328e+01  ,-6.930335187596e+01  ,-7.309305588729e+01  ,-7.682780916125e+01  ,-8.060685593415e+01  ,-8.433246429694e+01  ,-8.803614438301e+01  ,-9.172068042006e+01  ,-9.538467151818e+01  ,-9.902479808710e+01  ,-1.026143549768e+02  ,-1.062426098388e+02  ,-1.098140265744e+02  ,-1.133053738976e+02  ,-1.168930503703e+02  ,-1.204024524506e+02  ,-1.238797181272e+02  ,-1.267692707100e+02  ,-1.290729312078e+02  ,-1.304577633777e+02  ,-1.319724844025e+02  ,-1.338634780312e+02  ,-1.356689309536e+02  ,-1.369873064322e+02  ,-1.383980136592e+02  ,-1.389799783437e+02  ,-1.402016060245e+02  ,-1.407890119836e+02  ,-1.409517212995e+02  ,-1.417665426305e+02  ,-1.414444235764e+02  ,-1.417214632435e+02  ,-1.408110394402e+02  ,-1.400732199804e+02  
  4.001260001981e-06  ,-3.825653870123e+01  ,-3.809563018394e+01  ,-4.138860617014e+01  ,-4.880878622501e+01  ,-4.783485129601e+01  ,-5.094567163716e+01  ,-6.164755869447e+01  ,-6.546907630328e+01  ,-6.930335187596e+01  ,-7.309305588729e+01  ,-7.682780916125e+01  ,-8.060685593415e+01  ,-8.433246429694e+01  ,-8.803614438301e+01  ,-9.172068042006e+01  ,-9.538467151818e+01  ,-9.902479808710e+01  ,-1.026143549768e+02  ,-1.062426098388e+02  ,-1.098140265744e+02  ,-1.133053738976e+02  ,-1.168930503703e+02  ,-1.204024524506e+02  ,-1.238797181272e+02  ,-1.267692707100e+02  ,-1.290729312078e+02  ,-1.304577633777e+02  ,-1.319724844025e+02  ,-1.338634780312e+02  ,-1.356689309536e+02  ,-1.369873064322e+02  ,-1.383980136592e+02  ,-1.389799783437e+02  ,-1.402016060245e+02  ,-1.407890119836e+02  ,-1.409517212995e+02  ,-1.417665426305e+02  ,-1.414444235764e+02  ,-1.417214632435e+02  ,-1.408110394402e+02  ,-1.400732199804e+02  
  4.001360002742e-06  ,-3.825653870123e+01  ,-3.809563018394e+01  ,-4.138860617014e+01  ,-4.880878622501e+01  ,-4.783485129601e+01  ,-5.094567163716e+01  ,-6.164755869447e+01  ,-6.546907630328e+01  ,-6.930335187596e+01  ,-7.309305588729e+01  ,-7.682780916125e+01  ,-8.060685593415e+01  ,-8.433246429694e+01  ,-8.803614438301e+01  ,-9.172068042006e+01  ,-9.538467151818e+01  ,-9.902479808710e+01  ,-1.026143549768e+02  ,-1.062426098388e+02  ,-1.098140265744e+02  ,-1.133053738976e+02  ,-1.168930503703e+02  ,-1.204024524506e+02  ,-1.238797181272e+02  ,-1.267692707100e+02  ,-1.290729312078e+02  ,-1.304577633777e+02  ,-1.319724844025e+02  ,-1.338634780312e+02  ,-1.356689309536e+02  ,-1.369873064322e+02  ,-1.383980136592e+02  ,-1.389799783437e+02  ,-1.402016060245e+02  ,-1.407890119836e+02  ,-1.409517212995e+02  ,-1.417665426305e+02  ,-1.414444235764e+02  ,-1.417214632435e+02  ,-1.408110394402e+02  ,-1.400732199804e+02  
  4.001460003504e-06  ,-3.825653870123e+01  ,-3.809563018394e+01  ,-4.138860617014e+01  ,-4.880878622501e+01  ,-4.783485129601e+01  ,-5.094567163716e+01  ,-6.164755869447e+01  ,-6.546907630328e+01  ,-6.930335187596e+01  ,-7.309305588729e+01  ,-7.682780916125e+01  ,-8.060685593415e+01  ,-8.433246429694e+01  ,-8.803614438301e+01  ,-9.172068042006e+01  ,-9.538467151818e+01  ,-9.902479808710e+01  ,-1.026143549768e+02  ,-1.062426098388e+02  ,-1.098140265744e+02  ,-1.133053738976e+02  ,-1.168930503703e+02  ,-1.204024524506e+02  ,-1.238797181272e+02  ,-1.267692707100e+02  ,-1.290729312078e+02  ,-1.304577633777e+02  ,-1.319724844025e+02  ,-1.338634780312e+02  ,-1.356689309536e+02  ,-1.369873064322e+02  ,-1.383980136592e+02  ,-1.389799783437e+02  ,-1.402016060245e+02  ,-1.407890119836e+02  ,-1.409517212995e+02  ,-1.417665426305e+02  ,-1.414444235764e+02  ,-1.417214632435e+02  ,-1.408110394402e+02  ,-1.400732199804e+02  
  4.001560004265e-06  ,-3.825653870123e+01  ,-3.809563018394e+01  ,-4.138860617014e+01  ,-4.880878622501e+01  ,-4.783485129601e+01  ,-5.094567163716e+01  ,-6.164755869447e+01  ,-6.546907630328e+01  ,-6.930335187596e+01  ,-7.309305588729e+01  ,-7.682780916125e+01  ,-8.060685593415e+01  ,-8.433246429694e+01  ,-8.803614438301e+01  ,-9.172068042006e+01  ,-9.538467151818e+01  ,-9.902479808710e+01  ,-1.026143549768e+02  ,-1.062426098388e+02  ,-1.098140265744e+02  ,-1.133053738976e+02  ,-1.168930503703e+02  ,-1.204024524506e+02  ,-1.238797181272e+02  ,-1.267692707100e+02  ,-1.290729312078e+02  ,-1.304577633777e+02  ,-1.319724844025e+02  ,-1.338634780312e+02  ,-1.356689309536e+02  ,-1.369873064322e+02  ,-1.383980136592e+02  ,-1.389799783437e+02  ,-1.402016060245e+02  ,-1.407890119836e+02  ,-1.409517212995e+02  ,-1.417665426305e+02  ,-1.414444235764e+02  ,-1.417214632435e+02  ,-1.408110394402e+02  ,-1.400732199804e+02  
  4.001660005027e-06  ,-3.825653870123e+01  ,-3.809563018394e+01  ,-4.138860617014e+01  ,-4.880878622501e+01  ,-4.783485129601e+01  ,-5.094567163716e+01  ,-6.164755869447e+01  ,-6.546907630328e+01  ,-6.930335187596e+01  ,-7.309305588729e+01  ,-7.682780916125e+01  ,-8.060685593415e+01  ,-8.433246429694e+01  ,-8.803614438301e+01  ,-9.172068042006e+01  ,-9.538467151818e+01  ,-9.902479808710e+01  ,-1.026143549768e+02  ,-1.062426098388e+02  ,-1.098140265744e+02  ,-1.133053738976e+02  ,-1.168930503703e+02  ,-1.204024524506e+02  ,-1.238797181272e+02  ,-1.267692707100e+02  ,-1.290729312078e+02  ,-1.304577633777e+02  ,-1.319724844025e+02  ,-1.338634780312e+02  ,-1.356689309536e+02  ,-1.369873064322e+02  ,-1.383980136592e+02  ,-1.389799783437e+02  ,-1.402016060245e+02  ,-1.407890119836e+02  ,-1.409517212995e+02  ,-1.417665426305e+02  ,-1.414444235764e+02  ,-1.417214632435e+02  ,-1.408110394402e+02  ,-1.400732199804e+02  
  4.001760005788e-06  ,-3.825653870123e+01  ,-3.809563018394e+01  ,-4.138860617014e+01  ,-4.880878622501e+01  ,-4.783485129601e+01  ,-5.094567163716e+01  ,-6.164755869447e+01  ,-6.546907630328e+01  ,-6.930335187596e+01  ,-7.309305588729e+01  ,-7.682780916125e+01  ,-8.060685593415e+01  ,-8.433246429694e+01  ,-8.803614438301e+01  ,-9.172068042006e+01  ,-9.538467151818e+01  ,-9.902479808710e+01  ,-1.026143549768e+02  ,-1.062426098388e+02  ,-1.098140265744e+02  ,-1.133053738976e+02  ,-1.168930503703e+02  ,-1.204024524506e+02  ,-1.238797181272e+02  ,-1.267692707100e+02  ,-1.290729312078e+02  ,-1.304577633777e+02  ,-1.319724844025e+02  ,-1.338634780312e+02  ,-1.356689309536e+02  ,-1.369873064322e+02  ,-1.383980136592e+02  ,-1.389799783437e+02  ,-1.402016060245e+02  ,-1.407890119836e+02  ,-1.409517212995e+02  ,-1.417665426305e+02  ,-1.414444235764e+02  ,-1.417214632435e+02  ,-1.408110394402e+02  ,-1.400732199804e+02  
  4.001860006549e-06  ,-3.825653870123e+01  ,-3.809563018394e+01  ,-4.138860617014e+01  ,-4.880878622501e+01  ,-4.783485129601e+01  ,-5.094567163716e+01  ,-6.164755869447e+01  ,-6.546907630328e+01  ,-6.930335187596e+01  ,-7.309305588729e+01  ,-7.682780916125e+01  ,-8.060685593415e+01  ,-8.433246429694e+01  ,-8.803614438301e+01  ,-9.172068042006e+01  ,-9.538467151818e+01  ,-9.902479808710e+01  ,-1.026143549768e+02  ,-1.062426098388e+02  ,-1.098140265744e+02  ,-1.133053738976e+02  ,-1.168930503703e+02  ,-1.204024524506e+02  ,-1.238797181272e+02  ,-1.267692707100e+02  ,-1.290729312078e+02  ,-1.304577633777e+02  ,-1.319724844025e+02  ,-1.338634780312e+02  ,-1.356689309536e+02  ,-1.369873064322e+02  ,-1.383980136592e+02  ,-1.389799783437e+02  ,-1.402016060245e+02  ,-1.407890119836e+02  ,-1.409517212995e+02  ,-1.417665426305e+02  ,-1.414444235764e+02  ,-1.417214632435e+02  ,-1.408110394402e+02  ,-1.400732199804e+02  
  4.001960007311e-06  ,-3.825653870123e+01  ,-3.809563018394e+01  ,-4.138860617014e+01  ,-4.880878622501e+01  ,-4.783485129601e+01  ,-5.094567163716e+01  ,-6.164755869447e+01  ,-6.546907630328e+01  ,-6.930335187596e+01  ,-7.309305588729e+01  ,-7.682780916125e+01  ,-8.060685593415e+01  ,-8.433246429694e+01  ,-8.803614438301e+01  ,-9.172068042006e+01  ,-9.538467151818e+01  ,-9.902479808710e+01  ,-1.026143549768e+02  ,-1.062426098388e+02  ,-1.098140265744e+02  ,-1.133053738976e+02  ,-1.168930503703e+02  ,-1.204024524506e+02  ,-1.238797181272e+02  ,-1.267692707100e+02  ,-1.290729312078e+02  ,-1.304577633777e+02  ,-1.319724844025e+02  ,-1.338634780312e+02  ,-1.356689309536e+02  ,-1.369873064322e+02  ,-1.383980136592e+02  ,-1.389799783437e+02  ,-1.402016060245e+02  ,-1.407890119836e+02  ,-1.409517212995e+02  ,-1.417665426305e+02  ,-1.414444235764e+02  ,-1.417214632435e+02  ,-1.408110394402e+02  ,-1.400732199804e+02  
  4.002060008072e-06  ,-3.825653870123e+01  ,-3.809563018394e+01  ,-4.138860617014e+01  ,-4.880878622501e+01  ,-4.783485129601e+01  ,-5.094567163716e+01  ,-6.164755869447e+01  ,-6.546907630328e+01  ,-6.930335187596e+01  ,-7.309305588729e+01  ,-7.682780916125e+01  ,-8.060685593415e+01  ,-8.433246429694e+01  ,-8.803614438301e+01  ,-9.172068042006e+01  ,-9.538467151818e+01  ,-9.902479808710e+01  ,-1.026143549768e+02  ,-1.062426098388e+02  ,-1.098140265744e+02  ,-1.133053738976e+02  ,-1.168930503703e+02  ,-1.204024524506e+02  ,-1.238797181272e+02  ,-1.267692707100e+02  ,-1.290729312078e+02  ,-1.304577633777e+02  ,-1.319724844025e+02  ,-1.338634780312e+02  ,-1.356689309536e+02  ,-1.369873064322e+02  ,-1.383980136592e+02  ,-1.389799783437e+02  ,-1.402016060245e+02  ,-1.407890119836e+02  ,-1.409517212995e+02  ,-1.417665426305e+02  ,-1.414444235764e+02  ,-1.417214632435e+02  ,-1.408110394402e+02  ,-1.400732199804e+02  
  4.002160008834e-06  ,-3.825653870123e+01  ,-3.809563018394e+01  ,-4.138860617014e+01  ,-4.880878622501e+01  ,-4.783485129601e+01  ,-5.094567163716e+01  ,-6.164755869447e+01  ,-6.546907630328e+01  ,-6.930335187596e+01  ,-7.309305588729e+01  ,-7.682780916125e+01  ,-8.060685593415e+01  ,-8.433246429694e+01  ,-8.803614438301e+01  ,-9.172068042006e+01  ,-9.538467151818e+01  ,-9.902479808710e+01  ,-1.026143549768e+02  ,-1.062426098388e+02  ,-1.098140265744e+02  ,-1.133053738976e+02  ,-1.168930503703e+02  ,-1.204024524506e+02  ,-1.238797181272e+02  ,-1.267692707100e+02  ,-1.290729312078e+02  ,-1.304577633777e+02  ,-1.319724844025e+02  ,-1.338634780312e+02  ,-1.356689309536e+02  ,-1.369873064322e+02  ,-1.383980136592e+02  ,-1.389799783437e+02  ,-1.402016060245e+02  ,-1.407890119836e+02  ,-1.409517212995e+02  ,-1.417665426305e+02  ,-1.414444235764e+02  ,-1.417214632435e+02  ,-1.408110394402e+02  ,-1.400732199804e+02  
  4.002260009595e-06  ,-3.825653870123e+01  ,-3.809563018394e+01  ,-4.138860617014e+01  ,-4.880878622501e+01  ,-4.783485129601e+01  ,-5.094567163716e+01  ,-6.164755869447e+01  ,-6.546907630328e+01  ,-6.930335187596e+01  ,-7.309305588729e+01  ,-7.682780916125e+01  ,-8.060685593415e+01  ,-8.433246429694e+01  ,-8.803614438301e+01  ,-9.172068042006e+01  ,-9.538467151818e+01  ,-9.902479808710e+01  ,-1.026143549768e+02  ,-1.062426098388e+02  ,-1.098140265744e+02  ,-1.133053738976e+02  ,-1.168930503703e+02  ,-1.204024524506e+02  ,-1.238797181272e+02  ,-1.267692707100e+02  ,-1.290729312078e+02  ,-1.304577633777e+02  ,-1.319724844025e+02  ,-1.338634780312e+02  ,-1.356689309536e+02  ,-1.369873064322e+02  ,-1.383980136592e+02  ,-1.389799783437e+02  ,-1.402016060245e+02  ,-1.407890119836e+02  ,-1.409517212995e+02  ,-1.417665426305e+02  ,-1.414444235764e+02  ,-1.417214632435e+02  ,-1.408110394402e+02  ,-1.400732199804e+02  
  4.002360010357e-06  ,-3.825653870123e+01  ,-3.809563018394e+01  ,-4.138860617014e+01  ,-4.880878622501e+01  ,-4.783485129601e+01  ,-5.094567163716e+01  ,-6.164755869447e+01  ,-6.546907630328e+01  ,-6.930335187596e+01  ,-7.309305588729e+01  ,-7.682780916125e+01  ,-8.060685593415e+01  ,-8.433246429694e+01  ,-8.803614438301e+01  ,-9.172068042006e+01  ,-9.538467151818e+01  ,-9.902479808710e+01  ,-1.026143549768e+02  ,-1.062426098388e+02  ,-1.098140265744e+02  ,-1.133053738976e+02  ,-1.168930503703e+02  ,-1.204024524506e+02  ,-1.238797181272e+02  ,-1.267692707100e+02  ,-1.290729312078e+02  ,-1.304577633777e+02  ,-1.319724844025e+02  ,-1.338634780312e+02  ,-1.356689309536e+02  ,-1.369873064322e+02  ,-1.383980136592e+02  ,-1.389799783437e+02  ,-1.402016060245e+02  ,-1.407890119836e+02  ,-1.409517212995e+02  ,-1.417665426305e+02  ,-1.414444235764e+02  ,-1.417214632435e+02  ,-1.408110394402e+02  ,-1.400732199804e+02  
  4.002460011118e-06  ,-3.825653870123e+01  ,-3.809563018394e+01  ,-4.138860617014e+01  ,-4.880878622501e+01  ,-4.783485129601e+01  ,-5.094567163716e+01  ,-6.164755869447e+01  ,-6.546907630328e+01  ,-6.930335187596e+01  ,-7.309305588729e+01  ,-7.682780916125e+01  ,-8.060685593415e+01  ,-8.433246429694e+01  ,-8.803614438301e+01  ,-9.172068042006e+01  ,-9.538467151818e+01  ,-9.902479808710e+01  ,-1.026143549768e+02  ,-1.062426098388e+02  ,-1.098140265744e+02  ,-1.133053738976e+02  ,-1.168930503703e+02  ,-1.204024524506e+02  ,-1.238797181272e+02  ,-1.267692707100e+02  ,-1.290729312078e+02  ,-1.304577633777e+02  ,-1.319724844025e+02  ,-1.338634780312e+02  ,-1.356689309536e+02  ,-1.369873064322e+02  ,-1.383980136592e+02  ,-1.389799783437e+02  ,-1.402016060245e+02  ,-1.407890119836e+02  ,-1.409517212995e+02  ,-1.417665426305e+02  ,-1.414444235764e+02  ,-1.417214632435e+02  ,-1.408110394402e+02  ,-1.400732199804e+02  
  4.002560011880e-06  ,-3.825653870123e+01  ,-3.809563018394e+01  ,-4.138860617014e+01  ,-4.880878622501e+01  ,-4.783485129601e+01  ,-5.094567163716e+01  ,-6.164755869447e+01  ,-6.546907630328e+01  ,-6.930335187596e+01  ,-7.309305588729e+01  ,-7.682780916125e+01  ,-8.060685593415e+01  ,-8.433246429694e+01  ,-8.803614438301e+01  ,-9.172068042006e+01  ,-9.538467151818e+01  ,-9.902479808710e+01  ,-1.026143549768e+02  ,-1.062426098388e+02  ,-1.098140265744e+02  ,-1.133053738976e+02  ,-1.168930503703e+02  ,-1.204024524506e+02  ,-1.238797181272e+02  ,-1.267692707100e+02  ,-1.290729312078e+02  ,-1.304577633777e+02  ,-1.319724844025e+02  ,-1.338634780312e+02  ,-1.356689309536e+02  ,-1.369873064322e+02  ,-1.383980136592e+02  ,-1.389799783437e+02  ,-1.402016060245e+02  ,-1.407890119836e+02  ,-1.409517212995e+02  ,-1.417665426305e+02  ,-1.414444235764e+02  ,-1.417214632435e+02  ,-1.408110394402e+02  ,-1.400732199804e+02  
  4.002660012641e-06  ,-3.825653870123e+01  ,-3.809563018394e+01  ,-4.138860617014e+01  ,-4.880878622501e+01  ,-4.783485129601e+01  ,-5.094567163716e+01  ,-6.164755869447e+01  ,-6.546907630328e+01  ,-6.930335187596e+01  ,-7.309305588729e+01  ,-7.682780916125e+01  ,-8.060685593415e+01  ,-8.433246429694e+01  ,-8.803614438301e+01  ,-9.172068042006e+01  ,-9.538467151818e+01  ,-9.902479808710e+01  ,-1.026143549768e+02  ,-1.062426098388e+02  ,-1.098140265744e+02  ,-1.133053738976e+02  ,-1.168930503703e+02  ,-1.204024524506e+02  ,-1.238797181272e+02  ,-1.267692707100e+02  ,-1.290729312078e+02  ,-1.304577633777e+02  ,-1.319724844025e+02  ,-1.338634780312e+02  ,-1.356689309536e+02  ,-1.369873064322e+02  ,-1.383980136592e+02  ,-1.389799783437e+02  ,-1.402016060245e+02  ,-1.407890119836e+02  ,-1.409517212995e+02  ,-1.417665426305e+02  ,-1.414444235764e+02  ,-1.417214632435e+02  ,-1.408110394402e+02  ,-1.400732199804e+02  
  4.002760013402e-06  ,-3.825653870123e+01  ,-3.809563018394e+01  ,-4.138860617014e+01  ,-4.880878622501e+01  ,-4.783485129601e+01  ,-5.094567163716e+01  ,-6.164755869447e+01  ,-6.546907630328e+01  ,-6.930335187596e+01  ,-7.309305588729e+01  ,-7.682780916125e+01  ,-8.060685593415e+01  ,-8.433246429694e+01  ,-8.803614438301e+01  ,-9.172068042006e+01  ,-9.538467151818e+01  ,-9.902479808710e+01  ,-1.026143549768e+02  ,-1.062426098388e+02  ,-1.098140265744e+02  ,-1.133053738976e+02  ,-1.168930503703e+02  ,-1.204024524506e+02  ,-1.238797181272e+02  ,-1.267692707100e+02  ,-1.290729312078e+02  ,-1.304577633777e+02  ,-1.319724844025e+02  ,-1.338634780312e+02  ,-1.356689309536e+02  ,-1.369873064322e+02  ,-1.383980136592e+02  ,-1.389799783437e+02  ,-1.402016060245e+02  ,-1.407890119836e+02  ,-1.409517212995e+02  ,-1.417665426305e+02  ,-1.414444235764e+02  ,-1.417214632435e+02  ,-1.408110394402e+02  ,-1.400732199804e+02  
  4.002860014164e-06  ,-3.825653870123e+01  ,-3.809563018394e+01  ,-4.138860617014e+01  ,-4.880878622501e+01  ,-4.783485129601e+01  ,-5.094567163716e+01  ,-6.164755869447e+01  ,-6.546907630328e+01  ,-6.930335187596e+01  ,-7.309305588729e+01  ,-7.682780916125e+01  ,-8.060685593415e+01  ,-8.433246429694e+01  ,-8.803614438301e+01  ,-9.172068042006e+01  ,-9.538467151818e+01  ,-9.902479808710e+01  ,-1.026143549768e+02  ,-1.062426098388e+02  ,-1.098140265744e+02  ,-1.133053738976e+02  ,-1.168930503703e+02  ,-1.204024524506e+02  ,-1.238797181272e+02  ,-1.267692707100e+02  ,-1.290729312078e+02  ,-1.304577633777e+02  ,-1.319724844025e+02  ,-1.338634780312e+02  ,-1.356689309536e+02  ,-1.369873064322e+02  ,-1.383980136592e+02  ,-1.389799783437e+02  ,-1.402016060245e+02  ,-1.407890119836e+02  ,-1.409517212995e+02  ,-1.417665426305e+02  ,-1.414444235764e+02  ,-1.417214632435e+02  ,-1.408110394402e+02  ,-1.400732199804e+02  
  4.002960014925e-06  ,-3.825653870123e+01  ,-3.809563018394e+01  ,-4.138860617014e+01  ,-4.880878622501e+01  ,-4.783485129601e+01  ,-5.094567163716e+01  ,-6.164755869447e+01  ,-6.546907630328e+01  ,-6.930335187596e+01  ,-7.309305588729e+01  ,-7.682780916125e+01  ,-8.060685593415e+01  ,-8.433246429694e+01  ,-8.803614438301e+01  ,-9.172068042006e+01  ,-9.538467151818e+01  ,-9.902479808710e+01  ,-1.026143549768e+02  ,-1.062426098388e+02  ,-1.098140265744e+02  ,-1.133053738976e+02  ,-1.168930503703e+02  ,-1.204024524506e+02  ,-1.238797181272e+02  ,-1.267692707100e+02  ,-1.290729312078e+02  ,-1.304577633777e+02  ,-1.319724844025e+02  ,-1.338634780312e+02  ,-1.356689309536e+02  ,-1.369873064322e+02  ,-1.383980136592e+02  ,-1.389799783437e+02  ,-1.402016060245e+02  ,-1.407890119836e+02  ,-1.409517212995e+02  ,-1.417665426305e+02  ,-1.414444235764e+02  ,-1.417214632435e+02  ,-1.408110394402e+02  ,-1.400732199804e+02  
  4.003060015687e-06  ,-3.825653870123e+01  ,-3.809563018394e+01  ,-4.138860617014e+01  ,-4.880878622501e+01  ,-4.783485129601e+01  ,-5.094567163716e+01  ,-6.164755869447e+01  ,-6.546907630328e+01  ,-6.930335187596e+01  ,-7.309305588729e+01  ,-7.682780916125e+01  ,-8.060685593415e+01  ,-8.433246429694e+01  ,-8.803614438301e+01  ,-9.172068042006e+01  ,-9.538467151818e+01  ,-9.902479808710e+01  ,-1.026143549768e+02  ,-1.062426098388e+02  ,-1.098140265744e+02  ,-1.133053738976e+02  ,-1.168930503703e+02  ,-1.204024524506e+02  ,-1.238797181272e+02  ,-1.267692707100e+02  ,-1.290729312078e+02  ,-1.304577633777e+02  ,-1.319724844025e+02  ,-1.338634780312e+02  ,-1.356689309536e+02  ,-1.369873064322e+02  ,-1.383980136592e+02  ,-1.389799783437e+02  ,-1.402016060245e+02  ,-1.407890119836e+02  ,-1.409517212995e+02  ,-1.417665426305e+02  ,-1.414444235764e+02  ,-1.417214632435e+02  ,-1.408110394402e+02  ,-1.400732199804e+02  
  4.003160016448e-06  ,-3.825653870123e+01  ,-3.809563018394e+01  ,-4.138860617014e+01  ,-4.880878622501e+01  ,-4.783485129601e+01  ,-5.094567163716e+01  ,-6.164755869447e+01  ,-6.546907630328e+01  ,-6.930335187596e+01  ,-7.309305588729e+01  ,-7.682780916125e+01  ,-8.060685593415e+01  ,-8.433246429694e+01  ,-8.803614438301e+01  ,-9.172068042006e+01  ,-9.538467151818e+01  ,-9.902479808710e+01  ,-1.026143549768e+02  ,-1.062426098388e+02  ,-1.098140265744e+02  ,-1.133053738976e+02  ,-1.168930503703e+02  ,-1.204024524506e+02  ,-1.238797181272e+02  ,-1.267692707100e+02  ,-1.290729312078e+02  ,-1.304577633777e+02  ,-1.319724844025e+02  ,-1.338634780312e+02  ,-1.356689309536e+02  ,-1.369873064322e+02  ,-1.383980136592e+02  ,-1.389799783437e+02  ,-1.402016060245e+02  ,-1.407890119836e+02  ,-1.409517212995e+02  ,-1.417665426305e+02  ,-1.414444235764e+02  ,-1.417214632435e+02  ,-1.408110394402e+02  ,-1.400732199804e+02  
  4.003260017210e-06  ,-3.825653870123e+01  ,-3.809563018394e+01  ,-4.138860617014e+01  ,-4.880878622501e+01  ,-4.783485129601e+01  ,-5.094567163716e+01  ,-6.164755869447e+01  ,-6.546907630328e+01  ,-6.930335187596e+01  ,-7.309305588729e+01  ,-7.682780916125e+01  ,-8.060685593415e+01  ,-8.433246429694e+01  ,-8.803614438301e+01  ,-9.172068042006e+01  ,-9.538467151818e+01  ,-9.902479808710e+01  ,-1.026143549768e+02  ,-1.062426098388e+02  ,-1.098140265744e+02  ,-1.133053738976e+02  ,-1.168930503703e+02  ,-1.204024524506e+02  ,-1.238797181272e+02  ,-1.267692707100e+02  ,-1.290729312078e+02  ,-1.304577633777e+02  ,-1.319724844025e+02  ,-1.338634780312e+02  ,-1.356689309536e+02  ,-1.369873064322e+02  ,-1.383980136592e+02  ,-1.389799783437e+02  ,-1.402016060245e+02  ,-1.407890119836e+02  ,-1.409517212995e+02  ,-1.417665426305e+02  ,-1.414444235764e+02  ,-1.417214632435e+02  ,-1.408110394402e+02  ,-1.400732199804e+02  
  4.003360017971e-06  ,-3.825653870123e+01  ,-3.809563018394e+01  ,-4.138860617014e+01  ,-4.880878622501e+01  ,-4.783485129601e+01  ,-5.094567163716e+01  ,-6.164755869447e+01  ,-6.546907630328e+01  ,-6.930335187596e+01  ,-7.309305588729e+01  ,-7.682780916125e+01  ,-8.060685593415e+01  ,-8.433246429694e+01  ,-8.803614438301e+01  ,-9.172068042006e+01  ,-9.538467151818e+01  ,-9.902479808710e+01  ,-1.026143549768e+02  ,-1.062426098388e+02  ,-1.098140265744e+02  ,-1.133053738976e+02  ,-1.168930503703e+02  ,-1.204024524506e+02  ,-1.238797181272e+02  ,-1.267692707100e+02  ,-1.290729312078e+02  ,-1.304577633777e+02  ,-1.319724844025e+02  ,-1.338634780312e+02  ,-1.356689309536e+02  ,-1.369873064322e+02  ,-1.383980136592e+02  ,-1.389799783437e+02  ,-1.402016060245e+02  ,-1.407890119836e+02  ,-1.409517212995e+02  ,-1.417665426305e+02  ,-1.414444235764e+02  ,-1.417214632435e+02  ,-1.408110394402e+02  ,-1.400732199804e+02  
  4.003460018733e-06  ,-3.825653870123e+01  ,-3.809563018394e+01  ,-4.138860617014e+01  ,-4.880878622501e+01  ,-4.783485129601e+01  ,-5.094567163716e+01  ,-6.164755869447e+01  ,-6.546907630328e+01  ,-6.930335187596e+01  ,-7.309305588729e+01  ,-7.682780916125e+01  ,-8.060685593415e+01  ,-8.433246429694e+01  ,-8.803614438301e+01  ,-9.172068042006e+01  ,-9.538467151818e+01  ,-9.902479808710e+01  ,-1.026143549768e+02  ,-1.062426098388e+02  ,-1.098140265744e+02  ,-1.133053738976e+02  ,-1.168930503703e+02  ,-1.204024524506e+02  ,-1.238797181272e+02  ,-1.267692707100e+02  ,-1.290729312078e+02  ,-1.304577633777e+02  ,-1.319724844025e+02  ,-1.338634780312e+02  ,-1.356689309536e+02  ,-1.369873064322e+02  ,-1.383980136592e+02  ,-1.389799783437e+02  ,-1.402016060245e+02  ,-1.407890119836e+02  ,-1.409517212995e+02  ,-1.417665426305e+02  ,-1.414444235764e+02  ,-1.417214632435e+02  ,-1.408110394402e+02  ,-1.400732199804e+02  
  4.003560019494e-06  ,-3.825653870123e+01  ,-3.809563018394e+01  ,-4.138860617014e+01  ,-4.880878622501e+01  ,-4.783485129601e+01  ,-5.094567163716e+01  ,-6.164755869447e+01  ,-6.546907630328e+01  ,-6.930335187596e+01  ,-7.309305588729e+01  ,-7.682780916125e+01  ,-8.060685593415e+01  ,-8.433246429694e+01  ,-8.803614438301e+01  ,-9.172068042006e+01  ,-9.538467151818e+01  ,-9.902479808710e+01  ,-1.026143549768e+02  ,-1.062426098388e+02  ,-1.098140265744e+02  ,-1.133053738976e+02  ,-1.168930503703e+02  ,-1.204024524506e+02  ,-1.238797181272e+02  ,-1.267692707100e+02  ,-1.290729312078e+02  ,-1.304577633777e+02  ,-1.319724844025e+02  ,-1.338634780312e+02  ,-1.356689309536e+02  ,-1.369873064322e+02  ,-1.383980136592e+02  ,-1.389799783437e+02  ,-1.402016060245e+02  ,-1.407890119836e+02  ,-1.409517212995e+02  ,-1.417665426305e+02  ,-1.414444235764e+02  ,-1.417214632435e+02  ,-1.408110394402e+02  ,-1.400732199804e+02  
  4.003660020256e-06  ,-3.825653870123e+01  ,-3.809563018394e+01  ,-4.138860617014e+01  ,-4.880878622501e+01  ,-4.783485129601e+01  ,-5.094567163716e+01  ,-6.164755869447e+01  ,-6.546907630328e+01  ,-6.930335187596e+01  ,-7.309305588729e+01  ,-7.682780916125e+01  ,-8.060685593415e+01  ,-8.433246429694e+01  ,-8.803614438301e+01  ,-9.172068042006e+01  ,-9.538467151818e+01  ,-9.902479808710e+01  ,-1.026143549768e+02  ,-1.062426098388e+02  ,-1.098140265744e+02  ,-1.133053738976e+02  ,-1.168930503703e+02  ,-1.204024524506e+02  ,-1.238797181272e+02  ,-1.267692707100e+02  ,-1.290729312078e+02  ,-1.304577633777e+02  ,-1.319724844025e+02  ,-1.338634780312e+02  ,-1.356689309536e+02  ,-1.369873064322e+02  ,-1.383980136592e+02  ,-1.389799783437e+02  ,-1.402016060245e+02  ,-1.407890119836e+02  ,-1.409517212995e+02  ,-1.417665426305e+02  ,-1.414444235764e+02  ,-1.417214632435e+02  ,-1.408110394402e+02  ,-1.400732199804e+02  
  4.003760021017e-06  ,-3.825653870123e+01  ,-3.809563018394e+01  ,-4.138860617014e+01  ,-4.880878622501e+01  ,-4.783485129601e+01  ,-5.094567163716e+01  ,-6.164755869447e+01  ,-6.546907630328e+01  ,-6.930335187596e+01  ,-7.309305588729e+01  ,-7.682780916125e+01  ,-8.060685593415e+01  ,-8.433246429694e+01  ,-8.803614438301e+01  ,-9.172068042006e+01  ,-9.538467151818e+01  ,-9.902479808710e+01  ,-1.026143549768e+02  ,-1.062426098388e+02  ,-1.098140265744e+02  ,-1.133053738976e+02  ,-1.168930503703e+02  ,-1.204024524506e+02  ,-1.238797181272e+02  ,-1.267692707100e+02  ,-1.290729312078e+02  ,-1.304577633777e+02  ,-1.319724844025e+02  ,-1.338634780312e+02  ,-1.356689309536e+02  ,-1.369873064322e+02  ,-1.383980136592e+02  ,-1.389799783437e+02  ,-1.402016060245e+02  ,-1.407890119836e+02  ,-1.409517212995e+02  ,-1.417665426305e+02  ,-1.414444235764e+02  ,-1.417214632435e+02  ,-1.408110394402e+02  ,-1.400732199804e+02  
  4.003860021778e-06  ,-3.825653870123e+01  ,-3.809563018394e+01  ,-4.138860617014e+01  ,-4.880878622501e+01  ,-4.783485129601e+01  ,-5.094567163716e+01  ,-6.164755869447e+01  ,-6.546907630328e+01  ,-6.930335187596e+01  ,-7.309305588729e+01  ,-7.682780916125e+01  ,-8.060685593415e+01  ,-8.433246429694e+01  ,-8.803614438301e+01  ,-9.172068042006e+01  ,-9.538467151818e+01  ,-9.902479808710e+01  ,-1.026143549768e+02  ,-1.062426098388e+02  ,-1.098140265744e+02  ,-1.133053738976e+02  ,-1.168930503703e+02  ,-1.204024524506e+02  ,-1.238797181272e+02  ,-1.267692707100e+02  ,-1.290729312078e+02  ,-1.304577633777e+02  ,-1.319724844025e+02  ,-1.338634780312e+02  ,-1.356689309536e+02  ,-1.369873064322e+02  ,-1.383980136592e+02  ,-1.389799783437e+02  ,-1.402016060245e+02  ,-1.407890119836e+02  ,-1.409517212995e+02  ,-1.417665426305e+02  ,-1.414444235764e+02  ,-1.417214632435e+02  ,-1.408110394402e+02  ,-1.400732199804e+02  
  4.003960022540e-06  ,-3.825653870123e+01  ,-3.809563018394e+01  ,-4.138860617014e+01  ,-4.880878622501e+01  ,-4.783485129601e+01  ,-5.094567163716e+01  ,-6.164755869447e+01  ,-6.546907630328e+01  ,-6.930335187596e+01  ,-7.309305588729e+01  ,-7.682780916125e+01  ,-8.060685593415e+01  ,-8.433246429694e+01  ,-8.803614438301e+01  ,-9.172068042006e+01  ,-9.538467151818e+01  ,-9.902479808710e+01  ,-1.026143549768e+02  ,-1.062426098388e+02  ,-1.098140265744e+02  ,-1.133053738976e+02  ,-1.168930503703e+02  ,-1.204024524506e+02  ,-1.238797181272e+02  ,-1.267692707100e+02  ,-1.290729312078e+02  ,-1.304577633777e+02  ,-1.319724844025e+02  ,-1.338634780312e+02  ,-1.356689309536e+02  ,-1.369873064322e+02  ,-1.383980136592e+02  ,-1.389799783437e+02  ,-1.402016060245e+02  ,-1.407890119836e+02  ,-1.409517212995e+02  ,-1.417665426305e+02  ,-1.414444235764e+02  ,-1.417214632435e+02  ,-1.408110394402e+02  ,-1.400732199804e+02  
  4.004060023301e-06  ,-3.825653870123e+01  ,-3.809563018394e+01  ,-4.138860617014e+01  ,-4.880878622501e+01  ,-4.783485129601e+01  ,-5.094567163716e+01  ,-6.164755869447e+01  ,-6.546907630328e+01  ,-6.930335187596e+01  ,-7.309305588729e+01  ,-7.682780916125e+01  ,-8.060685593415e+01  ,-8.433246429694e+01  ,-8.803614438301e+01  ,-9.172068042006e+01  ,-9.538467151818e+01  ,-9.902479808710e+01  ,-1.026143549768e+02  ,-1.062426098388e+02  ,-1.098140265744e+02  ,-1.133053738976e+02  ,-1.168930503703e+02  ,-1.204024524506e+02  ,-1.238797181272e+02  ,-1.267692707100e+02  ,-1.290729312078e+02  ,-1.304577633777e+02  ,-1.319724844025e+02  ,-1.338634780312e+02  ,-1.356689309536e+02  ,-1.369873064322e+02  ,-1.383980136592e+02  ,-1.389799783437e+02  ,-1.402016060245e+02  ,-1.407890119836e+02  ,-1.409517212995e+02  ,-1.417665426305e+02  ,-1.414444235764e+02  ,-1.417214632435e+02  ,-1.408110394402e+02  ,-1.400732199804e+02  
  4.004160024063e-06  ,-3.825653870123e+01  ,-3.809563018394e+01  ,-4.138860617014e+01  ,-4.880878622501e+01  ,-4.783485129601e+01  ,-5.094567163716e+01  ,-6.164755869447e+01  ,-6.546907630328e+01  ,-6.930335187596e+01  ,-7.309305588729e+01  ,-7.682780916125e+01  ,-8.060685593415e+01  ,-8.433246429694e+01  ,-8.803614438301e+01  ,-9.172068042006e+01  ,-9.538467151818e+01  ,-9.902479808710e+01  ,-1.026143549768e+02  ,-1.062426098388e+02  ,-1.098140265744e+02  ,-1.133053738976e+02  ,-1.168930503703e+02  ,-1.204024524506e+02  ,-1.238797181272e+02  ,-1.267692707100e+02  ,-1.290729312078e+02  ,-1.304577633777e+02  ,-1.319724844025e+02  ,-1.338634780312e+02  ,-1.356689309536e+02  ,-1.369873064322e+02  ,-1.383980136592e+02  ,-1.389799783437e+02  ,-1.402016060245e+02  ,-1.407890119836e+02  ,-1.409517212995e+02  ,-1.417665426305e+02  ,-1.414444235764e+02  ,-1.417214632435e+02  ,-1.408110394402e+02  ,-1.400732199804e+02  
  4.004260024824e-06  ,-3.825653870123e+01  ,-3.809563018394e+01  ,-4.138860617014e+01  ,-4.880878622501e+01  ,-4.783485129601e+01  ,-5.094567163716e+01  ,-6.164755869447e+01  ,-6.546907630328e+01  ,-6.930335187596e+01  ,-7.309305588729e+01  ,-7.682780916125e+01  ,-8.060685593415e+01  ,-8.433246429694e+01  ,-8.803614438301e+01  ,-9.172068042006e+01  ,-9.538467151818e+01  ,-9.902479808710e+01  ,-1.026143549768e+02  ,-1.062426098388e+02  ,-1.098140265744e+02  ,-1.133053738976e+02  ,-1.168930503703e+02  ,-1.204024524506e+02  ,-1.238797181272e+02  ,-1.267692707100e+02  ,-1.290729312078e+02  ,-1.304577633777e+02  ,-1.319724844025e+02  ,-1.338634780312e+02  ,-1.356689309536e+02  ,-1.369873064322e+02  ,-1.383980136592e+02  ,-1.389799783437e+02  ,-1.402016060245e+02  ,-1.407890119836e+02  ,-1.409517212995e+02  ,-1.417665426305e+02  ,-1.414444235764e+02  ,-1.417214632435e+02  ,-1.408110394402e+02  ,-1.400732199804e+02  
  4.004360025586e-06  ,-3.825653870123e+01  ,-3.809563018394e+01  ,-4.138860617014e+01  ,-4.880878622501e+01  ,-4.783485129601e+01  ,-5.094567163716e+01  ,-6.164755869447e+01  ,-6.546907630328e+01  ,-6.930335187596e+01  ,-7.309305588729e+01  ,-7.682780916125e+01  ,-8.060685593415e+01  ,-8.433246429694e+01  ,-8.803614438301e+01  ,-9.172068042006e+01  ,-9.538467151818e+01  ,-9.902479808710e+01  ,-1.026143549768e+02  ,-1.062426098388e+02  ,-1.098140265744e+02  ,-1.133053738976e+02  ,-1.168930503703e+02  ,-1.204024524506e+02  ,-1.238797181272e+02  ,-1.267692707100e+02  ,-1.290729312078e+02  ,-1.304577633777e+02  ,-1.319724844025e+02  ,-1.338634780312e+02  ,-1.356689309536e+02  ,-1.369873064322e+02  ,-1.383980136592e+02  ,-1.389799783437e+02  ,-1.402016060245e+02  ,-1.407890119836e+02  ,-1.409517212995e+02  ,-1.417665426305e+02  ,-1.414444235764e+02  ,-1.417214632435e+02  ,-1.408110394402e+02  ,-1.400732199804e+02  
  4.004460026347e-06  ,-3.825653870123e+01  ,-3.809563018394e+01  ,-4.138860617014e+01  ,-4.880878622501e+01  ,-4.783485129601e+01  ,-5.094567163716e+01  ,-6.164755869447e+01  ,-6.546907630328e+01  ,-6.930335187596e+01  ,-7.309305588729e+01  ,-7.682780916125e+01  ,-8.060685593415e+01  ,-8.433246429694e+01  ,-8.803614438301e+01  ,-9.172068042006e+01  ,-9.538467151818e+01  ,-9.902479808710e+01  ,-1.026143549768e+02  ,-1.062426098388e+02  ,-1.098140265744e+02  ,-1.133053738976e+02  ,-1.168930503703e+02  ,-1.204024524506e+02  ,-1.238797181272e+02  ,-1.267692707100e+02  ,-1.290729312078e+02  ,-1.304577633777e+02  ,-1.319724844025e+02  ,-1.338634780312e+02  ,-1.356689309536e+02  ,-1.369873064322e+02  ,-1.383980136592e+02  ,-1.389799783437e+02  ,-1.402016060245e+02  ,-1.407890119836e+02  ,-1.409517212995e+02  ,-1.417665426305e+02  ,-1.414444235764e+02  ,-1.417214632435e+02  ,-1.408110394402e+02  ,-1.400732199804e+02  
  4.004560027109e-06  ,-3.825653870123e+01  ,-3.809563018394e+01  ,-4.138860617014e+01  ,-4.880878622501e+01  ,-4.783485129601e+01  ,-5.094567163716e+01  ,-6.164755869447e+01  ,-6.546907630328e+01  ,-6.930335187596e+01  ,-7.309305588729e+01  ,-7.682780916125e+01  ,-8.060685593415e+01  ,-8.433246429694e+01  ,-8.803614438301e+01  ,-9.172068042006e+01  ,-9.538467151818e+01  ,-9.902479808710e+01  ,-1.026143549768e+02  ,-1.062426098388e+02  ,-1.098140265744e+02  ,-1.133053738976e+02  ,-1.168930503703e+02  ,-1.204024524506e+02  ,-1.238797181272e+02  ,-1.267692707100e+02  ,-1.290729312078e+02  ,-1.304577633777e+02  ,-1.319724844025e+02  ,-1.338634780312e+02  ,-1.356689309536e+02  ,-1.369873064322e+02  ,-1.383980136592e+02  ,-1.389799783437e+02  ,-1.402016060245e+02  ,-1.407890119836e+02  ,-1.409517212995e+02  ,-1.417665426305e+02  ,-1.414444235764e+02  ,-1.417214632435e+02  ,-1.408110394402e+02  ,-1.400732199804e+02  
  4.004660027870e-06  ,-3.825653870123e+01  ,-3.809563018394e+01  ,-4.138860617014e+01  ,-4.880878622501e+01  ,-4.783485129601e+01  ,-5.094567163716e+01  ,-6.164755869447e+01  ,-6.546907630328e+01  ,-6.930335187596e+01  ,-7.309305588729e+01  ,-7.682780916125e+01  ,-8.060685593415e+01  ,-8.433246429694e+01  ,-8.803614438301e+01  ,-9.172068042006e+01  ,-9.538467151818e+01  ,-9.902479808710e+01  ,-1.026143549768e+02  ,-1.062426098388e+02  ,-1.098140265744e+02  ,-1.133053738976e+02  ,-1.168930503703e+02  ,-1.204024524506e+02  ,-1.238797181272e+02  ,-1.267692707100e+02  ,-1.290729312078e+02  ,-1.304577633777e+02  ,-1.319724844025e+02  ,-1.338634780312e+02  ,-1.356689309536e+02  ,-1.369873064322e+02  ,-1.383980136592e+02  ,-1.389799783437e+02  ,-1.402016060245e+02  ,-1.407890119836e+02  ,-1.409517212995e+02  ,-1.417665426305e+02  ,-1.414444235764e+02  ,-1.417214632435e+02  ,-1.408110394402e+02  ,-1.400732199804e+02  
  4.004760028631e-06  ,-3.825653870123e+01  ,-3.809563018394e+01  ,-4.138860617014e+01  ,-4.880878622501e+01  ,-4.783485129601e+01  ,-5.094567163716e+01  ,-6.164755869447e+01  ,-6.546907630328e+01  ,-6.930335187596e+01  ,-7.309305588729e+01  ,-7.682780916125e+01  ,-8.060685593415e+01  ,-8.433246429694e+01  ,-8.803614438301e+01  ,-9.172068042006e+01  ,-9.538467151818e+01  ,-9.902479808710e+01  ,-1.026143549768e+02  ,-1.062426098388e+02  ,-1.098140265744e+02  ,-1.133053738976e+02  ,-1.168930503703e+02  ,-1.204024524506e+02  ,-1.238797181272e+02  ,-1.267692707100e+02  ,-1.290729312078e+02  ,-1.304577633777e+02  ,-1.319724844025e+02  ,-1.338634780312e+02  ,-1.356689309536e+02  ,-1.369873064322e+02  ,-1.383980136592e+02  ,-1.389799783437e+02  ,-1.402016060245e+02  ,-1.407890119836e+02  ,-1.409517212995e+02  ,-1.417665426305e+02  ,-1.414444235764e+02  ,-1.417214632435e+02  ,-1.408110394402e+02  ,-1.400732199804e+02  
  4.004860029393e-06  ,-3.825653870123e+01  ,-3.809563018394e+01  ,-4.138860617014e+01  ,-4.880878622501e+01  ,-4.783485129601e+01  ,-5.094567163716e+01  ,-6.164755869447e+01  ,-6.546907630328e+01  ,-6.930335187596e+01  ,-7.309305588729e+01  ,-7.682780916125e+01  ,-8.060685593415e+01  ,-8.433246429694e+01  ,-8.803614438301e+01  ,-9.172068042006e+01  ,-9.538467151818e+01  ,-9.902479808710e+01  ,-1.026143549768e+02  ,-1.062426098388e+02  ,-1.098140265744e+02  ,-1.133053738976e+02  ,-1.168930503703e+02  ,-1.204024524506e+02  ,-1.238797181272e+02  ,-1.267692707100e+02  ,-1.290729312078e+02  ,-1.304577633777e+02  ,-1.319724844025e+02  ,-1.338634780312e+02  ,-1.356689309536e+02  ,-1.369873064322e+02  ,-1.383980136592e+02  ,-1.389799783437e+02  ,-1.402016060245e+02  ,-1.407890119836e+02  ,-1.409517212995e+02  ,-1.417665426305e+02  ,-1.414444235764e+02  ,-1.417214632435e+02  ,-1.408110394402e+02  ,-1.400732199804e+02  
  4.004960030154e-06  ,-3.825653870123e+01  ,-3.809563018394e+01  ,-4.138860617014e+01  ,-4.880878622501e+01  ,-4.783485129601e+01  ,-5.094567163716e+01  ,-6.164755869447e+01  ,-6.546907630328e+01  ,-6.930335187596e+01  ,-7.309305588729e+01  ,-7.682780916125e+01  ,-8.060685593415e+01  ,-8.433246429694e+01  ,-8.803614438301e+01  ,-9.172068042006e+01  ,-9.538467151818e+01  ,-9.902479808710e+01  ,-1.026143549768e+02  ,-1.062426098388e+02  ,-1.098140265744e+02  ,-1.133053738976e+02  ,-1.168930503703e+02  ,-1.204024524506e+02  ,-1.238797181272e+02  ,-1.267692707100e+02  ,-1.290729312078e+02  ,-1.304577633777e+02  ,-1.319724844025e+02  ,-1.338634780312e+02  ,-1.356689309536e+02  ,-1.369873064322e+02  ,-1.383980136592e+02  ,-1.389799783437e+02  ,-1.402016060245e+02  ,-1.407890119836e+02  ,-1.409517212995e+02  ,-1.417665426305e+02  ,-1.414444235764e+02  ,-1.417214632435e+02  ,-1.408110394402e+02  ,-1.400732199804e+02  
  4.005060030916e-06  ,-3.825653870123e+01  ,-3.809563018394e+01  ,-4.138860617014e+01  ,-4.880878622501e+01  ,-4.783485129601e+01  ,-5.094567163716e+01  ,-6.164755869447e+01  ,-6.546907630328e+01  ,-6.930335187596e+01  ,-7.309305588729e+01  ,-7.682780916125e+01  ,-8.060685593415e+01  ,-8.433246429694e+01  ,-8.803614438301e+01  ,-9.172068042006e+01  ,-9.538467151818e+01  ,-9.902479808710e+01  ,-1.026143549768e+02  ,-1.062426098388e+02  ,-1.098140265744e+02  ,-1.133053738976e+02  ,-1.168930503703e+02  ,-1.204024524506e+02  ,-1.238797181272e+02  ,-1.267692707100e+02  ,-1.290729312078e+02  ,-1.304577633777e+02  ,-1.319724844025e+02  ,-1.338634780312e+02  ,-1.356689309536e+02  ,-1.369873064322e+02  ,-1.383980136592e+02  ,-1.389799783437e+02  ,-1.402016060245e+02  ,-1.407890119836e+02  ,-1.409517212995e+02  ,-1.417665426305e+02  ,-1.414444235764e+02  ,-1.417214632435e+02  ,-1.408110394402e+02  ,-1.400732199804e+02  
  4.005160031677e-06  ,-3.825653870123e+01  ,-3.809563018394e+01  ,-4.138860617014e+01  ,-4.880878622501e+01  ,-4.783485129601e+01  ,-5.094567163716e+01  ,-6.164755869447e+01  ,-6.546907630328e+01  ,-6.930335187596e+01  ,-7.309305588729e+01  ,-7.682780916125e+01  ,-8.060685593415e+01  ,-8.433246429694e+01  ,-8.803614438301e+01  ,-9.172068042006e+01  ,-9.538467151818e+01  ,-9.902479808710e+01  ,-1.026143549768e+02  ,-1.062426098388e+02  ,-1.098140265744e+02  ,-1.133053738976e+02  ,-1.168930503703e+02  ,-1.204024524506e+02  ,-1.238797181272e+02  ,-1.267692707100e+02  ,-1.290729312078e+02  ,-1.304577633777e+02  ,-1.319724844025e+02  ,-1.338634780312e+02  ,-1.356689309536e+02  ,-1.369873064322e+02  ,-1.383980136592e+02  ,-1.389799783437e+02  ,-1.402016060245e+02  ,-1.407890119836e+02  ,-1.409517212995e+02  ,-1.417665426305e+02  ,-1.414444235764e+02  ,-1.417214632435e+02  ,-1.408110394402e+02  ,-1.400732199804e+02  
  4.005260032439e-06  ,-3.825653870123e+01  ,-3.809563018394e+01  ,-4.138860617014e+01  ,-4.880878622501e+01  ,-4.783485129601e+01  ,-5.094567163716e+01  ,-6.164755869447e+01  ,-6.546907630328e+01  ,-6.930335187596e+01  ,-7.309305588729e+01  ,-7.682780916125e+01  ,-8.060685593415e+01  ,-8.433246429694e+01  ,-8.803614438301e+01  ,-9.172068042006e+01  ,-9.538467151818e+01  ,-9.902479808710e+01  ,-1.026143549768e+02  ,-1.062426098388e+02  ,-1.098140265744e+02  ,-1.133053738976e+02  ,-1.168930503703e+02  ,-1.204024524506e+02  ,-1.238797181272e+02  ,-1.267692707100e+02  ,-1.290729312078e+02  ,-1.304577633777e+02  ,-1.319724844025e+02  ,-1.338634780312e+02  ,-1.356689309536e+02  ,-1.369873064322e+02  ,-1.383980136592e+02  ,-1.389799783437e+02  ,-1.402016060245e+02  ,-1.407890119836e+02  ,-1.409517212995e+02  ,-1.417665426305e+02  ,-1.414444235764e+02  ,-1.417214632435e+02  ,-1.408110394402e+02  ,-1.400732199804e+02  
  4.005360033200e-06  ,-3.825653870123e+01  ,-3.809563018394e+01  ,-4.138860617014e+01  ,-4.880878622501e+01  ,-4.783485129601e+01  ,-5.094567163716e+01  ,-6.164755869447e+01  ,-6.546907630328e+01  ,-6.930335187596e+01  ,-7.309305588729e+01  ,-7.682780916125e+01  ,-8.060685593415e+01  ,-8.433246429694e+01  ,-8.803614438301e+01  ,-9.172068042006e+01  ,-9.538467151818e+01  ,-9.902479808710e+01  ,-1.026143549768e+02  ,-1.062426098388e+02  ,-1.098140265744e+02  ,-1.133053738976e+02  ,-1.168930503703e+02  ,-1.204024524506e+02  ,-1.238797181272e+02  ,-1.267692707100e+02  ,-1.290729312078e+02  ,-1.304577633777e+02  ,-1.319724844025e+02  ,-1.338634780312e+02  ,-1.356689309536e+02  ,-1.369873064322e+02  ,-1.383980136592e+02  ,-1.389799783437e+02  ,-1.402016060245e+02  ,-1.407890119836e+02  ,-1.409517212995e+02  ,-1.417665426305e+02  ,-1.414444235764e+02  ,-1.417214632435e+02  ,-1.408110394402e+02  ,-1.400732199804e+02  
  4.005460033962e-06  ,-3.825653870123e+01  ,-3.809563018394e+01  ,-4.138860617014e+01  ,-4.880878622501e+01  ,-4.783485129601e+01  ,-5.094567163716e+01  ,-6.164755869447e+01  ,-6.546907630328e+01  ,-6.930335187596e+01  ,-7.309305588729e+01  ,-7.682780916125e+01  ,-8.060685593415e+01  ,-8.433246429694e+01  ,-8.803614438301e+01  ,-9.172068042006e+01  ,-9.538467151818e+01  ,-9.902479808710e+01  ,-1.026143549768e+02  ,-1.062426098388e+02  ,-1.098140265744e+02  ,-1.133053738976e+02  ,-1.168930503703e+02  ,-1.204024524506e+02  ,-1.238797181272e+02  ,-1.267692707100e+02  ,-1.290729312078e+02  ,-1.304577633777e+02  ,-1.319724844025e+02  ,-1.338634780312e+02  ,-1.356689309536e+02  ,-1.369873064322e+02  ,-1.383980136592e+02  ,-1.389799783437e+02  ,-1.402016060245e+02  ,-1.407890119836e+02  ,-1.409517212995e+02  ,-1.417665426305e+02  ,-1.414444235764e+02  ,-1.417214632435e+02  ,-1.408110394402e+02  ,-1.400732199804e+02  
  4.005560034723e-06  ,-3.825653870123e+01  ,-3.809563018394e+01  ,-4.138860617014e+01  ,-4.880878622501e+01  ,-4.783485129601e+01  ,-5.094567163716e+01  ,-6.164755869447e+01  ,-6.546907630328e+01  ,-6.930335187596e+01  ,-7.309305588729e+01  ,-7.682780916125e+01  ,-8.060685593415e+01  ,-8.433246429694e+01  ,-8.803614438301e+01  ,-9.172068042006e+01  ,-9.538467151818e+01  ,-9.902479808710e+01  ,-1.026143549768e+02  ,-1.062426098388e+02  ,-1.098140265744e+02  ,-1.133053738976e+02  ,-1.168930503703e+02  ,-1.204024524506e+02  ,-1.238797181272e+02  ,-1.267692707100e+02  ,-1.290729312078e+02  ,-1.304577633777e+02  ,-1.319724844025e+02  ,-1.338634780312e+02  ,-1.356689309536e+02  ,-1.369873064322e+02  ,-1.383980136592e+02  ,-1.389799783437e+02  ,-1.402016060245e+02  ,-1.407890119836e+02  ,-1.409517212995e+02  ,-1.417665426305e+02  ,-1.414444235764e+02  ,-1.417214632435e+02  ,-1.408110394402e+02  ,-1.400732199804e+02  
  4.005660035484e-06  ,-3.825653870123e+01  ,-3.809563018394e+01  ,-4.138860617014e+01  ,-4.880878622501e+01  ,-4.783485129601e+01  ,-5.094567163716e+01  ,-6.164755869447e+01  ,-6.546907630328e+01  ,-6.930335187596e+01  ,-7.309305588729e+01  ,-7.682780916125e+01  ,-8.060685593415e+01  ,-8.433246429694e+01  ,-8.803614438301e+01  ,-9.172068042006e+01  ,-9.538467151818e+01  ,-9.902479808710e+01  ,-1.026143549768e+02  ,-1.062426098388e+02  ,-1.098140265744e+02  ,-1.133053738976e+02  ,-1.168930503703e+02  ,-1.204024524506e+02  ,-1.238797181272e+02  ,-1.267692707100e+02  ,-1.290729312078e+02  ,-1.304577633777e+02  ,-1.319724844025e+02  ,-1.338634780312e+02  ,-1.356689309536e+02  ,-1.369873064322e+02  ,-1.383980136592e+02  ,-1.389799783437e+02  ,-1.402016060245e+02  ,-1.407890119836e+02  ,-1.409517212995e+02  ,-1.417665426305e+02  ,-1.414444235764e+02  ,-1.417214632435e+02  ,-1.408110394402e+02  ,-1.400732199804e+02  
  4.005760036246e-06  ,-3.825653870123e+01  ,-3.809563018394e+01  ,-4.138860617014e+01  ,-4.880878622501e+01  ,-4.783485129601e+01  ,-5.094567163716e+01  ,-6.164755869447e+01  ,-6.546907630328e+01  ,-6.930335187596e+01  ,-7.309305588729e+01  ,-7.682780916125e+01  ,-8.060685593415e+01  ,-8.433246429694e+01  ,-8.803614438301e+01  ,-9.172068042006e+01  ,-9.538467151818e+01  ,-9.902479808710e+01  ,-1.026143549768e+02  ,-1.062426098388e+02  ,-1.098140265744e+02  ,-1.133053738976e+02  ,-1.168930503703e+02  ,-1.204024524506e+02  ,-1.238797181272e+02  ,-1.267692707100e+02  ,-1.290729312078e+02  ,-1.304577633777e+02  ,-1.319724844025e+02  ,-1.338634780312e+02  ,-1.356689309536e+02  ,-1.369873064322e+02  ,-1.383980136592e+02  ,-1.389799783437e+02  ,-1.402016060245e+02  ,-1.407890119836e+02  ,-1.409517212995e+02  ,-1.417665426305e+02  ,-1.414444235764e+02  ,-1.417214632435e+02  ,-1.408110394402e+02  ,-1.400732199804e+02  
  4.005860037007e-06  ,-3.825653870123e+01  ,-3.809563018394e+01  ,-4.138860617014e+01  ,-4.880878622501e+01  ,-4.783485129601e+01  ,-5.094567163716e+01  ,-6.164755869447e+01  ,-6.546907630328e+01  ,-6.930335187596e+01  ,-7.309305588729e+01  ,-7.682780916125e+01  ,-8.060685593415e+01  ,-8.433246429694e+01  ,-8.803614438301e+01  ,-9.172068042006e+01  ,-9.538467151818e+01  ,-9.902479808710e+01  ,-1.026143549768e+02  ,-1.062426098388e+02  ,-1.098140265744e+02  ,-1.133053738976e+02  ,-1.168930503703e+02  ,-1.204024524506e+02  ,-1.238797181272e+02  ,-1.267692707100e+02  ,-1.290729312078e+02  ,-1.304577633777e+02  ,-1.319724844025e+02  ,-1.338634780312e+02  ,-1.356689309536e+02  ,-1.369873064322e+02  ,-1.383980136592e+02  ,-1.389799783437e+02  ,-1.402016060245e+02  ,-1.407890119836e+02  ,-1.409517212995e+02  ,-1.417665426305e+02  ,-1.414444235764e+02  ,-1.417214632435e+02  ,-1.408110394402e+02  ,-1.400732199804e+02  
  4.005960037769e-06  ,-3.825653870123e+01  ,-3.809563018394e+01  ,-4.138860617014e+01  ,-4.880878622501e+01  ,-4.783485129601e+01  ,-5.094567163716e+01  ,-6.164755869447e+01  ,-6.546907630328e+01  ,-6.930335187596e+01  ,-7.309305588729e+01  ,-7.682780916125e+01  ,-8.060685593415e+01  ,-8.433246429694e+01  ,-8.803614438301e+01  ,-9.172068042006e+01  ,-9.538467151818e+01  ,-9.902479808710e+01  ,-1.026143549768e+02  ,-1.062426098388e+02  ,-1.098140265744e+02  ,-1.133053738976e+02  ,-1.168930503703e+02  ,-1.204024524506e+02  ,-1.238797181272e+02  ,-1.267692707100e+02  ,-1.290729312078e+02  ,-1.304577633777e+02  ,-1.319724844025e+02  ,-1.338634780312e+02  ,-1.356689309536e+02  ,-1.369873064322e+02  ,-1.383980136592e+02  ,-1.389799783437e+02  ,-1.402016060245e+02  ,-1.407890119836e+02  ,-1.409517212995e+02  ,-1.417665426305e+02  ,-1.414444235764e+02  ,-1.417214632435e+02  ,-1.408110394402e+02  ,-1.400732199804e+02  
  4.006060038530e-06  ,-3.825653870123e+01  ,-3.809563018394e+01  ,-4.138860617014e+01  ,-4.880878622501e+01  ,-4.783485129601e+01  ,-5.094567163716e+01  ,-6.164755869447e+01  ,-6.546907630328e+01  ,-6.930335187596e+01  ,-7.309305588729e+01  ,-7.682780916125e+01  ,-8.060685593415e+01  ,-8.433246429694e+01  ,-8.803614438301e+01  ,-9.172068042006e+01  ,-9.538467151818e+01  ,-9.902479808710e+01  ,-1.026143549768e+02  ,-1.062426098388e+02  ,-1.098140265744e+02  ,-1.133053738976e+02  ,-1.168930503703e+02  ,-1.204024524506e+02  ,-1.238797181272e+02  ,-1.267692707100e+02  ,-1.290729312078e+02  ,-1.304577633777e+02  ,-1.319724844025e+02  ,-1.338634780312e+02  ,-1.356689309536e+02  ,-1.369873064322e+02  ,-1.383980136592e+02  ,-1.389799783437e+02  ,-1.402016060245e+02  ,-1.407890119836e+02  ,-1.409517212995e+02  ,-1.417665426305e+02  ,-1.414444235764e+02  ,-1.417214632435e+02  ,-1.408110394402e+02  ,-1.400732199804e+02  
  4.006160039292e-06  ,-3.825653870123e+01  ,-3.809563018394e+01  ,-4.138860617014e+01  ,-4.880878622501e+01  ,-4.783485129601e+01  ,-5.094567163716e+01  ,-6.164755869447e+01  ,-6.546907630328e+01  ,-6.930335187596e+01  ,-7.309305588729e+01  ,-7.682780916125e+01  ,-8.060685593415e+01  ,-8.433246429694e+01  ,-8.803614438301e+01  ,-9.172068042006e+01  ,-9.538467151818e+01  ,-9.902479808710e+01  ,-1.026143549768e+02  ,-1.062426098388e+02  ,-1.098140265744e+02  ,-1.133053738976e+02  ,-1.168930503703e+02  ,-1.204024524506e+02  ,-1.238797181272e+02  ,-1.267692707100e+02  ,-1.290729312078e+02  ,-1.304577633777e+02  ,-1.319724844025e+02  ,-1.338634780312e+02  ,-1.356689309536e+02  ,-1.369873064322e+02  ,-1.383980136592e+02  ,-1.389799783437e+02  ,-1.402016060245e+02  ,-1.407890119836e+02  ,-1.409517212995e+02  ,-1.417665426305e+02  ,-1.414444235764e+02  ,-1.417214632435e+02  ,-1.408110394402e+02  ,-1.400732199804e+02  
  4.006260040053e-06  ,-3.825653870123e+01  ,-3.809563018394e+01  ,-4.138860617014e+01  ,-4.880878622501e+01  ,-4.783485129601e+01  ,-5.094567163716e+01  ,-6.164755869447e+01  ,-6.546907630328e+01  ,-6.930335187596e+01  ,-7.309305588729e+01  ,-7.682780916125e+01  ,-8.060685593415e+01  ,-8.433246429694e+01  ,-8.803614438301e+01  ,-9.172068042006e+01  ,-9.538467151818e+01  ,-9.902479808710e+01  ,-1.026143549768e+02  ,-1.062426098388e+02  ,-1.098140265744e+02  ,-1.133053738976e+02  ,-1.168930503703e+02  ,-1.204024524506e+02  ,-1.238797181272e+02  ,-1.267692707100e+02  ,-1.290729312078e+02  ,-1.304577633777e+02  ,-1.319724844025e+02  ,-1.338634780312e+02  ,-1.356689309536e+02  ,-1.369873064322e+02  ,-1.383980136592e+02  ,-1.389799783437e+02  ,-1.402016060245e+02  ,-1.407890119836e+02  ,-1.409517212995e+02  ,-1.417665426305e+02  ,-1.414444235764e+02  ,-1.417214632435e+02  ,-1.408110394402e+02  ,-1.400732199804e+02  
  4.006360040815e-06  ,-3.825653870123e+01  ,-3.809563018394e+01  ,-4.138860617014e+01  ,-4.880878622501e+01  ,-4.783485129601e+01  ,-5.094567163716e+01  ,-6.164755869447e+01  ,-6.546907630328e+01  ,-6.930335187596e+01  ,-7.309305588729e+01  ,-7.682780916125e+01  ,-8.060685593415e+01  ,-8.433246429694e+01  ,-8.803614438301e+01  ,-9.172068042006e+01  ,-9.538467151818e+01  ,-9.902479808710e+01  ,-1.026143549768e+02  ,-1.062426098388e+02  ,-1.098140265744e+02  ,-1.133053738976e+02  ,-1.168930503703e+02  ,-1.204024524506e+02  ,-1.238797181272e+02  ,-1.267692707100e+02  ,-1.290729312078e+02  ,-1.304577633777e+02  ,-1.319724844025e+02  ,-1.338634780312e+02  ,-1.356689309536e+02  ,-1.369873064322e+02  ,-1.383980136592e+02  ,-1.389799783437e+02  ,-1.402016060245e+02  ,-1.407890119836e+02  ,-1.409517212995e+02  ,-1.417665426305e+02  ,-1.414444235764e+02  ,-1.417214632435e+02  ,-1.408110394402e+02  ,-1.400732199804e+02  
  4.006460041576e-06  ,-3.825653870123e+01  ,-3.809563018394e+01  ,-4.138860617014e+01  ,-4.880878622501e+01  ,-4.783485129601e+01  ,-5.094567163716e+01  ,-6.164755869447e+01  ,-6.546907630328e+01  ,-6.930335187596e+01  ,-7.309305588729e+01  ,-7.682780916125e+01  ,-8.060685593415e+01  ,-8.433246429694e+01  ,-8.803614438301e+01  ,-9.172068042006e+01  ,-9.538467151818e+01  ,-9.902479808710e+01  ,-1.026143549768e+02  ,-1.062426098388e+02  ,-1.098140265744e+02  ,-1.133053738976e+02  ,-1.168930503703e+02  ,-1.204024524506e+02  ,-1.238797181272e+02  ,-1.267692707100e+02  ,-1.290729312078e+02  ,-1.304577633777e+02  ,-1.319724844025e+02  ,-1.338634780312e+02  ,-1.356689309536e+02  ,-1.369873064322e+02  ,-1.383980136592e+02  ,-1.389799783437e+02  ,-1.402016060245e+02  ,-1.407890119836e+02  ,-1.409517212995e+02  ,-1.417665426305e+02  ,-1.414444235764e+02  ,-1.417214632435e+02  ,-1.408110394402e+02  ,-1.400732199804e+02  
  4.006560042338e-06  ,-3.825653870123e+01  ,-3.809563018394e+01  ,-4.138860617014e+01  ,-4.880878622501e+01  ,-4.783485129601e+01  ,-5.094567163716e+01  ,-6.164755869447e+01  ,-6.546907630328e+01  ,-6.930335187596e+01  ,-7.309305588729e+01  ,-7.682780916125e+01  ,-8.060685593415e+01  ,-8.433246429694e+01  ,-8.803614438301e+01  ,-9.172068042006e+01  ,-9.538467151818e+01  ,-9.902479808710e+01  ,-1.026143549768e+02  ,-1.062426098388e+02  ,-1.098140265744e+02  ,-1.133053738976e+02  ,-1.168930503703e+02  ,-1.204024524506e+02  ,-1.238797181272e+02  ,-1.267692707100e+02  ,-1.290729312078e+02  ,-1.304577633777e+02  ,-1.319724844025e+02  ,-1.338634780312e+02  ,-1.356689309536e+02  ,-1.369873064322e+02  ,-1.383980136592e+02  ,-1.389799783437e+02  ,-1.402016060245e+02  ,-1.407890119836e+02  ,-1.409517212995e+02  ,-1.417665426305e+02  ,-1.414444235764e+02  ,-1.417214632435e+02  ,-1.408110394402e+02  ,-1.400732199804e+02  
  4.006660043099e-06  ,-3.825653870123e+01  ,-3.809563018394e+01  ,-4.138860617014e+01  ,-4.880878622501e+01  ,-4.783485129601e+01  ,-5.094567163716e+01  ,-6.164755869447e+01  ,-6.546907630328e+01  ,-6.930335187596e+01  ,-7.309305588729e+01  ,-7.682780916125e+01  ,-8.060685593415e+01  ,-8.433246429694e+01  ,-8.803614438301e+01  ,-9.172068042006e+01  ,-9.538467151818e+01  ,-9.902479808710e+01  ,-1.026143549768e+02  ,-1.062426098388e+02  ,-1.098140265744e+02  ,-1.133053738976e+02  ,-1.168930503703e+02  ,-1.204024524506e+02  ,-1.238797181272e+02  ,-1.267692707100e+02  ,-1.290729312078e+02  ,-1.304577633777e+02  ,-1.319724844025e+02  ,-1.338634780312e+02  ,-1.356689309536e+02  ,-1.369873064322e+02  ,-1.383980136592e+02  ,-1.389799783437e+02  ,-1.402016060245e+02  ,-1.407890119836e+02  ,-1.409517212995e+02  ,-1.417665426305e+02  ,-1.414444235764e+02  ,-1.417214632435e+02  ,-1.408110394402e+02  ,-1.400732199804e+02  
  4.006760043860e-06  ,-3.825653870123e+01  ,-3.809563018394e+01  ,-4.138860617014e+01  ,-4.880878622501e+01  ,-4.783485129601e+01  ,-5.094567163716e+01  ,-6.164755869447e+01  ,-6.546907630328e+01  ,-6.930335187596e+01  ,-7.309305588729e+01  ,-7.682780916125e+01  ,-8.060685593415e+01  ,-8.433246429694e+01  ,-8.803614438301e+01  ,-9.172068042006e+01  ,-9.538467151818e+01  ,-9.902479808710e+01  ,-1.026143549768e+02  ,-1.062426098388e+02  ,-1.098140265744e+02  ,-1.133053738976e+02  ,-1.168930503703e+02  ,-1.204024524506e+02  ,-1.238797181272e+02  ,-1.267692707100e+02  ,-1.290729312078e+02  ,-1.304577633777e+02  ,-1.319724844025e+02  ,-1.338634780312e+02  ,-1.356689309536e+02  ,-1.369873064322e+02  ,-1.383980136592e+02  ,-1.389799783437e+02  ,-1.402016060245e+02  ,-1.407890119836e+02  ,-1.409517212995e+02  ,-1.417665426305e+02  ,-1.414444235764e+02  ,-1.417214632435e+02  ,-1.408110394402e+02  ,-1.400732199804e+02  
  4.006860044622e-06  ,-3.825653870123e+01  ,-3.809563018394e+01  ,-4.138860617014e+01  ,-4.880878622501e+01  ,-4.783485129601e+01  ,-5.094567163716e+01  ,-6.164755869447e+01  ,-6.546907630328e+01  ,-6.930335187596e+01  ,-7.309305588729e+01  ,-7.682780916125e+01  ,-8.060685593415e+01  ,-8.433246429694e+01  ,-8.803614438301e+01  ,-9.172068042006e+01  ,-9.538467151818e+01  ,-9.902479808710e+01  ,-1.026143549768e+02  ,-1.062426098388e+02  ,-1.098140265744e+02  ,-1.133053738976e+02  ,-1.168930503703e+02  ,-1.204024524506e+02  ,-1.238797181272e+02  ,-1.267692707100e+02  ,-1.290729312078e+02  ,-1.304577633777e+02  ,-1.319724844025e+02  ,-1.338634780312e+02  ,-1.356689309536e+02  ,-1.369873064322e+02  ,-1.383980136592e+02  ,-1.389799783437e+02  ,-1.402016060245e+02  ,-1.407890119836e+02  ,-1.409517212995e+02  ,-1.417665426305e+02  ,-1.414444235764e+02  ,-1.417214632435e+02  ,-1.408110394402e+02  ,-1.400732199804e+02  
  4.006960045383e-06  ,-3.825653870123e+01  ,-3.809563018394e+01  ,-4.138860617014e+01  ,-4.880878622501e+01  ,-4.783485129601e+01  ,-5.094567163716e+01  ,-6.164755869447e+01  ,-6.546907630328e+01  ,-6.930335187596e+01  ,-7.309305588729e+01  ,-7.682780916125e+01  ,-8.060685593415e+01  ,-8.433246429694e+01  ,-8.803614438301e+01  ,-9.172068042006e+01  ,-9.538467151818e+01  ,-9.902479808710e+01  ,-1.026143549768e+02  ,-1.062426098388e+02  ,-1.098140265744e+02  ,-1.133053738976e+02  ,-1.168930503703e+02  ,-1.204024524506e+02  ,-1.238797181272e+02  ,-1.267692707100e+02  ,-1.290729312078e+02  ,-1.304577633777e+02  ,-1.319724844025e+02  ,-1.338634780312e+02  ,-1.356689309536e+02  ,-1.369873064322e+02  ,-1.383980136592e+02  ,-1.389799783437e+02  ,-1.402016060245e+02  ,-1.407890119836e+02  ,-1.409517212995e+02  ,-1.417665426305e+02  ,-1.414444235764e+02  ,-1.417214632435e+02  ,-1.408110394402e+02  ,-1.400732199804e+02  
  4.007060046145e-06  ,-3.825653870123e+01  ,-3.809563018394e+01  ,-4.138860617014e+01  ,-4.880878622501e+01  ,-4.783485129601e+01  ,-5.094567163716e+01  ,-6.164755869447e+01  ,-6.546907630328e+01  ,-6.930335187596e+01  ,-7.309305588729e+01  ,-7.682780916125e+01  ,-8.060685593415e+01  ,-8.433246429694e+01  ,-8.803614438301e+01  ,-9.172068042006e+01  ,-9.538467151818e+01  ,-9.902479808710e+01  ,-1.026143549768e+02  ,-1.062426098388e+02  ,-1.098140265744e+02  ,-1.133053738976e+02  ,-1.168930503703e+02  ,-1.204024524506e+02  ,-1.238797181272e+02  ,-1.267692707100e+02  ,-1.290729312078e+02  ,-1.304577633777e+02  ,-1.319724844025e+02  ,-1.338634780312e+02  ,-1.356689309536e+02  ,-1.369873064322e+02  ,-1.383980136592e+02  ,-1.389799783437e+02  ,-1.402016060245e+02  ,-1.407890119836e+02  ,-1.409517212995e+02  ,-1.417665426305e+02  ,-1.414444235764e+02  ,-1.417214632435e+02  ,-1.408110394402e+02  ,-1.400732199804e+02  
  4.007160046906e-06  ,-3.825653870123e+01  ,-3.809563018394e+01  ,-4.138860617014e+01  ,-4.880878622501e+01  ,-4.783485129601e+01  ,-5.094567163716e+01  ,-6.164755869447e+01  ,-6.546907630328e+01  ,-6.930335187596e+01  ,-7.309305588729e+01  ,-7.682780916125e+01  ,-8.060685593415e+01  ,-8.433246429694e+01  ,-8.803614438301e+01  ,-9.172068042006e+01  ,-9.538467151818e+01  ,-9.902479808710e+01  ,-1.026143549768e+02  ,-1.062426098388e+02  ,-1.098140265744e+02  ,-1.133053738976e+02  ,-1.168930503703e+02  ,-1.204024524506e+02  ,-1.238797181272e+02  ,-1.267692707100e+02  ,-1.290729312078e+02  ,-1.304577633777e+02  ,-1.319724844025e+02  ,-1.338634780312e+02  ,-1.356689309536e+02  ,-1.369873064322e+02  ,-1.383980136592e+02  ,-1.389799783437e+02  ,-1.402016060245e+02  ,-1.407890119836e+02  ,-1.409517212995e+02  ,-1.417665426305e+02  ,-1.414444235764e+02  ,-1.417214632435e+02  ,-1.408110394402e+02  ,-1.400732199804e+02  
  4.007260047668e-06  ,-3.825653870123e+01  ,-3.809563018394e+01  ,-4.138860617014e+01  ,-4.880878622501e+01  ,-4.783485129601e+01  ,-5.094567163716e+01  ,-6.164755869447e+01  ,-6.546907630328e+01  ,-6.930335187596e+01  ,-7.309305588729e+01  ,-7.682780916125e+01  ,-8.060685593415e+01  ,-8.433246429694e+01  ,-8.803614438301e+01  ,-9.172068042006e+01  ,-9.538467151818e+01  ,-9.902479808710e+01  ,-1.026143549768e+02  ,-1.062426098388e+02  ,-1.098140265744e+02  ,-1.133053738976e+02  ,-1.168930503703e+02  ,-1.204024524506e+02  ,-1.238797181272e+02  ,-1.267692707100e+02  ,-1.290729312078e+02  ,-1.304577633777e+02  ,-1.319724844025e+02  ,-1.338634780312e+02  ,-1.356689309536e+02  ,-1.369873064322e+02  ,-1.383980136592e+02  ,-1.389799783437e+02  ,-1.402016060245e+02  ,-1.407890119836e+02  ,-1.409517212995e+02  ,-1.417665426305e+02  ,-1.414444235764e+02  ,-1.417214632435e+02  ,-1.408110394402e+02  ,-1.400732199804e+02  
  4.007360048429e-06  ,-3.825653870123e+01  ,-3.809563018394e+01  ,-4.138860617014e+01  ,-4.880878622501e+01  ,-4.783485129601e+01  ,-5.094567163716e+01  ,-6.164755869447e+01  ,-6.546907630328e+01  ,-6.930335187596e+01  ,-7.309305588729e+01  ,-7.682780916125e+01  ,-8.060685593415e+01  ,-8.433246429694e+01  ,-8.803614438301e+01  ,-9.172068042006e+01  ,-9.538467151818e+01  ,-9.902479808710e+01  ,-1.026143549768e+02  ,-1.062426098388e+02  ,-1.098140265744e+02  ,-1.133053738976e+02  ,-1.168930503703e+02  ,-1.204024524506e+02  ,-1.238797181272e+02  ,-1.267692707100e+02  ,-1.290729312078e+02  ,-1.304577633777e+02  ,-1.319724844025e+02  ,-1.338634780312e+02  ,-1.356689309536e+02  ,-1.369873064322e+02  ,-1.383980136592e+02  ,-1.389799783437e+02  ,-1.402016060245e+02  ,-1.407890119836e+02  ,-1.409517212995e+02  ,-1.417665426305e+02  ,-1.414444235764e+02  ,-1.417214632435e+02  ,-1.408110394402e+02  ,-1.400732199804e+02  
  4.007460049191e-06  ,-3.825653870123e+01  ,-3.809563018394e+01  ,-4.138860617014e+01  ,-4.880878622501e+01  ,-4.783485129601e+01  ,-5.094567163716e+01  ,-6.164755869447e+01  ,-6.546907630328e+01  ,-6.930335187596e+01  ,-7.309305588729e+01  ,-7.682780916125e+01  ,-8.060685593415e+01  ,-8.433246429694e+01  ,-8.803614438301e+01  ,-9.172068042006e+01  ,-9.538467151818e+01  ,-9.902479808710e+01  ,-1.026143549768e+02  ,-1.062426098388e+02  ,-1.098140265744e+02  ,-1.133053738976e+02  ,-1.168930503703e+02  ,-1.204024524506e+02  ,-1.238797181272e+02  ,-1.267692707100e+02  ,-1.290729312078e+02  ,-1.304577633777e+02  ,-1.319724844025e+02  ,-1.338634780312e+02  ,-1.356689309536e+02  ,-1.369873064322e+02  ,-1.383980136592e+02  ,-1.389799783437e+02  ,-1.402016060245e+02  ,-1.407890119836e+02  ,-1.409517212995e+02  ,-1.417665426305e+02  ,-1.414444235764e+02  ,-1.417214632435e+02  ,-1.408110394402e+02  ,-1.400732199804e+02  
  4.007560049952e-06  ,-3.825653870123e+01  ,-3.809563018394e+01  ,-4.138860617014e+01  ,-4.880878622501e+01  ,-4.783485129601e+01  ,-5.094567163716e+01  ,-6.164755869447e+01  ,-6.546907630328e+01  ,-6.930335187596e+01  ,-7.309305588729e+01  ,-7.682780916125e+01  ,-8.060685593415e+01  ,-8.433246429694e+01  ,-8.803614438301e+01  ,-9.172068042006e+01  ,-9.538467151818e+01  ,-9.902479808710e+01  ,-1.026143549768e+02  ,-1.062426098388e+02  ,-1.098140265744e+02  ,-1.133053738976e+02  ,-1.168930503703e+02  ,-1.204024524506e+02  ,-1.238797181272e+02  ,-1.267692707100e+02  ,-1.290729312078e+02  ,-1.304577633777e+02  ,-1.319724844025e+02  ,-1.338634780312e+02  ,-1.356689309536e+02  ,-1.369873064322e+02  ,-1.383980136592e+02  ,-1.389799783437e+02  ,-1.402016060245e+02  ,-1.407890119836e+02  ,-1.409517212995e+02  ,-1.417665426305e+02  ,-1.414444235764e+02  ,-1.417214632435e+02  ,-1.408110394402e+02  ,-1.400732199804e+02  
  4.007660050713e-06  ,-3.825653870123e+01  ,-3.809563018394e+01  ,-4.138860617014e+01  ,-4.880878622501e+01  ,-4.783485129601e+01  ,-5.094567163716e+01  ,-6.164755869447e+01  ,-6.546907630328e+01  ,-6.930335187596e+01  ,-7.309305588729e+01  ,-7.682780916125e+01  ,-8.060685593415e+01  ,-8.433246429694e+01  ,-8.803614438301e+01  ,-9.172068042006e+01  ,-9.538467151818e+01  ,-9.902479808710e+01  ,-1.026143549768e+02  ,-1.062426098388e+02  ,-1.098140265744e+02  ,-1.133053738976e+02  ,-1.168930503703e+02  ,-1.204024524506e+02  ,-1.238797181272e+02  ,-1.267692707100e+02  ,-1.290729312078e+02  ,-1.304577633777e+02  ,-1.319724844025e+02  ,-1.338634780312e+02  ,-1.356689309536e+02  ,-1.369873064322e+02  ,-1.383980136592e+02  ,-1.389799783437e+02  ,-1.402016060245e+02  ,-1.407890119836e+02  ,-1.409517212995e+02  ,-1.417665426305e+02  ,-1.414444235764e+02  ,-1.417214632435e+02  ,-1.408110394402e+02  ,-1.400732199804e+02  
  4.007760051475e-06  ,-3.825653870123e+01  ,-3.809563018394e+01  ,-4.138860617014e+01  ,-4.880878622501e+01  ,-4.783485129601e+01  ,-5.094567163716e+01  ,-6.164755869447e+01  ,-6.546907630328e+01  ,-6.930335187596e+01  ,-7.309305588729e+01  ,-7.682780916125e+01  ,-8.060685593415e+01  ,-8.433246429694e+01  ,-8.803614438301e+01  ,-9.172068042006e+01  ,-9.538467151818e+01  ,-9.902479808710e+01  ,-1.026143549768e+02  ,-1.062426098388e+02  ,-1.098140265744e+02  ,-1.133053738976e+02  ,-1.168930503703e+02  ,-1.204024524506e+02  ,-1.238797181272e+02  ,-1.267692707100e+02  ,-1.290729312078e+02  ,-1.304577633777e+02  ,-1.319724844025e+02  ,-1.338634780312e+02  ,-1.356689309536e+02  ,-1.369873064322e+02  ,-1.383980136592e+02  ,-1.389799783437e+02  ,-1.402016060245e+02  ,-1.407890119836e+02  ,-1.409517212995e+02  ,-1.417665426305e+02  ,-1.414444235764e+02  ,-1.417214632435e+02  ,-1.408110394402e+02  ,-1.400732199804e+02  
  4.007860052236e-06  ,-3.825653870123e+01  ,-3.809563018394e+01  ,-4.138860617014e+01  ,-4.880878622501e+01  ,-4.783485129601e+01  ,-5.094567163716e+01  ,-6.164755869447e+01  ,-6.546907630328e+01  ,-6.930335187596e+01  ,-7.309305588729e+01  ,-7.682780916125e+01  ,-8.060685593415e+01  ,-8.433246429694e+01  ,-8.803614438301e+01  ,-9.172068042006e+01  ,-9.538467151818e+01  ,-9.902479808710e+01  ,-1.026143549768e+02  ,-1.062426098388e+02  ,-1.098140265744e+02  ,-1.133053738976e+02  ,-1.168930503703e+02  ,-1.204024524506e+02  ,-1.238797181272e+02  ,-1.267692707100e+02  ,-1.290729312078e+02  ,-1.304577633777e+02  ,-1.319724844025e+02  ,-1.338634780312e+02  ,-1.356689309536e+02  ,-1.369873064322e+02  ,-1.383980136592e+02  ,-1.389799783437e+02  ,-1.402016060245e+02  ,-1.407890119836e+02  ,-1.409517212995e+02  ,-1.417665426305e+02  ,-1.414444235764e+02  ,-1.417214632435e+02  ,-1.408110394402e+02  ,-1.400732199804e+02  
  4.007960052998e-06  ,-3.825653870123e+01  ,-3.809563018394e+01  ,-4.138860617014e+01  ,-4.880878622501e+01  ,-4.783485129601e+01  ,-5.094567163716e+01  ,-6.164755869447e+01  ,-6.546907630328e+01  ,-6.930335187596e+01  ,-7.309305588729e+01  ,-7.682780916125e+01  ,-8.060685593415e+01  ,-8.433246429694e+01  ,-8.803614438301e+01  ,-9.172068042006e+01  ,-9.538467151818e+01  ,-9.902479808710e+01  ,-1.026143549768e+02  ,-1.062426098388e+02  ,-1.098140265744e+02  ,-1.133053738976e+02  ,-1.168930503703e+02  ,-1.204024524506e+02  ,-1.238797181272e+02  ,-1.267692707100e+02  ,-1.290729312078e+02  ,-1.304577633777e+02  ,-1.319724844025e+02  ,-1.338634780312e+02  ,-1.356689309536e+02  ,-1.369873064322e+02  ,-1.383980136592e+02  ,-1.389799783437e+02  ,-1.402016060245e+02  ,-1.407890119836e+02  ,-1.409517212995e+02  ,-1.417665426305e+02  ,-1.414444235764e+02  ,-1.417214632435e+02  ,-1.408110394402e+02  ,-1.400732199804e+02  
  4.008060053759e-06  ,-3.825653870123e+01  ,-3.809563018394e+01  ,-4.138860617014e+01  ,-4.880878622501e+01  ,-4.783485129601e+01  ,-5.094567163716e+01  ,-6.164755869447e+01  ,-6.546907630328e+01  ,-6.930335187596e+01  ,-7.309305588729e+01  ,-7.682780916125e+01  ,-8.060685593415e+01  ,-8.433246429694e+01  ,-8.803614438301e+01  ,-9.172068042006e+01  ,-9.538467151818e+01  ,-9.902479808710e+01  ,-1.026143549768e+02  ,-1.062426098388e+02  ,-1.098140265744e+02  ,-1.133053738976e+02  ,-1.168930503703e+02  ,-1.204024524506e+02  ,-1.238797181272e+02  ,-1.267692707100e+02  ,-1.290729312078e+02  ,-1.304577633777e+02  ,-1.319724844025e+02  ,-1.338634780312e+02  ,-1.356689309536e+02  ,-1.369873064322e+02  ,-1.383980136592e+02  ,-1.389799783437e+02  ,-1.402016060245e+02  ,-1.407890119836e+02  ,-1.409517212995e+02  ,-1.417665426305e+02  ,-1.414444235764e+02  ,-1.417214632435e+02  ,-1.408110394402e+02  ,-1.400732199804e+02  
  4.008072553854e-06  ,-3.825653870123e+01  ,-3.809563018394e+01  ,-4.138860617014e+01  ,-4.880878622501e+01  ,-4.783485129601e+01  ,-5.094567163716e+01  ,-6.164755869447e+01  ,-6.546907630328e+01  ,-6.930335187596e+01  ,-7.309305588729e+01  ,-7.682780916125e+01  ,-8.060685593415e+01  ,-8.433246429694e+01  ,-8.803614438301e+01  ,-9.172068042006e+01  ,-9.538467151818e+01  ,-9.902479808710e+01  ,-1.026143549768e+02  ,-1.062426098388e+02  ,-1.098140265744e+02  ,-1.133053738976e+02  ,-1.168930503703e+02  ,-1.204024524506e+02  ,-1.238797181272e+02  ,-1.267692707100e+02  ,-1.290729312078e+02  ,-1.304577633777e+02  ,-1.319724844025e+02  ,-1.338634780312e+02  ,-1.356689309536e+02  ,-1.369873064322e+02  ,-1.383980136592e+02  ,-1.389799783437e+02  ,-1.402016060245e+02  ,-1.407890119836e+02  ,-1.409517212995e+02  ,-1.417665426305e+02  ,-1.414444235764e+02  ,-1.417214632435e+02  ,-1.408110394402e+02  ,-1.400732199804e+02  
  4.008097554045e-06  ,-3.825653870123e+01  ,-3.809563018394e+01  ,-4.138860617014e+01  ,-4.880878622501e+01  ,-4.783485129601e+01  ,-5.094567163716e+01  ,-6.164755869447e+01  ,-6.546907630328e+01  ,-6.930335187596e+01  ,-7.309305588729e+01  ,-7.682780916125e+01  ,-8.060685593415e+01  ,-8.433246429694e+01  ,-8.803614438301e+01  ,-9.172068042006e+01  ,-9.538467151818e+01  ,-9.902479808710e+01  ,-1.026143549768e+02  ,-1.062426098388e+02  ,-1.098140265744e+02  ,-1.133053738976e+02  ,-1.168930503703e+02  ,-1.204024524506e+02  ,-1.238797181272e+02  ,-1.267692707100e+02  ,-1.290729312078e+02  ,-1.304577633777e+02  ,-1.319724844025e+02  ,-1.338634780312e+02  ,-1.356689309536e+02  ,-1.369873064322e+02  ,-1.383980136592e+02  ,-1.389799783437e+02  ,-1.402016060245e+02  ,-1.407890119836e+02  ,-1.409517212995e+02  ,-1.417665426305e+02  ,-1.414444235764e+02  ,-1.417214632435e+02  ,-1.408110394402e+02  ,-1.400732199804e+02  
  4.008147554426e-06  ,-3.825653870123e+01  ,-3.809563018394e+01  ,-4.138860617014e+01  ,-4.880878622501e+01  ,-4.783485129601e+01  ,-5.094567163716e+01  ,-6.164755869447e+01  ,-6.546907630328e+01  ,-6.930335187596e+01  ,-7.309305588729e+01  ,-7.682780916125e+01  ,-8.060685593415e+01  ,-8.433246429694e+01  ,-8.803614438301e+01  ,-9.172068042006e+01  ,-9.538467151818e+01  ,-9.902479808710e+01  ,-1.026143549768e+02  ,-1.062426098388e+02  ,-1.098140265744e+02  ,-1.133053738976e+02  ,-1.168930503703e+02  ,-1.204024524506e+02  ,-1.238797181272e+02  ,-1.267692707100e+02  ,-1.290729312078e+02  ,-1.304577633777e+02  ,-1.319724844025e+02  ,-1.338634780312e+02  ,-1.356689309536e+02  ,-1.369873064322e+02  ,-1.383980136592e+02  ,-1.389799783437e+02  ,-1.402016060245e+02  ,-1.407890119836e+02  ,-1.409517212995e+02  ,-1.417665426305e+02  ,-1.414444235764e+02  ,-1.417214632435e+02  ,-1.408110394402e+02  ,-1.400732199804e+02  
  4.008247555187e-06  ,-3.825653870123e+01  ,-3.809563018394e+01  ,-4.138860617014e+01  ,-4.880878622501e+01  ,-4.783485129601e+01  ,-5.094567163716e+01  ,-6.164755869447e+01  ,-6.546907630328e+01  ,-6.930335187596e+01  ,-7.309305588729e+01  ,-7.682780916125e+01  ,-8.060685593415e+01  ,-8.433246429694e+01  ,-8.803614438301e+01  ,-9.172068042006e+01  ,-9.538467151818e+01  ,-9.902479808710e+01  ,-1.026143549768e+02  ,-1.062426098388e+02  ,-1.098140265744e+02  ,-1.133053738976e+02  ,-1.168930503703e+02  ,-1.204024524506e+02  ,-1.238797181272e+02  ,-1.267692707100e+02  ,-1.290729312078e+02  ,-1.304577633777e+02  ,-1.319724844025e+02  ,-1.338634780312e+02  ,-1.356689309536e+02  ,-1.369873064322e+02  ,-1.383980136592e+02  ,-1.389799783437e+02  ,-1.402016060245e+02  ,-1.407890119836e+02  ,-1.409517212995e+02  ,-1.417665426305e+02  ,-1.414444235764e+02  ,-1.417214632435e+02  ,-1.408110394402e+02  ,-1.400732199804e+02  
  4.008347555948e-06  ,-3.825653870123e+01  ,-3.809563018394e+01  ,-4.138860617014e+01  ,-4.880878622501e+01  ,-4.783485129601e+01  ,-5.094567163716e+01  ,-6.164755869447e+01  ,-6.546907630328e+01  ,-6.930335187596e+01  ,-7.309305588729e+01  ,-7.682780916125e+01  ,-8.060685593415e+01  ,-8.433246429694e+01  ,-8.803614438301e+01  ,-9.172068042006e+01  ,-9.538467151818e+01  ,-9.902479808710e+01  ,-1.026143549768e+02  ,-1.062426098388e+02  ,-1.098140265744e+02  ,-1.133053738976e+02  ,-1.168930503703e+02  ,-1.204024524506e+02  ,-1.238797181272e+02  ,-1.267692707100e+02  ,-1.290729312078e+02  ,-1.304577633777e+02  ,-1.319724844025e+02  ,-1.338634780312e+02  ,-1.356689309536e+02  ,-1.369873064322e+02  ,-1.383980136592e+02  ,-1.389799783437e+02  ,-1.402016060245e+02  ,-1.407890119836e+02  ,-1.409517212995e+02  ,-1.417665426305e+02  ,-1.414444235764e+02  ,-1.417214632435e+02  ,-1.408110394402e+02  ,-1.400732199804e+02  
  4.008447556710e-06  ,-3.825653870123e+01  ,-3.809563018394e+01  ,-4.138860617014e+01  ,-4.880878622501e+01  ,-4.783485129601e+01  ,-5.094567163716e+01  ,-6.164755869447e+01  ,-6.546907630328e+01  ,-6.930335187596e+01  ,-7.309305588729e+01  ,-7.682780916125e+01  ,-8.060685593415e+01  ,-8.433246429694e+01  ,-8.803614438301e+01  ,-9.172068042006e+01  ,-9.538467151818e+01  ,-9.902479808710e+01  ,-1.026143549768e+02  ,-1.062426098388e+02  ,-1.098140265744e+02  ,-1.133053738976e+02  ,-1.168930503703e+02  ,-1.204024524506e+02  ,-1.238797181272e+02  ,-1.267692707100e+02  ,-1.290729312078e+02  ,-1.304577633777e+02  ,-1.319724844025e+02  ,-1.338634780312e+02  ,-1.356689309536e+02  ,-1.369873064322e+02  ,-1.383980136592e+02  ,-1.389799783437e+02  ,-1.402016060245e+02  ,-1.407890119836e+02  ,-1.409517212995e+02  ,-1.417665426305e+02  ,-1.414444235764e+02  ,-1.417214632435e+02  ,-1.408110394402e+02  ,-1.400732199804e+02  
  4.008547557471e-06  ,-3.825653870123e+01  ,-3.809563018394e+01  ,-4.138860617014e+01  ,-4.880878622501e+01  ,-4.783485129601e+01  ,-5.094567163716e+01  ,-6.164755869447e+01  ,-6.546907630328e+01  ,-6.930335187596e+01  ,-7.309305588729e+01  ,-7.682780916125e+01  ,-8.060685593415e+01  ,-8.433246429694e+01  ,-8.803614438301e+01  ,-9.172068042006e+01  ,-9.538467151818e+01  ,-9.902479808710e+01  ,-1.026143549768e+02  ,-1.062426098388e+02  ,-1.098140265744e+02  ,-1.133053738976e+02  ,-1.168930503703e+02  ,-1.204024524506e+02  ,-1.238797181272e+02  ,-1.267692707100e+02  ,-1.290729312078e+02  ,-1.304577633777e+02  ,-1.319724844025e+02  ,-1.338634780312e+02  ,-1.356689309536e+02  ,-1.369873064322e+02  ,-1.383980136592e+02  ,-1.389799783437e+02  ,-1.402016060245e+02  ,-1.407890119836e+02  ,-1.409517212995e+02  ,-1.417665426305e+02  ,-1.414444235764e+02  ,-1.417214632435e+02  ,-1.408110394402e+02  ,-1.400732199804e+02  
  4.008647558233e-06  ,-3.825653870123e+01  ,-3.809563018394e+01  ,-4.138860617014e+01  ,-4.880878622501e+01  ,-4.783485129601e+01  ,-5.094567163716e+01  ,-6.164755869447e+01  ,-6.546907630328e+01  ,-6.930335187596e+01  ,-7.309305588729e+01  ,-7.682780916125e+01  ,-8.060685593415e+01  ,-8.433246429694e+01  ,-8.803614438301e+01  ,-9.172068042006e+01  ,-9.538467151818e+01  ,-9.902479808710e+01  ,-1.026143549768e+02  ,-1.062426098388e+02  ,-1.098140265744e+02  ,-1.133053738976e+02  ,-1.168930503703e+02  ,-1.204024524506e+02  ,-1.238797181272e+02  ,-1.267692707100e+02  ,-1.290729312078e+02  ,-1.304577633777e+02  ,-1.319724844025e+02  ,-1.338634780312e+02  ,-1.356689309536e+02  ,-1.369873064322e+02  ,-1.383980136592e+02  ,-1.389799783437e+02  ,-1.402016060245e+02  ,-1.407890119836e+02  ,-1.409517212995e+02  ,-1.417665426305e+02  ,-1.414444235764e+02  ,-1.417214632435e+02  ,-1.408110394402e+02  ,-1.400732199804e+02  
  4.008747558994e-06  ,-3.825653870123e+01  ,-3.809563018394e+01  ,-4.138860617014e+01  ,-4.880878622501e+01  ,-4.783485129601e+01  ,-5.094567163716e+01  ,-6.164755869447e+01  ,-6.546907630328e+01  ,-6.930335187596e+01  ,-7.309305588729e+01  ,-7.682780916125e+01  ,-8.060685593415e+01  ,-8.433246429694e+01  ,-8.803614438301e+01  ,-9.172068042006e+01  ,-9.538467151818e+01  ,-9.902479808710e+01  ,-1.026143549768e+02  ,-1.062426098388e+02  ,-1.098140265744e+02  ,-1.133053738976e+02  ,-1.168930503703e+02  ,-1.204024524506e+02  ,-1.238797181272e+02  ,-1.267692707100e+02  ,-1.290729312078e+02  ,-1.304577633777e+02  ,-1.319724844025e+02  ,-1.338634780312e+02  ,-1.356689309536e+02  ,-1.369873064322e+02  ,-1.383980136592e+02  ,-1.389799783437e+02  ,-1.402016060245e+02  ,-1.407890119836e+02  ,-1.409517212995e+02  ,-1.417665426305e+02  ,-1.414444235764e+02  ,-1.417214632435e+02  ,-1.408110394402e+02  ,-1.400732199804e+02  
  4.008847559756e-06  ,-3.825653870123e+01  ,-3.809563018394e+01  ,-4.138860617014e+01  ,-4.880878622501e+01  ,-4.783485129601e+01  ,-5.094567163716e+01  ,-6.164755869447e+01  ,-6.546907630328e+01  ,-6.930335187596e+01  ,-7.309305588729e+01  ,-7.682780916125e+01  ,-8.060685593415e+01  ,-8.433246429694e+01  ,-8.803614438301e+01  ,-9.172068042006e+01  ,-9.538467151818e+01  ,-9.902479808710e+01  ,-1.026143549768e+02  ,-1.062426098388e+02  ,-1.098140265744e+02  ,-1.133053738976e+02  ,-1.168930503703e+02  ,-1.204024524506e+02  ,-1.238797181272e+02  ,-1.267692707100e+02  ,-1.290729312078e+02  ,-1.304577633777e+02  ,-1.319724844025e+02  ,-1.338634780312e+02  ,-1.356689309536e+02  ,-1.369873064322e+02  ,-1.383980136592e+02  ,-1.389799783437e+02  ,-1.402016060245e+02  ,-1.407890119836e+02  ,-1.409517212995e+02  ,-1.417665426305e+02  ,-1.414444235764e+02  ,-1.417214632435e+02  ,-1.408110394402e+02  ,-1.400732199804e+02  
  4.008947560517e-06  ,-3.825653870123e+01  ,-3.809563018394e+01  ,-4.138860617014e+01  ,-4.880878622501e+01  ,-4.783485129601e+01  ,-5.094567163716e+01  ,-6.164755869447e+01  ,-6.546907630328e+01  ,-6.930335187596e+01  ,-7.309305588729e+01  ,-7.682780916125e+01  ,-8.060685593415e+01  ,-8.433246429694e+01  ,-8.803614438301e+01  ,-9.172068042006e+01  ,-9.538467151818e+01  ,-9.902479808710e+01  ,-1.026143549768e+02  ,-1.062426098388e+02  ,-1.098140265744e+02  ,-1.133053738976e+02  ,-1.168930503703e+02  ,-1.204024524506e+02  ,-1.238797181272e+02  ,-1.267692707100e+02  ,-1.290729312078e+02  ,-1.304577633777e+02  ,-1.319724844025e+02  ,-1.338634780312e+02  ,-1.356689309536e+02  ,-1.369873064322e+02  ,-1.383980136592e+02  ,-1.389799783437e+02  ,-1.402016060245e+02  ,-1.407890119836e+02  ,-1.409517212995e+02  ,-1.417665426305e+02  ,-1.414444235764e+02  ,-1.417214632435e+02  ,-1.408110394402e+02  ,-1.400732199804e+02  
  4.009047561279e-06  ,-3.825653870123e+01  ,-3.809563018394e+01  ,-4.138860617014e+01  ,-4.880878622501e+01  ,-4.783485129601e+01  ,-5.094567163716e+01  ,-6.164755869447e+01  ,-6.546907630328e+01  ,-6.930335187596e+01  ,-7.309305588729e+01  ,-7.682780916125e+01  ,-8.060685593415e+01  ,-8.433246429694e+01  ,-8.803614438301e+01  ,-9.172068042006e+01  ,-9.538467151818e+01  ,-9.902479808710e+01  ,-1.026143549768e+02  ,-1.062426098388e+02  ,-1.098140265744e+02  ,-1.133053738976e+02  ,-1.168930503703e+02  ,-1.204024524506e+02  ,-1.238797181272e+02  ,-1.267692707100e+02  ,-1.290729312078e+02  ,-1.304577633777e+02  ,-1.319724844025e+02  ,-1.338634780312e+02  ,-1.356689309536e+02  ,-1.369873064322e+02  ,-1.383980136592e+02  ,-1.389799783437e+02  ,-1.402016060245e+02  ,-1.407890119836e+02  ,-1.409517212995e+02  ,-1.417665426305e+02  ,-1.414444235764e+02  ,-1.417214632435e+02  ,-1.408110394402e+02  ,-1.400732199804e+02  
  4.009147562040e-06  ,-3.825653870123e+01  ,-3.809563018394e+01  ,-4.138860617014e+01  ,-4.880878622501e+01  ,-4.783485129601e+01  ,-5.094567163716e+01  ,-6.164755869447e+01  ,-6.546907630328e+01  ,-6.930335187596e+01  ,-7.309305588729e+01  ,-7.682780916125e+01  ,-8.060685593415e+01  ,-8.433246429694e+01  ,-8.803614438301e+01  ,-9.172068042006e+01  ,-9.538467151818e+01  ,-9.902479808710e+01  ,-1.026143549768e+02  ,-1.062426098388e+02  ,-1.098140265744e+02  ,-1.133053738976e+02  ,-1.168930503703e+02  ,-1.204024524506e+02  ,-1.238797181272e+02  ,-1.267692707100e+02  ,-1.290729312078e+02  ,-1.304577633777e+02  ,-1.319724844025e+02  ,-1.338634780312e+02  ,-1.356689309536e+02  ,-1.369873064322e+02  ,-1.383980136592e+02  ,-1.389799783437e+02  ,-1.402016060245e+02  ,-1.407890119836e+02  ,-1.409517212995e+02  ,-1.417665426305e+02  ,-1.414444235764e+02  ,-1.417214632435e+02  ,-1.408110394402e+02  ,-1.400732199804e+02  
  4.009247562801e-06  ,-3.825653870123e+01  ,-3.809563018394e+01  ,-4.138860617014e+01  ,-4.880878622501e+01  ,-4.783485129601e+01  ,-5.094567163716e+01  ,-6.164755869447e+01  ,-6.546907630328e+01  ,-6.930335187596e+01  ,-7.309305588729e+01  ,-7.682780916125e+01  ,-8.060685593415e+01  ,-8.433246429694e+01  ,-8.803614438301e+01  ,-9.172068042006e+01  ,-9.538467151818e+01  ,-9.902479808710e+01  ,-1.026143549768e+02  ,-1.062426098388e+02  ,-1.098140265744e+02  ,-1.133053738976e+02  ,-1.168930503703e+02  ,-1.204024524506e+02  ,-1.238797181272e+02  ,-1.267692707100e+02  ,-1.290729312078e+02  ,-1.304577633777e+02  ,-1.319724844025e+02  ,-1.338634780312e+02  ,-1.356689309536e+02  ,-1.369873064322e+02  ,-1.383980136592e+02  ,-1.389799783437e+02  ,-1.402016060245e+02  ,-1.407890119836e+02  ,-1.409517212995e+02  ,-1.417665426305e+02  ,-1.414444235764e+02  ,-1.417214632435e+02  ,-1.408110394402e+02  ,-1.400732199804e+02  
  4.009347563563e-06  ,-3.825653870123e+01  ,-3.809563018394e+01  ,-4.138860617014e+01  ,-4.880878622501e+01  ,-4.783485129601e+01  ,-5.094567163716e+01  ,-6.164755869447e+01  ,-6.546907630328e+01  ,-6.930335187596e+01  ,-7.309305588729e+01  ,-7.682780916125e+01  ,-8.060685593415e+01  ,-8.433246429694e+01  ,-8.803614438301e+01  ,-9.172068042006e+01  ,-9.538467151818e+01  ,-9.902479808710e+01  ,-1.026143549768e+02  ,-1.062426098388e+02  ,-1.098140265744e+02  ,-1.133053738976e+02  ,-1.168930503703e+02  ,-1.204024524506e+02  ,-1.238797181272e+02  ,-1.267692707100e+02  ,-1.290729312078e+02  ,-1.304577633777e+02  ,-1.319724844025e+02  ,-1.338634780312e+02  ,-1.356689309536e+02  ,-1.369873064322e+02  ,-1.383980136592e+02  ,-1.389799783437e+02  ,-1.402016060245e+02  ,-1.407890119836e+02  ,-1.409517212995e+02  ,-1.417665426305e+02  ,-1.414444235764e+02  ,-1.417214632435e+02  ,-1.408110394402e+02  ,-1.400732199804e+02  
  4.009447564324e-06  ,-3.825653870123e+01  ,-3.809563018394e+01  ,-4.138860617014e+01  ,-4.880878622501e+01  ,-4.783485129601e+01  ,-5.094567163716e+01  ,-6.164755869447e+01  ,-6.546907630328e+01  ,-6.930335187596e+01  ,-7.309305588729e+01  ,-7.682780916125e+01  ,-8.060685593415e+01  ,-8.433246429694e+01  ,-8.803614438301e+01  ,-9.172068042006e+01  ,-9.538467151818e+01  ,-9.902479808710e+01  ,-1.026143549768e+02  ,-1.062426098388e+02  ,-1.098140265744e+02  ,-1.133053738976e+02  ,-1.168930503703e+02  ,-1.204024524506e+02  ,-1.238797181272e+02  ,-1.267692707100e+02  ,-1.290729312078e+02  ,-1.304577633777e+02  ,-1.319724844025e+02  ,-1.338634780312e+02  ,-1.356689309536e+02  ,-1.369873064322e+02  ,-1.383980136592e+02  ,-1.389799783437e+02  ,-1.402016060245e+02  ,-1.407890119836e+02  ,-1.409517212995e+02  ,-1.417665426305e+02  ,-1.414444235764e+02  ,-1.417214632435e+02  ,-1.408110394402e+02  ,-1.400732199804e+02  
  4.009547565086e-06  ,-3.825653870123e+01  ,-3.809563018394e+01  ,-4.138860617014e+01  ,-4.880878622501e+01  ,-4.783485129601e+01  ,-5.094567163716e+01  ,-6.164755869447e+01  ,-6.546907630328e+01  ,-6.930335187596e+01  ,-7.309305588729e+01  ,-7.682780916125e+01  ,-8.060685593415e+01  ,-8.433246429694e+01  ,-8.803614438301e+01  ,-9.172068042006e+01  ,-9.538467151818e+01  ,-9.902479808710e+01  ,-1.026143549768e+02  ,-1.062426098388e+02  ,-1.098140265744e+02  ,-1.133053738976e+02  ,-1.168930503703e+02  ,-1.204024524506e+02  ,-1.238797181272e+02  ,-1.267692707100e+02  ,-1.290729312078e+02  ,-1.304577633777e+02  ,-1.319724844025e+02  ,-1.338634780312e+02  ,-1.356689309536e+02  ,-1.369873064322e+02  ,-1.383980136592e+02  ,-1.389799783437e+02  ,-1.402016060245e+02  ,-1.407890119836e+02  ,-1.409517212995e+02  ,-1.417665426305e+02  ,-1.414444235764e+02  ,-1.417214632435e+02  ,-1.408110394402e+02  ,-1.400732199804e+02  
  4.009647565847e-06  ,-3.825653870123e+01  ,-3.809563018394e+01  ,-4.138860617014e+01  ,-4.880878622501e+01  ,-4.783485129601e+01  ,-5.094567163716e+01  ,-6.164755869447e+01  ,-6.546907630328e+01  ,-6.930335187596e+01  ,-7.309305588729e+01  ,-7.682780916125e+01  ,-8.060685593415e+01  ,-8.433246429694e+01  ,-8.803614438301e+01  ,-9.172068042006e+01  ,-9.538467151818e+01  ,-9.902479808710e+01  ,-1.026143549768e+02  ,-1.062426098388e+02  ,-1.098140265744e+02  ,-1.133053738976e+02  ,-1.168930503703e+02  ,-1.204024524506e+02  ,-1.238797181272e+02  ,-1.267692707100e+02  ,-1.290729312078e+02  ,-1.304577633777e+02  ,-1.319724844025e+02  ,-1.338634780312e+02  ,-1.356689309536e+02  ,-1.369873064322e+02  ,-1.383980136592e+02  ,-1.389799783437e+02  ,-1.402016060245e+02  ,-1.407890119836e+02  ,-1.409517212995e+02  ,-1.417665426305e+02  ,-1.414444235764e+02  ,-1.417214632435e+02  ,-1.408110394402e+02  ,-1.400732199804e+02  
  4.009747566609e-06  ,-3.825653870123e+01  ,-3.809563018394e+01  ,-4.138860617014e+01  ,-4.880878622501e+01  ,-4.783485129601e+01  ,-5.094567163716e+01  ,-6.164755869447e+01  ,-6.546907630328e+01  ,-6.930335187596e+01  ,-7.309305588729e+01  ,-7.682780916125e+01  ,-8.060685593415e+01  ,-8.433246429694e+01  ,-8.803614438301e+01  ,-9.172068042006e+01  ,-9.538467151818e+01  ,-9.902479808710e+01  ,-1.026143549768e+02  ,-1.062426098388e+02  ,-1.098140265744e+02  ,-1.133053738976e+02  ,-1.168930503703e+02  ,-1.204024524506e+02  ,-1.238797181272e+02  ,-1.267692707100e+02  ,-1.290729312078e+02  ,-1.304577633777e+02  ,-1.319724844025e+02  ,-1.338634780312e+02  ,-1.356689309536e+02  ,-1.369873064322e+02  ,-1.383980136592e+02  ,-1.389799783437e+02  ,-1.402016060245e+02  ,-1.407890119836e+02  ,-1.409517212995e+02  ,-1.417665426305e+02  ,-1.414444235764e+02  ,-1.417214632435e+02  ,-1.408110394402e+02  ,-1.400732199804e+02  
  4.009847567370e-06  ,-3.825653870123e+01  ,-3.809563018394e+01  ,-4.138860617014e+01  ,-4.880878622501e+01  ,-4.783485129601e+01  ,-5.094567163716e+01  ,-6.164755869447e+01  ,-6.546907630328e+01  ,-6.930335187596e+01  ,-7.309305588729e+01  ,-7.682780916125e+01  ,-8.060685593415e+01  ,-8.433246429694e+01  ,-8.803614438301e+01  ,-9.172068042006e+01  ,-9.538467151818e+01  ,-9.902479808710e+01  ,-1.026143549768e+02  ,-1.062426098388e+02  ,-1.098140265744e+02  ,-1.133053738976e+02  ,-1.168930503703e+02  ,-1.204024524506e+02  ,-1.238797181272e+02  ,-1.267692707100e+02  ,-1.290729312078e+02  ,-1.304577633777e+02  ,-1.319724844025e+02  ,-1.338634780312e+02  ,-1.356689309536e+02  ,-1.369873064322e+02  ,-1.383980136592e+02  ,-1.389799783437e+02  ,-1.402016060245e+02  ,-1.407890119836e+02  ,-1.409517212995e+02  ,-1.417665426305e+02  ,-1.414444235764e+02  ,-1.417214632435e+02  ,-1.408110394402e+02  ,-1.400732199804e+02  
  4.009947568132e-06  ,-3.825653870123e+01  ,-3.809563018394e+01  ,-4.138860617014e+01  ,-4.880878622501e+01  ,-4.783485129601e+01  ,-5.094567163716e+01  ,-6.164755869447e+01  ,-6.546907630328e+01  ,-6.930335187596e+01  ,-7.309305588729e+01  ,-7.682780916125e+01  ,-8.060685593415e+01  ,-8.433246429694e+01  ,-8.803614438301e+01  ,-9.172068042006e+01  ,-9.538467151818e+01  ,-9.902479808710e+01  ,-1.026143549768e+02  ,-1.062426098388e+02  ,-1.098140265744e+02  ,-1.133053738976e+02  ,-1.168930503703e+02  ,-1.204024524506e+02  ,-1.238797181272e+02  ,-1.267692707100e+02  ,-1.290729312078e+02  ,-1.304577633777e+02  ,-1.319724844025e+02  ,-1.338634780312e+02  ,-1.356689309536e+02  ,-1.369873064322e+02  ,-1.383980136592e+02  ,-1.389799783437e+02  ,-1.402016060245e+02  ,-1.407890119836e+02  ,-1.409517212995e+02  ,-1.417665426305e+02  ,-1.414444235764e+02  ,-1.417214632435e+02  ,-1.408110394402e+02  ,-1.400732199804e+02  
  4.010047568893e-06  ,-3.825653870123e+01  ,-3.809563018394e+01  ,-4.138860617014e+01  ,-4.880878622501e+01  ,-4.783485129601e+01  ,-5.094567163716e+01  ,-6.164755869447e+01  ,-6.546907630328e+01  ,-6.930335187596e+01  ,-7.309305588729e+01  ,-7.682780916125e+01  ,-8.060685593415e+01  ,-8.433246429694e+01  ,-8.803614438301e+01  ,-9.172068042006e+01  ,-9.538467151818e+01  ,-9.902479808710e+01  ,-1.026143549768e+02  ,-1.062426098388e+02  ,-1.098140265744e+02  ,-1.133053738976e+02  ,-1.168930503703e+02  ,-1.204024524506e+02  ,-1.238797181272e+02  ,-1.267692707100e+02  ,-1.290729312078e+02  ,-1.304577633777e+02  ,-1.319724844025e+02  ,-1.338634780312e+02  ,-1.356689309536e+02  ,-1.369873064322e+02  ,-1.383980136592e+02  ,-1.389799783437e+02  ,-1.402016060245e+02  ,-1.407890119836e+02  ,-1.409517212995e+02  ,-1.417665426305e+02  ,-1.414444235764e+02  ,-1.417214632435e+02  ,-1.408110394402e+02  ,-1.400732199804e+02  
  4.010147569655e-06  ,-3.825653870123e+01  ,-3.809563018394e+01  ,-4.138860617014e+01  ,-4.880878622501e+01  ,-4.783485129601e+01  ,-5.094567163716e+01  ,-6.164755869447e+01  ,-6.546907630328e+01  ,-6.930335187596e+01  ,-7.309305588729e+01  ,-7.682780916125e+01  ,-8.060685593415e+01  ,-8.433246429694e+01  ,-8.803614438301e+01  ,-9.172068042006e+01  ,-9.538467151818e+01  ,-9.902479808710e+01  ,-1.026143549768e+02  ,-1.062426098388e+02  ,-1.098140265744e+02  ,-1.133053738976e+02  ,-1.168930503703e+02  ,-1.204024524506e+02  ,-1.238797181272e+02  ,-1.267692707100e+02  ,-1.290729312078e+02  ,-1.304577633777e+02  ,-1.319724844025e+02  ,-1.338634780312e+02  ,-1.356689309536e+02  ,-1.369873064322e+02  ,-1.383980136592e+02  ,-1.389799783437e+02  ,-1.402016060245e+02  ,-1.407890119836e+02  ,-1.409517212995e+02  ,-1.417665426305e+02  ,-1.414444235764e+02  ,-1.417214632435e+02  ,-1.408110394402e+02  ,-1.400732199804e+02  
  4.010247570416e-06  ,-3.825653870123e+01  ,-3.809563018394e+01  ,-4.138860617014e+01  ,-4.880878622501e+01  ,-4.783485129601e+01  ,-5.094567163716e+01  ,-6.164755869447e+01  ,-6.546907630328e+01  ,-6.930335187596e+01  ,-7.309305588729e+01  ,-7.682780916125e+01  ,-8.060685593415e+01  ,-8.433246429694e+01  ,-8.803614438301e+01  ,-9.172068042006e+01  ,-9.538467151818e+01  ,-9.902479808710e+01  ,-1.026143549768e+02  ,-1.062426098388e+02  ,-1.098140265744e+02  ,-1.133053738976e+02  ,-1.168930503703e+02  ,-1.204024524506e+02  ,-1.238797181272e+02  ,-1.267692707100e+02  ,-1.290729312078e+02  ,-1.304577633777e+02  ,-1.319724844025e+02  ,-1.338634780312e+02  ,-1.356689309536e+02  ,-1.369873064322e+02  ,-1.383980136592e+02  ,-1.389799783437e+02  ,-1.402016060245e+02  ,-1.407890119836e+02  ,-1.409517212995e+02  ,-1.417665426305e+02  ,-1.414444235764e+02  ,-1.417214632435e+02  ,-1.408110394402e+02  ,-1.400732199804e+02  
  4.010347571177e-06  ,-3.825653870123e+01  ,-3.809563018394e+01  ,-4.138860617014e+01  ,-4.880878622501e+01  ,-4.783485129601e+01  ,-5.094567163716e+01  ,-6.164755869447e+01  ,-6.546907630328e+01  ,-6.930335187596e+01  ,-7.309305588729e+01  ,-7.682780916125e+01  ,-8.060685593415e+01  ,-8.433246429694e+01  ,-8.803614438301e+01  ,-9.172068042006e+01  ,-9.538467151818e+01  ,-9.902479808710e+01  ,-1.026143549768e+02  ,-1.062426098388e+02  ,-1.098140265744e+02  ,-1.133053738976e+02  ,-1.168930503703e+02  ,-1.204024524506e+02  ,-1.238797181272e+02  ,-1.267692707100e+02  ,-1.290729312078e+02  ,-1.304577633777e+02  ,-1.319724844025e+02  ,-1.338634780312e+02  ,-1.356689309536e+02  ,-1.369873064322e+02  ,-1.383980136592e+02  ,-1.389799783437e+02  ,-1.402016060245e+02  ,-1.407890119836e+02  ,-1.409517212995e+02  ,-1.417665426305e+02  ,-1.414444235764e+02  ,-1.417214632435e+02  ,-1.408110394402e+02  ,-1.400732199804e+02  
  4.010447571939e-06  ,-3.825653870123e+01  ,-3.809563018394e+01  ,-4.138860617014e+01  ,-4.880878622501e+01  ,-4.783485129601e+01  ,-5.094567163716e+01  ,-6.164755869447e+01  ,-6.546907630328e+01  ,-6.930335187596e+01  ,-7.309305588729e+01  ,-7.682780916125e+01  ,-8.060685593415e+01  ,-8.433246429694e+01  ,-8.803614438301e+01  ,-9.172068042006e+01  ,-9.538467151818e+01  ,-9.902479808710e+01  ,-1.026143549768e+02  ,-1.062426098388e+02  ,-1.098140265744e+02  ,-1.133053738976e+02  ,-1.168930503703e+02  ,-1.204024524506e+02  ,-1.238797181272e+02  ,-1.267692707100e+02  ,-1.290729312078e+02  ,-1.304577633777e+02  ,-1.319724844025e+02  ,-1.338634780312e+02  ,-1.356689309536e+02  ,-1.369873064322e+02  ,-1.383980136592e+02  ,-1.389799783437e+02  ,-1.402016060245e+02  ,-1.407890119836e+02  ,-1.409517212995e+02  ,-1.417665426305e+02  ,-1.414444235764e+02  ,-1.417214632435e+02  ,-1.408110394402e+02  ,-1.400732199804e+02  
  4.010547572700e-06  ,-3.825653870123e+01  ,-3.809563018394e+01  ,-4.138860617014e+01  ,-4.880878622501e+01  ,-4.783485129601e+01  ,-5.094567163716e+01  ,-6.164755869447e+01  ,-6.546907630328e+01  ,-6.930335187596e+01  ,-7.309305588729e+01  ,-7.682780916125e+01  ,-8.060685593415e+01  ,-8.433246429694e+01  ,-8.803614438301e+01  ,-9.172068042006e+01  ,-9.538467151818e+01  ,-9.902479808710e+01  ,-1.026143549768e+02  ,-1.062426098388e+02  ,-1.098140265744e+02  ,-1.133053738976e+02  ,-1.168930503703e+02  ,-1.204024524506e+02  ,-1.238797181272e+02  ,-1.267692707100e+02  ,-1.290729312078e+02  ,-1.304577633777e+02  ,-1.319724844025e+02  ,-1.338634780312e+02  ,-1.356689309536e+02  ,-1.369873064322e+02  ,-1.383980136592e+02  ,-1.389799783437e+02  ,-1.402016060245e+02  ,-1.407890119836e+02  ,-1.409517212995e+02  ,-1.417665426305e+02  ,-1.414444235764e+02  ,-1.417214632435e+02  ,-1.408110394402e+02  ,-1.400732199804e+02  
  4.010647573462e-06  ,-3.825653870123e+01  ,-3.809563018394e+01  ,-4.138860617014e+01  ,-4.880878622501e+01  ,-4.783485129601e+01  ,-5.094567163716e+01  ,-6.164755869447e+01  ,-6.546907630328e+01  ,-6.930335187596e+01  ,-7.309305588729e+01  ,-7.682780916125e+01  ,-8.060685593415e+01  ,-8.433246429694e+01  ,-8.803614438301e+01  ,-9.172068042006e+01  ,-9.538467151818e+01  ,-9.902479808710e+01  ,-1.026143549768e+02  ,-1.062426098388e+02  ,-1.098140265744e+02  ,-1.133053738976e+02  ,-1.168930503703e+02  ,-1.204024524506e+02  ,-1.238797181272e+02  ,-1.267692707100e+02  ,-1.290729312078e+02  ,-1.304577633777e+02  ,-1.319724844025e+02  ,-1.338634780312e+02  ,-1.356689309536e+02  ,-1.369873064322e+02  ,-1.383980136592e+02  ,-1.389799783437e+02  ,-1.402016060245e+02  ,-1.407890119836e+02  ,-1.409517212995e+02  ,-1.417665426305e+02  ,-1.414444235764e+02  ,-1.417214632435e+02  ,-1.408110394402e+02  ,-1.400732199804e+02  
  4.010747574223e-06  ,-3.825653870123e+01  ,-3.809563018394e+01  ,-4.138860617014e+01  ,-4.880878622501e+01  ,-4.783485129601e+01  ,-5.094567163716e+01  ,-6.164755869447e+01  ,-6.546907630328e+01  ,-6.930335187596e+01  ,-7.309305588729e+01  ,-7.682780916125e+01  ,-8.060685593415e+01  ,-8.433246429694e+01  ,-8.803614438301e+01  ,-9.172068042006e+01  ,-9.538467151818e+01  ,-9.902479808710e+01  ,-1.026143549768e+02  ,-1.062426098388e+02  ,-1.098140265744e+02  ,-1.133053738976e+02  ,-1.168930503703e+02  ,-1.204024524506e+02  ,-1.238797181272e+02  ,-1.267692707100e+02  ,-1.290729312078e+02  ,-1.304577633777e+02  ,-1.319724844025e+02  ,-1.338634780312e+02  ,-1.356689309536e+02  ,-1.369873064322e+02  ,-1.383980136592e+02  ,-1.389799783437e+02  ,-1.402016060245e+02  ,-1.407890119836e+02  ,-1.409517212995e+02  ,-1.417665426305e+02  ,-1.414444235764e+02  ,-1.417214632435e+02  ,-1.408110394402e+02  ,-1.400732199804e+02  
  4.010847574985e-06  ,-3.825653870123e+01  ,-3.809563018394e+01  ,-4.138860617014e+01  ,-4.880878622501e+01  ,-4.783485129601e+01  ,-5.094567163716e+01  ,-6.164755869447e+01  ,-6.546907630328e+01  ,-6.930335187596e+01  ,-7.309305588729e+01  ,-7.682780916125e+01  ,-8.060685593415e+01  ,-8.433246429694e+01  ,-8.803614438301e+01  ,-9.172068042006e+01  ,-9.538467151818e+01  ,-9.902479808710e+01  ,-1.026143549768e+02  ,-1.062426098388e+02  ,-1.098140265744e+02  ,-1.133053738976e+02  ,-1.168930503703e+02  ,-1.204024524506e+02  ,-1.238797181272e+02  ,-1.267692707100e+02  ,-1.290729312078e+02  ,-1.304577633777e+02  ,-1.319724844025e+02  ,-1.338634780312e+02  ,-1.356689309536e+02  ,-1.369873064322e+02  ,-1.383980136592e+02  ,-1.389799783437e+02  ,-1.402016060245e+02  ,-1.407890119836e+02  ,-1.409517212995e+02  ,-1.417665426305e+02  ,-1.414444235764e+02  ,-1.417214632435e+02  ,-1.408110394402e+02  ,-1.400732199804e+02  
  4.010947575746e-06  ,-3.825653870123e+01  ,-3.809563018394e+01  ,-4.138860617014e+01  ,-4.880878622501e+01  ,-4.783485129601e+01  ,-5.094567163716e+01  ,-6.164755869447e+01  ,-6.546907630328e+01  ,-6.930335187596e+01  ,-7.309305588729e+01  ,-7.682780916125e+01  ,-8.060685593415e+01  ,-8.433246429694e+01  ,-8.803614438301e+01  ,-9.172068042006e+01  ,-9.538467151818e+01  ,-9.902479808710e+01  ,-1.026143549768e+02  ,-1.062426098388e+02  ,-1.098140265744e+02  ,-1.133053738976e+02  ,-1.168930503703e+02  ,-1.204024524506e+02  ,-1.238797181272e+02  ,-1.267692707100e+02  ,-1.290729312078e+02  ,-1.304577633777e+02  ,-1.319724844025e+02  ,-1.338634780312e+02  ,-1.356689309536e+02  ,-1.369873064322e+02  ,-1.383980136592e+02  ,-1.389799783437e+02  ,-1.402016060245e+02  ,-1.407890119836e+02  ,-1.409517212995e+02  ,-1.417665426305e+02  ,-1.414444235764e+02  ,-1.417214632435e+02  ,-1.408110394402e+02  ,-1.400732199804e+02  
  4.011047576508e-06  ,-3.825653870123e+01  ,-3.809563018394e+01  ,-4.138860617014e+01  ,-4.880878622501e+01  ,-4.783485129601e+01  ,-5.094567163716e+01  ,-6.164755869447e+01  ,-6.546907630328e+01  ,-6.930335187596e+01  ,-7.309305588729e+01  ,-7.682780916125e+01  ,-8.060685593415e+01  ,-8.433246429694e+01  ,-8.803614438301e+01  ,-9.172068042006e+01  ,-9.538467151818e+01  ,-9.902479808710e+01  ,-1.026143549768e+02  ,-1.062426098388e+02  ,-1.098140265744e+02  ,-1.133053738976e+02  ,-1.168930503703e+02  ,-1.204024524506e+02  ,-1.238797181272e+02  ,-1.267692707100e+02  ,-1.290729312078e+02  ,-1.304577633777e+02  ,-1.319724844025e+02  ,-1.338634780312e+02  ,-1.356689309536e+02  ,-1.369873064322e+02  ,-1.383980136592e+02  ,-1.389799783437e+02  ,-1.402016060245e+02  ,-1.407890119836e+02  ,-1.409517212995e+02  ,-1.417665426305e+02  ,-1.414444235764e+02  ,-1.417214632435e+02  ,-1.408110394402e+02  ,-1.400732199804e+02  
  4.011147577269e-06  ,-3.825653870123e+01  ,-3.809563018394e+01  ,-4.138860617014e+01  ,-4.880878622501e+01  ,-4.783485129601e+01  ,-5.094567163716e+01  ,-6.164755869447e+01  ,-6.546907630328e+01  ,-6.930335187596e+01  ,-7.309305588729e+01  ,-7.682780916125e+01  ,-8.060685593415e+01  ,-8.433246429694e+01  ,-8.803614438301e+01  ,-9.172068042006e+01  ,-9.538467151818e+01  ,-9.902479808710e+01  ,-1.026143549768e+02  ,-1.062426098388e+02  ,-1.098140265744e+02  ,-1.133053738976e+02  ,-1.168930503703e+02  ,-1.204024524506e+02  ,-1.238797181272e+02  ,-1.267692707100e+02  ,-1.290729312078e+02  ,-1.304577633777e+02  ,-1.319724844025e+02  ,-1.338634780312e+02  ,-1.356689309536e+02  ,-1.369873064322e+02  ,-1.383980136592e+02  ,-1.389799783437e+02  ,-1.402016060245e+02  ,-1.407890119836e+02  ,-1.409517212995e+02  ,-1.417665426305e+02  ,-1.414444235764e+02  ,-1.417214632435e+02  ,-1.408110394402e+02  ,-1.400732199804e+02  
  4.011247578030e-06  ,-3.825653870123e+01  ,-3.809563018394e+01  ,-4.138860617014e+01  ,-4.880878622501e+01  ,-4.783485129601e+01  ,-5.094567163716e+01  ,-6.164755869447e+01  ,-6.546907630328e+01  ,-6.930335187596e+01  ,-7.309305588729e+01  ,-7.682780916125e+01  ,-8.060685593415e+01  ,-8.433246429694e+01  ,-8.803614438301e+01  ,-9.172068042006e+01  ,-9.538467151818e+01  ,-9.902479808710e+01  ,-1.026143549768e+02  ,-1.062426098388e+02  ,-1.098140265744e+02  ,-1.133053738976e+02  ,-1.168930503703e+02  ,-1.204024524506e+02  ,-1.238797181272e+02  ,-1.267692707100e+02  ,-1.290729312078e+02  ,-1.304577633777e+02  ,-1.319724844025e+02  ,-1.338634780312e+02  ,-1.356689309536e+02  ,-1.369873064322e+02  ,-1.383980136592e+02  ,-1.389799783437e+02  ,-1.402016060245e+02  ,-1.407890119836e+02  ,-1.409517212995e+02  ,-1.417665426305e+02  ,-1.414444235764e+02  ,-1.417214632435e+02  ,-1.408110394402e+02  ,-1.400732199804e+02  
  4.011262578145e-06  ,-3.825653870123e+01  ,-3.809563018394e+01  ,-4.138860617014e+01  ,-4.880878622501e+01  ,-4.783485129601e+01  ,-5.094567163716e+01  ,-6.164755869447e+01  ,-6.546907630328e+01  ,-6.930335187596e+01  ,-7.309305588729e+01  ,-7.682780916125e+01  ,-8.060685593415e+01  ,-8.433246429694e+01  ,-8.803614438301e+01  ,-9.172068042006e+01  ,-9.538467151818e+01  ,-9.902479808710e+01  ,-1.026143549768e+02  ,-1.062426098388e+02  ,-1.098140265744e+02  ,-1.133053738976e+02  ,-1.168930503703e+02  ,-1.204024524506e+02  ,-1.238797181272e+02  ,-1.267692707100e+02  ,-1.290729312078e+02  ,-1.304577633777e+02  ,-1.319724844025e+02  ,-1.338634780312e+02  ,-1.356689309536e+02  ,-1.369873064322e+02  ,-1.383980136592e+02  ,-1.389799783437e+02  ,-1.402016060245e+02  ,-1.407890119836e+02  ,-1.409517212995e+02  ,-1.417665426305e+02  ,-1.414444235764e+02  ,-1.417214632435e+02  ,-1.408110394402e+02  ,-1.400732199804e+02  
  4.011287578335e-06  ,-3.825653870123e+01  ,-3.809563018394e+01  ,-4.138860617014e+01  ,-4.880878622501e+01  ,-4.783485129601e+01  ,-5.094567163716e+01  ,-6.164755869447e+01  ,-6.546907630328e+01  ,-6.930335187596e+01  ,-7.309305588729e+01  ,-7.682780916125e+01  ,-8.060685593415e+01  ,-8.433246429694e+01  ,-8.803614438301e+01  ,-9.172068042006e+01  ,-9.538467151818e+01  ,-9.902479808710e+01  ,-1.026143549768e+02  ,-1.062426098388e+02  ,-1.098140265744e+02  ,-1.133053738976e+02  ,-1.168930503703e+02  ,-1.204024524506e+02  ,-1.238797181272e+02  ,-1.267692707100e+02  ,-1.290729312078e+02  ,-1.304577633777e+02  ,-1.319724844025e+02  ,-1.338634780312e+02  ,-1.356689309536e+02  ,-1.369873064322e+02  ,-1.383980136592e+02  ,-1.389799783437e+02  ,-1.402016060245e+02  ,-1.407890119836e+02  ,-1.409517212995e+02  ,-1.417665426305e+02  ,-1.414444235764e+02  ,-1.417214632435e+02  ,-1.408110394402e+02  ,-1.400732199804e+02  
  4.011337578716e-06  ,-3.825653870123e+01  ,-3.809563018394e+01  ,-4.138860617014e+01  ,-4.880878622501e+01  ,-4.783485129601e+01  ,-5.094567163716e+01  ,-6.164755869447e+01  ,-6.546907630328e+01  ,-6.930335187596e+01  ,-7.309305588729e+01  ,-7.682780916125e+01  ,-8.060685593415e+01  ,-8.433246429694e+01  ,-8.803614438301e+01  ,-9.172068042006e+01  ,-9.538467151818e+01  ,-9.902479808710e+01  ,-1.026143549768e+02  ,-1.062426098388e+02  ,-1.098140265744e+02  ,-1.133053738976e+02  ,-1.168930503703e+02  ,-1.204024524506e+02  ,-1.238797181272e+02  ,-1.267692707100e+02  ,-1.290729312078e+02  ,-1.304577633777e+02  ,-1.319724844025e+02  ,-1.338634780312e+02  ,-1.356689309536e+02  ,-1.369873064322e+02  ,-1.383980136592e+02  ,-1.389799783437e+02  ,-1.402016060245e+02  ,-1.407890119836e+02  ,-1.409517212995e+02  ,-1.417665426305e+02  ,-1.414444235764e+02  ,-1.417214632435e+02  ,-1.408110394402e+02  ,-1.400732199804e+02  
  4.011437579477e-06  ,-3.825653870123e+01  ,-3.809563018394e+01  ,-4.138860617014e+01  ,-4.880878622501e+01  ,-4.783485129601e+01  ,-5.094567163716e+01  ,-6.164755869447e+01  ,-6.546907630328e+01  ,-6.930335187596e+01  ,-7.309305588729e+01  ,-7.682780916125e+01  ,-8.060685593415e+01  ,-8.433246429694e+01  ,-8.803614438301e+01  ,-9.172068042006e+01  ,-9.538467151818e+01  ,-9.902479808710e+01  ,-1.026143549768e+02  ,-1.062426098388e+02  ,-1.098140265744e+02  ,-1.133053738976e+02  ,-1.168930503703e+02  ,-1.204024524506e+02  ,-1.238797181272e+02  ,-1.267692707100e+02  ,-1.290729312078e+02  ,-1.304577633777e+02  ,-1.319724844025e+02  ,-1.338634780312e+02  ,-1.356689309536e+02  ,-1.369873064322e+02  ,-1.383980136592e+02  ,-1.389799783437e+02  ,-1.402016060245e+02  ,-1.407890119836e+02  ,-1.409517212995e+02  ,-1.417665426305e+02  ,-1.414444235764e+02  ,-1.417214632435e+02  ,-1.408110394402e+02  ,-1.400732199804e+02  
  4.011537580239e-06  ,-3.825653870123e+01  ,-3.809563018394e+01  ,-4.138860617014e+01  ,-4.880878622501e+01  ,-4.783485129601e+01  ,-5.094567163716e+01  ,-6.164755869447e+01  ,-6.546907630328e+01  ,-6.930335187596e+01  ,-7.309305588729e+01  ,-7.682780916125e+01  ,-8.060685593415e+01  ,-8.433246429694e+01  ,-8.803614438301e+01  ,-9.172068042006e+01  ,-9.538467151818e+01  ,-9.902479808710e+01  ,-1.026143549768e+02  ,-1.062426098388e+02  ,-1.098140265744e+02  ,-1.133053738976e+02  ,-1.168930503703e+02  ,-1.204024524506e+02  ,-1.238797181272e+02  ,-1.267692707100e+02  ,-1.290729312078e+02  ,-1.304577633777e+02  ,-1.319724844025e+02  ,-1.338634780312e+02  ,-1.356689309536e+02  ,-1.369873064322e+02  ,-1.383980136592e+02  ,-1.389799783437e+02  ,-1.402016060245e+02  ,-1.407890119836e+02  ,-1.409517212995e+02  ,-1.417665426305e+02  ,-1.414444235764e+02  ,-1.417214632435e+02  ,-1.408110394402e+02  ,-1.400732199804e+02  
  4.011637581000e-06  ,-3.825653870123e+01  ,-3.809563018394e+01  ,-4.138860617014e+01  ,-4.880878622501e+01  ,-4.783485129601e+01  ,-5.094567163716e+01  ,-6.164755869447e+01  ,-6.546907630328e+01  ,-6.930335187596e+01  ,-7.309305588729e+01  ,-7.682780916125e+01  ,-8.060685593415e+01  ,-8.433246429694e+01  ,-8.803614438301e+01  ,-9.172068042006e+01  ,-9.538467151818e+01  ,-9.902479808710e+01  ,-1.026143549768e+02  ,-1.062426098388e+02  ,-1.098140265744e+02  ,-1.133053738976e+02  ,-1.168930503703e+02  ,-1.204024524506e+02  ,-1.238797181272e+02  ,-1.267692707100e+02  ,-1.290729312078e+02  ,-1.304577633777e+02  ,-1.319724844025e+02  ,-1.338634780312e+02  ,-1.356689309536e+02  ,-1.369873064322e+02  ,-1.383980136592e+02  ,-1.389799783437e+02  ,-1.402016060245e+02  ,-1.407890119836e+02  ,-1.409517212995e+02  ,-1.417665426305e+02  ,-1.414444235764e+02  ,-1.417214632435e+02  ,-1.408110394402e+02  ,-1.400732199804e+02  
  4.011737581762e-06  ,-3.825653870123e+01  ,-3.809563018394e+01  ,-4.138860617014e+01  ,-4.880878622501e+01  ,-4.783485129601e+01  ,-5.094567163716e+01  ,-6.164755869447e+01  ,-6.546907630328e+01  ,-6.930335187596e+01  ,-7.309305588729e+01  ,-7.682780916125e+01  ,-8.060685593415e+01  ,-8.433246429694e+01  ,-8.803614438301e+01  ,-9.172068042006e+01  ,-9.538467151818e+01  ,-9.902479808710e+01  ,-1.026143549768e+02  ,-1.062426098388e+02  ,-1.098140265744e+02  ,-1.133053738976e+02  ,-1.168930503703e+02  ,-1.204024524506e+02  ,-1.238797181272e+02  ,-1.267692707100e+02  ,-1.290729312078e+02  ,-1.304577633777e+02  ,-1.319724844025e+02  ,-1.338634780312e+02  ,-1.356689309536e+02  ,-1.369873064322e+02  ,-1.383980136592e+02  ,-1.389799783437e+02  ,-1.402016060245e+02  ,-1.407890119836e+02  ,-1.409517212995e+02  ,-1.417665426305e+02  ,-1.414444235764e+02  ,-1.417214632435e+02  ,-1.408110394402e+02  ,-1.400732199804e+02  
  4.011837582523e-06  ,-3.825653870123e+01  ,-3.809563018394e+01  ,-4.138860617014e+01  ,-4.880878622501e+01  ,-4.783485129601e+01  ,-5.094567163716e+01  ,-6.164755869447e+01  ,-6.546907630328e+01  ,-6.930335187596e+01  ,-7.309305588729e+01  ,-7.682780916125e+01  ,-8.060685593415e+01  ,-8.433246429694e+01  ,-8.803614438301e+01  ,-9.172068042006e+01  ,-9.538467151818e+01  ,-9.902479808710e+01  ,-1.026143549768e+02  ,-1.062426098388e+02  ,-1.098140265744e+02  ,-1.133053738976e+02  ,-1.168930503703e+02  ,-1.204024524506e+02  ,-1.238797181272e+02  ,-1.267692707100e+02  ,-1.290729312078e+02  ,-1.304577633777e+02  ,-1.319724844025e+02  ,-1.338634780312e+02  ,-1.356689309536e+02  ,-1.369873064322e+02  ,-1.383980136592e+02  ,-1.389799783437e+02  ,-1.402016060245e+02  ,-1.407890119836e+02  ,-1.409517212995e+02  ,-1.417665426305e+02  ,-1.414444235764e+02  ,-1.417214632435e+02  ,-1.408110394402e+02  ,-1.400732199804e+02  
  4.011937583284e-06  ,-3.825653870123e+01  ,-3.809563018394e+01  ,-4.138860617014e+01  ,-4.880878622501e+01  ,-4.783485129601e+01  ,-5.094567163716e+01  ,-6.164755869447e+01  ,-6.546907630328e+01  ,-6.930335187596e+01  ,-7.309305588729e+01  ,-7.682780916125e+01  ,-8.060685593415e+01  ,-8.433246429694e+01  ,-8.803614438301e+01  ,-9.172068042006e+01  ,-9.538467151818e+01  ,-9.902479808710e+01  ,-1.026143549768e+02  ,-1.062426098388e+02  ,-1.098140265744e+02  ,-1.133053738976e+02  ,-1.168930503703e+02  ,-1.204024524506e+02  ,-1.238797181272e+02  ,-1.267692707100e+02  ,-1.290729312078e+02  ,-1.304577633777e+02  ,-1.319724844025e+02  ,-1.338634780312e+02  ,-1.356689309536e+02  ,-1.369873064322e+02  ,-1.383980136592e+02  ,-1.389799783437e+02  ,-1.402016060245e+02  ,-1.407890119836e+02  ,-1.409517212995e+02  ,-1.417665426305e+02  ,-1.414444235764e+02  ,-1.417214632435e+02  ,-1.408110394402e+02  ,-1.400732199804e+02  
  4.012037584046e-06  ,-3.825653870123e+01  ,-3.809563018394e+01  ,-4.138860617014e+01  ,-4.880878622501e+01  ,-4.783485129601e+01  ,-5.094567163716e+01  ,-6.164755869447e+01  ,-6.546907630328e+01  ,-6.930335187596e+01  ,-7.309305588729e+01  ,-7.682780916125e+01  ,-8.060685593415e+01  ,-8.433246429694e+01  ,-8.803614438301e+01  ,-9.172068042006e+01  ,-9.538467151818e+01  ,-9.902479808710e+01  ,-1.026143549768e+02  ,-1.062426098388e+02  ,-1.098140265744e+02  ,-1.133053738976e+02  ,-1.168930503703e+02  ,-1.204024524506e+02  ,-1.238797181272e+02  ,-1.267692707100e+02  ,-1.290729312078e+02  ,-1.304577633777e+02  ,-1.319724844025e+02  ,-1.338634780312e+02  ,-1.356689309536e+02  ,-1.369873064322e+02  ,-1.383980136592e+02  ,-1.389799783437e+02  ,-1.402016060245e+02  ,-1.407890119836e+02  ,-1.409517212995e+02  ,-1.417665426305e+02  ,-1.414444235764e+02  ,-1.417214632435e+02  ,-1.408110394402e+02  ,-1.400732199804e+02  
  4.012137584807e-06  ,-3.825653870123e+01  ,-3.809563018394e+01  ,-4.138860617014e+01  ,-4.880878622501e+01  ,-4.783485129601e+01  ,-5.094567163716e+01  ,-6.164755869447e+01  ,-6.546907630328e+01  ,-6.930335187596e+01  ,-7.309305588729e+01  ,-7.682780916125e+01  ,-8.060685593415e+01  ,-8.433246429694e+01  ,-8.803614438301e+01  ,-9.172068042006e+01  ,-9.538467151818e+01  ,-9.902479808710e+01  ,-1.026143549768e+02  ,-1.062426098388e+02  ,-1.098140265744e+02  ,-1.133053738976e+02  ,-1.168930503703e+02  ,-1.204024524506e+02  ,-1.238797181272e+02  ,-1.267692707100e+02  ,-1.290729312078e+02  ,-1.304577633777e+02  ,-1.319724844025e+02  ,-1.338634780312e+02  ,-1.356689309536e+02  ,-1.369873064322e+02  ,-1.383980136592e+02  ,-1.389799783437e+02  ,-1.402016060245e+02  ,-1.407890119836e+02  ,-1.409517212995e+02  ,-1.417665426305e+02  ,-1.414444235764e+02  ,-1.417214632435e+02  ,-1.408110394402e+02  ,-1.400732199804e+02  
  4.012237585569e-06  ,-3.825653870123e+01  ,-3.809563018394e+01  ,-4.138860617014e+01  ,-4.880878622501e+01  ,-4.783485129601e+01  ,-5.094567163716e+01  ,-6.164755869447e+01  ,-6.546907630328e+01  ,-6.930335187596e+01  ,-7.309305588729e+01  ,-7.682780916125e+01  ,-8.060685593415e+01  ,-8.433246429694e+01  ,-8.803614438301e+01  ,-9.172068042006e+01  ,-9.538467151818e+01  ,-9.902479808710e+01  ,-1.026143549768e+02  ,-1.062426098388e+02  ,-1.098140265744e+02  ,-1.133053738976e+02  ,-1.168930503703e+02  ,-1.204024524506e+02  ,-1.238797181272e+02  ,-1.267692707100e+02  ,-1.290729312078e+02  ,-1.304577633777e+02  ,-1.319724844025e+02  ,-1.338634780312e+02  ,-1.356689309536e+02  ,-1.369873064322e+02  ,-1.383980136592e+02  ,-1.389799783437e+02  ,-1.402016060245e+02  ,-1.407890119836e+02  ,-1.409517212995e+02  ,-1.417665426305e+02  ,-1.414444235764e+02  ,-1.417214632435e+02  ,-1.408110394402e+02  ,-1.400732199804e+02  
  4.012337586330e-06  ,-3.825653870123e+01  ,-3.809563018394e+01  ,-4.138860617014e+01  ,-4.880878622501e+01  ,-4.783485129601e+01  ,-5.094567163716e+01  ,-6.164755869447e+01  ,-6.546907630328e+01  ,-6.930335187596e+01  ,-7.309305588729e+01  ,-7.682780916125e+01  ,-8.060685593415e+01  ,-8.433246429694e+01  ,-8.803614438301e+01  ,-9.172068042006e+01  ,-9.538467151818e+01  ,-9.902479808710e+01  ,-1.026143549768e+02  ,-1.062426098388e+02  ,-1.098140265744e+02  ,-1.133053738976e+02  ,-1.168930503703e+02  ,-1.204024524506e+02  ,-1.238797181272e+02  ,-1.267692707100e+02  ,-1.290729312078e+02  ,-1.304577633777e+02  ,-1.319724844025e+02  ,-1.338634780312e+02  ,-1.356689309536e+02  ,-1.369873064322e+02  ,-1.383980136592e+02  ,-1.389799783437e+02  ,-1.402016060245e+02  ,-1.407890119836e+02  ,-1.409517212995e+02  ,-1.417665426305e+02  ,-1.414444235764e+02  ,-1.417214632435e+02  ,-1.408110394402e+02  ,-1.400732199804e+02  
  4.012437587092e-06  ,-3.825653870123e+01  ,-3.809563018394e+01  ,-4.138860617014e+01  ,-4.880878622501e+01  ,-4.783485129601e+01  ,-5.094567163716e+01  ,-6.164755869447e+01  ,-6.546907630328e+01  ,-6.930335187596e+01  ,-7.309305588729e+01  ,-7.682780916125e+01  ,-8.060685593415e+01  ,-8.433246429694e+01  ,-8.803614438301e+01  ,-9.172068042006e+01  ,-9.538467151818e+01  ,-9.902479808710e+01  ,-1.026143549768e+02  ,-1.062426098388e+02  ,-1.098140265744e+02  ,-1.133053738976e+02  ,-1.168930503703e+02  ,-1.204024524506e+02  ,-1.238797181272e+02  ,-1.267692707100e+02  ,-1.290729312078e+02  ,-1.304577633777e+02  ,-1.319724844025e+02  ,-1.338634780312e+02  ,-1.356689309536e+02  ,-1.369873064322e+02  ,-1.383980136592e+02  ,-1.389799783437e+02  ,-1.402016060245e+02  ,-1.407890119836e+02  ,-1.409517212995e+02  ,-1.417665426305e+02  ,-1.414444235764e+02  ,-1.417214632435e+02  ,-1.408110394402e+02  ,-1.400732199804e+02  
  4.012537587853e-06  ,-3.825653870123e+01  ,-3.809563018394e+01  ,-4.138860617014e+01  ,-4.880878622501e+01  ,-4.783485129601e+01  ,-5.094567163716e+01  ,-6.164755869447e+01  ,-6.546907630328e+01  ,-6.930335187596e+01  ,-7.309305588729e+01  ,-7.682780916125e+01  ,-8.060685593415e+01  ,-8.433246429694e+01  ,-8.803614438301e+01  ,-9.172068042006e+01  ,-9.538467151818e+01  ,-9.902479808710e+01  ,-1.026143549768e+02  ,-1.062426098388e+02  ,-1.098140265744e+02  ,-1.133053738976e+02  ,-1.168930503703e+02  ,-1.204024524506e+02  ,-1.238797181272e+02  ,-1.267692707100e+02  ,-1.290729312078e+02  ,-1.304577633777e+02  ,-1.319724844025e+02  ,-1.338634780312e+02  ,-1.356689309536e+02  ,-1.369873064322e+02  ,-1.383980136592e+02  ,-1.389799783437e+02  ,-1.402016060245e+02  ,-1.407890119836e+02  ,-1.409517212995e+02  ,-1.417665426305e+02  ,-1.414444235764e+02  ,-1.417214632435e+02  ,-1.408110394402e+02  ,-1.400732199804e+02  
  4.012637588615e-06  ,-3.825653870123e+01  ,-3.809563018394e+01  ,-4.138860617014e+01  ,-4.880878622501e+01  ,-4.783485129601e+01  ,-5.094567163716e+01  ,-6.164755869447e+01  ,-6.546907630328e+01  ,-6.930335187596e+01  ,-7.309305588729e+01  ,-7.682780916125e+01  ,-8.060685593415e+01  ,-8.433246429694e+01  ,-8.803614438301e+01  ,-9.172068042006e+01  ,-9.538467151818e+01  ,-9.902479808710e+01  ,-1.026143549768e+02  ,-1.062426098388e+02  ,-1.098140265744e+02  ,-1.133053738976e+02  ,-1.168930503703e+02  ,-1.204024524506e+02  ,-1.238797181272e+02  ,-1.267692707100e+02  ,-1.290729312078e+02  ,-1.304577633777e+02  ,-1.319724844025e+02  ,-1.338634780312e+02  ,-1.356689309536e+02  ,-1.369873064322e+02  ,-1.383980136592e+02  ,-1.389799783437e+02  ,-1.402016060245e+02  ,-1.407890119836e+02  ,-1.409517212995e+02  ,-1.417665426305e+02  ,-1.414444235764e+02  ,-1.417214632435e+02  ,-1.408110394402e+02  ,-1.400732199804e+02  
  4.012737589376e-06  ,-3.825653870123e+01  ,-3.809563018394e+01  ,-4.138860617014e+01  ,-4.880878622501e+01  ,-4.783485129601e+01  ,-5.094567163716e+01  ,-6.164755869447e+01  ,-6.546907630328e+01  ,-6.930335187596e+01  ,-7.309305588729e+01  ,-7.682780916125e+01  ,-8.060685593415e+01  ,-8.433246429694e+01  ,-8.803614438301e+01  ,-9.172068042006e+01  ,-9.538467151818e+01  ,-9.902479808710e+01  ,-1.026143549768e+02  ,-1.062426098388e+02  ,-1.098140265744e+02  ,-1.133053738976e+02  ,-1.168930503703e+02  ,-1.204024524506e+02  ,-1.238797181272e+02  ,-1.267692707100e+02  ,-1.290729312078e+02  ,-1.304577633777e+02  ,-1.319724844025e+02  ,-1.338634780312e+02  ,-1.356689309536e+02  ,-1.369873064322e+02  ,-1.383980136592e+02  ,-1.389799783437e+02  ,-1.402016060245e+02  ,-1.407890119836e+02  ,-1.409517212995e+02  ,-1.417665426305e+02  ,-1.414444235764e+02  ,-1.417214632435e+02  ,-1.408110394402e+02  ,-1.400732199804e+02  
  4.012837590137e-06  ,-3.825653870123e+01  ,-3.809563018394e+01  ,-4.138860617014e+01  ,-4.880878622501e+01  ,-4.783485129601e+01  ,-5.094567163716e+01  ,-6.164755869447e+01  ,-6.546907630328e+01  ,-6.930335187596e+01  ,-7.309305588729e+01  ,-7.682780916125e+01  ,-8.060685593415e+01  ,-8.433246429694e+01  ,-8.803614438301e+01  ,-9.172068042006e+01  ,-9.538467151818e+01  ,-9.902479808710e+01  ,-1.026143549768e+02  ,-1.062426098388e+02  ,-1.098140265744e+02  ,-1.133053738976e+02  ,-1.168930503703e+02  ,-1.204024524506e+02  ,-1.238797181272e+02  ,-1.267692707100e+02  ,-1.290729312078e+02  ,-1.304577633777e+02  ,-1.319724844025e+02  ,-1.338634780312e+02  ,-1.356689309536e+02  ,-1.369873064322e+02  ,-1.383980136592e+02  ,-1.389799783437e+02  ,-1.402016060245e+02  ,-1.407890119836e+02  ,-1.409517212995e+02  ,-1.417665426305e+02  ,-1.414444235764e+02  ,-1.417214632435e+02  ,-1.408110394402e+02  ,-1.400732199804e+02  
  4.012937590899e-06  ,-3.825653870123e+01  ,-3.809563018394e+01  ,-4.138860617014e+01  ,-4.880878622501e+01  ,-4.783485129601e+01  ,-5.094567163716e+01  ,-6.164755869447e+01  ,-6.546907630328e+01  ,-6.930335187596e+01  ,-7.309305588729e+01  ,-7.682780916125e+01  ,-8.060685593415e+01  ,-8.433246429694e+01  ,-8.803614438301e+01  ,-9.172068042006e+01  ,-9.538467151818e+01  ,-9.902479808710e+01  ,-1.026143549768e+02  ,-1.062426098388e+02  ,-1.098140265744e+02  ,-1.133053738976e+02  ,-1.168930503703e+02  ,-1.204024524506e+02  ,-1.238797181272e+02  ,-1.267692707100e+02  ,-1.290729312078e+02  ,-1.304577633777e+02  ,-1.319724844025e+02  ,-1.338634780312e+02  ,-1.356689309536e+02  ,-1.369873064322e+02  ,-1.383980136592e+02  ,-1.389799783437e+02  ,-1.402016060245e+02  ,-1.407890119836e+02  ,-1.409517212995e+02  ,-1.417665426305e+02  ,-1.414444235764e+02  ,-1.417214632435e+02  ,-1.408110394402e+02  ,-1.400732199804e+02  
  4.013037591660e-06  ,-3.825653870123e+01  ,-3.809563018394e+01  ,-4.138860617014e+01  ,-4.880878622501e+01  ,-4.783485129601e+01  ,-5.094567163716e+01  ,-6.164755869447e+01  ,-6.546907630328e+01  ,-6.930335187596e+01  ,-7.309305588729e+01  ,-7.682780916125e+01  ,-8.060685593415e+01  ,-8.433246429694e+01  ,-8.803614438301e+01  ,-9.172068042006e+01  ,-9.538467151818e+01  ,-9.902479808710e+01  ,-1.026143549768e+02  ,-1.062426098388e+02  ,-1.098140265744e+02  ,-1.133053738976e+02  ,-1.168930503703e+02  ,-1.204024524506e+02  ,-1.238797181272e+02  ,-1.267692707100e+02  ,-1.290729312078e+02  ,-1.304577633777e+02  ,-1.319724844025e+02  ,-1.338634780312e+02  ,-1.356689309536e+02  ,-1.369873064322e+02  ,-1.383980136592e+02  ,-1.389799783437e+02  ,-1.402016060245e+02  ,-1.407890119836e+02  ,-1.409517212995e+02  ,-1.417665426305e+02  ,-1.414444235764e+02  ,-1.417214632435e+02  ,-1.408110394402e+02  ,-1.400732199804e+02  
  4.013137592422e-06  ,-3.825653870123e+01  ,-3.809563018394e+01  ,-4.138860617014e+01  ,-4.880878622501e+01  ,-4.783485129601e+01  ,-5.094567163716e+01  ,-6.164755869447e+01  ,-6.546907630328e+01  ,-6.930335187596e+01  ,-7.309305588729e+01  ,-7.682780916125e+01  ,-8.060685593415e+01  ,-8.433246429694e+01  ,-8.803614438301e+01  ,-9.172068042006e+01  ,-9.538467151818e+01  ,-9.902479808710e+01  ,-1.026143549768e+02  ,-1.062426098388e+02  ,-1.098140265744e+02  ,-1.133053738976e+02  ,-1.168930503703e+02  ,-1.204024524506e+02  ,-1.238797181272e+02  ,-1.267692707100e+02  ,-1.290729312078e+02  ,-1.304577633777e+02  ,-1.319724844025e+02  ,-1.338634780312e+02  ,-1.356689309536e+02  ,-1.369873064322e+02  ,-1.383980136592e+02  ,-1.389799783437e+02  ,-1.402016060245e+02  ,-1.407890119836e+02  ,-1.409517212995e+02  ,-1.417665426305e+02  ,-1.414444235764e+02  ,-1.417214632435e+02  ,-1.408110394402e+02  ,-1.400732199804e+02  
  4.013237593183e-06  ,-3.825653870123e+01  ,-3.809563018394e+01  ,-4.138860617014e+01  ,-4.880878622501e+01  ,-4.783485129601e+01  ,-5.094567163716e+01  ,-6.164755869447e+01  ,-6.546907630328e+01  ,-6.930335187596e+01  ,-7.309305588729e+01  ,-7.682780916125e+01  ,-8.060685593415e+01  ,-8.433246429694e+01  ,-8.803614438301e+01  ,-9.172068042006e+01  ,-9.538467151818e+01  ,-9.902479808710e+01  ,-1.026143549768e+02  ,-1.062426098388e+02  ,-1.098140265744e+02  ,-1.133053738976e+02  ,-1.168930503703e+02  ,-1.204024524506e+02  ,-1.238797181272e+02  ,-1.267692707100e+02  ,-1.290729312078e+02  ,-1.304577633777e+02  ,-1.319724844025e+02  ,-1.338634780312e+02  ,-1.356689309536e+02  ,-1.369873064322e+02  ,-1.383980136592e+02  ,-1.389799783437e+02  ,-1.402016060245e+02  ,-1.407890119836e+02  ,-1.409517212995e+02  ,-1.417665426305e+02  ,-1.414444235764e+02  ,-1.417214632435e+02  ,-1.408110394402e+02  ,-1.400732199804e+02  
  4.013337593945e-06  ,-3.825653870123e+01  ,-3.809563018394e+01  ,-4.138860617014e+01  ,-4.880878622501e+01  ,-4.783485129601e+01  ,-5.094567163716e+01  ,-6.164755869447e+01  ,-6.546907630328e+01  ,-6.930335187596e+01  ,-7.309305588729e+01  ,-7.682780916125e+01  ,-8.060685593415e+01  ,-8.433246429694e+01  ,-8.803614438301e+01  ,-9.172068042006e+01  ,-9.538467151818e+01  ,-9.902479808710e+01  ,-1.026143549768e+02  ,-1.062426098388e+02  ,-1.098140265744e+02  ,-1.133053738976e+02  ,-1.168930503703e+02  ,-1.204024524506e+02  ,-1.238797181272e+02  ,-1.267692707100e+02  ,-1.290729312078e+02  ,-1.304577633777e+02  ,-1.319724844025e+02  ,-1.338634780312e+02  ,-1.356689309536e+02  ,-1.369873064322e+02  ,-1.383980136592e+02  ,-1.389799783437e+02  ,-1.402016060245e+02  ,-1.407890119836e+02  ,-1.409517212995e+02  ,-1.417665426305e+02  ,-1.414444235764e+02  ,-1.417214632435e+02  ,-1.408110394402e+02  ,-1.400732199804e+02  
  4.013437594706e-06  ,-3.825653870123e+01  ,-3.809563018394e+01  ,-4.138860617014e+01  ,-4.880878622501e+01  ,-4.783485129601e+01  ,-5.094567163716e+01  ,-6.164755869447e+01  ,-6.546907630328e+01  ,-6.930335187596e+01  ,-7.309305588729e+01  ,-7.682780916125e+01  ,-8.060685593415e+01  ,-8.433246429694e+01  ,-8.803614438301e+01  ,-9.172068042006e+01  ,-9.538467151818e+01  ,-9.902479808710e+01  ,-1.026143549768e+02  ,-1.062426098388e+02  ,-1.098140265744e+02  ,-1.133053738976e+02  ,-1.168930503703e+02  ,-1.204024524506e+02  ,-1.238797181272e+02  ,-1.267692707100e+02  ,-1.290729312078e+02  ,-1.304577633777e+02  ,-1.319724844025e+02  ,-1.338634780312e+02  ,-1.356689309536e+02  ,-1.369873064322e+02  ,-1.383980136592e+02  ,-1.389799783437e+02  ,-1.402016060245e+02  ,-1.407890119836e+02  ,-1.409517212995e+02  ,-1.417665426305e+02  ,-1.414444235764e+02  ,-1.417214632435e+02  ,-1.408110394402e+02  ,-1.400732199804e+02  
  4.013537595468e-06  ,-3.825653870123e+01  ,-3.809563018394e+01  ,-4.138860617014e+01  ,-4.880878622501e+01  ,-4.783485129601e+01  ,-5.094567163716e+01  ,-6.164755869447e+01  ,-6.546907630328e+01  ,-6.930335187596e+01  ,-7.309305588729e+01  ,-7.682780916125e+01  ,-8.060685593415e+01  ,-8.433246429694e+01  ,-8.803614438301e+01  ,-9.172068042006e+01  ,-9.538467151818e+01  ,-9.902479808710e+01  ,-1.026143549768e+02  ,-1.062426098388e+02  ,-1.098140265744e+02  ,-1.133053738976e+02  ,-1.168930503703e+02  ,-1.204024524506e+02  ,-1.238797181272e+02  ,-1.267692707100e+02  ,-1.290729312078e+02  ,-1.304577633777e+02  ,-1.319724844025e+02  ,-1.338634780312e+02  ,-1.356689309536e+02  ,-1.369873064322e+02  ,-1.383980136592e+02  ,-1.389799783437e+02  ,-1.402016060245e+02  ,-1.407890119836e+02  ,-1.409517212995e+02  ,-1.417665426305e+02  ,-1.414444235764e+02  ,-1.417214632435e+02  ,-1.408110394402e+02  ,-1.400732199804e+02  
  4.013637596229e-06  ,-3.825653870123e+01  ,-3.809563018394e+01  ,-4.138860617014e+01  ,-4.880878622501e+01  ,-4.783485129601e+01  ,-5.094567163716e+01  ,-6.164755869447e+01  ,-6.546907630328e+01  ,-6.930335187596e+01  ,-7.309305588729e+01  ,-7.682780916125e+01  ,-8.060685593415e+01  ,-8.433246429694e+01  ,-8.803614438301e+01  ,-9.172068042006e+01  ,-9.538467151818e+01  ,-9.902479808710e+01  ,-1.026143549768e+02  ,-1.062426098388e+02  ,-1.098140265744e+02  ,-1.133053738976e+02  ,-1.168930503703e+02  ,-1.204024524506e+02  ,-1.238797181272e+02  ,-1.267692707100e+02  ,-1.290729312078e+02  ,-1.304577633777e+02  ,-1.319724844025e+02  ,-1.338634780312e+02  ,-1.356689309536e+02  ,-1.369873064322e+02  ,-1.383980136592e+02  ,-1.389799783437e+02  ,-1.402016060245e+02  ,-1.407890119836e+02  ,-1.409517212995e+02  ,-1.417665426305e+02  ,-1.414444235764e+02  ,-1.417214632435e+02  ,-1.408110394402e+02  ,-1.400732199804e+02  
  4.013737596991e-06  ,-3.825653870123e+01  ,-3.809563018394e+01  ,-4.138860617014e+01  ,-4.880878622501e+01  ,-4.783485129601e+01  ,-5.094567163716e+01  ,-6.164755869447e+01  ,-6.546907630328e+01  ,-6.930335187596e+01  ,-7.309305588729e+01  ,-7.682780916125e+01  ,-8.060685593415e+01  ,-8.433246429694e+01  ,-8.803614438301e+01  ,-9.172068042006e+01  ,-9.538467151818e+01  ,-9.902479808710e+01  ,-1.026143549768e+02  ,-1.062426098388e+02  ,-1.098140265744e+02  ,-1.133053738976e+02  ,-1.168930503703e+02  ,-1.204024524506e+02  ,-1.238797181272e+02  ,-1.267692707100e+02  ,-1.290729312078e+02  ,-1.304577633777e+02  ,-1.319724844025e+02  ,-1.338634780312e+02  ,-1.356689309536e+02  ,-1.369873064322e+02  ,-1.383980136592e+02  ,-1.389799783437e+02  ,-1.402016060245e+02  ,-1.407890119836e+02  ,-1.409517212995e+02  ,-1.417665426305e+02  ,-1.414444235764e+02  ,-1.417214632435e+02  ,-1.408110394402e+02  ,-1.400732199804e+02  
  4.013837597752e-06  ,-3.825653870123e+01  ,-3.809563018394e+01  ,-4.138860617014e+01  ,-4.880878622501e+01  ,-4.783485129601e+01  ,-5.094567163716e+01  ,-6.164755869447e+01  ,-6.546907630328e+01  ,-6.930335187596e+01  ,-7.309305588729e+01  ,-7.682780916125e+01  ,-8.060685593415e+01  ,-8.433246429694e+01  ,-8.803614438301e+01  ,-9.172068042006e+01  ,-9.538467151818e+01  ,-9.902479808710e+01  ,-1.026143549768e+02  ,-1.062426098388e+02  ,-1.098140265744e+02  ,-1.133053738976e+02  ,-1.168930503703e+02  ,-1.204024524506e+02  ,-1.238797181272e+02  ,-1.267692707100e+02  ,-1.290729312078e+02  ,-1.304577633777e+02  ,-1.319724844025e+02  ,-1.338634780312e+02  ,-1.356689309536e+02  ,-1.369873064322e+02  ,-1.383980136592e+02  ,-1.389799783437e+02  ,-1.402016060245e+02  ,-1.407890119836e+02  ,-1.409517212995e+02  ,-1.417665426305e+02  ,-1.414444235764e+02  ,-1.417214632435e+02  ,-1.408110394402e+02  ,-1.400732199804e+02  
  4.013937598513e-06  ,-3.825653870123e+01  ,-3.809563018394e+01  ,-4.138860617014e+01  ,-4.880878622501e+01  ,-4.783485129601e+01  ,-5.094567163716e+01  ,-6.164755869447e+01  ,-6.546907630328e+01  ,-6.930335187596e+01  ,-7.309305588729e+01  ,-7.682780916125e+01  ,-8.060685593415e+01  ,-8.433246429694e+01  ,-8.803614438301e+01  ,-9.172068042006e+01  ,-9.538467151818e+01  ,-9.902479808710e+01  ,-1.026143549768e+02  ,-1.062426098388e+02  ,-1.098140265744e+02  ,-1.133053738976e+02  ,-1.168930503703e+02  ,-1.204024524506e+02  ,-1.238797181272e+02  ,-1.267692707100e+02  ,-1.290729312078e+02  ,-1.304577633777e+02  ,-1.319724844025e+02  ,-1.338634780312e+02  ,-1.356689309536e+02  ,-1.369873064322e+02  ,-1.383980136592e+02  ,-1.389799783437e+02  ,-1.402016060245e+02  ,-1.407890119836e+02  ,-1.409517212995e+02  ,-1.417665426305e+02  ,-1.414444235764e+02  ,-1.417214632435e+02  ,-1.408110394402e+02  ,-1.400732199804e+02  
  4.014037599275e-06  ,-3.825653870123e+01  ,-3.809563018394e+01  ,-4.138860617014e+01  ,-4.880878622501e+01  ,-4.783485129601e+01  ,-5.094567163716e+01  ,-6.164755869447e+01  ,-6.546907630328e+01  ,-6.930335187596e+01  ,-7.309305588729e+01  ,-7.682780916125e+01  ,-8.060685593415e+01  ,-8.433246429694e+01  ,-8.803614438301e+01  ,-9.172068042006e+01  ,-9.538467151818e+01  ,-9.902479808710e+01  ,-1.026143549768e+02  ,-1.062426098388e+02  ,-1.098140265744e+02  ,-1.133053738976e+02  ,-1.168930503703e+02  ,-1.204024524506e+02  ,-1.238797181272e+02  ,-1.267692707100e+02  ,-1.290729312078e+02  ,-1.304577633777e+02  ,-1.319724844025e+02  ,-1.338634780312e+02  ,-1.356689309536e+02  ,-1.369873064322e+02  ,-1.383980136592e+02  ,-1.389799783437e+02  ,-1.402016060245e+02  ,-1.407890119836e+02  ,-1.409517212995e+02  ,-1.417665426305e+02  ,-1.414444235764e+02  ,-1.417214632435e+02  ,-1.408110394402e+02  ,-1.400732199804e+02  
  4.014137600036e-06  ,-3.825653870123e+01  ,-3.809563018394e+01  ,-4.138860617014e+01  ,-4.880878622501e+01  ,-4.783485129601e+01  ,-5.094567163716e+01  ,-6.164755869447e+01  ,-6.546907630328e+01  ,-6.930335187596e+01  ,-7.309305588729e+01  ,-7.682780916125e+01  ,-8.060685593415e+01  ,-8.433246429694e+01  ,-8.803614438301e+01  ,-9.172068042006e+01  ,-9.538467151818e+01  ,-9.902479808710e+01  ,-1.026143549768e+02  ,-1.062426098388e+02  ,-1.098140265744e+02  ,-1.133053738976e+02  ,-1.168930503703e+02  ,-1.204024524506e+02  ,-1.238797181272e+02  ,-1.267692707100e+02  ,-1.290729312078e+02  ,-1.304577633777e+02  ,-1.319724844025e+02  ,-1.338634780312e+02  ,-1.356689309536e+02  ,-1.369873064322e+02  ,-1.383980136592e+02  ,-1.389799783437e+02  ,-1.402016060245e+02  ,-1.407890119836e+02  ,-1.409517212995e+02  ,-1.417665426305e+02  ,-1.414444235764e+02  ,-1.417214632435e+02  ,-1.408110394402e+02  ,-1.400732199804e+02  
  4.014237600798e-06  ,-3.825653870123e+01  ,-3.809563018394e+01  ,-4.138860617014e+01  ,-4.880878622501e+01  ,-4.783485129601e+01  ,-5.094567163716e+01  ,-6.164755869447e+01  ,-6.546907630328e+01  ,-6.930335187596e+01  ,-7.309305588729e+01  ,-7.682780916125e+01  ,-8.060685593415e+01  ,-8.433246429694e+01  ,-8.803614438301e+01  ,-9.172068042006e+01  ,-9.538467151818e+01  ,-9.902479808710e+01  ,-1.026143549768e+02  ,-1.062426098388e+02  ,-1.098140265744e+02  ,-1.133053738976e+02  ,-1.168930503703e+02  ,-1.204024524506e+02  ,-1.238797181272e+02  ,-1.267692707100e+02  ,-1.290729312078e+02  ,-1.304577633777e+02  ,-1.319724844025e+02  ,-1.338634780312e+02  ,-1.356689309536e+02  ,-1.369873064322e+02  ,-1.383980136592e+02  ,-1.389799783437e+02  ,-1.402016060245e+02  ,-1.407890119836e+02  ,-1.409517212995e+02  ,-1.417665426305e+02  ,-1.414444235764e+02  ,-1.417214632435e+02  ,-1.408110394402e+02  ,-1.400732199804e+02  
  4.014337601559e-06  ,-3.825653870123e+01  ,-3.809563018394e+01  ,-4.138860617014e+01  ,-4.880878622501e+01  ,-4.783485129601e+01  ,-5.094567163716e+01  ,-6.164755869447e+01  ,-6.546907630328e+01  ,-6.930335187596e+01  ,-7.309305588729e+01  ,-7.682780916125e+01  ,-8.060685593415e+01  ,-8.433246429694e+01  ,-8.803614438301e+01  ,-9.172068042006e+01  ,-9.538467151818e+01  ,-9.902479808710e+01  ,-1.026143549768e+02  ,-1.062426098388e+02  ,-1.098140265744e+02  ,-1.133053738976e+02  ,-1.168930503703e+02  ,-1.204024524506e+02  ,-1.238797181272e+02  ,-1.267692707100e+02  ,-1.290729312078e+02  ,-1.304577633777e+02  ,-1.319724844025e+02  ,-1.338634780312e+02  ,-1.356689309536e+02  ,-1.369873064322e+02  ,-1.383980136592e+02  ,-1.389799783437e+02  ,-1.402016060245e+02  ,-1.407890119836e+02  ,-1.409517212995e+02  ,-1.417665426305e+02  ,-1.414444235764e+02  ,-1.417214632435e+02  ,-1.408110394402e+02  ,-1.400732199804e+02  
  4.014437602321e-06  ,-3.825653870123e+01  ,-3.809563018394e+01  ,-4.138860617014e+01  ,-4.880878622501e+01  ,-4.783485129601e+01  ,-5.094567163716e+01  ,-6.164755869447e+01  ,-6.546907630328e+01  ,-6.930335187596e+01  ,-7.309305588729e+01  ,-7.682780916125e+01  ,-8.060685593415e+01  ,-8.433246429694e+01  ,-8.803614438301e+01  ,-9.172068042006e+01  ,-9.538467151818e+01  ,-9.902479808710e+01  ,-1.026143549768e+02  ,-1.062426098388e+02  ,-1.098140265744e+02  ,-1.133053738976e+02  ,-1.168930503703e+02  ,-1.204024524506e+02  ,-1.238797181272e+02  ,-1.267692707100e+02  ,-1.290729312078e+02  ,-1.304577633777e+02  ,-1.319724844025e+02  ,-1.338634780312e+02  ,-1.356689309536e+02  ,-1.369873064322e+02  ,-1.383980136592e+02  ,-1.389799783437e+02  ,-1.402016060245e+02  ,-1.407890119836e+02  ,-1.409517212995e+02  ,-1.417665426305e+02  ,-1.414444235764e+02  ,-1.417214632435e+02  ,-1.408110394402e+02  ,-1.400732199804e+02  
  4.014537603082e-06  ,-3.825653870123e+01  ,-3.809563018394e+01  ,-4.138860617014e+01  ,-4.880878622501e+01  ,-4.783485129601e+01  ,-5.094567163716e+01  ,-6.164755869447e+01  ,-6.546907630328e+01  ,-6.930335187596e+01  ,-7.309305588729e+01  ,-7.682780916125e+01  ,-8.060685593415e+01  ,-8.433246429694e+01  ,-8.803614438301e+01  ,-9.172068042006e+01  ,-9.538467151818e+01  ,-9.902479808710e+01  ,-1.026143549768e+02  ,-1.062426098388e+02  ,-1.098140265744e+02  ,-1.133053738976e+02  ,-1.168930503703e+02  ,-1.204024524506e+02  ,-1.238797181272e+02  ,-1.267692707100e+02  ,-1.290729312078e+02  ,-1.304577633777e+02  ,-1.319724844025e+02  ,-1.338634780312e+02  ,-1.356689309536e+02  ,-1.369873064322e+02  ,-1.383980136592e+02  ,-1.389799783437e+02  ,-1.402016060245e+02  ,-1.407890119836e+02  ,-1.409517212995e+02  ,-1.417665426305e+02  ,-1.414444235764e+02  ,-1.417214632435e+02  ,-1.408110394402e+02  ,-1.400732199804e+02  
  4.014637603844e-06  ,-3.825653870123e+01  ,-3.809563018394e+01  ,-4.138860617014e+01  ,-4.880878622501e+01  ,-4.783485129601e+01  ,-5.094567163716e+01  ,-6.164755869447e+01  ,-6.546907630328e+01  ,-6.930335187596e+01  ,-7.309305588729e+01  ,-7.682780916125e+01  ,-8.060685593415e+01  ,-8.433246429694e+01  ,-8.803614438301e+01  ,-9.172068042006e+01  ,-9.538467151818e+01  ,-9.902479808710e+01  ,-1.026143549768e+02  ,-1.062426098388e+02  ,-1.098140265744e+02  ,-1.133053738976e+02  ,-1.168930503703e+02  ,-1.204024524506e+02  ,-1.238797181272e+02  ,-1.267692707100e+02  ,-1.290729312078e+02  ,-1.304577633777e+02  ,-1.319724844025e+02  ,-1.338634780312e+02  ,-1.356689309536e+02  ,-1.369873064322e+02  ,-1.383980136592e+02  ,-1.389799783437e+02  ,-1.402016060245e+02  ,-1.407890119836e+02  ,-1.409517212995e+02  ,-1.417665426305e+02  ,-1.414444235764e+02  ,-1.417214632435e+02  ,-1.408110394402e+02  ,-1.400732199804e+02  
  4.014737604605e-06  ,-3.825653870123e+01  ,-3.809563018394e+01  ,-4.138860617014e+01  ,-4.880878622501e+01  ,-4.783485129601e+01  ,-5.094567163716e+01  ,-6.164755869447e+01  ,-6.546907630328e+01  ,-6.930335187596e+01  ,-7.309305588729e+01  ,-7.682780916125e+01  ,-8.060685593415e+01  ,-8.433246429694e+01  ,-8.803614438301e+01  ,-9.172068042006e+01  ,-9.538467151818e+01  ,-9.902479808710e+01  ,-1.026143549768e+02  ,-1.062426098388e+02  ,-1.098140265744e+02  ,-1.133053738976e+02  ,-1.168930503703e+02  ,-1.204024524506e+02  ,-1.238797181272e+02  ,-1.267692707100e+02  ,-1.290729312078e+02  ,-1.304577633777e+02  ,-1.319724844025e+02  ,-1.338634780312e+02  ,-1.356689309536e+02  ,-1.369873064322e+02  ,-1.383980136592e+02  ,-1.389799783437e+02  ,-1.402016060245e+02  ,-1.407890119836e+02  ,-1.409517212995e+02  ,-1.417665426305e+02  ,-1.414444235764e+02  ,-1.417214632435e+02  ,-1.408110394402e+02  ,-1.400732199804e+02  
  4.014837605366e-06  ,-3.825653870123e+01  ,-3.809563018394e+01  ,-4.138860617014e+01  ,-4.880878622501e+01  ,-4.783485129601e+01  ,-5.094567163716e+01  ,-6.164755869447e+01  ,-6.546907630328e+01  ,-6.930335187596e+01  ,-7.309305588729e+01  ,-7.682780916125e+01  ,-8.060685593415e+01  ,-8.433246429694e+01  ,-8.803614438301e+01  ,-9.172068042006e+01  ,-9.538467151818e+01  ,-9.902479808710e+01  ,-1.026143549768e+02  ,-1.062426098388e+02  ,-1.098140265744e+02  ,-1.133053738976e+02  ,-1.168930503703e+02  ,-1.204024524506e+02  ,-1.238797181272e+02  ,-1.267692707100e+02  ,-1.290729312078e+02  ,-1.304577633777e+02  ,-1.319724844025e+02  ,-1.338634780312e+02  ,-1.356689309536e+02  ,-1.369873064322e+02  ,-1.383980136592e+02  ,-1.389799783437e+02  ,-1.402016060245e+02  ,-1.407890119836e+02  ,-1.409517212995e+02  ,-1.417665426305e+02  ,-1.414444235764e+02  ,-1.417214632435e+02  ,-1.408110394402e+02  ,-1.400732199804e+02  
  4.014937606128e-06  ,-3.825653870123e+01  ,-3.809563018394e+01  ,-4.138860617014e+01  ,-4.880878622501e+01  ,-4.783485129601e+01  ,-5.094567163716e+01  ,-6.164755869447e+01  ,-6.546907630328e+01  ,-6.930335187596e+01  ,-7.309305588729e+01  ,-7.682780916125e+01  ,-8.060685593415e+01  ,-8.433246429694e+01  ,-8.803614438301e+01  ,-9.172068042006e+01  ,-9.538467151818e+01  ,-9.902479808710e+01  ,-1.026143549768e+02  ,-1.062426098388e+02  ,-1.098140265744e+02  ,-1.133053738976e+02  ,-1.168930503703e+02  ,-1.204024524506e+02  ,-1.238797181272e+02  ,-1.267692707100e+02  ,-1.290729312078e+02  ,-1.304577633777e+02  ,-1.319724844025e+02  ,-1.338634780312e+02  ,-1.356689309536e+02  ,-1.369873064322e+02  ,-1.383980136592e+02  ,-1.389799783437e+02  ,-1.402016060245e+02  ,-1.407890119836e+02  ,-1.409517212995e+02  ,-1.417665426305e+02  ,-1.414444235764e+02  ,-1.417214632435e+02  ,-1.408110394402e+02  ,-1.400732199804e+02  
  4.015037606889e-06  ,-3.825653870123e+01  ,-3.809563018394e+01  ,-4.138860617014e+01  ,-4.880878622501e+01  ,-4.783485129601e+01  ,-5.094567163716e+01  ,-6.164755869447e+01  ,-6.546907630328e+01  ,-6.930335187596e+01  ,-7.309305588729e+01  ,-7.682780916125e+01  ,-8.060685593415e+01  ,-8.433246429694e+01  ,-8.803614438301e+01  ,-9.172068042006e+01  ,-9.538467151818e+01  ,-9.902479808710e+01  ,-1.026143549768e+02  ,-1.062426098388e+02  ,-1.098140265744e+02  ,-1.133053738976e+02  ,-1.168930503703e+02  ,-1.204024524506e+02  ,-1.238797181272e+02  ,-1.267692707100e+02  ,-1.290729312078e+02  ,-1.304577633777e+02  ,-1.319724844025e+02  ,-1.338634780312e+02  ,-1.356689309536e+02  ,-1.369873064322e+02  ,-1.383980136592e+02  ,-1.389799783437e+02  ,-1.402016060245e+02  ,-1.407890119836e+02  ,-1.409517212995e+02  ,-1.417665426305e+02  ,-1.414444235764e+02  ,-1.417214632435e+02  ,-1.408110394402e+02  ,-1.400732199804e+02  
  4.015137607651e-06  ,-3.825653870123e+01  ,-3.809563018394e+01  ,-4.138860617014e+01  ,-4.880878622501e+01  ,-4.783485129601e+01  ,-5.094567163716e+01  ,-6.164755869447e+01  ,-6.546907630328e+01  ,-6.930335187596e+01  ,-7.309305588729e+01  ,-7.682780916125e+01  ,-8.060685593415e+01  ,-8.433246429694e+01  ,-8.803614438301e+01  ,-9.172068042006e+01  ,-9.538467151818e+01  ,-9.902479808710e+01  ,-1.026143549768e+02  ,-1.062426098388e+02  ,-1.098140265744e+02  ,-1.133053738976e+02  ,-1.168930503703e+02  ,-1.204024524506e+02  ,-1.238797181272e+02  ,-1.267692707100e+02  ,-1.290729312078e+02  ,-1.304577633777e+02  ,-1.319724844025e+02  ,-1.338634780312e+02  ,-1.356689309536e+02  ,-1.369873064322e+02  ,-1.383980136592e+02  ,-1.389799783437e+02  ,-1.402016060245e+02  ,-1.407890119836e+02  ,-1.409517212995e+02  ,-1.417665426305e+02  ,-1.414444235764e+02  ,-1.417214632435e+02  ,-1.408110394402e+02  ,-1.400732199804e+02  
  4.015237608412e-06  ,-3.825653870123e+01  ,-3.809563018394e+01  ,-4.138860617014e+01  ,-4.880878622501e+01  ,-4.783485129601e+01  ,-5.094567163716e+01  ,-6.164755869447e+01  ,-6.546907630328e+01  ,-6.930335187596e+01  ,-7.309305588729e+01  ,-7.682780916125e+01  ,-8.060685593415e+01  ,-8.433246429694e+01  ,-8.803614438301e+01  ,-9.172068042006e+01  ,-9.538467151818e+01  ,-9.902479808710e+01  ,-1.026143549768e+02  ,-1.062426098388e+02  ,-1.098140265744e+02  ,-1.133053738976e+02  ,-1.168930503703e+02  ,-1.204024524506e+02  ,-1.238797181272e+02  ,-1.267692707100e+02  ,-1.290729312078e+02  ,-1.304577633777e+02  ,-1.319724844025e+02  ,-1.338634780312e+02  ,-1.356689309536e+02  ,-1.369873064322e+02  ,-1.383980136592e+02  ,-1.389799783437e+02  ,-1.402016060245e+02  ,-1.407890119836e+02  ,-1.409517212995e+02  ,-1.417665426305e+02  ,-1.414444235764e+02  ,-1.417214632435e+02  ,-1.408110394402e+02  ,-1.400732199804e+02  
  4.015337609174e-06  ,-3.825653870123e+01  ,-3.809563018394e+01  ,-4.138860617014e+01  ,-4.880878622501e+01  ,-4.783485129601e+01  ,-5.094567163716e+01  ,-6.164755869447e+01  ,-6.546907630328e+01  ,-6.930335187596e+01  ,-7.309305588729e+01  ,-7.682780916125e+01  ,-8.060685593415e+01  ,-8.433246429694e+01  ,-8.803614438301e+01  ,-9.172068042006e+01  ,-9.538467151818e+01  ,-9.902479808710e+01  ,-1.026143549768e+02  ,-1.062426098388e+02  ,-1.098140265744e+02  ,-1.133053738976e+02  ,-1.168930503703e+02  ,-1.204024524506e+02  ,-1.238797181272e+02  ,-1.267692707100e+02  ,-1.290729312078e+02  ,-1.304577633777e+02  ,-1.319724844025e+02  ,-1.338634780312e+02  ,-1.356689309536e+02  ,-1.369873064322e+02  ,-1.383980136592e+02  ,-1.389799783437e+02  ,-1.402016060245e+02  ,-1.407890119836e+02  ,-1.409517212995e+02  ,-1.417665426305e+02  ,-1.414444235764e+02  ,-1.417214632435e+02  ,-1.408110394402e+02  ,-1.400732199804e+02  
  4.015437609935e-06  ,-3.825653870123e+01  ,-3.809563018394e+01  ,-4.138860617014e+01  ,-4.880878622501e+01  ,-4.783485129601e+01  ,-5.094567163716e+01  ,-6.164755869447e+01  ,-6.546907630328e+01  ,-6.930335187596e+01  ,-7.309305588729e+01  ,-7.682780916125e+01  ,-8.060685593415e+01  ,-8.433246429694e+01  ,-8.803614438301e+01  ,-9.172068042006e+01  ,-9.538467151818e+01  ,-9.902479808710e+01  ,-1.026143549768e+02  ,-1.062426098388e+02  ,-1.098140265744e+02  ,-1.133053738976e+02  ,-1.168930503703e+02  ,-1.204024524506e+02  ,-1.238797181272e+02  ,-1.267692707100e+02  ,-1.290729312078e+02  ,-1.304577633777e+02  ,-1.319724844025e+02  ,-1.3386