  Time                 , V(Z8:G,D8:1)         
  4.000000000002e-06  ,8.139832536602e-03  
  4.000010000078e-06  ,8.121343574972e-03  
  4.000030000230e-06  ,8.014621020870e-03  
  4.000070000535e-06  ,7.799742683126e-03  
  4.000150001144e-06  ,7.390655294930e-03  
  4.000250001906e-06  ,6.934845877924e-03  
  4.000350002667e-06  ,6.619389936325e-03  
  4.000450003429e-06  ,6.469836559376e-03  
  4.000550004190e-06  ,6.505365408199e-03  
  4.000650004951e-06  ,6.735411669687e-03  
  4.000750005713e-06  ,7.169293063493e-03  
  4.000850006474e-06  ,7.804287132734e-03  
  4.000950007236e-06  ,8.631545180340e-03  
  4.001000000002e-06  ,9.115834694787e-03  
  4.001010000078e-06  ,9.218941824373e-03  
  4.001030000230e-06  ,9.417758405188e-03  
  4.001070000535e-06  ,9.829523171446e-03  
  4.001150001144e-06  ,1.067415964638e-02  
  4.001250001906e-06  ,1.187395218246e-02  
  4.001350002667e-06  ,1.307163575640e-02  
  4.001450003429e-06  ,1.422002696515e-02  
  4.001550004190e-06  ,1.535919640717e-02  
  4.001650004951e-06  ,1.648559685773e-02  
  4.001750005713e-06  ,1.733468553051e-02  
  4.001850006474e-06  ,1.803184003274e-02  
  4.001950007236e-06  ,1.858584788888e-02  
  4.002050007997e-06  ,1.899529193005e-02  
  4.002150008759e-06  ,1.926239677360e-02  
  4.002250009520e-06  ,1.939100498949e-02  
  4.002350010282e-06  ,1.938495959530e-02  
  4.002450011043e-06  ,1.932681664414e-02  
  4.002550011804e-06  ,1.919775900648e-02  
  4.002650012566e-06  ,1.885622734022e-02  
  4.002750013327e-06  ,1.839718863637e-02  
  4.002850014089e-06  ,1.783483439242e-02  
  4.002950014850e-06  ,1.718839686919e-02  
  4.003050015612e-06  ,1.661082913414e-02  
  4.003150016373e-06  ,1.581652894753e-02  
  4.003250017135e-06  ,1.496089418310e-02  
  4.003350017896e-06  ,1.413531323812e-02  
  4.003450018657e-06  ,1.331300486999e-02  
  4.003550019419e-06  ,1.233487490079e-02  
  4.003650020180e-06  ,1.142179183441e-02  
  4.003750020942e-06  ,1.049590809780e-02  
  4.003850021703e-06  ,9.572997195065e-03  
  4.003950022465e-06  ,8.623978470760e-03  
  4.004050023226e-06  ,7.551892613172e-03  
  4.004150023988e-06  ,6.521256824780e-03  
  4.004250024749e-06  ,5.493402963133e-03  
  4.004350025511e-06  ,4.468264941499e-03  
  4.004450026272e-06  ,3.445498587583e-03  
  4.004550027033e-06  ,2.379291232866e-03  
  4.004650027795e-06  ,1.343636625515e-03  
  4.004750028556e-06  ,3.159023657157e-04  
  4.004850029318e-06  ,-7.075423747662e-04  
  4.004950030079e-06  ,-1.687987202675e-03  
  4.005050030841e-06  ,-2.679220856540e-03  
  4.005150031602e-06  ,-3.600411002369e-03  
  4.005250032364e-06  ,-4.542463533832e-03  
  4.005350033125e-06  ,-5.396796538207e-03  
  4.005450033886e-06  ,-6.278338168463e-03  
  4.005550034648e-06  ,-7.154976584933e-03  
  4.005650035409e-06  ,-7.896376083978e-03  
  4.005750036171e-06  ,-8.597167172147e-03  
  4.005850036932e-06  ,-9.310957416485e-03  
  4.005950037694e-06  ,-1.002431876704e-02  
  4.006050038455e-06  ,-1.076887755327e-02  
  4.006150039217e-06  ,-1.130001585668e-02  
  4.006250039978e-06  ,-1.178579217020e-02  
  4.006350040740e-06  ,-1.228676988952e-02  
  4.006450041501e-06  ,-1.278770484286e-02  
  4.006550042262e-06  ,-1.314805097905e-02  
  4.006650043024e-06  ,-1.356770446641e-02  
  4.006750043785e-06  ,-1.384367669635e-02  
  4.006850044547e-06  ,-1.419515117023e-02  
  4.006950045308e-06  ,-1.438839285888e-02  
  4.007050046070e-06  ,-1.467396918203e-02  
  4.007150046831e-06  ,-1.483631780564e-02  
  4.007250047593e-06  ,-1.517827314959e-02  
  4.007350048354e-06  ,-1.564736680462e-02  
  4.007450049115e-06  ,-1.649469471102e-02  
  4.007550049877e-06  ,-1.784767549216e-02  
  4.007650050638e-06  ,-1.984174291779e-02  
  4.007750051400e-06  ,-2.257526281377e-02  
  4.007850052161e-06  ,-2.620154244907e-02  
  4.007950052923e-06  ,-3.082147944471e-02  
  4.008050053684e-06  ,-3.652877631057e-02  
  4.008150054446e-06  ,-4.336591421580e-02  
  4.008250055207e-06  ,-5.140324063113e-02  
  4.008350055968e-06  ,-6.067297942449e-02  
  4.008450056730e-06  ,-7.120001715771e-02  
  4.008550057491e-06  ,-8.299687520656e-02  
  4.008650058253e-06  ,-9.607623632357e-02  
  4.008750059014e-06  ,-1.104335724432e-01  
  4.008850059776e-06  ,-1.260596102149e-01  
  4.008950060537e-06  ,-1.429401393642e-01  
  4.009050061299e-06  ,-1.610562720812e-01  
  4.009150062060e-06  ,-1.803849769800e-01  
  4.009250062822e-06  ,-2.009067240223e-01  
  4.009350063583e-06  ,-2.225864218685e-01  
  4.009450064344e-06  ,-2.453921084625e-01  
  4.009550065106e-06  ,-2.692901554680e-01  
  4.009650065867e-06  ,-2.942399029538e-01  
  4.009750066629e-06  ,-3.202175364408e-01  
  4.009850067390e-06  ,-3.471802050415e-01  
  4.009950068152e-06  ,-3.750934823915e-01  
  4.010050068913e-06  ,-4.039183434707e-01  
  4.010150069675e-06  ,-4.336157061205e-01  
  4.010250070436e-06  ,-4.626284613681e-01  
  4.010350071197e-06  ,-4.939800573153e-01  
  4.010450071959e-06  ,-5.261161791449e-01  
  4.010550072720e-06  ,-5.579568526058e-01  
  4.010650073482e-06  ,-5.914764982035e-01  
  4.010750074243e-06  ,-6.245449095782e-01  
  4.010850075005e-06  ,-6.593932155057e-01  
  4.010950075766e-06  ,-6.937647480684e-01  
  4.011050076528e-06  ,-7.298485630677e-01  
  4.011150077289e-06  ,-7.654733146257e-01  
  4.011250078051e-06  ,-8.010769636449e-01  
  4.011350078812e-06  ,-8.387359935163e-01  
  4.011450079573e-06  ,-8.758539709575e-01  
  4.011550080335e-06  ,-9.129503618833e-01  
  4.011650081096e-06  ,-9.520066127534e-01  
  4.011750081858e-06  ,-9.905466015287e-01  
  4.011850082619e-06  ,-1.029066624845e+00  
  4.011950083381e-06  ,-1.069299393299e+00  
  4.012050084142e-06  ,-1.109079379676e+00  
  4.012150084904e-06  ,-1.148841245803e+00  
  4.012250085665e-06  ,-1.190055696716e+00  
  4.012350086426e-06  ,-1.230884473966e+00  
  4.012450087188e-06  ,-1.272670784216e+00  
  4.012550087949e-06  ,-1.314196400850e+00  
  4.012650088711e-06  ,-1.355705671904e+00  
  4.012750089472e-06  ,-1.397200506450e+00  
  4.012850090234e-06  ,-1.439769326888e+00  
  4.012950090995e-06  ,-1.482051173776e+00  
  4.013050091757e-06  ,-1.524963071306e+00  
  4.013150092518e-06  ,-1.567699722335e+00  
  4.013250093279e-06  ,-1.610858724447e+00  
  4.013350094041e-06  ,-1.653894683145e+00  
  4.013450094802e-06  ,-1.697225955500e+00  
  4.013550095564e-06  ,-1.740468500972e+00  
  4.013650096325e-06  ,-1.783912338840e+00  
  4.013750097087e-06  ,-1.827292103809e+00  
  4.013850097848e-06  ,-1.870792382826e+00  
  4.013950098610e-06  ,-1.914249326311e+00  
  4.014050099371e-06  ,-1.957755409993e+00  
  4.014150100133e-06  ,-2.001237742119e+00  
  4.014250100894e-06  ,-2.044710095927e+00  
  4.014350101655e-06  ,-2.088136011541e+00  
  4.014450102417e-06  ,-2.131562666150e+00  
  4.014550103178e-06  ,-2.174885083135e+00  
  4.014650103940e-06  ,-2.218222263719e+00  
  4.014750104701e-06  ,-2.261400956525e+00  
  4.014850105463e-06  ,-2.304608621674e+00  
  4.014950106224e-06  ,-2.347607220640e+00  
  4.015050106986e-06  ,-2.390648661258e+00  
  4.015150107747e-06  ,-2.433433340119e+00  
  4.015250108508e-06  ,-2.476273289505e+00  
  4.015350109270e-06  ,-2.518815576391e+00  
  4.015450110031e-06  ,-2.561423550091e+00  
  4.015550110793e-06  ,-2.603693354579e+00  
  4.015650111554e-06  ,-2.646040283425e+00  
  4.015750112316e-06  ,-2.688012739553e+00  
  4.015850113077e-06  ,-2.730070269934e+00  
  4.015950113839e-06  ,-2.771721758936e+00  
  4.016050114600e-06  ,-2.813466821136e+00  
  4.016150115362e-06  ,-2.854771224223e+00  
  4.016250116123e-06  ,-2.896179585702e+00  
  4.016350116884e-06  ,-2.937115215400e+00  
  4.016450117646e-06  ,-2.978163564550e+00  
  4.016550118407e-06  ,-3.018712939041e+00  
  4.016650119169e-06  ,-3.059381750371e+00  
  4.016750119930e-06  ,-3.099525885968e+00  
  4.016850120692e-06  ,-3.139795237983e+00  
  4.016950121453e-06  ,-3.179518911574e+00  
  4.017050122215e-06  ,-3.219373640030e+00  
  4.017150122976e-06  ,-3.259225271901e+00  
  4.017250123737e-06  ,-3.298311862056e+00  
  4.017350124499e-06  ,-3.337584620328e+00  
  4.017450125260e-06  ,-3.376203239394e+00  
  4.017550126022e-06  ,-3.414980899690e+00  
  4.017650126783e-06  ,-3.453126668539e+00  
  4.017750127545e-06  ,-3.491427397918e+00  
  4.017850128306e-06  ,-3.529095538343e+00  
  4.017950129068e-06  ,-3.566919574505e+00  
  4.018050129829e-06  ,-3.604104060069e+00  
  4.018150130590e-06  ,-3.641445932628e+00  
  4.018250131352e-06  ,-3.678139405955e+00  
  4.018350132113e-06  ,-3.714992435393e+00  
  4.018450132875e-06  ,-3.751188995433e+00  
  4.018550133636e-06  ,-3.787547325256e+00  
  4.018650134398e-06  ,-3.823241093369e+00  
  4.018750135159e-06  ,-3.859098733280e+00  
  4.018850135921e-06  ,-3.894285312057e+00  
  4.018950136682e-06  ,-3.929637605475e+00  
  4.019050137444e-06  ,-3.964312929497e+00  
  4.019150138205e-06  ,-3.999155457932e+00  
  4.019250138966e-06  ,-4.033316345961e+00  
  4.019350139728e-06  ,-4.067645819528e+00  
  4.019450140489e-06  ,-4.101289558694e+00  
  4.019550141251e-06  ,-4.135102798863e+00  
  4.019650142012e-06  ,-4.168227305975e+00  
  4.019750142774e-06  ,-4.201522274438e+00  
  4.019850143535e-06  ,-4.234125828917e+00  
  4.019950144297e-06  ,-4.266900188529e+00  
  4.020050145058e-06  ,-4.298981545807e+00  
  4.020150145819e-06  ,-4.331233177260e+00  
  4.020250146581e-06  ,-4.362792255264e+00  
  4.020350147342e-06  ,-4.394520752174e+00  
  4.020450148104e-06  ,-4.426245569476e+00  
  4.020550148865e-06  ,-4.457043618183e+00  
  4.020650149627e-06  ,-4.488067126904e+00  
  4.020750150388e-06  ,-4.518321597556e+00  
  4.020850151150e-06  ,-4.548761833656e+00  
  4.020950151911e-06  ,-4.579193259014e+00  
  4.021050152673e-06  ,-4.608665008519e+00  
  4.021150153434e-06  ,-4.638363208393e+00  
  4.021250154195e-06  ,-4.667274941387e+00  
  4.021350154957e-06  ,-4.696358679788e+00  
  4.021450155718e-06  ,-4.725410543663e+00  
  4.021550156480e-06  ,-4.754409761431e+00  
  4.021650157241e-06  ,-4.782063443573e+00  
  4.021750158003e-06  ,-4.809049601142e+00  
  4.021850158764e-06  ,-4.833119984342e+00  
  4.021950159526e-06  ,-4.851300366741e+00  
  4.022050160287e-06  ,-4.862606202779e+00  
  4.022150161048e-06  ,-4.866769858147e+00  
  4.022250161810e-06  ,-4.863696033037e+00  
  4.022350162571e-06  ,-4.853362734271e+00  
  4.022450163333e-06  ,-4.835776521728e+00  
  4.022550164094e-06  ,-4.810962691544e+00  
  4.022650164856e-06  ,-4.778941231354e+00  
  4.022750165617e-06  ,-4.739753293398e+00  
  4.022850166379e-06  ,-4.693448152274e+00  
  4.022950167140e-06  ,-4.640072808253e+00  
  4.023050167901e-06  ,-4.579692051164e+00  
  4.023150168663e-06  ,-4.512379802854e+00  
  4.023250169424e-06  ,-4.438218541063e+00  
  4.023350170186e-06  ,-4.357286254609e+00  
  4.023450170947e-06  ,-4.269683671225e+00  
  4.023550171709e-06  ,-4.175521803571e+00  
  4.023650172470e-06  ,-4.074920937478e+00  
  4.023750173232e-06  ,-3.968010712021e+00  
  4.023850173993e-06  ,-3.854930117446e+00  
  4.023950174755e-06  ,-3.735827464533e+00  
  4.024050175516e-06  ,-3.610860305523e+00  
  4.024150176277e-06  ,-3.480195305832e+00  
  4.024250177039e-06  ,-3.344007789830e+00  
  4.024350177800e-06  ,-3.202457064875e+00  
  4.024450178562e-06  ,-3.055734811348e+00  
  4.024550179323e-06  ,-2.904073817106e+00  
  4.024650180085e-06  ,-2.747667755435e+00  
  4.024750180846e-06  ,-2.593068810842e+00  
  4.024850181608e-06  ,-2.428363473330e+00  
  4.024950182369e-06  ,-2.259225491661e+00  
  4.025050183130e-06  ,-2.092043662181e+00  
  4.025150183892e-06  ,-1.915821556779e+00  
  4.025250184653e-06  ,-1.742073626651e+00  
  4.025350185415e-06  ,-1.559401250870e+00  
  4.025450186176e-06  ,-1.379205233871e+00  
  4.025550186938e-06  ,-1.191062784338e+00  
  4.025650187699e-06  ,-1.005094954606e+00  
  4.025750188461e-06  ,-8.124055192637e-01  
  4.025850189222e-06  ,-6.216279133225e-01  
  4.025950189984e-06  ,-4.310626716529e-01  
  4.026050190745e-06  ,-2.338729418068e-01  
  4.026150191506e-06  ,-3.850122544843e-02  
  4.026250192268e-06  ,1.566760479156e-01  
  4.026350193029e-06  ,3.563071807509e-01  
  4.026450193791e-06  ,5.545742348490e-01  
  4.026550194552e-06  ,7.527288268402e-01  
  4.026650195314e-06  ,9.506935239005e-01  
  4.026750196075e-06  ,1.148446181154e+00  
  4.026850196837e-06  ,1.346756398976e+00  
  4.026950197598e-06  ,1.544768058546e+00  
  4.027050198359e-06  ,1.740907427287e+00  
  4.027150199121e-06  ,1.937265701584e+00  
  4.027250199882e-06  ,2.130042042347e+00  
  4.027350200644e-06  ,2.323567086445e+00  
  4.027450201405e-06  ,2.512067830978e+00  
  4.027550202167e-06  ,2.701596808855e+00  
  4.027650202928e-06  ,2.884788943373e+00  
  4.027750203690e-06  ,3.064731457793e+00  
  4.027850204451e-06  ,3.245700551114e+00  
  4.027950205212e-06  ,3.426564460986e+00  
  4.028050205974e-06  ,3.596817250072e+00  
  4.028150206735e-06  ,3.769556734915e+00  
  4.028250207497e-06  ,3.931957562690e+00  
  4.028350208258e-06  ,4.096788237084e+00  
  4.028450209020e-06  ,4.250595589118e+00  
  4.028550209781e-06  ,4.399499604842e+00  
  4.028650210543e-06  ,4.550194121803e+00  
  4.028750211304e-06  ,4.689951998061e+00  
  4.028850212066e-06  ,4.824361570327e+00  
  4.028950212827e-06  ,4.953526321490e+00  
  4.029050213588e-06  ,5.077467537588e+00  
  4.029150214350e-06  ,5.196050547117e+00  
  4.029250215111e-06  ,5.309221000144e+00  
  4.029350215873e-06  ,5.416929371376e+00  
  4.029450216634e-06  ,5.514301598199e+00  
  4.029550217396e-06  ,5.604621177277e+00  
  4.029650218157e-06  ,5.688922880610e+00  
  4.029750218919e-06  ,5.767539982601e+00  
  4.029850219680e-06  ,5.840578002903e+00  
  4.029950220441e-06  ,5.908057568496e+00  
  4.030050221203e-06  ,5.969741735225e+00  
  4.030150221964e-06  ,6.026074955405e+00  
  4.030250222726e-06  ,6.077004369452e+00  
  4.030350223487e-06  ,6.122502097637e+00  
  4.030450224249e-06  ,6.162593363551e+00  
  4.030550225010e-06  ,6.197307412020e+00  
  4.030650225772e-06  ,6.226684532533e+00  
  4.030750226533e-06  ,6.250774461189e+00  
  4.030850227295e-06  ,6.269633546666e+00  
  4.030950228056e-06  ,6.283323822608e+00  
  4.031050228817e-06  ,6.291912547022e+00  
  4.031150229579e-06  ,6.295471901285e+00  
  4.031250230340e-06  ,6.294078768484e+00  
  4.031350231102e-06  ,6.287814532050e+00  
  4.031450231863e-06  ,6.276764900981e+00  
  4.031550232625e-06  ,6.261019740897e+00  
  4.031650233386e-06  ,6.240672917644e+00  
  4.031750234148e-06  ,6.215822141549e+00  
  4.031850234909e-06  ,6.186568822168e+00  
  4.031950235670e-06  ,6.153017919955e+00  
  4.032050236432e-06  ,6.115277807964e+00  
  4.032150237193e-06  ,6.073460127303e+00  
  4.032250237955e-06  ,6.027679649387e+00  
  4.032350238716e-06  ,5.978054131777e+00  
  4.032450239478e-06  ,5.924704182675e+00  
  4.032550240239e-06  ,5.867753115431e+00  
  4.032650241001e-06  ,5.807326804825e+00  
  4.032750241762e-06  ,5.743553543174e+00  
  4.032850242523e-06  ,5.676563892799e+00  
  4.032950243285e-06  ,5.606490536105e+00  
  4.033050244046e-06  ,5.533468122569e+00  
  4.033150244808e-06  ,5.457633112233e+00  
  4.033250245569e-06  ,5.379123622881e+00  
  4.033350246331e-06  ,5.298079264903e+00  
  4.033450247092e-06  ,5.214640982307e+00  
  4.033550247854e-06  ,5.128958376594e+00  
  4.033650248615e-06  ,5.044152166951e+00  
  4.033750249377e-06  ,4.954658076464e+00  
  4.033850250138e-06  ,4.866436984875e+00  
  4.033950250899e-06  ,4.773525323612e+00  
  4.034050251661e-06  ,4.681893306705e+00  
  4.034150252422e-06  ,4.585988639927e+00  
  4.034250253184e-06  ,4.491251333042e+00  
  4.034350253945e-06  ,4.396644562772e+00  
  4.034450254707e-06  ,4.297458052391e+00  
  4.034550255468e-06  ,4.199529706172e+00  
  4.034650256230e-06  ,4.098675687483e+00  
  4.034750256991e-06  ,3.994286489913e+00  
  4.034850257752e-06  ,3.888533955257e+00  
  4.034950258514e-06  ,3.784060071946e+00  
  4.035050259275e-06  ,3.679693647737e+00  
  4.035150260037e-06  ,3.575371205140e+00  
  4.035250260798e-06  ,3.471190794859e+00  
  4.035350261560e-06  ,3.367105366651e+00  
  4.035450262321e-06  ,3.263113540450e+00  
  4.035550263083e-06  ,3.158647894932e+00  
  4.035650263844e-06  ,3.054884181294e+00  
  4.035750264606e-06  ,2.951093375197e+00  
  4.035850265367e-06  ,2.849231807679e+00  
  4.035950266128e-06  ,2.746989529472e+00  
  4.036050266890e-06  ,2.647593064607e+00  
  4.036150267651e-06  ,2.549741815504e+00  
  4.036250268413e-06  ,2.451428100008e+00  
  4.036350269174e-06  ,2.356690453159e+00  
  4.036450269936e-06  ,2.263854727056e+00  
  4.036550270697e-06  ,2.172945107524e+00  
  4.036650271459e-06  ,2.084034027949e+00  
  4.036750272220e-06  ,1.997176979001e+00  
  4.036850272981e-06  ,1.912477936079e+00  
  4.036950273743e-06  ,1.829980832822e+00  
  4.037050274504e-06  ,1.749815110159e+00  
  4.037150275266e-06  ,1.672063907810e+00  
  4.037250276027e-06  ,1.596802974690e+00  
  4.037350276789e-06  ,1.524102826463e+00  
  4.037450277550e-06  ,1.454029513641e+00  
  4.037550278312e-06  ,1.386644717928e+00  
  4.037650279073e-06  ,1.322005819236e+00  
  4.037750279834e-06  ,1.260165978480e+00  
  4.037850280596e-06  ,1.201174093495e+00  
  4.037950281357e-06  ,1.145074693960e+00  
  4.038050282119e-06  ,1.091907964205e+00  
  4.038150282880e-06  ,1.041709738085e+00  
  4.038250283642e-06  ,9.945115828559e-01  
  4.038350284403e-06  ,9.503407794894e-01  
  4.038450285165e-06  ,9.092201770335e-01  
  4.038550285926e-06  ,8.711681916915e-01  
  4.038650286688e-06  ,8.361988446012e-01  
  4.038750287449e-06  ,8.043217561569e-01  
  4.038850288210e-06  ,7.755421208876e-01  
  4.038950288972e-06  ,7.498607420919e-01  
  4.039050289733e-06  ,7.272740169106e-01  
  4.039150290495e-06  ,7.077739751095e-01  
  4.039250291256e-06  ,6.913482756640e-01  
  4.039350292018e-06  ,6.779802688137e-01  
  4.039450292779e-06  ,6.676490321705e-01  
  4.039550293541e-06  ,6.603293925256e-01  
  4.039650294302e-06  ,6.559919863311e-01  
  4.039750295063e-06  ,6.546032968840e-01  
  4.039850295825e-06  ,6.561257202791e-01  
  4.039950296586e-06  ,6.605176187645e-01  
  4.040050297348e-06  ,6.677333971914e-01  
  4.040150298109e-06  ,6.777235668598e-01  
  4.040250298871e-06  ,6.904348302714e-01  
  4.040350299632e-06  ,7.058101592798e-01  
  4.040450300394e-06  ,7.237888886278e-01  
  4.040550301155e-06  ,7.443068033196e-01  
  4.040650301917e-06  ,7.672962305386e-01  
  4.040750302678e-06  ,7.926945722798e-01  
  4.040850303439e-06  ,8.204545548943e-01  
  4.040950304201e-06  ,8.505218536640e-01  
  4.041050304962e-06  ,8.827739611801e-01  
  4.041150305724e-06  ,9.171194386710e-01  
  4.041250306485e-06  ,9.534679371140e-01  
  4.041350307247e-06  ,9.917297244299e-01  
  4.041450308008e-06  ,1.031813086599e+00  
  4.041550308770e-06  ,1.073623795026e+00  
  4.041650309531e-06  ,1.117031291522e+00  
  4.041750310292e-06  ,1.158776597227e+00  
  4.041850311054e-06  ,1.200757903351e+00  
  4.041950311815e-06  ,1.243216780388e+00  
  4.042050312577e-06  ,1.285617148819e+00  
  4.042150313338e-06  ,1.330231378149e+00  
  4.042250314100e-06  ,1.374215336836e+00  
  4.042350314861e-06  ,1.420434020699e+00  
  4.042450315623e-06  ,1.465896537436e+00  
  4.042550316384e-06  ,1.513270442186e+00  
  4.042650317145e-06  ,1.560069729650e+00  
  4.042750317907e-06  ,1.606770793895e+00  
  4.042850318668e-06  ,1.653418825045e+00  
  4.042950319430e-06  ,1.701838532529e+00  
  4.043050320191e-06  ,1.749749210547e+00  
  4.043150320953e-06  ,1.798383600518e+00  
  4.043250321714e-06  ,1.846749084475e+00  
  4.043350322476e-06  ,1.895051909326e+00  
  4.043450323237e-06  ,1.943135944716e+00  
  4.043550323999e-06  ,1.991244074702e+00  
  4.043650324760e-06  ,2.038592479573e+00  
  4.043750325521e-06  ,2.085384552712e+00  
  4.043850326283e-06  ,2.132265275649e+00  
  4.043950327044e-06  ,2.179061692936e+00  
  4.044050327806e-06  ,2.223774525145e+00  
  4.044150328567e-06  ,2.268893510100e+00  
  4.044250329329e-06  ,2.311694560915e+00  
  4.044350330090e-06  ,2.354957071968e+00  
  4.044450330852e-06  ,2.395481765827e+00  
  4.044550331613e-06  ,2.434706513237e+00  
  4.044650332374e-06  ,2.474308413095e+00  
  4.044750333136e-06  ,2.510867819797e+00  
  4.044850333897e-06  ,2.545849225619e+00  
  4.044950334659e-06  ,2.579258504325e+00  
  4.045050335420e-06  ,2.611053618574e+00  
  4.045150336182e-06  ,2.641178352143e+00  
  4.045250336943e-06  ,2.669573584500e+00  
  4.045350337705e-06  ,2.696181080848e+00  
  4.045450338466e-06  ,2.720944787491e+00  
  4.045550339228e-06  ,2.743811293077e+00  
  4.045650339989e-06  ,2.764758744176e+00  
  4.045750340750e-06  ,2.783721613991e+00  
  4.045850341512e-06  ,2.800693396416e+00  
  4.045950342273e-06  ,2.815591423376e+00  
  4.046050343035e-06  ,2.828371470379e+00  
  4.046150343796e-06  ,2.838996143963e+00  
  4.046250344558e-06  ,2.847432348927e+00  
  4.046350345319e-06  ,2.853650523629e+00  
  4.046450346081e-06  ,2.857624420500e+00  
  4.046550346842e-06  ,2.859331045367e+00  
  4.046650347603e-06  ,2.858750653813e+00  
  4.046750348365e-06  ,2.855866760213e+00  
  4.046850349126e-06  ,2.850666158472e+00  
  4.046950349888e-06  ,2.843138932942e+00  
  4.047050350649e-06  ,2.833278476790e+00  
  4.047150351411e-06  ,2.821081495062e+00  
  4.047250352172e-06  ,2.806548022364e+00  
  4.047350352934e-06  ,2.789681419467e+00  
  4.047450353695e-06  ,2.770488381753e+00  
  4.047550354456e-06  ,2.748978931587e+00  
  4.047650355218e-06  ,2.725166418036e+00  
  4.047750355979e-06  ,2.699067504654e+00  
  4.047850356741e-06  ,2.670702159325e+00  
  4.047950357502e-06  ,2.640093634572e+00  
  4.048050358264e-06  ,2.607268452495e+00  
  4.048150359025e-06  ,2.572256371427e+00  
  4.048250359787e-06  ,2.535090366444e+00  
  4.048350360548e-06  ,2.495806586428e+00  
  4.048450361310e-06  ,2.454444326694e+00  
  4.048550362071e-06  ,2.411045973063e+00  
  4.048650362832e-06  ,2.365656967566e+00  
  4.048750363594e-06  ,2.318325745237e+00  
  4.048850364355e-06  ,2.269103685732e+00  
  4.048950365117e-06  ,2.218045044296e+00  
  4.049050365878e-06  ,2.165219021242e+00  
  4.049150366640e-06  ,2.112962362442e+00  
  4.049250367401e-06  ,2.056891354415e+00  
  4.049350368163e-06  ,1.999101019415e+00  
  4.049450368924e-06  ,1.941998730823e+00  
  4.049550369685e-06  ,1.881361191443e+00  
  4.049650370447e-06  ,1.821630515972e+00  
  4.049750371208e-06  ,1.758321093330e+00  
  4.049850371970e-06  ,1.695937485978e+00  
  4.049950372731e-06  ,1.630220180714e+00  
  4.050050373493e-06  ,1.565401555848e+00  
  4.050150374254e-06  ,1.500567278900e+00  
  4.050250375016e-06  ,1.431907798181e+00  
  4.050350375777e-06  ,1.364277362058e+00  
  4.050450376539e-06  ,1.296687762903e+00  
  4.050550377300e-06  ,1.225752467436e+00  
  4.050650378061e-06  ,1.155722503890e+00  
  4.050750378823e-06  ,1.085752691376e+00  
  4.050850379584e-06  ,1.015843130468e+00  
  4.050950380346e-06  ,9.460008216192e-01  
  4.051050381107e-06  ,8.761704119226e-01  
  4.051150381869e-06  ,8.064418419797e-01  
  4.051250382630e-06  ,7.367735305211e-01  
  4.051350383392e-06  ,6.671654171771e-01  
  4.051450384153e-06  ,5.976174216797e-01  
  4.051550384914e-06  ,5.281220190981e-01  
  4.051650385676e-06  ,4.558488524696e-01  
  4.051750386437e-06  ,3.837204962802e-01  
  4.051850387199e-06  ,3.118101379890e-01  
  4.051950387960e-06  ,2.399627458033e-01  
  4.052050388722e-06  ,1.678225149630e-01  
  4.052150389483e-06  ,9.788557003053e-02  
  4.052250390245e-06  ,2.898209122838e-02  
  4.052350391006e-06  ,-3.889065541793e-02  
  4.052450391767e-06  ,-1.074766044187e-01  
  4.052550392529e-06  ,-1.732409635022e-01  
  4.052650393290e-06  ,-2.377846191615e-01  
  4.052750394052e-06  ,-3.010914343997e-01  
  4.052850394813e-06  ,-3.652781669786e-01  
  4.052950395575e-06  ,-4.260955884159e-01  
  4.053050396336e-06  ,-4.850809832657e-01  
  4.053150397098e-06  ,-5.445295358861e-01  
  4.053250397859e-06  ,-6.024689894529e-01  
  4.053350398621e-06  ,-6.599720711997e-01  
  4.053450399382e-06  ,-7.148632930315e-01  
  4.053550400143e-06  ,-7.677123420515e-01  
  4.053650400905e-06  ,-8.184782562501e-01  
  4.053750401666e-06  ,-8.670889693163e-01  
  4.053850402428e-06  ,-9.134773543360e-01  
  4.053950403189e-06  ,-9.576076678773e-01  
  4.054050403951e-06  ,-9.994106082721e-01  
  4.054150404712e-06  ,-1.038844559632e+00  
  4.054250405474e-06  ,-1.075867069462e+00  
  4.054350406235e-06  ,-1.110437725475e+00  
  4.054450406996e-06  ,-1.142519166025e+00  
  4.054550407758e-06  ,-1.172077455780e+00  
  4.054650408519e-06  ,-1.199082246712e+00  
  4.054750409281e-06  ,-1.223506854792e+00  
  4.054850410042e-06  ,-1.245328309555e+00  
  4.054950410804e-06  ,-1.264527389177e+00  
  4.055050411565e-06  ,-1.281088646994e+00  
  4.055150412327e-06  ,-1.295000431665e+00  
  4.055250413088e-06  ,-1.306254901436e+00  
  4.055350413850e-06  ,-1.314848032829e+00  
  4.055450414611e-06  ,-1.320779624137e+00  
  4.055550415372e-06  ,-1.324053293682e+00  
  4.055650416134e-06  ,-1.324676472911e+00  
  4.055750416895e-06  ,-1.322660394008e+00  
  4.055850417657e-06  ,-1.318020071175e+00  
  4.055950418418e-06  ,-1.310774277609e+00  
  4.056050419180e-06  ,-1.300945517934e+00  
  4.056150419941e-06  ,-1.288559995144e+00  
  4.056250420703e-06  ,-1.273647573283e+00  
  4.056350421464e-06  ,-1.256241734439e+00  
  4.056450422225e-06  ,-1.236379528631e+00  
  4.056550422987e-06  ,-1.214101523407e+00  
  4.056650423748e-06  ,-1.189451740802e+00  
  4.056750424510e-06  ,-1.162477597960e+00  
  4.056850425271e-06  ,-1.133229836326e+00  
  4.056950426033e-06  ,-1.101762449037e+00  
  4.057050426794e-06  ,-1.068132604412e+00  
  4.057150427556e-06  ,-1.032400561460e+00  
  4.057250428317e-06  ,-9.967928464150e-01  
  4.057350429078e-06  ,-9.598706688648e-01  
  4.057450429840e-06  ,-9.229896437690e-01  
  4.057550430601e-06  ,-8.831125201032e-01  
  4.057650431363e-06  ,-8.416246460198e-01  
  4.057750432124e-06  ,-7.985730622426e-01  
  4.057850432886e-06  ,-7.540864346743e-01  
  4.057950433647e-06  ,-7.080663936317e-01  
  4.058050434409e-06  ,-6.607109976692e-01  
  4.058150435170e-06  ,-6.121398720628e-01  
  4.058250435932e-06  ,-5.626901375718e-01  
  4.058350436693e-06  ,-5.119761703305e-01  
  4.058450437454e-06  ,-4.622308212634e-01  
  4.058550438216e-06  ,-4.116384924621e-01  
  4.058650438977e-06  ,-3.585539830438e-01  
  4.058750439739e-06  ,-3.062350185193e-01  
  4.058850440500e-06  ,-2.539491156910e-01  
  4.058950441262e-06  ,-1.989044065479e-01  
  4.059050442023e-06  ,-1.446173808770e-01  
  4.059150442785e-06  ,-9.038837142782e-02  
  4.059250443546e-06  ,-3.621728038640e-02  
  4.059350444307e-06  ,1.791931111513e-02  
  4.059450445069e-06  ,7.462352271238e-02  
  4.059550445830e-06  ,1.306095534633e-01  
  4.059650446592e-06  ,1.876285833101e-01  
  4.059750447353e-06  ,2.443215046521e-01  
  4.059850448115e-06  ,3.012252294663e-01  
  4.059950448876e-06  ,3.580017020029e-01  
  4.060050449638e-06  ,4.144300236057e-01  
  4.060150450399e-06  ,4.708653539459e-01  
  4.060250451161e-06  ,5.264853176256e-01  
  4.060350451922e-06  ,5.822528871941e-01  
  4.060450452683e-06  ,6.367874794519e-01  
  4.060550453445e-06  ,6.915018978025e-01  
  4.060650454206e-06  ,7.446514953315e-01  
  4.060750454968e-06  ,7.980975454769e-01  
  4.060850455729e-06  ,8.495193331993e-01  
  4.060950456491e-06  ,9.013468673541e-01  
  4.061050457252e-06  ,9.507465942723e-01  
  4.061150458014e-06  ,1.000647823295e+00  
  4.061250458775e-06  ,1.047723593458e+00  
  4.061350459536e-06  ,1.093413999994e+00  
  4.061450460298e-06  ,1.137747097408e+00  
  4.061550461059e-06  ,1.180671407667e+00  
  4.061650461821e-06  ,1.222144720178e+00  
  4.061750462582e-06  ,1.262113452568e+00  
  4.061850463344e-06  ,1.300523965848e+00  
  4.061950464105e-06  ,1.337324130497e+00  
  4.062050464867e-06  ,1.372463873988e+00  
  4.062150465628e-06  ,1.405895404850e+00  
  4.062250466389e-06  ,1.437573315467e+00  
  4.062350467151e-06  ,1.467454644217e+00  
  4.062450467912e-06  ,1.495498915092e+00  
  4.062550468674e-06  ,1.521668185138e+00  
  4.062650469435e-06  ,1.545927088879e+00  
  4.062750470197e-06  ,1.568242873055e+00  
  4.062850470958e-06  ,1.588585429591e+00  
  4.062950471720e-06  ,1.606927327463e+00  
  4.063050472481e-06  ,1.623243841517e+00  
  4.063150473243e-06  ,1.637512977933e+00  
  4.063250474004e-06  ,1.649715499458e+00  
  4.063350474765e-06  ,1.659861657120e+00  
  4.063450475527e-06  ,1.667884811283e+00  
  4.063550476288e-06  ,1.673835221255e+00  
  4.063650477050e-06  ,1.677673146195e+00  
  4.063750477811e-06  ,1.679391274859e+00  
  4.063850478573e-06  ,1.678986552157e+00  
  4.063950479334e-06  ,1.676459247072e+00  
  4.064050480096e-06  ,1.671812644433e+00  
  4.064150480857e-06  ,1.665052942387e+00  
  4.064250481618e-06  ,1.656189214832e+00  
  4.064350482380e-06  ,1.645233394253e+00  
  4.064450483141e-06  ,1.632200261250e+00  
  4.064550483903e-06  ,1.617107428133e+00  
  4.064650484664e-06  ,1.599975325151e+00  
  4.064750485426e-06  ,1.580827190986e+00  
  4.064850486187e-06  ,1.559689042728e+00  
  4.064950486949e-06  ,1.536589645220e+00  
  4.065050487710e-06  ,1.511560474816e+00  
  4.065150488472e-06  ,1.484635692257e+00  
  4.065250489233e-06  ,1.455852095248e+00  
  4.065350489994e-06  ,1.425249084693e+00  
  4.065450490756e-06  ,1.392868611304e+00  
  4.065550491517e-06  ,1.358755132383e+00  
  4.065650492279e-06  ,1.322983967209e+00  
  4.065750493040e-06  ,1.285548016909e+00  
  4.065850493802e-06  ,1.246564191813e+00  
  4.065950494563e-06  ,1.206052454673e+00  
  4.066050495325e-06  ,1.164082016229e+00  
  4.066150496086e-06  ,1.122620076915e+00  
  4.066250496847e-06  ,1.078030670698e+00  
  4.066350497609e-06  ,1.032044326098e+00  
  4.066450498370e-06  ,9.866273052326e-01  
  4.066550499132e-06  ,9.383521584874e-01  
  4.066650499893e-06  ,8.908202454323e-01  
  4.066750500655e-06  ,8.404033784920e-01  
  4.066850501416e-06  ,7.907214057445e-01  
  4.066950502178e-06  ,7.383733086590e-01  
  4.067050502939e-06  ,6.867563370147e-01  
  4.067150503700e-06  ,6.351739495153e-01  
  4.067250504462e-06  ,5.806509765878e-01  
  4.067350505223e-06  ,5.269209654280e-01  
  4.067450505985e-06  ,4.732421405342e-01  
  4.067550506746e-06  ,4.196043313491e-01  
  4.067650507508e-06  ,3.631775109430e-01  
  4.067750508269e-06  ,3.075184033025e-01  
  4.067850509031e-06  ,2.518644984104e-01  
  4.067950509792e-06  ,1.963035146716e-01  
  4.068050510554e-06  ,1.407932006141e-01  
  4.068150511315e-06  ,8.357815876011e-02  
  4.068250512076e-06  ,2.685941166874e-02  
  4.068350512838e-06  ,-3.021581850591e-02  
  4.068450513599e-06  ,-8.712879806489e-02  
  4.068550514361e-06  ,-1.436652745655e-01  
  4.068650515122e-06  ,-2.002217235142e-01  
  4.068750515884e-06  ,-2.558686870708e-01  
  4.068850516645e-06  ,-3.117150372054e-01  
  4.068950517407e-06  ,-3.662102635751e-01  
  4.069050518168e-06  ,-4.209604332815e-01  
  4.069150518929e-06  ,-4.739473474554e-01  
  4.069250519691e-06  ,-5.273042960080e-01  
  4.069350520452e-06  ,-5.784837513388e-01  
  4.069450521214e-06  ,-6.301394931144e-01  
  4.069550521975e-06  ,-6.792224139561e-01  
  4.069650522737e-06  ,-7.270365351965e-01  
  4.069750523498e-06  ,-7.735931356042e-01  
  4.069850524260e-06  ,-8.188530287706e-01  
  4.069950525021e-06  ,-8.627681701243e-01  
  4.070050525783e-06  ,-9.052644669450e-01  
  4.070150526544e-06  ,-9.462942326139e-01  
  4.070250527305e-06  ,-9.858033239049e-01  
  4.070350528067e-06  ,-1.023739369319e+00  
  4.070450528828e-06  ,-1.060052177480e+00  
  4.070550529590e-06  ,-1.094693920217e+00  
  4.070650530351e-06  ,-1.127619234797e+00  
  4.070750531113e-06  ,-1.158785304612e+00  
  4.070850531874e-06  ,-1.188151920142e+00  
  4.070950532636e-06  ,-1.215681544839e+00  
  4.071050533397e-06  ,-1.242157207322e+00  
  4.071150534158e-06  ,-1.266905935427e+00  
  4.071250534920e-06  ,-1.289684801172e+00  
  4.071350535681e-06  ,-1.310395317083e+00  
  4.071450536443e-06  ,-1.328989267174e+00  
  4.071550537204e-06  ,-1.345437206718e+00  
  4.071650537966e-06  ,-1.359718003223e+00  
  4.071750538727e-06  ,-1.371815368758e+00  
  4.071850539489e-06  ,-1.381716728279e+00  
  4.071950540250e-06  ,-1.389412854735e+00  
  4.072050541011e-06  ,-1.394897759839e+00  
  4.072150541773e-06  ,-1.398168663139e+00  
  4.072250542534e-06  ,-1.399225987169e+00  
  4.072350543296e-06  ,-1.398073353897e+00  
  4.072450544057e-06  ,-1.394717581746e+00  
  4.072550544819e-06  ,-1.389168677391e+00  
  4.072650545580e-06  ,-1.381439821969e+00  
  4.072750546342e-06  ,-1.371547353817e+00  
  4.072850547103e-06  ,-1.360411155305e+00  
  4.072950547865e-06  ,-1.347548096213e+00  
  4.073050548626e-06  ,-1.332814504734e+00  
  4.073150549387e-06  ,-1.316181469875e+00  
  4.073250550149e-06  ,-1.297660070062e+00  
  4.073350550910e-06  ,-1.277276447644e+00  
  4.073450551672e-06  ,-1.255063467650e+00  
  4.073550552433e-06  ,-1.231057892535e+00  
  4.073650553195e-06  ,-1.205299399349e+00  
  4.073750553956e-06  ,-1.177830204486e+00  
  4.073850554718e-06  ,-1.148694885947e+00  
  4.073950555479e-06  ,-1.117940276571e+00  
  4.074050556240e-06  ,-1.085615373940e+00  
  4.074150557002e-06  ,-1.051771255005e+00  
  4.074250557763e-06  ,-1.016460986451e+00  
  4.074350558525e-06  ,-9.797395391419e-01  
  4.074450559286e-06  ,-9.417199746394e-01  
  4.074550560048e-06  ,-9.024010330652e-01  
  4.074650560809e-06  ,-8.635897722354e-01  
  4.074750561571e-06  ,-8.220931862739e-01  
  4.074850562332e-06  ,-7.813009347027e-01  
  4.074950563094e-06  ,-7.376894030408e-01  
  4.075050563855e-06  ,-6.953790019852e-01  
  4.075150564616e-06  ,-6.495708348838e-01  
  4.075250565378e-06  ,-6.029485279633e-01  
  4.075350566139e-06  ,-5.566961094578e-01  
  4.075450566901e-06  ,-5.104789118060e-01  
  4.075550567662e-06  ,-4.618767007924e-01  
  4.075650568424e-06  ,-4.139253710125e-01  
  4.075750569185e-06  ,-3.660213285622e-01  
  4.075850569947e-06  ,-3.181508480440e-01  
  4.075950570708e-06  ,-2.677840146518e-01  
  4.076050571469e-06  ,-2.180543266838e-01  
  4.076150572231e-06  ,-1.683643314977e-01  
  4.076250572992e-06  ,-1.172250802277e-01  
  4.076350573754e-06  ,-6.650266381692e-02  
  4.076450574515e-06  ,-1.516524370284e-02  
  4.076550575277e-06  ,3.595840636049e-02  
  4.076650576038e-06  ,8.717144009550e-02  
  4.076750576800e-06  ,1.382976843259e-01  
  4.076850577561e-06  ,1.890921544535e-01  
  4.076950578322e-06  ,2.399258292341e-01  
  4.077050579084e-06  ,2.900610893666e-01  
  4.077150579845e-06  ,3.402617850040e-01  
  4.077250580607e-06  ,3.894682127417e-01  
  4.077350581368e-06  ,4.388470878750e-01  
  4.077450582130e-06  ,4.868187989965e-01  
  4.077550582891e-06  ,5.350617413516e-01  
  4.077650583653e-06  ,5.815337724668e-01  
  4.077750584414e-06  ,6.283638717732e-01  
  4.077850585176e-06  ,6.730674704241e-01  
  4.077950585937e-06  ,7.167222550993e-01  
  4.078050586698e-06  ,7.606751485250e-01  
  4.078150587460e-06  ,8.022679326244e-01  
  4.078250588221e-06  ,8.426160993211e-01  
  4.078350588983e-06  ,8.817319853740e-01  
  4.078450589744e-06  ,9.195835462140e-01  
  4.078550590506e-06  ,9.561274711700e-01  
  4.078650591267e-06  ,9.913179757024e-01  
  4.078750592029e-06  ,1.025109765859e+00  
  4.078850592790e-06  ,1.057459053520e+00  
  4.078950593551e-06  ,1.088323930308e+00  
  4.079050594313e-06  ,1.117664510842e+00  
  4.079150595074e-06  ,1.145443015461e+00  
  4.079250595836e-06  ,1.171623824097e+00  
  4.079350596597e-06  ,1.196173508283e+00  
  4.079450597359e-06  ,1.219060874323e+00  
  4.079550598120e-06  ,1.240256998241e+00  
  4.079650598882e-06  ,1.259735256518e+00  
  4.079750599643e-06  ,1.277471349065e+00  
  4.079850600405e-06  ,1.293443329505e+00  
  4.079950601166e-06  ,1.307631634882e+00  
  4.080050601927e-06  ,1.320019105705e+00  
  4.080150602689e-06  ,1.330591007282e+00  
  4.080250603450e-06  ,1.339335045405e+00  
  4.080350604212e-06  ,1.346241381475e+00  
  4.080450604973e-06  ,1.351302645043e+00  
  4.080550605735e-06  ,1.354513943740e+00  
  4.080650606496e-06  ,1.355872870429e+00  
  4.080750607258e-06  ,1.355379509557e+00  
  4.080850608019e-06  ,1.353036438276e+00  
  4.080950608780e-06  ,1.348848724984e+00  
  4.081050609542e-06  ,1.342823927829e+00  
  4.081150610303e-06  ,1.334972088741e+00  
  4.081250611065e-06  ,1.325305722857e+00  
  4.081350611826e-06  ,1.313839807359e+00  
  4.081450612588e-06  ,1.300591766548e+00  
  4.081550613349e-06  ,1.285581453377e+00  
  4.081650614111e-06  ,1.268831135176e+00  
  4.081750614872e-06  ,1.250365465523e+00  
  4.081850615633e-06  ,1.230211452763e+00  
  4.081950616395e-06  ,1.208398423216e+00  
  4.082050617156e-06  ,1.184957993600e+00  
  4.082150617918e-06  ,1.159924026286e+00  
  4.082250618679e-06  ,1.133332592690e+00  
  4.082350619441e-06  ,1.105221922881e+00  
  4.082450620202e-06  ,1.075632364612e+00  
  4.082550620964e-06  ,1.044606329618e+00  
  4.082650621725e-06  ,1.012188231967e+00  
  4.082750622487e-06  ,9.784244376018e-01  
  4.082850623248e-06  ,9.433632033323e-01  
  4.082950624009e-06  ,9.070664967718e-01  
  4.083050624771e-06  ,8.712060402545e-01  
  4.083150625532e-06  ,8.327028302008e-01  
  4.083250626294e-06  ,7.930254533390e-01  
  4.083350627055e-06  ,7.538321034201e-01  
  4.083450627817e-06  ,7.122410993183e-01  
  4.083550628578e-06  ,6.712779037836e-01  
  4.083650629340e-06  ,6.279312719769e-01  
  4.083750630101e-06  ,5.852414763847e-01  
  4.083850630862e-06  ,5.403191570298e-01  
  4.083950631624e-06  ,4.959960759825e-01  
  4.084050632385e-06  ,4.517340864850e-01  
  4.084150633147e-06  ,4.050393319253e-01  
  4.084250633908e-06  ,3.590036065665e-01  
  4.084350634670e-06  ,3.130122670136e-01  
  4.084450635431e-06  ,2.670583449348e-01  
  4.084550636193e-06  ,2.188760146041e-01  
  4.084650636954e-06  ,1.713056495983e-01  
  4.084750637716e-06  ,1.237809235347e-01  
  4.084850638477e-06  ,7.630172118692e-02  
  4.084950639238e-06  ,2.890171070636e-02  
  4.085050640000e-06  ,-1.852595676583e-02  
  4.085150640761e-06  ,-6.586926435843e-02  
  4.085250641523e-06  ,-1.131675334910e-01  
  4.085350642284e-06  ,-1.604144898960e-01  
  4.085450643046e-06  ,-2.081567164936e-01  
  4.085550643807e-06  ,-2.557126492807e-01  
  4.085650644569e-06  ,-3.032154058028e-01  
  4.085750645330e-06  ,-3.497072278525e-01  
  4.085850646091e-06  ,-3.963839949491e-01  
  4.085950646853e-06  ,-4.416330613755e-01  
  4.086050647614e-06  ,-4.874870742263e-01  
  4.086150648376e-06  ,-5.312113354786e-01  
  4.086250649137e-06  ,-5.740866052604e-01  
  4.086350649899e-06  ,-6.171544116529e-01  
  4.086450650660e-06  ,-6.582186699252e-01  
  4.086550651422e-06  ,-6.981814880271e-01  
  4.086650652183e-06  ,-7.370290712245e-01  
  4.086750652944e-06  ,-7.747215646485e-01  
  4.086850653706e-06  ,-8.112058978318e-01  
  4.086950654467e-06  ,-8.464398649900e-01  
  4.087050655229e-06  ,-8.803825593444e-01  
  4.087150655990e-06  ,-9.129832157888e-01  
  4.087250656752e-06  ,-9.441637139286e-01  
  4.087350657513e-06  ,-9.739513353904e-01  
  4.087450658275e-06  ,-1.002227056363e+00  
  4.087550659036e-06  ,-1.028995393731e+00  
  4.087650659798e-06  ,-1.054223911165e+00  
  4.087750660559e-06  ,-1.077880742716e+00  
  4.087850661320e-06  ,-1.099935782992e+00  
  4.087950662082e-06  ,-1.120361104392e+00  
  4.088050662843e-06  ,-1.139131124121e+00  
  4.088150663605e-06  ,-1.156222685258e+00  
  4.088250664366e-06  ,-1.171615098337e+00  
  4.088350665128e-06  ,-1.185290168279e+00  
  4.088450665889e-06  ,-1.197232226252e+00  
  4.088550666651e-06  ,-1.207428145693e+00  
  4.088650667412e-06  ,-1.215867359715e+00  
  4.088750668173e-06  ,-1.222541873018e+00  
  4.088850668935e-06  ,-1.227446266208e+00  
  4.088950669696e-06  ,-1.230577698117e+00  
  4.089050670458e-06  ,-1.231935903598e+00  
  4.089150671219e-06  ,-1.231523189323e+00  
  4.089250671981e-06  ,-1.229344422081e+00  
  4.089350672742e-06  ,-1.225407017192e+00  
  4.089450673504e-06  ,-1.219720917757e+00  
  4.089550674265e-06  ,-1.212298573839e+00  
  4.089650675027e-06  ,-1.203154917734e+00  
  4.089750675788e-06  ,-1.192307332944e+00  
  4.089850676549e-06  ,-1.179775620460e+00  
  4.089950677311e-06  ,-1.165581965478e+00  
  4.090050678072e-06  ,-1.149750892480e+00  
  4.090150678834e-06  ,-1.132309218506e+00  
  4.090250679595e-06  ,-1.113286010555e+00  
  4.090350680357e-06  ,-1.092712527287e+00  
  4.090450681118e-06  ,-1.070622168332e+00  
  4.090550681880e-06  ,-1.047050409552e+00  
  4.090650682641e-06  ,-1.022034744407e+00  
  4.090750683402e-06  ,-9.956146259228e-01  
  4.090850684164e-06  ,-9.678348387664e-01  
  4.090950684925e-06  ,-9.388035105260e-01  
  4.091050685687e-06  ,-9.085953813031e-01  
  4.091150686448e-06  ,-8.770786014751e-01  
  4.091250687210e-06  ,-8.443742430429e-01  
  4.091350687971e-06  ,-8.121059762424e-01  
  4.091450688733e-06  ,-7.773192086471e-01  
  4.091550689494e-06  ,-7.414412132027e-01  
  4.091650690255e-06  ,-7.060120135604e-01  
  4.091750691017e-06  ,-6.683322166734e-01  
  4.091850691778e-06  ,-6.312497618928e-01  
  4.091950692540e-06  ,-5.919116544163e-01  
  4.092050693301e-06  ,-5.535689474344e-01  
  4.092150694063e-06  ,-5.129048771968e-01  
  4.092250694824e-06  ,-4.730552481223e-01  
  4.092350695586e-06  ,-4.310675087704e-01  
  4.092450696347e-06  ,-3.896606921538e-01  
  4.092550697109e-06  ,-3.482849651195e-01  
  4.092650697870e-06  ,-3.049207683765e-01  
  4.092750698631e-06  ,-2.620736287960e-01  
  4.092850699393e-06  ,-2.192536638338e-01  
  4.092950700154e-06  ,-1.765164137959e-01  
  4.093050700916e-06  ,-1.338201863326e-01  
  4.093150701677e-06  ,-9.116489537287e-02  
  4.093250702439e-06  ,-4.855044126670e-02  
  4.093350703200e-06  ,-5.967619421389e-03  
  4.093450703962e-06  ,3.846204969966e-02  
  4.093550704723e-06  ,8.238067364525e-02  
  4.093650705484e-06  ,1.262582497274e-01  
  4.093750706246e-06  ,1.700949887569e-01  
  4.093850707007e-06  ,2.138837088126e-01  
  4.093950707769e-06  ,2.576286609253e-01  
  4.094050708530e-06  ,3.005863168242e-01  
  4.094150709292e-06  ,3.436710285696e-01  
  4.094250710053e-06  ,3.856083423327e-01  
  4.094350710815e-06  ,4.277617616349e-01  
  4.094450711576e-06  ,4.684372389216e-01  
  4.094550712337e-06  ,5.083468130812e-01  
  4.094650713099e-06  ,5.484656674655e-01  
  4.094750713860e-06  ,5.868419543483e-01  
  4.094850714622e-06  ,6.255787674498e-01  
  4.094950715383e-06  ,6.621667946759e-01  
  4.095050716145e-06  ,6.976918434972e-01  
  4.095150716906e-06  ,7.321902300405e-01  
  4.095250717668e-06  ,7.656215489541e-01  
  4.095350718429e-06  ,7.979816976381e-01  
  4.095450719191e-06  ,8.291912487239e-01  
  4.095550719952e-06  ,8.592046860584e-01  
  4.095650720713e-06  ,8.879814133542e-01  
  4.095750721475e-06  ,9.154835939366e-01  
  4.095850722236e-06  ,9.416755302184e-01  
  4.095950722998e-06  ,9.665234859222e-01  
  4.096050723759e-06  ,9.899956379666e-01  
  4.096150724521e-06  ,1.012062094218e+00  
  4.096250725282e-06  ,1.032694914352e+00  
  4.096350726044e-06  ,1.051868132390e+00  
  4.096450726805e-06  ,1.069557786823e+00  
  4.096550727566e-06  ,1.085741948269e+00  
  4.096650728328e-06  ,1.100400742184e+00  
  4.096750729089e-06  ,1.113516372300e+00  
  4.096850729851e-06  ,1.125073130801e+00  
  4.096950730612e-06  ,1.135057424615e+00  
  4.097050731374e-06  ,1.143457790472e+00  
  4.097150732135e-06  ,1.150264909872e+00  
  4.097250732897e-06  ,1.155471618800e+00  
  4.097350733658e-06  ,1.159072918518e+00  
  4.097450734420e-06  ,1.161065978188e+00  
  4.097550735181e-06  ,1.161450142102e+00  
  4.097650735942e-06  ,1.160226928688e+00  
  4.097750736704e-06  ,1.157400031142e+00  
  4.097850737465e-06  ,1.152975313158e+00  
  4.097950738227e-06  ,1.146960804861e+00  
  4.098050738988e-06  ,1.139366690788e+00  
  4.098150739750e-06  ,1.130205302397e+00  
  4.098250740511e-06  ,1.119491102275e+00  
  4.098350741273e-06  ,1.107240669594e+00  
  4.098450742034e-06  ,1.093472685063e+00  
  4.098550742795e-06  ,1.078207905421e+00  
  4.098650743557e-06  ,1.061469138299e+00  
  4.098750744318e-06  ,1.043281205951e+00  
  4.098850745080e-06  ,1.023670926266e+00  
  4.098950745841e-06  ,1.002667067849e+00  
  4.099050746603e-06  ,9.803003183666e-01  
  4.099150747364e-06  ,9.566032488681e-01  
  4.099250748126e-06  ,9.316102625830e-01  
  4.099350748887e-06  ,9.053575647872e-01  
  4.099450749648e-06  ,8.778830973029e-01  
  4.099550750410e-06  ,8.492265012058e-01  
  4.099650751171e-06  ,8.194290594269e-01  
  4.099750751933e-06  ,7.885437942369e-01  
  4.099850752694e-06  ,7.580419213161e-01  
  4.099950753456e-06  ,7.252106466517e-01  
  4.100050754217e-06  ,6.913420037931e-01  
  4.100150754979e-06  ,6.578996237525e-01  
  4.100250755740e-06  ,6.223354109387e-01  
  4.100350756502e-06  ,5.873254984011e-01  
  4.100450757263e-06  ,5.501918247348e-01  
  4.100550758024e-06  ,5.136231389958e-01  
  4.100650758786e-06  ,4.751122893688e-01  
  4.100750759547e-06  ,4.371280448035e-01  
  4.100850760309e-06  ,3.991709589479e-01  
  4.100950761070e-06  ,3.590707565905e-01  
  4.101050761832e-06  ,3.195496664176e-01  
  4.101150762593e-06  ,2.800666441914e-01  
  4.101250763355e-06  ,2.406152334784e-01  
  4.101350764116e-06  ,1.991360161826e-01  
  4.101450764877e-06  ,1.582103853607e-01  
  4.101550765639e-06  ,1.173239445116e-01  
  4.101650766400e-06  ,7.644853605512e-02  
  4.101750767162e-06  ,3.560013487976e-02  
  4.101850767923e-06  ,-5.169201386366e-03  
  4.101950768685e-06  ,-4.589969708261e-02  
  4.102050769446e-06  ,-8.659144454424e-02  
  4.102150770208e-06  ,-1.272445357774e-01  
  4.102250770969e-06  ,-1.678523171350e-01  
  4.102350771731e-06  ,-2.089674231387e-01  
  4.102450772492e-06  ,-2.498957162027e-01  
  4.102550773253e-06  ,-2.903074847405e-01  
  4.102650774015e-06  ,-3.307899268282e-01  
  4.102750774776e-06  ,-3.701716250133e-01  
  4.102850775538e-06  ,-4.089572950858e-01  
  4.102950776299e-06  ,-4.482550394298e-01  
  4.103050777061e-06  ,-4.867735398933e-01  
  4.103150777822e-06  ,-5.235667656688e-01  
  4.103250778584e-06  ,-5.594471636323e-01  
  4.103350779345e-06  ,-5.956316150130e-01  
  4.103450780106e-06  ,-6.297735078289e-01  
  4.103550780868e-06  ,-6.628730785927e-01  
  4.103650781629e-06  ,-6.949327784498e-01  
  4.103750782391e-06  ,-7.259245778043e-01  
  4.103850783152e-06  ,-7.558114879741e-01  
  4.103950783914e-06  ,-7.845547493555e-01  
  4.104050784675e-06  ,-8.121162757133e-01  
  4.104150785437e-06  ,-8.384551997077e-01  
  4.104250786198e-06  ,-8.635435536151e-01  
  4.104350786959e-06  ,-8.873481430685e-01  
  4.104450787721e-06  ,-9.098362541028e-01  
  4.104550788482e-06  ,-9.309786941494e-01  
  4.104650789244e-06  ,-9.507483170308e-01  
  4.104750790005e-06  ,-9.691200019444e-01  
  4.104850790767e-06  ,-9.860706771315e-01  
  4.104950791528e-06  ,-1.001579340510e+00  
  4.105050792290e-06  ,-1.015619193417e+00  
  4.105150793051e-06  ,-1.028189240783e+00  
  4.105250793813e-06  ,-1.039256471144e+00  
  4.105350794574e-06  ,-1.048818067036e+00  
  4.105450795335e-06  ,-1.056864362740e+00  
  4.105550796097e-06  ,-1.063387496284e+00  
  4.105650796858e-06  ,-1.068381683655e+00  
  4.105750797620e-06  ,-1.071843304863e+00  
  4.105850798381e-06  ,-1.073770937508e+00  
  4.105950799143e-06  ,-1.074165366320e+00  
  4.106050799904e-06  ,-1.073029576376e+00  
  4.106150800666e-06  ,-1.070368748349e+00  
  4.106250801427e-06  ,-1.066190243720e+00  
  4.106350802188e-06  ,-1.060503590258e+00  
  4.106450802950e-06  ,-1.053320460479e+00  
  4.106550803711e-06  ,-1.044654651205e+00  
  4.106650804473e-06  ,-1.034522056416e+00  
  4.106750805234e-06  ,-1.022940635523e+00  
  4.106850805996e-06  ,-1.009930382052e+00  
  4.106950806757e-06  ,-9.955132929593e-01  
  4.107050807519e-06  ,-9.797133212715e-01  
  4.107150808280e-06  ,-9.625563413169e-01  
  4.107250809042e-06  ,-9.440700982147e-01  
  4.107350809803e-06  ,-9.242931917059e-01  
  4.107450810564e-06  ,-9.033346061940e-01  
  4.107550811326e-06  ,-8.811015129614e-01  
  4.107650812087e-06  ,-8.576538841485e-01  
  4.107750812849e-06  ,-8.330395549347e-01  
  4.107850813610e-06  ,-8.072984426168e-01  
  4.107950814372e-06  ,-7.804705236824e-01  
  4.108050815133e-06  ,-7.525965855224e-01  
  4.108150815895e-06  ,-7.237496232424e-01  
  4.108250816656e-06  ,-6.952428619393e-01  
  4.108350817417e-06  ,-6.646352725762e-01  
  4.108450818179e-06  ,-6.330862390364e-01  
  4.108550818940e-06  ,-6.019347852862e-01  
  4.108650819702e-06  ,-5.688535614066e-01  
  4.108750820463e-06  ,-5.362850894491e-01  
  4.108850821225e-06  ,-5.018013377293e-01  
  4.108950821986e-06  ,-4.681619040715e-01  
  4.109050822748e-06  ,-4.323199729133e-01  
  4.109150823509e-06  ,-3.959575084905e-01  
  4.109250824270e-06  ,-3.598129680446e-01  
  4.109350825032e-06  ,-3.237033104087e-01  
  4.109450825793e-06  ,-2.875935369465e-01  
  4.109550826555e-06  ,-2.497700415329e-01  
  4.109650827316e-06  ,-2.124233667735e-01  
  4.109750828078e-06  ,-1.751123423463e-01  
  4.109850828839e-06  ,-1.378369297985e-01  
  4.109950829601e-06  ,-1.005970661117e-01  
  4.110050830362e-06  ,-6.339267551913e-02  
  4.110150831124e-06  ,-2.622366950576e-02  
  4.110250831885e-06  ,1.091004994442e-02  
  4.110350832646e-06  ,4.800859404058e-02  
  4.110450833408e-06  ,8.507208092215e-02  
  4.110550834169e-06  ,1.221006396928e-01  
  4.110650834931e-06  ,1.590944061132e-01  
  4.110750835692e-06  ,1.960823209381e-01  
  4.110850836454e-06  ,2.330470647844e-01  
  4.110950837215e-06  ,2.699263581133e-01  
  4.111050837977e-06  ,3.066009802625e-01  
  4.111150838738e-06  ,3.432629370101e-01  
  4.111250839499e-06  ,3.789702598538e-01  
  4.111350840261e-06  ,4.148522699984e-01  
  4.111450841022e-06  ,4.493577489415e-01  
  4.111550841784e-06  ,4.841420530035e-01  
  4.111650842545e-06  ,5.172304072329e-01  
  4.111750843307e-06  ,5.494801342403e-01  
  4.111850844068e-06  ,5.819780702711e-01  
  4.111950844830e-06  ,6.125882633327e-01  
  4.112050845591e-06  ,6.422193158598e-01  
  4.112150846353e-06  ,6.708771661340e-01  
  4.112250847114e-06  ,6.985387977371e-01  
  4.112350847875e-06  ,7.251651151207e-01  
  4.112450848637e-06  ,7.507375154152e-01  
  4.112550849398e-06  ,7.752058644649e-01  
  4.112650850160e-06  ,7.985473374974e-01  
  4.112750850921e-06  ,8.207322844038e-01  
  4.112850851683e-06  ,8.417322960105e-01  
  4.112950852444e-06  ,8.615205192354e-01  
  4.113050853206e-06  ,8.800717692355e-01  
  4.113150853967e-06  ,8.973625897458e-01  
  4.113250854728e-06  ,9.133712838737e-01  
  4.113350855490e-06  ,9.280779357777e-01  
  4.113450856251e-06  ,9.414644375147e-01  
  4.113550857013e-06  ,9.535145034168e-01  
  4.113650857774e-06  ,9.642136892570e-01  
  4.113750858536e-06  ,9.735494068155e-01  
  4.113850859297e-06  ,9.815109337562e-01  
  4.113950860059e-06  ,9.880894265588e-01  
  4.114050860820e-06  ,9.932779277812e-01  
  4.114150861581e-06  ,9.970713735302e-01  
  4.114250862343e-06  ,9.994665985806e-01  
  4.114350863104e-06  ,1.000462339699e+00  
  4.114450863866e-06  ,1.000059236874e+00  
  4.114550864627e-06  ,9.982598305598e-01  
  4.114650865389e-06  ,9.950685614956e-01  
  4.114750866150e-06  ,9.904917632003e-01  
  4.114850866912e-06  ,9.845376528479e-01  
  4.114950867673e-06  ,9.772163249095e-01  
  4.115050868435e-06  ,9.685397358871e-01  
  4.115150869196e-06  ,9.585216909098e-01  
  4.115250869957e-06  ,9.471778262765e-01  
  4.115350870719e-06  ,9.345255902841e-01  
  4.115450871480e-06  ,9.205842259395e-01  
  4.115550872242e-06  ,9.053747433704e-01  
  4.115650873003e-06  ,8.889198893184e-01  
  4.115750873765e-06  ,8.712441220584e-01  
  4.115850874526e-06  ,8.523735726128e-01  
  4.115950875288e-06  ,8.323360171848e-01  
  4.116050876049e-06  ,8.111608342209e-01  
  4.116150876810e-06  ,7.888789703489e-01  
  4.116250877572e-06  ,7.655228913876e-01  
  4.116350878333e-06  ,7.411265470251e-01  
  4.116450879095e-06  ,7.157253173314e-01  
  4.116550879856e-06  ,6.893646417832e-01  
  4.116650880618e-06  ,6.633415734852e-01  
  4.116750881379e-06  ,6.352619152660e-01  
  4.116850882141e-06  ,6.062643411676e-01  
  4.116950882902e-06  ,5.776428926908e-01  
  4.117050883664e-06  ,5.471409498497e-01  
  4.117150884425e-06  ,5.171292888764e-01  
  4.117250885186e-06  ,4.852367488949e-01  
  4.117350885948e-06  ,4.538661274366e-01  
  4.117450886709e-06  ,4.207042553323e-01  
  4.117550887471e-06  ,3.880477683785e-01  
  4.117650888232e-06  ,3.554141601316e-01  
  4.117750888994e-06  ,3.208414010213e-01  
  4.117850889755e-06  ,2.867903914951e-01  
  4.117950890517e-06  ,2.527721550012e-01  
  4.118050891278e-06  ,2.187805937564e-01  
  4.118150892039e-06  ,1.829301308140e-01  
  4.118250892801e-06  ,1.475841836236e-01  
  4.118350893562e-06  ,1.122720342810e-01  
  4.118450894324e-06  ,7.699362192312e-02  
  4.118550895085e-06  ,4.174887891717e-02  
  4.118650895847e-06  ,6.537737037103e-03  
  4.118750896608e-06  ,-2.863189093137e-02  
  4.118850897370e-06  ,-6.377600253374e-02  
  4.118950898131e-06  ,-9.888672472315e-02  
  4.119050898892e-06  ,-1.339583127805e-01  
  4.119150899654e-06  ,-1.696148670939e-01  
  4.119250900415e-06  ,-2.050787532848e-01  
  4.119350901177e-06  ,-2.405016988461e-01  
  4.119450901938e-06  ,-2.752175718618e-01  
  4.119550902700e-06  ,-3.094903134733e-01  
  4.119650903461e-06  ,-3.441464730152e-01  
  4.119750904223e-06  ,-3.781641564948e-01  
  4.119850904984e-06  ,-4.108679416557e-01  
  4.119950905746e-06  ,-4.439274057649e-01  
  4.120050906507e-06  ,-4.751920566103e-01  
  4.120150907268e-06  ,-5.057178034026e-01  
  4.120250908030e-06  ,-5.364716798600e-01  
  4.120350908791e-06  ,-5.655093214789e-01  
  4.120450909553e-06  ,-5.936799724530e-01  
  4.120550910314e-06  ,-6.209388482480e-01  
  4.120650911076e-06  ,-6.472563824504e-01  
  4.120750911837e-06  ,-6.725992546615e-01  
  4.120850912599e-06  ,-6.969340477856e-01  
  4.120950913360e-06  ,-7.202283899091e-01  
  4.121050914121e-06  ,-7.424513520409e-01  
  4.121150914883e-06  ,-7.635736089686e-01  
  4.121250915644e-06  ,-7.835675055040e-01  
  4.121350916406e-06  ,-8.024071023854e-01  
  4.121450917167e-06  ,-8.200682117034e-01  
  4.121550917929e-06  ,-8.365279418425e-01  
  4.121650918690e-06  ,-8.517652040540e-01  
  4.121750919452e-06  ,-8.657637973191e-01  
  4.121850920213e-06  ,-8.785053782743e-01  
  4.121950920975e-06  ,-8.899747023406e-01  
  4.122050921736e-06  ,-9.001583906324e-01  
  4.122150922497e-06  ,-9.090449161983e-01  
  4.122250923259e-06  ,-9.166246108348e-01  
  4.122350924020e-06  ,-9.228896766648e-01  
  4.122450924782e-06  ,-9.278341939469e-01  
  4.122550925543e-06  ,-9.314541301241e-01  
  4.122650926305e-06  ,-9.337473425528e-01  
  4.122750927066e-06  ,-9.347135810536e-01  
  4.122850927828e-06  ,-9.343544870240e-01  
  4.122950928589e-06  ,-9.326735864097e-01  
  4.123050929350e-06  ,-9.296762824004e-01  
  4.123150930112e-06  ,-9.253698442899e-01  
  4.123250930873e-06  ,-9.197633925311e-01  
  4.123350931635e-06  ,-9.128678831314e-01  
  4.123450932396e-06  ,-9.046960866574e-01  
  4.123550933158e-06  ,-8.952626401962e-01  
  4.123650933919e-06  ,-8.845895096942e-01  
  4.123750934681e-06  ,-8.727095214718e-01  
  4.123850935442e-06  ,-8.596052817498e-01  
  4.123950936203e-06  ,-8.453138066604e-01  
  4.124050936965e-06  ,-8.298591709963e-01  
  4.124150937726e-06  ,-8.132663655177e-01  
  4.124250938488e-06  ,-7.955616486368e-01  
  4.124350939249e-06  ,-7.767726556629e-01  
  4.124450940011e-06  ,-7.569284101378e-01  
  4.124550940772e-06  ,-7.360592989645e-01  
  4.124650941534e-06  ,-7.141970406688e-01  
  4.124750942295e-06  ,-6.913746330416e-01  
  4.124850943057e-06  ,-6.676263131360e-01  
  4.124950943818e-06  ,-6.429907604688e-01  
  4.125050944579e-06  ,-6.186794747609e-01  
  4.125150945341e-06  ,-5.924696445707e-01  
  4.125250946102e-06  ,-5.654175632040e-01  
  4.125350946864e-06  ,-5.387208541229e-01  
  4.125450947625e-06  ,-5.102958390764e-01  
  4.125550948387e-06  ,-4.823287459265e-01  
  4.125650949148e-06  ,-4.526409002276e-01  
  4.125750949910e-06  ,-4.237115395530e-01  
  4.125850950671e-06  ,-3.930126786868e-01  
  4.125950951432e-06  ,-3.632477766289e-01  
  4.126050952194e-06  ,-3.313973695619e-01  
  4.126150952955e-06  ,-2.991515643930e-01  
  4.126250953717e-06  ,-2.672932842885e-01  
  4.126350954478e-06  ,-2.349813245042e-01  
  4.126450955240e-06  ,-2.029732598740e-01  
  4.126550956001e-06  ,-1.709958453285e-01  
  4.126650956763e-06  ,-1.390426720737e-01  
  4.126750957524e-06  ,-1.054459017724e-01  
  4.126850958286e-06  ,-7.229657175687e-02  
  4.126950959047e-06  ,-3.917846225186e-02  
  4.127050959808e-06  ,-6.090138584227e-03  
  4.127150960570e-06  ,2.764520255820e-02  
  4.127250961331e-06  ,6.115695948219e-02  
  4.127350962093e-06  ,9.470426450841e-02  
  4.127450962854e-06  ,1.282041559443e-01  
  4.127550963616e-06  ,1.613193740728e-01  
  4.127650964377e-06  ,1.944844433869e-01  
  4.127750965139e-06  ,2.269961403219e-01  
  4.127850965900e-06  ,2.591147992757e-01  
  4.127950966661e-06  ,2.913300726346e-01  
  4.128050967423e-06  ,3.235046354806e-01  
  4.128150968184e-06  ,3.543205656287e-01  
  4.128250968946e-06  ,3.854225088222e-01  
  4.128350969707e-06  ,4.150961236256e-01  
  4.128450970469e-06  ,4.450727738432e-01  
  4.128550971230e-06  ,4.734467163312e-01  
  4.128650971992e-06  ,5.010569894650e-01  
  4.128750972753e-06  ,5.289030036223e-01  
  4.128850973514e-06  ,5.550598560390e-01  
  4.128950974276e-06  ,5.803190815213e-01  
  4.129050975037e-06  ,6.047358058943e-01  
  4.129150975799e-06  ,6.282667060862e-01  
  4.129250976560e-06  ,6.508836839018e-01  
  4.129350977322e-06  ,6.725579726964e-01  
  4.129450978083e-06  ,6.932615121122e-01  
  4.129550978845e-06  ,7.129674146029e-01  
  4.129650979606e-06  ,7.316501511041e-01  
  4.129750980368e-06  ,7.492856200434e-01  
  4.129850981129e-06  ,7.658511965299e-01  
  4.129950981890e-06  ,7.813257586391e-01  
  4.130050982652e-06  ,7.956897081578e-01  
  4.130150983413e-06  ,8.089250007621e-01  
  4.130250984175e-06  ,8.210151590852e-01  
  4.130350984936e-06  ,8.319452949122e-01  
  4.130450985698e-06  ,8.417021252558e-01  
  4.130550986459e-06  ,8.502739825862e-01  
  4.130650987221e-06  ,8.576508288859e-01  
  4.130750987982e-06  ,8.638242719146e-01  
  4.130850988743e-06  ,8.687875723667e-01  
  4.130950989505e-06  ,8.725356501444e-01  
  4.131050990266e-06  ,8.750650918122e-01  
  4.131150991028e-06  ,8.763741546591e-01  
  4.131250991789e-06  ,8.764627645873e-01  
  4.131350992551e-06  ,8.753325180369e-01  
  4.131450993312e-06  ,8.729866789982e-01  
  4.131550994074e-06  ,8.694301755340e-01  
  4.131650994835e-06  ,8.646695912582e-01  
  4.131750995597e-06  ,8.587131578175e-01  
  4.131850996358e-06  ,8.515707443428e-01  
  4.131950997119e-06  ,8.432538449470e-01  
  4.132050997881e-06  ,8.337755633706e-01  
  4.132150998642e-06  ,8.231505988770e-01  
  4.132250999404e-06  ,8.113952290192e-01  
  4.132351000165e-06  ,7.985272817365e-01  
  4.132451000927e-06  ,7.845661095470e-01  
  4.132551001688e-06  ,7.695325683582e-01  
  4.132651002450e-06  ,7.534489890562e-01  
  4.132751003211e-06  ,7.363391447701e-01  
  4.132851003972e-06  ,7.182282184249e-01  
  4.132951004734e-06  ,6.991427718030e-01  
  4.133051005495e-06  ,6.791107082963e-01  
  4.133151006257e-06  ,6.581612319511e-01  
  4.133251007018e-06  ,6.363248113024e-01  
  4.133351007780e-06  ,6.136331334908e-01  
  4.133451008541e-06  ,5.901253993517e-01  
  4.133551009303e-06  ,5.669087541205e-01  
  4.133651010064e-06  ,5.419461533605e-01  
  4.133751010825e-06  ,5.162080225145e-01  
  4.133851011587e-06  ,4.907919099006e-01  
  4.133951012348e-06  ,4.637894208497e-01  
  4.134051013110e-06  ,4.372040148593e-01  
  4.134151013871e-06  ,4.090404387973e-01  
  4.134251014633e-06  ,3.812948050600e-01  
  4.134351015394e-06  ,3.521126556142e-01  
  4.134451016156e-06  ,3.233212638778e-01  
  4.134551016917e-06  ,2.945803973119e-01  
  4.134651017679e-06  ,2.642279732813e-01  
  4.134751018440e-06  ,2.343044218557e-01  
  4.134851019201e-06  ,2.044095864091e-01  
  4.134951019963e-06  ,1.745434731949e-01  
  4.135051020724e-06  ,1.447022854571e-01  
  4.135151021486e-06  ,1.132672522337e-01  
  4.135251022247e-06  ,8.226628786399e-02  
  4.135351023009e-06  ,5.129487429995e-02  
  4.135451023770e-06  ,2.049292265409e-02  
  4.135551024532e-06  ,-1.055970260896e-02  
  4.135651025293e-06  ,-4.144295897583e-02  
  4.135751026054e-06  ,-7.229699263516e-02  
  4.135851026816e-06  ,-1.030613981109e-01  
  4.135951027577e-06  ,-1.338889127791e-01  
  4.136051028339e-06  ,-1.647760599997e-01  
  4.136151029100e-06  ,-1.956958733276e-01  
  4.136251029862e-06  ,-2.260377818638e-01  
  4.136351030623e-06  ,-2.560657803585e-01  
  4.136451031385e-06  ,-2.863090467155e-01  
  4.136551032146e-06  ,-3.161911511510e-01  
  4.136651032908e-06  ,-3.449117985336e-01  
  4.136751033669e-06  ,-3.739218264117e-01  
  4.136851034430e-06  ,-4.014973964443e-01  
  4.136951035192e-06  ,-4.283888053077e-01  
  4.137051035953e-06  ,-4.555004950904e-01  
  4.137151036715e-06  ,-4.810694902738e-01  
  4.137251037476e-06  ,-5.058452461037e-01  
  4.137351038238e-06  ,-5.298294046051e-01  
  4.137451038999e-06  ,-5.530009807894e-01  
  4.137551039761e-06  ,-5.753323468480e-01  
  4.137651040522e-06  ,-5.967906195362e-01  
  4.137751041283e-06  ,-6.173556190536e-01  
  4.137851042045e-06  ,-6.369909541490e-01  
  4.137951042806e-06  ,-6.556741773965e-01  
  4.138051043568e-06  ,-6.733821612708e-01  
  4.138151044329e-06  ,-6.900940824856e-01  
  4.138251045091e-06  ,-7.057869013625e-01  
  4.138351045852e-06  ,-7.204404674542e-01  
  4.138451046614e-06  ,-7.340361852011e-01  
  4.138551047375e-06  ,-7.465570019843e-01  
  4.138651048136e-06  ,-7.579874221629e-01  
  4.138751048898e-06  ,-7.683135326086e-01  
  4.138851049659e-06  ,-7.775230178399e-01  
  4.138951050421e-06  ,-7.856051773600e-01  
  4.139051051182e-06  ,-7.925509414343e-01  
  4.139151051944e-06  ,-7.983528815861e-01  
  4.139251052705e-06  ,-8.030052212736e-01  
  4.139351053467e-06  ,-8.065038403084e-01  
  4.139451054228e-06  ,-8.088462812173e-01  
  4.139551054990e-06  ,-8.100317485131e-01  
  4.139651055751e-06  ,-8.100611088158e-01  
  4.139751056512e-06  ,-8.089368846081e-01  
  4.139851057274e-06  ,-8.066632493755e-01  
  4.139951058035e-06  ,-8.032460175543e-01  
  4.140051058797e-06  ,-7.986926313028e-01  
  4.140151059558e-06  ,-7.930121480647e-01  
  4.140251060320e-06  ,-7.862152230269e-01  
  4.140351061081e-06  ,-7.783140876376e-01  
  4.140451061843e-06  ,-7.693225284030e-01  
  4.140551062604e-06  ,-7.592558631819e-01  
  4.140651063365e-06  ,-7.481309160135e-01  
  4.140751064127e-06  ,-7.359659848938e-01  
  4.140851064888e-06  ,-7.227811783426e-01  
  4.140951065650e-06  ,-7.086106416605e-01  
  4.141051066411e-06  ,-6.934857700803e-01  
  4.141151067173e-06  ,-6.773863003862e-01  
  4.141251067934e-06  ,-6.603574895636e-01  
  4.141351068696e-06  ,-6.424271802803e-01  
  4.141451069457e-06  ,-6.236234571829e-01  
  4.141551070219e-06  ,-6.039751727740e-01  
  4.141651070980e-06  ,-5.835121241053e-01  
  4.141751071741e-06  ,-5.622675858571e-01  
  4.141851072503e-06  ,-5.413090801329e-01  
  4.141951073264e-06  ,-5.186774365781e-01  
  4.142051074026e-06  ,-4.953026829940e-01  
  4.142151074787e-06  ,-4.722418346871e-01  
  4.142251075549e-06  ,-4.475577805084e-01  
  4.142351076310e-06  ,-4.222979610871e-01  
  4.142451077072e-06  ,-3.976447057259e-01  
  4.142551077833e-06  ,-3.722494281411e-01  
  4.142651078594e-06  ,-3.455913952812e-01  
  4.142751079356e-06  ,-3.193898780524e-01  
  4.142851080117e-06  ,-2.917643484115e-01  
  4.142951080879e-06  ,-2.651493096644e-01  
  4.143051081640e-06  ,-2.375672558048e-01  
  4.143151082402e-06  ,-2.104502531607e-01  
  4.143251083163e-06  ,-1.816693751531e-01  
  4.143351083925e-06  ,-1.540536772665e-01  
  4.143451084686e-06  ,-1.254122958453e-01  
  4.143551085447e-06  ,-9.724435745592e-02  
  4.143651086209e-06  ,-6.790360210436e-02  
  4.143751086970e-06  ,-3.938679781640e-02  
  4.143851087732e-06  ,-1.015440553148e-02  
  4.143951088493e-06  ,1.875458397626e-02  
  4.144051089255e-06  ,4.795644380876e-02  
  4.144151090016e-06  ,7.704871815882e-02  
  4.144251090778e-06  ,1.060079683907e-01  
  4.144351091539e-06  ,1.349620888998e-01  
  4.144451092301e-06  ,1.635287578931e-01  
  4.144551093062e-06  ,1.921719190521e-01  
  4.144651093823e-06  ,2.202166872555e-01  
  4.144751094585e-06  ,2.483600788854e-01  
  4.144851095346e-06  ,2.756735727564e-01  
  4.144951096108e-06  ,3.031519872786e-01  
  4.145051096869e-06  ,3.295726835269e-01  
  4.145151097631e-06  ,3.554525449359e-01  
  4.145251098392e-06  ,3.814889702152e-01  
  4.145351099154e-06  ,4.062978128919e-01  
  4.145451099915e-06  ,4.313692386871e-01  
  4.145551100676e-06  ,4.549418091083e-01  
  4.145651101438e-06  ,4.777817431306e-01  
  4.145751102199e-06  ,4.998976084908e-01  
  4.145851102961e-06  ,5.212728903342e-01  
  4.145951103722e-06  ,5.418834616875e-01  
  4.146051104484e-06  ,5.617034200630e-01  
  4.146151105245e-06  ,5.807070554832e-01  
  4.146251106007e-06  ,5.988695308364e-01  
  4.146351106768e-06  ,6.161671119845e-01  
  4.146451107530e-06  ,6.325772779208e-01  
  4.146551108291e-06  ,6.480787630838e-01  
  4.146651109052e-06  ,6.626515854920e-01  
  4.146751109814e-06  ,6.762770780063e-01  
  4.146851110575e-06  ,6.889299011014e-01  
  4.146951111337e-06  ,7.006100215370e-01  
  4.147051112098e-06  ,7.112843734183e-01  
  4.147151112860e-06  ,7.209493620257e-01  
  4.147251113621e-06  ,7.295938002218e-01  
  4.147351114383e-06  ,7.372075067981e-01  
  4.147451115144e-06  ,7.437815940448e-01  
  4.147551115905e-06  ,7.493085631384e-01  
  4.147651116667e-06  ,7.537823492843e-01  
  4.147751117428e-06  ,7.571983375411e-01  
  4.147851118190e-06  ,7.595533719912e-01  
  4.147951118951e-06  ,7.608457598632e-01  
  4.148051119713e-06  ,7.610752714822e-01  
  4.148151120474e-06  ,7.602431412829e-01  
  4.148251121236e-06  ,7.583520647863e-01  
  4.148351121997e-06  ,7.554061944263e-01  
  4.148451122758e-06  ,7.514111332008e-01  
  4.148551123520e-06  ,7.463739276231e-01  
  4.148651124281e-06  ,7.403030565760e-01  
  4.148751125043e-06  ,7.332084215587e-01  
  4.148851125804e-06  ,7.251013325030e-01  
  4.148951126566e-06  ,7.159944961882e-01  
  4.149051127327e-06  ,7.059019941888e-01  
  4.149151128089e-06  ,6.948392665487e-01  
  4.149251128850e-06  ,6.828230866235e-01  
  4.149351129612e-06  ,6.698715382774e-01  
  4.149451130373e-06  ,6.560039935223e-01  
  4.149551131134e-06  ,6.412410842696e-01  
  4.149651131896e-06  ,6.256046699854e-01  
  4.149751132657e-06  ,6.091178132457e-01  
  4.149851133419e-06  ,5.918047498249e-01  
  4.149951134180e-06  ,5.736908453116e-01  
  4.150051134942e-06  ,5.548025680096e-01  
  4.150151135703e-06  ,5.351674469375e-01  
  4.150251136465e-06  ,5.148188988100e-01  
  4.150351137226e-06  ,4.947261716364e-01  
  4.150451137987e-06  ,4.731067710453e-01  
  4.150551138749e-06  ,4.508091753278e-01  
  4.150651139510e-06  ,4.287943396226e-01  
  4.150751140272e-06  ,4.053908377766e-01  
  4.150851141033e-06  ,3.823533972573e-01  
  4.150951141795e-06  ,3.579608695259e-01  
  4.151051142556e-06  ,3.339082121916e-01  
  4.151151143318e-06  ,3.086322438095e-01  
  4.151251144079e-06  ,2.836898943839e-01  
  4.151351144841e-06  ,2.587669927110e-01  
  4.151451145602e-06  ,2.324664292890e-01  
  4.151551146363e-06  ,2.065392889576e-01  
  4.151651147125e-06  ,1.806370491636e-01  
  4.151751147886e-06  ,1.547565090198e-01  
  4.151851148648e-06  ,1.275725105231e-01  
  4.151951149409e-06  ,1.008717987404e-01  
  4.152051150171e-06  ,7.394322813549e-02  
  4.152151150932e-06  ,4.731127086247e-02  
  4.152251151694e-06  ,2.055960968305e-02  
  4.152351152455e-06  ,-6.309494358521e-03  
  4.152451153216e-06  ,-3.300953914208e-02  
  4.152551153978e-06  ,-5.968428390483e-02  
  4.152651154739e-06  ,-8.625651490050e-02  
  4.152751155501e-06  ,-1.129824921235e-01  
  4.152851156262e-06  ,-1.398664627692e-01  
  4.152951157024e-06  ,-1.666682180872e-01  
  4.153051157785e-06  ,-1.931426567303e-01  
  4.153151158547e-06  ,-2.198217117584e-01  
  4.153251159308e-06  ,-2.456033129154e-01  
  4.153351160069e-06  ,-2.709913959049e-01  
  4.153451160831e-06  ,-2.967306885576e-01  
  4.153551161592e-06  ,-3.219101387567e-01  
  4.153651162354e-06  ,-3.459534815201e-01  
  4.153751163115e-06  ,-3.693922904903e-01  
  4.153851163877e-06  ,-3.932851185114e-01  
  4.153951164638e-06  ,-4.156607277566e-01  
  4.154051165400e-06  ,-4.372514206796e-01  
  4.154151166161e-06  ,-4.581687023987e-01  
  4.154251166923e-06  ,-4.783841773941e-01  
  4.154351167684e-06  ,-4.978730791131e-01  
  4.154451168445e-06  ,-5.166070775699e-01  
  4.154551169207e-06  ,-5.345669831558e-01  
  4.154651169968e-06  ,-5.517260735956e-01  
  4.154751170730e-06  ,-5.680613907366e-01  
  4.154851171491e-06  ,-5.835512672933e-01  
  4.154951172253e-06  ,-5.981753030722e-01  
  4.155051173014e-06  ,-6.119143760068e-01  
  4.155151173776e-06  ,-6.247506598505e-01  
  4.155251174537e-06  ,-6.366589565625e-01  
  4.155351175298e-06  ,-6.476414879530e-01  
  4.155451176060e-06  ,-6.576642180003e-01  
  4.155551176821e-06  ,-6.667253559765e-01  
  4.155651177583e-06  ,-6.748145693993e-01  
  4.155751178344e-06  ,-6.819225133862e-01  
  4.155851179106e-06  ,-6.880411302921e-01  
  4.155951179867e-06  ,-6.931637562083e-01  
  4.156051180629e-06  ,-6.972851600465e-01  
  4.156151181390e-06  ,-7.004015593461e-01  
  4.156251182152e-06  ,-7.025106263122e-01  
  4.156351182913e-06  ,-7.036114905909e-01  
  4.156451183674e-06  ,-7.037047375457e-01  
  4.156551184436e-06  ,-7.027924048478e-01  
  4.156651185197e-06  ,-7.008779776948e-01  
  4.156751185959e-06  ,-6.979663784789e-01  
  4.156851186720e-06  ,-6.940639570527e-01  
  4.156951187482e-06  ,-6.891784777533e-01  
  4.157051188243e-06  ,-6.833191045879e-01  
  4.157151189005e-06  ,-6.764963867708e-01  
  4.157251189766e-06  ,-6.687222351498e-01  
  4.157351190527e-06  ,-6.600099040686e-01  
  4.157451191289e-06  ,-6.503739658779e-01  
  4.157551192050e-06  ,-6.398302897984e-01  
  4.157651192812e-06  ,-6.283960120219e-01  
  4.157751193573e-06  ,-6.160895112788e-01  
  4.157851194335e-06  ,-6.029303671663e-01  
  4.157951195096e-06  ,-5.889393347053e-01  
  4.158051195858e-06  ,-5.741388789261e-01  
  4.158151196619e-06  ,-5.585683932983e-01  
  4.158251197380e-06  ,-5.422564389103e-01  
  4.158351198142e-06  ,-5.251833176347e-01  
  4.158451198903e-06  ,-5.073963468373e-01  
  4.158551199665e-06  ,-4.889260926369e-01  
  4.158651200426e-06  ,-4.707068800307e-01  
  4.158751201188e-06  ,-4.510261118397e-01  
  4.158851201949e-06  ,-4.306625082134e-01  
  4.158951202711e-06  ,-4.097344153478e-01  
  4.159051203472e-06  ,-3.890222476061e-01  
  4.159151204234e-06  ,-3.671146319427e-01  
  4.159251204995e-06  ,-3.455272135902e-01  
  4.159351205756e-06  ,-3.226282109965e-01  
  4.159451206518e-06  ,-2.993529252442e-01  
  4.159551207279e-06  ,-2.763688262763e-01  
  4.159651208041e-06  ,-2.530970057349e-01  
  4.159751208802e-06  ,-2.302572510300e-01  
  4.159851209564e-06  ,-2.058970494148e-01  
  4.159951210325e-06  ,-1.822831154642e-01  
  4.160051211087e-06  ,-1.582685895812e-01  
  4.160151211848e-06  ,-1.332047004931e-01  
  4.160251212609e-06  ,-1.084836182626e-01  
  4.160351213371e-06  ,-8.378424244251e-02  
  4.160451214132e-06  ,-5.835955575304e-02  
  4.160551214894e-06  ,-3.320313238218e-02  
  4.160651215655e-06  ,-7.722443584688e-03  
  4.160751216417e-06  ,1.761762442755e-02  
  4.160851217178e-06  ,4.302306925937e-02  
  4.160951217940e-06  ,6.841043784962e-02  
  4.161051218701e-06  ,9.359484972022e-02  
  4.161151219463e-06  ,1.188117119112e-01  
  4.161251220224e-06  ,1.436129059643e-01  
  4.161351220985e-06  ,1.685122107026e-01  
  4.161451221747e-06  ,1.927960379747e-01  
  4.161551222508e-06  ,2.173240691730e-01  
  4.161651223270e-06  ,2.409655102929e-01  
  4.161751224031e-06  ,2.642282924676e-01  
  4.161851224793e-06  ,2.877483849314e-01  
  4.161951225554e-06  ,3.102494043439e-01  
  4.162051226316e-06  ,3.332929112140e-01  
  4.162151227077e-06  ,3.547216442266e-01  
  4.162251227838e-06  ,3.756219903074e-01  
  4.162351228600e-06  ,3.968924860401e-01  
  4.162451229361e-06  ,4.167615778681e-01  
  4.162551230123e-06  ,4.358838119792e-01  
  4.162651230884e-06  ,4.543713981996e-01  
  4.162751231646e-06  ,4.721818684554e-01  
  4.162851232407e-06  ,4.892949744526e-01  
  4.162951233169e-06  ,5.056931741922e-01  
  4.163051233930e-06  ,5.213556249688e-01  
  4.163151234691e-06  ,5.362619921909e-01  
  4.163251235453e-06  ,5.503928501420e-01  
  4.163351236214e-06  ,5.637298300185e-01  
  4.163451236976e-06  ,5.762556839363e-01  
  4.163551237737e-06  ,5.879543120335e-01  
  4.163651238499e-06  ,5.988107908412e-01  
  4.163751239260e-06  ,6.088113874676e-01  
  4.163851240022e-06  ,6.179435791659e-01  
  4.163951240783e-06  ,6.261960614529e-01  
  4.164051241545e-06  ,6.335587638425e-01  
  4.164151242306e-06  ,6.400228610955e-01  
  4.164251243067e-06  ,6.455807855669e-01  
  4.164351243829e-06  ,6.502262308350e-01  
  4.164451244590e-06  ,6.539541615867e-01  
  4.164551245352e-06  ,6.567608170865e-01  
  4.164651246113e-06  ,6.586437155046e-01  
  4.164751246875e-06  ,6.596016542964e-01  
  4.164851247636e-06  ,6.596347098670e-01  
  4.164951248398e-06  ,6.587442419423e-01  
  4.165051249159e-06  ,6.569328843939e-01  
  4.165151249920e-06  ,6.542045436066e-01  
  4.165251250682e-06  ,6.505643929282e-01  
  4.165351251443e-06  ,6.460188642579e-01  
  4.165451252205e-06  ,6.405756393637e-01  
  4.165551252966e-06  ,6.342436380575e-01  
  4.165651253728e-06  ,6.270330074770e-01  
  4.165751254489e-06  ,6.189551064510e-01  
  4.165851255251e-06  ,6.100224921142e-01  
  4.165951256012e-06  ,6.002489031684e-01  
  4.166051256774e-06  ,5.896492357044e-01  
  4.166151257535e-06  ,5.782395264528e-01  
  4.166251258296e-06  ,5.660369271236e-01  
  4.166351259058e-06  ,5.530596764327e-01  
  4.166451259819e-06  ,5.393270811591e-01  
  4.166551260581e-06  ,5.248594873937e-01  
  4.166651261342e-06  ,5.096782485348e-01  
  4.166751262104e-06  ,4.938057013175e-01  
  4.166851262865e-06  ,4.772651256811e-01  
  4.166951263627e-06  ,4.600756661324e-01  
  4.167051264388e-06  ,4.422767648206e-01  
  4.167151265149e-06  ,4.249465321010e-01  
  4.167251265911e-06  ,4.059801395918e-01  
  4.167351266672e-06  ,3.864862988407e-01  
  4.167451267434e-06  ,3.671841493346e-01  
  4.167551268195e-06  ,3.466814539739e-01  
  4.167651268957e-06  ,3.257315388204e-01  
  4.167751269718e-06  ,3.049581014600e-01  
  4.167851270480e-06  ,2.841991696973e-01  
  4.167951271241e-06  ,2.621684747157e-01  
  4.168051272002e-06  ,2.406716012476e-01  
  4.168151272764e-06  ,2.188083786144e-01  
  4.168251273525e-06  ,1.957743415828e-01  
  4.168351274287e-06  ,1.737028750753e-01  
  4.168451275048e-06  ,1.507476030942e-01  
  4.168551275810e-06  ,1.282093520289e-01  
  4.168651276571e-06  ,1.056903908122e-01  
  4.168751277333e-06  ,8.179970407216e-02  
  4.168851278094e-06  ,5.886281387711e-02  
  4.168951278856e-06  ,3.485656628457e-02  
  4.169051279617e-06  ,1.159002562351e-02  
  4.169151280378e-06  ,-1.239218304988e-02  
  4.169251281140e-06  ,-3.598714919226e-02  
  4.169351281901e-06  ,-5.981312355485e-02  
  4.169451282663e-06  ,-8.337199954248e-02  
  4.169551283424e-06  ,-1.068766987633e-01  
  4.169651284186e-06  ,-1.303301788048e-01  
  4.169751284947e-06  ,-1.534808529193e-01  
  4.169851285709e-06  ,-1.767612737948e-01  
  4.169951286470e-06  ,-1.993836312195e-01  
  4.170051287231e-06  ,-2.223547871648e-01  
  4.170151287993e-06  ,-2.443362951424e-01  
  4.170251288754e-06  ,-2.658296101938e-01  
  4.170351289516e-06  ,-2.869084114721e-01  
  4.170451290277e-06  ,-3.080836655531e-01  
  4.170551291039e-06  ,-3.282734879638e-01  
  4.170651291800e-06  ,-3.489133338322e-01  
  4.170751292562e-06  ,-3.681586710121e-01  
  4.170851293323e-06  ,-3.867063229821e-01  
  4.170951294085e-06  ,-4.046724357892e-01  
  4.171051294846e-06  ,-4.220228462012e-01  
  4.171151295607e-06  ,-4.387371339106e-01  
  4.171251296369e-06  ,-4.547946045573e-01  
  4.171351297130e-06  ,-4.701739269832e-01  
  4.171451297892e-06  ,-4.848544619537e-01  
  4.171551298653e-06  ,-4.988165085548e-01  
  4.171651299415e-06  ,-5.120413946759e-01  
  4.171751300176e-06  ,-5.245115278873e-01  
  4.171851300938e-06  ,-5.362104278862e-01  
  4.171951301699e-06  ,-5.471227566703e-01  
  4.172051302460e-06  ,-5.572343359847e-01  
  4.172151303222e-06  ,-5.665321686572e-01  
  4.172251303983e-06  ,-5.750044586422e-01  
  4.172351304745e-06  ,-5.826406247843e-01  
  4.172451305506e-06  ,-5.894313177261e-01  
  4.172551306268e-06  ,-5.953684279617e-01  
  4.172651307029e-06  ,-6.004450945433e-01  
  4.172751307791e-06  ,-6.046557186934e-01  
  4.172851308552e-06  ,-6.079959676454e-01  
  4.172951309313e-06  ,-6.104627790356e-01  
  4.173051310075e-06  ,-6.120543637587e-01  
  4.173151310836e-06  ,-6.127702057870e-01  
  4.173251311598e-06  ,-6.126110592379e-01  
  4.173351312359e-06  ,-6.115789440855e-01  
  4.173451313121e-06  ,-6.096771415489e-01  
  4.173551313882e-06  ,-6.069101852972e-01  
  4.173651314644e-06  ,-6.032838533859e-01  
  4.173751315405e-06  ,-5.988051553779e-01  
  4.173851316167e-06  ,-5.934823198444e-01  
  4.173951316928e-06  ,-5.873247782542e-01  
  4.174051317689e-06  ,-5.803431501474e-01  
  4.174151318451e-06  ,-5.725492217390e-01  
  4.174251319212e-06  ,-5.639559318020e-01  
  4.174351319974e-06  ,-5.545773404005e-01  
  4.174451320735e-06  ,-5.444286086373e-01  
  4.174551321497e-06  ,-5.335259707886e-01  
  4.174651322258e-06  ,-5.218867086670e-01  
  4.174751323020e-06  ,-5.095291231451e-01  
  4.174851323781e-06  ,-4.964724998339e-01  
  4.174951324542e-06  ,-4.827370813232e-01  
  4.175051325304e-06  ,-4.683440353598e-01  
  4.175151326065e-06  ,-4.533154171947e-01  
  4.175251326827e-06  ,-4.376741445547e-01  
  4.175351327588e-06  ,-4.214495738951e-01  
  4.175451328350e-06  ,-4.047219502764e-01  
  4.175551329111e-06  ,-3.874087855514e-01  
  4.175651329873e-06  ,-3.695862469302e-01  
  4.175751330634e-06  ,-3.512775123831e-01  
  4.175851331396e-06  ,-3.331526099488e-01  
  4.175951332157e-06  ,-3.140076284252e-01  
  4.176051332918e-06  ,-2.951375137945e-01  
  4.176151333680e-06  ,-2.752252043092e-01  
  4.176251334441e-06  ,-2.557786187089e-01  
  4.176351335203e-06  ,-2.359837330510e-01  
  4.176451335964e-06  ,-2.151540823984e-01  
  4.176551336726e-06  ,-1.946521978256e-01  
  4.176651337487e-06  ,-1.741676072433e-01  
  4.176751338249e-06  ,-1.525406553196e-01  
  4.176851339010e-06  ,-1.317211899667e-01  
  4.176951339771e-06  ,-1.101785725627e-01  
  4.177051340533e-06  ,-8.897780010732e-02  
  4.177151341294e-06  ,-6.779735056857e-02  
  4.177251342056e-06  ,-4.681058234945e-02  
  4.177351342817e-06  ,-2.462218100415e-02  
  4.177451343579e-06  ,-3.149476609569e-03  
  4.177551344340e-06  ,1.892132466366e-02  
  4.177651345102e-06  ,4.085918056005e-02  
  4.177751345863e-06  ,6.282019958127e-02  
  4.177851346624e-06  ,8.474640465843e-02  
  4.177951347386e-06  ,1.064098828982e-01  
  4.178051348147e-06  ,1.281530753926e-01  
  4.178151348909e-06  ,1.494222088192e-01  
  4.178251349670e-06  ,1.707707850888e-01  
  4.178351350432e-06  ,1.914929272471e-01  
  4.178451351193e-06  ,2.126289938178e-01  
  4.178551351955e-06  ,2.328094185875e-01  
  4.178651352716e-06  ,2.525447204060e-01  
  4.178751353478e-06  ,2.724479761522e-01  
  4.178851354239e-06  ,2.913811609160e-01  
  4.178951355000e-06  ,3.105255848297e-01  
  4.179051355762e-06  ,3.284882927421e-01  
  4.179151356523e-06  ,3.459600569629e-01  
  4.179251357285e-06  ,3.629015421330e-01  
  4.179351358046e-06  ,3.792945537867e-01  
  4.179451358808e-06  ,3.951269456320e-01  
  4.179551359569e-06  ,4.103777273337e-01  
  4.179651360331e-06  ,4.250158014672e-01  
  4.179751361092e-06  ,4.390225206101e-01  
  4.179851361853e-06  ,4.523834357177e-01  
  4.179951362615e-06  ,4.650816306794e-01  
  4.180051363376e-06  ,4.771007423035e-01  
  4.180151364138e-06  ,4.884252478793e-01  
  4.180251364899e-06  ,4.990405773212e-01  
  4.180351365661e-06  ,5.089331581669e-01  
  4.180451366422e-06  ,5.180904422571e-01  
  4.180551367184e-06  ,5.265009240698e-01  
  4.180651367945e-06  ,5.341541544801e-01  
  4.180751368707e-06  ,5.410407522713e-01  
  4.180851369468e-06  ,5.471524131133e-01  
  4.180951370229e-06  ,5.524819177623e-01  
  4.181051370991e-06  ,5.570231455184e-01  
  4.181151371752e-06  ,5.607710760929e-01  
  4.181251372514e-06  ,5.637217993406e-01  
  4.181351373275e-06  ,5.658725169499e-01  
  4.181451374037e-06  ,5.672215414453e-01  
  4.181551374798e-06  ,5.677683019472e-01  
  4.181651375560e-06  ,5.675133427632e-01  
  4.181751376321e-06  ,5.664583182181e-01  
  4.181851377082e-06  ,5.646059934550e-01  
  4.181951377844e-06  ,5.619602381058e-01  
  4.182051378605e-06  ,5.585260204769e-01  
  4.182151379367e-06  ,5.543093985079e-01  
  4.182251380128e-06  ,5.493175126777e-01  
  4.182351380890e-06  ,5.435585756670e-01  
  4.182451381651e-06  ,5.370418595382e-01  
  4.182551382413e-06  ,5.297763291077e-01  
  4.182651383174e-06  ,5.217803534984e-01  
  4.182751383935e-06  ,5.130598044911e-01  
  4.182851384697e-06  ,5.036282919267e-01  
  4.182951385458e-06  ,4.934975109889e-01  
  4.183051386220e-06  ,4.826856733681e-01  
  4.183151386981e-06  ,4.712092403107e-01  
  4.183251387743e-06  ,4.590854369303e-01  
  4.183351388504e-06  ,4.463287219589e-01  
  4.183451389266e-06  ,4.329662085283e-01  
  4.183551390027e-06  ,4.190076534881e-01  
  4.183651390789e-06  ,4.044826000371e-01  
  4.183751391550e-06  ,3.894079976380e-01  
  4.183851392311e-06  ,3.738112069420e-01  
  4.183951393073e-06  ,3.584034519491e-01  
  4.184051393834e-06  ,3.418142833001e-01  
  4.184151394596e-06  ,3.247744652672e-01  
  4.184251395357e-06  ,3.079027370614e-01  
  4.184351396119e-06  ,2.900154670068e-01  
  4.184451396880e-06  ,2.717529294762e-01  
  4.184551397642e-06  ,2.537894315282e-01  
  4.184651398403e-06  ,2.355367669721e-01  
  4.184751399164e-06  ,2.162805155129e-01  
  4.184851399926e-06  ,1.967523689815e-01  
  4.184951400687e-06  ,1.775204342548e-01  
  4.185051401449e-06  ,1.579498364651e-01  
  4.185151402210e-06  ,1.385753201667e-01  
  4.185251402972e-06  ,1.192174587648e-01  
  4.185351403733e-06  ,9.873166176198e-02  
  4.185451404495e-06  ,7.903613367671e-02  
  4.185551405256e-06  ,5.866184031707e-02  
  4.185651406017e-06  ,3.860131680245e-02  
  4.185751406779e-06  ,1.855992604538e-02  
  4.185851407540e-06  ,-1.462288509093e-03  
  4.185951408302e-06  ,-2.215601122622e-02  
  4.186051409063e-06  ,-4.237863086620e-02  
  4.186151409825e-06  ,-6.283787662159e-02  
  4.186251410586e-06  ,-8.316846823005e-02  
  4.186351411348e-06  ,-1.034031252739e-01  
  4.186451412109e-06  ,-1.237009499814e-01  
  4.186551412871e-06  ,-1.435597252234e-01  
  4.186651413632e-06  ,-1.631477698614e-01  
  4.186751414393e-06  ,-1.829350425586e-01  
  4.186851415155e-06  ,-2.024709575157e-01  
  4.186951415916e-06  ,-2.211636253681e-01  
  4.187051416678e-06  ,-2.395053448117e-01  
  4.187151417439e-06  ,-2.579383882322e-01  
  4.187251418201e-06  ,-2.755399357210e-01  
  4.187351418962e-06  ,-2.935179881240e-01  
  4.187451419724e-06  ,-3.102170532248e-01  
  4.187551420485e-06  ,-3.264435307270e-01  
  4.187651421246e-06  ,-3.430075429121e-01  
  4.187751422008e-06  ,-3.582256249756e-01  
  4.187851422769e-06  ,-3.729096454208e-01  
  4.187951423531e-06  ,-3.870304413700e-01  
  4.188051424292e-06  ,-4.005725168321e-01  
  4.188151425054e-06  ,-4.135191721245e-01  
  4.188251425815e-06  ,-4.258532205115e-01  
  4.188351426577e-06  ,-4.375581140255e-01  
  4.188451427338e-06  ,-4.486181587126e-01  
  4.188551428100e-06  ,-4.590185917811e-01  
  4.188651428861e-06  ,-4.687456264876e-01  
  4.188751429622e-06  ,-4.777864762291e-01  
  4.188851430384e-06  ,-4.861293752945e-01  
  4.188951431145e-06  ,-4.937635926720e-01  
  4.189051431907e-06  ,-5.006794448047e-01  
  4.189151432668e-06  ,-5.068683130218e-01  
  4.189251433430e-06  ,-5.123226508556e-01  
  4.189351434191e-06  ,-5.170359969565e-01  
  4.189451434953e-06  ,-5.210029765363e-01  
  4.189551435714e-06  ,-5.242193113026e-01  
  4.189651436475e-06  ,-5.266818235269e-01  
  4.189751437237e-06  ,-5.283884351012e-01  
  4.189851437998e-06  ,-5.293381708349e-01  
  4.189951438760e-06  ,-5.295311564696e-01  
  4.190051439521e-06  ,-5.289686175887e-01  
  4.190151440283e-06  ,-5.276528741755e-01  
  4.190251441044e-06  ,-5.255873339071e-01  
  4.190351441806e-06  ,-5.227764854867e-01  
  4.190451442567e-06  ,-5.192258900552e-01  
  4.190551443328e-06  ,-5.149421710333e-01  
  4.190651444090e-06  ,-5.099329984188e-01  
  4.190751444851e-06  ,-5.042070785994e-01  
  4.190851445613e-06  ,-4.977741373877e-01  
  4.190951446374e-06  ,-4.906449027423e-01  
  4.191051447136e-06  ,-4.828310896525e-01  
  4.191151447897e-06  ,-4.743453754288e-01  
  4.191251448659e-06  ,-4.652013819243e-01  
  4.191351449420e-06  ,-4.554136506298e-01  
  4.191451450182e-06  ,-4.449976181680e-01  
  4.191551450943e-06  ,-4.339695897721e-01  
  4.191651451704e-06  ,-4.223467137971e-01  
  4.191751452466e-06  ,-4.101469521656e-01  
  4.191851453227e-06  ,-3.973845402817e-01  
  4.191951453989e-06  ,-3.840845534670e-01  
  4.192051454750e-06  ,-3.702697982686e-01  
  4.192151455512e-06  ,-3.568530412030e-01  
  4.192251456273e-06  ,-3.421910145435e-01  
  4.192351457035e-06  ,-3.269926781606e-01  
  4.192451457796e-06  ,-3.113805440952e-01  
  4.192551458557e-06  ,-2.961328097181e-01  
  4.192651459319e-06  ,-2.797033299862e-01  
  4.192751460080e-06  ,-2.629204815421e-01  
  4.192851460842e-06  ,-2.464217563618e-01  
  4.192951461603e-06  ,-2.296483414582e-01  
  4.193051462365e-06  ,-2.119202454112e-01  
  4.193151463126e-06  ,-1.939361983695e-01  
  4.193251463888e-06  ,-1.761614367744e-01  
  4.193351464649e-06  ,-1.582008159633e-01  
  4.193451465411e-06  ,-1.405218078643e-01  
  4.193551466172e-06  ,-1.227190982891e-01  
  4.193651466933e-06  ,-1.039801933115e-01  
  4.193751467695e-06  ,-8.563044717840e-02  
  4.193851468456e-06  ,-6.729830843605e-02  
  4.193951469218e-06  ,-4.898373341023e-02  
  4.194051469979e-06  ,-3.083478654886e-02  
  4.194151470741e-06  ,-1.240591533744e-02  
  4.194251471502e-06  ,6.737500705079e-03  
  4.194351472264e-06  ,2.528483854503e-02  
  4.194451473025e-06  ,4.420479610549e-02  
  4.194551473786e-06  ,6.307973175806e-02  
  4.194651474548e-06  ,8.190316519299e-02  
  4.194751475309e-06  ,1.007090702476e-01  
  4.194851476071e-06  ,1.195939876465e-01  
  4.194951476832e-06  ,1.383969382879e-01  
  4.195051477594e-06  ,1.564612784485e-01  
  4.195151478355e-06  ,1.741864108762e-01  
  4.195251479117e-06  ,1.920438611049e-01  
  4.195351479878e-06  ,2.091849042666e-01  
  4.195451480639e-06  ,2.266326340234e-01  
  4.195551481401e-06  ,2.430501550868e-01  
  4.195651482162e-06  ,2.590917575957e-01  
  4.195751482924e-06  ,2.752323218124e-01  
  4.195851483685e-06  ,2.904857650873e-01  
  4.195951484447e-06  ,3.052590993175e-01  
  4.196051485208e-06  ,3.195740988112e-01  
  4.196151485970e-06  ,3.334018325473e-01  
  4.196251486731e-06  ,3.467296955878e-01  
  4.196351487493e-06  ,3.595435916896e-01  
  4.196451488254e-06  ,3.718175780598e-01  
  4.196551489015e-06  ,3.835361289123e-01  
  4.196651489777e-06  ,3.946871031068e-01  
  4.196751490538e-06  ,4.052564131707e-01  
  4.196851491300e-06  ,4.152348187419e-01  
  4.196951492061e-06  ,4.246048509547e-01  
  4.197051492823e-06  ,4.333512170184e-01  
  4.197151493584e-06  ,4.414658656101e-01  
  4.197251494346e-06  ,4.489389272859e-01  
  4.197351495107e-06  ,4.557612145648e-01  
  4.197451495868e-06  ,4.619243847877e-01  
  4.197551496630e-06  ,4.674210000882e-01  
  4.197651497391e-06  ,4.722445554183e-01  
  4.197751498153e-06  ,4.763894899804e-01  
  4.197851498914e-06  ,4.798511955465e-01  
  4.197951499676e-06  ,4.826260220179e-01  
  4.198051500437e-06  ,4.847112803451e-01  
  4.198151501199e-06  ,4.861052466109e-01  
  4.198251501960e-06  ,4.868071604339e-01  
  4.198351502722e-06  ,4.868172252911e-01  
  4.198451503483e-06  ,4.861366078797e-01  
  4.198551504244e-06  ,4.847674357908e-01  
  4.198651505006e-06  ,4.827127910437e-01  
  4.198751505767e-06  ,4.799767075180e-01  
  4.198851506529e-06  ,4.765641630268e-01  
  4.198951507290e-06  ,4.724810736696e-01  
  4.199051508052e-06  ,4.677342819086e-01  
  4.199151508813e-06  ,4.623315497680e-01  
  4.199251509575e-06  ,4.562815455798e-01  
  4.199351510336e-06  ,4.495938334806e-01  
  4.199451511097e-06  ,4.422771513686e-01  
  4.199551511859e-06  ,4.343479132801e-01  
  4.199651512620e-06  ,4.258107081682e-01  
  4.199751513382e-06  ,4.166862606934e-01  
  4.199851514143e-06  ,4.069804996908e-01  
  4.199951514905e-06  ,3.967158975164e-01  
  4.200051515666e-06  ,3.859035741397e-01  
  4.200151516428e-06  ,3.745611564950e-01  
  4.200251517189e-06  ,3.626994113700e-01  
  4.200351517950e-06  ,3.503440083666e-01  
  4.200451518712e-06  ,3.375096220132e-01  
  4.200551519473e-06  ,3.242195804016e-01  
  4.200651520235e-06  ,3.112804771098e-01  
  4.200751520996e-06  ,2.972404583365e-01  
  4.200851521758e-06  ,2.826829148913e-01  
  4.200951522519e-06  ,2.677521441908e-01  
  4.201051523281e-06  ,2.531130876079e-01  
  4.201151524042e-06  ,2.374830839929e-01  
  4.201251524804e-06  ,2.215449819812e-01  
  4.201351525565e-06  ,2.057311128349e-01  
  4.201451526326e-06  ,1.899290730368e-01  
  4.201551527088e-06  ,1.732570170754e-01  
  4.201651527849e-06  ,1.569501977106e-01  
  4.201751528611e-06  ,1.404011438150e-01  
  4.201851529372e-06  ,1.241814342323e-01  
  4.201951530134e-06  ,1.068622921972e-01  
  4.202051530895e-06  ,9.006535585085e-02  
  4.202151531657e-06  ,7.301529936418e-02  
  4.202251532418e-06  ,5.627599714131e-02  
  4.202351533179e-06  ,3.939952141361e-02  
  4.202451533941e-06  ,2.253447981362e-02  
  4.202551534702e-06  ,4.840864210830e-03  
  4.202651535464e-06  ,-1.242205821889e-02  
  4.202751536225e-06  ,-3.012992332587e-02  
  4.202851536987e-06  ,-4.765197235252e-02  
  4.202951537748e-06  ,-6.524429639702e-02  
  4.203051538510e-06  ,-8.282305254739e-02  
  4.203151539271e-06  ,-1.001795471663e-01  
  4.203251540033e-06  ,-1.175956193546e-01  
  4.203351540794e-06  ,-1.345966652960e-01  
  4.203451541555e-06  ,-1.517755462422e-01  
  4.203551542317e-06  ,-1.682959401488e-01  
  4.203651543078e-06  ,-1.845180024547e-01  
  4.203751543840e-06  ,-2.008357231419e-01  
  4.203851544601e-06  ,-2.164700194708e-01  
  4.203951545363e-06  ,-2.324096619381e-01  
  4.204051546124e-06  ,-2.473208904819e-01  
  4.204151546886e-06  ,-2.618536910017e-01  
  4.204251547647e-06  ,-2.766551900898e-01  
  4.204351548408e-06  ,-2.904655013092e-01  
  4.204451549170e-06  ,-3.037471506387e-01  
  4.204551549931e-06  ,-3.165750192144e-01  
  4.204651550693e-06  ,-3.289292121531e-01  
  4.204751551454e-06  ,-3.407902619916e-01  
  4.204851552216e-06  ,-3.521436516511e-01  
  4.204951552977e-06  ,-3.629753747850e-01  
  4.205051553739e-06  ,-3.732748602939e-01  
  4.205151554500e-06  ,-3.830255167680e-01  
  4.205251555261e-06  ,-3.922104621751e-01  
  4.205351556023e-06  ,-4.008187714317e-01  
  4.205451556784e-06  ,-4.088403818572e-01  
  4.205551557546e-06  ,-4.162650835939e-01  
  4.205651558307e-06  ,-4.230833750874e-01  
  4.205751559069e-06  ,-4.292865921395e-01  
  4.205851559830e-06  ,-4.348669567578e-01  
  4.205951560592e-06  ,-4.398176028450e-01  
  4.206051561353e-06  ,-4.441325884926e-01  
  4.206151562115e-06  ,-4.478069041052e-01  
  4.206251562876e-06  ,-4.508364791354e-01  
  4.206351563637e-06  ,-4.532181847621e-01  
  4.206451564399e-06  ,-4.549498386161e-01  
  4.206551565160e-06  ,-4.560302044896e-01  
  4.206651565922e-06  ,-4.564589930230e-01  
  4.206751566683e-06  ,-4.562368603444e-01  
  4.206851567445e-06  ,-4.553654034421e-01  
  4.206951568206e-06  ,-4.538471581346e-01  
  4.207051568968e-06  ,-4.516855912628e-01  
  4.207151569729e-06  ,-4.488850959599e-01  
  4.207251570490e-06  ,-4.454509807051e-01  
  4.207351571252e-06  ,-4.413894606325e-01  
  4.207451572013e-06  ,-4.367076462722e-01  
  4.207551572775e-06  ,-4.314135292367e-01  
  4.207651573536e-06  ,-4.255159717315e-01  
  4.207751574298e-06  ,-4.190246904442e-01  
  4.207851575059e-06  ,-4.119502397120e-01  
  4.207951575821e-06  ,-4.043039909194e-01  
  4.208051576582e-06  ,-3.960952186887e-01  
  4.208151577344e-06  ,-3.873406979971e-01  
  4.208251578105e-06  ,-3.780547629877e-01  
  4.208351578866e-06  ,-3.682501374345e-01  
  4.208451579628e-06  ,-3.579422776941e-01  
  4.208551580389e-06  ,-3.471469602000e-01  
  4.208651581151e-06  ,-3.358806729932e-01  
  4.208751581912e-06  ,-3.241614886963e-01  
  4.208851582674e-06  ,-3.127929837239e-01  
  4.208951583435e-06  ,-3.003304099675e-01  
  4.209051584197e-06  ,-2.873945296251e-01  
  4.209151584958e-06  ,-2.740725108031e-01  
  4.209251585719e-06  ,-2.603751616894e-01  
  4.209351586481e-06  ,-2.470853060842e-01  
  4.209451587242e-06  ,-2.333038215953e-01  
  4.209551588004e-06  ,-2.187241483193e-01  
  4.209651588765e-06  ,-2.044209789373e-01  
  4.209751589527e-06  ,-1.892871886646e-01  
  4.209851590288e-06  ,-1.745096492685e-01  
  4.209951591050e-06  ,-1.594824752520e-01  
  4.210051591811e-06  ,-1.436470846398e-01  
  4.210151592572e-06  ,-1.282021271011e-01  
  4.210251593334e-06  ,-1.126935688258e-01  
  4.210351594095e-06  ,-9.720001886208e-02  
  4.210451594857e-06  ,-8.171973229815e-02  
  4.210551595618e-06  ,-6.526746379469e-02  
  4.210651596380e-06  ,-4.949022655828e-02  
  4.210751597141e-06  ,-3.314824451182e-02  
  4.210851597903e-06  ,-1.664745693659e-02  
  4.210951598664e-06  ,-2.658765724495e-04  
  4.211051599426e-06  ,1.623873195699e-02  
  4.211151600187e-06  ,3.264336114270e-02  
  4.211251600948e-06  ,4.900762569732e-02  
  4.211351601710e-06  ,6.538717443844e-02  
  4.211451602471e-06  ,8.153465224026e-02  
  4.211551603233e-06  ,9.774354315422e-02  
  4.211651603994e-06  ,1.135672472202e-01  
  4.211751604756e-06  ,1.291828334186e-01  
  4.211851605517e-06  ,1.449974259739e-01  
  4.211951606279e-06  ,1.604802892638e-01  
  4.212051607040e-06  ,1.754268353666e-01  
  4.212151607801e-06  ,1.905274127455e-01  
  4.212251608563e-06  ,2.048082898391e-01  
  4.212351609324e-06  ,2.187763979840e-01  
  4.212451610086e-06  ,2.330292379677e-01  
  4.212551610847e-06  ,2.463948948624e-01  
  4.212651611609e-06  ,2.593145561769e-01  
  4.212751612370e-06  ,2.718167301636e-01  
  4.212851613132e-06  ,2.839016219926e-01  
  4.212951613893e-06  ,2.955585876413e-01  
  4.213051614655e-06  ,3.067746037669e-01  
  4.213151615416e-06  ,3.175367620795e-01  
  4.213251616177e-06  ,3.278274187536e-01  
  4.213351616939e-06  ,3.376293021368e-01  
  4.213451617700e-06  ,3.469300740155e-01  
  4.213551618462e-06  ,3.557236663927e-01  
  4.213651619223e-06  ,3.639994403991e-01  
  4.213751619985e-06  ,3.717395444583e-01  
  4.213851620746e-06  ,3.789342836006e-01  
  4.213951621508e-06  ,3.855800480383e-01  
  4.214051622269e-06  ,3.916702316130e-01  
  4.214151623030e-06  ,3.971901961104e-01  
  4.214251623792e-06  ,4.021330520656e-01  
  4.214351624553e-06  ,4.064956800151e-01  
  4.214451625315e-06  ,4.102733652298e-01  
  4.214551626076e-06  ,4.134619650969e-01  
  4.214651626838e-06  ,4.160580794126e-01  
  4.214751627599e-06  ,4.180605825678e-01  
  4.214851628361e-06  ,4.194674330995e-01  
  4.214951629122e-06  ,4.202739242442e-01  
  4.215051629883e-06  ,4.204822457300e-01  
  4.215151630645e-06  ,4.200933150101e-01  
  4.215251631406e-06  ,4.191087612680e-01  
  4.215351632168e-06  ,4.175310033072e-01  
  4.215451632929e-06  ,4.153632722790e-01  
  4.215551633691e-06  ,4.126096140843e-01  
  4.215651634452e-06  ,4.092748864182e-01  
  4.215751635214e-06  ,4.053647539192e-01  
  4.215851635975e-06  ,4.008856780298e-01  
  4.215951636737e-06  ,3.958449080320e-01  
  4.216051637498e-06  ,3.902491633587e-01  
  4.216151638259e-06  ,3.841118190578e-01  
  4.216251639021e-06  ,3.774385851959e-01  
  4.216351639782e-06  ,3.702403176922e-01  
  4.216451640544e-06  ,3.625238736026e-01  
  4.216551641305e-06  ,3.543079481589e-01  
  4.216651642067e-06  ,3.456015448917e-01  
  4.216751642828e-06  ,3.364189844628e-01  
  4.216851643590e-06  ,3.267720150540e-01  
  4.216951644351e-06  ,3.166762477228e-01  
  4.217051645112e-06  ,3.061434065327e-01  
  4.217151645874e-06  ,2.951944375301e-01  
  4.217251646635e-06  ,2.838465129483e-01  
  4.217351647397e-06  ,2.726430278368e-01  
  4.217451648158e-06  ,2.605857978102e-01  
  4.217551648920e-06  ,2.487525089298e-01  
  4.217651649681e-06  ,2.360219144907e-01  
  4.217751650443e-06  ,2.235271830481e-01  
  4.217851651204e-06  ,2.101846203623e-01  
  4.217951651966e-06  ,1.972130521445e-01  
  4.218051652727e-06  ,1.832737395795e-01  
  4.218151653488e-06  ,1.691014362766e-01  
  4.218251654250e-06  ,1.550242152509e-01  
  4.218351655011e-06  ,1.409605751363e-01  
  4.218451655773e-06  ,1.270614000847e-01  
  4.218551656534e-06  ,1.121347953887e-01  
  4.218651657296e-06  ,9.707732348242e-02  
  4.218751658057e-06  ,8.213254443686e-02  
  4.218851658819e-06  ,6.710127658665e-02  
  4.218951659580e-06  ,5.213468934405e-02  
  4.219051660341e-06  ,3.718235989401e-02  
  4.219151661103e-06  ,2.224426417978e-02  
  4.219251661864e-06  ,7.320379032901e-03  
  4.219351662626e-06  ,-7.510773681183e-03  
  4.219451663387e-06  ,-2.248442991908e-02  
  4.219551664149e-06  ,-3.774433804800e-02  
  4.219651664910e-06  ,-5.289386546563e-02  
  4.219751665672e-06  ,-6.803400653774e-02  
  4.219851666433e-06  ,-8.317034109866e-02  
  4.219951667194e-06  ,-9.804334046836e-02  
  4.220051667956e-06  ,-1.127504343926e-01  
  4.220151668717e-06  ,-1.274932582542e-01  
  4.220251669479e-06  ,-1.422217836461e-01  
  4.220351670240e-06  ,-1.563100321048e-01  
  4.220451671002e-06  ,-1.701567823209e-01  
  4.220551671763e-06  ,-1.840567870748e-01  
  4.220651672525e-06  ,-1.973003679740e-01  
  4.220751673286e-06  ,-2.103920070838e-01  
  4.220851674048e-06  ,-2.236649814624e-01  
  4.220951674809e-06  ,-2.365358883527e-01  
  4.221051675570e-06  ,-2.486594730084e-01  
  4.221151676332e-06  ,-2.603687118000e-01  
  4.221251677093e-06  ,-2.716715434598e-01  
  4.221351677855e-06  ,-2.825654418424e-01  
  4.221451678616e-06  ,-2.930362420653e-01  
  4.221551679378e-06  ,-3.030707092011e-01  
  4.221651680139e-06  ,-3.126553482303e-01  
  4.221751680901e-06  ,-3.217805581455e-01  
  4.221851681662e-06  ,-3.304312732519e-01  
  4.221951682423e-06  ,-3.385926464335e-01  
  4.222051683185e-06  ,-3.462549409644e-01  
  4.222151683946e-06  ,-3.534090357587e-01  
  4.222251684708e-06  ,-3.600457484878e-01  
  4.222351685469e-06  ,-3.661565173239e-01  
  4.222451686231e-06  ,-3.717355762561e-01  
  4.222551686992e-06  ,-3.767743652713e-01  
  4.222651687754e-06  ,-3.812643821368e-01  
  4.222751688515e-06  ,-3.852007725090e-01  
  4.222851689277e-06  ,-3.885797357467e-01  
  4.222951690038e-06  ,-3.913976122407e-01  
  4.223051690799e-06  ,-3.936514597319e-01  
  4.223151691561e-06  ,-3.953391283779e-01  
  4.223251692322e-06  ,-3.964592828947e-01  
  4.223351693084e-06  ,-3.970114121799e-01  
  4.223451693845e-06  ,-3.969958324074e-01  
  4.223551694607e-06  ,-3.964136815252e-01  
  4.223651695368e-06  ,-3.952669201616e-01  
  4.223751696130e-06  ,-3.935583239153e-01  
  4.223851696891e-06  ,-3.912914794007e-01  
  4.223951697652e-06  ,-3.884707761948e-01  
  4.224051698414e-06  ,-3.851013997346e-01  
  4.224151699175e-06  ,-3.811893203122e-01  
  4.224251699937e-06  ,-3.767412835470e-01  
  4.224351700698e-06  ,-3.717647979461e-01  
  4.224451701460e-06  ,-3.662681217643e-01  
  4.224551702221e-06  ,-3.602602516640e-01  
  4.224651702983e-06  ,-3.537509060032e-01  
  4.224751703744e-06  ,-3.467505051322e-01  
  4.224851704505e-06  ,-3.392674821165e-01  
  4.224951705267e-06  ,-3.313169610980e-01  
  4.225051706028e-06  ,-3.229121900402e-01  
  4.225151706790e-06  ,-3.140647091891e-01  
  4.225251707551e-06  ,-3.047883419950e-01  
  4.225351708313e-06  ,-2.950938305543e-01  
  4.225451709074e-06  ,-2.850000658022e-01  
  4.225551709836e-06  ,-2.745244267310e-01  
  4.225651710597e-06  ,-2.643444049199e-01  
  4.225751711359e-06  ,-2.532413260966e-01  
  4.225851712120e-06  ,-2.417398964259e-01  
  4.225951712881e-06  ,-2.304282044422e-01  
  4.226051713643e-06  ,-2.183224412590e-01  
  4.226151714404e-06  ,-2.065732670651e-01  
  4.226251715166e-06  ,-1.939727830041e-01  
  4.226351715927e-06  ,-1.818319406424e-01  
  4.226451716689e-06  ,-1.687067764795e-01  
  4.226551717450e-06  ,-1.553605554778e-01  
  4.226651718212e-06  ,-1.422533252487e-01  
  4.226751718973e-06  ,-1.288758234418e-01  
  4.226851719734e-06  ,-1.156515355791e-01  
  4.226951720496e-06  ,-1.024373283337e-01  
  4.227051721257e-06  ,-8.843822503450e-02  
  4.227151722019e-06  ,-7.465133685969e-02  
  4.227251722780e-06  ,-6.087778597995e-02  
  4.227351723542e-06  ,-4.711753264218e-02  
  4.227451724303e-06  ,-3.337053873958e-02  
  4.227551725065e-06  ,-1.963676191420e-02  
  4.227651725826e-06  ,-5.915153304387e-03  
  4.227751726588e-06  ,8.311963053370e-03  
  4.227851727349e-06  ,2.237845489786e-02  
  4.227951728110e-06  ,3.656488848280e-02  
  4.228051728872e-06  ,5.066809342079e-02  
  4.228151729633e-06  ,6.483330155870e-02  
  4.228251730395e-06  ,7.894403853751e-02  
  4.228351731156e-06  ,9.302818179028e-02  
  4.228451731918e-06  ,1.070963952961e-01  
  4.228551732679e-06  ,1.205878974629e-01  
  4.228651733441e-06  ,1.338828693513e-01  
  4.228751734202e-06  ,1.473515564089e-01  
  4.228851734963e-06  ,1.605396550659e-01  
  4.228951735725e-06  ,1.731160768173e-01  
  4.229051736486e-06  ,1.854250215782e-01  
  4.229151737248e-06  ,1.979766105755e-01  
  4.229251738009e-06  ,2.097679835825e-01  
  4.229351738771e-06  ,2.211504006799e-01  
  4.229451739532e-06  ,2.321950980579e-01  
  4.229551740294e-06  ,2.433338531140e-01  
  4.229651741055e-06  ,2.536564439671e-01  
  4.229751741816e-06  ,2.635959125214e-01  
  4.229851742578e-06  ,2.731396991066e-01  
  4.229951743339e-06  ,2.822745447308e-01  
  4.230051744101e-06  ,2.909869763658e-01  
  4.230151744862e-06  ,2.992707865245e-01  
  4.230251745624e-06  ,3.071116010903e-01  
  4.230351746385e-06  ,3.144974197394e-01  
  4.230451747147e-06  ,3.214236105870e-01  
  4.230551747908e-06  ,3.278785899437e-01  
  4.230651748670e-06  ,3.338519466598e-01  
  4.230751749431e-06  ,3.393406719106e-01  
  4.230851750192e-06  ,3.443360758680e-01  
  4.230951750954e-06  ,3.488294581573e-01  
  4.231051751715e-06  ,3.528175506915e-01  
  4.231151752477e-06  ,3.562958988264e-01  
  4.231251753238e-06  ,3.592623051894e-01  
  4.231351754000e-06  ,3.617126641408e-01  
  4.231451754761e-06  ,3.636423348638e-01  
  4.231551755523e-06  ,3.650519174244e-01  
  4.231651756284e-06  ,3.659377298091e-01  
  4.231751757045e-06  ,3.663023257923e-01  
  4.231851757807e-06  ,3.661430181604e-01  
  4.231951758568e-06  ,3.654662788946e-01  
  4.232051759330e-06  ,3.642700560810e-01  
  4.232151760091e-06  ,3.625560648336e-01  
  4.232251760853e-06  ,3.603265115174e-01  
  4.232351761614e-06  ,3.575875287803e-01  
  4.232451762376e-06  ,3.543434889584e-01  
  4.232551763137e-06  ,3.506036523921e-01  
  4.232651763899e-06  ,3.463705065027e-01  
  4.232751764660e-06  ,3.416508496173e-01  
  4.232851765421e-06  ,3.364491640916e-01  
  4.232951766183e-06  ,3.307794419730e-01  
  4.233051766944e-06  ,3.246451257631e-01  
  4.233151767706e-06  ,3.180611210919e-01  
  4.233251768467e-06  ,3.110318688025e-01  
  4.233351769229e-06  ,3.035737477903e-01  
  4.233451769990e-06  ,2.956921627705e-01  
  4.233551770752e-06  ,2.874048845154e-01  
  4.233651771513e-06  ,2.787182414459e-01  
  4.233751772274e-06  ,2.696530315768e-01  
  4.233851773036e-06  ,2.608778473979e-01  
  4.233951773797e-06  ,2.510824988126e-01  
  4.234051774559e-06  ,2.409490613945e-01  
  4.234151775320e-06  ,2.304881777695e-01  
  4.234251776082e-06  ,2.202798927736e-01  
  4.234351776843e-06  ,2.092055170314e-01  
  4.234451777605e-06  ,1.978550688839e-01  
  4.234551778366e-06  ,1.866110755045e-01  
  4.234651779127e-06  ,1.753755021731e-01  
  4.234751779889e-06  ,1.633421624010e-01  
  4.234851780650e-06  ,1.516436026096e-01  
  4.234951781412e-06  ,1.397102940435e-01  
  4.235051782173e-06  ,1.270961681610e-01  
  4.235151782935e-06  ,1.146967571878e-01  
  4.235251783696e-06  ,1.023093016149e-01  
  4.235351784458e-06  ,8.993230079254e-02  
  4.235451785219e-06  ,7.678808093878e-02  
  4.235551785981e-06  ,6.392882267500e-02  
  4.235651786742e-06  ,5.092508440255e-02  
  4.235751787503e-06  ,3.801158560437e-02  
  4.235851788265e-06  ,2.460179365779e-02  
  4.235951789026e-06  ,1.133168235358e-02  
  4.236051789788e-06  ,-2.147394214507e-03  
  4.236151790549e-06  ,-1.551089061164e-02  
  4.236251791311e-06  ,-2.891139417430e-02  
  4.236351792072e-06  ,-4.229267271353e-02  
  4.236451792834e-06  ,-5.555971036743e-02  
  4.236551793595e-06  ,-6.883846074079e-02  
  4.236651794356e-06  ,-8.189512483072e-02  
  4.236751795118e-06  ,-9.504905764466e-02  
  4.236851795879e-06  ,-1.078087311224e-01  
  4.236951796641e-06  ,-1.203939438229e-01  
  4.237051797402e-06  ,-1.330211769372e-01  
  4.237151798164e-06  ,-1.456351852920e-01  
  4.237251798925e-06  ,-1.576358466377e-01  
  4.237351799687e-06  ,-1.698917148448e-01  
  4.237451800448e-06  ,-1.813544822141e-01  
  4.237551801210e-06  ,-1.925446059650e-01  
  4.237651801971e-06  ,-2.034402190310e-01  
  4.237751802732e-06  ,-2.144189820232e-01  
  4.237851803494e-06  ,-2.247206944333e-01  
  4.237951804255e-06  ,-2.346593284697e-01  
  4.238051805017e-06  ,-2.442514266815e-01  
  4.238151805778e-06  ,-2.534824826372e-01  
  4.238251806540e-06  ,-2.623376826600e-01  
  4.238351807301e-06  ,-2.708088581606e-01  
  4.238451808063e-06  ,-2.788816664631e-01  
  4.238551808824e-06  ,-2.865480811098e-01  
  4.238651809585e-06  ,-2.937709056828e-01  
  4.238751810347e-06  ,-3.005891353526e-01  
  4.238851811108e-06  ,-3.069365621399e-01  
  4.238951811870e-06  ,-3.128398362556e-01  
  4.239051812631e-06  ,-3.182884555142e-01  
  4.239151813393e-06  ,-3.232761243797e-01  
  4.239251814154e-06  ,-3.277974503839e-01  
  4.239351814916e-06  ,-3.318469388176e-01  
  4.239451815677e-06  ,-3.354210368282e-01  
  4.239551816438e-06  ,-3.385136217363e-01  
  4.239651817200e-06  ,-3.411215222891e-01  
  4.239751817961e-06  ,-3.432416909512e-01  
  4.239851818723e-06  ,-3.448718960256e-01  
  4.239951819484e-06  ,-3.460109981660e-01  
  4.240051820246e-06  ,-3.466577129236e-01  
  4.240151821007e-06  ,-3.468133349628e-01  
  4.240251821769e-06  ,-3.464774516030e-01  
  4.240351822530e-06  ,-3.456514731970e-01  
  4.240451823292e-06  ,-3.443375564710e-01  
  4.240551824053e-06  ,-3.425381101947e-01  
  4.240651824814e-06  ,-3.402572475405e-01  
  4.240751825576e-06  ,-3.374982866102e-01  
  4.240851826337e-06  ,-3.342678236297e-01  
  4.240951827099e-06  ,-3.305703024097e-01  
  4.241051827860e-06  ,-3.264126906797e-01  
  4.241151828622e-06  ,-3.218009862095e-01  
  4.241251829383e-06  ,-3.167431431434e-01  
  4.241351830145e-06  ,-3.112453953707e-01  
  4.241451830906e-06  ,-3.053201152780e-01  
  4.241551831667e-06  ,-2.989727213803e-01  
  4.241651832429e-06  ,-2.922161366486e-01  
  4.241751833190e-06  ,-2.850612561643e-01  
  4.241851833952e-06  ,-2.775178115670e-01  
  4.241951834713e-06  ,-2.695949191099e-01  
  4.242051835475e-06  ,-2.613080747770e-01  
  4.242151836236e-06  ,-2.526714009736e-01  
  4.242251836998e-06  ,-2.441614238674e-01  
  4.242351837759e-06  ,-2.348983861388e-01  
  4.242451838521e-06  ,-2.252979879832e-01  
  4.242551839282e-06  ,-2.158403114908e-01  
  4.242651840043e-06  ,-2.057025662493e-01  
  4.242751840805e-06  ,-1.958825729577e-01  
  4.242851841566e-06  ,-1.851857479625e-01  
  4.242951842328e-06  ,-1.742566844160e-01  
  4.243051843089e-06  ,-1.635139522109e-01  
  4.243151843851e-06  ,-1.525908638332e-01  
  4.243251844612e-06  ,-1.410948354969e-01  
  4.243351845374e-06  ,-1.298789955615e-01  
  4.243451846135e-06  ,-1.184727256878e-01  
  4.243551846896e-06  ,-1.064544835840e-01  
  4.243651847658e-06  ,-9.473361466561e-02  
  4.243751848419e-06  ,-8.296368490282e-02  
  4.243851849181e-06  ,-7.120509724402e-02  
  4.243951849942e-06  ,-5.958012215791e-02  
  4.244051850704e-06  ,-4.772075305907e-02  
  4.244151851465e-06  ,-3.530402267638e-02  
  4.244251852227e-06  ,-2.312109347742e-02  
  4.244351852988e-06  ,-1.064987048367e-02  
  4.244451853749e-06  ,1.709509217489e-03  
  4.244551854511e-06  ,1.418550861946e-02  
  4.244651855272e-06  ,2.657071327940e-02  
  4.244751856034e-06  ,3.893097573303e-02  
  4.244851856795e-06  ,5.126361312029e-02  
  4.244951857557e-06  ,6.343962724562e-02  
  4.245051858318e-06  ,7.564121142015e-02  
  4.245151859080e-06  ,8.754401932721e-02  
  4.245251859841e-06  ,9.952597966379e-02  
  4.245351860603e-06  ,1.111067670360e-01  
  4.245451861364e-06  ,1.228570763856e-01  
  4.245551862125e-06  ,1.340856965931e-01  
  4.245651862887e-06  ,1.455853007099e-01  
  4.245751863648e-06  ,1.563156505317e-01  
  4.245851864410e-06  ,1.668064184593e-01  
  4.245951865171e-06  ,1.773515692626e-01  
  4.246051865933e-06  ,1.873266373368e-01  
  4.246151866694e-06  ,1.974299378741e-01  
  4.246251867456e-06  ,2.067902373455e-01  
  4.246351868217e-06  ,2.158391886444e-01  
  4.246451868978e-06  ,2.245573349406e-01  
  4.246551869740e-06  ,2.329352034270e-01  
  4.246651870501e-06  ,2.409663803731e-01  
  4.246751871263e-06  ,2.486398574172e-01  
  4.246851872024e-06  ,2.559431663623e-01  
  4.246951872786e-06  ,2.628641478766e-01  
  4.247051873547e-06  ,2.693941901908e-01  
  4.247151874309e-06  ,2.755290381520e-01  
  4.247251875070e-06  ,2.812612677348e-01  
  4.247351875832e-06  ,2.865786789397e-01  
  4.247451876593e-06  ,2.914747242816e-01  
  4.247551877354e-06  ,2.959451720822e-01  
  4.247651878116e-06  ,2.999866094929e-01  
  4.247751878877e-06  ,3.035950537963e-01  
  4.247851879639e-06  ,3.067615746729e-01  
  4.247951880400e-06  ,3.094823518771e-01  
  4.248051881162e-06  ,3.117562334632e-01  
  4.248151881923e-06  ,3.135821467412e-01  
  4.248251882685e-06  ,3.149600346578e-01  
  4.248351883446e-06  ,3.158845452326e-01  
  4.248451884207e-06  ,3.163549030561e-01  
  4.248551884969e-06  ,3.163757494009e-01  
  4.248651885730e-06  ,3.159439668950e-01  
  4.248751886492e-06  ,3.150600832740e-01  
  4.248851887253e-06  ,3.137308417360e-01  
  4.248951888015e-06  ,3.119559817478e-01  
  4.249051888776e-06  ,3.097383996326e-01  
  4.249151889538e-06  ,3.070802670595e-01  
  4.249251890299e-06  ,3.039909646295e-01  
  4.249351891060e-06  ,3.004727661925e-01  
  4.249451891822e-06  ,2.965303428357e-01  
  4.249551892583e-06  ,2.921701202419e-01  
  4.249651893345e-06  ,2.874022453888e-01  
  4.249751894106e-06  ,2.822312679543e-01  
  4.249851894868e-06  ,2.766661481645e-01  
  4.249951895629e-06  ,2.707136766784e-01  
  4.250051896391e-06  ,2.643864941179e-01  
  4.250151897152e-06  ,2.576928412090e-01  
  4.250251897914e-06  ,2.506392189624e-01  
  4.250351898675e-06  ,2.432415887024e-01  
  4.250451899436e-06  ,2.355095418571e-01  
  4.250551900198e-06  ,2.280331882464e-01  
  4.250651900959e-06  ,2.196619564447e-01  
  4.250751901721e-06  ,2.109936741725e-01  
  4.250851902482e-06  ,2.020380445129e-01  
  4.250951903244e-06  ,1.933041921073e-01  
  4.251051904005e-06  ,1.838090909226e-01  
  4.251151904767e-06  ,1.740701492182e-01  
  4.251251905528e-06  ,1.644252659376e-01  
  4.251351906289e-06  ,1.547875964073e-01  
  4.251451907051e-06  ,1.444448719843e-01  
  4.251551907812e-06  ,1.343980652870e-01  
  4.251651908574e-06  ,1.241431593792e-01  
  4.251751909335e-06  ,1.132176484391e-01  
  4.251851910097e-06  ,1.021490218655e-01  
  4.251951910858e-06  ,9.114446200276e-02  
  4.252051911620e-06  ,8.014879437767e-02  
  4.252151912381e-06  ,6.916367539524e-02  
  4.252251913143e-06  ,5.818910369074e-02  
  4.252351913904e-06  ,4.733497077059e-02  
  4.252451914665e-06  ,3.627085165596e-02  
  4.252551915427e-06  ,2.470531408272e-02  
  4.252651916188e-06  ,1.330586360566e-02  
  4.252751916950e-06  ,1.679034822379e-03  
  4.252851917711e-06  ,-9.867251158393e-03  
  4.252951918473e-06  ,-2.147802127555e-02  
  4.253051919234e-06  ,-3.302418536687e-02  
  4.253151919996e-06  ,-4.451676368930e-02  
  4.253251920757e-06  ,-5.601244489814e-02  
  4.253351921518e-06  ,-6.733432921764e-02  
  4.253451922280e-06  ,-7.873311306486e-02  
  4.253551923041e-06  ,-8.981065042976e-02  
  4.253651923803e-06  ,-1.010205515653e-01  
  4.253751924564e-06  ,-1.117917299602e-01  
  4.253851925326e-06  ,-1.226875438589e-01  
  4.253951926087e-06  ,-1.330932529105e-01  
  4.254051926849e-06  ,-1.432962469144e-01  
  4.254151927610e-06  ,-1.535470710909e-01  
  4.254251928371e-06  ,-1.633163299664e-01  
  4.254351929133e-06  ,-1.731937116675e-01  
  4.254451929894e-06  ,-1.824659019073e-01  
  4.254551930656e-06  ,-1.914346509507e-01  
  4.254651931417e-06  ,-2.001185952187e-01  
  4.254751932179e-06  ,-2.085045659406e-01  
  4.254851932940e-06  ,-2.165790022768e-01  
  4.254951933702e-06  ,-2.243343826373e-01  
  4.255051934463e-06  ,-2.317594454069e-01  
  4.255151935225e-06  ,-2.388412629616e-01  
  4.255251935986e-06  ,-2.455712035382e-01  
  4.255351936747e-06  ,-2.519410573061e-01  
  4.255451937509e-06  ,-2.579446581072e-01  
  4.255551938270e-06  ,-2.635724533123e-01  
  4.255651939032e-06  ,-2.688146426064e-01  
  4.255751939793e-06  ,-2.736650486996e-01  
  4.255851940555e-06  ,-2.781181728727e-01  
  4.255951941316e-06  ,-2.821699536623e-01  
  4.256051942078e-06  ,-2.858131498141e-01  
  4.256151942839e-06  ,-2.890441415224e-01  
  4.256251943600e-06  ,-2.918583062159e-01  
  4.256351944362e-06  ,-2.942528337208e-01  
  4.256451945123e-06  ,-2.962247447326e-01  
  4.256551945885e-06  ,-2.977715829210e-01  
  4.256651946646e-06  ,-2.988924608048e-01  
  4.256751947408e-06  ,-2.995869084372e-01  
  4.256851948169e-06  ,-2.998545898439e-01  
  4.256951948931e-06  ,-2.996952493929e-01  
  4.257051949692e-06  ,-2.991103848279e-01  
  4.257151950454e-06  ,-2.981013567039e-01  
  4.257251951215e-06  ,-2.966713236727e-01  
  4.257351951976e-06  ,-2.948222818570e-01  
  4.257451952738e-06  ,-2.925580572066e-01  
  4.257551953499e-06  ,-2.898821977832e-01  
  4.257651954261e-06  ,-2.867997562238e-01  
  4.257751955022e-06  ,-2.833147601892e-01  
  4.257851955784e-06  ,-2.794353754492e-01  
  4.257951956545e-06  ,-2.751666142049e-01  
  4.258051957307e-06  ,-2.705156262355e-01  
  4.258151958068e-06  ,-2.654880639645e-01  
  4.258251958829e-06  ,-2.600942123384e-01  
  4.258351959591e-06  ,-2.543417157910e-01  
  4.258451960352e-06  ,-2.482408635586e-01  
  4.258551961114e-06  ,-2.417978507954e-01  
  4.258651961875e-06  ,-2.350254230323e-01  
  4.258751962637e-06  ,-2.279331666760e-01  
  4.258851963398e-06  ,-2.205340916131e-01  
  4.258951964160e-06  ,-2.132460773438e-01  
  4.259051964921e-06  ,-2.052603648166e-01  
  4.259151965682e-06  ,-1.970012162667e-01  
  4.259251966444e-06  ,-1.884802295422e-01  
  4.259351967205e-06  ,-1.802328798101e-01  
  4.259451967967e-06  ,-1.716463458110e-01  
  4.259551968728e-06  ,-1.624753660654e-01  
  4.259651969490e-06  ,-1.536211574963e-01  
  4.259751970251e-06  ,-1.439833590665e-01  
  4.259851971013e-06  ,-1.341727938148e-01  
  4.259951971774e-06  ,-1.245130531483e-01  
  4.260051972536e-06  ,-1.144687170078e-01  
  4.260151973297e-06  ,-1.046432910510e-01  
  4.260251974058e-06  ,-9.467876256201e-02  
  4.260351974820e-06  ,-8.490439425424e-02  
  4.260451975581e-06  ,-7.504312676979e-02  
  4.260551976343e-06  ,-6.451268812938e-02  
  4.260651977104e-06  ,-5.391921520783e-02  
  4.260751977866e-06  ,-4.336073771284e-02  
  4.260851978627e-06  ,-3.281234463638e-02  
  4.260951979389e-06  ,-2.230450701160e-02  
  4.261051980150e-06  ,-1.174561667294e-02  
  4.261151980911e-06  ,-1.254226097626e-03  
  4.261251981673e-06  ,9.281321288327e-03  
  4.261351982434e-06  ,1.977996449910e-02  
  4.261451983196e-06  ,3.026739133710e-02  
  4.261551983957e-06  ,4.078161987147e-02  
  4.261651984719e-06  ,5.126909810742e-02  
  4.261751985480e-06  ,6.159797220742e-02  
  4.261851986242e-06  ,7.181592741376e-02  
  4.261951987003e-06  ,8.210836382077e-02  
  4.262051987765e-06  ,9.228651552959e-02  
  4.262151988526e-06  ,1.021062085127e-01  
  4.262251989287e-06  ,1.120132630962e-01  
  4.262351990049e-06  ,1.214572129662e-01  
  4.262451990810e-06  ,1.307101375708e-01  
  4.262551991572e-06  ,1.401376746401e-01  
  4.262651992333e-06  ,1.492964099131e-01  
  4.262751993095e-06  ,1.578836123322e-01  
  4.262851993856e-06  ,1.662290369669e-01  
  4.262951994618e-06  ,1.743155394128e-01  
  4.263051995379e-06  ,1.821342980910e-01  
  4.263151996140e-06  ,1.901434074808e-01  
  4.263251996902e-06  ,1.973966141780e-01  
  4.263351997663e-06  ,2.043570367374e-01  
  4.263451998425e-06  ,2.110045142124e-01  
  4.263551999186e-06  ,2.173337349881e-01  
  4.263651999948e-06  ,2.233384570239e-01  
  4.263752000709e-06  ,2.290135858597e-01  
  4.263852001471e-06  ,2.343493148092e-01  
  4.263952002232e-06  ,2.393390017684e-01  
  4.264052002993e-06  ,2.439762859633e-01  
  4.264152003755e-06  ,2.482551149234e-01  
  4.264252004516e-06  ,2.521705809072e-01  
  4.264352005278e-06  ,2.557172580258e-01  
  4.264452006039e-06  ,2.588916887702e-01  
  4.264552006801e-06  ,2.616891045364e-01  
  4.264652007562e-06  ,2.641075094458e-01  
  4.264752008324e-06  ,2.661428173731e-01  
  4.264852009085e-06  ,2.677944904705e-01  
  4.264952009847e-06  ,2.690591486074e-01  
  4.265052010608e-06  ,2.699377091682e-01  
  4.265152011369e-06  ,2.704275157187e-01  
  4.265252012131e-06  ,2.705326496138e-01  
  4.265352012892e-06  ,2.702506097327e-01  
  4.265452013654e-06  ,2.695816474833e-01  
  4.265552014415e-06  ,2.685266261180e-01  
  4.265652015177e-06  ,2.670894331028e-01  
  4.265752015938e-06  ,2.652727752805e-01  
  4.265852016700e-06  ,2.630816531939e-01  
  4.265952017461e-06  ,2.605164228566e-01  
  4.266052018222e-06  ,2.575848983359e-01  
  4.266152018984e-06  ,2.542881897558e-01  
  4.266252019745e-06  ,2.506359851515e-01  
  4.266352020507e-06  ,2.466313458672e-01  
  4.266452021268e-06  ,2.422807456327e-01  
  4.266552022030e-06  ,2.375897224241e-01  
  4.266652022791e-06  ,2.325666947415e-01  
  4.266752023553e-06  ,2.272178834301e-01  
  4.266852024314e-06  ,2.215549955061e-01  
  4.266952025076e-06  ,2.155820604054e-01  
  4.267052025837e-06  ,2.093122421203e-01  
  4.267152026598e-06  ,2.027527648161e-01  
  4.267252027360e-06  ,1.959134383068e-01  
  4.267352028121e-06  ,1.888067385815e-01  
  4.267452028883e-06  ,1.819052460528e-01  
  4.267552029644e-06  ,1.743558417142e-01  
  4.267652030406e-06  ,1.665001712146e-01  
  4.267752031167e-06  ,1.584214089361e-01  
  4.267852031929e-06  ,1.504256935353e-01  
  4.267952032690e-06  ,1.419552569845e-01  
  4.268052033451e-06  ,1.336112355919e-01  
  4.268152034213e-06  ,1.247454197749e-01  
  4.268252034974e-06  ,1.162563150356e-01  
  4.268352035736e-06  ,1.073829741546e-01  
  4.268452036497e-06  ,9.810956350755e-02  
  4.268552037259e-06  ,8.899110417798e-02  
  4.268652038020e-06  ,7.988142455524e-02  
  4.268752038782e-06  ,7.077915994892e-02  
  4.268852039543e-06  ,6.102705686935e-02  
  4.268952040304e-06  ,5.155445259260e-02  
  4.269052041066e-06  ,4.203019785487e-02  
  4.269152041827e-06  ,3.251502895542e-02  
  4.269252042589e-06  ,2.309051097541e-02  
  4.269352043350e-06  ,1.359542577778e-02  
  4.269452044112e-06  ,4.106917414108e-03  
  4.269552044873e-06  ,-5.788682762478e-03  
  4.269652045635e-06  ,-1.550811647103e-02  
  4.269752046396e-06  ,-2.540151801868e-02  
  4.269852047158e-06  ,-3.523896666898e-02  
  4.269952047919e-06  ,-4.503997277675e-02  
  4.270052048680e-06  ,-5.483732489257e-02  
  4.270152049442e-06  ,-6.447907050650e-02  
  4.270252050203e-06  ,-7.419109981582e-02  
  4.270352050965e-06  ,-8.360620370412e-02  
  4.270452051726e-06  ,-9.289181301966e-02  
  4.270552052488e-06  ,-1.022027724064e-01  
  4.270652053249e-06  ,-1.115069929911e-01  
  4.270752054011e-06  ,-1.203450176595e-01  
  4.270852054772e-06  ,-1.292868090766e-01  
  4.270952055533e-06  ,-1.377447352108e-01  
  4.271052056295e-06  ,-1.463112729732e-01  
  4.271152057056e-06  ,-1.543166520320e-01  
  4.271252057818e-06  ,-1.620938164455e-01  
  4.271352058579e-06  ,-1.696294525222e-01  
  4.271452059341e-06  ,-1.769132858356e-01  
  4.271552060102e-06  ,-1.842702446644e-01  
  4.271652060864e-06  ,-1.910492470120e-01  
  4.271752061625e-06  ,-1.975297893479e-01  
  4.271852062387e-06  ,-2.037159300705e-01  
  4.271952063148e-06  ,-2.096048864632e-01  
  4.272052063909e-06  ,-2.151887845796e-01  
  4.272152064671e-06  ,-2.204600604522e-01  
  4.272252065432e-06  ,-2.254145887145e-01  
  4.272352066194e-06  ,-2.300436471253e-01  
  4.272452066955e-06  ,-2.343409225550e-01  
  4.272552067717e-06  ,-2.383033433439e-01  
  4.272652068478e-06  ,-2.419242151340e-01  
  4.272752069240e-06  ,-2.451985168080e-01  
  4.272852070001e-06  ,-2.481231528049e-01  
  4.272952070762e-06  ,-2.506947952248e-01  
  4.273052071524e-06  ,-2.529114835043e-01  
  4.273152072285e-06  ,-2.547709586140e-01  
  4.273252073047e-06  ,-2.562699730892e-01  
  4.273352073808e-06  ,-2.574071340649e-01  
  4.273452074570e-06  ,-2.581815527084e-01  
  4.273552075331e-06  ,-2.585923628713e-01  
  4.273652076093e-06  ,-2.586394976712e-01  
  4.273752076854e-06  ,-2.583244375030e-01  
  4.273852077615e-06  ,-2.576483387748e-01  
  4.273952078377e-06  ,-2.566141049211e-01  
  4.274052079138e-06  ,-2.552225266601e-01  
  4.274152079900e-06  ,-2.534752007892e-01  
  4.274252080661e-06  ,-2.513776045242e-01  
  4.274352081423e-06  ,-2.489319319467e-01  
  4.274452082184e-06  ,-2.461428788983e-01  
  4.274552082946e-06  ,-2.430141117940e-01  
  4.274652083707e-06  ,-2.395527003061e-01  
  4.274752084469e-06  ,-2.357634548629e-01  
  4.274852085230e-06  ,-2.316515393534e-01  
  4.274952085991e-06  ,-2.272239234953e-01  
  4.275052086753e-06  ,-2.224874951295e-01  
  4.275152087514e-06  ,-2.174495488525e-01  
  4.275252088276e-06  ,-2.121160285273e-01  
  4.275352089037e-06  ,-2.064984623374e-01  
  4.275452089799e-06  ,-2.006042614962e-01  
  4.275552090560e-06  ,-1.948087065599e-01  
  4.275652091322e-06  ,-1.884168667851e-01  
  4.275752092083e-06  ,-1.817550970662e-01  
  4.275852092844e-06  ,-1.752046064773e-01  
  4.275952093606e-06  ,-1.680935106720e-01  
  4.276052094367e-06  ,-1.611292176341e-01  
  4.276152095129e-06  ,-1.535543913642e-01  
  4.276252095890e-06  ,-1.457830073782e-01  
  4.276352096652e-06  ,-1.380879027161e-01  
  4.276452097413e-06  ,-1.303983143604e-01  
  4.276552098175e-06  ,-1.220969107916e-01  
  4.276652098936e-06  ,-1.136444267958e-01  
  4.276752099697e-06  ,-1.053534676384e-01  
  4.276852100459e-06  ,-9.687128127692e-02  
  4.276952101220e-06  ,-8.849527101375e-02  
  4.277052101982e-06  ,-7.960129823012e-02  
  4.277152102743e-06  ,-7.091024940527e-02  
  4.277252103505e-06  ,-6.210049231613e-02  
  4.277352104266e-06  ,-5.336266021305e-02  
  4.277452105028e-06  ,-4.463319354818e-02  
  4.277552105789e-06  ,-3.591124961960e-02  
  4.277652106551e-06  ,-2.666892841685e-02  
  4.277752107312e-06  ,-1.756706629327e-02  
  4.277852108073e-06  ,-8.473759252319e-03  
  4.277952108835e-06  ,8.127432314385e-04  
  4.278052109596e-06  ,1.003472193563e-02  
  4.278152110358e-06  ,1.929120163064e-02  
  4.278252111119e-06  ,2.850309398423e-02  
  4.278352111881e-06  ,3.764682354412e-02  
  4.278452112642e-06  ,4.679876929222e-02  
  4.278552113404e-06  ,5.578743502293e-02  
  4.278652114165e-06  ,6.480484099326e-02  
  4.278752114926e-06  ,7.358712286327e-02  
  4.278852115688e-06  ,8.241601102048e-02  
  4.278952116449e-06  ,9.094261232093e-02  
  4.279052117211e-06  ,9.960022424663e-02  
  4.279152117972e-06  ,1.078052712866e-01  
  4.279252118734e-06  ,1.158395146288e-01  
  4.279352119495e-06  ,1.239184357878e-01  
  4.279452120257e-06  ,1.315948022623e-01  
  4.279552121018e-06  ,1.393599974697e-01  
  4.279652121780e-06  ,1.466264425128e-01  
  4.279752122541e-06  ,1.536516493513e-01  
  4.279852123302e-06  ,1.607564964838e-01  
  4.279952124064e-06  ,1.673236454178e-01  
  4.280052124825e-06  ,1.736204560712e-01  
  4.280152125587e-06  ,1.796505120928e-01  
  4.280252126348e-06  ,1.854119905957e-01  
  4.280352127110e-06  ,1.908964792458e-01  
  4.280452127871e-06  ,1.960979958609e-01  
  4.280552128633e-06  ,2.010098869817e-01  
  4.280652129394e-06  ,2.056277423677e-01  
  4.280752130155e-06  ,2.099454687958e-01  
  4.280852130917e-06  ,2.139539308848e-01  
  4.280952131678e-06  ,2.176493880882e-01  
  4.281052132440e-06  ,2.210276151594e-01  
  4.281152133201e-06  ,2.240842435299e-01  
  4.281252133963e-06  ,2.268159215813e-01  
  4.281352134724e-06  ,2.292179340071e-01  
  4.281452135486e-06  ,2.312887018231e-01  
  4.281552136247e-06  ,2.330260402082e-01  
  4.281652137008e-06  ,2.344281527221e-01  
  4.281752137770e-06  ,2.354936888943e-01  
  4.281852138531e-06  ,2.362217621228e-01  
  4.281952139293e-06  ,2.366119571445e-01  
  4.282052140054e-06  ,2.366643323680e-01  
  4.282152140816e-06  ,2.363794184855e-01  
  4.282252141577e-06  ,2.357582172680e-01  
  4.282352142339e-06  ,2.348022002310e-01  
  4.282452143100e-06  ,2.335133066199e-01  
  4.282552143862e-06  ,2.318939373876e-01  
  4.282652144623e-06  ,2.299469540096e-01  
  4.282752145384e-06  ,2.276751951951e-01  
  4.282852146146e-06  ,2.250846038716e-01  
  4.282952146907e-06  ,2.221774299827e-01  
  4.283052147669e-06  ,2.189575095553e-01  
  4.283152148430e-06  ,2.154308733996e-01  
  4.283252149192e-06  ,2.116020150180e-01  
  4.283352149953e-06  ,2.074794901266e-01  
  4.283452150715e-06  ,2.030674717678e-01  
  4.283552151476e-06  ,1.983733212078e-01  
  4.283652152237e-06  ,1.934026287516e-01  
  4.283752152999e-06  ,1.881660684228e-01  
  4.283852153760e-06  ,1.826677487371e-01  
  4.283952154522e-06  ,1.769190620207e-01  
  4.284052155283e-06  ,1.709271057433e-01  
  4.284152156045e-06  ,1.647027676317e-01  
  4.284252156806e-06  ,1.585622063207e-01  
  4.284352157568e-06  ,1.519232086518e-01  
  4.284452158329e-06  ,1.455148647742e-01  
  4.284552159091e-06  ,1.385124552694e-01  
  4.284652159852e-06  ,1.312554768249e-01  
  4.284752160613e-06  ,1.238246164845e-01  
  4.284852161375e-06  ,1.164620573431e-01  
  4.284952162136e-06  ,1.091046942076e-01  
  4.285052162898e-06  ,1.012500756385e-01  
  4.285152163659e-06  ,9.352848461326e-02  
  4.285252164421e-06  ,8.581328147491e-02  
  4.285352165182e-06  ,7.755616790652e-02  
  4.285452165944e-06  ,6.952286056927e-02  
  4.285552166705e-06  ,6.145208468229e-02  
  4.285652167466e-06  ,5.338907309025e-02  
  4.285752168228e-06  ,4.533298815843e-02  
  4.285852168989e-06  ,3.670239412098e-02  
  4.285952169751e-06  ,2.847007996436e-02  
  4.286052170512e-06  ,1.989979798837e-02  
  4.286152171274e-06  ,1.121845583529e-02  
  4.286252172035e-06  ,2.628477461994e-03  
  4.286352172797e-06  ,-6.057758553781e-03  
  4.286452173558e-06  ,-1.469920566365e-02  
  4.286552174319e-06  ,-2.334168071644e-02  
  4.286652175081e-06  ,-3.198695533309e-02  
  4.286752175842e-06  ,-4.053292648378e-02  
  4.286852176604e-06  ,-4.900722174552e-02  
  4.286952177365e-06  ,-5.752747333870e-02  
  4.287052178127e-06  ,-6.597404705627e-02  
  4.287152178888e-06  ,-7.451260070810e-02  
  4.287252179650e-06  ,-8.263682514628e-02  
  4.287352180411e-06  ,-9.096423109480e-02  
  4.287452181173e-06  ,-9.877116994221e-02  
  4.287552181934e-06  ,-1.064293872780e-01  
  4.287652182695e-06  ,-1.141210782481e-01  
  4.287752183457e-06  ,-1.214567885628e-01  
  4.287852184218e-06  ,-1.288721796585e-01  
  4.287952184980e-06  ,-1.358173528477e-01  
  4.288052185741e-06  ,-1.425610179960e-01  
  4.288152186503e-06  ,-1.490912038512e-01  
  4.288252187264e-06  ,-1.556833084914e-01  
  4.288352188026e-06  ,-1.617640192077e-01  
  4.288452188787e-06  ,-1.676079128639e-01  
  4.288552189548e-06  ,-1.732038940337e-01  
  4.288652190310e-06  ,-1.785460947720e-01  
  4.288752191071e-06  ,-1.836280087938e-01  
  4.288852191833e-06  ,-1.884430524874e-01  
  4.288952192594e-06  ,-1.929866256304e-01  
  4.289052193356e-06  ,-1.972502953773e-01  
  4.289152194117e-06  ,-2.012284433554e-01  
  4.289252194879e-06  ,-2.049165735292e-01  
  4.289352195640e-06  ,-2.083113440020e-01  
  4.289452196402e-06  ,-2.114067046343e-01  
  4.289552197163e-06  ,-2.141985206500e-01  
  4.289652197924e-06  ,-2.166848878134e-01  
  4.289752198686e-06  ,-2.188626909024e-01  
  4.289852199447e-06  ,-2.207277846481e-01  
  4.289952200209e-06  ,-2.222781959100e-01  
  4.290052200970e-06  ,-2.235129139770e-01  
  4.290152201732e-06  ,-2.244312409160e-01  
  4.290252202493e-06  ,-2.250327527138e-01  
  4.290352203255e-06  ,-2.253159517459e-01  
  4.290452204016e-06  ,-2.252808334616e-01  
  4.290552204777e-06  ,-2.249290731054e-01  
  4.290652205539e-06  ,-2.242609387804e-01  
  4.290752206300e-06  ,-2.232781265599e-01  
  4.290852207062e-06  ,-2.219836054388e-01  
  4.290952207823e-06  ,-2.203789184186e-01  
  4.291052208585e-06  ,-2.184669485608e-01  
  4.291152209346e-06  ,-2.162509995296e-01  
  4.291252210108e-06  ,-2.137348102750e-01  
  4.291352210869e-06  ,-2.109229892427e-01  
  4.291452211630e-06  ,-2.078184692784e-01  
  4.291552212392e-06  ,-2.044287030167e-01  
  4.291652213153e-06  ,-2.007566588535e-01  
  4.291752213915e-06  ,-1.968106755579e-01  
  4.291852214676e-06  ,-1.925942545460e-01  
  4.291952215438e-06  ,-1.881167288081e-01  
  4.292052216199e-06  ,-1.833821130386e-01  
  4.292152216961e-06  ,-1.784012241686e-01  
  4.292252217722e-06  ,-1.736091147320e-01  
  4.292352218484e-06  ,-1.681531232514e-01  
  4.292452219245e-06  ,-1.624782289670e-01  
  4.292552220006e-06  ,-1.565844186168e-01  
  4.292652220768e-06  ,-1.507706744110e-01  
  4.292752221529e-06  ,-1.444953625217e-01  
  4.292852222291e-06  ,-1.384340880738e-01  
  4.292952223052e-06  ,-1.317630263767e-01  
  4.293052223814e-06  ,-1.249235616657e-01  
  4.293152224575e-06  ,-1.181499102577e-01  
  4.293252225337e-06  ,-1.113813918792e-01  
  4.293352226098e-06  ,-1.041284099954e-01  
  4.293452226859e-06  ,-9.707881912664e-02  
  4.293552227621e-06  ,-8.988719607638e-02  
  4.293652228382e-06  ,-8.223766832530e-02  
  4.293752229144e-06  ,-7.496325448687e-02  
  4.293852229905e-06  ,-6.733950073590e-02  
  4.293952230667e-06  ,-5.987842272939e-02  
  4.294052231428e-06  ,-5.195068101968e-02  
  4.294152232190e-06  ,-4.414854724556e-02  
  4.294252232951e-06  ,-3.635385823319e-02  
  4.294352233713e-06  ,-2.856626331811e-02  
  4.294452234474e-06  ,-2.047527032225e-02  
  4.294552235235e-06  ,-1.249204052934e-02  
  4.294652235997e-06  ,-4.380785035746e-03  
  4.294752236758e-06  ,3.677437051279e-03  
  4.294852237520e-06  ,1.177484748997e-02  
  4.294952238281e-06  ,1.983531703128e-02  
  4.295052239043e-06  ,2.784701206360e-02  
  4.295152239804e-06  ,3.586318630300e-02  
  4.295252240566e-06  ,4.374959473058e-02  
  4.295352241327e-06  ,5.171889600385e-02  
  4.295452242088e-06  ,5.945744753869e-02  
  4.295552242850e-06  ,6.707567052131e-02  
  4.295652243611e-06  ,7.473548863914e-02  
  4.295752244373e-06  ,8.238688898866e-02  
  4.295852245134e-06  ,8.962799688000e-02  
  4.295952245896e-06  ,9.672750972418e-02  
  4.296052246657e-06  ,1.038589315801e-01  
  4.296152247419e-06  ,1.106533733641e-01  
  4.296252248180e-06  ,1.175228674886e-01  
  4.296352248941e-06  ,1.239482802808e-01  
  4.296452249703e-06  ,1.301843599586e-01  
  4.296552250464e-06  ,1.362195608181e-01  
  4.296652251226e-06  ,1.423125576513e-01  
  4.296752251987e-06  ,1.479250828760e-01  
  4.296852252749e-06  ,1.533160783575e-01  
  4.296952253510e-06  ,1.584744058251e-01  
  4.297052254272e-06  ,1.633943509700e-01  
  4.297152255033e-06  ,1.680721627419e-01  
  4.297252255795e-06  ,1.724996580459e-01  
  4.297352256556e-06  ,1.766719501600e-01  
  4.297452257317e-06  ,1.805845352805e-01  
  4.297552258079e-06  ,1.842296237689e-01  
  4.297652258840e-06  ,1.876027988201e-01  
  4.297752259602e-06  ,1.907008342970e-01  
  4.297852260363e-06  ,1.935200259996e-01  
  4.297952261125e-06  ,1.960580764511e-01  
  4.298052261886e-06  ,1.983121700000e-01  
  4.298152262648e-06  ,2.002781364173e-01  
  4.298252263409e-06  ,2.019528146089e-01  
  4.298352264170e-06  ,2.033342831653e-01  
  4.298452264932e-06  ,2.044221307756e-01  
  4.298552265693e-06  ,2.052159767244e-01  
  4.298652266455e-06  ,2.057161622702e-01  
  4.298752267216e-06  ,2.059203846036e-01  
  4.298852267978e-06  ,2.058286011768e-01  
  4.298952268739e-06  ,2.054423922887e-01  
  4.299052269501e-06  ,2.047629028554e-01  
  4.299152270262e-06  ,2.037929919300e-01  
  4.299252271024e-06  ,2.025328321879e-01  
  4.299352271785e-06  ,2.009842340222e-01  
  4.299452272546e-06  ,1.991502098785e-01  
  4.299552273308e-06  ,1.970356526334e-01  
  4.299652274069e-06  ,1.946425999263e-01  
  4.299752274831e-06  ,1.919751297678e-01  
  4.299852275592e-06  ,1.890368067059e-01  
  4.299952276354e-06  ,1.858329092391e-01  
  4.300000000000e-06  ,1.842266261737e-01  
