  Time                 , V(CGE1:2,CCE1:1)     
  0.000000000000e+00  ,0.000000000000e+00  
  1.000000000000e-12  ,-3.507907159195e-10  
  1.083900886239e-12  ,-3.826927386097e-10  
  1.125851329358e-12  ,-3.661108204794e-10  
  1.461454874312e-12  ,-5.144903669763e-10  
  2.132661964220e-12  ,-1.006858787317e-09  
  3.475076144037e-12  ,-3.137083197380e-09  
  6.159904503671e-12  ,-1.522849239072e-08  
  1.152956122294e-11  ,-9.973031628308e-08  
  2.226887466147e-11  ,-7.168630904164e-07  
  3.492322014406e-11  ,-2.671116321795e-06  
  5.577320428326e-11  ,-1.054214083179e-05  
  8.587820650771e-11  ,-3.721959808578e-05  
  1.347435378446e-10  ,-1.375518884164e-04  
  2.084810026897e-10  ,-4.773014525814e-04  
  3.084817641391e-10  ,-1.412504121195e-03  
  4.084825255884e-10  ,-2.992888350140e-03  
  5.084832870378e-10  ,-5.280976528886e-03  
  6.084840484871e-10  ,-8.292905315090e-03  
  7.084848099364e-10  ,-1.199924750204e-02  
  8.084855713858e-10  ,-1.635147173718e-02  
  9.084863328351e-10  ,-2.121284125941e-02  
  1.000000000600e-09  ,-2.602921406913e-02  
  1.010000076745e-09  ,-2.657215355924e-02  
  1.030000229035e-09  ,-2.766115434242e-02  
  1.070000533615e-09  ,-2.984252656461e-02  
  1.150001142774e-09  ,-3.411089545055e-02  
  1.250001904223e-09  ,-3.899558180264e-02  
  1.350002665673e-09  ,-4.302610893405e-02  
  1.450003427122e-09  ,-4.585906181319e-02  
  1.550004188571e-09  ,-4.719919668429e-02  
  1.650004950021e-09  ,-4.679316596711e-02  
  1.750005711470e-09  ,-4.442408573712e-02  
  1.850006472919e-09  ,-3.990683225743e-02  
  1.950007234369e-09  ,-3.308396936131e-02  
  2.050007995818e-09  ,-2.382222173931e-02  
  2.150008757267e-09  ,-1.200942063249e-02  
  2.250009518717e-09  ,2.448141663990e-03  
  2.350010280166e-09  ,1.962800352624e-02  
  2.450011041615e-09  ,3.959351958674e-02  
  2.550011803065e-09  ,6.239558140699e-02  
  2.650012564514e-09  ,8.807891593944e-02  
  2.750013325963e-09  ,1.166627508398e-01  
  2.850014087413e-09  ,1.481751358464e-01  
  2.950014848862e-09  ,1.826301503230e-01  
  3.050015610311e-09  ,2.200351369726e-01  
  3.150016371761e-09  ,2.603914349063e-01  
  3.250017133210e-09  ,3.036950166548e-01  
  3.350017894659e-09  ,3.499370421048e-01  
  3.450018656109e-09  ,3.991043405943e-01  
  3.550019417558e-09  ,4.511798308913e-01  
  3.650020179007e-09  ,5.061428874710e-01  
  3.750020940457e-09  ,5.639696603768e-01  
  3.850021701906e-09  ,6.246333549676e-01  
  3.950022463355e-09  ,6.881044770074e-01  
  4.050023224805e-09  ,7.543510478187e-01  
  4.150023986254e-09  ,8.233387935841e-01  
  4.250024747703e-09  ,8.950313123313e-01  
  4.350025509153e-09  ,9.693902216597e-01  
  4.450026270602e-09  ,1.046375289856e+00  
  4.550027032051e-09  ,1.125944552684e+00  
  4.650027793501e-09  ,1.208054417835e+00  
  4.750028554950e-09  ,1.292651958456e+00  
  4.850029316399e-09  ,1.379705972087e+00  
  4.950030077849e-09  ,1.469160947885e+00  
  5.050030839298e-09  ,1.560967633194e+00  
  5.150031600747e-09  ,1.655075536952e+00  
  5.250032362197e-09  ,1.751432988918e+00  
  5.350033123646e-09  ,1.849987194630e+00  
  5.450033885096e-09  ,1.950684286707e+00  
  5.550034646545e-09  ,2.053469373041e+00  
  5.650035407994e-09  ,2.158286582317e+00  
  5.750036169444e-09  ,2.265079107273e+00  
  5.850036930893e-09  ,2.373789246030e+00  
  5.950037692342e-09  ,2.484358441785e+00  
  6.050038453792e-09  ,2.596727321124e+00  
  6.150039215241e-09  ,2.710835731163e+00  
  6.250039976690e-09  ,2.826622775709e+00  
  6.350040738140e-09  ,2.944026850593e+00  
  6.450041499589e-09  ,3.062985678320e+00  
  6.550042261038e-09  ,3.183436342133e+00  
  6.650043022488e-09  ,3.305315319610e+00  
  6.750043783937e-09  ,3.428558515864e+00  
  6.850044545386e-09  ,3.553101296417e+00  
  6.950045306836e-09  ,3.678878519811e+00  
  7.050046068285e-09  ,3.805824569998e+00  
  7.150046829734e-09  ,3.933873388559e+00  
  7.250047591184e-09  ,4.062958506777e+00  
  7.350048352633e-09  ,4.193013077590e+00  
  7.450049114082e-09  ,4.323969907455e+00  
  7.550049875532e-09  ,4.455761488126e+00  
  7.650050636981e-09  ,4.588320028372e+00  
  7.750051398430e-09  ,4.721577485631e+00  
  7.850052159880e-09  ,4.855465597617e+00  
  7.950052921329e-09  ,4.989915913210e+00  
  8.050053682778e-09  ,5.124859827332e+00  
  8.150054444228e-09  ,5.260228605589e+00  
  8.250055205677e-09  ,5.395953422572e+00  
  8.350055967126e-09  ,5.531965389720e+00  
  8.450056728576e-09  ,5.668184101875e+00  
  8.550057490025e-09  ,5.804563616318e+00  
  8.650058251474e-09  ,5.941023558263e+00  
  8.750059012924e-09  ,6.077495101497e+00  
  8.850059774373e-09  ,6.213898082798e+00  
  8.950060535822e-09  ,6.350186780353e+00  
  9.050061297272e-09  ,6.486281288291e+00  
  9.150062058721e-09  ,6.622102002941e+00  
  9.250062820170e-09  ,6.757588508070e+00  
  9.350063581620e-09  ,6.892675559314e+00  
  9.450064343069e-09  ,7.027296496110e+00  
  9.550065104518e-09  ,7.161384399684e+00  
  9.650065865968e-09  ,7.294872499086e+00  
  9.702161722485e-09  ,7.364159145577e+00  
  9.725712542091e-09  ,7.395421313446e+00  
  9.748035180051e-09  ,7.425016966645e+00  
  9.792680455972e-09  ,7.484097927427e+00  
  9.881971007813e-09  ,7.601793688498e+00  
  9.981971769262e-09  ,7.732821762625e+00  
  1.008197253071e-08  ,7.862962321866e+00  
  1.018197329216e-08  ,7.992153125690e+00  
  1.028197405361e-08  ,8.120330891691e+00  
  1.038197481506e-08  ,8.247432363635e+00  
  1.048197557651e-08  ,8.373394686616e+00  
  1.058197633796e-08  ,8.498155550577e+00  
  1.068197709941e-08  ,8.621653256288e+00  
  1.078197786086e-08  ,8.743826755198e+00  
  1.088197862231e-08  ,8.864615680348e+00  
  1.098197938376e-08  ,8.983960374069e+00  
  1.108198014521e-08  ,9.101801914368e+00  
  1.118198090665e-08  ,9.218082140633e+00  
  1.128198166810e-08  ,9.332743678858e+00  
  1.138198242955e-08  ,9.445729966450e+00  
  1.148198319100e-08  ,9.556985276630e+00  
  1.158198395245e-08  ,9.666454742424e+00  
  1.168198471390e-08  ,9.774084380249e+00  
  1.178198547535e-08  ,9.879821113054e+00  
  1.188198623680e-08  ,9.983612793052e+00  
  1.198198699825e-08  ,1.008540822399e+01  
  1.208198775970e-08  ,1.018515718296e+01  
  1.218198852115e-08  ,1.028281044179e+01  
  1.228198928260e-08  ,1.037831978789e+01  
  1.238199004405e-08  ,1.047163804471e+01  
  1.248199080550e-08  ,1.056271909163e+01  
  1.258199156695e-08  ,1.065151788336e+01  
  1.268199232839e-08  ,1.073799046893e+01  
  1.278199308984e-08  ,1.082209401003e+01  
  1.288199385129e-08  ,1.090378679891e+01  
  1.298199461274e-08  ,1.098302827575e+01  
  1.308199537419e-08  ,1.105977904548e+01  
  1.318199613564e-08  ,1.113400089406e+01  
  1.328199689709e-08  ,1.120565680419e+01  
  1.338199765854e-08  ,1.127471097049e+01  
  1.348199841999e-08  ,1.134112881416e+01  
  1.358199918144e-08  ,1.140487699695e+01  
  1.368199994289e-08  ,1.146592343469e+01  
  1.378200070434e-08  ,1.152423731018e+01  
  1.388200146579e-08  ,1.157978908548e+01  
  1.398200222724e-08  ,1.163255051363e+01  
  1.408200298869e-08  ,1.168249464981e+01  
  1.418200375013e-08  ,1.172959586187e+01  
  1.428200451158e-08  ,1.177382984021e+01  
  1.438200527303e-08  ,1.181517360720e+01  
  1.448200603448e-08  ,1.185360552581e+01  
  1.458200679593e-08  ,1.188910530777e+01  
  1.468200755738e-08  ,1.192165402104e+01  
  1.478200831883e-08  ,1.195123409669e+01  
  1.488200908028e-08  ,1.197782933518e+01  
  1.498200984173e-08  ,1.200142491195e+01  
  1.508201060318e-08  ,1.202200738247e+01  
  1.518201136463e-08  ,1.203956468661e+01  
  1.528201212608e-08  ,1.205408615239e+01  
  1.538201288753e-08  ,1.206556249914e+01  
  1.548201364898e-08  ,1.207398583996e+01  
  1.558201441043e-08  ,1.207934968367e+01  
  1.568201517187e-08  ,1.208164893598e+01  
  1.578201593332e-08  ,1.208087990015e+01  
  1.588201669477e-08  ,1.207704027697e+01  
  1.598201745622e-08  ,1.207012916415e+01  
  1.608201821767e-08  ,1.206014705503e+01  
  1.618201897912e-08  ,1.204709583669e+01  
  1.628201974057e-08  ,1.203097878749e+01  
  1.638202050202e-08  ,1.201180057387e+01  
  1.648202126347e-08  ,1.198956724666e+01  
  1.658202202492e-08  ,1.196428623669e+01  
  1.668202278637e-08  ,1.193596634981e+01  
  1.678202354782e-08  ,1.190461776129e+01  
  1.688202430927e-08  ,1.187025200965e+01  
  1.698202507072e-08  ,1.183288198983e+01  
  1.708202583217e-08  ,1.179252194579e+01  
  1.718202659361e-08  ,1.174918746252e+01  
  1.728202735506e-08  ,1.170289545744e+01  
  1.738202811651e-08  ,1.165366417123e+01  
  1.748202887796e-08  ,1.160151315803e+01  
  1.758202963941e-08  ,1.154646327516e+01  
  1.768203040086e-08  ,1.148853667215e+01  
  1.778203116231e-08  ,1.142775677927e+01  
  1.788203192376e-08  ,1.136414829552e+01  
  1.798203268521e-08  ,1.129773717599e+01  
  1.808203344666e-08  ,1.122855061873e+01  
  1.818203420811e-08  ,1.115661705108e+01  
  1.828203496956e-08  ,1.108196611540e+01  
  1.838203573101e-08  ,1.100462865437e+01  
  1.848203649246e-08  ,1.092463669567e+01  
  1.858203725391e-08  ,1.084202343621e+01  
  1.868203801535e-08  ,1.075682322584e+01  
  1.878203877680e-08  ,1.066907155054e+01  
  1.888203953825e-08  ,1.057880501517e+01  
  1.898204029970e-08  ,1.048606132565e+01  
  1.908204106115e-08  ,1.039087927078e+01  
  1.918204182260e-08  ,1.029329870349e+01  
  1.928204258405e-08  ,1.019336052170e+01  
  1.938204334550e-08  ,1.009110664872e+01  
  1.948204410695e-08  ,9.986580013204e+00  
  1.958204486840e-08  ,9.879824528664e+00  
  1.968204562985e-08  ,9.770885072598e+00  
  1.978204639130e-08  ,9.659807465187e+00  
  1.988204715275e-08  ,9.546638447599e+00  
  1.998204791420e-08  ,9.431425659906e+00  
  2.008204867565e-08  ,9.314217618625e+00  
  2.018204943709e-08  ,9.195063693885e+00  
  2.028205019854e-08  ,9.074014086250e+00  
  2.038205095999e-08  ,8.951119803180e+00  
  2.048205172144e-08  ,8.826432635174e+00  
  2.058205248289e-08  ,8.700005131576e+00  
  2.068205324434e-08  ,8.571890576080e+00  
  2.078205400579e-08  ,8.442142961922e+00  
  2.088205476724e-08  ,8.310816966791e+00  
  2.098205552869e-08  ,8.177967927464e+00  
  2.108205629014e-08  ,8.043651814164e+00  
  2.118205705159e-08  ,7.907925204676e+00  
  2.128205781304e-08  ,7.770845258210e+00  
  2.138205857449e-08  ,7.632469689043e+00  
  2.148205933594e-08  ,7.492856739935e+00  
  2.158206009739e-08  ,7.352065155341e+00  
  2.168206085883e-08  ,7.210154154434e+00  
  2.178206162028e-08  ,7.067183403938e+00  
  2.188206238173e-08  ,6.923212990796e+00  
  2.198206314318e-08  ,6.778303394687e+00  
  2.208206390463e-08  ,6.632515460386e+00  
  2.218206466608e-08  ,6.485910370002e+00  
  2.228206542753e-08  ,6.338549615098e+00  
  2.238206618898e-08  ,6.190494968695e+00  
  2.248206695043e-08  ,6.041808457191e+00  
  2.258206771188e-08  ,5.892552332197e+00  
  2.268206847333e-08  ,5.742789044272e+00  
  2.278206923478e-08  ,5.592581206923e+00  
  2.288206999623e-08  ,5.441991579486e+00  
  2.298207075768e-08  ,5.291083031669e+00  
  2.308207151913e-08  ,5.139918516754e+00  
  2.318207228057e-08  ,4.988561043242e+00  
  2.328207304202e-08  ,4.837073646488e+00  
  2.338207380347e-08  ,4.685519360355e+00  
  2.348207456492e-08  ,4.533961188890e+00  
  2.358207532637e-08  ,4.382462078052e+00  
  2.368207608782e-08  ,4.231084887501e+00  
  2.378207684927e-08  ,4.079892362448e+00  
  2.388207761072e-08  ,3.928947105599e+00  
  2.398207837217e-08  ,3.778311549194e+00  
  2.408207913362e-08  ,3.628047927148e+00  
  2.418207989507e-08  ,3.478218247324e+00  
  2.428208065652e-08  ,3.328884263928e+00  
  2.438208141797e-08  ,3.180107450064e+00  
  2.448208217942e-08  ,3.031948970431e+00  
  2.458208294087e-08  ,2.884469654202e+00  
  2.468208370231e-08  ,2.737729968083e+00  
  2.478208446376e-08  ,2.591789989559e+00  
  2.488208522521e-08  ,2.446709380355e+00  
  2.498208598666e-08  ,2.302547360107e+00  
  2.508208674811e-08  ,2.159362680270e+00  
  2.518208750956e-08  ,2.017213598256e+00  
  2.528208827101e-08  ,1.876157851830e+00  
  2.538208903246e-08  ,1.736252633770e+00  
  2.548208979391e-08  ,1.597554566800e+00  
  2.558209055536e-08  ,1.460119678800e+00  
  2.568209131681e-08  ,1.324003378326e+00  
  2.578209207826e-08  ,1.189260430424e+00  
  2.588209283971e-08  ,1.055944932766e+00  
  2.598209360116e-08  ,9.241102921141e-01  
  2.608209436261e-08  ,7.938092011166e-01  
  2.618209512406e-08  ,6.650936154579e-01  
  2.628209588550e-08  ,5.380147313615e-01  
  2.638209664695e-08  ,4.126229634603e-01  
  2.648209740840e-08  ,2.889679230444e-01  
  2.658209816985e-08  ,1.670983966934e-01  
  2.668209893130e-08  ,4.706232530443e-02  
  2.678209969275e-08  ,-7.109321647660e-02  
  2.688210045420e-08  ,-1.873220404109e-01  
  2.698210121565e-08  ,-3.015788644012e-01  
  2.708210197710e-08  ,-4.138193317972e-01  
  2.718210273855e-08  ,-5.240000302621e-01  
  2.728210350000e-08  ,-6.320785101938e-01  
  2.738210426145e-08  ,-7.380133026921e-01  
  2.748210502290e-08  ,-8.417639370641e-01  
  2.758210578435e-08  ,-9.432909578611e-01  
  2.768210654580e-08  ,-1.042555941438e+00  
  2.778210730724e-08  ,-1.139521512032e+00  
  2.788210806869e-08  ,-1.234151357344e+00  
  2.798210883014e-08  ,-1.326410243637e+00  
  2.808210959159e-08  ,-1.416264030310e+00  
  2.818211035304e-08  ,-1.503679683984e+00  
  2.828211111449e-08  ,-1.588625292055e+00  
  2.838211187594e-08  ,-1.671070075738e+00  
  2.848211263739e-08  ,-1.750984402570e+00  
  2.858211339884e-08  ,-1.828339798396e+00  
  2.868211416029e-08  ,-1.903108958802e+00  
  2.878211492174e-08  ,-1.975265760019e+00  
  2.888211568319e-08  ,-2.044785269270e+00  
  2.898211644464e-08  ,-2.111643754571e+00  
  2.908211720609e-08  ,-2.175818693976e+00  
  2.918211796754e-08  ,-2.237288784270e+00  
  2.928211872898e-08  ,-2.296033949091e+00  
  2.938211949043e-08  ,-2.352035346500e+00  
  2.948212025188e-08  ,-2.405275375985e+00  
  2.958212101333e-08  ,-2.455737684892e+00  
  2.968212177478e-08  ,-2.503407174301e+00  
  2.978212253623e-08  ,-2.548270004327e+00  
  2.988212329768e-08  ,-2.590313598859e+00  
  2.998212405913e-08  ,-2.629526649729e+00  
  3.008212482058e-08  ,-2.665899120318e+00  
  3.018212558203e-08  ,-2.699422248586e+00  
  3.028212634348e-08  ,-2.730088549549e+00  
  3.038212710493e-08  ,-2.757891817180e+00  
  3.048212786638e-08  ,-2.782827125742e+00  
  3.058212862783e-08  ,-2.804890830562e+00  
  3.068212938928e-08  ,-2.824080568227e+00  
  3.078213015072e-08  ,-2.840395256224e+00  
  3.088213091217e-08  ,-2.853835091997e+00  
  3.098213167362e-08  ,-2.864401551450e+00  
  3.108213243507e-08  ,-2.872097386870e+00  
  3.118213319652e-08  ,-2.876926624288e+00  
  3.128213395797e-08  ,-2.878894560266e+00  
  3.138213471942e-08  ,-2.878007758122e+00  
  3.148213548087e-08  ,-2.874274043588e+00  
  3.158213624232e-08  ,-2.867702499900e+00  
  3.168213700377e-08  ,-2.858303462328e+00  
  3.178213776522e-08  ,-2.846088512148e+00  
  3.188213852667e-08  ,-2.831070470059e+00  
  3.198213928812e-08  ,-2.813263389041e+00  
  3.208214004957e-08  ,-2.792682546673e+00  
  3.218214081102e-08  ,-2.769344436898e+00  
  3.228214157246e-08  ,-2.743266761254e+00  
  3.238214233391e-08  ,-2.714468419570e+00  
  3.248214309536e-08  ,-2.682969500126e+00  
  3.258214385681e-08  ,-2.648791269295e+00  
  3.268214461826e-08  ,-2.611956160664e+00  
  3.278214537971e-08  ,-2.572487763641e+00  
  3.288214614116e-08  ,-2.530410811556e+00  
  3.298214690261e-08  ,-2.485751169257e+00  
  3.308214766406e-08  ,-2.438535820220e+00  
  3.318214842551e-08  ,-2.388792853163e+00  
  3.328214918696e-08  ,-2.336551448182e+00  
  3.338214994841e-08  ,-2.281841862412e+00  
  3.348215070986e-08  ,-2.224695415225e+00  
  3.358215147131e-08  ,-2.165144472958e+00  
  3.368215223276e-08  ,-2.103222433203e+00  
  3.378215299420e-08  ,-2.038963708636e+00  
  3.388215375565e-08  ,-1.972403710428e+00  
  3.398215451710e-08  ,-1.903578831207e+00  
  3.408215527855e-08  ,-1.832526427617e+00  
  3.418215604000e-08  ,-1.759284802453e+00  
  3.428215680145e-08  ,-1.683893186398e+00  
  3.438215756290e-08  ,-1.606391719361e+00  
  3.448215832435e-08  ,-1.526821431434e+00  
  3.458215908580e-08  ,-1.445224223470e+00  
  3.468215984725e-08  ,-1.361642847285e+00  
  3.478216060870e-08  ,-1.276120885515e+00  
  3.488216137015e-08  ,-1.188702731115e+00  
  3.498216213160e-08  ,-1.099433566517e+00  
  3.508216289305e-08  ,-1.008359342464e+00  
  3.518216365450e-08  ,-9.155267565204e-01  
  3.528216441594e-08  ,-8.209832312721e-01  
  3.538216517739e-08  ,-7.247768922281e-01  
  3.548216593884e-08  ,-6.269565454317e-01  
  3.558216670029e-08  ,-5.275716547922e-01  
  3.568216746174e-08  ,-4.266723191480e-01  
  3.578216822319e-08  ,-3.243092490717e-01  
  3.588216898464e-08  ,-2.205337434276e-01  
  3.598216974609e-08  ,-1.153976656920e-01  
  3.604369524368e-08  ,-5.005534462358e-02  
  3.607057845187e-08  ,-2.135018858190e-02  
  3.609599191662e-08  ,5.869993200621e-03  
  3.614681884613e-08  ,6.055093672602e-02  
  3.624681960758e-08  ,1.690422339860e-01  
  3.634682036903e-08  ,2.786949500746e-01  
  3.644682113048e-08  ,3.894586677242e-01  
  3.654682189193e-08  ,5.012800365451e-01  
  3.664682265338e-08  ,6.141044715476e-01  
  3.674682341483e-08  ,7.278767342688e-01  
  3.684682417628e-08  ,8.425411427444e-01  
  3.694682493773e-08  ,9.580416582589e-01  
  3.704682569918e-08  ,1.074321931235e+00  
  3.714682646063e-08  ,1.191325333618e+00  
  3.724682722208e-08  ,1.308994986830e+00  
  3.734682798352e-08  ,1.427273788310e+00  
  3.744682874497e-08  ,1.546104437615e+00  
  3.754682950642e-08  ,1.665429461042e+00  
  3.764683026787e-08  ,1.785191243052e+00  
  3.774683102932e-08  ,1.905332044378e+00  
  3.784683179077e-08  ,2.025794033050e+00  
  3.794683255222e-08  ,2.146519309328e+00  
  3.804683331367e-08  ,2.267449931712e+00  
  3.814683407512e-08  ,2.388527942961e+00  
  3.824683483657e-08  ,2.509695396096e+00  
  3.834683559802e-08  ,2.630894380362e+00  
  3.844683635947e-08  ,2.752067047154e+00  
  3.854683712092e-08  ,2.873155635874e+00  
  3.864683788237e-08  ,2.994102499733e+00  
  3.874683864382e-08  ,3.114850131455e+00  
  3.884683940526e-08  ,3.235341188904e+00  
  3.894684016671e-08  ,3.355518520598e+00  
  3.904684092816e-08  ,3.475325191110e+00  
  3.914684168961e-08  ,3.594704506345e+00  
  3.924684245106e-08  ,3.713600038676e+00  
  3.934684321251e-08  ,3.831955651930e+00  
  3.944684397396e-08  ,3.949715526224e+00  
  3.954684473541e-08  ,4.066824182617e+00  
  3.964684549686e-08  ,4.183226507590e+00  
  3.974684625831e-08  ,4.298867777326e+00  
  3.984684701976e-08  ,4.413693681798e+00  
  3.994684778121e-08  ,4.527650348631e+00  
  4.004684854266e-08  ,4.640684366748e+00  
  4.014684930411e-08  ,4.752742809778e+00  
  4.024685006556e-08  ,4.863773259223e+00  
  4.034685082700e-08  ,4.973723827364e+00  
  4.044685158845e-08  ,5.082543179909e+00  
  4.054685234990e-08  ,5.190180558363e+00  
  4.064685311135e-08  ,5.296585802113e+00  
  4.074685387280e-08  ,5.401709370220e+00  
  4.084685463425e-08  ,5.505502362911e+00  
  4.094685539570e-08  ,5.607916542752e+00  
  4.104685615715e-08  ,5.708904355502e+00  
  4.114685691860e-08  ,5.808418950641e+00  
  4.124685768005e-08  ,5.906414201551e+00  
  4.134685844150e-08  ,6.002844725350e+00  
  4.144685920295e-08  ,6.097665902376e+00  
  4.154685996440e-08  ,6.190833895300e+00  
  4.164686072585e-08  ,6.282305667864e+00  
  4.174686148730e-08  ,6.372039003243e+00  
  4.184686224874e-08  ,6.459992522015e+00  
  4.194686301019e-08  ,6.546125699737e+00  
  4.204686377164e-08  ,6.630398884114e+00  
  4.214686453309e-08  ,6.712773311757e+00  
  4.224686529454e-08  ,6.793211124523e+00  
  4.234686605599e-08  ,6.871675385434e+00  
  4.244686681744e-08  ,6.948130094159e+00  
  4.254686757889e-08  ,7.022540202057e+00  
  4.264686834034e-08  ,7.094871626781e+00  
  4.274686910179e-08  ,7.165091266428e+00  
  4.284686986324e-08  ,7.233167013231e+00  
  4.294687062469e-08  ,7.299067766793e+00  
  4.304687138614e-08  ,7.362763446853e+00  
  4.314687214759e-08  ,7.424225005574e+00  
  4.324687290904e-08  ,7.483424439362e+00  
  4.334687367048e-08  ,7.540334800196e+00  
  4.344687443193e-08  ,7.594930206475e+00  
  4.354687519338e-08  ,7.647185853372e+00  
  4.364687595483e-08  ,7.697078022692e+00  
  4.374687671628e-08  ,7.744584092234e+00  
  4.384687747773e-08  ,7.789682544650e+00  
  4.394687823918e-08  ,7.832352975792e+00  
  4.404687900063e-08  ,7.872576102562e+00  
  4.414687976208e-08  ,7.910333770234e+00  
  4.424688052353e-08  ,7.945608959276e+00  
  4.434688128498e-08  ,7.978385791644e+00  
  4.444688204643e-08  ,8.008649536565e+00  
  4.454688280788e-08  ,8.036386615791e+00  
  4.464688356933e-08  ,8.061584608334e+00  
  4.474688433078e-08  ,8.084232254676e+00  
  4.484688509222e-08  ,8.104319460452e+00  
  4.494688585367e-08  ,8.121837299607e+00  
  4.504688661512e-08  ,8.136778017020e+00  
  4.514688737657e-08  ,8.149135030613e+00  
  4.524688813802e-08  ,8.158902932911e+00  
  4.534688889947e-08  ,8.166077492093e+00  
  4.544688966092e-08  ,8.170655652502e+00  
  4.554689042237e-08  ,8.172635534629e+00  
  4.564689118382e-08  ,8.172016434575e+00  
  4.574689194527e-08  ,8.168798822975e+00  
  4.584689270672e-08  ,8.162984343409e+00  
  4.594689346817e-08  ,8.154575810278e+00  
  4.604689422962e-08  ,8.143577206166e+00  
  4.614689499107e-08  ,8.129993678672e+00  
  4.624689575252e-08  ,8.113831536729e+00  
  4.634689651396e-08  ,8.095098246406e+00  
  4.644689727541e-08  ,8.073802426192e+00  
  4.654689803686e-08  ,8.049953841772e+00  
  4.664689879831e-08  ,8.023563400292e+00  
  4.674689955976e-08  ,7.994643144121e+00  
  4.684690032121e-08  ,7.963206244107e+00  
  4.694690108266e-08  ,7.929266992340e+00  
  4.704690184411e-08  ,7.892840794414e+00  
  4.714690260556e-08  ,7.853944161202e+00  
  4.724690336701e-08  ,7.812594700146e+00  
  4.734690412846e-08  ,7.768811106060e+00  
  4.744690488991e-08  ,7.722613151464e+00  
  4.754690565136e-08  ,7.674021676435e+00  
  4.764690641281e-08  ,7.623058577998e+00  
  4.774690717426e-08  ,7.569746799059e+00  
  4.784690793570e-08  ,7.514110316865e+00  
  4.794690869715e-08  ,7.456174131036e+00  
  4.804690945860e-08  ,7.395964251133e+00  
  4.814691022005e-08  ,7.333507683796e+00  
  4.824691098150e-08  ,7.268832419452e+00  
  4.834691174295e-08  ,7.201967418588e+00  
  4.844691250440e-08  ,7.132942597616e+00  
  4.854691326585e-08  ,7.061788814313e+00  
  4.864691402730e-08  ,6.988537852868e+00  
  4.874691478875e-08  ,6.913222408520e+00  
  4.884691555020e-08  ,6.835876071814e+00  
  4.894691631165e-08  ,6.756533312467e+00  
  4.904691707310e-08  ,6.675229462861e+00  
  4.914691783455e-08  ,6.592000701166e+00  
  4.924691859600e-08  ,6.506884034111e+00  
  4.934691935745e-08  ,6.419917279389e+00  
  4.944692011889e-08  ,6.331139047733e+00  
  4.954692088034e-08  ,6.240588724647e+00  
  4.964692164179e-08  ,6.148306451817e+00  
  4.974692240324e-08  ,6.054333108197e+00  
  4.984692316469e-08  ,5.958710290799e+00  
  4.994692392614e-08  ,5.861480295165e+00  
  5.004692468759e-08  ,5.762686095566e+00  
  5.014692544904e-08  ,5.662371324907e+00  
  5.024692621049e-08  ,5.560580254366e+00  
  5.034692697194e-08  ,5.457357772771e+00  
  5.044692773339e-08  ,5.352749365716e+00  
  5.054692849484e-08  ,5.246801094443e+00  
  5.064692925629e-08  ,5.139559574488e+00  
  5.074693001774e-08  ,5.031071954097e+00  
  5.084693077919e-08  ,4.921385892433e+00  
  5.094693154063e-08  ,4.810549537582e+00  
  5.104693230208e-08  ,4.698611504360e+00  
  5.114693306353e-08  ,4.585620851934e+00  
  5.124693382498e-08  ,4.471627061283e+00  
  5.134693458643e-08  ,4.356680012475e+00  
  5.144693534788e-08  ,4.240829961814e+00  
  5.154693610933e-08  ,4.124127518825e+00  
  5.164693687078e-08  ,4.006623623122e+00  
  5.174693763223e-08  ,3.888369521144e+00  
  5.184693839368e-08  ,3.769416742790e+00  
  5.194693915513e-08  ,3.649817077945e+00  
  5.204693991658e-08  ,3.529622552922e+00  
  5.214694067803e-08  ,3.408885406825e+00  
  5.224694143948e-08  ,3.287658067841e+00  
  5.234694220093e-08  ,3.165993131122e+00  
  5.244694296237e-08  ,3.043943328539e+00  
  5.254694372382e-08  ,2.921561514190e+00  
  5.264694448527e-08  ,2.798900634617e+00  
  5.274694524672e-08  ,2.676013706227e+00  
  5.284694600817e-08  ,2.552953791436e+00  
  5.294694676962e-08  ,2.429773974796e+00  
  5.304694753107e-08  ,2.306527339129e+00  
  5.314694829252e-08  ,2.183266941699e+00  
  5.324694905397e-08  ,2.060045790414e+00  
  5.334694981542e-08  ,1.936916820077e+00  
  5.344695057687e-08  ,1.813932868704e+00  
  5.354695133832e-08  ,1.691146653909e+00  
  5.364695209977e-08  ,1.568610749365e+00  
  5.374695286122e-08  ,1.446377561371e+00  
  5.384695362267e-08  ,1.324499305506e+00  
  5.394695438411e-08  ,1.203027983404e+00  
  5.404695514556e-08  ,1.082015359653e+00  
  5.414695590701e-08  ,9.615129388224e-01  
  5.424695666846e-08  ,8.415719426368e-01  
  5.434695742991e-08  ,7.222432873022e-01  
  5.444695819136e-08  ,6.035775609963e-01  
  5.454695895281e-08  ,4.856250015319e-01  
  5.464695971426e-08  ,3.684354742033e-01  
  5.474696047571e-08  ,2.520584498256e-01  
  5.484696123716e-08  ,1.365429829772e-01  
  5.494696199861e-08  ,2.193769045358e-02  
  5.504696276006e-08  ,-9.170927005716e-02  
  5.514696352151e-08  ,-2.043502210676e-01  
  5.524696428296e-08  ,-3.159379861446e-01  
  5.534696504441e-08  ,-4.264259105136e-01  
  5.544696580585e-08  ,-5.357678814052e-01  
  5.554696656730e-08  ,-6.439183481340e-01  
  5.564696732875e-08  ,-7.508323419028e-01  
  5.574696809020e-08  ,-8.564654953216e-01  
  5.584696885165e-08  ,-9.607740616347e-01  
  5.594696961310e-08  ,-1.063714933646e+00  
  5.604697037455e-08  ,-1.165245662338e+00  
  5.614697113600e-08  ,-1.265324475166e+00  
  5.624697189745e-08  ,-1.363910294039e+00  
  5.634697265890e-08  ,-1.460962752956e+00  
  5.644697342035e-08  ,-1.556442215311e+00  
  5.654697418180e-08  ,-1.650309790845e+00  
  5.664697494325e-08  ,-1.742527352246e+00  
  5.674697570470e-08  ,-1.833057551383e+00  
  5.684697646615e-08  ,-1.921863835178e+00  
  5.694697722759e-08  ,-2.008910461094e+00  
  5.704697798904e-08  ,-2.094162512248e+00  
  5.714697875049e-08  ,-2.177585912131e+00  
  5.724697951194e-08  ,-2.259147438933e+00  
  5.734698027339e-08  ,-2.338814739475e+00  
  5.744698103484e-08  ,-2.416556342719e+00  
  5.754698179629e-08  ,-2.492341672885e+00  
  5.764698255774e-08  ,-2.566141062132e+00  
  5.774698331919e-08  ,-2.637925762830e+00  
  5.784698408064e-08  ,-2.707667959397e+00  
  5.794698484209e-08  ,-2.775340779705e+00  
  5.804698560354e-08  ,-2.840918306047e+00  
  5.814698636499e-08  ,-2.904375585669e+00  
  5.824698712644e-08  ,-2.965688640846e+00  
  5.834698788789e-08  ,-3.024834478517e+00  
  5.844698864933e-08  ,-3.081791099459e+00  
  5.854698941078e-08  ,-3.136537507014e+00  
  5.864699017223e-08  ,-3.189053715344e+00  
  5.874699093368e-08  ,-3.239320757230e+00  
  5.884699169513e-08  ,-3.287320691404e+00  
  5.894699245658e-08  ,-3.333036609411e+00  
  5.904699321803e-08  ,-3.376452641997e+00  
  5.914699397948e-08  ,-3.417553965033e+00  
  5.924699474093e-08  ,-3.456326804951e+00  
  5.934699550238e-08  ,-3.492758443711e+00  
  5.944699626383e-08  ,-3.526837223292e+00  
  5.954699702528e-08  ,-3.558552549693e+00  
  5.964699778673e-08  ,-3.587894896461e+00  
  5.974699854818e-08  ,-3.614855807737e+00  
  5.984699930963e-08  ,-3.639427900815e+00  
  5.994700007107e-08  ,-3.661604868220e+00  
  6.004700083252e-08  ,-3.681381479306e+00  
  6.014700159397e-08  ,-3.698753581360e+00  
  6.024700235542e-08  ,-3.713718100238e+00  
  6.034700311687e-08  ,-3.726273040502e+00  
  6.044700387832e-08  ,-3.736417485082e+00  
  6.054700463977e-08  ,-3.744151594460e+00  
  6.064700540122e-08  ,-3.749476605359e+00  
  6.074700616267e-08  ,-3.752394828963e+00  
  6.084700692412e-08  ,-3.752909648656e+00  
  6.094700768557e-08  ,-3.751025517278e+00  
  6.104700844702e-08  ,-3.746747953907e+00  
  6.114700920847e-08  ,-3.740083540171e+00  
  6.124700996992e-08  ,-3.731039916078e+00  
  6.134701073137e-08  ,-3.719625775390e+00  
  6.144701149281e-08  ,-3.705850860512e+00  
  6.154701225426e-08  ,-3.689725956931e+00  
  6.164701301571e-08  ,-3.671262887185e+00  
  6.174701377716e-08  ,-3.650474504377e+00  
  6.184701453861e-08  ,-3.627374685230e+00  
  6.194701530006e-08  ,-3.601978322691e+00  
  6.204701606151e-08  ,-3.574301318094e+00  
  6.214701682296e-08  ,-3.544360572866e+00  
  6.224701758441e-08  ,-3.512173979805e+00  
  6.234701834586e-08  ,-3.477760413915e+00  
  6.244701910731e-08  ,-3.441139722816e+00  
  6.254701986876e-08  ,-3.402332716722e+00  
  6.264702063021e-08  ,-3.361361158005e+00  
  6.274702139166e-08  ,-3.318247750336e+00  
  6.284702215311e-08  ,-3.273016127424e+00  
  6.294702291455e-08  ,-3.225690841338e+00  
  6.304702367600e-08  ,-3.176297350447e+00  
  6.314702443745e-08  ,-3.124862006950e+00  
  6.324702519890e-08  ,-3.071412044029e+00  
  6.334702596035e-08  ,-3.015975562620e+00  
  6.344702672180e-08  ,-2.958581517806e+00  
  6.354702748325e-08  ,-2.899259704845e+00  
  6.364702824470e-08  ,-2.838040744837e+00  
  6.374702900615e-08  ,-2.774956070037e+00  
  6.384702976760e-08  ,-2.710037908818e+00  
  6.394703052905e-08  ,-2.643319270297e+00  
  6.404703129050e-08  ,-2.574833928630e+00  
  6.414703205195e-08  ,-2.504616406972e+00  
  6.424703281340e-08  ,-2.432701961137e+00  
  6.434703357485e-08  ,-2.359126562927e+00  
  6.444703433629e-08  ,-2.283926883179e+00  
  6.454703509774e-08  ,-2.207140274501e+00  
  6.464703585919e-08  ,-2.128804753735e+00  
  6.474703662064e-08  ,-2.048958984134e+00  
  6.484703738209e-08  ,-1.967642257274e+00  
  6.494703814354e-08  ,-1.884894474702e+00  
  6.504703890499e-08  ,-1.800756129335e+00  
  6.514703966644e-08  ,-1.715268286609e+00  
  6.524704042789e-08  ,-1.628472565403e+00  
  6.534704118934e-08  ,-1.540411118728e+00  
  6.544704195079e-08  ,-1.451126614199e+00  
  6.554704271224e-08  ,-1.360662214308e+00  
  6.564704347369e-08  ,-1.269061556486e+00  
  6.574704423514e-08  ,-1.176368732979e+00  
  6.584704499659e-08  ,-1.082628270551e+00  
  6.594704575803e-08  ,-9.878851100046e-01  
  6.604704651948e-08  ,-8.921845855433e-01  
  6.614704728093e-08  ,-7.955724039848e-01  
  6.624704804238e-08  ,-6.980946238274e-01  
  6.634704880383e-08  ,-5.997976341835e-01  
  6.644704956528e-08  ,-5.007281335903e-01  
  6.654705032673e-08  ,-4.009331087055e-01  
  6.664705108818e-08  ,-3.004598128981e-01  
  6.674705184963e-08  ,-1.993557447457e-01  
  6.684705261108e-08  ,-9.766862644507e-02  
  6.694705337253e-08  ,4.553617851116e-03  
  6.704705413398e-08  ,1.072628837640e-01  
  6.714705489543e-08  ,2.104109084734e-01  
  6.724705565688e-08  ,3.139492918590e-01  
  6.734705641833e-08  ,4.178295202830e-01  
  6.744705717978e-08  ,5.220029885892e-01  
  6.754705794122e-08  ,6.264210162727e-01  
  6.764705870267e-08  ,7.310348771276e-01  
  6.774705946412e-08  ,8.357958170691e-01  
  6.784706022557e-08  ,9.406550767820e-01  
  6.794706098702e-08  ,1.045563913606e+00  
  6.804706174847e-08  ,1.150473623382e+00  
  6.814706250992e-08  ,1.255335562254e+00  
  6.824706327137e-08  ,1.360101168416e+00  
  6.834706403282e-08  ,1.464721983801e+00  
  6.844706479427e-08  ,1.569149675690e+00  
  6.854706555572e-08  ,1.673336058250e+00  
  6.864706631717e-08  ,1.777233113971e+00  
  6.874706707862e-08  ,1.880793015012e+00  
  6.884706784007e-08  ,1.983968144428e+00  
  6.894706860152e-08  ,2.086711117287e+00  
  6.904706936296e-08  ,2.188974801648e+00  
  6.914707012441e-08  ,2.290712339413e+00  
  6.924707088586e-08  ,2.391877167018e+00  
  6.934707164731e-08  ,2.492423035984e+00  
  6.944707240876e-08  ,2.592304033287e+00  
  6.954707317021e-08  ,2.691474601566e+00  
  6.964707393166e-08  ,2.789889559138e+00  
  6.974707469311e-08  ,2.887504119833e+00  
  6.984707545456e-08  ,2.984273912613e+00  
  6.994707621601e-08  ,3.080155001000e+00  
  7.004707697746e-08  ,3.175103902269e+00  
  7.014707773891e-08  ,3.269077606427e+00  
  7.024707850036e-08  ,3.362033594954e+00  
  7.034707926181e-08  ,3.453929859301e+00  
  7.044708002326e-08  ,3.544724919140e+00  
  7.054708078470e-08  ,3.634377840349e+00  
  7.064708154615e-08  ,3.722848252744e+00  
  7.074708230760e-08  ,3.810096367523e+00  
  7.084708306905e-08  ,3.896082994438e+00  
  7.094708383050e-08  ,3.980769558679e+00  
  7.104708459195e-08  ,4.064118117451e+00  
  7.114708535340e-08  ,4.146091376265e+00  
  7.124708611485e-08  ,4.226652704907e+00  
  7.134708687630e-08  ,4.305766153091e+00  
  7.144708763775e-08  ,4.383396465798e+00  
  7.154708839920e-08  ,4.459509098272e+00  
  7.164708916065e-08  ,4.534070230691e+00  
  7.174708992210e-08  ,4.607046782492e+00  
  7.184709068355e-08  ,4.678406426343e+00  
  7.194709144500e-08  ,4.748117601769e+00  
  7.204709220644e-08  ,4.816149528410e+00  
  7.214709296789e-08  ,4.882472218922e+00  
  7.224709372934e-08  ,4.947056491499e+00  
  7.234709449079e-08  ,5.009873982022e+00  
  7.244709525224e-08  ,5.070897155833e+00  
  7.254709601369e-08  ,5.130099319112e+00  
  7.264709677514e-08  ,5.187454629871e+00  
  7.274709753659e-08  ,5.242938108554e+00  
  7.284709829804e-08  ,5.296525648230e+00  
  7.294709905949e-08  ,5.348194024391e+00  
  7.304709982094e-08  ,5.397920904339e+00  
  7.314710058239e-08  ,5.445684856161e+00  
  7.324710134384e-08  ,5.491465357291e+00  
  7.334710210529e-08  ,5.535242802654e+00  
  7.344710286674e-08  ,5.576998512388e+00  
  7.354710362818e-08  ,5.616714739141e+00  
  7.364710438963e-08  ,5.654374674945e+00  
  7.374710515108e-08  ,5.689962457656e+00  
  7.384710591253e-08  ,5.723463176963e+00  
  7.394710667398e-08  ,5.754862879968e+00  
  7.404710743543e-08  ,5.784148576321e+00  
  7.414710819688e-08  ,5.811308242923e+00  
  7.424710895833e-08  ,5.836330828193e+00  
  7.434710971978e-08  ,5.859206255883e+00  
  7.444711048123e-08  ,5.879925428461e+00  
  7.454711124268e-08  ,5.898480230047e+00  
  7.464711200413e-08  ,5.914863528905e+00  
  7.474711276558e-08  ,5.929069179491e+00  
  7.484711352703e-08  ,5.941092024057e+00  
  7.494711428848e-08  ,5.950927893808e+00  
  7.504711504993e-08  ,5.958573609614e+00  
  7.514711581137e-08  ,5.964026982282e+00  
  7.524711657282e-08  ,5.967286812372e+00  
  7.534711733427e-08  ,5.968352889584e+00  
  7.544711809572e-08  ,5.967225991692e+00  
  7.554711885717e-08  ,5.963907883035e+00  
  7.564711961862e-08  ,5.958401312575e+00  
  7.574712038007e-08  ,5.950710011508e+00  
  7.584712114152e-08  ,5.940838690441e+00  
  7.594712190297e-08  ,5.928793036131e+00  
  7.604712266442e-08  ,5.914579707791e+00  
  7.614712342587e-08  ,5.898206332960e+00  
  7.624712418732e-08  ,5.879681502954e+00  
  7.634712494877e-08  ,5.859014767874e+00  
  7.644712571022e-08  ,5.836216631204e+00  
  7.654712647167e-08  ,5.811298543978e+00  
  7.664712723311e-08  ,5.784272898533e+00  
  7.674712799456e-08  ,5.755153021849e+00  
  7.684712875601e-08  ,5.723953168468e+00  
  7.694712951746e-08  ,5.690688513017e+00  
  7.704713027891e-08  ,5.655375142317e+00  
  7.714713104036e-08  ,5.618030047100e+00  
  7.724713180181e-08  ,5.578671113323e+00  
  7.734713256326e-08  ,5.537317113093e+00  
  7.744713332471e-08  ,5.493987695208e+00  
  7.754713408616e-08  ,5.448703375310e+00  
  7.764713484761e-08  ,5.401485525667e+00  
  7.774713560906e-08  ,5.352356364574e+00  
  7.784713637051e-08  ,5.301338945394e+00  
  7.794713713196e-08  ,5.248457145236e+00  
  7.804713789341e-08  ,5.193735653273e+00  
  7.814713865485e-08  ,5.137199958712e+00  
  7.824713941630e-08  ,5.078876338417e+00  
  7.834714017775e-08  ,5.018791844196e+00  
  7.844714093920e-08  ,4.956974289753e+00  
  7.854714170065e-08  ,4.893452237312e+00  
  7.864714246210e-08  ,4.828254983922e+00  
  7.874714322355e-08  ,4.761412547452e+00  
  7.884714398500e-08  ,4.692955652270e+00  
  7.894714474645e-08  ,4.622915714629e+00  
  7.904714550790e-08  ,4.551324827760e+00  
  7.914714626935e-08  ,4.478215746672e+00  
  7.924714703080e-08  ,4.403621872676e+00  
  7.934714779225e-08  ,4.327577237643e+00  
  7.944714855370e-08  ,4.250116487985e+00  
  7.954714931515e-08  ,4.171274868389e+00  
  7.964715007659e-08  ,4.091088205301e+00  
  7.974715083804e-08  ,4.009592890159e+00  
  7.984715159949e-08  ,3.926825862403e+00  
  7.994715236094e-08  ,3.842824592252e+00  
  8.004715312239e-08  ,3.757627063266e+00  
  8.014715388384e-08  ,3.671271754695e+00  
  8.024715464529e-08  ,3.583797623632e+00  
  8.034715540674e-08  ,3.495244086962e+00  
  8.044715616819e-08  ,3.405651003138e+00  
  8.054715692964e-08  ,3.315058653769e+00  
  8.064715769109e-08  ,3.223507725049e+00  
  8.074715845254e-08  ,3.131039289015e+00  
  8.084715921399e-08  ,3.037694784670e+00  
  8.094715997544e-08  ,2.943515998942e+00  
  8.104716073689e-08  ,2.848545047528e+00  
  8.114716149833e-08  ,2.752824355605e+00  
  8.124716225978e-08  ,2.656396638418e+00  
  8.134716302123e-08  ,2.559304881776e+00  
  8.144716378268e-08  ,2.461592322433e+00  
  8.154716454413e-08  ,2.363302428390e+00  
  8.164716530558e-08  ,2.264478879112e+00  
  8.174716606703e-08  ,2.165165545675e+00  
  8.184716682848e-08  ,2.065406470844e+00  
  8.194716758993e-08  ,1.965245849109e+00  
  8.204716835138e-08  ,1.864728007633e+00  
  8.214716911283e-08  ,1.763897382402e+00  
  8.224716987428e-08  ,1.662798503675e+00  
  8.234717063573e-08  ,1.561475972386e+00  
  8.244717139718e-08  ,1.459974440821e+00  
  8.254717215863e-08  ,1.358338592525e+00  
  8.264717292007e-08  ,1.256613122214e+00  
  8.274717368152e-08  ,1.154842715698e+00  
  8.284717444297e-08  ,1.053072029835e+00  
  8.294717520442e-08  ,9.513456725113e-01  
  8.304717596587e-08  ,8.497081826816e-01  
  8.314717672732e-08  ,7.482040104485e-01  
  8.324717748877e-08  ,6.468774972138e-01  
  8.334717825022e-08  ,5.457728558995e-01  
  8.344717901167e-08  ,4.449341512483e-01  
  8.354717977312e-08  ,3.444052802151e-01  
  8.364718053457e-08  ,2.442299524556e-01  
  8.374718129602e-08  ,1.444516709218e-01  
  8.384718205747e-08  ,4.511371257319e-02  
  8.394718281892e-08  ,-5.374089078844e-02  
  8.404718358037e-08  ,-1.520693715521e-01  
  8.414718434182e-08  ,-2.498292451898e-01  
  8.424718510326e-08  ,-3.469783289993e-01  
  8.434718586471e-08  ,-4.434747606908e-01  
  8.444718662616e-08  ,-5.392770168065e-01  
  8.454718738761e-08  ,-6.343439309684e-01  
  8.464718814906e-08  ,-7.286347119435e-01  
  8.474718891051e-08  ,-8.221089615198e-01  
  8.484718967196e-08  ,-9.147266921855e-01  
  8.494719043341e-08  ,-1.006448344603e+00  
  8.504719119486e-08  ,-1.097234804870e+00  
  8.514719195631e-08  ,-1.187047421561e+00  
  8.524719271776e-08  ,-1.275848022542e+00  
  8.534719347921e-08  ,-1.363598931549e+00  
  8.544719424066e-08  ,-1.450262984528e+00  
  8.554719500211e-08  ,-1.535803545717e+00  
  8.564719576356e-08  ,-1.620184523488e+00  
  8.574719652500e-08  ,-1.703370385908e+00  
  8.584719728645e-08  ,-1.785326176046e+00  
  8.594719804790e-08  ,-1.866017526992e+00  
  8.604719880935e-08  ,-1.945410676606e+00  
  8.614719957080e-08  ,-2.023472481965e+00  
  8.624720033225e-08  ,-2.100170433524e+00  
  8.634720109370e-08  ,-2.175472668976e+00  
  8.644720185515e-08  ,-2.249347986800e+00  
  8.654720261660e-08  ,-2.321765859501e+00  
  8.664720337805e-08  ,-2.392696446530e+00  
  8.674720413950e-08  ,-2.462110606881e+00  
  8.684720490095e-08  ,-2.529979911360e+00  
  8.694720566240e-08  ,-2.596276654519e+00  
  8.704720642385e-08  ,-2.660973866251e+00  
  8.714720718530e-08  ,-2.724045323043e+00  
  8.724720794674e-08  ,-2.785465558879e+00  
  8.734720870819e-08  ,-2.845209875791e+00  
  8.744720946964e-08  ,-2.903254354051e+00  
  8.754721023109e-08  ,-2.959575862005e+00  
  8.764721099254e-08  ,-3.014152065543e+00  
  8.774721175399e-08  ,-3.066961437190e+00  
  8.784721251544e-08  ,-3.117983264838e+00  
  8.794721327689e-08  ,-3.167197660095e+00  
  8.804721403834e-08  ,-3.214585566250e+00  
  8.814721479979e-08  ,-3.260128765865e+00  
  8.824721556124e-08  ,-3.303809887976e+00  
  8.834721632269e-08  ,-3.345612414908e+00  
  8.844721708414e-08  ,-3.385520688695e+00  
  8.854721784559e-08  ,-3.423519917113e+00  
  8.864721860704e-08  ,-3.459596179314e+00  
  8.874721936848e-08  ,-3.493736431062e+00  
  8.884722012993e-08  ,-3.525928509575e+00  
  8.894722089138e-08  ,-3.556161137955e+00  
  8.904722165283e-08  ,-3.584423929232e+00  
  8.914722241428e-08  ,-3.610707389986e+00  
  8.924722317573e-08  ,-3.635002923582e+00  
  8.934722393718e-08  ,-3.657302832982e+00  
  8.944722469863e-08  ,-3.677600323166e+00  
  8.954722546008e-08  ,-3.695889503134e+00  
  8.964722622153e-08  ,-3.712165387509e+00  
  8.974722698298e-08  ,-3.726423897725e+00  
  8.984722774443e-08  ,-3.738661862812e+00  
  8.994722850588e-08  ,-3.748877019772e+00  
  9.004722926733e-08  ,-3.757068013547e+00  
  9.014723002878e-08  ,-3.763234396581e+00  
  9.024723079022e-08  ,-3.767376627971e+00  
  9.034723155167e-08  ,-3.769496072223e+00  
  9.044723231312e-08  ,-3.769594997590e+00  
  9.054723307457e-08  ,-3.767676574019e+00  
  9.064723383602e-08  ,-3.763744870687e+00  
  9.074723459747e-08  ,-3.757804853139e+00  
  9.084723535892e-08  ,-3.749862380035e+00  
  9.094723612037e-08  ,-3.739924199483e+00  
  9.104723688182e-08  ,-3.727997944998e+00  
  9.114723764327e-08  ,-3.714092131049e+00  
  9.124723840472e-08  ,-3.698216148232e+00  
  9.134723916617e-08  ,-3.680380258043e+00  
  9.144723992762e-08  ,-3.660595587277e+00  
  9.154724068907e-08  ,-3.638874122032e+00  
  9.164724145052e-08  ,-3.615228701351e+00  
  9.174724221197e-08  ,-3.589673010472e+00  
  9.184724297341e-08  ,-3.562221573717e+00  
  9.194724373486e-08  ,-3.532889747008e+00  
  9.204724449631e-08  ,-3.501693710021e+00  
  9.214724525776e-08  ,-3.468650457974e+00  
  9.224724601921e-08  ,-3.433777793066e+00  
  9.234724678066e-08  ,-3.397094315558e+00  
  9.244724754211e-08  ,-3.358619414506e+00  
  9.254724830356e-08  ,-3.318373258156e+00  
  9.264724906501e-08  ,-3.276376783993e+00  
  9.274724982646e-08  ,-3.232651688462e+00  
  9.284725058791e-08  ,-3.187220416358e+00  
  9.294725134936e-08  ,-3.140106149890e+00  
  9.304725211081e-08  ,-3.091332797430e+00  
  9.314725287226e-08  ,-3.040924981951e+00  
  9.324725363371e-08  ,-2.988908029151e+00  
  9.334725439515e-08  ,-2.935307955277e+00  
  9.344725515660e-08  ,-2.880151454662e+00  
  9.354725591805e-08  ,-2.823465886957e+00  
  9.364725667950e-08  ,-2.765279264094e+00  
  9.374725744095e-08  ,-2.705620236958e+00  
  9.384725820240e-08  ,-2.644518081799e+00  
  9.394725896385e-08  ,-2.582002686374e+00  
  9.404725972530e-08  ,-2.518104535826e+00  
  9.414726048675e-08  ,-2.452854698322e+00  
  9.424726124820e-08  ,-2.386284810436e+00  
  9.434726200965e-08  ,-2.318427062299e+00  
  9.444726277110e-08  ,-2.249314182515e+00  
  9.454726353255e-08  ,-2.178979422859e+00  
  9.464726429400e-08  ,-2.107456542748e+00  
  9.474726505545e-08  ,-2.034779793508e+00  
  9.484726581689e-08  ,-1.960983902444e+00  
  9.494726657834e-08  ,-1.886104056700e+00  
  9.504726733979e-08  ,-1.810175886947e+00  
  9.514726810124e-08  ,-1.733235450881e+00  
  9.524726886269e-08  ,-1.655319216552e+00  
  9.534726962414e-08  ,-1.576464045528e+00  
  9.544727038559e-08  ,-1.496707175903e+00  
  9.554727114704e-08  ,-1.416086205152e+00  
  9.564727190849e-08  ,-1.334639072847e+00  
  9.574727266994e-08  ,-1.252404043244e+00  
  9.584727343139e-08  ,-1.169419687733e+00  
  9.594727419284e-08  ,-1.085724867186e+00  
  9.604727495429e-08  ,-1.001358714181e+00  
  9.614727571574e-08  ,-9.163606151305e-01  
  9.624727647719e-08  ,-8.307701923234e-01  
  9.634727723863e-08  ,-7.446272858705e-01  
  9.644727800008e-08  ,-6.579719355799e-01  
  9.654727876153e-08  ,-5.708443627632e-01  
  9.664727952298e-08  ,-4.832849519797e-01  
  9.674728028443e-08  ,-3.953342327301e-01  
  9.684728104588e-08  ,-3.070328623666e-01  
  9.694728180733e-08  ,-2.184216027671e-01  
  9.704728256878e-08  ,-1.295413091037e-01  
  9.714728333023e-08  ,-4.043290686738e-02  
  9.724728409168e-08  ,4.886262556641e-02  
  9.734728485313e-08  ,1.383042753624e-01  
  9.744728561458e-08  ,2.278510136581e-01  
  9.754728637603e-08  ,3.174618139862e-01  
  9.764728713748e-08  ,4.070956706770e-01  
  9.774728789893e-08  ,4.967116172294e-01  
  9.784728866037e-08  ,5.862687446446e-01  
  9.794728942182e-08  ,6.757262197115e-01  
  9.804729018327e-08  ,7.650433032378e-01  
  9.814729094472e-08  ,8.541793682168e-01  
  9.824729170617e-08  ,9.430939179239e-01  
  9.834729246762e-08  ,1.031746603933e+00  
  9.844729322907e-08  ,1.120097244044e+00  
  9.854729399052e-08  ,1.208105840119e+00  
  9.864729475197e-08  ,1.295732595811e+00  
  9.874729551342e-08  ,1.382937934182e+00  
  9.884729627487e-08  ,1.469682515205e+00  
  9.894729703632e-08  ,1.555927253138e+00  
  9.904729779777e-08  ,1.641633333760e+00  
  9.914729855922e-08  ,1.726762231473e+00  
  9.924729932067e-08  ,1.811275726246e+00  
  9.934730008211e-08  ,1.895135920407e+00  
  9.944730084356e-08  ,1.978305255275e+00  
  9.954730160501e-08  ,2.060746527607e+00  
  9.964730236646e-08  ,2.142422905883e+00  
  9.974730312791e-08  ,2.223297946392e+00  
  9.984730388936e-08  ,2.303335609134e+00  
  9.994730465081e-08  ,2.382500273519e+00  
  1.000473054123e-07  ,2.460756753856e+00  
  1.001473061737e-07  ,2.538070314636e+00  
  1.002473069352e-07  ,2.614406685591e+00  
  1.003473076966e-07  ,2.689732076526e+00  
  1.004473084581e-07  ,2.764013191923e+00  
  1.005473092195e-07  ,2.837217245298e+00  
  1.006473099810e-07  ,2.909311973322e+00  
  1.007473107424e-07  ,2.980265649685e+00  
  1.008473115039e-07  ,3.050047098705e+00  
  1.009473122653e-07  ,3.118625708673e+00  
  1.010473130268e-07  ,3.185971444929e+00  
  1.011473137882e-07  ,3.252054862670e+00  
  1.012473145497e-07  ,3.316847119466e+00  
  1.013473153111e-07  ,3.380319987505e+00  
  1.014473160726e-07  ,3.442445865537e+00  
  1.015473168340e-07  ,3.503197790530e+00  
  1.016473175954e-07  ,3.562549449023e+00  
  1.017473183569e-07  ,3.620475188176e+00  
  1.018473191183e-07  ,3.676950026508e+00  
  1.019473198798e-07  ,3.731949664322e+00  
  1.020473206412e-07  ,3.785450493817e+00  
  1.021473214027e-07  ,3.837429608869e+00  
  1.022473221641e-07  ,3.887864814493e+00  
  1.023473229256e-07  ,3.936734635972e+00  
  1.024473236870e-07  ,3.984018327653e+00  
  1.025473244485e-07  ,4.029695881404e+00  
  1.026473252099e-07  ,4.073748034732e+00  
  1.027473259714e-07  ,4.116156278555e+00  
  1.028473267328e-07  ,4.156902864633e+00  
  1.029473274943e-07  ,4.195970812637e+00  
  1.030473282557e-07  ,4.233343916878e+00  
  1.031473290172e-07  ,4.269006752675e+00  
  1.032473297786e-07  ,4.302944682360e+00  
  1.033473305401e-07  ,4.335143860934e+00  
  1.034473313015e-07  ,4.365591241352e+00  
  1.035473320630e-07  ,4.394274579445e+00  
  1.036473328244e-07  ,4.421182438483e+00  
  1.037473335859e-07  ,4.446304193357e+00  
  1.038473343473e-07  ,4.469630034408e+00  
  1.039473351088e-07  ,4.491150970871e+00  
  1.040473358702e-07  ,4.510858833960e+00  
  1.041473366317e-07  ,4.528746279569e+00  
  1.042473373931e-07  ,4.544806790608e+00  
  1.043473381546e-07  ,4.559034678964e+00  
  1.044473389160e-07  ,4.571425087084e+00  
  1.045473396775e-07  ,4.581973989189e+00  
  1.046473404389e-07  ,4.590678192104e+00  
  1.047473412004e-07  ,4.597535335726e+00  
  1.048473419618e-07  ,4.602543893111e+00  
  1.049473427233e-07  ,4.605703170181e+00  
  1.050473434847e-07  ,4.607013305070e+00  
  1.051473442462e-07  ,4.606475267090e+00  
  1.052473450076e-07  ,4.604090855324e+00  
  1.053473457691e-07  ,4.599862696853e+00  
  1.054473465305e-07  ,4.593794244612e+00  
  1.055473472920e-07  ,4.585889774874e+00  
  1.056473480534e-07  ,4.576154384372e+00  
  1.057473488149e-07  ,4.564593987057e+00  
  1.058473495763e-07  ,4.551215310488e+00  
  1.059473503378e-07  ,4.536025891866e+00  
  1.060473510992e-07  ,4.519034073703e+00  
  1.061473518607e-07  ,4.500248999146e+00  
  1.062473526221e-07  ,4.479680606933e+00  
  1.063473533836e-07  ,4.457339626012e+00  
  1.064473541450e-07  ,4.433237569795e+00  
  1.065473549065e-07  ,4.407386730088e+00  
  1.066473556679e-07  ,4.379800170656e+00  
  1.067473564294e-07  ,4.350491720468e+00  
  1.068473571908e-07  ,4.319475966593e+00  
  1.069473579523e-07  ,4.286768246776e+00  
  1.070473587137e-07  ,4.252384641672e+00  
  1.071473594752e-07  ,4.216341966768e+00  
  1.072473602366e-07  ,4.178657763979e+00  
  1.073473609981e-07  ,4.139350292925e+00  
  1.074473617595e-07  ,4.098438521906e+00  
  1.075473625210e-07  ,4.055942118558e+00  
  1.076473632824e-07  ,4.011881440212e+00  
  1.077473640439e-07  ,3.966277523954e+00  
  1.078473648053e-07  ,3.919152076392e+00  
  1.079473655668e-07  ,3.870527463135e+00  
  1.080473663282e-07  ,3.820426697984e+00  
  1.081473670897e-07  ,3.768873431849e+00  
  1.082473678511e-07  ,3.715891941393e+00  
  1.083473686126e-07  ,3.661507117409e+00  
  1.084473693740e-07  ,3.605744452928e+00  
  1.085473701355e-07  ,3.548630031082e+00  
  1.086473708969e-07  ,3.490190512705e+00  
  1.087473716584e-07  ,3.430453123697e+00  
  1.088473724198e-07  ,3.369445642147e+00  
  1.089473731813e-07  ,3.307196385220e+00  
  1.090473739427e-07  ,3.243734195822e+00  
  1.091473747042e-07  ,3.179088429043e+00  
  1.092473754656e-07  ,3.113288938384e+00  
  1.093473762270e-07  ,3.046366061776e+00  
  1.094473769885e-07  ,2.978350607406e+00  
  1.095473777499e-07  ,2.909273839334e+00  
  1.096473785114e-07  ,2.839167462936e+00  
  1.097473792728e-07  ,2.768063610158e+00  
  1.098473800343e-07  ,2.695994824599e+00  
  1.099473807957e-07  ,2.622994046423e+00  
  1.100473815572e-07  ,2.549094597115e+00  
  1.101473823186e-07  ,2.474330164082e+00  
  1.102473830801e-07  ,2.398734785105e+00  
  1.103473838415e-07  ,2.322342832657e+00  
  1.104473846030e-07  ,2.245188998084e+00  
  1.105473853644e-07  ,2.167308275664e+00  
  1.106473861259e-07  ,2.088735946549e+00  
  1.107473868873e-07  ,2.009507562595e+00  
  1.108473876488e-07  ,1.929658930090e+00  
  1.109473884102e-07  ,1.849226093388e+00  
  1.110473891717e-07  ,1.768245318453e+00  
  1.111473899331e-07  ,1.686753076326e+00  
  1.112473906946e-07  ,1.604786026515e+00  
  1.113473914560e-07  ,1.522381000322e+00  
  1.114473922175e-07  ,1.439574984113e+00  
  1.115473929789e-07  ,1.356405102536e+00  
  1.116473937404e-07  ,1.272908601699e+00  
  1.117473945018e-07  ,1.189122832774e+00  
  1.118473952633e-07  ,1.105085233730e+00  
  1.119473960247e-07  ,1.020833312297e+00  
  1.120473967862e-07  ,9.364046340252e-01  
  1.121473975476e-07  ,8.518367981123e-01  
  1.122473983091e-07  ,7.671674246663e-01  
  1.123473990705e-07  ,6.824341369572e-01  
  1.124473998320e-07  ,5.976745445123e-01  
  1.125474005934e-07  ,5.129262262477e-01  
  1.126474013549e-07  ,4.282267136348e-01  
  1.127474021163e-07  ,3.436134739102e-01  
  1.128474028778e-07  ,2.591238933328e-01  
  1.129474036392e-07  ,1.747952604984e-01  
  1.130474044007e-07  ,9.066474971602e-02  
  1.131474051621e-07  ,6.769404456035e-03  
  1.132474059236e-07  ,-7.685387912433e-02  
  1.133474066850e-07  ,-1.601683685700e-01  
  1.134474074465e-07  ,-2.431375114248e-01  
  1.135474082079e-07  ,-3.257249514281e-01  
  1.136474089694e-07  ,-4.078945446047e-01  
  1.137474097308e-07  ,-4.896103752409e-01  
  1.138474104923e-07  ,-5.708367717397e-01  
  1.139474112537e-07  ,-6.515383223470e-01  
  1.140474120152e-07  ,-7.316798907444e-01  
  1.141474127766e-07  ,-8.112266314990e-01  
  1.142474135381e-07  ,-8.901440053653e-01  
  1.143474142995e-07  ,-9.683977944316e-01  
  1.144474150610e-07  ,-1.045954117105e+00  
  1.145474158224e-07  ,-1.122779442927e+00  
  1.146474165839e-07  ,-1.198840607216e+00  
  1.147474173453e-07  ,-1.274104825527e+00  
  1.148474181068e-07  ,-1.348539707923e+00  
  1.149474188682e-07  ,-1.422113273057e+00  
  1.150474196297e-07  ,-1.494793962049e+00  
  1.151474203911e-07  ,-1.566550652161e+00  
  1.152474211526e-07  ,-1.637352670255e+00  
  1.153474219140e-07  ,-1.707169806046e+00  
  1.154474226755e-07  ,-1.775972325112e+00  
  1.155474234369e-07  ,-1.843730981696e+00  
  1.156474241984e-07  ,-1.910417031259e+00  
  1.157474249598e-07  ,-1.976002242799e+00  
  1.158474257213e-07  ,-2.040458910928e+00  
  1.159474264827e-07  ,-2.103759867692e+00  
  1.160474272442e-07  ,-2.165878494142e+00  
  1.161474280056e-07  ,-2.226788731643e+00  
  1.162474287671e-07  ,-2.286465092916e+00  
  1.163474295285e-07  ,-2.344882672816e+00  
  1.164474302900e-07  ,-2.402017158831e+00  
  1.165474310514e-07  ,-2.457844841307e+00  
  1.166474318129e-07  ,-2.512342623385e+00  
  1.167474325743e-07  ,-2.565488030659e+00  
  1.168474333357e-07  ,-2.617259220535e+00  
  1.169474340972e-07  ,-2.667634991304e+00  
  1.170474348586e-07  ,-2.716594790910e+00  
  1.171474356201e-07  ,-2.764118725416e+00  
  1.172474363815e-07  ,-2.810187567177e+00  
  1.173474371430e-07  ,-2.854782762682e+00  
  1.174474379044e-07  ,-2.897886440111e+00  
  1.175474386659e-07  ,-2.939481416552e+00  
  1.176474394273e-07  ,-2.979551204920e+00  
  1.177474401888e-07  ,-3.018080020546e+00  
  1.178474409502e-07  ,-3.055052787441e+00  
  1.179474417117e-07  ,-3.090455144247e+00  
  1.180474424731e-07  ,-3.124273449845e+00  
  1.181474432346e-07  ,-3.156494788645e+00  
  1.182474439960e-07  ,-3.187106975536e+00  
  1.183474447575e-07  ,-3.216098560513e+00  
  1.184474455189e-07  ,-3.243458832957e+00  
  1.185474462804e-07  ,-3.269177825584e+00  
  1.186474470418e-07  ,-3.293246318060e+00  
  1.187474478033e-07  ,-3.315655840269e+00  
  1.188474485647e-07  ,-3.336398675245e+00  
  1.189474493262e-07  ,-3.355467861764e+00  
  1.190474500876e-07  ,-3.372857196589e+00  
  1.191474508491e-07  ,-3.388561236377e+00  
  1.192474516105e-07  ,-3.402575299243e+00  
  1.193474523720e-07  ,-3.414895465976e+00  
  1.194474531334e-07  ,-3.425518580918e+00  
  1.195474538949e-07  ,-3.434442252493e+00  
  1.196474546563e-07  ,-3.441664853399e+00  
  1.197474554178e-07  ,-3.447185520452e+00  
  1.198474561792e-07  ,-3.451004154088e+00  
  1.199474569407e-07  ,-3.453121417528e+00  
  1.200474577021e-07  ,-3.453538735595e+00  
  1.201474584636e-07  ,-3.452258293197e+00  
  1.202474592250e-07  ,-3.449283033462e+00  
  1.203474599865e-07  ,-3.444616655549e+00  
  1.204474607479e-07  ,-3.438263612108e+00  
  1.205474615094e-07  ,-3.430229106412e+00  
  1.206474622708e-07  ,-3.420519089157e+00  
  1.207474630323e-07  ,-3.409140254926e+00  
  1.208474637937e-07  ,-3.396100038326e+00  
  1.209474645552e-07  ,-3.381406609798e+00  
  1.210474653166e-07  ,-3.365068871096e+00  
  1.211474660781e-07  ,-3.347096450455e+00  
  1.212474668395e-07  ,-3.327499697425e+00  
  1.213474676010e-07  ,-3.306289677396e+00  
  1.214474683624e-07  ,-3.283478165806e+00  
  1.215474691239e-07  ,-3.259077642035e+00  
  1.216474698853e-07  ,-3.233101282994e+00  
  1.217474706468e-07  ,-3.205562956405e+00  
  1.218474714082e-07  ,-3.176477213779e+00  
  1.219474721697e-07  ,-3.145859283100e+00  
  1.220474729311e-07  ,-3.113725061206e+00  
  1.221474736926e-07  ,-3.080091105884e+00  
  1.222474744540e-07  ,-3.044974627680e+00  
  1.223474752155e-07  ,-3.008393481414e+00  
  1.224474759769e-07  ,-2.970366157433e+00  
  1.225474767384e-07  ,-2.930911772570e+00  
  1.226474774998e-07  ,-2.890050060850e+00  
  1.227474782613e-07  ,-2.847801363917e+00  
  1.228474790227e-07  ,-2.804186621202e+00  
  1.229474797842e-07  ,-2.759227359841e+00  
  1.230474805456e-07  ,-2.712945684332e+00  
  1.231474813071e-07  ,-2.665364265952e+00  
  1.232474820685e-07  ,-2.616506331924e+00  
  1.233474828300e-07  ,-2.566395654355e+00  
  1.234474835914e-07  ,-2.515056538938e+00  
  1.235474843529e-07  ,-2.462513813428e+00  
  1.236474851143e-07  ,-2.408792815900e+00  
  1.237474858758e-07  ,-2.353919382783e+00  
  1.238474866372e-07  ,-2.297919836699e+00  
  1.239474873987e-07  ,-2.240820974080e+00  
  1.240474881601e-07  ,-2.182650052604e+00  
  1.241474889216e-07  ,-2.123434778425e+00  
  1.242474896830e-07  ,-2.063203293224e+00  
  1.243474904444e-07  ,-2.001984161078e+00  
  1.244474912059e-07  ,-1.939806355154e+00  
  1.245474919673e-07  ,-1.876699244235e+00  
  1.246474927288e-07  ,-1.812692579081e+00  
  1.247474934902e-07  ,-1.747816478643e+00  
  1.248474942517e-07  ,-1.682101416121e+00  
  1.249474950131e-07  ,-1.615578204876e+00  
  1.250474957746e-07  ,-1.548277984215e+00  
  1.251474965360e-07  ,-1.480232205040e+00  
  1.252474972975e-07  ,-1.411472615374e+00  
  1.253474980589e-07  ,-1.342031245775e+00  
  1.254474988204e-07  ,-1.271940394632e+00  
  1.255474995818e-07  ,-1.201232613366e+00  
  1.256475003433e-07  ,-1.129940691532e+00  
  1.257475011047e-07  ,-1.058097641827e+00  
  1.258475018662e-07  ,-9.857366850231e-01  
  1.259475026276e-07  ,-9.128912348177e-01  
  1.260475033891e-07  ,-8.395948826195e-01  
  1.261475041505e-07  ,-7.658813822694e-01  
  1.262475049120e-07  ,-6.917846347079e-01  
  1.263475056734e-07  ,-6.173386725937e-01  
  1.264475064349e-07  ,-5.425776448811e-01  
  1.265475071963e-07  ,-4.675358020860e-01  
  1.266475079578e-07  ,-3.922474792291e-01  
  1.267475087192e-07  ,-3.167470802357e-01  
  1.268475094807e-07  ,-2.410690641711e-01  
  1.269475102421e-07  ,-1.652479298467e-01  
  1.270475110036e-07  ,-8.931819872982e-02  
  1.271475117650e-07  ,-1.331440002648e-02  
  1.272475125265e-07  ,6.272894480040e-02  
  1.273475132879e-07  ,1.387773375042e-01  
  1.274475140494e-07  ,2.147963185040e-01  
  1.275475148108e-07  ,2.907514823001e-01  
  1.276475155723e-07  ,3.666084928482e-01  
  1.277475163337e-07  ,4.423330988838e-01  
  1.278475170952e-07  ,5.178911491923e-01  
  1.279475178566e-07  ,5.932486078151e-01  
  1.280475186181e-07  ,6.683715691869e-01  
  1.281475193795e-07  ,7.432262731972e-01  
  1.282475201410e-07  ,8.177791201683e-01  
  1.283475209024e-07  ,8.919966857447e-01  
  1.284475216639e-07  ,9.658457356862e-01  
  1.285475224253e-07  ,1.039293240558e+00  
  1.286475231868e-07  ,1.112306390313e+00  
  1.287475239482e-07  ,1.184852608757e+00  
  1.288475247097e-07  ,1.256899567894e+00  
  1.289475254711e-07  ,1.328415202144e+00  
  1.290475262326e-07  ,1.399367722422e+00  
  1.291475269940e-07  ,1.469725630082e+00  
  1.292475277555e-07  ,1.539457730713e+00  
  1.293475285169e-07  ,1.608533147777e+00  
  1.294475292784e-07  ,1.676921336100e+00  
  1.295475300398e-07  ,1.744592095187e+00  
  1.296475308013e-07  ,1.811515582375e+00  
  1.297475315627e-07  ,1.877662325802e+00  
  1.298475323242e-07  ,1.943003237205e+00  
  1.299475330856e-07  ,2.007509624522e+00  
  1.300475338471e-07  ,2.071153204305e+00  
  1.301475346085e-07  ,2.133906113939e+00  
  1.302475353700e-07  ,2.195740923649e+00  
  1.303475361314e-07  ,2.256630648306e+00  
  1.304475368929e-07  ,2.316548759019e+00  
  1.305475376543e-07  ,2.375469194507e+00  
  1.306475384158e-07  ,2.433366372247e+00  
  1.307475391772e-07  ,2.490215199398e+00  
  1.308475399387e-07  ,2.545991083490e+00  
  1.309475407001e-07  ,2.600669942873e+00  
  1.310475414616e-07  ,2.654228216933e+00  
  1.311475422230e-07  ,2.706642876053e+00  
  1.312475429845e-07  ,2.757891431333e+00  
  1.313475437459e-07  ,2.807951944046e+00  
  1.314475445074e-07  ,2.856803034848e+00  
  1.315475452688e-07  ,2.904423892714e+00  
  1.316475460303e-07  ,2.950794283618e+00  
  1.317475467917e-07  ,2.995894558941e+00  
  1.318475475531e-07  ,3.039705663604e+00  
  1.319475483146e-07  ,3.082209143928e+00  
  1.320475490760e-07  ,3.123387155215e+00  
  1.321475498375e-07  ,3.163222469048e+00  
  1.322475505989e-07  ,3.201698480298e+00  
  1.323475513604e-07  ,3.238799213857e+00  
  1.324475521218e-07  ,3.274509331068e+00  
  1.325475528833e-07  ,3.308814135868e+00  
  1.326475536447e-07  ,3.341699580637e+00  
  1.327475544062e-07  ,3.373152271740e+00  
  1.328475551676e-07  ,3.403159474782e+00  
  1.329475559291e-07  ,3.431709119554e+00  
  1.330475566905e-07  ,3.458789804672e+00  
  1.331475574520e-07  ,3.484390801917e+00  
  1.332475582134e-07  ,3.508502060267e+00  
  1.333475589749e-07  ,3.531114209613e+00  
  1.334475597363e-07  ,3.552218564179e+00  
  1.335475604978e-07  ,3.571807125617e+00  
  1.336475612592e-07  ,3.589872585795e+00  
  1.337475620207e-07  ,3.606408329277e+00  
  1.338475627821e-07  ,3.621408435485e+00  
  1.339475635436e-07  ,3.634867680540e+00  
  1.340475643050e-07  ,3.646781538804e+00  
  1.341475650665e-07  ,3.657146184092e+00  
  1.342475658279e-07  ,3.665958490576e+00  
  1.343475665894e-07  ,3.673216033372e+00  
  1.344475673508e-07  ,3.678917088814e+00  
  1.345475681123e-07  ,3.683060634409e+00  
  1.346475688737e-07  ,3.685646348479e+00  
  1.347475696352e-07  ,3.686674609491e+00  
  1.348475703966e-07  ,3.686146495072e+00  
  1.349475711581e-07  ,3.684063780710e+00  
  1.350475719195e-07  ,3.680428938147e+00  
  1.351475726810e-07  ,3.675245133454e+00  
  1.352475734424e-07  ,3.668516224811e+00  
  1.353475742039e-07  ,3.660246759960e+00  
  1.354475749653e-07  ,3.650441973368e+00  
  1.355475757268e-07  ,3.639107783076e+00  
  1.356475764882e-07  ,3.626250787248e+00  
  1.357475772497e-07  ,3.611878260417e+00  
  1.358475780111e-07  ,3.595998149435e+00  
  1.359475787726e-07  ,3.578619069124e+00  
  1.360475795340e-07  ,3.559750297630e+00  
  1.361475802955e-07  ,3.539401771491e+00  
  1.362475810569e-07  ,3.517584080408e+00  
  1.363475818184e-07  ,3.494308461733e+00  
  1.364475825798e-07  ,3.469586794675e+00  
  1.365475833413e-07  ,3.443431594218e+00  
  1.366475841027e-07  ,3.415856004768e+00  
  1.367475848642e-07  ,3.386873793520e+00  
  1.368475856256e-07  ,3.356499343554e+00  
  1.369475863871e-07  ,3.324747646664e+00  
  1.370475871485e-07  ,3.291634295926e+00  
  1.371475879100e-07  ,3.257175477992e+00  
  1.372475886714e-07  ,3.221387965143e+00  
  1.373475894329e-07  ,3.184289107076e+00  
  1.374475901943e-07  ,3.145896822447e+00  
  1.375475909558e-07  ,3.106229590169e+00  
  1.376475917172e-07  ,3.065306440465e+00  
  1.377475924787e-07  ,3.023146945688e+00  
  1.378475932401e-07  ,2.979771210905e+00  
  1.379475940016e-07  ,2.935199864254e+00  
  1.380475947630e-07  ,2.889454047082e+00  
  1.381475955245e-07  ,2.842555403854e+00  
  1.382475962859e-07  ,2.794526071860e+00  
  1.383475970474e-07  ,2.745388670702e+00  
  1.384475978088e-07  ,2.695166291586e+00  
  1.385475985703e-07  ,2.643882486405e+00  
  1.386475993317e-07  ,2.591561256639e+00  
  1.387476000932e-07  ,2.538227042057e+00  
  1.388476008546e-07  ,2.483904709242e+00  
  1.389476016161e-07  ,2.428619539931e+00  
  1.390476023775e-07  ,2.372397219188e+00  
  1.391476031390e-07  ,2.315263823409e+00  
  1.392476039004e-07  ,2.257245808162e+00  
  1.393476046618e-07  ,2.198369995875e+00  
  1.394476054233e-07  ,2.138663563370e+00  
  1.395476061847e-07  ,2.078154029257e+00  
  1.396476069462e-07  ,2.016869241181e+00  
  1.397476077076e-07  ,1.954837362949e+00  
  1.398476084691e-07  ,1.892086861517e+00  
  1.399476092305e-07  ,1.828646493865e+00  
  1.400476099920e-07  ,1.764545293752e+00  
  1.401476107534e-07  ,1.699812558367e+00  
  1.402476115149e-07  ,1.634477834870e+00  
  1.403476122763e-07  ,1.568570906844e+00  
  1.404476130378e-07  ,1.502121780656e+00  
  1.405476137992e-07  ,1.435160671723e+00  
  1.406476145607e-07  ,1.367717990719e+00  
  1.407476153221e-07  ,1.299824329693e+00  
  1.408476160836e-07  ,1.231510448129e+00  
  1.409476168450e-07  ,1.162807258952e+00  
  1.410476176065e-07  ,1.093745814470e+00  
  1.411476183679e-07  ,1.024357292280e+00  
  1.412476191294e-07  ,9.546729811287e-01  
  1.413476198908e-07  ,8.847242676419e-01  
  1.414476206523e-07  ,8.145426185973e-01  
  1.415476214137e-07  ,7.441595718377e-01  
  1.416476221752e-07  ,6.736067187907e-01  
  1.417476229366e-07  ,6.029156909488e-01  
  1.418476236981e-07  ,5.321181456413e-01  
  1.419476244595e-07  ,4.612457518020e-01  
  1.420476252210e-07  ,3.903301757444e-01  
  1.421476259824e-07  ,3.194030669541e-01  
  1.422476267439e-07  ,2.484960439040e-01  
  1.423476275053e-07  ,1.776406799009e-01  
  1.424476282668e-07  ,1.068684889680e-01  
  1.425476290282e-07  ,3.621091177048e-02  
  1.426476297897e-07  ,-3.430069840912e-02  
  1.427476305511e-07  ,-1.046350896408e-01  
  1.428476313126e-07  ,-1.747611252544e-01  
  1.429476320740e-07  ,-2.446477976799e-01  
  1.430476328355e-07  ,-3.142642422129e-01  
  1.431476335969e-07  ,-3.835797507004e-01  
  1.432476343584e-07  ,-4.525637851404e-01  
  1.433476351198e-07  ,-5.211859911892e-01  
  1.434476358813e-07  ,-5.894162115704e-01  
  1.435476366427e-07  ,-6.572244993807e-01  
  1.436476374042e-07  ,-7.245811312843e-01  
  1.437476381656e-07  ,-7.914566205932e-01  
  1.438476389271e-07  ,-8.578217302251e-01  
  1.439476396885e-07  ,-9.236474855347e-01  
  1.440476404500e-07  ,-9.889051870118e-01  
  1.441476412114e-07  ,-1.053566422842e+00  
  1.442476419729e-07  ,-1.117603081321e+00  
  1.443476427343e-07  ,-1.180987363126e+00  
  1.444476434958e-07  ,-1.243691793425e+00  
  1.445476442572e-07  ,-1.305689233831e+00  
  1.446476450187e-07  ,-1.366952894190e+00  
  1.447476457801e-07  ,-1.427456344199e+00  
  1.448476465416e-07  ,-1.487173524850e+00  
  1.449476473030e-07  ,-1.546078759693e+00  
  1.450476480645e-07  ,-1.604146765914e+00  
  1.451476488259e-07  ,-1.661352665224e+00  
  1.452476495874e-07  ,-1.717671994553e+00  
  1.453476503488e-07  ,-1.773080716548e+00  
  1.454476511103e-07  ,-1.827555229862e+00  
  1.455476518717e-07  ,-1.881072379242e+00  
  1.456476526332e-07  ,-1.933609465402e+00  
  1.457476533946e-07  ,-1.985144254678e+00  
  1.458476541561e-07  ,-2.035654988465e+00  
  1.459476549175e-07  ,-2.085120392431e+00  
  1.460476556790e-07  ,-2.133519685500e+00  
  1.461476564404e-07  ,-2.180832588605e+00  
  1.462476572019e-07  ,-2.227039333205e+00  
  1.463476579633e-07  ,-2.272120669564e+00  
  1.464476587248e-07  ,-2.316057874787e+00  
  1.465476594862e-07  ,-2.358832760607e+00  
  1.466476602476e-07  ,-2.400427680929e+00  
  1.467476610091e-07  ,-2.440825539117e+00  
  1.468476617705e-07  ,-2.480009795031e+00  
  1.469476625320e-07  ,-2.517964471797e+00  
  1.470476632934e-07  ,-2.554674162330e+00  
  1.471476640549e-07  ,-2.590124035579e+00  
  1.472476648163e-07  ,-2.624299842518e+00  
  1.473476655778e-07  ,-2.657187921861e+00  
  1.474476663392e-07  ,-2.688775205514e+00  
  1.475476671007e-07  ,-2.719049223745e+00  
  1.476476678621e-07  ,-2.747998110089e+00  
  1.477476686236e-07  ,-2.775610605973e+00  
  1.478476693850e-07  ,-2.801876065057e+00  
  1.479476701465e-07  ,-2.826784457307e+00  
  1.480476709079e-07  ,-2.850326372778e+00  
  1.481476716694e-07  ,-2.872493025115e+00  
  1.482476724308e-07  ,-2.893276254776e+00  
  1.483476731923e-07  ,-2.912668531960e+00  
  1.484476739537e-07  ,-2.930662959264e+00  
  1.485476747152e-07  ,-2.947253274036e+00  
  1.486476754766e-07  ,-2.962433850454e+00  
  1.487476762381e-07  ,-2.976199701308e+00  
  1.488476769995e-07  ,-2.988546479501e+00  
  1.489476777610e-07  ,-2.999470479257e+00  
  1.490476785224e-07  ,-3.008968637036e+00  
  1.491476792839e-07  ,-3.017038532169e+00  
  1.492476800453e-07  ,-3.023678387196e+00  
  1.493476808068e-07  ,-3.028887067919e+00  
  1.494476815682e-07  ,-3.032664083166e+00  
  1.495476823297e-07  ,-3.035009584265e+00  
  1.496476830911e-07  ,-3.035924364231e+00  
  1.497476838526e-07  ,-3.035409856668e+00  
  1.498476846140e-07  ,-3.033468134385e+00  
  1.499476853755e-07  ,-3.030101907721e+00  
  1.500476861369e-07  ,-3.025314522592e+00  
  1.501476868984e-07  ,-3.019109958256e+00  
  1.502476876598e-07  ,-3.011492824791e+00  
  1.503476884213e-07  ,-3.002468360296e+00  
  1.504476891827e-07  ,-2.992042427814e+00  
  1.505476899442e-07  ,-2.980221511975e+00  
  1.506476907056e-07  ,-2.967012715372e+00  
  1.507476914671e-07  ,-2.952423754651e+00  
  1.508476922285e-07  ,-2.936462956342e+00  
  1.509476929900e-07  ,-2.919139252415e+00  
  1.510476937514e-07  ,-2.900462175572e+00  
  1.511476945129e-07  ,-2.880441854272e+00  
  1.512476952743e-07  ,-2.859089007498e+00  
  1.513476960358e-07  ,-2.836414939261e+00  
  1.514476967972e-07  ,-2.812431532853e+00  
  1.515476975587e-07  ,-2.787151244844e+00  
  1.516476983201e-07  ,-2.760587098824e+00  
  1.517476990816e-07  ,-2.732752678909e+00  
  1.518476998430e-07  ,-2.703662122990e+00  
  1.519477006045e-07  ,-2.673330115754e+00  
  1.520477013659e-07  ,-2.641771881456e+00  
  1.521477021274e-07  ,-2.609003176467e+00  
  1.522477028888e-07  ,-2.575040281582e+00  
  1.523477036503e-07  ,-2.539899994113e+00  
  1.524477044117e-07  ,-2.503599619752e+00  
  1.525477051732e-07  ,-2.466156964213e+00  
  1.526477059346e-07  ,-2.427590324668e+00  
  1.527477066961e-07  ,-2.387918480963e+00  
  1.528477074575e-07  ,-2.347160686636e+00  
  1.529477082190e-07  ,-2.305336659725e+00  
  1.530477089804e-07  ,-2.262466573386e+00  
  1.531477097419e-07  ,-2.218571046309e+00  
  1.532477105033e-07  ,-2.173671132954e+00  
  1.533477112648e-07  ,-2.127788313596e+00  
  1.534477120262e-07  ,-2.080944484195e+00  
  1.535477127877e-07  ,-2.033161946087e+00  
  1.536477135491e-07  ,-1.984463395507e+00  
  1.537477143106e-07  ,-1.934871912950e+00  
  1.538477150720e-07  ,-1.884410952368e+00  
  1.539477158335e-07  ,-1.833104330210e+00  
  1.540477165949e-07  ,-1.780976214320e+00  
  1.541477173563e-07  ,-1.728051112681e+00  
  1.542477181178e-07  ,-1.674353862024e+00  
  1.543477188792e-07  ,-1.619909616307e+00  
  1.544477196407e-07  ,-1.564743835053e+00  
  1.545477204021e-07  ,-1.508882271579e+00  
  1.546477211636e-07  ,-1.452350961092e+00  
  1.547477219250e-07  ,-1.395176208687e+00  
  1.548477226865e-07  ,-1.337384577225e+00  
  1.549477234479e-07  ,-1.279002875120e+00  
  1.550477242094e-07  ,-1.220058144020e+00  
  1.551477249708e-07  ,-1.160577646406e+00  
  1.552477257323e-07  ,-1.100588853103e+00  
  1.553477264937e-07  ,-1.040119430708e+00  
  1.554477272552e-07  ,-9.791972289541e-01  
  1.555477280166e-07  ,-9.178502679978e-01  
  1.556477287781e-07  ,-8.561067256500e-01  
  1.557477295395e-07  ,-7.939949245489e-01  
  1.558477303010e-07  ,-7.315433192837e-01  
  1.559477310624e-07  ,-6.687804834735e-01  
  1.560477318239e-07  ,-6.057350968082e-01  
  1.561477325853e-07  ,-5.424359331456e-01  
  1.562477333468e-07  ,-4.789118432272e-01  
  1.563477341082e-07  ,-4.151917478405e-01  
  1.564477348697e-07  ,-3.513046208426e-01  
  1.565477356311e-07  ,-2.872794769665e-01  
  1.566477363926e-07  ,-2.231453587731e-01  
  1.567477371540e-07  ,-1.589313235935e-01  
  1.568477379155e-07  ,-9.466643047484e-02  
  1.569477386769e-07  ,-3.037972714098e-02  
  1.570477394384e-07  ,3.389976302866e-02  
  1.571477401998e-07  ,9.814305399340e-02  
  1.572477409613e-07  ,1.623212100142e-01  
  1.573477417227e-07  ,2.264053585787e-01  
  1.574477424842e-07  ,2.903667032834e-01  
  1.575477432456e-07  ,3.541765366658e-01  
  1.576477440071e-07  ,4.178062529829e-01  
  1.577477447685e-07  ,4.812273609283e-01  
  1.578477455300e-07  ,5.444114962833e-01  
  1.579477462914e-07  ,6.073304344968e-01  
  1.580477470529e-07  ,6.699561031875e-01  
  1.581477478143e-07  ,7.322605945634e-01  
  1.582477485758e-07  ,7.942161777527e-01  
  1.583477493372e-07  ,8.557953110419e-01  
  1.584477500987e-07  ,9.169706540133e-01  
  1.585477508601e-07  ,9.777150795800e-01  
  1.586477516216e-07  ,1.038001685909e+00  
  1.587477523830e-07  ,1.097803808233e+00  
  1.588477531445e-07  ,1.157095030534e+00  
  1.589477539059e-07  ,1.215849197115e+00  
  1.590477546674e-07  ,1.274040424028e+00  
  1.591477554288e-07  ,1.331643110376e+00  
  1.592477561903e-07  ,1.388631949467e+00  
  1.593477569517e-07  ,1.444981939832e+00  
  1.594477577132e-07  ,1.500668396089e+00  
  1.595477584746e-07  ,1.555666959647e+00  
  1.596477592361e-07  ,1.609953609261e+00  
  1.597477599975e-07  ,1.663504671417e+00  
  1.598477607590e-07  ,1.716296830549e+00  
  1.599477615204e-07  ,1.768307139089e+00  
  1.600477622819e-07  ,1.819513027329e+00  
  1.601477630433e-07  ,1.869892313118e+00  
  1.602477638048e-07  ,1.919423211357e+00  
  1.603477645662e-07  ,1.968084343318e+00  
  1.604477653277e-07  ,2.015854745761e+00  
  1.605477660891e-07  ,2.062713879861e+00  
  1.606477668506e-07  ,2.108641639926e+00  
  1.607477676120e-07  ,2.153618361922e+00  
  1.608477683735e-07  ,2.197624831775e+00  
  1.609477691349e-07  ,2.240642293477e+00  
  1.610477698964e-07  ,2.282652456962e+00  
  1.611477706578e-07  ,2.323637505780e+00  
  1.612477714193e-07  ,2.363580104534e+00  
  1.613477721807e-07  ,2.402463406102e+00  
  1.614477729422e-07  ,2.440271058629e+00  
  1.615477737036e-07  ,2.476987212288e+00  
  1.616477744650e-07  ,2.512596525810e+00  
  1.617477752265e-07  ,2.547084172773e+00  
  1.618477759879e-07  ,2.580435847661e+00  
  1.619477767494e-07  ,2.612637771672e+00  
  1.620477775108e-07  ,2.643676698294e+00  
  1.621477782723e-07  ,2.673539918627e+00  
  1.622477790337e-07  ,2.702215266460e+00  
  1.623477797952e-07  ,2.729691123100e+00  
  1.624477805566e-07  ,2.755956421952e+00  
  1.625477813181e-07  ,2.781000652836e+00  
  1.626477820795e-07  ,2.804813866063e+00  
  1.627477828410e-07  ,2.827386676243e+00  
  1.628477836024e-07  ,2.848710265844e+00  
  1.629477843639e-07  ,2.868776388485e+00  
  1.630477851253e-07  ,2.887577371975e+00  
  1.631477858868e-07  ,2.905106121085e+00  
  1.632477866482e-07  ,2.921356120063e+00  
  1.633477874097e-07  ,2.936321434883e+00  
  1.634477881711e-07  ,2.949996715234e+00  
  1.635477889326e-07  ,2.962377196235e+00  
  1.636477896940e-07  ,2.973458699902e+00  
  1.637477904555e-07  ,2.983237636330e+00  
  1.638477912169e-07  ,2.991711004628e+00  
  1.639477919784e-07  ,2.998876393577e+00  
  1.640477927398e-07  ,3.004731982026e+00  
  1.641477935013e-07  ,3.009276539025e+00  
  1.642477942627e-07  ,3.012509423689e+00  
  1.643477950242e-07  ,3.014430584798e+00  
  1.644477957856e-07  ,3.015040560139e+00  
  1.645477965471e-07  ,3.014340475575e+00  
  1.646477973085e-07  ,3.012332043858e+00  
  1.647477980700e-07  ,3.009017563176e+00  
  1.648477988314e-07  ,3.004399915445e+00  
  1.649477995929e-07  ,2.998482564332e+00  
  1.650478003543e-07  ,2.991269553025e+00  
  1.651478011158e-07  ,2.982765501747e+00  
  1.652478018772e-07  ,2.972975605012e+00  
  1.653478026387e-07  ,2.961905628622e+00  
  1.654478034001e-07  ,2.949561906417e+00  
  1.655478041616e-07  ,2.935951336776e+00  
  1.656478049230e-07  ,2.921081378857e+00  
  1.657478056845e-07  ,2.904960048605e+00  
  1.658478064459e-07  ,2.887595914504e+00  
  1.659478072074e-07  ,2.868998093088e+00  
  1.660478079688e-07  ,2.849176244216e+00  
  1.661478087303e-07  ,2.828140566102e+00  
  1.662478094917e-07  ,2.805901790114e+00  
  1.663478102532e-07  ,2.782471175339e+00  
  1.664478110146e-07  ,2.757860502915e+00  
  1.665478117761e-07  ,2.732082070139e+00  
  1.666478125375e-07  ,2.705148684345e+00  
  1.667478132990e-07  ,2.677073656568e+00  
  1.668478140604e-07  ,2.647870794982e+00  
  1.669478148219e-07  ,2.617554398125e+00  
  1.670478155833e-07  ,2.586139247914e+00  
  1.671478163448e-07  ,2.553640602450e+00  
  1.672478171062e-07  ,2.520074188614e+00  
  1.673478178677e-07  ,2.485456194466e+00  
  1.674478186291e-07  ,2.449803261446e+00  
  1.675478193906e-07  ,2.413132476375e+00  
  1.676478201520e-07  ,2.375461363273e+00  
  1.677478209135e-07  ,2.336807874986e+00  
  1.678478216749e-07  ,2.297190384627e+00  
  1.679478224364e-07  ,2.256627676847e+00  
  1.680478231978e-07  ,2.215138938926e+00  
  1.681478239593e-07  ,2.172743751690e+00  
  1.682478247207e-07  ,2.129462080273e+00  
  1.683478254822e-07  ,2.085314264706e+00  
  1.684478262436e-07  ,2.040321010352e+00  
  1.685478270051e-07  ,1.994503378197e+00  
  1.686478277665e-07  ,1.947882774974e+00  
  1.687478285280e-07  ,1.900480943167e+00  
  1.688478292894e-07  ,1.852319950852e+00  
  1.689478300508e-07  ,1.803422181423e+00  
  1.690478308123e-07  ,1.753810323176e+00  
  1.691478315737e-07  ,1.703507358778e+00  
  1.692478323352e-07  ,1.652536554603e+00  
  1.693478330966e-07  ,1.600921449970e+00  
  1.694478338581e-07  ,1.548685846255e+00  
  1.695478346195e-07  ,1.495853795909e+00  
  1.696478353810e-07  ,1.442449591373e+00  
  1.697478361424e-07  ,1.388497753892e+00  
  1.698478369039e-07  ,1.334023022252e+00  
  1.699478376653e-07  ,1.279050341420e+00  
  1.700478384268e-07  ,1.223604851112e+00  
  1.701478391882e-07  ,1.167711874284e+00  
  1.702478399497e-07  ,1.111396905556e+00  
  1.703478407111e-07  ,1.054685599571e+00  
  1.704478414726e-07  ,9.976037592945e-01  
  1.705478422340e-07  ,9.401773242652e-01  
  1.706478429955e-07  ,8.824323587936e-01  
  1.707478437569e-07  ,8.243950401210e-01  
  1.708478445184e-07  ,7.660916465405e-01  
  1.709478452798e-07  ,7.075485454869e-01  
  1.710478460413e-07  ,6.487921821094e-01  
  1.711478468027e-07  ,5.898490661678e-01  
  1.712478475642e-07  ,5.307457599654e-01  
  1.713478483256e-07  ,4.715088680842e-01  
  1.714478490871e-07  ,4.121650246041e-01  
  1.715478498485e-07  ,3.527408806316e-01  
  1.716478506100e-07  ,2.932630925961e-01  
  1.717478513714e-07  ,2.337583102920e-01  
  1.718478521329e-07  ,1.742531649305e-01  
  1.719478528943e-07  ,1.147742572118e-01  
  1.720478536558e-07  ,5.534814542269e-02  
  1.721478544172e-07  ,-3.998666431727e-03  
  1.722478551787e-07  ,-6.323974045937e-02  
  1.723478559401e-07  ,-1.223487166686e-01  
  1.724478567016e-07  ,-1.812993247070e-01  
  1.725478574630e-07  ,-2.400653955467e-01  
  1.726478582245e-07  ,-2.986208731097e-01  
  1.727478589859e-07  ,-3.569398258304e-01  
  1.728478597474e-07  ,-4.149964581475e-01  
  1.729478605088e-07  ,-4.727651219220e-01  
  1.730478612703e-07  ,-5.302203277761e-01  
  1.731478620317e-07  ,-5.873367563472e-01  
  1.732478627932e-07  ,-6.440892694525e-01  
  1.733478635546e-07  ,-7.004529211600e-01  
  1.734478643161e-07  ,-7.564029687590e-01  
  1.735478650775e-07  ,-8.119148836283e-01  
  1.736478658390e-07  ,-8.669643619943e-01  
  1.737478666004e-07  ,-9.215273355765e-01  
  1.738478673619e-07  ,-9.755799821147e-01  
  1.739478681233e-07  ,-1.029098735773e+00  
  1.740478688848e-07  ,-1.082060297418e+00  
  1.741478696462e-07  ,-1.134441644765e+00  
  1.742478704077e-07  ,-1.186220042384e+00  
  1.743478711691e-07  ,-1.237373051574e+00  
  1.744478719306e-07  ,-1.287878540085e+00  
  1.745478726920e-07  ,-1.337714691694e+00  
  1.746478734535e-07  ,-1.386860015627e+00  
  1.747478742149e-07  ,-1.435293355828e+00  
  1.748478749764e-07  ,-1.482993900059e+00  
  1.749478757378e-07  ,-1.529941188845e+00  
  1.750478764993e-07  ,-1.576115124242e+00  
  1.751478772607e-07  ,-1.621495978437e+00  
  1.752478780222e-07  ,-1.666064402169e+00  
  1.753478787836e-07  ,-1.709801432976e+00  
  1.754478795451e-07  ,-1.752688503249e+00  
  1.755478803065e-07  ,-1.794707448113e+00  
  1.756478810680e-07  ,-1.835840513102e+00  
  1.757478818294e-07  ,-1.876070361656e+00  
  1.758478825909e-07  ,-1.915380082411e+00  
  1.759478833523e-07  ,-1.953753196296e+00  
  1.760478841138e-07  ,-1.991173663425e+00  
  1.761478848752e-07  ,-2.027625889783e+00  
  1.762478856367e-07  ,-2.063094733710e+00  
  1.763478863981e-07  ,-2.097565512163e+00  
  1.764478871595e-07  ,-2.131024006779e+00  
  1.765478879210e-07  ,-2.163456469711e+00  
  1.766478886824e-07  ,-2.194849629252e+00  
  1.767478894439e-07  ,-2.225190695239e+00  
  1.768478902053e-07  ,-2.254467364229e+00  
  1.769478909668e-07  ,-2.282667824460e+00  
  1.770478917282e-07  ,-2.309780760573e+00  
  1.771478924897e-07  ,-2.335795358122e+00  
  1.772478932511e-07  ,-2.360701307836e+00  
  1.773478940126e-07  ,-2.384488809666e+00  
  1.774478947740e-07  ,-2.407148576587e+00  
  1.775478955355e-07  ,-2.428671838168e+00  
  1.776478962969e-07  ,-2.449050343912e+00  
  1.777478970584e-07  ,-2.468276366355e+00  
  1.778478978198e-07  ,-2.486342703919e+00  
  1.779478985813e-07  ,-2.503242683542e+00  
  1.780478993427e-07  ,-2.518970163053e+00  
  1.781479001042e-07  ,-2.533519533312e+00  
  1.782479008656e-07  ,-2.546885720114e+00  
  1.783479016271e-07  ,-2.559064185836e+00  
  1.784479023885e-07  ,-2.570050930859e+00  
  1.785479031500e-07  ,-2.579842494733e+00  
  1.786479039114e-07  ,-2.588435957105e+00  
  1.787479046729e-07  ,-2.595828938405e+00  
  1.788479054343e-07  ,-2.602019600282e+00  
  1.789479061958e-07  ,-2.607006645806e+00  
  1.790479069572e-07  ,-2.610789319419e+00  
  1.791479077187e-07  ,-2.613367406645e+00  
  1.792479084801e-07  ,-2.614741233560e+00  
  1.793479092416e-07  ,-2.614911666021e+00  
  1.794479100030e-07  ,-2.613880108645e+00  
  1.795479107645e-07  ,-2.611648503560e+00  
  1.796479115259e-07  ,-2.608219328907e+00  
  1.797479122874e-07  ,-2.603595597108e+00  
  1.798479130488e-07  ,-2.597780852893e+00  
  1.799479138103e-07  ,-2.590779171092e+00  
  1.800479145717e-07  ,-2.582595154195e+00  
  1.801479153332e-07  ,-2.573233929669e+00  
  1.802479160946e-07  ,-2.562701147056e+00  
  1.803479168561e-07  ,-2.551002974824e+00  
  1.804479176175e-07  ,-2.538146097006e+00  
  1.805479183790e-07  ,-2.524137709597e+00  
  1.806479191404e-07  ,-2.508985516732e+00  
  1.807479199019e-07  ,-2.492697726643e+00  
  1.808479206633e-07  ,-2.475283047388e+00  
  1.809479214248e-07  ,-2.456750682367e+00  
  1.810479221862e-07  ,-2.437110325614e+00  
  1.811479229477e-07  ,-2.416372156883e+00  
  1.812479237091e-07  ,-2.394546836512e+00  
  1.813479244706e-07  ,-2.371645500087e+00  
  1.814479252320e-07  ,-2.347679752890e+00  
  1.815479259935e-07  ,-2.322661664149e+00  
  1.816479267549e-07  ,-2.296603761085e+00  
  1.817479275164e-07  ,-2.269519022760e+00  
  1.818479282778e-07  ,-2.241420873726e+00  
  1.819479290393e-07  ,-2.212323177487e+00  
  1.820479298007e-07  ,-2.182240229769e+00  
  1.821479305622e-07  ,-2.151186751604e+00  
  1.822479313236e-07  ,-2.119177882230e+00  
  1.823479320851e-07  ,-2.086229171816e+00  
  1.824479328465e-07  ,-2.052356574003e+00  
  1.825479336080e-07  ,-2.017576438281e+00  
  1.826479343694e-07  ,-1.981905502192e+00  
  1.827479351309e-07  ,-1.945360883370e+00  
  1.828479358923e-07  ,-1.907960071420e+00  
  1.829479366538e-07  ,-1.869720919636e+00  
  1.830479374152e-07  ,-1.830661636570e+00  
  1.831479381767e-07  ,-1.790800777450e+00  
  1.832479389381e-07  ,-1.750157235450e+00  
  1.833479396996e-07  ,-1.708750232822e+00  
  1.834479404610e-07  ,-1.666599311887e+00  
  1.835479412225e-07  ,-1.623724325895e+00  
  1.836479419839e-07  ,-1.580145429759e+00  
  1.837479427454e-07  ,-1.535883070655e+00  
  1.838479435068e-07  ,-1.490957978514e+00  
  1.839479442682e-07  ,-1.445391156387e+00  
  1.840479450297e-07  ,-1.399203870708e+00  
  1.841479457911e-07  ,-1.352417641442e+00  
  1.842479465526e-07  ,-1.305054232137e+00  
  1.843479473140e-07  ,-1.257135639874e+00  
  1.844479480755e-07  ,-1.208684085127e+00  
  1.845479488369e-07  ,-1.159722001531e+00  
  1.846479495984e-07  ,-1.110272025570e+00  
  1.847479503598e-07  ,-1.060356986183e+00  
  1.848479511213e-07  ,-1.009999894297e+00  
  1.849479518827e-07  ,-9.592239322925e-01  
  1.850479526442e-07  ,-9.080524433976e-01  
  1.851479534056e-07  ,-8.565089210308e-01  
  1.852479541671e-07  ,-8.046169980833e-01  
  1.853479549285e-07  ,-7.524004361522e-01  
  1.854479556900e-07  ,-6.998831147293e-01  
  1.855479564514e-07  ,-6.470890203490e-01  
  1.856479572129e-07  ,-5.940422357004e-01  
  1.857479579743e-07  ,-5.407669287098e-01  
  1.858479587358e-07  ,-4.872873422747e-01  
  1.859479594972e-07  ,-4.336277806454e-01  
  1.860479602587e-07  ,-3.798126023035e-01  
  1.861479610201e-07  ,-3.258662065311e-01  
  1.862479617816e-07  ,-2.718130229558e-01  
  1.863479625430e-07  ,-2.176775005646e-01  
  1.864479633045e-07  ,-1.634840967143e-01  
  1.865479640659e-07  ,-1.092572661484e-01  
  1.866479648274e-07  ,-5.502145002792e-02  
  1.867479655888e-07  ,-8.010649790462e-04  
  1.868479663503e-07  ,5.337950783375e-02  
  1.869479671117e-07  ,1.074959336072e-01  
  1.870479678732e-07  ,1.615239347647e-01  
  1.871479686346e-07  ,2.154393017840e-01  
  1.872479693961e-07  ,2.692179039810e-01  
  1.873479701575e-07  ,3.228357002467e-01  
  1.874479709190e-07  ,3.762687497301e-01  
  1.875479716804e-07  ,4.294932224654e-01  
  1.876479724419e-07  ,4.824854099356e-01  
  1.877479732033e-07  ,5.352217355700e-01  
  1.878479739648e-07  ,5.876787651705e-01  
  1.879479747262e-07  ,6.398332172613e-01  
  1.880479754877e-07  ,6.916619733588e-01  
  1.881479762491e-07  ,7.431420881555e-01  
  1.882479770106e-07  ,7.942507996153e-01  
  1.883479777720e-07  ,8.449655389742e-01  
  1.884479785335e-07  ,8.952639406430e-01  
  1.885479792949e-07  ,9.451238520070e-01  
  1.886479800564e-07  ,9.945233431193e-01  
  1.887479808178e-07  ,1.043440716282e+00  
  1.888479815793e-07  ,1.091854515513e+00  
  1.889479823407e-07  ,1.139743535894e+00  
  1.890479831022e-07  ,1.187086832791e+00  
  1.891479838636e-07  ,1.233863730953e+00  
  1.892479846251e-07  ,1.280053833475e+00  
  1.893479853865e-07  ,1.325637030630e+00  
  1.894479861480e-07  ,1.370593508553e+00  
  1.895479869094e-07  ,1.414903757795e+00  
  1.896479876709e-07  ,1.458548581719e+00  
  1.897479884323e-07  ,1.501509104753e+00  
  1.898479891938e-07  ,1.543766780486e+00  
  1.899479899552e-07  ,1.585303399605e+00  
  1.900479907167e-07  ,1.626101097682e+00  
  1.901479914781e-07  ,1.666142362780e+00  
  1.902479922396e-07  ,1.705410042907e+00  
  1.903479930010e-07  ,1.743887353295e+00  
  1.904479937625e-07  ,1.781557883501e+00  
  1.905479945239e-07  ,1.818405604339e+00  
  1.906479952854e-07  ,1.854414874628e+00  
  1.907479960468e-07  ,1.889570447762e+00  
  1.908479968083e-07  ,1.923857478087e+00  
  1.909479975697e-07  ,1.957261527107e+00  
  1.910479983312e-07  ,1.989768569480e+00  
  1.911479990926e-07  ,2.021364998835e+00  
  1.912479998541e-07  ,2.052037633393e+00  
  1.913480006155e-07  ,2.081773721385e+00  
  1.914480013769e-07  ,2.110560946275e+00  
  1.915480021384e-07  ,2.138387431785e+00  
  1.916480028998e-07  ,2.165241746705e+00  
  1.917480036613e-07  ,2.191112909512e+00  
  1.918480044227e-07  ,2.215990392774e+00  
  1.919480051842e-07  ,2.239864127340e+00  
  1.920480059456e-07  ,2.262724506336e+00  
  1.921480067071e-07  ,2.284562388930e+00  
  1.922480074685e-07  ,2.305369103895e+00  
  1.923480082300e-07  ,2.325136452956e+00  
  1.924480089914e-07  ,2.343856713916e+00  
  1.925480097529e-07  ,2.361522643572e+00  
  1.926480105143e-07  ,2.378127480403e+00  
  1.927480112758e-07  ,2.393664947049e+00  
  1.928480120372e-07  ,2.408129252562e+00  
  1.929480127987e-07  ,2.421515094442e+00  
  1.930480135601e-07  ,2.433817660446e+00  
  1.931480143216e-07  ,2.445032630179e+00  
  1.932480150830e-07  ,2.455156176461e+00  
  1.933480158445e-07  ,2.464184966470e+00  
  1.934480166059e-07  ,2.472116162666e+00  
  1.935480173674e-07  ,2.478947423484e+00  
  1.936480181288e-07  ,2.484676903811e+00  
  1.937480188903e-07  ,2.489303255237e+00  
  1.938480196517e-07  ,2.492825626084e+00  
  1.939480204132e-07  ,2.495243661204e+00  
  1.940480211746e-07  ,2.496557501572e+00  
  1.941480219361e-07  ,2.496767783637e+00  
  1.942480226975e-07  ,2.495875638464e+00  
  1.943480234590e-07  ,2.493882690652e+00  
  1.944480242204e-07  ,2.490791057030e+00  
  1.945480249819e-07  ,2.486603345135e+00  
  1.946480257433e-07  ,2.481322651474e+00  
  1.947480265048e-07  ,2.474952559561e+00  
  1.948480272662e-07  ,2.467497137748e+00  
  1.949480280277e-07  ,2.458960936833e+00  
  1.950480287891e-07  ,2.449348987458e+00  
  1.951480295506e-07  ,2.438666797294e+00  
  1.952480303120e-07  ,2.426920348013e+00  
  1.953480310735e-07  ,2.414116092055e+00  
  1.954480318349e-07  ,2.400260949185e+00  
  1.955480325964e-07  ,2.385362302844e+00  
  1.956480333578e-07  ,2.369427996297e+00  
  1.957480341193e-07  ,2.352466328577e+00  
  1.958480348807e-07  ,2.334486050235e+00  
  1.959480356422e-07  ,2.315496358887e+00  
  1.960480364036e-07  ,2.295506894563e+00  
  1.961480371651e-07  ,2.274527734873e+00  
  1.962480379265e-07  ,2.252569389973e+00  
  1.963480386880e-07  ,2.229642797343e+00  
  1.964480394494e-07  ,2.205759316389e+00  
  1.965480402109e-07  ,2.180930722849e+00  
  1.966480409723e-07  ,2.155169203027e+00  
  1.967480417338e-07  ,2.128487347848e+00  
  1.968480424952e-07  ,2.100898146737e+00  
  1.969480432567e-07  ,2.072414981326e+00  
  1.970480440181e-07  ,2.043051618992e+00  
  1.971480447796e-07  ,2.012822206236e+00  
  1.972480455410e-07  ,1.981741261888e+00  
  1.973480463025e-07  ,1.949823670161e+00  
  1.974480470639e-07  ,1.917084673550e+00  
  1.975480478254e-07  ,1.883539865569e+00  
  1.976480485868e-07  ,1.849205183352e+00  
  1.977480493483e-07  ,1.814096900099e+00  
  1.978480501097e-07  ,1.778231617383e+00  
  1.979480508712e-07  ,1.741626257318e+00  
  1.980480516326e-07  ,1.704298054592e+00  
  1.981480523941e-07  ,1.666264548373e+00  
  1.982480531555e-07  ,1.627543574080e+00  
  1.983480539170e-07  ,1.588153255039e+00  
  1.984480546784e-07  ,1.548111994011e+00  
  1.985480554399e-07  ,1.507438464614e+00  
  1.986480562013e-07  ,1.466151602625e+00  
  1.987480569627e-07  ,1.424270597180e+00  
  1.988480577242e-07  ,1.381814881866e+00  
  1.989480584856e-07  ,1.338804125718e+00  
  1.990480592471e-07  ,1.295258224117e+00  
  1.991480600085e-07  ,1.251197289602e+00  
  1.992480607700e-07  ,1.206641642589e+00  
  1.993480615314e-07  ,1.161611802012e+00  
  1.994480622929e-07  ,1.116128475885e+00  
  1.995480630543e-07  ,1.070212551785e+00  
  1.996480638158e-07  ,1.023885087279e+00  
  1.997480645772e-07  ,9.771673002682e-01  
  1.998480653387e-07  ,9.300805592832e-01  
  1.999480661001e-07  ,8.826463737209e-01  
  2.000480668616e-07  ,8.348863840272e-01  
  2.001480676230e-07  ,7.868223518336e-01  
  2.002480683845e-07  ,7.384761500510e-01  
  2.003480691459e-07  ,6.898697529248e-01  
  2.004480699074e-07  ,6.410252260560e-01  
  2.005480706688e-07  ,5.919647163933e-01  
  2.006480714303e-07  ,5.427104429910e-01  
  2.007480721917e-07  ,4.932846838578e-01  
  2.008480729532e-07  ,4.437097703913e-01  
  2.009480737146e-07  ,3.940080744490e-01  
  2.010480744761e-07  ,3.442019988933e-01  
  2.011480752375e-07  ,2.943139675152e-01  
  2.012480759990e-07  ,2.443664149518e-01  
  2.013480767604e-07  ,1.943817766071e-01  
  2.014480775219e-07  ,1.443824785841e-01  
  2.015480782833e-07  ,9.439092763208e-02  
  2.016480790448e-07  ,4.442950111364e-02  
  2.017480798062e-07  ,-5.479463002523e-03  
  2.018480805677e-07  ,-5.531367612019e-02  
  2.019480813291e-07  ,-1.050509089602e-01  
  2.020480820906e-07  ,-1.546690014670e-01  
  2.021480828520e-07  ,-2.041458726724e-01  
  2.022480836135e-07  ,-2.534595305125e-01  
  2.023480843749e-07  ,-3.025880815932e-01  
  2.024480851364e-07  ,-3.515097409006e-01  
  2.025480858978e-07  ,-4.002028414504e-01  
  2.026480866593e-07  ,-4.486458438743e-01  
  2.027480874207e-07  ,-4.968173459372e-01  
  2.028480881822e-07  ,-5.446960919819e-01  
  2.029480889436e-07  ,-5.922609822976e-01  
  2.030480897051e-07  ,-6.394910824066e-01  
  2.031480904665e-07  ,-6.863656322669e-01  
  2.032480912280e-07  ,-7.328640553856e-01  
  2.033480919894e-07  ,-7.789659678387e-01  
  2.034480927509e-07  ,-8.246511871948e-01  
  2.035480935123e-07  ,-8.698997413380e-01  
  2.036480942738e-07  ,-9.146918771854e-01  
  2.037480950352e-07  ,-9.590080692966e-01  
  2.038480957967e-07  ,-1.002829028372e+00  
  2.039480965581e-07  ,-1.046135709632e+00  
  2.040480973196e-07  ,-1.088909321084e+00  
  2.041480980810e-07  ,-1.131131331653e+00  
  2.042480988425e-07  ,-1.172783479205e+00  
  2.043480996039e-07  ,-1.213847778418e+00  
  2.044481003654e-07  ,-1.254306528541e+00  
  2.045481011268e-07  ,-1.294142320999e+00  
  2.046481018883e-07  ,-1.333338046870e+00  
  2.047481026497e-07  ,-1.371876904213e+00  
  2.048481034112e-07  ,-1.409742405249e+00  
  2.049481041726e-07  ,-1.446918383397e+00  
  2.050481049341e-07  ,-1.483389000155e+00  
  2.051481056955e-07  ,-1.519138751824e+00  
  2.052481064570e-07  ,-1.554152476080e+00  
  2.053481072184e-07  ,-1.588415358376e+00  
  2.054481079799e-07  ,-1.621912938191e+00  
  2.055481087413e-07  ,-1.654631115104e+00  
  2.056481095028e-07  ,-1.686556154704e+00  
  2.057481102642e-07  ,-1.717674694328e+00  
  2.058481110257e-07  ,-1.747973748625e+00  
  2.059481117871e-07  ,-1.777440714946e+00  
  2.060481125486e-07  ,-1.806063378551e+00  
  2.061481133100e-07  ,-1.833829917643e+00  
  2.062481140714e-07  ,-1.860728908217e+00  
  2.063481148329e-07  ,-1.886749328719e+00  
  2.064481155943e-07  ,-1.911880564528e+00  
  2.065481163558e-07  ,-1.936112412248e+00  
  2.066481171172e-07  ,-1.959435083805e+00  
  2.067481178787e-07  ,-1.981839210357e+00  
  2.068481186401e-07  ,-2.003315846015e+00  
  2.069481194016e-07  ,-2.023856471363e+00  
  2.070481201630e-07  ,-2.043452996783e+00  
  2.071481209245e-07  ,-2.062097765593e+00  
  2.072481216859e-07  ,-2.079783556973e+00  
  2.073481224474e-07  ,-2.096503588703e+00  
  2.074481232088e-07  ,-2.112251519693e+00  
  2.075481239703e-07  ,-2.127021452323e+00  
  2.076481247317e-07  ,-2.140807934566e+00  
  2.077481254932e-07  ,-2.153605961925e+00  
  2.078481262546e-07  ,-2.165410979152e+00  
  2.079481270161e-07  ,-2.176218881775e+00  
  2.080481277775e-07  ,-2.186026017416e+00  
  2.081481285390e-07  ,-2.194829186901e+00  
  2.082481293004e-07  ,-2.202625645176e+00  
  2.083481300619e-07  ,-2.209413102005e+00  
  2.084481308233e-07  ,-2.215189722475e+00  
  2.085481315848e-07  ,-2.219954127287e+00  
  2.086481323462e-07  ,-2.223705392847e+00  
  2.087481331077e-07  ,-2.226443051152e+00  
  2.088481338691e-07  ,-2.228167089474e+00  
  2.089481346306e-07  ,-2.228877949831e+00  
  2.090481353920e-07  ,-2.228576528264e+00  
  2.091481361535e-07  ,-2.227264173912e+00  
  2.092481369149e-07  ,-2.224942687874e+00  
  2.093481376764e-07  ,-2.221614321879e+00  
  2.094481384378e-07  ,-2.217281776755e+00  
  2.095481391993e-07  ,-2.211948200692e+00  
  2.096481399607e-07  ,-2.205617187313e+00  
  2.097481407222e-07  ,-2.198292773543e+00  
  2.098481414836e-07  ,-2.189979437285e+00  
  2.099481422451e-07  ,-2.180682094896e+00  
  2.100481430065e-07  ,-2.170406098476e+00  
  2.101481437680e-07  ,-2.159157232956e+00  
  2.102481445294e-07  ,-2.146941713004e+00  
  2.103481452909e-07  ,-2.133766179738e+00  
  2.104481460523e-07  ,-2.119637697247e+00  
  2.105481468138e-07  ,-2.104563748934e+00  
  2.106481475752e-07  ,-2.088552233671e+00  
  2.107481483367e-07  ,-2.071611461770e+00  
  2.108481490981e-07  ,-2.053750150783e+00  
  2.109481498596e-07  ,-2.034977421108e+00  
  2.110481506210e-07  ,-2.015302791439e+00  
  2.111481513825e-07  ,-1.994736174025e+00  
  2.112481521439e-07  ,-1.973287869770e+00  
  2.113481529054e-07  ,-1.950968563158e+00  
  2.114481536668e-07  ,-1.927789317015e+00  
  2.115481544283e-07  ,-1.903761567104e+00  
  2.116481551897e-07  ,-1.878897116562e+00  
  2.117481559512e-07  ,-1.853208130177e+00  
  2.118481567126e-07  ,-1.826707128509e+00  
  2.119481574741e-07  ,-1.799406981862e+00  
  2.120481582355e-07  ,-1.771320904098e+00  
  2.121481589970e-07  ,-1.742462446315e+00  
  2.122481597584e-07  ,-1.712845490368e+00  
  2.123481605199e-07  ,-1.682484242263e+00  
  2.124481612813e-07  ,-1.651393225401e+00  
  2.125481620428e-07  ,-1.619587273697e+00  
  2.126481628042e-07  ,-1.587081524558e+00  
  2.127481635657e-07  ,-1.553891411745e+00  
  2.128481643271e-07  ,-1.520032658097e+00  
  2.129481650886e-07  ,-1.485521268145e+00  
  2.130481658500e-07  ,-1.450373520602e+00  
  2.131481666115e-07  ,-1.414605960738e+00  
  2.132481673729e-07  ,-1.378235392651e+00  
  2.133481681344e-07  ,-1.341278871421e+00  
  2.134481688958e-07  ,-1.303753695170e+00  
  2.135481696573e-07  ,-1.265677397016e+00  
  2.136481704187e-07  ,-1.227067736930e+00  
  2.137481711801e-07  ,-1.187942693510e+00  
  2.138481719416e-07  ,-1.148320455653e+00  
  2.139481727030e-07  ,-1.108219414154e+00  
  2.140481734645e-07  ,-1.067658153214e+00  
  2.141481742259e-07  ,-1.026655441883e+00  
  2.142481749874e-07  ,-9.852302254175e-01  
  2.143481757488e-07  ,-9.434016165781e-01  
  2.144481765103e-07  ,-9.011888868568e-01  
  2.145481772717e-07  ,-8.586114576463e-01  
  2.146481780332e-07  ,-8.156888913505e-01  
  2.147481787946e-07  ,-7.724408824427e-01  
  2.148481795561e-07  ,-7.288872484752e-01  
  2.149481803175e-07  ,-6.850479210432e-01  
  2.150481810790e-07  ,-6.409429367091e-01  
  2.151481818404e-07  ,-5.965924278894e-01  
  2.152481826019e-07  ,-5.520166137097e-01  
  2.153481833633e-07  ,-5.072357908307e-01  
  2.154481841248e-07  ,-4.622703242512e-01  
  2.155481848862e-07  ,-4.171406384604e-01  
  2.156481856477e-07  ,-3.718672073271e-01  
  2.157481864091e-07  ,-3.264705447963e-01  
  2.158481871706e-07  ,-2.809711972605e-01  
  2.159481879320e-07  ,-2.353897329816e-01  
  2.160481886935e-07  ,-1.897467330170e-01  
  2.161481894549e-07  ,-1.440627820438e-01  
  2.162481902164e-07  ,-9.835845912277e-02  
  2.163481909778e-07  ,-5.265432847240e-02  
  2.164481917393e-07  ,-6.970930258658e-03  
  2.165481925007e-07  ,3.867122859361e-02  
  2.166481932622e-07  ,8.425168356407e-02  
  2.167481940236e-07  ,1.297500216707e-01  
  2.168481947851e-07  ,1.751458905696e-01  
  2.169481955465e-07  ,2.204190076174e-01  
  2.170481963080e-07  ,2.655491688918e-01  
  2.171481970694e-07  ,3.105162581658e-01  
  2.172481978309e-07  ,3.553002558330e-01  
  2.173481985923e-07  ,3.998812477784e-01  
  2.174481993538e-07  ,4.442394341922e-01  
  2.175482001152e-07  ,4.883551383214e-01  
  2.176482008767e-07  ,5.322088151567e-01  
  2.177482016381e-07  ,5.757810600498e-01  
  2.178482023996e-07  ,6.190526172578e-01  
  2.179482031610e-07  ,6.620043884106e-01  
  2.180482039225e-07  ,7.046174408983e-01  
  2.181482046839e-07  ,7.468730161745e-01  
  2.182482054454e-07  ,7.887525379712e-01  
  2.183482062068e-07  ,8.302376204228e-01  
  2.184482069683e-07  ,8.713100760955e-01  
  2.185482077297e-07  ,9.119519239178e-01  
  2.186482084912e-07  ,9.521453970095e-01  
  2.187482092526e-07  ,9.918729504053e-01  
  2.188482100141e-07  ,1.031117268670e+00  
  2.189482107755e-07  ,1.069861273403e+00  
  2.190482115370e-07  ,1.108088130622e+00  
  2.191482122984e-07  ,1.145781258041e+00  
  2.192482130599e-07  ,1.182924332211e+00  
  2.193482138213e-07  ,1.219501295548e+00  
  2.194482145828e-07  ,1.255496363230e+00  
  2.195482153442e-07  ,1.290894029960e+00  
  2.196482161057e-07  ,1.325679076604e+00  
  2.197482168671e-07  ,1.359836576683e+00  
  2.198482176286e-07  ,1.393351902735e+00  
  2.199482183900e-07  ,1.426210732526e+00  
  2.200482191515e-07  ,1.458399055130e+00  
  2.201482199129e-07  ,1.489903176847e+00  
  2.202482206744e-07  ,1.520709726984e+00  
  2.203482214358e-07  ,1.550805663476e+00  
  2.204482221973e-07  ,1.580178278361e+00  
  2.205482229587e-07  ,1.608815203090e+00  
  2.206482237202e-07  ,1.636704413685e+00  
  2.207482244816e-07  ,1.663834235734e+00  
  2.208482252431e-07  ,1.690193349224e+00  
  2.209482260045e-07  ,1.715770793206e+00  
  2.210482267659e-07  ,1.740555970302e+00  
  2.211482275274e-07  ,1.764538651031e+00  
  2.212482282888e-07  ,1.787708977978e+00  
  2.213482290503e-07  ,1.810057469782e+00  
  2.214482298117e-07  ,1.831575024952e+00  
  2.215482305732e-07  ,1.852252925515e+00  
  2.216482313346e-07  ,1.872082840478e+00  
  2.217482320961e-07  ,1.891056829116e+00  
  2.218482328575e-07  ,1.909167344087e+00  
  2.219482336190e-07  ,1.926407234357e+00  
  2.220482343804e-07  ,1.942769747950e+00  
  2.221482351419e-07  ,1.958248534514e+00  
  2.222482359033e-07  ,1.972837647705e+00  
  2.223482366648e-07  ,1.986531547383e+00  
  2.224482374262e-07  ,1.999325101630e+00  
  2.225482381877e-07  ,2.011213588576e+00  
  2.226482389491e-07  ,2.022192698040e+00  
  2.227482397106e-07  ,2.032258532991e+00  
  2.228482404720e-07  ,2.041407610810e+00  
  2.229482412335e-07  ,2.049636864378e+00  
  2.230482419949e-07  ,2.056943642962e+00  
  2.231482427564e-07  ,2.063325712929e+00  
  2.232482435178e-07  ,2.068781258255e+00  
  2.233482442793e-07  ,2.073308880863e+00  
  2.234482450407e-07  ,2.076907600758e+00  
  2.235482458022e-07  ,2.079576855985e+00  
  2.236482465636e-07  ,2.081316502393e+00  
  2.237482473251e-07  ,2.082126813216e+00  
  2.238482480865e-07  ,2.082008478465e+00  
  2.239482488480e-07  ,2.080962604132e+00  
  2.240482496094e-07  ,2.078990711214e+00  
  2.241482503709e-07  ,2.076094734543e+00  
  2.242482511323e-07  ,2.072277021445e+00  
  2.243482518938e-07  ,2.067540330198e+00  
  2.244482526552e-07  ,2.061887828323e+00  
  2.245482534167e-07  ,2.055323090684e+00  
  2.246482541781e-07  ,2.047850097413e+00  
  2.247482549396e-07  ,2.039473231652e+00  
  2.248482557010e-07  ,2.030197277115e+00  
  2.249482564625e-07  ,2.020027415480e+00  
  2.250482572239e-07  ,2.008969223599e+00  
  2.251482579854e-07  ,1.997028670537e+00  
  2.252482587468e-07  ,1.984212114439e+00  
  2.253482595083e-07  ,1.970526299221e+00  
  2.254482602697e-07  ,1.955978351098e+00  
  2.255482610312e-07  ,1.940575774942e+00  
  2.256482617926e-07  ,1.924326450474e+00  
  2.257482625541e-07  ,1.907238628293e+00  
  2.258482633155e-07  ,1.889320925739e+00  
  2.259482640770e-07  ,1.870582322607e+00  
  2.260482648384e-07  ,1.851032156688e+00  
  2.261482655999e-07  ,1.830680119170e+00  
  2.262482663613e-07  ,1.809536249872e+00  
  2.263482671228e-07  ,1.787610932339e+00  
  2.264482678842e-07  ,1.764914888780e+00  
  2.265482686457e-07  ,1.741459174865e+00  
  2.266482694071e-07  ,1.717255174372e+00  
  2.267482701686e-07  ,1.692314593704e+00  
  2.268482709300e-07  ,1.666649456256e+00  
  2.269482716915e-07  ,1.640272096652e+00  
  2.270482724529e-07  ,1.613195154849e+00  
  2.271482732144e-07  ,1.585431570111e+00  
  2.272482739758e-07  ,1.556994574853e+00  
  2.273482747373e-07  ,1.527897688362e+00  
  2.274482754987e-07  ,1.498154710401e+00  
  2.275482762602e-07  ,1.467779714685e+00  
  2.276482770216e-07  ,1.436787042251e+00  
  2.277482777831e-07  ,1.405191294711e+00  
  2.278482785445e-07  ,1.373007327395e+00  
  2.279482793060e-07  ,1.340250242393e+00  
  2.280482800674e-07  ,1.306935381489e+00  
  2.281482808289e-07  ,1.273078318999e+00  
  2.282482815903e-07  ,1.238694854511e+00  
  2.283482823518e-07  ,1.203801005536e+00  
  2.284482831132e-07  ,1.168413000061e+00  
  2.285482838746e-07  ,1.132547269029e+00  
  2.286482846361e-07  ,1.096220438727e+00  
  2.287482853975e-07  ,1.059449323097e+00  
  2.288482861590e-07  ,1.022250915974e+00  
  2.289482869204e-07  ,9.846423832500e-01  
  2.290482876819e-07  ,9.466410549738e-01  
  2.291482884433e-07  ,9.082644173801e-01  
  2.292482892048e-07  ,8.695301048630e-01  
  2.293482899662e-07  ,8.304558918900e-01  
  2.294482907277e-07  ,7.910596848633e-01  
  2.295482914891e-07  ,7.513595139308e-01  
  2.296482922506e-07  ,7.113735247514e-01  
  2.297482930120e-07  ,6.711199702186e-01  
  2.298482937735e-07  ,6.306172021440e-01  
  2.299482945349e-07  ,5.898836629080e-01  
  2.300482952964e-07  ,5.489378770783e-01  
  2.301482960578e-07  ,5.077984430014e-01  
  2.302482968193e-07  ,4.664840243714e-01  
  2.303482975807e-07  ,4.250133422666e-01  
  2.304482983422e-07  ,3.834051647712e-01  
  2.305482991036e-07  ,3.416783012758e-01  
  2.306482998651e-07  ,2.998515922326e-01  
  2.307483006265e-07  ,2.579439010543e-01  
  2.308483013880e-07  ,2.159741056311e-01  
  2.309483021494e-07  ,1.739610898446e-01  
  2.310483029109e-07  ,1.319237350884e-01  
  2.311483036723e-07  ,8.988091179778e-02  
  2.312483044338e-07  ,4.785147099500e-02  
  2.313483051952e-07  ,5.854235852424e-03  
  2.314483059567e-07  ,-3.609200672179e-02  
  2.315483067181e-07  ,-7.796851447202e-02  
  2.316483074796e-07  ,-1.197565981538e-01  
  2.317483082410e-07  ,-1.614376298586e-01  
  2.318483090025e-07  ,-2.029930513022e-01  
  2.319483097639e-07  ,-2.444043820709e-01  
  2.320483105254e-07  ,-2.856532278248e-01  
  2.321483112868e-07  ,-3.267212884513e-01  
  2.322483120483e-07  ,-3.675903661681e-01  
  2.323483128097e-07  ,-4.082423735702e-01  
  2.324483135712e-07  ,-4.486593416180e-01  
  2.325483143326e-07  ,-4.888234275637e-01  
  2.326483150941e-07  ,-5.287169228107e-01  
  2.327483158555e-07  ,-5.683222607046e-01  
  2.328483166170e-07  ,-6.076220242510e-01  
  2.329483173784e-07  ,-6.465989537571e-01  
  2.330483181399e-07  ,-6.852359543946e-01  
  2.331483189013e-07  ,-7.235161036782e-01  
  2.332483196628e-07  ,-7.614226588603e-01  
  2.333483204242e-07  ,-7.989390642340e-01  
  2.334483211857e-07  ,-8.360489583461e-01  
  2.335483219471e-07  ,-8.727361811122e-01  
  2.336483227086e-07  ,-9.089847808355e-01  
  2.337483234700e-07  ,-9.447790211216e-01  
  2.338483242315e-07  ,-9.801033876907e-01  
  2.339483249929e-07  ,-1.014942595081e+00  
  2.340483257544e-07  ,-1.049281593241e+00  
  2.341483265158e-07  ,-1.083105574012e+00  
  2.342483272773e-07  ,-1.116399977489e+00  
  2.343483280387e-07  ,-1.149150498267e+00  
  2.344483288002e-07  ,-1.181343091565e+00  
  2.345483295616e-07  ,-1.212963979224e+00  
  2.346483303231e-07  ,-1.243999655584e+00  
  2.347483310845e-07  ,-1.274436893222e+00  
  2.348483318460e-07  ,-1.304262748568e+00  
  2.349483326074e-07  ,-1.333464567381e+00  
  2.350483333689e-07  ,-1.362029990096e+00  
  2.351483341303e-07  ,-1.389946957022e+00  
  2.352483348918e-07  ,-1.417203713406e+00  
  2.353483356532e-07  ,-1.443788814359e+00  
  2.354483364147e-07  ,-1.469691129624e+00  
  2.355483371761e-07  ,-1.494899848211e+00  
  2.356483379376e-07  ,-1.519404482871e+00  
  2.357483386990e-07  ,-1.543194874435e+00  
  2.358483394605e-07  ,-1.566261195981e+00  
  2.359483402219e-07  ,-1.588593956865e+00  
  2.360483409833e-07  ,-1.610184006587e+00  
  2.361483417448e-07  ,-1.631022538501e+00  
  2.362483425062e-07  ,-1.651101093368e+00  
  2.363483432677e-07  ,-1.670411562749e+00  
  2.364483440291e-07  ,-1.688946192233e+00  
  2.365483447906e-07  ,-1.706697584511e+00  
  2.366483455520e-07  ,-1.723658702275e+00  
  2.367483463135e-07  ,-1.739822870960e+00  
  2.368483470749e-07  ,-1.755183781318e+00  
  2.369483478364e-07  ,-1.769735491823e+00  
  2.370483485978e-07  ,-1.783472430913e+00  
  2.371483493593e-07  ,-1.796389399059e+00  
  2.372483501207e-07  ,-1.808481570664e+00  
  2.373483508822e-07  ,-1.819744495796e+00  
  2.374483516436e-07  ,-1.830174101750e+00  
  2.375483524051e-07  ,-1.839766694434e+00  
  2.376483531665e-07  ,-1.848518959590e+00  
  2.377483539280e-07  ,-1.856427963839e+00  
  2.378483546894e-07  ,-1.863491155552e+00  
  2.379483554509e-07  ,-1.869706365558e+00  
  2.380483562123e-07  ,-1.875071807669e+00  
  2.381483569738e-07  ,-1.879586079034e+00  
  2.382483577352e-07  ,-1.883248160332e+00  
  2.383483584967e-07  ,-1.886057415775e+00  
  2.384483592581e-07  ,-1.888013592955e+00  
  2.385483600196e-07  ,-1.889116822506e+00  
  2.386483607810e-07  ,-1.889367617605e+00  
  2.387483615425e-07  ,-1.888766873298e+00  
  2.388483623039e-07  ,-1.887315865652e+00  
  2.389483630654e-07  ,-1.885016250739e+00  
  2.390483638268e-07  ,-1.881870063458e+00  
  2.391483645883e-07  ,-1.877879716177e+00  
  2.392483653497e-07  ,-1.873047997212e+00  
  2.393483661112e-07  ,-1.867378069143e+00  
  2.394483668726e-07  ,-1.860873466957e+00  
  2.395483676341e-07  ,-1.853538096032e+00  
  2.396483683955e-07  ,-1.845376229952e+00  
  2.397483691570e-07  ,-1.836392508163e+00  
  2.398483699184e-07  ,-1.826591933470e+00  
  2.399483706799e-07  ,-1.815979869365e+00  
  2.400483714413e-07  ,-1.804562037202e+00  
  2.401483722028e-07  ,-1.792344513220e+00  
  2.402483729642e-07  ,-1.779333725398e+00  
  2.403483737257e-07  ,-1.765536450165e+00  
  2.404483744871e-07  ,-1.750959808957e+00  
  2.405483752486e-07  ,-1.735611264616e+00  
  2.406483760100e-07  ,-1.719498617649e+00  
  2.407483767715e-07  ,-1.702630002335e+00  
  2.408483775329e-07  ,-1.685013882687e+00  
  2.409483782944e-07  ,-1.666659048270e+00  
  2.410483790558e-07  ,-1.647574609881e+00  
  2.411483798173e-07  ,-1.627769995089e+00  
  2.412483805787e-07  ,-1.607254943633e+00  
  2.413483813402e-07  ,-1.586039502692e+00  
  2.414483821016e-07  ,-1.564134022019e+00  
  2.415483828631e-07  ,-1.541549148948e+00  
  2.416483836245e-07  ,-1.518295823264e+00  
  2.417483843860e-07  ,-1.494385271964e+00  
  2.418483851474e-07  ,-1.469829003878e+00  
  2.419483859089e-07  ,-1.444638804181e+00  
  2.420483866703e-07  ,-1.418826728785e+00  
  2.421483874318e-07  ,-1.392405098612e+00  
  2.422483881932e-07  ,-1.365386493758e+00  
  2.423483889547e-07  ,-1.337783747551e+00  
  2.424483897161e-07  ,-1.309609940494e+00  
  2.425483904776e-07  ,-1.280878394109e+00  
  2.426483912390e-07  ,-1.251602664682e+00  
  2.427483920005e-07  ,-1.221796536907e+00  
  2.428483927619e-07  ,-1.191474017431e+00  
  2.429483935234e-07  ,-1.160649328318e+00  
  2.430483942848e-07  ,-1.129336900412e+00  
  2.431483950463e-07  ,-1.097551366619e+00  
  2.432483958077e-07  ,-1.065307555111e+00  
  2.433483965692e-07  ,-1.032620482441e+00  
  2.434483973306e-07  ,-9.995053465870e-01  
  2.435483980920e-07  ,-9.659775199222e-01  
  2.436483988535e-07  ,-9.320525421145e-01  
  2.437483996149e-07  ,-8.977461129591e-01  
  2.438484003764e-07  ,-8.630740851472e-01  
  2.439484011378e-07  ,-8.280524569756e-01  
  2.440484018993e-07  ,-7.926973649983e-01  
  2.441484026607e-07  ,-7.570250766250e-01  
  2.442484034222e-07  ,-7.210519826699e-01  
  2.443484041836e-07  ,-6.847945898532e-01  
  2.444484049451e-07  ,-6.482695132594e-01  
  2.445484057065e-07  ,-6.114934687557e-01  
  2.446484064680e-07  ,-5.744832653746e-01  
  2.447484072294e-07  ,-5.372557976622e-01  
  2.448484079909e-07  ,-4.998280379988e-01  
  2.449484087523e-07  ,-4.622170288916e-01  
  2.450484095138e-07  ,-4.244398752464e-01  
  2.451484102752e-07  ,-3.865137372165e-01  
  2.452484110367e-07  ,-3.484558201006e-01  
  2.453484117981e-07  ,-3.102833699675e-01  
  2.454484125596e-07  ,-2.720136637216e-01  
  2.455484133210e-07  ,-2.336640017908e-01  
  2.456484140825e-07  ,-1.952517003460e-01  
  2.457484148439e-07  ,-1.567940835159e-01  
  2.458484156054e-07  ,-1.183084756047e-01  
  2.459484163668e-07  ,-7.981219331861e-02  
  2.460484171283e-07  ,-4.132253800403e-02  
  2.461484178897e-07  ,-2.856787901949e-03  
  2.462484186512e-07  ,3.556780957859e-02  
  2.463484194126e-07  ,7.393404556409e-02  
  2.464484201741e-07  ,1.122247573940e-01  
  2.465484209355e-07  ,1.504228362684e-01  
  2.466484216970e-07  ,1.885112348630e-01  
  2.467484224584e-07  ,2.264729749069e-01  
  2.468484232199e-07  ,2.642911547215e-01  
  2.469484239813e-07  ,3.019489567156e-01  
  2.470484247428e-07  ,3.394296548347e-01  
  2.471484255042e-07  ,3.767166219595e-01  
  2.472484262657e-07  ,4.137933372529e-01  
  2.473484270271e-07  ,4.506433934496e-01  
  2.474484277886e-07  ,4.872505040864e-01  
  2.475484285500e-07  ,5.235985106706e-01  
  2.476484293115e-07  ,5.596713897822e-01  
  2.477484300729e-07  ,5.954532601066e-01  
  2.478484308344e-07  ,6.309283893968e-01  
  2.479484315958e-07  ,6.660812013595e-01  
  2.480484323573e-07  ,7.008962824634e-01  
  2.481484331187e-07  ,7.353583886667e-01  
  2.482484338802e-07  ,7.694524520610e-01  
  2.483484346416e-07  ,8.031635874282e-01  
  2.484484354031e-07  ,8.364770987071e-01  
  2.485484361645e-07  ,8.693784853694e-01  
  2.486484369260e-07  ,9.018534486983e-01  
  2.487484376874e-07  ,9.338878979712e-01  
  2.488484384489e-07  ,9.654679565406e-01  
  2.489484392103e-07  ,9.965799678129e-01  
  2.490484399718e-07  ,1.027210501120e+00  
  2.491484407332e-07  ,1.057346357485e+00  
  2.492484414947e-07  ,1.086974575274e+00  
  2.493484422561e-07  ,1.116082435738e+00  
  2.494484430176e-07  ,1.144657468440e+00  
  2.495484437790e-07  ,1.172687456557e+00  
  2.496484445405e-07  ,1.200160442073e+00  
  2.497484453019e-07  ,1.227064730843e+00  
  2.498484460634e-07  ,1.253388897530e+00  
  2.499484468248e-07  ,1.279121790426e+00  
  2.500484475863e-07  ,1.304252536133e+00  
  2.501484483477e-07  ,1.328770544124e+00  
  2.502484491092e-07  ,1.352665511159e+00  
  2.503484498706e-07  ,1.375927425585e+00  
  2.504484506321e-07  ,1.398546571480e+00  
  2.505484513935e-07  ,1.420513532676e+00  
  2.506484521550e-07  ,1.441819196633e+00  
  2.507484529164e-07  ,1.462454758177e+00  
  2.508484536778e-07  ,1.482411723092e+00  
  2.509484544393e-07  ,1.501681911572e+00  
  2.510484552007e-07  ,1.520257461528e+00  
  2.511484559622e-07  ,1.538130831742e+00  
  2.512484567236e-07  ,1.555294804882e+00  
  2.513484574851e-07  ,1.571742490365e+00  
  2.514484582465e-07  ,1.587467327066e+00  
  2.515484590080e-07  ,1.602463085883e+00  
  2.516484597694e-07  ,1.616723872143e+00  
  2.517484605309e-07  ,1.630244127863e+00  
  2.518484612923e-07  ,1.643018633850e+00  
  2.519484620538e-07  ,1.655042511647e+00  
  2.520484628152e-07  ,1.666311225332e+00  
  2.521484635767e-07  ,1.676820583152e+00  
  2.522484643381e-07  ,1.686566739005e+00  
  2.523484650996e-07  ,1.695546193764e+00  
  2.524484658610e-07  ,1.703755796443e+00  
  2.525484666225e-07  ,1.711192745209e+00  
  2.526484673839e-07  ,1.717854588232e+00  
  2.527484681454e-07  ,1.723739224379e+00  
  2.528484689068e-07  ,1.728844903748e+00  
  2.529484696683e-07  ,1.733170228049e+00  
  2.530484704297e-07  ,1.736714150818e+00  
  2.531484711912e-07  ,1.739475977482e+00  
  2.532484719526e-07  ,1.741455365258e+00  
  2.533484727141e-07  ,1.742652322902e+00  
  2.534484734755e-07  ,1.743067210295e+00  
  2.535484742370e-07  ,1.742700737872e+00  
  2.536484749984e-07  ,1.741553965898e+00  
  2.537484757599e-07  ,1.739628303586e+00  
  2.538484765213e-07  ,1.736925508057e+00  
  2.539484772828e-07  ,1.733447683148e+00  
  2.540484780442e-07  ,1.729197278068e+00  
  2.541484788057e-07  ,1.724177085894e+00  
  2.542484795671e-07  ,1.718390241919e+00  
  2.543484803286e-07  ,1.711840221848e+00  
  2.544484810900e-07  ,1.704530839845e+00  
  2.545484818515e-07  ,1.696466246422e+00  
  2.546484826129e-07  ,1.687650926194e+00  
  2.547484833744e-07  ,1.678089695471e+00  
  2.548484841358e-07  ,1.667787699715e+00  
  2.549484848973e-07  ,1.656750410849e+00  
  2.550484856587e-07  ,1.644983624421e+00  
  2.551484864202e-07  ,1.632493456627e+00  
  2.552484871816e-07  ,1.619286341195e+00  
  2.553484879431e-07  ,1.605369026127e+00  
  2.554484887045e-07  ,1.590748570309e+00  
  2.555484894660e-07  ,1.575432339980e+00  
  2.556484902274e-07  ,1.559428005069e+00  
  2.557484909889e-07  ,1.542743535403e+00  
  2.558484917503e-07  ,1.525387196777e+00  
  2.559484925118e-07  ,1.507367546907e+00  
  2.560484932732e-07  ,1.488693431248e+00  
  2.561484940347e-07  ,1.469373978687e+00  
  2.562484947961e-07  ,1.449418597126e+00  
  2.563484955576e-07  ,1.428836968924e+00  
  2.564484963190e-07  ,1.407639046245e+00  
  2.565484970805e-07  ,1.385835046272e+00  
  2.566484978419e-07  ,1.363435446313e+00  
  2.567484986034e-07  ,1.340450978804e+00  
  2.568484993648e-07  ,1.316892626190e+00  
  2.569485001263e-07  ,1.292771615708e+00  
  2.570485008877e-07  ,1.268099414066e+00  
  2.571485016492e-07  ,1.242887722019e+00  
  2.572485024106e-07  ,1.217148468843e+00  
  2.573485031721e-07  ,1.190893806723e+00  
  2.574485039335e-07  ,1.164136105033e+00  
  2.575485046950e-07  ,1.136887944539e+00  
  2.576485054564e-07  ,1.109162111506e+00  
  2.577485062179e-07  ,1.080971591719e+00  
  2.578485069793e-07  ,1.052329564430e+00  
  2.579485077408e-07  ,1.023249396211e+00  
  2.580485085022e-07  ,9.937446347467e-01  
  2.581485092637e-07  ,9.638290025377e-01  
  2.582485100251e-07  ,9.335163905437e-01  
  2.583485107865e-07  ,9.028208517529e-01  
  2.584485115480e-07  ,8.717565946877e-01  
  2.585485123094e-07  ,8.403379768482e-01  
  2.586485130709e-07  ,8.085794980962e-01  
  2.587485138323e-07  ,7.764957939832e-01  
  2.588485145938e-07  ,7.441016290253e-01  
  2.589485153552e-07  ,7.114118899276e-01  
  2.590485161167e-07  ,6.784415787622e-01  
  2.591304957863e-07  ,6.512134106175e-01  
  2.591972250488e-07  ,6.289237221860e-01  
  2.592614979480e-07  ,6.073518660028e-01  
  2.593605441038e-07  ,5.739231463733e-01  
  2.594605448652e-07  ,5.399566890045e-01  
  2.595605456267e-07  ,5.057883943383e-01  
  2.596605463881e-07  ,4.714335748277e-01  
  2.597605471496e-07  ,4.369077719596e-01  
  2.598605479110e-07  ,4.022266401607e-01  
  2.599605486725e-07  ,3.674059034375e-01  
  2.600605494339e-07  ,3.324613364109e-01  
  2.601605501954e-07  ,2.974087525725e-01  
  2.602605509568e-07  ,2.622639957627e-01  
  2.603605517183e-07  ,2.270429345568e-01  
  2.604605524797e-07  ,1.917614522118e-01  
  2.605605532412e-07  ,1.564354409951e-01  
  2.606605540026e-07  ,1.210807947336e-01  
  2.607605547641e-07  ,8.571340166978e-02  
  2.608605555255e-07  ,5.034913733568e-02  
  2.609605562870e-07  ,1.500385744218e-02  
  2.610605570484e-07  ,-2.030660921320e-02  
  2.611605578099e-07  ,-5.556646781819e-02  
  2.612605585713e-07  ,-9.075996459399e-02  
  2.613605593328e-07  ,-1.258713938169e-01  
  2.614605600942e-07  ,-1.608851048104e-01  
  2.615605608557e-07  ,-1.957855089039e-01  
  2.616605616171e-07  ,-2.305570863563e-01  
  2.617605623786e-07  ,-2.651843932396e-01  
  2.618605631400e-07  ,-2.996520682818e-01  
  2.619605639015e-07  ,-3.339448396635e-01  
  2.620605646629e-07  ,-3.680475317670e-01  
  2.621605654244e-07  ,-4.019450718744e-01  
  2.622605661858e-07  ,-4.356224968121e-01  
  2.623605669473e-07  ,-4.690649595372e-01  
  2.624605677087e-07  ,-5.022577356659e-01  
  2.625605684702e-07  ,-5.351862299373e-01  
  2.626605692316e-07  ,-5.678359826138e-01  
  2.627605699931e-07  ,-6.001926758114e-01  
  2.628605707545e-07  ,-6.322421397601e-01  
  2.629605715160e-07  ,-6.639703589904e-01  
  2.630605722774e-07  ,-6.953634784429e-01  
  2.631605730389e-07  ,-7.264078094994e-01  
  2.632605738003e-07  ,-7.570898359319e-01  
  2.633605745618e-07  ,-7.873962197676e-01  
  2.634605753232e-07  ,-8.173138070667e-01  
  2.635605760847e-07  ,-8.468296336114e-01  
  2.636605768461e-07  ,-8.759309305029e-01  
  2.637605776076e-07  ,-9.046051296641e-01  
  2.638605783690e-07  ,-9.328398692462e-01  
  2.639605791305e-07  ,-9.606229989359e-01  
  2.640605798919e-07  ,-9.879425851621e-01  
  2.641605806534e-07  ,-1.014786916199e+00  
  2.642605814148e-07  ,-1.041144507164e+00  
  2.643605821763e-07  ,-1.067004104906e+00  
  2.644605829377e-07  ,-1.092354692789e+00  
  2.645605836992e-07  ,-1.117185495358e+00  
  2.646605844606e-07  ,-1.141485982896e+00  
  2.647605852221e-07  ,-1.165245875860e+00  
  2.648605859835e-07  ,-1.188455149210e+00  
  2.649605867449e-07  ,-1.211104036602e+00  
  2.650605875064e-07  ,-1.233183034481e+00  
  2.651605882678e-07  ,-1.254682906029e+00  
  2.652605890293e-07  ,-1.275594685009e+00  
  2.653605897907e-07  ,-1.295909679470e+00  
  2.654605905522e-07  ,-1.315619475327e+00  
  2.655605913136e-07  ,-1.334715939819e+00  
  2.656605920751e-07  ,-1.353191224827e+00  
  2.657605928365e-07  ,-1.371037770065e+00  
  2.658605935980e-07  ,-1.388248306142e+00  
  2.659605943594e-07  ,-1.404815857482e+00  
  2.660605951209e-07  ,-1.420733745116e+00  
  2.661605958823e-07  ,-1.435995589332e+00  
  2.662605966438e-07  ,-1.450595312190e+00  
  2.663605974052e-07  ,-1.464527139901e+00  
  2.664605981667e-07  ,-1.477785605064e+00  
  2.665605989281e-07  ,-1.490365548761e+00  
  2.666605996896e-07  ,-1.502262122518e+00  
  2.667606004510e-07  ,-1.513470790114e+00  
  2.668606012125e-07  ,-1.523987329260e+00  
  2.669606019739e-07  ,-1.533807833125e+00  
  2.670606027354e-07  ,-1.542928711725e+00  
  2.671606034968e-07  ,-1.551346693165e+00  
  2.672606042583e-07  ,-1.559058824736e+00  
  2.673606050197e-07  ,-1.566062473872e+00  
  2.674606057812e-07  ,-1.572355328958e+00  
  2.675606065426e-07  ,-1.577935399995e+00  
  2.676606073041e-07  ,-1.582801019121e+00  
  2.677606080655e-07  ,-1.586950840981e+00  
  2.678606088270e-07  ,-1.590383842960e+00  
  2.679606095884e-07  ,-1.593099325266e+00  
  2.680606103499e-07  ,-1.595096910869e+00  
  2.681606111113e-07  ,-1.596376545295e+00  
  2.682606118728e-07  ,-1.596938496277e+00  
  2.683606126342e-07  ,-1.596783353258e+00  
  2.684606133957e-07  ,-1.595912026758e+00  
  2.685606141571e-07  ,-1.594325747586e+00  
  2.686606149186e-07  ,-1.592026065923e+00  
  2.687606156800e-07  ,-1.589014850249e+00  
  2.688606164415e-07  ,-1.585294286140e+00  
  2.689606172029e-07  ,-1.580866874913e+00  
  2.690606179644e-07  ,-1.575735432147e+00  
  2.691606187258e-07  ,-1.569903086042e+00  
  2.692606194873e-07  ,-1.563373275664e+00  
  2.693606202487e-07  ,-1.556149749034e+00  
  2.694606210102e-07  ,-1.548236561088e+00  
  2.695606217716e-07  ,-1.539638071505e+00  
  2.696606225331e-07  ,-1.530358942391e+00  
  2.697606232945e-07  ,-1.520404135842e+00  
  2.698606240560e-07  ,-1.509778911364e+00  
  2.699606248174e-07  ,-1.498488823173e+00  
  2.700606255789e-07  ,-1.486539717353e+00  
  2.701606263403e-07  ,-1.473937728901e+00  
  2.702606271018e-07  ,-1.460689278635e+00  
  2.703606278632e-07  ,-1.446801069984e+00  
  2.704606286247e-07  ,-1.432280085645e+00  
  2.705606293861e-07  ,-1.417133584135e+00  
  2.706606301476e-07  ,-1.401369096207e+00  
  2.707606309090e-07  ,-1.384994421155e+00  
  2.708606316705e-07  ,-1.368017623007e+00  
  2.709606324319e-07  ,-1.350447026593e+00  
  2.710606331934e-07  ,-1.332291213513e+00  
  2.711606339548e-07  ,-1.313559017984e+00  
  2.712606347163e-07  ,-1.294259522581e+00  
  2.713606354777e-07  ,-1.274402053879e+00  
  2.714606362392e-07  ,-1.253996177979e+00  
  2.715606370006e-07  ,-1.233051695940e+00  
  2.716606377621e-07  ,-1.211578639108e+00  
  2.717606385235e-07  ,-1.189587264348e+00  
  2.718606392850e-07  ,-1.167088049177e+00  
  2.719606400464e-07  ,-1.144091686808e+00  
  2.720606408079e-07  ,-1.120609081103e+00  
  2.721606415693e-07  ,-1.096651341432e+00  
  2.722606423308e-07  ,-1.072229777452e+00  
  2.723606430922e-07  ,-1.047355893797e+00  
  2.724606438536e-07  ,-1.022041384693e+00  
  2.725606446151e-07  ,-9.962981284869e-01  
  2.726606453765e-07  ,-9.701381821038e-01  
  2.727606461380e-07  ,-9.435737754292e-01  
  2.728606468994e-07  ,-9.166173056207e-01  
  2.729606476609e-07  ,-8.892813313503e-01  
  2.730606484223e-07  ,-8.615785669818e-01  
  2.731606491838e-07  ,-8.335218766845e-01  
  2.732606499452e-07  ,-8.051242684866e-01  
  2.733606507067e-07  ,-7.763988882716e-01  
  2.734606514681e-07  ,-7.473590137187e-01  
  2.735606522296e-07  ,-7.180180481919e-01  
  2.736606529910e-07  ,-6.883895145799e-01  
  2.737606537525e-07  ,-6.584870490885e-01  
  2.738606545139e-07  ,-6.283243949907e-01  
  2.739606552754e-07  ,-5.979153963350e-01  
  2.740606560368e-07  ,-5.672739916160e-01  
  2.741606567983e-07  ,-5.364142074107e-01  
  2.742606575597e-07  ,-5.053501519813e-01  
  2.743606583212e-07  ,-4.740960088502e-01  
  2.744606590826e-07  ,-4.426660303476e-01  
  2.745606598441e-07  ,-4.110745311362e-01  
  2.746606606055e-07  ,-3.793358817156e-01  
  2.747606613670e-07  ,-3.474645019087e-01  
  2.748606621284e-07  ,-3.154748546494e-01  
  2.749606628899e-07  ,-2.833814382075e-01  
  2.750606636513e-07  ,-2.511987814368e-01  
  2.751606644128e-07  ,-2.189414360851e-01  
  2.752606651742e-07  ,-1.866239704893e-01  
  2.753606659357e-07  ,-1.542609630246e-01  
  2.754606666971e-07  ,-1.218669955520e-01  
  2.755606674586e-07  ,-8.945664687242e-02  
  2.756606682200e-07  ,-5.704448618770e-02  
  2.757606689815e-07  ,-2.464506657454e-02  
  2.758606697429e-07  ,7.727081527333e-03  
  2.759606705044e-07  ,4.005745680911e-02  
  2.760606712658e-07  ,7.233159356626e-02  
  2.761606720273e-07  ,1.045350681485e-01  
  2.762606727887e-07  ,1.366535053831e-01  
  2.763606735502e-07  ,1.686725849695e-01  
  2.764606743116e-07  ,2.005780478414e-01  
  2.765606750731e-07  ,2.323557024941e-01  
  2.766606758345e-07  ,2.639914312744e-01  
  2.767606765960e-07  ,2.954711966296e-01  
  2.768606773574e-07  ,3.267810473141e-01  
  2.769606781189e-07  ,3.579071245489e-01  
  2.770606788803e-07  ,3.888356681336e-01  
  2.771606796418e-07  ,4.195530225064e-01  
  2.772606804032e-07  ,4.500456427503e-01  
  2.773606811647e-07  ,4.803001005424e-01  
  2.774606819261e-07  ,5.103030900448e-01  
  2.775606826876e-07  ,5.400414337324e-01  
  2.776606834490e-07  ,5.695020881578e-01  
  2.777606842105e-07  ,5.986721496478e-01  
  2.778606849719e-07  ,6.275388599321e-01  
  2.779606857334e-07  ,6.560896116992e-01  
  2.780606864948e-07  ,6.843119540783e-01  
  2.781606872563e-07  ,7.121935980447e-01  
  2.782606880177e-07  ,7.397224217467e-01  
  2.783606887792e-07  ,7.668864757503e-01  
  2.784606895406e-07  ,7.936739882016e-01  
  2.785606903021e-07  ,8.200733699028e-01  
  2.786606910635e-07  ,8.460732193003e-01  
  2.787606918250e-07  ,8.716623273832e-01  
  2.788606925864e-07  ,8.968296824897e-01  
  2.789606933479e-07  ,9.215644750188e-01  
  2.790606941093e-07  ,9.458561020465e-01  
  2.791606948708e-07  ,9.696941718435e-01  
  2.792606956322e-07  ,9.930685082931e-01  
  2.793606963937e-07  ,1.015969155207e+00  
  2.794606971551e-07  ,1.038386380538e+00  
  2.795606979166e-07  ,1.060310680486e+00  
  2.796606986780e-07  ,1.081732783498e+00  
  2.797606994395e-07  ,1.102643654158e+00  
  2.798607002009e-07  ,1.123034496970e+00  
  2.799607009623e-07  ,1.142896760022e+00  
  2.800607017238e-07  ,1.162222138543e+00  
  2.801607024852e-07  ,1.181002578343e+00  
  2.802607032467e-07  ,1.199230279136e+00  
  2.803607040081e-07  ,1.216897697743e+00  
  2.804607047696e-07  ,1.233997551180e+00  
  2.805607055310e-07  ,1.250522819625e+00  
  2.806607062925e-07  ,1.266466749261e+00  
  2.807607070539e-07  ,1.281822854997e+00  
  2.808607078154e-07  ,1.296584923067e+00  
  2.809607085768e-07  ,1.310747013503e+00  
  2.810607093383e-07  ,1.324303462483e+00  
  2.811607100997e-07  ,1.337248884549e+00  
  2.812607108612e-07  ,1.349578174706e+00  
  2.813607116226e-07  ,1.361286510380e+00  
  2.814607123841e-07  ,1.372369353258e+00  
  2.815607131455e-07  ,1.382822450996e+00  
  2.816607139070e-07  ,1.392641838789e+00  
  2.817607146684e-07  ,1.401823840822e+00  
  2.818607154299e-07  ,1.410365071581e+00  
  2.819607161913e-07  ,1.418262437037e+00  
  2.820607169528e-07  ,1.425513135690e+00  
  2.821607177142e-07  ,1.432114659496e+00  
  2.822607184757e-07  ,1.438064794641e+00  
  2.823607192371e-07  ,1.443361622202e+00  
  2.824607199986e-07  ,1.448003518658e+00  
  2.825607207600e-07  ,1.451989156281e+00  
  2.826607215215e-07  ,1.455317503384e+00  
  2.827607222829e-07  ,1.457987824442e+00  
  2.828607230444e-07  ,1.459999680079e+00  
  2.829607238058e-07  ,1.461352926920e+00  
  2.830607245673e-07  ,1.462047717309e+00  
  2.831607253287e-07  ,1.462084498901e+00  
  2.832607260902e-07  ,1.461464014118e+00  
  2.833607268516e-07  ,1.460187299470e+00  
  2.834607276131e-07  ,1.458255684750e+00  
  2.835607283745e-07  ,1.455670792099e+00  
  2.836607291360e-07  ,1.452434534933e+00  
  2.837607298974e-07  ,1.448549116751e+00  
  2.838607306589e-07  ,1.444017029809e+00  
  2.839607314203e-07  ,1.438841053661e+00  
  2.840607321818e-07  ,1.433024253583e+00  
  2.841607329432e-07  ,1.426569978866e+00  
  2.842607337047e-07  ,1.419481860978e+00  
  2.843607344661e-07  ,1.411763811612e+00  
  2.844607352276e-07  ,1.403420020602e+00  
  2.845607359890e-07  ,1.394454953721e+00  
  2.846607367505e-07  ,1.384873350355e+00  
  2.847607375119e-07  ,1.374680221061e+00  
  2.848607382734e-07  ,1.363880845000e+00  
  2.849607390348e-07  ,1.352480767261e+00  
  2.850607397963e-07  ,1.340485796058e+00  
  2.851607405577e-07  ,1.327901999822e+00  
  2.852607413192e-07  ,1.314735704173e+00  
  2.853607420806e-07  ,1.300993488786e+00  
  2.854607428421e-07  ,1.286682184140e+00  
  2.855607436035e-07  ,1.271808868163e+00  
  2.856607443650e-07  ,1.256380862767e+00  
  2.857607451264e-07  ,1.240405730281e+00  
  2.858607458879e-07  ,1.223891269778e+00  
  2.859607466493e-07  ,1.206845513298e+00  
  2.860607474108e-07  ,1.189276721976e+00  
  2.861607481722e-07  ,1.171193382066e+00  
  2.862607489337e-07  ,1.152604200872e+00  
  2.863607496951e-07  ,1.133518102587e+00  
  2.864607504566e-07  ,1.113944224032e+00  
  2.865607512180e-07  ,1.093891910311e+00  
  2.866607519795e-07  ,1.073370710376e+00  
  2.867607527409e-07  ,1.052390372504e+00  
  2.868607535024e-07  ,1.030960839692e+00  
  2.869607542638e-07  ,1.009092244969e+00  
  2.870607550253e-07  ,9.867949066248e-01  
  2.871607557867e-07  ,9.640793233715e-01  
  2.872607565481e-07  ,9.409561694162e-01  
  2.873607573096e-07  ,9.174362894701e-01  
  2.874607580710e-07  ,8.935306936837e-01  
  2.875607588325e-07  ,8.692505525136e-01  
  2.876607595939e-07  ,8.446071915239e-01  
  2.877607603554e-07  ,8.196120861235e-01  
  2.878607611168e-07  ,7.942768562428e-01  
  2.879607618783e-07  ,7.686132609514e-01  
  2.880607626397e-07  ,7.426331930200e-01  
  2.881607634012e-07  ,7.163486734276e-01  
  2.882607641626e-07  ,6.897718458191e-01  
  2.883607649241e-07  ,6.629149709130e-01  
  2.884607656855e-07  ,6.357904208637e-01  
  2.885607664470e-07  ,6.084106735801e-01  
  2.886607672084e-07  ,5.807883070035e-01  
  2.887607679699e-07  ,5.529359933471e-01  
  2.888607687313e-07  ,5.248664933002e-01  
  2.889607694928e-07  ,4.965926501989e-01  
  2.890607702542e-07  ,4.681273841672e-01  
  2.891607710157e-07  ,4.394836862294e-01  
  2.892607717771e-07  ,4.106746123990e-01  
  2.893607725386e-07  ,3.817132777438e-01  
  2.894607733000e-07  ,3.526128504325e-01  
  2.895607740615e-07  ,3.233865457637e-01  
  2.896607748229e-07  ,2.940476205760e-01  
  2.897607755844e-07  ,2.646093657050e-01  
  2.898607763458e-07  ,2.350851022262e-01  
  2.899607771073e-07  ,2.054881740221e-01  
  2.900607778687e-07  ,1.758319420824e-01  
  2.901607786302e-07  ,1.461297784956e-01  
  2.902607793916e-07  ,1.163950604374e-01  
  2.903607801531e-07  ,8.664116416281e-02  
  2.904607809145e-07  ,5.688145900504e-02  
  2.905607816760e-07  ,2.712930138442e-02  
  2.906607824374e-07  ,-2.601971170196e-03  
  2.907607831989e-07  ,-3.229904598439e-02  
  2.908607839603e-07  ,-6.194864118319e-02  
  2.909607847218e-07  ,-9.153751161536e-02  
  2.910607854832e-07  ,-1.210524547542e-01  
  2.911607862447e-07  ,-1.504803165726e-01  
  2.912607870061e-07  ,-1.798079973891e-01  
  2.913607877676e-07  ,-2.090224576833e-01  
  2.914607885290e-07  ,-2.381107238771e-01  
  2.915607892905e-07  ,-2.670598940797e-01  
  2.916607900519e-07  ,-2.958571437940e-01  
  2.917607908134e-07  ,-3.244897315811e-01  
  2.918607915748e-07  ,-3.529450046819e-01  
  2.919607923363e-07  ,-3.812104045912e-01  
  2.920607930977e-07  ,-4.092734725839e-01  
  2.921607938592e-07  ,-4.371218551895e-01  
  2.922607946206e-07  ,-4.647433096136e-01  
  2.923607953821e-07  ,-4.921257091025e-01  
  2.924607961435e-07  ,-5.192570482505e-01  
  2.925607969050e-07  ,-5.461254482458e-01  
  2.926607976664e-07  ,-5.727191620542e-01  
  2.927607984279e-07  ,-5.990265795367e-01  
  2.928607991893e-07  ,-6.250362325009e-01  
  2.929607999508e-07  ,-6.507367996815e-01  
  2.930608007122e-07  ,-6.761171116505e-01  
  2.931608014737e-07  ,-7.011661556524e-01  
  2.932608022351e-07  ,-7.258730803642e-01  
  2.933608029966e-07  ,-7.502272005768e-01  
  2.934608037580e-07  ,-7.742180017972e-01  
  2.935608045195e-07  ,-7.978351447680e-01  
  2.936608052809e-07  ,-8.210684699034e-01  
  2.937608060424e-07  ,-8.439080016396e-01  
  2.938608068038e-07  ,-8.663439526970e-01  
  2.939608075653e-07  ,-8.883667282534e-01  
  2.940608083267e-07  ,-9.099669300259e-01  
  2.941608090882e-07  ,-9.311353602599e-01  
  2.942608098496e-07  ,-9.518630256233e-01  
  2.943608106111e-07  ,-9.721411410045e-01  
  2.944608113725e-07  ,-9.919611332129e-01  
  2.945608121340e-07  ,-1.011314644580e+00  
  2.946608128954e-07  ,-1.030193536457e+00  
  2.947608136568e-07  ,-1.048589892617e+00  
  2.948608144183e-07  ,-1.066496022544e+00  
  2.949608151797e-07  ,-1.083904464624e+00  
  2.950608159412e-07  ,-1.100807989229e+00  
  2.951608167026e-07  ,-1.117199601687e+00  
  2.952608174641e-07  ,-1.133072545152e+00  
  2.953608182255e-07  ,-1.148420303358e+00  
  2.954608189870e-07  ,-1.163236603262e+00  
  2.955608197484e-07  ,-1.177515417580e+00  
  2.956608205099e-07  ,-1.191250967203e+00  
  2.957608212713e-07  ,-1.204437723503e+00  
  2.958608220328e-07  ,-1.217070410525e+00  
  2.959608227942e-07  ,-1.229144007055e+00  
  2.960608235557e-07  ,-1.240653748584e+00  
  2.961608243171e-07  ,-1.251595129144e+00  
  2.962608250786e-07  ,-1.261963903030e+00  
  2.963608258400e-07  ,-1.271756086405e+00  
  2.964608266015e-07  ,-1.280967958778e+00  
  2.965608273629e-07  ,-1.289596064376e+00  
  2.966608281244e-07  ,-1.297637213380e+00  
  2.967608288858e-07  ,-1.305088483050e+00  
  2.968608296473e-07  ,-1.311947218727e+00  
  2.969608304087e-07  ,-1.318211034712e+00  
  2.970608311702e-07  ,-1.323877815024e+00  
  2.971608319316e-07  ,-1.328945714037e+00  
  2.972608326931e-07  ,-1.333413156993e+00  
  2.973608334545e-07  ,-1.337278840395e+00  
  2.974608342160e-07  ,-1.340541732278e+00  
  2.975608349774e-07  ,-1.343201072352e+00  
  2.976608357389e-07  ,-1.345256372035e+00  
  2.977608365003e-07  ,-1.346707414350e+00  
  2.978608372618e-07  ,-1.347554253709e+00  
  2.979608380232e-07  ,-1.347797215576e+00  
  2.980608387847e-07  ,-1.347436896004e+00  
  2.981608395461e-07  ,-1.346474161051e+00  
  2.982608403076e-07  ,-1.344910146083e+00  
  2.983608410690e-07  ,-1.342746254947e+00  
  2.984608418305e-07  ,-1.339984159033e+00  
  2.985608425919e-07  ,-1.336625796211e+00  
  2.986608433534e-07  ,-1.332673369651e+00  
  2.987608441148e-07  ,-1.328129346531e+00  
  2.988608448763e-07  ,-1.322996456618e+00  
  2.989608456377e-07  ,-1.317277690741e+00  
  2.990608463992e-07  ,-1.310976299144e+00  
  2.991608471606e-07  ,-1.304095789730e+00  
  2.992608479221e-07  ,-1.296639926183e+00  
  2.993608486835e-07  ,-1.288612725985e+00  
  2.994608494450e-07  ,-1.280018458317e+00  
  2.995608502064e-07  ,-1.270861641855e+00  
  2.996608509679e-07  ,-1.261147042445e+00  
  2.997608517293e-07  ,-1.250879670686e+00  
  2.998608524908e-07  ,-1.240064779390e+00  
  2.999608532522e-07  ,-1.228707860949e+00  
  3.000000000000e-07  ,-1.224115212818e+00  
