  Time                 , V(Rg:2,Ls:2)         
  0.000000000000e+00  ,0.000000000000e+00  
  1.000000000000e-12  ,0.000000000000e+00  
  2.000000000000e-12  ,0.000000000000e+00  
  4.000160748139e-12  ,0.000000000000e+00  
  8.000482244417e-12  ,0.000000000000e+00  
  1.600112523697e-11  ,0.000000000000e+00  
  3.200241122209e-11  ,0.000000000000e+00  
  6.400498319231e-11  ,0.000000000000e+00  
  1.280101271328e-10  ,0.000000000000e+00  
  2.280108885821e-10  ,0.000000000000e+00  
  3.280116500314e-10  ,0.000000000000e+00  
  4.280124114808e-10  ,0.000000000000e+00  
  5.280131729301e-10  ,0.000000000000e+00  
  6.280139343794e-10  ,0.000000000000e+00  
  7.280146958288e-10  ,0.000000000000e+00  
  8.280154572781e-10  ,0.000000000000e+00  
  9.280162187275e-10  ,0.000000000000e+00  
  1.028016980177e-09  ,0.000000000000e+00  
  1.128017741626e-09  ,0.000000000000e+00  
  1.228018503075e-09  ,0.000000000000e+00  
  1.328019264525e-09  ,0.000000000000e+00  
  1.428020025974e-09  ,0.000000000000e+00  
  1.528020787423e-09  ,0.000000000000e+00  
  1.628021548873e-09  ,0.000000000000e+00  
  1.728022310322e-09  ,0.000000000000e+00  
  1.828023071771e-09  ,0.000000000000e+00  
  1.928023833221e-09  ,0.000000000000e+00  
  2.028024594670e-09  ,0.000000000000e+00  
  2.128025356119e-09  ,0.000000000000e+00  
  2.228026117569e-09  ,0.000000000000e+00  
  2.328026879018e-09  ,0.000000000000e+00  
  2.428027640468e-09  ,0.000000000000e+00  
  2.528028401917e-09  ,0.000000000000e+00  
  2.628029163366e-09  ,0.000000000000e+00  
  2.728029924816e-09  ,0.000000000000e+00  
  2.828030686265e-09  ,0.000000000000e+00  
  2.928031447714e-09  ,0.000000000000e+00  
  3.028032209164e-09  ,0.000000000000e+00  
  3.128032970613e-09  ,0.000000000000e+00  
  3.228033732062e-09  ,0.000000000000e+00  
  3.328034493512e-09  ,0.000000000000e+00  
  3.428035254961e-09  ,0.000000000000e+00  
  3.528036016410e-09  ,0.000000000000e+00  
  3.628036777860e-09  ,0.000000000000e+00  
  3.728037539309e-09  ,0.000000000000e+00  
  3.828038300758e-09  ,0.000000000000e+00  
  3.928039062208e-09  ,0.000000000000e+00  
  4.028039823657e-09  ,0.000000000000e+00  
  4.128040585106e-09  ,0.000000000000e+00  
  4.228041346556e-09  ,0.000000000000e+00  
  4.328042108005e-09  ,0.000000000000e+00  
  4.428042869454e-09  ,0.000000000000e+00  
  4.528043630904e-09  ,0.000000000000e+00  
  4.628044392353e-09  ,0.000000000000e+00  
  4.728045153802e-09  ,0.000000000000e+00  
  4.828045915252e-09  ,0.000000000000e+00  
  4.928046676701e-09  ,0.000000000000e+00  
  5.028047438150e-09  ,0.000000000000e+00  
  5.128048199600e-09  ,0.000000000000e+00  
  5.228048961049e-09  ,0.000000000000e+00  
  5.328049722498e-09  ,0.000000000000e+00  
  5.428050483948e-09  ,0.000000000000e+00  
  5.528051245397e-09  ,0.000000000000e+00  
  5.628052006846e-09  ,0.000000000000e+00  
  5.728052768296e-09  ,0.000000000000e+00  
  5.828053529745e-09  ,0.000000000000e+00  
  5.928054291194e-09  ,0.000000000000e+00  
  6.028055052644e-09  ,0.000000000000e+00  
  6.128055814093e-09  ,0.000000000000e+00  
  6.228056575542e-09  ,0.000000000000e+00  
  6.328057336992e-09  ,0.000000000000e+00  
  6.428058098441e-09  ,0.000000000000e+00  
  6.528058859890e-09  ,0.000000000000e+00  
  6.628059621340e-09  ,0.000000000000e+00  
  6.728060382789e-09  ,0.000000000000e+00  
  6.828061144238e-09  ,0.000000000000e+00  
  6.928061905688e-09  ,0.000000000000e+00  
  7.028062667137e-09  ,0.000000000000e+00  
  7.128063428586e-09  ,0.000000000000e+00  
  7.228064190036e-09  ,0.000000000000e+00  
  7.328064951485e-09  ,0.000000000000e+00  
  7.428065712934e-09  ,0.000000000000e+00  
  7.528066474384e-09  ,0.000000000000e+00  
  7.628067235833e-09  ,0.000000000000e+00  
  7.728067997282e-09  ,0.000000000000e+00  
  7.828068758732e-09  ,0.000000000000e+00  
  7.928069520181e-09  ,0.000000000000e+00  
  8.028070281630e-09  ,0.000000000000e+00  
  8.128071043080e-09  ,0.000000000000e+00  
  8.228071804529e-09  ,0.000000000000e+00  
  8.328072565978e-09  ,0.000000000000e+00  
  8.428073327428e-09  ,0.000000000000e+00  
  8.528074088877e-09  ,0.000000000000e+00  
  8.628074850326e-09  ,0.000000000000e+00  
  8.728075611776e-09  ,0.000000000000e+00  
  8.828076373225e-09  ,0.000000000000e+00  
  8.928077134674e-09  ,0.000000000000e+00  
  9.028077896124e-09  ,0.000000000000e+00  
  9.128078657573e-09  ,0.000000000000e+00  
  9.228079419022e-09  ,0.000000000000e+00  
  9.328080180472e-09  ,0.000000000000e+00  
  9.428080941921e-09  ,0.000000000000e+00  
  9.528081703370e-09  ,0.000000000000e+00  
  9.628082464820e-09  ,0.000000000000e+00  
  9.728083226269e-09  ,0.000000000000e+00  
  9.828083987718e-09  ,0.000000000000e+00  
  9.928084749168e-09  ,0.000000000000e+00  
  1.002808551062e-08  ,0.000000000000e+00  
  1.012808627207e-08  ,0.000000000000e+00  
  1.022808703352e-08  ,0.000000000000e+00  
  1.032808779497e-08  ,0.000000000000e+00  
  1.042808855641e-08  ,0.000000000000e+00  
  1.052808931786e-08  ,0.000000000000e+00  
  1.062809007931e-08  ,0.000000000000e+00  
  1.072809084076e-08  ,0.000000000000e+00  
  1.082809160221e-08  ,0.000000000000e+00  
  1.092809236366e-08  ,0.000000000000e+00  
  1.102809312511e-08  ,0.000000000000e+00  
  1.112809388656e-08  ,0.000000000000e+00  
  1.122809464801e-08  ,0.000000000000e+00  
  1.132809540946e-08  ,0.000000000000e+00  
  1.142809617091e-08  ,0.000000000000e+00  
  1.152809693236e-08  ,0.000000000000e+00  
  1.162809769381e-08  ,0.000000000000e+00  
  1.172809845526e-08  ,0.000000000000e+00  
  1.182809921671e-08  ,0.000000000000e+00  
  1.192809997815e-08  ,0.000000000000e+00  
  1.202810073960e-08  ,0.000000000000e+00  
  1.212810150105e-08  ,0.000000000000e+00  
  1.222810226250e-08  ,0.000000000000e+00  
  1.232810302395e-08  ,0.000000000000e+00  
  1.242810378540e-08  ,0.000000000000e+00  
  1.252810454685e-08  ,0.000000000000e+00  
  1.262810530830e-08  ,0.000000000000e+00  
  1.272810606975e-08  ,0.000000000000e+00  
  1.282810683120e-08  ,0.000000000000e+00  
  1.292810759265e-08  ,0.000000000000e+00  
  1.302810835410e-08  ,0.000000000000e+00  
  1.312810911555e-08  ,0.000000000000e+00  
  1.322810987700e-08  ,0.000000000000e+00  
  1.332811063845e-08  ,0.000000000000e+00  
  1.342811139989e-08  ,0.000000000000e+00  
  1.352811216134e-08  ,0.000000000000e+00  
  1.362811292279e-08  ,0.000000000000e+00  
  1.372811368424e-08  ,0.000000000000e+00  
  1.382811444569e-08  ,0.000000000000e+00  
  1.392811520714e-08  ,0.000000000000e+00  
  1.402811596859e-08  ,0.000000000000e+00  
  1.412811673004e-08  ,0.000000000000e+00  
  1.422811749149e-08  ,0.000000000000e+00  
  1.432811825294e-08  ,0.000000000000e+00  
  1.442811901439e-08  ,0.000000000000e+00  
  1.452811977584e-08  ,0.000000000000e+00  
  1.462812053729e-08  ,0.000000000000e+00  
  1.472812129874e-08  ,0.000000000000e+00  
  1.482812206019e-08  ,0.000000000000e+00  
  1.492812282163e-08  ,0.000000000000e+00  
  1.502812358308e-08  ,0.000000000000e+00  
  1.512812434453e-08  ,0.000000000000e+00  
  1.522812510598e-08  ,0.000000000000e+00  
  1.532812586743e-08  ,0.000000000000e+00  
  1.542812662888e-08  ,0.000000000000e+00  
  1.552812739033e-08  ,0.000000000000e+00  
  1.562812815178e-08  ,0.000000000000e+00  
  1.572812891323e-08  ,0.000000000000e+00  
  1.582812967468e-08  ,0.000000000000e+00  
  1.592813043613e-08  ,0.000000000000e+00  
  1.602813119758e-08  ,0.000000000000e+00  
  1.612813195903e-08  ,0.000000000000e+00  
  1.622813272048e-08  ,0.000000000000e+00  
  1.632813348193e-08  ,0.000000000000e+00  
  1.642813424337e-08  ,0.000000000000e+00  
  1.652813500482e-08  ,0.000000000000e+00  
  1.662813576627e-08  ,0.000000000000e+00  
  1.672813652772e-08  ,0.000000000000e+00  
  1.682813728917e-08  ,0.000000000000e+00  
  1.692813805062e-08  ,0.000000000000e+00  
  1.702813881207e-08  ,0.000000000000e+00  
  1.712813957352e-08  ,0.000000000000e+00  
  1.722814033497e-08  ,0.000000000000e+00  
  1.732814109642e-08  ,0.000000000000e+00  
  1.742814185787e-08  ,0.000000000000e+00  
  1.752814261932e-08  ,0.000000000000e+00  
  1.762814338077e-08  ,0.000000000000e+00  
  1.772814414222e-08  ,0.000000000000e+00  
  1.782814490367e-08  ,0.000000000000e+00  
  1.792814566511e-08  ,0.000000000000e+00  
  1.802814642656e-08  ,0.000000000000e+00  
  1.812814718801e-08  ,0.000000000000e+00  
  1.822814794946e-08  ,0.000000000000e+00  
  1.832814871091e-08  ,0.000000000000e+00  
  1.842814947236e-08  ,0.000000000000e+00  
  1.852815023381e-08  ,0.000000000000e+00  
  1.862815099526e-08  ,0.000000000000e+00  
  1.872815175671e-08  ,0.000000000000e+00  
  1.882815251816e-08  ,0.000000000000e+00  
  1.892815327961e-08  ,0.000000000000e+00  
  1.902815404106e-08  ,0.000000000000e+00  
  1.912815480251e-08  ,0.000000000000e+00  
  1.922815556396e-08  ,0.000000000000e+00  
  1.932815632541e-08  ,0.000000000000e+00  
  1.942815708685e-08  ,0.000000000000e+00  
  1.952815784830e-08  ,0.000000000000e+00  
  1.962815860975e-08  ,0.000000000000e+00  
  1.972815937120e-08  ,0.000000000000e+00  
  1.982816013265e-08  ,0.000000000000e+00  
  1.992816089410e-08  ,0.000000000000e+00  
  2.002816165555e-08  ,0.000000000000e+00  
  2.012816241700e-08  ,0.000000000000e+00  
  2.022816317845e-08  ,0.000000000000e+00  
  2.032816393990e-08  ,0.000000000000e+00  
  2.042816470135e-08  ,0.000000000000e+00  
  2.052816546280e-08  ,0.000000000000e+00  
  2.062816622425e-08  ,0.000000000000e+00  
  2.072816698570e-08  ,0.000000000000e+00  
  2.082816774715e-08  ,0.000000000000e+00  
  2.092816850859e-08  ,0.000000000000e+00  
  2.102816927004e-08  ,0.000000000000e+00  
  2.112817003149e-08  ,0.000000000000e+00  
  2.122817079294e-08  ,0.000000000000e+00  
  2.132817155439e-08  ,0.000000000000e+00  
  2.142817231584e-08  ,0.000000000000e+00  
  2.152817307729e-08  ,0.000000000000e+00  
  2.162817383874e-08  ,0.000000000000e+00  
  2.172817460019e-08  ,0.000000000000e+00  
  2.182817536164e-08  ,0.000000000000e+00  
  2.192817612309e-08  ,0.000000000000e+00  
  2.202817688454e-08  ,0.000000000000e+00  
  2.212817764599e-08  ,0.000000000000e+00  
  2.222817840744e-08  ,0.000000000000e+00  
  2.232817916889e-08  ,0.000000000000e+00  
  2.242817993033e-08  ,0.000000000000e+00  
  2.252818069178e-08  ,0.000000000000e+00  
  2.262818145323e-08  ,0.000000000000e+00  
  2.272818221468e-08  ,0.000000000000e+00  
  2.282818297613e-08  ,0.000000000000e+00  
  2.292818373758e-08  ,0.000000000000e+00  
  2.302818449903e-08  ,0.000000000000e+00  
  2.312818526048e-08  ,0.000000000000e+00  
  2.322818602193e-08  ,0.000000000000e+00  
  2.332818678338e-08  ,0.000000000000e+00  
  2.342818754483e-08  ,0.000000000000e+00  
  2.352818830628e-08  ,0.000000000000e+00  
  2.362818906773e-08  ,0.000000000000e+00  
  2.372818982918e-08  ,0.000000000000e+00  
  2.382819059063e-08  ,0.000000000000e+00  
  2.392819135208e-08  ,0.000000000000e+00  
  2.402819211352e-08  ,0.000000000000e+00  
  2.412819287497e-08  ,0.000000000000e+00  
  2.422819363642e-08  ,0.000000000000e+00  
  2.432819439787e-08  ,0.000000000000e+00  
  2.442819515932e-08  ,0.000000000000e+00  
  2.452819592077e-08  ,0.000000000000e+00  
  2.462819668222e-08  ,0.000000000000e+00  
  2.472819744367e-08  ,0.000000000000e+00  
  2.482819820512e-08  ,0.000000000000e+00  
  2.492819896657e-08  ,0.000000000000e+00  
  2.502819972802e-08  ,0.000000000000e+00  
  2.512820048947e-08  ,0.000000000000e+00  
  2.522820125092e-08  ,0.000000000000e+00  
  2.532820201237e-08  ,0.000000000000e+00  
  2.542820277382e-08  ,0.000000000000e+00  
  2.552820353526e-08  ,0.000000000000e+00  
  2.562820429671e-08  ,0.000000000000e+00  
  2.572820505816e-08  ,0.000000000000e+00  
  2.582820581961e-08  ,0.000000000000e+00  
  2.592820658106e-08  ,0.000000000000e+00  
  2.602820734251e-08  ,0.000000000000e+00  
  2.612820810396e-08  ,0.000000000000e+00  
  2.622820886541e-08  ,0.000000000000e+00  
  2.632820962686e-08  ,0.000000000000e+00  
  2.642821038831e-08  ,0.000000000000e+00  
  2.652821114976e-08  ,0.000000000000e+00  
  2.662821191121e-08  ,0.000000000000e+00  
  2.672821267266e-08  ,0.000000000000e+00  
  2.682821343411e-08  ,0.000000000000e+00  
  2.692821419556e-08  ,0.000000000000e+00  
  2.702821495700e-08  ,0.000000000000e+00  
  2.712821571845e-08  ,0.000000000000e+00  
  2.722821647990e-08  ,0.000000000000e+00  
  2.732821724135e-08  ,0.000000000000e+00  
  2.742821800280e-08  ,0.000000000000e+00  
  2.752821876425e-08  ,0.000000000000e+00  
  2.762821952570e-08  ,0.000000000000e+00  
  2.772822028715e-08  ,0.000000000000e+00  
  2.782822104860e-08  ,0.000000000000e+00  
  2.792822181005e-08  ,0.000000000000e+00  
  2.802822257150e-08  ,0.000000000000e+00  
  2.812822333295e-08  ,0.000000000000e+00  
  2.822822409440e-08  ,0.000000000000e+00  
  2.832822485585e-08  ,0.000000000000e+00  
  2.842822561730e-08  ,0.000000000000e+00  
  2.852822637874e-08  ,0.000000000000e+00  
  2.862822714019e-08  ,0.000000000000e+00  
  2.872822790164e-08  ,0.000000000000e+00  
  2.882822866309e-08  ,0.000000000000e+00  
  2.892822942454e-08  ,0.000000000000e+00  
  2.902823018599e-08  ,0.000000000000e+00  
  2.912823094744e-08  ,0.000000000000e+00  
  2.922823170889e-08  ,0.000000000000e+00  
  2.932823247034e-08  ,0.000000000000e+00  
  2.942823323179e-08  ,0.000000000000e+00  
  2.952823399324e-08  ,0.000000000000e+00  
  2.962823475469e-08  ,0.000000000000e+00  
  2.972823551614e-08  ,0.000000000000e+00  
  2.982823627759e-08  ,0.000000000000e+00  
  2.992823703904e-08  ,0.000000000000e+00  
  3.002823780048e-08  ,0.000000000000e+00  
  3.012823856193e-08  ,0.000000000000e+00  
  3.022823932338e-08  ,0.000000000000e+00  
  3.032824008483e-08  ,0.000000000000e+00  
  3.042824084628e-08  ,0.000000000000e+00  
  3.052824160773e-08  ,0.000000000000e+00  
  3.062824236918e-08  ,0.000000000000e+00  
  3.072824313063e-08  ,0.000000000000e+00  
  3.082824389208e-08  ,0.000000000000e+00  
  3.092824465353e-08  ,0.000000000000e+00  
  3.102824541498e-08  ,0.000000000000e+00  
  3.112824617643e-08  ,0.000000000000e+00  
  3.122824693788e-08  ,0.000000000000e+00  
  3.132824769933e-08  ,0.000000000000e+00  
  3.142824846078e-08  ,0.000000000000e+00  
  3.152824922222e-08  ,0.000000000000e+00  
  3.162824998367e-08  ,0.000000000000e+00  
  3.172825074512e-08  ,0.000000000000e+00  
  3.182825150657e-08  ,0.000000000000e+00  
  3.192825226802e-08  ,0.000000000000e+00  
  3.202825302947e-08  ,0.000000000000e+00  
  3.212825379092e-08  ,0.000000000000e+00  
  3.222825455237e-08  ,0.000000000000e+00  
  3.232825531382e-08  ,0.000000000000e+00  
  3.242825607527e-08  ,0.000000000000e+00  
  3.252825683672e-08  ,0.000000000000e+00  
  3.262825759817e-08  ,0.000000000000e+00  
  3.272825835962e-08  ,0.000000000000e+00  
  3.282825912107e-08  ,0.000000000000e+00  
  3.292825988252e-08  ,0.000000000000e+00  
  3.302826064396e-08  ,0.000000000000e+00  
  3.312826140541e-08  ,0.000000000000e+00  
  3.322826216686e-08  ,0.000000000000e+00  
  3.332826292831e-08  ,0.000000000000e+00  
  3.342826368976e-08  ,0.000000000000e+00  
  3.352826445121e-08  ,0.000000000000e+00  
  3.362826521266e-08  ,0.000000000000e+00  
  3.372826597411e-08  ,0.000000000000e+00  
  3.382826673556e-08  ,0.000000000000e+00  
  3.392826749701e-08  ,0.000000000000e+00  
  3.402826825846e-08  ,0.000000000000e+00  
  3.412826901991e-08  ,0.000000000000e+00  
  3.422826978136e-08  ,0.000000000000e+00  
  3.432827054281e-08  ,0.000000000000e+00  
  3.442827130426e-08  ,0.000000000000e+00  
  3.452827206570e-08  ,0.000000000000e+00  
  3.462827282715e-08  ,0.000000000000e+00  
  3.472827358860e-08  ,0.000000000000e+00  
  3.482827435005e-08  ,0.000000000000e+00  
  3.492827511150e-08  ,0.000000000000e+00  
  3.502827587295e-08  ,0.000000000000e+00  
  3.512827663440e-08  ,0.000000000000e+00  
  3.522827739585e-08  ,0.000000000000e+00  
  3.532827815730e-08  ,0.000000000000e+00  
  3.542827891875e-08  ,0.000000000000e+00  
  3.552827968020e-08  ,0.000000000000e+00  
  3.562828044165e-08  ,0.000000000000e+00  
  3.572828120310e-08  ,0.000000000000e+00  
  3.582828196455e-08  ,0.000000000000e+00  
  3.592828272600e-08  ,0.000000000000e+00  
  3.602828348744e-08  ,0.000000000000e+00  
  3.612828424889e-08  ,0.000000000000e+00  
  3.622828501034e-08  ,0.000000000000e+00  
  3.632828577179e-08  ,0.000000000000e+00  
  3.642828653324e-08  ,0.000000000000e+00  
  3.652828729469e-08  ,0.000000000000e+00  
  3.662828805614e-08  ,0.000000000000e+00  
  3.672828881759e-08  ,0.000000000000e+00  
  3.682828957904e-08  ,0.000000000000e+00  
  3.692829034049e-08  ,0.000000000000e+00  
  3.702829110194e-08  ,0.000000000000e+00  
  3.712829186339e-08  ,0.000000000000e+00  
  3.722829262484e-08  ,0.000000000000e+00  
  3.732829338629e-08  ,0.000000000000e+00  
  3.742829414774e-08  ,0.000000000000e+00  
  3.752829490918e-08  ,0.000000000000e+00  
  3.762829567063e-08  ,0.000000000000e+00  
  3.772829643208e-08  ,0.000000000000e+00  
  3.782829719353e-08  ,0.000000000000e+00  
  3.792829795498e-08  ,0.000000000000e+00  
  3.802829871643e-08  ,0.000000000000e+00  
  3.812829947788e-08  ,0.000000000000e+00  
  3.822830023933e-08  ,0.000000000000e+00  
  3.832830100078e-08  ,0.000000000000e+00  
  3.842830176223e-08  ,0.000000000000e+00  
  3.852830252368e-08  ,0.000000000000e+00  
  3.862830328513e-08  ,0.000000000000e+00  
  3.872830404658e-08  ,0.000000000000e+00  
  3.882830480803e-08  ,0.000000000000e+00  
  3.892830556948e-08  ,0.000000000000e+00  
  3.902830633092e-08  ,0.000000000000e+00  
  3.912830709237e-08  ,0.000000000000e+00  
  3.922830785382e-08  ,0.000000000000e+00  
  3.932830861527e-08  ,0.000000000000e+00  
  3.942830937672e-08  ,0.000000000000e+00  
  3.952831013817e-08  ,0.000000000000e+00  
  3.962831089962e-08  ,0.000000000000e+00  
  3.972831166107e-08  ,0.000000000000e+00  
  3.982831242252e-08  ,0.000000000000e+00  
  3.992831318397e-08  ,0.000000000000e+00  
  4.002831394542e-08  ,0.000000000000e+00  
  4.012831470687e-08  ,0.000000000000e+00  
  4.022831546832e-08  ,0.000000000000e+00  
  4.032831622977e-08  ,0.000000000000e+00  
  4.042831699122e-08  ,0.000000000000e+00  
  4.052831775266e-08  ,0.000000000000e+00  
  4.062831851411e-08  ,0.000000000000e+00  
  4.072831927556e-08  ,0.000000000000e+00  
  4.082832003701e-08  ,0.000000000000e+00  
  4.092832079846e-08  ,0.000000000000e+00  
  4.102832155991e-08  ,0.000000000000e+00  
  4.112832232136e-08  ,0.000000000000e+00  
  4.122832308281e-08  ,0.000000000000e+00  
  4.132832384426e-08  ,0.000000000000e+00  
  4.142832460571e-08  ,0.000000000000e+00  
  4.152832536716e-08  ,0.000000000000e+00  
  4.162832612861e-08  ,0.000000000000e+00  
  4.172832689006e-08  ,0.000000000000e+00  
  4.182832765151e-08  ,0.000000000000e+00  
  4.192832841296e-08  ,0.000000000000e+00  
  4.202832917440e-08  ,0.000000000000e+00  
  4.212832993585e-08  ,0.000000000000e+00  
  4.222833069730e-08  ,0.000000000000e+00  
  4.232833145875e-08  ,0.000000000000e+00  
  4.242833222020e-08  ,0.000000000000e+00  
  4.252833298165e-08  ,0.000000000000e+00  
  4.262833374310e-08  ,0.000000000000e+00  
  4.272833450455e-08  ,0.000000000000e+00  
  4.282833526600e-08  ,0.000000000000e+00  
  4.292833602745e-08  ,0.000000000000e+00  
  4.302833678890e-08  ,0.000000000000e+00  
  4.312833755035e-08  ,0.000000000000e+00  
  4.322833831180e-08  ,0.000000000000e+00  
  4.332833907325e-08  ,0.000000000000e+00  
  4.342833983470e-08  ,0.000000000000e+00  
  4.352834059614e-08  ,0.000000000000e+00  
  4.362834135759e-08  ,0.000000000000e+00  
  4.372834211904e-08  ,0.000000000000e+00  
  4.382834288049e-08  ,0.000000000000e+00  
  4.392834364194e-08  ,0.000000000000e+00  
  4.402834440339e-08  ,0.000000000000e+00  
  4.412834516484e-08  ,0.000000000000e+00  
  4.422834592629e-08  ,0.000000000000e+00  
  4.432834668774e-08  ,0.000000000000e+00  
  4.442834744919e-08  ,0.000000000000e+00  
  4.452834821064e-08  ,0.000000000000e+00  
  4.462834897209e-08  ,0.000000000000e+00  
  4.472834973354e-08  ,0.000000000000e+00  
  4.482835049499e-08  ,0.000000000000e+00  
  4.492835125644e-08  ,0.000000000000e+00  
  4.502835201788e-08  ,0.000000000000e+00  
  4.512835277933e-08  ,0.000000000000e+00  
  4.522835354078e-08  ,0.000000000000e+00  
  4.532835430223e-08  ,0.000000000000e+00  
  4.542835506368e-08  ,0.000000000000e+00  
  4.552835582513e-08  ,0.000000000000e+00  
  4.562835658658e-08  ,0.000000000000e+00  
  4.572835734803e-08  ,0.000000000000e+00  
  4.582835810948e-08  ,0.000000000000e+00  
  4.592835887093e-08  ,0.000000000000e+00  
  4.602835963238e-08  ,0.000000000000e+00  
  4.612836039383e-08  ,0.000000000000e+00  
  4.622836115528e-08  ,0.000000000000e+00  
  4.632836191673e-08  ,0.000000000000e+00  
  4.642836267818e-08  ,0.000000000000e+00  
  4.652836343962e-08  ,0.000000000000e+00  
  4.662836420107e-08  ,0.000000000000e+00  
  4.672836496252e-08  ,0.000000000000e+00  
  4.682836572397e-08  ,0.000000000000e+00  
  4.692836648542e-08  ,0.000000000000e+00  
  4.702836724687e-08  ,0.000000000000e+00  
  4.712836800832e-08  ,0.000000000000e+00  
  4.722836876977e-08  ,0.000000000000e+00  
  4.732836953122e-08  ,0.000000000000e+00  
  4.742837029267e-08  ,0.000000000000e+00  
  4.752837105412e-08  ,0.000000000000e+00  
  4.762837181557e-08  ,0.000000000000e+00  
  4.772837257702e-08  ,0.000000000000e+00  
  4.782837333847e-08  ,0.000000000000e+00  
  4.792837409992e-08  ,0.000000000000e+00  
  4.802837486136e-08  ,0.000000000000e+00  
  4.812837562281e-08  ,0.000000000000e+00  
  4.822837638426e-08  ,0.000000000000e+00  
  4.832837714571e-08  ,0.000000000000e+00  
  4.842837790716e-08  ,0.000000000000e+00  
  4.852837866861e-08  ,0.000000000000e+00  
  4.862837943006e-08  ,0.000000000000e+00  
  4.872838019151e-08  ,0.000000000000e+00  
  4.882838095296e-08  ,0.000000000000e+00  
  4.892838171441e-08  ,0.000000000000e+00  
  4.902838247586e-08  ,0.000000000000e+00  
  4.912838323731e-08  ,0.000000000000e+00  
  4.922838399876e-08  ,0.000000000000e+00  
  4.932838476021e-08  ,0.000000000000e+00  
  4.942838552166e-08  ,0.000000000000e+00  
  4.952838628310e-08  ,0.000000000000e+00  
  4.962838704455e-08  ,0.000000000000e+00  
  4.972838780600e-08  ,0.000000000000e+00  
  4.982838856745e-08  ,0.000000000000e+00  
  4.992838932890e-08  ,0.000000000000e+00  
  5.002839009035e-08  ,0.000000000000e+00  
  5.012839085180e-08  ,0.000000000000e+00  
  5.022839161325e-08  ,0.000000000000e+00  
  5.032839237470e-08  ,0.000000000000e+00  
  5.042839313615e-08  ,0.000000000000e+00  
  5.052839389760e-08  ,0.000000000000e+00  
  5.062839465905e-08  ,0.000000000000e+00  
  5.072839542050e-08  ,0.000000000000e+00  
  5.082839618195e-08  ,0.000000000000e+00  
  5.092839694340e-08  ,0.000000000000e+00  
  5.102839770484e-08  ,0.000000000000e+00  
  5.112839846629e-08  ,0.000000000000e+00  
  5.122839922774e-08  ,0.000000000000e+00  
  5.132839998919e-08  ,0.000000000000e+00  
  5.142840075064e-08  ,0.000000000000e+00  
  5.152840151209e-08  ,0.000000000000e+00  
  5.162840227354e-08  ,0.000000000000e+00  
  5.172840303499e-08  ,0.000000000000e+00  
  5.182840379644e-08  ,0.000000000000e+00  
  5.192840455789e-08  ,0.000000000000e+00  
  5.202840531934e-08  ,0.000000000000e+00  
  5.212840608079e-08  ,0.000000000000e+00  
  5.222840684224e-08  ,0.000000000000e+00  
  5.232840760369e-08  ,0.000000000000e+00  
  5.242840836514e-08  ,0.000000000000e+00  
  5.252840912658e-08  ,0.000000000000e+00  
  5.262840988803e-08  ,0.000000000000e+00  
  5.272841064948e-08  ,0.000000000000e+00  
  5.282841141093e-08  ,0.000000000000e+00  
  5.292841217238e-08  ,0.000000000000e+00  
  5.302841293383e-08  ,0.000000000000e+00  
  5.312841369528e-08  ,0.000000000000e+00  
  5.322841445673e-08  ,0.000000000000e+00  
  5.332841521818e-08  ,0.000000000000e+00  
  5.342841597963e-08  ,0.000000000000e+00  
  5.352841674108e-08  ,0.000000000000e+00  
  5.362841750253e-08  ,0.000000000000e+00  
  5.372841826398e-08  ,0.000000000000e+00  
  5.382841902543e-08  ,0.000000000000e+00  
  5.392841978688e-08  ,0.000000000000e+00  
  5.402842054832e-08  ,0.000000000000e+00  
  5.412842130977e-08  ,0.000000000000e+00  
  5.422842207122e-08  ,0.000000000000e+00  
  5.432842283267e-08  ,0.000000000000e+00  
  5.442842359412e-08  ,0.000000000000e+00  
  5.452842435557e-08  ,0.000000000000e+00  
  5.462842511702e-08  ,0.000000000000e+00  
  5.472842587847e-08  ,0.000000000000e+00  
  5.482842663992e-08  ,0.000000000000e+00  
  5.492842740137e-08  ,0.000000000000e+00  
  5.502842816282e-08  ,0.000000000000e+00  
  5.512842892427e-08  ,0.000000000000e+00  
  5.522842968572e-08  ,0.000000000000e+00  
  5.532843044717e-08  ,0.000000000000e+00  
  5.542843120862e-08  ,0.000000000000e+00  
  5.552843197006e-08  ,0.000000000000e+00  
  5.562843273151e-08  ,0.000000000000e+00  
  5.572843349296e-08  ,0.000000000000e+00  
  5.582843425441e-08  ,0.000000000000e+00  
  5.592843501586e-08  ,0.000000000000e+00  
  5.602843577731e-08  ,0.000000000000e+00  
  5.612843653876e-08  ,0.000000000000e+00  
  5.622843730021e-08  ,0.000000000000e+00  
  5.632843806166e-08  ,0.000000000000e+00  
  5.642843882311e-08  ,0.000000000000e+00  
  5.652843958456e-08  ,0.000000000000e+00  
  5.662844034601e-08  ,0.000000000000e+00  
  5.672844110746e-08  ,0.000000000000e+00  
  5.682844186891e-08  ,0.000000000000e+00  
  5.692844263036e-08  ,0.000000000000e+00  
  5.702844339181e-08  ,0.000000000000e+00  
  5.712844415325e-08  ,0.000000000000e+00  
  5.722844491470e-08  ,0.000000000000e+00  
  5.732844567615e-08  ,0.000000000000e+00  
  5.742844643760e-08  ,0.000000000000e+00  
  5.752844719905e-08  ,0.000000000000e+00  
  5.762844796050e-08  ,0.000000000000e+00  
  5.772844872195e-08  ,0.000000000000e+00  
  5.782844948340e-08  ,0.000000000000e+00  
  5.792845024485e-08  ,0.000000000000e+00  
  5.802845100630e-08  ,0.000000000000e+00  
  5.812845176775e-08  ,0.000000000000e+00  
  5.822845252920e-08  ,0.000000000000e+00  
  5.832845329065e-08  ,0.000000000000e+00  
  5.842845405210e-08  ,0.000000000000e+00  
  5.852845481355e-08  ,0.000000000000e+00  
  5.862845557499e-08  ,0.000000000000e+00  
  5.872845633644e-08  ,0.000000000000e+00  
  5.882845709789e-08  ,0.000000000000e+00  
  5.892845785934e-08  ,0.000000000000e+00  
  5.902845862079e-08  ,0.000000000000e+00  
  5.912845938224e-08  ,0.000000000000e+00  
  5.922846014369e-08  ,0.000000000000e+00  
  5.932846090514e-08  ,0.000000000000e+00  
  5.942846166659e-08  ,0.000000000000e+00  
  5.952846242804e-08  ,0.000000000000e+00  
  5.962846318949e-08  ,0.000000000000e+00  
  5.972846395094e-08  ,0.000000000000e+00  
  5.982846471239e-08  ,0.000000000000e+00  
  5.992846547384e-08  ,0.000000000000e+00  
  6.002846623529e-08  ,0.000000000000e+00  
  6.012846699673e-08  ,0.000000000000e+00  
  6.022846775818e-08  ,0.000000000000e+00  
  6.032846851963e-08  ,0.000000000000e+00  
  6.042846928108e-08  ,0.000000000000e+00  
  6.052847004253e-08  ,0.000000000000e+00  
  6.062847080398e-08  ,0.000000000000e+00  
  6.072847156543e-08  ,0.000000000000e+00  
  6.082847232688e-08  ,0.000000000000e+00  
  6.092847308833e-08  ,0.000000000000e+00  
  6.102847384978e-08  ,0.000000000000e+00  
  6.112847461123e-08  ,0.000000000000e+00  
  6.122847537268e-08  ,0.000000000000e+00  
  6.132847613413e-08  ,0.000000000000e+00  
  6.142847689558e-08  ,0.000000000000e+00  
  6.152847765703e-08  ,0.000000000000e+00  
  6.162847841847e-08  ,0.000000000000e+00  
  6.172847917992e-08  ,0.000000000000e+00  
  6.182847994137e-08  ,0.000000000000e+00  
  6.192848070282e-08  ,0.000000000000e+00  
  6.202848146427e-08  ,0.000000000000e+00  
  6.212848222572e-08  ,0.000000000000e+00  
  6.222848298717e-08  ,0.000000000000e+00  
  6.232848374862e-08  ,0.000000000000e+00  
  6.242848451007e-08  ,0.000000000000e+00  
  6.252848527152e-08  ,0.000000000000e+00  
  6.262848603297e-08  ,0.000000000000e+00  
  6.272848679442e-08  ,0.000000000000e+00  
  6.282848755587e-08  ,0.000000000000e+00  
  6.292848831732e-08  ,0.000000000000e+00  
  6.302848907877e-08  ,0.000000000000e+00  
  6.312848984021e-08  ,0.000000000000e+00  
  6.322849060166e-08  ,0.000000000000e+00  
  6.332849136311e-08  ,0.000000000000e+00  
  6.342849212456e-08  ,0.000000000000e+00  
  6.352849288601e-08  ,0.000000000000e+00  
  6.362849364746e-08  ,0.000000000000e+00  
  6.372849440891e-08  ,0.000000000000e+00  
  6.382849517036e-08  ,0.000000000000e+00  
  6.392849593181e-08  ,0.000000000000e+00  
  6.402849669326e-08  ,0.000000000000e+00  
  6.412849745471e-08  ,0.000000000000e+00  
  6.422849821616e-08  ,0.000000000000e+00  
  6.432849897761e-08  ,0.000000000000e+00  
  6.442849973906e-08  ,0.000000000000e+00  
  6.452850050051e-08  ,0.000000000000e+00  
  6.462850126195e-08  ,0.000000000000e+00  
  6.472850202340e-08  ,0.000000000000e+00  
  6.482850278485e-08  ,0.000000000000e+00  
  6.492850354630e-08  ,0.000000000000e+00  
  6.502850430775e-08  ,0.000000000000e+00  
  6.512850506920e-08  ,0.000000000000e+00  
  6.522850583065e-08  ,0.000000000000e+00  
  6.532850659210e-08  ,0.000000000000e+00  
  6.542850735355e-08  ,0.000000000000e+00  
  6.552850811500e-08  ,0.000000000000e+00  
  6.562850887645e-08  ,0.000000000000e+00  
  6.572850963790e-08  ,0.000000000000e+00  
  6.582851039935e-08  ,0.000000000000e+00  
  6.592851116080e-08  ,0.000000000000e+00  
  6.602851192225e-08  ,0.000000000000e+00  
  6.612851268369e-08  ,0.000000000000e+00  
  6.622851344514e-08  ,0.000000000000e+00  
  6.632851420659e-08  ,0.000000000000e+00  
  6.642851496804e-08  ,0.000000000000e+00  
  6.652851572949e-08  ,0.000000000000e+00  
  6.662851649094e-08  ,0.000000000000e+00  
  6.672851725239e-08  ,0.000000000000e+00  
  6.682851801384e-08  ,0.000000000000e+00  
  6.692851877529e-08  ,0.000000000000e+00  
  6.702851953674e-08  ,0.000000000000e+00  
  6.712852029819e-08  ,0.000000000000e+00  
  6.722852105964e-08  ,0.000000000000e+00  
  6.732852182109e-08  ,0.000000000000e+00  
  6.742852258254e-08  ,0.000000000000e+00  
  6.752852334399e-08  ,0.000000000000e+00  
  6.762852410544e-08  ,0.000000000000e+00  
  6.772852486688e-08  ,0.000000000000e+00  
  6.782852562833e-08  ,0.000000000000e+00  
  6.792852638978e-08  ,0.000000000000e+00  
  6.802852715123e-08  ,0.000000000000e+00  
  6.812852791268e-08  ,0.000000000000e+00  
  6.822852867413e-08  ,0.000000000000e+00  
  6.832852943558e-08  ,0.000000000000e+00  
  6.842853019703e-08  ,0.000000000000e+00  
  6.852853095848e-08  ,0.000000000000e+00  
  6.862853171993e-08  ,0.000000000000e+00  
  6.872853248138e-08  ,0.000000000000e+00  
  6.882853324283e-08  ,0.000000000000e+00  
  6.892853400428e-08  ,0.000000000000e+00  
  6.902853476573e-08  ,0.000000000000e+00  
  6.912853552718e-08  ,0.000000000000e+00  
  6.922853628862e-08  ,0.000000000000e+00  
  6.932853705007e-08  ,0.000000000000e+00  
  6.942853781152e-08  ,0.000000000000e+00  
  6.952853857297e-08  ,0.000000000000e+00  
  6.962853933442e-08  ,0.000000000000e+00  
  6.972854009587e-08  ,0.000000000000e+00  
  6.982854085732e-08  ,0.000000000000e+00  
  6.992854161877e-08  ,0.000000000000e+00  
  7.002854238022e-08  ,0.000000000000e+00  
  7.012854314167e-08  ,0.000000000000e+00  
  7.022854390312e-08  ,0.000000000000e+00  
  7.032854466457e-08  ,0.000000000000e+00  
  7.042854542602e-08  ,0.000000000000e+00  
  7.052854618747e-08  ,0.000000000000e+00  
  7.062854694892e-08  ,0.000000000000e+00  
  7.072854771036e-08  ,0.000000000000e+00  
  7.082854847181e-08  ,0.000000000000e+00  
  7.092854923326e-08  ,0.000000000000e+00  
  7.102854999471e-08  ,0.000000000000e+00  
  7.112855075616e-08  ,0.000000000000e+00  
  7.122855151761e-08  ,0.000000000000e+00  
  7.132855227906e-08  ,0.000000000000e+00  
  7.142855304051e-08  ,0.000000000000e+00  
  7.152855380196e-08  ,0.000000000000e+00  
  7.162855456341e-08  ,0.000000000000e+00  
  7.172855532486e-08  ,0.000000000000e+00  
  7.182855608631e-08  ,0.000000000000e+00  
  7.192855684776e-08  ,0.000000000000e+00  
  7.202855760921e-08  ,0.000000000000e+00  
  7.212855837066e-08  ,0.000000000000e+00  
  7.222855913210e-08  ,0.000000000000e+00  
  7.232855989355e-08  ,0.000000000000e+00  
  7.242856065500e-08  ,0.000000000000e+00  
  7.252856141645e-08  ,0.000000000000e+00  
  7.262856217790e-08  ,0.000000000000e+00  
  7.272856293935e-08  ,0.000000000000e+00  
  7.282856370080e-08  ,0.000000000000e+00  
  7.292856446225e-08  ,0.000000000000e+00  
  7.302856522370e-08  ,0.000000000000e+00  
  7.312856598515e-08  ,0.000000000000e+00  
  7.322856674660e-08  ,0.000000000000e+00  
  7.332856750805e-08  ,0.000000000000e+00  
  7.342856826950e-08  ,0.000000000000e+00  
  7.352856903095e-08  ,0.000000000000e+00  
  7.362856979240e-08  ,0.000000000000e+00  
  7.372857055384e-08  ,0.000000000000e+00  
  7.382857131529e-08  ,0.000000000000e+00  
  7.392857207674e-08  ,0.000000000000e+00  
  7.402857283819e-08  ,0.000000000000e+00  
  7.412857359964e-08  ,0.000000000000e+00  
  7.422857436109e-08  ,0.000000000000e+00  
  7.432857512254e-08  ,0.000000000000e+00  
  7.442857588399e-08  ,0.000000000000e+00  
  7.452857664544e-08  ,0.000000000000e+00  
  7.462857740689e-08  ,0.000000000000e+00  
  7.472857816834e-08  ,0.000000000000e+00  
  7.482857892979e-08  ,0.000000000000e+00  
  7.492857969124e-08  ,0.000000000000e+00  
  7.502858045269e-08  ,0.000000000000e+00  
  7.512858121414e-08  ,0.000000000000e+00  
  7.522858197558e-08  ,0.000000000000e+00  
  7.532858273703e-08  ,0.000000000000e+00  
  7.542858349848e-08  ,0.000000000000e+00  
  7.552858425993e-08  ,0.000000000000e+00  
  7.562858502138e-08  ,0.000000000000e+00  
  7.572858578283e-08  ,0.000000000000e+00  
  7.582858654428e-08  ,0.000000000000e+00  
  7.592858730573e-08  ,0.000000000000e+00  
  7.602858806718e-08  ,0.000000000000e+00  
  7.612858882863e-08  ,0.000000000000e+00  
  7.622858959008e-08  ,0.000000000000e+00  
  7.632859035153e-08  ,0.000000000000e+00  
  7.642859111298e-08  ,0.000000000000e+00  
  7.652859187443e-08  ,0.000000000000e+00  
  7.662859263588e-08  ,0.000000000000e+00  
  7.672859339733e-08  ,0.000000000000e+00  
  7.682859415877e-08  ,0.000000000000e+00  
  7.692859492022e-08  ,0.000000000000e+00  
  7.702859568167e-08  ,0.000000000000e+00  
  7.712859644312e-08  ,0.000000000000e+00  
  7.722859720457e-08  ,0.000000000000e+00  
  7.732859796602e-08  ,0.000000000000e+00  
  7.742859872747e-08  ,0.000000000000e+00  
  7.752859948892e-08  ,0.000000000000e+00  
  7.762860025037e-08  ,0.000000000000e+00  
  7.772860101182e-08  ,0.000000000000e+00  
  7.782860177327e-08  ,0.000000000000e+00  
  7.792860253472e-08  ,0.000000000000e+00  
  7.802860329617e-08  ,0.000000000000e+00  
  7.812860405762e-08  ,0.000000000000e+00  
  7.822860481907e-08  ,0.000000000000e+00  
  7.832860558051e-08  ,0.000000000000e+00  
  7.842860634196e-08  ,0.000000000000e+00  
  7.852860710341e-08  ,0.000000000000e+00  
  7.862860786486e-08  ,0.000000000000e+00  
  7.872860862631e-08  ,0.000000000000e+00  
  7.882860938776e-08  ,0.000000000000e+00  
  7.892861014921e-08  ,0.000000000000e+00  
  7.902861091066e-08  ,0.000000000000e+00  
  7.912861167211e-08  ,0.000000000000e+00  
  7.922861243356e-08  ,0.000000000000e+00  
  7.932861319501e-08  ,0.000000000000e+00  
  7.942861395646e-08  ,0.000000000000e+00  
  7.952861471791e-08  ,0.000000000000e+00  
  7.962861547936e-08  ,0.000000000000e+00  
  7.972861624081e-08  ,0.000000000000e+00  
  7.982861700225e-08  ,0.000000000000e+00  
  7.992861776370e-08  ,0.000000000000e+00  
  8.002861852515e-08  ,0.000000000000e+00  
  8.012861928660e-08  ,0.000000000000e+00  
  8.022862004805e-08  ,0.000000000000e+00  
  8.032862080950e-08  ,0.000000000000e+00  
  8.042862157095e-08  ,0.000000000000e+00  
  8.052862233240e-08  ,0.000000000000e+00  
  8.062862309385e-08  ,0.000000000000e+00  
  8.072862385530e-08  ,0.000000000000e+00  
  8.082862461675e-08  ,0.000000000000e+00  
  8.092862537820e-08  ,0.000000000000e+00  
  8.102862613965e-08  ,0.000000000000e+00  
  8.112862690110e-08  ,0.000000000000e+00  
  8.122862766255e-08  ,0.000000000000e+00  
  8.132862842399e-08  ,0.000000000000e+00  
  8.142862918544e-08  ,0.000000000000e+00  
  8.152862994689e-08  ,0.000000000000e+00  
  8.162863070834e-08  ,0.000000000000e+00  
  8.172863146979e-08  ,0.000000000000e+00  
  8.182863223124e-08  ,0.000000000000e+00  
  8.192863299269e-08  ,0.000000000000e+00  
  8.202863375414e-08  ,0.000000000000e+00  
  8.212863451559e-08  ,0.000000000000e+00  
  8.222863527704e-08  ,0.000000000000e+00  
  8.232863603849e-08  ,0.000000000000e+00  
  8.242863679994e-08  ,0.000000000000e+00  
  8.252863756139e-08  ,0.000000000000e+00  
  8.262863832284e-08  ,0.000000000000e+00  
  8.272863908429e-08  ,0.000000000000e+00  
  8.282863984573e-08  ,0.000000000000e+00  
  8.292864060718e-08  ,0.000000000000e+00  
  8.302864136863e-08  ,0.000000000000e+00  
  8.312864213008e-08  ,0.000000000000e+00  
  8.322864289153e-08  ,0.000000000000e+00  
  8.332864365298e-08  ,0.000000000000e+00  
  8.342864441443e-08  ,0.000000000000e+00  
  8.352864517588e-08  ,0.000000000000e+00  
  8.362864593733e-08  ,0.000000000000e+00  
  8.372864669878e-08  ,0.000000000000e+00  
  8.382864746023e-08  ,0.000000000000e+00  
  8.392864822168e-08  ,0.000000000000e+00  
  8.402864898313e-08  ,0.000000000000e+00  
  8.412864974458e-08  ,0.000000000000e+00  
  8.422865050603e-08  ,0.000000000000e+00  
  8.432865126748e-08  ,0.000000000000e+00  
  8.442865202892e-08  ,0.000000000000e+00  
  8.452865279037e-08  ,0.000000000000e+00  
  8.462865355182e-08  ,0.000000000000e+00  
  8.472865431327e-08  ,0.000000000000e+00  
  8.482865507472e-08  ,0.000000000000e+00  
  8.492865583617e-08  ,0.000000000000e+00  
  8.502865659762e-08  ,0.000000000000e+00  
  8.512865735907e-08  ,0.000000000000e+00  
  8.522865812052e-08  ,0.000000000000e+00  
  8.532865888197e-08  ,0.000000000000e+00  
  8.542865964342e-08  ,0.000000000000e+00  
  8.552866040487e-08  ,0.000000000000e+00  
  8.562866116632e-08  ,0.000000000000e+00  
  8.572866192777e-08  ,0.000000000000e+00  
  8.582866268922e-08  ,0.000000000000e+00  
  8.592866345066e-08  ,0.000000000000e+00  
  8.602866421211e-08  ,0.000000000000e+00  
  8.612866497356e-08  ,0.000000000000e+00  
  8.622866573501e-08  ,0.000000000000e+00  
  8.632866649646e-08  ,0.000000000000e+00  
  8.642866725791e-08  ,0.000000000000e+00  
  8.652866801936e-08  ,0.000000000000e+00  
  8.662866878081e-08  ,0.000000000000e+00  
  8.672866954226e-08  ,0.000000000000e+00  
  8.682867030371e-08  ,0.000000000000e+00  
  8.692867106516e-08  ,0.000000000000e+00  
  8.702867182661e-08  ,0.000000000000e+00  
  8.712867258806e-08  ,0.000000000000e+00  
  8.722867334951e-08  ,0.000000000000e+00  
  8.732867411096e-08  ,0.000000000000e+00  
  8.742867487240e-08  ,0.000000000000e+00  
  8.752867563385e-08  ,0.000000000000e+00  
  8.762867639530e-08  ,0.000000000000e+00  
  8.772867715675e-08  ,0.000000000000e+00  
  8.782867791820e-08  ,0.000000000000e+00  
  8.792867867965e-08  ,0.000000000000e+00  
  8.802867944110e-08  ,0.000000000000e+00  
  8.812868020255e-08  ,0.000000000000e+00  
  8.822868096400e-08  ,0.000000000000e+00  
  8.832868172545e-08  ,0.000000000000e+00  
  8.842868248690e-08  ,0.000000000000e+00  
  8.852868324835e-08  ,0.000000000000e+00  
  8.862868400980e-08  ,0.000000000000e+00  
  8.872868477125e-08  ,0.000000000000e+00  
  8.882868553270e-08  ,0.000000000000e+00  
  8.892868629414e-08  ,0.000000000000e+00  
  8.902868705559e-08  ,0.000000000000e+00  
  8.912868781704e-08  ,0.000000000000e+00  
  8.922868857849e-08  ,0.000000000000e+00  
  8.932868933994e-08  ,0.000000000000e+00  
  8.942869010139e-08  ,0.000000000000e+00  
  8.952869086284e-08  ,0.000000000000e+00  
  8.962869162429e-08  ,0.000000000000e+00  
  8.972869238574e-08  ,0.000000000000e+00  
  8.982869314719e-08  ,0.000000000000e+00  
  8.992869390864e-08  ,0.000000000000e+00  
  9.002869467009e-08  ,0.000000000000e+00  
  9.012869543154e-08  ,0.000000000000e+00  
  9.022869619299e-08  ,0.000000000000e+00  
  9.032869695444e-08  ,0.000000000000e+00  
  9.042869771588e-08  ,0.000000000000e+00  
  9.052869847733e-08  ,0.000000000000e+00  
  9.062869923878e-08  ,0.000000000000e+00  
  9.072870000023e-08  ,0.000000000000e+00  
  9.082870076168e-08  ,0.000000000000e+00  
  9.092870152313e-08  ,0.000000000000e+00  
  9.102870228458e-08  ,0.000000000000e+00  
  9.112870304603e-08  ,0.000000000000e+00  
  9.122870380748e-08  ,0.000000000000e+00  
  9.132870456893e-08  ,0.000000000000e+00  
  9.142870533038e-08  ,0.000000000000e+00  
  9.152870609183e-08  ,0.000000000000e+00  
  9.162870685328e-08  ,0.000000000000e+00  
  9.172870761473e-08  ,0.000000000000e+00  
  9.182870837618e-08  ,0.000000000000e+00  
  9.192870913762e-08  ,0.000000000000e+00  
  9.202870989907e-08  ,0.000000000000e+00  
  9.212871066052e-08  ,0.000000000000e+00  
  9.222871142197e-08  ,0.000000000000e+00  
  9.232871218342e-08  ,0.000000000000e+00  
  9.242871294487e-08  ,0.000000000000e+00  
  9.252871370632e-08  ,0.000000000000e+00  
  9.262871446777e-08  ,0.000000000000e+00  
  9.272871522922e-08  ,0.000000000000e+00  
  9.282871599067e-08  ,0.000000000000e+00  
  9.292871675212e-08  ,0.000000000000e+00  
  9.302871751357e-08  ,0.000000000000e+00  
  9.312871827502e-08  ,0.000000000000e+00  
  9.322871903647e-08  ,0.000000000000e+00  
  9.332871979792e-08  ,0.000000000000e+00  
  9.342872055937e-08  ,0.000000000000e+00  
  9.352872132081e-08  ,0.000000000000e+00  
  9.362872208226e-08  ,0.000000000000e+00  
  9.372872284371e-08  ,0.000000000000e+00  
  9.382872360516e-08  ,0.000000000000e+00  
  9.392872436661e-08  ,0.000000000000e+00  
  9.402872512806e-08  ,0.000000000000e+00  
  9.412872588951e-08  ,0.000000000000e+00  
  9.422872665096e-08  ,0.000000000000e+00  
  9.432872741241e-08  ,0.000000000000e+00  
  9.442872817386e-08  ,0.000000000000e+00  
  9.452872893531e-08  ,0.000000000000e+00  
  9.462872969676e-08  ,0.000000000000e+00  
  9.472873045821e-08  ,0.000000000000e+00  
  9.482873121966e-08  ,0.000000000000e+00  
  9.492873198111e-08  ,0.000000000000e+00  
  9.502873274255e-08  ,0.000000000000e+00  
  9.512873350400e-08  ,0.000000000000e+00  
  9.522873426545e-08  ,0.000000000000e+00  
  9.532873502690e-08  ,0.000000000000e+00  
  9.542873578835e-08  ,0.000000000000e+00  
  9.552873654980e-08  ,0.000000000000e+00  
  9.562873731125e-08  ,0.000000000000e+00  
  9.572873807270e-08  ,0.000000000000e+00  
  9.582873883415e-08  ,0.000000000000e+00  
  9.592873959560e-08  ,0.000000000000e+00  
  9.602874035705e-08  ,0.000000000000e+00  
  9.612874111850e-08  ,0.000000000000e+00  
  9.622874187995e-08  ,0.000000000000e+00  
  9.632874264140e-08  ,0.000000000000e+00  
  9.642874340285e-08  ,0.000000000000e+00  
  9.652874416429e-08  ,0.000000000000e+00  
  9.662874492574e-08  ,0.000000000000e+00  
  9.672874568719e-08  ,0.000000000000e+00  
  9.682874644864e-08  ,0.000000000000e+00  
  9.692874721009e-08  ,0.000000000000e+00  
  9.702874797154e-08  ,0.000000000000e+00  
  9.712874873299e-08  ,0.000000000000e+00  
  9.722874949444e-08  ,0.000000000000e+00  
  9.732875025589e-08  ,0.000000000000e+00  
  9.742875101734e-08  ,0.000000000000e+00  
  9.752875177879e-08  ,0.000000000000e+00  
  9.762875254024e-08  ,0.000000000000e+00  
  9.772875330169e-08  ,0.000000000000e+00  
  9.782875406314e-08  ,0.000000000000e+00  
  9.792875482459e-08  ,0.000000000000e+00  
  9.802875558603e-08  ,0.000000000000e+00  
  9.812875634748e-08  ,0.000000000000e+00  
  9.822875710893e-08  ,0.000000000000e+00  
  9.832875787038e-08  ,0.000000000000e+00  
  9.842875863183e-08  ,0.000000000000e+00  
  9.852875939328e-08  ,0.000000000000e+00  
  9.862876015473e-08  ,0.000000000000e+00  
  9.872876091618e-08  ,0.000000000000e+00  
  9.882876167763e-08  ,0.000000000000e+00  
  9.892876243908e-08  ,0.000000000000e+00  
  9.902876320053e-08  ,0.000000000000e+00  
  9.912876396198e-08  ,0.000000000000e+00  
  9.922876472343e-08  ,0.000000000000e+00  
  9.932876548488e-08  ,0.000000000000e+00  
  9.942876624633e-08  ,0.000000000000e+00  
  9.952876700777e-08  ,0.000000000000e+00  
  9.962876776922e-08  ,0.000000000000e+00  
  9.972876853067e-08  ,0.000000000000e+00  
  9.982876929212e-08  ,0.000000000000e+00  
  9.992877005357e-08  ,0.000000000000e+00  
  1.000287708150e-07  ,0.000000000000e+00  
  1.001287715765e-07  ,0.000000000000e+00  
  1.002287723379e-07  ,0.000000000000e+00  
  1.003287730994e-07  ,0.000000000000e+00  
  1.004287738608e-07  ,0.000000000000e+00  
  1.005287746223e-07  ,0.000000000000e+00  
  1.006287753837e-07  ,0.000000000000e+00  
  1.007287761452e-07  ,0.000000000000e+00  
  1.008287769066e-07  ,0.000000000000e+00  
  1.009287776681e-07  ,0.000000000000e+00  
  1.010287784295e-07  ,0.000000000000e+00  
  1.011287791910e-07  ,0.000000000000e+00  
  1.012287799524e-07  ,0.000000000000e+00  
  1.013287807139e-07  ,0.000000000000e+00  
  1.014287814753e-07  ,0.000000000000e+00  
  1.015287822368e-07  ,0.000000000000e+00  
  1.016287829982e-07  ,0.000000000000e+00  
  1.017287837597e-07  ,0.000000000000e+00  
  1.018287845211e-07  ,0.000000000000e+00  
  1.019287852826e-07  ,0.000000000000e+00  
  1.020287860440e-07  ,0.000000000000e+00  
  1.021287868055e-07  ,0.000000000000e+00  
  1.022287875669e-07  ,0.000000000000e+00  
  1.023287883284e-07  ,0.000000000000e+00  
  1.024287890898e-07  ,0.000000000000e+00  
  1.025287898513e-07  ,0.000000000000e+00  
  1.026287906127e-07  ,0.000000000000e+00  
  1.027287913742e-07  ,0.000000000000e+00  
  1.028287921356e-07  ,0.000000000000e+00  
  1.029287928971e-07  ,0.000000000000e+00  
  1.030287936585e-07  ,0.000000000000e+00  
  1.031287944200e-07  ,0.000000000000e+00  
  1.032287951814e-07  ,0.000000000000e+00  
  1.033287959428e-07  ,0.000000000000e+00  
  1.034287967043e-07  ,0.000000000000e+00  
  1.035287974657e-07  ,0.000000000000e+00  
  1.036287982272e-07  ,0.000000000000e+00  
  1.037287989886e-07  ,0.000000000000e+00  
  1.038287997501e-07  ,0.000000000000e+00  
  1.039288005115e-07  ,0.000000000000e+00  
  1.040288012730e-07  ,0.000000000000e+00  
  1.041288020344e-07  ,0.000000000000e+00  
  1.042288027959e-07  ,0.000000000000e+00  
  1.043288035573e-07  ,0.000000000000e+00  
  1.044288043188e-07  ,0.000000000000e+00  
  1.045288050802e-07  ,0.000000000000e+00  
  1.046288058417e-07  ,0.000000000000e+00  
  1.047288066031e-07  ,0.000000000000e+00  
  1.048288073646e-07  ,0.000000000000e+00  
  1.049288081260e-07  ,0.000000000000e+00  
  1.050288088875e-07  ,0.000000000000e+00  
  1.051288096489e-07  ,0.000000000000e+00  
  1.052288104104e-07  ,0.000000000000e+00  
  1.053288111718e-07  ,0.000000000000e+00  
  1.054288119333e-07  ,0.000000000000e+00  
  1.055288126947e-07  ,0.000000000000e+00  
  1.056288134562e-07  ,0.000000000000e+00  
  1.057288142176e-07  ,0.000000000000e+00  
  1.058288149791e-07  ,0.000000000000e+00  
  1.059288157405e-07  ,0.000000000000e+00  
  1.060288165020e-07  ,0.000000000000e+00  
  1.061288172634e-07  ,0.000000000000e+00  
  1.062288180249e-07  ,0.000000000000e+00  
  1.063288187863e-07  ,0.000000000000e+00  
  1.064288195478e-07  ,0.000000000000e+00  
  1.065288203092e-07  ,0.000000000000e+00  
  1.066288210707e-07  ,0.000000000000e+00  
  1.067288218321e-07  ,0.000000000000e+00  
  1.068288225936e-07  ,0.000000000000e+00  
  1.069288233550e-07  ,0.000000000000e+00  
  1.070288241165e-07  ,0.000000000000e+00  
  1.071288248779e-07  ,0.000000000000e+00  
  1.072288256394e-07  ,0.000000000000e+00  
  1.073288264008e-07  ,0.000000000000e+00  
  1.074288271623e-07  ,0.000000000000e+00  
  1.075288279237e-07  ,0.000000000000e+00  
  1.076288286852e-07  ,0.000000000000e+00  
  1.077288294466e-07  ,0.000000000000e+00  
  1.078288302081e-07  ,0.000000000000e+00  
  1.079288309695e-07  ,0.000000000000e+00  
  1.080288317310e-07  ,0.000000000000e+00  
  1.081288324924e-07  ,0.000000000000e+00  
  1.082288332539e-07  ,0.000000000000e+00  
  1.083288340153e-07  ,0.000000000000e+00  
  1.084288347768e-07  ,0.000000000000e+00  
  1.085288355382e-07  ,0.000000000000e+00  
  1.086288362997e-07  ,0.000000000000e+00  
  1.087288370611e-07  ,0.000000000000e+00  
  1.088288378226e-07  ,0.000000000000e+00  
  1.089288385840e-07  ,0.000000000000e+00  
  1.090288393455e-07  ,0.000000000000e+00  
  1.091288401069e-07  ,0.000000000000e+00  
  1.092288408684e-07  ,0.000000000000e+00  
  1.093288416298e-07  ,0.000000000000e+00  
  1.094288423913e-07  ,0.000000000000e+00  
  1.095288431527e-07  ,0.000000000000e+00  
  1.096288439142e-07  ,0.000000000000e+00  
  1.097288446756e-07  ,0.000000000000e+00  
  1.098288454371e-07  ,0.000000000000e+00  
  1.099288461985e-07  ,0.000000000000e+00  
  1.100288469600e-07  ,0.000000000000e+00  
  1.101288477214e-07  ,0.000000000000e+00  
  1.102288484829e-07  ,0.000000000000e+00  
  1.103288492443e-07  ,0.000000000000e+00  
  1.104288500058e-07  ,0.000000000000e+00  
  1.105288507672e-07  ,0.000000000000e+00  
  1.106288515287e-07  ,0.000000000000e+00  
  1.107288522901e-07  ,0.000000000000e+00  
  1.108288530516e-07  ,0.000000000000e+00  
  1.109288538130e-07  ,0.000000000000e+00  
  1.110288545744e-07  ,0.000000000000e+00  
  1.111288553359e-07  ,0.000000000000e+00  
  1.112288560973e-07  ,0.000000000000e+00  
  1.113288568588e-07  ,0.000000000000e+00  
  1.114288576202e-07  ,0.000000000000e+00  
  1.115288583817e-07  ,0.000000000000e+00  
  1.116288591431e-07  ,0.000000000000e+00  
  1.117288599046e-07  ,0.000000000000e+00  
  1.118288606660e-07  ,0.000000000000e+00  
  1.119288614275e-07  ,0.000000000000e+00  
  1.120288621889e-07  ,0.000000000000e+00  
  1.121288629504e-07  ,0.000000000000e+00  
  1.122288637118e-07  ,0.000000000000e+00  
  1.123288644733e-07  ,0.000000000000e+00  
  1.124288652347e-07  ,0.000000000000e+00  
  1.125288659962e-07  ,0.000000000000e+00  
  1.126288667576e-07  ,0.000000000000e+00  
  1.127288675191e-07  ,0.000000000000e+00  
  1.128288682805e-07  ,0.000000000000e+00  
  1.129288690420e-07  ,0.000000000000e+00  
  1.130288698034e-07  ,0.000000000000e+00  
  1.131288705649e-07  ,0.000000000000e+00  
  1.132288713263e-07  ,0.000000000000e+00  
  1.133288720878e-07  ,0.000000000000e+00  
  1.134288728492e-07  ,0.000000000000e+00  
  1.135288736107e-07  ,0.000000000000e+00  
  1.136288743721e-07  ,0.000000000000e+00  
  1.137288751336e-07  ,0.000000000000e+00  
  1.138288758950e-07  ,0.000000000000e+00  
  1.139288766565e-07  ,0.000000000000e+00  
  1.140288774179e-07  ,0.000000000000e+00  
  1.141288781794e-07  ,0.000000000000e+00  
  1.142288789408e-07  ,0.000000000000e+00  
  1.143288797023e-07  ,0.000000000000e+00  
  1.144288804637e-07  ,0.000000000000e+00  
  1.145288812252e-07  ,0.000000000000e+00  
  1.146288819866e-07  ,0.000000000000e+00  
  1.147288827481e-07  ,0.000000000000e+00  
  1.148288835095e-07  ,0.000000000000e+00  
  1.149288842710e-07  ,0.000000000000e+00  
  1.150288850324e-07  ,0.000000000000e+00  
  1.151288857939e-07  ,0.000000000000e+00  
  1.152288865553e-07  ,0.000000000000e+00  
  1.153288873168e-07  ,0.000000000000e+00  
  1.154288880782e-07  ,0.000000000000e+00  
  1.155288888397e-07  ,0.000000000000e+00  
  1.156288896011e-07  ,0.000000000000e+00  
  1.157288903626e-07  ,0.000000000000e+00  
  1.158288911240e-07  ,0.000000000000e+00  
  1.159288918855e-07  ,0.000000000000e+00  
  1.160288926469e-07  ,0.000000000000e+00  
  1.161288934084e-07  ,0.000000000000e+00  
  1.162288941698e-07  ,0.000000000000e+00  
  1.163288949313e-07  ,0.000000000000e+00  
  1.164288956927e-07  ,0.000000000000e+00  
  1.165288964542e-07  ,0.000000000000e+00  
  1.166288972156e-07  ,0.000000000000e+00  
  1.167288979771e-07  ,0.000000000000e+00  
  1.168288987385e-07  ,0.000000000000e+00  
  1.169288995000e-07  ,0.000000000000e+00  
  1.170289002614e-07  ,0.000000000000e+00  
  1.171289010229e-07  ,0.000000000000e+00  
  1.172289017843e-07  ,0.000000000000e+00  
  1.173289025458e-07  ,0.000000000000e+00  
  1.174289033072e-07  ,0.000000000000e+00  
  1.175289040687e-07  ,0.000000000000e+00  
  1.176289048301e-07  ,0.000000000000e+00  
  1.177289055916e-07  ,0.000000000000e+00  
  1.178289063530e-07  ,0.000000000000e+00  
  1.179289071145e-07  ,0.000000000000e+00  
  1.180289078759e-07  ,0.000000000000e+00  
  1.181289086374e-07  ,0.000000000000e+00  
  1.182289093988e-07  ,0.000000000000e+00  
  1.183289101603e-07  ,0.000000000000e+00  
  1.184289109217e-07  ,0.000000000000e+00  
  1.185289116831e-07  ,0.000000000000e+00  
  1.186289124446e-07  ,0.000000000000e+00  
  1.187289132060e-07  ,0.000000000000e+00  
  1.188289139675e-07  ,0.000000000000e+00  
  1.189289147289e-07  ,0.000000000000e+00  
  1.190289154904e-07  ,0.000000000000e+00  
  1.191289162518e-07  ,0.000000000000e+00  
  1.192289170133e-07  ,0.000000000000e+00  
  1.193289177747e-07  ,0.000000000000e+00  
  1.194289185362e-07  ,0.000000000000e+00  
  1.195289192976e-07  ,0.000000000000e+00  
  1.196289200591e-07  ,0.000000000000e+00  
  1.197289208205e-07  ,0.000000000000e+00  
  1.198289215820e-07  ,0.000000000000e+00  
  1.199289223434e-07  ,0.000000000000e+00  
  1.200289231049e-07  ,0.000000000000e+00  
  1.201289238663e-07  ,0.000000000000e+00  
  1.202289246278e-07  ,0.000000000000e+00  
  1.203289253892e-07  ,0.000000000000e+00  
  1.204289261507e-07  ,0.000000000000e+00  
  1.205289269121e-07  ,0.000000000000e+00  
  1.206289276736e-07  ,0.000000000000e+00  
  1.207289284350e-07  ,0.000000000000e+00  
  1.208289291965e-07  ,0.000000000000e+00  
  1.209289299579e-07  ,0.000000000000e+00  
  1.210289307194e-07  ,0.000000000000e+00  
  1.211289314808e-07  ,0.000000000000e+00  
  1.212289322423e-07  ,0.000000000000e+00  
  1.213289330037e-07  ,0.000000000000e+00  
  1.214289337652e-07  ,0.000000000000e+00  
  1.215289345266e-07  ,0.000000000000e+00  
  1.216289352881e-07  ,0.000000000000e+00  
  1.217289360495e-07  ,0.000000000000e+00  
  1.218289368110e-07  ,0.000000000000e+00  
  1.219289375724e-07  ,0.000000000000e+00  
  1.220289383339e-07  ,0.000000000000e+00  
  1.221289390953e-07  ,0.000000000000e+00  
  1.222289398568e-07  ,0.000000000000e+00  
  1.223289406182e-07  ,0.000000000000e+00  
  1.224289413797e-07  ,0.000000000000e+00  
  1.225289421411e-07  ,0.000000000000e+00  
  1.226289429026e-07  ,0.000000000000e+00  
  1.227289436640e-07  ,0.000000000000e+00  
  1.228289444255e-07  ,0.000000000000e+00  
  1.229289451869e-07  ,0.000000000000e+00  
  1.230289459484e-07  ,0.000000000000e+00  
  1.231289467098e-07  ,0.000000000000e+00  
  1.232289474713e-07  ,0.000000000000e+00  
  1.233289482327e-07  ,0.000000000000e+00  
  1.234289489942e-07  ,0.000000000000e+00  
  1.235289497556e-07  ,0.000000000000e+00  
  1.236289505171e-07  ,0.000000000000e+00  
  1.237289512785e-07  ,0.000000000000e+00  
  1.238289520400e-07  ,0.000000000000e+00  
  1.239289528014e-07  ,0.000000000000e+00  
  1.240289535629e-07  ,0.000000000000e+00  
  1.241289543243e-07  ,0.000000000000e+00  
  1.242289550858e-07  ,0.000000000000e+00  
  1.243289558472e-07  ,0.000000000000e+00  
  1.244289566087e-07  ,0.000000000000e+00  
  1.245289573701e-07  ,0.000000000000e+00  
  1.246289581316e-07  ,0.000000000000e+00  
  1.247289588930e-07  ,0.000000000000e+00  
  1.248289596545e-07  ,0.000000000000e+00  
  1.249289604159e-07  ,0.000000000000e+00  
  1.250289611774e-07  ,0.000000000000e+00  
  1.251289619388e-07  ,0.000000000000e+00  
  1.252289627003e-07  ,0.000000000000e+00  
  1.253289634617e-07  ,0.000000000000e+00  
  1.254289642232e-07  ,0.000000000000e+00  
  1.255289649846e-07  ,0.000000000000e+00  
  1.256289657461e-07  ,0.000000000000e+00  
  1.257289665075e-07  ,0.000000000000e+00  
  1.258289672690e-07  ,0.000000000000e+00  
  1.259289680304e-07  ,0.000000000000e+00  
  1.260289687918e-07  ,0.000000000000e+00  
  1.261289695533e-07  ,0.000000000000e+00  
  1.262289703147e-07  ,0.000000000000e+00  
  1.263289710762e-07  ,0.000000000000e+00  
  1.264289718376e-07  ,0.000000000000e+00  
  1.265289725991e-07  ,0.000000000000e+00  
  1.266289733605e-07  ,0.000000000000e+00  
  1.267289741220e-07  ,0.000000000000e+00  
  1.268289748834e-07  ,0.000000000000e+00  
  1.269289756449e-07  ,0.000000000000e+00  
  1.270289764063e-07  ,0.000000000000e+00  
  1.271289771678e-07  ,0.000000000000e+00  
  1.272289779292e-07  ,0.000000000000e+00  
  1.273289786907e-07  ,0.000000000000e+00  
  1.274289794521e-07  ,0.000000000000e+00  
  1.275289802136e-07  ,0.000000000000e+00  
  1.276289809750e-07  ,0.000000000000e+00  
  1.277289817365e-07  ,0.000000000000e+00  
  1.278289824979e-07  ,0.000000000000e+00  
  1.279289832594e-07  ,0.000000000000e+00  
  1.280289840208e-07  ,0.000000000000e+00  
  1.281289847823e-07  ,0.000000000000e+00  
  1.282289855437e-07  ,0.000000000000e+00  
  1.283289863052e-07  ,0.000000000000e+00  
  1.284289870666e-07  ,0.000000000000e+00  
  1.285289878281e-07  ,0.000000000000e+00  
  1.286289885895e-07  ,0.000000000000e+00  
  1.287289893510e-07  ,0.000000000000e+00  
  1.288289901124e-07  ,0.000000000000e+00  
  1.289289908739e-07  ,0.000000000000e+00  
  1.290289916353e-07  ,0.000000000000e+00  
  1.291289923968e-07  ,0.000000000000e+00  
  1.292289931582e-07  ,0.000000000000e+00  
  1.293289939197e-07  ,0.000000000000e+00  
  1.294289946811e-07  ,0.000000000000e+00  
  1.295289954426e-07  ,0.000000000000e+00  
  1.296289962040e-07  ,0.000000000000e+00  
  1.297289969655e-07  ,0.000000000000e+00  
  1.298289977269e-07  ,0.000000000000e+00  
  1.299289984884e-07  ,0.000000000000e+00  
  1.300289992498e-07  ,0.000000000000e+00  
  1.301290000113e-07  ,0.000000000000e+00  
  1.302290007727e-07  ,0.000000000000e+00  
  1.303290015342e-07  ,0.000000000000e+00  
  1.304290022956e-07  ,0.000000000000e+00  
  1.305290030571e-07  ,0.000000000000e+00  
  1.306290038185e-07  ,0.000000000000e+00  
  1.307290045800e-07  ,0.000000000000e+00  
  1.308290053414e-07  ,0.000000000000e+00  
  1.309290061029e-07  ,0.000000000000e+00  
  1.310290068643e-07  ,0.000000000000e+00  
  1.311290076258e-07  ,0.000000000000e+00  
  1.312290083872e-07  ,0.000000000000e+00  
  1.313290091487e-07  ,0.000000000000e+00  
  1.314290099101e-07  ,0.000000000000e+00  
  1.315290106716e-07  ,0.000000000000e+00  
  1.316290114330e-07  ,0.000000000000e+00  
  1.317290121945e-07  ,0.000000000000e+00  
  1.318290129559e-07  ,0.000000000000e+00  
  1.319290137174e-07  ,0.000000000000e+00  
  1.320290144788e-07  ,0.000000000000e+00  
  1.321290152403e-07  ,0.000000000000e+00  
  1.322290160017e-07  ,0.000000000000e+00  
  1.323290167632e-07  ,0.000000000000e+00  
  1.324290175246e-07  ,0.000000000000e+00  
  1.325290182861e-07  ,0.000000000000e+00  
  1.326290190475e-07  ,0.000000000000e+00  
  1.327290198090e-07  ,0.000000000000e+00  
  1.328290205704e-07  ,0.000000000000e+00  
  1.329290213319e-07  ,0.000000000000e+00  
  1.330290220933e-07  ,0.000000000000e+00  
  1.331290228548e-07  ,0.000000000000e+00  
  1.332290236162e-07  ,0.000000000000e+00  
  1.333290243777e-07  ,0.000000000000e+00  
  1.334290251391e-07  ,0.000000000000e+00  
  1.335290259005e-07  ,0.000000000000e+00  
  1.336290266620e-07  ,0.000000000000e+00  
  1.337290274234e-07  ,0.000000000000e+00  
  1.338290281849e-07  ,0.000000000000e+00  
  1.339290289463e-07  ,0.000000000000e+00  
  1.340290297078e-07  ,0.000000000000e+00  
  1.341290304692e-07  ,0.000000000000e+00  
  1.342290312307e-07  ,0.000000000000e+00  
  1.343290319921e-07  ,0.000000000000e+00  
  1.344290327536e-07  ,0.000000000000e+00  
  1.345290335150e-07  ,0.000000000000e+00  
  1.346290342765e-07  ,0.000000000000e+00  
  1.347290350379e-07  ,0.000000000000e+00  
  1.348290357994e-07  ,0.000000000000e+00  
  1.349290365608e-07  ,0.000000000000e+00  
  1.350290373223e-07  ,0.000000000000e+00  
  1.351290380837e-07  ,0.000000000000e+00  
  1.352290388452e-07  ,0.000000000000e+00  
  1.353290396066e-07  ,0.000000000000e+00  
  1.354290403681e-07  ,0.000000000000e+00  
  1.355290411295e-07  ,0.000000000000e+00  
  1.356290418910e-07  ,0.000000000000e+00  
  1.357290426524e-07  ,0.000000000000e+00  
  1.358290434139e-07  ,0.000000000000e+00  
  1.359290441753e-07  ,0.000000000000e+00  
  1.360290449368e-07  ,0.000000000000e+00  
  1.361290456982e-07  ,0.000000000000e+00  
  1.362290464597e-07  ,0.000000000000e+00  
  1.363290472211e-07  ,0.000000000000e+00  
  1.364290479826e-07  ,0.000000000000e+00  
  1.365290487440e-07  ,0.000000000000e+00  
  1.366290495055e-07  ,0.000000000000e+00  
  1.367290502669e-07  ,0.000000000000e+00  
  1.368290510284e-07  ,0.000000000000e+00  
  1.369290517898e-07  ,0.000000000000e+00  
  1.370290525513e-07  ,0.000000000000e+00  
  1.371290533127e-07  ,0.000000000000e+00  
  1.372290540742e-07  ,0.000000000000e+00  
  1.373290548356e-07  ,0.000000000000e+00  
  1.374290555971e-07  ,0.000000000000e+00  
  1.375290563585e-07  ,0.000000000000e+00  
  1.376290571200e-07  ,0.000000000000e+00  
  1.377290578814e-07  ,0.000000000000e+00  
  1.378290586429e-07  ,0.000000000000e+00  
  1.379290594043e-07  ,0.000000000000e+00  
  1.380290601658e-07  ,0.000000000000e+00  
  1.381290609272e-07  ,0.000000000000e+00  
  1.382290616887e-07  ,0.000000000000e+00  
  1.383290624501e-07  ,0.000000000000e+00  
  1.384290632116e-07  ,0.000000000000e+00  
  1.385290639730e-07  ,0.000000000000e+00  
  1.386290647345e-07  ,0.000000000000e+00  
  1.387290654959e-07  ,0.000000000000e+00  
  1.388290662574e-07  ,0.000000000000e+00  
  1.389290670188e-07  ,0.000000000000e+00  
  1.390290677803e-07  ,0.000000000000e+00  
  1.391290685417e-07  ,0.000000000000e+00  
  1.392290693032e-07  ,0.000000000000e+00  
  1.393290700646e-07  ,0.000000000000e+00  
  1.394290708261e-07  ,0.000000000000e+00  
  1.395290715875e-07  ,0.000000000000e+00  
  1.396290723490e-07  ,0.000000000000e+00  
  1.397290731104e-07  ,0.000000000000e+00  
  1.398290738719e-07  ,0.000000000000e+00  
  1.399290746333e-07  ,0.000000000000e+00  
  1.400290753948e-07  ,0.000000000000e+00  
  1.401290761562e-07  ,0.000000000000e+00  
  1.402290769177e-07  ,0.000000000000e+00  
  1.403290776791e-07  ,0.000000000000e+00  
  1.404290784406e-07  ,0.000000000000e+00  
  1.405290792020e-07  ,0.000000000000e+00  
  1.406290799635e-07  ,0.000000000000e+00  
  1.407290807249e-07  ,0.000000000000e+00  
  1.408290814864e-07  ,0.000000000000e+00  
  1.409290822478e-07  ,0.000000000000e+00  
  1.410290830092e-07  ,0.000000000000e+00  
  1.411290837707e-07  ,0.000000000000e+00  
  1.412290845321e-07  ,0.000000000000e+00  
  1.413290852936e-07  ,0.000000000000e+00  
  1.414290860550e-07  ,0.000000000000e+00  
  1.415290868165e-07  ,0.000000000000e+00  
  1.416290875779e-07  ,0.000000000000e+00  
  1.417290883394e-07  ,0.000000000000e+00  
  1.418290891008e-07  ,0.000000000000e+00  
  1.419290898623e-07  ,0.000000000000e+00  
  1.420290906237e-07  ,0.000000000000e+00  
  1.421290913852e-07  ,0.000000000000e+00  
  1.422290921466e-07  ,0.000000000000e+00  
  1.423290929081e-07  ,0.000000000000e+00  
  1.424290936695e-07  ,0.000000000000e+00  
  1.425290944310e-07  ,0.000000000000e+00  
  1.426290951924e-07  ,0.000000000000e+00  
  1.427290959539e-07  ,0.000000000000e+00  
  1.428290967153e-07  ,0.000000000000e+00  
  1.429290974768e-07  ,0.000000000000e+00  
  1.430290982382e-07  ,0.000000000000e+00  
  1.431290989997e-07  ,0.000000000000e+00  
  1.432290997611e-07  ,0.000000000000e+00  
  1.433291005226e-07  ,0.000000000000e+00  
  1.434291012840e-07  ,0.000000000000e+00  
  1.435291020455e-07  ,0.000000000000e+00  
  1.436291028069e-07  ,0.000000000000e+00  
  1.437291035684e-07  ,0.000000000000e+00  
  1.438291043298e-07  ,0.000000000000e+00  
  1.439291050913e-07  ,0.000000000000e+00  
  1.440291058527e-07  ,0.000000000000e+00  
  1.441291066142e-07  ,0.000000000000e+00  
  1.442291073756e-07  ,0.000000000000e+00  
  1.443291081371e-07  ,0.000000000000e+00  
  1.444291088985e-07  ,0.000000000000e+00  
  1.445291096600e-07  ,0.000000000000e+00  
  1.446291104214e-07  ,0.000000000000e+00  
  1.447291111829e-07  ,0.000000000000e+00  
  1.448291119443e-07  ,0.000000000000e+00  
  1.449291127058e-07  ,0.000000000000e+00  
  1.450291134672e-07  ,0.000000000000e+00  
  1.451291142287e-07  ,0.000000000000e+00  
  1.452291149901e-07  ,0.000000000000e+00  
  1.453291157516e-07  ,0.000000000000e+00  
  1.454291165130e-07  ,0.000000000000e+00  
  1.455291172745e-07  ,0.000000000000e+00  
  1.456291180359e-07  ,0.000000000000e+00  
  1.457291187974e-07  ,0.000000000000e+00  
  1.458291195588e-07  ,0.000000000000e+00  
  1.459291203203e-07  ,0.000000000000e+00  
  1.460291210817e-07  ,0.000000000000e+00  
  1.461291218432e-07  ,0.000000000000e+00  
  1.462291226046e-07  ,0.000000000000e+00  
  1.463291233661e-07  ,0.000000000000e+00  
  1.464291241275e-07  ,0.000000000000e+00  
  1.465291248890e-07  ,0.000000000000e+00  
  1.466291256504e-07  ,0.000000000000e+00  
  1.467291264119e-07  ,0.000000000000e+00  
  1.468291271733e-07  ,0.000000000000e+00  
  1.469291279348e-07  ,0.000000000000e+00  
  1.470291286962e-07  ,0.000000000000e+00  
  1.471291294577e-07  ,0.000000000000e+00  
  1.472291302191e-07  ,0.000000000000e+00  
  1.473291309806e-07  ,0.000000000000e+00  
  1.474291317420e-07  ,0.000000000000e+00  
  1.475291325035e-07  ,0.000000000000e+00  
  1.476291332649e-07  ,0.000000000000e+00  
  1.477291340264e-07  ,0.000000000000e+00  
  1.478291347878e-07  ,0.000000000000e+00  
  1.479291355493e-07  ,0.000000000000e+00  
  1.480291363107e-07  ,0.000000000000e+00  
  1.481291370722e-07  ,0.000000000000e+00  
  1.482291378336e-07  ,0.000000000000e+00  
  1.483291385950e-07  ,0.000000000000e+00  
  1.484291393565e-07  ,0.000000000000e+00  
  1.485291401179e-07  ,0.000000000000e+00  
  1.486291408794e-07  ,0.000000000000e+00  
  1.487291416408e-07  ,0.000000000000e+00  
  1.488291424023e-07  ,0.000000000000e+00  
  1.489291431637e-07  ,0.000000000000e+00  
  1.490291439252e-07  ,0.000000000000e+00  
  1.491291446866e-07  ,0.000000000000e+00  
  1.492291454481e-07  ,0.000000000000e+00  
  1.493291462095e-07  ,0.000000000000e+00  
  1.494291469710e-07  ,0.000000000000e+00  
  1.495291477324e-07  ,0.000000000000e+00  
  1.496291484939e-07  ,0.000000000000e+00  
  1.497291492553e-07  ,0.000000000000e+00  
  1.498291500168e-07  ,0.000000000000e+00  
  1.499291507782e-07  ,0.000000000000e+00  
  1.500291515397e-07  ,0.000000000000e+00  
  1.501291523011e-07  ,0.000000000000e+00  
  1.502291530626e-07  ,0.000000000000e+00  
  1.503291538240e-07  ,0.000000000000e+00  
  1.504291545855e-07  ,0.000000000000e+00  
  1.505291553469e-07  ,0.000000000000e+00  
  1.506291561084e-07  ,0.000000000000e+00  
  1.507291568698e-07  ,0.000000000000e+00  
  1.508291576313e-07  ,0.000000000000e+00  
  1.509291583927e-07  ,0.000000000000e+00  
  1.510291591542e-07  ,0.000000000000e+00  
  1.511291599156e-07  ,0.000000000000e+00  
  1.512291606771e-07  ,0.000000000000e+00  
  1.513291614385e-07  ,0.000000000000e+00  
  1.514291622000e-07  ,0.000000000000e+00  
  1.515291629614e-07  ,0.000000000000e+00  
  1.516291637229e-07  ,0.000000000000e+00  
  1.517291644843e-07  ,0.000000000000e+00  
  1.518291652458e-07  ,0.000000000000e+00  
  1.519291660072e-07  ,0.000000000000e+00  
  1.520291667687e-07  ,0.000000000000e+00  
  1.521291675301e-07  ,0.000000000000e+00  
  1.522291682916e-07  ,0.000000000000e+00  
  1.523291690530e-07  ,0.000000000000e+00  
  1.524291698145e-07  ,0.000000000000e+00  
  1.525291705759e-07  ,0.000000000000e+00  
  1.526291713374e-07  ,0.000000000000e+00  
  1.527291720988e-07  ,0.000000000000e+00  
  1.528291728603e-07  ,0.000000000000e+00  
  1.529291736217e-07  ,0.000000000000e+00  
  1.530291743832e-07  ,0.000000000000e+00  
  1.531291751446e-07  ,0.000000000000e+00  
  1.532291759061e-07  ,0.000000000000e+00  
  1.533291766675e-07  ,0.000000000000e+00  
  1.534291774290e-07  ,0.000000000000e+00  
  1.535291781904e-07  ,0.000000000000e+00  
  1.536291789519e-07  ,0.000000000000e+00  
  1.537291797133e-07  ,0.000000000000e+00  
  1.538291804748e-07  ,0.000000000000e+00  
  1.539291812362e-07  ,0.000000000000e+00  
  1.540291819977e-07  ,0.000000000000e+00  
  1.541291827591e-07  ,0.000000000000e+00  
  1.542291835206e-07  ,0.000000000000e+00  
  1.543291842820e-07  ,0.000000000000e+00  
  1.544291850435e-07  ,0.000000000000e+00  
  1.545291858049e-07  ,0.000000000000e+00  
  1.546291865664e-07  ,0.000000000000e+00  
  1.547291873278e-07  ,0.000000000000e+00  
  1.548291880893e-07  ,0.000000000000e+00  
  1.549291888507e-07  ,0.000000000000e+00  
  1.550291896122e-07  ,0.000000000000e+00  
  1.551291903736e-07  ,0.000000000000e+00  
  1.552291911351e-07  ,0.000000000000e+00  
  1.553291918965e-07  ,0.000000000000e+00  
  1.554291926580e-07  ,0.000000000000e+00  
  1.555291934194e-07  ,0.000000000000e+00  
  1.556291941809e-07  ,0.000000000000e+00  
  1.557291949423e-07  ,0.000000000000e+00  
  1.558291957037e-07  ,0.000000000000e+00  
  1.559291964652e-07  ,0.000000000000e+00  
  1.560291972266e-07  ,0.000000000000e+00  
  1.561291979881e-07  ,0.000000000000e+00  
  1.562291987495e-07  ,0.000000000000e+00  
  1.563291995110e-07  ,0.000000000000e+00  
  1.564292002724e-07  ,0.000000000000e+00  
  1.565292010339e-07  ,0.000000000000e+00  
  1.566292017953e-07  ,0.000000000000e+00  
  1.567292025568e-07  ,0.000000000000e+00  
  1.568292033182e-07  ,0.000000000000e+00  
  1.569292040797e-07  ,0.000000000000e+00  
  1.570292048411e-07  ,0.000000000000e+00  
  1.571292056026e-07  ,0.000000000000e+00  
  1.572292063640e-07  ,0.000000000000e+00  
  1.573292071255e-07  ,0.000000000000e+00  
  1.574292078869e-07  ,0.000000000000e+00  
  1.575292086484e-07  ,0.000000000000e+00  
  1.576292094098e-07  ,0.000000000000e+00  
  1.577292101713e-07  ,0.000000000000e+00  
  1.578292109327e-07  ,0.000000000000e+00  
  1.579292116942e-07  ,0.000000000000e+00  
  1.580292124556e-07  ,0.000000000000e+00  
  1.581292132171e-07  ,0.000000000000e+00  
  1.582292139785e-07  ,0.000000000000e+00  
  1.583292147400e-07  ,0.000000000000e+00  
  1.584292155014e-07  ,0.000000000000e+00  
  1.585292162629e-07  ,0.000000000000e+00  
  1.586292170243e-07  ,0.000000000000e+00  
  1.587292177858e-07  ,0.000000000000e+00  
  1.588292185472e-07  ,0.000000000000e+00  
  1.589292193087e-07  ,0.000000000000e+00  
  1.590292200701e-07  ,0.000000000000e+00  
  1.591292208316e-07  ,0.000000000000e+00  
  1.592292215930e-07  ,0.000000000000e+00  
  1.593292223545e-07  ,0.000000000000e+00  
  1.594292231159e-07  ,0.000000000000e+00  
  1.595292238774e-07  ,0.000000000000e+00  
  1.596292246388e-07  ,0.000000000000e+00  
  1.597292254003e-07  ,0.000000000000e+00  
  1.598292261617e-07  ,0.000000000000e+00  
  1.599292269232e-07  ,0.000000000000e+00  
  1.600292276846e-07  ,0.000000000000e+00  
  1.601292284461e-07  ,0.000000000000e+00  
  1.602292292075e-07  ,0.000000000000e+00  
  1.603292299690e-07  ,0.000000000000e+00  
  1.604292307304e-07  ,0.000000000000e+00  
  1.605292314919e-07  ,0.000000000000e+00  
  1.606292322533e-07  ,0.000000000000e+00  
  1.607292330148e-07  ,0.000000000000e+00  
  1.608292337762e-07  ,0.000000000000e+00  
  1.609292345377e-07  ,0.000000000000e+00  
  1.610292352991e-07  ,0.000000000000e+00  
  1.611292360606e-07  ,0.000000000000e+00  
  1.612292368220e-07  ,0.000000000000e+00  
  1.613292375835e-07  ,0.000000000000e+00  
  1.614292383449e-07  ,0.000000000000e+00  
  1.615292391064e-07  ,0.000000000000e+00  
  1.616292398678e-07  ,0.000000000000e+00  
  1.617292406293e-07  ,0.000000000000e+00  
  1.618292413907e-07  ,0.000000000000e+00  
  1.619292421522e-07  ,0.000000000000e+00  
  1.620292429136e-07  ,0.000000000000e+00  
  1.621292436751e-07  ,0.000000000000e+00  
  1.622292444365e-07  ,0.000000000000e+00  
  1.623292451980e-07  ,0.000000000000e+00  
  1.624292459594e-07  ,0.000000000000e+00  
  1.625292467209e-07  ,0.000000000000e+00  
  1.626292474823e-07  ,0.000000000000e+00  
  1.627292482438e-07  ,0.000000000000e+00  
  1.628292490052e-07  ,0.000000000000e+00  
  1.629292497667e-07  ,0.000000000000e+00  
  1.630292505281e-07  ,0.000000000000e+00  
  1.631292512896e-07  ,0.000000000000e+00  
  1.632292520510e-07  ,0.000000000000e+00  
  1.633292528124e-07  ,0.000000000000e+00  
  1.634292535739e-07  ,0.000000000000e+00  
  1.635292543353e-07  ,0.000000000000e+00  
  1.636292550968e-07  ,0.000000000000e+00  
  1.637292558582e-07  ,0.000000000000e+00  
  1.638292566197e-07  ,0.000000000000e+00  
  1.639292573811e-07  ,0.000000000000e+00  
  1.640292581426e-07  ,0.000000000000e+00  
  1.641292589040e-07  ,0.000000000000e+00  
  1.642292596655e-07  ,0.000000000000e+00  
  1.643292604269e-07  ,0.000000000000e+00  
  1.644292611884e-07  ,0.000000000000e+00  
  1.645292619498e-07  ,0.000000000000e+00  
  1.646292627113e-07  ,0.000000000000e+00  
  1.647292634727e-07  ,0.000000000000e+00  
  1.648292642342e-07  ,0.000000000000e+00  
  1.649292649956e-07  ,0.000000000000e+00  
  1.650292657571e-07  ,0.000000000000e+00  
  1.651292665185e-07  ,0.000000000000e+00  
  1.652292672800e-07  ,0.000000000000e+00  
  1.653292680414e-07  ,0.000000000000e+00  
  1.654292688029e-07  ,0.000000000000e+00  
  1.655292695643e-07  ,0.000000000000e+00  
  1.656292703258e-07  ,0.000000000000e+00  
  1.657292710872e-07  ,0.000000000000e+00  
  1.658292718487e-07  ,0.000000000000e+00  
  1.659292726101e-07  ,0.000000000000e+00  
  1.660292733716e-07  ,0.000000000000e+00  
  1.661292741330e-07  ,0.000000000000e+00  
  1.662292748945e-07  ,0.000000000000e+00  
  1.663292756559e-07  ,0.000000000000e+00  
  1.664292764174e-07  ,0.000000000000e+00  
  1.665292771788e-07  ,0.000000000000e+00  
  1.666292779403e-07  ,0.000000000000e+00  
  1.667292787017e-07  ,0.000000000000e+00  
  1.668292794632e-07  ,0.000000000000e+00  
  1.669292802246e-07  ,0.000000000000e+00  
  1.670292809861e-07  ,0.000000000000e+00  
  1.671292817475e-07  ,0.000000000000e+00  
  1.672292825090e-07  ,0.000000000000e+00  
  1.673292832704e-07  ,0.000000000000e+00  
  1.674292840319e-07  ,0.000000000000e+00  
  1.675292847933e-07  ,0.000000000000e+00  
  1.676292855548e-07  ,0.000000000000e+00  
  1.677292863162e-07  ,0.000000000000e+00  
  1.678292870777e-07  ,0.000000000000e+00  
  1.679292878391e-07  ,0.000000000000e+00  
  1.680292886006e-07  ,0.000000000000e+00  
  1.681292893620e-07  ,0.000000000000e+00  
  1.682292901235e-07  ,0.000000000000e+00  
  1.683292908849e-07  ,0.000000000000e+00  
  1.684292916464e-07  ,0.000000000000e+00  
  1.685292924078e-07  ,0.000000000000e+00  
  1.686292931693e-07  ,0.000000000000e+00  
  1.687292939307e-07  ,0.000000000000e+00  
  1.688292946922e-07  ,0.000000000000e+00  
  1.689292954536e-07  ,0.000000000000e+00  
  1.690292962151e-07  ,0.000000000000e+00  
  1.691292969765e-07  ,0.000000000000e+00  
  1.692292977380e-07  ,0.000000000000e+00  
  1.693292984994e-07  ,0.000000000000e+00  
  1.694292992609e-07  ,0.000000000000e+00  
  1.695293000223e-07  ,0.000000000000e+00  
  1.696293007838e-07  ,0.000000000000e+00  
  1.697293015452e-07  ,0.000000000000e+00  
  1.698293023067e-07  ,0.000000000000e+00  
  1.699293030681e-07  ,0.000000000000e+00  
  1.700293038296e-07  ,0.000000000000e+00  
  1.701293045910e-07  ,0.000000000000e+00  
  1.702293053525e-07  ,0.000000000000e+00  
  1.703293061139e-07  ,0.000000000000e+00  
  1.704293068754e-07  ,0.000000000000e+00  
  1.705293076368e-07  ,0.000000000000e+00  
  1.706293083982e-07  ,0.000000000000e+00  
  1.707293091597e-07  ,0.000000000000e+00  
  1.708293099211e-07  ,0.000000000000e+00  
  1.709293106826e-07  ,0.000000000000e+00  
  1.710293114440e-07  ,0.000000000000e+00  
  1.711293122055e-07  ,0.000000000000e+00  
  1.712293129669e-07  ,0.000000000000e+00  
  1.713293137284e-07  ,0.000000000000e+00  
  1.714293144898e-07  ,0.000000000000e+00  
  1.715293152513e-07  ,0.000000000000e+00  
  1.716293160127e-07  ,0.000000000000e+00  
  1.717293167742e-07  ,0.000000000000e+00  
  1.718293175356e-07  ,0.000000000000e+00  
  1.719293182971e-07  ,0.000000000000e+00  
  1.720293190585e-07  ,0.000000000000e+00  
  1.721293198200e-07  ,0.000000000000e+00  
  1.722293205814e-07  ,0.000000000000e+00  
  1.723293213429e-07  ,0.000000000000e+00  
  1.724293221043e-07  ,0.000000000000e+00  
  1.725293228658e-07  ,0.000000000000e+00  
  1.726293236272e-07  ,0.000000000000e+00  
  1.727293243887e-07  ,0.000000000000e+00  
  1.728293251501e-07  ,0.000000000000e+00  
  1.729293259116e-07  ,0.000000000000e+00  
  1.730293266730e-07  ,0.000000000000e+00  
  1.731293274345e-07  ,0.000000000000e+00  
  1.732293281959e-07  ,0.000000000000e+00  
  1.733293289574e-07  ,0.000000000000e+00  
  1.734293297188e-07  ,0.000000000000e+00  
  1.735293304803e-07  ,0.000000000000e+00  
  1.736293312417e-07  ,0.000000000000e+00  
  1.737293320032e-07  ,0.000000000000e+00  
  1.738293327646e-07  ,0.000000000000e+00  
  1.739293335261e-07  ,0.000000000000e+00  
  1.740293342875e-07  ,0.000000000000e+00  
  1.741293350490e-07  ,0.000000000000e+00  
  1.742293358104e-07  ,0.000000000000e+00  
  1.743293365719e-07  ,0.000000000000e+00  
  1.744293373333e-07  ,0.000000000000e+00  
  1.745293380948e-07  ,0.000000000000e+00  
  1.746293388562e-07  ,0.000000000000e+00  
  1.747293396177e-07  ,0.000000000000e+00  
  1.748293403791e-07  ,0.000000000000e+00  
  1.749293411406e-07  ,0.000000000000e+00  
  1.750293419020e-07  ,0.000000000000e+00  
  1.751293426635e-07  ,0.000000000000e+00  
  1.752293434249e-07  ,0.000000000000e+00  
  1.753293441864e-07  ,0.000000000000e+00  
  1.754293449478e-07  ,0.000000000000e+00  
  1.755293457093e-07  ,0.000000000000e+00  
  1.756293464707e-07  ,0.000000000000e+00  
  1.757293472322e-07  ,0.000000000000e+00  
  1.758293479936e-07  ,0.000000000000e+00  
  1.759293487551e-07  ,0.000000000000e+00  
  1.760293495165e-07  ,0.000000000000e+00  
  1.761293502780e-07  ,0.000000000000e+00  
  1.762293510394e-07  ,0.000000000000e+00  
  1.763293518009e-07  ,0.000000000000e+00  
  1.764293525623e-07  ,0.000000000000e+00  
  1.765293533238e-07  ,0.000000000000e+00  
  1.766293540852e-07  ,0.000000000000e+00  
  1.767293548467e-07  ,0.000000000000e+00  
  1.768293556081e-07  ,0.000000000000e+00  
  1.769293563696e-07  ,0.000000000000e+00  
  1.770293571310e-07  ,0.000000000000e+00  
  1.771293578925e-07  ,0.000000000000e+00  
  1.772293586539e-07  ,0.000000000000e+00  
  1.773293594154e-07  ,0.000000000000e+00  
  1.774293601768e-07  ,0.000000000000e+00  
  1.775293609383e-07  ,0.000000000000e+00  
  1.776293616997e-07  ,0.000000000000e+00  
  1.777293624612e-07  ,0.000000000000e+00  
  1.778293632226e-07  ,0.000000000000e+00  
  1.779293639841e-07  ,0.000000000000e+00  
  1.780293647455e-07  ,0.000000000000e+00  
  1.781293655069e-07  ,0.000000000000e+00  
  1.782293662684e-07  ,0.000000000000e+00  
  1.783293670298e-07  ,0.000000000000e+00  
  1.784293677913e-07  ,0.000000000000e+00  
  1.785293685527e-07  ,0.000000000000e+00  
  1.786293693142e-07  ,0.000000000000e+00  
  1.787293700756e-07  ,0.000000000000e+00  
  1.788293708371e-07  ,0.000000000000e+00  
  1.789293715985e-07  ,0.000000000000e+00  
  1.790293723600e-07  ,0.000000000000e+00  
  1.791293731214e-07  ,0.000000000000e+00  
  1.792293738829e-07  ,0.000000000000e+00  
  1.793293746443e-07  ,0.000000000000e+00  
  1.794293754058e-07  ,0.000000000000e+00  
  1.795293761672e-07  ,0.000000000000e+00  
  1.796293769287e-07  ,0.000000000000e+00  
  1.797293776901e-07  ,0.000000000000e+00  
  1.798293784516e-07  ,0.000000000000e+00  
  1.799293792130e-07  ,0.000000000000e+00  
  1.800293799745e-07  ,0.000000000000e+00  
  1.801293807359e-07  ,0.000000000000e+00  
  1.802293814974e-07  ,0.000000000000e+00  
  1.803293822588e-07  ,0.000000000000e+00  
  1.804293830203e-07  ,0.000000000000e+00  
  1.805293837817e-07  ,0.000000000000e+00  
  1.806293845432e-07  ,0.000000000000e+00  
  1.807293853046e-07  ,0.000000000000e+00  
  1.808293860661e-07  ,0.000000000000e+00  
  1.809293868275e-07  ,0.000000000000e+00  
  1.810293875890e-07  ,0.000000000000e+00  
  1.811293883504e-07  ,0.000000000000e+00  
  1.812293891119e-07  ,0.000000000000e+00  
  1.813293898733e-07  ,0.000000000000e+00  
  1.814293906348e-07  ,0.000000000000e+00  
  1.815293913962e-07  ,0.000000000000e+00  
  1.816293921577e-07  ,0.000000000000e+00  
  1.817293929191e-07  ,0.000000000000e+00  
  1.818293936806e-07  ,0.000000000000e+00  
  1.819293944420e-07  ,0.000000000000e+00  
  1.820293952035e-07  ,0.000000000000e+00  
  1.821293959649e-07  ,0.000000000000e+00  
  1.822293967264e-07  ,0.000000000000e+00  
  1.823293974878e-07  ,0.000000000000e+00  
  1.824293982493e-07  ,0.000000000000e+00  
  1.825293990107e-07  ,0.000000000000e+00  
  1.826293997722e-07  ,0.000000000000e+00  
  1.827294005336e-07  ,0.000000000000e+00  
  1.828294012951e-07  ,0.000000000000e+00  
  1.829294020565e-07  ,0.000000000000e+00  
  1.830000000020e-07  ,1.274448960633e-09  
  1.830011283211e-07  ,1.462432832692e-03  
  1.830033849594e-07  ,4.287066792759e-03  
  1.830078982359e-07  ,9.382701535959e-03  
  1.830142494193e-07  ,1.545326576113e-02  
  1.830269517861e-07  ,2.458712525125e-02  
  1.830522662978e-07  ,3.500994178841e-02  
  1.830910558831e-07  ,4.082189701803e-02  
  1.831573660504e-07  ,4.210704548786e-02  
  1.832470174897e-07  ,4.088285685793e-02  
  1.833470182512e-07  ,3.955872614184e-02  
  1.834470190126e-07  ,3.825122635224e-02  
  1.835470197741e-07  ,3.696711309960e-02  
  1.836470205355e-07  ,3.570766397237e-02  
  1.837470212970e-07  ,3.447529331605e-02  
  1.838470220584e-07  ,3.327216484943e-02  
  1.839470228199e-07  ,3.210048111829e-02  
  1.840470235813e-07  ,3.096242290069e-02  
  1.841470243428e-07  ,2.986016036613e-02  
  1.842470251042e-07  ,2.879585086401e-02  
  1.843470258657e-07  ,2.777163784581e-02  
  1.844470266271e-07  ,2.678965123021e-02  
  1.845470273886e-07  ,2.585200579503e-02  
  1.846470281500e-07  ,2.496080166395e-02  
  1.847470289114e-07  ,2.411812268370e-02  
  1.848470296729e-07  ,2.332603692536e-02  
  1.849470304343e-07  ,2.258659507021e-02  
  1.850470311958e-07  ,2.190183092092e-02  
  1.851470319572e-07  ,2.127375979763e-02  
  1.852470327187e-07  ,2.070437905985e-02  
  1.853470334801e-07  ,2.019566651384e-02  
  1.854470342416e-07  ,1.974958094404e-02  
  1.855470350030e-07  ,1.936806053402e-02  
  1.856470357645e-07  ,1.905302340791e-02  
  1.857470365259e-07  ,1.880636606377e-02  
  1.858470372874e-07  ,1.862996392813e-02  
  1.859470380488e-07  ,1.852566979970e-02  
  1.860470388103e-07  ,1.849531441935e-02  
  1.861470395717e-07  ,1.854070492583e-02  
  1.862470403332e-07  ,1.866362543685e-02  
  1.863470410946e-07  ,1.886583552133e-02  
  1.864470418561e-07  ,1.914907079435e-02  
  1.865470426175e-07  ,1.951504140071e-02  
  1.866470433790e-07  ,1.996543262526e-02  
  1.867470441404e-07  ,2.050190339239e-02  
  1.868470449019e-07  ,2.112608689168e-02  
  1.869470456633e-07  ,2.183958908710e-02  
  1.870470464248e-07  ,2.264398936302e-02  
  1.871470471862e-07  ,2.354083904996e-02  
  1.872470479477e-07  ,2.453166207929e-02  
  1.873470487091e-07  ,2.561795353243e-02  
  1.874470494706e-07  ,2.680118030763e-02  
  1.875470502320e-07  ,2.808277968283e-02  
  1.876470509935e-07  ,2.946416000887e-02  
  1.877470517549e-07  ,3.094669927453e-02  
  1.878470525164e-07  ,3.253174583206e-02  
  1.879470532778e-07  ,3.422061696516e-02  
  1.880470540393e-07  ,3.601459963804e-02  
  1.881470548007e-07  ,3.791494909172e-02  
  1.882470555622e-07  ,3.992288957983e-02  
  1.883470563236e-07  ,4.203961302349e-02  
  1.884470570851e-07  ,4.426627972966e-02  
  1.885470578465e-07  ,4.660401708365e-02  
  1.886470586080e-07  ,4.905392028116e-02  
  1.887470593694e-07  ,5.161705103314e-02  
  1.888470601309e-07  ,5.429443833023e-02  
  1.889470608923e-07  ,5.708707715123e-02  
  1.890470616538e-07  ,5.999592924852e-02  
  1.891470624152e-07  ,6.302192188827e-02  
  1.892470631767e-07  ,6.616594864136e-02  
  1.893470639381e-07  ,6.942886815078e-02  
  1.894470646996e-07  ,7.281150492624e-02  
  1.895470654610e-07  ,7.631464815869e-02  
  1.896470662225e-07  ,7.993905250963e-02  
  1.897470669839e-07  ,8.368543694627e-02  
  1.898470677454e-07  ,8.755448558382e-02  
  1.899470685068e-07  ,9.154684647539e-02  
  1.900470692683e-07  ,9.566313255528e-02  
  1.901470700297e-07  ,9.990392037152e-02  
  1.902470707912e-07  ,1.042697510992e-01  
  1.903470715526e-07  ,1.087611292791e-01  
  1.904470723141e-07  ,1.133785238549e-01  
  1.905470730755e-07  ,1.181223668926e-01  
  1.906470738370e-07  ,1.229930547248e-01  
  1.907470745984e-07  ,1.279909465922e-01  
  1.908470753599e-07  ,1.331163658699e-01  
  1.909470761213e-07  ,1.383695987147e-01  
  1.910470768828e-07  ,1.437508953052e-01  
  1.911470776442e-07  ,1.492604685094e-01  
  1.912470784057e-07  ,1.548984951499e-01  
  1.913470791671e-07  ,1.606651146991e-01  
  1.914470799286e-07  ,1.665604305363e-01  
  1.915470806900e-07  ,1.725845086986e-01  
  1.916470814515e-07  ,1.787373791413e-01  
  1.917470822129e-07  ,1.850190344981e-01  
  1.918470829744e-07  ,1.914294313903e-01  
  1.919470837358e-07  ,1.979684891691e-01  
  1.920470844972e-07  ,2.046360912774e-01  
  1.921470852587e-07  ,2.114320840015e-01  
  1.922470860201e-07  ,2.183562778507e-01  
  1.923470867816e-07  ,2.254084463307e-01  
  1.924470875430e-07  ,2.325883273322e-01  
  1.925470883045e-07  ,2.398956219442e-01  
  1.926470890659e-07  ,2.473299958579e-01  
  1.927470898274e-07  ,2.548910781660e-01  
  1.928470905888e-07  ,2.625784628616e-01  
  1.929470913503e-07  ,2.703917075658e-01  
  1.930470921117e-07  ,2.783303350976e-01  
  1.931470928732e-07  ,2.863938322365e-01  
  1.932470936346e-07  ,2.945816512750e-01  
  1.933470943961e-07  ,3.028932088029e-01  
  1.934470951575e-07  ,3.113278872913e-01  
  1.935470959190e-07  ,3.198850339164e-01  
  1.936470966804e-07  ,3.285639621151e-01  
  1.937470974419e-07  ,3.373639504583e-01  
  1.938470982033e-07  ,3.462842442164e-01  
  1.939470989648e-07  ,3.553240542830e-01  
  1.940470997262e-07  ,3.644825586656e-01  
  1.941471004877e-07  ,3.737589015522e-01  
  1.942471012491e-07  ,3.831521947325e-01  
  1.943471020106e-07  ,3.926615167080e-01  
  1.944471027720e-07  ,4.022859141320e-01  
  1.945471035335e-07  ,4.120244009264e-01  
  1.946471042949e-07  ,4.218759597889e-01  
  1.947471050564e-07  ,4.318395412171e-01  
  1.948471058178e-07  ,4.419140651791e-01  
  1.949471065793e-07  ,4.520984200259e-01  
  1.950471073407e-07  ,4.623914642250e-01  
  1.951471081022e-07  ,4.727920253762e-01  
  1.952471088636e-07  ,4.832989017176e-01  
  1.953471096251e-07  ,4.939108615113e-01  
  1.954471103865e-07  ,5.046266442606e-01  
  1.955471111480e-07  ,5.154449601938e-01  
  1.956471119094e-07  ,5.263644916365e-01  
  1.957471126709e-07  ,5.373838923124e-01  
  1.958471134323e-07  ,5.485017888590e-01  
  1.959471141938e-07  ,5.597167800795e-01  
  1.960471149552e-07  ,5.710274385287e-01  
  1.961471157167e-07  ,5.824323097055e-01  
  1.962471164781e-07  ,5.939299137380e-01  
  1.963471172396e-07  ,6.055187444876e-01  
  1.964471180010e-07  ,6.171972713838e-01  
  1.965471187625e-07  ,6.289639384113e-01  
  1.966471195239e-07  ,6.408171659872e-01  
  1.967471202854e-07  ,6.527553500831e-01  
  1.968471210468e-07  ,6.647768638732e-01  
  1.969471218083e-07  ,6.768800571439e-01  
  1.970471225697e-07  ,6.890632577417e-01  
  1.971471233312e-07  ,7.013247711127e-01  
  1.972471240926e-07  ,7.136628816867e-01  
  1.973471248541e-07  ,7.260758524987e-01  
  1.974471256155e-07  ,7.385619265199e-01  
  1.975471263770e-07  ,7.511193263593e-01  
  1.976471271384e-07  ,7.637462555191e-01  
  1.977471278999e-07  ,7.764408982210e-01  
  1.978471286613e-07  ,7.892014204641e-01  
  1.979471294228e-07  ,8.020259701585e-01  
  1.980471301842e-07  ,8.149126779828e-01  
  1.981471309457e-07  ,8.278596574944e-01  
  1.982471317071e-07  ,8.408650061879e-01  
  1.983471324686e-07  ,8.539268054710e-01  
  1.984471332300e-07  ,8.670431216886e-01  
  1.985471339915e-07  ,8.802120063181e-01  
  1.986471347529e-07  ,8.934314967604e-01  
  1.987471355144e-07  ,9.066996166892e-01  
  1.988471362758e-07  ,9.200143767413e-01  
  1.989471370373e-07  ,9.333737750615e-01  
  1.990471377987e-07  ,9.467757977909e-01  
  1.991471385602e-07  ,9.602184196784e-01  
  1.992471393216e-07  ,9.736996046417e-01  
  1.993471400831e-07  ,9.872173063706e-01  
  1.994471408445e-07  ,1.000769468781e+00  
  1.995471416059e-07  ,1.014354026754e+00  
  1.996471423674e-07  ,1.027968906546e+00  
  1.997471431288e-07  ,1.041612026518e+00  
  1.998471438903e-07  ,1.055281297553e+00  
  1.999471446517e-07  ,1.068974623825e+00  
  2.000471454132e-07  ,1.082689903146e+00  
  2.001471461746e-07  ,1.096425027848e+00  
  2.002471469361e-07  ,1.110177885000e+00  
  2.003471476975e-07  ,1.123946357400e+00  
  2.004471484590e-07  ,1.137728323721e+00  
  2.005471492204e-07  ,1.151521659585e+00  
  2.006471499819e-07  ,1.165324237644e+00  
  2.007471507433e-07  ,1.179133928621e+00  
  2.008471515048e-07  ,1.192948601524e+00  
  2.009471522662e-07  ,1.206766124550e+00  
  2.010471530277e-07  ,1.220584365347e+00  
  2.011471537891e-07  ,1.234401192009e+00  
  2.012471545506e-07  ,1.248214473129e+00  
  2.013471553120e-07  ,1.262022079021e+00  
  2.014471560735e-07  ,1.275821881632e+00  
  2.015471568349e-07  ,1.289611755746e+00  
  2.016471575964e-07  ,1.303389579061e+00  
  2.017471583578e-07  ,1.317153233126e+00  
  2.018471591193e-07  ,1.330900603736e+00  
  2.019471598807e-07  ,1.344629581597e+00  
  2.020471606422e-07  ,1.358338062691e+00  
  2.021471614036e-07  ,1.372023949333e+00  
  2.022471621651e-07  ,1.385685150113e+00  
  2.023471629265e-07  ,1.399319581027e+00  
  2.024471636880e-07  ,1.412925165583e+00  
  2.025471644494e-07  ,1.426499835865e+00  
  2.026471652109e-07  ,1.440041532440e+00  
  2.027471659723e-07  ,1.453548205733e+00  
  2.028471667338e-07  ,1.467017815698e+00  
  2.029471674952e-07  ,1.480448333178e+00  
  2.030471682567e-07  ,1.493837739868e+00  
  2.031471690181e-07  ,1.507184029174e+00  
  2.032471697796e-07  ,1.520485206671e+00  
  2.033471705410e-07  ,1.533739290585e+00  
  2.034471713025e-07  ,1.546944312436e+00  
  2.035471720639e-07  ,1.560098317520e+00  
  2.036471728254e-07  ,1.573199365271e+00  
  2.037471735868e-07  ,1.586245530318e+00  
  2.038471743483e-07  ,1.599234902068e+00  
  2.039471751097e-07  ,1.612165586413e+00  
  2.040471758712e-07  ,1.625035704971e+00  
  2.041471766326e-07  ,1.637843396814e+00  
  2.042471773941e-07  ,1.650586817874e+00  
  2.043471781555e-07  ,1.663264142357e+00  
  2.044471789170e-07  ,1.675873562349e+00  
  2.045471796784e-07  ,1.688413289392e+00  
  2.046471804399e-07  ,1.700881553558e+00  
  2.047471812013e-07  ,1.713276605540e+00  
  2.048471819628e-07  ,1.725596715320e+00  
  2.049471827242e-07  ,1.737840174698e+00  
  2.050471834857e-07  ,1.750005295433e+00  
  2.051471842471e-07  ,1.762090412016e+00  
  2.052471850086e-07  ,1.774093879970e+00  
  2.053471857700e-07  ,1.786014078242e+00  
  2.054471865315e-07  ,1.797849407664e+00  
  2.055471872929e-07  ,1.809598293666e+00  
  2.056471880544e-07  ,1.821259183963e+00  
  2.057471888158e-07  ,1.832830551855e+00  
  2.058471895773e-07  ,1.844310893897e+00  
  2.059471903387e-07  ,1.855698732801e+00  
  2.060471911002e-07  ,1.866992615466e+00  
  2.061471918616e-07  ,1.878191115668e+00  
  2.062471926231e-07  ,1.889292832032e+00  
  2.063471933845e-07  ,1.900296390937e+00  
  2.064471941460e-07  ,1.911200444272e+00  
  2.065471949074e-07  ,1.922003672451e+00  
  2.066471956689e-07  ,1.932704781838e+00  
  2.067471964303e-07  ,1.943302508488e+00  
  2.068471971918e-07  ,1.953795614445e+00  
  2.069471979532e-07  ,1.964182892684e+00  
  2.070471987146e-07  ,1.974463162422e+00  
  2.071471994761e-07  ,1.984635274490e+00  
  2.072472002375e-07  ,1.994698106697e+00  
  2.073472009990e-07  ,2.004650568834e+00  
  2.074472017604e-07  ,2.014491598362e+00  
  2.075472025219e-07  ,2.024220165449e+00  
  2.076472032833e-07  ,2.033835267915e+00  
  2.077472040448e-07  ,2.043335937524e+00  
  2.078472048062e-07  ,2.052721233476e+00  
  2.079472055677e-07  ,2.061990249985e+00  
  2.080472063291e-07  ,2.071142108832e+00  
  2.081472070906e-07  ,2.080175967270e+00  
  2.082472078520e-07  ,2.089091010699e+00  
  2.083472086135e-07  ,2.097886460212e+00  
  2.084472093749e-07  ,2.106561565677e+00  
  2.085472101364e-07  ,2.115115612682e+00  
  2.086472108978e-07  ,2.123547916348e+00  
  2.087472116593e-07  ,2.131857827547e+00  
  2.088472124207e-07  ,2.140044727101e+00  
  2.089472131822e-07  ,2.148108031928e+00  
  2.090472139436e-07  ,2.156047189033e+00  
  2.091472147051e-07  ,2.163861682058e+00  
  2.092472154665e-07  ,2.171551024643e+00  
  2.093472162280e-07  ,2.179114767542e+00  
  2.094472169894e-07  ,2.186552491521e+00  
  2.095472177509e-07  ,2.193863814889e+00  
  2.096472185123e-07  ,2.201048385879e+00  
  2.097472192738e-07  ,2.208105890509e+00  
  2.098472200352e-07  ,2.215036045048e+00  
  2.099472207967e-07  ,2.221838603258e+00  
  2.100472215581e-07  ,2.228513349645e+00  
  2.101472223196e-07  ,2.235060106192e+00  
  2.102472230810e-07  ,2.241478725314e+00  
  2.103472238425e-07  ,2.247769097585e+00  
  2.104472246039e-07  ,2.253931143447e+00  
  2.105472253654e-07  ,2.259964821849e+00  
  2.106472261268e-07  ,2.265870121439e+00  
  2.107472268883e-07  ,2.271647069421e+00  
  2.108472276497e-07  ,2.277295722591e+00  
  2.109472284112e-07  ,2.282816176129e+00  
  2.110472291726e-07  ,2.288208555078e+00  
  2.111472299341e-07  ,2.293473022210e+00  
  2.112472306955e-07  ,2.298609770471e+00  
  2.113472314570e-07  ,2.303619030326e+00  
  2.114472322184e-07  ,2.308501061849e+00  
  2.115472329799e-07  ,2.313256163087e+00  
  2.116472337413e-07  ,2.317884661085e+00  
  2.117472345028e-07  ,2.322386920466e+00  
  2.118472352642e-07  ,2.326763335281e+00  
  2.119472360257e-07  ,2.331014336173e+00  
  2.120472367871e-07  ,2.335140383265e+00  
  2.121472375486e-07  ,2.339141973184e+00  
  2.122472383100e-07  ,2.343019631257e+00  
  2.123472390715e-07  ,2.346773919356e+00  
  2.124472398329e-07  ,2.350405427544e+00  
  2.125472405944e-07  ,2.353914782161e+00  
  2.126472413558e-07  ,2.357302637218e+00  
  2.127472421173e-07  ,2.360569682709e+00  
  2.128472428787e-07  ,2.363716635942e+00  
  2.129472436402e-07  ,2.366744249530e+00  
  2.130472444016e-07  ,2.369653303225e+00  
  2.131472451631e-07  ,2.372444611600e+00  
  2.132472459245e-07  ,2.375119015458e+00  
  2.133472466860e-07  ,2.377677390601e+00  
  2.134472474474e-07  ,2.380120638097e+00  
  2.135472482089e-07  ,2.382449693366e+00  
  2.136472489703e-07  ,2.384665517083e+00  
  2.137472497318e-07  ,2.386769103161e+00  
  2.138472504932e-07  ,2.388761470607e+00  
  2.139472512547e-07  ,2.390643670566e+00  
  2.140472520161e-07  ,2.392416779375e+00  
  2.141472527776e-07  ,2.394081904162e+00  
  2.142472535390e-07  ,2.395640177128e+00  
  2.143472543004e-07  ,2.397092760173e+00  
  2.144472550619e-07  ,2.398440840246e+00  
  2.145472558233e-07  ,2.399685632509e+00  
  2.146472565848e-07  ,2.400828377045e+00  
  2.147472573462e-07  ,2.401870341216e+00  
  2.148472581077e-07  ,2.402812816708e+00  
  2.149472588691e-07  ,2.403657121448e+00  
  2.150472596306e-07  ,2.404404597487e+00  
  2.151472603920e-07  ,2.405056611637e+00  
  2.152472611535e-07  ,2.405614554734e+00  
  2.153472619149e-07  ,2.406079840991e+00  
  2.154472626764e-07  ,2.406453908439e+00  
  2.155472634378e-07  ,2.406738217047e+00  
  2.156472641993e-07  ,2.406934250263e+00  
  2.157472649607e-07  ,2.407043512499e+00  
  2.158472657222e-07  ,2.407067530448e+00  
  2.159472664836e-07  ,2.407007851668e+00  
  2.160472672451e-07  ,2.406866044142e+00  
  2.161472680065e-07  ,2.406643696674e+00  
  2.162472687680e-07  ,2.406342417166e+00  
  2.163472695294e-07  ,2.405963833642e+00  
  2.164472702909e-07  ,2.405509592018e+00  
  2.165472710523e-07  ,2.404981357613e+00  
  2.166472718138e-07  ,2.404380812861e+00  
  2.167472725752e-07  ,2.403709658382e+00  
  2.168472733367e-07  ,2.402969610885e+00  
  2.169472740981e-07  ,2.402162404623e+00  
  2.170472748596e-07  ,2.401289788855e+00  
  2.171472756210e-07  ,2.400353529183e+00  
  2.172472763825e-07  ,2.399355405567e+00  
  2.173472771439e-07  ,2.398297213040e+00  
  2.174472779054e-07  ,2.397180760179e+00  
  2.175472786668e-07  ,2.396007869403e+00  
  2.176472794283e-07  ,2.394780376061e+00  
  2.177472801897e-07  ,2.393500127745e+00  
  2.178472809512e-07  ,2.392168984494e+00  
  2.179472817126e-07  ,2.390788817295e+00  
  2.180472824741e-07  ,2.389361508451e+00  
  2.181472832355e-07  ,2.387888950418e+00  
  2.182472839970e-07  ,2.386373045755e+00  
  2.183472847584e-07  ,2.384815706139e+00  
  2.184472855199e-07  ,2.383218852193e+00  
  2.185472862813e-07  ,2.381584412981e+00  
  2.186472870428e-07  ,2.379914324912e+00  
  2.187472878042e-07  ,2.378210532086e+00  
  2.188472885657e-07  ,2.376474984903e+00  
  2.189472893271e-07  ,2.374709640113e+00  
  2.190472900886e-07  ,2.372916460014e+00  
  2.191472908500e-07  ,2.371097411933e+00  
  2.192472916115e-07  ,2.369254467708e+00  
  2.193472923729e-07  ,2.367389603280e+00  
  2.194472931344e-07  ,2.365504797631e+00  
  2.195472938958e-07  ,2.363602033331e+00  
  2.196472946573e-07  ,2.361683294276e+00  
  2.197472954187e-07  ,2.359750567334e+00  
  2.198472961802e-07  ,2.357805839357e+00  
  2.199472969416e-07  ,2.355851099293e+00  
  2.200472977031e-07  ,2.353888334563e+00  
  2.201472984645e-07  ,2.351919534118e+00  
  2.202472992260e-07  ,2.349946684070e+00  
  2.203472999874e-07  ,2.347971770645e+00  
  2.204473007489e-07  ,2.345996776746e+00  
  2.205473015103e-07  ,2.344023684058e+00  
  2.206473022718e-07  ,2.342054469462e+00  
  2.207473030332e-07  ,2.340091108099e+00  
  2.208473037947e-07  ,2.338135569190e+00  
  2.209473045561e-07  ,2.336189818668e+00  
  2.210473053176e-07  ,2.334255815874e+00  
  2.211473060790e-07  ,2.332335515684e+00  
  2.212473068405e-07  ,2.330430865544e+00  
  2.213473076019e-07  ,2.328543806777e+00  
  2.214473083634e-07  ,2.326676272871e+00  
  2.215473091248e-07  ,2.324830189814e+00  
  2.216473098863e-07  ,2.323007474675e+00  
  2.217473106477e-07  ,2.321210036302e+00  
  2.218473114091e-07  ,2.319439773061e+00  
  2.219473121706e-07  ,2.317698574607e+00  
  2.220473129320e-07  ,2.315988318759e+00  
  2.221473136935e-07  ,2.314310873744e+00  
  2.222473144549e-07  ,2.312668094725e+00  
  2.223473152164e-07  ,2.311061826849e+00  
  2.224473159778e-07  ,2.309493900368e+00  
  2.225473167393e-07  ,2.307966135163e+00  
  2.226473175007e-07  ,2.306480335084e+00  
  2.227473182622e-07  ,2.305038292485e+00  
  2.228473190236e-07  ,2.303641782842e+00  
  2.229473197851e-07  ,2.302292569271e+00  
  2.230473205465e-07  ,2.300992396846e+00  
  2.231473213080e-07  ,2.299742997515e+00  
  2.232473220694e-07  ,2.298546084137e+00  
  2.233473228309e-07  ,2.297403355754e+00  
  2.234473235923e-07  ,2.296316490999e+00  
  2.235473243538e-07  ,2.295287154212e+00  
  2.236473251152e-07  ,2.294316988213e+00  
  2.237473258767e-07  ,2.293407620671e+00  
  2.238473266381e-07  ,2.292560656877e+00  
  2.239473273996e-07  ,2.291777686217e+00  
  2.240473281610e-07  ,2.291060274533e+00  
  2.241473289225e-07  ,2.290409971522e+00  
  2.242473296839e-07  ,2.289828301764e+00  
  2.243473304454e-07  ,2.289316773548e+00  
  2.244473312068e-07  ,2.288876868835e+00  
  2.245473319683e-07  ,2.288510052668e+00  
  2.246473327297e-07  ,2.288217762939e+00  
  2.247473334912e-07  ,2.288001419977e+00  
  2.248473342526e-07  ,2.287862415991e+00  
  2.249473350141e-07  ,2.287802125108e+00  
  2.250473357755e-07  ,2.287821892406e+00  
  2.251473365370e-07  ,2.287923044437e+00  
  2.252473372984e-07  ,2.288106877871e+00  
  2.253473380599e-07  ,2.288374669872e+00  
  2.254473388213e-07  ,2.288727667753e+00  
  2.255473395828e-07  ,2.289167098030e+00  
  2.256473403442e-07  ,2.289694156829e+00  
  2.257473411057e-07  ,2.290310019395e+00  
  2.258473418671e-07  ,2.291015829021e+00  
  2.259473426286e-07  ,2.291812708641e+00  
  2.260473433900e-07  ,2.292701747562e+00  
  2.261473441515e-07  ,2.293684015005e+00  
  2.262473449129e-07  ,2.294760545646e+00  
  2.263473456744e-07  ,2.295932353558e+00  
  2.264473464358e-07  ,2.297200417636e+00  
  2.265473471973e-07  ,2.298565696203e+00  
  2.266473479587e-07  ,2.300029111063e+00  
  2.267473487202e-07  ,2.301591563804e+00  
  2.268473494816e-07  ,2.303253918494e+00  
  2.269473502431e-07  ,2.305017018782e+00  
  2.270473510045e-07  ,2.306881670383e+00  
  2.271473517660e-07  ,2.308848658086e+00  
  2.272473525274e-07  ,2.310918728315e+00  
  2.273473532889e-07  ,2.313092606387e+00  
  2.274473540503e-07  ,2.315370978814e+00  
  2.275473548118e-07  ,2.317754510522e+00  
  2.276473555732e-07  ,2.320243827445e+00  
  2.277473563347e-07  ,2.322839533787e+00  
  2.278473570961e-07  ,2.325542193994e+00  
  2.279473578576e-07  ,2.328352350992e+00  
  2.280473586190e-07  ,2.331270507559e+00  
  2.281473593805e-07  ,2.334297144429e+00  
  2.282473601419e-07  ,2.337432702378e+00  
  2.283473609034e-07  ,2.340677599778e+00  
  2.284473616648e-07  ,2.344032214623e+00  
  2.285473624263e-07  ,2.347496902899e+00  
  2.286473631877e-07  ,2.351071979294e+00  
  2.287473639492e-07  ,2.354757737081e+00  
  2.288473647106e-07  ,2.358554427654e+00  
  2.289473654721e-07  ,2.362462281122e+00  
  2.290473662335e-07  ,2.366481485524e+00  
  2.291473669950e-07  ,2.370612207467e+00  
  2.292473677564e-07  ,2.374854571842e+00  
  2.293473685178e-07  ,2.379208681385e+00  
  2.294473692793e-07  ,2.383674597919e+00  
  2.295473700407e-07  ,2.388252360416e+00  
  2.296473708022e-07  ,2.392941967393e+00  
  2.297473715636e-07  ,2.397743394329e+00  
  2.298473723251e-07  ,2.402656576478e+00  
  2.299473730865e-07  ,2.407681425905e+00  
  2.300473738480e-07  ,2.412817814838e+00  
  2.301473746094e-07  ,2.418065592146e+00  
  2.302473753709e-07  ,2.423424567141e+00  
  2.303473761323e-07  ,2.428894525921e+00  
  2.304473768938e-07  ,2.434475215079e+00  
  2.305473776552e-07  ,2.440166358318e+00  
  2.306473784167e-07  ,2.445967639884e+00  
  2.307473791781e-07  ,2.451878721470e+00  
  2.308473799396e-07  ,2.457899225472e+00  
  2.309473807010e-07  ,2.464028752033e+00  
  2.310473814625e-07  ,2.470266862104e+00  
  2.311473822239e-07  ,2.476613094920e+00  
  2.312473829854e-07  ,2.483066950608e+00  
  2.313473837468e-07  ,2.489627907962e+00  
  2.314473845083e-07  ,2.496295407091e+00  
  2.315473852697e-07  ,2.503068866758e+00  
  2.316473860312e-07  ,2.509947668054e+00  
  2.317473867926e-07  ,2.516931170404e+00  
  2.318473875541e-07  ,2.524018696259e+00  
  2.319473883155e-07  ,2.531209547152e+00  
  2.320473890770e-07  ,2.538502987303e+00  
  2.321473898384e-07  ,2.545898261147e+00  
  2.322473905999e-07  ,2.553394575826e+00  
  2.323473913613e-07  ,2.560991119530e+00  
  2.324473921228e-07  ,2.568687043280e+00  
  2.325473928842e-07  ,2.576481479884e+00  
  2.326473936457e-07  ,2.584373525303e+00  
  2.327473944071e-07  ,2.592362258205e+00  
  2.328473951686e-07  ,2.600446720302e+00  
  2.329473959300e-07  ,2.608625937326e+00  
  2.330473966915e-07  ,2.616898898020e+00  
  2.331473974529e-07  ,2.625264576019e+00  
  2.332473982144e-07  ,2.633721908575e+00  
  2.333473989758e-07  ,2.642269818307e+00  
  2.334473997373e-07  ,2.650907192190e+00  
  2.335474004987e-07  ,2.659632903227e+00  
  2.336474012602e-07  ,2.668445789333e+00  
  2.337474020216e-07  ,2.677344675113e+00  
  2.338474027831e-07  ,2.686328351096e+00  
  2.339474035445e-07  ,2.695395594367e+00  
  2.340474043060e-07  ,2.704545149808e+00  
  2.341474050674e-07  ,2.713775748509e+00  
  2.342474058289e-07  ,2.723086090849e+00  
  2.343474065903e-07  ,2.732474863554e+00  
  2.344474073518e-07  ,2.741940723879e+00  
  2.345474081132e-07  ,2.751482315878e+00  
  2.346474088747e-07  ,2.761098255106e+00  
  2.347474096361e-07  ,2.770787144546e+00  
  2.348474103976e-07  ,2.780547559566e+00  
  2.349474111590e-07  ,2.790378063775e+00  
  2.350474119205e-07  ,2.800277193915e+00  
  2.351474126819e-07  ,2.810243475905e+00  
  2.352474134434e-07  ,2.820275409467e+00  
  2.353474142048e-07  ,2.830371484508e+00  
  2.354474149663e-07  ,2.840530165612e+00  
  2.355474157277e-07  ,2.850749908239e+00  
  2.356474164892e-07  ,2.861029143405e+00  
  2.357474172506e-07  ,2.871366294127e+00  
  2.358474180121e-07  ,2.881759759698e+00  
  2.359474187735e-07  ,2.892207932270e+00  
  2.360474195350e-07  ,2.902709181205e+00  
  2.361474202964e-07  ,2.913261869837e+00  
  2.362474210579e-07  ,2.923864339080e+00  
  2.363474218193e-07  ,2.934514925685e+00  
  2.364474225808e-07  ,2.945211943724e+00  
  2.365474233422e-07  ,2.955953705190e+00  
  2.366474241037e-07  ,2.966738499614e+00  
  2.367474248651e-07  ,2.977564615683e+00  
  2.368474256265e-07  ,2.988430320323e+00  
  2.369474263880e-07  ,2.999333881022e+00  
  2.370474271494e-07  ,3.010273544177e+00  
  2.371474279109e-07  ,3.021247557726e+00  
  2.372474286723e-07  ,3.032254149430e+00  
  2.373474294338e-07  ,3.043291550006e+00  
  2.374474301952e-07  ,3.054357970183e+00  
  2.375474309567e-07  ,3.065451625640e+00  
  2.376474317181e-07  ,3.076570712090e+00  
  2.377474324796e-07  ,3.087713432026e+00  
  2.378474332410e-07  ,3.098877968063e+00  
  2.379474340025e-07  ,3.110062511805e+00  
  2.380474347639e-07  ,3.121265234644e+00  
  2.381474355254e-07  ,3.132484319252e+00  
  2.382474362868e-07  ,3.143717927898e+00  
  2.383474370483e-07  ,3.154964235995e+00  
  2.384474378097e-07  ,3.166221399288e+00  
  2.385474385712e-07  ,3.177487587746e+00  
  2.386474393326e-07  ,3.188760952466e+00  
  2.387474400941e-07  ,3.200039659854e+00  
  2.388474408555e-07  ,3.211321858941e+00  
  2.389474416170e-07  ,3.222605714202e+00  
  2.390474423784e-07  ,3.233889374553e+00  
  2.391474431399e-07  ,3.245171004849e+00  
  2.392474439013e-07  ,3.256448755845e+00  
  2.393474446628e-07  ,3.267720794540e+00  
  2.394474454242e-07  ,3.278985275910e+00  
  2.395474461857e-07  ,3.290240371035e+00  
  2.396474469471e-07  ,3.301484240775e+00  
  2.397474477086e-07  ,3.312715062779e+00  
  2.398474484700e-07  ,3.323931005599e+00  
  2.399474492315e-07  ,3.335130255334e+00  
  2.400474499929e-07  ,3.346310990494e+00  
  2.401474507544e-07  ,3.357471407241e+00  
  2.402474515158e-07  ,3.368609696404e+00  
  2.403474522773e-07  ,3.379724065975e+00  
  2.404474530387e-07  ,3.390812720982e+00  
  2.405474538002e-07  ,3.401873883498e+00  
  2.406474545616e-07  ,3.412905774478e+00  
  2.407474553231e-07  ,3.423906631983e+00  
  2.408474560845e-07  ,3.434874694916e+00  
  2.409474568460e-07  ,3.445808219309e+00  
  2.410474576074e-07  ,3.456705463653e+00  
  2.411474583689e-07  ,3.467564704291e+00  
  2.412474591303e-07  ,3.478384220612e+00  
  2.413474598918e-07  ,3.489162311497e+00  
  2.414474606532e-07  ,3.499897279238e+00  
  2.415474614147e-07  ,3.510587446730e+00  
  2.416474621761e-07  ,3.521231141077e+00  
  2.417474629376e-07  ,3.531826711122e+00  
  2.418474636990e-07  ,3.542372510564e+00  
  2.419474644605e-07  ,3.552866915844e+00  
  2.420474652219e-07  ,3.563308309200e+00  
  2.421474659834e-07  ,3.573695096235e+00  
  2.422474667448e-07  ,3.584025689734e+00  
  2.423474675063e-07  ,3.594298525707e+00  
  2.424474682677e-07  ,3.604512049513e+00  
  2.425474690292e-07  ,3.614664729363e+00  
  2.426474697906e-07  ,3.624755044422e+00  
  2.427474705521e-07  ,3.634781497235e+00  
  2.428474713135e-07  ,3.644742602133e+00  
  2.429474720750e-07  ,3.654636897381e+00  
  2.430474728364e-07  ,3.664462934199e+00  
  2.431474735979e-07  ,3.674219288622e+00  
  2.432474743593e-07  ,3.683904549620e+00  
  2.433474751208e-07  ,3.693517104709e+00  
  2.434474758822e-07  ,3.703056042556e+00  
  2.435474766437e-07  ,3.712519785242e+00  
  2.436474774051e-07  ,3.721907005938e+00  
  2.437474781666e-07  ,3.731216399242e+00  
  2.438474789280e-07  ,3.740446680473e+00  
  2.439474796895e-07  ,3.749596588039e+00  
  2.440474804509e-07  ,3.758664880779e+00  
  2.441474812123e-07  ,3.767650341921e+00  
  2.442474819738e-07  ,3.776551775362e+00  
  2.443474827352e-07  ,3.785368010401e+00  
  2.444474834967e-07  ,3.794097897211e+00  
  2.445474842581e-07  ,3.802740312215e+00  
  2.446474850196e-07  ,3.811294153439e+00  
  2.447474857810e-07  ,3.819758345394e+00  
  2.448474865425e-07  ,3.828131834767e+00  
  2.449474873039e-07  ,3.836413595699e+00  
  2.450474880654e-07  ,3.844602624690e+00  
  2.451474888268e-07  ,3.852697946081e+00  
  2.452474895883e-07  ,3.860698607734e+00  
  2.453474903497e-07  ,3.868603684760e+00  
  2.454474911112e-07  ,3.876412277541e+00  
  2.455474918726e-07  ,3.884123513065e+00  
  2.456474926341e-07  ,3.891736544955e+00  
  2.457474933955e-07  ,3.899250552742e+00  
  2.458474941570e-07  ,3.906664744379e+00  
  2.459474949184e-07  ,3.913978353286e+00  
  2.460474956799e-07  ,3.921190641380e+00  
  2.461474964413e-07  ,3.928300897563e+00  
  2.462474972028e-07  ,3.935308438390e+00  
  2.463474979642e-07  ,3.942212608520e+00  
  2.464474987257e-07  ,3.949012780263e+00  
  2.465474994871e-07  ,3.955708354583e+00  
  2.466475002486e-07  ,3.962298759805e+00  
  2.467475010100e-07  ,3.968783454274e+00  
  2.468475017715e-07  ,3.975161922475e+00  
  2.469475025329e-07  ,3.981433680708e+00  
  2.470475032944e-07  ,3.987598270479e+00  
  2.471475040558e-07  ,3.993655265928e+00  
  2.472475048173e-07  ,3.999604266266e+00  
  2.473475055787e-07  ,4.005444904135e+00  
  2.474475063402e-07  ,4.011176836452e+00  
  2.475475071016e-07  ,4.016799754371e+00  
  2.476475078631e-07  ,4.022313373436e+00  
  2.477475086245e-07  ,4.027717443542e+00  
  2.478475093860e-07  ,4.033011738622e+00  
  2.479475101474e-07  ,4.038196067689e+00  
  2.480475109089e-07  ,4.043270263233e+00  
  2.481475116703e-07  ,4.048234193770e+00  
  2.482475124318e-07  ,4.053087750084e+00  
  2.483475131932e-07  ,4.057830860375e+00  
  2.484475139547e-07  ,4.062463473837e+00  
  2.485475147161e-07  ,4.066985577945e+00  
  2.486475154776e-07  ,4.071397181198e+00  
  2.487475162390e-07  ,4.075698329276e+00  
  2.488475170005e-07  ,4.079889090017e+00  
  2.489475177619e-07  ,4.083969567986e+00  
  2.490475185234e-07  ,4.087939889288e+00  
  2.491475192848e-07  ,4.091800217711e+00  
  2.492475200463e-07  ,4.095550737109e+00  
  2.493475208077e-07  ,4.099191670213e+00  
  2.494475215692e-07  ,4.102723258611e+00  
  2.495475223306e-07  ,4.106145783476e+00  
  2.496475230921e-07  ,4.109459543978e+00  
  2.497475238535e-07  ,4.112664878708e+00  
  2.498475246150e-07  ,4.115762144613e+00  
  2.499475253764e-07  ,4.118751737223e+00  
  2.500475261379e-07  ,4.121634070664e+00  
  2.501475268993e-07  ,4.124409596560e+00  
  2.502475276608e-07  ,4.127078786163e+00  
  2.503475284222e-07  ,4.129642146622e+00  
  2.504475291837e-07  ,4.132100205137e+00  
  2.505475299451e-07  ,4.134453524384e+00  
  2.506475307066e-07  ,4.136702686360e+00  
  2.507475314680e-07  ,4.138848308960e+00  
  2.508475322295e-07  ,4.140891028165e+00  
  2.509475329909e-07  ,4.142831516114e+00  
  2.510475337524e-07  ,4.144670462135e+00  
  2.511475345138e-07  ,4.146408591751e+00  
  2.512475352753e-07  ,4.148046646998e+00  
  2.513475360367e-07  ,4.149585405747e+00  
  2.514475367982e-07  ,4.151025661646e+00  
  2.515475375596e-07  ,4.152368244217e+00  
  2.516475383210e-07  ,4.153613998075e+00  
  2.517475390825e-07  ,4.154763802864e+00  
  2.518475398439e-07  ,4.155818553187e+00  
  2.519475406054e-07  ,4.156779178102e+00  
  2.520475413668e-07  ,4.157646621226e+00  
  2.521475421283e-07  ,4.158421859380e+00  
  2.522475428897e-07  ,4.159105884561e+00  
  2.523475436512e-07  ,4.159699720077e+00  
  2.524475444126e-07  ,4.160204405219e+00  
  2.525475451741e-07  ,4.160621008303e+00  
  2.526475459355e-07  ,4.160950615048e+00  
  2.527475466970e-07  ,4.161194337524e+00  
  2.528475474584e-07  ,4.161353306013e+00  
  2.529475482199e-07  ,4.161428676130e+00  
  2.530475489813e-07  ,4.161421620551e+00  
  2.531475497428e-07  ,4.161333337291e+00  
  2.532475505042e-07  ,4.161165040156e+00  
  2.533475512657e-07  ,4.160917968299e+00  
  2.534475520271e-07  ,4.160593375258e+00  
  2.535475527886e-07  ,4.160192539553e+00  
  2.536475535500e-07  ,4.159716753270e+00  
  2.537475543115e-07  ,4.159167332744e+00  
  2.538475550729e-07  ,4.158545607564e+00  
  2.539475558344e-07  ,4.157852929731e+00  
  2.540475565958e-07  ,4.157090665234e+00  
  2.541475573573e-07  ,4.156260200209e+00  
  2.542475581187e-07  ,4.155362934802e+00  
  2.543475588802e-07  ,4.154400288930e+00  
  2.544475596416e-07  ,4.153373694567e+00  
  2.545475604031e-07  ,4.152284603495e+00  
  2.546475611645e-07  ,4.151134478759e+00  
  2.547475619260e-07  ,4.149924801779e+00  
  2.548475626874e-07  ,4.148657064853e+00  
  2.549475634489e-07  ,4.147332777899e+00  
  2.550475642103e-07  ,4.145953460897e+00  
  2.551475649718e-07  ,4.144520649705e+00  
  2.552475657332e-07  ,4.143035890790e+00  
  2.553475664947e-07  ,4.141500744697e+00  
  2.554475672561e-07  ,4.139916781884e+00  
  2.555475680176e-07  ,4.138285586155e+00  
  2.556475687790e-07  ,4.136608750193e+00  
  2.557475695405e-07  ,4.134887879256e+00  
  2.558475703019e-07  ,4.133124586407e+00  
  2.559475710634e-07  ,4.131320496939e+00  
  2.560475718248e-07  ,4.129477242034e+00  
  2.561475725863e-07  ,4.127596465193e+00  
  2.562475733477e-07  ,4.125679814417e+00  
  2.563475741092e-07  ,4.123728949179e+00  
  2.564475748706e-07  ,4.121745532382e+00  
  2.565475756321e-07  ,4.119731238000e+00  
  2.566475763935e-07  ,4.117687741605e+00  
  2.567475771550e-07  ,4.115616730245e+00  
  2.568475779164e-07  ,4.113519889868e+00  
  2.569475786779e-07  ,4.111398918750e+00  
  2.570475794393e-07  ,4.109255511997e+00  
  2.571475802008e-07  ,4.107091376276e+00  
  2.572475809622e-07  ,4.104908214879e+00  
  2.573475817237e-07  ,4.102707740277e+00  
  2.574475824851e-07  ,4.100491662361e+00  
  2.575475832466e-07  ,4.098261697714e+00  
  2.576475840080e-07  ,4.096019560510e+00  
  2.577475847695e-07  ,4.093766969976e+00  
  2.578475855309e-07  ,4.091505642337e+00  
  2.579475862924e-07  ,4.089237297890e+00  
  2.580475870538e-07  ,4.086963652727e+00  
  2.581475878153e-07  ,4.084686426546e+00  
  2.582475885767e-07  ,4.082407333529e+00  
  2.583475893382e-07  ,4.080128090272e+00  
  2.584475900996e-07  ,4.077850407889e+00  
  2.585475908611e-07  ,4.075575998001e+00  
  2.586475916225e-07  ,4.073306565923e+00  
  2.587475923840e-07  ,4.071043817371e+00  
  2.588475931454e-07  ,4.068789449720e+00  
  2.589475939069e-07  ,4.066545160559e+00  
  2.590475946683e-07  ,4.064312637935e+00  
  2.591475954297e-07  ,4.062093569257e+00  
  2.592475961912e-07  ,4.059889631455e+00  
  2.593475969526e-07  ,4.057702499943e+00  
  2.594475977141e-07  ,4.055533838700e+00  
  2.595475984755e-07  ,4.053385309103e+00  
  2.596475992370e-07  ,4.051258560679e+00  
  2.597475999984e-07  ,4.049155239087e+00  
  2.598476007599e-07  ,4.047076977220e+00  
  2.599476015213e-07  ,4.045025403296e+00  
  2.600476022828e-07  ,4.043002132075e+00  
  2.601476030442e-07  ,4.041008772579e+00  
  2.602476038057e-07  ,4.039046919268e+00  
  2.603476045671e-07  ,4.037118160706e+00  
  2.604476053286e-07  ,4.035224069059e+00  
  2.605476060900e-07  ,4.033366210846e+00  
  2.606476068515e-07  ,4.031546134225e+00  
  2.607476076129e-07  ,4.029765381831e+00  
  2.608476083744e-07  ,4.028025476690e+00  
  2.609476091358e-07  ,4.026327935182e+00  
  2.610476098973e-07  ,4.024674253737e+00  
  2.611476106587e-07  ,4.023065921445e+00  
  2.612476114202e-07  ,4.021504405985e+00  
  2.613476121816e-07  ,4.019991167591e+00  
  2.614476129431e-07  ,4.018527643716e+00  
  2.615476137045e-07  ,4.017115264352e+00  
  2.616476144660e-07  ,4.015755435059e+00  
  2.617476152274e-07  ,4.014449553758e+00  
  2.618476159889e-07  ,4.013198993106e+00  
  2.619476167503e-07  ,4.012005117591e+00  
  2.620476175118e-07  ,4.010869264992e+00  
  2.621476182732e-07  ,4.009792764629e+00  
  2.622476190347e-07  ,4.008776919160e+00  
  2.623476197961e-07  ,4.007823020712e+00  
  2.624476205576e-07  ,4.006932334864e+00  
  2.625476213190e-07  ,4.006106116047e+00  
  2.626476220805e-07  ,4.005345591334e+00  
  2.627476228419e-07  ,4.004651975450e+00  
  2.628476236034e-07  ,4.004026456578e+00  
  2.629476243648e-07  ,4.003470207986e+00  
  2.630476251263e-07  ,4.002984377513e+00  
  2.631476258877e-07  ,4.002570096323e+00  
  2.632476266492e-07  ,4.002228470238e+00  
  2.633476274106e-07  ,4.001960587372e+00  
  2.634476281721e-07  ,4.001767510399e+00  
  2.635476289335e-07  ,4.001650283250e+00  
  2.636476296950e-07  ,4.001609924041e+00  
  2.637476304564e-07  ,4.001647431787e+00  
  2.638476312179e-07  ,4.001763779294e+00  
  2.639476319793e-07  ,4.001959918804e+00  
  2.640476327408e-07  ,4.002236777109e+00  
  2.641476335022e-07  ,4.002595259408e+00  
  2.642476342637e-07  ,4.003036244762e+00  
  2.643476350251e-07  ,4.003560590596e+00  
  2.644476357866e-07  ,4.004169127377e+00  
  2.645476365480e-07  ,4.004862663966e+00  
  2.646476373095e-07  ,4.005641981381e+00  
  2.647476380709e-07  ,4.006507839035e+00  
  2.648476388324e-07  ,4.007460967590e+00  
  2.649476395938e-07  ,4.008502076544e+00  
  2.650476403553e-07  ,4.009631845637e+00  
  2.651476411167e-07  ,4.010850933110e+00  
  2.652476418782e-07  ,4.012159967511e+00  
  2.653476426396e-07  ,4.013559555183e+00  
  2.654476434011e-07  ,4.015050273046e+00  
  2.655476441625e-07  ,4.016632674518e+00  
  2.656476449240e-07  ,4.018307284559e+00  
  2.657476456854e-07  ,4.020074603392e+00  
  2.658476464469e-07  ,4.021935103050e+00  
  2.659476472083e-07  ,4.023889230383e+00  
  2.660476479698e-07  ,4.025937404092e+00  
  2.661476487312e-07  ,4.028080017359e+00  
  2.662476494927e-07  ,4.030317434486e+00  
  2.663476502541e-07  ,4.032649995323e+00  
  2.664476510155e-07  ,4.035078009672e+00  
  2.665476517770e-07  ,4.037601763030e+00  
  2.666476525384e-07  ,4.040221510593e+00  
  2.667476532999e-07  ,4.042937483880e+00  
  2.668476540613e-07  ,4.045749911410e+00  
  2.669476548228e-07  ,4.048658907895e+00  
  2.670476555842e-07  ,4.051664653403e+00  
  2.671476563457e-07  ,4.054767267883e+00  
  2.672476571071e-07  ,4.057966843969e+00  
  2.673476578686e-07  ,4.061263446505e+00  
  2.674476586300e-07  ,4.064657113475e+00  
  2.675476593915e-07  ,4.068147855130e+00  
  2.676476601529e-07  ,4.071735654024e+00  
  2.677476609144e-07  ,4.075420466078e+00  
  2.678476616758e-07  ,4.079202218951e+00  
  2.679476624373e-07  ,4.083080813998e+00  
  2.680476631987e-07  ,4.087056124307e+00  
  2.681476639602e-07  ,4.091127996903e+00  
  2.682476647216e-07  ,4.095296250080e+00  
  2.683476654831e-07  ,4.099560677340e+00  
  2.684476662445e-07  ,4.103920998359e+00  
  2.685476670060e-07  ,4.108377036332e+00  
  2.686476677674e-07  ,4.112928462677e+00  
  2.687476685289e-07  ,4.117574962458e+00  
  2.688476692903e-07  ,4.122316193752e+00  
  2.689476700518e-07  ,4.127151788105e+00  
  2.690476708132e-07  ,4.132081351352e+00  
  2.691476715747e-07  ,4.137104462201e+00  
  2.692476723361e-07  ,4.142220674054e+00  
  2.693476730976e-07  ,4.147429513637e+00  
  2.694476738590e-07  ,4.152730482902e+00  
  2.695476746205e-07  ,4.158123056616e+00  
  2.696476753819e-07  ,4.163606685906e+00  
  2.697476761434e-07  ,4.169180794874e+00  
  2.698476769048e-07  ,4.174844783943e+00  
  2.699476776663e-07  ,4.180598027117e+00  
  2.700476784277e-07  ,4.186439875585e+00  
  2.701476791892e-07  ,4.192369653252e+00  
  2.702476799506e-07  ,4.198386663391e+00  
  2.703476807121e-07  ,4.204490180390e+00  
  2.704476814735e-07  ,4.210679460253e+00  
  2.705476822350e-07  ,4.216953729343e+00  
  2.706476829964e-07  ,4.223312196547e+00  
  2.707476837579e-07  ,4.229754041557e+00  
  2.708476845193e-07  ,4.236278427283e+00  
  2.709476852808e-07  ,4.242884487124e+00  
  2.710476860422e-07  ,4.249571339351e+00  
  2.711476868037e-07  ,4.256338072293e+00  
  2.712476875651e-07  ,4.263183760156e+00  
  2.713476883266e-07  ,4.270107447629e+00  
  2.714476890880e-07  ,4.277108165662e+00  
  2.715476898495e-07  ,4.284184916957e+00  
  2.716476906109e-07  ,4.291336689688e+00  
  2.717476913724e-07  ,4.298562445668e+00  
  2.718476921338e-07  ,4.305861132512e+00  
  2.719476928953e-07  ,4.313231671288e+00  
  2.720476936567e-07  ,4.320672970496e+00  
  2.721476944182e-07  ,4.328183912027e+00  
  2.722476951796e-07  ,4.335763366385e+00  
  2.723476959411e-07  ,4.343410177459e+00  
  2.724476967025e-07  ,4.351123178879e+00  
  2.725476974640e-07  ,4.358901178514e+00  
  2.726476982254e-07  ,4.366742973999e+00  
  2.727476989869e-07  ,4.374647338231e+00  
  2.728476997483e-07  ,4.382613034957e+00  
  2.729477005098e-07  ,4.390638802994e+00  
  2.730000000020e-07  ,4.394859746883e+00  
  2.730100000781e-07  ,4.385436898532e+00  
  2.730300002304e-07  ,4.371453369282e+00  
  2.730700005350e-07  ,4.361581754596e+00  
  2.731500011442e-07  ,4.364426349160e+00  
  2.732500019056e-07  ,4.374499224422e+00  
  2.733500026671e-07  ,4.383969421183e+00  
  2.734500034285e-07  ,4.393606809171e+00  
  2.735500041900e-07  ,4.403245574008e+00  
  2.736500049514e-07  ,4.412916150759e+00  
  2.737500057129e-07  ,4.422607816199e+00  
  2.738500064743e-07  ,4.432318465499e+00  
  2.739500072358e-07  ,4.442044195393e+00  
  2.740500079972e-07  ,4.451781467065e+00  
  2.741500087587e-07  ,4.461526677343e+00  
  2.742500095201e-07  ,4.471276225643e+00  
  2.743500102816e-07  ,4.481026525713e+00  
  2.744500110430e-07  ,4.490773979590e+00  
  2.745500118045e-07  ,4.500515008922e+00  
  2.746500125659e-07  ,4.510246025595e+00  
  2.747500133274e-07  ,4.519963461689e+00  
  2.748500140888e-07  ,4.529663743530e+00  
  2.749500148503e-07  ,4.539343317443e+00  
  2.750500156117e-07  ,4.548998627629e+00  
  2.751500163732e-07  ,4.558626139381e+00  
  2.752500171346e-07  ,4.568222317878e+00  
  2.753500178961e-07  ,4.577783651474e+00  
  2.754500186575e-07  ,4.587306630400e+00  
  2.755500194190e-07  ,4.596787769560e+00  
  2.756500201804e-07  ,4.606223588240e+00  
  2.757500209419e-07  ,4.615610631735e+00  
  2.758500217033e-07  ,4.624945451758e+00  
  2.759500224648e-07  ,4.634224628318e+00  
  2.760500232262e-07  ,4.643444748944e+00  
  2.761500239877e-07  ,4.652602431840e+00  
  2.762500247491e-07  ,4.661694304624e+00  
  2.763500255106e-07  ,4.670717026893e+00  
  2.764500262720e-07  ,4.679667270294e+00  
  2.765500270335e-07  ,4.688541738843e+00  
  2.766500277949e-07  ,4.697337152572e+00  
  2.767500285563e-07  ,4.706050263151e+00  
  2.768500293178e-07  ,4.714677842033e+00  
  2.769500300792e-07  ,4.723216692981e+00  
  2.770500308407e-07  ,4.731663641302e+00  
  2.771500316021e-07  ,4.740015547048e+00  
  2.772500323636e-07  ,4.748269292846e+00  
  2.773500331250e-07  ,4.756421797502e+00  
  2.774500338865e-07  ,4.764470004856e+00  
  2.775500346479e-07  ,4.772410896311e+00  
  2.776500354094e-07  ,4.780241479320e+00  
  2.777500361708e-07  ,4.787958801253e+00  
  2.778500369323e-07  ,4.795559936584e+00  
  2.779500376937e-07  ,4.803042001877e+00  
  2.780500384552e-07  ,4.810402141455e+00  
  2.781500392166e-07  ,4.817637544146e+00  
  2.782500399781e-07  ,4.824745427445e+00  
  2.783500407395e-07  ,4.831723055151e+00  
  2.784500415010e-07  ,4.838567720784e+00  
  2.785500422624e-07  ,4.845276766188e+00  
  2.786500430239e-07  ,4.851847564057e+00  
  2.787500437853e-07  ,4.858277536324e+00  
  2.788500445468e-07  ,4.864564138119e+00  
  2.789500453082e-07  ,4.870704874206e+00  
  2.790500460697e-07  ,4.876697284635e+00  
  2.791500468311e-07  ,4.882538959691e+00  
  2.792500475926e-07  ,4.888227526784e+00  
  2.793500483540e-07  ,4.893760664381e+00  
  2.794500491155e-07  ,4.899136089720e+00  
  2.795500498769e-07  ,4.904351571775e+00  
  2.796500506384e-07  ,4.909404919953e+00  
  2.797500513998e-07  ,4.914293996231e+00  
  2.798500521613e-07  ,4.919016704120e+00  
  2.799500529227e-07  ,4.923571001186e+00  
  2.800500536842e-07  ,4.927954887006e+00  
  2.801500544456e-07  ,4.932166416488e+00  
  2.802500552071e-07  ,4.936203688191e+00  
  2.803500559685e-07  ,4.940064855628e+00  
  2.804500567300e-07  ,4.943748118002e+00  
  2.805500574914e-07  ,4.947251730322e+00  
  2.806500582529e-07  ,4.950573993758e+00  
  2.807500590143e-07  ,4.953713266083e+00  
  2.808500597758e-07  ,4.956667952672e+00  
  2.809500605372e-07  ,4.959436515974e+00  
  2.810500612987e-07  ,4.962017466223e+00  
  2.811500620601e-07  ,4.964409372861e+00  
  2.812500628216e-07  ,4.966610852594e+00  
  2.813500635830e-07  ,4.968620582307e+00  
  2.814500643445e-07  ,4.970437287447e+00  
  2.815500651059e-07  ,4.972059753313e+00  
  2.816500658674e-07  ,4.973486814967e+00  
  2.817500666288e-07  ,4.974717367850e+00  
  2.818500673903e-07  ,4.975750357793e+00  
  2.819500681517e-07  ,4.976584790586e+00  
  2.820500689132e-07  ,4.977219724609e+00  
  2.821500696746e-07  ,4.977654277008e+00  
  2.822500704361e-07  ,4.977887618771e+00  
  2.823500711975e-07  ,4.977918979723e+00  
  2.824500719590e-07  ,4.977747644463e+00  
  2.825500727204e-07  ,4.977372955742e+00  
  2.826500734819e-07  ,4.976794312096e+00  
  2.827500742433e-07  ,4.976011170591e+00  
  2.828500750048e-07  ,4.975023043614e+00  
  2.829500757662e-07  ,4.973829502973e+00  
  2.830500765277e-07  ,4.972430175376e+00  
  2.831500772891e-07  ,4.970824747589e+00  
  2.832500780506e-07  ,4.969012961268e+00  
  2.833500788120e-07  ,4.966994617824e+00  
  2.834500795735e-07  ,4.964769573691e+00  
  2.835500803349e-07  ,4.962337745870e+00  
  2.836500810964e-07  ,4.959699105110e+00  
  2.837500818578e-07  ,4.956853683520e+00  
  2.838500826193e-07  ,4.953801566560e+00  
  2.839500833807e-07  ,4.950542901115e+00  
  2.840500841422e-07  ,4.947077886947e+00  
  2.841500849036e-07  ,4.943406785469e+00  
  2.842500856650e-07  ,4.939529910151e+00  
  2.843500864265e-07  ,4.935447636997e+00  
  2.844500871879e-07  ,4.931160392078e+00  
  2.845500879494e-07  ,4.926668665451e+00  
  2.846500887108e-07  ,4.921972995761e+00  
  2.847500894723e-07  ,4.917073985706e+00  
  2.848500902337e-07  ,4.911972286002e+00  
  2.849500909952e-07  ,4.906668611302e+00  
  2.850500917566e-07  ,4.901163723127e+00  
  2.851500925181e-07  ,4.895458447404e+00  
  2.852500932795e-07  ,4.889553655606e+00  
  2.853500940410e-07  ,4.883450283765e+00  
  2.854500948024e-07  ,4.877149311607e+00  
  2.855500955639e-07  ,4.870651784456e+00  
  2.856500963253e-07  ,4.863958789704e+00  
  2.857500970868e-07  ,4.857071479871e+00  
  2.858500978482e-07  ,4.849991048653e+00  
  2.859500986097e-07  ,4.842718754490e+00  
  2.860500993711e-07  ,4.835255896362e+00  
  2.861501001326e-07  ,4.827603836327e+00  
  2.862501008940e-07  ,4.819763977325e+00  
  2.863501016555e-07  ,4.811737783743e+00  
  2.864501024169e-07  ,4.803526760328e+00  
  2.865501031784e-07  ,4.795132472386e+00  
  2.866501039398e-07  ,4.786556524154e+00  
  2.867501047013e-07  ,4.777800580441e+00  
  2.868501054627e-07  ,4.768866343139e+00  
  2.869501062242e-07  ,4.759755573942e+00  
  2.870501069856e-07  ,4.750470071063e+00  
  2.871501077471e-07  ,4.741011690874e+00  
  2.872501085085e-07  ,4.731382325222e+00  
  2.873501092700e-07  ,4.721583923541e+00  
  2.874501100314e-07  ,4.711618469368e+00  
  2.875501107929e-07  ,4.701488001945e+00  
  2.876501115543e-07  ,4.691194594697e+00  
  2.877501123158e-07  ,4.680740374741e+00  
  2.878501130772e-07  ,4.670127502282e+00  
  2.879501138387e-07  ,4.659358190348e+00  
  2.880501146001e-07  ,4.648434682788e+00  
  2.881501153616e-07  ,4.637359276481e+00  
  2.882501161230e-07  ,4.626134296721e+00  
  2.883501168845e-07  ,4.614762120529e+00  
  2.884501176459e-07  ,4.603245152595e+00  
  2.885501184074e-07  ,4.591585847520e+00  
  2.886501191688e-07  ,4.579786686282e+00  
  2.887501199303e-07  ,4.567850198132e+00  
  2.888501206917e-07  ,4.555778938083e+00  
  2.889501214532e-07  ,4.543575506539e+00  
  2.890501222146e-07  ,4.531242529938e+00  
  2.891501229761e-07  ,4.518782676854e+00  
  2.892501237375e-07  ,4.506198641766e+00  
  2.893501244990e-07  ,4.493493159264e+00  
  2.894501252604e-07  ,4.480668987968e+00  
  2.895501260219e-07  ,4.467728925469e+00  
  2.896501267833e-07  ,4.454675791971e+00  
  2.897501275448e-07  ,4.441512444528e+00  
  2.898501283062e-07  ,4.428241761335e+00  
  2.899501290677e-07  ,4.414866656431e+00  
  2.900501298291e-07  ,4.401390062451e+00  
  2.901501305906e-07  ,4.387814946734e+00  
  2.902501313520e-07  ,4.374144293846e+00  
  2.903501321135e-07  ,4.360381120439e+00  
  2.904501328749e-07  ,4.346528459606e+00  
  2.905501336364e-07  ,4.332589374621e+00  
  2.906501343978e-07  ,4.318566943008e+00  
  2.907501351593e-07  ,4.304464271577e+00  
  2.908501359207e-07  ,4.290284478882e+00  
  2.909501366822e-07  ,4.276030711208e+00  
  2.910501374436e-07  ,4.261706125367e+00  
  2.911501382051e-07  ,4.247313903358e+00  
  2.912501389665e-07  ,4.232857236507e+00  
  2.913501397280e-07  ,4.218339339569e+00  
  2.914501404894e-07  ,4.203763434086e+00  
  2.915501412509e-07  ,4.189132764253e+00  
  2.916501420123e-07  ,4.174450578647e+00  
  2.917501427737e-07  ,4.159720146774e+00  
  2.918501435352e-07  ,4.144944740712e+00  
  2.919501442966e-07  ,4.130127652092e+00  
  2.920501450581e-07  ,4.115272172396e+00  
  2.921501458195e-07  ,4.100381611690e+00  
  2.922501465810e-07  ,4.085459277739e+00  
  2.923501473424e-07  ,4.070508494813e+00  
  2.924501481039e-07  ,4.055532583630e+00  
  2.925501488653e-07  ,4.040534878984e+00  
  2.926501496268e-07  ,4.025518710620e+00  
  2.927501503882e-07  ,4.010487420432e+00  
  2.928501511497e-07  ,3.995444343499e+00  
  2.929501519111e-07  ,3.980392825120e+00  
  2.930501526726e-07  ,3.965336201957e+00  
  2.931501534340e-07  ,3.950277818965e+00  
  2.932501541955e-07  ,3.935221010929e+00  
  2.933501549569e-07  ,3.920169118925e+00  
  2.934501557184e-07  ,3.905125471661e+00  
  2.935501564798e-07  ,3.890093403044e+00  
  2.936501572413e-07  ,3.875076232102e+00  
  2.937501580027e-07  ,3.860077281920e+00  
  2.938501587642e-07  ,3.845099857907e+00  
  2.939501595256e-07  ,3.830147268951e+00  
  2.940501602871e-07  ,3.815222803471e+00  
  2.941501610485e-07  ,3.800329751828e+00  
  2.942501618100e-07  ,3.785471382662e+00  
  2.943501625714e-07  ,3.770650963863e+00  
  2.944501633329e-07  ,3.755871740443e+00  
  2.945501640943e-07  ,3.741136954866e+00  
  2.946501648558e-07  ,3.726449824514e+00  
  2.947501656172e-07  ,3.711813563237e+00  
  2.948501663787e-07  ,3.697231357035e+00  
  2.949501671401e-07  ,3.682706387906e+00  
  2.950501679016e-07  ,3.668241806669e+00  
  2.951501686630e-07  ,3.653840760310e+00  
  2.952501694245e-07  ,3.639506361235e+00  
  2.953501701859e-07  ,3.625241717322e+00  
  2.954501709474e-07  ,3.611049899983e+00  
  2.955501717088e-07  ,3.596933974263e+00  
  2.956501724703e-07  ,3.582896967227e+00  
  2.957501732317e-07  ,3.568941897870e+00  
  2.958501739932e-07  ,3.555071745887e+00  
  2.959501747546e-07  ,3.541289480499e+00  
  2.960501755161e-07  ,3.527598031065e+00  
  2.961501762775e-07  ,3.514000314111e+00  
  2.962501770390e-07  ,3.500499205092e+00  
  2.963501778004e-07  ,3.487097565030e+00  
  2.964501785619e-07  ,3.473798212178e+00  
  2.965501793233e-07  ,3.460603949082e+00  
  2.966501800848e-07  ,3.447517533915e+00  
  2.967501808462e-07  ,3.434541707607e+00  
  2.968501816077e-07  ,3.421679165199e+00  
  2.969501823691e-07  ,3.408932583591e+00  
  2.970501831306e-07  ,3.396304591304e+00  
  2.971501838920e-07  ,3.383797798239e+00  
  2.972501846535e-07  ,3.371414764433e+00  
  2.973501854149e-07  ,3.359158029362e+00  
  2.974501861764e-07  ,3.347030081883e+00  
  2.975501869378e-07  ,3.335033388578e+00  
  2.976501876993e-07  ,3.323170364534e+00  
  2.977501884607e-07  ,3.311443400609e+00  
  2.978501892222e-07  ,3.299854835742e+00  
  2.979501899836e-07  ,3.288406982641e+00  
  2.980501907451e-07  ,3.277102101373e+00  
  2.981501915065e-07  ,3.265942424421e+00  
  2.982501922680e-07  ,3.254930130335e+00  
  2.983501930294e-07  ,3.244067369076e+00  
  2.984501937909e-07  ,3.233356235659e+00  
  2.985501945523e-07  ,3.222798795040e+00  
  2.986501953138e-07  ,3.212397056430e+00  
  2.987501960752e-07  ,3.202152998116e+00  
  2.988501968367e-07  ,3.192068540899e+00  
  2.989501975981e-07  ,3.182145574652e+00  
  2.990501983596e-07  ,3.172385929812e+00  
  2.991501991210e-07  ,3.162791405671e+00  
  2.992501998824e-07  ,3.153363740723e+00  
  2.993502006439e-07  ,3.144104641519e+00  
  2.994502014053e-07  ,3.135015753010e+00  
  2.995502021668e-07  ,3.126098687501e+00  
  2.996502029282e-07  ,3.117354994523e+00  
  2.997502036897e-07  ,3.108786190196e+00  
  2.998502044511e-07  ,3.100393727502e+00  
  2.999502052126e-07  ,3.092179024792e+00  
  3.000502059740e-07  ,3.084143436980e+00  
  3.001502067355e-07  ,3.076288283385e+00  
  3.002502074969e-07  ,3.068614819256e+00  
  3.003502082584e-07  ,3.061124263470e+00  
  3.004502090198e-07  ,3.053817771037e+00  
  3.005502097813e-07  ,3.046696458722e+00  
  3.006502105427e-07  ,3.039761380021e+00  
  3.007502113042e-07  ,3.033013548979e+00  
  3.008502120656e-07  ,3.026453916329e+00  
  3.009502128271e-07  ,3.020083392287e+00  
  3.010502135885e-07  ,3.013902824122e+00  
  3.011502143500e-07  ,3.007913017684e+00  
  3.012502151114e-07  ,3.002114715541e+00  
  3.013502158729e-07  ,2.996508618348e+00  
  3.014502166343e-07  ,2.991095363732e+00  
  3.015502173958e-07  ,2.985875546403e+00  
  3.016502181572e-07  ,2.980849698539e+00  
  3.017502189187e-07  ,2.976018308453e+00  
  3.018502196801e-07  ,2.971381802058e+00  
  3.019502204416e-07  ,2.966940561248e+00  
  3.020502212030e-07  ,2.962694905425e+00  
  3.021502219645e-07  ,2.958645109859e+00  
  3.022502227259e-07  ,2.954791386766e+00  
  3.023502234874e-07  ,2.951133904942e+00  
  3.024502242488e-07  ,2.947672769741e+00  
  3.025502250103e-07  ,2.944408042948e+00  
  3.026502257717e-07  ,2.941339723045e+00  
  3.027502265332e-07  ,2.938467765189e+00  
  3.028502272946e-07  ,2.935792061323e+00  
  3.029502280561e-07  ,2.933312459666e+00  
  3.030502288175e-07  ,2.931028746384e+00  
  3.031502295790e-07  ,2.928940662641e+00  
  3.032502303404e-07  ,2.927047889382e+00  
  3.033502311019e-07  ,2.925350061745e+00  
  3.034502318633e-07  ,2.923846755105e+00  
  3.035502326248e-07  ,2.922537499380e+00  
  3.036502333862e-07  ,2.921421765318e+00  
  3.037502341477e-07  ,2.920498978075e+00  
  3.038502349091e-07  ,2.919768504339e+00  
  3.039502356706e-07  ,2.919229665729e+00  
  3.040502364320e-07  ,2.918881725240e+00  
  3.041502371935e-07  ,2.918723902197e+00  
  3.042502379549e-07  ,2.918755356927e+00  
  3.043502387164e-07  ,2.918975206983e+00  
  3.044502394778e-07  ,2.919382511567e+00  
  3.045502402393e-07  ,2.919976287538e+00  
  3.046502410007e-07  ,2.920755493989e+00  
  3.047502417622e-07  ,2.921719048337e+00  
  3.048502425236e-07  ,2.922865810866e+00  
  3.049502432851e-07  ,2.924194601145e+00  
  3.050502440465e-07  ,2.925704181693e+00  
  3.051502448080e-07  ,2.927393275890e+00  
  3.052502455694e-07  ,2.929260549901e+00  
  3.053502463309e-07  ,2.931304632396e+00  
  3.054502470923e-07  ,2.933524095051e+00  
  3.055502478538e-07  ,2.935917473263e+00  
  3.056502486152e-07  ,2.938483245879e+00  
  3.057502493767e-07  ,2.941219857064e+00  
  3.058502501381e-07  ,2.944125694437e+00  
  3.059502508996e-07  ,2.947199112634e+00  
  3.060502516610e-07  ,2.950438410136e+00  
  3.061502524225e-07  ,2.953841854166e+00  
  3.062502531839e-07  ,2.957407655743e+00  
  3.063502539454e-07  ,2.961133996798e+00  
  3.064502547068e-07  ,2.965019003270e+00  
  3.065502554682e-07  ,2.969060773351e+00  
  3.066502562297e-07  ,2.973257350487e+00  
  3.067502569911e-07  ,2.977606751545e+00  
  3.068502577526e-07  ,2.982106939339e+00  
  3.069502585140e-07  ,2.986755851762e+00  
  3.070502592755e-07  ,2.991551373424e+00  
  3.071502600369e-07  ,2.996491365656e+00  
  3.072502607984e-07  ,3.001573637625e+00  
  3.073502615598e-07  ,3.006795975811e+00  
  3.074502623213e-07  ,3.012156116911e+00  
  3.075502630827e-07  ,3.017651775395e+00  
  3.076502638442e-07  ,3.023280617543e+00  
  3.077502646056e-07  ,3.029040288521e+00  
  3.078502653671e-07  ,3.034928387051e+00  
  3.079502661285e-07  ,3.040942491705e+00  
  3.080502668900e-07  ,3.047080136296e+00  
  3.081502676514e-07  ,3.053338835621e+00  
  3.082502684129e-07  ,3.059716060992e+00  
  3.083502691743e-07  ,3.066209266783e+00  
  3.084502699358e-07  ,3.072815864662e+00  
  3.085502706972e-07  ,3.079533250998e+00  
  3.086502714587e-07  ,3.086358781081e+00  
  3.087502722201e-07  ,3.093289796201e+00  
  3.088502729816e-07  ,3.100323598325e+00  
  3.089502737430e-07  ,3.107457476454e+00  
  3.090502745045e-07  ,3.114688682322e+00  
  3.091502752659e-07  ,3.122014455900e+00  
  3.092502760274e-07  ,3.129432001480e+00  
  3.093502767888e-07  ,3.136938513308e+00  
  3.094502775503e-07  ,3.144531151420e+00  
  3.095502783117e-07  ,3.152207067167e+00  
  3.096502790732e-07  ,3.159963379896e+00  
  3.097502798346e-07  ,3.167797201156e+00  
  3.098502805961e-07  ,3.175705612586e+00  
  3.099502813575e-07  ,3.183685689409e+00  
  3.100502821190e-07  ,3.191734478752e+00  
  3.101502828804e-07  ,3.199849022714e+00  
  3.102502836419e-07  ,3.208026337170e+00  
  3.103502844033e-07  ,3.216263434889e+00  
  3.104502851648e-07  ,3.224557302978e+00  
  3.105502859262e-07  ,3.232904928598e+00  
  3.106502866877e-07  ,3.241303273671e+00  
  3.107502874491e-07  ,3.249749302730e+00  
  3.108502882106e-07  ,3.258239956227e+00  
  3.109502889720e-07  ,3.266772179119e+00  
  3.110502897335e-07  ,3.275342893769e+00  
  3.111502904949e-07  ,3.283949029191e+00  
  3.112502912564e-07  ,3.292587492976e+00  
  3.113502920178e-07  ,3.301255201540e+00  
  3.114502927793e-07  ,3.309949050869e+00  
  3.115502935407e-07  ,3.318665948706e+00  
  3.116502943022e-07  ,3.327402782759e+00  
  3.117502950636e-07  ,3.336156454851e+00  
  3.118502958251e-07  ,3.344923848533e+00  
  3.119502965865e-07  ,3.353701862960e+00  
  3.120502973480e-07  ,3.362487380847e+00  
  3.121502981094e-07  ,3.371277302260e+00  
  3.122502988709e-07  ,3.380068512038e+00  
  3.123502996323e-07  ,3.388857915100e+00  
  3.124503003938e-07  ,3.397642401679e+00  
  3.125503011552e-07  ,3.406418884659e+00  
  3.126503019167e-07  ,3.415184263464e+00  
  3.127503026781e-07  ,3.423935461973e+00  
  3.128503034396e-07  ,3.432668881997e+00  
  3.129503042010e-07  ,3.441382481662e+00  
  3.130503049625e-07  ,3.450072684551e+00  
  3.131503057239e-07  ,3.458736437229e+00  
  3.132503064854e-07  ,3.467370696823e+00  
  3.133503072468e-07  ,3.475972430941e+00  
  3.134503080083e-07  ,3.484538619138e+00  
  3.135503087697e-07  ,3.493066253710e+00  
  3.136503095312e-07  ,3.501552340055e+00  
  3.137503102926e-07  ,3.509993898001e+00  
  3.138503110541e-07  ,3.518387962457e+00  
  3.139503118155e-07  ,3.526731583676e+00  
  3.140503125769e-07  ,3.535021829221e+00  
  3.141503133384e-07  ,3.543255783353e+00  
  3.142503140998e-07  ,3.551430549420e+00  
  3.143503148613e-07  ,3.559543248338e+00  
  3.144503156227e-07  ,3.567591022763e+00  
  3.145503163842e-07  ,3.575571033503e+00  
  3.146503171456e-07  ,3.583480465000e+00  
  3.147503179071e-07  ,3.591316521777e+00  
  3.148503186685e-07  ,3.599076432436e+00  
  3.149503194300e-07  ,3.606757448615e+00  
  3.150503201914e-07  ,3.614356846013e+00  
  3.151503209529e-07  ,3.621871925776e+00  
  3.152503217143e-07  ,3.629300014593e+00  
  3.153503224758e-07  ,3.636638465286e+00  
  3.154503232372e-07  ,3.643884658367e+00  
  3.155503239987e-07  ,3.651036001637e+00  
  3.156503247601e-07  ,3.658089931817e+00  
  3.157503255216e-07  ,3.665043914514e+00  
  3.158503262830e-07  ,3.671895445694e+00  
  3.159503270445e-07  ,3.678642050910e+00  
  3.160503278059e-07  ,3.685281288453e+00  
  3.161503285674e-07  ,3.691810746471e+00  
  3.162503293288e-07  ,3.698228047768e+00  
  3.163503300903e-07  ,3.704530846029e+00  
  3.164503308517e-07  ,3.710716830843e+00  
  3.165503316132e-07  ,3.716783724076e+00  
  3.166503323746e-07  ,3.722729284406e+00  
  3.167503331361e-07  ,3.728551304370e+00  
  3.168503338975e-07  ,3.734247613895e+00  
  3.169503346590e-07  ,3.739816078607e+00  
  3.170503354204e-07  ,3.745254602353e+00  
  3.171503361819e-07  ,3.750561125379e+00  
  3.172503369433e-07  ,3.755733627907e+00  
  3.173503377048e-07  ,3.760770127315e+00  
  3.174503384662e-07  ,3.765668681808e+00  
  3.175503392277e-07  ,3.770427388019e+00  
  3.176503399891e-07  ,3.775044384334e+00  
  3.177503407506e-07  ,3.779517848675e+00  
  3.178503415120e-07  ,3.783846001437e+00  
  3.179503422735e-07  ,3.788027103205e+00  
  3.180503430349e-07  ,3.792059459093e+00  
  3.181503437964e-07  ,3.795941413752e+00  
  3.182503445578e-07  ,3.799671357968e+00  
  3.183503453193e-07  ,3.803247723617e+00  
  3.184503460807e-07  ,3.806668987944e+00  
  3.185503468422e-07  ,3.809933671340e+00  
  3.186503476036e-07  ,3.813040339727e+00  
  3.187503483651e-07  ,3.815987602994e+00  
  3.188503491265e-07  ,3.818774117606e+00  
  3.189503498880e-07  ,3.821398584023e+00  
  3.190503506494e-07  ,3.823859750462e+00  
  3.191503514109e-07  ,3.826156409747e+00  
  3.192503521723e-07  ,3.828287402715e+00  
  3.193503529338e-07  ,3.830251615668e+00  
  3.194503536952e-07  ,3.832047983396e+00  
  3.195503544567e-07  ,3.833675486741e+00  
  3.196503552181e-07  ,3.835133155360e+00  
  3.197503559796e-07  ,3.836420065727e+00  
  3.198503567410e-07  ,3.837535343135e+00  
  3.199503575025e-07  ,3.838478160602e+00  
  3.200503582639e-07  ,3.839247740047e+00  
  3.201503590254e-07  ,3.839843351366e+00  
  3.202503597868e-07  ,3.840264314462e+00  
  3.203503605483e-07  ,3.840509996322e+00  
  3.204503613097e-07  ,3.840579815134e+00  
  3.205503620712e-07  ,3.840473236211e+00  
  3.206503628326e-07  ,3.840189776162e+00  
  3.207503635941e-07  ,3.839728998888e+00  
  3.208503643555e-07  ,3.839090520076e+00  
  3.209503651170e-07  ,3.838274002667e+00  
  3.210503658784e-07  ,3.837279161184e+00  
  3.211503666399e-07  ,3.836105758109e+00  
  3.212503674013e-07  ,3.834753607155e+00  
  3.213503681628e-07  ,3.833222570285e+00  
  3.214503689242e-07  ,3.831512560234e+00  
  3.215503696856e-07  ,3.829623538645e+00  
  3.216503704471e-07  ,3.827555517584e+00  
  3.217503712085e-07  ,3.825308557482e+00  
  3.218503719700e-07  ,3.822882770022e+00  
  3.219503727314e-07  ,3.820278314428e+00  
  3.220503734929e-07  ,3.817495401124e+00  
  3.221503742543e-07  ,3.814534288460e+00  
  3.222503750158e-07  ,3.811395284618e+00  
  3.223503757772e-07  ,3.808078747058e+00  
  3.224503765387e-07  ,3.804585081138e+00  
  3.225503773001e-07  ,3.800914742494e+00  
  3.226503780616e-07  ,3.797068233738e+00  
  3.227503788230e-07  ,3.793046107582e+00  
  3.228503795845e-07  ,3.788848963184e+00  
  3.229503803459e-07  ,3.784477449997e+00  
  3.230503811074e-07  ,3.779932262383e+00  
  3.231503818688e-07  ,3.775214145437e+00  
  3.232503826303e-07  ,3.770323889209e+00  
  3.233503833917e-07  ,3.765262332018e+00  
  3.234503841532e-07  ,3.760030358989e+00  
  3.235503849146e-07  ,3.754628900945e+00  
  3.236503856761e-07  ,3.749058936558e+00  
  3.237503864375e-07  ,3.743321488513e+00  
  3.238503871990e-07  ,3.737417627182e+00  
  3.239503879604e-07  ,3.731348466148e+00  
  3.240503887219e-07  ,3.725115166099e+00  
  3.241503894833e-07  ,3.718718930250e+00  
  3.242503902448e-07  ,3.712161008497e+00  
  3.243503910062e-07  ,3.705442691281e+00  
  3.244503917677e-07  ,3.698565317137e+00  
  3.245503925291e-07  ,3.691530261913e+00  
  3.246503932906e-07  ,3.684338950827e+00  
  3.247503940520e-07  ,3.676992844036e+00  
  3.248503948135e-07  ,3.669493451174e+00  
  3.249503955749e-07  ,3.661842315551e+00  
  3.250503963364e-07  ,3.654041028930e+00  
  3.251503970978e-07  ,3.646091216385e+00  
  3.252503978593e-07  ,3.637994549502e+00  
  3.253503986207e-07  ,3.629752733609e+00  
  3.254503993822e-07  ,3.621367517919e+00  
  3.255504001436e-07  ,3.612840685919e+00  
  3.256504009051e-07  ,3.604174062818e+00  
  3.257504016665e-07  ,3.595369507731e+00  
  3.258504024280e-07  ,3.586428920107e+00  
  3.259504031894e-07  ,3.577354232061e+00  
  3.260504039509e-07  ,3.568147415744e+00  
  3.261504047123e-07  ,3.558810473608e+00  
  3.262504054738e-07  ,3.549345448071e+00  
  3.263504062352e-07  ,3.539754409901e+00  
  3.264504069967e-07  ,3.530039469593e+00  
  3.265504077581e-07  ,3.520202763662e+00  
  3.266504085196e-07  ,3.510246467878e+00  
  3.267504092810e-07  ,3.500172782514e+00  
  3.268504100425e-07  ,3.489983946329e+00  
  3.269504108039e-07  ,3.479682220260e+00  
  3.270504115654e-07  ,3.469269903706e+00  
  3.271504123268e-07  ,3.458749316003e+00  
  3.272504130883e-07  ,3.448122814194e+00  
  3.273504138497e-07  ,3.437392773600e+00  
  3.274504146112e-07  ,3.426561606003e+00  
  3.275504153726e-07  ,3.415631740012e+00  
  3.276504161341e-07  ,3.404605640055e+00  
  3.277504168955e-07  ,3.393485784485e+00  
  3.278504176570e-07  ,3.382274687763e+00  
  3.279504184184e-07  ,3.370974875558e+00  
  3.280504191799e-07  ,3.359588909197e+00  
  3.281504199413e-07  ,3.348119359012e+00  
  3.282504207028e-07  ,3.336568829869e+00  
  3.283504214642e-07  ,3.324939934487e+00  
  3.284504222257e-07  ,3.313235318157e+00  
  3.285504229871e-07  ,3.301457632807e+00  
  3.286504237486e-07  ,3.289609561341e+00  
  3.287504245100e-07  ,3.277693791949e+00  
  3.288504252714e-07  ,3.265713042061e+00  
  3.289504260329e-07  ,3.253670033353e+00  
  3.290504267943e-07  ,3.241567514512e+00  
  3.291504275558e-07  ,3.229408237542e+00  
  3.292504283172e-07  ,3.217194979722e+00  
  3.293504290787e-07  ,3.204930520144e+00  
  3.294504298401e-07  ,3.192617661279e+00  
  3.295504306016e-07  ,3.180259206629e+00  
  3.296504313630e-07  ,3.167857980708e+00  
  3.297504321245e-07  ,3.155416807893e+00  
  3.298504328859e-07  ,3.142938532270e+00  
  3.299504336474e-07  ,3.130425995369e+00  
  3.300504344088e-07  ,3.117882057837e+00  
  3.301504351703e-07  ,3.105309575538e+00  
  3.302504359317e-07  ,3.092711422107e+00  
  3.303504366932e-07  ,3.080090464843e+00  
  3.304504374546e-07  ,3.067449587118e+00  
  3.305504382161e-07  ,3.054791664395e+00  
  3.306504389775e-07  ,3.042119586626e+00  
  3.307504397390e-07  ,3.029436234540e+00  
  3.308504405004e-07  ,3.016744501202e+00  
  3.309504412619e-07  ,3.004047269558e+00  
  3.310504420233e-07  ,2.991347432318e+00  
  3.311504427848e-07  ,2.978647872041e+00  
  3.312504435462e-07  ,2.965951477523e+00  
  3.313504443077e-07  ,2.953261127644e+00  
  3.314504450691e-07  ,2.940579704522e+00  
  3.315504458306e-07  ,2.927910079774e+00  
  3.316504465920e-07  ,2.915255126381e+00  
  3.317504473535e-07  ,2.902617704555e+00  
  3.318504481149e-07  ,2.890000675613e+00  
  3.319504488764e-07  ,2.877406885639e+00  
  3.320504496378e-07  ,2.864839180092e+00  
  3.321504503993e-07  ,2.852300388501e+00  
  3.322504511607e-07  ,2.839793337640e+00  
  3.323504519222e-07  ,2.827320836851e+00  
  3.324504526836e-07  ,2.814885691254e+00  
  3.325504534451e-07  ,2.802490687002e+00  
  3.326504542065e-07  ,2.790138604723e+00  
  3.327504549680e-07  ,2.777832204148e+00  
  3.328504557294e-07  ,2.765574238334e+00  
  3.329504564909e-07  ,2.753367437707e+00  
  3.330504572523e-07  ,2.741214524937e+00  
  3.331504580138e-07  ,2.729118197996e+00  
  3.332504587752e-07  ,2.717081145921e+00  
  3.333504595367e-07  ,2.705106031893e+00  
  3.334504602981e-07  ,2.693195508503e+00  
  3.335504610596e-07  ,2.681352200363e+00  
  3.336504618210e-07  ,2.669578721547e+00  
  3.337504625825e-07  ,2.657877655223e+00  
  3.338504633439e-07  ,2.646251573794e+00  
  3.339504641054e-07  ,2.634703016611e+00  
  3.340504648668e-07  ,2.623234511155e+00  
  3.341504656283e-07  ,2.611848550545e+00  
  3.342504663897e-07  ,2.600547615054e+00  
  3.343504671512e-07  ,2.589334148110e+00  
  3.344504679126e-07  ,2.578210580158e+00  
  3.345504686741e-07  ,2.567179303097e+00  
  3.346504694355e-07  ,2.556242694624e+00  
  3.347504701970e-07  ,2.545403092051e+00  
  3.348504709584e-07  ,2.534662818315e+00  
  3.349504717199e-07  ,2.524024153671e+00  
  3.350504724813e-07  ,2.513489363422e+00  
  3.351504732428e-07  ,2.503060668966e+00  
  3.352504740042e-07  ,2.492740274882e+00  
  3.353504747657e-07  ,2.482530341806e+00  
  3.354504755271e-07  ,2.472433011331e+00  
  3.355504762886e-07  ,2.462450380834e+00  
  3.356504770500e-07  ,2.452584526600e+00  
  3.357504778115e-07  ,2.442837480561e+00  
  3.358504785729e-07  ,2.433211252067e+00  
  3.359504793344e-07  ,2.423707804614e+00  
  3.360504800958e-07  ,2.414329078895e+00  
  3.361504808573e-07  ,2.405076968184e+00  
  3.362504816187e-07  ,2.395953342210e+00  
  3.363504823801e-07  ,2.386960022131e+00  
  3.364504831416e-07  ,2.378098804528e+00  
  3.365504839030e-07  ,2.369371436826e+00  
  3.366504846645e-07  ,2.360779640796e+00  
  3.367504854259e-07  ,2.352325087798e+00  
  3.368504861874e-07  ,2.344009423213e+00  
  3.369504869488e-07  ,2.335834240960e+00  
  3.370504877103e-07  ,2.327801108002e+00  
  3.371504884717e-07  ,2.319911539042e+00  
  3.372504892332e-07  ,2.312167021431e+00  
  3.373504899946e-07  ,2.304568988814e+00  
  3.374504907561e-07  ,2.297118847540e+00  
  3.375504915175e-07  ,2.289817948901e+00  
  3.376504922790e-07  ,2.282667616444e+00  
  3.377504930404e-07  ,2.275669117864e+00  
  3.378504938019e-07  ,2.268823692923e+00  
  3.379504945633e-07  ,2.262132524183e+00  
  3.380504953248e-07  ,2.255596766283e+00  
  3.381504960862e-07  ,2.249217515638e+00  
  3.382504968477e-07  ,2.242995840596e+00  
  3.383504976091e-07  ,2.236932750461e+00  
  3.384504983706e-07  ,2.231029225995e+00  
  3.385504991320e-07  ,2.225286188665e+00  
  3.386504998935e-07  ,2.219704530590e+00  
  3.387505006549e-07  ,2.214285084526e+00  
  3.388505014164e-07  ,2.209028653036e+00  
  3.389505021778e-07  ,2.203935979606e+00  
  3.390505029393e-07  ,2.199007776322e+00  
  3.391505037007e-07  ,2.194244696637e+00  
  3.392505044622e-07  ,2.189647361849e+00  
  3.393505052236e-07  ,2.185216334298e+00  
  3.394505059851e-07  ,2.180952144560e+00  
  3.395505067465e-07  ,2.176855262955e+00  
  3.396505075080e-07  ,2.172926128752e+00  
  3.397505082694e-07  ,2.169165120430e+00  
  3.398505090309e-07  ,2.165572585199e+00  
  3.399505097923e-07  ,2.162148809400e+00  
  3.400505105538e-07  ,2.158894048198e+00  
  3.401505113152e-07  ,2.155808495741e+00  
  3.402505120767e-07  ,2.152892314300e+00  
  3.403505128381e-07  ,2.150145606239e+00  
  3.404505135996e-07  ,2.147568441241e+00  
  3.405505143610e-07  ,2.145160829322e+00  
  3.406505151225e-07  ,2.142922747917e+00  
  3.407505158839e-07  ,2.140854114636e+00  
  3.408505166454e-07  ,2.138954815083e+00  
  3.409505174068e-07  ,2.137224674758e+00  
  3.410505181683e-07  ,2.135663487232e+00  
  3.411505189297e-07  ,2.134270986469e+00  
  3.412505196912e-07  ,2.133046874720e+00  
  3.413505204526e-07  ,2.131990794471e+00  
  3.414505212141e-07  ,2.131102357004e+00  
  3.415505219755e-07  ,2.130381114171e+00  
  3.416505227370e-07  ,2.129826586760e+00  
  3.417505234984e-07  ,2.129438236427e+00  
  3.418505242599e-07  ,2.129215494360e+00  
  3.419505250213e-07  ,2.129157732911e+00  
  3.420505257828e-07  ,2.129264293961e+00  
  3.421505265442e-07  ,2.129534461507e+00  
  3.422505273057e-07  ,2.129967489312e+00  
  3.423505280671e-07  ,2.130562573469e+00  
  3.424505288286e-07  ,2.131318881107e+00  
  3.425505295900e-07  ,2.132235521105e+00  
  3.426505303515e-07  ,2.133311574747e+00  
  3.427505311129e-07  ,2.134546065404e+00  
  3.428505318744e-07  ,2.135937989261e+00  
  3.429505326358e-07  ,2.137486285391e+00  
  3.430505333973e-07  ,2.139189866394e+00  
  3.431505341587e-07  ,2.141047587985e+00  
  3.432505349202e-07  ,2.143058280530e+00  
  3.433505356816e-07  ,2.145220718169e+00  
  3.434505364431e-07  ,2.147533650187e+00  
  3.435505372045e-07  ,2.149995770253e+00  
  3.436505379660e-07  ,2.152605748599e+00  
  3.437505387274e-07  ,2.155362200025e+00  
  3.438505394888e-07  ,2.158263716615e+00  
  3.439505402503e-07  ,2.161308836668e+00  
  3.440505410117e-07  ,2.164496075503e+00  
  3.441505417732e-07  ,2.167823896435e+00  
  3.442505425346e-07  ,2.171290740185e+00  
  3.443505432961e-07  ,2.174894996456e+00  
  3.444505440575e-07  ,2.178635033499e+00  
  3.445505448190e-07  ,2.182509169282e+00  
  3.446505455804e-07  ,2.186515701264e+00  
  3.447505463419e-07  ,2.190652877674e+00  
  3.448505471033e-07  ,2.194918927375e+00  
  3.449505478648e-07  ,2.199312030772e+00  
  3.450505486262e-07  ,2.203830350086e+00  
  3.451505493877e-07  ,2.208471999968e+00  
  3.452505501491e-07  ,2.213235078429e+00  
  3.453505509106e-07  ,2.218117636326e+00  
  3.454505516720e-07  ,2.223117709220e+00  
  3.455505524335e-07  ,2.228233287282e+00  
  3.456505531949e-07  ,2.233462345326e+00  
  3.457505539564e-07  ,2.238802815053e+00  
  3.458505547178e-07  ,2.244252613373e+00  
  3.459505554793e-07  ,2.249809614999e+00  
  3.460505562407e-07  ,2.255471682038e+00  
  3.461505570022e-07  ,2.261236634775e+00  
  3.462505577636e-07  ,2.267102282303e+00  
  3.463505585251e-07  ,2.273066393053e+00  
  3.464505592865e-07  ,2.279126726072e+00  
  3.465505600480e-07  ,2.285281000312e+00  
  3.466505608094e-07  ,2.291526926667e+00  
  3.467505615709e-07  ,2.297862177964e+00  
  3.468505623323e-07  ,2.304284419425e+00  
  3.469505630938e-07  ,2.310791280016e+00  
  3.470505638552e-07  ,2.317380382130e+00  
  3.471505646167e-07  ,2.324049313465e+00  
  3.472505653781e-07  ,2.330795656326e+00  
  3.473505661396e-07  ,2.337616960015e+00  
  3.474505669010e-07  ,2.344510769078e+00  
  3.475505676625e-07  ,2.351474597332e+00  
  3.476505684239e-07  ,2.358505954689e+00  
  3.477505691854e-07  ,2.365602321577e+00  
  3.478505699468e-07  ,2.372761176567e+00  
  3.479505707083e-07  ,2.379979969352e+00  
  3.480505714697e-07  ,2.387256149880e+00  
  3.481505722312e-07  ,2.394587140230e+00  
  3.482505729926e-07  ,2.401970364420e+00  
  3.483505737541e-07  ,2.409403219421e+00  
  3.484505745155e-07  ,2.416883106848e+00  
  3.485505752770e-07  ,2.424407400995e+00  
  3.486505760384e-07  ,2.431973484121e+00  
  3.487505767999e-07  ,2.439578710949e+00  
  3.488505775613e-07  ,2.447220446622e+00  
  3.489505783228e-07  ,2.454896029947e+00  
  3.490505790842e-07  ,2.462602811620e+00  
  3.491505798457e-07  ,2.470338117418e+00  
  3.492505806071e-07  ,2.478099286393e+00  
  3.493505813686e-07  ,2.485883634643e+00  
  3.494505821300e-07  ,2.493688492102e+00  
  3.495505828915e-07  ,2.501511168228e+00  
  3.496505836529e-07  ,2.509348987137e+00  
  3.497505844144e-07  ,2.517199254079e+00  
  3.498505851758e-07  ,2.525059290648e+00  
  3.499505859373e-07  ,2.532926400899e+00  
  3.500505866987e-07  ,2.540797906424e+00  
  3.501505874602e-07  ,2.548671113583e+00  
  3.502505882216e-07  ,2.556543346407e+00  
  3.503505889831e-07  ,2.564411916819e+00  
  3.504505897445e-07  ,2.572274154409e+00  
  3.505505905060e-07  ,2.580127378772e+00  
  3.506505912674e-07  ,2.587968929101e+00  
  3.507505920289e-07  ,2.595796134863e+00  
  3.508505927903e-07  ,2.603606347637e+00  
  3.509505935518e-07  ,2.611396910460e+00  
  3.510505943132e-07  ,2.619165189449e+00  
  3.511505950746e-07  ,2.626908544081e+00  
  3.512505958361e-07  ,2.634624358537e+00  
  3.513505965975e-07  ,2.642310011259e+00  
  3.514505973590e-07  ,2.649962907020e+00  
  3.515505981204e-07  ,2.657580446271e+00  
  3.516505988819e-07  ,2.665160057550e+00  
  3.517505996433e-07  ,2.672699165739e+00  
  3.518506004048e-07  ,2.680195225961e+00  
  3.519506011662e-07  ,2.687645690553e+00  
  3.520506019277e-07  ,2.695048043503e+00  
  3.521506026891e-07  ,2.702399767927e+00  
  3.522506034506e-07  ,2.709698379178e+00  
  3.523506042120e-07  ,2.716941393459e+00  
  3.524506049735e-07  ,2.724126360890e+00  
  3.525506057349e-07  ,2.731250832836e+00  
  3.526506064964e-07  ,2.738312397170e+00  
  3.527506072578e-07  ,2.745308642942e+00  
  3.528506080193e-07  ,2.752237198158e+00  
  3.529506087807e-07  ,2.759095692565e+00  
  3.530506095422e-07  ,2.765881796449e+00  
  3.531506103036e-07  ,2.772593182916e+00  
  3.532506110651e-07  ,2.779227567270e+00  
  3.533506118265e-07  ,2.785782668172e+00  
  3.534506125880e-07  ,2.792256248306e+00  
  3.535506133494e-07  ,2.798646074565e+00  
  3.536506141109e-07  ,2.804949959311e+00  
  3.537506148723e-07  ,2.811165720105e+00  
  3.538506156338e-07  ,2.817291221026e+00  
  3.539506163952e-07  ,2.823324333039e+00  
  3.540506171567e-07  ,2.829262974035e+00  
  3.541506179181e-07  ,2.835105070318e+00  
  3.542506186796e-07  ,2.840848596397e+00  
  3.543506194410e-07  ,2.846491535498e+00  
  3.544506202025e-07  ,2.852031921305e+00  
  3.545506209639e-07  ,2.857467795926e+00  
  3.546506217254e-07  ,2.862797254243e+00  
  3.547506224868e-07  ,2.868018399649e+00  
  3.548506232483e-07  ,2.873129389584e+00  
  3.549506240097e-07  ,2.878128391159e+00  
  3.550506247712e-07  ,2.883013626265e+00  
  3.551506255326e-07  ,2.887783327682e+00  
  3.552506262941e-07  ,2.892435783175e+00  
  3.553506270555e-07  ,2.896969293773e+00  
  3.554506278170e-07  ,2.901382214281e+00  
  3.555506285784e-07  ,2.905672915768e+00  
  3.556506293399e-07  ,2.909839822183e+00  
  3.557506301013e-07  ,2.913881375770e+00  
  3.558506308628e-07  ,2.917796072177e+00  
  3.559506316242e-07  ,2.921582425227e+00  
  3.560506323857e-07  ,2.925239004268e+00  
  3.561506331471e-07  ,2.928764396922e+00  
  3.562506339086e-07  ,2.932157246559e+00  
  3.563506346700e-07  ,2.935416216804e+00  
  3.564506354315e-07  ,2.938540026260e+00  
  3.565506361929e-07  ,2.941527415536e+00  
  3.566506369544e-07  ,2.944377180510e+00  
  3.567506377158e-07  ,2.947088139224e+00  
  3.568506384773e-07  ,2.949659166506e+00  
  3.569506392387e-07  ,2.952089158809e+00  
  3.570506400002e-07  ,2.954377071245e+00  
  3.571506407616e-07  ,2.956521879686e+00  
  3.572506415231e-07  ,2.958522620160e+00  
  3.573506422845e-07  ,2.960378349739e+00  
  3.574506430460e-07  ,2.962088185520e+00  
  3.575506438074e-07  ,2.963651267033e+00  
  3.576506445689e-07  ,2.965066793617e+00  
  3.577506453303e-07  ,2.966333987389e+00  
  3.578506460918e-07  ,2.967452131119e+00  
  3.579506468532e-07  ,2.968420530137e+00  
  3.580506476147e-07  ,2.969238551419e+00  
  3.581506483761e-07  ,2.969905583682e+00  
  3.582506491376e-07  ,2.970421079410e+00  
  3.583506498990e-07  ,2.970784510915e+00  
  3.584506506605e-07  ,2.970995416063e+00  
  3.585506514219e-07  ,2.971053352324e+00  
  3.586506521833e-07  ,2.970957942384e+00  
  3.587506529448e-07  ,2.970708829854e+00  
  3.588506537062e-07  ,2.970305722005e+00  
  3.589506544677e-07  ,2.969748349062e+00  
  3.590506552291e-07  ,2.969036503449e+00  
  3.591506559906e-07  ,2.968170001630e+00  
  3.592506567520e-07  ,2.967148721470e+00  
  3.593506575135e-07  ,2.965972565533e+00  
  3.594506582749e-07  ,2.964641497665e+00  
  3.595506590364e-07  ,2.963155506103e+00  
  3.596506597978e-07  ,2.961514640471e+00  
  3.597506605593e-07  ,2.959718974842e+00  
  3.598506613207e-07  ,2.957768644615e+00  
  3.599506620822e-07  ,2.955663808624e+00  
  3.600506628436e-07  ,2.953404688667e+00  
  3.601506636051e-07  ,2.950991527993e+00  
  3.602506643665e-07  ,2.948424633390e+00  
  3.603506651280e-07  ,2.945704333410e+00  
  3.604506658894e-07  ,2.942831018931e+00  
  3.605506666509e-07  ,2.939805102661e+00  
  3.606506674123e-07  ,2.936627059995e+00  
  3.607506681738e-07  ,2.933297386788e+00  
  3.608506689352e-07  ,2.929816641762e+00  
  3.609506696967e-07  ,2.926185404311e+00  
  3.610506704581e-07  ,2.922404315191e+00  
  3.611506712196e-07  ,2.918474035997e+00  
  3.612506719810e-07  ,2.914395289966e+00  
  3.613506727425e-07  ,2.910168819031e+00  
  3.614506735039e-07  ,2.905795428082e+00  
  3.615506742654e-07  ,2.901275939189e+00  
  3.616506750268e-07  ,2.896611236887e+00  
  3.617506757883e-07  ,2.891802222959e+00  
  3.618506765497e-07  ,2.886849860504e+00  
  3.619506773112e-07  ,2.881755129652e+00  
  3.620506780726e-07  ,2.876519070996e+00  
  3.621506788341e-07  ,2.871142742090e+00  
  3.622506795955e-07  ,2.865627259045e+00  
  3.623506803570e-07  ,2.859973756054e+00  
  3.624506811184e-07  ,2.854183423955e+00  
  3.625506818799e-07  ,2.848257471006e+00  
  3.626506826413e-07  ,2.842197162045e+00  
  3.627506834028e-07  ,2.836003777964e+00  
  3.628506841642e-07  ,2.829678656092e+00  
  3.629506849257e-07  ,2.823223148270e+00  
  3.630506856871e-07  ,2.816638662715e+00  
  3.631506864486e-07  ,2.809926621006e+00  
  3.632506872100e-07  ,2.803088499917e+00  
  3.633506879715e-07  ,2.796125789804e+00  
  3.634506887329e-07  ,2.789040033984e+00  
  3.635506894944e-07  ,2.781832789494e+00  
  3.636506902558e-07  ,2.774505664904e+00  
  3.637506910173e-07  ,2.767060282193e+00  
  3.638506917787e-07  ,2.759498312798e+00  
  3.639506925402e-07  ,2.751821442064e+00  
  3.640506933016e-07  ,2.744031402348e+00  
  3.641506940631e-07  ,2.736129940255e+00  
  3.642506948245e-07  ,2.728118847465e+00  
  3.643506955860e-07  ,2.719999929511e+00  
  3.644506963474e-07  ,2.711775035336e+00  
  3.645506971089e-07  ,2.703446027135e+00  
  3.646506978703e-07  ,2.695014809721e+00  
  3.647506986318e-07  ,2.686483299208e+00  
  3.648506993932e-07  ,2.677853454151e+00  
  3.649507001547e-07  ,2.669127242376e+00  
  3.650507009161e-07  ,2.660306674231e+00  
  3.651507016776e-07  ,2.651393767033e+00  
  3.652507024390e-07  ,2.642390579983e+00  
  3.653507032005e-07  ,2.633299178423e+00  
  3.654507039619e-07  ,2.624121667577e+00  
  3.655507047234e-07  ,2.614860158616e+00  
  3.656507054848e-07  ,2.605516800480e+00  
  3.657507062463e-07  ,2.596093747531e+00  
  3.658507070077e-07  ,2.586593190384e+00  
  3.659507077692e-07  ,2.577017323676e+00  
  3.660507085306e-07  ,2.567368377709e+00  
  3.661507092920e-07  ,2.557648584648e+00  
  3.662507100535e-07  ,2.547860211984e+00  
  3.663507108149e-07  ,2.538005526937e+00  
  3.664507115764e-07  ,2.528086831863e+00  
  3.665507123378e-07  ,2.518106426024e+00  
  3.666507130993e-07  ,2.508066644291e+00  
  3.667507138607e-07  ,2.497969815756e+00  
  3.668507146222e-07  ,2.487818304601e+00  
  3.669507153836e-07  ,2.477614467465e+00  
  3.670507161451e-07  ,2.467360695193e+00  
  3.671507169065e-07  ,2.457059369108e+00  
  3.672507176680e-07  ,2.446712904383e+00  
  3.673507184294e-07  ,2.436323704406e+00  
  3.674507191909e-07  ,2.425894205389e+00  
  3.675507199523e-07  ,2.415426830899e+00  
  3.676507207138e-07  ,2.404924034899e+00  
  3.677507214752e-07  ,2.394388258686e+00  
  3.678507222367e-07  ,2.383821971393e+00  
  3.679507229981e-07  ,2.373227628985e+00  
  3.680507237596e-07  ,2.362607713327e+00  
  3.681507245210e-07  ,2.351964692083e+00  
  3.682507252825e-07  ,2.341301057445e+00  
  3.683507260439e-07  ,2.330619285752e+00  
  3.684507268054e-07  ,2.319921876691e+00  
  3.685507275668e-07  ,2.309211313085e+00  
  3.686507283283e-07  ,2.298490098926e+00  
  3.687507290897e-07  ,2.287760720484e+00  
  3.688507298512e-07  ,2.277025684132e+00  
  3.689507306126e-07  ,2.266287476266e+00  
  3.690507313741e-07  ,2.255548602815e+00  
  3.691507321355e-07  ,2.244811548000e+00  
  3.692507328970e-07  ,2.234078814176e+00  
  3.693507336584e-07  ,2.223352881035e+00  
  3.694507344199e-07  ,2.212636244212e+00  
  3.695507351813e-07  ,2.201931376363e+00  
  3.696507359428e-07  ,2.191240763811e+00  
  3.697507367042e-07  ,2.180566868952e+00  
  3.698507374657e-07  ,2.169912166853e+00  
  3.699507382271e-07  ,2.159279106325e+00  
  3.700507389886e-07  ,2.148670148840e+00  
  3.701507397500e-07  ,2.138087726859e+00  
  3.702507405115e-07  ,2.127534285229e+00  
  3.703507412729e-07  ,2.117012237971e+00  
  3.704507420344e-07  ,2.106524010542e+00  
  3.705507427958e-07  ,2.096071995560e+00  
  3.706507435573e-07  ,2.085658596645e+00  
  3.707507443187e-07  ,2.075286182662e+00  
  3.708507450802e-07  ,2.064957132329e+00  
  3.709507458416e-07  ,2.054673788496e+00  
  3.710507466031e-07  ,2.044438502513e+00  
  3.711507473645e-07  ,2.034253588343e+00  
  3.712507481260e-07  ,2.024121367709e+00  
  3.713507488874e-07  ,2.014044122969e+00  
  3.714507496489e-07  ,2.004024143744e+00  
  3.715507504103e-07  ,1.994063678794e+00  
  3.716507511718e-07  ,1.984164982578e+00  
  3.717507519332e-07  ,1.974330267759e+00  
  3.718507526947e-07  ,1.964561751971e+00  
  3.719507534561e-07  ,1.954861608802e+00  
  3.720507542176e-07  ,1.945232016764e+00  
  3.721507549790e-07  ,1.935675108145e+00  
  3.722507557405e-07  ,1.926193020050e+00  
  3.723507565019e-07  ,1.916787840997e+00  
  3.724507572634e-07  ,1.907461664419e+00  
  3.725507580248e-07  ,1.898216533064e+00  
  3.726507587863e-07  ,1.889054494519e+00  
  3.727507595477e-07  ,1.879977543298e+00  
  3.728507603092e-07  ,1.870987678601e+00  
  3.729507610706e-07  ,1.862086845626e+00  
  3.730507618321e-07  ,1.853276992428e+00  
  3.731507625935e-07  ,1.844560012629e+00  
  3.732507633550e-07  ,1.835937801575e+00  
  3.733507641164e-07  ,1.827412199003e+00  
  3.734507648779e-07  ,1.818985045655e+00  
  3.735507656393e-07  ,1.810658125438e+00  
  3.736507664007e-07  ,1.802433222527e+00  
  3.737507671622e-07  ,1.794312063156e+00  
  3.738507679236e-07  ,1.786296373011e+00  
  3.739507686851e-07  ,1.778387818817e+00  
  3.740507694465e-07  ,1.770588066213e+00  
  3.741507702080e-07  ,1.762898720473e+00  
  3.742507709694e-07  ,1.755321385360e+00  
  3.743507717309e-07  ,1.747857602917e+00  
  3.744507724923e-07  ,1.740508914024e+00  
  3.745507732538e-07  ,1.733276795585e+00  
  3.746507740152e-07  ,1.726162723282e+00  
  3.747507747767e-07  ,1.719168108155e+00  
  3.748507755381e-07  ,1.712294359236e+00  
  3.749507762996e-07  ,1.705542819991e+00  
  3.750507770610e-07  ,1.698914830947e+00  
  3.751507778225e-07  ,1.692411667336e+00  
  3.752507785839e-07  ,1.686034599570e+00  
  3.753507793454e-07  ,1.679784832951e+00  
  3.754507801068e-07  ,1.673663567198e+00  
  3.755507808683e-07  ,1.667671935891e+00  
  3.756507816297e-07  ,1.661811067130e+00  
  3.757507823912e-07  ,1.656082021554e+00  
  3.758507831526e-07  ,1.650485854473e+00  
  3.759507839141e-07  ,1.645023552580e+00  
  3.760507846755e-07  ,1.639696097435e+00  
  3.761507854370e-07  ,1.634504400646e+00  
  3.762507861984e-07  ,1.629449369152e+00  
  3.763507869599e-07  ,1.624531838768e+00  
  3.764507877213e-07  ,1.619752640248e+00  
  3.765507884828e-07  ,1.615112533783e+00  
  3.766507892442e-07  ,1.610612272671e+00  
  3.767507900057e-07  ,1.606252540398e+00  
  3.768507907671e-07  ,1.602034012770e+00  
  3.769507915286e-07  ,1.597957295478e+00  
  3.770507922900e-07  ,1.594022986435e+00  
  3.771507930515e-07  ,1.590231612816e+00  
  3.772507938129e-07  ,1.586583694276e+00  
  3.773507945744e-07  ,1.583079678957e+00  
  3.774507953358e-07  ,1.579720007637e+00  
  3.775507960973e-07  ,1.576505049536e+00  
  3.776507968587e-07  ,1.573435165651e+00  
  3.777507976202e-07  ,1.570510645888e+00  
  3.778507983816e-07  ,1.567731772013e+00  
  3.779507991431e-07  ,1.565098753851e+00  
  3.780507999045e-07  ,1.562611793456e+00  
  3.781508006660e-07  ,1.560271021233e+00  
  3.782508014274e-07  ,1.558076558739e+00  
  3.783508021889e-07  ,1.556028457101e+00  
  3.784508029503e-07  ,1.554126757930e+00  
  3.785508037118e-07  ,1.552371432376e+00  
  3.786508044732e-07  ,1.550762442411e+00  
  3.787508052347e-07  ,1.549299679610e+00  
  3.788508059961e-07  ,1.547983026297e+00  
  3.789508067576e-07  ,1.546812294560e+00  
  3.790508075190e-07  ,1.545787287590e+00  
  3.791508082805e-07  ,1.544907738218e+00  
  3.792508090419e-07  ,1.544173370837e+00  
  3.793508098034e-07  ,1.543583839405e+00  
  3.794508105648e-07  ,1.543138789822e+00  
  3.795508113263e-07  ,1.542837798066e+00  
  3.796508120877e-07  ,1.542680431478e+00  
  3.797508128492e-07  ,1.542666189175e+00  
  3.798508136106e-07  ,1.542794560405e+00  
  3.799508143721e-07  ,1.543064967775e+00  
  3.800508151335e-07  ,1.543476823514e+00  
  3.801508158950e-07  ,1.544029474108e+00  
  3.802508166564e-07  ,1.544722255742e+00  
  3.803508174179e-07  ,1.545554439969e+00  
  3.804508181793e-07  ,1.546525287040e+00  
  3.805508189408e-07  ,1.547633994789e+00  
  3.806508197022e-07  ,1.548879748719e+00  
  3.807508204637e-07  ,1.550261673694e+00  
  3.808508212251e-07  ,1.551778881504e+00  
  3.809508219865e-07  ,1.553430425202e+00  
  3.810508227480e-07  ,1.555215343767e+00  
  3.811508235094e-07  ,1.557132619504e+00  
  3.812508242709e-07  ,1.559181220578e+00  
  3.813508250323e-07  ,1.561360058555e+00  
  3.814508257938e-07  ,1.563668032770e+00  
  3.815508265552e-07  ,1.566103985265e+00  
  3.816508273167e-07  ,1.568666747708e+00  
  3.817508280781e-07  ,1.571355094221e+00  
  3.818508288396e-07  ,1.574167789778e+00  
  3.819508296010e-07  ,1.577103542394e+00  
  3.820508303625e-07  ,1.580161051941e+00  
  3.821508311239e-07  ,1.583338961359e+00  
  3.822508318854e-07  ,1.586635907129e+00  
  3.823508326468e-07  ,1.590050468923e+00  
  3.824508334083e-07  ,1.593581221214e+00  
  3.825508341697e-07  ,1.597226682135e+00  
  3.826508349312e-07  ,1.600985365698e+00  
  3.827508356926e-07  ,1.604855730391e+00  
  3.828508364541e-07  ,1.608836231549e+00  
  3.829508372155e-07  ,1.612925269353e+00  
  3.830508379770e-07  ,1.617121242717e+00  
  3.831508387384e-07  ,1.621422495187e+00  
  3.832508394999e-07  ,1.625827370951e+00  
  3.833508402613e-07  ,1.630334159184e+00  
  3.834508410228e-07  ,1.634941150918e+00  
  3.835508417842e-07  ,1.639646583114e+00  
  3.836508425457e-07  ,1.644448695230e+00  
  3.837508433071e-07  ,1.649345674777e+00  
  3.838508440686e-07  ,1.654335710925e+00  
  3.839508448300e-07  ,1.659416943950e+00  
  3.840508455915e-07  ,1.664587515265e+00  
  3.841508463529e-07  ,1.669845519381e+00  
  3.842508471144e-07  ,1.675189052544e+00  
  3.843508478758e-07  ,1.680616165186e+00  
  3.844508486373e-07  ,1.686124911091e+00  
  3.845508493987e-07  ,1.691713298638e+00  
  3.846508501602e-07  ,1.697379340978e+00  
  3.847508509216e-07  ,1.703121007144e+00  
  3.848508516831e-07  ,1.708936271727e+00  
  3.849508524445e-07  ,1.714823066693e+00  
  3.850508532060e-07  ,1.720779330347e+00  
  3.851508539674e-07  ,1.726802959838e+00  
  3.852508547289e-07  ,1.732891859788e+00  
  3.853508554903e-07  ,1.739043894583e+00  
  3.854508562518e-07  ,1.745256937644e+00  
  3.855508570132e-07  ,1.751528822967e+00  
  3.856508577747e-07  ,1.757857395189e+00  
  3.857508585361e-07  ,1.764240460250e+00  
  3.858508592976e-07  ,1.770675836408e+00  
  3.859508600590e-07  ,1.777161304150e+00  
  3.860508608205e-07  ,1.783694657632e+00  
  3.861508615819e-07  ,1.790273654632e+00  
  3.862508623434e-07  ,1.796896067130e+00  
  3.863508631048e-07  ,1.803559633145e+00  
  3.864508638663e-07  ,1.810262104893e+00  
  3.865508646277e-07  ,1.817001202912e+00  
  3.866508653892e-07  ,1.823774662610e+00  
  3.867508661506e-07  ,1.830580188981e+00  
  3.868508669121e-07  ,1.837415503448e+00  
  3.869508676735e-07  ,1.844278298137e+00  
  3.870508684350e-07  ,1.851166282702e+00  
  3.871508691964e-07  ,1.858077139410e+00  
  3.872508699579e-07  ,1.865008568026e+00  
  3.873508707193e-07  ,1.871958243805e+00  
  3.874508714808e-07  ,1.878923859621e+00  
  3.875508722422e-07  ,1.885903085482e+00  
  3.876508730037e-07  ,1.892893610564e+00  
  3.877508737651e-07  ,1.899893101894e+00  
  3.878508745266e-07  ,1.906899247251e+00  
  3.879508752880e-07  ,1.913909713834e+00  
  3.880508760495e-07  ,1.920922190274e+00  
  3.881508768109e-07  ,1.927934346190e+00  
  3.882508775724e-07  ,1.934943874085e+00  
  3.883508783338e-07  ,1.941948448391e+00  
  3.884508790952e-07  ,1.948945767781e+00  
  3.885508798567e-07  ,1.955933514365e+00  
  3.886508806181e-07  ,1.962909395472e+00  
  3.887508813796e-07  ,1.969871103165e+00  
  3.888508821410e-07  ,1.976816355927e+00  
  3.889508829025e-07  ,1.983742858700e+00  
  3.890508836639e-07  ,1.990648343431e+00  
  3.891508844254e-07  ,1.997530530123e+00  
  3.892508851868e-07  ,2.004387166919e+00  
  3.893508859483e-07  ,2.011215991450e+00  
  3.894508867097e-07  ,2.018014770408e+00  
  3.895508874712e-07  ,2.024781261194e+00  
  3.896508882326e-07  ,2.031513252074e+00  
  3.897508889941e-07  ,2.038208522231e+00  
  3.898508897555e-07  ,2.044864883945e+00  
  3.899508905170e-07  ,2.051480140808e+00  
  3.900508912784e-07  ,2.058052130926e+00  
  3.901508920399e-07  ,2.064578685558e+00  
  3.902508928013e-07  ,2.071057670202e+00  
  3.903508935628e-07  ,2.077486946148e+00  
  3.904508943242e-07  ,2.083864409249e+00  
  3.905508950857e-07  ,2.090187952505e+00  
  3.906508958471e-07  ,2.096455504568e+00  
  3.907508966086e-07  ,2.102664992375e+00  
  3.908508973700e-07  ,2.108814379776e+00  
  3.909508981315e-07  ,2.114901629528e+00  
  3.910508988929e-07  ,2.120924743197e+00  
  3.911508996544e-07  ,2.126881721538e+00  
  3.912509004158e-07  ,2.132770605599e+00  
  3.913509011773e-07  ,2.138589436657e+00  
  3.914509019387e-07  ,2.144336296962e+00  
  3.915509027002e-07  ,2.150009270849e+00  
  3.916509034616e-07  ,2.155606483460e+00  
  3.917509042231e-07  ,2.161126064452e+00  
  3.918509049845e-07  ,2.166566183610e+00  
  3.919509057460e-07  ,2.171925017955e+00  
  3.920509065074e-07  ,2.177200784221e+00  
  3.921509072689e-07  ,2.182391708065e+00  
  3.922509080303e-07  ,2.187496055540e+00  
  3.923509087918e-07  ,2.192512102773e+00  
  3.924509095532e-07  ,2.197438166877e+00  
  3.925509103147e-07  ,2.202272576033e+00  
  3.926509110761e-07  ,2.207013700568e+00  
  3.927509118376e-07  ,2.211659922261e+00  
  3.928509125990e-07  ,2.216209666384e+00  
  3.929509133605e-07  ,2.220661370154e+00  
  3.930509141219e-07  ,2.225013515090e+00  
  3.931509148834e-07  ,2.229264595793e+00  
  3.932509156448e-07  ,2.233413151545e+00  
  3.933509164063e-07  ,2.237457735668e+00  
  3.934509171677e-07  ,2.241396947174e+00  
  3.935509179292e-07  ,2.245229399215e+00  
  3.936509186906e-07  ,2.248953751926e+00  
  3.937509194521e-07  ,2.252568680079e+00  
  3.938509202135e-07  ,2.256072906020e+00  
  3.939509209750e-07  ,2.259465167691e+00  
  3.940509217364e-07  ,2.262744250771e+00  
  3.941509224979e-07  ,2.265908957802e+00  
  3.942509232593e-07  ,2.268958138942e+00  
  3.943509240208e-07  ,2.271890662398e+00  
  3.944509247822e-07  ,2.274705444579e+00  
  3.945509255437e-07  ,2.277401419701e+00  
  3.946509263051e-07  ,2.279977571968e+00  
  3.947509270666e-07  ,2.282432902682e+00  
  3.948509278280e-07  ,2.284766464565e+00  
  3.949509285895e-07  ,2.286977327270e+00  
  3.950509293509e-07  ,2.289064612991e+00  
  3.951509301124e-07  ,2.291027460538e+00  
  3.952509308738e-07  ,2.292865062161e+00  
  3.953509316353e-07  ,2.294576627121e+00  
  3.954509323967e-07  ,2.296161418447e+00  
  3.955509331582e-07  ,2.297618716333e+00  
  3.956509339196e-07  ,2.298947855305e+00  
  3.957509346811e-07  ,2.300148187574e+00  
  3.958509354425e-07  ,2.301219119362e+00  
  3.959509362039e-07  ,2.302160075723e+00  
  3.960509369654e-07  ,2.302970534972e+00  
  3.961509377268e-07  ,2.303649995353e+00  
  3.962509384883e-07  ,2.304198008290e+00  
  3.963509392497e-07  ,2.304614145557e+00  
  3.964509400112e-07  ,2.304898031202e+00  
  3.965509407726e-07  ,2.305049311930e+00  
  3.966509415341e-07  ,2.305067684445e+00  
  3.967509422955e-07  ,2.304952869952e+00  
  3.968509430570e-07  ,2.304704639113e+00  
  3.969509438184e-07  ,2.304322787215e+00  
  3.970509445799e-07  ,2.303807159003e+00  
  3.971509453413e-07  ,2.303157624129e+00  
  3.972509461028e-07  ,2.302374101395e+00  
  3.973509468642e-07  ,2.301456534684e+00  
  3.974509476257e-07  ,2.300404917229e+00  
  3.975509483871e-07  ,2.299219266958e+00  
  3.976509491486e-07  ,2.297899651293e+00  
  3.977509499100e-07  ,2.296446161720e+00  
  3.978509506715e-07  ,2.294858940338e+00  
  3.979509514329e-07  ,2.293138151882e+00  
  3.980509521944e-07  ,2.291284012466e+00  
  3.981509529558e-07  ,2.289296760033e+00  
  3.982509537173e-07  ,2.287176684313e+00  
  3.983509544787e-07  ,2.284924096030e+00  
  3.984509552402e-07  ,2.282539358084e+00  
  3.985509560016e-07  ,2.280022853928e+00  
  3.986509567631e-07  ,2.277375018403e+00  
  3.987509575245e-07  ,2.274596307636e+00  
  3.988509582860e-07  ,2.271687228052e+00  
  3.989509590474e-07  ,2.268648307088e+00  
  3.990509598089e-07  ,2.265480122511e+00  
  3.991509605703e-07  ,2.262183272823e+00  
  3.992509613318e-07  ,2.258758405622e+00  
  3.993509620932e-07  ,2.255206189777e+00  
  3.994509628547e-07  ,2.251527342706e+00  
  3.995509636161e-07  ,2.247722601918e+00  
  3.996509643776e-07  ,2.243792754173e+00  
  3.997509651390e-07  ,2.239738604576e+00  
  3.998509659005e-07  ,2.235561008360e+00  
  3.999509666619e-07  ,2.231260837080e+00  
  4.000509674234e-07  ,2.226839013555e+00  
  4.001509681848e-07  ,2.222296474815e+00  
  4.002509689463e-07  ,2.217634209615e+00  
  4.003509697077e-07  ,2.212853220151e+00  
  4.004509704692e-07  ,2.207954559203e+00  
  4.005509712306e-07  ,2.202939293359e+00  
  4.006509719921e-07  ,2.197808538144e+00  
  4.007509727535e-07  ,2.192563422843e+00  
  4.008509735150e-07  ,2.187205124994e+00  
  4.009509742764e-07  ,2.181734834832e+00  
  4.010509750379e-07  ,2.176153790723e+00  
  4.011509757993e-07  ,2.170463242495e+00  
  4.012509765608e-07  ,2.164664487403e+00  
  4.013509773222e-07  ,2.158758834153e+00  
  4.014509780837e-07  ,2.152747636880e+00  
  4.015509788451e-07  ,2.146632261843e+00  
  4.016509796066e-07  ,2.140414118232e+00  
  4.017509803680e-07  ,2.134094628542e+00  
  4.018509811295e-07  ,2.127675255403e+00  
  4.019509818909e-07  ,2.121157475382e+00  
  4.020509826524e-07  ,2.114542803825e+00  
  4.021509834138e-07  ,2.107832768702e+00  
  4.022509841753e-07  ,2.101028936719e+00  
  4.023509849367e-07  ,2.094132885852e+00  
  4.024509856982e-07  ,2.087146231683e+00  
  4.025509864596e-07  ,2.080070600913e+00  
  4.026509872211e-07  ,2.072907655791e+00  
  4.027509879825e-07  ,2.065659070064e+00  
  4.028509887440e-07  ,2.058326551089e+00  
  4.029509895054e-07  ,2.050911817021e+00  
  4.030509902669e-07  ,2.043416618837e+00  
  4.031509910283e-07  ,2.035842717117e+00  
  4.032509917897e-07  ,2.028191904395e+00  
  4.033509925512e-07  ,2.020465981713e+00  
  4.034509933126e-07  ,2.012666781202e+00  
  4.035509940741e-07  ,2.004796142143e+00  
  4.036509948355e-07  ,1.996855934379e+00  
  4.037509955970e-07  ,1.988848033195e+00  
  4.038509963584e-07  ,1.980774344034e+00  
  4.039509971199e-07  ,1.972636776325e+00  
  4.040509978813e-07  ,1.964437268780e+00  
  4.041509986428e-07  ,1.956177762705e+00  
  4.042509994042e-07  ,1.947860228029e+00  
  4.043510001657e-07  ,1.939486635875e+00  
  4.044510009271e-07  ,1.931058984972e+00  
  4.045510016886e-07  ,1.922579274078e+00  
  4.046510024500e-07  ,1.914049528720e+00  
  4.047510032115e-07  ,1.905471772779e+00  
  4.048510039729e-07  ,1.896848056271e+00  
  4.049510047344e-07  ,1.888180426344e+00  
  4.050510054958e-07  ,1.879470954730e+00  
  4.051510062573e-07  ,1.870721709996e+00  
  4.052510070187e-07  ,1.861934782835e+00  
  4.053510077802e-07  ,1.853112261259e+00  
  4.054510085416e-07  ,1.844256252669e+00  
  4.055510093031e-07  ,1.835368861725e+00  
  4.056510100645e-07  ,1.826452210751e+00  
  4.057510108260e-07  ,1.817508418364e+00  
  4.058510115874e-07  ,1.808539619674e+00  
  4.059510123489e-07  ,1.799547944612e+00  
  4.060510131103e-07  ,1.790535539117e+00  
  4.061510138718e-07  ,1.781504541680e+00  
  4.062510146332e-07  ,1.772457106887e+00  
  4.063510153947e-07  ,1.763395379729e+00  
  4.064510161561e-07  ,1.754321520492e+00  
  4.065510169176e-07  ,1.745237678480e+00  
  4.066510176790e-07  ,1.736146017388e+00  
  4.067510184405e-07  ,1.727048688779e+00  
  4.068510192019e-07  ,1.717947856910e+00  
  4.069510199634e-07  ,1.708845673123e+00  
  4.070510207248e-07  ,1.699744300493e+00  
  4.071510214863e-07  ,1.690645887245e+00  
  4.072510222477e-07  ,1.681552592927e+00  
  4.073510230092e-07  ,1.672466560729e+00  
  4.074510237706e-07  ,1.663389943944e+00  
  4.075510245321e-07  ,1.654324878122e+00  
  4.076510252935e-07  ,1.645273508702e+00  
  4.077510260550e-07  ,1.636237960787e+00  
  4.078510268164e-07  ,1.627220369220e+00  
  4.079510275779e-07  ,1.618222847402e+00  
  4.080510283393e-07  ,1.609247516239e+00  
  4.081510291008e-07  ,1.600296475491e+00  
  4.082510298622e-07  ,1.591371830269e+00  
  4.083510306237e-07  ,1.582475663596e+00  
  4.084510313851e-07  ,1.573610062936e+00  
  4.085510321466e-07  ,1.564777092589e+00  
  4.086510329080e-07  ,1.555978819458e+00  
  4.087510336695e-07  ,1.547217287241e+00  
  4.088510344309e-07  ,1.538494540409e+00  
  4.089510351924e-07  ,1.529812599079e+00  
  4.090510359538e-07  ,1.521173483489e+00  
  4.091510367153e-07  ,1.512579188097e+00  
  4.092510374767e-07  ,1.504031706626e+00  
  4.093510382382e-07  ,1.495533005613e+00  
  4.094510389996e-07  ,1.487085050166e+00  
  4.095510397611e-07  ,1.478689776933e+00  
  4.096510405225e-07  ,1.470349120111e+00  
  4.097510412840e-07  ,1.462064984477e+00  
  4.098510420454e-07  ,1.453839271252e+00  
  4.099510428069e-07  ,1.445673851129e+00  
  4.100510435683e-07  ,1.437570590612e+00  
  4.101510443298e-07  ,1.429531324089e+00  
  4.102510450912e-07  ,1.421557881428e+00  
  4.103510458527e-07  ,1.413652058747e+00  
  4.104510466141e-07  ,1.405815647216e+00  
  4.105510473756e-07  ,1.398050402910e+00  
  4.106510481370e-07  ,1.390358076504e+00  
  4.107510488984e-07  ,1.382740381886e+00  
  4.108510496599e-07  ,1.375199027358e+00  
  4.109510504213e-07  ,1.367735683226e+00  
  4.110510511828e-07  ,1.360352013323e+00  
  4.111510519442e-07  ,1.353049642408e+00  
  4.112510527057e-07  ,1.345830188325e+00  
  4.113510534671e-07  ,1.338695228815e+00  
  4.114510542286e-07  ,1.331646333387e+00  
  4.115510549900e-07  ,1.324685031724e+00  
  4.116510557515e-07  ,1.317812843159e+00  
  4.117510565129e-07  ,1.311031247320e+00  
  4.118510572744e-07  ,1.304341712327e+00  
  4.119510580358e-07  ,1.297745666058e+00  
  4.120510587973e-07  ,1.291244523823e+00  
  4.121510595587e-07  ,1.284839659941e+00  
  4.122510603202e-07  ,1.278532436028e+00  
  4.123510610816e-07  ,1.272324171174e+00  
  4.124510618431e-07  ,1.266216171648e+00  
  4.125510626045e-07  ,1.260209700371e+00  
  4.126510633660e-07  ,1.254306006596e+00  
  4.127510641274e-07  ,1.248506295836e+00  
  4.128510648889e-07  ,1.242811759085e+00  
  4.129510656503e-07  ,1.237223543334e+00  
  4.130510664118e-07  ,1.231742780008e+00  
  4.131510671732e-07  ,1.226370555989e+00  
  4.132510679347e-07  ,1.221107942951e+00  
  4.133510686961e-07  ,1.215955965741e+00  
  4.134510694576e-07  ,1.210915635067e+00  
  4.135510702190e-07  ,1.205987913659e+00  
  4.136510709805e-07  ,1.201173749495e+00  
  4.137510717419e-07  ,1.196474042280e+00  
  4.138510725034e-07  ,1.191889676411e+00  
  4.139510732648e-07  ,1.187421487911e+00  
  4.140510740263e-07  ,1.183070296453e+00  
  4.141510747877e-07  ,1.178836873427e+00  
  4.142510755492e-07  ,1.174721973423e+00  
  4.143510763106e-07  ,1.170726302112e+00  
  4.144510770721e-07  ,1.166850548391e+00  
  4.145510778335e-07  ,1.163095351424e+00  
  4.146510785950e-07  ,1.159461333860e+00  
  4.147510793564e-07  ,1.155949067883e+00  
  4.148510801179e-07  ,1.152559109023e+00  
  4.149510808793e-07  ,1.149291962175e+00  
  4.150510816408e-07  ,1.146148115213e+00  
  4.151510824022e-07  ,1.143128005097e+00  
  4.152510831637e-07  ,1.140232051870e+00  
  4.153510839251e-07  ,1.137460624104e+00  
  4.154510846866e-07  ,1.134814073606e+00  
  4.155510854480e-07  ,1.132292700411e+00  
  4.156510862095e-07  ,1.129896787361e+00  
  4.157510869709e-07  ,1.127626566238e+00  
  4.158510877324e-07  ,1.125482250637e+00  
  4.159510884938e-07  ,1.123464003701e+00  
  4.160510892553e-07  ,1.121571969749e+00  
  4.161510900167e-07  ,1.119806243161e+00  
  4.162510907782e-07  ,1.118166899273e+00  
  4.163510915396e-07  ,1.116653963263e+00  
  4.164510923011e-07  ,1.115267441554e+00  
  4.165510930625e-07  ,1.114007290435e+00  
  4.166510938240e-07  ,1.112873447597e+00  
  4.167510945854e-07  ,1.111865800078e+00  
  4.168510953469e-07  ,1.110984217444e+00  
  4.169510961083e-07  ,1.110228517689e+00  
  4.170510968698e-07  ,1.109598502199e+00  
  4.171510976312e-07  ,1.109093920710e+00  
  4.172510983927e-07  ,1.108714506184e+00  
  4.173510991541e-07  ,1.108459940976e+00  
  4.174510999156e-07  ,1.108329889921e+00  
  4.175511006770e-07  ,1.108323968033e+00  
  4.176511014385e-07  ,1.108441772869e+00  
  4.177511021999e-07  ,1.108682852706e+00  
  4.178511029614e-07  ,1.109046738293e+00  
  4.179511037228e-07  ,1.109532911440e+00  
  4.180511044843e-07  ,1.110140836933e+00  
  4.181511052457e-07  ,1.110869931056e+00  
  4.182511060071e-07  ,1.111719593070e+00  
  4.183511067686e-07  ,1.112689174207e+00  
  4.184511075300e-07  ,1.113778009365e+00  
  4.185511082915e-07  ,1.114985385556e+00  
  4.186511090529e-07  ,1.116310573869e+00  
  4.187511098144e-07  ,1.117752797985e+00  
  4.188511105758e-07  ,1.119311266398e+00  
  4.189511113373e-07  ,1.120985140030e+00  
  4.190511120987e-07  ,1.122773565909e+00  
  4.191511128602e-07  ,1.124675643412e+00  
  4.192511136216e-07  ,1.126690458855e+00  
  4.193511143831e-07  ,1.128817051215e+00  
  4.194511151445e-07  ,1.131054447050e+00  
  4.195511159060e-07  ,1.133401626425e+00  
  4.196511166674e-07  ,1.135857557257e+00  
  4.197511174289e-07  ,1.138421161588e+00  
  4.198511181903e-07  ,1.141091349958e+00  
  4.199511189518e-07  ,1.143866987933e+00  
  4.200511197132e-07  ,1.146746930073e+00  
  4.201511204747e-07  ,1.149729986318e+00  
  4.202511212361e-07  ,1.152814956687e+00  
  4.203511219976e-07  ,1.156000597155e+00  
  4.204511227590e-07  ,1.159285654624e+00  
  4.205511235205e-07  ,1.162668832195e+00  
  4.206511242819e-07  ,1.166148825189e+00  
  4.207511250434e-07  ,1.169724285852e+00  
  4.208511258048e-07  ,1.173393858695e+00  
  4.209511265663e-07  ,1.177156147155e+00  
  4.210511273277e-07  ,1.181009746321e+00  
  4.211511280892e-07  ,1.184953212354e+00  
  4.212511288506e-07  ,1.188985092791e+00  
  4.213511296121e-07  ,1.193103898019e+00  
  4.214511303735e-07  ,1.197308129642e+00  
  4.215511311350e-07  ,1.201596253887e+00  
  4.216511318964e-07  ,1.205966728483e+00  
  4.217511326579e-07  ,1.210417977020e+00  
  4.218511334193e-07  ,1.214948415001e+00  
  4.219511341808e-07  ,1.219556425455e+00  
  4.220511349422e-07  ,1.224240383303e+00  
  4.221511357037e-07  ,1.228998632626e+00  
  4.222511364651e-07  ,1.233829510188e+00  
  4.223511372266e-07  ,1.238731322617e+00  
  4.224511379880e-07  ,1.243702370032e+00  
  4.225511387495e-07  ,1.248740924266e+00  
  4.226511395109e-07  ,1.253845250414e+00  
  4.227511402724e-07  ,1.259013587286e+00  
  4.228511410338e-07  ,1.264244167144e+00  
  4.229511417953e-07  ,1.269535197525e+00  
  4.230511425567e-07  ,1.274884880146e+00  
  4.231511433182e-07  ,1.280291393018e+00  
  4.232511440796e-07  ,1.285752909424e+00  
  4.233511448411e-07  ,1.291267580161e+00  
  4.234511456025e-07  ,1.296833551509e+00  
  4.235511463640e-07  ,1.302448949561e+00  
  4.236511471254e-07  ,1.308111895883e+00  
  4.237511478869e-07  ,1.313820493337e+00  
  4.238511486483e-07  ,1.319572841453e+00  
  4.239511494098e-07  ,1.325367021545e+00  
  4.240511501712e-07  ,1.331201113309e+00  
  4.241511509327e-07  ,1.337073179224e+00  
  4.242511516941e-07  ,1.342981280372e+00  
  4.243511524556e-07  ,1.348923463082e+00  
  4.244511532170e-07  ,1.354897771970e+00  
  4.245511539785e-07  ,1.360902239215e+00  
  4.246511547399e-07  ,1.366934895443e+00  
  4.247511555014e-07  ,1.372993760374e+00  
  4.248511562628e-07  ,1.379076853289e+00  
  4.249511570243e-07  ,1.385182183330e+00  
  4.250511577857e-07  ,1.391307760758e+00  
  4.251511585472e-07  ,1.397451586250e+00  
  4.252511593086e-07  ,1.403611663527e+00  
  4.253511600701e-07  ,1.409785986759e+00  
  4.254511608315e-07  ,1.415972555112e+00  
  4.255511615930e-07  ,1.422169359006e+00  
  4.256511623544e-07  ,1.428374394853e+00  
  4.257511631158e-07  ,1.434585651576e+00  
  4.258511638773e-07  ,1.440801125054e+00  
  4.259511646387e-07  ,1.447018805124e+00  
  4.260511654002e-07  ,1.453236689045e+00  
  4.261511661616e-07  ,1.459452770104e+00  
  4.262511669231e-07  ,1.465665048841e+00  
  4.263511676845e-07  ,1.471871523854e+00  
  4.264511684460e-07  ,1.478070202053e+00  
  4.265511692074e-07  ,1.484258758436e+00  
  4.266511699689e-07  ,1.490435869750e+00  
  4.267511707303e-07  ,1.496599221604e+00  
  4.268511714918e-07  ,1.502746837352e+00  
  4.269511722532e-07  ,1.508876745728e+00  
  4.270511730147e-07  ,1.514986983085e+00  
  4.271511737761e-07  ,1.521075592061e+00  
  4.272511745376e-07  ,1.527140623402e+00  
  4.273511752990e-07  ,1.533180135740e+00  
  4.274511760605e-07  ,1.539192196786e+00  
  4.275511768219e-07  ,1.545174883041e+00  
  4.276511775834e-07  ,1.551126281261e+00  
  4.277511783448e-07  ,1.557044487989e+00  
  4.278511791063e-07  ,1.562927610872e+00  
  4.279511798677e-07  ,1.568773768886e+00  
  4.280511806292e-07  ,1.574581092433e+00  
  4.281511813906e-07  ,1.580347724908e+00  
  4.282511821521e-07  ,1.586071821376e+00  
  4.283511829135e-07  ,1.591751551991e+00  
  4.284511836750e-07  ,1.597385098442e+00  
  4.285511844364e-07  ,1.602970658997e+00  
  4.286511851979e-07  ,1.608506444971e+00  
  4.287511859593e-07  ,1.613990683603e+00  
  4.288511867208e-07  ,1.619421618245e+00  
  4.289511874822e-07  ,1.624797507371e+00  
  4.290511882437e-07  ,1.630116627535e+00  
  4.291511890051e-07  ,1.635377270722e+00  
  4.292511897666e-07  ,1.640577748443e+00  
  4.293511905280e-07  ,1.645716388252e+00  
  4.294511912895e-07  ,1.650791537918e+00  
  4.295511920509e-07  ,1.655801562599e+00  
  4.296511928124e-07  ,1.660744848224e+00  
  4.297511935738e-07  ,1.665619799175e+00  
  4.298511943353e-07  ,1.670424841026e+00  
  4.299511950967e-07  ,1.675158419604e+00  
  4.300511958582e-07  ,1.679819001387e+00  
  4.301511966196e-07  ,1.684404827284e+00  
  4.302511973811e-07  ,1.688914906305e+00  
  4.303511981425e-07  ,1.693347519460e+00  
  4.304511989040e-07  ,1.697701221592e+00  
  4.305511996654e-07  ,1.701974590542e+00  
  4.306512004269e-07  ,1.706166227795e+00  
  4.307512011883e-07  ,1.710274757665e+00  
  4.308512019498e-07  ,1.714298830193e+00  
  4.309512027112e-07  ,1.718237117478e+00  
  4.310512034727e-07  ,1.722088319360e+00  
  4.311512042341e-07  ,1.725851157242e+00  
  4.312512049956e-07  ,1.729524382210e+00  
  4.313512057570e-07  ,1.733106766287e+00  
  4.314512065185e-07  ,1.736597112730e+00  
  4.315512072799e-07  ,1.739994245799e+00  
  4.316512080414e-07  ,1.743297022190e+00  
  4.317512088028e-07  ,1.746504319459e+00  
  4.318512095643e-07  ,1.749615048821e+00  
  4.319512103257e-07  ,1.752628142601e+00  
  4.320512110872e-07  ,1.755542567351e+00  
  4.321512118486e-07  ,1.758357311283e+00  
  4.322512126101e-07  ,1.761071397457e+00  
  4.323512133715e-07  ,1.763683871042e+00  
  4.324512141330e-07  ,1.766193812351e+00  
  4.325512148944e-07  ,1.768600324741e+00  
  4.326512156559e-07  ,1.770902546376e+00  
  4.327512164173e-07  ,1.773099639910e+00  
  4.328512171788e-07  ,1.775190802442e+00  
  4.329512179402e-07  ,1.777175256181e+00  
  4.330512187016e-07  ,1.779052258565e+00  
  4.331512194631e-07  ,1.780821091562e+00  
  4.332512202245e-07  ,1.782481073933e+00  
  4.333512209860e-07  ,1.784031548303e+00  
  4.334512217474e-07  ,1.785471894989e+00  
  4.335512225089e-07  ,1.786801518304e+00  
  4.336512232703e-07  ,1.788019860450e+00  
  4.337512240318e-07  ,1.789126387917e+00  
  4.338512247932e-07  ,1.790120605481e+00  
  4.339512255547e-07  ,1.791002042519e+00  
  4.340512263161e-07  ,1.791770266400e+00  
  4.341512270776e-07  ,1.792424869768e+00  
  4.342512278390e-07  ,1.792965483384e+00  
  4.343512286005e-07  ,1.793391763355e+00  
  4.344512293619e-07  ,1.793703403841e+00  
  4.345512301234e-07  ,1.793900125228e+00  
  4.346512308848e-07  ,1.793981684919e+00  
  4.347512316463e-07  ,1.793947867647e+00  
  4.348512324077e-07  ,1.793798494781e+00  
  4.349512331692e-07  ,1.793533415110e+00  
  4.350512339306e-07  ,1.793152514057e+00  
  4.351512346921e-07  ,1.792655704807e+00  
  4.352512354535e-07  ,1.792042936684e+00  
  4.353512362150e-07  ,1.791314187235e+00  
  4.354512369764e-07  ,1.790469469761e+00  
  4.355512377379e-07  ,1.789508825846e+00  
  4.356512384993e-07  ,1.788432333060e+00  
  4.357512392608e-07  ,1.787240096818e+00  
  4.358512400222e-07  ,1.785932258077e+00  
  4.359512407837e-07  ,1.784508986849e+00  
  4.360512415451e-07  ,1.782970486692e+00  
  4.361512423066e-07  ,1.781316991909e+00  
  4.362512430680e-07  ,1.779548768675e+00  
  4.363512438295e-07  ,1.777666114658e+00  
  4.364512445909e-07  ,1.775669358944e+00  
  4.365512453524e-07  ,1.773558861586e+00  
  4.366512461138e-07  ,1.771335014521e+00  
  4.367512468753e-07  ,1.768998239482e+00  
  4.368512476367e-07  ,1.766548990421e+00  
  4.369512483982e-07  ,1.763987751027e+00  
  4.370512491596e-07  ,1.761315035995e+00  
  4.371512499211e-07  ,1.758531390261e+00  
  4.372512506825e-07  ,1.755637389455e+00  
  4.373512514440e-07  ,1.752633638040e+00  
  4.374512522054e-07  ,1.749520772258e+00  
  4.375512529669e-07  ,1.746299455666e+00  
  4.376512537283e-07  ,1.742970383822e+00  
  4.377512544898e-07  ,1.739534278975e+00  
  4.378512552512e-07  ,1.735991894894e+00  
  4.379512560127e-07  ,1.732344011584e+00  
  4.380512567741e-07  ,1.728591440279e+00  
  4.381512575356e-07  ,1.724735017631e+00  
  4.382512582970e-07  ,1.720775611778e+00  
  4.383512590585e-07  ,1.716714114530e+00  
  4.384512598199e-07  ,1.712551449818e+00  
  4.385512605814e-07  ,1.708288564122e+00  
  4.386512613428e-07  ,1.703926435600e+00  
  4.387512621043e-07  ,1.699466064226e+00  
  4.388512628657e-07  ,1.694908481874e+00  
  4.389512636272e-07  ,1.690254739868e+00  
  4.390512643886e-07  ,1.685505923184e+00  
  4.391512651501e-07  ,1.680663133639e+00  
  4.392512659115e-07  ,1.675727506904e+00  
  4.393512666730e-07  ,1.670700195068e+00  
  4.394512674344e-07  ,1.665582382589e+00  
  4.395512681959e-07  ,1.660375270642e+00  
  4.396512689573e-07  ,1.655080091356e+00  
  4.397512697188e-07  ,1.649698092995e+00  
  4.398512704802e-07  ,1.644230554590e+00  
  4.399512712417e-07  ,1.638678769584e+00  
  4.400512720031e-07  ,1.633044062714e+00  
  4.401512727646e-07  ,1.627327770987e+00  
  4.402512735260e-07  ,1.621531263179e+00  
  4.403512742875e-07  ,1.615655918684e+00  
  4.404512750489e-07  ,1.609703148509e+00  
  4.405512758103e-07  ,1.603674372813e+00  
  4.406512765718e-07  ,1.597571043378e+00  
  4.407512773332e-07  ,1.591394619512e+00  
  4.408512780947e-07  ,1.585146591742e+00  
  4.409512788561e-07  ,1.578828457346e+00  
  4.410512796176e-07  ,1.572441743820e+00  
  4.411512803790e-07  ,1.565987984636e+00  
  4.412512811405e-07  ,1.559468742100e+00  
  4.413512819019e-07  ,1.552885584747e+00  
  4.414512826634e-07  ,1.546240107906e+00  
  4.415512834248e-07  ,1.539533912901e+00  
  4.416512841863e-07  ,1.532768626825e+00  
  4.417512849477e-07  ,1.525945881509e+00  
  4.418512857092e-07  ,1.519067334252e+00  
  4.419512864706e-07  ,1.512134645725e+00  
  4.420512872321e-07  ,1.505149501218e+00  
  4.421512879935e-07  ,1.498113588436e+00  
  4.422512887550e-07  ,1.491028618759e+00  
  4.423512895164e-07  ,1.483896305388e+00  
  4.424512902779e-07  ,1.476718383530e+00  
  4.425512910393e-07  ,1.469496589680e+00  
  4.426512918008e-07  ,1.462232681686e+00  
  4.427512925622e-07  ,1.454928416849e+00  
  4.428512933237e-07  ,1.447585573895e+00  
  4.429512940851e-07  ,1.440205928777e+00  
  4.430512948466e-07  ,1.432791279404e+00  
  4.431512956080e-07  ,1.425343418080e+00  
  4.432512963695e-07  ,1.417864160091e+00  
  4.433512971309e-07  ,1.410355312297e+00  
  4.434512978924e-07  ,1.402818704784e+00  
  4.435512986538e-07  ,1.395256157615e+00  
  4.436512994153e-07  ,1.387669512949e+00  
  4.437513001767e-07  ,1.380060602670e+00  
  4.438513009382e-07  ,1.372431278693e+00  
  4.439513016996e-07  ,1.364783382733e+00  
  4.440513024611e-07  ,1.357118774173e+00  
  4.441513032225e-07  ,1.349439302856e+00  
  4.442513039840e-07  ,1.341746833740e+00  
  4.443513047454e-07  ,1.334043221948e+00  
  4.444513055069e-07  ,1.326330336807e+00  
  4.445513062683e-07  ,1.318610036319e+00  
  4.446513070298e-07  ,1.310884192258e+00  
  4.447513077912e-07  ,1.303154663220e+00  
  4.448513085527e-07  ,1.295423321310e+00  
  4.449513093141e-07  ,1.287692024190e+00  
  4.450513100756e-07  ,1.279962641976e+00  
  4.451513108370e-07  ,1.272237028952e+00  
  4.452513115985e-07  ,1.264517051865e+00  
  4.453513123599e-07  ,1.256804559152e+00  
  4.454513131214e-07  ,1.249101412129e+00  
  4.455513138828e-07  ,1.241409451918e+00  
  4.456513146443e-07  ,1.233730531538e+00  
  4.457513154057e-07  ,1.226066483367e+00  
  4.458513161672e-07  ,1.218419150082e+00  
  4.459513169286e-07  ,1.210790352775e+00  
  4.460513176901e-07  ,1.203181922679e+00  
  4.461513184515e-07  ,1.195595667053e+00  
  4.462513192130e-07  ,1.188033403272e+00  
  4.463513199744e-07  ,1.180496923806e+00  
  4.464513207359e-07  ,1.172988029505e+00  
  4.465513214973e-07  ,1.165508496185e+00  
  4.466513222588e-07  ,1.158060106570e+00  
  4.467513230202e-07  ,1.150644617494e+00  
  4.468513237817e-07  ,1.143263791736e+00  
  4.469513245431e-07  ,1.135919365270e+00  
  4.470513253046e-07  ,1.128613079265e+00  
  4.471513260660e-07  ,1.121346646457e+00  
  4.472513268275e-07  ,1.114121785095e+00  
  4.473513275889e-07  ,1.106940182299e+00  
  4.474513283504e-07  ,1.099803531852e+00  
  4.475513291118e-07  ,1.092713493743e+00  
  4.476513298733e-07  ,1.085671734486e+00  
  4.477513306347e-07  ,1.078679886253e+00  
  4.478513313962e-07  ,1.071739586168e+00  
  4.479513321576e-07  ,1.064852436135e+00  
  4.480513329190e-07  ,1.058020043080e+00  
  4.481513336805e-07  ,1.051243976741e+00  
  4.482513344419e-07  ,1.044525811452e+00  
  4.483513352034e-07  ,1.037867083965e+00  
  4.484513359648e-07  ,1.031269333936e+00  
  4.485513367263e-07  ,1.024734063483e+00  
  4.486513374877e-07  ,1.018262775957e+00  
  4.487513382492e-07  ,1.011856937342e+00  
  4.488513390106e-07  ,1.005518013193e+00  
  4.489513397721e-07  ,9.992474313460e-01  
  4.490513405335e-07  ,9.930466185132e-01  
  4.491513412950e-07  ,9.869169627836e-01  
  4.492513420564e-07  ,9.808598502102e-01  
  4.493513428179e-07  ,9.748766279565e-01  
  4.494513435793e-07  ,9.689686398662e-01  
  4.495513443408e-07  ,9.631371908798e-01  
  4.496513451022e-07  ,9.573835809021e-01  
  4.497513458637e-07  ,9.517090716087e-01  
  4.498513466251e-07  ,9.461149177257e-01  
  4.499513473866e-07  ,9.406023357335e-01  
  4.500513481480e-07  ,9.351725343402e-01  
  4.501513489095e-07  ,9.298266836600e-01  
  4.502513496709e-07  ,9.245659448333e-01  
  4.503513504324e-07  ,9.193914405865e-01  
  4.504513511938e-07  ,9.143042830330e-01  
  4.505513519553e-07  ,9.093055464729e-01  
  4.506513527167e-07  ,9.043962933473e-01  
  4.507513534782e-07  ,8.995775476402e-01  
  4.508513542396e-07  ,8.948503211965e-01  
  4.509513550011e-07  ,8.902155871223e-01  
  4.510513557625e-07  ,8.856743054883e-01  
  4.511513565240e-07  ,8.812273968587e-01  
  4.512513572854e-07  ,8.768757692481e-01  
  4.513513580469e-07  ,8.726202898721e-01  
  4.514513588083e-07  ,8.684618130866e-01  
  4.515513595698e-07  ,8.644011523585e-01  
  4.516513603312e-07  ,8.604391075607e-01  
  4.517513610927e-07  ,8.565764373201e-01  
  4.518513618541e-07  ,8.528138866075e-01  
  4.519513626156e-07  ,8.491521580225e-01  
  4.520513633770e-07  ,8.455919410409e-01  
  4.521513641385e-07  ,8.421338819569e-01  
  4.522513648999e-07  ,8.387786135523e-01  
  4.523513656614e-07  ,8.355267253803e-01  
  4.524513664228e-07  ,8.323787929507e-01  
  4.525513671843e-07  ,8.293353484715e-01  
  4.526513679457e-07  ,8.263969099250e-01  
  4.527513687072e-07  ,8.235639509707e-01  
  4.528513694686e-07  ,8.208369322922e-01  
  4.529513702301e-07  ,8.182162683132e-01  
  4.530513709915e-07  ,8.157023617218e-01  
  4.531513717530e-07  ,8.132955681362e-01  
  4.532513725144e-07  ,8.109962309897e-01  
  4.533513732759e-07  ,8.088046470148e-01  
  4.534513740373e-07  ,8.067211006670e-01  
  4.535513747988e-07  ,8.047458290304e-01  
  4.536513755602e-07  ,8.028790573782e-01  
  4.537513763217e-07  ,8.011209630893e-01  
  4.538513770831e-07  ,7.994717121383e-01  
  4.539513778446e-07  ,7.979314221320e-01  
  4.540513786060e-07  ,7.965001994390e-01  
  4.541513793675e-07  ,7.951781021523e-01  
  4.542513801289e-07  ,7.939651767362e-01  
  4.543513808904e-07  ,7.928614216611e-01  
  4.544513816518e-07  ,7.918668241988e-01  
  4.545513824133e-07  ,7.909813228541e-01  
  4.546513831747e-07  ,7.902048453131e-01  
  4.547513839362e-07  ,7.895372713472e-01  
  4.548513846976e-07  ,7.889784683814e-01  
  4.549513854591e-07  ,7.885282580275e-01  
  4.550513862205e-07  ,7.881864476336e-01  
  4.551513869820e-07  ,7.879528007120e-01  
  4.552513877434e-07  ,7.878270654111e-01  
  4.553513885048e-07  ,7.878089468366e-01  
  4.554513892663e-07  ,7.878981347252e-01  
  4.555513900277e-07  ,7.880942758854e-01  
  4.556513907892e-07  ,7.883970024339e-01  
  4.557513915506e-07  ,7.888059032791e-01  
  4.558513923121e-07  ,7.893205529438e-01  
  4.559513930735e-07  ,7.899404833928e-01  
  4.560513938350e-07  ,7.906652122683e-01  
  4.561513945964e-07  ,7.914942148534e-01  
  4.562513953579e-07  ,7.924269527129e-01  
  4.563513961193e-07  ,7.934628447899e-01  
  4.564513968808e-07  ,7.946012977484e-01  
  4.565513976422e-07  ,7.958416746471e-01  
  4.566513984037e-07  ,7.971833278876e-01  
  4.567513991651e-07  ,7.986255656274e-01  
  4.568513999266e-07  ,8.001676866180e-01  
  4.569514006880e-07  ,8.018089451739e-01  
  4.570514014495e-07  ,8.035485869738e-01  
  4.571514022109e-07  ,8.053858137184e-01  
  4.572514029724e-07  ,8.073198187088e-01  
  4.573514037338e-07  ,8.093497520075e-01  
  4.574514044953e-07  ,8.114747552978e-01  
  4.575514052567e-07  ,8.136939285967e-01  
  4.576514060182e-07  ,8.160063625459e-01  
  4.577514067796e-07  ,8.184111080440e-01  
  4.578514075411e-07  ,8.209072061967e-01  
  4.579514083025e-07  ,8.234936598177e-01  
  4.580514090640e-07  ,8.261694610780e-01  
  4.581514098254e-07  ,8.289335665629e-01  
  4.582514105869e-07  ,8.317849205523e-01  
  4.583514113483e-07  ,8.347224339612e-01  
  4.584514121098e-07  ,8.377450055509e-01  
  4.585514128712e-07  ,8.408515007470e-01  
  4.586514136327e-07  ,8.440407745418e-01  
  4.587514143941e-07  ,8.473116484708e-01  
  4.588514151556e-07  ,8.506629345067e-01  
  4.589514159170e-07  ,8.540934119086e-01  
  4.590514166785e-07  ,8.576018513093e-01  
  4.591514174399e-07  ,8.611869904666e-01  
  4.592514182014e-07  ,8.648475604912e-01  
  4.593514189628e-07  ,8.685822593135e-01  
  4.594514197243e-07  ,8.723897792484e-01  
  4.595514204857e-07  ,8.762687805403e-01  
  4.596514212472e-07  ,8.802179179998e-01  
  4.597514220086e-07  ,8.842358156041e-01  
  4.598514227701e-07  ,8.883210922494e-01  
  4.599514235315e-07  ,8.924723375557e-01  
  4.600514242930e-07  ,8.966881353442e-01  
  4.601514250544e-07  ,9.009670429089e-01  
  4.602514258159e-07  ,9.053076110918e-01  
  4.603514265773e-07  ,9.097083654366e-01  
  4.604514273388e-07  ,9.141678261901e-01  
  4.605514281002e-07  ,9.186844887240e-01  
  4.606514288617e-07  ,9.232568441500e-01  
  4.607514296231e-07  ,9.278833595047e-01  
  4.608514303846e-07  ,9.325624983898e-01  
  4.609514311460e-07  ,9.372927014177e-01  
  4.610514319075e-07  ,9.420724061211e-01  
  4.611514326689e-07  ,9.469000285650e-01  
  4.612514334304e-07  ,9.517739820474e-01  
  4.613514341918e-07  ,9.566926597448e-01  
  4.614514349533e-07  ,9.616544527216e-01  
  4.615514357147e-07  ,9.666577327922e-01  
  4.616514364762e-07  ,9.717008705145e-01  
  4.617514372376e-07  ,9.767822185742e-01  
  4.618514379991e-07  ,9.819001286610e-01  
  4.619514387605e-07  ,9.870529357003e-01  
  4.620514395220e-07  ,9.922389751664e-01  
  4.621514402834e-07  ,9.974565656321e-01  
  4.622514410449e-07  ,1.002704028084e+00  
  4.623514418063e-07  ,1.007979666642e+00  
  4.624514425678e-07  ,1.013281790095e+00  
  4.625514433292e-07  ,1.018608689786e+00  
  4.626514440907e-07  ,1.023958663800e+00  
  4.627514448521e-07  ,1.029329992907e+00  
  4.628514456135e-07  ,1.034720966558e+00  
  4.629514463750e-07  ,1.040129856484e+00  
  4.630514471364e-07  ,1.045554945584e+00  
  4.631514478979e-07  ,1.050994498607e+00  
  4.632514486593e-07  ,1.056446793399e+00  
  4.633514494208e-07  ,1.061910089730e+00  
  4.634514501822e-07  ,1.067382662796e+00  
  4.635514509437e-07  ,1.072862768921e+00  
  4.636514517051e-07  ,1.078348682173e+00  
  4.637514524666e-07  ,1.083838658063e+00  
  4.638514532280e-07  ,1.089330970956e+00  
  4.639514539895e-07  ,1.094823877644e+00  
  4.640514547509e-07  ,1.100315654631e+00  
  4.641514555124e-07  ,1.105804562012e+00  
  4.642514562738e-07  ,1.111288879939e+00  
  4.643514570353e-07  ,1.116766874260e+00  
  4.644514577967e-07  ,1.122236830389e+00  
  4.645514585582e-07  ,1.127697021587e+00  
  4.646514593196e-07  ,1.133145740840e+00  
  4.647514600811e-07  ,1.138581270506e+00  
  4.648514608425e-07  ,1.144001912808e+00  
  4.649514616040e-07  ,1.149405961472e+00  
  4.650514623654e-07  ,1.154791729513e+00  
  4.651514631269e-07  ,1.160157523862e+00  
  4.652514638883e-07  ,1.165501670427e+00  
  4.653514646498e-07  ,1.170822490904e+00  
  4.654514654112e-07  ,1.176118326035e+00  
  4.655514661727e-07  ,1.181387514221e+00  
  4.656514669341e-07  ,1.186628412530e+00  
  4.657514676956e-07  ,1.191839377944e+00  
  4.658514684570e-07  ,1.197018786118e+00  
  4.659514692185e-07  ,1.202165013611e+00  
  4.660514699799e-07  ,1.207276456876e+00  
  4.661514707414e-07  ,1.212351513791e+00  
  4.662514715028e-07  ,1.217388603421e+00  
  4.663514722643e-07  ,1.222386146319e+00  
  4.664514730257e-07  ,1.227342586095e+00  
  4.665514737872e-07  ,1.232256367685e+00  
  4.666514745486e-07  ,1.237125961044e+00  
  4.667514753101e-07  ,1.241949836713e+00  
  4.668514760715e-07  ,1.246726493166e+00  
  4.669514768330e-07  ,1.251454427942e+00  
  4.670514775944e-07  ,1.256132169179e+00  
  4.671514783559e-07  ,1.260758244193e+00  
  4.672514791173e-07  ,1.265331211286e+00  
  4.673514798788e-07  ,1.269849629372e+00  
  4.674514806402e-07  ,1.274312088717e+00  
  4.675514814017e-07  ,1.278717181068e+00  
  4.676514821631e-07  ,1.283063530451e+00  
  4.677514829246e-07  ,1.287349762736e+00  
  4.678514836860e-07  ,1.291574537142e+00  
  4.679514844475e-07  ,1.295736515155e+00  
  4.680514852089e-07  ,1.299834392684e+00  
  4.681514859704e-07  ,1.303866868272e+00  
  4.682514867318e-07  ,1.307832675753e+00  
  4.683514874933e-07  ,1.311730552031e+00  
  4.684514882547e-07  ,1.315559270480e+00  
  4.685514890162e-07  ,1.319317607672e+00  
  4.686514897776e-07  ,1.323004377300e+00  
  4.687514905391e-07  ,1.326618397275e+00  
  4.688514913005e-07  ,1.330158523241e+00  
  4.689514920620e-07  ,1.333623615008e+00  
  4.690514928234e-07  ,1.337012571543e+00  
  4.691514935849e-07  ,1.340324295832e+00  
  4.692514943463e-07  ,1.343557731423e+00  
  4.693514951078e-07  ,1.346711825563e+00  
  4.694514958692e-07  ,1.349785567115e+00  
  4.695514966307e-07  ,1.352777948880e+00  
  4.696514973921e-07  ,1.355688006595e+00  
  4.697514981536e-07  ,1.358514779010e+00  
  4.698514989150e-07  ,1.361257349664e+00  
  4.699514996765e-07  ,1.363914804860e+00  
  4.700515004379e-07  ,1.366486276183e+00  
  4.701515011994e-07  ,1.368970898787e+00  
  4.702515019608e-07  ,1.371367853595e+00  
  4.703515027222e-07  ,1.373676324346e+00  
  4.704515034837e-07  ,1.375895542964e+00  
  4.705515042451e-07  ,1.378024742885e+00  
  4.706515050066e-07  ,1.380063206856e+00  
  4.707515057680e-07  ,1.382010219325e+00  
  4.708515065295e-07  ,1.383865114691e+00  
  4.709515072909e-07  ,1.385627228937e+00  
  4.710515080524e-07  ,1.387295948430e+00  
  4.711515088138e-07  ,1.388870661993e+00  
  4.712515095753e-07  ,1.390350808207e+00  
  4.713515103367e-07  ,1.391735829083e+00  
  4.714515110982e-07  ,1.393025216506e+00  
  4.715515118596e-07  ,1.394218465927e+00  
  4.716515126211e-07  ,1.395315122633e+00  
  4.717515133825e-07  ,1.396314736692e+00  
  4.718515141440e-07  ,1.397216906866e+00  
  4.719515149054e-07  ,1.398021238030e+00  
  4.720515156669e-07  ,1.398727383077e+00  
  4.721515164283e-07  ,1.399335002073e+00  
  4.722515171898e-07  ,1.399843802222e+00  
  4.723515179512e-07  ,1.400253498858e+00  
  4.724515187127e-07  ,1.400563854199e+00  
  4.725515194741e-07  ,1.400774638778e+00  
  4.726515202356e-07  ,1.400885669849e+00  
  4.727515209970e-07  ,1.400896773592e+00  
  4.728515217585e-07  ,1.400807822569e+00  
  4.729515225199e-07  ,1.400618698190e+00  
  4.730515232814e-07  ,1.400329328771e+00  
  4.731515240428e-07  ,1.399939651023e+00  
  4.732515248043e-07  ,1.399449648682e+00  
  4.733515255657e-07  ,1.398859313777e+00  
  4.734515263272e-07  ,1.398168685813e+00  
  4.735515270886e-07  ,1.397377812017e+00  
  4.736515278501e-07  ,1.396486786825e+00  
  4.737515286115e-07  ,1.395495713317e+00  
  4.738515293730e-07  ,1.394404740376e+00  
  4.739515301344e-07  ,1.393214026637e+00  
  4.740515308959e-07  ,1.391923775143e+00  
  4.741515316573e-07  ,1.390534200299e+00  
  4.742515324188e-07  ,1.389045558479e+00  
  4.743515331802e-07  ,1.387458119531e+00  
  4.744515339417e-07  ,1.385772193578e+00  
  4.745515347031e-07  ,1.383988104284e+00  
  4.746515354646e-07  ,1.382106215868e+00  
  4.747515362260e-07  ,1.380126905628e+00  
  4.748515369875e-07  ,1.378050590768e+00  
  4.749515377489e-07  ,1.375877701920e+00  
  4.750515385104e-07  ,1.373608708928e+00  
  4.751515392718e-07  ,1.371244094987e+00  
  4.752515400333e-07  ,1.368784381964e+00  
  4.753515407947e-07  ,1.366230105370e+00  
  4.754515415562e-07  ,1.363581838176e+00  
  4.755515423176e-07  ,1.360840167071e+00  
  4.756515430791e-07  ,1.358005716252e+00  
  4.757515438405e-07  ,1.355079122602e+00  
  4.758515446020e-07  ,1.352061060602e+00  
  4.759515453634e-07  ,1.348952216406e+00  
  4.760515461249e-07  ,1.345753314422e+00  
  4.761515468863e-07  ,1.342465089008e+00  
  4.762515476478e-07  ,1.339088313547e+00  
  4.763515484092e-07  ,1.335623769757e+00  
  4.764515491707e-07  ,1.332072279097e+00  
  4.765515499321e-07  ,1.328434670090e+00  
  4.766515506936e-07  ,1.324711810581e+00  
  4.767515514550e-07  ,1.320904575185e+00  
  4.768515522165e-07  ,1.317013877546e+00  
  4.769515529779e-07  ,1.313040636846e+00  
  4.770515537394e-07  ,1.308985811583e+00  
  4.771515545008e-07  ,1.304850364395e+00  
  4.772515552623e-07  ,1.300635297669e+00  
  4.773515560237e-07  ,1.296341616285e+00  
  4.774515567852e-07  ,1.291970365179e+00  
  4.775515575466e-07  ,1.287522590602e+00  
  4.776515583081e-07  ,1.282999378668e+00  
  4.777515590695e-07  ,1.278401815889e+00  
  4.778515598309e-07  ,1.273731028062e+00  
  4.779515605924e-07  ,1.268988140869e+00  
  4.780515613538e-07  ,1.264174318611e+00  
  4.781515621153e-07  ,1.259290724805e+00  
  4.782515628767e-07  ,1.254338560444e+00  
  4.783515636382e-07  ,1.249319026311e+00  
  4.784515643996e-07  ,1.244233358358e+00  
  4.785515651611e-07  ,1.239082792912e+00  
  4.786515659225e-07  ,1.233868600012e+00  
  4.787515666840e-07  ,1.228592050042e+00  
  4.788515674454e-07  ,1.223254445309e+00  
  4.789515682069e-07  ,1.217857089062e+00  
  4.790515689683e-07  ,1.212401314596e+00  
  4.791515697298e-07  ,1.206888456181e+00  
  4.792515704912e-07  ,1.201319876771e+00  
  4.793515712527e-07  ,1.195696940008e+00  
  4.794515720141e-07  ,1.190021037160e+00  
  4.795515727756e-07  ,1.184293559654e+00  
  4.796515735370e-07  ,1.178515925482e+00  
  4.797515742985e-07  ,1.172689552064e+00  
  4.798515750599e-07  ,1.166815882849e+00  
  4.799515758214e-07  ,1.160896359534e+00  
  4.800515765828e-07  ,1.154932449310e+00  
  4.801515773443e-07  ,1.148925616758e+00  
  4.802515781057e-07  ,1.142877350787e+00  
  4.803515788672e-07  ,1.136789137404e+00  
  4.804515796286e-07  ,1.130662486093e+00  
  4.805515803901e-07  ,1.124498901762e+00  
  4.806515811515e-07  ,1.118299912958e+00  
  4.807515819130e-07  ,1.112067042568e+00  
  4.808515826744e-07  ,1.105801835568e+00  
  4.809515834359e-07  ,1.099505831389e+00  
  4.810515841973e-07  ,1.093180590113e+00  
  4.811515849588e-07  ,1.086827665517e+00  
  4.812515857202e-07  ,1.080448631441e+00  
  4.813515864817e-07  ,1.074045053928e+00  
  4.814515872431e-07  ,1.067618518948e+00  
  4.815515880046e-07  ,1.061170603289e+00  
  4.816515887660e-07  ,1.054702902828e+00  
  4.817515895275e-07  ,1.048217003817e+00  
  4.818515902889e-07  ,1.041714510231e+00  
  4.819515910504e-07  ,1.035197015687e+00  
  4.820515918118e-07  ,1.028666130638e+00  
  4.821515925733e-07  ,1.022123454460e+00  
  4.822515933347e-07  ,1.015570602331e+00  
  4.823515940962e-07  ,1.009009177162e+00  
  4.824515948576e-07  ,1.002440797571e+00  
  4.825515956191e-07  ,9.958670683217e-01  
  4.826515963805e-07  ,9.892896090411e-01  
  4.827515971420e-07  ,9.827100251251e-01  
  4.828515979034e-07  ,9.761299355223e-01  
  4.829515986649e-07  ,9.695509438897e-01  
  4.830515994263e-07  ,9.629746671761e-01  
  4.831516001878e-07  ,9.564027057867e-01  
  4.832516009492e-07  ,9.498366722243e-01  
  4.833516017107e-07  ,9.432781622676e-01  
  4.834516024721e-07  ,9.367287825245e-01  
  4.835516032336e-07  ,9.301901215308e-01  
  4.836516039950e-07  ,9.236637791163e-01  
  4.837516047565e-07  ,9.171513345352e-01  
  4.838516055179e-07  ,9.106543789710e-01  
  4.839516062794e-07  ,9.041744806698e-01  
  4.840516070408e-07  ,8.977132205355e-01  
  4.841516078023e-07  ,8.912721543560e-01  
  4.842516085637e-07  ,8.848528505299e-01  
  4.843516093252e-07  ,8.784568510444e-01  
  4.844516100866e-07  ,8.720857098149e-01  
  4.845516108481e-07  ,8.657409538569e-01  
  4.846516116095e-07  ,8.594241203825e-01  
  4.847516123710e-07  ,8.531367199532e-01  
  4.848516131324e-07  ,8.468802716075e-01  
  4.849516138939e-07  ,8.406562676409e-01  
  4.850516146553e-07  ,8.344662072751e-01  
  4.851516154168e-07  ,8.283115630110e-01  
  4.852516161782e-07  ,8.221938124515e-01  
  4.853516169397e-07  ,8.161144069092e-01  
  4.854516177011e-07  ,8.100748008743e-01  
  4.855516184626e-07  ,8.040764226545e-01  
  4.856516192240e-07  ,7.981207022658e-01  
  4.857516199855e-07  ,7.922090431884e-01  
  4.858516207469e-07  ,7.863428498253e-01  
  4.859516215083e-07  ,7.805234990156e-01  
  4.860516222698e-07  ,7.747523682729e-01  
  4.861516230312e-07  ,7.690308061236e-01  
  4.862516237927e-07  ,7.633601618307e-01  
  4.863516245541e-07  ,7.577417543355e-01  
  4.864516253156e-07  ,7.521769027053e-01  
  4.865516260770e-07  ,7.466668955280e-01  
  4.866516268385e-07  ,7.412130197843e-01  
  4.867516275999e-07  ,7.358165324458e-01  
  4.868516283614e-07  ,7.304786875280e-01  
  4.869516291228e-07  ,7.252007082555e-01  
  4.870516298843e-07  ,7.199838148250e-01  
  4.871516306457e-07  ,7.148291954106e-01  
  4.872516314072e-07  ,7.097380350622e-01  
  4.873516321686e-07  ,7.047114854721e-01  
  4.874516329301e-07  ,6.997506956554e-01  
  4.875516336915e-07  ,6.948567793874e-01  
  4.876516344530e-07  ,6.900308482625e-01  
  4.877516352144e-07  ,6.852739774031e-01  
  4.878516359759e-07  ,6.805872394943e-01  
  4.879516367373e-07  ,6.759716699249e-01  
  4.880516374988e-07  ,6.714283015907e-01  
  4.881516382602e-07  ,6.669581288318e-01  
  4.882516390217e-07  ,6.625621435647e-01  
  4.883516397831e-07  ,6.582412984322e-01  
  4.884516405446e-07  ,6.539965432072e-01  
  4.885516413060e-07  ,6.498287875699e-01  
  4.886516420675e-07  ,6.457389384464e-01  
  4.887516428289e-07  ,6.417278617911e-01  
  4.888516435904e-07  ,6.377964202828e-01  
  4.889516443518e-07  ,6.339454355302e-01  
  4.890516451133e-07  ,6.301757252582e-01  
  4.891516458747e-07  ,6.264880656282e-01  
  4.892516466362e-07  ,6.228832285539e-01  
  4.893516473976e-07  ,6.193619440842e-01  
  4.894516481591e-07  ,6.159249377181e-01  
  4.895516489205e-07  ,6.125728923870e-01  
  4.896516496820e-07  ,6.093064865002e-01  
  4.897516504434e-07  ,6.061263552845e-01  
  4.898516512049e-07  ,6.030331291848e-01  
  4.899516519663e-07  ,6.000273954256e-01  
  4.900516527278e-07  ,5.971097359541e-01  
  4.901516534892e-07  ,5.942806886277e-01  
  4.902516542507e-07  ,5.915407870406e-01  
  4.903516550121e-07  ,5.888905192831e-01  
  4.904516557736e-07  ,5.863303694462e-01  
  4.905516565350e-07  ,5.838607758902e-01  
  4.906516572965e-07  ,5.814821726944e-01  
  4.907516580579e-07  ,5.791949478010e-01  
  4.908516588194e-07  ,5.769994851544e-01  
  4.909516595808e-07  ,5.748961219898e-01  
  4.910516603423e-07  ,5.728851914566e-01  
  4.911516611037e-07  ,5.709669799138e-01  
  4.912516618652e-07  ,5.691417695283e-01  
  4.913516626266e-07  ,5.674097956232e-01  
  4.914516633881e-07  ,5.657712890328e-01  
  4.915516641495e-07  ,5.642264334333e-01  
  4.916516649110e-07  ,5.627754090665e-01  
  4.917516656724e-07  ,5.614183472294e-01  
  4.918516664339e-07  ,5.601553772529e-01  
  4.919516671953e-07  ,5.589865787976e-01  
  4.920516679568e-07  ,5.579120293498e-01  
  4.921516687182e-07  ,5.569317573893e-01  
  4.922516694797e-07  ,5.560457884934e-01  
  4.923516702411e-07  ,5.552541000324e-01  
  4.924516710026e-07  ,5.545566655928e-01  
  4.925516717640e-07  ,5.539534115526e-01  
  4.926516725255e-07  ,5.534442598235e-01  
  4.927516732869e-07  ,5.530290857738e-01  
  4.928516740484e-07  ,5.527077598329e-01  
  4.929516748098e-07  ,5.524801063612e-01  
  4.930516755713e-07  ,5.523459451707e-01  
  4.931516763327e-07  ,5.523050095637e-01  
  4.932516770942e-07  ,5.523571414171e-01  
  4.933516778556e-07  ,5.525020358013e-01  
  4.934516786171e-07  ,5.527394012397e-01  
  4.935516793785e-07  ,5.530689202661e-01  
  4.936516801400e-07  ,5.534902521433e-01  
  4.937516809014e-07  ,5.540030291319e-01  
  4.938516816629e-07  ,5.546068614086e-01  
  4.939516824243e-07  ,5.553013316343e-01  
  4.940516831857e-07  ,5.560860014058e-01  
  4.941516839472e-07  ,5.569604042250e-01  
  4.942516847086e-07  ,5.579240537636e-01  
  4.943516854701e-07  ,5.589764349236e-01  
  4.944516862315e-07  ,5.601170139398e-01  
  4.945516869930e-07  ,5.613452279971e-01  
  4.946516877544e-07  ,5.626604962879e-01  
  4.947516885159e-07  ,5.640622091710e-01  
  4.948516892773e-07  ,5.655497394181e-01  
  4.949516900388e-07  ,5.671224312505e-01  
  4.950516908002e-07  ,5.687796117715e-01  
  4.951516915617e-07  ,5.705205801790e-01  
  4.952516923231e-07  ,5.723446183657e-01  
  4.953516930846e-07  ,5.742509811144e-01  
  4.954516938460e-07  ,5.762389067863e-01  
  4.955516946075e-07  ,5.783076057810e-01  
  4.956516953689e-07  ,5.804562742955e-01  
  4.957516961304e-07  ,5.826840793406e-01  
  4.958516968918e-07  ,5.849901753558e-01  
  4.959516976533e-07  ,5.873736876495e-01  
  4.960516984147e-07  ,5.898337293695e-01  
  4.961516991762e-07  ,5.923693853184e-01  
  4.962516999376e-07  ,5.949797286358e-01  
  4.963517006991e-07  ,5.976638042175e-01  
  4.964517014605e-07  ,6.004206465274e-01  
  4.965517022220e-07  ,6.032492618439e-01  
  4.966517029834e-07  ,6.061486465250e-01  
  4.967517037449e-07  ,6.091177700254e-01  
  4.968517045063e-07  ,6.121555914331e-01  
  4.969517052678e-07  ,6.152610445694e-01  
  4.970517060292e-07  ,6.184330523550e-01  
  4.971517067907e-07  ,6.216705143146e-01  
  4.972517075521e-07  ,6.249723186854e-01  
  4.973517083136e-07  ,6.283373314692e-01  
  4.974517090750e-07  ,6.317644078863e-01  
  4.975517098365e-07  ,6.352523815773e-01  
  4.976517105979e-07  ,6.388000759128e-01  
  4.977517113594e-07  ,6.424062937012e-01  
  4.978517121208e-07  ,6.460698277505e-01  
  4.979517128823e-07  ,6.497894514044e-01  
  4.980517136437e-07  ,6.535639281361e-01  
  4.981517144052e-07  ,6.573920033500e-01  
  4.982517151666e-07  ,6.612724127699e-01  
  4.983517159281e-07  ,6.652038748255e-01  
  4.984517166895e-07  ,6.691850992030e-01  
  4.985517174510e-07  ,6.732147789666e-01  
  4.986517182124e-07  ,6.772915989569e-01  
  4.987517189739e-07  ,6.814142282593e-01  
  4.988517197353e-07  ,6.855813285818e-01  
  4.989517204968e-07  ,6.897915466802e-01  
  4.990517212582e-07  ,6.940435220029e-01  
  4.991517220197e-07  ,6.983358811887e-01  
  4.992517227811e-07  ,7.026672426494e-01  
  4.993517235426e-07  ,7.070362142912e-01  
  4.994517243040e-07  ,7.114413954380e-01  
  4.995517250655e-07  ,7.158813763708e-01  
  4.996517258269e-07  ,7.203547393228e-01  
  4.997517265884e-07  ,7.248600578836e-01  
  4.998517273498e-07  ,7.293958998071e-01  
  4.999517281113e-07  ,7.339608225857e-01  
  5.000517288727e-07  ,7.385533813658e-01  
  5.001517296342e-07  ,7.431721197345e-01  
  5.002517303956e-07  ,7.478155809441e-01  
  5.003517311571e-07  ,7.524822968563e-01  
  5.004517319185e-07  ,7.571708001987e-01  
  5.005517326800e-07  ,7.618796131355e-01  
  5.006517334414e-07  ,7.666072589473e-01  
  5.007517342029e-07  ,7.713522519170e-01  
  5.008517349643e-07  ,7.761131078799e-01  
  5.009517357258e-07  ,7.808883343276e-01  
  5.010517364872e-07  ,7.856764416600e-01  
  5.011517372487e-07  ,7.904759320981e-01  
  5.012517380101e-07  ,7.952853122788e-01  
  5.013517387716e-07  ,8.001030807225e-01  
  5.014517395330e-07  ,8.049277420436e-01  
  5.015517402945e-07  ,8.097577928845e-01  
  5.016517410559e-07  ,8.145917368923e-01  
  5.017517418174e-07  ,8.194280711093e-01  
  5.018517425788e-07  ,8.242652997407e-01  
  5.019517433403e-07  ,8.291019214456e-01  
  5.020517441017e-07  ,8.339364430521e-01  
  5.021517448631e-07  ,8.387673665827e-01  
  5.022517456246e-07  ,8.435932027845e-01  
  5.023517463860e-07  ,8.484124585611e-01  
  5.024517471475e-07  ,8.532236506439e-01  
  5.025517479089e-07  ,8.580252923997e-01  
  5.026517486704e-07  ,8.628159079124e-01  
  5.027517494318e-07  ,8.675940185714e-01  
  5.028517501933e-07  ,8.723581576883e-01  
  5.029517509547e-07  ,8.771068563440e-01  
  5.030517517162e-07  ,8.818386584212e-01  
  5.031517524776e-07  ,8.865521060049e-01  
  5.032517532391e-07  ,8.912457561148e-01  
  5.033517540005e-07  ,8.959181627001e-01  
  5.034517547620e-07  ,9.005678970557e-01  
  5.035517555234e-07  ,9.051935275528e-01  
  5.036517562849e-07  ,9.097936409073e-01  
  5.037517570463e-07  ,9.143668213416e-01  
  5.038517578078e-07  ,9.189116722863e-01  
  5.039517585692e-07  ,9.234267959463e-01  
  5.040517593307e-07  ,9.279108137130e-01  
  5.041517600921e-07  ,9.323623470370e-01  
  5.042517608536e-07  ,9.367800370471e-01  
  5.043517616150e-07  ,9.411625257541e-01  
  5.044517623765e-07  ,9.455084757370e-01  
  5.045517631379e-07  ,9.498165508117e-01  
  5.046517638994e-07  ,9.540854362108e-01  
  5.047517646608e-07  ,9.583138195505e-01  
  5.048517654223e-07  ,9.625004097770e-01  
  5.049517661837e-07  ,9.666439196917e-01  
  5.050517669452e-07  ,9.707430833695e-01  
  5.051517677066e-07  ,9.747966402929e-01  
  5.052517684681e-07  ,9.788033510490e-01  
  5.053517692295e-07  ,9.827619827601e-01  
  5.054517699910e-07  ,9.866713241027e-01  
  5.055517707524e-07  ,9.905301714351e-01  
  5.056517715139e-07  ,9.943373424669e-01  
  5.057517722753e-07  ,9.980916638311e-01  
  5.058517730368e-07  ,1.001791984129e+00  
  5.059517737982e-07  ,1.005437161009e+00  
  5.060517745597e-07  ,1.009026075513e+00  
  5.061517753211e-07  ,1.012557617364e+00  
  5.062517760826e-07  ,1.016030700997e+00  
  5.063517768440e-07  ,1.019444249974e+00  
  5.064517776055e-07  ,1.022797212726e+00  
  5.065517783669e-07  ,1.026088547666e+00  
  5.066517791284e-07  ,1.029317239062e+00  
  5.067517798898e-07  ,1.032482280744e+00  
  5.068517806513e-07  ,1.035582693646e+00  
  5.069517814127e-07  ,1.038617508459e+00  
  5.070517821742e-07  ,1.041585783972e+00  
  5.071517829356e-07  ,1.044486588332e+00  
  5.072517836971e-07  ,1.047319019192e+00  
  5.073517844585e-07  ,1.050082183372e+00  
  5.074517852200e-07  ,1.052775217988e+00  
  5.075517859814e-07  ,1.055397269802e+00  
  5.076517867429e-07  ,1.057947516305e+00  
  5.077517875043e-07  ,1.060425144469e+00  
  5.078517882658e-07  ,1.062829373567e+00  
  5.079517890272e-07  ,1.065159431797e+00  
  5.080517897887e-07  ,1.067414580230e+00  
  5.081517905501e-07  ,1.069594089782e+00  
  5.082517913116e-07  ,1.071697263576e+00  
  5.083517920730e-07  ,1.073723416328e+00  
  5.084517928345e-07  ,1.075671894170e+00  
  5.085517935959e-07  ,1.077542055375e+00  
  5.086517943574e-07  ,1.079333290277e+00  
  5.087517951188e-07  ,1.081045001755e+00  
  5.088517958803e-07  ,1.082676624424e+00  
  5.089517966417e-07  ,1.084227606266e+00  
  5.090517974032e-07  ,1.085697427173e+00  
  5.091517981646e-07  ,1.087085580364e+00  
  5.092517989261e-07  ,1.088391591716e+00  
  5.093517996875e-07  ,1.089615000254e+00  
  5.094518004490e-07  ,1.090755377903e+00  
  5.095518012104e-07  ,1.091812310493e+00  
  5.096518019719e-07  ,1.092785415918e+00  
  5.097518027333e-07  ,1.093674327293e+00  
  5.098518034948e-07  ,1.094478709249e+00  
  5.099518042562e-07  ,1.095198241843e+00  
  5.100518050176e-07  ,1.095832637149e+00  
  5.101518057791e-07  ,1.096381622410e+00  
  5.102518065405e-07  ,1.096844957254e+00  
  5.103518073020e-07  ,1.097222416532e+00  
  5.104518080634e-07  ,1.097513807587e+00  
  5.105518088249e-07  ,1.097718952814e+00  
  5.106518095863e-07  ,1.097837707463e+00  
  5.107518103478e-07  ,1.097869942070e+00  
  5.108518111092e-07  ,1.097815559112e+00  
  5.109518118707e-07  ,1.097674477939e+00  
  5.110518126321e-07  ,1.097446648161e+00  
  5.111518133936e-07  ,1.097132037559e+00  
  5.112518141550e-07  ,1.096730643538e+00  
  5.113518149165e-07  ,1.096242481530e+00  
  5.114518156779e-07  ,1.095667597380e+00  
  5.115518164394e-07  ,1.095006053759e+00  
  5.116518172008e-07  ,1.094257944346e+00  
  5.117518179623e-07  ,1.093423379705e+00  
  5.118518187237e-07  ,1.092502501044e+00  
  5.119518194852e-07  ,1.091495466008e+00  
  5.120518202466e-07  ,1.090402463655e+00  
  5.121518210081e-07  ,1.089223698437e+00  
  5.122518217695e-07  ,1.087959406810e+00  
  5.123518225310e-07  ,1.086609839661e+00  
  5.124518232924e-07  ,1.085175280827e+00  
  5.125518240539e-07  ,1.083656027225e+00  
  5.126518248153e-07  ,1.082052409093e+00  
  5.127518255768e-07  ,1.080364769812e+00  
  5.128518263382e-07  ,1.078593485349e+00  
  5.129518270997e-07  ,1.076738944584e+00  
  5.130518278611e-07  ,1.074801569464e+00  
  5.131518286226e-07  ,1.072781793422e+00  
  5.132518293840e-07  ,1.070680083896e+00  
  5.133518301455e-07  ,1.068496918354e+00  
  5.134518309069e-07  ,1.066232809330e+00  
  5.135518316684e-07  ,1.063888277797e+00  
  5.136518324298e-07  ,1.061463879996e+00  
  5.137518331913e-07  ,1.058960180626e+00  
  5.138518339527e-07  ,1.056377778726e+00  
  5.139518347142e-07  ,1.053717281681e+00  
  5.140518354756e-07  ,1.050979331247e+00  
  5.141518362371e-07  ,1.048164576144e+00  
  5.142518369985e-07  ,1.045273700315e+00  
  5.143518377600e-07  ,1.042307393034e+00  
  5.144518385214e-07  ,1.039266379753e+00  
  5.145518392829e-07  ,1.036151389458e+00  
  5.146518400443e-07  ,1.032963187686e+00  
  5.147518408058e-07  ,1.029702543258e+00  
  5.148518415672e-07  ,1.026370260149e+00  
  5.149518423287e-07  ,1.022967146257e+00  
  5.150518430901e-07  ,1.019494043340e+00  
  5.151518438516e-07  ,1.015951796970e+00  
  5.152518446130e-07  ,1.012341285983e+00  
  5.153518453745e-07  ,1.008663392782e+00  
  5.154518461359e-07  ,1.004919032148e+00  
  5.155518468974e-07  ,1.001109121982e+00  
  5.156518476588e-07  ,9.972346122348e-01  
  5.157518484203e-07  ,9.932964552984e-01  
  5.158518491817e-07  ,9.892956350404e-01  
  5.159518499432e-07  ,9.852331373066e-01  
  5.160518507046e-07  ,9.811099788200e-01  
  5.161518514661e-07  ,9.769271777247e-01  
  5.162518522275e-07  ,9.726857822574e-01  
  5.163518529890e-07  ,9.683868417222e-01  
  5.164518537504e-07  ,9.640314349175e-01  
  5.165518545119e-07  ,9.596206410637e-01  
  5.166518552733e-07  ,9.551555680718e-01  
  5.167518560348e-07  ,9.506373238412e-01  
  5.168518567962e-07  ,9.460670444339e-01  
  5.169518575577e-07  ,9.414458649606e-01  
  5.170518583191e-07  ,9.367749483800e-01  
  5.171518590806e-07  ,9.320554556408e-01  
  5.172518598420e-07  ,9.272885752640e-01  
  5.173518606035e-07  ,9.224754931074e-01  
  5.174518613649e-07  ,9.176174214146e-01  
  5.175518621264e-07  ,9.127155698703e-01  
  5.176518628878e-07  ,9.077711730831e-01  
  5.177518636493e-07  ,9.027854629974e-01  
  5.178518644107e-07  ,8.977596955526e-01  
  5.179518651722e-07  ,8.926951231135e-01  
  5.180518659336e-07  ,8.875930218334e-01  
  5.181518666950e-07  ,8.824546632555e-01  
  5.182518674565e-07  ,8.772813418096e-01  
  5.183518682179e-07  ,8.720743471394e-01  
  5.184518689794e-07  ,8.668349907680e-01  
  5.185518697408e-07  ,8.615645783094e-01  
  5.186518705023e-07  ,8.562644372688e-01  
  5.187518712637e-07  ,8.509358879563e-01  
  5.188518720252e-07  ,8.455802721230e-01  
  5.189518727866e-07  ,8.401989234518e-01  
  5.190518735481e-07  ,8.347931962249e-01  
  5.191518743095e-07  ,8.293644363463e-01  
  5.192518750710e-07  ,8.239140088982e-01  
  5.193518758324e-07  ,8.184432703566e-01  
  5.194518765939e-07  ,8.129535954314e-01  
  5.195518773553e-07  ,8.074463496435e-01  
  5.196518781168e-07  ,8.019229155664e-01  
  5.197518788782e-07  ,7.963846662820e-01  
  5.198518796397e-07  ,7.908329909819e-01  
  5.199518804011e-07  ,7.852692684334e-01  
  5.200518811626e-07  ,7.796948930489e-01  
  5.201518819240e-07  ,7.741112478726e-01  
  5.202518826855e-07  ,7.685197309726e-01  
  5.203518834469e-07  ,7.629217280677e-01  
  5.204518842084e-07  ,7.573186390581e-01  
  5.205518849698e-07  ,7.517118514638e-01  
  5.206518857313e-07  ,7.461027650384e-01  
  5.207518864927e-07  ,7.404927675449e-01  
  5.208518872542e-07  ,7.348832574385e-01  
  5.209518880156e-07  ,7.292756205576e-01  
  5.210518887771e-07  ,7.236712531300e-01  
  5.211518895385e-07  ,7.180715374003e-01  
  5.212518903000e-07  ,7.124778654851e-01  
  5.213518910614e-07  ,7.068916150680e-01  
  5.214518918229e-07  ,7.013141723961e-01  
  5.215518925843e-07  ,6.957469087712e-01  
  5.216518933458e-07  ,6.901912036174e-01  
  5.217518941072e-07  ,6.846484199238e-01  
  5.218518948687e-07  ,6.791199288831e-01  
  5.219518956301e-07  ,6.736070842238e-01  
  5.220518963916e-07  ,6.681112465460e-01  
  5.221518971530e-07  ,6.626337590974e-01  
  5.222518979145e-07  ,6.571759708787e-01  
  5.223518986759e-07  ,6.517392128825e-01  
  5.224518994374e-07  ,6.463248209163e-01  
  5.225519001988e-07  ,6.409341123695e-01  
  5.226519009603e-07  ,6.355684085546e-01  
  5.227519017217e-07  ,6.302290117447e-01  
  5.228519024832e-07  ,6.249172271696e-01  
  5.229519032446e-07  ,6.196343407214e-01  
  5.230519040061e-07  ,6.143816404612e-01  
  5.231519047675e-07  ,6.091603938160e-01  
  5.232519055290e-07  ,6.039718707087e-01  
  5.233519062904e-07  ,5.988173188598e-01  
  5.234519070519e-07  ,5.936979884064e-01  
  5.235519078133e-07  ,5.886151062177e-01  
  5.236519085748e-07  ,5.835699011664e-01  
  5.237519093362e-07  ,5.785635779638e-01  
  5.238519100977e-07  ,5.735973430829e-01  
  5.239519108591e-07  ,5.686723775622e-01  
  5.240519116206e-07  ,5.637898643530e-01  
  5.241519123820e-07  ,5.589509595108e-01  
  5.242519131435e-07  ,5.541568209492e-01  
  5.243519139049e-07  ,5.494085791186e-01  
  5.244519146664e-07  ,5.447073649256e-01  
  5.245519154278e-07  ,5.400542824918e-01  
  5.246519161893e-07  ,5.354504345672e-01  
  5.247519169507e-07  ,5.308968975459e-01  
  5.248519177122e-07  ,5.263947447558e-01  
  5.249519184736e-07  ,5.219450238363e-01  
  5.250519192351e-07  ,5.175487780769e-01  
  5.251519199965e-07  ,5.132070242569e-01  
  5.252519207580e-07  ,5.089207751567e-01  
  5.253519215194e-07  ,5.046910158914e-01  
  5.254519222809e-07  ,5.005187269395e-01  
  5.255519230423e-07  ,4.964048611123e-01  
  5.256519238038e-07  ,4.923503658187e-01  
  5.257519245652e-07  ,4.883561598790e-01  
  5.258519253267e-07  ,4.844231573733e-01  
  5.259519260881e-07  ,4.805522416594e-01  
  5.260519268496e-07  ,4.767442927383e-01  
  5.261519276110e-07  ,4.730001578033e-01  
  5.262519283724e-07  ,4.693206814299e-01  
  5.263519291339e-07  ,4.657066739947e-01  
  5.264519298953e-07  ,4.621589436573e-01  
  5.265519306568e-07  ,4.586782635641e-01  
  5.266519314182e-07  ,4.552654040841e-01  
  5.267519321797e-07  ,4.519211004976e-01  
  5.268519329411e-07  ,4.486460848293e-01  
  5.269519337026e-07  ,4.454410536431e-01  
  5.270519344640e-07  ,4.423066996285e-01  
  5.271519352255e-07  ,4.392436802490e-01  
  5.272519359869e-07  ,4.362526477637e-01  
  5.273519367484e-07  ,4.333342204551e-01  
  5.274519375098e-07  ,4.304890092175e-01  
  5.275519382713e-07  ,4.277175920725e-01  
  5.276519390327e-07  ,4.250205387248e-01  
  5.277519397942e-07  ,4.223983859677e-01  
  5.278519405556e-07  ,4.198516616748e-01  
  5.279519413171e-07  ,4.173808609802e-01  
  5.280519420785e-07  ,4.149864695013e-01  
  5.281519428400e-07  ,4.126689400835e-01  
  5.282519436014e-07  ,4.104287159127e-01  
  5.283519443629e-07  ,4.082662067113e-01  
  5.284519451243e-07  ,4.061818129511e-01  
  5.285519458858e-07  ,4.041759009866e-01  
  5.286519466472e-07  ,4.022488281452e-01  
  5.287519474087e-07  ,4.004009169520e-01  
  5.288519481701e-07  ,3.986324813365e-01  
  5.289519489316e-07  ,3.969437999263e-01  
  5.290519496930e-07  ,3.953351424631e-01  
  5.291519504545e-07  ,3.938067439759e-01  
  5.292519512159e-07  ,3.923588296398e-01  
  5.293519519774e-07  ,3.909915902397e-01  
  5.294519527388e-07  ,3.897052070010e-01  
  5.295519535003e-07  ,3.884998257558e-01  
  5.296519542617e-07  ,3.873755836351e-01  
  5.297519550232e-07  ,3.863325816313e-01  
  5.298519557846e-07  ,3.853709129262e-01  
  5.299519565461e-07  ,3.844906332604e-01  
  5.300519573075e-07  ,3.836917915636e-01  
  5.301519580690e-07  ,3.829743991759e-01  
  5.302519588304e-07  ,3.823384600999e-01  
  5.303519595919e-07  ,3.817839414940e-01  
  5.304519603533e-07  ,3.813108027277e-01  
  5.305519611148e-07  ,3.809189664754e-01  
  5.306519618762e-07  ,3.806083479230e-01  
  5.307519626377e-07  ,3.803788253777e-01  
  5.308519633991e-07  ,3.802302697734e-01  
  5.309519641606e-07  ,3.801625156028e-01  
  5.310519649220e-07  ,3.801753894689e-01  
  5.311519656835e-07  ,3.802686821601e-01  
  5.312519664449e-07  ,3.804421767625e-01  
  5.313519672064e-07  ,3.806956201395e-01  
  5.314519679678e-07  ,3.810287524320e-01  
  5.315519687293e-07  ,3.814412769883e-01  
  5.316519694907e-07  ,3.819328909784e-01  
  5.317519702522e-07  ,3.825032548887e-01  
  5.318519710136e-07  ,3.831520231942e-01  
  5.319519717751e-07  ,3.838788144389e-01  
  5.320519725365e-07  ,3.846832403291e-01  
  5.321519732980e-07  ,3.855648776776e-01  
  5.322519740594e-07  ,3.865232967109e-01  
  5.323519748209e-07  ,3.875580326777e-01  
  5.324519755823e-07  ,3.886686146172e-01  
  5.325519763438e-07  ,3.898545370390e-01  
  5.326519771052e-07  ,3.911152884082e-01  
  5.327519778667e-07  ,3.924503229826e-01  
  5.328519786281e-07  ,3.938590893868e-01  
  5.329519793896e-07  ,3.953410021936e-01  
  5.330519801510e-07  ,3.968954709906e-01  
  5.331519809125e-07  ,3.985218709840e-01  
  5.332519816739e-07  ,4.002195739998e-01  
  5.333519824354e-07  ,4.019879163175e-01  
  5.334519831968e-07  ,4.038262325327e-01  
  5.335519839583e-07  ,4.057338213455e-01  
  5.336519847197e-07  ,4.077099802780e-01  
  5.337519854812e-07  ,4.097539719337e-01  
  5.338519862426e-07  ,4.118650569794e-01  
  5.339519870041e-07  ,4.140424630428e-01  
  5.340519877655e-07  ,4.162854150045e-01  
  5.341519885270e-07  ,4.185931059882e-01  
  5.342519892884e-07  ,4.209647264496e-01  
  5.343519900498e-07  ,4.233994356233e-01  
  5.344519908113e-07  ,4.258963905051e-01  
  5.345519915727e-07  ,4.284547175617e-01  
  5.346519923342e-07  ,4.310735412495e-01  
  5.347519930956e-07  ,4.337519562894e-01  
  5.348519938571e-07  ,4.364890555888e-01  
  5.349519946185e-07  ,4.392839030798e-01  
  5.350519953800e-07  ,4.421355612079e-01  
  5.351519961414e-07  ,4.450430643102e-01  
  5.352519969029e-07  ,4.480054452543e-01  
  5.353519976643e-07  ,4.510217102599e-01  
  5.354519984258e-07  ,4.540908632271e-01  
  5.355519991872e-07  ,4.572118835469e-01  
  5.356519999487e-07  ,4.603837476750e-01  
  5.357520007101e-07  ,4.636054086443e-01  
  5.358520014716e-07  ,4.668758172442e-01  
  5.359520022330e-07  ,4.701939010071e-01  
  5.360520029945e-07  ,4.735585864959e-01  
  5.361520037559e-07  ,4.769687767201e-01  
  5.362520045174e-07  ,4.804233750027e-01  
  5.363520052788e-07  ,4.839212618975e-01  
  5.364520060403e-07  ,4.874613179611e-01  
  5.365520068017e-07  ,4.910424028656e-01  
  5.366520075632e-07  ,4.946633755558e-01  
  5.367520083246e-07  ,4.983230759722e-01  
  5.368520090861e-07  ,5.020203434085e-01  
  5.369520098475e-07  ,5.057539984152e-01  
  5.370520106090e-07  ,5.095228624805e-01  
  5.371520113704e-07  ,5.133257383214e-01  
  5.372520121319e-07  ,5.171614303372e-01  
  5.373520128933e-07  ,5.210287250264e-01  
  5.374520136548e-07  ,5.249264113022e-01  
  5.375520144162e-07  ,5.288532603029e-01  
  5.376520151777e-07  ,5.328080472181e-01  
  5.377520159391e-07  ,5.367895291253e-01  
  5.378520167006e-07  ,5.407964684980e-01  
  5.379520174620e-07  ,5.448276101273e-01  
  5.380520182235e-07  ,5.488817052117e-01  
  5.381520189849e-07  ,5.529574873567e-01  
  5.382520197464e-07  ,5.570536977988e-01  
  5.383520205078e-07  ,5.611690608228e-01  
  5.384520212693e-07  ,5.653023087126e-01  
  5.385520220307e-07  ,5.694521579459e-01  
  5.386520227922e-07  ,5.736173334066e-01  
  5.387520235536e-07  ,5.777965449732e-01  
  5.388520243151e-07  ,5.819885114256e-01  
  5.389520250765e-07  ,5.861919380911e-01  
  5.390520258380e-07  ,5.904055383339e-01  
  5.391520265994e-07  ,5.946280145760e-01  
  5.392520273609e-07  ,5.988580766246e-01  
  5.393520281223e-07  ,6.030944248827e-01  
  5.394520288838e-07  ,6.073357670506e-01  
  5.395520296452e-07  ,6.115808031407e-01  
  5.396520304067e-07  ,6.158282405070e-01  
  5.397520311681e-07  ,6.200767795169e-01  
  5.398520319296e-07  ,6.243251287127e-01  
  5.399520326910e-07  ,6.285719906134e-01  
  5.400520334525e-07  ,6.328160763968e-01  
  5.401520342139e-07  ,6.370560916962e-01  
  5.402520349754e-07  ,6.412907518548e-01  
  5.403520357368e-07  ,6.455187673604e-01  
  5.404520364983e-07  ,6.497388589391e-01  
  5.405520372597e-07  ,6.539497432302e-01  
  5.406520380212e-07  ,6.581501476789e-01  
  5.407520387826e-07  ,6.623387969377e-01  
  5.408520395441e-07  ,6.665144261078e-01  
  5.409520403055e-07  ,6.706757692100e-01  
  5.410520410670e-07  ,6.748215707585e-01  
  5.411520418284e-07  ,6.789505751278e-01  
  5.412520425899e-07  ,6.830615379977e-01  
  5.413520433513e-07  ,6.871532151484e-01  
  5.414520441128e-07  ,6.912243746806e-01  
  5.415520448742e-07  ,6.952737855547e-01  
  5.416520456357e-07  ,6.993002292917e-01  
  5.417520463971e-07  ,7.033024894746e-01  
  5.418520471586e-07  ,7.072793622975e-01  
  5.419520479200e-07  ,7.112296473377e-01  
  5.420520486815e-07  ,7.151521568598e-01  
  5.421520494429e-07  ,7.190457073404e-01  
  5.422520502044e-07  ,7.229091288823e-01  
  5.423520509658e-07  ,7.267412559881e-01  
  5.424520517272e-07  ,7.305409374511e-01  
  5.425520524887e-07  ,7.343070276849e-01  
  5.426520532501e-07  ,7.380383951348e-01  
  5.427520540116e-07  ,7.417339149708e-01  
  5.428520547730e-07  ,7.453924771681e-01  
  5.429520555345e-07  ,7.490129785569e-01  
  5.430520562959e-07  ,7.525943315400e-01  
  5.431520570574e-07  ,7.561354562792e-01  
  5.432520578188e-07  ,7.596352883684e-01  
  5.433520585803e-07  ,7.630927728984e-01  
  5.434520593417e-07  ,7.665068694146e-01  
  5.435520601032e-07  ,7.698765486295e-01  
  5.436520608646e-07  ,7.732007963942e-01  
  5.437520616261e-07  ,7.764786093390e-01  
  5.438520623875e-07  ,7.797090001086e-01  
  5.439520631490e-07  ,7.828909934666e-01  
  5.440520639104e-07  ,7.860236296124e-01  
  5.441520646719e-07  ,7.891059616390e-01  
  5.442520654333e-07  ,7.921370592137e-01  
  5.443520661948e-07  ,7.951160045167e-01  
  5.444520669562e-07  ,7.980418974682e-01  
  5.445520677177e-07  ,8.009138506540e-01  
  5.446520684791e-07  ,8.037309946667e-01  
  5.447520692406e-07  ,8.064924738836e-01  
  5.448520700020e-07  ,8.091974503051e-01  
  5.449520707635e-07  ,8.118451008489e-01  
  5.450520715249e-07  ,8.144346202226e-01  
  5.451520722864e-07  ,8.169652182095e-01  
  5.452520730478e-07  ,8.194361233843e-01  
  5.453520738093e-07  ,8.218465792688e-01  
  5.454520745707e-07  ,8.241958487457e-01  
  5.455520753322e-07  ,8.264832101253e-01  
  5.456520760936e-07  ,8.287079614191e-01  
  5.457520768551e-07  ,8.308694162379e-01  
  5.458520776165e-07  ,8.329669084795e-01  
  5.459520783780e-07  ,8.349997880340e-01  
  5.460520791394e-07  ,8.369674250792e-01  
  5.461520799009e-07  ,8.388692062510e-01  
  5.462520806623e-07  ,8.407045391747e-01  
  5.463520814238e-07  ,8.424728476380e-01  
  5.464520821852e-07  ,8.441735769828e-01  
  5.465520829467e-07  ,8.458061889593e-01  
  5.466520837081e-07  ,8.473701676255e-01  
  5.467520844696e-07  ,8.488650125355e-01  
  5.468520852310e-07  ,8.502902469004e-01  
  5.469520859925e-07  ,8.516454094480e-01  
  5.470520867539e-07  ,8.529300621862e-01  
  5.471520875154e-07  ,8.541437837731e-01  
  5.472520882768e-07  ,8.552861755013e-01  
  5.473520890383e-07  ,8.563568559870e-01  
  5.474520897997e-07  ,8.573554667333e-01  
  5.475520905612e-07  ,8.582816662723e-01  
  5.476520913226e-07  ,8.591351369210e-01  
  5.477520920841e-07  ,8.599155770505e-01  
  5.478520928455e-07  ,8.606227102285e-01  
  5.479520936070e-07  ,8.612562754520e-01  
  5.480520943684e-07  ,8.618160370532e-01  
  5.481520951299e-07  ,8.623017751364e-01  
  5.482520958913e-07  ,8.627132952196e-01  
  5.483520966528e-07  ,8.630504183373e-01  
  5.484520974142e-07  ,8.633129916116e-01  
  5.485520981757e-07  ,8.635008770715e-01  
  5.486520989371e-07  ,8.636139633007e-01  
  5.487520996986e-07  ,8.636521538371e-01  
  5.488521004600e-07  ,8.636153785549e-01  
  5.489521012215e-07  ,8.635035824261e-01  
  5.490521019829e-07  ,8.633167368439e-01  
  5.491521027444e-07  ,8.630548281848e-01  
  5.492521035058e-07  ,8.627178691017e-01  
  5.493521042673e-07  ,8.623058877545e-01  
  5.494521050287e-07  ,8.618189376760e-01  
  5.495521057902e-07  ,8.612570883661e-01  
  5.496521065516e-07  ,8.606204347810e-01  
  5.497521073131e-07  ,8.599090876888e-01  
  5.498521080745e-07  ,8.591231825539e-01  
  5.499521088360e-07  ,8.582628715030e-01  
  5.500521095974e-07  ,8.573283307368e-01  
  5.501521103589e-07  ,8.563197533037e-01  
  5.502521111203e-07  ,8.552373554092e-01  
  5.503521118818e-07  ,8.540813712242e-01  
  5.504521126432e-07  ,8.528520569092e-01  
  5.505521134046e-07  ,8.515496866859e-01  
  5.506521141661e-07  ,8.501745567634e-01  
  5.507521149275e-07  ,8.487269810595e-01  
  5.508521156890e-07  ,8.472072955848e-01  
  5.509521164504e-07  ,8.456158533439e-01  
  5.510521172119e-07  ,8.439530293270e-01  
  5.511521179733e-07  ,8.422192159998e-01  
  5.512521187348e-07  ,8.404148265808e-01  
  5.513521194962e-07  ,8.385402916889e-01  
  5.514521202577e-07  ,8.365960635418e-01  
  5.515521210191e-07  ,8.345826098150e-01  
  5.516521217806e-07  ,8.325004207669e-01  
  5.517521225420e-07  ,8.303500011425e-01  
  5.518521233035e-07  ,8.281318782487e-01  
  5.519521240649e-07  ,8.258465937740e-01  
  5.520521248264e-07  ,8.234947110775e-01  
  5.521521255878e-07  ,8.210768079165e-01  
  5.522521263493e-07  ,8.185934833926e-01  
  5.523521271107e-07  ,8.160453508712e-01  
  5.524521278722e-07  ,8.134330437983e-01  
  5.525521286336e-07  ,8.107572109838e-01  
  5.526521293951e-07  ,8.080185193972e-01  
  5.527521301565e-07  ,8.052176520219e-01  
  5.528521309180e-07  ,8.023553093220e-01  
  5.529521316794e-07  ,7.994322069599e-01  
  5.530521324409e-07  ,7.964490787819e-01  
  5.531521332023e-07  ,7.934066717470e-01  
  5.532521339638e-07  ,7.903057520851e-01  
  5.533521347252e-07  ,7.871470979970e-01  
  5.534521354867e-07  ,7.839315062678e-01  
  5.535521362481e-07  ,7.806597861256e-01  
  5.536521370096e-07  ,7.773327637897e-01  
  5.537521377710e-07  ,7.739512781373e-01  
  5.538521385325e-07  ,7.705161847184e-01  
  5.539521392939e-07  ,7.670283503384e-01  
  5.540521400554e-07  ,7.634886590942e-01  
  5.541521408168e-07  ,7.598980050841e-01  
  5.542521415783e-07  ,7.562572996417e-01  
  5.543521423397e-07  ,7.525674629272e-01  
  5.544521431012e-07  ,7.488294329990e-01  
  5.545521438626e-07  ,7.450441544830e-01  
  5.546521446241e-07  ,7.412125913321e-01  
  5.547521453855e-07  ,7.373357118282e-01  
  5.548521461470e-07  ,7.334145042624e-01  
  5.549521469084e-07  ,7.294499598291e-01  
  5.550521476699e-07  ,7.254430896309e-01  
  5.551521484313e-07  ,7.213949070831e-01  
  5.552521491928e-07  ,7.173064448493e-01  
  5.553521499542e-07  ,7.131787371659e-01  
  5.554521507157e-07  ,7.090128371974e-01  
  5.555521514771e-07  ,7.048097992415e-01  
  5.556521522386e-07  ,7.005706952990e-01  
  5.557521530000e-07  ,6.962965984362e-01  
  5.558521537615e-07  ,6.919885988375e-01  
  5.559521545229e-07  ,6.876477868521e-01  
  5.560521552844e-07  ,6.832752692773e-01  
  5.561521560458e-07  ,6.788721530676e-01  
  5.562521568073e-07  ,6.744395602800e-01  
  5.563521575687e-07  ,6.699786127859e-01  
  5.564521583302e-07  ,6.654904471813e-01  
  5.565521590916e-07  ,6.609761988691e-01  
  5.566521598531e-07  ,6.564370175952e-01  
  5.567521606145e-07  ,6.518740510147e-01  
  5.568521613760e-07  ,6.472884608204e-01  
  5.569521621374e-07  ,6.426814057320e-01  
  5.570521628989e-07  ,6.380540577931e-01  
  5.571521636603e-07  ,6.334075857897e-01  
  5.572521644218e-07  ,6.287431708101e-01  
  5.573521651832e-07  ,6.240619902643e-01  
  5.574521659447e-07  ,6.193652330153e-01  
  5.575521667061e-07  ,6.146540838358e-01  
  5.576521674676e-07  ,6.099297378662e-01  
  5.577521682290e-07  ,6.051933862372e-01  
  5.578521689905e-07  ,6.004462290184e-01  
  5.579521697519e-07  ,5.956894618621e-01  
  5.580521705134e-07  ,5.909242890394e-01  
  5.581521712748e-07  ,5.861519094489e-01  
  5.582521720363e-07  ,5.813735296579e-01  
  5.583521727977e-07  ,5.765903508143e-01  
  5.584521735592e-07  ,5.718035806095e-01  
  5.585521743206e-07  ,5.670144208881e-01  
  5.586521750820e-07  ,5.622240793196e-01  
  5.587521758435e-07  ,5.574337568277e-01  
  5.588521766049e-07  ,5.526446601896e-01  
  5.589521773664e-07  ,5.478579875379e-01  
  5.590521781278e-07  ,5.430749438153e-01  
  5.591521788893e-07  ,5.382967232792e-01  
  5.592521796507e-07  ,5.335245269732e-01  
  5.593521804122e-07  ,5.287595445165e-01  
  5.594521811736e-07  ,5.240029718109e-01  
  5.595521819351e-07  ,5.192559921981e-01  
  5.596521826965e-07  ,5.145197952730e-01  
  5.597521834580e-07  ,5.097955569521e-01  
  5.598521842194e-07  ,5.050844590697e-01  
  5.599521849809e-07  ,5.003876688343e-01  
  5.600521857423e-07  ,4.957063589917e-01  
  5.601521865038e-07  ,4.910416871130e-01  
  5.602521872652e-07  ,4.863948151072e-01  
  5.603521880267e-07  ,4.817668898856e-01  
  5.604521887881e-07  ,4.771590613032e-01  
  5.605521895496e-07  ,4.725724643217e-01  
  5.606521903110e-07  ,4.680082356043e-01  
  5.607521910725e-07  ,4.634674965948e-01  
  5.608521918339e-07  ,4.589513697772e-01  
  5.609521925954e-07  ,4.544609620401e-01  
  5.610521933568e-07  ,4.499973803040e-01  
  5.611521941183e-07  ,4.455617154704e-01  
  5.612521948797e-07  ,4.411550580341e-01  
  5.613521956412e-07  ,4.367784817525e-01  
  5.614521964026e-07  ,4.324330592835e-01  
  5.615521971641e-07  ,4.281198462682e-01  
  5.616521979255e-07  ,4.238398963167e-01  
  5.617521986870e-07  ,4.195942458014e-01  
  5.618521994484e-07  ,4.153839281397e-01  
  5.619522002099e-07  ,4.112099594453e-01  
  5.620522009713e-07  ,4.070733518338e-01  
  5.621522017328e-07  ,4.029750998689e-01  
  5.622522024942e-07  ,3.989161935822e-01  
  5.623522032557e-07  ,3.948976045331e-01  
  5.624522040171e-07  ,3.909202999695e-01  
  5.625522047786e-07  ,3.869852274762e-01  
  5.626522055400e-07  ,3.830933301322e-01  
  5.627522063015e-07  ,3.792455307697e-01  
  5.628522070629e-07  ,3.754427472008e-01  
  5.629522078244e-07  ,3.716858767708e-01  
  5.630522085858e-07  ,3.679758106449e-01  
  5.631522093473e-07  ,3.643134199707e-01  
  5.632522101087e-07  ,3.606995687456e-01  
  5.633522108702e-07  ,3.571351001086e-01  
  5.634522116316e-07  ,3.536208505386e-01  
  5.635522123931e-07  ,3.501576344052e-01  
  5.636522131545e-07  ,3.467462593335e-01  
  5.637522139160e-07  ,3.433875104430e-01  
  5.638522146774e-07  ,3.400821658083e-01  
  5.639522154389e-07  ,3.368309798565e-01  
  5.640522162003e-07  ,3.336347006349e-01  
  5.641522169618e-07  ,3.304940515706e-01  
  5.642522177232e-07  ,3.274097490092e-01  
  5.643522184847e-07  ,3.243824853423e-01  
  5.644522192461e-07  ,3.214129441990e-01  
  5.645522200076e-07  ,3.185017861398e-01  
  5.646522207690e-07  ,3.156496616397e-01  
  5.647522215305e-07  ,3.128571984607e-01  
  5.648522222919e-07  ,3.101250135804e-01  
  5.649522230534e-07  ,3.074537009458e-01  
  5.650522238148e-07  ,3.048438436338e-01  
  5.651522245763e-07  ,3.022960012321e-01  
  5.652522253377e-07  ,2.998107224101e-01  
  5.653522260992e-07  ,2.973885314115e-01  
  5.654522268606e-07  ,2.950299421006e-01  
  5.655522276221e-07  ,2.927354433860e-01  
  5.656522283835e-07  ,2.905055129628e-01  
  5.657522291450e-07  ,2.883406047604e-01  
  5.658522299064e-07  ,2.862411592617e-01  
  5.659522306679e-07  ,2.842075949022e-01  
  5.660522314293e-07  ,2.822403149637e-01  
  5.661522321908e-07  ,2.803397019488e-01  
  5.662522329522e-07  ,2.785061213256e-01  
  5.663522337137e-07  ,2.767399190205e-01  
  5.664522344751e-07  ,2.750414229890e-01  
  5.665522352366e-07  ,2.734109420265e-01  
  5.666522359980e-07  ,2.718487660625e-01  
  5.667522367594e-07  ,2.703551664318e-01  
  5.668522375209e-07  ,2.689303952959e-01  
  5.669522382823e-07  ,2.675746859379e-01  
  5.670522390438e-07  ,2.662882524237e-01  
  5.671522398052e-07  ,2.650712897790e-01  
  5.672522405667e-07  ,2.639239740115e-01  
  5.673522413281e-07  ,2.628464619065e-01  
  5.674522420896e-07  ,2.618388909820e-01  
  5.675522428510e-07  ,2.609013792988e-01  
  5.676522436125e-07  ,2.600340266333e-01  
  5.677522443739e-07  ,2.592369118355e-01  
  5.678522451354e-07  ,2.585100964299e-01  
  5.679522458968e-07  ,2.578536209297e-01  
  5.680522466583e-07  ,2.572675080970e-01  
  5.681522474197e-07  ,2.567517600001e-01  
  5.682522481812e-07  ,2.563063608479e-01  
  5.683522489426e-07  ,2.559312746171e-01  
  5.684522497041e-07  ,2.556264464415e-01  
  5.685522504655e-07  ,2.553918025285e-01  
  5.686522512270e-07  ,2.552272494491e-01  
  5.687522519884e-07  ,2.551326753394e-01  
  5.688522527499e-07  ,2.551079484365e-01  
  5.689522535113e-07  ,2.551529190721e-01  
  5.690522542728e-07  ,2.552674172242e-01  
  5.691522550342e-07  ,2.554512560767e-01  
  5.692522557957e-07  ,2.557042269076e-01  
  5.693522565571e-07  ,2.560261063045e-01  
  5.694522573186e-07  ,2.564166476777e-01  
  5.695522580800e-07  ,2.568755903658e-01  
  5.696522588415e-07  ,2.574026508797e-01  
  5.697522596029e-07  ,2.579975316805e-01  
  5.698522603644e-07  ,2.586599121498e-01  
  5.699522611258e-07  ,2.593894588241e-01  
  5.700522618873e-07  ,2.601858144289e-01  
  5.701522626487e-07  ,2.610486094730e-01  
  5.702522634102e-07  ,2.619774508457e-01  
  5.703522641716e-07  ,2.629719334052e-01  
  5.704522649331e-07  ,2.640316287427e-01  
  5.705522656945e-07  ,2.651560965771e-01  
  5.706522664560e-07  ,2.663448735179e-01  
  5.707522672174e-07  ,2.675974846973e-01  
  5.708522679789e-07  ,2.689134328125e-01  
  5.709522687403e-07  ,2.702922083286e-01  
  5.710522695018e-07  ,2.717332809882e-01  
  5.711522702632e-07  ,2.732361071247e-01  
  5.712522710247e-07  ,2.748001241552e-01  
  5.713522717861e-07  ,2.764247549645e-01  
  5.714522725476e-07  ,2.781094049784e-01  
  5.715522733090e-07  ,2.798534652219e-01  
  5.716522740705e-07  ,2.816563086929e-01  
  5.717522748319e-07  ,2.835172957658e-01  
  5.718522755934e-07  ,2.854357681181e-01  
  5.719522763548e-07  ,2.874110558144e-01  
  5.720522771163e-07  ,2.894424700383e-01  
  5.721522778777e-07  ,2.915293112119e-01  
  5.722522786392e-07  ,2.936708609721e-01  
  5.723522794006e-07  ,2.958663910631e-01  
  5.724522801621e-07  ,2.981151542393e-01  
  5.725522809235e-07  ,3.004163941766e-01  
  5.726522816850e-07  ,3.027693360215e-01  
  5.727522824464e-07  ,3.051731960796e-01  
  5.728522832079e-07  ,3.076271727916e-01  
  5.729522839693e-07  ,3.101304559506e-01  
  5.730522847308e-07  ,3.126822182653e-01  
  5.731522854922e-07  ,3.152816239690e-01  
  5.732522862537e-07  ,3.179278207183e-01  
  5.733522870151e-07  ,3.206199487463e-01  
  5.734522877766e-07  ,3.233571310575e-01  
  5.735522885380e-07  ,3.261384849150e-01  
  5.736522892995e-07  ,3.289631100348e-01  
  5.737522900609e-07  ,3.318301015090e-01  
  5.738522908224e-07  ,3.347385367018e-01  
  5.739522915838e-07  ,3.376874894805e-01  
  5.740522923453e-07  ,3.406760161968e-01  
  5.741522931067e-07  ,3.437031706539e-01  
  5.742522938682e-07  ,3.467679888147e-01  
  5.743522946296e-07  ,3.498695053196e-01  
  5.744522953911e-07  ,3.530067375467e-01  
  5.745522961525e-07  ,3.561787018379e-01  
  5.746522969140e-07  ,3.593843979036e-01  
  5.747522976754e-07  ,3.626228247147e-01  
  5.748522984368e-07  ,3.658929657825e-01  
  5.749522991983e-07  ,3.691938037338e-01  
  5.750522999597e-07  ,3.725243071741e-01  
  5.751523007212e-07  ,3.758834433225e-01  
  5.752523014826e-07  ,3.792701668251e-01  
  5.753523022441e-07  ,3.826834310932e-01  
  5.754523030055e-07  ,3.861221778363e-01  
  5.755523037670e-07  ,3.895853476760e-01  
  5.756523045284e-07  ,3.930718707554e-01  
  5.757523052899e-07  ,3.965806759917e-01  
  5.758523060513e-07  ,4.001106831152e-01  
  5.759523068128e-07  ,4.036608106909e-01  
  5.760523075742e-07  ,4.072299688915e-01  
  5.761523083357e-07  ,4.108170676896e-01  
  5.762523090971e-07  ,4.144210085424e-01  
  5.763523098586e-07  ,4.180406937922e-01  
  5.764523106200e-07  ,4.216750179084e-01  
  5.765523113815e-07  ,4.253228766719e-01  
  5.766523121429e-07  ,4.289831586272e-01  
  5.767523129044e-07  ,4.326547543240e-01  
  5.768523136658e-07  ,4.363365476496e-01  
  5.769523144273e-07  ,4.400274249797e-01  
  5.770523151887e-07  ,4.437262670262e-01  
  5.771523159502e-07  ,4.474319569870e-01  
  5.772523167116e-07  ,4.511433737478e-01  
  5.773523174731e-07  ,4.548593986892e-01  
  5.774523182345e-07  ,4.585789096121e-01  
  5.775523189960e-07  ,4.623007880600e-01  
  5.776523197574e-07  ,4.660239112347e-01  
  5.777523205189e-07  ,4.697471626084e-01  
  5.778523212803e-07  ,4.734694198358e-01  
  5.779523220418e-07  ,4.771895693084e-01  
  5.780523228032e-07  ,4.809064908218e-01  
  5.781523235647e-07  ,4.846190744483e-01  
  5.782523243261e-07  ,4.883262039298e-01  
  5.783523250876e-07  ,4.920267734038e-01  
  5.784523258490e-07  ,4.957196722644e-01  
  5.785523266105e-07  ,4.994038003117e-01  
  5.786523273719e-07  ,5.030780531802e-01  
  5.787523281334e-07  ,5.067413375153e-01  
  5.788523288948e-07  ,5.103925569133e-01  
  5.789523296563e-07  ,5.140306255486e-01  
  5.790523304177e-07  ,5.176544563966e-01  
  5.791523311792e-07  ,5.212629725825e-01  
  5.792523319406e-07  ,5.248550969326e-01  
  5.793523327021e-07  ,5.284297635341e-01  
  5.794523334635e-07  ,5.319859056972e-01  
  5.795523342250e-07  ,5.355224694602e-01  
  5.796523349864e-07  ,5.390384006358e-01  
  5.797523357479e-07  ,5.425326574787e-01  
  5.798523365093e-07  ,5.460041993515e-01  
  5.799523372708e-07  ,5.494519989767e-01  
  5.800523380322e-07  ,5.528750293720e-01  
  5.801523387937e-07  ,5.562722789017e-01  
  5.802523395551e-07  ,5.596427356971e-01  
  5.803523403166e-07  ,5.629854046849e-01  
  5.804523410780e-07  ,5.662992904909e-01  
  5.805523418395e-07  ,5.695834151454e-01  
  5.806523426009e-07  ,5.728368009053e-01  
  5.807523433624e-07  ,5.760584883774e-01  
  5.808523441238e-07  ,5.792475185140e-01  
  5.809523448853e-07  ,5.824029508415e-01  
  5.810523456467e-07  ,5.855238464347e-01  
  5.811523464082e-07  ,5.886092851604e-01  
  5.812523471696e-07  ,5.916583485188e-01  
  5.813523479311e-07  ,5.946701379865e-01  
  5.814523486925e-07  ,5.976437565141e-01  
  5.815523494540e-07  ,6.005783282543e-01  
  5.816523502154e-07  ,6.034729783707e-01  
  5.817523509769e-07  ,6.063268543343e-01  
  5.818523517383e-07  ,6.091391049914e-01  
  5.819523524998e-07  ,6.119089018769e-01  
  5.820523532612e-07  ,6.146354183538e-01  
  5.821523540227e-07  ,6.173178506198e-01  
  5.822523547841e-07  ,6.199553979376e-01  
  5.823523555456e-07  ,6.225472816839e-01  
  5.824523563070e-07  ,6.250927279225e-01  
  5.825523570685e-07  ,6.275909841093e-01  
  5.826523578299e-07  ,6.300413036431e-01  
  5.827523585913e-07  ,6.324429613753e-01  
  5.828523593528e-07  ,6.347952381411e-01  
  5.829523601142e-07  ,6.370974375818e-01  
  5.830523608757e-07  ,6.393488682815e-01  
  5.831523616371e-07  ,6.415488634164e-01  
  5.832523623986e-07  ,6.436967604170e-01  
  5.833523631600e-07  ,6.457919221490e-01  
  5.834523639215e-07  ,6.478337161217e-01  
  5.835523646829e-07  ,6.498215350279e-01  
  5.836523654444e-07  ,6.517547773409e-01  
  5.837523662058e-07  ,6.536328664100e-01  
  5.838523669673e-07  ,6.554552318969e-01  
  5.839523677287e-07  ,6.572213284243e-01  
  5.840523684902e-07  ,6.589306178767e-01  
  5.841523692516e-07  ,6.605825863071e-01  
  5.842523700131e-07  ,6.621767281805e-01  
  5.843523707745e-07  ,6.637125621204e-01  
  5.844523715360e-07  ,6.651896150915e-01  
  5.845523722974e-07  ,6.666074389738e-01  
  5.846523730589e-07  ,6.679655939213e-01  
  5.847523738203e-07  ,6.692636651530e-01  
  5.848523745818e-07  ,6.705012463658e-01  
  5.849523753432e-07  ,6.716779572102e-01  
  5.850523761047e-07  ,6.727934246973e-01  
  5.851523768661e-07  ,6.738473032085e-01  
  5.852523776276e-07  ,6.748392538907e-01  
  5.853523783890e-07  ,6.757689658621e-01  
  5.854523791505e-07  ,6.766361349705e-01  
  5.855523799119e-07  ,6.774404848548e-01  
  5.856523806734e-07  ,6.781817469528e-01  
  5.857523814348e-07  ,6.788596793687e-01  
  5.858523821963e-07  ,6.794740493690e-01  
  5.859523829577e-07  ,6.800246499065e-01  
  5.860523837192e-07  ,6.805112838300e-01  
  5.861523844806e-07  ,6.809337795909e-01  
  5.862523852421e-07  ,6.812919758889e-01  
  5.863523860035e-07  ,6.815857362360e-01  
  5.864523867650e-07  ,6.818149354847e-01  
  5.865523875264e-07  ,6.819794727367e-01  
  5.866523882879e-07  ,6.820792587101e-01  
  5.867523890493e-07  ,6.821142281455e-01  
  5.868523898108e-07  ,6.820843277376e-01  
  5.869523905722e-07  ,6.819895277577e-01  
  5.870523913337e-07  ,6.818298111740e-01  
  5.871523920951e-07  ,6.816051835526e-01  
  5.872523928566e-07  ,6.813156642722e-01  
  5.873523936180e-07  ,6.809612937391e-01  
  5.874523943795e-07  ,6.805421279190e-01  
  5.875523951409e-07  ,6.800582421790e-01  
  5.876523959024e-07  ,6.795097287072e-01  
  5.877523966638e-07  ,6.788966977560e-01  
  5.878523974253e-07  ,6.782192773391e-01  
  5.879523981867e-07  ,6.774776128435e-01  
  5.880523989482e-07  ,6.766718675947e-01  
  5.881523997096e-07  ,6.758022220244e-01  
  5.882524004711e-07  ,6.748688745373e-01  
  5.883524012325e-07  ,6.738720404195e-01  
  5.884524019940e-07  ,6.728119526720e-01  
  5.885524027554e-07  ,6.716888613940e-01  
  5.886524035169e-07  ,6.705030337005e-01  
  5.887524042783e-07  ,6.692547541551e-01  
  5.888524050398e-07  ,6.679443237982e-01  
  5.889524058012e-07  ,6.665720612909e-01  
  5.890524065627e-07  ,6.651383010347e-01  
  5.891524073241e-07  ,6.636433953908e-01  
  5.892524080856e-07  ,6.620877121337e-01  
  5.893524088470e-07  ,6.604716362414e-01  
  5.894524096085e-07  ,6.587955688298e-01  
  5.895524103699e-07  ,6.570599270807e-01  
  5.896524111314e-07  ,6.552651442773e-01  
  5.897524118928e-07  ,6.534116703067e-01  
  5.898524126543e-07  ,6.514999695757e-01  
  5.899524134157e-07  ,6.495305238288e-01  
  5.900524141772e-07  ,6.475038287191e-01  
  5.901524149386e-07  ,6.454203967002e-01  
  5.902524157001e-07  ,6.432807542822e-01  
  5.903524164615e-07  ,6.410854442275e-01  
  5.904524172230e-07  ,6.388350228576e-01  
  5.905524179844e-07  ,6.365300629587e-01  
  5.906524187459e-07  ,6.341711499446e-01  
  5.907524195073e-07  ,6.317588856168e-01  
  5.908524202687e-07  ,6.292938842464e-01  
  5.909524210302e-07  ,6.267767759268e-01  
  5.910524217916e-07  ,6.242082024736e-01  
  5.911524225531e-07  ,6.215888222789e-01  
  5.912524233145e-07  ,6.189193035257e-01  
  5.913524240760e-07  ,6.162003323562e-01  
  5.914524248374e-07  ,6.134326023503e-01  
  5.915524255989e-07  ,6.106168266007e-01  
  5.916524263603e-07  ,6.077537235478e-01  
  5.917524271218e-07  ,6.048440321459e-01  
  5.918524278832e-07  ,6.018884951813e-01  
  5.919524286447e-07  ,5.988878761143e-01  
  5.920524294061e-07  ,5.958429415145e-01  
  5.921524301676e-07  ,5.927544786190e-01  
  5.922524309290e-07  ,5.896232768632e-01  
  5.923524316905e-07  ,5.864501459727e-01  
  5.924524324519e-07  ,5.832358978420e-01  
  5.925524332134e-07  ,5.799813634731e-01  
  5.926524339748e-07  ,5.766873762284e-01  
  5.927524347363e-07  ,5.733547879074e-01  
  5.928524354977e-07  ,5.699844517757e-01  
  5.929524362592e-07  ,5.665772398648e-01  
  5.930524370206e-07  ,5.631340243145e-01  
  5.931524377821e-07  ,5.596556962056e-01  
  5.932524385435e-07  ,5.561431458043e-01  
  5.933524393050e-07  ,5.525972821929e-01  
  5.934524400664e-07  ,5.490190127033e-01  
  5.935524408279e-07  ,5.454092633123e-01  
  5.936524415893e-07  ,5.417689574331e-01  
  5.937524423508e-07  ,5.380990371225e-01  
  5.938524431122e-07  ,5.344004405588e-01  
  5.939524438737e-07  ,5.306741248954e-01  
  5.940524446351e-07  ,5.269210420414e-01  
  5.941524453966e-07  ,5.231421632679e-01  
  5.942524461580e-07  ,5.193384530592e-01  
  5.943524469195e-07  ,5.155108954696e-01  
  5.944524476809e-07  ,5.116604671260e-01  
  5.945524484424e-07  ,5.077881631671e-01  
  5.946524492038e-07  ,5.038949713444e-01  
  5.947524499653e-07  ,4.999818970090e-01  
  5.948524507267e-07  ,4.960499379493e-01  
  5.949524514882e-07  ,4.921001083467e-01  
  5.950524522496e-07  ,4.881334150102e-01  
  5.951524530111e-07  ,4.841508801695e-01  
  5.952524537725e-07  ,4.801535179151e-01  
  5.953524545340e-07  ,4.761423576991e-01  
  5.954524552954e-07  ,4.721184200578e-01  
  5.955524560569e-07  ,4.680827401074e-01  
  5.956524568183e-07  ,4.640363437124e-01  
  5.957524575798e-07  ,4.599802708740e-01  
  5.958524583412e-07  ,4.559155512455e-01  
  5.959524591027e-07  ,4.518432287381e-01  
  5.960524598641e-07  ,4.477643359129e-01  
  5.961524606256e-07  ,4.436799189228e-01  
  5.962524613870e-07  ,4.395910122169e-01  
  5.963524621485e-07  ,4.354986636024e-01  
  5.964524629099e-07  ,4.314039075163e-01  
  5.965524636714e-07  ,4.273077927425e-01  
  5.966524644328e-07  ,4.232113525052e-01  
  5.967524651943e-07  ,4.191156350749e-01  
  5.968524659557e-07  ,4.150216718471e-01  
  5.969524667172e-07  ,4.109305091183e-01  
  5.970524674786e-07  ,4.068431755283e-01  
  5.971524682401e-07  ,4.027607137319e-01  
  5.972524690015e-07  ,3.986841490923e-01  
  5.973524697630e-07  ,3.946145194142e-01  
  5.974524705244e-07  ,3.905528452296e-01  
  5.975524712859e-07  ,3.865001590039e-01  
  5.976524720473e-07  ,3.824574745542e-01  
  5.977524728088e-07  ,3.784258183612e-01  
  5.978524735702e-07  ,3.744061967656e-01  
  5.979524743317e-07  ,3.703996282123e-01  
  5.980524750931e-07  ,3.664071113330e-01  
  5.981524758546e-07  ,3.624296549957e-01  
  5.982524766160e-07  ,3.584682491038e-01  
  5.983524773775e-07  ,3.545238919585e-01  
  5.984524781389e-07  ,3.505975635568e-01  
  5.985524789004e-07  ,3.466902504674e-01  
  5.986524796618e-07  ,3.428029220156e-01  
  5.987524804233e-07  ,3.389365519442e-01  
  5.988524811847e-07  ,3.350920972448e-01  
  5.989524819461e-07  ,3.312705187653e-01  
  5.990524827076e-07  ,3.274727593095e-01  
  5.991524834690e-07  ,3.236997660193e-01  
  5.992524842305e-07  ,3.199524670461e-01  
  5.993524849919e-07  ,3.162317940316e-01  
  5.994524857534e-07  ,3.125386596511e-01  
  5.995524865148e-07  ,3.088739794413e-01  
  5.996524872763e-07  ,3.052386495057e-01  
  5.997524880377e-07  ,3.016335678099e-01  
  5.998524887992e-07  ,2.980596132898e-01  
  5.999524895606e-07  ,2.945176658192e-01  
  6.000524903221e-07  ,2.910085853808e-01  
  6.001524910835e-07  ,2.875332332644e-01  
  6.002524918450e-07  ,2.840924497505e-01  
  6.003524926064e-07  ,2.806870761482e-01  
  6.004524933679e-07  ,2.773179325956e-01  
  6.005524941293e-07  ,2.739858394216e-01  
  6.006524948908e-07  ,2.706915954512e-01  
  6.007524956522e-07  ,2.674359994107e-01  
  6.008524964137e-07  ,2.642198282193e-01  
  6.009524971751e-07  ,2.610438577064e-01  
  6.010524979366e-07  ,2.579088420561e-01  
  6.011524986980e-07  ,2.548155339853e-01  
  6.012524994595e-07  ,2.517646635274e-01  
  6.013525002209e-07  ,2.487569595131e-01  
  6.014525009824e-07  ,2.457931276242e-01  
  6.015525017438e-07  ,2.428738715517e-01  
  6.016525025053e-07  ,2.399998718124e-01  
  6.017525032667e-07  ,2.371718066969e-01  
  6.018525040282e-07  ,2.343903305635e-01  
  6.019525047896e-07  ,2.316560953449e-01  
  6.020525055511e-07  ,2.289697289977e-01  
  6.021525063125e-07  ,2.263318562644e-01  
  6.022525070740e-07  ,2.237430781709e-01  
  6.023525078354e-07  ,2.212039912277e-01  
  6.024525085969e-07  ,2.187151692186e-01  
  6.025525093583e-07  ,2.162771800669e-01  
  6.026525101198e-07  ,2.138905690224e-01  
  6.027525108812e-07  ,2.115558755181e-01  
  6.028525116427e-07  ,2.092736152803e-01  
  6.029525124041e-07  ,2.070442989572e-01  
  6.030525131656e-07  ,2.048684122818e-01  
  6.031525139270e-07  ,2.027464362377e-01  
  6.032525146885e-07  ,2.006788264307e-01  
  6.033525154499e-07  ,1.986660333045e-01  
  6.034525162114e-07  ,1.967084824018e-01  
  6.035525169728e-07  ,1.948065931228e-01  
  6.036525177343e-07  ,1.929607600177e-01  
  6.037525184957e-07  ,1.911713712562e-01  
  6.038525192572e-07  ,1.894387902487e-01  
  6.039525200186e-07  ,1.877633735407e-01  
  6.040525207801e-07  ,1.861454527749e-01  
  6.041525215415e-07  ,1.845853526076e-01  
  6.042525223030e-07  ,1.830833725760e-01  
  6.043525230644e-07  ,1.816398054931e-01  
  6.044525238259e-07  ,1.802549182747e-01  
  6.045525245873e-07  ,1.789289712480e-01  
  6.046525253488e-07  ,1.776621989398e-01  
  6.047525261102e-07  ,1.764548288930e-01  
  6.048525268717e-07  ,1.753070628975e-01  
  6.049525276331e-07  ,1.742190957377e-01  
  6.050525283946e-07  ,1.731910959048e-01  
  6.051525291560e-07  ,1.722232254660e-01  
  6.052525299175e-07  ,1.713156198280e-01  
  6.053525306789e-07  ,1.704684074560e-01  
  6.054525314404e-07  ,1.696816912436e-01  
  6.055525322018e-07  ,1.689555659365e-01  
  6.056525329633e-07  ,1.682901013257e-01  
  6.057525337247e-07  ,1.676853587026e-01  
  6.058525344862e-07  ,1.671413747546e-01  
  6.059525352476e-07  ,1.666581775241e-01  
  6.060525360091e-07  ,1.662357701743e-01  
  6.061525367705e-07  ,1.658741475598e-01  
  6.062525375320e-07  ,1.655732797451e-01  
  6.063525382934e-07  ,1.653331282296e-01  
  6.064525390549e-07  ,1.651536298020e-01  
  6.065525398163e-07  ,1.650347131937e-01  
  6.066525405778e-07  ,1.649762816456e-01  
  6.067525413392e-07  ,1.649782313968e-01  
  6.068525421007e-07  ,1.650404326489e-01  
  6.069525428621e-07  ,1.651627484116e-01  
  6.070525436235e-07  ,1.653450169137e-01  
  6.071525443850e-07  ,1.655870678104e-01  
  6.072525451464e-07  ,1.658887074908e-01  
  6.073525459079e-07  ,1.662497325669e-01  
  6.074525466693e-07  ,1.666699180207e-01  
  6.075525474308e-07  ,1.671490276590e-01  
  6.076525481922e-07  ,1.676868046077e-01  
  6.077525489537e-07  ,1.682829815653e-01  
  6.078525497151e-07  ,1.689372691252e-01  
  6.079525504766e-07  ,1.696493692153e-01  
  6.080525512380e-07  ,1.704189607284e-01  
  6.081525519995e-07  ,1.712457149574e-01  
  6.082525527609e-07  ,1.721292796714e-01  
  6.083525535224e-07  ,1.730692956440e-01  
  6.084525542838e-07  ,1.740653799666e-01  
  6.085525550453e-07  ,1.751171437522e-01  
  6.086525558067e-07  ,1.762241734336e-01  
  6.087525565682e-07  ,1.773860509937e-01  
  6.088525573296e-07  ,1.786023330428e-01  
  6.089525580911e-07  ,1.798725726656e-01  
  6.090525588525e-07  ,1.811962970587e-01  
  6.091525596140e-07  ,1.825730311978e-01  
  6.092525603754e-07  ,1.840022734610e-01  
  6.093525611369e-07  ,1.854835209509e-01  
  6.094525618983e-07  ,1.870162442697e-01  
  6.095525626598e-07  ,1.885999127287e-01  
  6.096525634212e-07  ,1.902339700656e-01  
  6.097525641827e-07  ,1.919178586747e-01  
  6.098525649441e-07  ,1.936509957632e-01  
  6.099525657056e-07  ,1.954327973521e-01  
  6.100525664670e-07  ,1.972626548015e-01  
  6.101525672285e-07  ,1.991399589041e-01  
  6.102525679899e-07  ,2.010640757031e-01  
  6.103525687514e-07  ,2.030343708478e-01  
  6.104525695128e-07  ,2.050501867092e-01  
  6.105525702743e-07  ,2.071108640358e-01  
  6.106525710357e-07  ,2.092157220406e-01  
  6.107525717972e-07  ,2.113640780485e-01  
  6.108525725586e-07  ,2.135552284379e-01  
  6.109525733201e-07  ,2.157884677616e-01  
  6.110525740815e-07  ,2.180630705768e-01  
  6.111525748430e-07  ,2.203783096778e-01  
  6.112525756044e-07  ,2.227334383089e-01  
  6.113525763659e-07  ,2.251277084381e-01  
  6.114525771273e-07  ,2.275603527575e-01  
  6.115525778888e-07  ,2.300306034542e-01  
  6.116525786502e-07  ,2.325376733934e-01  
  6.117525794117e-07  ,2.350807760216e-01  
  6.118525801731e-07  ,2.376591051515e-01  
  6.119525809346e-07  ,2.402718560640e-01  
  6.120525816960e-07  ,2.429182051547e-01  
  6.121525824575e-07  ,2.455973298472e-01  
  6.122525832189e-07  ,2.483083902376e-01  
  6.123525839804e-07  ,2.510505470027e-01  
  6.124525847418e-07  ,2.538229445572e-01  
  6.125525855033e-07  ,2.566247278917e-01  
  6.126525862647e-07  ,2.594550268725e-01  
  6.127525870262e-07  ,2.623129716323e-01  
  6.128525877876e-07  ,2.651976785047e-01  
  6.129525885491e-07  ,2.681082635276e-01  
  6.130525893105e-07  ,2.710438308436e-01  
  6.131525900720e-07  ,2.740034833833e-01  
  6.132525908334e-07  ,2.769863135216e-01  
  6.133525915949e-07  ,2.799914126993e-01  
  6.134525923563e-07  ,2.830178624829e-01  
  6.135525931178e-07  ,2.860647436162e-01  
  6.136525938792e-07  ,2.891311276451e-01  
  6.137525946407e-07  ,2.922160864720e-01  
  6.138525954021e-07  ,2.953186820190e-01  
  6.139525961636e-07  ,2.984379781041e-01  
  6.140525969250e-07  ,3.015730288213e-01  
  6.141525976865e-07  ,3.047228905199e-01  
  6.142525984479e-07  ,3.078866107185e-01  
  6.143525992094e-07  ,3.110632388863e-01  
  6.144525999708e-07  ,3.142518174847e-01  
  6.145526007323e-07  ,3.174513902671e-01  
  6.146526014937e-07  ,3.206609952503e-01  
  6.147526022552e-07  ,3.238796715714e-01  
  6.148526030166e-07  ,3.271064540413e-01  
  6.149526037781e-07  ,3.303403786223e-01  
  6.150526045395e-07  ,3.335804772244e-01  
  6.151526053009e-07  ,3.368257840035e-01  
  6.152526060624e-07  ,3.400753293474e-01  
  6.153526068238e-07  ,3.433281462527e-01  
  6.154526075853e-07  ,3.465832648623e-01  
  6.155526083467e-07  ,3.498397178842e-01  
  6.156526091082e-07  ,3.530965364210e-01  
  6.157526098696e-07  ,3.563527543196e-01  
  6.158526106311e-07  ,3.596074040621e-01  
  6.159526113925e-07  ,3.628595216769e-01  
  6.160526121540e-07  ,3.661081427340e-01  
  6.161526129154e-07  ,3.693523061918e-01  
  6.162526136769e-07  ,3.725910514445e-01  
  6.163526144383e-07  ,3.758234219090e-01  
  6.164526151998e-07  ,3.790484614837e-01  
  6.165526159612e-07  ,3.822652193102e-01  
  6.166526167227e-07  ,3.854727447311e-01  
  6.167526174841e-07  ,3.886700936394e-01  
  6.168526182456e-07  ,3.918563219135e-01  
  6.169526190070e-07  ,3.950304932933e-01  
  6.170526197685e-07  ,3.981916711454e-01  
  6.171526205299e-07  ,4.013389277712e-01  
  6.172526212914e-07  ,4.044713356455e-01  
  6.173526220528e-07  ,4.075879761899e-01  
  6.174526228143e-07  ,4.106879320137e-01  
  6.175526235757e-07  ,4.137702950687e-01  
  6.176526243372e-07  ,4.168341584188e-01  
  6.177526250986e-07  ,4.198786258568e-01  
  6.178526258601e-07  ,4.229028024197e-01  
  6.179526266215e-07  ,4.259058035864e-01  
  6.180526273830e-07  ,4.288867483054e-01  
  6.181526281444e-07  ,4.318447644244e-01  
  6.182526289059e-07  ,4.347789851003e-01  
  6.183526296673e-07  ,4.376885524508e-01  
  6.184526304288e-07  ,4.405726143500e-01  
  6.185526311902e-07  ,4.434303281587e-01  
  6.186526319517e-07  ,4.462608572508e-01  
  6.187526327131e-07  ,4.490633749927e-01  
  6.188526334746e-07  ,4.518370615550e-01  
  6.189526342360e-07  ,4.545811072474e-01  
  6.190526349975e-07  ,4.572947093361e-01  
  6.191526357589e-07  ,4.599770763254e-01  
  6.192526365204e-07  ,4.626274235410e-01  
  6.193526372818e-07  ,4.652449782166e-01  
  6.194526380433e-07  ,4.678289747562e-01  
  6.195526388047e-07  ,4.703786599937e-01  
  6.196526395662e-07  ,4.728932879918e-01  
  6.197526403276e-07  ,4.753721261192e-01  
  6.198526410891e-07  ,4.778144490967e-01  
  6.199526418505e-07  ,4.802195451662e-01  
  6.200526426120e-07  ,4.825867106105e-01  
  6.201526433734e-07  ,4.849152555121e-01  
  6.202526441349e-07  ,4.872044986175e-01  
  6.203526448963e-07  ,4.894537718789e-01  
  6.204526456578e-07  ,4.916624174504e-01  
  6.205526464192e-07  ,4.938297905919e-01  
  6.206526471807e-07  ,4.959552566341e-01  
  6.207526479421e-07  ,4.980381950137e-01  
  6.208526487036e-07  ,5.000779952900e-01  
  6.209526494650e-07  ,5.020740615184e-01  
  6.210526502265e-07  ,5.040258079303e-01  
  6.211526509879e-07  ,5.059326639225e-01  
  6.212526517494e-07  ,5.077940692051e-01  
  6.213526525108e-07  ,5.096094786597e-01  
  6.214526532723e-07  ,5.113783586687e-01  
  6.215526540337e-07  ,5.131001896396e-01  
  6.216526547952e-07  ,5.147744653154e-01  
  6.217526555566e-07  ,5.164006923628e-01  
  6.218526563181e-07  ,5.179783919930e-01  
  6.219526570795e-07  ,5.195070980732e-01  
  6.220526578410e-07  ,5.209863595061e-01  
  6.221526586024e-07  ,5.224157377427e-01  
  6.222526593639e-07  ,5.237948101682e-01  
  6.223526601253e-07  ,5.251231660725e-01  
  6.224526608868e-07  ,5.264004115111e-01  
  6.225526616482e-07  ,5.276261644780e-01  
  6.226526624097e-07  ,5.288000597485e-01  
  6.227526631711e-07  ,5.299217444078e-01  
  6.228526639326e-07  ,5.309908825514e-01  
  6.229526646940e-07  ,5.320071504076e-01  
  6.230526654555e-07  ,5.329702420475e-01  
  6.231526662169e-07  ,5.338798627824e-01  
  6.232526669783e-07  ,5.347357371040e-01  
  6.233526677398e-07  ,5.355375998281e-01  
  6.234526685012e-07  ,5.362852059406e-01  
  6.235526692627e-07  ,5.369783202270e-01  
  6.236526700241e-07  ,5.376167277262e-01  
  6.237526707856e-07  ,5.382002244324e-01  
  6.238526715470e-07  ,5.387286250563e-01  
  6.239526723085e-07  ,5.392017566131e-01  
  6.240526730699e-07  ,5.396194644890e-01  
  6.241526738314e-07  ,5.399816061838e-01  
  6.242526745928e-07  ,5.402880582164e-01  
  6.243526753543e-07  ,5.405387086842e-01  
  6.244526761157e-07  ,5.407334649969e-01  
  6.245526768772e-07  ,5.408722461537e-01  
  6.246526776386e-07  ,5.409549906586e-01  
  6.247526784001e-07  ,5.409816484541e-01  
  6.248526791615e-07  ,5.409521888452e-01  
  6.249526799230e-07  ,5.408665927154e-01  
  6.250526806844e-07  ,5.407248604782e-01  
  6.251526814459e-07  ,5.405270038298e-01  
  6.252526822073e-07  ,5.402730542855e-01  
  6.253526829688e-07  ,5.399630540315e-01  
  6.254526837302e-07  ,5.395970658081e-01  
  6.255526844917e-07  ,5.391751623172e-01  
  6.256526852531e-07  ,5.386974369647e-01  
  6.257526860146e-07  ,5.381639933671e-01  
  6.258526867760e-07  ,5.375749553307e-01  
  6.259526875375e-07  ,5.369304568148e-01  
  6.260526882989e-07  ,5.362306522617e-01  
  6.261526890604e-07  ,5.354757057465e-01  
  6.262526898218e-07  ,5.346658018892e-01  
  6.263526905833e-07  ,5.338011347762e-01  
  6.264526913447e-07  ,5.328819192342e-01  
  6.265526921062e-07  ,5.319083787080e-01  
  6.266526928676e-07  ,5.308807579997e-01  
  6.267526936291e-07  ,5.297993098827e-01  
  6.268526943905e-07  ,5.286643085324e-01  
  6.269526951520e-07  ,5.274760357179e-01  
  6.270526959134e-07  ,5.262347952189e-01  
  6.271526966749e-07  ,5.249408968156e-01  
  6.272526974363e-07  ,5.235946733016e-01  
  6.273526981978e-07  ,5.221964627978e-01  
  6.274526989592e-07  ,5.207466265944e-01  
  6.275526997207e-07  ,5.192455301518e-01  
  6.276527004821e-07  ,5.176935633965e-01  
  6.277527012436e-07  ,5.160911185943e-01  
  6.278527020050e-07  ,5.144386133259e-01  
  6.279527027665e-07  ,5.127364668829e-01  
  6.280527035279e-07  ,5.109851236691e-01  
  6.281527042894e-07  ,5.091850297450e-01  
  6.282527050508e-07  ,5.073366551125e-01  
  6.283527058123e-07  ,5.054404727807e-01  
  6.284527065737e-07  ,5.034969778788e-01  
  6.285527073352e-07  ,5.015066690134e-01  
  6.286527080966e-07  ,4.994700666233e-01  
  6.287527088581e-07  ,4.973876940550e-01  
  6.288527096195e-07  ,4.952600963376e-01  
  6.289527103810e-07  ,4.930878209582e-01  
  6.290527111424e-07  ,4.908714371393e-01  
  6.291527119039e-07  ,4.886115158217e-01  
  6.292527126653e-07  ,4.863086493098e-01  
  6.293527134268e-07  ,4.839634320978e-01  
  6.294527141882e-07  ,4.815764781316e-01  
  6.295527149497e-07  ,4.791484051176e-01  
  6.296527157111e-07  ,4.766798482175e-01  
  6.297527164726e-07  ,4.741714471328e-01  
  6.298527172340e-07  ,4.716238576902e-01  
  6.299527179955e-07  ,4.690377409793e-01  
  6.300527187569e-07  ,4.664137727515e-01  
  6.301527195184e-07  ,4.637526342466e-01  
  6.302527202798e-07  ,4.610550211968e-01  
  6.303527210413e-07  ,4.583216334506e-01  
  6.304527218027e-07  ,4.555531862487e-01  
  6.305527225642e-07  ,4.527503974423e-01  
  6.306527233256e-07  ,4.499140006517e-01  
  6.307527240871e-07  ,4.470447308634e-01  
  6.308527248485e-07  ,4.441433396906e-01  
  6.309527256100e-07  ,4.412105779858e-01  
  6.310527263714e-07  ,4.382472144075e-01  
  6.311527271329e-07  ,4.352540157109e-01  
  6.312527278943e-07  ,4.322317655505e-01  
  6.313527286557e-07  ,4.291812463073e-01  
  6.314527294172e-07  ,4.261032558852e-01  
  6.315527301786e-07  ,4.229985911932e-01  
  6.316527309401e-07  ,4.198680634830e-01  
  6.317527317015e-07  ,4.167124831353e-01  
  6.318527324630e-07  ,4.135326743333e-01  
  6.319527332244e-07  ,4.103294596690e-01  
  6.320527339859e-07  ,4.071036751679e-01  
  6.321527347473e-07  ,4.038561551128e-01  
  6.322527355088e-07  ,4.005877461981e-01  
  6.323527362702e-07  ,3.972992935453e-01  
  6.324527370317e-07  ,3.939916535169e-01  
  6.325527377931e-07  ,3.906656810986e-01  
  6.326527385546e-07  ,3.873222415656e-01  
  6.327527393160e-07  ,3.839621984858e-01  
  6.328527400775e-07  ,3.805864252960e-01  
  6.329527408389e-07  ,3.771957933259e-01  
  6.330527416004e-07  ,3.737911829023e-01  
  6.331527423618e-07  ,3.703734722382e-01  
  6.332527431233e-07  ,3.669435479046e-01  
  6.333527438847e-07  ,3.635022932986e-01  
  6.334527446462e-07  ,3.600506008048e-01  
  6.335527454076e-07  ,3.565893581927e-01  
  6.336527461691e-07  ,3.531194622281e-01  
  6.337527469305e-07  ,3.496418041430e-01  
  6.338527476920e-07  ,3.461572841628e-01  
  6.339527484534e-07  ,3.426667963464e-01  
  6.340527492149e-07  ,3.391712425498e-01  
  6.341527499763e-07  ,3.356715194066e-01  
  6.342527507378e-07  ,3.321685296814e-01  
  6.343527514992e-07  ,3.286631703953e-01  
  6.344527522607e-07  ,3.251563450112e-01  
  6.345527530221e-07  ,3.216489502293e-01  
  6.346527537836e-07  ,3.181418887771e-01  
  6.347527545450e-07  ,3.146360559584e-01  
  6.348527553065e-07  ,3.111323529434e-01  
  6.349527560679e-07  ,3.076316729791e-01  
  6.350527568294e-07  ,3.041349141970e-01  
  6.351527575908e-07  ,3.006429668336e-01  
  6.352527583523e-07  ,2.971567253552e-01  
  6.353527591137e-07  ,2.936770758503e-01  
  6.354527598752e-07  ,2.902049080075e-01  
  6.355527606366e-07  ,2.867411029964e-01  
  6.356527613981e-07  ,2.832865445795e-01  
  6.357527621595e-07  ,2.798421081503e-01  
  6.358527629210e-07  ,2.764086708672e-01  
  6.359527636824e-07  ,2.729871006203e-01  
  6.360527644439e-07  ,2.695782678297e-01  
  6.361527652053e-07  ,2.661830315706e-01  
  6.362527659668e-07  ,2.628022543144e-01  
  6.363527667282e-07  ,2.594367864147e-01  
  6.364527674897e-07  ,2.560874799667e-01  
  6.365527682511e-07  ,2.527551765445e-01  
  6.366527690126e-07  ,2.494407175561e-01  
  6.367527697740e-07  ,2.461449334422e-01  
  6.368527705355e-07  ,2.428686550505e-01  
  6.369527712969e-07  ,2.396127005628e-01  
  6.370527720584e-07  ,2.363778890960e-01  
  6.371527728198e-07  ,2.331650262537e-01  
  6.372527735813e-07  ,2.299749179002e-01  
  6.373527743427e-07  ,2.268083564807e-01  
  6.374527751042e-07  ,2.236661341596e-01  
  6.375527758656e-07  ,2.205490285548e-01  
  6.376527766271e-07  ,2.174578176410e-01  
  6.377527773885e-07  ,2.143932638929e-01  
  6.378527781500e-07  ,2.113561295677e-01  
  6.379527789114e-07  ,2.083471613534e-01  
  6.380527796729e-07  ,2.053671050604e-01  
  6.381527804343e-07  ,2.024166907295e-01  
  6.382527811958e-07  ,1.994966472587e-01  
  6.383527819572e-07  ,1.966076868308e-01  
  6.384527827187e-07  ,1.937505206058e-01  
  6.385527834801e-07  ,1.909258427151e-01  
  6.386527842416e-07  ,1.881343453817e-01  
  6.387527850030e-07  ,1.853767037674e-01  
  6.388527857645e-07  ,1.826535910897e-01  
  6.389527865259e-07  ,1.799656624470e-01  
  6.390527872874e-07  ,1.773135708531e-01  
  6.391527880488e-07  ,1.746979515671e-01  
  6.392527888103e-07  ,1.721194364157e-01  
  6.393527895717e-07  ,1.695786397594e-01  
  6.394527903331e-07  ,1.670761716371e-01  
  6.395527910946e-07  ,1.646126255930e-01  
  6.396527918560e-07  ,1.621885885361e-01  
  6.397527926175e-07  ,1.598046323886e-01  
  6.398527933789e-07  ,1.574613212796e-01  
  6.399527941404e-07  ,1.551592039224e-01  
  6.400527949018e-07  ,1.528988216558e-01  
  6.401527956633e-07  ,1.506806992846e-01  
  6.402527964247e-07  ,1.485053546497e-01  
  6.403527971862e-07  ,1.463732884178e-01  
  6.404527979476e-07  ,1.442849938498e-01  
  6.405527987091e-07  ,1.422409475457e-01  
  6.406527994705e-07  ,1.402416176299e-01  
  6.407528002320e-07  ,1.382874557679e-01  
  6.408528009934e-07  ,1.363789046670e-01  
  6.409528017549e-07  ,1.345163906164e-01  
  6.410528025163e-07  ,1.327003305281e-01  
  6.411528032778e-07  ,1.309311247294e-01  
  6.412528040392e-07  ,1.292091641709e-01  
  6.413528048007e-07  ,1.275348225056e-01  
  6.414528055621e-07  ,1.259084643867e-01  
  6.415528063236e-07  ,1.243304367621e-01  
  6.416528070850e-07  ,1.228010772961e-01  
  6.417528078465e-07  ,1.213207058873e-01  
  6.418528086079e-07  ,1.198896330084e-01  
  6.419528093694e-07  ,1.185081512158e-01  
  6.420528101308e-07  ,1.171765434519e-01  
  6.421528108923e-07  ,1.158950744823e-01  
  6.422528116537e-07  ,1.146639997934e-01  
  6.423528124152e-07  ,1.134835559293e-01  
  6.424528131766e-07  ,1.123539704107e-01  
  6.425528139381e-07  ,1.112754519872e-01  
  6.426528146995e-07  ,1.102481994108e-01  
  6.427528154610e-07  ,1.092723936503e-01  
  6.428528162224e-07  ,1.083482045226e-01  
  6.429528169839e-07  ,1.074757853494e-01  
  6.430528177453e-07  ,1.066552762842e-01  
  6.431528185068e-07  ,1.058868032494e-01  
  6.432528192682e-07  ,1.051704767787e-01  
  6.433528200297e-07  ,1.045063945457e-01  
  6.434528207911e-07  ,1.038946386325e-01  
  6.435528215526e-07  ,1.033352773683e-01  
  6.436528223140e-07  ,1.028283643861e-01  
  6.437528230755e-07  ,1.023739391697e-01  
  6.438528238369e-07  ,1.019720268056e-01  
  6.439528245984e-07  ,1.016226377857e-01  
  6.440528253598e-07  ,1.013257681386e-01  
  6.441528261213e-07  ,1.010814001036e-01  
  6.442528268827e-07  ,1.008895008728e-01  
  6.443528276442e-07  ,1.007500237496e-01  
  6.444528284056e-07  ,1.006629077420e-01  
  6.445528291671e-07  ,1.006280769198e-01  
  6.446528299285e-07  ,1.006454424924e-01  
  6.447528306900e-07  ,1.007148994464e-01  
  6.448528314514e-07  ,1.008363309595e-01  
  6.449528322129e-07  ,1.010096038338e-01  
  6.450528329743e-07  ,1.012345724056e-01  
  6.451528337358e-07  ,1.015110760516e-01  
  6.452528344972e-07  ,1.018389408028e-01  
  6.453528352587e-07  ,1.022179781747e-01  
  6.454528360201e-07  ,1.026479863639e-01  
  6.455528367816e-07  ,1.031287493959e-01  
  6.456528375430e-07  ,1.036600375867e-01  
  6.457528383045e-07  ,1.042416082649e-01  
  6.458528390659e-07  ,1.048732037132e-01  
  6.459528398274e-07  ,1.055545548742e-01  
  6.460528405888e-07  ,1.062853768928e-01  
  6.461528413503e-07  ,1.070653737933e-01  
  6.462528421117e-07  ,1.078942344574e-01  
  6.463528428732e-07  ,1.087716363750e-01  
  6.464528436346e-07  ,1.096972425774e-01  
  6.465528443961e-07  ,1.106707041776e-01  
  6.466528451575e-07  ,1.116916586369e-01  
  6.467528459190e-07  ,1.127597317060e-01  
  6.468528466804e-07  ,1.138745351775e-01  
  6.469528474419e-07  ,1.150356699943e-01  
  6.470528482033e-07  ,1.162427230745e-01  
  6.471528489648e-07  ,1.174952705919e-01  
  6.472528497262e-07  ,1.187928752433e-01  
  6.473528504877e-07  ,1.201350890714e-01  
  6.474528512491e-07  ,1.215214510124e-01  
  6.475528520105e-07  ,1.229514892206e-01  
  6.476528527720e-07  ,1.244247196872e-01  
  6.477528535334e-07  ,1.259406474477e-01  
  6.478528542949e-07  ,1.274987656632e-01  
  6.479528550563e-07  ,1.290985570264e-01  
  6.480528558178e-07  ,1.307394922615e-01  
  6.481528565792e-07  ,1.324210329759e-01  
  6.482528573407e-07  ,1.341426273650e-01  
  6.483528581021e-07  ,1.359037166414e-01  
  6.484528588636e-07  ,1.377037275130e-01  
  6.485528596250e-07  ,1.395420811005e-01  
  6.486528603865e-07  ,1.414181836582e-01  
  6.487528611479e-07  ,1.433314363147e-01  
  6.488528619094e-07  ,1.452812259210e-01  
  6.489528626708e-07  ,1.472669342928e-01  
  6.490528634323e-07  ,1.492879296338e-01  
  6.491528641937e-07  ,1.513435749851e-01  
  6.492528649552e-07  ,1.534332205833e-01  
  6.493528657166e-07  ,1.555562116674e-01  
  6.494528664781e-07  ,1.577118810787e-01  
  6.495528672395e-07  ,1.598995569811e-01  
  6.496528680010e-07  ,1.621185557450e-01  
  6.497528687624e-07  ,1.643681890519e-01  
  6.498528695239e-07  ,1.666477574261e-01  
  6.499528702853e-07  ,1.689565573824e-01  
  6.500528710468e-07  ,1.712938740199e-01  
  6.501528718082e-07  ,1.736589892245e-01  
  6.502528725697e-07  ,1.760511742309e-01  
  6.503528733311e-07  ,1.784696962719e-01  
  6.504528740926e-07  ,1.809138140199e-01  
  6.505528748540e-07  ,1.833827809974e-01  
  6.506528756155e-07  ,1.858758436327e-01  
  6.507528763769e-07  ,1.883922430097e-01  
  6.508528771384e-07  ,1.909312139102e-01  
  6.509528778998e-07  ,1.934919863610e-01  
  6.510528786613e-07  ,1.960737835071e-01  
  6.511528794227e-07  ,1.986758254407e-01  
  6.512528801842e-07  ,2.012973254307e-01  
  6.513528809456e-07  ,2.039374934002e-01  
  6.514528817071e-07  ,2.065955336632e-01  
  6.515528824685e-07  ,2.092706476288e-01  
  6.516528832300e-07  ,2.119620311025e-01  
  6.517528839914e-07  ,2.146688777368e-01  
  6.518528847529e-07  ,2.173903758877e-01  
  6.519528855143e-07  ,2.201257124539e-01  
  6.520528862758e-07  ,2.228740689176e-01  
  6.521528870372e-07  ,2.256346266470e-01  
  6.522528877987e-07  ,2.284065611393e-01  
  6.523528885601e-07  ,2.311890488150e-01  
  6.524528893216e-07  ,2.339812605430e-01  
  6.525528900830e-07  ,2.367823682248e-01  
  6.526528908445e-07  ,2.395915395681e-01  
  6.527528916059e-07  ,2.424079423845e-01  
  6.528528923674e-07  ,2.452307423333e-01  
  6.529528931288e-07  ,2.480591044621e-01  
  6.530528938903e-07  ,2.508921922904e-01  
  6.531528946517e-07  ,2.537291697590e-01  
  6.532528954132e-07  ,2.565691995696e-01  
  6.533528961746e-07  ,2.594114444615e-01  
  6.534528969361e-07  ,2.622550676610e-01  
  6.535528976975e-07  ,2.650992319722e-01  
  6.536528984590e-07  ,2.679431016055e-01  
  6.537528992204e-07  ,2.707858407062e-01  
  6.538528999819e-07  ,2.736266149452e-01  
  6.539529007433e-07  ,2.764645911644e-01  
  6.540529015048e-07  ,2.792989372193e-01  
  6.541529022662e-07  ,2.821288234099e-01  
  6.542529030277e-07  ,2.849534209947e-01  
  6.543529037891e-07  ,2.877719043041e-01  
  6.544529045506e-07  ,2.905834492260e-01  
  6.545529053120e-07  ,2.933872350672e-01  
  6.546529060735e-07  ,2.961824426503e-01  
  6.547529068349e-07  ,2.989682575751e-01  
  6.548529075964e-07  ,3.017438669219e-01  
  6.549529083578e-07  ,3.045084625876e-01  
  6.550529091193e-07  ,3.072612391336e-01  
  6.551529098807e-07  ,3.100013960937e-01  
  6.552529106422e-07  ,3.127281358216e-01  
  6.553529114036e-07  ,3.154406665693e-01  
  6.554529121650e-07  ,3.181381991432e-01  
  6.555529129265e-07  ,3.208199517369e-01  
  6.556529136879e-07  ,3.234851442591e-01  
  6.557529144494e-07  ,3.261330055110e-01  
  6.558529152108e-07  ,3.287627656405e-01  
  6.559529159723e-07  ,3.313736647900e-01  
  6.560529167337e-07  ,3.339649442152e-01  
  6.561529174952e-07  ,3.365358558665e-01  
  6.562529182566e-07  ,3.390856535882e-01  
  6.563529190181e-07  ,3.416136014605e-01  
  6.564529197795e-07  ,3.441189666882e-01  
  6.565529205410e-07  ,3.466010263770e-01  
  6.566529213024e-07  ,3.490590621389e-01  
  6.567529220639e-07  ,3.514923644672e-01  
  6.568529228253e-07  ,3.539002301812e-01  
  6.569529235868e-07  ,3.562819644517e-01  
  6.570529243482e-07  ,3.586368794729e-01  
  6.571529251097e-07  ,3.609642958998e-01  
  6.572529258711e-07  ,3.632635421474e-01  
  6.573529266326e-07  ,3.655339553680e-01  
  6.574529273940e-07  ,3.677748804648e-01  
  6.575529281555e-07  ,3.699856716450e-01  
  6.576529289169e-07  ,3.721656918153e-01  
  6.577529296784e-07  ,3.743143121663e-01  
  6.578529304398e-07  ,3.764309143932e-01  
  6.579529312013e-07  ,3.785148877266e-01  
  6.580529319627e-07  ,3.805656326900e-01  
  6.581529327242e-07  ,3.825825579006e-01  
  6.582529334856e-07  ,3.845650827928e-01  
  6.583529342471e-07  ,3.865126360156e-01  
  6.584529350085e-07  ,3.884246568502e-01  
  6.585529357700e-07  ,3.903005945171e-01  
  6.586529365314e-07  ,3.921399085766e-01  
  6.587529372929e-07  ,3.939420690924e-01  
  6.588529380543e-07  ,3.957065570894e-01  
  6.589529388158e-07  ,3.974328638367e-01  
  6.590529395772e-07  ,3.991204919716e-01  
  6.591529403387e-07  ,4.007689549890e-01  
  6.592529411001e-07  ,4.023777774644e-01  
  6.593529418616e-07  ,4.039464953431e-01  
  6.594529426230e-07  ,4.054746560871e-01  
  6.595529433845e-07  ,4.069618184053e-01  
  6.596529441459e-07  ,4.084075529445e-01  
  6.597529449074e-07  ,4.098114418528e-01  
  6.598529456688e-07  ,4.111730792836e-01  
  6.599529464303e-07  ,4.124920710284e-01  
  6.600529471917e-07  ,4.137680355377e-01  
  6.601529479532e-07  ,4.150006026413e-01  
  6.602529487146e-07  ,4.161894150526e-01  
  6.603529494761e-07  ,4.173341274652e-01  
  6.604529502375e-07  ,4.184344069904e-01  
  6.605529509990e-07  ,4.194899332975e-01  
  6.606529517604e-07  ,4.205003987529e-01  
  6.607529525219e-07  ,4.214655081703e-01  
  6.608529532833e-07  ,4.223849788432e-01  
  6.609529540448e-07  ,4.232585417921e-01  
  6.610529548062e-07  ,4.240859393408e-01  
  6.611529555677e-07  ,4.248669287082e-01  
  6.612529563291e-07  ,4.256012778374e-01  
  6.613529570906e-07  ,4.262887696577e-01  
  6.614529578520e-07  ,4.269291988889e-01  
  6.615529586135e-07  ,4.275223740601e-01  
  6.616529593749e-07  ,4.280681164596e-01  
  6.617529601364e-07  ,4.285662608101e-01  
  6.618529608978e-07  ,4.290166547857e-01  
  6.619529616593e-07  ,4.294191597760e-01  
  6.620529624207e-07  ,4.297736499270e-01  
  6.621529631822e-07  ,4.300800130125e-01  
  6.622529639436e-07  ,4.303381363768e-01  
  6.623529647051e-07  ,4.305479642251e-01  
  6.624529654665e-07  ,4.307094081923e-01  
  6.625529662280e-07  ,4.308224096444e-01  
  6.626529669894e-07  ,4.308869228700e-01  
  6.627529677509e-07  ,4.309029156449e-01  
  6.628529685123e-07  ,4.308703698276e-01  
  6.629529692738e-07  ,4.307892791682e-01  
  6.630529700352e-07  ,4.306596526007e-01  
  6.631529707967e-07  ,4.304815107028e-01  
  6.632529715581e-07  ,4.302548888869e-01  
  6.633529723196e-07  ,4.299798344987e-01  
  6.634529730810e-07  ,4.296564092579e-01  
  6.635529738424e-07  ,4.292846878901e-01  
  6.636529746039e-07  ,4.288647574891e-01  
  6.637529753653e-07  ,4.283967201618e-01  
  6.638529761268e-07  ,4.278806887769e-01  
  6.639529768882e-07  ,4.273167920128e-01  
  6.640529776497e-07  ,4.267051689711e-01  
  6.641529784111e-07  ,4.260459741725e-01  
  6.642529791726e-07  ,4.253393729205e-01  
  6.643529799340e-07  ,4.245855457141e-01  
  6.644529806955e-07  ,4.237846833490e-01  
  6.645529814569e-07  ,4.229369923650e-01  
  6.646529822184e-07  ,4.220426885703e-01  
  6.647529829798e-07  ,4.211020045233e-01  
  6.648529837413e-07  ,4.201151807213e-01  
  6.649529845027e-07  ,4.190824752354e-01  
  6.650529852642e-07  ,4.180041533875e-01  
  6.651529860256e-07  ,4.168804978296e-01  
  6.652529867871e-07  ,4.157117987513e-01  
  6.653529875485e-07  ,4.144983631171e-01  
  6.654529883100e-07  ,4.132405054842e-01  
  6.655529890714e-07  ,4.119385568271e-01  
  6.656529898329e-07  ,4.105928554114e-01  
  6.657529905943e-07  ,4.092037561765e-01  
  6.658529913558e-07  ,4.077716207311e-01  
  6.659529921172e-07  ,4.062968270665e-01  
  6.660529928787e-07  ,4.047797601513e-01  
  6.661529936401e-07  ,4.032208203729e-01  
  6.662529944016e-07  ,4.016204158630e-01  
  6.663529951630e-07  ,3.999789685501e-01  
  6.664529959245e-07  ,3.982969094372e-01  
  6.665529966859e-07  ,3.965746817474e-01  
  6.666529974474e-07  ,3.948127380825e-01  
  6.667529982088e-07  ,3.930115432884e-01  
  6.668529989703e-07  ,3.911715709816e-01  
  6.669529997317e-07  ,3.892933061594e-01  
  6.670530004932e-07  ,3.873772438328e-01  
  6.671530012546e-07  ,3.854238886900e-01  
  6.672530020161e-07  ,3.834337555034e-01  
  6.673530027775e-07  ,3.814073690065e-01  
  6.674530035390e-07  ,3.793452630576e-01  
  6.675530043004e-07  ,3.772479814878e-01  
  6.676530050619e-07  ,3.751160766804e-01  
  6.677530058233e-07  ,3.729501110763e-01  
  6.678530065848e-07  ,3.707506550625e-01  
  6.679530073462e-07  ,3.685182887266e-01  
  6.680530081077e-07  ,3.662535999630e-01  
  6.681530088691e-07  ,3.639571858684e-01  
  6.682530096306e-07  ,3.616296512556e-01  
  6.683530103920e-07  ,3.592716093527e-01  
  6.684530111535e-07  ,3.568836811951e-01  
  6.685530119149e-07  ,3.544664956752e-01  
  6.686530126764e-07  ,3.520206892338e-01  
  6.687530134378e-07  ,3.495469055239e-01  
  6.688530141993e-07  ,3.470457959983e-01  
  6.689530149607e-07  ,3.445180181984e-01  
  6.690530157222e-07  ,3.419642375488e-01  
  6.691530164836e-07  ,3.393851253044e-01  
  6.692530172451e-07  ,3.367813598030e-01  
  6.693530180065e-07  ,3.341536251323e-01  
  6.694530187680e-07  ,3.315026120493e-01  
  6.695530195294e-07  ,3.288290163765e-01  
  6.696530202909e-07  ,3.261335410802e-01  
  6.697530210523e-07  ,3.234168922991e-01  
  6.698530218138e-07  ,3.206797844939e-01  
  6.699530225752e-07  ,3.179229340446e-01  
  6.700530233367e-07  ,3.151470652509e-01  
  6.701530240981e-07  ,3.123529042236e-01  
  6.702530248596e-07  ,3.095411844433e-01  
  6.703530256210e-07  ,3.067126409899e-01  
  6.704530263825e-07  ,3.038680152005e-01  
  6.705530271439e-07  ,3.010080508116e-01  
  6.706530279054e-07  ,2.981334962224e-01  
  6.707530286668e-07  ,2.952451022993e-01  
  6.708530294283e-07  ,2.923436246599e-01  
  6.709530301897e-07  ,2.894298198826e-01  
  6.710530309512e-07  ,2.865044498682e-01  
  6.711530317126e-07  ,2.835682764105e-01  
  6.712530324741e-07  ,2.806220666657e-01  
  6.713530332355e-07  ,2.776665869000e-01  
  6.714530339970e-07  ,2.747026083292e-01  
  6.715530347584e-07  ,2.717309014529e-01  
  6.716530355198e-07  ,2.687522403597e-01  
  6.717530362813e-07  ,2.657673984598e-01  
  6.718530370427e-07  ,2.627771530335e-01  
  6.719530378042e-07  ,2.597822784092e-01  
  6.720530385656e-07  ,2.567835543853e-01  
  6.721530393271e-07  ,2.537817563571e-01  
  6.722530400885e-07  ,2.507776644020e-01  
  6.723530408500e-07  ,2.477720551111e-01  
  6.724530416114e-07  ,2.447657075380e-01  
  6.725530423729e-07  ,2.417593984558e-01  
  6.726530431343e-07  ,2.387539057071e-01  
  6.727530438958e-07  ,2.357500048392e-01  
  6.728530446572e-07  ,2.327484716421e-01  
  6.729530454187e-07  ,2.297500798426e-01  
  6.730530461801e-07  ,2.267556022750e-01  
  6.731530469416e-07  ,2.237658097450e-01  
  6.732530477030e-07  ,2.207814717175e-01  
  6.733530484645e-07  ,2.178033548458e-01  
  6.734530492259e-07  ,2.148322245286e-01  
  6.735530499874e-07  ,2.118688425425e-01  
  6.736530507488e-07  ,2.089139691702e-01  
  6.737530515103e-07  ,2.059683605470e-01  
  6.738530522717e-07  ,2.030327713047e-01  
  6.739530530332e-07  ,2.001079507886e-01  
  6.740530537946e-07  ,1.971946471068e-01  
  6.741530545561e-07  ,1.942936021761e-01  
  6.742530553175e-07  ,1.914055568387e-01  
  6.743530560790e-07  ,1.885312447137e-01  
  6.744530568404e-07  ,1.856713983861e-01  
  6.745530576019e-07  ,1.828267425545e-01  
  6.746530583633e-07  ,1.799980006815e-01  
  6.747530591248e-07  ,1.771858882665e-01  
  6.748530598862e-07  ,1.743911179204e-01  
  6.749530606477e-07  ,1.716143957122e-01  
  6.750530614091e-07  ,1.688564228653e-01  
  6.751530621706e-07  ,1.661178949188e-01  
  6.752530629320e-07  ,1.633995009683e-01  
  6.753530636935e-07  ,1.607019250654e-01  
  6.754530644549e-07  ,1.580258441606e-01  
  6.755530652164e-07  ,1.553719296238e-01  
  6.756530659778e-07  ,1.527408452740e-01  
  6.757530667393e-07  ,1.501332494004e-01  
  6.758530675007e-07  ,1.475497920903e-01  
  6.759530682622e-07  ,1.449911174945e-01  
  6.760530690236e-07  ,1.424578617437e-01  
  6.761530697851e-07  ,1.399506538355e-01  
  6.762530705465e-07  ,1.374701150588e-01  
  6.763530713080e-07  ,1.350168591982e-01  
  6.764530720694e-07  ,1.325914916174e-01  
  6.765530728309e-07  ,1.301946100749e-01  
  6.766530735923e-07  ,1.278268040136e-01  
  6.767530743538e-07  ,1.254886541024e-01  
  6.768530751152e-07  ,1.231807328880e-01  
  6.769530758767e-07  ,1.209036040140e-01  
  6.770530766381e-07  ,1.186578224251e-01  
  6.771530773996e-07  ,1.164439338211e-01  
  6.772530781610e-07  ,1.142624748163e-01  
  6.773530789225e-07  ,1.121139732569e-01  
  6.774530796839e-07  ,1.099989464137e-01  
  6.775530804454e-07  ,1.079179036953e-01  
  6.776530812068e-07  ,1.058713429982e-01  
  6.777530819683e-07  ,1.038597538588e-01  
  6.778530827297e-07  ,1.018836149499e-01  
  6.779530834912e-07  ,9.994339551043e-02  
  6.780530842526e-07  ,9.803955401184e-02  
  6.781530850141e-07  ,9.617253925701e-02  
  6.782530857755e-07  ,9.434278896215e-02  
  6.783530865370e-07  ,9.255073104407e-02  
  6.784530872984e-07  ,9.079678184656e-02  
  6.785530880599e-07  ,8.908134821701e-02  
  6.786530888213e-07  ,8.740482457913e-02  
  6.787530895828e-07  ,8.576759635992e-02  
  6.788530903442e-07  ,8.417003552266e-02  
  6.789530911057e-07  ,8.261250572817e-02  
  6.790530918671e-07  ,8.109535632666e-02  
  6.791530926286e-07  ,7.961892856822e-02  
  6.792530933900e-07  ,7.818354895264e-02  
  6.793530941515e-07  ,7.678953592623e-02  
  6.794530949129e-07  ,7.543719287013e-02  
  6.795530956744e-07  ,7.412681517574e-02  
  6.796530964358e-07  ,7.285868272951e-02  
  6.797530971972e-07  ,7.163306753725e-02  
  6.798530979587e-07  ,7.045022571179e-02  
  6.799530987201e-07  ,6.931040574745e-02  
  6.800530994816e-07  ,6.821383978569e-02  
  6.801531002430e-07  ,6.716075217084e-02  
  6.802531010045e-07  ,6.615135119946e-02  
  6.803531017659e-07  ,6.518583690555e-02  
  6.804531025274e-07  ,6.426439340550e-02  
  6.805531032888e-07  ,6.338719615911e-02  
  6.806531040503e-07  ,6.255440503405e-02  
  6.807531048117e-07  ,6.176617098897e-02  
  6.808531055732e-07  ,6.102262911979e-02  
  6.809531063346e-07  ,6.032390584362e-02  
  6.810531070961e-07  ,5.967011165364e-02  
  6.811531078575e-07  ,5.906134788150e-02  
  6.812531086190e-07  ,5.849770065538e-02  
  6.813531093804e-07  ,5.797924635468e-02  
  6.814531101419e-07  ,5.750604611116e-02  
  6.815531109033e-07  ,5.707815144597e-02  
  6.816531116648e-07  ,5.669559890778e-02  
  6.817531124262e-07  ,5.635841481705e-02  
  6.818531131877e-07  ,5.606661105076e-02  
  6.819531139491e-07  ,5.582018888068e-02  
  6.820531147106e-07  ,5.561913560546e-02  
  6.821531154720e-07  ,5.546342726863e-02  
  6.822531162335e-07  ,5.535302674352e-02  
  6.823531169949e-07  ,5.528788510559e-02  
  6.824531177564e-07  ,5.526794055922e-02  
  6.825531185178e-07  ,5.529311951054e-02  
  6.826531192793e-07  ,5.536333552219e-02  
  6.827531200407e-07  ,5.547849034277e-02  
  6.828531208022e-07  ,5.563847345378e-02  
  6.829531215636e-07  ,5.584316162072e-02  
  6.830531223251e-07  ,5.609242037489e-02  
  6.831531230865e-07  ,5.638610208854e-02  
  6.832531238480e-07  ,5.672404841994e-02  
  6.833531246094e-07  ,5.710608720298e-02  
  6.834531253709e-07  ,5.753203662723e-02  
  6.835531261323e-07  ,5.800170055818e-02  
  6.836531268938e-07  ,5.851487348606e-02  
  6.837531276552e-07  ,5.907133541430e-02  
  6.838531284167e-07  ,5.967085809393e-02  
  6.839531291781e-07  ,6.031319759219e-02  
  6.840531299396e-07  ,6.099810283435e-02  
  6.841531307010e-07  ,6.172530686510e-02  
  6.842531314625e-07  ,6.249453554366e-02  
  6.843531322239e-07  ,6.330549975779e-02  
  6.844531329854e-07  ,6.415790237078e-02  
  6.845531337468e-07  ,6.505143221604e-02  
  6.846531345083e-07  ,6.598576985005e-02  
  6.847531352697e-07  ,6.696058256373e-02  
  6.848531360312e-07  ,6.797552867341e-02  
  6.849531367926e-07  ,6.903025421401e-02  
  6.850531375541e-07  ,7.012439612558e-02  
  6.851531383155e-07  ,7.125757933409e-02  
  6.852531390770e-07  ,7.242941988196e-02  
  6.853531398384e-07  ,7.363952179099e-02  
  6.854531405999e-07  ,7.488748110742e-02  
  6.855531413613e-07  ,7.617288128162e-02  
  6.856531421228e-07  ,7.749529839644e-02  
  6.857531428842e-07  ,7.885429649028e-02  
  6.858531436457e-07  ,8.024943183144e-02  
  6.859531444071e-07  ,8.168024936794e-02  
  6.860531451686e-07  ,8.314628645365e-02  
  6.861531459300e-07  ,8.464706931107e-02  
  6.862531466915e-07  ,8.618211684154e-02  
  6.863531474529e-07  ,8.775093713078e-02  
  6.864531482144e-07  ,8.935303135032e-02  
  6.865531489758e-07  ,9.098788988582e-02  
  6.866531497373e-07  ,9.265499649608e-02  
  6.867531504987e-07  ,9.435382492388e-02  
  6.868531512602e-07  ,9.608384176248e-02  
  6.869531520216e-07  ,9.784450497818e-02  
  6.870531527831e-07  ,9.963526447692e-02  
  6.871531535445e-07  ,1.014555629351e-01  
  6.872531543060e-07  ,1.033048343939e-01  
  6.873531550674e-07  ,1.051825068070e-01  
  6.874531558289e-07  ,1.070879989511e-01  
  6.875531565903e-07  ,1.090207248477e-01  
  6.876531573518e-07  ,1.109800885979e-01  
  6.877531581132e-07  ,1.129654906215e-01  
  6.878531588746e-07  ,1.149763218018e-01  
  6.879531596361e-07  ,1.170119689723e-01  
  6.880531603975e-07  ,1.190718105315e-01  
  6.881531611590e-07  ,1.211552206324e-01  
  6.882531619204e-07  ,1.232615659817e-01  
  6.883531626819e-07  ,1.253902085945e-01  
  6.884531634433e-07  ,1.275405041059e-01  
  6.885531642048e-07  ,1.297118031790e-01  
  6.886531649662e-07  ,1.319034510066e-01  
  6.887531657277e-07  ,1.341147882771e-01  
  6.888531664891e-07  ,1.363451495706e-01  
  6.889531672506e-07  ,1.385938665964e-01  
  6.890531680120e-07  ,1.408602645215e-01  
  6.891531687735e-07  ,1.431436663514e-01  
  6.892531695349e-07  ,1.454433887781e-01  
  6.893531702964e-07  ,1.477587467656e-01  
  6.894531710578e-07  ,1.500890494698e-01  
  6.895531718193e-07  ,1.524336043569e-01  
  6.896531725807e-07  ,1.547917138671e-01  
  6.897531733422e-07  ,1.571626789173e-01  
  6.898531741036e-07  ,1.595457959301e-01  
  6.899531748651e-07  ,1.619403599061e-01  
  6.900531756265e-07  ,1.643456620753e-01  
  6.901531763880e-07  ,1.667609924710e-01  
  6.902531771494e-07  ,1.691856375777e-01  
  6.903531779109e-07  ,1.716188838637e-01  
  6.904531786723e-07  ,1.740600133108e-01  
  6.905531794338e-07  ,1.765083095018e-01  
  6.906531801952e-07  ,1.789630513287e-01  
  6.907531809567e-07  ,1.814235197832e-01  
  6.908531817181e-07  ,1.838889916232e-01  
  6.909531824796e-07  ,1.863587458523e-01  
  6.910531832410e-07  ,1.888320583979e-01  
  6.911531840025e-07  ,1.913082065993e-01  
  6.912531847639e-07  ,1.937864662837e-01  
  6.913531855254e-07  ,1.962661145251e-01  
  6.914531862868e-07  ,1.987464271267e-01  
  6.915531870483e-07  ,2.012266819122e-01  
  6.916531878097e-07  ,2.037061559455e-01  
  6.917531885712e-07  ,2.061841280386e-01  
  6.918531893326e-07  ,2.086598772511e-01  
  6.919531900941e-07  ,2.111326846565e-01  
  6.920531908555e-07  ,2.136018316968e-01  
  6.921531916170e-07  ,2.160666027663e-01  
  6.922531923784e-07  ,2.185262821095e-01  
  6.923531931399e-07  ,2.209801585447e-01  
  6.924531939013e-07  ,2.234275199658e-01  
  6.925531946628e-07  ,2.258676599876e-01  
  6.926531954242e-07  ,2.282998711776e-01  
  6.927531961857e-07  ,2.307234529001e-01  
  6.928531969471e-07  ,2.331377028775e-01  
  6.929531977086e-07  ,2.355419269163e-01  
  6.930531984700e-07  ,2.379354290721e-01  
  6.931531992315e-07  ,2.403175218643e-01  
  6.932531999929e-07  ,2.426875167462e-01  
  6.933532007544e-07  ,2.450447336413e-01  
  6.934532015158e-07  ,2.473884921401e-01  
  6.935532022773e-07  ,2.497181201056e-01  
  6.936532030387e-07  ,2.520329463064e-01  
  6.937532038002e-07  ,2.543323072022e-01  
  6.938532045616e-07  ,2.566155411607e-01  
  6.939532053231e-07  ,2.588819943362e-01  
  6.940532060845e-07  ,2.611310151822e-01  
  6.941532068460e-07  ,2.633619604129e-01  
  6.942532076074e-07  ,2.655741892411e-01  
  6.943532083689e-07  ,2.677670694340e-01  
  6.944532091303e-07  ,2.699399716375e-01  
  6.945532098918e-07  ,2.720922758296e-01  
  6.946532106532e-07  ,2.742233642443e-01  
  6.947532114147e-07  ,2.763326297798e-01  
  6.948532121761e-07  ,2.784194674101e-01  
  6.949532129376e-07  ,2.804832829959e-01  
  6.950532136990e-07  ,2.825234850108e-01  
  6.951532144605e-07  ,2.845394932101e-01  
  6.952532152219e-07  ,2.865307302386e-01  
  6.953532159834e-07  ,2.884966298769e-01  
  6.954532167448e-07  ,2.904366297747e-01  
  6.955532175063e-07  ,2.923501785486e-01  
  6.956532182677e-07  ,2.942367291692e-01  
  6.957532190292e-07  ,2.960957458850e-01  
  6.958532197906e-07  ,2.979266974581e-01  
  6.959532205520e-07  ,2.997290643746e-01  
  6.960532213135e-07  ,3.015023314729e-01  
  6.961532220749e-07  ,3.032459964879e-01  
  6.962532228364e-07  ,3.049595608566e-01  
  6.963532235978e-07  ,3.066425392353e-01  
  6.964532243593e-07  ,3.082944513307e-01  
  6.965532251207e-07  ,3.099148288249e-01  
  6.966532258822e-07  ,3.115032096841e-01  
  6.967532266436e-07  ,3.130591437142e-01  
  6.968532274051e-07  ,3.145821873727e-01  
  6.969532281665e-07  ,3.160719091115e-01  
  6.970532289280e-07  ,3.175278844132e-01  
  6.971532296894e-07  ,3.189497005985e-01  
  6.972532304509e-07  ,3.203369528689e-01  
  6.973532312123e-07  ,3.216892476462e-01  
  6.974532319738e-07  ,3.230062001408e-01  
  6.975532327352e-07  ,3.242874369012e-01  
  6.976532334967e-07  ,3.255325927595e-01  
  6.977532342581e-07  ,3.267413151945e-01  
  6.978532350196e-07  ,3.279132589246e-01  
  6.979532357810e-07  ,3.290480927701e-01  
  6.980532365425e-07  ,3.301454920057e-01  
  6.981532373039e-07  ,3.312051461676e-01  
  6.982532380654e-07  ,3.322267523138e-01  
  6.983532388268e-07  ,3.332100207400e-01  
  6.984532395883e-07  ,3.341546703069e-01  
  6.985532403497e-07  ,3.350604331633e-01  
  6.986532411112e-07  ,3.359270491750e-01  
  6.987532418726e-07  ,3.367542729891e-01  
  6.988532426341e-07  ,3.375418664673e-01  
  6.989532433955e-07  ,3.382896060070e-01  
  6.990532441570e-07  ,3.389972759616e-01  
  6.991532449184e-07  ,3.396646750370e-01  
  6.992532456799e-07  ,3.402916099022e-01  
  6.993532464413e-07  ,3.408779020054e-01  
  6.994532472028e-07  ,3.414233801796e-01  
  6.995532479642e-07  ,3.419278891564e-01  
  6.996532487257e-07  ,3.423912801203e-01  
  6.997532494871e-07  ,3.428134205850e-01  
  6.998532502486e-07  ,3.431941849472e-01  
  6.999532510100e-07  ,3.435334632287e-01  
  7.000532517715e-07  ,3.438311531776e-01  
  7.001532525329e-07  ,3.440871677680e-01  
  7.002532532944e-07  ,3.443014275190e-01  
  7.003532540558e-07  ,3.444738687917e-01  
  7.004532548173e-07  ,3.446044352274e-01  
  7.005532555787e-07  ,3.446930859672e-01  
  7.006532563402e-07  ,3.447397881730e-01  
  7.007532571016e-07  ,3.447445238398e-01  
  7.008532578631e-07  ,3.447072835022e-01  
  7.009532586245e-07  ,3.446280720212e-01  
  7.010532593860e-07  ,3.445069031469e-01  
  7.011532601474e-07  ,3.443438049664e-01  
  7.012532609089e-07  ,3.441388137952e-01  
  7.013532616703e-07  ,3.438919815144e-01  
  7.014532624318e-07  ,3.436033666575e-01  
  7.015532631932e-07  ,3.432730443770e-01  
  7.016532639547e-07  ,3.429010960872e-01  
  7.017532647161e-07  ,3.424876196142e-01  
  7.018532654776e-07  ,3.420327193526e-01  
  7.019532662390e-07  ,3.415365154543e-01  
  7.020532670005e-07  ,3.409991352542e-01  
  7.021532677619e-07  ,3.404207210733e-01  
  7.022532685234e-07  ,3.398014229111e-01  
  7.023532692848e-07  ,3.391414053181e-01  
  7.024532700463e-07  ,3.384408405458e-01  
  7.025532708077e-07  ,3.376999150654e-01  
  7.026532715692e-07  ,3.369188233695e-01  
  7.027532723306e-07  ,3.360977736300e-01  
  7.028532730921e-07  ,3.352369822194e-01  
  7.029532738535e-07  ,3.343366786678e-01  
  7.030532746150e-07  ,3.333971011221e-01  
  7.031532753764e-07  ,3.324185001234e-01  
  7.032532761379e-07  ,3.314011352817e-01  
  7.033532768993e-07  ,3.303452778375e-01  
  7.034532776608e-07  ,3.292512086474e-01  
  7.035532784222e-07  ,3.281192192766e-01  
  7.036532791837e-07  ,3.269496112382e-01  
  7.037532799451e-07  ,3.257426965463e-01  
  7.038532807066e-07  ,3.244987964762e-01  
  7.039532814680e-07  ,3.232182434711e-01  
  7.040532822294e-07  ,3.219013783333e-01  
  7.041532829909e-07  ,3.205485531082e-01  
  7.042532837523e-07  ,3.191601278594e-01  
  7.043532845138e-07  ,3.177364740372e-01  
  7.044532852752e-07  ,3.162779703186e-01  
  7.045532860367e-07  ,3.147850070190e-01  
  7.046532867981e-07  ,3.132579813745e-01  
  7.047532875596e-07  ,3.116973019513e-01  
  7.048532883210e-07  ,3.101033837807e-01  
  7.049532890825e-07  ,3.084766534735e-01  
  7.050532898439e-07  ,3.068175434705e-01  
  7.051532906054e-07  ,3.051264977221e-01  
  7.052532913668e-07  ,3.034039655476e-01  
  7.053532921283e-07  ,3.016504081579e-01  
  7.054532928897e-07  ,2.998662905224e-01  
  7.055532936512e-07  ,2.980520910174e-01  
  7.056532944126e-07  ,2.962082900141e-01  
  7.057532951741e-07  ,2.943353816962e-01  
  7.058532959355e-07  ,2.924338620569e-01  
  7.059532966970e-07  ,2.905042401662e-01  
  7.060532974584e-07  ,2.885470269372e-01  
  7.061532982199e-07  ,2.865627461278e-01  
  7.062532989813e-07  ,2.845519227448e-01  
  7.063532997428e-07  ,2.825150946067e-01  
  7.064533005042e-07  ,2.804528002064e-01  
  7.065533012657e-07  ,2.783655911642e-01  
  7.066533020271e-07  ,2.762540184025e-01  
  7.067533027886e-07  ,2.741186467134e-01  
  7.068533035500e-07  ,2.719600393812e-01  
  7.069533043115e-07  ,2.697787730654e-01  
  7.070533050729e-07  ,2.675754230474e-01  
  7.071533058344e-07  ,2.653505775081e-01  
  7.072533065958e-07  ,2.631048224869e-01  
  7.073533073573e-07  ,2.608387573284e-01  
  7.074533081187e-07  ,2.585529782840e-01  
  7.075533088802e-07  ,2.562480950276e-01  
  7.076533096416e-07  ,2.539247133322e-01  
  7.077533104031e-07  ,2.515834526210e-01  
  7.078533111645e-07  ,2.492249275905e-01  
  7.079533119260e-07  ,2.468497662469e-01  
  7.080533126874e-07  ,2.444585921260e-01  
  7.081533134489e-07  ,2.420520408071e-01  
  7.082533142103e-07  ,2.396307438984e-01  
  7.083533149718e-07  ,2.371953442004e-01  
  7.084533157332e-07  ,2.347464803043e-01  
  7.085533164947e-07  ,2.322848014586e-01  
  7.086533172561e-07  ,2.298109529027e-01  
  7.087533180176e-07  ,2.273255896409e-01  
  7.088533187790e-07  ,2.248293622742e-01  
  7.089533195405e-07  ,2.223229312435e-01  
  7.090533203019e-07  ,2.198069519844e-01  
  7.091533210634e-07  ,2.172820891710e-01  
  7.092533218248e-07  ,2.147490027025e-01  
  7.093533225863e-07  ,2.122083605995e-01  
  7.094533233477e-07  ,2.096608262947e-01  
  7.095533241092e-07  ,2.071070708221e-01  
  7.096533248706e-07  ,2.045477603453e-01  
  7.097533256321e-07  ,2.019835678927e-01  
  7.098533263935e-07  ,1.994151617607e-01  
  7.099533271550e-07  ,1.968432163413e-01  
  7.100533279164e-07  ,1.942684011365e-01  
  7.101533286779e-07  ,1.916913914147e-01  
  7.102533294393e-07  ,1.891128568256e-01  
  7.103533302008e-07  ,1.865334730229e-01  
  7.104533309622e-07  ,1.839539089956e-01  
  7.105533317237e-07  ,1.813748400586e-01  
  7.106533324851e-07  ,1.787969337893e-01  
  7.107533332466e-07  ,1.762208642340e-01  
  7.108533340080e-07  ,1.736472971620e-01  
  7.109533347695e-07  ,1.710769044982e-01  
  7.110533355309e-07  ,1.685103493094e-01  
  7.111533362924e-07  ,1.659483007777e-01  
  7.112533370538e-07  ,1.633914188557e-01  
  7.113533378153e-07  ,1.608403686349e-01  
  7.114533385767e-07  ,1.582958065324e-01  
  7.115533393382e-07  ,1.557583931057e-01  
  7.116533400996e-07  ,1.532287801103e-01  
  7.117533408611e-07  ,1.507076230310e-01  
  7.118533416225e-07  ,1.481955680741e-01  
  7.119533423840e-07  ,1.456932653374e-01  
  7.120533431454e-07  ,1.432013544530e-01  
  7.121533439068e-07  ,1.407204795392e-01  
  7.122533446683e-07  ,1.382512728336e-01  
  7.123533454297e-07  ,1.357943717458e-01  
  7.124533461912e-07  ,1.333504009195e-01  
  7.125533469526e-07  ,1.309199898520e-01  
  7.126533477141e-07  ,1.285037549338e-01  
  7.127533484755e-07  ,1.261023174144e-01  
  7.128533492370e-07  ,1.237162845087e-01  
  7.129533499984e-07  ,1.213462684626e-01  
  7.130533507599e-07  ,1.189928669861e-01  
  7.131533515213e-07  ,1.166566824783e-01  
  7.132533522828e-07  ,1.143383024484e-01  
  7.133533530442e-07  ,1.120383189360e-01  
  7.134533538057e-07  ,1.097573084451e-01  
  7.135533545671e-07  ,1.074958521293e-01  
  7.136533553286e-07  ,1.052545150491e-01  
  7.137533560900e-07  ,1.030338665484e-01  
  7.138533568515e-07  ,1.008344596477e-01  
  7.139533576129e-07  ,9.865685157867e-02  
  7.140533583744e-07  ,9.650158244839e-02  
  7.141533591358e-07  ,9.436919686625e-02  
  7.142533598973e-07  ,9.226022167709e-02  
  7.143533606587e-07  ,9.017518770632e-02  
  7.144533614202e-07  ,8.811460861342e-02  
  7.145533621816e-07  ,8.607900078076e-02  
  7.146533629431e-07  ,8.406886353654e-02  
  7.147533637045e-07  ,8.208469888618e-02  
  7.148533644660e-07  ,8.012699127831e-02  
  7.149533652274e-07  ,7.819622769756e-02  
  7.150533659889e-07  ,7.629287691075e-02  
  7.151533667503e-07  ,7.441741074449e-02  
  7.152533675118e-07  ,7.257028170488e-02  
  7.153533682732e-07  ,7.075194595522e-02  
  7.154533690347e-07  ,6.896283927476e-02  
  7.155533697961e-07  ,6.720340149045e-02  
  7.156533705576e-07  ,6.547405164844e-02  
  7.157533713190e-07  ,6.377521239421e-02  
  7.158533720805e-07  ,6.210728561274e-02  
  7.159533728419e-07  ,6.047067653077e-02  
  7.160533736034e-07  ,5.886576930866e-02  
  7.161533743648e-07  ,5.729295160475e-02  
  7.162533751263e-07  ,5.575258909492e-02  
  7.163533758877e-07  ,5.424505155284e-02  
  7.164533766492e-07  ,5.277068605973e-02  
  7.165533774106e-07  ,5.132984363827e-02  
  7.166533781721e-07  ,4.992285312471e-02  
  7.167533789335e-07  ,4.855004576455e-02  
  7.168533796950e-07  ,4.721173206767e-02  
  7.169533804564e-07  ,4.590822338053e-02  
  7.170533812179e-07  ,4.463981109858e-02  
  7.171533819793e-07  ,4.340678697843e-02  
  7.172533827408e-07  ,4.220942253447e-02  
  7.173533835022e-07  ,4.104798951930e-02  
  7.174533842637e-07  ,3.992273986023e-02  
  7.175533850251e-07  ,3.883392478409e-02  
  7.176533857866e-07  ,3.778177606805e-02  
  7.177533865480e-07  ,3.676652452422e-02  
  7.178533873095e-07  ,3.578838160894e-02  
  7.179533880709e-07  ,3.484755733063e-02  
  7.180533888324e-07  ,3.394424262818e-02  
  7.181533895938e-07  ,3.307862641049e-02  
  7.182533903553e-07  ,3.225087901060e-02  
  7.183533911167e-07  ,3.146116833672e-02  
  7.184533918782e-07  ,3.070964362509e-02  
  7.185533926396e-07  ,2.999645172243e-02  
  7.186533934011e-07  ,2.932172059863e-02  
  7.187533941625e-07  ,2.868557581556e-02  
  7.188533949240e-07  ,2.808812436331e-02  
  7.189533956854e-07  ,2.752947014609e-02  
  7.190533964469e-07  ,2.700969888269e-02  
  7.191533972083e-07  ,2.652889295311e-02  
  7.192533979698e-07  ,2.608711706800e-02  
  7.193533987312e-07  ,2.568443144420e-02  
  7.194533994927e-07  ,2.532087989427e-02  
  7.195534002541e-07  ,2.499650078391e-02  
  7.196534010156e-07  ,2.471131679269e-02  
  7.197534017770e-07  ,2.446534427306e-02  
  7.198534025385e-07  ,2.425858483887e-02  
  7.199534032999e-07  ,2.409103316168e-02  
  7.200534040614e-07  ,2.396266932753e-02  
  7.201534048228e-07  ,2.387346682915e-02  
  7.202534055842e-07  ,2.382338402923e-02  
  7.203534063457e-07  ,2.381237313374e-02  
  7.204534071071e-07  ,2.384037138657e-02  
  7.205534078686e-07  ,2.390730932131e-02  
  7.206534086300e-07  ,2.401310319359e-02  
  7.207534093915e-07  ,2.415766226760e-02  
  7.208534101529e-07  ,2.434088192649e-02  
  7.209534109144e-07  ,2.456264972154e-02  
  7.210534116758e-07  ,2.482284085321e-02  
  7.211534124373e-07  ,2.512132152276e-02  
  7.212534131987e-07  ,2.545794617193e-02  
  7.213534139602e-07  ,2.583256054827e-02  
  7.214534147216e-07  ,2.624499809037e-02  
  7.215534154831e-07  ,2.669508415685e-02  
  7.216534162445e-07  ,2.718263200228e-02  
  7.217534170060e-07  ,2.770744664754e-02  
  7.218534177674e-07  ,2.826932077891e-02  
  7.219534185289e-07  ,2.886803990474e-02  
  7.220534192903e-07  ,2.950337641172e-02  
  7.221534200518e-07  ,3.017509649326e-02  
  7.222534208132e-07  ,3.088295219431e-02  
  7.223534215747e-07  ,3.162669109186e-02  
  7.224534223361e-07  ,3.240604494067e-02  
  7.225534230976e-07  ,3.322074306973e-02  
  7.226534238590e-07  ,3.407049770404e-02  
  7.227534246205e-07  ,3.495501926077e-02  
  7.228534253819e-07  ,3.587400165379e-02  
  7.229534261434e-07  ,3.682713650363e-02  
  7.230534269048e-07  ,3.781409956345e-02  
  7.231534276663e-07  ,3.883456438282e-02  
  7.232534284277e-07  ,3.988818844823e-02  
  7.233534291892e-07  ,4.097462809982e-02  
  7.234534299506e-07  ,4.209352290796e-02  
  7.235534307121e-07  ,4.324451184679e-02  
  7.236534314735e-07  ,4.442721788885e-02  
  7.237534322350e-07  ,4.564126238110e-02  
  7.238534329964e-07  ,4.688625212703e-02  
  7.239534337579e-07  ,4.816179208050e-02  
  7.240534345193e-07  ,4.946747221840e-02  
  7.241534352808e-07  ,5.080288222984e-02  
  7.242534360422e-07  ,5.216759594997e-02  
  7.243534368037e-07  ,5.356118750585e-02  
  7.244534375651e-07  ,5.498321573534e-02  
  7.245534383266e-07  ,5.643323952600e-02  
  7.246534390880e-07  ,5.791080310496e-02  
  7.247534398495e-07  ,5.941545066480e-02  
  7.248534406109e-07  ,6.094671237432e-02  
  7.249534413724e-07  ,6.250411834847e-02  
  7.250534421338e-07  ,6.408718521370e-02  
  7.251534428953e-07  ,6.569542934319e-02  
  7.252534436567e-07  ,6.732835430750e-02  
  7.253534444182e-07  ,6.898546398009e-02  
  7.254534451796e-07  ,7.066624869012e-02  
  7.255534459411e-07  ,7.237020063397e-02  
  7.256534467025e-07  ,7.409679735200e-02  
  7.257534474640e-07  ,7.584552019129e-02  
  7.258534482254e-07  ,7.761583452621e-02  
  7.259534489869e-07  ,7.940721109794e-02  
  7.260534497483e-07  ,8.121910394051e-02  
  7.261534505098e-07  ,8.305097365270e-02  
  7.262534512712e-07  ,8.490226392503e-02  
  7.263534520327e-07  ,8.677242534375e-02  
  7.264534527941e-07  ,8.866089203534e-02  
  7.265534535556e-07  ,9.056710532349e-02  
  7.266534543170e-07  ,9.249049029246e-02  
  7.267534550785e-07  ,9.443047975648e-02  
  7.268534558399e-07  ,9.638649013621e-02  
  7.269534566014e-07  ,9.835794656348e-02  
  7.270534573628e-07  ,1.003442577070e-01  
  7.271534581243e-07  ,1.023448409620e-01  
  7.272534588857e-07  ,1.043590984518e-01  
  7.273534596472e-07  ,1.063864405758e-01  
  7.274534604086e-07  ,1.084262631026e-01  
  7.275534611701e-07  ,1.104779705428e-01  
  7.276534619315e-07  ,1.125409524574e-01  
  7.277534626930e-07  ,1.146146087527e-01  
  7.278534634544e-07  ,1.166983232760e-01  
  7.279534642159e-07  ,1.187914915964e-01  
  7.280534649773e-07  ,1.208934928967e-01  
  7.281534657387e-07  ,1.230037190130e-01  
  7.282534665002e-07  ,1.251215451999e-01  
  7.283534672616e-07  ,1.272463603014e-01  
  7.284534680231e-07  ,1.293775360226e-01  
  7.285534687845e-07  ,1.315144589403e-01  
  7.286534695460e-07  ,1.336564984136e-01  
  7.287534703074e-07  ,1.358030388587e-01  
  7.288534710689e-07  ,1.379534480549e-01  
  7.289534718303e-07  ,1.401071094487e-01  
  7.290534725918e-07  ,1.422633890864e-01  
  7.291534733532e-07  ,1.444216709069e-01  
  7.292534741147e-07  ,1.465813196937e-01  
  7.293534748761e-07  ,1.487417200237e-01  
  7.294534756376e-07  ,1.509022370150e-01  
  7.295534763990e-07  ,1.530622558750e-01  
  7.296534771605e-07  ,1.552211429262e-01  
  7.297534779219e-07  ,1.573782848463e-01  
  7.298534786834e-07  ,1.595330498047e-01  
  7.299534794448e-07  ,1.616848264541e-01  
  7.300534802063e-07  ,1.638329855269e-01  
  7.301534809677e-07  ,1.659769185378e-01  
  7.302534817292e-07  ,1.681159992805e-01  
  7.303534824906e-07  ,1.702496226996e-01  
  7.304534832521e-07  ,1.723771667134e-01  
  7.305534840135e-07  ,1.744980299864e-01  
  7.306534847750e-07  ,1.766115953589e-01  
  7.307534855364e-07  ,1.787172660151e-01  
  7.308534862979e-07  ,1.808144299297e-01  
  7.309534870593e-07  ,1.829024960874e-01  
  7.310534878208e-07  ,1.849808577883e-01  
  7.311534885822e-07  ,1.870489305718e-01  
  7.312534893437e-07  ,1.891061140742e-01  
  7.313534901051e-07  ,1.911518302921e-01  
  7.314534908666e-07  ,1.931854864207e-01  
  7.315534916280e-07  ,1.952065116215e-01  
  7.316534923895e-07  ,1.972143208110e-01  
  7.317534931509e-07  ,1.992083510176e-01  
  7.318534939124e-07  ,2.011880258669e-01  
  7.319534946738e-07  ,2.031527908001e-01  
  7.320534954353e-07  ,2.051020784373e-01  
  7.321534961967e-07  ,2.070353433481e-01  
  7.322534969582e-07  ,2.089520278777e-01  
  7.323534977196e-07  ,2.108515962535e-01  
  7.324534984811e-07  ,2.127335012614e-01  
  7.325534992425e-07  ,2.145972172498e-01  
  7.326535000040e-07  ,2.164422077203e-01  
  7.327535007654e-07  ,2.182679582695e-01  
  7.328535015269e-07  ,2.200739433486e-01  
  7.329535022883e-07  ,2.218596604129e-01  
  7.330535030498e-07  ,2.236245955521e-01  
  7.331535038112e-07  ,2.253682582738e-01  
  7.332535045727e-07  ,2.270901471631e-01  
  7.333535053341e-07  ,2.287897843594e-01  
  7.334535060956e-07  ,2.304666811035e-01  
  7.335535068570e-07  ,2.321203729077e-01  
  7.336535076185e-07  ,2.337503843800e-01  
  7.337535083799e-07  ,2.353562645023e-01  
  7.338535091414e-07  ,2.369375519143e-01  
  7.339535099028e-07  ,2.384938096685e-01  
  7.340535106643e-07  ,2.400245907577e-01  
  7.341535114257e-07  ,2.415294727719e-01  
  7.342535121872e-07  ,2.430080236522e-01  
  7.343535129486e-07  ,2.444598358122e-01  
  7.344535137101e-07  ,2.458844928182e-01  
  7.345535144715e-07  ,2.472816020621e-01  
  7.346535152330e-07  ,2.486507629671e-01  
  7.347535159944e-07  ,2.499915992452e-01  
  7.348535167559e-07  ,2.513037256738e-01  
  7.349535175173e-07  ,2.525867828337e-01  
  7.350535182788e-07  ,2.538404016793e-01  
  7.351535190402e-07  ,2.550642395472e-01  
  7.352535198017e-07  ,2.562579441508e-01  
  7.353535205631e-07  ,2.574211900390e-01  
  7.354535213246e-07  ,2.585536418431e-01  
  7.355535220860e-07  ,2.596549918263e-01  
  7.356535228475e-07  ,2.607249217416e-01  
  7.357535236089e-07  ,2.617631419235e-01  
  7.358535243704e-07  ,2.627693516986e-01  
  7.359535251318e-07  ,2.637432794612e-01  
  7.360535258933e-07  ,2.646846426640e-01  
  7.361535266547e-07  ,2.655931880570e-01  
  7.362535274161e-07  ,2.664686513996e-01  
  7.363535281776e-07  ,2.673107979084e-01  
  7.364535289390e-07  ,2.681193822437e-01  
  7.365535297005e-07  ,2.688941879678e-01  
  7.366535304619e-07  ,2.696349891582e-01  
  7.367535312234e-07  ,2.703415877481e-01  
  7.368535319848e-07  ,2.710137776762e-01  
  7.369535327463e-07  ,2.716513792855e-01  
  7.370535335077e-07  ,2.722542061574e-01  
  7.371535342692e-07  ,2.728220981344e-01  
  7.372535350306e-07  ,2.733548879309e-01  
  7.373535357921e-07  ,2.738524350378e-01  
  7.374535365535e-07  ,2.743145918296e-01  
  7.375535373150e-07  ,2.747412375036e-01  
  7.376535380764e-07  ,2.751322437606e-01  
  7.377535388379e-07  ,2.754875100003e-01  
  7.378535395993e-07  ,2.758069275083e-01  
  7.379535403608e-07  ,2.760904156851e-01  
  7.380535411222e-07  ,2.763378854268e-01  
  7.381535418837e-07  ,2.765492763944e-01  
  7.382535426451e-07  ,2.767245190371e-01  
  7.383535434066e-07  ,2.768635735890e-01  
  7.384535441680e-07  ,2.769663898091e-01  
  7.385535449295e-07  ,2.770329482025e-01  
  7.386535456909e-07  ,2.770632188320e-01  
  7.387535464524e-07  ,2.770572015609e-01  
  7.388535472138e-07  ,2.770148869900e-01  
  7.389535479753e-07  ,2.769362945746e-01  
  7.390535487367e-07  ,2.768214352641e-01  
  7.391535494982e-07  ,2.766703479144e-01  
  7.392535502596e-07  ,2.764830640298e-01  
  7.393535510211e-07  ,2.762596415420e-01  
  7.394535517825e-07  ,2.760001326987e-01  
  7.395535525440e-07  ,2.757046143772e-01  
  7.396535533054e-07  ,2.753731590181e-01  
  7.397535540669e-07  ,2.750058631836e-01  
  7.398535548283e-07  ,2.746028186006e-01  
  7.399535555898e-07  ,2.741641417885e-01  
  7.400535563512e-07  ,2.736899435909e-01  
  7.401535571127e-07  ,2.731803602002e-01  
  7.402535578741e-07  ,2.726355214654e-01  
  7.403535586356e-07  ,2.720555831952e-01  
  7.404535593970e-07  ,2.714406941856e-01  
  7.405535601585e-07  ,2.707910290074e-01  
  7.406535609199e-07  ,2.701067558466e-01  
  7.407535616814e-07  ,2.693880679464e-01  
  7.408535624428e-07  ,2.686351519640e-01  
  7.409535632043e-07  ,2.678482200309e-01  
  7.410535639657e-07  ,2.670274770548e-01  
  7.411535647272e-07  ,2.661731537898e-01  
  7.412535654886e-07  ,2.652854729118e-01  
  7.413535662501e-07  ,2.643646837624e-01  
  7.414535670115e-07  ,2.634110263921e-01  
  7.415535677730e-07  ,2.624247684872e-01  
  7.416535685344e-07  ,2.614061670878e-01  
  7.417535692959e-07  ,2.603555080548e-01  
  7.418535700573e-07  ,2.592730649879e-01  
  7.419535708188e-07  ,2.581591414459e-01  
  7.420535715802e-07  ,2.570140277699e-01  
  7.421535723417e-07  ,2.558380444042e-01  
  7.422535731031e-07  ,2.546314979995e-01  
  7.423535738646e-07  ,2.533947259173e-01  
  7.424535746260e-07  ,2.521280504746e-01  
  7.425535753875e-07  ,2.508318255692e-01  
  7.426535761489e-07  ,2.495063889688e-01  
  7.427535769104e-07  ,2.481521107074e-01  
  7.428535776718e-07  ,2.467693432436e-01  
  7.429535784333e-07  ,2.453584725929e-01  
  7.430535791947e-07  ,2.439198656579e-01  
  7.431535799562e-07  ,2.424539236021e-01  
  7.432535807176e-07  ,2.409610277353e-01  
  7.433535814791e-07  ,2.394415934541e-01  
  7.434535822405e-07  ,2.378960165738e-01  
  7.435535830020e-07  ,2.363247258031e-01  
  7.436535837634e-07  ,2.347281310875e-01  
  7.437535845249e-07  ,2.331066743805e-01  
  7.438535852863e-07  ,2.314607784767e-01  
  7.439535860478e-07  ,2.297908988614e-01  
  7.440535868092e-07  ,2.280974704583e-01  
  7.441535875707e-07  ,2.263809613317e-01  
  7.442535883321e-07  ,2.246418185573e-01  
  7.443535890935e-07  ,2.228805220681e-01  
  7.444535898550e-07  ,2.210975306547e-01  
  7.445535906164e-07  ,2.192933354209e-01  
  7.446535913779e-07  ,2.174684062914e-01  
  7.447535921393e-07  ,2.156232455811e-01  
  7.448535929008e-07  ,2.137583328885e-01  
  7.449535936622e-07  ,2.118741817083e-01  
  7.450535944237e-07  ,2.099712811083e-01  
  7.451535951851e-07  ,2.080501543602e-01  
  7.452535959466e-07  ,2.061112998311e-01  
  7.453535967080e-07  ,2.041552504052e-01  
  7.454535974695e-07  ,2.021825126534e-01  
  7.455535982309e-07  ,2.001936283239e-01  
  7.456535989924e-07  ,1.981891123414e-01  
  7.457535997538e-07  ,1.961695141385e-01  
  7.458536005153e-07  ,1.941353564014e-01  
  7.459536012767e-07  ,1.920871960138e-01  
  7.460536020382e-07  ,1.900255625367e-01  
  7.461536027996e-07  ,1.879510198494e-01  
  7.462536035611e-07  ,1.858641036238e-01  
  7.463536043225e-07  ,1.837653840679e-01  
  7.464536050840e-07  ,1.816554028364e-01  
  7.465536058454e-07  ,1.795347352645e-01  
  7.466536066069e-07  ,1.774039285205e-01  
  7.467536073683e-07  ,1.752635628272e-01  
  7.468536081298e-07  ,1.731141896670e-01  
  7.469536088912e-07  ,1.709563938301e-01  
  7.470536096527e-07  ,1.687907306493e-01  
  7.471536104141e-07  ,1.666177885712e-01  
  7.472536111756e-07  ,1.644381259015e-01  
  7.473536119370e-07  ,1.622523348414e-01  
  7.474536126985e-07  ,1.600609756399e-01  
  7.475536134599e-07  ,1.578646433008e-01  
  7.476536142214e-07  ,1.556638998132e-01  
  7.477536149828e-07  ,1.534593423675e-01  
  7.478536157443e-07  ,1.512515337197e-01  
  7.479536165057e-07  ,1.490410727576e-01  
  7.480536172672e-07  ,1.468285225956e-01  
  7.481536180286e-07  ,1.446144827776e-01  
  7.482536187901e-07  ,1.423995164681e-01  
  7.483536195515e-07  ,1.401842231927e-01  
  7.484536203130e-07  ,1.379691650967e-01  
  7.485536210744e-07  ,1.357549416867e-01  
  7.486536218359e-07  ,1.335421131472e-01  
  7.487536225973e-07  ,1.313312780291e-01  
  7.488536233588e-07  ,1.291229946868e-01  
  7.489536241202e-07  ,1.269179528962e-01  
  7.490536248817e-07  ,1.247165262593e-01  
  7.491536256431e-07  ,1.225193874746e-01  
  7.492536264046e-07  ,1.203271092426e-01  
  7.493536271660e-07  ,1.181402618343e-01  
  7.494536279275e-07  ,1.159594146837e-01  
  7.495536286889e-07  ,1.137851335259e-01  
  7.496536294504e-07  ,1.116179842839e-01  
  7.497536302118e-07  ,1.094585277502e-01  
  7.498536309733e-07  ,1.073073246115e-01  
  7.499536317347e-07  ,1.051649309625e-01  
  7.500536324962e-07  ,1.030319019288e-01  
  7.501536332576e-07  ,1.009087874115e-01  
  7.502536340191e-07  ,9.879613698860e-02  
  7.503536347805e-07  ,9.669449354565e-02  
  7.504536355420e-07  ,9.460440066216e-02  
  7.505536363034e-07  ,9.252639365225e-02  
  7.506536370649e-07  ,9.046100909797e-02  
  7.507536378263e-07  ,8.840877473550e-02  
  7.508536385878e-07  ,8.637021919903e-02  
  7.509536393492e-07  ,8.434586220808e-02  
  7.510536401107e-07  ,8.233622382897e-02  
  7.511536408721e-07  ,8.034181533619e-02  
  7.512536416336e-07  ,7.836314750993e-02  
  7.513536423950e-07  ,7.640072250226e-02  
  7.514536431565e-07  ,7.445504197961e-02  
  7.515536439179e-07  ,7.252659738392e-02  
  7.516536446794e-07  ,7.061588124704e-02  
  7.517536454408e-07  ,6.872337430686e-02  
  7.518536462023e-07  ,6.684955843042e-02  
  7.519536469637e-07  ,6.499490381458e-02  
  7.520536477252e-07  ,6.315988097731e-02  
  7.521536484866e-07  ,6.134494878463e-02  
  7.522536492481e-07  ,5.955056656493e-02  
  7.523536500095e-07  ,5.777718099908e-02  
  7.524536507709e-07  ,5.602523926911e-02  
  7.525536515324e-07  ,5.429524815185e-02  
  7.526536522938e-07  ,5.258749617580e-02  
  7.527536530553e-07  ,5.090248063277e-02  
  7.528536538167e-07  ,4.924062017695e-02  
  7.529536545782e-07  ,4.760232618018e-02  
  7.530536553396e-07  ,4.598800454845e-02  
  7.531536561011e-07  ,4.439805227058e-02  
  7.532536568625e-07  ,4.283286180429e-02  
  7.533536576240e-07  ,4.129281597607e-02  
  7.534536583854e-07  ,3.977829303839e-02  
  7.535536591469e-07  ,3.828966144685e-02  
  7.536536599083e-07  ,3.682728470523e-02  
  7.537536606698e-07  ,3.539151623946e-02  
  7.538536614312e-07  ,3.398270497403e-02  
  7.539536621927e-07  ,3.260118883171e-02  
  7.540536629541e-07  ,3.124730132527e-02  
  7.541536637156e-07  ,2.992136509663e-02  
  7.542536644770e-07  ,2.862369759170e-02  
  7.543536652385e-07  ,2.735460581003e-02  
  7.544536659999e-07  ,2.611439126640e-02  
  7.545536667614e-07  ,2.490334426020e-02  
  7.546536675228e-07  ,2.372175053133e-02  
  7.547536682843e-07  ,2.256988353019e-02  
  7.548536690457e-07  ,2.144801260188e-02  
  7.549536698072e-07  ,2.035639421962e-02  
  7.550536705686e-07  ,1.929528084721e-02  
  7.551536713301e-07  ,1.826491216579e-02  
  7.552536720915e-07  ,1.726552315882e-02  
  7.553536728530e-07  ,1.629733645949e-02  
  7.554536736144e-07  ,1.536056963261e-02  
  7.555536743759e-07  ,1.445542777550e-02  
  7.556536751373e-07  ,1.358211098040e-02  
  7.557536758988e-07  ,1.274080652643e-02  
  7.558536766602e-07  ,1.193169662612e-02  
  7.559536774217e-07  ,1.115495102664e-02  
  7.560536781831e-07  ,1.041073381734e-02  
  7.561536789446e-07  ,9.699196498339e-03  
  7.562536797060e-07  ,9.020485522078e-03  
  7.563536804675e-07  ,8.374733712072e-03  
  7.564536812289e-07  ,7.762069772386e-03  
  7.565536819904e-07  ,7.182607795458e-03  
  7.566536827518e-07  ,6.636458605629e-03  
  7.567536835133e-07  ,6.123717307042e-03  
  7.568536842747e-07  ,5.644476826948e-03  
  7.569536850362e-07  ,5.198813682335e-03  
  7.570536857976e-07  ,4.786802206863e-03  
  7.571536865591e-07  ,4.408500163964e-03  
  7.572536873205e-07  ,4.063963916334e-03  
  7.573536880820e-07  ,3.753232141269e-03  
  7.574536888434e-07  ,3.476342773936e-03  
  7.575536896049e-07  ,3.233316114864e-03  
  7.576536903663e-07  ,3.024171132036e-03  
  7.577536911278e-07  ,2.848909764121e-03  
  7.578536918892e-07  ,2.707532486762e-03  
  7.579536926507e-07  ,2.600022537169e-03  
  7.580536934121e-07  ,2.526361858410e-03  
  7.581536941736e-07  ,2.486515168925e-03  
  7.582536949350e-07  ,2.480445975661e-03  
  7.583536956965e-07  ,2.508100492847e-03  
  7.584536964579e-07  ,2.569423721749e-03  
  7.585536972194e-07  ,2.664343648060e-03  
  7.586536979808e-07  ,2.792787125794e-03  
  7.587536987423e-07  ,2.954663266092e-03  
  7.588536995037e-07  ,3.149881322668e-03  
  7.589537002652e-07  ,3.378331977168e-03  
  7.590537010266e-07  ,3.639906398952e-03  
  7.591537017881e-07  ,3.934477372149e-03  
  7.592537025495e-07  ,4.261917854968e-03  
  7.593537033110e-07  ,4.622083467664e-03  
  7.594537040724e-07  ,5.014828517350e-03  
  7.595537048339e-07  ,5.439991614957e-03  
  7.596537055953e-07  ,5.897409126965e-03  
  7.597537063568e-07  ,6.386902619959e-03  
  7.598537071182e-07  ,6.908290555501e-03  
  7.599537078797e-07  ,7.461377621829e-03  
  7.600537086411e-07  ,8.045965245269e-03  
  7.601537094026e-07  ,8.661840770091e-03  
  7.602537101640e-07  ,9.308788944125e-03  
  7.603537109255e-07  ,9.986580374457e-03  
  7.604537116869e-07  ,1.069498313127e-02  
  7.605537124483e-07  ,1.143375141376e-02  
  7.606537132098e-07  ,1.220263679724e-02  
  7.607537139712e-07  ,1.300137760143e-02  
  7.608537147327e-07  ,1.382970895710e-02  
  7.609537154941e-07  ,1.468735370553e-02  
  7.610537162556e-07  ,1.557403105471e-02  
  7.611537170170e-07  ,1.648944836171e-02  
  7.612537177785e-07  ,1.743330941693e-02  
  7.613537185399e-07  ,1.840530644282e-02  
  7.614537193014e-07  ,1.940512801794e-02  
  7.615537200628e-07  ,2.043245181187e-02  
  7.616537208243e-07  ,2.148695154519e-02  
  7.617537215857e-07  ,2.256829029266e-02  
  7.618537223472e-07  ,2.367612797398e-02  
  7.619537231086e-07  ,2.481011295725e-02  
  7.620537238701e-07  ,2.596989173529e-02  
  7.621537246315e-07  ,2.715509894332e-02  
  7.622537253930e-07  ,2.836536739994e-02  
  7.623537261544e-07  ,2.960031860229e-02  
  7.624537269159e-07  ,3.085957221971e-02  
  7.625537276773e-07  ,3.214273725098e-02  
  7.626537284388e-07  ,3.344942057438e-02  
  7.627537292002e-07  ,3.477921852344e-02  
  7.628537299617e-07  ,3.613172619270e-02  
  7.629537307231e-07  ,3.750652790052e-02  
  7.630537314846e-07  ,3.890320708998e-02  
  7.631537322460e-07  ,4.032133654396e-02  
  7.632537330075e-07  ,4.176048843366e-02  
  7.633537337689e-07  ,4.322022480761e-02  
  7.634537345304e-07  ,4.470010706446e-02  
  7.635537352918e-07  ,4.619968657832e-02  
  7.636537360533e-07  ,4.771851458966e-02  
  7.637537368147e-07  ,4.925613285458e-02  
  7.638537375762e-07  ,5.081208244227e-02  
  7.639537383376e-07  ,5.238589580086e-02  
  7.640537390991e-07  ,5.397710511533e-02  
  7.641537398605e-07  ,5.558523345477e-02  
  7.642537406220e-07  ,5.720980468004e-02  
  7.643537413834e-07  ,5.885033330047e-02  
  7.644537421449e-07  ,6.050633505278e-02  
  7.645537429063e-07  ,6.217731676962e-02  
  7.646537436678e-07  ,6.386278659852e-02  
  7.647537444292e-07  ,6.556224363703e-02  
  7.648537451907e-07  ,6.727518970285e-02  
  7.649537459521e-07  ,6.900111666725e-02  
  7.650537467136e-07  ,7.073952014104e-02  
  7.651537474750e-07  ,7.248988564620e-02  
  7.652537482365e-07  ,7.425170287843e-02  
  7.653537489979e-07  ,7.602445222130e-02  
  7.654537497594e-07  ,7.780761727882e-02  
  7.655537505208e-07  ,7.960067406303e-02  
  7.656537512823e-07  ,8.140310123469e-02  
  7.657537520437e-07  ,8.321437012094e-02  
  7.658537528052e-07  ,8.503395557334e-02  
  7.659537535666e-07  ,8.686132490072e-02  
  7.660537543281e-07  ,8.869594939056e-02  
  7.661537550895e-07  ,9.053729311881e-02  
  7.662537558510e-07  ,9.238482413993e-02  
  7.663537566124e-07  ,9.423800447400e-02  
  7.664537573739e-07  ,9.609629891434e-02  
  7.665537581353e-07  ,9.795916811643e-02  
  7.666537588968e-07  ,9.982607468345e-02  
  7.667537596582e-07  ,1.016964779503e-01  
  7.668537604197e-07  ,1.035698392659e-01  
  7.669537611811e-07  ,1.054456169808e-01  
  7.670537619426e-07  ,1.073232718853e-01  
  7.671537627040e-07  ,1.092022620416e-01  
  7.672537634655e-07  ,1.110820483043e-01  
  7.673537642269e-07  ,1.129620888251e-01  
  7.674537649884e-07  ,1.148418450813e-01  
  7.675537657498e-07  ,1.167207763667e-01  
  7.676537665113e-07  ,1.185983448875e-01  
  7.677537672727e-07  ,1.204740117790e-01  
  7.678537680342e-07  ,1.223472407147e-01  
  7.679537687956e-07  ,1.242174950071e-01  
  7.680537695571e-07  ,1.260842410276e-01  
  7.681537703185e-07  ,1.279469438713e-01  
  7.682537710800e-07  ,1.298050737522e-01  
  7.683537718414e-07  ,1.316580983708e-01  
  7.684537726029e-07  ,1.335054918210e-01  
  7.685537733643e-07  ,1.353467252074e-01  
  7.686537741257e-07  ,1.371812771975e-01  
  7.687537748872e-07  ,1.390086228700e-01  
  7.688537756486e-07  ,1.408282455235e-01  
  7.689537764101e-07  ,1.426396256451e-01  
  7.690537771715e-07  ,1.444422511949e-01  
  7.691537779330e-07  ,1.462356083982e-01  
  7.692537786944e-07  ,1.480191909363e-01  
  7.693537794559e-07  ,1.497924912238e-01  
  7.694537802173e-07  ,1.515550090696e-01  
  7.695537809788e-07  ,1.533062436048e-01  
  7.696537817402e-07  ,1.550457013094e-01  
  7.697537825017e-07  ,1.567728886409e-01  
  7.698537832631e-07  ,1.584873195371e-01  
  7.699537840246e-07  ,1.601885077661e-01  
  7.700537847860e-07  ,1.618759755268e-01  
  7.701537855475e-07  ,1.635492446181e-01  
  7.702537863089e-07  ,1.652078457375e-01  
  7.703537870704e-07  ,1.668513091373e-01  
  7.704537878318e-07  ,1.684791748345e-01  
  7.705537885933e-07  ,1.700909818744e-01  
  7.706537893547e-07  ,1.716862802261e-01  
  7.707537901162e-07  ,1.732646177758e-01  
  7.708537908776e-07  ,1.748255552725e-01  
  7.709537916391e-07  ,1.763686502847e-01  
  7.710537924005e-07  ,1.778934740374e-01  
  7.711537931620e-07  ,1.793995947654e-01  
  7.712537939234e-07  ,1.808865942690e-01  
  7.713537946849e-07  ,1.823540524386e-01  
  7.714537954463e-07  ,1.838015616949e-01  
  7.715537962078e-07  ,1.852287138512e-01  
  7.716537969692e-07  ,1.866351129332e-01  
  7.717537977307e-07  ,1.880203627397e-01  
  7.718537984921e-07  ,1.893840793487e-01  
  7.719537992536e-07  ,1.907258789396e-01  
  7.720538000150e-07  ,1.920453901537e-01  
  7.721538007765e-07  ,1.933422419959e-01  
  7.722538015379e-07  ,1.946160757960e-01  
  7.723538022994e-07  ,1.958665340024e-01  
  7.724538030608e-07  ,1.970932711510e-01  
  7.725538038223e-07  ,1.982959429944e-01  
  7.726538045837e-07  ,1.994742179992e-01  
  7.727538053452e-07  ,2.006277658129e-01  
  7.728538061066e-07  ,2.017562685666e-01  
  7.729538068681e-07  ,2.028594104808e-01  
  7.730538076295e-07  ,2.039368878952e-01  
  7.731538083910e-07  ,2.049883993647e-01  
  7.732538091524e-07  ,2.060136562858e-01  
  7.733538099139e-07  ,2.070123717445e-01  
  7.734538106753e-07  ,2.079842722096e-01  
  7.735538114368e-07  ,2.089290856860e-01  
  7.736538121982e-07  ,2.098465542259e-01  
  7.737538129597e-07  ,2.107364208961e-01  
  7.738538137211e-07  ,2.115984436593e-01  
  7.739538144826e-07  ,2.124323805663e-01  
  7.740538152440e-07  ,2.132380060875e-01  
  7.741538160055e-07  ,2.140150934516e-01  
  7.742538167669e-07  ,2.147634336226e-01  
  7.743538175284e-07  ,2.154828157673e-01  
  7.744538182898e-07  ,2.161730469852e-01  
  7.745538190513e-07  ,2.168339326088e-01  
  7.746538198127e-07  ,2.174652965166e-01  
  7.747538205742e-07  ,2.180669600473e-01  
  7.748538213356e-07  ,2.186387640901e-01  
  7.749538220971e-07  ,2.191805461654e-01  
  7.750538228585e-07  ,2.196921643477e-01  
  7.751538236200e-07  ,2.201734724339e-01  
  7.752538243814e-07  ,2.206243459630e-01  
  7.753538251429e-07  ,2.210446549280e-01  
  7.754538259043e-07  ,2.214342925095e-01  
  7.755538266658e-07  ,2.217931452924e-01  
  7.756538274272e-07  ,2.221211237157e-01  
  7.757538281887e-07  ,2.224181312956e-01  
  7.758538289501e-07  ,2.226840958777e-01  
  7.759538297116e-07  ,2.229189380000e-01  
  7.760538304730e-07  ,2.231226027258e-01  
  7.761538312345e-07  ,2.232950278272e-01  
  7.762538319959e-07  ,2.234361756762e-01  
  7.763538327574e-07  ,2.235460012383e-01  
  7.764538335188e-07  ,2.236244843181e-01  
  7.765538342803e-07  ,2.236715968917e-01  
  7.766538350417e-07  ,2.236873361691e-01  
  7.767538358031e-07  ,2.236716917399e-01  
  7.768538365646e-07  ,2.236246774476e-01  
  7.769538373260e-07  ,2.235463005875e-01  
  7.770538380875e-07  ,2.234365920787e-01  
  7.771538388489e-07  ,2.232955765456e-01  
  7.772538396104e-07  ,2.231233018901e-01  
  7.773538403718e-07  ,2.229198100908e-01  
  7.774538411333e-07  ,2.226851659500e-01  
  7.775538418947e-07  ,2.224194287983e-01  
  7.776538426562e-07  ,2.221226800820e-01  
  7.777538434176e-07  ,2.217949964451e-01  
  7.778538441791e-07  ,2.214364761127e-01  
  7.779538449405e-07  ,2.210472125707e-01  
  7.780538457020e-07  ,2.206273207213e-01  
  7.781538464634e-07  ,2.201769110994e-01  
  7.782538472249e-07  ,2.196961147928e-01  
  7.783538479863e-07  ,2.191850593088e-01  
  7.784538487478e-07  ,2.186438918898e-01  
  7.785538495092e-07  ,2.180727568014e-01  
  7.786538502707e-07  ,2.174718172188e-01  
  7.787538510321e-07  ,2.168412337271e-01  
  7.788538517936e-07  ,2.161811856695e-01  
  7.789538525550e-07  ,2.154918496839e-01  
  7.790538533165e-07  ,2.147734206196e-01  
  7.791538540779e-07  ,2.140260915466e-01  
  7.792538548394e-07  ,2.132500723398e-01  
  7.793538556008e-07  ,2.124455717205e-01  
  7.794538563623e-07  ,2.116128155060e-01  
  7.795538571237e-07  ,2.107520268678e-01  
  7.796538578852e-07  ,2.098634472090e-01  
  7.797538586466e-07  ,2.089473148289e-01  
  7.798538594081e-07  ,2.080038856608e-01  
  7.799538601695e-07  ,2.070334128627e-01  
  7.800538609310e-07  ,2.060361669617e-01  
  7.801538616924e-07  ,2.050124153896e-01  
  7.802538624539e-07  ,2.039624429710e-01  
  7.803538632153e-07  ,2.028865313689e-01  
  7.804538639768e-07  ,2.017849790007e-01  
  7.805538647382e-07  ,2.006580815748e-01  
  7.806538654997e-07  ,1.995061509216e-01  
  7.807538662611e-07  ,1.983294961712e-01  
  7.808538670226e-07  ,1.971284422935e-01  
  7.809538677840e-07  ,1.959033117305e-01  
  7.810538685455e-07  ,1.946544418764e-01  
  7.811538693069e-07  ,1.933821680227e-01  
  7.812538700684e-07  ,1.920868401756e-01  
  7.813538708298e-07  ,1.907688056527e-01  
  7.814538715913e-07  ,1.894284265809e-01  
  7.815538723527e-07  ,1.880660620348e-01  
  7.816538731142e-07  ,1.866820859901e-01  
  7.817538738756e-07  ,1.852768689137e-01  
  7.818538746371e-07  ,1.838507958793e-01  
  7.819538753985e-07  ,1.824042484155e-01  
  7.820538761600e-07  ,1.809376222967e-01  
  7.821538769214e-07  ,1.794513098318e-01  
  7.822538776829e-07  ,1.779457170298e-01  
  7.823538784443e-07  ,1.764212460993e-01  
  7.824538792058e-07  ,1.748783133370e-01  
  7.825538799672e-07  ,1.733173303934e-01  
  7.826538807287e-07  ,1.717387226968e-01  
  7.827538814901e-07  ,1.701429116329e-01  
  7.828538822516e-07  ,1.685303312249e-01  
  7.829538830130e-07  ,1.669014116013e-01  
  7.830538837745e-07  ,1.652565952119e-01  
  7.831538845359e-07  ,1.635963206163e-01  
  7.832538852974e-07  ,1.619210378521e-01  
  7.833538860588e-07  ,1.602311934801e-01  
  7.834538868203e-07  ,1.585272449549e-01  
  7.835538875817e-07  ,1.568096459015e-01  
  7.836538883432e-07  ,1.550788607884e-01  
  7.837538891046e-07  ,1.533353501723e-01  
  7.838538898661e-07  ,1.515795844458e-01  
  7.839538906275e-07  ,1.498120308872e-01  
  7.840538913890e-07  ,1.480331653315e-01  
  7.841538921504e-07  ,1.462434609656e-01  
  7.842538929119e-07  ,1.444433991443e-01  
  7.843538936733e-07  ,1.426334577005e-01  
  7.844538944348e-07  ,1.408141233078e-01  
  7.845538951962e-07  ,1.389858781159e-01  
  7.846538959577e-07  ,1.371492131380e-01  
  7.847538967191e-07  ,1.353046147483e-01  
  7.848538974805e-07  ,1.334525774140e-01  
  7.849538982420e-07  ,1.315935912031e-01  
  7.850538990034e-07  ,1.297281539071e-01  
  7.851538997649e-07  ,1.278567582572e-01  
  7.852539005263e-07  ,1.259799050903e-01  
  7.853539012878e-07  ,1.240980890771e-01  
  7.854539020492e-07  ,1.222118135265e-01  
  7.855539028107e-07  ,1.203215749892e-01  
  7.856539035721e-07  ,1.184278780246e-01  
  7.857539043336e-07  ,1.165312208645e-01  
  7.858539050950e-07  ,1.146321086925e-01  
  7.859539058565e-07  ,1.127310409222e-01  
  7.860539066179e-07  ,1.108285227689e-01  
  7.861539073794e-07  ,1.089250542203e-01  
  7.862539081408e-07  ,1.070211402327e-01  
  7.863539089023e-07  ,1.051172803216e-01  
  7.864539096637e-07  ,1.032139791106e-01  
  7.865539104252e-07  ,1.013117347834e-01  
  7.866539111866e-07  ,9.941105135695e-02  
  7.867539119481e-07  ,9.751242491544e-02  
  7.868539127095e-07  ,9.561635824164e-02  
  7.869539134710e-07  ,9.372334507437e-02  
  7.870539142324e-07  ,9.183388631648e-02  
  7.871539149939e-07  ,8.994847273011e-02  
  7.872539157553e-07  ,8.806760268012e-02  
  7.873539165168e-07  ,8.619176360484e-02  
  7.874539172782e-07  ,8.432145091216e-02  
  7.875539180397e-07  ,8.245714795730e-02  
  7.876539188011e-07  ,8.059934652056e-02  
  7.877539195626e-07  ,7.874852581398e-02  
  7.878539203240e-07  ,7.690517313307e-02  
  7.879539210855e-07  ,7.506976297076e-02  
  7.880539218469e-07  ,7.324277772101e-02  
  7.881539226084e-07  ,7.142468684247e-02  
  7.882539233698e-07  ,6.961596700974e-02  
  7.883539241313e-07  ,6.781708194514e-02  
  7.884539248927e-07  ,6.602850281756e-02  
  7.885539256542e-07  ,6.425068671077e-02  
  7.886539264156e-07  ,6.248409829642e-02  
  7.887539271771e-07  ,6.072918825852e-02  
  7.888539279385e-07  ,5.898641398095e-02  
  7.889539287000e-07  ,5.725621914463e-02  
  7.890539294614e-07  ,5.553905390684e-02  
  7.891539302229e-07  ,5.383535361078e-02  
  7.892539309843e-07  ,5.214556105118e-02  
  7.893539317458e-07  ,5.047010330375e-02  
  7.894539325072e-07  ,4.880941469003e-02  
  7.895539332687e-07  ,4.716391356923e-02  
  7.896539340301e-07  ,4.553402561682e-02  
  7.897539347916e-07  ,4.392016008853e-02  
  7.898539355530e-07  ,4.232273334900e-02  
  7.899539363145e-07  ,4.074214499096e-02  
  7.900539370759e-07  ,3.917880178683e-02  
  7.901539378374e-07  ,3.763309343085e-02  
  7.902539385988e-07  ,3.610541652401e-02  
  7.903539393603e-07  ,3.459615008552e-02  
  7.904539401217e-07  ,3.310568085943e-02  
  7.905539408832e-07  ,3.163437616146e-02  
  7.906539416446e-07  ,3.018261256895e-02  
  7.907539424061e-07  ,2.875074594408e-02  
  7.908539431675e-07  ,2.733914122752e-02  
  7.909539439290e-07  ,2.594814320608e-02  
  7.910539446904e-07  ,2.457810480007e-02  
  7.911539454519e-07  ,2.322935889078e-02  
  7.912539462133e-07  ,2.190224659797e-02  
  7.913539469748e-07  ,2.059708802482e-02  
  7.914539477362e-07  ,1.931421228121e-02  
  7.915539484977e-07  ,1.805392666705e-02  
  7.916539492591e-07  ,1.681654760390e-02  
  7.917539500206e-07  ,1.560236936997e-02  
  7.918539507820e-07  ,1.441169528100e-02  
  7.919539515435e-07  ,1.324480663196e-02  
  7.920539523049e-07  ,1.210199285981e-02  
  7.921539530664e-07  ,1.098352211571e-02  
  7.922539538278e-07  ,9.889670060389e-03  
  7.923539545893e-07  ,8.820690835461e-03  
  7.924539553507e-07  ,7.776846441383e-03  
  7.925539561122e-07  ,6.758376641050e-03  
  7.926539568736e-07  ,5.765529528652e-03  
  7.927539576351e-07  ,4.798529999023e-03  
  7.928539583965e-07  ,3.857612389641e-03  
  7.929539591579e-07  ,2.942986505806e-03  
  7.930539599194e-07  ,2.054872074430e-03  
  7.931539606808e-07  ,1.193464333642e-03  
  7.932539614423e-07  ,3.589678831170e-04  
  7.933539622037e-07  ,-4.484369913661e-04  
  7.934539629652e-07  ,-1.228560706117e-03  
  7.935539637266e-07  ,-1.981238087148e-03  
  7.936539644881e-07  ,-2.706295015137e-03  
  7.937539652495e-07  ,-3.403555586466e-03  
  7.938539660110e-07  ,-4.072916391553e-03  
  7.939539667724e-07  ,-4.714209592904e-03  
  7.940539675339e-07  ,-5.327300028701e-03  
  7.941539682953e-07  ,-5.912061167207e-03  
  7.942539690568e-07  ,-6.468373014104e-03  
  7.943539698182e-07  ,-6.996125512374e-03  
  7.944539705797e-07  ,-7.495213590604e-03  
  7.945539713411e-07  ,-7.965543552081e-03  
  7.946539721026e-07  ,-8.407026198001e-03  
  7.947539728640e-07  ,-8.819583391481e-03  
  7.948539736255e-07  ,-9.203142453823e-03  
  7.949539743869e-07  ,-9.557640776968e-03  
  7.950539751484e-07  ,-9.883021867320e-03  
  7.951539759098e-07  ,-1.017923914958e-02  
  7.952539766713e-07  ,-1.044625197499e-02  
  7.953539774327e-07  ,-1.068403039199e-02  
  7.954539781942e-07  ,-1.089254897174e-02  
  7.955539789556e-07  ,-1.107179457579e-02  
  7.956539797171e-07  ,-1.122175746727e-02  
  7.957539804785e-07  ,-1.134244060540e-02  
  7.958539812400e-07  ,-1.143385035881e-02  
  7.959539820014e-07  ,-1.149600566588e-02  
  7.960539827629e-07  ,-1.152892920762e-02  
  7.961539835243e-07  ,-1.153265526703e-02  
  7.962539842858e-07  ,-1.150722311325e-02  
  7.963539850472e-07  ,-1.145268275705e-02  
  7.964539858087e-07  ,-1.136908914898e-02  
  7.965539865701e-07  ,-1.125650845643e-02  
  7.966539873316e-07  ,-1.111501141504e-02  
  7.967539880930e-07  ,-1.094467956377e-02  
  7.968539888545e-07  ,-1.074559988339e-02  
  7.969539896159e-07  ,-1.051786916367e-02  
  7.970539903774e-07  ,-1.026159019152e-02  
  7.971539911388e-07  ,-9.976875170603e-03  
  7.972539919003e-07  ,-9.663842263004e-03  
  7.973539926617e-07  ,-9.322619393047e-03  
  7.974539934232e-07  ,-8.953339375689e-03  
  7.975539941846e-07  ,-8.556146080862e-03  
  7.976539949461e-07  ,-8.131186855736e-03  
  7.977539957075e-07  ,-7.678620980656e-03  
  7.978539964690e-07  ,-7.198610376789e-03  
  7.979539972304e-07  ,-6.691329684372e-03  
  7.980539979919e-07  ,-6.156954901895e-03  
  7.981539987533e-07  ,-5.595675816332e-03  
  7.982539995148e-07  ,-5.007682751371e-03  
  7.983540002762e-07  ,-4.393179897674e-03  
  7.984540010377e-07  ,-3.752371742569e-03  
  7.985540017991e-07  ,-3.085476743610e-03  
  7.986540025606e-07  ,-2.392713484244e-03  
  7.987540033220e-07  ,-1.674314240132e-03  
  7.988540040835e-07  ,-9.305113505449e-04  
  7.989540048449e-07  ,-1.615503692368e-04  
  7.990540056064e-07  ,6.323218486556e-04  
  7.991540063678e-07  ,1.450847619711e-03  
  7.992540071293e-07  ,2.293766348645e-03  
  7.993540078907e-07  ,3.160807184138e-03  
  7.994540086522e-07  ,4.051696979764e-03  
  7.995540094136e-07  ,4.966151769201e-03  
  7.996540101751e-07  ,5.903886304463e-03  
  7.997540109365e-07  ,6.864603991871e-03  
  7.998540116980e-07  ,7.848007345759e-03  
  7.999540124594e-07  ,8.853787663909e-03  
  8.000540132209e-07  ,9.881635729632e-03  
  8.001540139823e-07  ,1.093123119290e-02  
  8.002540147438e-07  ,1.200225318682e-02  
  8.003540155052e-07  ,1.309436993141e-02  
  8.004540162667e-07  ,1.420724964570e-02  
  8.005540170281e-07  ,1.534054957756e-02  
  8.006540177896e-07  ,1.649392710848e-02  
  8.007540185510e-07  ,1.766702877234e-02  
  8.008540193125e-07  ,1.885950199075e-02  
  8.009540200739e-07  ,2.007098274876e-02  
  8.010540208353e-07  ,2.130110872668e-02  
  8.011540215968e-07  ,2.254950604577e-02  
  8.012540223582e-07  ,2.381580302595e-02  
  8.013540231197e-07  ,2.509961617743e-02  
  8.014540238811e-07  ,2.640056506638e-02  
  8.015540246426e-07  ,2.771825678735e-02  
  8.016540254040e-07  ,2.905230301833e-02  
  8.017540261655e-07  ,3.040230142929e-02  
  8.018540269269e-07  ,3.176785651311e-02  
  8.019540276884e-07  ,3.314855673202e-02  
  8.020540284498e-07  ,3.454400013458e-02  
  8.021540292113e-07  ,3.595376649494e-02  
  8.022540299727e-07  ,3.737744720158e-02  
  8.023540307342e-07  ,3.881461464241e-02  
  8.024540314956e-07  ,4.026485356004e-02  
  8.025540322571e-07  ,4.172772949581e-02  
  8.026540330185e-07  ,4.320282108321e-02  
  8.027540337800e-07  ,4.468968757142e-02  
  8.028540345414e-07  ,4.618790158963e-02  
  8.029540353029e-07  ,4.769701708774e-02  
  8.030540360643e-07  ,4.921660069373e-02  
  8.031540368258e-07  ,5.074620206586e-02  
  8.032540375872e-07  ,5.228538204380e-02  
  8.033540383487e-07  ,5.383368598985e-02  
  8.034540391101e-07  ,5.539067066183e-02  
  8.035540398716e-07  ,5.695587645382e-02  
  8.036540406330e-07  ,5.852885709540e-02  
  8.037540413945e-07  ,6.010914845381e-02  
  8.038540421559e-07  ,6.169630170165e-02  
  8.039540429174e-07  ,6.328984880108e-02  
  8.040540436788e-07  ,6.488933853141e-02  
  8.041540444403e-07  ,6.649429992252e-02  
  8.042540452017e-07  ,6.810427937927e-02  
  8.043540459632e-07  ,6.971880395801e-02  
  8.044540467246e-07  ,7.133741806145e-02  
  8.045540474861e-07  ,7.295964703971e-02  
  8.046540482475e-07  ,7.458503405951e-02  
  8.047540490090e-07  ,7.621310329042e-02  
  8.048540497704e-07  ,7.784339711517e-02  
  8.049540505319e-07  ,7.947543893000e-02  
  8.050540512933e-07  ,8.110877097202e-02  
  8.051540520548e-07  ,8.274291638505e-02  
  8.052540528162e-07  ,8.437741764744e-02  
  8.053540535777e-07  ,8.601179833164e-02  
  8.054540543391e-07  ,8.764560168783e-02  
  8.055540551006e-07  ,8.927835195126e-02  
  8.056540558620e-07  ,9.090959386282e-02  
  8.057540566235e-07  ,9.253885290522e-02  
  8.058540573849e-07  ,9.416567562591e-02  
  8.059540581464e-07  ,9.578958943227e-02  
  8.060540589078e-07  ,9.741014290353e-02  
  8.061540596693e-07  ,9.902686629745e-02  
  8.062540604307e-07  ,1.006393105106e-01  
  8.063540611922e-07  ,1.022470090250e-01  
  8.064540619536e-07  ,1.038495157599e-01  
  8.065540627151e-07  ,1.054463676959e-01  
  8.066540634765e-07  ,1.070371226310e-01  
  8.067540642380e-07  ,1.086213211812e-01  
  8.068540649994e-07  ,1.101985254835e-01  
  8.069540657609e-07  ,1.117682808435e-01  
  8.070540665223e-07  ,1.133301537395e-01  
  8.071540672838e-07  ,1.148836942906e-01  
  8.072540680452e-07  ,1.164284745094e-01  
  8.073540688067e-07  ,1.179640497310e-01  
  8.074540695681e-07  ,1.194899976233e-01  
  8.075540703296e-07  ,1.210058792404e-01  
  8.076540710910e-07  ,1.225112784711e-01  
  8.077540718525e-07  ,1.240057627535e-01  
  8.078540726139e-07  ,1.254889224281e-01  
  8.079540733754e-07  ,1.269603317566e-01  
  8.080540741368e-07  ,1.284195878708e-01  
  8.081540748983e-07  ,1.298662726368e-01  
  8.082540756597e-07  ,1.312999903716e-01  
  8.083540764212e-07  ,1.327203306304e-01  
  8.084540771826e-07  ,1.341269057661e-01  
  8.085540779441e-07  ,1.355193131659e-01  
  8.086540787055e-07  ,1.368971735397e-01  
  8.087540794670e-07  ,1.382600929621e-01  
  8.088540802284e-07  ,1.396077008508e-01  
  8.089540809898e-07  ,1.409396119008e-01  
  8.090540817513e-07  ,1.422554648625e-01  
  8.091540825127e-07  ,1.435548838357e-01  
  8.092540832742e-07  ,1.448375168401e-01  
  8.093540840356e-07  ,1.461029978572e-01  
  8.094540847971e-07  ,1.473509847615e-01  
  8.095540855585e-07  ,1.485811216057e-01  
  8.096540863200e-07  ,1.497930764309e-01  
  8.097540870814e-07  ,1.509865038381e-01  
  8.098540878429e-07  ,1.521610825641e-01  
  8.099540886043e-07  ,1.533164777502e-01  
  8.100540893658e-07  ,1.544523795763e-01  
  8.101540901272e-07  ,1.555684635449e-01  
  8.102540908887e-07  ,1.566644319753e-01  
  8.103540916501e-07  ,1.577399712201e-01  
  8.104540924116e-07  ,1.587947957003e-01  
  8.105540931730e-07  ,1.598286029788e-01  
  8.106540939345e-07  ,1.608411200656e-01  
  8.107540946959e-07  ,1.618320560221e-01  
  8.108540954574e-07  ,1.628011505237e-01  
  8.109540962188e-07  ,1.637481245736e-01  
  8.110540969803e-07  ,1.646727307449e-01  
  8.111540977417e-07  ,1.655747025135e-01  
  8.112540985032e-07  ,1.664538052653e-01  
  8.113540992646e-07  ,1.673097851860e-01  
  8.114541000261e-07  ,1.681424208548e-01  
  8.115541007875e-07  ,1.689514718241e-01  
  8.116541015490e-07  ,1.697367293751e-01  
  8.117541023104e-07  ,1.704979670468e-01  
  8.118541030719e-07  ,1.712349890093e-01  
  8.119541038333e-07  ,1.719475827993e-01  
  8.120541045948e-07  ,1.726355664236e-01  
  8.121541053562e-07  ,1.732987405443e-01  
  8.122541061177e-07  ,1.739369375634e-01  
  8.123541068791e-07  ,1.745499722511e-01  
  8.124541076406e-07  ,1.751376905201e-01  
  8.125541084020e-07  ,1.756999217144e-01  
  8.126541091635e-07  ,1.762365257621e-01  
  8.127541099249e-07  ,1.767473463862e-01  
  8.128541106864e-07  ,1.772322579366e-01  
  8.129541114478e-07  ,1.776911185075e-01  
  8.130541122093e-07  ,1.781238165795e-01  
  8.131541129707e-07  ,1.785302255925e-01  
  8.132541137322e-07  ,1.789102479790e-01  
  8.133541144936e-07  ,1.792637717939e-01  
  8.134541152551e-07  ,1.795907147889e-01  
  8.135541160165e-07  ,1.798909791517e-01  
  8.136541167780e-07  ,1.801644977454e-01  
  8.137541175394e-07  ,1.804111873533e-01  
  8.138541183009e-07  ,1.806309958080e-01  
  8.139541190623e-07  ,1.808238548465e-01  
  8.140541198238e-07  ,1.809897270971e-01  
  8.141541205852e-07  ,1.811285589464e-01  
  8.142541213467e-07  ,1.812403285315e-01  
  8.143541221081e-07  ,1.813249966340e-01  
  8.144541228696e-07  ,1.813825567368e-01  
  8.145541236310e-07  ,1.814129839770e-01  
  8.146541243925e-07  ,1.814162876041e-01  
  8.147541251539e-07  ,1.813924569131e-01  
  8.148541259154e-07  ,1.813415164497e-01  
  8.149541266768e-07  ,1.812634704641e-01  
  8.150541274383e-07  ,1.811583582076e-01  
  8.151541281997e-07  ,1.810261988613e-01  
  8.152541289612e-07  ,1.808670463354e-01  
  8.153541297226e-07  ,1.806809350346e-01  
  8.154541304841e-07  ,1.804679332152e-01  
  8.155541312455e-07  ,1.802281036975e-01  
  8.156541320070e-07  ,1.799615002444e-01  
  8.157541327684e-07  ,1.796682090474e-01  
  8.158541335299e-07  ,1.793483145666e-01  
  8.159541342913e-07  ,1.790019080022e-01  
  8.160541350528e-07  ,1.786290886721e-01  
  8.161541358142e-07  ,1.782299622025e-01  
  8.162541365757e-07  ,1.778046419758e-01  
  8.163541373371e-07  ,1.773532480889e-01  
  8.164541380986e-07  ,1.768759082810e-01  
  8.165541388600e-07  ,1.763727562274e-01  
  8.166541396215e-07  ,1.758439341709e-01  
  8.167541403829e-07  ,1.752895896496e-01  
  8.168541411444e-07  ,1.747098784288e-01  
  8.169541419058e-07  ,1.741049623744e-01  
  8.170541426672e-07  ,1.734750103689e-01  
  8.171541434287e-07  ,1.728201981993e-01  
  8.172541441901e-07  ,1.721407080091e-01  
  8.173541449516e-07  ,1.714367289694e-01  
  8.174541457130e-07  ,1.707084564923e-01  
  8.175541464745e-07  ,1.699560928452e-01  
  8.176541472359e-07  ,1.691798464365e-01  
  8.177541479974e-07  ,1.683799325110e-01  
  8.178541487588e-07  ,1.675565719334e-01  
  8.179541495203e-07  ,1.667099929987e-01  
  8.180541502817e-07  ,1.658404285336e-01  
  8.181541510432e-07  ,1.649481197327e-01  
  8.182541518046e-07  ,1.640333113304e-01  
  8.183541525661e-07  ,1.630962565138e-01  
  8.184541533275e-07  ,1.621372121836e-01  
  8.185541540890e-07  ,1.611564430871e-01  
  8.186541548504e-07  ,1.601542178431e-01  
  8.187541556119e-07  ,1.591308127546e-01  
  8.188541563733e-07  ,1.580865074392e-01  
  8.189541571348e-07  ,1.570215897716e-01  
  8.190541578962e-07  ,1.559363500659e-01  
  8.191541586577e-07  ,1.548310870356e-01  
  8.192541594191e-07  ,1.537061017125e-01  
  8.193541601806e-07  ,1.525617031958e-01  
  8.194541609420e-07  ,1.513982029622e-01  
  8.195541617035e-07  ,1.502159200307e-01  
  8.196541624649e-07  ,1.490151760622e-01  
  8.197541632264e-07  ,1.477962995179e-01  
  8.198541639878e-07  ,1.465596219249e-01  
  8.199541647493e-07  ,1.453054809282e-01  
  8.200541655107e-07  ,1.440342172713e-01  
  8.201541662722e-07  ,1.427461777514e-01  
  8.202541670336e-07  ,1.414417117111e-01  
  8.203541677951e-07  ,1.401211745994e-01  
  8.204541685565e-07  ,1.387849241812e-01  
  8.205541693180e-07  ,1.374333242097e-01  
  8.206541700794e-07  ,1.360667402563e-01  
  8.207541708409e-07  ,1.346855440700e-01  
  8.208541716023e-07  ,1.332901085426e-01  
  8.209541723638e-07  ,1.318808128738e-01  
  8.210541731252e-07  ,1.304580374198e-01  
  8.211541738867e-07  ,1.290221680182e-01  
  8.212541746481e-07  ,1.275735915975e-01  
  8.213541754096e-07  ,1.261127009606e-01  
  8.214541761710e-07  ,1.246398889236e-01  
  8.215541769325e-07  ,1.231555547613e-01  
  8.216541776939e-07  ,1.216600965533e-01  
  8.217541784554e-07  ,1.201539198307e-01  
  8.218541792168e-07  ,1.186374278094e-01  
  8.219541799783e-07  ,1.171110309561e-01  
  8.220541807397e-07  ,1.155751378122e-01  
  8.221541815012e-07  ,1.140301633907e-01  
  8.222541822626e-07  ,1.124765207614e-01  
  8.223541830241e-07  ,1.109146291317e-01  
  8.224541837855e-07  ,1.093449057451e-01  
  8.225541845470e-07  ,1.077677733578e-01  
  8.226541853084e-07  ,1.061836529717e-01  
  8.227541860699e-07  ,1.045929706518e-01  
  8.228541868313e-07  ,1.029961504168e-01  
  8.229541875928e-07  ,1.013936213316e-01  
  8.230541883542e-07  ,9.978580974618e-02  
  8.231541891157e-07  ,9.817314742084e-02  
  8.232541898771e-07  ,9.655606269867e-02  
  8.233541906386e-07  ,9.493498921817e-02  
  8.234541914000e-07  ,9.331035719925e-02  
  8.235541921615e-07  ,9.168260126886e-02  
  8.236541929229e-07  ,9.005215344771e-02  
  8.237541936844e-07  ,8.841944877812e-02  
  8.238541944458e-07  ,8.678492028280e-02  
  8.239541952073e-07  ,8.514900339689e-02  
  8.240541959687e-07  ,8.351213154690e-02  
  8.241541967302e-07  ,8.187473972124e-02  
  8.242541974916e-07  ,8.023726154693e-02  
  8.243541982531e-07  ,7.860013152728e-02  
  8.244541990145e-07  ,7.696378222870e-02  
  8.245541997760e-07  ,7.532864743513e-02  
  8.246542005374e-07  ,7.369515861565e-02  
  8.247542012989e-07  ,7.206374793487e-02  
  8.248542020603e-07  ,7.043484527033e-02  
  8.249542028218e-07  ,6.880888083155e-02  
  8.250542035832e-07  ,6.718628249229e-02  
  8.251542043446e-07  ,6.556747809915e-02  
  8.252542051061e-07  ,6.395289270937e-02  
  8.253542058675e-07  ,6.234295155252e-02  
  8.254542066290e-07  ,6.073807659748e-02  
  8.255542073904e-07  ,5.913868952491e-02  
  8.256542081519e-07  ,5.754520922237e-02  
  8.257542089133e-07  ,5.595805337628e-02  
  8.258542096748e-07  ,5.437763687473e-02  
  8.259542104362e-07  ,5.280437307331e-02  
  8.260542111977e-07  ,5.123867276528e-02  
  8.261542119591e-07  ,4.968094454855e-02  
  8.262542127206e-07  ,4.813159415446e-02  
  8.263542134820e-07  ,4.659102531217e-02  
  8.264542142435e-07  ,4.505963826176e-02  
  8.265542150049e-07  ,4.353783143104e-02  
  8.266542157664e-07  ,4.202599906200e-02  
  8.267542165278e-07  ,4.052453387413e-02  
  8.268542172893e-07  ,3.903382377611e-02  
  8.269542180507e-07  ,3.755425506344e-02  
  8.270542188122e-07  ,3.608620940968e-02  
  8.271542195736e-07  ,3.463006583303e-02  
  8.272542203351e-07  ,3.318619950203e-02  
  8.273542210965e-07  ,3.175498176854e-02  
  8.274542218580e-07  ,3.033678080527e-02  
  8.275542226194e-07  ,2.893196010708e-02  
  8.276542233809e-07  ,2.754088030758e-02  
  8.277542241423e-07  ,2.616389664198e-02  
  8.278542249038e-07  ,2.480136177092e-02  
  8.279542256652e-07  ,2.345362256517e-02  
  8.280542264267e-07  ,2.212102299771e-02  
  8.281542271881e-07  ,2.080390148897e-02  
  8.282542279496e-07  ,1.950259286978e-02  
  8.283542287110e-07  ,1.821742644619e-02  
  8.284542294725e-07  ,1.694872799537e-02  
  8.285542302339e-07  ,1.569681726862e-02  
  8.286542309954e-07  ,1.446201034224e-02  
  8.287542317568e-07  ,1.324461759402e-02  
  8.288542325183e-07  ,1.204494472109e-02  
  8.289542332797e-07  ,1.086329208347e-02  
  8.290542340412e-07  ,9.699955450770e-03  
  8.291542348026e-07  ,8.555224415602e-03  
  8.292542355641e-07  ,7.429384288145e-03  
  8.293542363255e-07  ,6.322714019622e-03  
  8.294542370870e-07  ,5.235488119129e-03  
  8.295542378484e-07  ,4.167974391755e-03  
  8.296542386099e-07  ,3.120436105355e-03  
  8.297542393713e-07  ,2.093130174127e-03  
  8.298542401328e-07  ,1.086308078754e-03  
  8.299542408942e-07  ,1.002153002159e-04  
  8.300542416557e-07  ,-8.649081397308e-04  
  8.301542424171e-07  ,-1.808828865909e-03  
  8.302542431786e-07  ,-2.731318708970e-03  
  8.303542439400e-07  ,-3.632156183187e-03  
  8.304542447015e-07  ,-4.511125233328e-03  
  8.305542454629e-07  ,-5.368016917527e-03  
  8.306542462244e-07  ,-6.202627433940e-03  
  8.307542469858e-07  ,-7.014759824889e-03  
  8.308542477473e-07  ,-7.804223761929e-03  
  8.309542485087e-07  ,-8.570834287606e-03  
  8.310542492702e-07  ,-9.314413865471e-03  
  8.311542500316e-07  ,-1.003479089965e-02  
  8.312542507931e-07  ,-1.073180005466e-02  
  8.313542515545e-07  ,-1.140528340323e-02  
  8.314542523160e-07  ,-1.205508817892e-02  
  8.315542530774e-07  ,-1.268107004418e-02  
  8.316542538389e-07  ,-1.328308940418e-02  
  8.317542546003e-07  ,-1.386101489070e-02  
  8.318542553618e-07  ,-1.441472064118e-02  
  8.319542561232e-07  ,-1.494408872309e-02  
  8.320542568847e-07  ,-1.544900646684e-02  
  8.321542576461e-07  ,-1.592936967981e-02  
  8.322542584076e-07  ,-1.638507949289e-02  
  8.323542591690e-07  ,-1.681604493035e-02  
  8.324542599305e-07  ,-1.722218118569e-02  
  8.325542606919e-07  ,-1.760341062944e-02  
  8.326542614534e-07  ,-1.795966252427e-02  
  8.327542622148e-07  ,-1.829087293177e-02  
  8.328542629763e-07  ,-1.859698483525e-02  
  8.329542637377e-07  ,-1.887794821308e-02  
  8.330542644992e-07  ,-1.913371997986e-02  
  8.331542652606e-07  ,-1.936426369651e-02  
  8.332542660220e-07  ,-1.956955036423e-02  
  8.333542667835e-07  ,-1.974955765256e-02  
  8.334542675449e-07  ,-1.990426990580e-02  
  8.335542683064e-07  ,-2.003367901483e-02  
  8.336542690678e-07  ,-2.013778341340e-02  
  8.337542698293e-07  ,-2.021658831699e-02  
  8.338542705907e-07  ,-2.027010643425e-02  
  8.339542713522e-07  ,-2.029835680232e-02  
  8.340542721136e-07  ,-2.030136578652e-02  
  8.341542728751e-07  ,-2.027916644849e-02  
  8.342542736365e-07  ,-2.023179860271e-02  
  8.343542743980e-07  ,-2.015930945974e-02  
  8.344542751594e-07  ,-2.006175211982e-02  
  8.345542759209e-07  ,-1.993918796736e-02  
  8.346542766823e-07  ,-1.979168338094e-02  
  8.347542774438e-07  ,-1.961931320588e-02  
  8.348542782052e-07  ,-1.942215793411e-02  
  8.349542789667e-07  ,-1.920030531380e-02  
  8.350542797281e-07  ,-1.895384934798e-02  
  8.351542804896e-07  ,-1.868289179232e-02  
  8.352542812510e-07  ,-1.838753901480e-02  
  8.353542820125e-07  ,-1.806790649002e-02  
  8.354542827739e-07  ,-1.772411397702e-02  
  8.355542835354e-07  ,-1.735628955682e-02  
  8.356542842968e-07  ,-1.696456631629e-02  
  8.357542850583e-07  ,-1.654908518336e-02  
  8.358542858197e-07  ,-1.610999203356e-02  
  8.359542865812e-07  ,-1.564744065827e-02  
  8.360542873426e-07  ,-1.516158956897e-02  
  8.361542881041e-07  ,-1.465260507958e-02  
  8.362542888655e-07  ,-1.412065829803e-02  
  8.363542896270e-07  ,-1.356592768777e-02  
  8.364542903884e-07  ,-1.298859674232e-02  
  8.365542911499e-07  ,-1.238885632296e-02  
  8.366542919113e-07  ,-1.176690143430e-02  
  8.367542926728e-07  ,-1.112293532320e-02  
  8.368542934342e-07  ,-1.045716473486e-02  
  8.369542941957e-07  ,-9.769804355428e-03  
  8.370542949571e-07  ,-9.061072800966e-03  
  8.371542957186e-07  ,-8.331195817717e-03  
  8.372542964800e-07  ,-7.580403992186e-03  
  8.373542972415e-07  ,-6.808933286998e-03  
  8.374542980029e-07  ,-6.017026386431e-03  
  8.375542987644e-07  ,-5.204929149215e-03  
  8.376542995258e-07  ,-4.372895732746e-03  
  8.377543002873e-07  ,-3.521182391667e-03  
  8.378543010487e-07  ,-2.650053572085e-03  
  8.379543018102e-07  ,-1.759775920657e-03  
  8.380543025716e-07  ,-8.506243258722e-04  
  8.381543033331e-07  ,7.712512831059e-05  
  8.382543040945e-07  ,1.023187170215e-03  
  8.383543048560e-07  ,1.987276301278e-03  
  8.384543056174e-07  ,2.969097706688e-03  
  8.385543063789e-07  ,3.968356575746e-03  
  8.386543071403e-07  ,4.984748884667e-03  
  8.387543079018e-07  ,6.017970622312e-03  
  8.388543086632e-07  ,7.067709359136e-03  
  8.389543094247e-07  ,8.133652003746e-03  
  8.390543101861e-07  ,9.215477799036e-03  
  8.391543109476e-07  ,1.031286556805e-02  
  8.392543117090e-07  ,1.142548611814e-02  
  8.393543124705e-07  ,1.255301036870e-02  
  8.394543132319e-07  ,1.369510165950e-02  
  8.395543139934e-07  ,1.485142311331e-02  
  8.396543147548e-07  ,1.602163073863e-02  
  8.397543155163e-07  ,1.720538062204e-02  
  8.398543162777e-07  ,1.840232153788e-02  
  8.399543170392e-07  ,1.961210302467e-02  
  8.400543178006e-07  ,2.083436713644e-02  
  8.401543185621e-07  ,2.206875712278e-02  
  8.402543193235e-07  ,2.331490881489e-02  
  8.403543200850e-07  ,2.457245943783e-02  
  8.404543208464e-07  ,2.584103916644e-02  
  8.405543216079e-07  ,2.712027935800e-02  
  8.406543223693e-07  ,2.840980527643e-02  
  8.407543231308e-07  ,2.970924274181e-02  
  8.408543238922e-07  ,3.101821229205e-02  
  8.409543246537e-07  ,3.233633477070e-02  
  8.410543254151e-07  ,3.366322657354e-02  
  8.411543261766e-07  ,3.499850370109e-02  
  8.412543269380e-07  ,3.634177915672e-02  
  8.413543276994e-07  ,3.769266429402e-02  
  8.414543284609e-07  ,3.905076894674e-02  
  8.415543292223e-07  ,4.041570092648e-02  
  8.416543299838e-07  ,4.178706670881e-02  
  8.417543307452e-07  ,4.316447116230e-02  
  8.418543315067e-07  ,4.454751809521e-02  
  8.419543322681e-07  ,4.593580954038e-02  
  8.420543330296e-07  ,4.732894714646e-02  
  8.421543337910e-07  ,4.872653069792e-02  
  8.422543345525e-07  ,5.012816000591e-02  
  8.423543353139e-07  ,5.153343314599e-02  
  8.424543360754e-07  ,5.294194844738e-02  
  8.425543368368e-07  ,5.435330262094e-02  
  8.426543375983e-07  ,5.576709324942e-02  
  8.427543383597e-07  ,5.718291579660e-02  
  8.428543391212e-07  ,5.860036773414e-02  
  8.429543398826e-07  ,6.001904392712e-02  
  8.430543406441e-07  ,6.143854159950e-02  
  8.431543414055e-07  ,6.285845583602e-02  
  8.432543421670e-07  ,6.427838436238e-02  
  8.433543429284e-07  ,6.569792223301e-02  
  8.434543436899e-07  ,6.711666839129e-02  
  8.435543444513e-07  ,6.853421883597e-02  
  8.436543452128e-07  ,6.995017339403e-02  
  8.437543459742e-07  ,7.136412981027e-02  
  8.438543467357e-07  ,7.277568926569e-02  
  8.439543474971e-07  ,7.418445129505e-02  
  8.440543482586e-07  ,7.559001963559e-02  
  8.441543490200e-07  ,7.699199550065e-02  
  8.442543497815e-07  ,7.838998543339e-02  
  8.443543505429e-07  ,7.978359346272e-02  
  8.444543513044e-07  ,8.117242869300e-02  
  8.445543520658e-07  ,8.255609847906e-02  
  8.446543528273e-07  ,8.393421540818e-02  
  8.447543535887e-07  ,8.530639038757e-02  
  8.448543543502e-07  ,8.667223925591e-02  
  8.449543551116e-07  ,8.803137771125e-02  
  8.450543558731e-07  ,8.938342517669e-02  
  8.451543566345e-07  ,9.072800197654e-02  
  8.452543573960e-07  ,9.206473205737e-02  
  8.453543581574e-07  ,9.339324062413e-02  
  8.454543589189e-07  ,9.471315676806e-02  
  8.455543596803e-07  ,9.602411055550e-02  
  8.456543604418e-07  ,9.732573654912e-02  
  8.457543612032e-07  ,9.861767083114e-02  
  8.458543619647e-07  ,9.989955314530e-02  
  8.459543627261e-07  ,1.011710262274e-01  
  8.460543634876e-07  ,1.024317352863e-01  
  8.461543642490e-07  ,1.036813301192e-01  
  8.462543650105e-07  ,1.049194621142e-01  
  8.463543657719e-07  ,1.061457878901e-01  
  8.464543665334e-07  ,1.073599657160e-01  
  8.465543672948e-07  ,1.085616594849e-01  
  8.466543680563e-07  ,1.097505347908e-01  
  8.467543688177e-07  ,1.109262626265e-01  
  8.468543695792e-07  ,1.120885167438e-01  
  8.469543703406e-07  ,1.132369757151e-01  
  8.470543711021e-07  ,1.143713210988e-01  
  8.471543718635e-07  ,1.154912401956e-01  
  8.472543726250e-07  ,1.165964223099e-01  
  8.473543733864e-07  ,1.176865634559e-01  
  8.474543741479e-07  ,1.187613618231e-01  
  8.475543749093e-07  ,1.198205220403e-01  
  8.476543756708e-07  ,1.208637511990e-01  
  8.477543764322e-07  ,1.218907632811e-01  
  8.478543771937e-07  ,1.229012742639e-01  
  8.479543779551e-07  ,1.238950083252e-01  
  8.480543787166e-07  ,1.248716902305e-01  
  8.481543794780e-07  ,1.258310542905e-01  
  8.482543802395e-07  ,1.267728350312e-01  
  8.483543810009e-07  ,1.276967767718e-01  
  8.484543817624e-07  ,1.286026243857e-01  
  8.485543825238e-07  ,1.294901320048e-01  
  8.486543832853e-07  ,1.303590554250e-01  
  8.487543840467e-07  ,1.312091588899e-01  
  8.488543848082e-07  ,1.320402091394e-01  
  8.489543855696e-07  ,1.328519810425e-01  
  8.490543863311e-07  ,1.336442521931e-01  
  8.491543870925e-07  ,1.344168087427e-01  
  8.492543878540e-07  ,1.351694389684e-01  
  8.493543886154e-07  ,1.359019405747e-01  
  8.494543893768e-07  ,1.366141131726e-01  
  8.495543901383e-07  ,1.373057655039e-01  
  8.496543908997e-07  ,1.379767093706e-01  
  8.497543916612e-07  ,1.386267644631e-01  
  8.498543924226e-07  ,1.392557547704e-01  
  8.499543931841e-07  ,1.398635117939e-01  
  8.500543939455e-07  ,1.404498708412e-01  
  8.501543947070e-07  ,1.410146761232e-01  
  8.502543954684e-07  ,1.415577746217e-01  
  8.503543962299e-07  ,1.420790226366e-01  
  8.504543969913e-07  ,1.425782794783e-01  
  8.505543977528e-07  ,1.430554139468e-01  
  8.506543985142e-07  ,1.435102969265e-01  
  8.507543992757e-07  ,1.439428105545e-01  
  8.508544000371e-07  ,1.443528375122e-01  
  8.509544007986e-07  ,1.447402727686e-01  
  8.510544015600e-07  ,1.451050113378e-01  
  8.511544023215e-07  ,1.454469610778e-01  
  8.512544030829e-07  ,1.457660295094e-01  
  8.513544038444e-07  ,1.460621369354e-01  
  8.514544046058e-07  ,1.463352040882e-01  
  8.515544053673e-07  ,1.465851638143e-01  
  8.516544061287e-07  ,1.468119494739e-01  
  8.517544068902e-07  ,1.470155070682e-01  
  8.518544076516e-07  ,1.471957823727e-01  
  8.519544084131e-07  ,1.473527348595e-01  
  8.520544091745e-07  ,1.474863225898e-01  
  8.521544099360e-07  ,1.475965182795e-01  
  8.522544106974e-07  ,1.476832926633e-01  
  8.523544114589e-07  ,1.477466317419e-01  
  8.524544122203e-07  ,1.477865187103e-01  
  8.525544129818e-07  ,1.478029527673e-01  
  8.526544137432e-07  ,1.477959299577e-01  
  8.527544145047e-07  ,1.477654622407e-01  
  8.528544152661e-07  ,1.477115589097e-01  
  8.529544160276e-07  ,1.476342441866e-01  
  8.530544167890e-07  ,1.475335409605e-01  
  8.531544175505e-07  ,1.474094855219e-01  
  8.532544183119e-07  ,1.472621142627e-01  
  8.533544190734e-07  ,1.470914755967e-01  
  8.534544198348e-07  ,1.468976192975e-01  
  8.535544205963e-07  ,1.466806058508e-01  
  8.536544213577e-07  ,1.464404981915e-01  
  8.537544221192e-07  ,1.461773690975e-01  
  8.538544228806e-07  ,1.458912943037e-01  
  8.539544236421e-07  ,1.455823588919e-01  
  8.540544244035e-07  ,1.452506513320e-01  
  8.541544251650e-07  ,1.448962687996e-01  
  8.542544259264e-07  ,1.445193124133e-01  
  8.543544266879e-07  ,1.441198913499e-01  
  8.544544274493e-07  ,1.436981192424e-01  
  8.545544282108e-07  ,1.432541171431e-01  
  8.546544289722e-07  ,1.427880108794e-01  
  8.547544297337e-07  ,1.422999335978e-01  
  8.548544304951e-07  ,1.417900228531e-01  
  8.549544312566e-07  ,1.412584237504e-01  
  8.550544320180e-07  ,1.407052855525e-01  
  8.551544327795e-07  ,1.401307649713e-01  
  8.552544335409e-07  ,1.395350230016e-01  
  8.553544343024e-07  ,1.389182275280e-01  
  8.554544350638e-07  ,1.382805512441e-01  
  8.555544358253e-07  ,1.376221731054e-01  
  8.556544365867e-07  ,1.369432769171e-01  
  8.557544373482e-07  ,1.362440528612e-01  
  8.558544381096e-07  ,1.355246955933e-01  
  8.559544388711e-07  ,1.347854060614e-01  
  8.560544396325e-07  ,1.340263898931e-01  
  8.561544403940e-07  ,1.332478580416e-01  
  8.562544411554e-07  ,1.324500274099e-01  
  8.563544419169e-07  ,1.316331187800e-01  
  8.564544426783e-07  ,1.307973590606e-01  
  8.565544434398e-07  ,1.299429797856e-01  
  8.566544442012e-07  ,1.290702172584e-01  
  8.567544449627e-07  ,1.281793131391e-01  
  8.568544457241e-07  ,1.272705130681e-01  
  8.569544464856e-07  ,1.263440687930e-01  
  8.570544472470e-07  ,1.254002347015e-01  
  8.571544480085e-07  ,1.244392723451e-01  
  8.572544487699e-07  ,1.234614446443e-01  
  8.573544495314e-07  ,1.224670226183e-01  
  8.574544502928e-07  ,1.214562778474e-01  
  8.575544510542e-07  ,1.204294897187e-01  
  8.576544518157e-07  ,1.193869384594e-01  
  8.577544525771e-07  ,1.183289120712e-01  
  8.578544533386e-07  ,1.172556982613e-01  
  8.579544541000e-07  ,1.161675937910e-01  
  8.580544548615e-07  ,1.150648935562e-01  
  8.581544556229e-07  ,1.139479022271e-01  
  8.582544563844e-07  ,1.128169224470e-01  
  8.583544571458e-07  ,1.116722656890e-01  
  8.584544579073e-07  ,1.105142421711e-01  
  8.585544586687e-07  ,1.093431699894e-01  
  8.586544594302e-07  ,1.081593663424e-01  
  8.587544601916e-07  ,1.069631560324e-01  
  8.588544609531e-07  ,1.057548624356e-01  
  8.589544617145e-07  ,1.045348166396e-01  
  8.590544624760e-07  ,1.033033483117e-01  
  8.591544632374e-07  ,1.020607940102e-01  
  8.592544639989e-07  ,1.008074896471e-01  
  8.593544647603e-07  ,9.954377662733e-02  
  8.594544655218e-07  ,9.826999661283e-02  
  8.595544662832e-07  ,9.698649600316e-02  
  8.596544670447e-07  ,9.569362142993e-02  
  8.597544678061e-07  ,9.439172374181e-02  
  8.598544685676e-07  ,9.308115446414e-02  
  8.599544693290e-07  ,9.176226874179e-02  
  8.600544700905e-07  ,9.043542206083e-02  
  8.601544708519e-07  ,8.910097332652e-02  
  8.602544716134e-07  ,8.775928232374e-02  
  8.603544723748e-07  ,8.641071117756e-02  
  8.604544731363e-07  ,8.505562270724e-02  
  8.605544738977e-07  ,8.369438284757e-02  
  8.606544746592e-07  ,8.232735680903e-02  
  8.607544754206e-07  ,8.095491355171e-02  
  8.608544761821e-07  ,7.957742057254e-02  
  8.609544769435e-07  ,7.819524924085e-02  
  8.610544777050e-07  ,7.680876944544e-02  
  8.611544784664e-07  ,7.541835417639e-02  
  8.612544792279e-07  ,7.402437509607e-02  
  8.613544799893e-07  ,7.262720654796e-02  
  8.614544807508e-07  ,7.122722176745e-02  
  8.615544815122e-07  ,6.982479620344e-02  
  8.616544822737e-07  ,6.842030362892e-02  
  8.617544830351e-07  ,6.701412043667e-02  
  8.618544837966e-07  ,6.560662096199e-02  
  8.619544845580e-07  ,6.419818157550e-02  
  8.620544853195e-07  ,6.278917680424e-02  
  8.621544860809e-07  ,6.137998304511e-02  
  8.622544868424e-07  ,5.997097425111e-02  
  8.623544876038e-07  ,5.856252621681e-02  
  8.624544883653e-07  ,5.715501232436e-02  
  8.625544891267e-07  ,5.574880731453e-02  
  8.626544898882e-07  ,5.434428355520e-02  
  8.627544906496e-07  ,5.294181400628e-02  
  8.628544914111e-07  ,5.154176967536e-02  
  8.629544921725e-07  ,5.014452213712e-02  
  8.630544929340e-07  ,4.875043964057e-02  
  8.631544936954e-07  ,4.735989220813e-02  
  8.632544944569e-07  ,4.597324546439e-02  
  8.633544952183e-07  ,4.459086659548e-02  
  8.634544959798e-07  ,4.321311903978e-02  
  8.635544967412e-07  ,4.184036635381e-02  
  8.636544975027e-07  ,4.047296940457e-02  
  8.637544982641e-07  ,3.911128765390e-02  
  8.638544990256e-07  ,3.775567901762e-02  
  8.639544997870e-07  ,3.640649909468e-02  
  8.640545005485e-07  ,3.506410146995e-02  
  8.641545013099e-07  ,3.372883783780e-02  
  8.642545020714e-07  ,3.240105760689e-02  
  8.643545028328e-07  ,3.108110749749e-02  
  8.644545035943e-07  ,2.976933273677e-02  
  8.645545043557e-07  ,2.846607464183e-02  
  8.646545051172e-07  ,2.717167372038e-02  
  8.647545058786e-07  ,2.588646575079e-02  
  8.648545066401e-07  ,2.461078595460e-02  
  8.649545074015e-07  ,2.334496426097e-02  
  8.650545081630e-07  ,2.208933049074e-02  
  8.651545089244e-07  ,2.084420817934e-02  
  8.652545096859e-07  ,1.960992104475e-02  
  8.653545104473e-07  ,1.838678652927e-02  
  8.654545112088e-07  ,1.717512154377e-02  
  8.655545119702e-07  ,1.597523703164e-02  
  8.656545127316e-07  ,1.478744295826e-02  
  8.657545134931e-07  ,1.361204330488e-02  
  8.658545142545e-07  ,1.244934111940e-02  
  8.659545150160e-07  ,1.129963239619e-02  
  8.660545157774e-07  ,1.016321316629e-02  
  8.661545165389e-07  ,9.040371947155e-03  
  8.662545173003e-07  ,7.931396466964e-03  
  8.663545180618e-07  ,6.836567636798e-03  
  8.664545188232e-07  ,5.756164775984e-03  
  8.665545195847e-07  ,4.690460995921e-03  
  8.666545203461e-07  ,3.639726731690e-03  
  8.667545211076e-07  ,2.604227006245e-03  
  8.668545218690e-07  ,1.584223051305e-03  
  8.669545226305e-07  ,5.799715004466e-04  
  8.670545233919e-07  ,-4.082755469067e-04  
  8.671545241534e-07  ,-1.380270525090e-03  
  8.672545249148e-07  ,-2.335770460394e-03  
  8.673545256763e-07  ,-3.274537475797e-03  
  8.674545264377e-07  ,-4.196337569197e-03  
  8.675545271992e-07  ,-5.100942770558e-03  
  8.676545279606e-07  ,-5.988128809588e-03  
  8.677545287221e-07  ,-6.857677406579e-03  
  8.678545294835e-07  ,-7.709374340125e-03  
  8.679545302450e-07  ,-8.543011346758e-03  
  8.680545310064e-07  ,-9.358384200344e-03  
  8.681545317679e-07  ,-1.015529525062e-02  
  8.682545325293e-07  ,-1.093355048768e-02  
  8.683545332908e-07  ,-1.169296265283e-02  
  8.684545340522e-07  ,-1.243334823965e-02  
  8.685545348137e-07  ,-1.315453092586e-02  
  8.686545355751e-07  ,-1.385633774983e-02  
  8.687545363366e-07  ,-1.453860331412e-02  
  8.688545370980e-07  ,-1.520116538120e-02  
  8.689545378595e-07  ,-1.584387005688e-02  
  8.690545386209e-07  ,-1.646656546223e-02  
  8.691545393824e-07  ,-1.706910967002e-02  
  8.692545401438e-07  ,-1.765136132111e-02  
  8.693545409053e-07  ,-1.821319007869e-02  
  8.694545416667e-07  ,-1.875446604715e-02  
  8.695545424282e-07  ,-1.927507040003e-02  
  8.696545431896e-07  ,-1.977488427407e-02  
  8.697545439511e-07  ,-2.025380087905e-02  
  8.698545447125e-07  ,-2.071171258868e-02  
  8.699545454740e-07  ,-2.114852450032e-02  
  8.700545462354e-07  ,-2.156414061729e-02  
  8.701545469969e-07  ,-2.195847774650e-02  
  8.702545477583e-07  ,-2.233145163525e-02  
  8.703545485198e-07  ,-2.268299100200e-02  
  8.704545492812e-07  ,-2.301302334114e-02  
  8.705545500427e-07  ,-2.332148943687e-02  
  8.706545508041e-07  ,-2.360832841303e-02  
  8.707545515656e-07  ,-2.387349311774e-02  
  8.708545523270e-07  ,-2.411693471017e-02  
  8.709545530885e-07  ,-2.433861792368e-02  
  8.710545538499e-07  ,-2.453850585080e-02  
  8.711545546114e-07  ,-2.471657531120e-02  
  8.712545553728e-07  ,-2.487280144553e-02  
  8.713545561343e-07  ,-2.500717272028e-02  
  8.714545568957e-07  ,-2.511967690353e-02  
  8.715545576572e-07  ,-2.521031384974e-02  
  8.716545584186e-07  ,-2.527908355713e-02  
  8.717545591801e-07  ,-2.532599821290e-02  
  8.718545599415e-07  ,-2.535106906835e-02  
  8.719545607030e-07  ,-2.535432097719e-02  
  8.720545614644e-07  ,-2.533577663712e-02  
  8.721545622259e-07  ,-2.529547310440e-02  
  8.722545629873e-07  ,-2.523344480693e-02  
  8.723545637488e-07  ,-2.514974074326e-02  
  8.724545645102e-07  ,-2.504440717140e-02  
  8.725545652717e-07  ,-2.491750489121e-02  
  8.726545660331e-07  ,-2.476909181578e-02  
  8.727545667946e-07  ,-2.459924062975e-02  
  8.728545675560e-07  ,-2.440802070745e-02  
  8.729545683175e-07  ,-2.419551662940e-02  
  8.730545690789e-07  ,-2.396180908173e-02  
  8.731545698404e-07  ,-2.370699439094e-02  
  8.732545706018e-07  ,-2.343116429806e-02  
  8.733545713633e-07  ,-2.313442725750e-02  
  8.734545721247e-07  ,-2.281688548539e-02  
  8.735545728862e-07  ,-2.247865943263e-02  
  8.736545736476e-07  ,-2.211986186356e-02  
  8.737545744090e-07  ,-2.174062503384e-02  
  8.738545751705e-07  ,-2.134107230834e-02  
  8.739545759319e-07  ,-2.092134699732e-02  
  8.740545766934e-07  ,-2.048158334941e-02  
  8.741545774548e-07  ,-2.002193555649e-02  
  8.742545782163e-07  ,-1.954254870476e-02  
  8.743545789777e-07  ,-1.904358718607e-02  
  8.744545797392e-07  ,-1.852520712263e-02  
  8.745545805006e-07  ,-1.798758308181e-02  
  8.746545812621e-07  ,-1.743088143896e-02  
  8.747545820235e-07  ,-1.685528714091e-02  
  8.748545827850e-07  ,-1.626097694321e-02  
  8.749545835464e-07  ,-1.564814536755e-02  
  8.750545843079e-07  ,-1.501697909755e-02  
  8.751545850693e-07  ,-1.436768299079e-02  
  8.752545858308e-07  ,-1.370045290793e-02  
  8.753545865922e-07  ,-1.301550351538e-02  
  8.754545873537e-07  ,-1.231303993592e-02  
  8.755545881151e-07  ,-1.159328644872e-02  
  8.756545888766e-07  ,-1.085645718391e-02  
  8.757545896380e-07  ,-1.010278544948e-02  
  8.758545903995e-07  ,-9.332494457321e-03  
  8.759545911609e-07  ,-8.545826426961e-03  
  8.760545919224e-07  ,-7.743013010685e-03  
  8.761545926838e-07  ,-6.924305039921e-03  
  8.762545934453e-07  ,-6.089942743279e-03  
  8.763545942067e-07  ,-5.240184936903e-03  
  8.764545949682e-07  ,-4.375280273165e-03  
  8.765545957296e-07  ,-3.495495344607e-03  
  8.766545964911e-07  ,-2.601086712365e-03  
  8.767545972525e-07  ,-1.692328491517e-03  
  8.768545980140e-07  ,-7.694851423664e-04  
  8.769545987754e-07  ,1.671622891175e-04  
  8.770545995369e-07  ,1.117341853827e-03  
  8.771546002983e-07  ,2.080765532836e-03  
  8.772546010598e-07  ,3.057154396448e-03  
  8.773546018212e-07  ,4.046213635871e-03  
  8.774546025827e-07  ,5.047658101807e-03  
  8.775546033441e-07  ,6.061186098652e-03  
  8.776546041056e-07  ,7.086506528635e-03  
  8.777546048670e-07  ,8.123311653783e-03  
  8.778546056285e-07  ,9.171304006476e-03  
  8.779546063899e-07  ,1.023017068430e-02  
  8.780546071514e-07  ,1.129960834311e-02  
  8.781546079128e-07  ,1.237929870121e-02  
  8.782546086743e-07  ,1.346893337231e-02  
  8.783546094357e-07  ,1.456818878886e-02  
  8.784546101972e-07  ,1.567675161848e-02  
  8.785546109586e-07  ,1.679429421027e-02  
  8.786546117201e-07  ,1.792049786986e-02  
  8.787546124815e-07  ,1.905503132265e-02  
  8.788546132430e-07  ,2.019757126229e-02  
  8.789546140044e-07  ,2.134778269943e-02  
  8.790546147659e-07  ,2.250533852289e-02  
  8.791546155273e-07  ,2.366990008771e-02  
  8.792546162888e-07  ,2.484113675904e-02  
  8.793546170502e-07  ,2.601870697317e-02  
  8.794546178117e-07  ,2.720227668580e-02  
  8.795546185731e-07  ,2.839150194540e-02  
  8.796546193346e-07  ,2.958604539502e-02  
  8.797546200960e-07  ,3.078556130981e-02  
  8.798546208575e-07  ,3.198970956544e-02  
  8.799546216189e-07  ,3.319814255933e-02  
  8.800546223804e-07  ,3.441051818759e-02  
  8.801546231418e-07  ,3.562648713238e-02  
  8.802546239033e-07  ,3.684570585723e-02  
  8.803546246647e-07  ,3.806782356033e-02  
  8.804546254262e-07  ,3.929249571096e-02  
  8.805546261876e-07  ,4.051937055112e-02  
  8.806546269491e-07  ,4.174810263063e-02  
  8.807546277105e-07  ,4.297833981751e-02  
  8.808546284720e-07  ,4.420973614099e-02  
  8.809546292334e-07  ,4.544193943043e-02  
  8.810546299949e-07  ,4.667460379141e-02  
  8.811546307563e-07  ,4.790737680004e-02  
  8.812546315178e-07  ,4.913991347754e-02  
  8.813546322792e-07  ,5.037186192551e-02  
  8.814546330407e-07  ,5.160287753836e-02  
  8.815546338021e-07  ,5.283260981971e-02  
  8.816546345635e-07  ,5.406071512299e-02  
  8.817546353250e-07  ,5.528684437078e-02  
  8.818546360864e-07  ,5.651065522141e-02  
  8.819546368479e-07  ,5.773180085363e-02  
  8.820546376093e-07  ,5.894994015962e-02  
  8.821546383708e-07  ,6.016472897357e-02  
  8.822546391322e-07  ,6.137582815571e-02  
  8.823546398937e-07  ,6.258289622529e-02  
  8.824546406551e-07  ,6.378559654889e-02  
  8.825546414166e-07  ,6.498359034606e-02  
  8.826546421780e-07  ,6.617654454465e-02  
  8.827546429395e-07  ,6.736412285345e-02  
  8.828546437009e-07  ,6.854599616668e-02  
  8.829546444624e-07  ,6.972183151509e-02  
  8.830546452238e-07  ,7.089130345703e-02  
  8.831546459853e-07  ,7.205408322643e-02  
  8.832546467467e-07  ,7.320984921765e-02  
  8.833546475082e-07  ,7.435827694126e-02  
  8.834546482696e-07  ,7.549904961744e-02  
  8.835546490311e-07  ,7.663184686740e-02  
  8.836546497925e-07  ,7.775635685573e-02  
  8.837546505540e-07  ,7.887226463244e-02  
  8.838546513154e-07  ,7.997926265831e-02  
  8.839546520769e-07  ,8.107704208391e-02  
  8.840546528383e-07  ,8.216530023862e-02  
  8.841546535998e-07  ,8.324373441266e-02  
  8.842546543612e-07  ,8.431204714805e-02  
  8.843546551227e-07  ,8.536994222704e-02  
  8.844546558841e-07  ,8.641712801462e-02  
  8.845546566456e-07  ,8.745331460141e-02  
  8.846546574070e-07  ,8.847821668320e-02  
  8.847546581685e-07  ,8.949155123086e-02  
  8.848546589299e-07  ,9.049303923544e-02  
  8.849546596914e-07  ,9.148240490991e-02  
  8.850546604528e-07  ,9.245937605023e-02  
  8.851546612143e-07  ,9.342368418630e-02  
  8.852546619757e-07  ,9.437506411089e-02  
  8.853546627372e-07  ,9.531325531255e-02  
  8.854546634986e-07  ,9.623799968931e-02  
  8.855546642601e-07  ,9.714904477027e-02  
  8.856546650215e-07  ,9.804614002208e-02  
  8.857546657830e-07  ,9.892904120886e-02  
  8.858546665444e-07  ,9.979750592251e-02  
  8.859546673059e-07  ,1.006512979827e-01  
  8.860546680673e-07  ,1.014901835131e-01  
  8.861546688288e-07  ,1.023139346332e-01  
  8.862546695902e-07  ,1.031223264332e-01  
  8.863546703517e-07  ,1.039151394667e-01  
  8.864546711131e-07  ,1.046921576529e-01  
  8.865546718746e-07  ,1.054531706644e-01  
  8.866546726360e-07  ,1.061979714294e-01  
  8.867546733975e-07  ,1.069263588529e-01  
  8.868546741589e-07  ,1.076381351178e-01  
  8.869546749204e-07  ,1.083331082934e-01  
  8.870546756818e-07  ,1.090110903474e-01  
  8.871546764433e-07  ,1.096718989338e-01  
  8.872546772047e-07  ,1.103153555414e-01  
  8.873546779662e-07  ,1.109412873760e-01  
  8.874546787276e-07  ,1.115495263530e-01  
  8.875546794891e-07  ,1.121399093473e-01  
  8.876546802505e-07  ,1.127122779963e-01  
  8.877546810120e-07  ,1.132664796228e-01  
  8.878546817734e-07  ,1.138023661796e-01  
  8.879546825349e-07  ,1.143197946325e-01  
  8.880546832963e-07  ,1.148186281865e-01  
  8.881546840578e-07  ,1.152987332935e-01  
  8.882546848192e-07  ,1.157599840865e-01  
  8.883546855807e-07  ,1.162022576730e-01  
  8.884546863421e-07  ,1.166254384747e-01  
  8.885546871036e-07  ,1.170294141463e-01  
  8.886546878650e-07  ,1.174140803788e-01  
  8.887546886265e-07  ,1.177793349676e-01  
  8.888546893879e-07  ,1.181250846800e-01  
  8.889546901494e-07  ,1.184512381760e-01  
  8.890546909108e-07  ,1.187577130747e-01  
  8.891546916723e-07  ,1.190444290042e-01  
  8.892546924337e-07  ,1.193113143481e-01  
  8.893546931952e-07  ,1.195582999162e-01  
  8.894546939566e-07  ,1.197853250877e-01  
  8.895546947181e-07  ,1.199923318424e-01  
  8.896546954795e-07  ,1.201792703099e-01  
  8.897546962409e-07  ,1.203460938310e-01  
  8.898546970024e-07  ,1.204927637584e-01  
  8.899546977638e-07  ,1.206192442029e-01  
  8.900546985253e-07  ,1.207255078008e-01  
  8.901546992867e-07  ,1.208115300619e-01  
  8.902547000482e-07  ,1.208772945146e-01  
  8.903547008096e-07  ,1.209227878052e-01  
  8.904547015711e-07  ,1.209480049824e-01  
  8.905547023325e-07  ,1.209529432253e-01  
  8.906547030940e-07  ,1.209376093660e-01  
  8.907547038554e-07  ,1.209020114039e-01  
  8.908547046169e-07  ,1.208461672172e-01  
  8.909547053783e-07  ,1.207700961223e-01  
  8.910547061398e-07  ,1.206738270956e-01  
  8.911547069012e-07  ,1.205573903456e-01  
  8.912547076627e-07  ,1.204208260544e-01  
  8.913547084241e-07  ,1.202641754078e-01  
  8.914547091856e-07  ,1.200874893203e-01  
  8.915547099470e-07  ,1.198908205441e-01  
  8.916547107085e-07  ,1.196742302360e-01  
  8.917547114699e-07  ,1.194377826285e-01  
  8.918547122314e-07  ,1.191815490430e-01  
  8.919547129928e-07  ,1.189056051394e-01  
  8.920547137543e-07  ,1.186100326967e-01  
  8.921547145157e-07  ,1.182949179375e-01  
  8.922547152772e-07  ,1.179603534823e-01  
  8.923547160386e-07  ,1.176064361155e-01  
  8.924547168001e-07  ,1.172332690144e-01  
  8.925547175615e-07  ,1.168409590616e-01  
  8.926547183230e-07  ,1.164296203168e-01  
  8.927547190844e-07  ,1.159993696350e-01  
  8.928547198459e-07  ,1.155503316434e-01  
  8.929547206073e-07  ,1.150826328464e-01  
  8.930547213688e-07  ,1.145964087258e-01  
  8.931547221302e-07  ,1.140917949198e-01  
  8.932547228917e-07  ,1.135689377959e-01  
  8.933547236531e-07  ,1.130279819899e-01  
  8.934547244146e-07  ,1.124690840455e-01  
  8.935547251760e-07  ,1.118923983379e-01  
  8.936547259375e-07  ,1.112980909105e-01  
  8.937547266989e-07  ,1.106863254914e-01  
  8.938547274604e-07  ,1.100572777246e-01  
  8.939547282218e-07  ,1.094111202691e-01  
  8.940547289833e-07  ,1.087480384770e-01  
  8.941547297447e-07  ,1.080682136763e-01  
  8.942547305062e-07  ,1.073718404488e-01  
  8.943547312676e-07  ,1.066591086043e-01  
  8.944547320291e-07  ,1.059302220817e-01  
  8.945547327905e-07  ,1.051853787485e-01  
  8.946547335520e-07  ,1.044247911573e-01  
  8.947547343134e-07  ,1.036486660229e-01  
  8.948547350749e-07  ,1.028572238046e-01  
  8.949547358363e-07  ,1.020506791501e-01  
  8.950547365978e-07  ,1.012292611580e-01  
  8.951547373592e-07  ,1.003931917659e-01  
  8.952547381207e-07  ,9.954270824231e-02  
  8.953547388821e-07  ,9.867804012357e-02  
  8.954547396436e-07  ,9.779943192830e-02  
  8.955547404050e-07  ,9.690712085118e-02  
  8.956547411665e-07  ,9.600135830213e-02  
  8.957547419279e-07  ,9.508238908363e-02  
  8.958547426894e-07  ,9.415047102166e-02  
  8.959547434508e-07  ,9.320585616465e-02  
  8.960547442123e-07  ,9.224880860052e-02  
  8.961547449737e-07  ,9.127958711105e-02  
  8.962547457352e-07  ,9.029846213934e-02  
  8.963547464966e-07  ,8.930569865176e-02  
  8.964547472581e-07  ,8.830157318934e-02  
  8.965547480195e-07  ,8.728635675503e-02  
  8.966547487810e-07  ,8.626033119002e-02  
  8.967547495424e-07  ,8.522377354841e-02  
  8.968547503039e-07  ,8.417697101581e-02  
  8.969547510653e-07  ,8.312020579630e-02  
  8.970547518268e-07  ,8.205377020220e-02  
  8.971547525882e-07  ,8.097795176655e-02  
  8.972547533497e-07  ,7.989304699238e-02  
  8.973547541111e-07  ,7.879934850566e-02  
  8.974547548726e-07  ,7.769715702041e-02  
  8.975547556340e-07  ,7.658676980457e-02  
  8.976547563955e-07  ,7.546849128935e-02  
  8.977547571569e-07  ,7.434262292962e-02  
  8.978547579183e-07  ,7.320947290086e-02  
  8.979547586798e-07  ,7.206934649880e-02  
  8.980547594412e-07  ,7.092255478548e-02  
  8.981547602027e-07  ,6.976940699338e-02  
  8.982547609641e-07  ,6.861021706490e-02  
  8.983547617256e-07  ,6.744529694161e-02  
  8.984547624870e-07  ,6.627496347768e-02  
  8.985547632485e-07  ,6.509953145717e-02  
  8.986547640099e-07  ,6.391931984231e-02  
  8.987547647714e-07  ,6.273464559019e-02  
  8.988547655328e-07  ,6.154582999967e-02  
  8.989547662943e-07  ,6.035319178412e-02  
  8.990547670557e-07  ,5.915705397369e-02  
  8.991547678172e-07  ,5.795773664342e-02  
  8.992547685786e-07  ,5.675556454826e-02  
  8.993547693401e-07  ,5.555085856267e-02  
  8.994547701015e-07  ,5.434394449123e-02  
  8.995547708630e-07  ,5.313514433801e-02  
  8.996547716244e-07  ,5.192478420958e-02  
  8.997547723859e-07  ,5.071318670405e-02  
  8.998547731473e-07  ,4.950067808939e-02  
  8.999547739088e-07  ,4.828758145616e-02  
  9.000547746702e-07  ,4.707422245266e-02  
  9.001547754317e-07  ,4.586092431979e-02  
  9.002547761931e-07  ,4.464801200086e-02  
  9.003547769546e-07  ,4.343580839453e-02  
  9.004547777160e-07  ,4.222463750097e-02  
  9.005547784775e-07  ,4.101482138873e-02  
  9.006547792389e-07  ,3.980668247714e-02  
  9.007547800004e-07  ,3.860054228983e-02  
  9.008547807618e-07  ,3.739672100775e-02  
  9.009547815233e-07  ,3.619553899782e-02  
  9.010547822847e-07  ,3.499731433067e-02  
  9.011547830462e-07  ,3.380236548109e-02  
  9.012547838076e-07  ,3.261100819889e-02  
  9.013547845691e-07  ,3.142355886755e-02  
  9.014547853305e-07  ,3.024033041848e-02  
  9.015547860920e-07  ,2.906163652433e-02  
  9.016547868534e-07  ,2.788778768444e-02  
  9.017547876149e-07  ,2.671909394627e-02  
  9.018547883763e-07  ,2.555586297058e-02  
  9.019547891378e-07  ,2.439840136670e-02  
  9.020547898992e-07  ,2.324701308382e-02  
  9.021547906607e-07  ,2.210200131354e-02  
  9.022547914221e-07  ,2.096366600832e-02  
  9.023547921836e-07  ,1.983230610264e-02  
  9.024547929450e-07  ,1.870821760966e-02  
  9.025547937065e-07  ,1.759169516370e-02  
  9.026547944679e-07  ,1.648303000237e-02  
  9.027547952294e-07  ,1.538251235209e-02  
  9.028547959908e-07  ,1.429042856704e-02  
  9.029547967523e-07  ,1.320706358739e-02  
  9.030547975137e-07  ,1.213269918361e-02  
  9.031547982752e-07  ,1.106761444928e-02  
  9.032547990366e-07  ,1.001208616721e-02  
  9.033547997981e-07  ,8.966387568259e-03  
  9.034548005595e-07  ,7.930789748255e-03  
  9.035548013210e-07  ,6.905560363268e-03  
  9.036548020824e-07  ,5.890963918982e-03  
  9.037548028439e-07  ,4.887262433249e-03  
  9.038548036053e-07  ,3.894713848829e-03  
  9.039548043668e-07  ,2.913573699715e-03  
  9.040548051282e-07  ,1.944093712638e-03  
  9.041548058897e-07  ,9.865222375871e-04  
  9.042548066511e-07  ,4.110457382641e-05  
  9.043548074126e-07  ,-8.919183645750e-04  
  9.044548081740e-07  ,-1.812307723622e-03  
  9.045548089355e-07  ,-2.719830451834e-03  
  9.046548096969e-07  ,-3.614254791915e-03  
  9.047548104584e-07  ,-4.495355059168e-03  
  9.048548112198e-07  ,-5.362906975836e-03  
  9.049548119813e-07  ,-6.216693238562e-03  
  9.050548127427e-07  ,-7.056496597295e-03  
  9.051548135042e-07  ,-7.882107938363e-03  
  9.052548142656e-07  ,-8.693318361267e-03  
  9.053548150271e-07  ,-9.489926654801e-03  
  9.054548157885e-07  ,-1.027173199175e-02  
  9.055548165500e-07  ,-1.103854188752e-02  
  9.056548173114e-07  ,-1.179016396751e-02  
  9.057548180729e-07  ,-1.252641383895e-02  
  9.058548188343e-07  ,-1.324710842434e-02  
  9.059548195957e-07  ,-1.395207172960e-02  
  9.060548203572e-07  ,-1.464112942528e-02  
  9.061548211186e-07  ,-1.531411490549e-02  
  9.062548218801e-07  ,-1.597086241797e-02  
  9.063548226415e-07  ,-1.661121456283e-02  
  9.064548234030e-07  ,-1.723501495667e-02  
  9.065548241644e-07  ,-1.784211542890e-02  
  9.066548249259e-07  ,-1.843236873875e-02  
  9.067548256873e-07  ,-1.900563646700e-02  
  9.068548264488e-07  ,-1.956178035935e-02  
  9.069548272102e-07  ,-2.010067221387e-02  
  9.070548279717e-07  ,-2.062218287954e-02  
  9.071548287331e-07  ,-2.112619400480e-02  
  9.072548294946e-07  ,-2.161258643837e-02  
  9.073548302560e-07  ,-2.208125104929e-02  
  9.074548310175e-07  ,-2.253207921781e-02  
  9.075548317789e-07  ,-2.296497141487e-02  
  9.076548325404e-07  ,-2.337982871160e-02  
  9.077548333018e-07  ,-2.377656213501e-02  
  9.078548340633e-07  ,-2.415508251122e-02  
  9.079548348247e-07  ,-2.451531095850e-02  
  9.080548355862e-07  ,-2.485716851738e-02  
  9.081548363476e-07  ,-2.518058634833e-02  
  9.082548371091e-07  ,-2.548549583591e-02  
  9.083548378705e-07  ,-2.577183846510e-02  
  9.084548386320e-07  ,-2.603955561724e-02  
  9.085548393934e-07  ,-2.628859910228e-02  
  9.086548401549e-07  ,-2.651892095752e-02  
  9.087548409163e-07  ,-2.673048280182e-02  
  9.088548416778e-07  ,-2.692324727781e-02  
  9.089548424392e-07  ,-2.709718661411e-02  
  9.090548432007e-07  ,-2.725227324514e-02  
  9.091548439621e-07  ,-2.738849031332e-02  
  9.092548447236e-07  ,-2.750582009170e-02  
  9.093548454850e-07  ,-2.760425674379e-02  
  9.094548462465e-07  ,-2.768379232912e-02  
  9.095548470079e-07  ,-2.774443167819e-02  
  9.096548477694e-07  ,-2.778617722261e-02  
  9.097548485308e-07  ,-2.780904404146e-02  
  9.098548492923e-07  ,-2.781304484585e-02  
  9.099548500537e-07  ,-2.779820541742e-02  
  9.100548508152e-07  ,-2.776454822925e-02  
  9.101548515766e-07  ,-2.771210962604e-02  
  9.102548523381e-07  ,-2.764092256542e-02  
  9.103548530995e-07  ,-2.755103326987e-02  
  9.104548538610e-07  ,-2.744248490194e-02  
  9.105548546224e-07  ,-2.731533409074e-02  
  9.106548553839e-07  ,-2.716963416668e-02  
  9.107548561453e-07  ,-2.700545139379e-02  
  9.108548569068e-07  ,-2.682284987276e-02  
  9.109548576682e-07  ,-2.662190519402e-02  
  9.110548584297e-07  ,-2.640269199978e-02  
  9.111548591911e-07  ,-2.616529518618e-02  
  9.112548599526e-07  ,-2.590980000130e-02  
  9.113548607140e-07  ,-2.563630043671e-02  
  9.114548614755e-07  ,-2.534489210206e-02  
  9.115548622369e-07  ,-2.503567819675e-02  
  9.116548629984e-07  ,-2.470876430178e-02  
  9.117548637598e-07  ,-2.436426309658e-02  
  9.118548645213e-07  ,-2.400228947711e-02  
  9.119548652827e-07  ,-2.362296600332e-02  
  9.120548660442e-07  ,-2.322641650866e-02  
  9.121548668056e-07  ,-2.281277282727e-02  
  9.122548675671e-07  ,-2.238216839003e-02  
  9.123548683285e-07  ,-2.193474392623e-02  
  9.124548690900e-07  ,-2.147064175562e-02  
  9.125548698514e-07  ,-2.099001187195e-02  
  9.126548706129e-07  ,-2.049300536182e-02  
  9.127548713743e-07  ,-1.997978083556e-02  
  9.128548721358e-07  ,-1.945049847440e-02  
  9.129548728972e-07  ,-1.890532493584e-02  
  9.130548736587e-07  ,-1.834442940753e-02  
  9.131548744201e-07  ,-1.776798676505e-02  
  9.132548751816e-07  ,-1.717617437198e-02  
  9.133548759430e-07  ,-1.656917553501e-02  
  9.134548767045e-07  ,-1.594717543549e-02  
  9.135548774659e-07  ,-1.531036581698e-02  
  9.136548782274e-07  ,-1.465893918705e-02  
  9.137548789888e-07  ,-1.399309558592e-02  
  9.138548797503e-07  ,-1.331303472817e-02  
  9.139548805117e-07  ,-1.261896445645e-02  
  9.140548812731e-07  ,-1.191109190190e-02  
  9.141548820346e-07  ,-1.118963209520e-02  
  9.142548827960e-07  ,-1.045479933901e-02  
  9.143548835575e-07  ,-9.706815896511e-03  
  9.144548843189e-07  ,-8.945902915732e-03  
  9.145548850804e-07  ,-8.172289318406e-03  
  9.146548858418e-07  ,-7.386202996417e-03  
  9.147548866033e-07  ,-6.587879684042e-03  
  9.148548873647e-07  ,-5.777553411101e-03  
  9.149548881262e-07  ,-4.955466124967e-03  
  9.150548888876e-07  ,-4.121858298981e-03  
  9.151548896491e-07  ,-3.276977628621e-03  
  9.152548904105e-07  ,-2.421070498333e-03  
  9.153548911720e-07  ,-1.554390508603e-03  
  9.154548919334e-07  ,-6.771894259386e-04  
  9.155548926949e-07  ,2.102736468185e-04  
  9.156548934563e-07  ,1.107741606128e-03  
  9.157548942178e-07  ,2.014950149372e-03  
  9.158548949792e-07  ,2.931637221659e-03  
  9.159548957407e-07  ,3.857533837412e-03  
  9.160548965021e-07  ,4.792373048746e-03  
  9.161548972636e-07  ,5.735881053615e-03  
  9.162548980250e-07  ,6.687787030333e-03  
  9.163548987865e-07  ,7.647812610736e-03  
  9.164548995479e-07  ,8.615682904171e-03  
  9.165549003094e-07  ,9.591115689644e-03  
  9.166549010708e-07  ,1.057383213164e-02  
  9.167549018323e-07  ,1.156354636465e-02  
  9.168549025937e-07  ,1.255997636758e-02  
  9.169549033552e-07  ,1.356283296714e-02  
  9.170549041166e-07  ,1.457183023726e-02  
  9.171549048781e-07  ,1.558667699904e-02  
  9.172549056395e-07  ,1.660708387469e-02  
  9.173549064010e-07  ,1.763275728150e-02  
  9.174549071624e-07  ,1.866340522819e-02  
  9.175549079239e-07  ,1.969873164149e-02  
  9.176549086853e-07  ,2.073844272866e-02  
  9.177549094468e-07  ,2.178223993156e-02  
  9.178549102082e-07  ,2.282982811534e-02  
  9.179549109697e-07  ,2.388090637072e-02  
  9.180549117311e-07  ,2.493517883171e-02  
  9.181549124926e-07  ,2.599234240558e-02  
  9.182549132540e-07  ,2.705210068116e-02  
  9.183549140155e-07  ,2.811414918092e-02  
  9.184549147769e-07  ,2.917819069361e-02  
  9.185549155384e-07  ,3.024391998568e-02  
  9.186549162998e-07  ,3.131103963677e-02  
  9.187549170613e-07  ,3.237924363811e-02  
  9.188549178227e-07  ,3.344823446072e-02  
  9.189549185842e-07  ,3.451770616476e-02  
  9.190549193456e-07  ,3.558736147499e-02  
  9.191549201071e-07  ,3.665689427700e-02  
  9.192549208685e-07  ,3.772600824149e-02  
  9.193549216300e-07  ,3.879439755703e-02  
  9.194549223914e-07  ,3.986176693865e-02  
  9.195549231529e-07  ,4.092781137699e-02  
  9.196549239143e-07  ,4.199223664296e-02  
  9.197549246758e-07  ,4.305473908506e-02  
  9.198549254372e-07  ,4.411502603469e-02  
  9.199549261987e-07  ,4.517279522136e-02  
  9.200549269601e-07  ,4.622775584250e-02  
  9.201549277216e-07  ,4.727960775182e-02  
  9.202549284830e-07  ,4.832806173921e-02  
  9.203549292445e-07  ,4.937282053889e-02  
  9.204549300059e-07  ,5.041359679418e-02  
  9.205549307674e-07  ,5.145009609031e-02  
  9.206549315288e-07  ,5.248203384137e-02  
  9.207549322903e-07  ,5.350911832407e-02  
  9.208549330517e-07  ,5.453106823045e-02  
  9.209549338132e-07  ,5.554759464117e-02  
  9.210549345746e-07  ,5.655842006062e-02  
  9.211549353361e-07  ,5.756325879556e-02  
  9.212549360975e-07  ,5.856183706763e-02  
  9.213549368590e-07  ,5.955387283427e-02  
  9.214549376204e-07  ,6.053909656277e-02  
  9.215549383819e-07  ,6.151723013258e-02  
  9.216549391433e-07  ,6.248800820735e-02  
  9.217549399048e-07  ,6.345115723791e-02  
  9.218549406662e-07  ,6.440641628015e-02  
  9.219549414277e-07  ,6.535351646963e-02  
  9.220549421891e-07  ,6.629220182343e-02  
  9.221549429505e-07  ,6.722220819068e-02  
  9.222549437120e-07  ,6.814328499670e-02  
  9.223549444734e-07  ,6.905517306216e-02  
  9.224549452349e-07  ,6.995762733670e-02  
  9.225549459963e-07  ,7.085039420750e-02  
  9.226549467578e-07  ,7.173323393206e-02  
  9.227549475192e-07  ,7.260589923801e-02  
  9.228549482807e-07  ,7.346815569302e-02  
  9.229549490421e-07  ,7.431976241938e-02  
  9.230549498036e-07  ,7.516049104302e-02  
  9.231549505650e-07  ,7.599010701514e-02  
  9.232549513265e-07  ,7.680838812350e-02  
  9.233549520879e-07  ,7.761510684072e-02  
  9.234549528494e-07  ,7.841004693842e-02  
  9.235549536108e-07  ,7.919298833941e-02  
  9.236549543723e-07  ,7.996372109406e-02  
  9.237549551337e-07  ,8.072203242365e-02  
  9.238549558952e-07  ,8.146771948129e-02  
  9.239549566566e-07  ,8.220057651497e-02  
  9.240549574181e-07  ,8.292040820027e-02  
  9.241549581795e-07  ,8.362701596170e-02  
  9.242549589410e-07  ,8.432021236566e-02  
  9.243549597024e-07  ,8.499980589886e-02  
  9.244549604639e-07  ,8.566561739836e-02  
  9.245549612253e-07  ,8.631746276119e-02  
  9.246549619868e-07  ,8.695517110553e-02  
  9.247549627482e-07  ,8.757856586194e-02  
  9.248549635097e-07  ,8.818748471429e-02  
  9.249549642711e-07  ,8.878175882066e-02  
  9.250549650326e-07  ,8.936123458918e-02  
  9.251549657940e-07  ,8.992575098476e-02  
  9.252549665555e-07  ,9.047516331114e-02  
  9.253549673169e-07  ,9.100931878021e-02  
  9.254549680784e-07  ,9.152808130505e-02  
  9.255549688398e-07  ,9.203130680453e-02  
  9.256549696013e-07  ,9.251886788200e-02  
  9.257549703627e-07  ,9.299062915500e-02  
  9.258549711242e-07  ,9.344647213507e-02  
  9.259549718856e-07  ,9.388627033353e-02  
  9.260549726471e-07  ,9.430991431439e-02  
  9.261549734085e-07  ,9.471728663824e-02  
  9.262549741700e-07  ,9.510828680696e-02  
  9.263549749314e-07  ,9.548280643602e-02  
  9.264549756929e-07  ,9.584075452746e-02  
  9.265549764543e-07  ,9.618203182591e-02  
  9.266549772158e-07  ,9.650655628928e-02  
  9.267549779772e-07  ,9.681423857600e-02  
  9.268549787387e-07  ,9.710500544537e-02  
  9.269549795001e-07  ,9.737877746628e-02  
  9.270549802616e-07  ,9.763549016200e-02  
  9.271549810230e-07  ,9.787507432974e-02  
  9.272549817845e-07  ,9.809747446869e-02  
  9.273549825459e-07  ,9.830263099397e-02  
  9.274549833074e-07  ,9.849049815777e-02  
  9.275549840688e-07  ,9.866102572292e-02  
  9.276549848303e-07  ,9.881417771593e-02  
  9.277549855917e-07  ,9.894991327105e-02  
  9.278549863532e-07  ,9.906820613190e-02  
  9.279549871146e-07  ,9.916902529825e-02  
  9.280549878761e-07  ,9.925235375324e-02  
  9.281549886375e-07  ,9.931817047917e-02  
  9.282549893990e-07  ,9.936646770636e-02  
  9.283549901604e-07  ,9.939723467074e-02  
  9.284549909219e-07  ,9.941047259618e-02  
  9.285549916833e-07  ,9.940618080596e-02  
  9.286549924448e-07  ,9.938436989997e-02  
  9.287549932062e-07  ,9.934504906800e-02  
  9.288549939677e-07  ,9.928823831487e-02  
  9.289549947291e-07  ,9.921395645575e-02  
  9.290549954906e-07  ,9.912223315157e-02  
  9.291549962520e-07  ,9.901309671327e-02  
  9.292549970135e-07  ,9.888658625210e-02  
  9.293549977749e-07  ,9.874273991226e-02  
  9.294549985364e-07  ,9.858160583066e-02  
  9.295549992978e-07  ,9.840323190062e-02  
  9.296550000593e-07  ,9.820767551812e-02  
  9.297550008207e-07  ,9.799499421533e-02  
  9.298550015822e-07  ,9.776525434169e-02  
  9.299550023436e-07  ,9.751852288022e-02  
  9.300550031051e-07  ,9.725487573241e-02  
  9.301550038665e-07  ,9.697438859147e-02  
  9.302550046279e-07  ,9.667714694343e-02  
  9.303550053894e-07  ,9.636323517317e-02  
  9.304550061508e-07  ,9.603274821717e-02  
  9.305550069123e-07  ,9.568577925518e-02  
  9.306550076737e-07  ,9.532243209043e-02  
  9.307550084352e-07  ,9.494280903528e-02  
  9.308550091966e-07  ,9.454702250771e-02  
  9.309550099581e-07  ,9.413518356402e-02  
  9.310550107195e-07  ,9.370741338462e-02  
  9.311550114810e-07  ,9.326383157314e-02  
  9.312550122424e-07  ,9.280456797187e-02  
  9.313550130039e-07  ,9.232975047170e-02  
  9.314550137653e-07  ,9.183951746665e-02  
  9.315550145268e-07  ,9.133400494000e-02  
  9.316550152882e-07  ,9.081335971179e-02  
  9.317550160497e-07  ,9.027772580855e-02  
  9.318550168111e-07  ,8.972725825750e-02  
  9.319550175726e-07  ,8.916210866096e-02  
  9.320550183340e-07  ,8.858244044642e-02  
  9.321550190955e-07  ,8.798841265326e-02  
  9.322550198569e-07  ,8.738019636120e-02  
  9.323550206184e-07  ,8.675795848587e-02  
  9.324550213798e-07  ,8.612187725337e-02  
  9.325550221413e-07  ,8.547212736826e-02  
  9.326550229027e-07  ,8.480889384342e-02  
  9.327550236642e-07  ,8.413235917535e-02  
  9.328550244256e-07  ,8.344271487053e-02  
  9.329550251871e-07  ,8.274015089323e-02  
  9.330550259485e-07  ,8.202486522175e-02  
  9.331550267100e-07  ,8.129705472869e-02  
  9.332550274714e-07  ,8.055692413614e-02  
  9.333550282329e-07  ,7.980467659523e-02  
  9.334550289943e-07  ,7.904052349227e-02  
  9.335550297558e-07  ,7.826467398183e-02  
  9.336550305172e-07  ,7.747734591798e-02  
  9.337550312787e-07  ,7.667875434578e-02  
  9.338550320401e-07  ,7.586912293681e-02  
  9.339550328016e-07  ,7.504867271507e-02  
  9.340550335630e-07  ,7.421763286267e-02  
  9.341550343245e-07  ,7.337623012801e-02  
  9.342550350859e-07  ,7.252469897731e-02  
  9.343550358474e-07  ,7.166327145442e-02  
  9.344550366088e-07  ,7.079218699450e-02  
  9.345550373703e-07  ,6.991168307844e-02  
  9.346550381317e-07  ,6.902200378691e-02  
  9.347550388932e-07  ,6.812339114775e-02  
  9.348550396546e-07  ,6.721609419623e-02  
  9.349550404161e-07  ,6.630035907818e-02  
  9.350550411775e-07  ,6.537643967867e-02  
  9.351550419390e-07  ,6.444458574348e-02  
  9.352550427004e-07  ,6.350505553537e-02  
  9.353550434619e-07  ,6.255810255373e-02  
  9.354550442233e-07  ,6.160398914463e-02  
  9.355550449848e-07  ,6.064297197582e-02  
  9.356550457462e-07  ,5.967531703556e-02  
  9.357550465077e-07  ,5.870128445176e-02  
  9.358550472691e-07  ,5.772114332572e-02  
  9.359550480306e-07  ,5.673515674586e-02  
  9.360550487920e-07  ,5.574359663712e-02  
  9.361550495535e-07  ,5.474672907202e-02  
  9.362550503149e-07  ,5.374482821953e-02  
  9.363550510764e-07  ,5.273816293127e-02  
  9.364550518378e-07  ,5.172700943222e-02  
  9.365550525993e-07  ,5.071163874903e-02  
  9.366550533607e-07  ,4.969232914200e-02  
  9.367550541222e-07  ,4.866935337527e-02  
  9.368550548836e-07  ,4.764299144757e-02  
  9.369550556451e-07  ,4.661351763619e-02  
  9.370550564065e-07  ,4.558121329449e-02  
  9.371550571680e-07  ,4.454635399924e-02  
  9.372550579294e-07  ,4.350922201999e-02  
  9.373550586909e-07  ,4.247009375532e-02  
  9.374550594523e-07  ,4.142925259418e-02  
  9.375550602138e-07  ,4.038697523952e-02  
  9.376550609752e-07  ,3.934354559409e-02  
  9.377550617367e-07  ,3.829924073159e-02  
  9.378550624981e-07  ,3.725434449476e-02  
  9.379550632596e-07  ,3.620913407728e-02  
  9.380550640210e-07  ,3.516389316198e-02  
  9.381550647825e-07  ,3.411889860666e-02  
  9.382550655439e-07  ,3.307443361132e-02  
  9.383550663053e-07  ,3.203077432216e-02  
  9.384550670668e-07  ,3.098820320572e-02  
  9.385550678282e-07  ,2.994699548944e-02  
  9.386550685897e-07  ,2.890743264400e-02  
  9.387550693511e-07  ,2.786978836006e-02  
  9.388550701126e-07  ,2.683434305578e-02  
  9.389550708740e-07  ,2.580136861595e-02  
  9.390550716355e-07  ,2.477114397933e-02  
  9.391550723969e-07  ,2.374393889957e-02  
  9.392550731584e-07  ,2.272003056775e-02  
  9.393550739198e-07  ,2.169968660183e-02  
  9.394550746813e-07  ,2.068318175405e-02  
  9.395550754427e-07  ,1.967078130219e-02  
  9.396550762042e-07  ,1.866275721872e-02  
  9.397550769656e-07  ,1.765937245765e-02  
  9.398550777271e-07  ,1.666089566021e-02  
  9.399550784885e-07  ,1.566758715605e-02  
  9.400550792500e-07  ,1.467971203261e-02  
  9.401550800114e-07  ,1.369752765520e-02  
  9.402550807729e-07  ,1.272129550468e-02  
  9.403550815343e-07  ,1.175126940651e-02  
  9.404550822958e-07  ,1.078770708128e-02  
  9.405550830572e-07  ,9.830858437317e-03  
  9.406550838187e-07  ,8.880977507535e-03  
  9.407550845801e-07  ,7.938309538316e-03  
  9.408550853416e-07  ,7.003104919663e-03  
  9.409550861030e-07  ,6.075603823229e-03  
  9.410550868645e-07  ,5.156052720408e-03  
  9.411550876259e-07  ,4.244686734316e-03  
  9.412550883874e-07  ,3.341747757682e-03  
  9.413550891488e-07  ,2.447465938274e-03  
  9.414550899103e-07  ,1.562077989176e-03  
  9.415550906717e-07  ,6.858090773563e-04  
  9.416550914332e-07  ,-1.811094515317e-04  
  9.417550921946e-07  ,-1.038457831851e-03  
  9.418550929561e-07  ,-1.886010246984e-03  
  9.419550937175e-07  ,-2.723552530609e-03  
  9.420550944790e-07  ,-3.550864716012e-03  
  9.421550952404e-07  ,-4.367738547330e-03  
  9.422550960019e-07  ,-5.173959867998e-03  
  9.423550967633e-07  ,-5.969326644209e-03  
  9.424550975248e-07  ,-6.753631049247e-03  
  9.425550982862e-07  ,-7.526677081163e-03  
  9.426550990477e-07  ,-8.288263650310e-03  
  9.427550998091e-07  ,-9.038200869306e-03  
  9.428551005706e-07  ,-9.776295075107e-03  
  9.429551013320e-07  ,-1.050236207643e-02  
  9.430551020935e-07  ,-1.121621572237e-02  
  9.431551028549e-07  ,-1.191767859020e-02  
  9.432551036164e-07  ,-1.260657165237e-02  
  9.433551043778e-07  ,-1.328272433081e-02  
  9.434551051393e-07  ,-1.394596493941e-02  
  9.435551059007e-07  ,-1.459613047813e-02  
  9.436551066622e-07  ,-1.523305601684e-02  
  9.437551074236e-07  ,-1.585658664959e-02  
  9.438551081851e-07  ,-1.646656464935e-02  
  9.439551089465e-07  ,-1.706284281486e-02  
  9.440551097080e-07  ,-1.764527109988e-02  
  9.441551104694e-07  ,-1.821371008321e-02  
  9.442551112309e-07  ,-1.876801768818e-02  
  9.443551119923e-07  ,-1.930806223344e-02  
  9.444551127538e-07  ,-1.983370970180e-02  
  9.445551135152e-07  ,-2.034483665400e-02  
  9.446551142767e-07  ,-2.084131690644e-02  
  9.447551150381e-07  ,-2.132303532401e-02  
  9.448551157996e-07  ,-2.178987409377e-02  
  9.449551165610e-07  ,-2.224172610829e-02  
  9.450551173225e-07  ,-2.267848230914e-02  
  9.451551180839e-07  ,-2.310004358354e-02  
  9.452551188454e-07  ,-2.350630970468e-02  
  9.453551196068e-07  ,-2.389718971235e-02  
  9.454551203683e-07  ,-2.427259211227e-02  
  9.455551211297e-07  ,-2.463243494828e-02  
  9.456551218912e-07  ,-2.497663442216e-02  
  9.457551226526e-07  ,-2.530511817912e-02  
  9.458551234141e-07  ,-2.561781063711e-02  
  9.459551241755e-07  ,-2.591464831284e-02  
  9.460551249370e-07  ,-2.619556449872e-02  
  9.461551256984e-07  ,-2.646050445901e-02  
  9.462551264599e-07  ,-2.670941016088e-02  
  9.463551272213e-07  ,-2.694223600490e-02  
  9.464551279827e-07  ,-2.715893281943e-02  
  9.465551287442e-07  ,-2.735946351017e-02  
  9.466551295056e-07  ,-2.754378836973e-02  
  9.467551302671e-07  ,-2.771187894315e-02  
  9.468551310285e-07  ,-2.786370440273e-02  
  9.469551317900e-07  ,-2.799924544463e-02  
  9.470551325514e-07  ,-2.811848026924e-02  
  9.471551333129e-07  ,-2.822139813316e-02  
  9.472551340743e-07  ,-2.830798659863e-02  
  9.473551348358e-07  ,-2.837824371078e-02  
  9.474551355972e-07  ,-2.843216617067e-02  
  9.475551363587e-07  ,-2.846976072558e-02  
  9.476551371201e-07  ,-2.849103311400e-02  
  9.477551378816e-07  ,-2.849599916905e-02  
  9.478551386430e-07  ,-2.848467356219e-02  
  9.479551394045e-07  ,-2.845708071869e-02  
  9.480551401659e-07  ,-2.841324448184e-02  
  9.481551409274e-07  ,-2.835319830103e-02  
  9.482551416888e-07  ,-2.827697436756e-02  
  9.483551424503e-07  ,-2.818461543460e-02  
  9.484551432117e-07  ,-2.807616234422e-02  
  9.485551439732e-07  ,-2.795166640471e-02  
  9.486551447346e-07  ,-2.781117774080e-02  
  9.487551454961e-07  ,-2.765475563050e-02  
  9.488551462575e-07  ,-2.748245957020e-02  
  9.489551470190e-07  ,-2.729435684317e-02  
  9.490551477804e-07  ,-2.709051617887e-02  
  9.491551485419e-07  ,-2.687101292146e-02  
  9.492551493033e-07  ,-2.663592429632e-02  
  9.493551500648e-07  ,-2.638533438791e-02  
  9.494551508262e-07  ,-2.611932874581e-02  
  9.495551515877e-07  ,-2.583799962711e-02  
  9.496551523491e-07  ,-2.554144100416e-02  
  9.497551531106e-07  ,-2.522975330509e-02  
  9.498551538720e-07  ,-2.490303879304e-02  
  9.499551546335e-07  ,-2.456140581227e-02  
  9.500551553949e-07  ,-2.420496483682e-02  
  9.501551561564e-07  ,-2.383383226402e-02  
  9.502551569178e-07  ,-2.344812615963e-02  
  9.503551576793e-07  ,-2.304797111796e-02  
  9.504551584407e-07  ,-2.263349259217e-02  
  9.505551592022e-07  ,-2.220482341427e-02  
  9.506551599636e-07  ,-2.176209620738e-02  
  9.507551607251e-07  ,-2.130545131452e-02  
  9.508551614865e-07  ,-2.083502922932e-02  
  9.509551622480e-07  ,-2.035097725476e-02  
  9.510551630094e-07  ,-1.985344333221e-02  
  9.511551637709e-07  ,-1.934258221819e-02  
  9.512551645323e-07  ,-1.881854835153e-02  
  9.513551652938e-07  ,-1.828150424568e-02  
  9.514551660552e-07  ,-1.773161069888e-02  
  9.515551668167e-07  ,-1.716903735334e-02  
  9.516551675781e-07  ,-1.659395180268e-02  
  9.517551683396e-07  ,-1.600652995402e-02  
  9.518551691010e-07  ,-1.540694652744e-02  
  9.519551698625e-07  ,-1.479538324250e-02  
  9.520551706239e-07  ,-1.417202180147e-02  
  9.521551713854e-07  ,-1.353704952342e-02  
  9.522551721468e-07  ,-1.289065481514e-02  
  9.523551729083e-07  ,-1.223303057825e-02  
  9.524551736697e-07  ,-1.156437143129e-02  
  9.525551744312e-07  ,-1.088487591458e-02  
  9.526551751926e-07  ,-1.019474440251e-02  
  9.527551759541e-07  ,-9.494181057485e-03  
  9.528551767155e-07  ,-8.783391517235e-03  
  9.529551774770e-07  ,-8.062585578030e-03  
  9.530551782384e-07  ,-7.331973996744e-03  
  9.531551789999e-07  ,-6.591771336658e-03  
  9.532551797613e-07  ,-5.842193963092e-03  
  9.533551805228e-07  ,-5.083460937850e-03  
  9.534551812842e-07  ,-4.315793336566e-03  
  9.535551820457e-07  ,-3.539414917692e-03  
  9.536551828071e-07  ,-2.754551267944e-03  
  9.537551835686e-07  ,-1.961430563268e-03  
  9.538551843300e-07  ,-1.160282493883e-03  
  9.539551850915e-07  ,-3.513393772075e-04  
  9.540551858529e-07  ,4.651649674642e-04  
  9.541551866144e-07  ,1.288994637067e-03  
  9.542551873758e-07  ,2.119911801653e-03  
  9.543551881372e-07  ,2.957677281103e-03  
  9.544551888987e-07  ,3.802049520612e-03  
  9.545551896601e-07  ,4.652786215258e-03  
  9.546551904216e-07  ,5.509642454268e-03  
  9.547551911830e-07  ,6.372373107081e-03  
  9.548551919445e-07  ,7.240730260274e-03  
  9.549551927059e-07  ,8.114465859251e-03  
  9.550551934674e-07  ,8.993329740703e-03  
  9.551551942288e-07  ,9.877070829065e-03  
  9.552551949903e-07  ,1.076543707264e-02  
  9.553551957517e-07  ,1.165817508397e-02  
  9.554551965132e-07  ,1.255503037739e-02  
  9.555551972746e-07  ,1.345574821053e-02  
  9.556551980361e-07  ,1.436007182204e-02  
  9.557551987975e-07  ,1.526774518816e-02  
  9.558551995590e-07  ,1.617850973314e-02  
  9.559552003204e-07  ,1.709210829855e-02  
  9.560552010819e-07  ,1.800828089246e-02  
  9.561552018433e-07  ,1.892676945184e-02  
  9.562552026048e-07  ,1.984731306211e-02  
  9.563552033662e-07  ,2.076965255347e-02  
  9.564552041277e-07  ,2.169352677908e-02  
  9.565552048891e-07  ,2.261867592582e-02  
  9.566552056506e-07  ,2.354483820699e-02  
  9.567552064120e-07  ,2.447175411366e-02  
  9.568552071735e-07  ,2.539916120802e-02  
  9.569552079349e-07  ,2.632680054926e-02  
  9.570552086964e-07  ,2.725440951931e-02  
  9.571552094578e-07  ,2.818172986572e-02  
  9.572552102193e-07  ,2.910849920274e-02  
  9.573552109807e-07  ,3.003446002343e-02  
  9.574552117422e-07  ,3.095935080312e-02  
  9.575552125036e-07  ,3.188291474123e-02  
  9.576552132651e-07  ,3.280489170874e-02  
  9.577552140265e-07  ,3.372502574969e-02  
  9.578552147880e-07  ,3.464305821714e-02  
  9.579552155494e-07  ,3.555873485121e-02  
  9.580552163109e-07  ,3.647179828060e-02  
  9.581552170723e-07  ,3.738199622674e-02  
  9.582552178338e-07  ,3.828907324916e-02  
  9.583552185952e-07  ,3.919277896320e-02  
  9.584552193567e-07  ,4.009286016640e-02  
  9.585552201181e-07  ,4.098906888961e-02  
  9.586552208796e-07  ,4.188115412462e-02  
  9.587552216410e-07  ,4.276887095082e-02  
  9.588552224025e-07  ,4.365197041964e-02  
  9.589552231639e-07  ,4.453021123318e-02  
  9.590552239254e-07  ,4.540334662772e-02  
  9.591552246868e-07  ,4.627113918689e-02  
  9.592552254483e-07  ,4.713334477357e-02  
  9.593552262097e-07  ,4.798972969646e-02  
  9.594552269712e-07  ,4.884005332741e-02  
  9.595552277326e-07  ,4.968408541955e-02  
  9.596552284941e-07  ,5.052158919540e-02  
  9.597552292555e-07  ,5.135233838405e-02  
  9.598552300170e-07  ,5.217610004779e-02  
  9.599552307784e-07  ,5.299265217429e-02  
  9.600552315399e-07  ,5.380176612666e-02  
  9.601552323013e-07  ,5.460322409754e-02  
  9.602552330628e-07  ,5.539680191587e-02  
  9.603552338242e-07  ,5.618228674484e-02  
  9.604552345857e-07  ,5.695945880665e-02  
  9.605552353471e-07  ,5.772811011453e-02  
  9.606552361086e-07  ,5.848802594219e-02  
  9.607552368700e-07  ,5.923900352449e-02  
  9.608552376315e-07  ,5.998083303418e-02  
  9.609552383929e-07  ,6.071331704890e-02  
  9.610552391544e-07  ,6.143625134982e-02  
  9.611552399158e-07  ,6.214944373737e-02  
  9.612552406773e-07  ,6.285269589766e-02  
  9.613552414387e-07  ,6.354582099086e-02  
  9.614552422002e-07  ,6.422862681298e-02  
  9.615552429616e-07  ,6.490093220442e-02  
  9.616552437231e-07  ,6.556255125785e-02  
  9.617552444845e-07  ,6.621330868909e-02  
  9.618552452460e-07  ,6.685302491562e-02  
  9.619552460074e-07  ,6.748153069474e-02  
  9.620552467689e-07  ,6.809865308764e-02  
  9.621552475303e-07  ,6.870422935635e-02  
  9.622552482918e-07  ,6.929809300115e-02  
  9.623552490532e-07  ,6.988008774700e-02  
  9.624552498146e-07  ,7.045005429568e-02  
  9.625552505761e-07  ,7.100784268823e-02  
  9.626552513375e-07  ,7.155330087957e-02  
  9.627552520990e-07  ,7.208628550097e-02  
  9.628552528604e-07  ,7.260665209869e-02  
  9.629552536219e-07  ,7.311426388695e-02  
  9.630552543833e-07  ,7.360898385590e-02  
  9.631552551448e-07  ,7.409068244947e-02  
  9.632552559062e-07  ,7.455923000301e-02  
  9.633552566677e-07  ,7.501450422341e-02  
  9.634552574291e-07  ,7.545638302053e-02  
  9.635552581906e-07  ,7.588475164276e-02  
  9.636552589520e-07  ,7.629949547903e-02  
  9.637552597135e-07  ,7.670050747955e-02  
  9.638552604749e-07  ,7.708768065119e-02  
  9.639552612364e-07  ,7.746091571964e-02  
  9.640552619978e-07  ,7.782011347419e-02  
  9.641552627593e-07  ,7.816518255096e-02  
  9.642552635207e-07  ,7.849603157368e-02  
  9.643552642822e-07  ,7.881257695294e-02  
  9.644552650436e-07  ,7.911473561950e-02  
  9.645552658051e-07  ,7.940243160142e-02  
  9.646552665665e-07  ,7.967559030038e-02  
  9.647552673280e-07  ,7.993414338613e-02  
  9.648552680894e-07  ,8.017802476801e-02  
  9.649552688509e-07  ,8.040717393573e-02  
  9.650552696123e-07  ,8.062153326660e-02  
  9.651552703738e-07  ,8.082105027089e-02  
  9.652552711352e-07  ,8.100567552743e-02  
  9.653552718967e-07  ,8.117536492441e-02  
  9.654552726581e-07  ,8.133007724867e-02  
  9.655552734196e-07  ,8.146977660148e-02  
  9.656552741810e-07  ,8.159443010023e-02  
  9.657552749425e-07  ,8.170401039584e-02  
  9.658552757039e-07  ,8.179849251513e-02  
  9.659552764654e-07  ,8.187785767063e-02  
  9.660552772268e-07  ,8.194208935036e-02  
  9.661552779883e-07  ,8.199117670046e-02  
  9.662552787497e-07  ,8.202511185351e-02  
  9.663552795112e-07  ,8.204389249052e-02  
  9.664552802726e-07  ,8.204751848636e-02  
  9.665552810341e-07  ,8.203599633940e-02  
  9.666552817955e-07  ,8.200933411119e-02  
  9.667552825570e-07  ,8.196754650244e-02  
  9.668552833184e-07  ,8.191065011124e-02  
  9.669552840799e-07  ,8.183866754393e-02  
  9.670552848413e-07  ,8.175162406316e-02  
  9.671552856028e-07  ,8.164955031897e-02  
  9.672552863642e-07  ,8.153247970999e-02  
  9.673552871257e-07  ,8.140045129768e-02  
  9.674552878871e-07  ,8.125350660454e-02  
  9.675552886486e-07  ,8.109169261627e-02  
  9.676552894100e-07  ,8.091505926816e-02  
  9.677552901715e-07  ,8.072366152243e-02  
  9.678552909329e-07  ,8.051755727419e-02  
  9.679552916944e-07  ,8.029680949483e-02  
  9.680552924558e-07  ,8.006148421522e-02  
  9.681552932173e-07  ,7.981165223479e-02  
  9.682552939787e-07  ,7.954738756846e-02  
  9.683552947402e-07  ,7.926876836396e-02  
  9.684552955016e-07  ,7.897587725786e-02  
  9.685552962631e-07  ,7.866879956172e-02  
  9.686552970245e-07  ,7.834762561233e-02  
  9.687552977860e-07  ,7.801244872479e-02  
  9.688552985474e-07  ,7.766336625267e-02  
  9.689552993089e-07  ,7.730047960246e-02  
  9.690553000703e-07  ,7.692389328721e-02  
  9.691553008318e-07  ,7.653371615102e-02  
  9.692553015932e-07  ,7.613006002571e-02  
  9.693553023547e-07  ,7.571304111572e-02  
  9.694553031161e-07  ,7.528277827806e-02  
  9.695553038776e-07  ,7.483939502349e-02  
  9.696553046390e-07  ,7.438301724216e-02  
  9.697553054005e-07  ,7.391377521524e-02  
  9.698553061619e-07  ,7.343180226051e-02  
  9.699553069234e-07  ,7.293723474803e-02  
  9.700553076848e-07  ,7.243021332665e-02  
  9.701553084463e-07  ,7.191088079696e-02  
  9.702553092077e-07  ,7.137938453598e-02  
  9.703553099692e-07  ,7.083587363103e-02  
  9.704553107306e-07  ,7.028050211676e-02  
  9.705553114920e-07  ,6.971342518786e-02  
  9.706553122535e-07  ,6.913480333246e-02  
  9.707553130149e-07  ,6.854479758253e-02  
  9.708553137764e-07  ,6.794357488229e-02  
  9.709553145378e-07  ,6.733130189479e-02  
  9.710553152993e-07  ,6.670815170637e-02  
  9.711553160607e-07  ,6.607429635192e-02  
  9.712553168222e-07  ,6.542991492289e-02  
  9.713553175836e-07  ,6.477518504143e-02  
  9.714553183451e-07  ,6.411029092963e-02  
  9.715553191065e-07  ,6.343541593980e-02  
  9.716553198680e-07  ,6.275074922378e-02  
  9.717553206294e-07  ,6.205647953688e-02  
  9.718553213909e-07  ,6.135280107893e-02  
  9.719553221523e-07  ,6.063990727215e-02  
  9.720553229138e-07  ,5.991799736059e-02  
  9.721553236752e-07  ,5.918726929948e-02  
  9.722553244367e-07  ,5.844792731742e-02  
  9.723553251981e-07  ,5.770017316880e-02  
  9.724553259596e-07  ,5.694421637421e-02  
  9.725553267210e-07  ,5.618026204549e-02  
  9.726553274825e-07  ,5.540852429815e-02  
  9.727553282439e-07  ,5.462921225722e-02  
  9.728553290054e-07  ,5.384254385218e-02  
  9.729553297668e-07  ,5.304873195419e-02  
  9.730553305283e-07  ,5.224799815491e-02  
  9.731553312897e-07  ,5.144055902444e-02  
  9.732553320512e-07  ,5.062663932760e-02  
  9.733553328126e-07  ,4.980645896729e-02  
  9.734553335741e-07  ,4.898024619537e-02  
  9.735553343355e-07  ,4.814822339274e-02  
  9.736553350970e-07  ,4.731062223067e-02  
  9.737553358584e-07  ,4.646766751503e-02  
  9.738553366199e-07  ,4.561959387116e-02  
  9.739553373813e-07  ,4.476662830507e-02  
  9.740553381428e-07  ,4.390900818554e-02  
  9.741553389042e-07  ,4.304696260862e-02  
  9.742553396657e-07  ,4.218073100713e-02  
  9.743553404271e-07  ,4.131054467893e-02  
  9.744553411886e-07  ,4.043664480401e-02  
  9.745553419500e-07  ,3.955926441186e-02  
  9.746553427115e-07  ,3.867864649632e-02  
  9.747553434729e-07  ,3.779502534871e-02  
  9.748553442344e-07  ,3.690864538155e-02  
  9.749553449958e-07  ,3.601974208845e-02  
  9.750553457573e-07  ,3.512856111442e-02  
  9.751553465187e-07  ,3.423533891465e-02  
  9.752553472802e-07  ,3.334032143617e-02  
  9.753553480416e-07  ,3.244374663356e-02  
  9.754553488031e-07  ,3.154586043153e-02  
  9.755553495645e-07  ,3.064690140595e-02  
  9.756553503260e-07  ,2.974711574309e-02  
  9.757553510874e-07  ,2.884674228643e-02  
  9.758553518489e-07  ,2.794602694414e-02  
  9.759553526103e-07  ,2.704520891705e-02  
  9.760553533718e-07  ,2.614453323110e-02  
  9.761553541332e-07  ,2.524423942986e-02  
  9.762553548947e-07  ,2.434457154587e-02  
  9.763553556561e-07  ,2.344576854633e-02  
  9.764553564176e-07  ,2.254807394504e-02  
  9.765553571790e-07  ,2.165172536850e-02  
  9.766553579405e-07  ,2.075696584276e-02  
  9.767553587019e-07  ,1.986403127650e-02  
  9.768553594634e-07  ,1.897316380152e-02  
  9.769553602248e-07  ,1.808459771020e-02  
  9.770553609863e-07  ,1.719857356022e-02  
  9.771553617477e-07  ,1.631532414524e-02  
  9.772553625092e-07  ,1.543508808436e-02  
  9.773553632706e-07  ,1.455809597112e-02  
  9.774553640321e-07  ,1.368458491437e-02  
  9.775553647935e-07  ,1.281478281893e-02  
  9.776553655550e-07  ,1.194892461232e-02  
  9.777553663164e-07  ,1.108723599627e-02  
  9.778553670779e-07  ,1.022994902758e-02  
  9.779553678393e-07  ,9.377286687062e-03  
  9.780553686008e-07  ,8.529478459657e-03  
  9.781553693622e-07  ,7.686744232082e-03  
  9.782553701237e-07  ,6.849310333256e-03  
  9.783553708851e-07  ,6.017393746290e-03  
  9.784553716466e-07  ,5.191217304037e-03  
  9.785553724080e-07  ,4.370994486602e-03  
  9.786553731694e-07  ,3.556944836558e-03  
  9.787553739309e-07  ,2.749277916236e-03  
  9.788553746923e-07  ,1.948209758899e-03  
  9.789553754538e-07  ,1.153945819080e-03  
  9.790553762152e-07  ,3.666983319440e-04  
  9.791553769767e-07  ,-4.133316207386e-04  
  9.792553777381e-07  ,-1.185935653429e-03  
  9.793553784996e-07  ,-1.950917418937e-03  
  9.794553792610e-07  ,-2.708072586186e-03  
  9.795553800225e-07  ,-3.457209568960e-03  
  9.796553807839e-07  ,-4.198128676887e-03  
  9.797553815454e-07  ,-4.930642933626e-03  
  9.798553823068e-07  ,-5.654557735642e-03  
  9.799553830683e-07  ,-6.369690887433e-03  
  9.800553838297e-07  ,-7.075852742569e-03  
  9.801553845912e-07  ,-7.772866452768e-03  
  9.802553853526e-07  ,-8.460547658719e-03  
  9.803553861141e-07  ,-9.138724605745e-03  
  9.804553868755e-07  ,-9.807218555728e-03  
  9.805553876370e-07  ,-1.046586317593e-02  
  9.806553883984e-07  ,-1.111448565898e-02  
  9.807553891599e-07  ,-1.175292475610e-02  
  9.808553899213e-07  ,-1.238101409900e-02  
  9.809553906828e-07  ,-1.299859793450e-02  
  9.810553914442e-07  ,-1.360551596656e-02  
  9.811553922057e-07  ,-1.420161855113e-02  
  9.812553929671e-07  ,-1.478675138852e-02  
  9.813553937286e-07  ,-1.536077115341e-02  
  9.814553944900e-07  ,-1.592352973649e-02  
  9.815553952515e-07  ,-1.647489037823e-02  
  9.816553960129e-07  ,-1.701471095717e-02  
  9.817553967744e-07  ,-1.754286169941e-02  
  9.818553975358e-07  ,-1.805920690880e-02  
  9.819553982973e-07  ,-1.856362323600e-02  
  9.820553990587e-07  ,-1.905598184681e-02  
  9.821553998202e-07  ,-1.953616633688e-02  
  9.822554005816e-07  ,-2.000405433484e-02  
  9.823554013431e-07  ,-2.045953668411e-02  
  9.824554021045e-07  ,-2.090249766845e-02  
  9.825554028660e-07  ,-2.133283535584e-02  
  9.826554036274e-07  ,-2.175044110872e-02  
  9.827554043889e-07  ,-2.215521973172e-02  
  9.828554051503e-07  ,-2.254707032808e-02  
  9.829554059118e-07  ,-2.292590441246e-02  
  9.830554066732e-07  ,-2.329162867834e-02  
  9.831554074347e-07  ,-2.364416168466e-02  
  9.832554081961e-07  ,-2.398341769683e-02  
  9.833554089576e-07  ,-2.430932252815e-02  
  9.834554097190e-07  ,-2.462179791210e-02  
  9.835554104805e-07  ,-2.492077718646e-02  
  9.836554112419e-07  ,-2.520618939875e-02  
  9.837554120034e-07  ,-2.547797555807e-02  
  9.838554127648e-07  ,-2.573607213470e-02  
  9.839554135263e-07  ,-2.598042799132e-02  
  9.840554142877e-07  ,-2.621098695829e-02  
  9.841554150492e-07  ,-2.642770555399e-02  
  9.842554158106e-07  ,-2.663053533504e-02  
  9.843554165721e-07  ,-2.681944053686e-02  
  9.844554173335e-07  ,-2.699438023992e-02  
  9.845554180950e-07  ,-2.715532662646e-02  
  9.846554188564e-07  ,-2.730224273666e-02  
  9.847554196179e-07  ,-2.743511513891e-02  
  9.848554203793e-07  ,-2.755391751725e-02  
  9.849554211408e-07  ,-2.765863254265e-02  
  9.850554219022e-07  ,-2.774924776368e-02  
  9.851554226637e-07  ,-2.782575298475e-02  
  9.852554234251e-07  ,-2.788814376125e-02  
  9.853554241866e-07  ,-2.793641774604e-02  
  9.854554249480e-07  ,-2.797057787760e-02  
  9.855554257095e-07  ,-2.799062986892e-02  
  9.856554264709e-07  ,-2.799658427603e-02  
  9.857554272324e-07  ,-2.798845463598e-02  
  9.858554279938e-07  ,-2.796625879962e-02  
  9.859554287553e-07  ,-2.793001873577e-02  
  9.860554295167e-07  ,-2.787975933014e-02  
  9.861554302782e-07  ,-2.781551046297e-02  
  9.862554310396e-07  ,-2.773730474559e-02  
  9.863554318011e-07  ,-2.764517940218e-02  
  9.864554325625e-07  ,-2.753917486677e-02  
  9.865554333240e-07  ,-2.741933589342e-02  
  9.866554340854e-07  ,-2.728571033713e-02  
  9.867554348468e-07  ,-2.713835051884e-02  
  9.868554356083e-07  ,-2.697731198257e-02  
  9.869554363697e-07  ,-2.680265389194e-02  
  9.870554371312e-07  ,-2.661444000364e-02  
  9.871554378926e-07  ,-2.641273600833e-02  
  9.872554386541e-07  ,-2.619761351038e-02  
  9.873554394155e-07  ,-2.596914549644e-02  
  9.874554401770e-07  ,-2.572741056053e-02  
  9.875554409384e-07  ,-2.547248868532e-02  
  9.876554416999e-07  ,-2.520446619294e-02  
  9.877554424613e-07  ,-2.492342969488e-02  
  9.878554432228e-07  ,-2.462947258784e-02  
  9.879554439842e-07  ,-2.432268873144e-02  
  9.880554447457e-07  ,-2.400317784165e-02  
  9.881554455071e-07  ,-2.367104148762e-02  
  9.882554462686e-07  ,-2.332638532108e-02  
  9.883554470300e-07  ,-2.296931839721e-02  
  9.884554477915e-07  ,-2.259995237020e-02  
  9.885554485529e-07  ,-2.221840338582e-02  
  9.886554493144e-07  ,-2.182478952617e-02  
  9.887554500758e-07  ,-2.141923316033e-02  
  9.888554508373e-07  ,-2.100185899762e-02  
  9.889554515987e-07  ,-2.057279583105e-02  
  9.890554523602e-07  ,-2.013217446266e-02  
  9.891554531216e-07  ,-1.968012953283e-02  
  9.892554538831e-07  ,-1.921679864278e-02  
  9.893554546445e-07  ,-1.874232211519e-02  
  9.894554554060e-07  ,-1.825684312740e-02  
  9.895554561674e-07  ,-1.776050846276e-02  
  9.896554569289e-07  ,-1.725346665947e-02  
  9.897554576903e-07  ,-1.673587025187e-02  
  9.898554584518e-07  ,-1.620787376928e-02  
  9.899554592132e-07  ,-1.566963463674e-02  
  9.900554599747e-07  ,-1.512131304242e-02  
  9.901554607361e-07  ,-1.456307187185e-02  
  9.902554614976e-07  ,-1.399507664235e-02  
  9.903554622590e-07  ,-1.341749502461e-02  
  9.904554630205e-07  ,-1.283049765031e-02  
  9.905554637819e-07  ,-1.223425750734e-02  
  9.906554645434e-07  ,-1.162894962418e-02  
  9.907554653048e-07  ,-1.101475199908e-02  
  9.908554660663e-07  ,-1.039184425083e-02  
  9.909554668277e-07  ,-9.760408954884e-03  
  9.910554675892e-07  ,-9.120629935181e-03  
  9.911554683506e-07  ,-8.472694519977e-03  
  9.912554691121e-07  ,-7.816790654604e-03  
  9.913554698735e-07  ,-7.153109328360e-03  
  9.914554706350e-07  ,-6.481843318017e-03  
  9.915554713964e-07  ,-5.803186848335e-03  
  9.916554721579e-07  ,-5.117336774861e-03  
  9.917554729193e-07  ,-4.424491059432e-03  
  9.918554736808e-07  ,-3.724849991374e-03  
  9.919554744422e-07  ,-3.018615128603e-03  
  9.920554752037e-07  ,-2.305990187784e-03  
  9.921554759651e-07  ,-1.587179743321e-03  
  9.922554767266e-07  ,-8.623908022335e-04  
  9.923554774880e-07  ,-1.318308584087e-04  
  9.924554782495e-07  ,6.042899925534e-04  
  9.925554790109e-07  ,1.345761698423e-03  
  9.926554797724e-07  ,2.092371464497e-03  
  9.927554805338e-07  ,2.843906497575e-03  
  9.928554812953e-07  ,3.600151718319e-03  
  9.929554820567e-07  ,4.360892074471e-03  
  9.930554828182e-07  ,5.125910254005e-03  
  9.931554835796e-07  ,5.894989021227e-03  
  9.932554843411e-07  ,6.667909351806e-03  
  9.933554851025e-07  ,7.444451870295e-03  
  9.934554858640e-07  ,8.224396232547e-03  
  9.935554866254e-07  ,9.007521131593e-03  
  9.936554873869e-07  ,9.793604931251e-03  
  9.937554881483e-07  ,1.058242479107e-02  
  9.938554889098e-07  ,1.137375828539e-02  
  9.939554896712e-07  ,1.216738120302e-02  
  9.940554904327e-07  ,1.296307000144e-02  
  9.941554911941e-07  ,1.376059986648e-02  
  9.942554919556e-07  ,1.455974638401e-02  
  9.943554927170e-07  ,1.536028447264e-02  
  9.944554934785e-07  ,1.616198866332e-02  
  9.945554942399e-07  ,1.696463406418e-02  
  9.946554950014e-07  ,1.776799471970e-02  
  9.947554957628e-07  ,1.857184548945e-02  
  9.948554965242e-07  ,1.937596103396e-02  
  9.949554972857e-07  ,2.018011560164e-02  
  9.950554980471e-07  ,2.098408471124e-02  
  9.951554988086e-07  ,2.178764262302e-02  
  9.952554995700e-07  ,2.259056541834e-02  
  9.953555003315e-07  ,2.339262854340e-02  
  9.954555010929e-07  ,2.419360790962e-02  
  9.955555018544e-07  ,2.499328062939e-02  
  9.956555026158e-07  ,2.579142311098e-02  
  9.957555033773e-07  ,2.658781399157e-02  
  9.958555041387e-07  ,2.738223069515e-02  
  9.959555049002e-07  ,2.817445324086e-02  
  9.960555056616e-07  ,2.896426064393e-02  
  9.961555064231e-07  ,2.975143451726e-02  
  9.962555071845e-07  ,3.053575528856e-02  
  9.963555079460e-07  ,3.131700698098e-02  
  9.964555087074e-07  ,3.209497161061e-02  
  9.965555094689e-07  ,3.286943538085e-02  
  9.966555102303e-07  ,3.364018243401e-02  
  9.967555109918e-07  ,3.440700151488e-02  
  9.968555117532e-07  ,3.516967890505e-02  
  9.969555125147e-07  ,3.592800597222e-02  
  9.970555132761e-07  ,3.668177191121e-02  
  9.971555140376e-07  ,3.743077063455e-02  
  9.972555147990e-07  ,3.817479406347e-02  
  9.973555155605e-07  ,3.891363960676e-02  
  9.974555163219e-07  ,3.964710170304e-02  
  9.975555170834e-07  ,4.037498156042e-02  
  9.976555178448e-07  ,4.109707646922e-02  
  9.977555186063e-07  ,4.181319128121e-02  
  9.978555193677e-07  ,4.252312685910e-02  
  9.979555201292e-07  ,4.322669163758e-02  
  9.980555208906e-07  ,4.392369020583e-02  
  9.981555216521e-07  ,4.461393497491e-02  
  9.982555224135e-07  ,4.529723420835e-02  
  9.983555231750e-07  ,4.597340475531e-02  
  9.984555239364e-07  ,4.664225884423e-02  
  9.985555246979e-07  ,4.730361749578e-02  
  9.986555254593e-07  ,4.795729750374e-02  
  9.987555262208e-07  ,4.860312402185e-02  
  9.988555269822e-07  ,4.924091876531e-02  
  9.989555277437e-07  ,4.987051133168e-02  
  9.990555285051e-07  ,5.049172795494e-02  
  9.991555292666e-07  ,5.110440366473e-02  
  9.992555300280e-07  ,5.170836884239e-02  
  9.993555307895e-07  ,5.230346399556e-02  
  9.994555315509e-07  ,5.288952475954e-02  
  9.995555323124e-07  ,5.346639614874e-02  
  9.996555330738e-07  ,5.403391964776e-02  
  9.997555338353e-07  ,5.459194525753e-02  
  9.998555345967e-07  ,5.514032012930e-02  
  9.999555353582e-07  ,5.567889971234e-02  
  1.000000000000e-06  ,5.591519406335e-02  
