  Time                 , (MAX(V(Z2:G,Le2:1))+20)@1, (MAX(V(Z2:G,Le2:1))+20)@2, (MAX(V(Z2:G,Le2:1))+20)@3, (MAX(V(Z2:G,Le2:1))+20)@4, (MAX(V(Z2:G,Le2:1))+20)@5, (MAX(V(Z2:G,Le2:1))+20)@6, (MAX(V(Z2:G,Le2:1))+20)@7, (MAX(V(Z2:G,Le2:1))+20)@8, (MAX(V(Z2:G,Le2:1))+20)@9, (MAX(V(Z2:G,Le2:1))+20)@10, (MAX(V(Z2:G,Le2:1))+20)@11, (MAX(V(Z2:G,Le2:1))+20)@12, (MAX(V(Z2:G,Le2:1))+20)@13, (MAX(V(Z2:G,Le2:1))+20)@14, (MAX(V(Z2:G,Le2:1))+20)@15, (MAX(V(Z2:G,Le2:1))+20)@16, (MAX(V(Z2:G,Le2:1))+20)@17, (MAX(V(Z2:G,Le2:1))+20)@18, (MAX(V(Z2:G,Le2:1))+20)@19
  0.000000000000e+00  ,2.344858133232e+00  ,2.646273483359e+00  ,2.844130018508e+00  ,2.983919353836e+00  ,3.089622665208e+00  ,3.171480493379e+00  ,3.235979480520e+00  ,3.288587158876e+00  ,3.332911992028e+00  ,3.370065272639e+00  ,3.402533180504e+00  ,3.430486069734e+00  ,3.456057182659e+00  ,3.477795154808e+00  ,3.497416653854e+00  ,3.515191688707e+00  ,3.531646677391e+00  ,3.546188153768e+00  ,3.559731973767e+00  
  1.000000000000e-11  ,2.344858133232e+00  ,2.646273483359e+00  ,2.844130018508e+00  ,2.983919353836e+00  ,3.089622665208e+00  ,3.171480493379e+00  ,3.235979480520e+00  ,3.288587158876e+00  ,3.332911992028e+00  ,3.370065272639e+00  ,3.402533180504e+00  ,3.430486069734e+00  ,3.456057182659e+00  ,3.477795154808e+00  ,3.497416653854e+00  ,3.515191688707e+00  ,3.531646677391e+00  ,3.546188153768e+00  ,3.559731973767e+00  
  1.010625171853e-11  ,2.344858133232e+00  ,2.646273483359e+00  ,2.844130018508e+00  ,2.983919353836e+00  ,3.089622665208e+00  ,3.171480493379e+00  ,3.235979480520e+00  ,3.288587158876e+00  ,3.332911992028e+00  ,3.370065272639e+00  ,3.402533180504e+00  ,3.430486069734e+00  ,3.456057182659e+00  ,3.477795154808e+00  ,3.497416653854e+00  ,3.515191688707e+00  ,3.531646677391e+00  ,3.546188153768e+00  ,3.559731973767e+00  
  1.010635547998e-11  ,2.344858133232e+00  ,2.646273483359e+00  ,2.844130018508e+00  ,2.983919353836e+00  ,3.089622665208e+00  ,3.171480493379e+00  ,3.235979480520e+00  ,3.288587158876e+00  ,3.332911992028e+00  ,3.370065272639e+00  ,3.402533180504e+00  ,3.430486069734e+00  ,3.456057182659e+00  ,3.477795154808e+00  ,3.497416653854e+00  ,3.515191688707e+00  ,3.531646677391e+00  ,3.546188153768e+00  ,3.559731973767e+00  
  1.010653426891e-11  ,2.344858133232e+00  ,2.646273483359e+00  ,2.844130018508e+00  ,2.983919353836e+00  ,3.089622665208e+00  ,3.171480493379e+00  ,3.235979480520e+00  ,3.288587158876e+00  ,3.332911992028e+00  ,3.370065272639e+00  ,3.402533180504e+00  ,3.430486069734e+00  ,3.456057182659e+00  ,3.477795154808e+00  ,3.497416653854e+00  ,3.515191688707e+00  ,3.531646677391e+00  ,3.546188153768e+00  ,3.559731973767e+00  
  1.010677690815e-11  ,2.344858133232e+00  ,2.646273483359e+00  ,2.844130018508e+00  ,2.983919353836e+00  ,3.089622665208e+00  ,3.171480493379e+00  ,3.235979480520e+00  ,3.288587158876e+00  ,3.332911992028e+00  ,3.370065272639e+00  ,3.402533180504e+00  ,3.430486069734e+00  ,3.456057182659e+00  ,3.477795154808e+00  ,3.497416653854e+00  ,3.515191688707e+00  ,3.531646677391e+00  ,3.546188153768e+00  ,3.559731973767e+00  
  1.010697514957e-11  ,2.344858133232e+00  ,2.646273483359e+00  ,2.844130018508e+00  ,2.983919353836e+00  ,3.089622665208e+00  ,3.171480493379e+00  ,3.235979480520e+00  ,3.288587158876e+00  ,3.332911992028e+00  ,3.370065272639e+00  ,3.402533180504e+00  ,3.430486069734e+00  ,3.456057182659e+00  ,3.477795154808e+00  ,3.497416653854e+00  ,3.515191688707e+00  ,3.531646677391e+00  ,3.546188153768e+00  ,3.559731973767e+00  
  1.010713301218e-11  ,2.344858133232e+00  ,2.646273483359e+00  ,2.844130018508e+00  ,2.983919353836e+00  ,3.089622665208e+00  ,3.171480493379e+00  ,3.235979480520e+00  ,3.288587158876e+00  ,3.332911992028e+00  ,3.370065272639e+00  ,3.402533180504e+00  ,3.430486069734e+00  ,3.456057182659e+00  ,3.477795154808e+00  ,3.497416653854e+00  ,3.515191688707e+00  ,3.531646677391e+00  ,3.546188153768e+00  ,3.559731973767e+00  
  1.010732136152e-11  ,2.344858133232e+00  ,2.646273483359e+00  ,2.844130018508e+00  ,2.983919353836e+00  ,3.089622665208e+00  ,3.171480493379e+00  ,3.235979480520e+00  ,3.288587158876e+00  ,3.332911992028e+00  ,3.370065272639e+00  ,3.402533180504e+00  ,3.430486069734e+00  ,3.456057182659e+00  ,3.477795154808e+00  ,3.497416653854e+00  ,3.515191688707e+00  ,3.531646677391e+00  ,3.546188153768e+00  ,3.559731973767e+00  
  1.010745569851e-11  ,2.344858133232e+00  ,2.646273483359e+00  ,2.844130018508e+00  ,2.983919353836e+00  ,3.089622665208e+00  ,3.171480493379e+00  ,3.235979480520e+00  ,3.288587158876e+00  ,3.332911992028e+00  ,3.370065272639e+00  ,3.402533180504e+00  ,3.430486069734e+00  ,3.456057182659e+00  ,3.477795154808e+00  ,3.497416653854e+00  ,3.515191688707e+00  ,3.531646677391e+00  ,3.546188153768e+00  ,3.559731973767e+00  
  1.010759027974e-11  ,2.344858133232e+00  ,2.646273483359e+00  ,2.844130018508e+00  ,2.983919353836e+00  ,3.089622665208e+00  ,3.171480493379e+00  ,3.235979480520e+00  ,3.288587158876e+00  ,3.332911992028e+00  ,3.370065272639e+00  ,3.402533180504e+00  ,3.430486069734e+00  ,3.456057182659e+00  ,3.477795154808e+00  ,3.497416653854e+00  ,3.515191688707e+00  ,3.531646677391e+00  ,3.546188153768e+00  ,3.559731973767e+00  
  1.010776314147e-11  ,2.344858133232e+00  ,2.646273483359e+00  ,2.844130018508e+00  ,2.983919353836e+00  ,3.089622665208e+00  ,3.171480493379e+00  ,3.235979480520e+00  ,3.288587158876e+00  ,3.332911992028e+00  ,3.370065272639e+00  ,3.402533180504e+00  ,3.430486069734e+00  ,3.456057182659e+00  ,3.477795154808e+00  ,3.497416653854e+00  ,3.515191688707e+00  ,3.531646677391e+00  ,3.546188153768e+00  ,3.559731973767e+00  
  1.010794339728e-11  ,2.344858133232e+00  ,2.646273483359e+00  ,2.844130018508e+00  ,2.983919353836e+00  ,3.089622665208e+00  ,3.171480493379e+00  ,3.235979480520e+00  ,3.288587158876e+00  ,3.332911992028e+00  ,3.370065272639e+00  ,3.402533180504e+00  ,3.430486069734e+00  ,3.456057182659e+00  ,3.477795154808e+00  ,3.497416653854e+00  ,3.515191688707e+00  ,3.531646677391e+00  ,3.546188153768e+00  ,3.559731973767e+00  
  1.010823365398e-11  ,2.344858133232e+00  ,2.646273483359e+00  ,2.844130018508e+00  ,2.983919353836e+00  ,3.089622665208e+00  ,3.171480493379e+00  ,3.235979480520e+00  ,3.288587158876e+00  ,3.332911992028e+00  ,3.370065272639e+00  ,3.402533180504e+00  ,3.430486069734e+00  ,3.456057182659e+00  ,3.477795154808e+00  ,3.497416653854e+00  ,3.515191688707e+00  ,3.531646677391e+00  ,3.546188153768e+00  ,3.559731973767e+00  
  1.010862045569e-11  ,2.344858133232e+00  ,2.646273483359e+00  ,2.844130018508e+00  ,2.983919353836e+00  ,3.089622665208e+00  ,3.171480493379e+00  ,3.235979480520e+00  ,3.288587158876e+00  ,3.332911992028e+00  ,3.370065272639e+00  ,3.402533180504e+00  ,3.430486069734e+00  ,3.456057182659e+00  ,3.477795154808e+00  ,3.497416653854e+00  ,3.515191688707e+00  ,3.531646677391e+00  ,3.546188153768e+00  ,3.559731973767e+00  
  1.010899264685e-11  ,2.344858133232e+00  ,2.646273483359e+00  ,2.844130018508e+00  ,2.983919353836e+00  ,3.089622665208e+00  ,3.171480493379e+00  ,3.235979480520e+00  ,3.288587158876e+00  ,3.332911992028e+00  ,3.370065272639e+00  ,3.402533180504e+00  ,3.430486069734e+00  ,3.456057182659e+00  ,3.477795154808e+00  ,3.497416653854e+00  ,3.515191688707e+00  ,3.531646677391e+00  ,3.546188153768e+00  ,3.559731973767e+00  
  1.010973702919e-11  ,2.344858133232e+00  ,2.646273483359e+00  ,2.844130018508e+00  ,2.983919353836e+00  ,3.089622665208e+00  ,3.171480493379e+00  ,3.235979480520e+00  ,3.288587158876e+00  ,3.332911992028e+00  ,3.370065272639e+00  ,3.402533180504e+00  ,3.430486069734e+00  ,3.456057182659e+00  ,3.477795154808e+00  ,3.497416653854e+00  ,3.515191688707e+00  ,3.531646677391e+00  ,3.546188153768e+00  ,3.559731973767e+00  
  1.011080639600e-11  ,2.344858133232e+00  ,2.646273483359e+00  ,2.844130018508e+00  ,2.983919353836e+00  ,3.089622665208e+00  ,3.171480493379e+00  ,3.235979480520e+00  ,3.288587158876e+00  ,3.332911992028e+00  ,3.370065272639e+00  ,3.402533180504e+00  ,3.430486069734e+00  ,3.456057182659e+00  ,3.477795154808e+00  ,3.497416653854e+00  ,3.515191688707e+00  ,3.531646677391e+00  ,3.546188153768e+00  ,3.559731973767e+00  
  1.011294512964e-11  ,2.344858133232e+00  ,2.646273483359e+00  ,2.844130018508e+00  ,2.983919353836e+00  ,3.089622665208e+00  ,3.171480493379e+00  ,3.235979480520e+00  ,3.288587158876e+00  ,3.332911992028e+00  ,3.370065272639e+00  ,3.402533180504e+00  ,3.430486069734e+00  ,3.456057182659e+00  ,3.477795154808e+00  ,3.497416653854e+00  ,3.515191688707e+00  ,3.531646677391e+00  ,3.546188153768e+00  ,3.559731973767e+00  
  1.011722259691e-11  ,2.344858133232e+00  ,2.646273483359e+00  ,2.844130018508e+00  ,2.983919353836e+00  ,3.089622665208e+00  ,3.171480493379e+00  ,3.235979480520e+00  ,3.288587158876e+00  ,3.332911992028e+00  ,3.370065272639e+00  ,3.402533180504e+00  ,3.430486069734e+00  ,3.456057182659e+00  ,3.477795154808e+00  ,3.497416653854e+00  ,3.515191688707e+00  ,3.531646677391e+00  ,3.546188153768e+00  ,3.559731973767e+00  
  1.012577753145e-11  ,2.344858133232e+00  ,2.646273483359e+00  ,2.844130018508e+00  ,2.983919353836e+00  ,3.089622665208e+00  ,3.171480493379e+00  ,3.235979480520e+00  ,3.288587158876e+00  ,3.332911992028e+00  ,3.370065272639e+00  ,3.402533180504e+00  ,3.430486069734e+00  ,3.456057182659e+00  ,3.477795154808e+00  ,3.497416653854e+00  ,3.515191688707e+00  ,3.531646677391e+00  ,3.546188153768e+00  ,3.559731973767e+00  
  1.014157715972e-11  ,2.344858133232e+00  ,2.646273483359e+00  ,2.844130018508e+00  ,2.983919353836e+00  ,3.089622665208e+00  ,3.171480493379e+00  ,3.235979480520e+00  ,3.288587158876e+00  ,3.332911992028e+00  ,3.370065272639e+00  ,3.402533180504e+00  ,3.430486069734e+00  ,3.456057182659e+00  ,3.477795154808e+00  ,3.497416653854e+00  ,3.515191688707e+00  ,3.531646677391e+00  ,3.546188153768e+00  ,3.559731973767e+00  
  1.017317641626e-11  ,2.344858133232e+00  ,2.646273483359e+00  ,2.844130018508e+00  ,2.983919353836e+00  ,3.089622665208e+00  ,3.171480493379e+00  ,3.235979480520e+00  ,3.288587158876e+00  ,3.332911992028e+00  ,3.370065272639e+00  ,3.402533180504e+00  ,3.430486069734e+00  ,3.456057182659e+00  ,3.477795154808e+00  ,3.497416653854e+00  ,3.515191688707e+00  ,3.531646677391e+00  ,3.546188153768e+00  ,3.559731973767e+00  
  1.023637492935e-11  ,2.344858133232e+00  ,2.646273483359e+00  ,2.844130018508e+00  ,2.983919353836e+00  ,3.089622665208e+00  ,3.171480493379e+00  ,3.235979480520e+00  ,3.288587158876e+00  ,3.332911992028e+00  ,3.370065272639e+00  ,3.402533180504e+00  ,3.430486069734e+00  ,3.456057182659e+00  ,3.477795154808e+00  ,3.497416653854e+00  ,3.515191688707e+00  ,3.531646677391e+00  ,3.546188153768e+00  ,3.559731973767e+00  
  1.036277195553e-11  ,2.344858133232e+00  ,2.646273483359e+00  ,2.844130018508e+00  ,2.983919353836e+00  ,3.089622665208e+00  ,3.171480493379e+00  ,3.235979480520e+00  ,3.288587158876e+00  ,3.332911992028e+00  ,3.370065272639e+00  ,3.402533180504e+00  ,3.430486069734e+00  ,3.456057182659e+00  ,3.477795154808e+00  ,3.497416653854e+00  ,3.515191688707e+00  ,3.531646677391e+00  ,3.546188153768e+00  ,3.559731973767e+00  
  1.061556600789e-11  ,2.344858133232e+00  ,2.646273483359e+00  ,2.844130018508e+00  ,2.983919353836e+00  ,3.089622665208e+00  ,3.171480493379e+00  ,3.235979480520e+00  ,3.288587158876e+00  ,3.332911992028e+00  ,3.370065272639e+00  ,3.402533180504e+00  ,3.430486069734e+00  ,3.456057182659e+00  ,3.477795154808e+00  ,3.497416653854e+00  ,3.515191688707e+00  ,3.531646677391e+00  ,3.546188153768e+00  ,3.559731973767e+00  
  1.112115411260e-11  ,2.344858133232e+00  ,2.646273483359e+00  ,2.844130018508e+00  ,2.983919353836e+00  ,3.089622665208e+00  ,3.171480493379e+00  ,3.235979480520e+00  ,3.288587158876e+00  ,3.332911992028e+00  ,3.370065272639e+00  ,3.402533180504e+00  ,3.430486069734e+00  ,3.456057182659e+00  ,3.477795154808e+00  ,3.497416653854e+00  ,3.515191688707e+00  ,3.531646677391e+00  ,3.546188153768e+00  ,3.559731973767e+00  
  1.213233032204e-11  ,2.344858133232e+00  ,2.646273483359e+00  ,2.844130018508e+00  ,2.983919353836e+00  ,3.089622665208e+00  ,3.171480493379e+00  ,3.235979480520e+00  ,3.288587158876e+00  ,3.332911992028e+00  ,3.370065272639e+00  ,3.402533180504e+00  ,3.430486069734e+00  ,3.456057182659e+00  ,3.477795154808e+00  ,3.497416653854e+00  ,3.515191688707e+00  ,3.531646677391e+00  ,3.546188153768e+00  ,3.559731973767e+00  
  1.383235781859e-11  ,2.344858133232e+00  ,2.646273483359e+00  ,2.844130018508e+00  ,2.983919353836e+00  ,3.089622665208e+00  ,3.171480493379e+00  ,3.235979480520e+00  ,3.288587158876e+00  ,3.332911992028e+00  ,3.370065272639e+00  ,3.402533180504e+00  ,3.430486069734e+00  ,3.456057182659e+00  ,3.477795154808e+00  ,3.497416653854e+00  ,3.515191688707e+00  ,3.531646677391e+00  ,3.546188153768e+00  ,3.559731973767e+00  
  1.585471023745e-11  ,2.344858133232e+00  ,2.646273483359e+00  ,2.844130018508e+00  ,2.983919353836e+00  ,3.089622665208e+00  ,3.171480493379e+00  ,3.235979480520e+00  ,3.288587158876e+00  ,3.332911992028e+00  ,3.370065272639e+00  ,3.402533180504e+00  ,3.430486069734e+00  ,3.456057182659e+00  ,3.477795154808e+00  ,3.497416653854e+00  ,3.515191688707e+00  ,3.531646677391e+00  ,3.546188153768e+00  ,3.559731973767e+00  
  1.925476523056e-11  ,2.344858133232e+00  ,2.646273483359e+00  ,2.844130018508e+00  ,2.983919353836e+00  ,3.089622665208e+00  ,3.171480493379e+00  ,3.235979480520e+00  ,3.288587158876e+00  ,3.332911992028e+00  ,3.370065272639e+00  ,3.402533180504e+00  ,3.430486069734e+00  ,3.456057182659e+00  ,3.477795154808e+00  ,3.497416653854e+00  ,3.515191688707e+00  ,3.531646677391e+00  ,3.546188153768e+00  ,3.559731973767e+00  
  2.605487521678e-11  ,2.344858133232e+00  ,2.646273483359e+00  ,2.844130018508e+00  ,2.983919353836e+00  ,3.089622665208e+00  ,3.171480493379e+00  ,3.235979480520e+00  ,3.288587158876e+00  ,3.332911992028e+00  ,3.370065272639e+00  ,3.402533180504e+00  ,3.430486069734e+00  ,3.456057182659e+00  ,3.477795154808e+00  ,3.497416653854e+00  ,3.515191688707e+00  ,3.531646677391e+00  ,3.546188153768e+00  ,3.559731973767e+00  
  3.414428489222e-11  ,2.344858133232e+00  ,2.646273483359e+00  ,2.844130018508e+00  ,2.983919353836e+00  ,3.089622665208e+00  ,3.171480493379e+00  ,3.235979480520e+00  ,3.288587158876e+00  ,3.332911992028e+00  ,3.370065272639e+00  ,3.402533180504e+00  ,3.430486069734e+00  ,3.456057182659e+00  ,3.477795154808e+00  ,3.497416653854e+00  ,3.515191688707e+00  ,3.531646677391e+00  ,3.546188153768e+00  ,3.559731973767e+00  
  4.774450486466e-11  ,2.344858133232e+00  ,2.646273483359e+00  ,2.844130018508e+00  ,2.983919353836e+00  ,3.089622665208e+00  ,3.171480493379e+00  ,3.235979480520e+00  ,3.288587158876e+00  ,3.332911992028e+00  ,3.370065272639e+00  ,3.402533180504e+00  ,3.430486069734e+00  ,3.456057182659e+00  ,3.477795154808e+00  ,3.497416653854e+00  ,3.515191688707e+00  ,3.531646677391e+00  ,3.546188153768e+00  ,3.559731973767e+00  
  7.494494480952e-11  ,2.344858133232e+00  ,2.646273483359e+00  ,2.844130018508e+00  ,2.983919353836e+00  ,3.089622665208e+00  ,3.171480493379e+00  ,3.235979480520e+00  ,3.288587158876e+00  ,3.332911992028e+00  ,3.370065272639e+00  ,3.402533180504e+00  ,3.430486069734e+00  ,3.456057182659e+00  ,3.477795154808e+00  ,3.497416653854e+00  ,3.515191688707e+00  ,3.531646677391e+00  ,3.546188153768e+00  ,3.559731973767e+00  
  1.293458246992e-10  ,2.344858133232e+00  ,2.646273483359e+00  ,2.844130018508e+00  ,2.983919353836e+00  ,3.089622665208e+00  ,3.171480493379e+00  ,3.235979480520e+00  ,3.288587158876e+00  ,3.332911992028e+00  ,3.370065272639e+00  ,3.402533180504e+00  ,3.430486069734e+00  ,3.456057182659e+00  ,3.477795154808e+00  ,3.497416653854e+00  ,3.515191688707e+00  ,3.531646677391e+00  ,3.546188153768e+00  ,3.559731973767e+00  
  1.940611021028e-10  ,2.344858133232e+00  ,2.646273483359e+00  ,2.844130018508e+00  ,2.983919353836e+00  ,3.089622665208e+00  ,3.171480493379e+00  ,3.235979480520e+00  ,3.288587158876e+00  ,3.332911992028e+00  ,3.370065272639e+00  ,3.402533180504e+00  ,3.430486069734e+00  ,3.456057182659e+00  ,3.477795154808e+00  ,3.497416653854e+00  ,3.515191688707e+00  ,3.531646677391e+00  ,3.546188153768e+00  ,3.559731973767e+00  
  3.028628618823e-10  ,2.344858133232e+00  ,2.646273483359e+00  ,2.844130018508e+00  ,2.983919353836e+00  ,3.089622665208e+00  ,3.171480493379e+00  ,3.235979480520e+00  ,3.288587158876e+00  ,3.332911992028e+00  ,3.370065272639e+00  ,3.402533180504e+00  ,3.430486069734e+00  ,3.456057182659e+00  ,3.477795154808e+00  ,3.497416653854e+00  ,3.515191688707e+00  ,3.531646677391e+00  ,3.546188153768e+00  ,3.559731973767e+00  
  4.409547166334e-10  ,2.344858133232e+00  ,2.646273483359e+00  ,2.844130018508e+00  ,2.983919353836e+00  ,3.089622665208e+00  ,3.171480493379e+00  ,3.235979480520e+00  ,3.288587158876e+00  ,3.332911992028e+00  ,3.370065272639e+00  ,3.402533180504e+00  ,3.430486069734e+00  ,3.456057182659e+00  ,3.477795154808e+00  ,3.497416653854e+00  ,3.515191688707e+00  ,3.531646677391e+00  ,3.546188153768e+00  ,3.559731973767e+00  
  6.396989540563e-10  ,2.344858133232e+00  ,2.646273483359e+00  ,2.844130018508e+00  ,2.983919353836e+00  ,3.089622665208e+00  ,3.171480493379e+00  ,3.235979480520e+00  ,3.288587158876e+00  ,3.332911992028e+00  ,3.370065272639e+00  ,3.402533180504e+00  ,3.430486069734e+00  ,3.456057182659e+00  ,3.477795154808e+00  ,3.497416653854e+00  ,3.515191688707e+00  ,3.531646677391e+00  ,3.546188153768e+00  ,3.559731973767e+00  
  1.024381743501e-09  ,2.344858133232e+00  ,2.646273483359e+00  ,2.844130018508e+00  ,2.983919353836e+00  ,3.089622665208e+00  ,3.171480493379e+00  ,3.235979480520e+00  ,3.288587158876e+00  ,3.332911992028e+00  ,3.370065272639e+00  ,3.402533180504e+00  ,3.430486069734e+00  ,3.456057182659e+00  ,3.477795154808e+00  ,3.497416653854e+00  ,3.515191688707e+00  ,3.531646677391e+00  ,3.546188153768e+00  ,3.559731973767e+00  
  1.542103962730e-09  ,2.344858133232e+00  ,2.646273483359e+00  ,2.844130018508e+00  ,2.983919353836e+00  ,3.089622665208e+00  ,3.171480493379e+00  ,3.235979480520e+00  ,3.288587158876e+00  ,3.332911992028e+00  ,3.370065272639e+00  ,3.402533180504e+00  ,3.430486069734e+00  ,3.456057182659e+00  ,3.477795154808e+00  ,3.497416653854e+00  ,3.515191688707e+00  ,3.531646677391e+00  ,3.546188153768e+00  ,3.559731973767e+00  
  2.114774213861e-09  ,2.344858133232e+00  ,2.646273483359e+00  ,2.844130018508e+00  ,2.983919353836e+00  ,3.089622665208e+00  ,3.171480493379e+00  ,3.235979480520e+00  ,3.288587158876e+00  ,3.332911992028e+00  ,3.370065272639e+00  ,3.402533180504e+00  ,3.430486069734e+00  ,3.456057182659e+00  ,3.477795154808e+00  ,3.497416653854e+00  ,3.515191688707e+00  ,3.531646677391e+00  ,3.546188153768e+00  ,3.559731973767e+00  
  2.904815153907e-09  ,2.344858133232e+00  ,2.646273483359e+00  ,2.844130018508e+00  ,2.983919353836e+00  ,3.089622665208e+00  ,3.171480493379e+00  ,3.235979480520e+00  ,3.288587158876e+00  ,3.332911992028e+00  ,3.370065272639e+00  ,3.402533180504e+00  ,3.430486069734e+00  ,3.456057182659e+00  ,3.477795154808e+00  ,3.497416653854e+00  ,3.515191688707e+00  ,3.531646677391e+00  ,3.546188153768e+00  ,3.559731973767e+00  
  3.904869334529e-09  ,2.344858133232e+00  ,2.646273483359e+00  ,2.844130018508e+00  ,2.983919353836e+00  ,3.089622665208e+00  ,3.171480493379e+00  ,3.235979480520e+00  ,3.288587158876e+00  ,3.332911992028e+00  ,3.370065272639e+00  ,3.402533180504e+00  ,3.430486069734e+00  ,3.456057182659e+00  ,3.477795154808e+00  ,3.497416653854e+00  ,3.515191688707e+00  ,3.531646677391e+00  ,3.546188153768e+00  ,3.559731973767e+00  
  4.904923515152e-09  ,2.344858133232e+00  ,2.646273483359e+00  ,2.844130018508e+00  ,2.983919353836e+00  ,3.089622665208e+00  ,3.171480493379e+00  ,3.235979480520e+00  ,3.288587158876e+00  ,3.332911992028e+00  ,3.370065272639e+00  ,3.402533180504e+00  ,3.430486069734e+00  ,3.456057182659e+00  ,3.477795154808e+00  ,3.497416653854e+00  ,3.515191688707e+00  ,3.531646677391e+00  ,3.546188153768e+00  ,3.559731973767e+00  
  5.904977695774e-09  ,2.344858133232e+00  ,2.646273483359e+00  ,2.844130018508e+00  ,2.983919353836e+00  ,3.089622665208e+00  ,3.171480493379e+00  ,3.235979480520e+00  ,3.288587158876e+00  ,3.332911992028e+00  ,3.370065272639e+00  ,3.402533180504e+00  ,3.430486069734e+00  ,3.456057182659e+00  ,3.477795154808e+00  ,3.497416653854e+00  ,3.515191688707e+00  ,3.531646677391e+00  ,3.546188153768e+00  ,3.559731973767e+00  
  6.905031876396e-09  ,2.344858133232e+00  ,2.646273483359e+00  ,2.844130018508e+00  ,2.983919353836e+00  ,3.089622665208e+00  ,3.171480493379e+00  ,3.235979480520e+00  ,3.288587158876e+00  ,3.332911992028e+00  ,3.370065272639e+00  ,3.402533180504e+00  ,3.430486069734e+00  ,3.456057182659e+00  ,3.477795154808e+00  ,3.497416653854e+00  ,3.515191688707e+00  ,3.531646677391e+00  ,3.546188153768e+00  ,3.559731973767e+00  
  7.905086057018e-09  ,2.344858133232e+00  ,2.646273483359e+00  ,2.844130018508e+00  ,2.983919353836e+00  ,3.089622665208e+00  ,3.171480493379e+00  ,3.235979480520e+00  ,3.288587158876e+00  ,3.332911992028e+00  ,3.370065272639e+00  ,3.402533180504e+00  ,3.430486069734e+00  ,3.456057182659e+00  ,3.477795154808e+00  ,3.497416653854e+00  ,3.515191688707e+00  ,3.531646677391e+00  ,3.546188153768e+00  ,3.559731973767e+00  
  8.905140237640e-09  ,2.344858133232e+00  ,2.646273483359e+00  ,2.844130018508e+00  ,2.983919353836e+00  ,3.089622665208e+00  ,3.171480493379e+00  ,3.235979480520e+00  ,3.288587158876e+00  ,3.332911992028e+00  ,3.370065272639e+00  ,3.402533180504e+00  ,3.430486069734e+00  ,3.456057182659e+00  ,3.477795154808e+00  ,3.497416653854e+00  ,3.515191688707e+00  ,3.531646677391e+00  ,3.546188153768e+00  ,3.559731973767e+00  
  9.905194418262e-09  ,2.344858133232e+00  ,2.646273483359e+00  ,2.844130018508e+00  ,2.983919353836e+00  ,3.089622665208e+00  ,3.171480493379e+00  ,3.235979480520e+00  ,3.288587158876e+00  ,3.332911992028e+00  ,3.370065272639e+00  ,3.402533180504e+00  ,3.430486069734e+00  ,3.456057182659e+00  ,3.477795154808e+00  ,3.497416653854e+00  ,3.515191688707e+00  ,3.531646677391e+00  ,3.546188153768e+00  ,3.559731973767e+00  
  1.090524859888e-08  ,2.344858133232e+00  ,2.646273483359e+00  ,2.844130018508e+00  ,2.983919353836e+00  ,3.089622665208e+00  ,3.171480493379e+00  ,3.235979480520e+00  ,3.288587158876e+00  ,3.332911992028e+00  ,3.370065272639e+00  ,3.402533180504e+00  ,3.430486069734e+00  ,3.456057182659e+00  ,3.477795154808e+00  ,3.497416653854e+00  ,3.515191688707e+00  ,3.531646677391e+00  ,3.546188153768e+00  ,3.559731973767e+00  
  1.190530277951e-08  ,2.344858133232e+00  ,2.646273483359e+00  ,2.844130018508e+00  ,2.983919353836e+00  ,3.089622665208e+00  ,3.171480493379e+00  ,3.235979480520e+00  ,3.288587158876e+00  ,3.332911992028e+00  ,3.370065272639e+00  ,3.402533180504e+00  ,3.430486069734e+00  ,3.456057182659e+00  ,3.477795154808e+00  ,3.497416653854e+00  ,3.515191688707e+00  ,3.531646677391e+00  ,3.546188153768e+00  ,3.559731973767e+00  
  1.290535696013e-08  ,2.344858133232e+00  ,2.646273483359e+00  ,2.844130018508e+00  ,2.983919353836e+00  ,3.089622665208e+00  ,3.171480493379e+00  ,3.235979480520e+00  ,3.288587158876e+00  ,3.332911992028e+00  ,3.370065272639e+00  ,3.402533180504e+00  ,3.430486069734e+00  ,3.456057182659e+00  ,3.477795154808e+00  ,3.497416653854e+00  ,3.515191688707e+00  ,3.531646677391e+00  ,3.546188153768e+00  ,3.559731973767e+00  
  1.390541114075e-08  ,2.344858133232e+00  ,2.646273483359e+00  ,2.844130018508e+00  ,2.983919353836e+00  ,3.089622665208e+00  ,3.171480493379e+00  ,3.235979480520e+00  ,3.288587158876e+00  ,3.332911992028e+00  ,3.370065272639e+00  ,3.402533180504e+00  ,3.430486069734e+00  ,3.456057182659e+00  ,3.477795154808e+00  ,3.497416653854e+00  ,3.515191688707e+00  ,3.531646677391e+00  ,3.546188153768e+00  ,3.559731973767e+00  
  1.490546532137e-08  ,2.344858133232e+00  ,2.646273483359e+00  ,2.844130018508e+00  ,2.983919353836e+00  ,3.089622665208e+00  ,3.171480493379e+00  ,3.235979480520e+00  ,3.288587158876e+00  ,3.332911992028e+00  ,3.370065272639e+00  ,3.402533180504e+00  ,3.430486069734e+00  ,3.456057182659e+00  ,3.477795154808e+00  ,3.497416653854e+00  ,3.515191688707e+00  ,3.531646677391e+00  ,3.546188153768e+00  ,3.559731973767e+00  
  1.590551950199e-08  ,2.344858133232e+00  ,2.646273483359e+00  ,2.844130018508e+00  ,2.983919353836e+00  ,3.089622665208e+00  ,3.171480493379e+00  ,3.235979480520e+00  ,3.288587158876e+00  ,3.332911992028e+00  ,3.370065272639e+00  ,3.402533180504e+00  ,3.430486069734e+00  ,3.456057182659e+00  ,3.477795154808e+00  ,3.497416653854e+00  ,3.515191688707e+00  ,3.531646677391e+00  ,3.546188153768e+00  ,3.559731973767e+00  
  1.690557368262e-08  ,2.344858133232e+00  ,2.646273483359e+00  ,2.844130018508e+00  ,2.983919353836e+00  ,3.089622665208e+00  ,3.171480493379e+00  ,3.235979480520e+00  ,3.288587158876e+00  ,3.332911992028e+00  ,3.370065272639e+00  ,3.402533180504e+00  ,3.430486069734e+00  ,3.456057182659e+00  ,3.477795154808e+00  ,3.497416653854e+00  ,3.515191688707e+00  ,3.531646677391e+00  ,3.546188153768e+00  ,3.559731973767e+00  
  1.790562786324e-08  ,2.344858133232e+00  ,2.646273483359e+00  ,2.844130018508e+00  ,2.983919353836e+00  ,3.089622665208e+00  ,3.171480493379e+00  ,3.235979480520e+00  ,3.288587158876e+00  ,3.332911992028e+00  ,3.370065272639e+00  ,3.402533180504e+00  ,3.430486069734e+00  ,3.456057182659e+00  ,3.477795154808e+00  ,3.497416653854e+00  ,3.515191688707e+00  ,3.531646677391e+00  ,3.546188153768e+00  ,3.559731973767e+00  
  1.890568204386e-08  ,2.344858133232e+00  ,2.646273483359e+00  ,2.844130018508e+00  ,2.983919353836e+00  ,3.089622665208e+00  ,3.171480493379e+00  ,3.235979480520e+00  ,3.288587158876e+00  ,3.332911992028e+00  ,3.370065272639e+00  ,3.402533180504e+00  ,3.430486069734e+00  ,3.456057182659e+00  ,3.477795154808e+00  ,3.497416653854e+00  ,3.515191688707e+00  ,3.531646677391e+00  ,3.546188153768e+00  ,3.559731973767e+00  
  1.990573622448e-08  ,2.344858133232e+00  ,2.646273483359e+00  ,2.844130018508e+00  ,2.983919353836e+00  ,3.089622665208e+00  ,3.171480493379e+00  ,3.235979480520e+00  ,3.288587158876e+00  ,3.332911992028e+00  ,3.370065272639e+00  ,3.402533180504e+00  ,3.430486069734e+00  ,3.456057182659e+00  ,3.477795154808e+00  ,3.497416653854e+00  ,3.515191688707e+00  ,3.531646677391e+00  ,3.546188153768e+00  ,3.559731973767e+00  
  2.090579040511e-08  ,2.344858133232e+00  ,2.646273483359e+00  ,2.844130018508e+00  ,2.983919353836e+00  ,3.089622665208e+00  ,3.171480493379e+00  ,3.235979480520e+00  ,3.288587158876e+00  ,3.332911992028e+00  ,3.370065272639e+00  ,3.402533180504e+00  ,3.430486069734e+00  ,3.456057182659e+00  ,3.477795154808e+00  ,3.497416653854e+00  ,3.515191688707e+00  ,3.531646677391e+00  ,3.546188153768e+00  ,3.559731973767e+00  
  2.190584458573e-08  ,2.344858133232e+00  ,2.646273483359e+00  ,2.844130018508e+00  ,2.983919353836e+00  ,3.089622665208e+00  ,3.171480493379e+00  ,3.235979480520e+00  ,3.288587158876e+00  ,3.332911992028e+00  ,3.370065272639e+00  ,3.402533180504e+00  ,3.430486069734e+00  ,3.456057182659e+00  ,3.477795154808e+00  ,3.497416653854e+00  ,3.515191688707e+00  ,3.531646677391e+00  ,3.546188153768e+00  ,3.559731973767e+00  
  2.290589876635e-08  ,2.344858133232e+00  ,2.646273483359e+00  ,2.844130018508e+00  ,2.983919353836e+00  ,3.089622665208e+00  ,3.171480493379e+00  ,3.235979480520e+00  ,3.288587158876e+00  ,3.332911992028e+00  ,3.370065272639e+00  ,3.402533180504e+00  ,3.430486069734e+00  ,3.456057182659e+00  ,3.477795154808e+00  ,3.497416653854e+00  ,3.515191688707e+00  ,3.531646677391e+00  ,3.546188153768e+00  ,3.559731973767e+00  
  2.390595294697e-08  ,2.344858133232e+00  ,2.646273483359e+00  ,2.844130018508e+00  ,2.983919353836e+00  ,3.089622665208e+00  ,3.171480493379e+00  ,3.235979480520e+00  ,3.288587158876e+00  ,3.332911992028e+00  ,3.370065272639e+00  ,3.402533180504e+00  ,3.430486069734e+00  ,3.456057182659e+00  ,3.477795154808e+00  ,3.497416653854e+00  ,3.515191688707e+00  ,3.531646677391e+00  ,3.546188153768e+00  ,3.559731973767e+00  
  2.490600712759e-08  ,2.344858133232e+00  ,2.646273483359e+00  ,2.844130018508e+00  ,2.983919353836e+00  ,3.089622665208e+00  ,3.171480493379e+00  ,3.235979480520e+00  ,3.288587158876e+00  ,3.332911992028e+00  ,3.370065272639e+00  ,3.402533180504e+00  ,3.430486069734e+00  ,3.456057182659e+00  ,3.477795154808e+00  ,3.497416653854e+00  ,3.515191688707e+00  ,3.531646677391e+00  ,3.546188153768e+00  ,3.559731973767e+00  
  2.590606130822e-08  ,2.344858133232e+00  ,2.646273483359e+00  ,2.844130018508e+00  ,2.983919353836e+00  ,3.089622665208e+00  ,3.171480493379e+00  ,3.235979480520e+00  ,3.288587158876e+00  ,3.332911992028e+00  ,3.370065272639e+00  ,3.402533180504e+00  ,3.430486069734e+00  ,3.456057182659e+00  ,3.477795154808e+00  ,3.497416653854e+00  ,3.515191688707e+00  ,3.531646677391e+00  ,3.546188153768e+00  ,3.559731973767e+00  
  2.690611548884e-08  ,2.344858133232e+00  ,2.646273483359e+00  ,2.844130018508e+00  ,2.983919353836e+00  ,3.089622665208e+00  ,3.171480493379e+00  ,3.235979480520e+00  ,3.288587158876e+00  ,3.332911992028e+00  ,3.370065272639e+00  ,3.402533180504e+00  ,3.430486069734e+00  ,3.456057182659e+00  ,3.477795154808e+00  ,3.497416653854e+00  ,3.515191688707e+00  ,3.531646677391e+00  ,3.546188153768e+00  ,3.559731973767e+00  
  2.790616966946e-08  ,2.344858133232e+00  ,2.646273483359e+00  ,2.844130018508e+00  ,2.983919353836e+00  ,3.089622665208e+00  ,3.171480493379e+00  ,3.235979480520e+00  ,3.288587158876e+00  ,3.332911992028e+00  ,3.370065272639e+00  ,3.402533180504e+00  ,3.430486069734e+00  ,3.456057182659e+00  ,3.477795154808e+00  ,3.497416653854e+00  ,3.515191688707e+00  ,3.531646677391e+00  ,3.546188153768e+00  ,3.559731973767e+00  
  2.890622385008e-08  ,2.344858133232e+00  ,2.646273483359e+00  ,2.844130018508e+00  ,2.983919353836e+00  ,3.089622665208e+00  ,3.171480493379e+00  ,3.235979480520e+00  ,3.288587158876e+00  ,3.332911992028e+00  ,3.370065272639e+00  ,3.402533180504e+00  ,3.430486069734e+00  ,3.456057182659e+00  ,3.477795154808e+00  ,3.497416653854e+00  ,3.515191688707e+00  ,3.531646677391e+00  ,3.546188153768e+00  ,3.559731973767e+00  
  2.990627803070e-08  ,2.344858133232e+00  ,2.646273483359e+00  ,2.844130018508e+00  ,2.983919353836e+00  ,3.089622665208e+00  ,3.171480493379e+00  ,3.235979480520e+00  ,3.288587158876e+00  ,3.332911992028e+00  ,3.370065272639e+00  ,3.402533180504e+00  ,3.430486069734e+00  ,3.456057182659e+00  ,3.477795154808e+00  ,3.497416653854e+00  ,3.515191688707e+00  ,3.531646677391e+00  ,3.546188153768e+00  ,3.559731973767e+00  
  3.090633221133e-08  ,2.344858133232e+00  ,2.646273483359e+00  ,2.844130018508e+00  ,2.983919353836e+00  ,3.089622665208e+00  ,3.171480493379e+00  ,3.235979480520e+00  ,3.288587158876e+00  ,3.332911992028e+00  ,3.370065272639e+00  ,3.402533180504e+00  ,3.430486069734e+00  ,3.456057182659e+00  ,3.477795154808e+00  ,3.497416653854e+00  ,3.515191688707e+00  ,3.531646677391e+00  ,3.546188153768e+00  ,3.559731973767e+00  
  3.190638639195e-08  ,2.344858133232e+00  ,2.646273483359e+00  ,2.844130018508e+00  ,2.983919353836e+00  ,3.089622665208e+00  ,3.171480493379e+00  ,3.235979480520e+00  ,3.288587158876e+00  ,3.332911992028e+00  ,3.370065272639e+00  ,3.402533180504e+00  ,3.430486069734e+00  ,3.456057182659e+00  ,3.477795154808e+00  ,3.497416653854e+00  ,3.515191688707e+00  ,3.531646677391e+00  ,3.546188153768e+00  ,3.559731973767e+00  
  3.290644057257e-08  ,2.344858133232e+00  ,2.646273483359e+00  ,2.844130018508e+00  ,2.983919353836e+00  ,3.089622665208e+00  ,3.171480493379e+00  ,3.235979480520e+00  ,3.288587158876e+00  ,3.332911992028e+00  ,3.370065272639e+00  ,3.402533180504e+00  ,3.430486069734e+00  ,3.456057182659e+00  ,3.477795154808e+00  ,3.497416653854e+00  ,3.515191688707e+00  ,3.531646677391e+00  ,3.546188153768e+00  ,3.559731973767e+00  
  3.390649475319e-08  ,2.344858133232e+00  ,2.646273483359e+00  ,2.844130018508e+00  ,2.983919353836e+00  ,3.089622665208e+00  ,3.171480493379e+00  ,3.235979480520e+00  ,3.288587158876e+00  ,3.332911992028e+00  ,3.370065272639e+00  ,3.402533180504e+00  ,3.430486069734e+00  ,3.456057182659e+00  ,3.477795154808e+00  ,3.497416653854e+00  ,3.515191688707e+00  ,3.531646677391e+00  ,3.546188153768e+00  ,3.559731973767e+00  
  3.490654893381e-08  ,2.344858133232e+00  ,2.646273483359e+00  ,2.844130018508e+00  ,2.983919353836e+00  ,3.089622665208e+00  ,3.171480493379e+00  ,3.235979480520e+00  ,3.288587158876e+00  ,3.332911992028e+00  ,3.370065272639e+00  ,3.402533180504e+00  ,3.430486069734e+00  ,3.456057182659e+00  ,3.477795154808e+00  ,3.497416653854e+00  ,3.515191688707e+00  ,3.531646677391e+00  ,3.546188153768e+00  ,3.559731973767e+00  
  3.590660311444e-08  ,2.344858133232e+00  ,2.646273483359e+00  ,2.844130018508e+00  ,2.983919353836e+00  ,3.089622665208e+00  ,3.171480493379e+00  ,3.235979480520e+00  ,3.288587158876e+00  ,3.332911992028e+00  ,3.370065272639e+00  ,3.402533180504e+00  ,3.430486069734e+00  ,3.456057182659e+00  ,3.477795154808e+00  ,3.497416653854e+00  ,3.515191688707e+00  ,3.531646677391e+00  ,3.546188153768e+00  ,3.559731973767e+00  
  3.690665729506e-08  ,2.344858133232e+00  ,2.646273483359e+00  ,2.844130018508e+00  ,2.983919353836e+00  ,3.089622665208e+00  ,3.171480493379e+00  ,3.235979480520e+00  ,3.288587158876e+00  ,3.332911992028e+00  ,3.370065272639e+00  ,3.402533180504e+00  ,3.430486069734e+00  ,3.456057182659e+00  ,3.477795154808e+00  ,3.497416653854e+00  ,3.515191688707e+00  ,3.531646677391e+00  ,3.546188153768e+00  ,3.559731973767e+00  
  3.790671147568e-08  ,2.344858133232e+00  ,2.646273483359e+00  ,2.844130018508e+00  ,2.983919353836e+00  ,3.089622665208e+00  ,3.171480493379e+00  ,3.235979480520e+00  ,3.288587158876e+00  ,3.332911992028e+00  ,3.370065272639e+00  ,3.402533180504e+00  ,3.430486069734e+00  ,3.456057182659e+00  ,3.477795154808e+00  ,3.497416653854e+00  ,3.515191688707e+00  ,3.531646677391e+00  ,3.546188153768e+00  ,3.559731973767e+00  
  3.890676565630e-08  ,2.344858133232e+00  ,2.646273483359e+00  ,2.844130018508e+00  ,2.983919353836e+00  ,3.089622665208e+00  ,3.171480493379e+00  ,3.235979480520e+00  ,3.288587158876e+00  ,3.332911992028e+00  ,3.370065272639e+00  ,3.402533180504e+00  ,3.430486069734e+00  ,3.456057182659e+00  ,3.477795154808e+00  ,3.497416653854e+00  ,3.515191688707e+00  ,3.531646677391e+00  ,3.546188153768e+00  ,3.559731973767e+00  
  3.990681983693e-08  ,2.344858133232e+00  ,2.646273483359e+00  ,2.844130018508e+00  ,2.983919353836e+00  ,3.089622665208e+00  ,3.171480493379e+00  ,3.235979480520e+00  ,3.288587158876e+00  ,3.332911992028e+00  ,3.370065272639e+00  ,3.402533180504e+00  ,3.430486069734e+00  ,3.456057182659e+00  ,3.477795154808e+00  ,3.497416653854e+00  ,3.515191688707e+00  ,3.531646677391e+00  ,3.546188153768e+00  ,3.559731973767e+00  
  4.090687401755e-08  ,2.344858133232e+00  ,2.646273483359e+00  ,2.844130018508e+00  ,2.983919353836e+00  ,3.089622665208e+00  ,3.171480493379e+00  ,3.235979480520e+00  ,3.288587158876e+00  ,3.332911992028e+00  ,3.370065272639e+00  ,3.402533180504e+00  ,3.430486069734e+00  ,3.456057182659e+00  ,3.477795154808e+00  ,3.497416653854e+00  ,3.515191688707e+00  ,3.531646677391e+00  ,3.546188153768e+00  ,3.559731973767e+00  
  4.190692819817e-08  ,2.344858133232e+00  ,2.646273483359e+00  ,2.844130018508e+00  ,2.983919353836e+00  ,3.089622665208e+00  ,3.171480493379e+00  ,3.235979480520e+00  ,3.288587158876e+00  ,3.332911992028e+00  ,3.370065272639e+00  ,3.402533180504e+00  ,3.430486069734e+00  ,3.456057182659e+00  ,3.477795154808e+00  ,3.497416653854e+00  ,3.515191688707e+00  ,3.531646677391e+00  ,3.546188153768e+00  ,3.559731973767e+00  
  4.290698237879e-08  ,2.344858133232e+00  ,2.646273483359e+00  ,2.844130018508e+00  ,2.983919353836e+00  ,3.089622665208e+00  ,3.171480493379e+00  ,3.235979480520e+00  ,3.288587158876e+00  ,3.332911992028e+00  ,3.370065272639e+00  ,3.402533180504e+00  ,3.430486069734e+00  ,3.456057182659e+00  ,3.477795154808e+00  ,3.497416653854e+00  ,3.515191688707e+00  ,3.531646677391e+00  ,3.546188153768e+00  ,3.559731973767e+00  
  4.390703655941e-08  ,2.344858133232e+00  ,2.646273483359e+00  ,2.844130018508e+00  ,2.983919353836e+00  ,3.089622665208e+00  ,3.171480493379e+00  ,3.235979480520e+00  ,3.288587158876e+00  ,3.332911992028e+00  ,3.370065272639e+00  ,3.402533180504e+00  ,3.430486069734e+00  ,3.456057182659e+00  ,3.477795154808e+00  ,3.497416653854e+00  ,3.515191688707e+00  ,3.531646677391e+00  ,3.546188153768e+00  ,3.559731973767e+00  
  4.490709074004e-08  ,2.344858133232e+00  ,2.646273483359e+00  ,2.844130018508e+00  ,2.983919353836e+00  ,3.089622665208e+00  ,3.171480493379e+00  ,3.235979480520e+00  ,3.288587158876e+00  ,3.332911992028e+00  ,3.370065272639e+00  ,3.402533180504e+00  ,3.430486069734e+00  ,3.456057182659e+00  ,3.477795154808e+00  ,3.497416653854e+00  ,3.515191688707e+00  ,3.531646677391e+00  ,3.546188153768e+00  ,3.559731973767e+00  
  4.590714492066e-08  ,2.344858133232e+00  ,2.646273483359e+00  ,2.844130018508e+00  ,2.983919353836e+00  ,3.089622665208e+00  ,3.171480493379e+00  ,3.235979480520e+00  ,3.288587158876e+00  ,3.332911992028e+00  ,3.370065272639e+00  ,3.402533180504e+00  ,3.430486069734e+00  ,3.456057182659e+00  ,3.477795154808e+00  ,3.497416653854e+00  ,3.515191688707e+00  ,3.531646677391e+00  ,3.546188153768e+00  ,3.559731973767e+00  
  4.690719910128e-08  ,2.344858133232e+00  ,2.646273483359e+00  ,2.844130018508e+00  ,2.983919353836e+00  ,3.089622665208e+00  ,3.171480493379e+00  ,3.235979480520e+00  ,3.288587158876e+00  ,3.332911992028e+00  ,3.370065272639e+00  ,3.402533180504e+00  ,3.430486069734e+00  ,3.456057182659e+00  ,3.477795154808e+00  ,3.497416653854e+00  ,3.515191688707e+00  ,3.531646677391e+00  ,3.546188153768e+00  ,3.559731973767e+00  
  4.790725328190e-08  ,2.344858133232e+00  ,2.646273483359e+00  ,2.844130018508e+00  ,2.983919353836e+00  ,3.089622665208e+00  ,3.171480493379e+00  ,3.235979480520e+00  ,3.288587158876e+00  ,3.332911992028e+00  ,3.370065272639e+00  ,3.402533180504e+00  ,3.430486069734e+00  ,3.456057182659e+00  ,3.477795154808e+00  ,3.497416653854e+00  ,3.515191688707e+00  ,3.531646677391e+00  ,3.546188153768e+00  ,3.559731973767e+00  
  4.890730746252e-08  ,2.344858133232e+00  ,2.646273483359e+00  ,2.844130018508e+00  ,2.983919353836e+00  ,3.089622665208e+00  ,3.171480493379e+00  ,3.235979480520e+00  ,3.288587158876e+00  ,3.332911992028e+00  ,3.370065272639e+00  ,3.402533180504e+00  ,3.430486069734e+00  ,3.456057182659e+00  ,3.477795154808e+00  ,3.497416653854e+00  ,3.515191688707e+00  ,3.531646677391e+00  ,3.546188153768e+00  ,3.559731973767e+00  
  4.990736164315e-08  ,2.344858133232e+00  ,2.646273483359e+00  ,2.844130018508e+00  ,2.983919353836e+00  ,3.089622665208e+00  ,3.171480493379e+00  ,3.235979480520e+00  ,3.288587158876e+00  ,3.332911992028e+00  ,3.370065272639e+00  ,3.402533180504e+00  ,3.430486069734e+00  ,3.456057182659e+00  ,3.477795154808e+00  ,3.497416653854e+00  ,3.515191688707e+00  ,3.531646677391e+00  ,3.546188153768e+00  ,3.559731973767e+00  
  5.090741582377e-08  ,2.344858133232e+00  ,2.646273483359e+00  ,2.844130018508e+00  ,2.983919353836e+00  ,3.089622665208e+00  ,3.171480493379e+00  ,3.235979480520e+00  ,3.288587158876e+00  ,3.332911992028e+00  ,3.370065272639e+00  ,3.402533180504e+00  ,3.430486069734e+00  ,3.456057182659e+00  ,3.477795154808e+00  ,3.497416653854e+00  ,3.515191688707e+00  ,3.531646677391e+00  ,3.546188153768e+00  ,3.559731973767e+00  
  5.190747000439e-08  ,2.344858133232e+00  ,2.646273483359e+00  ,2.844130018508e+00  ,2.983919353836e+00  ,3.089622665208e+00  ,3.171480493379e+00  ,3.235979480520e+00  ,3.288587158876e+00  ,3.332911992028e+00  ,3.370065272639e+00  ,3.402533180504e+00  ,3.430486069734e+00  ,3.456057182659e+00  ,3.477795154808e+00  ,3.497416653854e+00  ,3.515191688707e+00  ,3.531646677391e+00  ,3.546188153768e+00  ,3.559731973767e+00  
  5.290752418501e-08  ,2.344858133232e+00  ,2.646273483359e+00  ,2.844130018508e+00  ,2.983919353836e+00  ,3.089622665208e+00  ,3.171480493379e+00  ,3.235979480520e+00  ,3.288587158876e+00  ,3.332911992028e+00  ,3.370065272639e+00  ,3.402533180504e+00  ,3.430486069734e+00  ,3.456057182659e+00  ,3.477795154808e+00  ,3.497416653854e+00  ,3.515191688707e+00  ,3.531646677391e+00  ,3.546188153768e+00  ,3.559731973767e+00  
  5.390757836563e-08  ,2.344858133232e+00  ,2.646273483359e+00  ,2.844130018508e+00  ,2.983919353836e+00  ,3.089622665208e+00  ,3.171480493379e+00  ,3.235979480520e+00  ,3.288587158876e+00  ,3.332911992028e+00  ,3.370065272639e+00  ,3.402533180504e+00  ,3.430486069734e+00  ,3.456057182659e+00  ,3.477795154808e+00  ,3.497416653854e+00  ,3.515191688707e+00  ,3.531646677391e+00  ,3.546188153768e+00  ,3.559731973767e+00  
  5.490763254626e-08  ,2.344858133232e+00  ,2.646273483359e+00  ,2.844130018508e+00  ,2.983919353836e+00  ,3.089622665208e+00  ,3.171480493379e+00  ,3.235979480520e+00  ,3.288587158876e+00  ,3.332911992028e+00  ,3.370065272639e+00  ,3.402533180504e+00  ,3.430486069734e+00  ,3.456057182659e+00  ,3.477795154808e+00  ,3.497416653854e+00  ,3.515191688707e+00  ,3.531646677391e+00  ,3.546188153768e+00  ,3.559731973767e+00  
  5.590768672688e-08  ,2.344858133232e+00  ,2.646273483359e+00  ,2.844130018508e+00  ,2.983919353836e+00  ,3.089622665208e+00  ,3.171480493379e+00  ,3.235979480520e+00  ,3.288587158876e+00  ,3.332911992028e+00  ,3.370065272639e+00  ,3.402533180504e+00  ,3.430486069734e+00  ,3.456057182659e+00  ,3.477795154808e+00  ,3.497416653854e+00  ,3.515191688707e+00  ,3.531646677391e+00  ,3.546188153768e+00  ,3.559731973767e+00  
  5.690774090750e-08  ,2.344858133232e+00  ,2.646273483359e+00  ,2.844130018508e+00  ,2.983919353836e+00  ,3.089622665208e+00  ,3.171480493379e+00  ,3.235979480520e+00  ,3.288587158876e+00  ,3.332911992028e+00  ,3.370065272639e+00  ,3.402533180504e+00  ,3.430486069734e+00  ,3.456057182659e+00  ,3.477795154808e+00  ,3.497416653854e+00  ,3.515191688707e+00  ,3.531646677391e+00  ,3.546188153768e+00  ,3.559731973767e+00  
  5.790779508812e-08  ,2.344858133232e+00  ,2.646273483359e+00  ,2.844130018508e+00  ,2.983919353836e+00  ,3.089622665208e+00  ,3.171480493379e+00  ,3.235979480520e+00  ,3.288587158876e+00  ,3.332911992028e+00  ,3.370065272639e+00  ,3.402533180504e+00  ,3.430486069734e+00  ,3.456057182659e+00  ,3.477795154808e+00  ,3.497416653854e+00  ,3.515191688707e+00  ,3.531646677391e+00  ,3.546188153768e+00  ,3.559731973767e+00  
  5.890784926874e-08  ,2.344858133232e+00  ,2.646273483359e+00  ,2.844130018508e+00  ,2.983919353836e+00  ,3.089622665208e+00  ,3.171480493379e+00  ,3.235979480520e+00  ,3.288587158876e+00  ,3.332911992028e+00  ,3.370065272639e+00  ,3.402533180504e+00  ,3.430486069734e+00  ,3.456057182659e+00  ,3.477795154808e+00  ,3.497416653854e+00  ,3.515191688707e+00  ,3.531646677391e+00  ,3.546188153768e+00  ,3.559731973767e+00  
  5.990790344937e-08  ,2.344858133232e+00  ,2.646273483359e+00  ,2.844130018508e+00  ,2.983919353836e+00  ,3.089622665208e+00  ,3.171480493379e+00  ,3.235979480520e+00  ,3.288587158876e+00  ,3.332911992028e+00  ,3.370065272639e+00  ,3.402533180504e+00  ,3.430486069734e+00  ,3.456057182659e+00  ,3.477795154808e+00  ,3.497416653854e+00  ,3.515191688707e+00  ,3.531646677391e+00  ,3.546188153768e+00  ,3.559731973767e+00  
  6.090795762999e-08  ,2.344858133232e+00  ,2.646273483359e+00  ,2.844130018508e+00  ,2.983919353836e+00  ,3.089622665208e+00  ,3.171480493379e+00  ,3.235979480520e+00  ,3.288587158876e+00  ,3.332911992028e+00  ,3.370065272639e+00  ,3.402533180504e+00  ,3.430486069734e+00  ,3.456057182659e+00  ,3.477795154808e+00  ,3.497416653854e+00  ,3.515191688707e+00  ,3.531646677391e+00  ,3.546188153768e+00  ,3.559731973767e+00  
  6.190801181061e-08  ,2.344858133232e+00  ,2.646273483359e+00  ,2.844130018508e+00  ,2.983919353836e+00  ,3.089622665208e+00  ,3.171480493379e+00  ,3.235979480520e+00  ,3.288587158876e+00  ,3.332911992028e+00  ,3.370065272639e+00  ,3.402533180504e+00  ,3.430486069734e+00  ,3.456057182659e+00  ,3.477795154808e+00  ,3.497416653854e+00  ,3.515191688707e+00  ,3.531646677391e+00  ,3.546188153768e+00  ,3.559731973767e+00  
  6.290806599123e-08  ,2.344858133232e+00  ,2.646273483359e+00  ,2.844130018508e+00  ,2.983919353836e+00  ,3.089622665208e+00  ,3.171480493379e+00  ,3.235979480520e+00  ,3.288587158876e+00  ,3.332911992028e+00  ,3.370065272639e+00  ,3.402533180504e+00  ,3.430486069734e+00  ,3.456057182659e+00  ,3.477795154808e+00  ,3.497416653854e+00  ,3.515191688707e+00  ,3.531646677391e+00  ,3.546188153768e+00  ,3.559731973767e+00  
  6.390812017186e-08  ,2.344858133232e+00  ,2.646273483359e+00  ,2.844130018508e+00  ,2.983919353836e+00  ,3.089622665208e+00  ,3.171480493379e+00  ,3.235979480520e+00  ,3.288587158876e+00  ,3.332911992028e+00  ,3.370065272639e+00  ,3.402533180504e+00  ,3.430486069734e+00  ,3.456057182659e+00  ,3.477795154808e+00  ,3.497416653854e+00  ,3.515191688707e+00  ,3.531646677391e+00  ,3.546188153768e+00  ,3.559731973767e+00  
  6.490817435248e-08  ,2.344858133232e+00  ,2.646273483359e+00  ,2.844130018508e+00  ,2.983919353836e+00  ,3.089622665208e+00  ,3.171480493379e+00  ,3.235979480520e+00  ,3.288587158876e+00  ,3.332911992028e+00  ,3.370065272639e+00  ,3.402533180504e+00  ,3.430486069734e+00  ,3.456057182659e+00  ,3.477795154808e+00  ,3.497416653854e+00  ,3.515191688707e+00  ,3.531646677391e+00  ,3.546188153768e+00  ,3.559731973767e+00  
  6.590822853310e-08  ,2.344858133232e+00  ,2.646273483359e+00  ,2.844130018508e+00  ,2.983919353836e+00  ,3.089622665208e+00  ,3.171480493379e+00  ,3.235979480520e+00  ,3.288587158876e+00  ,3.332911992028e+00  ,3.370065272639e+00  ,3.402533180504e+00  ,3.430486069734e+00  ,3.456057182659e+00  ,3.477795154808e+00  ,3.497416653854e+00  ,3.515191688707e+00  ,3.531646677391e+00  ,3.546188153768e+00  ,3.559731973767e+00  
  6.690828271372e-08  ,2.344858133232e+00  ,2.646273483359e+00  ,2.844130018508e+00  ,2.983919353836e+00  ,3.089622665208e+00  ,3.171480493379e+00  ,3.235979480520e+00  ,3.288587158876e+00  ,3.332911992028e+00  ,3.370065272639e+00  ,3.402533180504e+00  ,3.430486069734e+00  ,3.456057182659e+00  ,3.477795154808e+00  ,3.497416653854e+00  ,3.515191688707e+00  ,3.531646677391e+00  ,3.546188153768e+00  ,3.559731973767e+00  
  6.790833689434e-08  ,2.344858133232e+00  ,2.646273483359e+00  ,2.844130018508e+00  ,2.983919353836e+00  ,3.089622665208e+00  ,3.171480493379e+00  ,3.235979480520e+00  ,3.288587158876e+00  ,3.332911992028e+00  ,3.370065272639e+00  ,3.402533180504e+00  ,3.430486069734e+00  ,3.456057182659e+00  ,3.477795154808e+00  ,3.497416653854e+00  ,3.515191688707e+00  ,3.531646677391e+00  ,3.546188153768e+00  ,3.559731973767e+00  
  6.890839107497e-08  ,2.344858133232e+00  ,2.646273483359e+00  ,2.844130018508e+00  ,2.983919353836e+00  ,3.089622665208e+00  ,3.171480493379e+00  ,3.235979480520e+00  ,3.288587158876e+00  ,3.332911992028e+00  ,3.370065272639e+00  ,3.402533180504e+00  ,3.430486069734e+00  ,3.456057182659e+00  ,3.477795154808e+00  ,3.497416653854e+00  ,3.515191688707e+00  ,3.531646677391e+00  ,3.546188153768e+00  ,3.559731973767e+00  
  6.990844525559e-08  ,2.344858133232e+00  ,2.646273483359e+00  ,2.844130018508e+00  ,2.983919353836e+00  ,3.089622665208e+00  ,3.171480493379e+00  ,3.235979480520e+00  ,3.288587158876e+00  ,3.332911992028e+00  ,3.370065272639e+00  ,3.402533180504e+00  ,3.430486069734e+00  ,3.456057182659e+00  ,3.477795154808e+00  ,3.497416653854e+00  ,3.515191688707e+00  ,3.531646677391e+00  ,3.546188153768e+00  ,3.559731973767e+00  
  7.090849943621e-08  ,2.344858133232e+00  ,2.646273483359e+00  ,2.844130018508e+00  ,2.983919353836e+00  ,3.089622665208e+00  ,3.171480493379e+00  ,3.235979480520e+00  ,3.288587158876e+00  ,3.332911992028e+00  ,3.370065272639e+00  ,3.402533180504e+00  ,3.430486069734e+00  ,3.456057182659e+00  ,3.477795154808e+00  ,3.497416653854e+00  ,3.515191688707e+00  ,3.531646677391e+00  ,3.546188153768e+00  ,3.559731973767e+00  
  7.190855361683e-08  ,2.344858133232e+00  ,2.646273483359e+00  ,2.844130018508e+00  ,2.983919353836e+00  ,3.089622665208e+00  ,3.171480493379e+00  ,3.235979480520e+00  ,3.288587158876e+00  ,3.332911992028e+00  ,3.370065272639e+00  ,3.402533180504e+00  ,3.430486069734e+00  ,3.456057182659e+00  ,3.477795154808e+00  ,3.497416653854e+00  ,3.515191688707e+00  ,3.531646677391e+00  ,3.546188153768e+00  ,3.559731973767e+00  
  7.290860779745e-08  ,2.344858133232e+00  ,2.646273483359e+00  ,2.844130018508e+00  ,2.983919353836e+00  ,3.089622665208e+00  ,3.171480493379e+00  ,3.235979480520e+00  ,3.288587158876e+00  ,3.332911992028e+00  ,3.370065272639e+00  ,3.402533180504e+00  ,3.430486069734e+00  ,3.456057182659e+00  ,3.477795154808e+00  ,3.497416653854e+00  ,3.515191688707e+00  ,3.531646677391e+00  ,3.546188153768e+00  ,3.559731973767e+00  
  7.390866197808e-08  ,2.344858133232e+00  ,2.646273483359e+00  ,2.844130018508e+00  ,2.983919353836e+00  ,3.089622665208e+00  ,3.171480493379e+00  ,3.235979480520e+00  ,3.288587158876e+00  ,3.332911992028e+00  ,3.370065272639e+00  ,3.402533180504e+00  ,3.430486069734e+00  ,3.456057182659e+00  ,3.477795154808e+00  ,3.497416653854e+00  ,3.515191688707e+00  ,3.531646677391e+00  ,3.546188153768e+00  ,3.559731973767e+00  
  7.490871615870e-08  ,2.344858133232e+00  ,2.646273483359e+00  ,2.844130018508e+00  ,2.983919353836e+00  ,3.089622665208e+00  ,3.171480493379e+00  ,3.235979480520e+00  ,3.288587158876e+00  ,3.332911992028e+00  ,3.370065272639e+00  ,3.402533180504e+00  ,3.430486069734e+00  ,3.456057182659e+00  ,3.477795154808e+00  ,3.497416653854e+00  ,3.515191688707e+00  ,3.531646677391e+00  ,3.546188153768e+00  ,3.559731973767e+00  
  7.590877033932e-08  ,2.344858133232e+00  ,2.646273483359e+00  ,2.844130018508e+00  ,2.983919353836e+00  ,3.089622665208e+00  ,3.171480493379e+00  ,3.235979480520e+00  ,3.288587158876e+00  ,3.332911992028e+00  ,3.370065272639e+00  ,3.402533180504e+00  ,3.430486069734e+00  ,3.456057182659e+00  ,3.477795154808e+00  ,3.497416653854e+00  ,3.515191688707e+00  ,3.531646677391e+00  ,3.546188153768e+00  ,3.559731973767e+00  
  7.690882451994e-08  ,2.344858133232e+00  ,2.646273483359e+00  ,2.844130018508e+00  ,2.983919353836e+00  ,3.089622665208e+00  ,3.171480493379e+00  ,3.235979480520e+00  ,3.288587158876e+00  ,3.332911992028e+00  ,3.370065272639e+00  ,3.402533180504e+00  ,3.430486069734e+00  ,3.456057182659e+00  ,3.477795154808e+00  ,3.497416653854e+00  ,3.515191688707e+00  ,3.531646677391e+00  ,3.546188153768e+00  ,3.559731973767e+00  
  7.790887870056e-08  ,2.344858133232e+00  ,2.646273483359e+00  ,2.844130018508e+00  ,2.983919353836e+00  ,3.089622665208e+00  ,3.171480493379e+00  ,3.235979480520e+00  ,3.288587158876e+00  ,3.332911992028e+00  ,3.370065272639e+00  ,3.402533180504e+00  ,3.430486069734e+00  ,3.456057182659e+00  ,3.477795154808e+00  ,3.497416653854e+00  ,3.515191688707e+00  ,3.531646677391e+00  ,3.546188153768e+00  ,3.559731973767e+00  
  7.890893288119e-08  ,2.344858133232e+00  ,2.646273483359e+00  ,2.844130018508e+00  ,2.983919353836e+00  ,3.089622665208e+00  ,3.171480493379e+00  ,3.235979480520e+00  ,3.288587158876e+00  ,3.332911992028e+00  ,3.370065272639e+00  ,3.402533180504e+00  ,3.430486069734e+00  ,3.456057182659e+00  ,3.477795154808e+00  ,3.497416653854e+00  ,3.515191688707e+00  ,3.531646677391e+00  ,3.546188153768e+00  ,3.559731973767e+00  
  7.990898706181e-08  ,2.344858133232e+00  ,2.646273483359e+00  ,2.844130018508e+00  ,2.983919353836e+00  ,3.089622665208e+00  ,3.171480493379e+00  ,3.235979480520e+00  ,3.288587158876e+00  ,3.332911992028e+00  ,3.370065272639e+00  ,3.402533180504e+00  ,3.430486069734e+00  ,3.456057182659e+00  ,3.477795154808e+00  ,3.497416653854e+00  ,3.515191688707e+00  ,3.531646677391e+00  ,3.546188153768e+00  ,3.559731973767e+00  
  8.090904124243e-08  ,2.344858133232e+00  ,2.646273483359e+00  ,2.844130018508e+00  ,2.983919353836e+00  ,3.089622665208e+00  ,3.171480493379e+00  ,3.235979480520e+00  ,3.288587158876e+00  ,3.332911992028e+00  ,3.370065272639e+00  ,3.402533180504e+00  ,3.430486069734e+00  ,3.456057182659e+00  ,3.477795154808e+00  ,3.497416653854e+00  ,3.515191688707e+00  ,3.531646677391e+00  ,3.546188153768e+00  ,3.559731973767e+00  
  8.190909542305e-08  ,2.344858133232e+00  ,2.646273483359e+00  ,2.844130018508e+00  ,2.983919353836e+00  ,3.089622665208e+00  ,3.171480493379e+00  ,3.235979480520e+00  ,3.288587158876e+00  ,3.332911992028e+00  ,3.370065272639e+00  ,3.402533180504e+00  ,3.430486069734e+00  ,3.456057182659e+00  ,3.477795154808e+00  ,3.497416653854e+00  ,3.515191688707e+00  ,3.531646677391e+00  ,3.546188153768e+00  ,3.559731973767e+00  
  8.290914960368e-08  ,2.344858133232e+00  ,2.646273483359e+00  ,2.844130018508e+00  ,2.983919353836e+00  ,3.089622665208e+00  ,3.171480493379e+00  ,3.235979480520e+00  ,3.288587158876e+00  ,3.332911992028e+00  ,3.370065272639e+00  ,3.402533180504e+00  ,3.430486069734e+00  ,3.456057182659e+00  ,3.477795154808e+00  ,3.497416653854e+00  ,3.515191688707e+00  ,3.531646677391e+00  ,3.546188153768e+00  ,3.559731973767e+00  
  8.390920378430e-08  ,2.344858133232e+00  ,2.646273483359e+00  ,2.844130018508e+00  ,2.983919353836e+00  ,3.089622665208e+00  ,3.171480493379e+00  ,3.235979480520e+00  ,3.288587158876e+00  ,3.332911992028e+00  ,3.370065272639e+00  ,3.402533180504e+00  ,3.430486069734e+00  ,3.456057182659e+00  ,3.477795154808e+00  ,3.497416653854e+00  ,3.515191688707e+00  ,3.531646677391e+00  ,3.546188153768e+00  ,3.559731973767e+00  
  8.490925796492e-08  ,2.344858133232e+00  ,2.646273483359e+00  ,2.844130018508e+00  ,2.983919353836e+00  ,3.089622665208e+00  ,3.171480493379e+00  ,3.235979480520e+00  ,3.288587158876e+00  ,3.332911992028e+00  ,3.370065272639e+00  ,3.402533180504e+00  ,3.430486069734e+00  ,3.456057182659e+00  ,3.477795154808e+00  ,3.497416653854e+00  ,3.515191688707e+00  ,3.531646677391e+00  ,3.546188153768e+00  ,3.559731973767e+00  
  8.590931214554e-08  ,2.344858133232e+00  ,2.646273483359e+00  ,2.844130018508e+00  ,2.983919353836e+00  ,3.089622665208e+00  ,3.171480493379e+00  ,3.235979480520e+00  ,3.288587158876e+00  ,3.332911992028e+00  ,3.370065272639e+00  ,3.402533180504e+00  ,3.430486069734e+00  ,3.456057182659e+00  ,3.477795154808e+00  ,3.497416653854e+00  ,3.515191688707e+00  ,3.531646677391e+00  ,3.546188153768e+00  ,3.559731973767e+00  
  8.690936632616e-08  ,2.344858133232e+00  ,2.646273483359e+00  ,2.844130018508e+00  ,2.983919353836e+00  ,3.089622665208e+00  ,3.171480493379e+00  ,3.235979480520e+00  ,3.288587158876e+00  ,3.332911992028e+00  ,3.370065272639e+00  ,3.402533180504e+00  ,3.430486069734e+00  ,3.456057182659e+00  ,3.477795154808e+00  ,3.497416653854e+00  ,3.515191688707e+00  ,3.531646677391e+00  ,3.546188153768e+00  ,3.559731973767e+00  
  8.790942050679e-08  ,2.344858133232e+00  ,2.646273483359e+00  ,2.844130018508e+00  ,2.983919353836e+00  ,3.089622665208e+00  ,3.171480493379e+00  ,3.235979480520e+00  ,3.288587158876e+00  ,3.332911992028e+00  ,3.370065272639e+00  ,3.402533180504e+00  ,3.430486069734e+00  ,3.456057182659e+00  ,3.477795154808e+00  ,3.497416653854e+00  ,3.515191688707e+00  ,3.531646677391e+00  ,3.546188153768e+00  ,3.559731973767e+00  
  8.890947468741e-08  ,2.344858133232e+00  ,2.646273483359e+00  ,2.844130018508e+00  ,2.983919353836e+00  ,3.089622665208e+00  ,3.171480493379e+00  ,3.235979480520e+00  ,3.288587158876e+00  ,3.332911992028e+00  ,3.370065272639e+00  ,3.402533180504e+00  ,3.430486069734e+00  ,3.456057182659e+00  ,3.477795154808e+00  ,3.497416653854e+00  ,3.515191688707e+00  ,3.531646677391e+00  ,3.546188153768e+00  ,3.559731973767e+00  
  8.990952886803e-08  ,2.344858133232e+00  ,2.646273483359e+00  ,2.844130018508e+00  ,2.983919353836e+00  ,3.089622665208e+00  ,3.171480493379e+00  ,3.235979480520e+00  ,3.288587158876e+00  ,3.332911992028e+00  ,3.370065272639e+00  ,3.402533180504e+00  ,3.430486069734e+00  ,3.456057182659e+00  ,3.477795154808e+00  ,3.497416653854e+00  ,3.515191688707e+00  ,3.531646677391e+00  ,3.546188153768e+00  ,3.559731973767e+00  
  9.002156884898e-08  ,2.344858133232e+00  ,2.646273483359e+00  ,2.844130018508e+00  ,2.983919353836e+00  ,3.089622665208e+00  ,3.171480493379e+00  ,3.235979480520e+00  ,3.288587158876e+00  ,3.332911992028e+00  ,3.370065272639e+00  ,3.402533180504e+00  ,3.430486069734e+00  ,3.456057182659e+00  ,3.477795154808e+00  ,3.497416653854e+00  ,3.515191688707e+00  ,3.531646677391e+00  ,3.546188153768e+00  ,3.559731973767e+00  
  9.005265173991e-08  ,2.344858133232e+00  ,2.646273483359e+00  ,2.844130018508e+00  ,2.983919353836e+00  ,3.089622665208e+00  ,3.171480493379e+00  ,3.235979480520e+00  ,3.288587158876e+00  ,3.332911992028e+00  ,3.370065272639e+00  ,3.402533180504e+00  ,3.430486069734e+00  ,3.456057182659e+00  ,3.477795154808e+00  ,3.497416653854e+00  ,3.515191688707e+00  ,3.531646677391e+00  ,3.546188153768e+00  ,3.559731973767e+00  
  9.009578943741e-08  ,2.344858133232e+00  ,2.646273483359e+00  ,2.844130018508e+00  ,2.983919353836e+00  ,3.089622665208e+00  ,3.171480493379e+00  ,3.235979480520e+00  ,3.288587158876e+00  ,3.332911992028e+00  ,3.370065272639e+00  ,3.402533180504e+00  ,3.430486069734e+00  ,3.456057182659e+00  ,3.477795154808e+00  ,3.497416653854e+00  ,3.515191688707e+00  ,3.531646677391e+00  ,3.546188153768e+00  ,3.559731973767e+00  
  9.016251869989e-08  ,2.344858133232e+00  ,2.646273483359e+00  ,2.844130018508e+00  ,2.983919353836e+00  ,3.089622665208e+00  ,3.171480493379e+00  ,3.235979480520e+00  ,3.288587158876e+00  ,3.332911992028e+00  ,3.370065272639e+00  ,3.402533180504e+00  ,3.430486069734e+00  ,3.456057182659e+00  ,3.477795154808e+00  ,3.497416653854e+00  ,3.515191688707e+00  ,3.531646677391e+00  ,3.546188153768e+00  ,3.559731973767e+00  
  9.027318310481e-08  ,2.344858133232e+00  ,2.646273483359e+00  ,2.844130018508e+00  ,2.983919353836e+00  ,3.089622665208e+00  ,3.171480493379e+00  ,3.235979480520e+00  ,3.288587158876e+00  ,3.332911992028e+00  ,3.370065272639e+00  ,3.402533180504e+00  ,3.430486069734e+00  ,3.456057182659e+00  ,3.477795154808e+00  ,3.497416653854e+00  ,3.515191688707e+00  ,3.531646677391e+00  ,3.546188153768e+00  ,3.559731973767e+00  
  9.042999454332e-08  ,2.344858133232e+00  ,2.646273483359e+00  ,2.844130018508e+00  ,2.983919353836e+00  ,3.089622665208e+00  ,3.171480493379e+00  ,3.235979480520e+00  ,3.288587158876e+00  ,3.332911992028e+00  ,3.370065272639e+00  ,3.402533180504e+00  ,3.430486069734e+00  ,3.456057182659e+00  ,3.477795154808e+00  ,3.497416653854e+00  ,3.515191688707e+00  ,3.531646677391e+00  ,3.546188153768e+00  ,3.559731973767e+00  
  9.067865767074e-08  ,2.344858133232e+00  ,2.646273483359e+00  ,2.844130018508e+00  ,2.983919353836e+00  ,3.089622665208e+00  ,3.171480493379e+00  ,3.235979480520e+00  ,3.288587158876e+00  ,3.332911992028e+00  ,3.370065272639e+00  ,3.402533180504e+00  ,3.430486069734e+00  ,3.456057182659e+00  ,3.477795154808e+00  ,3.497416653854e+00  ,3.515191688707e+00  ,3.531646677391e+00  ,3.546188153768e+00  ,3.559731973767e+00  
  9.102729827655e-08  ,2.344858133232e+00  ,2.646273483359e+00  ,2.844130018508e+00  ,2.983919353836e+00  ,3.089622665208e+00  ,3.171480493379e+00  ,3.235979480520e+00  ,3.288587158876e+00  ,3.332911992028e+00  ,3.370065272639e+00  ,3.402533180504e+00  ,3.430486069734e+00  ,3.456057182659e+00  ,3.477795154808e+00  ,3.497416653854e+00  ,3.515191688707e+00  ,3.531646677391e+00  ,3.546188153768e+00  ,3.559731973767e+00  
  9.138473988068e-08  ,2.344858133232e+00  ,2.646273483359e+00  ,2.844130018508e+00  ,2.983919353836e+00  ,3.089622665208e+00  ,3.171480493379e+00  ,3.235979480520e+00  ,3.288587158876e+00  ,3.332911992028e+00  ,3.370065272639e+00  ,3.402533180504e+00  ,3.430486069734e+00  ,3.456057182659e+00  ,3.477795154808e+00  ,3.497416653854e+00  ,3.515191688707e+00  ,3.531646677391e+00  ,3.546188153768e+00  ,3.559731973767e+00  
  9.201636285079e-08  ,2.344858133232e+00  ,2.646273483359e+00  ,2.844130018508e+00  ,2.983919353836e+00  ,3.089622665208e+00  ,3.171480493379e+00  ,3.235979480520e+00  ,3.288587158876e+00  ,3.332911992028e+00  ,3.370065272639e+00  ,3.402533180504e+00  ,3.430486069734e+00  ,3.456057182659e+00  ,3.477795154808e+00  ,3.497416653854e+00  ,3.515191688707e+00  ,3.531646677391e+00  ,3.546188153768e+00  ,3.559731973767e+00  
  9.280509993923e-08  ,2.344858133232e+00  ,2.646273483359e+00  ,2.844130018508e+00  ,2.983919353836e+00  ,3.089622665208e+00  ,3.171480493379e+00  ,3.235979480520e+00  ,3.288587158876e+00  ,3.332911992028e+00  ,3.370065272639e+00  ,3.402533180504e+00  ,3.430486069734e+00  ,3.456057182659e+00  ,3.477795154808e+00  ,3.497416653854e+00  ,3.515191688707e+00  ,3.531646677391e+00  ,3.546188153768e+00  ,3.559731973767e+00  
  9.380515411985e-08  ,2.344858133232e+00  ,2.646273483359e+00  ,2.844130018508e+00  ,2.983919353836e+00  ,3.089622665208e+00  ,3.171480493379e+00  ,3.235979480520e+00  ,3.288587158876e+00  ,3.332911992028e+00  ,3.370065272639e+00  ,3.402533180504e+00  ,3.430486069734e+00  ,3.456057182659e+00  ,3.477795154808e+00  ,3.497416653854e+00  ,3.515191688707e+00  ,3.531646677391e+00  ,3.546188153768e+00  ,3.559731973767e+00  
  9.480520830047e-08  ,2.344858133232e+00  ,2.646273483359e+00  ,2.844130018508e+00  ,2.983919353836e+00  ,3.089622665208e+00  ,3.171480493379e+00  ,3.235979480520e+00  ,3.288587158876e+00  ,3.332911992028e+00  ,3.370065272639e+00  ,3.402533180504e+00  ,3.430486069734e+00  ,3.456057182659e+00  ,3.477795154808e+00  ,3.497416653854e+00  ,3.515191688707e+00  ,3.531646677391e+00  ,3.546188153768e+00  ,3.559731973767e+00  
  9.580526248110e-08  ,2.344858133232e+00  ,2.646273483359e+00  ,2.844130018508e+00  ,2.983919353836e+00  ,3.089622665208e+00  ,3.171480493379e+00  ,3.235979480520e+00  ,3.288587158876e+00  ,3.332911992028e+00  ,3.370065272639e+00  ,3.402533180504e+00  ,3.430486069734e+00  ,3.456057182659e+00  ,3.477795154808e+00  ,3.497416653854e+00  ,3.515191688707e+00  ,3.531646677391e+00  ,3.546188153768e+00  ,3.559731973767e+00  
  9.680531666172e-08  ,2.344858133232e+00  ,2.646273483359e+00  ,2.844130018508e+00  ,2.983919353836e+00  ,3.089622665208e+00  ,3.171480493379e+00  ,3.235979480520e+00  ,3.288587158876e+00  ,3.332911992028e+00  ,3.370065272639e+00  ,3.402533180504e+00  ,3.430486069734e+00  ,3.456057182659e+00  ,3.477795154808e+00  ,3.497416653854e+00  ,3.515191688707e+00  ,3.531646677391e+00  ,3.546188153768e+00  ,3.559731973767e+00  
  9.780537084234e-08  ,2.344858133232e+00  ,2.646273483359e+00  ,2.844130018508e+00  ,2.983919353836e+00  ,3.089622665208e+00  ,3.171480493379e+00  ,3.235979480520e+00  ,3.288587158876e+00  ,3.332911992028e+00  ,3.370065272639e+00  ,3.402533180504e+00  ,3.430486069734e+00  ,3.456057182659e+00  ,3.477795154808e+00  ,3.497416653854e+00  ,3.515191688707e+00  ,3.531646677391e+00  ,3.546188153768e+00  ,3.559731973767e+00  
  9.880542502296e-08  ,2.344858133232e+00  ,2.646273483359e+00  ,2.844130018508e+00  ,2.983919353836e+00  ,3.089622665208e+00  ,3.171480493379e+00  ,3.235979480520e+00  ,3.288587158876e+00  ,3.332911992028e+00  ,3.370065272639e+00  ,3.402533180504e+00  ,3.430486069734e+00  ,3.456057182659e+00  ,3.477795154808e+00  ,3.497416653854e+00  ,3.515191688707e+00  ,3.531646677391e+00  ,3.546188153768e+00  ,3.559731973767e+00  
  9.980547920358e-08  ,2.344858133232e+00  ,2.646273483359e+00  ,2.844130018508e+00  ,2.983919353836e+00  ,3.089622665208e+00  ,3.171480493379e+00  ,3.235979480520e+00  ,3.288587158876e+00  ,3.332911992028e+00  ,3.370065272639e+00  ,3.402533180504e+00  ,3.430486069734e+00  ,3.456057182659e+00  ,3.477795154808e+00  ,3.497416653854e+00  ,3.515191688707e+00  ,3.531646677391e+00  ,3.546188153768e+00  ,3.559731973767e+00  
  1.008055333842e-07  ,2.344858133232e+00  ,2.646273483359e+00  ,2.844130018508e+00  ,2.983919353836e+00  ,3.089622665208e+00  ,3.171480493379e+00  ,3.235979480520e+00  ,3.288587158876e+00  ,3.332911992028e+00  ,3.370065272639e+00  ,3.402533180504e+00  ,3.430486069734e+00  ,3.456057182659e+00  ,3.477795154808e+00  ,3.497416653854e+00  ,3.515191688707e+00  ,3.531646677391e+00  ,3.546188153768e+00  ,3.559731973767e+00  
  1.018055875648e-07  ,2.344858133232e+00  ,2.646273483359e+00  ,2.844130018508e+00  ,2.983919353836e+00  ,3.089622665208e+00  ,3.171480493379e+00  ,3.235979480520e+00  ,3.288587158876e+00  ,3.332911992028e+00  ,3.370065272639e+00  ,3.402533180504e+00  ,3.430486069734e+00  ,3.456057182659e+00  ,3.477795154808e+00  ,3.497416653854e+00  ,3.515191688707e+00  ,3.531646677391e+00  ,3.546188153768e+00  ,3.559731973767e+00  
  1.028056417454e-07  ,2.344858133232e+00  ,2.646273483359e+00  ,2.844130018508e+00  ,2.983919353836e+00  ,3.089622665208e+00  ,3.171480493379e+00  ,3.235979480520e+00  ,3.288587158876e+00  ,3.332911992028e+00  ,3.370065272639e+00  ,3.402533180504e+00  ,3.430486069734e+00  ,3.456057182659e+00  ,3.477795154808e+00  ,3.497416653854e+00  ,3.515191688707e+00  ,3.531646677391e+00  ,3.546188153768e+00  ,3.559731973767e+00  
  1.038056959261e-07  ,2.344858133232e+00  ,2.646273483359e+00  ,2.844130018508e+00  ,2.983919353836e+00  ,3.089622665208e+00  ,3.171480493379e+00  ,3.235979480520e+00  ,3.288587158876e+00  ,3.332911992028e+00  ,3.370065272639e+00  ,3.402533180504e+00  ,3.430486069734e+00  ,3.456057182659e+00  ,3.477795154808e+00  ,3.497416653854e+00  ,3.515191688707e+00  ,3.531646677391e+00  ,3.546188153768e+00  ,3.559731973767e+00  
  1.048057501067e-07  ,2.344858133232e+00  ,2.646273483359e+00  ,2.844130018508e+00  ,2.983919353836e+00  ,3.089622665208e+00  ,3.171480493379e+00  ,3.235979480520e+00  ,3.288587158876e+00  ,3.332911992028e+00  ,3.370065272639e+00  ,3.402533180504e+00  ,3.430486069734e+00  ,3.456057182659e+00  ,3.477795154808e+00  ,3.497416653854e+00  ,3.515191688707e+00  ,3.531646677391e+00  ,3.546188153768e+00  ,3.559731973767e+00  
  1.058058042873e-07  ,2.344858133232e+00  ,2.646273483359e+00  ,2.844130018508e+00  ,2.983919353836e+00  ,3.089622665208e+00  ,3.171480493379e+00  ,3.235979480520e+00  ,3.288587158876e+00  ,3.332911992028e+00  ,3.370065272639e+00  ,3.402533180504e+00  ,3.430486069734e+00  ,3.456057182659e+00  ,3.477795154808e+00  ,3.497416653854e+00  ,3.515191688707e+00  ,3.531646677391e+00  ,3.546188153768e+00  ,3.559731973767e+00  
  1.068058584679e-07  ,2.344858133232e+00  ,2.646273483359e+00  ,2.844130018508e+00  ,2.983919353836e+00  ,3.089622665208e+00  ,3.171480493379e+00  ,3.235979480520e+00  ,3.288587158876e+00  ,3.332911992028e+00  ,3.370065272639e+00  ,3.402533180504e+00  ,3.430486069734e+00  ,3.456057182659e+00  ,3.477795154808e+00  ,3.497416653854e+00  ,3.515191688707e+00  ,3.531646677391e+00  ,3.546188153768e+00  ,3.559731973767e+00  
  1.078059126486e-07  ,2.344858133232e+00  ,2.646273483359e+00  ,2.844130018508e+00  ,2.983919353836e+00  ,3.089622665208e+00  ,3.171480493379e+00  ,3.235979480520e+00  ,3.288587158876e+00  ,3.332911992028e+00  ,3.370065272639e+00  ,3.402533180504e+00  ,3.430486069734e+00  ,3.456057182659e+00  ,3.477795154808e+00  ,3.497416653854e+00  ,3.515191688707e+00  ,3.531646677391e+00  ,3.546188153768e+00  ,3.559731973767e+00  
  1.088059668292e-07  ,2.344858133232e+00  ,2.646273483359e+00  ,2.844130018508e+00  ,2.983919353836e+00  ,3.089622665208e+00  ,3.171480493379e+00  ,3.235979480520e+00  ,3.288587158876e+00  ,3.332911992028e+00  ,3.370065272639e+00  ,3.402533180504e+00  ,3.430486069734e+00  ,3.456057182659e+00  ,3.477795154808e+00  ,3.497416653854e+00  ,3.515191688707e+00  ,3.531646677391e+00  ,3.546188153768e+00  ,3.559731973767e+00  
  1.098060210098e-07  ,2.344858133232e+00  ,2.646273483359e+00  ,2.844130018508e+00  ,2.983919353836e+00  ,3.089622665208e+00  ,3.171480493379e+00  ,3.235979480520e+00  ,3.288587158876e+00  ,3.332911992028e+00  ,3.370065272639e+00  ,3.402533180504e+00  ,3.430486069734e+00  ,3.456057182659e+00  ,3.477795154808e+00  ,3.497416653854e+00  ,3.515191688707e+00  ,3.531646677391e+00  ,3.546188153768e+00  ,3.559731973767e+00  
  1.108060751904e-07  ,2.344858133232e+00  ,2.646273483359e+00  ,2.844130018508e+00  ,2.983919353836e+00  ,3.089622665208e+00  ,3.171480493379e+00  ,3.235979480520e+00  ,3.288587158876e+00  ,3.332911992028e+00  ,3.370065272639e+00  ,3.402533180504e+00  ,3.430486069734e+00  ,3.456057182659e+00  ,3.477795154808e+00  ,3.497416653854e+00  ,3.515191688707e+00  ,3.531646677391e+00  ,3.546188153768e+00  ,3.559731973767e+00  
  1.118061293710e-07  ,2.344858133232e+00  ,2.646273483359e+00  ,2.844130018508e+00  ,2.983919353836e+00  ,3.089622665208e+00  ,3.171480493379e+00  ,3.235979480520e+00  ,3.288587158876e+00  ,3.332911992028e+00  ,3.370065272639e+00  ,3.402533180504e+00  ,3.430486069734e+00  ,3.456057182659e+00  ,3.477795154808e+00  ,3.497416653854e+00  ,3.515191688707e+00  ,3.531646677391e+00  ,3.546188153768e+00  ,3.559731973767e+00  
  1.128061835517e-07  ,2.344858133232e+00  ,2.646273483359e+00  ,2.844130018508e+00  ,2.983919353836e+00  ,3.089622665208e+00  ,3.171480493379e+00  ,3.235979480520e+00  ,3.288587158876e+00  ,3.332911992028e+00  ,3.370065272639e+00  ,3.402533180504e+00  ,3.430486069734e+00  ,3.456057182659e+00  ,3.477795154808e+00  ,3.497416653854e+00  ,3.515191688707e+00  ,3.531646677391e+00  ,3.546188153768e+00  ,3.559731973767e+00  
  1.138062377323e-07  ,2.344858133232e+00  ,2.646273483359e+00  ,2.844130018508e+00  ,2.983919353836e+00  ,3.089622665208e+00  ,3.171480493379e+00  ,3.235979480520e+00  ,3.288587158876e+00  ,3.332911992028e+00  ,3.370065272639e+00  ,3.402533180504e+00  ,3.430486069734e+00  ,3.456057182659e+00  ,3.477795154808e+00  ,3.497416653854e+00  ,3.515191688707e+00  ,3.531646677391e+00  ,3.546188153768e+00  ,3.559731973767e+00  
  1.148062919129e-07  ,2.344858133232e+00  ,2.646273483359e+00  ,2.844130018508e+00  ,2.983919353836e+00  ,3.089622665208e+00  ,3.171480493379e+00  ,3.235979480520e+00  ,3.288587158876e+00  ,3.332911992028e+00  ,3.370065272639e+00  ,3.402533180504e+00  ,3.430486069734e+00  ,3.456057182659e+00  ,3.477795154808e+00  ,3.497416653854e+00  ,3.515191688707e+00  ,3.531646677391e+00  ,3.546188153768e+00  ,3.559731973767e+00  
  1.158063460935e-07  ,2.344858133232e+00  ,2.646273483359e+00  ,2.844130018508e+00  ,2.983919353836e+00  ,3.089622665208e+00  ,3.171480493379e+00  ,3.235979480520e+00  ,3.288587158876e+00  ,3.332911992028e+00  ,3.370065272639e+00  ,3.402533180504e+00  ,3.430486069734e+00  ,3.456057182659e+00  ,3.477795154808e+00  ,3.497416653854e+00  ,3.515191688707e+00  ,3.531646677391e+00  ,3.546188153768e+00  ,3.559731973767e+00  
  1.168064002742e-07  ,2.344858133232e+00  ,2.646273483359e+00  ,2.844130018508e+00  ,2.983919353836e+00  ,3.089622665208e+00  ,3.171480493379e+00  ,3.235979480520e+00  ,3.288587158876e+00  ,3.332911992028e+00  ,3.370065272639e+00  ,3.402533180504e+00  ,3.430486069734e+00  ,3.456057182659e+00  ,3.477795154808e+00  ,3.497416653854e+00  ,3.515191688707e+00  ,3.531646677391e+00  ,3.546188153768e+00  ,3.559731973767e+00  
  1.178064544548e-07  ,2.344858133232e+00  ,2.646273483359e+00  ,2.844130018508e+00  ,2.983919353836e+00  ,3.089622665208e+00  ,3.171480493379e+00  ,3.235979480520e+00  ,3.288587158876e+00  ,3.332911992028e+00  ,3.370065272639e+00  ,3.402533180504e+00  ,3.430486069734e+00  ,3.456057182659e+00  ,3.477795154808e+00  ,3.497416653854e+00  ,3.515191688707e+00  ,3.531646677391e+00  ,3.546188153768e+00  ,3.559731973767e+00  
  1.188065086354e-07  ,2.344858133232e+00  ,2.646273483359e+00  ,2.844130018508e+00  ,2.983919353836e+00  ,3.089622665208e+00  ,3.171480493379e+00  ,3.235979480520e+00  ,3.288587158876e+00  ,3.332911992028e+00  ,3.370065272639e+00  ,3.402533180504e+00  ,3.430486069734e+00  ,3.456057182659e+00  ,3.477795154808e+00  ,3.497416653854e+00  ,3.515191688707e+00  ,3.531646677391e+00  ,3.546188153768e+00  ,3.559731973767e+00  
  1.198065628160e-07  ,2.344858133232e+00  ,2.646273483359e+00  ,2.844130018508e+00  ,2.983919353836e+00  ,3.089622665208e+00  ,3.171480493379e+00  ,3.235979480520e+00  ,3.288587158876e+00  ,3.332911992028e+00  ,3.370065272639e+00  ,3.402533180504e+00  ,3.430486069734e+00  ,3.456057182659e+00  ,3.477795154808e+00  ,3.497416653854e+00  ,3.515191688707e+00  ,3.531646677391e+00  ,3.546188153768e+00  ,3.559731973767e+00  
  1.208066169966e-07  ,2.344858133232e+00  ,2.646273483359e+00  ,2.844130018508e+00  ,2.983919353836e+00  ,3.089622665208e+00  ,3.171480493379e+00  ,3.235979480520e+00  ,3.288587158876e+00  ,3.332911992028e+00  ,3.370065272639e+00  ,3.402533180504e+00  ,3.430486069734e+00  ,3.456057182659e+00  ,3.477795154808e+00  ,3.497416653854e+00  ,3.515191688707e+00  ,3.531646677391e+00  ,3.546188153768e+00  ,3.559731973767e+00  
  1.218066711773e-07  ,2.344858133232e+00  ,2.646273483359e+00  ,2.844130018508e+00  ,2.983919353836e+00  ,3.089622665208e+00  ,3.171480493379e+00  ,3.235979480520e+00  ,3.288587158876e+00  ,3.332911992028e+00  ,3.370065272639e+00  ,3.402533180504e+00  ,3.430486069734e+00  ,3.456057182659e+00  ,3.477795154808e+00  ,3.497416653854e+00  ,3.515191688707e+00  ,3.531646677391e+00  ,3.546188153768e+00  ,3.559731973767e+00  
  1.228067253579e-07  ,2.344858133232e+00  ,2.646273483359e+00  ,2.844130018508e+00  ,2.983919353836e+00  ,3.089622665208e+00  ,3.171480493379e+00  ,3.235979480520e+00  ,3.288587158876e+00  ,3.332911992028e+00  ,3.370065272639e+00  ,3.402533180504e+00  ,3.430486069734e+00  ,3.456057182659e+00  ,3.477795154808e+00  ,3.497416653854e+00  ,3.515191688707e+00  ,3.531646677391e+00  ,3.546188153768e+00  ,3.559731973767e+00  
  1.238067795385e-07  ,2.344858133232e+00  ,2.646273483359e+00  ,2.844130018508e+00  ,2.983919353836e+00  ,3.089622665208e+00  ,3.171480493379e+00  ,3.235979480520e+00  ,3.288587158876e+00  ,3.332911992028e+00  ,3.370065272639e+00  ,3.402533180504e+00  ,3.430486069734e+00  ,3.456057182659e+00  ,3.477795154808e+00  ,3.497416653854e+00  ,3.515191688707e+00  ,3.531646677391e+00  ,3.546188153768e+00  ,3.559731973767e+00  
  1.248068337191e-07  ,2.344858133232e+00  ,2.646273483359e+00  ,2.844130018508e+00  ,2.983919353836e+00  ,3.089622665208e+00  ,3.171480493379e+00  ,3.235979480520e+00  ,3.288587158876e+00  ,3.332911992028e+00  ,3.370065272639e+00  ,3.402533180504e+00  ,3.430486069734e+00  ,3.456057182659e+00  ,3.477795154808e+00  ,3.497416653854e+00  ,3.515191688707e+00  ,3.531646677391e+00  ,3.546188153768e+00  ,3.559731973767e+00  
  1.254217860152e-07  ,2.344858133232e+00  ,2.646273483359e+00  ,2.844130018508e+00  ,2.983919353836e+00  ,3.089622665208e+00  ,3.171480493379e+00  ,3.235979480520e+00  ,3.288587158876e+00  ,3.332911992028e+00  ,3.370065272639e+00  ,3.402533180504e+00  ,3.430486069734e+00  ,3.456057182659e+00  ,3.477795154808e+00  ,3.497416653854e+00  ,3.515191688707e+00  ,3.531646677391e+00  ,3.546188153768e+00  ,3.559731973767e+00  
  1.260707315851e-07  ,2.344858133232e+00  ,2.646273483359e+00  ,2.844130018508e+00  ,2.983919353836e+00  ,3.089622665208e+00  ,3.171480493379e+00  ,3.235979480520e+00  ,3.288587158876e+00  ,3.332911992028e+00  ,3.370065272639e+00  ,3.402533180504e+00  ,3.430486069734e+00  ,3.456057182659e+00  ,3.477795154808e+00  ,3.497416653854e+00  ,3.515191688707e+00  ,3.531646677391e+00  ,3.546188153768e+00  ,3.559731973767e+00  
  1.267600034226e-07  ,2.344858133232e+00  ,2.646273483359e+00  ,2.844130018508e+00  ,2.983919353836e+00  ,3.089622665208e+00  ,3.171480493379e+00  ,3.235979480520e+00  ,3.288587158876e+00  ,3.332911992028e+00  ,3.370065272639e+00  ,3.402533180504e+00  ,3.430486069734e+00  ,3.456057182659e+00  ,3.477795154808e+00  ,3.497416653854e+00  ,3.515191688707e+00  ,3.531646677391e+00  ,3.546188153768e+00  ,3.559731973767e+00  
  1.276280891944e-07  ,2.344858133232e+00  ,2.646273483359e+00  ,2.844130018508e+00  ,2.983919353836e+00  ,3.089622665208e+00  ,3.171480493379e+00  ,3.235979480520e+00  ,3.288587158876e+00  ,3.332911992028e+00  ,3.370065272639e+00  ,3.402533180504e+00  ,3.430486069734e+00  ,3.456057182659e+00  ,3.477795154808e+00  ,3.497416653854e+00  ,3.515191688707e+00  ,3.531646677391e+00  ,3.546188153768e+00  ,3.559731973767e+00  
  1.284929153372e-07  ,2.344858133232e+00  ,2.646273483359e+00  ,2.844130018508e+00  ,2.983919353836e+00  ,3.089622665208e+00  ,3.171480493379e+00  ,3.235979480520e+00  ,3.288587158876e+00  ,3.332911992028e+00  ,3.370065272639e+00  ,3.402533180504e+00  ,3.430486069734e+00  ,3.456057182659e+00  ,3.477795154808e+00  ,3.497416653854e+00  ,3.515191688707e+00  ,3.531646677391e+00  ,3.546188153768e+00  ,3.559731973767e+00  
  1.294929695178e-07  ,2.344858133232e+00  ,2.646273483359e+00  ,2.844130018508e+00  ,2.983919353836e+00  ,3.089622665208e+00  ,3.171480493379e+00  ,3.235979480520e+00  ,3.288587158876e+00  ,3.332911992028e+00  ,3.370065272639e+00  ,3.402533180504e+00  ,3.430486069734e+00  ,3.456057182659e+00  ,3.477795154808e+00  ,3.497416653854e+00  ,3.515191688707e+00  ,3.531646677391e+00  ,3.546188153768e+00  ,3.559731973767e+00  
  1.304930236985e-07  ,2.344858133232e+00  ,2.646273483359e+00  ,2.844130018508e+00  ,2.983919353836e+00  ,3.089622665208e+00  ,3.171480493379e+00  ,3.235979480520e+00  ,3.288587158876e+00  ,3.332911992028e+00  ,3.370065272639e+00  ,3.402533180504e+00  ,3.430486069734e+00  ,3.456057182659e+00  ,3.477795154808e+00  ,3.497416653854e+00  ,3.515191688707e+00  ,3.531646677391e+00  ,3.546188153768e+00  ,3.559731973767e+00  
  1.314930778791e-07  ,2.344858133232e+00  ,2.646273483359e+00  ,2.844130018508e+00  ,2.983919353836e+00  ,3.089622665208e+00  ,3.171480493379e+00  ,3.235979480520e+00  ,3.288587158876e+00  ,3.332911992028e+00  ,3.370065272639e+00  ,3.402533180504e+00  ,3.430486069734e+00  ,3.456057182659e+00  ,3.477795154808e+00  ,3.497416653854e+00  ,3.515191688707e+00  ,3.531646677391e+00  ,3.546188153768e+00  ,3.559731973767e+00  
  1.324931320597e-07  ,2.344858133232e+00  ,2.646273483359e+00  ,2.844130018508e+00  ,2.983919353836e+00  ,3.089622665208e+00  ,3.171480493379e+00  ,3.235979480520e+00  ,3.288587158876e+00  ,3.332911992028e+00  ,3.370065272639e+00  ,3.402533180504e+00  ,3.430486069734e+00  ,3.456057182659e+00  ,3.477795154808e+00  ,3.497416653854e+00  ,3.515191688707e+00  ,3.531646677391e+00  ,3.546188153768e+00  ,3.559731973767e+00  
  1.334931862403e-07  ,2.344858133232e+00  ,2.646273483359e+00  ,2.844130018508e+00  ,2.983919353836e+00  ,3.089622665208e+00  ,3.171480493379e+00  ,3.235979480520e+00  ,3.288587158876e+00  ,3.332911992028e+00  ,3.370065272639e+00  ,3.402533180504e+00  ,3.430486069734e+00  ,3.456057182659e+00  ,3.477795154808e+00  ,3.497416653854e+00  ,3.515191688707e+00  ,3.531646677391e+00  ,3.546188153768e+00  ,3.559731973767e+00  
  1.344932404209e-07  ,2.344858133232e+00  ,2.646273483359e+00  ,2.844130018508e+00  ,2.983919353836e+00  ,3.089622665208e+00  ,3.171480493379e+00  ,3.235979480520e+00  ,3.288587158876e+00  ,3.332911992028e+00  ,3.370065272639e+00  ,3.402533180504e+00  ,3.430486069734e+00  ,3.456057182659e+00  ,3.477795154808e+00  ,3.497416653854e+00  ,3.515191688707e+00  ,3.531646677391e+00  ,3.546188153768e+00  ,3.559731973767e+00  
  1.354932946016e-07  ,2.344858133232e+00  ,2.646273483359e+00  ,2.844130018508e+00  ,2.983919353836e+00  ,3.089622665208e+00  ,3.171480493379e+00  ,3.235979480520e+00  ,3.288587158876e+00  ,3.332911992028e+00  ,3.370065272639e+00  ,3.402533180504e+00  ,3.430486069734e+00  ,3.456057182659e+00  ,3.477795154808e+00  ,3.497416653854e+00  ,3.515191688707e+00  ,3.531646677391e+00  ,3.546188153768e+00  ,3.559731973767e+00  
  1.364933487822e-07  ,2.344858133232e+00  ,2.646273483359e+00  ,2.844130018508e+00  ,2.983919353836e+00  ,3.089622665208e+00  ,3.171480493379e+00  ,3.235979480520e+00  ,3.288587158876e+00  ,3.332911992028e+00  ,3.370065272639e+00  ,3.402533180504e+00  ,3.430486069734e+00  ,3.456057182659e+00  ,3.477795154808e+00  ,3.497416653854e+00  ,3.515191688707e+00  ,3.531646677391e+00  ,3.546188153768e+00  ,3.559731973767e+00  
  1.374934029628e-07  ,2.344858133232e+00  ,2.646273483359e+00  ,2.844130018508e+00  ,2.983919353836e+00  ,3.089622665208e+00  ,3.171480493379e+00  ,3.235979480520e+00  ,3.288587158876e+00  ,3.332911992028e+00  ,3.370065272639e+00  ,3.402533180504e+00  ,3.430486069734e+00  ,3.456057182659e+00  ,3.477795154808e+00  ,3.497416653854e+00  ,3.515191688707e+00  ,3.531646677391e+00  ,3.546188153768e+00  ,3.559731973767e+00  
  1.384934571434e-07  ,2.344858133232e+00  ,2.646273483359e+00  ,2.844130018508e+00  ,2.983919353836e+00  ,3.089622665208e+00  ,3.171480493379e+00  ,3.235979480520e+00  ,3.288587158876e+00  ,3.332911992028e+00  ,3.370065272639e+00  ,3.402533180504e+00  ,3.430486069734e+00  ,3.456057182659e+00  ,3.477795154808e+00  ,3.497416653854e+00  ,3.515191688707e+00  ,3.531646677391e+00  ,3.546188153768e+00  ,3.559731973767e+00  
  1.394935113240e-07  ,2.344858133232e+00  ,2.646273483359e+00  ,2.844130018508e+00  ,2.983919353836e+00  ,3.089622665208e+00  ,3.171480493379e+00  ,3.235979480520e+00  ,3.288587158876e+00  ,3.332911992028e+00  ,3.370065272639e+00  ,3.402533180504e+00  ,3.430486069734e+00  ,3.456057182659e+00  ,3.477795154808e+00  ,3.497416653854e+00  ,3.515191688707e+00  ,3.531646677391e+00  ,3.546188153768e+00  ,3.559731973767e+00  
  1.404935655047e-07  ,2.344858133232e+00  ,2.646273483359e+00  ,2.844130018508e+00  ,2.983919353836e+00  ,3.089622665208e+00  ,3.171480493379e+00  ,3.235979480520e+00  ,3.288587158876e+00  ,3.332911992028e+00  ,3.370065272639e+00  ,3.402533180504e+00  ,3.430486069734e+00  ,3.456057182659e+00  ,3.477795154808e+00  ,3.497416653854e+00  ,3.515191688707e+00  ,3.531646677391e+00  ,3.546188153768e+00  ,3.559731973767e+00  
  1.414936196853e-07  ,2.344858133232e+00  ,2.646273483359e+00  ,2.844130018508e+00  ,2.983919353836e+00  ,3.089622665208e+00  ,3.171480493379e+00  ,3.235979480520e+00  ,3.288587158876e+00  ,3.332911992028e+00  ,3.370065272639e+00  ,3.402533180504e+00  ,3.430486069734e+00  ,3.456057182659e+00  ,3.477795154808e+00  ,3.497416653854e+00  ,3.515191688707e+00  ,3.531646677391e+00  ,3.546188153768e+00  ,3.559731973767e+00  
  1.424936738659e-07  ,2.344858133232e+00  ,2.646273483359e+00  ,2.844130018508e+00  ,2.983919353836e+00  ,3.089622665208e+00  ,3.171480493379e+00  ,3.235979480520e+00  ,3.288587158876e+00  ,3.332911992028e+00  ,3.370065272639e+00  ,3.402533180504e+00  ,3.430486069734e+00  ,3.456057182659e+00  ,3.477795154808e+00  ,3.497416653854e+00  ,3.515191688707e+00  ,3.531646677391e+00  ,3.546188153768e+00  ,3.559731973767e+00  
  1.434937280465e-07  ,2.344858133232e+00  ,2.646273483359e+00  ,2.844130018508e+00  ,2.983919353836e+00  ,3.089622665208e+00  ,3.171480493379e+00  ,3.235979480520e+00  ,3.288587158876e+00  ,3.332911992028e+00  ,3.370065272639e+00  ,3.402533180504e+00  ,3.430486069734e+00  ,3.456057182659e+00  ,3.477795154808e+00  ,3.497416653854e+00  ,3.515191688707e+00  ,3.531646677391e+00  ,3.546188153768e+00  ,3.559731973767e+00  
  1.444937822272e-07  ,2.344858133232e+00  ,2.646273483359e+00  ,2.844130018508e+00  ,2.983919353836e+00  ,3.089622665208e+00  ,3.171480493379e+00  ,3.235979480520e+00  ,3.288587158876e+00  ,3.332911992028e+00  ,3.370065272639e+00  ,3.402533180504e+00  ,3.430486069734e+00  ,3.456057182659e+00  ,3.477795154808e+00  ,3.497416653854e+00  ,3.515191688707e+00  ,3.531646677391e+00  ,3.546188153768e+00  ,3.559731973767e+00  
  1.454938364078e-07  ,2.344858133232e+00  ,2.646273483359e+00  ,2.844130018508e+00  ,2.983919353836e+00  ,3.089622665208e+00  ,3.171480493379e+00  ,3.235979480520e+00  ,3.288587158876e+00  ,3.332911992028e+00  ,3.370065272639e+00  ,3.402533180504e+00  ,3.430486069734e+00  ,3.456057182659e+00  ,3.477795154808e+00  ,3.497416653854e+00  ,3.515191688707e+00  ,3.531646677391e+00  ,3.546188153768e+00  ,3.559731973767e+00  
  1.464938905884e-07  ,2.344858133232e+00  ,2.646273483359e+00  ,2.844130018508e+00  ,2.983919353836e+00  ,3.089622665208e+00  ,3.171480493379e+00  ,3.235979480520e+00  ,3.288587158876e+00  ,3.332911992028e+00  ,3.370065272639e+00  ,3.402533180504e+00  ,3.430486069734e+00  ,3.456057182659e+00  ,3.477795154808e+00  ,3.497416653854e+00  ,3.515191688707e+00  ,3.531646677391e+00  ,3.546188153768e+00  ,3.559731973767e+00  
  1.474939447690e-07  ,2.344858133232e+00  ,2.646273483359e+00  ,2.844130018508e+00  ,2.983919353836e+00  ,3.089622665208e+00  ,3.171480493379e+00  ,3.235979480520e+00  ,3.288587158876e+00  ,3.332911992028e+00  ,3.370065272639e+00  ,3.402533180504e+00  ,3.430486069734e+00  ,3.456057182659e+00  ,3.477795154808e+00  ,3.497416653854e+00  ,3.515191688707e+00  ,3.531646677391e+00  ,3.546188153768e+00  ,3.559731973767e+00  
  1.484939989496e-07  ,2.344858133232e+00  ,2.646273483359e+00  ,2.844130018508e+00  ,2.983919353836e+00  ,3.089622665208e+00  ,3.171480493379e+00  ,3.235979480520e+00  ,3.288587158876e+00  ,3.332911992028e+00  ,3.370065272639e+00  ,3.402533180504e+00  ,3.430486069734e+00  ,3.456057182659e+00  ,3.477795154808e+00  ,3.497416653854e+00  ,3.515191688707e+00  ,3.531646677391e+00  ,3.546188153768e+00  ,3.559731973767e+00  
  1.494940531303e-07  ,2.344858133232e+00  ,2.646273483359e+00  ,2.844130018508e+00  ,2.983919353836e+00  ,3.089622665208e+00  ,3.171480493379e+00  ,3.235979480520e+00  ,3.288587158876e+00  ,3.332911992028e+00  ,3.370065272639e+00  ,3.402533180504e+00  ,3.430486069734e+00  ,3.456057182659e+00  ,3.477795154808e+00  ,3.497416653854e+00  ,3.515191688707e+00  ,3.531646677391e+00  ,3.546188153768e+00  ,3.559731973767e+00  
  1.504941073109e-07  ,2.344858133232e+00  ,2.646273483359e+00  ,2.844130018508e+00  ,2.983919353836e+00  ,3.089622665208e+00  ,3.171480493379e+00  ,3.235979480520e+00  ,3.288587158876e+00  ,3.332911992028e+00  ,3.370065272639e+00  ,3.402533180504e+00  ,3.430486069734e+00  ,3.456057182659e+00  ,3.477795154808e+00  ,3.497416653854e+00  ,3.515191688707e+00  ,3.531646677391e+00  ,3.546188153768e+00  ,3.559731973767e+00  
  1.514941614915e-07  ,2.344858133232e+00  ,2.646273483359e+00  ,2.844130018508e+00  ,2.983919353836e+00  ,3.089622665208e+00  ,3.171480493379e+00  ,3.235979480520e+00  ,3.288587158876e+00  ,3.332911992028e+00  ,3.370065272639e+00  ,3.402533180504e+00  ,3.430486069734e+00  ,3.456057182659e+00  ,3.477795154808e+00  ,3.497416653854e+00  ,3.515191688707e+00  ,3.531646677391e+00  ,3.546188153768e+00  ,3.559731973767e+00  
  1.524942156721e-07  ,2.344858133232e+00  ,2.646273483359e+00  ,2.844130018508e+00  ,2.983919353836e+00  ,3.089622665208e+00  ,3.171480493379e+00  ,3.235979480520e+00  ,3.288587158876e+00  ,3.332911992028e+00  ,3.370065272639e+00  ,3.402533180504e+00  ,3.430486069734e+00  ,3.456057182659e+00  ,3.477795154808e+00  ,3.497416653854e+00  ,3.515191688707e+00  ,3.531646677391e+00  ,3.546188153768e+00  ,3.559731973767e+00  
  1.534942698528e-07  ,2.344858133232e+00  ,2.646273483359e+00  ,2.844130018508e+00  ,2.983919353836e+00  ,3.089622665208e+00  ,3.171480493379e+00  ,3.235979480520e+00  ,3.288587158876e+00  ,3.332911992028e+00  ,3.370065272639e+00  ,3.402533180504e+00  ,3.430486069734e+00  ,3.456057182659e+00  ,3.477795154808e+00  ,3.497416653854e+00  ,3.515191688707e+00  ,3.531646677391e+00  ,3.546188153768e+00  ,3.559731973767e+00  
  1.544943240334e-07  ,2.344858133232e+00  ,2.646273483359e+00  ,2.844130018508e+00  ,2.983919353836e+00  ,3.089622665208e+00  ,3.171480493379e+00  ,3.235979480520e+00  ,3.288587158876e+00  ,3.332911992028e+00  ,3.370065272639e+00  ,3.402533180504e+00  ,3.430486069734e+00  ,3.456057182659e+00  ,3.477795154808e+00  ,3.497416653854e+00  ,3.515191688707e+00  ,3.531646677391e+00  ,3.546188153768e+00  ,3.559731973767e+00  
  1.554943782140e-07  ,2.344858133232e+00  ,2.646273483359e+00  ,2.844130018508e+00  ,2.983919353836e+00  ,3.089622665208e+00  ,3.171480493379e+00  ,3.235979480520e+00  ,3.288587158876e+00  ,3.332911992028e+00  ,3.370065272639e+00  ,3.402533180504e+00  ,3.430486069734e+00  ,3.456057182659e+00  ,3.477795154808e+00  ,3.497416653854e+00  ,3.515191688707e+00  ,3.531646677391e+00  ,3.546188153768e+00  ,3.559731973767e+00  
  1.564944323946e-07  ,2.344858133232e+00  ,2.646273483359e+00  ,2.844130018508e+00  ,2.983919353836e+00  ,3.089622665208e+00  ,3.171480493379e+00  ,3.235979480520e+00  ,3.288587158876e+00  ,3.332911992028e+00  ,3.370065272639e+00  ,3.402533180504e+00  ,3.430486069734e+00  ,3.456057182659e+00  ,3.477795154808e+00  ,3.497416653854e+00  ,3.515191688707e+00  ,3.531646677391e+00  ,3.546188153768e+00  ,3.559731973767e+00  
  1.574944865752e-07  ,2.344858133232e+00  ,2.646273483359e+00  ,2.844130018508e+00  ,2.983919353836e+00  ,3.089622665208e+00  ,3.171480493379e+00  ,3.235979480520e+00  ,3.288587158876e+00  ,3.332911992028e+00  ,3.370065272639e+00  ,3.402533180504e+00  ,3.430486069734e+00  ,3.456057182659e+00  ,3.477795154808e+00  ,3.497416653854e+00  ,3.515191688707e+00  ,3.531646677391e+00  ,3.546188153768e+00  ,3.559731973767e+00  
  1.584945407559e-07  ,2.344858133232e+00  ,2.646273483359e+00  ,2.844130018508e+00  ,2.983919353836e+00  ,3.089622665208e+00  ,3.171480493379e+00  ,3.235979480520e+00  ,3.288587158876e+00  ,3.332911992028e+00  ,3.370065272639e+00  ,3.402533180504e+00  ,3.430486069734e+00  ,3.456057182659e+00  ,3.477795154808e+00  ,3.497416653854e+00  ,3.515191688707e+00  ,3.531646677391e+00  ,3.546188153768e+00  ,3.559731973767e+00  
  1.594945949365e-07  ,2.344858133232e+00  ,2.646273483359e+00  ,2.844130018508e+00  ,2.983919353836e+00  ,3.089622665208e+00  ,3.171480493379e+00  ,3.235979480520e+00  ,3.288587158876e+00  ,3.332911992028e+00  ,3.370065272639e+00  ,3.402533180504e+00  ,3.430486069734e+00  ,3.456057182659e+00  ,3.477795154808e+00  ,3.497416653854e+00  ,3.515191688707e+00  ,3.531646677391e+00  ,3.546188153768e+00  ,3.559731973767e+00  
  1.604946491171e-07  ,2.344858133232e+00  ,2.646273483359e+00  ,2.844130018508e+00  ,2.983919353836e+00  ,3.089622665208e+00  ,3.171480493379e+00  ,3.235979480520e+00  ,3.288587158876e+00  ,3.332911992028e+00  ,3.370065272639e+00  ,3.402533180504e+00  ,3.430486069734e+00  ,3.456057182659e+00  ,3.477795154808e+00  ,3.497416653854e+00  ,3.515191688707e+00  ,3.531646677391e+00  ,3.546188153768e+00  ,3.559731973767e+00  
  1.614947032977e-07  ,2.344858133232e+00  ,2.646273483359e+00  ,2.844130018508e+00  ,2.983919353836e+00  ,3.089622665208e+00  ,3.171480493379e+00  ,3.235979480520e+00  ,3.288587158876e+00  ,3.332911992028e+00  ,3.370065272639e+00  ,3.402533180504e+00  ,3.430486069734e+00  ,3.456057182659e+00  ,3.477795154808e+00  ,3.497416653854e+00  ,3.515191688707e+00  ,3.531646677391e+00  ,3.546188153768e+00  ,3.559731973767e+00  
  1.624947574784e-07  ,2.344858133232e+00  ,2.646273483359e+00  ,2.844130018508e+00  ,2.983919353836e+00  ,3.089622665208e+00  ,3.171480493379e+00  ,3.235979480520e+00  ,3.288587158876e+00  ,3.332911992028e+00  ,3.370065272639e+00  ,3.402533180504e+00  ,3.430486069734e+00  ,3.456057182659e+00  ,3.477795154808e+00  ,3.497416653854e+00  ,3.515191688707e+00  ,3.531646677391e+00  ,3.546188153768e+00  ,3.559731973767e+00  
  1.634948116590e-07  ,2.344858133232e+00  ,2.646273483359e+00  ,2.844130018508e+00  ,2.983919353836e+00  ,3.089622665208e+00  ,3.171480493379e+00  ,3.235979480520e+00  ,3.288587158876e+00  ,3.332911992028e+00  ,3.370065272639e+00  ,3.402533180504e+00  ,3.430486069734e+00  ,3.456057182659e+00  ,3.477795154808e+00  ,3.497416653854e+00  ,3.515191688707e+00  ,3.531646677391e+00  ,3.546188153768e+00  ,3.559731973767e+00  
  1.644948658396e-07  ,2.344858133232e+00  ,2.646273483359e+00  ,2.844130018508e+00  ,2.983919353836e+00  ,3.089622665208e+00  ,3.171480493379e+00  ,3.235979480520e+00  ,3.288587158876e+00  ,3.332911992028e+00  ,3.370065272639e+00  ,3.402533180504e+00  ,3.430486069734e+00  ,3.456057182659e+00  ,3.477795154808e+00  ,3.497416653854e+00  ,3.515191688707e+00  ,3.531646677391e+00  ,3.546188153768e+00  ,3.559731973767e+00  
  1.654949200202e-07  ,2.344858133232e+00  ,2.646273483359e+00  ,2.844130018508e+00  ,2.983919353836e+00  ,3.089622665208e+00  ,3.171480493379e+00  ,3.235979480520e+00  ,3.288587158876e+00  ,3.332911992028e+00  ,3.370065272639e+00  ,3.402533180504e+00  ,3.430486069734e+00  ,3.456057182659e+00  ,3.477795154808e+00  ,3.497416653854e+00  ,3.515191688707e+00  ,3.531646677391e+00  ,3.546188153768e+00  ,3.559731973767e+00  
  1.664949742008e-07  ,2.344858133232e+00  ,2.646273483359e+00  ,2.844130018508e+00  ,2.983919353836e+00  ,3.089622665208e+00  ,3.171480493379e+00  ,3.235979480520e+00  ,3.288587158876e+00  ,3.332911992028e+00  ,3.370065272639e+00  ,3.402533180504e+00  ,3.430486069734e+00  ,3.456057182659e+00  ,3.477795154808e+00  ,3.497416653854e+00  ,3.515191688707e+00  ,3.531646677391e+00  ,3.546188153768e+00  ,3.559731973767e+00  
  1.674950283815e-07  ,2.344858133232e+00  ,2.646273483359e+00  ,2.844130018508e+00  ,2.983919353836e+00  ,3.089622665208e+00  ,3.171480493379e+00  ,3.235979480520e+00  ,3.288587158876e+00  ,3.332911992028e+00  ,3.370065272639e+00  ,3.402533180504e+00  ,3.430486069734e+00  ,3.456057182659e+00  ,3.477795154808e+00  ,3.497416653854e+00  ,3.515191688707e+00  ,3.531646677391e+00  ,3.546188153768e+00  ,3.559731973767e+00  
  1.684950825621e-07  ,2.344858133232e+00  ,2.646273483359e+00  ,2.844130018508e+00  ,2.983919353836e+00  ,3.089622665208e+00  ,3.171480493379e+00  ,3.235979480520e+00  ,3.288587158876e+00  ,3.332911992028e+00  ,3.370065272639e+00  ,3.402533180504e+00  ,3.430486069734e+00  ,3.456057182659e+00  ,3.477795154808e+00  ,3.497416653854e+00  ,3.515191688707e+00  ,3.531646677391e+00  ,3.546188153768e+00  ,3.559731973767e+00  
  1.694951367427e-07  ,2.344858133232e+00  ,2.646273483359e+00  ,2.844130018508e+00  ,2.983919353836e+00  ,3.089622665208e+00  ,3.171480493379e+00  ,3.235979480520e+00  ,3.288587158876e+00  ,3.332911992028e+00  ,3.370065272639e+00  ,3.402533180504e+00  ,3.430486069734e+00  ,3.456057182659e+00  ,3.477795154808e+00  ,3.497416653854e+00  ,3.515191688707e+00  ,3.531646677391e+00  ,3.546188153768e+00  ,3.559731973767e+00  
  1.704951909233e-07  ,2.344858133232e+00  ,2.646273483359e+00  ,2.844130018508e+00  ,2.983919353836e+00  ,3.089622665208e+00  ,3.171480493379e+00  ,3.235979480520e+00  ,3.288587158876e+00  ,3.332911992028e+00  ,3.370065272639e+00  ,3.402533180504e+00  ,3.430486069734e+00  ,3.456057182659e+00  ,3.477795154808e+00  ,3.497416653854e+00  ,3.515191688707e+00  ,3.531646677391e+00  ,3.546188153768e+00  ,3.559731973767e+00  
  1.714952451040e-07  ,2.344858133232e+00  ,2.646273483359e+00  ,2.844130018508e+00  ,2.983919353836e+00  ,3.089622665208e+00  ,3.171480493379e+00  ,3.235979480520e+00  ,3.288587158876e+00  ,3.332911992028e+00  ,3.370065272639e+00  ,3.402533180504e+00  ,3.430486069734e+00  ,3.456057182659e+00  ,3.477795154808e+00  ,3.497416653854e+00  ,3.515191688707e+00  ,3.531646677391e+00  ,3.546188153768e+00  ,3.559731973767e+00  
  1.724952992846e-07  ,2.344858133232e+00  ,2.646273483359e+00  ,2.844130018508e+00  ,2.983919353836e+00  ,3.089622665208e+00  ,3.171480493379e+00  ,3.235979480520e+00  ,3.288587158876e+00  ,3.332911992028e+00  ,3.370065272639e+00  ,3.402533180504e+00  ,3.430486069734e+00  ,3.456057182659e+00  ,3.477795154808e+00  ,3.497416653854e+00  ,3.515191688707e+00  ,3.531646677391e+00  ,3.546188153768e+00  ,3.559731973767e+00  
  1.734953534652e-07  ,2.344858133232e+00  ,2.646273483359e+00  ,2.844130018508e+00  ,2.983919353836e+00  ,3.089622665208e+00  ,3.171480493379e+00  ,3.235979480520e+00  ,3.288587158876e+00  ,3.332911992028e+00  ,3.370065272639e+00  ,3.402533180504e+00  ,3.430486069734e+00  ,3.456057182659e+00  ,3.477795154808e+00  ,3.497416653854e+00  ,3.515191688707e+00  ,3.531646677391e+00  ,3.546188153768e+00  ,3.559731973767e+00  
  1.744954076458e-07  ,2.344858133232e+00  ,2.646273483359e+00  ,2.844130018508e+00  ,2.983919353836e+00  ,3.089622665208e+00  ,3.171480493379e+00  ,3.235979480520e+00  ,3.288587158876e+00  ,3.332911992028e+00  ,3.370065272639e+00  ,3.402533180504e+00  ,3.430486069734e+00  ,3.456057182659e+00  ,3.477795154808e+00  ,3.497416653854e+00  ,3.515191688707e+00  ,3.531646677391e+00  ,3.546188153768e+00  ,3.559731973767e+00  
  1.754954618264e-07  ,2.344858133232e+00  ,2.646273483359e+00  ,2.844130018508e+00  ,2.983919353836e+00  ,3.089622665208e+00  ,3.171480493379e+00  ,3.235979480520e+00  ,3.288587158876e+00  ,3.332911992028e+00  ,3.370065272639e+00  ,3.402533180504e+00  ,3.430486069734e+00  ,3.456057182659e+00  ,3.477795154808e+00  ,3.497416653854e+00  ,3.515191688707e+00  ,3.531646677391e+00  ,3.546188153768e+00  ,3.559731973767e+00  
  1.764955160071e-07  ,2.344858133232e+00  ,2.646273483359e+00  ,2.844130018508e+00  ,2.983919353836e+00  ,3.089622665208e+00  ,3.171480493379e+00  ,3.235979480520e+00  ,3.288587158876e+00  ,3.332911992028e+00  ,3.370065272639e+00  ,3.402533180504e+00  ,3.430486069734e+00  ,3.456057182659e+00  ,3.477795154808e+00  ,3.497416653854e+00  ,3.515191688707e+00  ,3.531646677391e+00  ,3.546188153768e+00  ,3.559731973767e+00  
  1.774955701877e-07  ,2.344858133232e+00  ,2.646273483359e+00  ,2.844130018508e+00  ,2.983919353836e+00  ,3.089622665208e+00  ,3.171480493379e+00  ,3.235979480520e+00  ,3.288587158876e+00  ,3.332911992028e+00  ,3.370065272639e+00  ,3.402533180504e+00  ,3.430486069734e+00  ,3.456057182659e+00  ,3.477795154808e+00  ,3.497416653854e+00  ,3.515191688707e+00  ,3.531646677391e+00  ,3.546188153768e+00  ,3.559731973767e+00  
  1.784956243683e-07  ,2.344858133232e+00  ,2.646273483359e+00  ,2.844130018508e+00  ,2.983919353836e+00  ,3.089622665208e+00  ,3.171480493379e+00  ,3.235979480520e+00  ,3.288587158876e+00  ,3.332911992028e+00  ,3.370065272639e+00  ,3.402533180504e+00  ,3.430486069734e+00  ,3.456057182659e+00  ,3.477795154808e+00  ,3.497416653854e+00  ,3.515191688707e+00  ,3.531646677391e+00  ,3.546188153768e+00  ,3.559731973767e+00  
  1.794956785489e-07  ,2.344858133232e+00  ,2.646273483359e+00  ,2.844130018508e+00  ,2.983919353836e+00  ,3.089622665208e+00  ,3.171480493379e+00  ,3.235979480520e+00  ,3.288587158876e+00  ,3.332911992028e+00  ,3.370065272639e+00  ,3.402533180504e+00  ,3.430486069734e+00  ,3.456057182659e+00  ,3.477795154808e+00  ,3.497416653854e+00  ,3.515191688707e+00  ,3.531646677391e+00  ,3.546188153768e+00  ,3.559731973767e+00  
  1.804957327296e-07  ,2.344858133232e+00  ,2.646273483359e+00  ,2.844130018508e+00  ,2.983919353836e+00  ,3.089622665208e+00  ,3.171480493379e+00  ,3.235979480520e+00  ,3.288587158876e+00  ,3.332911992028e+00  ,3.370065272639e+00  ,3.402533180504e+00  ,3.430486069734e+00  ,3.456057182659e+00  ,3.477795154808e+00  ,3.497416653854e+00  ,3.515191688707e+00  ,3.531646677391e+00  ,3.546188153768e+00  ,3.559731973767e+00  
  1.814957869102e-07  ,2.344858133232e+00  ,2.646273483359e+00  ,2.844130018508e+00  ,2.983919353836e+00  ,3.089622665208e+00  ,3.171480493379e+00  ,3.235979480520e+00  ,3.288587158876e+00  ,3.332911992028e+00  ,3.370065272639e+00  ,3.402533180504e+00  ,3.430486069734e+00  ,3.456057182659e+00  ,3.477795154808e+00  ,3.497416653854e+00  ,3.515191688707e+00  ,3.531646677391e+00  ,3.546188153768e+00  ,3.559731973767e+00  
  1.824958410908e-07  ,2.344858133232e+00  ,2.646273483359e+00  ,2.844130018508e+00  ,2.983919353836e+00  ,3.089622665208e+00  ,3.171480493379e+00  ,3.235979480520e+00  ,3.288587158876e+00  ,3.332911992028e+00  ,3.370065272639e+00  ,3.402533180504e+00  ,3.430486069734e+00  ,3.456057182659e+00  ,3.477795154808e+00  ,3.497416653854e+00  ,3.515191688707e+00  ,3.531646677391e+00  ,3.546188153768e+00  ,3.559731973767e+00  
  1.834958952714e-07  ,2.344858133232e+00  ,2.646273483359e+00  ,2.844130018508e+00  ,2.983919353836e+00  ,3.089622665208e+00  ,3.171480493379e+00  ,3.235979480520e+00  ,3.288587158876e+00  ,3.332911992028e+00  ,3.370065272639e+00  ,3.402533180504e+00  ,3.430486069734e+00  ,3.456057182659e+00  ,3.477795154808e+00  ,3.497416653854e+00  ,3.515191688707e+00  ,3.531646677391e+00  ,3.546188153768e+00  ,3.559731973767e+00  
  1.844959494520e-07  ,2.344858133232e+00  ,2.646273483359e+00  ,2.844130018508e+00  ,2.983919353836e+00  ,3.089622665208e+00  ,3.171480493379e+00  ,3.235979480520e+00  ,3.288587158876e+00  ,3.332911992028e+00  ,3.370065272639e+00  ,3.402533180504e+00  ,3.430486069734e+00  ,3.456057182659e+00  ,3.477795154808e+00  ,3.497416653854e+00  ,3.515191688707e+00  ,3.531646677391e+00  ,3.546188153768e+00  ,3.559731973767e+00  
  1.854960036327e-07  ,2.344858133232e+00  ,2.646273483359e+00  ,2.844130018508e+00  ,2.983919353836e+00  ,3.089622665208e+00  ,3.171480493379e+00  ,3.235979480520e+00  ,3.288587158876e+00  ,3.332911992028e+00  ,3.370065272639e+00  ,3.402533180504e+00  ,3.430486069734e+00  ,3.456057182659e+00  ,3.477795154808e+00  ,3.497416653854e+00  ,3.515191688707e+00  ,3.531646677391e+00  ,3.546188153768e+00  ,3.559731973767e+00  
  1.864960578133e-07  ,2.344858133232e+00  ,2.646273483359e+00  ,2.844130018508e+00  ,2.983919353836e+00  ,3.089622665208e+00  ,3.171480493379e+00  ,3.235979480520e+00  ,3.288587158876e+00  ,3.332911992028e+00  ,3.370065272639e+00  ,3.402533180504e+00  ,3.430486069734e+00  ,3.456057182659e+00  ,3.477795154808e+00  ,3.497416653854e+00  ,3.515191688707e+00  ,3.531646677391e+00  ,3.546188153768e+00  ,3.559731973767e+00  
  1.874961119939e-07  ,2.344858133232e+00  ,2.646273483359e+00  ,2.844130018508e+00  ,2.983919353836e+00  ,3.089622665208e+00  ,3.171480493379e+00  ,3.235979480520e+00  ,3.288587158876e+00  ,3.332911992028e+00  ,3.370065272639e+00  ,3.402533180504e+00  ,3.430486069734e+00  ,3.456057182659e+00  ,3.477795154808e+00  ,3.497416653854e+00  ,3.515191688707e+00  ,3.531646677391e+00  ,3.546188153768e+00  ,3.559731973767e+00  
  1.884961661745e-07  ,2.344858133232e+00  ,2.646273483359e+00  ,2.844130018508e+00  ,2.983919353836e+00  ,3.089622665208e+00  ,3.171480493379e+00  ,3.235979480520e+00  ,3.288587158876e+00  ,3.332911992028e+00  ,3.370065272639e+00  ,3.402533180504e+00  ,3.430486069734e+00  ,3.456057182659e+00  ,3.477795154808e+00  ,3.497416653854e+00  ,3.515191688707e+00  ,3.531646677391e+00  ,3.546188153768e+00  ,3.559731973767e+00  
  1.894962203552e-07  ,2.344858133232e+00  ,2.646273483359e+00  ,2.844130018508e+00  ,2.983919353836e+00  ,3.089622665208e+00  ,3.171480493379e+00  ,3.235979480520e+00  ,3.288587158876e+00  ,3.332911992028e+00  ,3.370065272639e+00  ,3.402533180504e+00  ,3.430486069734e+00  ,3.456057182659e+00  ,3.477795154808e+00  ,3.497416653854e+00  ,3.515191688707e+00  ,3.531646677391e+00  ,3.546188153768e+00  ,3.559731973767e+00  
  1.904962745358e-07  ,2.344858133232e+00  ,2.646273483359e+00  ,2.844130018508e+00  ,2.983919353836e+00  ,3.089622665208e+00  ,3.171480493379e+00  ,3.235979480520e+00  ,3.288587158876e+00  ,3.332911992028e+00  ,3.370065272639e+00  ,3.402533180504e+00  ,3.430486069734e+00  ,3.456057182659e+00  ,3.477795154808e+00  ,3.497416653854e+00  ,3.515191688707e+00  ,3.531646677391e+00  ,3.546188153768e+00  ,3.559731973767e+00  
  1.914963287164e-07  ,2.344858133232e+00  ,2.646273483359e+00  ,2.844130018508e+00  ,2.983919353836e+00  ,3.089622665208e+00  ,3.171480493379e+00  ,3.235979480520e+00  ,3.288587158876e+00  ,3.332911992028e+00  ,3.370065272639e+00  ,3.402533180504e+00  ,3.430486069734e+00  ,3.456057182659e+00  ,3.477795154808e+00  ,3.497416653854e+00  ,3.515191688707e+00  ,3.531646677391e+00  ,3.546188153768e+00  ,3.559731973767e+00  
  1.924963828970e-07  ,2.344858133232e+00  ,2.646273483359e+00  ,2.844130018508e+00  ,2.983919353836e+00  ,3.089622665208e+00  ,3.171480493379e+00  ,3.235979480520e+00  ,3.288587158876e+00  ,3.332911992028e+00  ,3.370065272639e+00  ,3.402533180504e+00  ,3.430486069734e+00  ,3.456057182659e+00  ,3.477795154808e+00  ,3.497416653854e+00  ,3.515191688707e+00  ,3.531646677391e+00  ,3.546188153768e+00  ,3.559731973767e+00  
  1.934964370776e-07  ,2.344858133232e+00  ,2.646273483359e+00  ,2.844130018508e+00  ,2.983919353836e+00  ,3.089622665208e+00  ,3.171480493379e+00  ,3.235979480520e+00  ,3.288587158876e+00  ,3.332911992028e+00  ,3.370065272639e+00  ,3.402533180504e+00  ,3.430486069734e+00  ,3.456057182659e+00  ,3.477795154808e+00  ,3.497416653854e+00  ,3.515191688707e+00  ,3.531646677391e+00  ,3.546188153768e+00  ,3.559731973767e+00  
  1.944964912583e-07  ,2.344858133232e+00  ,2.646273483359e+00  ,2.844130018508e+00  ,2.983919353836e+00  ,3.089622665208e+00  ,3.171480493379e+00  ,3.235979480520e+00  ,3.288587158876e+00  ,3.332911992028e+00  ,3.370065272639e+00  ,3.402533180504e+00  ,3.430486069734e+00  ,3.456057182659e+00  ,3.477795154808e+00  ,3.497416653854e+00  ,3.515191688707e+00  ,3.531646677391e+00  ,3.546188153768e+00  ,3.559731973767e+00  
  1.954965454389e-07  ,2.344858133232e+00  ,2.646273483359e+00  ,2.844130018508e+00  ,2.983919353836e+00  ,3.089622665208e+00  ,3.171480493379e+00  ,3.235979480520e+00  ,3.288587158876e+00  ,3.332911992028e+00  ,3.370065272639e+00  ,3.402533180504e+00  ,3.430486069734e+00  ,3.456057182659e+00  ,3.477795154808e+00  ,3.497416653854e+00  ,3.515191688707e+00  ,3.531646677391e+00  ,3.546188153768e+00  ,3.559731973767e+00  
  1.964965996195e-07  ,2.344858133232e+00  ,2.646273483359e+00  ,2.844130018508e+00  ,2.983919353836e+00  ,3.089622665208e+00  ,3.171480493379e+00  ,3.235979480520e+00  ,3.288587158876e+00  ,3.332911992028e+00  ,3.370065272639e+00  ,3.402533180504e+00  ,3.430486069734e+00  ,3.456057182659e+00  ,3.477795154808e+00  ,3.497416653854e+00  ,3.515191688707e+00  ,3.531646677391e+00  ,3.546188153768e+00  ,3.559731973767e+00  
  1.974966538001e-07  ,2.344858133232e+00  ,2.646273483359e+00  ,2.844130018508e+00  ,2.983919353836e+00  ,3.089622665208e+00  ,3.171480493379e+00  ,3.235979480520e+00  ,3.288587158876e+00  ,3.332911992028e+00  ,3.370065272639e+00  ,3.402533180504e+00  ,3.430486069734e+00  ,3.456057182659e+00  ,3.477795154808e+00  ,3.497416653854e+00  ,3.515191688707e+00  ,3.531646677391e+00  ,3.546188153768e+00  ,3.559731973767e+00  
  1.984967079808e-07  ,2.344858133232e+00  ,2.646273483359e+00  ,2.844130018508e+00  ,2.983919353836e+00  ,3.089622665208e+00  ,3.171480493379e+00  ,3.235979480520e+00  ,3.288587158876e+00  ,3.332911992028e+00  ,3.370065272639e+00  ,3.402533180504e+00  ,3.430486069734e+00  ,3.456057182659e+00  ,3.477795154808e+00  ,3.497416653854e+00  ,3.515191688707e+00  ,3.531646677391e+00  ,3.546188153768e+00  ,3.559731973767e+00  
  1.994967621614e-07  ,2.344858133232e+00  ,2.646273483359e+00  ,2.844130018508e+00  ,2.983919353836e+00  ,3.089622665208e+00  ,3.171480493379e+00  ,3.235979480520e+00  ,3.288587158876e+00  ,3.332911992028e+00  ,3.370065272639e+00  ,3.402533180504e+00  ,3.430486069734e+00  ,3.456057182659e+00  ,3.477795154808e+00  ,3.497416653854e+00  ,3.515191688707e+00  ,3.531646677391e+00  ,3.546188153768e+00  ,3.559731973767e+00  
  2.004968163420e-07  ,2.344858133232e+00  ,2.646273483359e+00  ,2.844130018508e+00  ,2.983919353836e+00  ,3.089622665208e+00  ,3.171480493379e+00  ,3.235979480520e+00  ,3.288587158876e+00  ,3.332911992028e+00  ,3.370065272639e+00  ,3.402533180504e+00  ,3.430486069734e+00  ,3.456057182659e+00  ,3.477795154808e+00  ,3.497416653854e+00  ,3.515191688707e+00  ,3.531646677391e+00  ,3.546188153768e+00  ,3.559731973767e+00  
  2.014968705226e-07  ,2.344858133232e+00  ,2.646273483359e+00  ,2.844130018508e+00  ,2.983919353836e+00  ,3.089622665208e+00  ,3.171480493379e+00  ,3.235979480520e+00  ,3.288587158876e+00  ,3.332911992028e+00  ,3.370065272639e+00  ,3.402533180504e+00  ,3.430486069734e+00  ,3.456057182659e+00  ,3.477795154808e+00  ,3.497416653854e+00  ,3.515191688707e+00  ,3.531646677391e+00  ,3.546188153768e+00  ,3.559731973767e+00  
  2.024969247032e-07  ,2.344858133232e+00  ,2.646273483359e+00  ,2.844130018508e+00  ,2.983919353836e+00  ,3.089622665208e+00  ,3.171480493379e+00  ,3.235979480520e+00  ,3.288587158876e+00  ,3.332911992028e+00  ,3.370065272639e+00  ,3.402533180504e+00  ,3.430486069734e+00  ,3.456057182659e+00  ,3.477795154808e+00  ,3.497416653854e+00  ,3.515191688707e+00  ,3.531646677391e+00  ,3.546188153768e+00  ,3.559731973767e+00  
  2.034969788839e-07  ,2.344858133232e+00  ,2.646273483359e+00  ,2.844130018508e+00  ,2.983919353836e+00  ,3.089622665208e+00  ,3.171480493379e+00  ,3.235979480520e+00  ,3.288587158876e+00  ,3.332911992028e+00  ,3.370065272639e+00  ,3.402533180504e+00  ,3.430486069734e+00  ,3.456057182659e+00  ,3.477795154808e+00  ,3.497416653854e+00  ,3.515191688707e+00  ,3.531646677391e+00  ,3.546188153768e+00  ,3.559731973767e+00  
  2.044970330645e-07  ,2.344858133232e+00  ,2.646273483359e+00  ,2.844130018508e+00  ,2.983919353836e+00  ,3.089622665208e+00  ,3.171480493379e+00  ,3.235979480520e+00  ,3.288587158876e+00  ,3.332911992028e+00  ,3.370065272639e+00  ,3.402533180504e+00  ,3.430486069734e+00  ,3.456057182659e+00  ,3.477795154808e+00  ,3.497416653854e+00  ,3.515191688707e+00  ,3.531646677391e+00  ,3.546188153768e+00  ,3.559731973767e+00  
  2.054970872451e-07  ,2.344858133232e+00  ,2.646273483359e+00  ,2.844130018508e+00  ,2.983919353836e+00  ,3.089622665208e+00  ,3.171480493379e+00  ,3.235979480520e+00  ,3.288587158876e+00  ,3.332911992028e+00  ,3.370065272639e+00  ,3.402533180504e+00  ,3.430486069734e+00  ,3.456057182659e+00  ,3.477795154808e+00  ,3.497416653854e+00  ,3.515191688707e+00  ,3.531646677391e+00  ,3.546188153768e+00  ,3.559731973767e+00  
  2.064971414257e-07  ,2.344858133232e+00  ,2.646273483359e+00  ,2.844130018508e+00  ,2.983919353836e+00  ,3.089622665208e+00  ,3.171480493379e+00  ,3.235979480520e+00  ,3.288587158876e+00  ,3.332911992028e+00  ,3.370065272639e+00  ,3.402533180504e+00  ,3.430486069734e+00  ,3.456057182659e+00  ,3.477795154808e+00  ,3.497416653854e+00  ,3.515191688707e+00  ,3.531646677391e+00  ,3.546188153768e+00  ,3.559731973767e+00  
  2.074971956064e-07  ,2.344858133232e+00  ,2.646273483359e+00  ,2.844130018508e+00  ,2.983919353836e+00  ,3.089622665208e+00  ,3.171480493379e+00  ,3.235979480520e+00  ,3.288587158876e+00  ,3.332911992028e+00  ,3.370065272639e+00  ,3.402533180504e+00  ,3.430486069734e+00  ,3.456057182659e+00  ,3.477795154808e+00  ,3.497416653854e+00  ,3.515191688707e+00  ,3.531646677391e+00  ,3.546188153768e+00  ,3.559731973767e+00  
  2.084972497870e-07  ,2.344858133232e+00  ,2.646273483359e+00  ,2.844130018508e+00  ,2.983919353836e+00  ,3.089622665208e+00  ,3.171480493379e+00  ,3.235979480520e+00  ,3.288587158876e+00  ,3.332911992028e+00  ,3.370065272639e+00  ,3.402533180504e+00  ,3.430486069734e+00  ,3.456057182659e+00  ,3.477795154808e+00  ,3.497416653854e+00  ,3.515191688707e+00  ,3.531646677391e+00  ,3.546188153768e+00  ,3.559731973767e+00  
  2.094973039676e-07  ,2.344858133232e+00  ,2.646273483359e+00  ,2.844130018508e+00  ,2.983919353836e+00  ,3.089622665208e+00  ,3.171480493379e+00  ,3.235979480520e+00  ,3.288587158876e+00  ,3.332911992028e+00  ,3.370065272639e+00  ,3.402533180504e+00  ,3.430486069734e+00  ,3.456057182659e+00  ,3.477795154808e+00  ,3.497416653854e+00  ,3.515191688707e+00  ,3.531646677391e+00  ,3.546188153768e+00  ,3.559731973767e+00  
  2.104973581482e-07  ,2.344858133232e+00  ,2.646273483359e+00  ,2.844130018508e+00  ,2.983919353836e+00  ,3.089622665208e+00  ,3.171480493379e+00  ,3.235979480520e+00  ,3.288587158876e+00  ,3.332911992028e+00  ,3.370065272639e+00  ,3.402533180504e+00  ,3.430486069734e+00  ,3.456057182659e+00  ,3.477795154808e+00  ,3.497416653854e+00  ,3.515191688707e+00  ,3.531646677391e+00  ,3.546188153768e+00  ,3.559731973767e+00  
  2.114974123288e-07  ,2.344858133232e+00  ,2.646273483359e+00  ,2.844130018508e+00  ,2.983919353836e+00  ,3.089622665208e+00  ,3.171480493379e+00  ,3.235979480520e+00  ,3.288587158876e+00  ,3.332911992028e+00  ,3.370065272639e+00  ,3.402533180504e+00  ,3.430486069734e+00  ,3.456057182659e+00  ,3.477795154808e+00  ,3.497416653854e+00  ,3.515191688707e+00  ,3.531646677391e+00  ,3.546188153768e+00  ,3.559731973767e+00  
  2.124974665095e-07  ,2.344858133232e+00  ,2.646273483359e+00  ,2.844130018508e+00  ,2.983919353836e+00  ,3.089622665208e+00  ,3.171480493379e+00  ,3.235979480520e+00  ,3.288587158876e+00  ,3.332911992028e+00  ,3.370065272639e+00  ,3.402533180504e+00  ,3.430486069734e+00  ,3.456057182659e+00  ,3.477795154808e+00  ,3.497416653854e+00  ,3.515191688707e+00  ,3.531646677391e+00  ,3.546188153768e+00  ,3.559731973767e+00  
  2.134975206901e-07  ,2.344858133232e+00  ,2.646273483359e+00  ,2.844130018508e+00  ,2.983919353836e+00  ,3.089622665208e+00  ,3.171480493379e+00  ,3.235979480520e+00  ,3.288587158876e+00  ,3.332911992028e+00  ,3.370065272639e+00  ,3.402533180504e+00  ,3.430486069734e+00  ,3.456057182659e+00  ,3.477795154808e+00  ,3.497416653854e+00  ,3.515191688707e+00  ,3.531646677391e+00  ,3.546188153768e+00  ,3.559731973767e+00  
  2.144975748707e-07  ,2.344858133232e+00  ,2.646273483359e+00  ,2.844130018508e+00  ,2.983919353836e+00  ,3.089622665208e+00  ,3.171480493379e+00  ,3.235979480520e+00  ,3.288587158876e+00  ,3.332911992028e+00  ,3.370065272639e+00  ,3.402533180504e+00  ,3.430486069734e+00  ,3.456057182659e+00  ,3.477795154808e+00  ,3.497416653854e+00  ,3.515191688707e+00  ,3.531646677391e+00  ,3.546188153768e+00  ,3.559731973767e+00  
  2.154976290513e-07  ,2.344858133232e+00  ,2.646273483359e+00  ,2.844130018508e+00  ,2.983919353836e+00  ,3.089622665208e+00  ,3.171480493379e+00  ,3.235979480520e+00  ,3.288587158876e+00  ,3.332911992028e+00  ,3.370065272639e+00  ,3.402533180504e+00  ,3.430486069734e+00  ,3.456057182659e+00  ,3.477795154808e+00  ,3.497416653854e+00  ,3.515191688707e+00  ,3.531646677391e+00  ,3.546188153768e+00  ,3.559731973767e+00  
  2.164976832320e-07  ,2.344858133232e+00  ,2.646273483359e+00  ,2.844130018508e+00  ,2.983919353836e+00  ,3.089622665208e+00  ,3.171480493379e+00  ,3.235979480520e+00  ,3.288587158876e+00  ,3.332911992028e+00  ,3.370065272639e+00  ,3.402533180504e+00  ,3.430486069734e+00  ,3.456057182659e+00  ,3.477795154808e+00  ,3.497416653854e+00  ,3.515191688707e+00  ,3.531646677391e+00  ,3.546188153768e+00  ,3.559731973767e+00  
  2.174977374126e-07  ,2.344858133232e+00  ,2.646273483359e+00  ,2.844130018508e+00  ,2.983919353836e+00  ,3.089622665208e+00  ,3.171480493379e+00  ,3.235979480520e+00  ,3.288587158876e+00  ,3.332911992028e+00  ,3.370065272639e+00  ,3.402533180504e+00  ,3.430486069734e+00  ,3.456057182659e+00  ,3.477795154808e+00  ,3.497416653854e+00  ,3.515191688707e+00  ,3.531646677391e+00  ,3.546188153768e+00  ,3.559731973767e+00  
  2.184977915932e-07  ,2.344858133232e+00  ,2.646273483359e+00  ,2.844130018508e+00  ,2.983919353836e+00  ,3.089622665208e+00  ,3.171480493379e+00  ,3.235979480520e+00  ,3.288587158876e+00  ,3.332911992028e+00  ,3.370065272639e+00  ,3.402533180504e+00  ,3.430486069734e+00  ,3.456057182659e+00  ,3.477795154808e+00  ,3.497416653854e+00  ,3.515191688707e+00  ,3.531646677391e+00  ,3.546188153768e+00  ,3.559731973767e+00  
  2.194978457738e-07  ,2.344858133232e+00  ,2.646273483359e+00  ,2.844130018508e+00  ,2.983919353836e+00  ,3.089622665208e+00  ,3.171480493379e+00  ,3.235979480520e+00  ,3.288587158876e+00  ,3.332911992028e+00  ,3.370065272639e+00  ,3.402533180504e+00  ,3.430486069734e+00  ,3.456057182659e+00  ,3.477795154808e+00  ,3.497416653854e+00  ,3.515191688707e+00  ,3.531646677391e+00  ,3.546188153768e+00  ,3.559731973767e+00  
  2.204978999544e-07  ,2.344858133232e+00  ,2.646273483359e+00  ,2.844130018508e+00  ,2.983919353836e+00  ,3.089622665208e+00  ,3.171480493379e+00  ,3.235979480520e+00  ,3.288587158876e+00  ,3.332911992028e+00  ,3.370065272639e+00  ,3.402533180504e+00  ,3.430486069734e+00  ,3.456057182659e+00  ,3.477795154808e+00  ,3.497416653854e+00  ,3.515191688707e+00  ,3.531646677391e+00  ,3.546188153768e+00  ,3.559731973767e+00  
  2.214979541351e-07  ,2.344858133232e+00  ,2.646273483359e+00  ,2.844130018508e+00  ,2.983919353836e+00  ,3.089622665208e+00  ,3.171480493379e+00  ,3.235979480520e+00  ,3.288587158876e+00  ,3.332911992028e+00  ,3.370065272639e+00  ,3.402533180504e+00  ,3.430486069734e+00  ,3.456057182659e+00  ,3.477795154808e+00  ,3.497416653854e+00  ,3.515191688707e+00  ,3.531646677391e+00  ,3.546188153768e+00  ,3.559731973767e+00  
  2.224980083157e-07  ,2.344858133232e+00  ,2.646273483359e+00  ,2.844130018508e+00  ,2.983919353836e+00  ,3.089622665208e+00  ,3.171480493379e+00  ,3.235979480520e+00  ,3.288587158876e+00  ,3.332911992028e+00  ,3.370065272639e+00  ,3.402533180504e+00  ,3.430486069734e+00  ,3.456057182659e+00  ,3.477795154808e+00  ,3.497416653854e+00  ,3.515191688707e+00  ,3.531646677391e+00  ,3.546188153768e+00  ,3.559731973767e+00  
  2.234980624963e-07  ,2.344858133232e+00  ,2.646273483359e+00  ,2.844130018508e+00  ,2.983919353836e+00  ,3.089622665208e+00  ,3.171480493379e+00  ,3.235979480520e+00  ,3.288587158876e+00  ,3.332911992028e+00  ,3.370065272639e+00  ,3.402533180504e+00  ,3.430486069734e+00  ,3.456057182659e+00  ,3.477795154808e+00  ,3.497416653854e+00  ,3.515191688707e+00  ,3.531646677391e+00  ,3.546188153768e+00  ,3.559731973767e+00  
  2.244981166769e-07  ,2.344858133232e+00  ,2.646273483359e+00  ,2.844130018508e+00  ,2.983919353836e+00  ,3.089622665208e+00  ,3.171480493379e+00  ,3.235979480520e+00  ,3.288587158876e+00  ,3.332911992028e+00  ,3.370065272639e+00  ,3.402533180504e+00  ,3.430486069734e+00  ,3.456057182659e+00  ,3.477795154808e+00  ,3.497416653854e+00  ,3.515191688707e+00  ,3.531646677391e+00  ,3.546188153768e+00  ,3.559731973767e+00  
  2.254981708576e-07  ,2.344858133232e+00  ,2.646273483359e+00  ,2.844130018508e+00  ,2.983919353836e+00  ,3.089622665208e+00  ,3.171480493379e+00  ,3.235979480520e+00  ,3.288587158876e+00  ,3.332911992028e+00  ,3.370065272639e+00  ,3.402533180504e+00  ,3.430486069734e+00  ,3.456057182659e+00  ,3.477795154808e+00  ,3.497416653854e+00  ,3.515191688707e+00  ,3.531646677391e+00  ,3.546188153768e+00  ,3.559731973767e+00  
  2.264982250382e-07  ,2.344858133232e+00  ,2.646273483359e+00  ,2.844130018508e+00  ,2.983919353836e+00  ,3.089622665208e+00  ,3.171480493379e+00  ,3.235979480520e+00  ,3.288587158876e+00  ,3.332911992028e+00  ,3.370065272639e+00  ,3.402533180504e+00  ,3.430486069734e+00  ,3.456057182659e+00  ,3.477795154808e+00  ,3.497416653854e+00  ,3.515191688707e+00  ,3.531646677391e+00  ,3.546188153768e+00  ,3.559731973767e+00  
  2.274982792188e-07  ,2.344858133232e+00  ,2.646273483359e+00  ,2.844130018508e+00  ,2.983919353836e+00  ,3.089622665208e+00  ,3.171480493379e+00  ,3.235979480520e+00  ,3.288587158876e+00  ,3.332911992028e+00  ,3.370065272639e+00  ,3.402533180504e+00  ,3.430486069734e+00  ,3.456057182659e+00  ,3.477795154808e+00  ,3.497416653854e+00  ,3.515191688707e+00  ,3.531646677391e+00  ,3.546188153768e+00  ,3.559731973767e+00  
  2.284983333994e-07  ,2.344858133232e+00  ,2.646273483359e+00  ,2.844130018508e+00  ,2.983919353836e+00  ,3.089622665208e+00  ,3.171480493379e+00  ,3.235979480520e+00  ,3.288587158876e+00  ,3.332911992028e+00  ,3.370065272639e+00  ,3.402533180504e+00  ,3.430486069734e+00  ,3.456057182659e+00  ,3.477795154808e+00  ,3.497416653854e+00  ,3.515191688707e+00  ,3.531646677391e+00  ,3.546188153768e+00  ,3.559731973767e+00  
  2.294983875800e-07  ,2.344858133232e+00  ,2.646273483359e+00  ,2.844130018508e+00  ,2.983919353836e+00  ,3.089622665208e+00  ,3.171480493379e+00  ,3.235979480520e+00  ,3.288587158876e+00  ,3.332911992028e+00  ,3.370065272639e+00  ,3.402533180504e+00  ,3.430486069734e+00  ,3.456057182659e+00  ,3.477795154808e+00  ,3.497416653854e+00  ,3.515191688707e+00  ,3.531646677391e+00  ,3.546188153768e+00  ,3.559731973767e+00  
  2.304984417607e-07  ,2.344858133232e+00  ,2.646273483359e+00  ,2.844130018508e+00  ,2.983919353836e+00  ,3.089622665208e+00  ,3.171480493379e+00  ,3.235979480520e+00  ,3.288587158876e+00  ,3.332911992028e+00  ,3.370065272639e+00  ,3.402533180504e+00  ,3.430486069734e+00  ,3.456057182659e+00  ,3.477795154808e+00  ,3.497416653854e+00  ,3.515191688707e+00  ,3.531646677391e+00  ,3.546188153768e+00  ,3.559731973767e+00  
  2.314984959413e-07  ,2.344858133232e+00  ,2.646273483359e+00  ,2.844130018508e+00  ,2.983919353836e+00  ,3.089622665208e+00  ,3.171480493379e+00  ,3.235979480520e+00  ,3.288587158876e+00  ,3.332911992028e+00  ,3.370065272639e+00  ,3.402533180504e+00  ,3.430486069734e+00  ,3.456057182659e+00  ,3.477795154808e+00  ,3.497416653854e+00  ,3.515191688707e+00  ,3.531646677391e+00  ,3.546188153768e+00  ,3.559731973767e+00  
  2.324985501219e-07  ,2.344858133232e+00  ,2.646273483359e+00  ,2.844130018508e+00  ,2.983919353836e+00  ,3.089622665208e+00  ,3.171480493379e+00  ,3.235979480520e+00  ,3.288587158876e+00  ,3.332911992028e+00  ,3.370065272639e+00  ,3.402533180504e+00  ,3.430486069734e+00  ,3.456057182659e+00  ,3.477795154808e+00  ,3.497416653854e+00  ,3.515191688707e+00  ,3.531646677391e+00  ,3.546188153768e+00  ,3.559731973767e+00  
  2.334986043025e-07  ,2.344858133232e+00  ,2.646273483359e+00  ,2.844130018508e+00  ,2.983919353836e+00  ,3.089622665208e+00  ,3.171480493379e+00  ,3.235979480520e+00  ,3.288587158876e+00  ,3.332911992028e+00  ,3.370065272639e+00  ,3.402533180504e+00  ,3.430486069734e+00  ,3.456057182659e+00  ,3.477795154808e+00  ,3.497416653854e+00  ,3.515191688707e+00  ,3.531646677391e+00  ,3.546188153768e+00  ,3.559731973767e+00  
  2.344986584831e-07  ,2.344858133232e+00  ,2.646273483359e+00  ,2.844130018508e+00  ,2.983919353836e+00  ,3.089622665208e+00  ,3.171480493379e+00  ,3.235979480520e+00  ,3.288587158876e+00  ,3.332911992028e+00  ,3.370065272639e+00  ,3.402533180504e+00  ,3.430486069734e+00  ,3.456057182659e+00  ,3.477795154808e+00  ,3.497416653854e+00  ,3.515191688707e+00  ,3.531646677391e+00  ,3.546188153768e+00  ,3.559731973767e+00  
  2.354987126638e-07  ,2.344858133232e+00  ,2.646273483359e+00  ,2.844130018508e+00  ,2.983919353836e+00  ,3.089622665208e+00  ,3.171480493379e+00  ,3.235979480520e+00  ,3.288587158876e+00  ,3.332911992028e+00  ,3.370065272639e+00  ,3.402533180504e+00  ,3.430486069734e+00  ,3.456057182659e+00  ,3.477795154808e+00  ,3.497416653854e+00  ,3.515191688707e+00  ,3.531646677391e+00  ,3.546188153768e+00  ,3.559731973767e+00  
  2.364987668444e-07  ,2.344858133232e+00  ,2.646273483359e+00  ,2.844130018508e+00  ,2.983919353836e+00  ,3.089622665208e+00  ,3.171480493379e+00  ,3.235979480520e+00  ,3.288587158876e+00  ,3.332911992028e+00  ,3.370065272639e+00  ,3.402533180504e+00  ,3.430486069734e+00  ,3.456057182659e+00  ,3.477795154808e+00  ,3.497416653854e+00  ,3.515191688707e+00  ,3.531646677391e+00  ,3.546188153768e+00  ,3.559731973767e+00  
  2.374988210250e-07  ,2.344858133232e+00  ,2.646273483359e+00  ,2.844130018508e+00  ,2.983919353836e+00  ,3.089622665208e+00  ,3.171480493379e+00  ,3.235979480520e+00  ,3.288587158876e+00  ,3.332911992028e+00  ,3.370065272639e+00  ,3.402533180504e+00  ,3.430486069734e+00  ,3.456057182659e+00  ,3.477795154808e+00  ,3.497416653854e+00  ,3.515191688707e+00  ,3.531646677391e+00  ,3.546188153768e+00  ,3.559731973767e+00  
  2.384988752056e-07  ,2.344858133232e+00  ,2.646273483359e+00  ,2.844130018508e+00  ,2.983919353836e+00  ,3.089622665208e+00  ,3.171480493379e+00  ,3.235979480520e+00  ,3.288587158876e+00  ,3.332911992028e+00  ,3.370065272639e+00  ,3.402533180504e+00  ,3.430486069734e+00  ,3.456057182659e+00  ,3.477795154808e+00  ,3.497416653854e+00  ,3.515191688707e+00  ,3.531646677391e+00  ,3.546188153768e+00  ,3.559731973767e+00  
  2.394989293863e-07  ,2.344858133232e+00  ,2.646273483359e+00  ,2.844130018508e+00  ,2.983919353836e+00  ,3.089622665208e+00  ,3.171480493379e+00  ,3.235979480520e+00  ,3.288587158876e+00  ,3.332911992028e+00  ,3.370065272639e+00  ,3.402533180504e+00  ,3.430486069734e+00  ,3.456057182659e+00  ,3.477795154808e+00  ,3.497416653854e+00  ,3.515191688707e+00  ,3.531646677391e+00  ,3.546188153768e+00  ,3.559731973767e+00  
  2.404989835669e-07  ,2.344858133232e+00  ,2.646273483359e+00  ,2.844130018508e+00  ,2.983919353836e+00  ,3.089622665208e+00  ,3.171480493379e+00  ,3.235979480520e+00  ,3.288587158876e+00  ,3.332911992028e+00  ,3.370065272639e+00  ,3.402533180504e+00  ,3.430486069734e+00  ,3.456057182659e+00  ,3.477795154808e+00  ,3.497416653854e+00  ,3.515191688707e+00  ,3.531646677391e+00  ,3.546188153768e+00  ,3.559731973767e+00  
  2.414990377475e-07  ,2.344858133232e+00  ,2.646273483359e+00  ,2.844130018508e+00  ,2.983919353836e+00  ,3.089622665208e+00  ,3.171480493379e+00  ,3.235979480520e+00  ,3.288587158876e+00  ,3.332911992028e+00  ,3.370065272639e+00  ,3.402533180504e+00  ,3.430486069734e+00  ,3.456057182659e+00  ,3.477795154808e+00  ,3.497416653854e+00  ,3.515191688707e+00  ,3.531646677391e+00  ,3.546188153768e+00  ,3.559731973767e+00  
  2.424990919281e-07  ,2.344858133232e+00  ,2.646273483359e+00  ,2.844130018508e+00  ,2.983919353836e+00  ,3.089622665208e+00  ,3.171480493379e+00  ,3.235979480520e+00  ,3.288587158876e+00  ,3.332911992028e+00  ,3.370065272639e+00  ,3.402533180504e+00  ,3.430486069734e+00  ,3.456057182659e+00  ,3.477795154808e+00  ,3.497416653854e+00  ,3.515191688707e+00  ,3.531646677391e+00  ,3.546188153768e+00  ,3.559731973767e+00  
  2.434991461087e-07  ,2.344858133232e+00  ,2.646273483359e+00  ,2.844130018508e+00  ,2.983919353836e+00  ,3.089622665208e+00  ,3.171480493379e+00  ,3.235979480520e+00  ,3.288587158876e+00  ,3.332911992028e+00  ,3.370065272639e+00  ,3.402533180504e+00  ,3.430486069734e+00  ,3.456057182659e+00  ,3.477795154808e+00  ,3.497416653854e+00  ,3.515191688707e+00  ,3.531646677391e+00  ,3.546188153768e+00  ,3.559731973767e+00  
  2.444992002894e-07  ,2.344858133232e+00  ,2.646273483359e+00  ,2.844130018508e+00  ,2.983919353836e+00  ,3.089622665208e+00  ,3.171480493379e+00  ,3.235979480520e+00  ,3.288587158876e+00  ,3.332911992028e+00  ,3.370065272639e+00  ,3.402533180504e+00  ,3.430486069734e+00  ,3.456057182659e+00  ,3.477795154808e+00  ,3.497416653854e+00  ,3.515191688707e+00  ,3.531646677391e+00  ,3.546188153768e+00  ,3.559731973767e+00  
  2.454992544700e-07  ,2.344858133232e+00  ,2.646273483359e+00  ,2.844130018508e+00  ,2.983919353836e+00  ,3.089622665208e+00  ,3.171480493379e+00  ,3.235979480520e+00  ,3.288587158876e+00  ,3.332911992028e+00  ,3.370065272639e+00  ,3.402533180504e+00  ,3.430486069734e+00  ,3.456057182659e+00  ,3.477795154808e+00  ,3.497416653854e+00  ,3.515191688707e+00  ,3.531646677391e+00  ,3.546188153768e+00  ,3.559731973767e+00  
  2.464993086506e-07  ,2.344858133232e+00  ,2.646273483359e+00  ,2.844130018508e+00  ,2.983919353836e+00  ,3.089622665208e+00  ,3.171480493379e+00  ,3.235979480520e+00  ,3.288587158876e+00  ,3.332911992028e+00  ,3.370065272639e+00  ,3.402533180504e+00  ,3.430486069734e+00  ,3.456057182659e+00  ,3.477795154808e+00  ,3.497416653854e+00  ,3.515191688707e+00  ,3.531646677391e+00  ,3.546188153768e+00  ,3.559731973767e+00  
  2.474993628312e-07  ,2.344858133232e+00  ,2.646273483359e+00  ,2.844130018508e+00  ,2.983919353836e+00  ,3.089622665208e+00  ,3.171480493379e+00  ,3.235979480520e+00  ,3.288587158876e+00  ,3.332911992028e+00  ,3.370065272639e+00  ,3.402533180504e+00  ,3.430486069734e+00  ,3.456057182659e+00  ,3.477795154808e+00  ,3.497416653854e+00  ,3.515191688707e+00  ,3.531646677391e+00  ,3.546188153768e+00  ,3.559731973767e+00  
  2.484994170119e-07  ,2.344858133232e+00  ,2.646273483359e+00  ,2.844130018508e+00  ,2.983919353836e+00  ,3.089622665208e+00  ,3.171480493379e+00  ,3.235979480520e+00  ,3.288587158876e+00  ,3.332911992028e+00  ,3.370065272639e+00  ,3.402533180504e+00  ,3.430486069734e+00  ,3.456057182659e+00  ,3.477795154808e+00  ,3.497416653854e+00  ,3.515191688707e+00  ,3.531646677391e+00  ,3.546188153768e+00  ,3.559731973767e+00  
  2.494994711925e-07  ,2.344858133232e+00  ,2.646273483359e+00  ,2.844130018508e+00  ,2.983919353836e+00  ,3.089622665208e+00  ,3.171480493379e+00  ,3.235979480520e+00  ,3.288587158876e+00  ,3.332911992028e+00  ,3.370065272639e+00  ,3.402533180504e+00  ,3.430486069734e+00  ,3.456057182659e+00  ,3.477795154808e+00  ,3.497416653854e+00  ,3.515191688707e+00  ,3.531646677391e+00  ,3.546188153768e+00  ,3.559731973767e+00  
  2.504995253731e-07  ,2.344858133232e+00  ,2.646273483359e+00  ,2.844130018508e+00  ,2.983919353836e+00  ,3.089622665208e+00  ,3.171480493379e+00  ,3.235979480520e+00  ,3.288587158876e+00  ,3.332911992028e+00  ,3.370065272639e+00  ,3.402533180504e+00  ,3.430486069734e+00  ,3.456057182659e+00  ,3.477795154808e+00  ,3.497416653854e+00  ,3.515191688707e+00  ,3.531646677391e+00  ,3.546188153768e+00  ,3.559731973767e+00  
  2.514995795537e-07  ,2.344858133232e+00  ,2.646273483359e+00  ,2.844130018508e+00  ,2.983919353836e+00  ,3.089622665208e+00  ,3.171480493379e+00  ,3.235979480520e+00  ,3.288587158876e+00  ,3.332911992028e+00  ,3.370065272639e+00  ,3.402533180504e+00  ,3.430486069734e+00  ,3.456057182659e+00  ,3.477795154808e+00  ,3.497416653854e+00  ,3.515191688707e+00  ,3.531646677391e+00  ,3.546188153768e+00  ,3.559731973767e+00  
  2.524996337343e-07  ,2.344858133232e+00  ,2.646273483359e+00  ,2.844130018508e+00  ,2.983919353836e+00  ,3.089622665208e+00  ,3.171480493379e+00  ,3.235979480520e+00  ,3.288587158876e+00  ,3.332911992028e+00  ,3.370065272639e+00  ,3.402533180504e+00  ,3.430486069734e+00  ,3.456057182659e+00  ,3.477795154808e+00  ,3.497416653854e+00  ,3.515191688707e+00  ,3.531646677391e+00  ,3.546188153768e+00  ,3.559731973767e+00  
  2.534996879150e-07  ,2.344858133232e+00  ,2.646273483359e+00  ,2.844130018508e+00  ,2.983919353836e+00  ,3.089622665208e+00  ,3.171480493379e+00  ,3.235979480520e+00  ,3.288587158876e+00  ,3.332911992028e+00  ,3.370065272639e+00  ,3.402533180504e+00  ,3.430486069734e+00  ,3.456057182659e+00  ,3.477795154808e+00  ,3.497416653854e+00  ,3.515191688707e+00  ,3.531646677391e+00  ,3.546188153768e+00  ,3.559731973767e+00  
  2.544997420956e-07  ,2.344858133232e+00  ,2.646273483359e+00  ,2.844130018508e+00  ,2.983919353836e+00  ,3.089622665208e+00  ,3.171480493379e+00  ,3.235979480520e+00  ,3.288587158876e+00  ,3.332911992028e+00  ,3.370065272639e+00  ,3.402533180504e+00  ,3.430486069734e+00  ,3.456057182659e+00  ,3.477795154808e+00  ,3.497416653854e+00  ,3.515191688707e+00  ,3.531646677391e+00  ,3.546188153768e+00  ,3.559731973767e+00  
  2.554997962762e-07  ,2.344858133232e+00  ,2.646273483359e+00  ,2.844130018508e+00  ,2.983919353836e+00  ,3.089622665208e+00  ,3.171480493379e+00  ,3.235979480520e+00  ,3.288587158876e+00  ,3.332911992028e+00  ,3.370065272639e+00  ,3.402533180504e+00  ,3.430486069734e+00  ,3.456057182659e+00  ,3.477795154808e+00  ,3.497416653854e+00  ,3.515191688707e+00  ,3.531646677391e+00  ,3.546188153768e+00  ,3.559731973767e+00  
  2.564998504568e-07  ,2.344858133232e+00  ,2.646273483359e+00  ,2.844130018508e+00  ,2.983919353836e+00  ,3.089622665208e+00  ,3.171480493379e+00  ,3.235979480520e+00  ,3.288587158876e+00  ,3.332911992028e+00  ,3.370065272639e+00  ,3.402533180504e+00  ,3.430486069734e+00  ,3.456057182659e+00  ,3.477795154808e+00  ,3.497416653854e+00  ,3.515191688707e+00  ,3.531646677391e+00  ,3.546188153768e+00  ,3.559731973767e+00  
  2.574999046375e-07  ,2.344858133232e+00  ,2.646273483359e+00  ,2.844130018508e+00  ,2.983919353836e+00  ,3.089622665208e+00  ,3.171480493379e+00  ,3.235979480520e+00  ,3.288587158876e+00  ,3.332911992028e+00  ,3.370065272639e+00  ,3.402533180504e+00  ,3.430486069734e+00  ,3.456057182659e+00  ,3.477795154808e+00  ,3.497416653854e+00  ,3.515191688707e+00  ,3.531646677391e+00  ,3.546188153768e+00  ,3.559731973767e+00  
  2.584999588181e-07  ,2.344858133232e+00  ,2.646273483359e+00  ,2.844130018508e+00  ,2.983919353836e+00  ,3.089622665208e+00  ,3.171480493379e+00  ,3.235979480520e+00  ,3.288587158876e+00  ,3.332911992028e+00  ,3.370065272639e+00  ,3.402533180504e+00  ,3.430486069734e+00  ,3.456057182659e+00  ,3.477795154808e+00  ,3.497416653854e+00  ,3.515191688707e+00  ,3.531646677391e+00  ,3.546188153768e+00  ,3.559731973767e+00  
  2.595000129987e-07  ,2.344858133232e+00  ,2.646273483359e+00  ,2.844130018508e+00  ,2.983919353836e+00  ,3.089622665208e+00  ,3.171480493379e+00  ,3.235979480520e+00  ,3.288587158876e+00  ,3.332911992028e+00  ,3.370065272639e+00  ,3.402533180504e+00  ,3.430486069734e+00  ,3.456057182659e+00  ,3.477795154808e+00  ,3.497416653854e+00  ,3.515191688707e+00  ,3.531646677391e+00  ,3.546188153768e+00  ,3.559731973767e+00  
  2.605000671793e-07  ,2.344858133232e+00  ,2.646273483359e+00  ,2.844130018508e+00  ,2.983919353836e+00  ,3.089622665208e+00  ,3.171480493379e+00  ,3.235979480520e+00  ,3.288587158876e+00  ,3.332911992028e+00  ,3.370065272639e+00  ,3.402533180504e+00  ,3.430486069734e+00  ,3.456057182659e+00  ,3.477795154808e+00  ,3.497416653854e+00  ,3.515191688707e+00  ,3.531646677391e+00  ,3.546188153768e+00  ,3.559731973767e+00  
  2.615001213599e-07  ,2.344858133232e+00  ,2.646273483359e+00  ,2.844130018508e+00  ,2.983919353836e+00  ,3.089622665208e+00  ,3.171480493379e+00  ,3.235979480520e+00  ,3.288587158876e+00  ,3.332911992028e+00  ,3.370065272639e+00  ,3.402533180504e+00  ,3.430486069734e+00  ,3.456057182659e+00  ,3.477795154808e+00  ,3.497416653854e+00  ,3.515191688707e+00  ,3.531646677391e+00  ,3.546188153768e+00  ,3.559731973767e+00  
  2.625001755406e-07  ,2.344858133232e+00  ,2.646273483359e+00  ,2.844130018508e+00  ,2.983919353836e+00  ,3.089622665208e+00  ,3.171480493379e+00  ,3.235979480520e+00  ,3.288587158876e+00  ,3.332911992028e+00  ,3.370065272639e+00  ,3.402533180504e+00  ,3.430486069734e+00  ,3.456057182659e+00  ,3.477795154808e+00  ,3.497416653854e+00  ,3.515191688707e+00  ,3.531646677391e+00  ,3.546188153768e+00  ,3.559731973767e+00  
  2.635002297212e-07  ,2.344858133232e+00  ,2.646273483359e+00  ,2.844130018508e+00  ,2.983919353836e+00  ,3.089622665208e+00  ,3.171480493379e+00  ,3.235979480520e+00  ,3.288587158876e+00  ,3.332911992028e+00  ,3.370065272639e+00  ,3.402533180504e+00  ,3.430486069734e+00  ,3.456057182659e+00  ,3.477795154808e+00  ,3.497416653854e+00  ,3.515191688707e+00  ,3.531646677391e+00  ,3.546188153768e+00  ,3.559731973767e+00  
  2.645002839018e-07  ,2.344858133232e+00  ,2.646273483359e+00  ,2.844130018508e+00  ,2.983919353836e+00  ,3.089622665208e+00  ,3.171480493379e+00  ,3.235979480520e+00  ,3.288587158876e+00  ,3.332911992028e+00  ,3.370065272639e+00  ,3.402533180504e+00  ,3.430486069734e+00  ,3.456057182659e+00  ,3.477795154808e+00  ,3.497416653854e+00  ,3.515191688707e+00  ,3.531646677391e+00  ,3.546188153768e+00  ,3.559731973767e+00  
  2.655003380824e-07  ,2.344858133232e+00  ,2.646273483359e+00  ,2.844130018508e+00  ,2.983919353836e+00  ,3.089622665208e+00  ,3.171480493379e+00  ,3.235979480520e+00  ,3.288587158876e+00  ,3.332911992028e+00  ,3.370065272639e+00  ,3.402533180504e+00  ,3.430486069734e+00  ,3.456057182659e+00  ,3.477795154808e+00  ,3.497416653854e+00  ,3.515191688707e+00  ,3.531646677391e+00  ,3.546188153768e+00  ,3.559731973767e+00  
  2.665003922631e-07  ,2.344858133232e+00  ,2.646273483359e+00  ,2.844130018508e+00  ,2.983919353836e+00  ,3.089622665208e+00  ,3.171480493379e+00  ,3.235979480520e+00  ,3.288587158876e+00  ,3.332911992028e+00  ,3.370065272639e+00  ,3.402533180504e+00  ,3.430486069734e+00  ,3.456057182659e+00  ,3.477795154808e+00  ,3.497416653854e+00  ,3.515191688707e+00  ,3.531646677391e+00  ,3.546188153768e+00  ,3.559731973767e+00  
  2.675004464437e-07  ,2.344858133232e+00  ,2.646273483359e+00  ,2.844130018508e+00  ,2.983919353836e+00  ,3.089622665208e+00  ,3.171480493379e+00  ,3.235979480520e+00  ,3.288587158876e+00  ,3.332911992028e+00  ,3.370065272639e+00  ,3.402533180504e+00  ,3.430486069734e+00  ,3.456057182659e+00  ,3.477795154808e+00  ,3.497416653854e+00  ,3.515191688707e+00  ,3.531646677391e+00  ,3.546188153768e+00  ,3.559731973767e+00  
  2.685005006243e-07  ,2.344858133232e+00  ,2.646273483359e+00  ,2.844130018508e+00  ,2.983919353836e+00  ,3.089622665208e+00  ,3.171480493379e+00  ,3.235979480520e+00  ,3.288587158876e+00  ,3.332911992028e+00  ,3.370065272639e+00  ,3.402533180504e+00  ,3.430486069734e+00  ,3.456057182659e+00  ,3.477795154808e+00  ,3.497416653854e+00  ,3.515191688707e+00  ,3.531646677391e+00  ,3.546188153768e+00  ,3.559731973767e+00  
  2.695005548049e-07  ,2.344858133232e+00  ,2.646273483359e+00  ,2.844130018508e+00  ,2.983919353836e+00  ,3.089622665208e+00  ,3.171480493379e+00  ,3.235979480520e+00  ,3.288587158876e+00  ,3.332911992028e+00  ,3.370065272639e+00  ,3.402533180504e+00  ,3.430486069734e+00  ,3.456057182659e+00  ,3.477795154808e+00  ,3.497416653854e+00  ,3.515191688707e+00  ,3.531646677391e+00  ,3.546188153768e+00  ,3.559731973767e+00  
  2.705006089855e-07  ,2.344858133232e+00  ,2.646273483359e+00  ,2.844130018508e+00  ,2.983919353836e+00  ,3.089622665208e+00  ,3.171480493379e+00  ,3.235979480520e+00  ,3.288587158876e+00  ,3.332911992028e+00  ,3.370065272639e+00  ,3.402533180504e+00  ,3.430486069734e+00  ,3.456057182659e+00  ,3.477795154808e+00  ,3.497416653854e+00  ,3.515191688707e+00  ,3.531646677391e+00  ,3.546188153768e+00  ,3.559731973767e+00  
  2.715006631662e-07  ,2.344858133232e+00  ,2.646273483359e+00  ,2.844130018508e+00  ,2.983919353836e+00  ,3.089622665208e+00  ,3.171480493379e+00  ,3.235979480520e+00  ,3.288587158876e+00  ,3.332911992028e+00  ,3.370065272639e+00  ,3.402533180504e+00  ,3.430486069734e+00  ,3.456057182659e+00  ,3.477795154808e+00  ,3.497416653854e+00  ,3.515191688707e+00  ,3.531646677391e+00  ,3.546188153768e+00  ,3.559731973767e+00  
  2.725007173468e-07  ,2.344858133232e+00  ,2.646273483359e+00  ,2.844130018508e+00  ,2.983919353836e+00  ,3.089622665208e+00  ,3.171480493379e+00  ,3.235979480520e+00  ,3.288587158876e+00  ,3.332911992028e+00  ,3.370065272639e+00  ,3.402533180504e+00  ,3.430486069734e+00  ,3.456057182659e+00  ,3.477795154808e+00  ,3.497416653854e+00  ,3.515191688707e+00  ,3.531646677391e+00  ,3.546188153768e+00  ,3.559731973767e+00  
  2.735007715274e-07  ,2.344858133232e+00  ,2.646273483359e+00  ,2.844130018508e+00  ,2.983919353836e+00  ,3.089622665208e+00  ,3.171480493379e+00  ,3.235979480520e+00  ,3.288587158876e+00  ,3.332911992028e+00  ,3.370065272639e+00  ,3.402533180504e+00  ,3.430486069734e+00  ,3.456057182659e+00  ,3.477795154808e+00  ,3.497416653854e+00  ,3.515191688707e+00  ,3.531646677391e+00  ,3.546188153768e+00  ,3.559731973767e+00  
  2.745008257080e-07  ,2.344858133232e+00  ,2.646273483359e+00  ,2.844130018508e+00  ,2.983919353836e+00  ,3.089622665208e+00  ,3.171480493379e+00  ,3.235979480520e+00  ,3.288587158876e+00  ,3.332911992028e+00  ,3.370065272639e+00  ,3.402533180504e+00  ,3.430486069734e+00  ,3.456057182659e+00  ,3.477795154808e+00  ,3.497416653854e+00  ,3.515191688707e+00  ,3.531646677391e+00  ,3.546188153768e+00  ,3.559731973767e+00  
  2.755008798887e-07  ,2.344858133232e+00  ,2.646273483359e+00  ,2.844130018508e+00  ,2.983919353836e+00  ,3.089622665208e+00  ,3.171480493379e+00  ,3.235979480520e+00  ,3.288587158876e+00  ,3.332911992028e+00  ,3.370065272639e+00  ,3.402533180504e+00  ,3.430486069734e+00  ,3.456057182659e+00  ,3.477795154808e+00  ,3.497416653854e+00  ,3.515191688707e+00  ,3.531646677391e+00  ,3.546188153768e+00  ,3.559731973767e+00  
  2.765009340693e-07  ,2.344858133232e+00  ,2.646273483359e+00  ,2.844130018508e+00  ,2.983919353836e+00  ,3.089622665208e+00  ,3.171480493379e+00  ,3.235979480520e+00  ,3.288587158876e+00  ,3.332911992028e+00  ,3.370065272639e+00  ,3.402533180504e+00  ,3.430486069734e+00  ,3.456057182659e+00  ,3.477795154808e+00  ,3.497416653854e+00  ,3.515191688707e+00  ,3.531646677391e+00  ,3.546188153768e+00  ,3.559731973767e+00  
  2.775009882499e-07  ,2.344858133232e+00  ,2.646273483359e+00  ,2.844130018508e+00  ,2.983919353836e+00  ,3.089622665208e+00  ,3.171480493379e+00  ,3.235979480520e+00  ,3.288587158876e+00  ,3.332911992028e+00  ,3.370065272639e+00  ,3.402533180504e+00  ,3.430486069734e+00  ,3.456057182659e+00  ,3.477795154808e+00  ,3.497416653854e+00  ,3.515191688707e+00  ,3.531646677391e+00  ,3.546188153768e+00  ,3.559731973767e+00  
  2.785010424305e-07  ,2.344858133232e+00  ,2.646273483359e+00  ,2.844130018508e+00  ,2.983919353836e+00  ,3.089622665208e+00  ,3.171480493379e+00  ,3.235979480520e+00  ,3.288587158876e+00  ,3.332911992028e+00  ,3.370065272639e+00  ,3.402533180504e+00  ,3.430486069734e+00  ,3.456057182659e+00  ,3.477795154808e+00  ,3.497416653854e+00  ,3.515191688707e+00  ,3.531646677391e+00  ,3.546188153768e+00  ,3.559731973767e+00  
  2.795010966111e-07  ,2.344858133232e+00  ,2.646273483359e+00  ,2.844130018508e+00  ,2.983919353836e+00  ,3.089622665208e+00  ,3.171480493379e+00  ,3.235979480520e+00  ,3.288587158876e+00  ,3.332911992028e+00  ,3.370065272639e+00  ,3.402533180504e+00  ,3.430486069734e+00  ,3.456057182659e+00  ,3.477795154808e+00  ,3.497416653854e+00  ,3.515191688707e+00  ,3.531646677391e+00  ,3.546188153768e+00  ,3.559731973767e+00  
  2.805011507918e-07  ,2.344858133232e+00  ,2.646273483359e+00  ,2.844130018508e+00  ,2.983919353836e+00  ,3.089622665208e+00  ,3.171480493379e+00  ,3.235979480520e+00  ,3.288587158876e+00  ,3.332911992028e+00  ,3.370065272639e+00  ,3.402533180504e+00  ,3.430486069734e+00  ,3.456057182659e+00  ,3.477795154808e+00  ,3.497416653854e+00  ,3.515191688707e+00  ,3.531646677391e+00  ,3.546188153768e+00  ,3.559731973767e+00  
  2.815012049724e-07  ,2.344858133232e+00  ,2.646273483359e+00  ,2.844130018508e+00  ,2.983919353836e+00  ,3.089622665208e+00  ,3.171480493379e+00  ,3.235979480520e+00  ,3.288587158876e+00  ,3.332911992028e+00  ,3.370065272639e+00  ,3.402533180504e+00  ,3.430486069734e+00  ,3.456057182659e+00  ,3.477795154808e+00  ,3.497416653854e+00  ,3.515191688707e+00  ,3.531646677391e+00  ,3.546188153768e+00  ,3.559731973767e+00  
  2.825012591530e-07  ,2.344858133232e+00  ,2.646273483359e+00  ,2.844130018508e+00  ,2.983919353836e+00  ,3.089622665208e+00  ,3.171480493379e+00  ,3.235979480520e+00  ,3.288587158876e+00  ,3.332911992028e+00  ,3.370065272639e+00  ,3.402533180504e+00  ,3.430486069734e+00  ,3.456057182659e+00  ,3.477795154808e+00  ,3.497416653854e+00  ,3.515191688707e+00  ,3.531646677391e+00  ,3.546188153768e+00  ,3.559731973767e+00  
  2.835013133336e-07  ,2.344858133232e+00  ,2.646273483359e+00  ,2.844130018508e+00  ,2.983919353836e+00  ,3.089622665208e+00  ,3.171480493379e+00  ,3.235979480520e+00  ,3.288587158876e+00  ,3.332911992028e+00  ,3.370065272639e+00  ,3.402533180504e+00  ,3.430486069734e+00  ,3.456057182659e+00  ,3.477795154808e+00  ,3.497416653854e+00  ,3.515191688707e+00  ,3.531646677391e+00  ,3.546188153768e+00  ,3.559731973767e+00  
  2.845013675143e-07  ,2.344858133232e+00  ,2.646273483359e+00  ,2.844130018508e+00  ,2.983919353836e+00  ,3.089622665208e+00  ,3.171480493379e+00  ,3.235979480520e+00  ,3.288587158876e+00  ,3.332911992028e+00  ,3.370065272639e+00  ,3.402533180504e+00  ,3.430486069734e+00  ,3.456057182659e+00  ,3.477795154808e+00  ,3.497416653854e+00  ,3.515191688707e+00  ,3.531646677391e+00  ,3.546188153768e+00  ,3.559731973767e+00  
  2.855014216949e-07  ,2.344858133232e+00  ,2.646273483359e+00  ,2.844130018508e+00  ,2.983919353836e+00  ,3.089622665208e+00  ,3.171480493379e+00  ,3.235979480520e+00  ,3.288587158876e+00  ,3.332911992028e+00  ,3.370065272639e+00  ,3.402533180504e+00  ,3.430486069734e+00  ,3.456057182659e+00  ,3.477795154808e+00  ,3.497416653854e+00  ,3.515191688707e+00  ,3.531646677391e+00  ,3.546188153768e+00  ,3.559731973767e+00  
  2.865014758755e-07  ,2.344858133232e+00  ,2.646273483359e+00  ,2.844130018508e+00  ,2.983919353836e+00  ,3.089622665208e+00  ,3.171480493379e+00  ,3.235979480520e+00  ,3.288587158876e+00  ,3.332911992028e+00  ,3.370065272639e+00  ,3.402533180504e+00  ,3.430486069734e+00  ,3.456057182659e+00  ,3.477795154808e+00  ,3.497416653854e+00  ,3.515191688707e+00  ,3.531646677391e+00  ,3.546188153768e+00  ,3.559731973767e+00  
  2.875015300561e-07  ,2.344858133232e+00  ,2.646273483359e+00  ,2.844130018508e+00  ,2.983919353836e+00  ,3.089622665208e+00  ,3.171480493379e+00  ,3.235979480520e+00  ,3.288587158876e+00  ,3.332911992028e+00  ,3.370065272639e+00  ,3.402533180504e+00  ,3.430486069734e+00  ,3.456057182659e+00  ,3.477795154808e+00  ,3.497416653854e+00  ,3.515191688707e+00  ,3.531646677391e+00  ,3.546188153768e+00  ,3.559731973767e+00  
  2.885015842367e-07  ,2.344858133232e+00  ,2.646273483359e+00  ,2.844130018508e+00  ,2.983919353836e+00  ,3.089622665208e+00  ,3.171480493379e+00  ,3.235979480520e+00  ,3.288587158876e+00  ,3.332911992028e+00  ,3.370065272639e+00  ,3.402533180504e+00  ,3.430486069734e+00  ,3.456057182659e+00  ,3.477795154808e+00  ,3.497416653854e+00  ,3.515191688707e+00  ,3.531646677391e+00  ,3.546188153768e+00  ,3.559731973767e+00  
  2.895016384174e-07  ,2.344858133232e+00  ,2.646273483359e+00  ,2.844130018508e+00  ,2.983919353836e+00  ,3.089622665208e+00  ,3.171480493379e+00  ,3.235979480520e+00  ,3.288587158876e+00  ,3.332911992028e+00  ,3.370065272639e+00  ,3.402533180504e+00  ,3.430486069734e+00  ,3.456057182659e+00  ,3.477795154808e+00  ,3.497416653854e+00  ,3.515191688707e+00  ,3.531646677391e+00  ,3.546188153768e+00  ,3.559731973767e+00  
  2.905016925980e-07  ,2.344858133232e+00  ,2.646273483359e+00  ,2.844130018508e+00  ,2.983919353836e+00  ,3.089622665208e+00  ,3.171480493379e+00  ,3.235979480520e+00  ,3.288587158876e+00  ,3.332911992028e+00  ,3.370065272639e+00  ,3.402533180504e+00  ,3.430486069734e+00  ,3.456057182659e+00  ,3.477795154808e+00  ,3.497416653854e+00  ,3.515191688707e+00  ,3.531646677391e+00  ,3.546188153768e+00  ,3.559731973767e+00  
  2.915017467786e-07  ,2.344858133232e+00  ,2.646273483359e+00  ,2.844130018508e+00  ,2.983919353836e+00  ,3.089622665208e+00  ,3.171480493379e+00  ,3.235979480520e+00  ,3.288587158876e+00  ,3.332911992028e+00  ,3.370065272639e+00  ,3.402533180504e+00  ,3.430486069734e+00  ,3.456057182659e+00  ,3.477795154808e+00  ,3.497416653854e+00  ,3.515191688707e+00  ,3.531646677391e+00  ,3.546188153768e+00  ,3.559731973767e+00  
  2.925018009592e-07  ,2.344858133232e+00  ,2.646273483359e+00  ,2.844130018508e+00  ,2.983919353836e+00  ,3.089622665208e+00  ,3.171480493379e+00  ,3.235979480520e+00  ,3.288587158876e+00  ,3.332911992028e+00  ,3.370065272639e+00  ,3.402533180504e+00  ,3.430486069734e+00  ,3.456057182659e+00  ,3.477795154808e+00  ,3.497416653854e+00  ,3.515191688707e+00  ,3.531646677391e+00  ,3.546188153768e+00  ,3.559731973767e+00  
  2.935018551399e-07  ,2.344858133232e+00  ,2.646273483359e+00  ,2.844130018508e+00  ,2.983919353836e+00  ,3.089622665208e+00  ,3.171480493379e+00  ,3.235979480520e+00  ,3.288587158876e+00  ,3.332911992028e+00  ,3.370065272639e+00  ,3.402533180504e+00  ,3.430486069734e+00  ,3.456057182659e+00  ,3.477795154808e+00  ,3.497416653854e+00  ,3.515191688707e+00  ,3.531646677391e+00  ,3.546188153768e+00  ,3.559731973767e+00  
  2.945019093205e-07  ,2.344858133232e+00  ,2.646273483359e+00  ,2.844130018508e+00  ,2.983919353836e+00  ,3.089622665208e+00  ,3.171480493379e+00  ,3.235979480520e+00  ,3.288587158876e+00  ,3.332911992028e+00  ,3.370065272639e+00  ,3.402533180504e+00  ,3.430486069734e+00  ,3.456057182659e+00  ,3.477795154808e+00  ,3.497416653854e+00  ,3.515191688707e+00  ,3.531646677391e+00  ,3.546188153768e+00  ,3.559731973767e+00  
  2.955019635011e-07  ,2.344858133232e+00  ,2.646273483359e+00  ,2.844130018508e+00  ,2.983919353836e+00  ,3.089622665208e+00  ,3.171480493379e+00  ,3.235979480520e+00  ,3.288587158876e+00  ,3.332911992028e+00  ,3.370065272639e+00  ,3.402533180504e+00  ,3.430486069734e+00  ,3.456057182659e+00  ,3.477795154808e+00  ,3.497416653854e+00  ,3.515191688707e+00  ,3.531646677391e+00  ,3.546188153768e+00  ,3.559731973767e+00  
  2.965020176817e-07  ,2.344858133232e+00  ,2.646273483359e+00  ,2.844130018508e+00  ,2.983919353836e+00  ,3.089622665208e+00  ,3.171480493379e+00  ,3.235979480520e+00  ,3.288587158876e+00  ,3.332911992028e+00  ,3.370065272639e+00  ,3.402533180504e+00  ,3.430486069734e+00  ,3.456057182659e+00  ,3.477795154808e+00  ,3.497416653854e+00  ,3.515191688707e+00  ,3.531646677391e+00  ,3.546188153768e+00  ,3.559731973767e+00  
  2.975020718623e-07  ,2.344858133232e+00  ,2.646273483359e+00  ,2.844130018508e+00  ,2.983919353836e+00  ,3.089622665208e+00  ,3.171480493379e+00  ,3.235979480520e+00  ,3.288587158876e+00  ,3.332911992028e+00  ,3.370065272639e+00  ,3.402533180504e+00  ,3.430486069734e+00  ,3.456057182659e+00  ,3.477795154808e+00  ,3.497416653854e+00  ,3.515191688707e+00  ,3.531646677391e+00  ,3.546188153768e+00  ,3.559731973767e+00  
  2.985021260430e-07  ,2.344858133232e+00  ,2.646273483359e+00  ,2.844130018508e+00  ,2.983919353836e+00  ,3.089622665208e+00  ,3.171480493379e+00  ,3.235979480520e+00  ,3.288587158876e+00  ,3.332911992028e+00  ,3.370065272639e+00  ,3.402533180504e+00  ,3.430486069734e+00  ,3.456057182659e+00  ,3.477795154808e+00  ,3.497416653854e+00  ,3.515191688707e+00  ,3.531646677391e+00  ,3.546188153768e+00  ,3.559731973767e+00  
  2.995021802236e-07  ,2.344858133232e+00  ,2.646273483359e+00  ,2.844130018508e+00  ,2.983919353836e+00  ,3.089622665208e+00  ,3.171480493379e+00  ,3.235979480520e+00  ,3.288587158876e+00  ,3.332911992028e+00  ,3.370065272639e+00  ,3.402533180504e+00  ,3.430486069734e+00  ,3.456057182659e+00  ,3.477795154808e+00  ,3.497416653854e+00  ,3.515191688707e+00  ,3.531646677391e+00  ,3.546188153768e+00  ,3.559731973767e+00  
  3.005022344042e-07  ,2.344858133232e+00  ,2.646273483359e+00  ,2.844130018508e+00  ,2.983919353836e+00  ,3.089622665208e+00  ,3.171480493379e+00  ,3.235979480520e+00  ,3.288587158876e+00  ,3.332911992028e+00  ,3.370065272639e+00  ,3.402533180504e+00  ,3.430486069734e+00  ,3.456057182659e+00  ,3.477795154808e+00  ,3.497416653854e+00  ,3.515191688707e+00  ,3.531646677391e+00  ,3.546188153768e+00  ,3.559731973767e+00  
  3.015022885848e-07  ,2.344858133232e+00  ,2.646273483359e+00  ,2.844130018508e+00  ,2.983919353836e+00  ,3.089622665208e+00  ,3.171480493379e+00  ,3.235979480520e+00  ,3.288587158876e+00  ,3.332911992028e+00  ,3.370065272639e+00  ,3.402533180504e+00  ,3.430486069734e+00  ,3.456057182659e+00  ,3.477795154808e+00  ,3.497416653854e+00  ,3.515191688707e+00  ,3.531646677391e+00  ,3.546188153768e+00  ,3.559731973767e+00  
  3.025023427655e-07  ,2.344858133232e+00  ,2.646273483359e+00  ,2.844130018508e+00  ,2.983919353836e+00  ,3.089622665208e+00  ,3.171480493379e+00  ,3.235979480520e+00  ,3.288587158876e+00  ,3.332911992028e+00  ,3.370065272639e+00  ,3.402533180504e+00  ,3.430486069734e+00  ,3.456057182659e+00  ,3.477795154808e+00  ,3.497416653854e+00  ,3.515191688707e+00  ,3.531646677391e+00  ,3.546188153768e+00  ,3.559731973767e+00  
  3.035023969461e-07  ,2.344858133232e+00  ,2.646273483359e+00  ,2.844130018508e+00  ,2.983919353836e+00  ,3.089622665208e+00  ,3.171480493379e+00  ,3.235979480520e+00  ,3.288587158876e+00  ,3.332911992028e+00  ,3.370065272639e+00  ,3.402533180504e+00  ,3.430486069734e+00  ,3.456057182659e+00  ,3.477795154808e+00  ,3.497416653854e+00  ,3.515191688707e+00  ,3.531646677391e+00  ,3.546188153768e+00  ,3.559731973767e+00  
  3.045024511267e-07  ,2.344858133232e+00  ,2.646273483359e+00  ,2.844130018508e+00  ,2.983919353836e+00  ,3.089622665208e+00  ,3.171480493379e+00  ,3.235979480520e+00  ,3.288587158876e+00  ,3.332911992028e+00  ,3.370065272639e+00  ,3.402533180504e+00  ,3.430486069734e+00  ,3.456057182659e+00  ,3.477795154808e+00  ,3.497416653854e+00  ,3.515191688707e+00  ,3.531646677391e+00  ,3.546188153768e+00  ,3.559731973767e+00  
  3.055025053073e-07  ,2.344858133232e+00  ,2.646273483359e+00  ,2.844130018508e+00  ,2.983919353836e+00  ,3.089622665208e+00  ,3.171480493379e+00  ,3.235979480520e+00  ,3.288587158876e+00  ,3.332911992028e+00  ,3.370065272639e+00  ,3.402533180504e+00  ,3.430486069734e+00  ,3.456057182659e+00  ,3.477795154808e+00  ,3.497416653854e+00  ,3.515191688707e+00  ,3.531646677391e+00  ,3.546188153768e+00  ,3.559731973767e+00  
  3.065025594879e-07  ,2.344858133232e+00  ,2.646273483359e+00  ,2.844130018508e+00  ,2.983919353836e+00  ,3.089622665208e+00  ,3.171480493379e+00  ,3.235979480520e+00  ,3.288587158876e+00  ,3.332911992028e+00  ,3.370065272639e+00  ,3.402533180504e+00  ,3.430486069734e+00  ,3.456057182659e+00  ,3.477795154808e+00  ,3.497416653854e+00  ,3.515191688707e+00  ,3.531646677391e+00  ,3.546188153768e+00  ,3.559731973767e+00  
  3.075026136686e-07  ,2.344858133232e+00  ,2.646273483359e+00  ,2.844130018508e+00  ,2.983919353836e+00  ,3.089622665208e+00  ,3.171480493379e+00  ,3.235979480520e+00  ,3.288587158876e+00  ,3.332911992028e+00  ,3.370065272639e+00  ,3.402533180504e+00  ,3.430486069734e+00  ,3.456057182659e+00  ,3.477795154808e+00  ,3.497416653854e+00  ,3.515191688707e+00  ,3.531646677391e+00  ,3.546188153768e+00  ,3.559731973767e+00  
  3.085026678492e-07  ,2.344858133232e+00  ,2.646273483359e+00  ,2.844130018508e+00  ,2.983919353836e+00  ,3.089622665208e+00  ,3.171480493379e+00  ,3.235979480520e+00  ,3.288587158876e+00  ,3.332911992028e+00  ,3.370065272639e+00  ,3.402533180504e+00  ,3.430486069734e+00  ,3.456057182659e+00  ,3.477795154808e+00  ,3.497416653854e+00  ,3.515191688707e+00  ,3.531646677391e+00  ,3.546188153768e+00  ,3.559731973767e+00  
  3.095027220298e-07  ,2.344858133232e+00  ,2.646273483359e+00  ,2.844130018508e+00  ,2.983919353836e+00  ,3.089622665208e+00  ,3.171480493379e+00  ,3.235979480520e+00  ,3.288587158876e+00  ,3.332911992028e+00  ,3.370065272639e+00  ,3.402533180504e+00  ,3.430486069734e+00  ,3.456057182659e+00  ,3.477795154808e+00  ,3.497416653854e+00  ,3.515191688707e+00  ,3.531646677391e+00  ,3.546188153768e+00  ,3.559731973767e+00  
  3.105027762104e-07  ,2.344858133232e+00  ,2.646273483359e+00  ,2.844130018508e+00  ,2.983919353836e+00  ,3.089622665208e+00  ,3.171480493379e+00  ,3.235979480520e+00  ,3.288587158876e+00  ,3.332911992028e+00  ,3.370065272639e+00  ,3.402533180504e+00  ,3.430486069734e+00  ,3.456057182659e+00  ,3.477795154808e+00  ,3.497416653854e+00  ,3.515191688707e+00  ,3.531646677391e+00  ,3.546188153768e+00  ,3.559731973767e+00  
  3.115028303911e-07  ,2.344858133232e+00  ,2.646273483359e+00  ,2.844130018508e+00  ,2.983919353836e+00  ,3.089622665208e+00  ,3.171480493379e+00  ,3.235979480520e+00  ,3.288587158876e+00  ,3.332911992028e+00  ,3.370065272639e+00  ,3.402533180504e+00  ,3.430486069734e+00  ,3.456057182659e+00  ,3.477795154808e+00  ,3.497416653854e+00  ,3.515191688707e+00  ,3.531646677391e+00  ,3.546188153768e+00  ,3.559731973767e+00  
  3.125028845717e-07  ,2.344858133232e+00  ,2.646273483359e+00  ,2.844130018508e+00  ,2.983919353836e+00  ,3.089622665208e+00  ,3.171480493379e+00  ,3.235979480520e+00  ,3.288587158876e+00  ,3.332911992028e+00  ,3.370065272639e+00  ,3.402533180504e+00  ,3.430486069734e+00  ,3.456057182659e+00  ,3.477795154808e+00  ,3.497416653854e+00  ,3.515191688707e+00  ,3.531646677391e+00  ,3.546188153768e+00  ,3.559731973767e+00  
  3.135029387523e-07  ,2.344858133232e+00  ,2.646273483359e+00  ,2.844130018508e+00  ,2.983919353836e+00  ,3.089622665208e+00  ,3.171480493379e+00  ,3.235979480520e+00  ,3.288587158876e+00  ,3.332911992028e+00  ,3.370065272639e+00  ,3.402533180504e+00  ,3.430486069734e+00  ,3.456057182659e+00  ,3.477795154808e+00  ,3.497416653854e+00  ,3.515191688707e+00  ,3.531646677391e+00  ,3.546188153768e+00  ,3.559731973767e+00  
  3.145029929329e-07  ,2.344858133232e+00  ,2.646273483359e+00  ,2.844130018508e+00  ,2.983919353836e+00  ,3.089622665208e+00  ,3.171480493379e+00  ,3.235979480520e+00  ,3.288587158876e+00  ,3.332911992028e+00  ,3.370065272639e+00  ,3.402533180504e+00  ,3.430486069734e+00  ,3.456057182659e+00  ,3.477795154808e+00  ,3.497416653854e+00  ,3.515191688707e+00  ,3.531646677391e+00  ,3.546188153768e+00  ,3.559731973767e+00  
  3.155030471135e-07  ,2.344858133232e+00  ,2.646273483359e+00  ,2.844130018508e+00  ,2.983919353836e+00  ,3.089622665208e+00  ,3.171480493379e+00  ,3.235979480520e+00  ,3.288587158876e+00  ,3.332911992028e+00  ,3.370065272639e+00  ,3.402533180504e+00  ,3.430486069734e+00  ,3.456057182659e+00  ,3.477795154808e+00  ,3.497416653854e+00  ,3.515191688707e+00  ,3.531646677391e+00  ,3.546188153768e+00  ,3.559731973767e+00  
  3.165031012942e-07  ,2.344858133232e+00  ,2.646273483359e+00  ,2.844130018508e+00  ,2.983919353836e+00  ,3.089622665208e+00  ,3.171480493379e+00  ,3.235979480520e+00  ,3.288587158876e+00  ,3.332911992028e+00  ,3.370065272639e+00  ,3.402533180504e+00  ,3.430486069734e+00  ,3.456057182659e+00  ,3.477795154808e+00  ,3.497416653854e+00  ,3.515191688707e+00  ,3.531646677391e+00  ,3.546188153768e+00  ,3.559731973767e+00  
  3.175031554748e-07  ,2.344858133232e+00  ,2.646273483359e+00  ,2.844130018508e+00  ,2.983919353836e+00  ,3.089622665208e+00  ,3.171480493379e+00  ,3.235979480520e+00  ,3.288587158876e+00  ,3.332911992028e+00  ,3.370065272639e+00  ,3.402533180504e+00  ,3.430486069734e+00  ,3.456057182659e+00  ,3.477795154808e+00  ,3.497416653854e+00  ,3.515191688707e+00  ,3.531646677391e+00  ,3.546188153768e+00  ,3.559731973767e+00  
  3.185032096554e-07  ,2.344858133232e+00  ,2.646273483359e+00  ,2.844130018508e+00  ,2.983919353836e+00  ,3.089622665208e+00  ,3.171480493379e+00  ,3.235979480520e+00  ,3.288587158876e+00  ,3.332911992028e+00  ,3.370065272639e+00  ,3.402533180504e+00  ,3.430486069734e+00  ,3.456057182659e+00  ,3.477795154808e+00  ,3.497416653854e+00  ,3.515191688707e+00  ,3.531646677391e+00  ,3.546188153768e+00  ,3.559731973767e+00  
  3.195032638360e-07  ,2.344858133232e+00  ,2.646273483359e+00  ,2.844130018508e+00  ,2.983919353836e+00  ,3.089622665208e+00  ,3.171480493379e+00  ,3.235979480520e+00  ,3.288587158876e+00  ,3.332911992028e+00  ,3.370065272639e+00  ,3.402533180504e+00  ,3.430486069734e+00  ,3.456057182659e+00  ,3.477795154808e+00  ,3.497416653854e+00  ,3.515191688707e+00  ,3.531646677391e+00  ,3.546188153768e+00  ,3.559731973767e+00  
  3.205033180167e-07  ,2.344858133232e+00  ,2.646273483359e+00  ,2.844130018508e+00  ,2.983919353836e+00  ,3.089622665208e+00  ,3.171480493379e+00  ,3.235979480520e+00  ,3.288587158876e+00  ,3.332911992028e+00  ,3.370065272639e+00  ,3.402533180504e+00  ,3.430486069734e+00  ,3.456057182659e+00  ,3.477795154808e+00  ,3.497416653854e+00  ,3.515191688707e+00  ,3.531646677391e+00  ,3.546188153768e+00  ,3.559731973767e+00  
  3.215033721973e-07  ,2.344858133232e+00  ,2.646273483359e+00  ,2.844130018508e+00  ,2.983919353836e+00  ,3.089622665208e+00  ,3.171480493379e+00  ,3.235979480520e+00  ,3.288587158876e+00  ,3.332911992028e+00  ,3.370065272639e+00  ,3.402533180504e+00  ,3.430486069734e+00  ,3.456057182659e+00  ,3.477795154808e+00  ,3.497416653854e+00  ,3.515191688707e+00  ,3.531646677391e+00  ,3.546188153768e+00  ,3.559731973767e+00  
  3.225034263779e-07  ,2.344858133232e+00  ,2.646273483359e+00  ,2.844130018508e+00  ,2.983919353836e+00  ,3.089622665208e+00  ,3.171480493379e+00  ,3.235979480520e+00  ,3.288587158876e+00  ,3.332911992028e+00  ,3.370065272639e+00  ,3.402533180504e+00  ,3.430486069734e+00  ,3.456057182659e+00  ,3.477795154808e+00  ,3.497416653854e+00  ,3.515191688707e+00  ,3.531646677391e+00  ,3.546188153768e+00  ,3.559731973767e+00  
  3.235034805585e-07  ,2.344858133232e+00  ,2.646273483359e+00  ,2.844130018508e+00  ,2.983919353836e+00  ,3.089622665208e+00  ,3.171480493379e+00  ,3.235979480520e+00  ,3.288587158876e+00  ,3.332911992028e+00  ,3.370065272639e+00  ,3.402533180504e+00  ,3.430486069734e+00  ,3.456057182659e+00  ,3.477795154808e+00  ,3.497416653854e+00  ,3.515191688707e+00  ,3.531646677391e+00  ,3.546188153768e+00  ,3.559731973767e+00  
  3.245035347391e-07  ,2.344858133232e+00  ,2.646273483359e+00  ,2.844130018508e+00  ,2.983919353836e+00  ,3.089622665208e+00  ,3.171480493379e+00  ,3.235979480520e+00  ,3.288587158876e+00  ,3.332911992028e+00  ,3.370065272639e+00  ,3.402533180504e+00  ,3.430486069734e+00  ,3.456057182659e+00  ,3.477795154808e+00  ,3.497416653854e+00  ,3.515191688707e+00  ,3.531646677391e+00  ,3.546188153768e+00  ,3.559731973767e+00  
  3.255035889198e-07  ,2.344858133232e+00  ,2.646273483359e+00  ,2.844130018508e+00  ,2.983919353836e+00  ,3.089622665208e+00  ,3.171480493379e+00  ,3.235979480520e+00  ,3.288587158876e+00  ,3.332911992028e+00  ,3.370065272639e+00  ,3.402533180504e+00  ,3.430486069734e+00  ,3.456057182659e+00  ,3.477795154808e+00  ,3.497416653854e+00  ,3.515191688707e+00  ,3.531646677391e+00  ,3.546188153768e+00  ,3.559731973767e+00  
  3.265036431004e-07  ,2.344858133232e+00  ,2.646273483359e+00  ,2.844130018508e+00  ,2.983919353836e+00  ,3.089622665208e+00  ,3.171480493379e+00  ,3.235979480520e+00  ,3.288587158876e+00  ,3.332911992028e+00  ,3.370065272639e+00  ,3.402533180504e+00  ,3.430486069734e+00  ,3.456057182659e+00  ,3.477795154808e+00  ,3.497416653854e+00  ,3.515191688707e+00  ,3.531646677391e+00  ,3.546188153768e+00  ,3.559731973767e+00  
  3.275036972810e-07  ,2.344858133232e+00  ,2.646273483359e+00  ,2.844130018508e+00  ,2.983919353836e+00  ,3.089622665208e+00  ,3.171480493379e+00  ,3.235979480520e+00  ,3.288587158876e+00  ,3.332911992028e+00  ,3.370065272639e+00  ,3.402533180504e+00  ,3.430486069734e+00  ,3.456057182659e+00  ,3.477795154808e+00  ,3.497416653854e+00  ,3.515191688707e+00  ,3.531646677391e+00  ,3.546188153768e+00  ,3.559731973767e+00  
  3.285037514616e-07  ,2.344858133232e+00  ,2.646273483359e+00  ,2.844130018508e+00  ,2.983919353836e+00  ,3.089622665208e+00  ,3.171480493379e+00  ,3.235979480520e+00  ,3.288587158876e+00  ,3.332911992028e+00  ,3.370065272639e+00  ,3.402533180504e+00  ,3.430486069734e+00  ,3.456057182659e+00  ,3.477795154808e+00  ,3.497416653854e+00  ,3.515191688707e+00  ,3.531646677391e+00  ,3.546188153768e+00  ,3.559731973767e+00  
  3.295038056423e-07  ,2.344858133232e+00  ,2.646273483359e+00  ,2.844130018508e+00  ,2.983919353836e+00  ,3.089622665208e+00  ,3.171480493379e+00  ,3.235979480520e+00  ,3.288587158876e+00  ,3.332911992028e+00  ,3.370065272639e+00  ,3.402533180504e+00  ,3.430486069734e+00  ,3.456057182659e+00  ,3.477795154808e+00  ,3.497416653854e+00  ,3.515191688707e+00  ,3.531646677391e+00  ,3.546188153768e+00  ,3.559731973767e+00  
  3.305038598229e-07  ,2.344858133232e+00  ,2.646273483359e+00  ,2.844130018508e+00  ,2.983919353836e+00  ,3.089622665208e+00  ,3.171480493379e+00  ,3.235979480520e+00  ,3.288587158876e+00  ,3.332911992028e+00  ,3.370065272639e+00  ,3.402533180504e+00  ,3.430486069734e+00  ,3.456057182659e+00  ,3.477795154808e+00  ,3.497416653854e+00  ,3.515191688707e+00  ,3.531646677391e+00  ,3.546188153768e+00  ,3.559731973767e+00  
  3.315039140035e-07  ,2.344858133232e+00  ,2.646273483359e+00  ,2.844130018508e+00  ,2.983919353836e+00  ,3.089622665208e+00  ,3.171480493379e+00  ,3.235979480520e+00  ,3.288587158876e+00  ,3.332911992028e+00  ,3.370065272639e+00  ,3.402533180504e+00  ,3.430486069734e+00  ,3.456057182659e+00  ,3.477795154808e+00  ,3.497416653854e+00  ,3.515191688707e+00  ,3.531646677391e+00  ,3.546188153768e+00  ,3.559731973767e+00  
  3.325039681841e-07  ,2.344858133232e+00  ,2.646273483359e+00  ,2.844130018508e+00  ,2.983919353836e+00  ,3.089622665208e+00  ,3.171480493379e+00  ,3.235979480520e+00  ,3.288587158876e+00  ,3.332911992028e+00  ,3.370065272639e+00  ,3.402533180504e+00  ,3.430486069734e+00  ,3.456057182659e+00  ,3.477795154808e+00  ,3.497416653854e+00  ,3.515191688707e+00  ,3.531646677391e+00  ,3.546188153768e+00  ,3.559731973767e+00  
  3.335040223647e-07  ,2.344858133232e+00  ,2.646273483359e+00  ,2.844130018508e+00  ,2.983919353836e+00  ,3.089622665208e+00  ,3.171480493379e+00  ,3.235979480520e+00  ,3.288587158876e+00  ,3.332911992028e+00  ,3.370065272639e+00  ,3.402533180504e+00  ,3.430486069734e+00  ,3.456057182659e+00  ,3.477795154808e+00  ,3.497416653854e+00  ,3.515191688707e+00  ,3.531646677391e+00  ,3.546188153768e+00  ,3.559731973767e+00  
  3.345040765454e-07  ,2.344858133232e+00  ,2.646273483359e+00  ,2.844130018508e+00  ,2.983919353836e+00  ,3.089622665208e+00  ,3.171480493379e+00  ,3.235979480520e+00  ,3.288587158876e+00  ,3.332911992028e+00  ,3.370065272639e+00  ,3.402533180504e+00  ,3.430486069734e+00  ,3.456057182659e+00  ,3.477795154808e+00  ,3.497416653854e+00  ,3.515191688707e+00  ,3.531646677391e+00  ,3.546188153768e+00  ,3.559731973767e+00  
  3.355041307260e-07  ,2.344858133232e+00  ,2.646273483359e+00  ,2.844130018508e+00  ,2.983919353836e+00  ,3.089622665208e+00  ,3.171480493379e+00  ,3.235979480520e+00  ,3.288587158876e+00  ,3.332911992028e+00  ,3.370065272639e+00  ,3.402533180504e+00  ,3.430486069734e+00  ,3.456057182659e+00  ,3.477795154808e+00  ,3.497416653854e+00  ,3.515191688707e+00  ,3.531646677391e+00  ,3.546188153768e+00  ,3.559731973767e+00  
  3.365041849066e-07  ,2.344858133232e+00  ,2.646273483359e+00  ,2.844130018508e+00  ,2.983919353836e+00  ,3.089622665208e+00  ,3.171480493379e+00  ,3.235979480520e+00  ,3.288587158876e+00  ,3.332911992028e+00  ,3.370065272639e+00  ,3.402533180504e+00  ,3.430486069734e+00  ,3.456057182659e+00  ,3.477795154808e+00  ,3.497416653854e+00  ,3.515191688707e+00  ,3.531646677391e+00  ,3.546188153768e+00  ,3.559731973767e+00  
  3.375042390872e-07  ,2.344858133232e+00  ,2.646273483359e+00  ,2.844130018508e+00  ,2.983919353836e+00  ,3.089622665208e+00  ,3.171480493379e+00  ,3.235979480520e+00  ,3.288587158876e+00  ,3.332911992028e+00  ,3.370065272639e+00  ,3.402533180504e+00  ,3.430486069734e+00  ,3.456057182659e+00  ,3.477795154808e+00  ,3.497416653854e+00  ,3.515191688707e+00  ,3.531646677391e+00  ,3.546188153768e+00  ,3.559731973767e+00  
  3.385042932678e-07  ,2.344858133232e+00  ,2.646273483359e+00  ,2.844130018508e+00  ,2.983919353836e+00  ,3.089622665208e+00  ,3.171480493379e+00  ,3.235979480520e+00  ,3.288587158876e+00  ,3.332911992028e+00  ,3.370065272639e+00  ,3.402533180504e+00  ,3.430486069734e+00  ,3.456057182659e+00  ,3.477795154808e+00  ,3.497416653854e+00  ,3.515191688707e+00  ,3.531646677391e+00  ,3.546188153768e+00  ,3.559731973767e+00  
  3.395043474485e-07  ,2.344858133232e+00  ,2.646273483359e+00  ,2.844130018508e+00  ,2.983919353836e+00  ,3.089622665208e+00  ,3.171480493379e+00  ,3.235979480520e+00  ,3.288587158876e+00  ,3.332911992028e+00  ,3.370065272639e+00  ,3.402533180504e+00  ,3.430486069734e+00  ,3.456057182659e+00  ,3.477795154808e+00  ,3.497416653854e+00  ,3.515191688707e+00  ,3.531646677391e+00  ,3.546188153768e+00  ,3.559731973767e+00  
  3.405044016291e-07  ,2.344858133232e+00  ,2.646273483359e+00  ,2.844130018508e+00  ,2.983919353836e+00  ,3.089622665208e+00  ,3.171480493379e+00  ,3.235979480520e+00  ,3.288587158876e+00  ,3.332911992028e+00  ,3.370065272639e+00  ,3.402533180504e+00  ,3.430486069734e+00  ,3.456057182659e+00  ,3.477795154808e+00  ,3.497416653854e+00  ,3.515191688707e+00  ,3.531646677391e+00  ,3.546188153768e+00  ,3.559731973767e+00  
  3.415044558097e-07  ,2.344858133232e+00  ,2.646273483359e+00  ,2.844130018508e+00  ,2.983919353836e+00  ,3.089622665208e+00  ,3.171480493379e+00  ,3.235979480520e+00  ,3.288587158876e+00  ,3.332911992028e+00  ,3.370065272639e+00  ,3.402533180504e+00  ,3.430486069734e+00  ,3.456057182659e+00  ,3.477795154808e+00  ,3.497416653854e+00  ,3.515191688707e+00  ,3.531646677391e+00  ,3.546188153768e+00  ,3.559731973767e+00  
  3.425045099903e-07  ,2.344858133232e+00  ,2.646273483359e+00  ,2.844130018508e+00  ,2.983919353836e+00  ,3.089622665208e+00  ,3.171480493379e+00  ,3.235979480520e+00  ,3.288587158876e+00  ,3.332911992028e+00  ,3.370065272639e+00  ,3.402533180504e+00  ,3.430486069734e+00  ,3.456057182659e+00  ,3.477795154808e+00  ,3.497416653854e+00  ,3.515191688707e+00  ,3.531646677391e+00  ,3.546188153768e+00  ,3.559731973767e+00  
  3.435045641710e-07  ,2.344858133232e+00  ,2.646273483359e+00  ,2.844130018508e+00  ,2.983919353836e+00  ,3.089622665208e+00  ,3.171480493379e+00  ,3.235979480520e+00  ,3.288587158876e+00  ,3.332911992028e+00  ,3.370065272639e+00  ,3.402533180504e+00  ,3.430486069734e+00  ,3.456057182659e+00  ,3.477795154808e+00  ,3.497416653854e+00  ,3.515191688707e+00  ,3.531646677391e+00  ,3.546188153768e+00  ,3.559731973767e+00  
  3.445046183516e-07  ,2.344858133232e+00  ,2.646273483359e+00  ,2.844130018508e+00  ,2.983919353836e+00  ,3.089622665208e+00  ,3.171480493379e+00  ,3.235979480520e+00  ,3.288587158876e+00  ,3.332911992028e+00  ,3.370065272639e+00  ,3.402533180504e+00  ,3.430486069734e+00  ,3.456057182659e+00  ,3.477795154808e+00  ,3.497416653854e+00  ,3.515191688707e+00  ,3.531646677391e+00  ,3.546188153768e+00  ,3.559731973767e+00  
  3.455046725322e-07  ,2.344858133232e+00  ,2.646273483359e+00  ,2.844130018508e+00  ,2.983919353836e+00  ,3.089622665208e+00  ,3.171480493379e+00  ,3.235979480520e+00  ,3.288587158876e+00  ,3.332911992028e+00  ,3.370065272639e+00  ,3.402533180504e+00  ,3.430486069734e+00  ,3.456057182659e+00  ,3.477795154808e+00  ,3.497416653854e+00  ,3.515191688707e+00  ,3.531646677391e+00  ,3.546188153768e+00  ,3.559731973767e+00  
  3.465047267128e-07  ,2.344858133232e+00  ,2.646273483359e+00  ,2.844130018508e+00  ,2.983919353836e+00  ,3.089622665208e+00  ,3.171480493379e+00  ,3.235979480520e+00  ,3.288587158876e+00  ,3.332911992028e+00  ,3.370065272639e+00  ,3.402533180504e+00  ,3.430486069734e+00  ,3.456057182659e+00  ,3.477795154808e+00  ,3.497416653854e+00  ,3.515191688707e+00  ,3.531646677391e+00  ,3.546188153768e+00  ,3.559731973767e+00  
  3.475047808934e-07  ,2.344858133232e+00  ,2.646273483359e+00  ,2.844130018508e+00  ,2.983919353836e+00  ,3.089622665208e+00  ,3.171480493379e+00  ,3.235979480520e+00  ,3.288587158876e+00  ,3.332911992028e+00  ,3.370065272639e+00  ,3.402533180504e+00  ,3.430486069734e+00  ,3.456057182659e+00  ,3.477795154808e+00  ,3.497416653854e+00  ,3.515191688707e+00  ,3.531646677391e+00  ,3.546188153768e+00  ,3.559731973767e+00  
  3.485048350741e-07  ,2.344858133232e+00  ,2.646273483359e+00  ,2.844130018508e+00  ,2.983919353836e+00  ,3.089622665208e+00  ,3.171480493379e+00  ,3.235979480520e+00  ,3.288587158876e+00  ,3.332911992028e+00  ,3.370065272639e+00  ,3.402533180504e+00  ,3.430486069734e+00  ,3.456057182659e+00  ,3.477795154808e+00  ,3.497416653854e+00  ,3.515191688707e+00  ,3.531646677391e+00  ,3.546188153768e+00  ,3.559731973767e+00  
  3.495048892547e-07  ,2.344858133232e+00  ,2.646273483359e+00  ,2.844130018508e+00  ,2.983919353836e+00  ,3.089622665208e+00  ,3.171480493379e+00  ,3.235979480520e+00  ,3.288587158876e+00  ,3.332911992028e+00  ,3.370065272639e+00  ,3.402533180504e+00  ,3.430486069734e+00  ,3.456057182659e+00  ,3.477795154808e+00  ,3.497416653854e+00  ,3.515191688707e+00  ,3.531646677391e+00  ,3.546188153768e+00  ,3.559731973767e+00  
  3.505049434353e-07  ,2.344858133232e+00  ,2.646273483359e+00  ,2.844130018508e+00  ,2.983919353836e+00  ,3.089622665208e+00  ,3.171480493379e+00  ,3.235979480520e+00  ,3.288587158876e+00  ,3.332911992028e+00  ,3.370065272639e+00  ,3.402533180504e+00  ,3.430486069734e+00  ,3.456057182659e+00  ,3.477795154808e+00  ,3.497416653854e+00  ,3.515191688707e+00  ,3.531646677391e+00  ,3.546188153768e+00  ,3.559731973767e+00  
  3.515049976159e-07  ,2.344858133232e+00  ,2.646273483359e+00  ,2.844130018508e+00  ,2.983919353836e+00  ,3.089622665208e+00  ,3.171480493379e+00  ,3.235979480520e+00  ,3.288587158876e+00  ,3.332911992028e+00  ,3.370065272639e+00  ,3.402533180504e+00  ,3.430486069734e+00  ,3.456057182659e+00  ,3.477795154808e+00  ,3.497416653854e+00  ,3.515191688707e+00  ,3.531646677391e+00  ,3.546188153768e+00  ,3.559731973767e+00  
  3.525050517966e-07  ,2.344858133232e+00  ,2.646273483359e+00  ,2.844130018508e+00  ,2.983919353836e+00  ,3.089622665208e+00  ,3.171480493379e+00  ,3.235979480520e+00  ,3.288587158876e+00  ,3.332911992028e+00  ,3.370065272639e+00  ,3.402533180504e+00  ,3.430486069734e+00  ,3.456057182659e+00  ,3.477795154808e+00  ,3.497416653854e+00  ,3.515191688707e+00  ,3.531646677391e+00  ,3.546188153768e+00  ,3.559731973767e+00  
  3.535051059772e-07  ,2.344858133232e+00  ,2.646273483359e+00  ,2.844130018508e+00  ,2.983919353836e+00  ,3.089622665208e+00  ,3.171480493379e+00  ,3.235979480520e+00  ,3.288587158876e+00  ,3.332911992028e+00  ,3.370065272639e+00  ,3.402533180504e+00  ,3.430486069734e+00  ,3.456057182659e+00  ,3.477795154808e+00  ,3.497416653854e+00  ,3.515191688707e+00  ,3.531646677391e+00  ,3.546188153768e+00  ,3.559731973767e+00  
  3.545051601578e-07  ,2.344858133232e+00  ,2.646273483359e+00  ,2.844130018508e+00  ,2.983919353836e+00  ,3.089622665208e+00  ,3.171480493379e+00  ,3.235979480520e+00  ,3.288587158876e+00  ,3.332911992028e+00  ,3.370065272639e+00  ,3.402533180504e+00  ,3.430486069734e+00  ,3.456057182659e+00  ,3.477795154808e+00  ,3.497416653854e+00  ,3.515191688707e+00  ,3.531646677391e+00  ,3.546188153768e+00  ,3.559731973767e+00  
  3.555052143384e-07  ,2.344858133232e+00  ,2.646273483359e+00  ,2.844130018508e+00  ,2.983919353836e+00  ,3.089622665208e+00  ,3.171480493379e+00  ,3.235979480520e+00  ,3.288587158876e+00  ,3.332911992028e+00  ,3.370065272639e+00  ,3.402533180504e+00  ,3.430486069734e+00  ,3.456057182659e+00  ,3.477795154808e+00  ,3.497416653854e+00  ,3.515191688707e+00  ,3.531646677391e+00  ,3.546188153768e+00  ,3.559731973767e+00  
  3.565052685190e-07  ,2.344858133232e+00  ,2.646273483359e+00  ,2.844130018508e+00  ,2.983919353836e+00  ,3.089622665208e+00  ,3.171480493379e+00  ,3.235979480520e+00  ,3.288587158876e+00  ,3.332911992028e+00  ,3.370065272639e+00  ,3.402533180504e+00  ,3.430486069734e+00  ,3.456057182659e+00  ,3.477795154808e+00  ,3.497416653854e+00  ,3.515191688707e+00  ,3.531646677391e+00  ,3.546188153768e+00  ,3.559731973767e+00  
  3.575053226997e-07  ,2.344858133232e+00  ,2.646273483359e+00  ,2.844130018508e+00  ,2.983919353836e+00  ,3.089622665208e+00  ,3.171480493379e+00  ,3.235979480520e+00  ,3.288587158876e+00  ,3.332911992028e+00  ,3.370065272639e+00  ,3.402533180504e+00  ,3.430486069734e+00  ,3.456057182659e+00  ,3.477795154808e+00  ,3.497416653854e+00  ,3.515191688707e+00  ,3.531646677391e+00  ,3.546188153768e+00  ,3.559731973767e+00  
  3.585053768803e-07  ,2.344858133232e+00  ,2.646273483359e+00  ,2.844130018508e+00  ,2.983919353836e+00  ,3.089622665208e+00  ,3.171480493379e+00  ,3.235979480520e+00  ,3.288587158876e+00  ,3.332911992028e+00  ,3.370065272639e+00  ,3.402533180504e+00  ,3.430486069734e+00  ,3.456057182659e+00  ,3.477795154808e+00  ,3.497416653854e+00  ,3.515191688707e+00  ,3.531646677391e+00  ,3.546188153768e+00  ,3.559731973767e+00  
  3.595054310609e-07  ,2.344858133232e+00  ,2.646273483359e+00  ,2.844130018508e+00  ,2.983919353836e+00  ,3.089622665208e+00  ,3.171480493379e+00  ,3.235979480520e+00  ,3.288587158876e+00  ,3.332911992028e+00  ,3.370065272639e+00  ,3.402533180504e+00  ,3.430486069734e+00  ,3.456057182659e+00  ,3.477795154808e+00  ,3.497416653854e+00  ,3.515191688707e+00  ,3.531646677391e+00  ,3.546188153768e+00  ,3.559731973767e+00  
  3.605054852415e-07  ,2.344858133232e+00  ,2.646273483359e+00  ,2.844130018508e+00  ,2.983919353836e+00  ,3.089622665208e+00  ,3.171480493379e+00  ,3.235979480520e+00  ,3.288587158876e+00  ,3.332911992028e+00  ,3.370065272639e+00  ,3.402533180504e+00  ,3.430486069734e+00  ,3.456057182659e+00  ,3.477795154808e+00  ,3.497416653854e+00  ,3.515191688707e+00  ,3.531646677391e+00  ,3.546188153768e+00  ,3.559731973767e+00  
  3.615055394222e-07  ,2.344858133232e+00  ,2.646273483359e+00  ,2.844130018508e+00  ,2.983919353836e+00  ,3.089622665208e+00  ,3.171480493379e+00  ,3.235979480520e+00  ,3.288587158876e+00  ,3.332911992028e+00  ,3.370065272639e+00  ,3.402533180504e+00  ,3.430486069734e+00  ,3.456057182659e+00  ,3.477795154808e+00  ,3.497416653854e+00  ,3.515191688707e+00  ,3.531646677391e+00  ,3.546188153768e+00  ,3.559731973767e+00  
  3.625055936028e-07  ,2.344858133232e+00  ,2.646273483359e+00  ,2.844130018508e+00  ,2.983919353836e+00  ,3.089622665208e+00  ,3.171480493379e+00  ,3.235979480520e+00  ,3.288587158876e+00  ,3.332911992028e+00  ,3.370065272639e+00  ,3.402533180504e+00  ,3.430486069734e+00  ,3.456057182659e+00  ,3.477795154808e+00  ,3.497416653854e+00  ,3.515191688707e+00  ,3.531646677391e+00  ,3.546188153768e+00  ,3.559731973767e+00  
  3.635056477834e-07  ,2.344858133232e+00  ,2.646273483359e+00  ,2.844130018508e+00  ,2.983919353836e+00  ,3.089622665208e+00  ,3.171480493379e+00  ,3.235979480520e+00  ,3.288587158876e+00  ,3.332911992028e+00  ,3.370065272639e+00  ,3.402533180504e+00  ,3.430486069734e+00  ,3.456057182659e+00  ,3.477795154808e+00  ,3.497416653854e+00  ,3.515191688707e+00  ,3.531646677391e+00  ,3.546188153768e+00  ,3.559731973767e+00  
  3.645057019640e-07  ,2.344858133232e+00  ,2.646273483359e+00  ,2.844130018508e+00  ,2.983919353836e+00  ,3.089622665208e+00  ,3.171480493379e+00  ,3.235979480520e+00  ,3.288587158876e+00  ,3.332911992028e+00  ,3.370065272639e+00  ,3.402533180504e+00  ,3.430486069734e+00  ,3.456057182659e+00  ,3.477795154808e+00  ,3.497416653854e+00  ,3.515191688707e+00  ,3.531646677391e+00  ,3.546188153768e+00  ,3.559731973767e+00  
  3.655057561446e-07  ,2.344858133232e+00  ,2.646273483359e+00  ,2.844130018508e+00  ,2.983919353836e+00  ,3.089622665208e+00  ,3.171480493379e+00  ,3.235979480520e+00  ,3.288587158876e+00  ,3.332911992028e+00  ,3.370065272639e+00  ,3.402533180504e+00  ,3.430486069734e+00  ,3.456057182659e+00  ,3.477795154808e+00  ,3.497416653854e+00  ,3.515191688707e+00  ,3.531646677391e+00  ,3.546188153768e+00  ,3.559731973767e+00  
  3.665058103253e-07  ,2.344858133232e+00  ,2.646273483359e+00  ,2.844130018508e+00  ,2.983919353836e+00  ,3.089622665208e+00  ,3.171480493379e+00  ,3.235979480520e+00  ,3.288587158876e+00  ,3.332911992028e+00  ,3.370065272639e+00  ,3.402533180504e+00  ,3.430486069734e+00  ,3.456057182659e+00  ,3.477795154808e+00  ,3.497416653854e+00  ,3.515191688707e+00  ,3.531646677391e+00  ,3.546188153768e+00  ,3.559731973767e+00  
  3.675058645059e-07  ,2.344858133232e+00  ,2.646273483359e+00  ,2.844130018508e+00  ,2.983919353836e+00  ,3.089622665208e+00  ,3.171480493379e+00  ,3.235979480520e+00  ,3.288587158876e+00  ,3.332911992028e+00  ,3.370065272639e+00  ,3.402533180504e+00  ,3.430486069734e+00  ,3.456057182659e+00  ,3.477795154808e+00  ,3.497416653854e+00  ,3.515191688707e+00  ,3.531646677391e+00  ,3.546188153768e+00  ,3.559731973767e+00  
  3.685059186865e-07  ,2.344858133232e+00  ,2.646273483359e+00  ,2.844130018508e+00  ,2.983919353836e+00  ,3.089622665208e+00  ,3.171480493379e+00  ,3.235979480520e+00  ,3.288587158876e+00  ,3.332911992028e+00  ,3.370065272639e+00  ,3.402533180504e+00  ,3.430486069734e+00  ,3.456057182659e+00  ,3.477795154808e+00  ,3.497416653854e+00  ,3.515191688707e+00  ,3.531646677391e+00  ,3.546188153768e+00  ,3.559731973767e+00  
  3.695059728671e-07  ,2.344858133232e+00  ,2.646273483359e+00  ,2.844130018508e+00  ,2.983919353836e+00  ,3.089622665208e+00  ,3.171480493379e+00  ,3.235979480520e+00  ,3.288587158876e+00  ,3.332911992028e+00  ,3.370065272639e+00  ,3.402533180504e+00  ,3.430486069734e+00  ,3.456057182659e+00  ,3.477795154808e+00  ,3.497416653854e+00  ,3.515191688707e+00  ,3.531646677391e+00  ,3.546188153768e+00  ,3.559731973767e+00  
  3.705060270478e-07  ,2.344858133232e+00  ,2.646273483359e+00  ,2.844130018508e+00  ,2.983919353836e+00  ,3.089622665208e+00  ,3.171480493379e+00  ,3.235979480520e+00  ,3.288587158876e+00  ,3.332911992028e+00  ,3.370065272639e+00  ,3.402533180504e+00  ,3.430486069734e+00  ,3.456057182659e+00  ,3.477795154808e+00  ,3.497416653854e+00  ,3.515191688707e+00  ,3.531646677391e+00  ,3.546188153768e+00  ,3.559731973767e+00  
  3.715060812284e-07  ,2.344858133232e+00  ,2.646273483359e+00  ,2.844130018508e+00  ,2.983919353836e+00  ,3.089622665208e+00  ,3.171480493379e+00  ,3.235979480520e+00  ,3.288587158876e+00  ,3.332911992028e+00  ,3.370065272639e+00  ,3.402533180504e+00  ,3.430486069734e+00  ,3.456057182659e+00  ,3.477795154808e+00  ,3.497416653854e+00  ,3.515191688707e+00  ,3.531646677391e+00  ,3.546188153768e+00  ,3.559731973767e+00  
  3.725061354090e-07  ,2.344858133232e+00  ,2.646273483359e+00  ,2.844130018508e+00  ,2.983919353836e+00  ,3.089622665208e+00  ,3.171480493379e+00  ,3.235979480520e+00  ,3.288587158876e+00  ,3.332911992028e+00  ,3.370065272639e+00  ,3.402533180504e+00  ,3.430486069734e+00  ,3.456057182659e+00  ,3.477795154808e+00  ,3.497416653854e+00  ,3.515191688707e+00  ,3.531646677391e+00  ,3.546188153768e+00  ,3.559731973767e+00  
  3.735061895896e-07  ,2.344858133232e+00  ,2.646273483359e+00  ,2.844130018508e+00  ,2.983919353836e+00  ,3.089622665208e+00  ,3.171480493379e+00  ,3.235979480520e+00  ,3.288587158876e+00  ,3.332911992028e+00  ,3.370065272639e+00  ,3.402533180504e+00  ,3.430486069734e+00  ,3.456057182659e+00  ,3.477795154808e+00  ,3.497416653854e+00  ,3.515191688707e+00  ,3.531646677391e+00  ,3.546188153768e+00  ,3.559731973767e+00  
  3.745062437702e-07  ,2.344858133232e+00  ,2.646273483359e+00  ,2.844130018508e+00  ,2.983919353836e+00  ,3.089622665208e+00  ,3.171480493379e+00  ,3.235979480520e+00  ,3.288587158876e+00  ,3.332911992028e+00  ,3.370065272639e+00  ,3.402533180504e+00  ,3.430486069734e+00  ,3.456057182659e+00  ,3.477795154808e+00  ,3.497416653854e+00  ,3.515191688707e+00  ,3.531646677391e+00  ,3.546188153768e+00  ,3.559731973767e+00  
  3.755062979509e-07  ,2.344858133232e+00  ,2.646273483359e+00  ,2.844130018508e+00  ,2.983919353836e+00  ,3.089622665208e+00  ,3.171480493379e+00  ,3.235979480520e+00  ,3.288587158876e+00  ,3.332911992028e+00  ,3.370065272639e+00  ,3.402533180504e+00  ,3.430486069734e+00  ,3.456057182659e+00  ,3.477795154808e+00  ,3.497416653854e+00  ,3.515191688707e+00  ,3.531646677391e+00  ,3.546188153768e+00  ,3.559731973767e+00  
  3.765063521315e-07  ,2.344858133232e+00  ,2.646273483359e+00  ,2.844130018508e+00  ,2.983919353836e+00  ,3.089622665208e+00  ,3.171480493379e+00  ,3.235979480520e+00  ,3.288587158876e+00  ,3.332911992028e+00  ,3.370065272639e+00  ,3.402533180504e+00  ,3.430486069734e+00  ,3.456057182659e+00  ,3.477795154808e+00  ,3.497416653854e+00  ,3.515191688707e+00  ,3.531646677391e+00  ,3.546188153768e+00  ,3.559731973767e+00  
  3.775064063121e-07  ,2.344858133232e+00  ,2.646273483359e+00  ,2.844130018508e+00  ,2.983919353836e+00  ,3.089622665208e+00  ,3.171480493379e+00  ,3.235979480520e+00  ,3.288587158876e+00  ,3.332911992028e+00  ,3.370065272639e+00  ,3.402533180504e+00  ,3.430486069734e+00  ,3.456057182659e+00  ,3.477795154808e+00  ,3.497416653854e+00  ,3.515191688707e+00  ,3.531646677391e+00  ,3.546188153768e+00  ,3.559731973767e+00  
  3.785064604927e-07  ,2.344858133232e+00  ,2.646273483359e+00  ,2.844130018508e+00  ,2.983919353836e+00  ,3.089622665208e+00  ,3.171480493379e+00  ,3.235979480520e+00  ,3.288587158876e+00  ,3.332911992028e+00  ,3.370065272639e+00  ,3.402533180504e+00  ,3.430486069734e+00  ,3.456057182659e+00  ,3.477795154808e+00  ,3.497416653854e+00  ,3.515191688707e+00  ,3.531646677391e+00  ,3.546188153768e+00  ,3.559731973767e+00  
  3.795065146734e-07  ,2.344858133232e+00  ,2.646273483359e+00  ,2.844130018508e+00  ,2.983919353836e+00  ,3.089622665208e+00  ,3.171480493379e+00  ,3.235979480520e+00  ,3.288587158876e+00  ,3.332911992028e+00  ,3.370065272639e+00  ,3.402533180504e+00  ,3.430486069734e+00  ,3.456057182659e+00  ,3.477795154808e+00  ,3.497416653854e+00  ,3.515191688707e+00  ,3.531646677391e+00  ,3.546188153768e+00  ,3.559731973767e+00  
  3.805065688540e-07  ,2.344858133232e+00  ,2.646273483359e+00  ,2.844130018508e+00  ,2.983919353836e+00  ,3.089622665208e+00  ,3.171480493379e+00  ,3.235979480520e+00  ,3.288587158876e+00  ,3.332911992028e+00  ,3.370065272639e+00  ,3.402533180504e+00  ,3.430486069734e+00  ,3.456057182659e+00  ,3.477795154808e+00  ,3.497416653854e+00  ,3.515191688707e+00  ,3.531646677391e+00  ,3.546188153768e+00  ,3.559731973767e+00  
  3.815066230346e-07  ,2.344858133232e+00  ,2.646273483359e+00  ,2.844130018508e+00  ,2.983919353836e+00  ,3.089622665208e+00  ,3.171480493379e+00  ,3.235979480520e+00  ,3.288587158876e+00  ,3.332911992028e+00  ,3.370065272639e+00  ,3.402533180504e+00  ,3.430486069734e+00  ,3.456057182659e+00  ,3.477795154808e+00  ,3.497416653854e+00  ,3.515191688707e+00  ,3.531646677391e+00  ,3.546188153768e+00  ,3.559731973767e+00  
  3.825066772152e-07  ,2.344858133232e+00  ,2.646273483359e+00  ,2.844130018508e+00  ,2.983919353836e+00  ,3.089622665208e+00  ,3.171480493379e+00  ,3.235979480520e+00  ,3.288587158876e+00  ,3.332911992028e+00  ,3.370065272639e+00  ,3.402533180504e+00  ,3.430486069734e+00  ,3.456057182659e+00  ,3.477795154808e+00  ,3.497416653854e+00  ,3.515191688707e+00  ,3.531646677391e+00  ,3.546188153768e+00  ,3.559731973767e+00  
  3.835067313958e-07  ,2.344858133232e+00  ,2.646273483359e+00  ,2.844130018508e+00  ,2.983919353836e+00  ,3.089622665208e+00  ,3.171480493379e+00  ,3.235979480520e+00  ,3.288587158876e+00  ,3.332911992028e+00  ,3.370065272639e+00  ,3.402533180504e+00  ,3.430486069734e+00  ,3.456057182659e+00  ,3.477795154808e+00  ,3.497416653854e+00  ,3.515191688707e+00  ,3.531646677391e+00  ,3.546188153768e+00  ,3.559731973767e+00  
  3.845067855765e-07  ,2.344858133232e+00  ,2.646273483359e+00  ,2.844130018508e+00  ,2.983919353836e+00  ,3.089622665208e+00  ,3.171480493379e+00  ,3.235979480520e+00  ,3.288587158876e+00  ,3.332911992028e+00  ,3.370065272639e+00  ,3.402533180504e+00  ,3.430486069734e+00  ,3.456057182659e+00  ,3.477795154808e+00  ,3.497416653854e+00  ,3.515191688707e+00  ,3.531646677391e+00  ,3.546188153768e+00  ,3.559731973767e+00  
  3.855068397571e-07  ,2.344858133232e+00  ,2.646273483359e+00  ,2.844130018508e+00  ,2.983919353836e+00  ,3.089622665208e+00  ,3.171480493379e+00  ,3.235979480520e+00  ,3.288587158876e+00  ,3.332911992028e+00  ,3.370065272639e+00  ,3.402533180504e+00  ,3.430486069734e+00  ,3.456057182659e+00  ,3.477795154808e+00  ,3.497416653854e+00  ,3.515191688707e+00  ,3.531646677391e+00  ,3.546188153768e+00  ,3.559731973767e+00  
  3.865068939377e-07  ,2.344858133232e+00  ,2.646273483359e+00  ,2.844130018508e+00  ,2.983919353836e+00  ,3.089622665208e+00  ,3.171480493379e+00  ,3.235979480520e+00  ,3.288587158876e+00  ,3.332911992028e+00  ,3.370065272639e+00  ,3.402533180504e+00  ,3.430486069734e+00  ,3.456057182659e+00  ,3.477795154808e+00  ,3.497416653854e+00  ,3.515191688707e+00  ,3.531646677391e+00  ,3.546188153768e+00  ,3.559731973767e+00  
  3.875069481183e-07  ,2.344858133232e+00  ,2.646273483359e+00  ,2.844130018508e+00  ,2.983919353836e+00  ,3.089622665208e+00  ,3.171480493379e+00  ,3.235979480520e+00  ,3.288587158876e+00  ,3.332911992028e+00  ,3.370065272639e+00  ,3.402533180504e+00  ,3.430486069734e+00  ,3.456057182659e+00  ,3.477795154808e+00  ,3.497416653854e+00  ,3.515191688707e+00  ,3.531646677391e+00  ,3.546188153768e+00  ,3.559731973767e+00  
  3.885070022990e-07  ,2.344858133232e+00  ,2.646273483359e+00  ,2.844130018508e+00  ,2.983919353836e+00  ,3.089622665208e+00  ,3.171480493379e+00  ,3.235979480520e+00  ,3.288587158876e+00  ,3.332911992028e+00  ,3.370065272639e+00  ,3.402533180504e+00  ,3.430486069734e+00  ,3.456057182659e+00  ,3.477795154808e+00  ,3.497416653854e+00  ,3.515191688707e+00  ,3.531646677391e+00  ,3.546188153768e+00  ,3.559731973767e+00  
  3.895070564796e-07  ,2.344858133232e+00  ,2.646273483359e+00  ,2.844130018508e+00  ,2.983919353836e+00  ,3.089622665208e+00  ,3.171480493379e+00  ,3.235979480520e+00  ,3.288587158876e+00  ,3.332911992028e+00  ,3.370065272639e+00  ,3.402533180504e+00  ,3.430486069734e+00  ,3.456057182659e+00  ,3.477795154808e+00  ,3.497416653854e+00  ,3.515191688707e+00  ,3.531646677391e+00  ,3.546188153768e+00  ,3.559731973767e+00  
  3.905071106602e-07  ,2.344858133232e+00  ,2.646273483359e+00  ,2.844130018508e+00  ,2.983919353836e+00  ,3.089622665208e+00  ,3.171480493379e+00  ,3.235979480520e+00  ,3.288587158876e+00  ,3.332911992028e+00  ,3.370065272639e+00  ,3.402533180504e+00  ,3.430486069734e+00  ,3.456057182659e+00  ,3.477795154808e+00  ,3.497416653854e+00  ,3.515191688707e+00  ,3.531646677391e+00  ,3.546188153768e+00  ,3.559731973767e+00  
  3.915071648408e-07  ,2.344858133232e+00  ,2.646273483359e+00  ,2.844130018508e+00  ,2.983919353836e+00  ,3.089622665208e+00  ,3.171480493379e+00  ,3.235979480520e+00  ,3.288587158876e+00  ,3.332911992028e+00  ,3.370065272639e+00  ,3.402533180504e+00  ,3.430486069734e+00  ,3.456057182659e+00  ,3.477795154808e+00  ,3.497416653854e+00  ,3.515191688707e+00  ,3.531646677391e+00  ,3.546188153768e+00  ,3.559731973767e+00  
  3.925072190214e-07  ,2.344858133232e+00  ,2.646273483359e+00  ,2.844130018508e+00  ,2.983919353836e+00  ,3.089622665208e+00  ,3.171480493379e+00  ,3.235979480520e+00  ,3.288587158876e+00  ,3.332911992028e+00  ,3.370065272639e+00  ,3.402533180504e+00  ,3.430486069734e+00  ,3.456057182659e+00  ,3.477795154808e+00  ,3.497416653854e+00  ,3.515191688707e+00  ,3.531646677391e+00  ,3.546188153768e+00  ,3.559731973767e+00  
  3.935072732021e-07  ,2.344858133232e+00  ,2.646273483359e+00  ,2.844130018508e+00  ,2.983919353836e+00  ,3.089622665208e+00  ,3.171480493379e+00  ,3.235979480520e+00  ,3.288587158876e+00  ,3.332911992028e+00  ,3.370065272639e+00  ,3.402533180504e+00  ,3.430486069734e+00  ,3.456057182659e+00  ,3.477795154808e+00  ,3.497416653854e+00  ,3.515191688707e+00  ,3.531646677391e+00  ,3.546188153768e+00  ,3.559731973767e+00  
  3.945073273827e-07  ,2.344858133232e+00  ,2.646273483359e+00  ,2.844130018508e+00  ,2.983919353836e+00  ,3.089622665208e+00  ,3.171480493379e+00  ,3.235979480520e+00  ,3.288587158876e+00  ,3.332911992028e+00  ,3.370065272639e+00  ,3.402533180504e+00  ,3.430486069734e+00  ,3.456057182659e+00  ,3.477795154808e+00  ,3.497416653854e+00  ,3.515191688707e+00  ,3.531646677391e+00  ,3.546188153768e+00  ,3.559731973767e+00  
  3.955073815633e-07  ,2.344858133232e+00  ,2.646273483359e+00  ,2.844130018508e+00  ,2.983919353836e+00  ,3.089622665208e+00  ,3.171480493379e+00  ,3.235979480520e+00  ,3.288587158876e+00  ,3.332911992028e+00  ,3.370065272639e+00  ,3.402533180504e+00  ,3.430486069734e+00  ,3.456057182659e+00  ,3.477795154808e+00  ,3.497416653854e+00  ,3.515191688707e+00  ,3.531646677391e+00  ,3.546188153768e+00  ,3.559731973767e+00  
  3.965074357439e-07  ,2.344858133232e+00  ,2.646273483359e+00  ,2.844130018508e+00  ,2.983919353836e+00  ,3.089622665208e+00  ,3.171480493379e+00  ,3.235979480520e+00  ,3.288587158876e+00  ,3.332911992028e+00  ,3.370065272639e+00  ,3.402533180504e+00  ,3.430486069734e+00  ,3.456057182659e+00  ,3.477795154808e+00  ,3.497416653854e+00  ,3.515191688707e+00  ,3.531646677391e+00  ,3.546188153768e+00  ,3.559731973767e+00  
  3.975074899246e-07  ,2.344858133232e+00  ,2.646273483359e+00  ,2.844130018508e+00  ,2.983919353836e+00  ,3.089622665208e+00  ,3.171480493379e+00  ,3.235979480520e+00  ,3.288587158876e+00  ,3.332911992028e+00  ,3.370065272639e+00  ,3.402533180504e+00  ,3.430486069734e+00  ,3.456057182659e+00  ,3.477795154808e+00  ,3.497416653854e+00  ,3.515191688707e+00  ,3.531646677391e+00  ,3.546188153768e+00  ,3.559731973767e+00  
  3.985075441052e-07  ,2.344858133232e+00  ,2.646273483359e+00  ,2.844130018508e+00  ,2.983919353836e+00  ,3.089622665208e+00  ,3.171480493379e+00  ,3.235979480520e+00  ,3.288587158876e+00  ,3.332911992028e+00  ,3.370065272639e+00  ,3.402533180504e+00  ,3.430486069734e+00  ,3.456057182659e+00  ,3.477795154808e+00  ,3.497416653854e+00  ,3.515191688707e+00  ,3.531646677391e+00  ,3.546188153768e+00  ,3.559731973767e+00  
  3.995075982858e-07  ,2.344858133232e+00  ,2.646273483359e+00  ,2.844130018508e+00  ,2.983919353836e+00  ,3.089622665208e+00  ,3.171480493379e+00  ,3.235979480520e+00  ,3.288587158876e+00  ,3.332911992028e+00  ,3.370065272639e+00  ,3.402533180504e+00  ,3.430486069734e+00  ,3.456057182659e+00  ,3.477795154808e+00  ,3.497416653854e+00  ,3.515191688707e+00  ,3.531646677391e+00  ,3.546188153768e+00  ,3.559731973767e+00  
  4.005076524664e-07  ,2.344858133232e+00  ,2.646273483359e+00  ,2.844130018508e+00  ,2.983919353836e+00  ,3.089622665208e+00  ,3.171480493379e+00  ,3.235979480520e+00  ,3.288587158876e+00  ,3.332911992028e+00  ,3.370065272639e+00  ,3.402533180504e+00  ,3.430486069734e+00  ,3.456057182659e+00  ,3.477795154808e+00  ,3.497416653854e+00  ,3.515191688707e+00  ,3.531646677391e+00  ,3.546188153768e+00  ,3.559731973767e+00  
  4.015077066470e-07  ,2.344858133232e+00  ,2.646273483359e+00  ,2.844130018508e+00  ,2.983919353836e+00  ,3.089622665208e+00  ,3.171480493379e+00  ,3.235979480520e+00  ,3.288587158876e+00  ,3.332911992028e+00  ,3.370065272639e+00  ,3.402533180504e+00  ,3.430486069734e+00  ,3.456057182659e+00  ,3.477795154808e+00  ,3.497416653854e+00  ,3.515191688707e+00  ,3.531646677391e+00  ,3.546188153768e+00  ,3.559731973767e+00  
  4.025077608277e-07  ,2.344858133232e+00  ,2.646273483359e+00  ,2.844130018508e+00  ,2.983919353836e+00  ,3.089622665208e+00  ,3.171480493379e+00  ,3.235979480520e+00  ,3.288587158876e+00  ,3.332911992028e+00  ,3.370065272639e+00  ,3.402533180504e+00  ,3.430486069734e+00  ,3.456057182659e+00  ,3.477795154808e+00  ,3.497416653854e+00  ,3.515191688707e+00  ,3.531646677391e+00  ,3.546188153768e+00  ,3.559731973767e+00  
  4.035078150083e-07  ,2.344858133232e+00  ,2.646273483359e+00  ,2.844130018508e+00  ,2.983919353836e+00  ,3.089622665208e+00  ,3.171480493379e+00  ,3.235979480520e+00  ,3.288587158876e+00  ,3.332911992028e+00  ,3.370065272639e+00  ,3.402533180504e+00  ,3.430486069734e+00  ,3.456057182659e+00  ,3.477795154808e+00  ,3.497416653854e+00  ,3.515191688707e+00  ,3.531646677391e+00  ,3.546188153768e+00  ,3.559731973767e+00  
  4.045078691889e-07  ,2.344858133232e+00  ,2.646273483359e+00  ,2.844130018508e+00  ,2.983919353836e+00  ,3.089622665208e+00  ,3.171480493379e+00  ,3.235979480520e+00  ,3.288587158876e+00  ,3.332911992028e+00  ,3.370065272639e+00  ,3.402533180504e+00  ,3.430486069734e+00  ,3.456057182659e+00  ,3.477795154808e+00  ,3.497416653854e+00  ,3.515191688707e+00  ,3.531646677391e+00  ,3.546188153768e+00  ,3.559731973767e+00  
  4.055079233695e-07  ,2.344858133232e+00  ,2.646273483359e+00  ,2.844130018508e+00  ,2.983919353836e+00  ,3.089622665208e+00  ,3.171480493379e+00  ,3.235979480520e+00  ,3.288587158876e+00  ,3.332911992028e+00  ,3.370065272639e+00  ,3.402533180504e+00  ,3.430486069734e+00  ,3.456057182659e+00  ,3.477795154808e+00  ,3.497416653854e+00  ,3.515191688707e+00  ,3.531646677391e+00  ,3.546188153768e+00  ,3.559731973767e+00  
  4.065079775502e-07  ,2.344858133232e+00  ,2.646273483359e+00  ,2.844130018508e+00  ,2.983919353836e+00  ,3.089622665208e+00  ,3.171480493379e+00  ,3.235979480520e+00  ,3.288587158876e+00  ,3.332911992028e+00  ,3.370065272639e+00  ,3.402533180504e+00  ,3.430486069734e+00  ,3.456057182659e+00  ,3.477795154808e+00  ,3.497416653854e+00  ,3.515191688707e+00  ,3.531646677391e+00  ,3.546188153768e+00  ,3.559731973767e+00  
  4.075080317308e-07  ,2.344858133232e+00  ,2.646273483359e+00  ,2.844130018508e+00  ,2.983919353836e+00  ,3.089622665208e+00  ,3.171480493379e+00  ,3.235979480520e+00  ,3.288587158876e+00  ,3.332911992028e+00  ,3.370065272639e+00  ,3.402533180504e+00  ,3.430486069734e+00  ,3.456057182659e+00  ,3.477795154808e+00  ,3.497416653854e+00  ,3.515191688707e+00  ,3.531646677391e+00  ,3.546188153768e+00  ,3.559731973767e+00  
  4.085080859114e-07  ,2.344858133232e+00  ,2.646273483359e+00  ,2.844130018508e+00  ,2.983919353836e+00  ,3.089622665208e+00  ,3.171480493379e+00  ,3.235979480520e+00  ,3.288587158876e+00  ,3.332911992028e+00  ,3.370065272639e+00  ,3.402533180504e+00  ,3.430486069734e+00  ,3.456057182659e+00  ,3.477795154808e+00  ,3.497416653854e+00  ,3.515191688707e+00  ,3.531646677391e+00  ,3.546188153768e+00  ,3.559731973767e+00  
  4.095081400920e-07  ,2.344858133232e+00  ,2.646273483359e+00  ,2.844130018508e+00  ,2.983919353836e+00  ,3.089622665208e+00  ,3.171480493379e+00  ,3.235979480520e+00  ,3.288587158876e+00  ,3.332911992028e+00  ,3.370065272639e+00  ,3.402533180504e+00  ,3.430486069734e+00  ,3.456057182659e+00  ,3.477795154808e+00  ,3.497416653854e+00  ,3.515191688707e+00  ,3.531646677391e+00  ,3.546188153768e+00  ,3.559731973767e+00  
  4.105081942726e-07  ,2.344858133232e+00  ,2.646273483359e+00  ,2.844130018508e+00  ,2.983919353836e+00  ,3.089622665208e+00  ,3.171480493379e+00  ,3.235979480520e+00  ,3.288587158876e+00  ,3.332911992028e+00  ,3.370065272639e+00  ,3.402533180504e+00  ,3.430486069734e+00  ,3.456057182659e+00  ,3.477795154808e+00  ,3.497416653854e+00  ,3.515191688707e+00  ,3.531646677391e+00  ,3.546188153768e+00  ,3.559731973767e+00  
  4.115082484533e-07  ,2.344858133232e+00  ,2.646273483359e+00  ,2.844130018508e+00  ,2.983919353836e+00  ,3.089622665208e+00  ,3.171480493379e+00  ,3.235979480520e+00  ,3.288587158876e+00  ,3.332911992028e+00  ,3.370065272639e+00  ,3.402533180504e+00  ,3.430486069734e+00  ,3.456057182659e+00  ,3.477795154808e+00  ,3.497416653854e+00  ,3.515191688707e+00  ,3.531646677391e+00  ,3.546188153768e+00  ,3.559731973767e+00  
  4.125083026339e-07  ,2.344858133232e+00  ,2.646273483359e+00  ,2.844130018508e+00  ,2.983919353836e+00  ,3.089622665208e+00  ,3.171480493379e+00  ,3.235979480520e+00  ,3.288587158876e+00  ,3.332911992028e+00  ,3.370065272639e+00  ,3.402533180504e+00  ,3.430486069734e+00  ,3.456057182659e+00  ,3.477795154808e+00  ,3.497416653854e+00  ,3.515191688707e+00  ,3.531646677391e+00  ,3.546188153768e+00  ,3.559731973767e+00  
  4.135083568145e-07  ,2.344858133232e+00  ,2.646273483359e+00  ,2.844130018508e+00  ,2.983919353836e+00  ,3.089622665208e+00  ,3.171480493379e+00  ,3.235979480520e+00  ,3.288587158876e+00  ,3.332911992028e+00  ,3.370065272639e+00  ,3.402533180504e+00  ,3.430486069734e+00  ,3.456057182659e+00  ,3.477795154808e+00  ,3.497416653854e+00  ,3.515191688707e+00  ,3.531646677391e+00  ,3.546188153768e+00  ,3.559731973767e+00  
  4.145084109951e-07  ,2.344858133232e+00  ,2.646273483359e+00  ,2.844130018508e+00  ,2.983919353836e+00  ,3.089622665208e+00  ,3.171480493379e+00  ,3.235979480520e+00  ,3.288587158876e+00  ,3.332911992028e+00  ,3.370065272639e+00  ,3.402533180504e+00  ,3.430486069734e+00  ,3.456057182659e+00  ,3.477795154808e+00  ,3.497416653854e+00  ,3.515191688707e+00  ,3.531646677391e+00  ,3.546188153768e+00  ,3.559731973767e+00  
  4.155084651758e-07  ,2.344858133232e+00  ,2.646273483359e+00  ,2.844130018508e+00  ,2.983919353836e+00  ,3.089622665208e+00  ,3.171480493379e+00  ,3.235979480520e+00  ,3.288587158876e+00  ,3.332911992028e+00  ,3.370065272639e+00  ,3.402533180504e+00  ,3.430486069734e+00  ,3.456057182659e+00  ,3.477795154808e+00  ,3.497416653854e+00  ,3.515191688707e+00  ,3.531646677391e+00  ,3.546188153768e+00  ,3.559731973767e+00  
  4.165085193564e-07  ,2.344858133232e+00  ,2.646273483359e+00  ,2.844130018508e+00  ,2.983919353836e+00  ,3.089622665208e+00  ,3.171480493379e+00  ,3.235979480520e+00  ,3.288587158876e+00  ,3.332911992028e+00  ,3.370065272639e+00  ,3.402533180504e+00  ,3.430486069734e+00  ,3.456057182659e+00  ,3.477795154808e+00  ,3.497416653854e+00  ,3.515191688707e+00  ,3.531646677391e+00  ,3.546188153768e+00  ,3.559731973767e+00  
  4.175085735370e-07  ,2.344858133232e+00  ,2.646273483359e+00  ,2.844130018508e+00  ,2.983919353836e+00  ,3.089622665208e+00  ,3.171480493379e+00  ,3.235979480520e+00  ,3.288587158876e+00  ,3.332911992028e+00  ,3.370065272639e+00  ,3.402533180504e+00  ,3.430486069734e+00  ,3.456057182659e+00  ,3.477795154808e+00  ,3.497416653854e+00  ,3.515191688707e+00  ,3.531646677391e+00  ,3.546188153768e+00  ,3.559731973767e+00  
  4.185086277176e-07  ,2.344858133232e+00  ,2.646273483359e+00  ,2.844130018508e+00  ,2.983919353836e+00  ,3.089622665208e+00  ,3.171480493379e+00  ,3.235979480520e+00  ,3.288587158876e+00  ,3.332911992028e+00  ,3.370065272639e+00  ,3.402533180504e+00  ,3.430486069734e+00  ,3.456057182659e+00  ,3.477795154808e+00  ,3.497416653854e+00  ,3.515191688707e+00  ,3.531646677391e+00  ,3.546188153768e+00  ,3.559731973767e+00  
  4.195086818982e-07  ,2.344858133232e+00  ,2.646273483359e+00  ,2.844130018508e+00  ,2.983919353836e+00  ,3.089622665208e+00  ,3.171480493379e+00  ,3.235979480520e+00  ,3.288587158876e+00  ,3.332911992028e+00  ,3.370065272639e+00  ,3.402533180504e+00  ,3.430486069734e+00  ,3.456057182659e+00  ,3.477795154808e+00  ,3.497416653854e+00  ,3.515191688707e+00  ,3.531646677391e+00  ,3.546188153768e+00  ,3.559731973767e+00  
  4.205087360789e-07  ,2.344858133232e+00  ,2.646273483359e+00  ,2.844130018508e+00  ,2.983919353836e+00  ,3.089622665208e+00  ,3.171480493379e+00  ,3.235979480520e+00  ,3.288587158876e+00  ,3.332911992028e+00  ,3.370065272639e+00  ,3.402533180504e+00  ,3.430486069734e+00  ,3.456057182659e+00  ,3.477795154808e+00  ,3.497416653854e+00  ,3.515191688707e+00  ,3.531646677391e+00  ,3.546188153768e+00  ,3.559731973767e+00  
  4.215087902595e-07  ,2.344858133232e+00  ,2.646273483359e+00  ,2.844130018508e+00  ,2.983919353836e+00  ,3.089622665208e+00  ,3.171480493379e+00  ,3.235979480520e+00  ,3.288587158876e+00  ,3.332911992028e+00  ,3.370065272639e+00  ,3.402533180504e+00  ,3.430486069734e+00  ,3.456057182659e+00  ,3.477795154808e+00  ,3.497416653854e+00  ,3.515191688707e+00  ,3.531646677391e+00  ,3.546188153768e+00  ,3.559731973767e+00  
  4.225088444401e-07  ,2.344858133232e+00  ,2.646273483359e+00  ,2.844130018508e+00  ,2.983919353836e+00  ,3.089622665208e+00  ,3.171480493379e+00  ,3.235979480520e+00  ,3.288587158876e+00  ,3.332911992028e+00  ,3.370065272639e+00  ,3.402533180504e+00  ,3.430486069734e+00  ,3.456057182659e+00  ,3.477795154808e+00  ,3.497416653854e+00  ,3.515191688707e+00  ,3.531646677391e+00  ,3.546188153768e+00  ,3.559731973767e+00  
  4.235088986207e-07  ,2.344858133232e+00  ,2.646273483359e+00  ,2.844130018508e+00  ,2.983919353836e+00  ,3.089622665208e+00  ,3.171480493379e+00  ,3.235979480520e+00  ,3.288587158876e+00  ,3.332911992028e+00  ,3.370065272639e+00  ,3.402533180504e+00  ,3.430486069734e+00  ,3.456057182659e+00  ,3.477795154808e+00  ,3.497416653854e+00  ,3.515191688707e+00  ,3.531646677391e+00  ,3.546188153768e+00  ,3.559731973767e+00  
  4.245089528014e-07  ,2.344858133232e+00  ,2.646273483359e+00  ,2.844130018508e+00  ,2.983919353836e+00  ,3.089622665208e+00  ,3.171480493379e+00  ,3.235979480520e+00  ,3.288587158876e+00  ,3.332911992028e+00  ,3.370065272639e+00  ,3.402533180504e+00  ,3.430486069734e+00  ,3.456057182659e+00  ,3.477795154808e+00  ,3.497416653854e+00  ,3.515191688707e+00  ,3.531646677391e+00  ,3.546188153768e+00  ,3.559731973767e+00  
  4.255090069820e-07  ,2.344858133232e+00  ,2.646273483359e+00  ,2.844130018508e+00  ,2.983919353836e+00  ,3.089622665208e+00  ,3.171480493379e+00  ,3.235979480520e+00  ,3.288587158876e+00  ,3.332911992028e+00  ,3.370065272639e+00  ,3.402533180504e+00  ,3.430486069734e+00  ,3.456057182659e+00  ,3.477795154808e+00  ,3.497416653854e+00  ,3.515191688707e+00  ,3.531646677391e+00  ,3.546188153768e+00  ,3.559731973767e+00  
  4.265090611626e-07  ,2.344858133232e+00  ,2.646273483359e+00  ,2.844130018508e+00  ,2.983919353836e+00  ,3.089622665208e+00  ,3.171480493379e+00  ,3.235979480520e+00  ,3.288587158876e+00  ,3.332911992028e+00  ,3.370065272639e+00  ,3.402533180504e+00  ,3.430486069734e+00  ,3.456057182659e+00  ,3.477795154808e+00  ,3.497416653854e+00  ,3.515191688707e+00  ,3.531646677391e+00  ,3.546188153768e+00  ,3.559731973767e+00  
  4.275091153432e-07  ,2.344858133232e+00  ,2.646273483359e+00  ,2.844130018508e+00  ,2.983919353836e+00  ,3.089622665208e+00  ,3.171480493379e+00  ,3.235979480520e+00  ,3.288587158876e+00  ,3.332911992028e+00  ,3.370065272639e+00  ,3.402533180504e+00  ,3.430486069734e+00  ,3.456057182659e+00  ,3.477795154808e+00  ,3.497416653854e+00  ,3.515191688707e+00  ,3.531646677391e+00  ,3.546188153768e+00  ,3.559731973767e+00  
  4.285091695238e-07  ,2.344858133232e+00  ,2.646273483359e+00  ,2.844130018508e+00  ,2.983919353836e+00  ,3.089622665208e+00  ,3.171480493379e+00  ,3.235979480520e+00  ,3.288587158876e+00  ,3.332911992028e+00  ,3.370065272639e+00  ,3.402533180504e+00  ,3.430486069734e+00  ,3.456057182659e+00  ,3.477795154808e+00  ,3.497416653854e+00  ,3.515191688707e+00  ,3.531646677391e+00  ,3.546188153768e+00  ,3.559731973767e+00  
  4.295092237045e-07  ,2.344858133232e+00  ,2.646273483359e+00  ,2.844130018508e+00  ,2.983919353836e+00  ,3.089622665208e+00  ,3.171480493379e+00  ,3.235979480520e+00  ,3.288587158876e+00  ,3.332911992028e+00  ,3.370065272639e+00  ,3.402533180504e+00  ,3.430486069734e+00  ,3.456057182659e+00  ,3.477795154808e+00  ,3.497416653854e+00  ,3.515191688707e+00  ,3.531646677391e+00  ,3.546188153768e+00  ,3.559731973767e+00  
  4.305092778851e-07  ,2.344858133232e+00  ,2.646273483359e+00  ,2.844130018508e+00  ,2.983919353836e+00  ,3.089622665208e+00  ,3.171480493379e+00  ,3.235979480520e+00  ,3.288587158876e+00  ,3.332911992028e+00  ,3.370065272639e+00  ,3.402533180504e+00  ,3.430486069734e+00  ,3.456057182659e+00  ,3.477795154808e+00  ,3.497416653854e+00  ,3.515191688707e+00  ,3.531646677391e+00  ,3.546188153768e+00  ,3.559731973767e+00  
  4.315093320657e-07  ,2.344858133232e+00  ,2.646273483359e+00  ,2.844130018508e+00  ,2.983919353836e+00  ,3.089622665208e+00  ,3.171480493379e+00  ,3.235979480520e+00  ,3.288587158876e+00  ,3.332911992028e+00  ,3.370065272639e+00  ,3.402533180504e+00  ,3.430486069734e+00  ,3.456057182659e+00  ,3.477795154808e+00  ,3.497416653854e+00  ,3.515191688707e+00  ,3.531646677391e+00  ,3.546188153768e+00  ,3.559731973767e+00  
  4.325093862463e-07  ,2.344858133232e+00  ,2.646273483359e+00  ,2.844130018508e+00  ,2.983919353836e+00  ,3.089622665208e+00  ,3.171480493379e+00  ,3.235979480520e+00  ,3.288587158876e+00  ,3.332911992028e+00  ,3.370065272639e+00  ,3.402533180504e+00  ,3.430486069734e+00  ,3.456057182659e+00  ,3.477795154808e+00  ,3.497416653854e+00  ,3.515191688707e+00  ,3.531646677391e+00  ,3.546188153768e+00  ,3.559731973767e+00  
  4.335094404269e-07  ,2.344858133232e+00  ,2.646273483359e+00  ,2.844130018508e+00  ,2.983919353836e+00  ,3.089622665208e+00  ,3.171480493379e+00  ,3.235979480520e+00  ,3.288587158876e+00  ,3.332911992028e+00  ,3.370065272639e+00  ,3.402533180504e+00  ,3.430486069734e+00  ,3.456057182659e+00  ,3.477795154808e+00  ,3.497416653854e+00  ,3.515191688707e+00  ,3.531646677391e+00  ,3.546188153768e+00  ,3.559731973767e+00  
  4.345094946076e-07  ,2.344858133232e+00  ,2.646273483359e+00  ,2.844130018508e+00  ,2.983919353836e+00  ,3.089622665208e+00  ,3.171480493379e+00  ,3.235979480520e+00  ,3.288587158876e+00  ,3.332911992028e+00  ,3.370065272639e+00  ,3.402533180504e+00  ,3.430486069734e+00  ,3.456057182659e+00  ,3.477795154808e+00  ,3.497416653854e+00  ,3.515191688707e+00  ,3.531646677391e+00  ,3.546188153768e+00  ,3.559731973767e+00  
  4.355095487882e-07  ,2.344858133232e+00  ,2.646273483359e+00  ,2.844130018508e+00  ,2.983919353836e+00  ,3.089622665208e+00  ,3.171480493379e+00  ,3.235979480520e+00  ,3.288587158876e+00  ,3.332911992028e+00  ,3.370065272639e+00  ,3.402533180504e+00  ,3.430486069734e+00  ,3.456057182659e+00  ,3.477795154808e+00  ,3.497416653854e+00  ,3.515191688707e+00  ,3.531646677391e+00  ,3.546188153768e+00  ,3.559731973767e+00  
  4.365096029688e-07  ,2.344858133232e+00  ,2.646273483359e+00  ,2.844130018508e+00  ,2.983919353836e+00  ,3.089622665208e+00  ,3.171480493379e+00  ,3.235979480520e+00  ,3.288587158876e+00  ,3.332911992028e+00  ,3.370065272639e+00  ,3.402533180504e+00  ,3.430486069734e+00  ,3.456057182659e+00  ,3.477795154808e+00  ,3.497416653854e+00  ,3.515191688707e+00  ,3.531646677391e+00  ,3.546188153768e+00  ,3.559731973767e+00  
  4.375096571494e-07  ,2.344858133232e+00  ,2.646273483359e+00  ,2.844130018508e+00  ,2.983919353836e+00  ,3.089622665208e+00  ,3.171480493379e+00  ,3.235979480520e+00  ,3.288587158876e+00  ,3.332911992028e+00  ,3.370065272639e+00  ,3.402533180504e+00  ,3.430486069734e+00  ,3.456057182659e+00  ,3.477795154808e+00  ,3.497416653854e+00  ,3.515191688707e+00  ,3.531646677391e+00  ,3.546188153768e+00  ,3.559731973767e+00  
  4.385097113301e-07  ,2.344858133232e+00  ,2.646273483359e+00  ,2.844130018508e+00  ,2.983919353836e+00  ,3.089622665208e+00  ,3.171480493379e+00  ,3.235979480520e+00  ,3.288587158876e+00  ,3.332911992028e+00  ,3.370065272639e+00  ,3.402533180504e+00  ,3.430486069734e+00  ,3.456057182659e+00  ,3.477795154808e+00  ,3.497416653854e+00  ,3.515191688707e+00  ,3.531646677391e+00  ,3.546188153768e+00  ,3.559731973767e+00  
  4.395097655107e-07  ,2.344858133232e+00  ,2.646273483359e+00  ,2.844130018508e+00  ,2.983919353836e+00  ,3.089622665208e+00  ,3.171480493379e+00  ,3.235979480520e+00  ,3.288587158876e+00  ,3.332911992028e+00  ,3.370065272639e+00  ,3.402533180504e+00  ,3.430486069734e+00  ,3.456057182659e+00  ,3.477795154808e+00  ,3.497416653854e+00  ,3.515191688707e+00  ,3.531646677391e+00  ,3.546188153768e+00  ,3.559731973767e+00  
  4.405098196913e-07  ,2.344858133232e+00  ,2.646273483359e+00  ,2.844130018508e+00  ,2.983919353836e+00  ,3.089622665208e+00  ,3.171480493379e+00  ,3.235979480520e+00  ,3.288587158876e+00  ,3.332911992028e+00  ,3.370065272639e+00  ,3.402533180504e+00  ,3.430486069734e+00  ,3.456057182659e+00  ,3.477795154808e+00  ,3.497416653854e+00  ,3.515191688707e+00  ,3.531646677391e+00  ,3.546188153768e+00  ,3.559731973767e+00  
  4.415098738719e-07  ,2.344858133232e+00  ,2.646273483359e+00  ,2.844130018508e+00  ,2.983919353836e+00  ,3.089622665208e+00  ,3.171480493379e+00  ,3.235979480520e+00  ,3.288587158876e+00  ,3.332911992028e+00  ,3.370065272639e+00  ,3.402533180504e+00  ,3.430486069734e+00  ,3.456057182659e+00  ,3.477795154808e+00  ,3.497416653854e+00  ,3.515191688707e+00  ,3.531646677391e+00  ,3.546188153768e+00  ,3.559731973767e+00  
  4.425099280525e-07  ,2.344858133232e+00  ,2.646273483359e+00  ,2.844130018508e+00  ,2.983919353836e+00  ,3.089622665208e+00  ,3.171480493379e+00  ,3.235979480520e+00  ,3.288587158876e+00  ,3.332911992028e+00  ,3.370065272639e+00  ,3.402533180504e+00  ,3.430486069734e+00  ,3.456057182659e+00  ,3.477795154808e+00  ,3.497416653854e+00  ,3.515191688707e+00  ,3.531646677391e+00  ,3.546188153768e+00  ,3.559731973767e+00  
  4.435099822332e-07  ,2.344858133232e+00  ,2.646273483359e+00  ,2.844130018508e+00  ,2.983919353836e+00  ,3.089622665208e+00  ,3.171480493379e+00  ,3.235979480520e+00  ,3.288587158876e+00  ,3.332911992028e+00  ,3.370065272639e+00  ,3.402533180504e+00  ,3.430486069734e+00  ,3.456057182659e+00  ,3.477795154808e+00  ,3.497416653854e+00  ,3.515191688707e+00  ,3.531646677391e+00  ,3.546188153768e+00  ,3.559731973767e+00  
  4.445100364138e-07  ,2.344858133232e+00  ,2.646273483359e+00  ,2.844130018508e+00  ,2.983919353836e+00  ,3.089622665208e+00  ,3.171480493379e+00  ,3.235979480520e+00  ,3.288587158876e+00  ,3.332911992028e+00  ,3.370065272639e+00  ,3.402533180504e+00  ,3.430486069734e+00  ,3.456057182659e+00  ,3.477795154808e+00  ,3.497416653854e+00  ,3.515191688707e+00  ,3.531646677391e+00  ,3.546188153768e+00  ,3.559731973767e+00  
  4.455100905944e-07  ,2.344858133232e+00  ,2.646273483359e+00  ,2.844130018508e+00  ,2.983919353836e+00  ,3.089622665208e+00  ,3.171480493379e+00  ,3.235979480520e+00  ,3.288587158876e+00  ,3.332911992028e+00  ,3.370065272639e+00  ,3.402533180504e+00  ,3.430486069734e+00  ,3.456057182659e+00  ,3.477795154808e+00  ,3.497416653854e+00  ,3.515191688707e+00  ,3.531646677391e+00  ,3.546188153768e+00  ,3.559731973767e+00  
  4.465101447750e-07  ,2.344858133232e+00  ,2.646273483359e+00  ,2.844130018508e+00  ,2.983919353836e+00  ,3.089622665208e+00  ,3.171480493379e+00  ,3.235979480520e+00  ,3.288587158876e+00  ,3.332911992028e+00  ,3.370065272639e+00  ,3.402533180504e+00  ,3.430486069734e+00  ,3.456057182659e+00  ,3.477795154808e+00  ,3.497416653854e+00  ,3.515191688707e+00  ,3.531646677391e+00  ,3.546188153768e+00  ,3.559731973767e+00  
  4.475101989557e-07  ,2.344858133232e+00  ,2.646273483359e+00  ,2.844130018508e+00  ,2.983919353836e+00  ,3.089622665208e+00  ,3.171480493379e+00  ,3.235979480520e+00  ,3.288587158876e+00  ,3.332911992028e+00  ,3.370065272639e+00  ,3.402533180504e+00  ,3.430486069734e+00  ,3.456057182659e+00  ,3.477795154808e+00  ,3.497416653854e+00  ,3.515191688707e+00  ,3.531646677391e+00  ,3.546188153768e+00  ,3.559731973767e+00  
  4.485102531363e-07  ,2.344858133232e+00  ,2.646273483359e+00  ,2.844130018508e+00  ,2.983919353836e+00  ,3.089622665208e+00  ,3.171480493379e+00  ,3.235979480520e+00  ,3.288587158876e+00  ,3.332911992028e+00  ,3.370065272639e+00  ,3.402533180504e+00  ,3.430486069734e+00  ,3.456057182659e+00  ,3.477795154808e+00  ,3.497416653854e+00  ,3.515191688707e+00  ,3.531646677391e+00  ,3.546188153768e+00  ,3.559731973767e+00  
  4.495103073169e-07  ,2.344858133232e+00  ,2.646273483359e+00  ,2.844130018508e+00  ,2.983919353836e+00  ,3.089622665208e+00  ,3.171480493379e+00  ,3.235979480520e+00  ,3.288587158876e+00  ,3.332911992028e+00  ,3.370065272639e+00  ,3.402533180504e+00  ,3.430486069734e+00  ,3.456057182659e+00  ,3.477795154808e+00  ,3.497416653854e+00  ,3.515191688707e+00  ,3.531646677391e+00  ,3.546188153768e+00  ,3.559731973767e+00  
  4.505103614975e-07  ,2.344858133232e+00  ,2.646273483359e+00  ,2.844130018508e+00  ,2.983919353836e+00  ,3.089622665208e+00  ,3.171480493379e+00  ,3.235979480520e+00  ,3.288587158876e+00  ,3.332911992028e+00  ,3.370065272639e+00  ,3.402533180504e+00  ,3.430486069734e+00  ,3.456057182659e+00  ,3.477795154808e+00  ,3.497416653854e+00  ,3.515191688707e+00  ,3.531646677391e+00  ,3.546188153768e+00  ,3.559731973767e+00  
  4.515104156781e-07  ,2.344858133232e+00  ,2.646273483359e+00  ,2.844130018508e+00  ,2.983919353836e+00  ,3.089622665208e+00  ,3.171480493379e+00  ,3.235979480520e+00  ,3.288587158876e+00  ,3.332911992028e+00  ,3.370065272639e+00  ,3.402533180504e+00  ,3.430486069734e+00  ,3.456057182659e+00  ,3.477795154808e+00  ,3.497416653854e+00  ,3.515191688707e+00  ,3.531646677391e+00  ,3.546188153768e+00  ,3.559731973767e+00  
  4.525104698588e-07  ,2.344858133232e+00  ,2.646273483359e+00  ,2.844130018508e+00  ,2.983919353836e+00  ,3.089622665208e+00  ,3.171480493379e+00  ,3.235979480520e+00  ,3.288587158876e+00  ,3.332911992028e+00  ,3.370065272639e+00  ,3.402533180504e+00  ,3.430486069734e+00  ,3.456057182659e+00  ,3.477795154808e+00  ,3.497416653854e+00  ,3.515191688707e+00  ,3.531646677391e+00  ,3.546188153768e+00  ,3.559731973767e+00  
  4.535105240394e-07  ,2.344858133232e+00  ,2.646273483359e+00  ,2.844130018508e+00  ,2.983919353836e+00  ,3.089622665208e+00  ,3.171480493379e+00  ,3.235979480520e+00  ,3.288587158876e+00  ,3.332911992028e+00  ,3.370065272639e+00  ,3.402533180504e+00  ,3.430486069734e+00  ,3.456057182659e+00  ,3.477795154808e+00  ,3.497416653854e+00  ,3.515191688707e+00  ,3.531646677391e+00  ,3.546188153768e+00  ,3.559731973767e+00  
  4.545105782200e-07  ,2.344858133232e+00  ,2.646273483359e+00  ,2.844130018508e+00  ,2.983919353836e+00  ,3.089622665208e+00  ,3.171480493379e+00  ,3.235979480520e+00  ,3.288587158876e+00  ,3.332911992028e+00  ,3.370065272639e+00  ,3.402533180504e+00  ,3.430486069734e+00  ,3.456057182659e+00  ,3.477795154808e+00  ,3.497416653854e+00  ,3.515191688707e+00  ,3.531646677391e+00  ,3.546188153768e+00  ,3.559731973767e+00  
  4.555106324006e-07  ,2.344858133232e+00  ,2.646273483359e+00  ,2.844130018508e+00  ,2.983919353836e+00  ,3.089622665208e+00  ,3.171480493379e+00  ,3.235979480520e+00  ,3.288587158876e+00  ,3.332911992028e+00  ,3.370065272639e+00  ,3.402533180504e+00  ,3.430486069734e+00  ,3.456057182659e+00  ,3.477795154808e+00  ,3.497416653854e+00  ,3.515191688707e+00  ,3.531646677391e+00  ,3.546188153768e+00  ,3.559731973767e+00  
  4.565106865813e-07  ,2.344858133232e+00  ,2.646273483359e+00  ,2.844130018508e+00  ,2.983919353836e+00  ,3.089622665208e+00  ,3.171480493379e+00  ,3.235979480520e+00  ,3.288587158876e+00  ,3.332911992028e+00  ,3.370065272639e+00  ,3.402533180504e+00  ,3.430486069734e+00  ,3.456057182659e+00  ,3.477795154808e+00  ,3.497416653854e+00  ,3.515191688707e+00  ,3.531646677391e+00  ,3.546188153768e+00  ,3.559731973767e+00  
  4.575107407619e-07  ,2.344858133232e+00  ,2.646273483359e+00  ,2.844130018508e+00  ,2.983919353836e+00  ,3.089622665208e+00  ,3.171480493379e+00  ,3.235979480520e+00  ,3.288587158876e+00  ,3.332911992028e+00  ,3.370065272639e+00  ,3.402533180504e+00  ,3.430486069734e+00  ,3.456057182659e+00  ,3.477795154808e+00  ,3.497416653854e+00  ,3.515191688707e+00  ,3.531646677391e+00  ,3.546188153768e+00  ,3.559731973767e+00  
  4.585107949425e-07  ,2.344858133232e+00  ,2.646273483359e+00  ,2.844130018508e+00  ,2.983919353836e+00  ,3.089622665208e+00  ,3.171480493379e+00  ,3.235979480520e+00  ,3.288587158876e+00  ,3.332911992028e+00  ,3.370065272639e+00  ,3.402533180504e+00  ,3.430486069734e+00  ,3.456057182659e+00  ,3.477795154808e+00  ,3.497416653854e+00  ,3.515191688707e+00  ,3.531646677391e+00  ,3.546188153768e+00  ,3.559731973767e+00  
  4.595108491231e-07  ,2.344858133232e+00  ,2.646273483359e+00  ,2.844130018508e+00  ,2.983919353836e+00  ,3.089622665208e+00  ,3.171480493379e+00  ,3.235979480520e+00  ,3.288587158876e+00  ,3.332911992028e+00  ,3.370065272639e+00  ,3.402533180504e+00  ,3.430486069734e+00  ,3.456057182659e+00  ,3.477795154808e+00  ,3.497416653854e+00  ,3.515191688707e+00  ,3.531646677391e+00  ,3.546188153768e+00  ,3.559731973767e+00  
  4.605109033037e-07  ,2.344858133232e+00  ,2.646273483359e+00  ,2.844130018508e+00  ,2.983919353836e+00  ,3.089622665208e+00  ,3.171480493379e+00  ,3.235979480520e+00  ,3.288587158876e+00  ,3.332911992028e+00  ,3.370065272639e+00  ,3.402533180504e+00  ,3.430486069734e+00  ,3.456057182659e+00  ,3.477795154808e+00  ,3.497416653854e+00  ,3.515191688707e+00  ,3.531646677391e+00  ,3.546188153768e+00  ,3.559731973767e+00  
  4.615109574844e-07  ,2.344858133232e+00  ,2.646273483359e+00  ,2.844130018508e+00  ,2.983919353836e+00  ,3.089622665208e+00  ,3.171480493379e+00  ,3.235979480520e+00  ,3.288587158876e+00  ,3.332911992028e+00  ,3.370065272639e+00  ,3.402533180504e+00  ,3.430486069734e+00  ,3.456057182659e+00  ,3.477795154808e+00  ,3.497416653854e+00  ,3.515191688707e+00  ,3.531646677391e+00  ,3.546188153768e+00  ,3.559731973767e+00  
  4.625110116650e-07  ,2.344858133232e+00  ,2.646273483359e+00  ,2.844130018508e+00  ,2.983919353836e+00  ,3.089622665208e+00  ,3.171480493379e+00  ,3.235979480520e+00  ,3.288587158876e+00  ,3.332911992028e+00  ,3.370065272639e+00  ,3.402533180504e+00  ,3.430486069734e+00  ,3.456057182659e+00  ,3.477795154808e+00  ,3.497416653854e+00  ,3.515191688707e+00  ,3.531646677391e+00  ,3.546188153768e+00  ,3.559731973767e+00  
  4.635110658456e-07  ,2.344858133232e+00  ,2.646273483359e+00  ,2.844130018508e+00  ,2.983919353836e+00  ,3.089622665208e+00  ,3.171480493379e+00  ,3.235979480520e+00  ,3.288587158876e+00  ,3.332911992028e+00  ,3.370065272639e+00  ,3.402533180504e+00  ,3.430486069734e+00  ,3.456057182659e+00  ,3.477795154808e+00  ,3.497416653854e+00  ,3.515191688707e+00  ,3.531646677391e+00  ,3.546188153768e+00  ,3.559731973767e+00  
  4.645111200262e-07  ,2.344858133232e+00  ,2.646273483359e+00  ,2.844130018508e+00  ,2.983919353836e+00  ,3.089622665208e+00  ,3.171480493379e+00  ,3.235979480520e+00  ,3.288587158876e+00  ,3.332911992028e+00  ,3.370065272639e+00  ,3.402533180504e+00  ,3.430486069734e+00  ,3.456057182659e+00  ,3.477795154808e+00  ,3.497416653854e+00  ,3.515191688707e+00  ,3.531646677391e+00  ,3.546188153768e+00  ,3.559731973767e+00  
  4.655111742069e-07  ,2.344858133232e+00  ,2.646273483359e+00  ,2.844130018508e+00  ,2.983919353836e+00  ,3.089622665208e+00  ,3.171480493379e+00  ,3.235979480520e+00  ,3.288587158876e+00  ,3.332911992028e+00  ,3.370065272639e+00  ,3.402533180504e+00  ,3.430486069734e+00  ,3.456057182659e+00  ,3.477795154808e+00  ,3.497416653854e+00  ,3.515191688707e+00  ,3.531646677391e+00  ,3.546188153768e+00  ,3.559731973767e+00  
  4.665112283875e-07  ,2.344858133232e+00  ,2.646273483359e+00  ,2.844130018508e+00  ,2.983919353836e+00  ,3.089622665208e+00  ,3.171480493379e+00  ,3.235979480520e+00  ,3.288587158876e+00  ,3.332911992028e+00  ,3.370065272639e+00  ,3.402533180504e+00  ,3.430486069734e+00  ,3.456057182659e+00  ,3.477795154808e+00  ,3.497416653854e+00  ,3.515191688707e+00  ,3.531646677391e+00  ,3.546188153768e+00  ,3.559731973767e+00  
  4.675112825681e-07  ,2.344858133232e+00  ,2.646273483359e+00  ,2.844130018508e+00  ,2.983919353836e+00  ,3.089622665208e+00  ,3.171480493379e+00  ,3.235979480520e+00  ,3.288587158876e+00  ,3.332911992028e+00  ,3.370065272639e+00  ,3.402533180504e+00  ,3.430486069734e+00  ,3.456057182659e+00  ,3.477795154808e+00  ,3.497416653854e+00  ,3.515191688707e+00  ,3.531646677391e+00  ,3.546188153768e+00  ,3.559731973767e+00  
  4.685113367487e-07  ,2.344858133232e+00  ,2.646273483359e+00  ,2.844130018508e+00  ,2.983919353836e+00  ,3.089622665208e+00  ,3.171480493379e+00  ,3.235979480520e+00  ,3.288587158876e+00  ,3.332911992028e+00  ,3.370065272639e+00  ,3.402533180504e+00  ,3.430486069734e+00  ,3.456057182659e+00  ,3.477795154808e+00  ,3.497416653854e+00  ,3.515191688707e+00  ,3.531646677391e+00  ,3.546188153768e+00  ,3.559731973767e+00  
  4.695113909293e-07  ,2.344858133232e+00  ,2.646273483359e+00  ,2.844130018508e+00  ,2.983919353836e+00  ,3.089622665208e+00  ,3.171480493379e+00  ,3.235979480520e+00  ,3.288587158876e+00  ,3.332911992028e+00  ,3.370065272639e+00  ,3.402533180504e+00  ,3.430486069734e+00  ,3.456057182659e+00  ,3.477795154808e+00  ,3.497416653854e+00  ,3.515191688707e+00  ,3.531646677391e+00  ,3.546188153768e+00  ,3.559731973767e+00  
  4.705114451100e-07  ,2.344858133232e+00  ,2.646273483359e+00  ,2.844130018508e+00  ,2.983919353836e+00  ,3.089622665208e+00  ,3.171480493379e+00  ,3.235979480520e+00  ,3.288587158876e+00  ,3.332911992028e+00  ,3.370065272639e+00  ,3.402533180504e+00  ,3.430486069734e+00  ,3.456057182659e+00  ,3.477795154808e+00  ,3.497416653854e+00  ,3.515191688707e+00  ,3.531646677391e+00  ,3.546188153768e+00  ,3.559731973767e+00  
  4.715114992906e-07  ,2.344858133232e+00  ,2.646273483359e+00  ,2.844130018508e+00  ,2.983919353836e+00  ,3.089622665208e+00  ,3.171480493379e+00  ,3.235979480520e+00  ,3.288587158876e+00  ,3.332911992028e+00  ,3.370065272639e+00  ,3.402533180504e+00  ,3.430486069734e+00  ,3.456057182659e+00  ,3.477795154808e+00  ,3.497416653854e+00  ,3.515191688707e+00  ,3.531646677391e+00  ,3.546188153768e+00  ,3.559731973767e+00  
  4.725115534712e-07  ,2.344858133232e+00  ,2.646273483359e+00  ,2.844130018508e+00  ,2.983919353836e+00  ,3.089622665208e+00  ,3.171480493379e+00  ,3.235979480520e+00  ,3.288587158876e+00  ,3.332911992028e+00  ,3.370065272639e+00  ,3.402533180504e+00  ,3.430486069734e+00  ,3.456057182659e+00  ,3.477795154808e+00  ,3.497416653854e+00  ,3.515191688707e+00  ,3.531646677391e+00  ,3.546188153768e+00  ,3.559731973767e+00  
  4.735116076518e-07  ,2.344858133232e+00  ,2.646273483359e+00  ,2.844130018508e+00  ,2.983919353836e+00  ,3.089622665208e+00  ,3.171480493379e+00  ,3.235979480520e+00  ,3.288587158876e+00  ,3.332911992028e+00  ,3.370065272639e+00  ,3.402533180504e+00  ,3.430486069734e+00  ,3.456057182659e+00  ,3.477795154808e+00  ,3.497416653854e+00  ,3.515191688707e+00  ,3.531646677391e+00  ,3.546188153768e+00  ,3.559731973767e+00  
  4.745116618325e-07  ,2.344858133232e+00  ,2.646273483359e+00  ,2.844130018508e+00  ,2.983919353836e+00  ,3.089622665208e+00  ,3.171480493379e+00  ,3.235979480520e+00  ,3.288587158876e+00  ,3.332911992028e+00  ,3.370065272639e+00  ,3.402533180504e+00  ,3.430486069734e+00  ,3.456057182659e+00  ,3.477795154808e+00  ,3.497416653854e+00  ,3.515191688707e+00  ,3.531646677391e+00  ,3.546188153768e+00  ,3.559731973767e+00  
  4.755117160131e-07  ,2.344858133232e+00  ,2.646273483359e+00  ,2.844130018508e+00  ,2.983919353836e+00  ,3.089622665208e+00  ,3.171480493379e+00  ,3.235979480520e+00  ,3.288587158876e+00  ,3.332911992028e+00  ,3.370065272639e+00  ,3.402533180504e+00  ,3.430486069734e+00  ,3.456057182659e+00  ,3.477795154808e+00  ,3.497416653854e+00  ,3.515191688707e+00  ,3.531646677391e+00  ,3.546188153768e+00  ,3.559731973767e+00  
  4.765117701937e-07  ,2.344858133232e+00  ,2.646273483359e+00  ,2.844130018508e+00  ,2.983919353836e+00  ,3.089622665208e+00  ,3.171480493379e+00  ,3.235979480520e+00  ,3.288587158876e+00  ,3.332911992028e+00  ,3.370065272639e+00  ,3.402533180504e+00  ,3.430486069734e+00  ,3.456057182659e+00  ,3.477795154808e+00  ,3.497416653854e+00  ,3.515191688707e+00  ,3.531646677391e+00  ,3.546188153768e+00  ,3.559731973767e+00  
  4.775118243743e-07  ,2.344858133232e+00  ,2.646273483359e+00  ,2.844130018508e+00  ,2.983919353836e+00  ,3.089622665208e+00  ,3.171480493379e+00  ,3.235979480520e+00  ,3.288587158876e+00  ,3.332911992028e+00  ,3.370065272639e+00  ,3.402533180504e+00  ,3.430486069734e+00  ,3.456057182659e+00  ,3.477795154808e+00  ,3.497416653854e+00  ,3.515191688707e+00  ,3.531646677391e+00  ,3.546188153768e+00  ,3.559731973767e+00  
  4.785118785549e-07  ,2.344858133232e+00  ,2.646273483359e+00  ,2.844130018508e+00  ,2.983919353836e+00  ,3.089622665208e+00  ,3.171480493379e+00  ,3.235979480520e+00  ,3.288587158876e+00  ,3.332911992028e+00  ,3.370065272639e+00  ,3.402533180504e+00  ,3.430486069734e+00  ,3.456057182659e+00  ,3.477795154808e+00  ,3.497416653854e+00  ,3.515191688707e+00  ,3.531646677391e+00  ,3.546188153768e+00  ,3.559731973767e+00  
  4.795119327356e-07  ,2.344858133232e+00  ,2.646273483359e+00  ,2.844130018508e+00  ,2.983919353836e+00  ,3.089622665208e+00  ,3.171480493379e+00  ,3.235979480520e+00  ,3.288587158876e+00  ,3.332911992028e+00  ,3.370065272639e+00  ,3.402533180504e+00  ,3.430486069734e+00  ,3.456057182659e+00  ,3.477795154808e+00  ,3.497416653854e+00  ,3.515191688707e+00  ,3.531646677391e+00  ,3.546188153768e+00  ,3.559731973767e+00  
  4.805119869162e-07  ,2.344858133232e+00  ,2.646273483359e+00  ,2.844130018508e+00  ,2.983919353836e+00  ,3.089622665208e+00  ,3.171480493379e+00  ,3.235979480520e+00  ,3.288587158876e+00  ,3.332911992028e+00  ,3.370065272639e+00  ,3.402533180504e+00  ,3.430486069734e+00  ,3.456057182659e+00  ,3.477795154808e+00  ,3.497416653854e+00  ,3.515191688707e+00  ,3.531646677391e+00  ,3.546188153768e+00  ,3.559731973767e+00  
  4.815120410968e-07  ,2.344858133232e+00  ,2.646273483359e+00  ,2.844130018508e+00  ,2.983919353836e+00  ,3.089622665208e+00  ,3.171480493379e+00  ,3.235979480520e+00  ,3.288587158876e+00  ,3.332911992028e+00  ,3.370065272639e+00  ,3.402533180504e+00  ,3.430486069734e+00  ,3.456057182659e+00  ,3.477795154808e+00  ,3.497416653854e+00  ,3.515191688707e+00  ,3.531646677391e+00  ,3.546188153768e+00  ,3.559731973767e+00  
  4.825120952774e-07  ,2.344858133232e+00  ,2.646273483359e+00  ,2.844130018508e+00  ,2.983919353836e+00  ,3.089622665208e+00  ,3.171480493379e+00  ,3.235979480520e+00  ,3.288587158876e+00  ,3.332911992028e+00  ,3.370065272639e+00  ,3.402533180504e+00  ,3.430486069734e+00  ,3.456057182659e+00  ,3.477795154808e+00  ,3.497416653854e+00  ,3.515191688707e+00  ,3.531646677391e+00  ,3.546188153768e+00  ,3.559731973767e+00  
  4.835121494581e-07  ,2.344858133232e+00  ,2.646273483359e+00  ,2.844130018508e+00  ,2.983919353836e+00  ,3.089622665208e+00  ,3.171480493379e+00  ,3.235979480520e+00  ,3.288587158876e+00  ,3.332911992028e+00  ,3.370065272639e+00  ,3.402533180504e+00  ,3.430486069734e+00  ,3.456057182659e+00  ,3.477795154808e+00  ,3.497416653854e+00  ,3.515191688707e+00  ,3.531646677391e+00  ,3.546188153768e+00  ,3.559731973767e+00  
  4.845122036387e-07  ,2.344858133232e+00  ,2.646273483359e+00  ,2.844130018508e+00  ,2.983919353836e+00  ,3.089622665208e+00  ,3.171480493379e+00  ,3.235979480520e+00  ,3.288587158876e+00  ,3.332911992028e+00  ,3.370065272639e+00  ,3.402533180504e+00  ,3.430486069734e+00  ,3.456057182659e+00  ,3.477795154808e+00  ,3.497416653854e+00  ,3.515191688707e+00  ,3.531646677391e+00  ,3.546188153768e+00  ,3.559731973767e+00  
  4.855122578193e-07  ,2.344858133232e+00  ,2.646273483359e+00  ,2.844130018508e+00  ,2.983919353836e+00  ,3.089622665208e+00  ,3.171480493379e+00  ,3.235979480520e+00  ,3.288587158876e+00  ,3.332911992028e+00  ,3.370065272639e+00  ,3.402533180504e+00  ,3.430486069734e+00  ,3.456057182659e+00  ,3.477795154808e+00  ,3.497416653854e+00  ,3.515191688707e+00  ,3.531646677391e+00  ,3.546188153768e+00  ,3.559731973767e+00  
  4.865123119999e-07  ,2.344858133232e+00  ,2.646273483359e+00  ,2.844130018508e+00  ,2.983919353836e+00  ,3.089622665208e+00  ,3.171480493379e+00  ,3.235979480520e+00  ,3.288587158876e+00  ,3.332911992028e+00  ,3.370065272639e+00  ,3.402533180504e+00  ,3.430486069734e+00  ,3.456057182659e+00  ,3.477795154808e+00  ,3.497416653854e+00  ,3.515191688707e+00  ,3.531646677391e+00  ,3.546188153768e+00  ,3.559731973767e+00  
  4.875123661805e-07  ,2.344858133232e+00  ,2.646273483359e+00  ,2.844130018508e+00  ,2.983919353836e+00  ,3.089622665208e+00  ,3.171480493379e+00  ,3.235979480520e+00  ,3.288587158876e+00  ,3.332911992028e+00  ,3.370065272639e+00  ,3.402533180504e+00  ,3.430486069734e+00  ,3.456057182659e+00  ,3.477795154808e+00  ,3.497416653854e+00  ,3.515191688707e+00  ,3.531646677391e+00  ,3.546188153768e+00  ,3.559731973767e+00  
  4.885124203612e-07  ,2.344858133232e+00  ,2.646273483359e+00  ,2.844130018508e+00  ,2.983919353836e+00  ,3.089622665208e+00  ,3.171480493379e+00  ,3.235979480520e+00  ,3.288587158876e+00  ,3.332911992028e+00  ,3.370065272639e+00  ,3.402533180504e+00  ,3.430486069734e+00  ,3.456057182659e+00  ,3.477795154808e+00  ,3.497416653854e+00  ,3.515191688707e+00  ,3.531646677391e+00  ,3.546188153768e+00  ,3.559731973767e+00  
  4.895124745418e-07  ,2.344858133232e+00  ,2.646273483359e+00  ,2.844130018508e+00  ,2.983919353836e+00  ,3.089622665208e+00  ,3.171480493379e+00  ,3.235979480520e+00  ,3.288587158876e+00  ,3.332911992028e+00  ,3.370065272639e+00  ,3.402533180504e+00  ,3.430486069734e+00  ,3.456057182659e+00  ,3.477795154808e+00  ,3.497416653854e+00  ,3.515191688707e+00  ,3.531646677391e+00  ,3.546188153768e+00  ,3.559731973767e+00  
  4.905125287224e-07  ,2.344858133232e+00  ,2.646273483359e+00  ,2.844130018508e+00  ,2.983919353836e+00  ,3.089622665208e+00  ,3.171480493379e+00  ,3.235979480520e+00  ,3.288587158876e+00  ,3.332911992028e+00  ,3.370065272639e+00  ,3.402533180504e+00  ,3.430486069734e+00  ,3.456057182659e+00  ,3.477795154808e+00  ,3.497416653854e+00  ,3.515191688707e+00  ,3.531646677391e+00  ,3.546188153768e+00  ,3.559731973767e+00  
  4.915125829030e-07  ,2.344858133232e+00  ,2.646273483359e+00  ,2.844130018508e+00  ,2.983919353836e+00  ,3.089622665208e+00  ,3.171480493379e+00  ,3.235979480520e+00  ,3.288587158876e+00  ,3.332911992028e+00  ,3.370065272639e+00  ,3.402533180504e+00  ,3.430486069734e+00  ,3.456057182659e+00  ,3.477795154808e+00  ,3.497416653854e+00  ,3.515191688707e+00  ,3.531646677391e+00  ,3.546188153768e+00  ,3.559731973767e+00  
  4.925126370837e-07  ,2.344858133232e+00  ,2.646273483359e+00  ,2.844130018508e+00  ,2.983919353836e+00  ,3.089622665208e+00  ,3.171480493379e+00  ,3.235979480520e+00  ,3.288587158876e+00  ,3.332911992028e+00  ,3.370065272639e+00  ,3.402533180504e+00  ,3.430486069734e+00  ,3.456057182659e+00  ,3.477795154808e+00  ,3.497416653854e+00  ,3.515191688707e+00  ,3.531646677391e+00  ,3.546188153768e+00  ,3.559731973767e+00  
  4.935126912643e-07  ,2.344858133232e+00  ,2.646273483359e+00  ,2.844130018508e+00  ,2.983919353836e+00  ,3.089622665208e+00  ,3.171480493379e+00  ,3.235979480520e+00  ,3.288587158876e+00  ,3.332911992028e+00  ,3.370065272639e+00  ,3.402533180504e+00  ,3.430486069734e+00  ,3.456057182659e+00  ,3.477795154808e+00  ,3.497416653854e+00  ,3.515191688707e+00  ,3.531646677391e+00  ,3.546188153768e+00  ,3.559731973767e+00  
  4.945127454449e-07  ,2.344858133232e+00  ,2.646273483359e+00  ,2.844130018508e+00  ,2.983919353836e+00  ,3.089622665208e+00  ,3.171480493379e+00  ,3.235979480520e+00  ,3.288587158876e+00  ,3.332911992028e+00  ,3.370065272639e+00  ,3.402533180504e+00  ,3.430486069734e+00  ,3.456057182659e+00  ,3.477795154808e+00  ,3.497416653854e+00  ,3.515191688707e+00  ,3.531646677391e+00  ,3.546188153768e+00  ,3.559731973767e+00  
  4.955127996255e-07  ,2.344858133232e+00  ,2.646273483359e+00  ,2.844130018508e+00  ,2.983919353836e+00  ,3.089622665208e+00  ,3.171480493379e+00  ,3.235979480520e+00  ,3.288587158876e+00  ,3.332911992028e+00  ,3.370065272639e+00  ,3.402533180504e+00  ,3.430486069734e+00  ,3.456057182659e+00  ,3.477795154808e+00  ,3.497416653854e+00  ,3.515191688707e+00  ,3.531646677391e+00  ,3.546188153768e+00  ,3.559731973767e+00  
  4.965128538061e-07  ,2.344858133232e+00  ,2.646273483359e+00  ,2.844130018508e+00  ,2.983919353836e+00  ,3.089622665208e+00  ,3.171480493379e+00  ,3.235979480520e+00  ,3.288587158876e+00  ,3.332911992028e+00  ,3.370065272639e+00  ,3.402533180504e+00  ,3.430486069734e+00  ,3.456057182659e+00  ,3.477795154808e+00  ,3.497416653854e+00  ,3.515191688707e+00  ,3.531646677391e+00  ,3.546188153768e+00  ,3.559731973767e+00  
  4.975129079868e-07  ,2.344858133232e+00  ,2.646273483359e+00  ,2.844130018508e+00  ,2.983919353836e+00  ,3.089622665208e+00  ,3.171480493379e+00  ,3.235979480520e+00  ,3.288587158876e+00  ,3.332911992028e+00  ,3.370065272639e+00  ,3.402533180504e+00  ,3.430486069734e+00  ,3.456057182659e+00  ,3.477795154808e+00  ,3.497416653854e+00  ,3.515191688707e+00  ,3.531646677391e+00  ,3.546188153768e+00  ,3.559731973767e+00  
  4.985129621674e-07  ,2.344858133232e+00  ,2.646273483359e+00  ,2.844130018508e+00  ,2.983919353836e+00  ,3.089622665208e+00  ,3.171480493379e+00  ,3.235979480520e+00  ,3.288587158876e+00  ,3.332911992028e+00  ,3.370065272639e+00  ,3.402533180504e+00  ,3.430486069734e+00  ,3.456057182659e+00  ,3.477795154808e+00  ,3.497416653854e+00  ,3.515191688707e+00  ,3.531646677391e+00  ,3.546188153768e+00  ,3.559731973767e+00  
  4.995130163480e-07  ,2.344858133232e+00  ,2.646273483359e+00  ,2.844130018508e+00  ,2.983919353836e+00  ,3.089622665208e+00  ,3.171480493379e+00  ,3.235979480520e+00  ,3.288587158876e+00  ,3.332911992028e+00  ,3.370065272639e+00  ,3.402533180504e+00  ,3.430486069734e+00  ,3.456057182659e+00  ,3.477795154808e+00  ,3.497416653854e+00  ,3.515191688707e+00  ,3.531646677391e+00  ,3.546188153768e+00  ,3.559731973767e+00  
  5.005130705286e-07  ,2.344858133232e+00  ,2.646273483359e+00  ,2.844130018508e+00  ,2.983919353836e+00  ,3.089622665208e+00  ,3.171480493379e+00  ,3.235979480520e+00  ,3.288587158876e+00  ,3.332911992028e+00  ,3.370065272639e+00  ,3.402533180504e+00  ,3.430486069734e+00  ,3.456057182659e+00  ,3.477795154808e+00  ,3.497416653854e+00  ,3.515191688707e+00  ,3.531646677391e+00  ,3.546188153768e+00  ,3.559731973767e+00  
  5.015131247093e-07  ,2.344858133232e+00  ,2.646273483359e+00  ,2.844130018508e+00  ,2.983919353836e+00  ,3.089622665208e+00  ,3.171480493379e+00  ,3.235979480520e+00  ,3.288587158876e+00  ,3.332911992028e+00  ,3.370065272639e+00  ,3.402533180504e+00  ,3.430486069734e+00  ,3.456057182659e+00  ,3.477795154808e+00  ,3.497416653854e+00  ,3.515191688707e+00  ,3.531646677391e+00  ,3.546188153768e+00  ,3.559731973767e+00  
  5.025131788899e-07  ,2.344858133232e+00  ,2.646273483359e+00  ,2.844130018508e+00  ,2.983919353836e+00  ,3.089622665208e+00  ,3.171480493379e+00  ,3.235979480520e+00  ,3.288587158876e+00  ,3.332911992028e+00  ,3.370065272639e+00  ,3.402533180504e+00  ,3.430486069734e+00  ,3.456057182659e+00  ,3.477795154808e+00  ,3.497416653854e+00  ,3.515191688707e+00  ,3.531646677391e+00  ,3.546188153768e+00  ,3.559731973767e+00  
  5.035132330705e-07  ,2.344858133232e+00  ,2.646273483359e+00  ,2.844130018508e+00  ,2.983919353836e+00  ,3.089622665208e+00  ,3.171480493379e+00  ,3.235979480520e+00  ,3.288587158876e+00  ,3.332911992028e+00  ,3.370065272639e+00  ,3.402533180504e+00  ,3.430486069734e+00  ,3.456057182659e+00  ,3.477795154808e+00  ,3.497416653854e+00  ,3.515191688707e+00  ,3.531646677391e+00  ,3.546188153768e+00  ,3.559731973767e+00  
  5.045132872511e-07  ,2.344858133232e+00  ,2.646273483359e+00  ,2.844130018508e+00  ,2.983919353836e+00  ,3.089622665208e+00  ,3.171480493379e+00  ,3.235979480520e+00  ,3.288587158876e+00  ,3.332911992028e+00  ,3.370065272639e+00  ,3.402533180504e+00  ,3.430486069734e+00  ,3.456057182659e+00  ,3.477795154808e+00  ,3.497416653854e+00  ,3.515191688707e+00  ,3.531646677391e+00  ,3.546188153768e+00  ,3.559731973767e+00  
  5.055133414317e-07  ,2.344858133232e+00  ,2.646273483359e+00  ,2.844130018508e+00  ,2.983919353836e+00  ,3.089622665208e+00  ,3.171480493379e+00  ,3.235979480520e+00  ,3.288587158876e+00  ,3.332911992028e+00  ,3.370065272639e+00  ,3.402533180504e+00  ,3.430486069734e+00  ,3.456057182659e+00  ,3.477795154808e+00  ,3.497416653854e+00  ,3.515191688707e+00  ,3.531646677391e+00  ,3.546188153768e+00  ,3.559731973767e+00  
  5.065133956124e-07  ,2.344858133232e+00  ,2.646273483359e+00  ,2.844130018508e+00  ,2.983919353836e+00  ,3.089622665208e+00  ,3.171480493379e+00  ,3.235979480520e+00  ,3.288587158876e+00  ,3.332911992028e+00  ,3.370065272639e+00  ,3.402533180504e+00  ,3.430486069734e+00  ,3.456057182659e+00  ,3.477795154808e+00  ,3.497416653854e+00  ,3.515191688707e+00  ,3.531646677391e+00  ,3.546188153768e+00  ,3.559731973767e+00  
  5.075134497930e-07  ,2.344858133232e+00  ,2.646273483359e+00  ,2.844130018508e+00  ,2.983919353836e+00  ,3.089622665208e+00  ,3.171480493379e+00  ,3.235979480520e+00  ,3.288587158876e+00  ,3.332911992028e+00  ,3.370065272639e+00  ,3.402533180504e+00  ,3.430486069734e+00  ,3.456057182659e+00  ,3.477795154808e+00  ,3.497416653854e+00  ,3.515191688707e+00  ,3.531646677391e+00  ,3.546188153768e+00  ,3.559731973767e+00  
  5.085135039736e-07  ,2.344858133232e+00  ,2.646273483359e+00  ,2.844130018508e+00  ,2.983919353836e+00  ,3.089622665208e+00  ,3.171480493379e+00  ,3.235979480520e+00  ,3.288587158876e+00  ,3.332911992028e+00  ,3.370065272639e+00  ,3.402533180504e+00  ,3.430486069734e+00  ,3.456057182659e+00  ,3.477795154808e+00  ,3.497416653854e+00  ,3.515191688707e+00  ,3.531646677391e+00  ,3.546188153768e+00  ,3.559731973767e+00  
  5.095135581542e-07  ,2.344858133232e+00  ,2.646273483359e+00  ,2.844130018508e+00  ,2.983919353836e+00  ,3.089622665208e+00  ,3.171480493379e+00  ,3.235979480520e+00  ,3.288587158876e+00  ,3.332911992028e+00  ,3.370065272639e+00  ,3.402533180504e+00  ,3.430486069734e+00  ,3.456057182659e+00  ,3.477795154808e+00  ,3.497416653854e+00  ,3.515191688707e+00  ,3.531646677391e+00  ,3.546188153768e+00  ,3.559731973767e+00  
  5.105136123349e-07  ,2.344858133232e+00  ,2.646273483359e+00  ,2.844130018508e+00  ,2.983919353836e+00  ,3.089622665208e+00  ,3.171480493379e+00  ,3.235979480520e+00  ,3.288587158876e+00  ,3.332911992028e+00  ,3.370065272639e+00  ,3.402533180504e+00  ,3.430486069734e+00  ,3.456057182659e+00  ,3.477795154808e+00  ,3.497416653854e+00  ,3.515191688707e+00  ,3.531646677391e+00  ,3.546188153768e+00  ,3.559731973767e+00  
  5.115136665155e-07  ,2.344858133232e+00  ,2.646273483359e+00  ,2.844130018508e+00  ,2.983919353836e+00  ,3.089622665208e+00  ,3.171480493379e+00  ,3.235979480520e+00  ,3.288587158876e+00  ,3.332911992028e+00  ,3.370065272639e+00  ,3.402533180504e+00  ,3.430486069734e+00  ,3.456057182659e+00  ,3.477795154808e+00  ,3.497416653854e+00  ,3.515191688707e+00  ,3.531646677391e+00  ,3.546188153768e+00  ,3.559731973767e+00  
  5.125137206961e-07  ,2.344858133232e+00  ,2.646273483359e+00  ,2.844130018508e+00  ,2.983919353836e+00  ,3.089622665208e+00  ,3.171480493379e+00  ,3.235979480520e+00  ,3.288587158876e+00  ,3.332911992028e+00  ,3.370065272639e+00  ,3.402533180504e+00  ,3.430486069734e+00  ,3.456057182659e+00  ,3.477795154808e+00  ,3.497416653854e+00  ,3.515191688707e+00  ,3.531646677391e+00  ,3.546188153768e+00  ,3.559731973767e+00  
  5.135137748767e-07  ,2.344858133232e+00  ,2.646273483359e+00  ,2.844130018508e+00  ,2.983919353836e+00  ,3.089622665208e+00  ,3.171480493379e+00  ,3.235979480520e+00  ,3.288587158876e+00  ,3.332911992028e+00  ,3.370065272639e+00  ,3.402533180504e+00  ,3.430486069734e+00  ,3.456057182659e+00  ,3.477795154808e+00  ,3.497416653854e+00  ,3.515191688707e+00  ,3.531646677391e+00  ,3.546188153768e+00  ,3.559731973767e+00  
  5.145138290573e-07  ,2.344858133232e+00  ,2.646273483359e+00  ,2.844130018508e+00  ,2.983919353836e+00  ,3.089622665208e+00  ,3.171480493379e+00  ,3.235979480520e+00  ,3.288587158876e+00  ,3.332911992028e+00  ,3.370065272639e+00  ,3.402533180504e+00  ,3.430486069734e+00  ,3.456057182659e+00  ,3.477795154808e+00  ,3.497416653854e+00  ,3.515191688707e+00  ,3.531646677391e+00  ,3.546188153768e+00  ,3.559731973767e+00  
  5.155138832380e-07  ,2.344858133232e+00  ,2.646273483359e+00  ,2.844130018508e+00  ,2.983919353836e+00  ,3.089622665208e+00  ,3.171480493379e+00  ,3.235979480520e+00  ,3.288587158876e+00  ,3.332911992028e+00  ,3.370065272639e+00  ,3.402533180504e+00  ,3.430486069734e+00  ,3.456057182659e+00  ,3.477795154808e+00  ,3.497416653854e+00  ,3.515191688707e+00  ,3.531646677391e+00  ,3.546188153768e+00  ,3.559731973767e+00  
  5.165139374186e-07  ,2.344858133232e+00  ,2.646273483359e+00  ,2.844130018508e+00  ,2.983919353836e+00  ,3.089622665208e+00  ,3.171480493379e+00  ,3.235979480520e+00  ,3.288587158876e+00  ,3.332911992028e+00  ,3.370065272639e+00  ,3.402533180504e+00  ,3.430486069734e+00  ,3.456057182659e+00  ,3.477795154808e+00  ,3.497416653854e+00  ,3.515191688707e+00  ,3.531646677391e+00  ,3.546188153768e+00  ,3.559731973767e+00  
  5.175139915992e-07  ,2.344858133232e+00  ,2.646273483359e+00  ,2.844130018508e+00  ,2.983919353836e+00  ,3.089622665208e+00  ,3.171480493379e+00  ,3.235979480520e+00  ,3.288587158876e+00  ,3.332911992028e+00  ,3.370065272639e+00  ,3.402533180504e+00  ,3.430486069734e+00  ,3.456057182659e+00  ,3.477795154808e+00  ,3.497416653854e+00  ,3.515191688707e+00  ,3.531646677391e+00  ,3.546188153768e+00  ,3.559731973767e+00  
  5.185140457798e-07  ,2.344858133232e+00  ,2.646273483359e+00  ,2.844130018508e+00  ,2.983919353836e+00  ,3.089622665208e+00  ,3.171480493379e+00  ,3.235979480520e+00  ,3.288587158876e+00  ,3.332911992028e+00  ,3.370065272639e+00  ,3.402533180504e+00  ,3.430486069734e+00  ,3.456057182659e+00  ,3.477795154808e+00  ,3.497416653854e+00  ,3.515191688707e+00  ,3.531646677391e+00  ,3.546188153768e+00  ,3.559731973767e+00  
  5.195140999604e-07  ,2.344858133232e+00  ,2.646273483359e+00  ,2.844130018508e+00  ,2.983919353836e+00  ,3.089622665208e+00  ,3.171480493379e+00  ,3.235979480520e+00  ,3.288587158876e+00  ,3.332911992028e+00  ,3.370065272639e+00  ,3.402533180504e+00  ,3.430486069734e+00  ,3.456057182659e+00  ,3.477795154808e+00  ,3.497416653854e+00  ,3.515191688707e+00  ,3.531646677391e+00  ,3.546188153768e+00  ,3.559731973767e+00  
  5.205141541411e-07  ,2.344858133232e+00  ,2.646273483359e+00  ,2.844130018508e+00  ,2.983919353836e+00  ,3.089622665208e+00  ,3.171480493379e+00  ,3.235979480520e+00  ,3.288587158876e+00  ,3.332911992028e+00  ,3.370065272639e+00  ,3.402533180504e+00  ,3.430486069734e+00  ,3.456057182659e+00  ,3.477795154808e+00  ,3.497416653854e+00  ,3.515191688707e+00  ,3.531646677391e+00  ,3.546188153768e+00  ,3.559731973767e+00  
  5.215142083217e-07  ,2.344858133232e+00  ,2.646273483359e+00  ,2.844130018508e+00  ,2.983919353836e+00  ,3.089622665208e+00  ,3.171480493379e+00  ,3.235979480520e+00  ,3.288587158876e+00  ,3.332911992028e+00  ,3.370065272639e+00  ,3.402533180504e+00  ,3.430486069734e+00  ,3.456057182659e+00  ,3.477795154808e+00  ,3.497416653854e+00  ,3.515191688707e+00  ,3.531646677391e+00  ,3.546188153768e+00  ,3.559731973767e+00  
  5.225142625023e-07  ,2.344858133232e+00  ,2.646273483359e+00  ,2.844130018508e+00  ,2.983919353836e+00  ,3.089622665208e+00  ,3.171480493379e+00  ,3.235979480520e+00  ,3.288587158876e+00  ,3.332911992028e+00  ,3.370065272639e+00  ,3.402533180504e+00  ,3.430486069734e+00  ,3.456057182659e+00  ,3.477795154808e+00  ,3.497416653854e+00  ,3.515191688707e+00  ,3.531646677391e+00  ,3.546188153768e+00  ,3.559731973767e+00  
  5.235143166829e-07  ,2.344858133232e+00  ,2.646273483359e+00  ,2.844130018508e+00  ,2.983919353836e+00  ,3.089622665208e+00  ,3.171480493379e+00  ,3.235979480520e+00  ,3.288587158876e+00  ,3.332911992028e+00  ,3.370065272639e+00  ,3.402533180504e+00  ,3.430486069734e+00  ,3.456057182659e+00  ,3.477795154808e+00  ,3.497416653854e+00  ,3.515191688707e+00  ,3.531646677391e+00  ,3.546188153768e+00  ,3.559731973767e+00  
  5.245143708636e-07  ,2.344858133232e+00  ,2.646273483359e+00  ,2.844130018508e+00  ,2.983919353836e+00  ,3.089622665208e+00  ,3.171480493379e+00  ,3.235979480520e+00  ,3.288587158876e+00  ,3.332911992028e+00  ,3.370065272639e+00  ,3.402533180504e+00  ,3.430486069734e+00  ,3.456057182659e+00  ,3.477795154808e+00  ,3.497416653854e+00  ,3.515191688707e+00  ,3.531646677391e+00  ,3.546188153768e+00  ,3.559731973767e+00  
  5.255144250442e-07  ,2.344858133232e+00  ,2.646273483359e+00  ,2.844130018508e+00  ,2.983919353836e+00  ,3.089622665208e+00  ,3.171480493379e+00  ,3.235979480520e+00  ,3.288587158876e+00  ,3.332911992028e+00  ,3.370065272639e+00  ,3.402533180504e+00  ,3.430486069734e+00  ,3.456057182659e+00  ,3.477795154808e+00  ,3.497416653854e+00  ,3.515191688707e+00  ,3.531646677391e+00  ,3.546188153768e+00  ,3.559731973767e+00  
  5.265144792248e-07  ,2.344858133232e+00  ,2.646273483359e+00  ,2.844130018508e+00  ,2.983919353836e+00  ,3.089622665208e+00  ,3.171480493379e+00  ,3.235979480520e+00  ,3.288587158876e+00  ,3.332911992028e+00  ,3.370065272639e+00  ,3.402533180504e+00  ,3.430486069734e+00  ,3.456057182659e+00  ,3.477795154808e+00  ,3.497416653854e+00  ,3.515191688707e+00  ,3.531646677391e+00  ,3.546188153768e+00  ,3.559731973767e+00  
  5.275145334054e-07  ,2.344858133232e+00  ,2.646273483359e+00  ,2.844130018508e+00  ,2.983919353836e+00  ,3.089622665208e+00  ,3.171480493379e+00  ,3.235979480520e+00  ,3.288587158876e+00  ,3.332911992028e+00  ,3.370065272639e+00  ,3.402533180504e+00  ,3.430486069734e+00  ,3.456057182659e+00  ,3.477795154808e+00  ,3.497416653854e+00  ,3.515191688707e+00  ,3.531646677391e+00  ,3.546188153768e+00  ,3.559731973767e+00  
  5.285145875860e-07  ,2.344858133232e+00  ,2.646273483359e+00  ,2.844130018508e+00  ,2.983919353836e+00  ,3.089622665208e+00  ,3.171480493379e+00  ,3.235979480520e+00  ,3.288587158876e+00  ,3.332911992028e+00  ,3.370065272639e+00  ,3.402533180504e+00  ,3.430486069734e+00  ,3.456057182659e+00  ,3.477795154808e+00  ,3.497416653854e+00  ,3.515191688707e+00  ,3.531646677391e+00  ,3.546188153768e+00  ,3.559731973767e+00  
  5.295146417667e-07  ,2.344858133232e+00  ,2.646273483359e+00  ,2.844130018508e+00  ,2.983919353836e+00  ,3.089622665208e+00  ,3.171480493379e+00  ,3.235979480520e+00  ,3.288587158876e+00  ,3.332911992028e+00  ,3.370065272639e+00  ,3.402533180504e+00  ,3.430486069734e+00  ,3.456057182659e+00  ,3.477795154808e+00  ,3.497416653854e+00  ,3.515191688707e+00  ,3.531646677391e+00  ,3.546188153768e+00  ,3.559731973767e+00  
  5.305146959473e-07  ,2.344858133232e+00  ,2.646273483359e+00  ,2.844130018508e+00  ,2.983919353836e+00  ,3.089622665208e+00  ,3.171480493379e+00  ,3.235979480520e+00  ,3.288587158876e+00  ,3.332911992028e+00  ,3.370065272639e+00  ,3.402533180504e+00  ,3.430486069734e+00  ,3.456057182659e+00  ,3.477795154808e+00  ,3.497416653854e+00  ,3.515191688707e+00  ,3.531646677391e+00  ,3.546188153768e+00  ,3.559731973767e+00  
  5.315147501279e-07  ,2.344858133232e+00  ,2.646273483359e+00  ,2.844130018508e+00  ,2.983919353836e+00  ,3.089622665208e+00  ,3.171480493379e+00  ,3.235979480520e+00  ,3.288587158876e+00  ,3.332911992028e+00  ,3.370065272639e+00  ,3.402533180504e+00  ,3.430486069734e+00  ,3.456057182659e+00  ,3.477795154808e+00  ,3.497416653854e+00  ,3.515191688707e+00  ,3.531646677391e+00  ,3.546188153768e+00  ,3.559731973767e+00  
  5.325148043085e-07  ,2.344858133232e+00  ,2.646273483359e+00  ,2.844130018508e+00  ,2.983919353836e+00  ,3.089622665208e+00  ,3.171480493379e+00  ,3.235979480520e+00  ,3.288587158876e+00  ,3.332911992028e+00  ,3.370065272639e+00  ,3.402533180504e+00  ,3.430486069734e+00  ,3.456057182659e+00  ,3.477795154808e+00  ,3.497416653854e+00  ,3.515191688707e+00  ,3.531646677391e+00  ,3.546188153768e+00  ,3.559731973767e+00  
  5.335148584892e-07  ,2.344858133232e+00  ,2.646273483359e+00  ,2.844130018508e+00  ,2.983919353836e+00  ,3.089622665208e+00  ,3.171480493379e+00  ,3.235979480520e+00  ,3.288587158876e+00  ,3.332911992028e+00  ,3.370065272639e+00  ,3.402533180504e+00  ,3.430486069734e+00  ,3.456057182659e+00  ,3.477795154808e+00  ,3.497416653854e+00  ,3.515191688707e+00  ,3.531646677391e+00  ,3.546188153768e+00  ,3.559731973767e+00  
  5.345149126698e-07  ,2.344858133232e+00  ,2.646273483359e+00  ,2.844130018508e+00  ,2.983919353836e+00  ,3.089622665208e+00  ,3.171480493379e+00  ,3.235979480520e+00  ,3.288587158876e+00  ,3.332911992028e+00  ,3.370065272639e+00  ,3.402533180504e+00  ,3.430486069734e+00  ,3.456057182659e+00  ,3.477795154808e+00  ,3.497416653854e+00  ,3.515191688707e+00  ,3.531646677391e+00  ,3.546188153768e+00  ,3.559731973767e+00  
  5.355149668504e-07  ,2.344858133232e+00  ,2.646273483359e+00  ,2.844130018508e+00  ,2.983919353836e+00  ,3.089622665208e+00  ,3.171480493379e+00  ,3.235979480520e+00  ,3.288587158876e+00  ,3.332911992028e+00  ,3.370065272639e+00  ,3.402533180504e+00  ,3.430486069734e+00  ,3.456057182659e+00  ,3.477795154808e+00  ,3.497416653854e+00  ,3.515191688707e+00  ,3.531646677391e+00  ,3.546188153768e+00  ,3.559731973767e+00  
  5.365150210310e-07  ,2.344858133232e+00  ,2.646273483359e+00  ,2.844130018508e+00  ,2.983919353836e+00  ,3.089622665208e+00  ,3.171480493379e+00  ,3.235979480520e+00  ,3.288587158876e+00  ,3.332911992028e+00  ,3.370065272639e+00  ,3.402533180504e+00  ,3.430486069734e+00  ,3.456057182659e+00  ,3.477795154808e+00  ,3.497416653854e+00  ,3.515191688707e+00  ,3.531646677391e+00  ,3.546188153768e+00  ,3.559731973767e+00  
  5.375150752116e-07  ,2.344858133232e+00  ,2.646273483359e+00  ,2.844130018508e+00  ,2.983919353836e+00  ,3.089622665208e+00  ,3.171480493379e+00  ,3.235979480520e+00  ,3.288587158876e+00  ,3.332911992028e+00  ,3.370065272639e+00  ,3.402533180504e+00  ,3.430486069734e+00  ,3.456057182659e+00  ,3.477795154808e+00  ,3.497416653854e+00  ,3.515191688707e+00  ,3.531646677391e+00  ,3.546188153768e+00  ,3.559731973767e+00  
  5.385151293923e-07  ,2.344858133232e+00  ,2.646273483359e+00  ,2.844130018508e+00  ,2.983919353836e+00  ,3.089622665208e+00  ,3.171480493379e+00  ,3.235979480520e+00  ,3.288587158876e+00  ,3.332911992028e+00  ,3.370065272639e+00  ,3.402533180504e+00  ,3.430486069734e+00  ,3.456057182659e+00  ,3.477795154808e+00  ,3.497416653854e+00  ,3.515191688707e+00  ,3.531646677391e+00  ,3.546188153768e+00  ,3.559731973767e+00  
  5.395151835729e-07  ,2.344858133232e+00  ,2.646273483359e+00  ,2.844130018508e+00  ,2.983919353836e+00  ,3.089622665208e+00  ,3.171480493379e+00  ,3.235979480520e+00  ,3.288587158876e+00  ,3.332911992028e+00  ,3.370065272639e+00  ,3.402533180504e+00  ,3.430486069734e+00  ,3.456057182659e+00  ,3.477795154808e+00  ,3.497416653854e+00  ,3.515191688707e+00  ,3.531646677391e+00  ,3.546188153768e+00  ,3.559731973767e+00  
  5.405152377535e-07  ,2.344858133232e+00  ,2.646273483359e+00  ,2.844130018508e+00  ,2.983919353836e+00  ,3.089622665208e+00  ,3.171480493379e+00  ,3.235979480520e+00  ,3.288587158876e+00  ,3.332911992028e+00  ,3.370065272639e+00  ,3.402533180504e+00  ,3.430486069734e+00  ,3.456057182659e+00  ,3.477795154808e+00  ,3.497416653854e+00  ,3.515191688707e+00  ,3.531646677391e+00  ,3.546188153768e+00  ,3.559731973767e+00  
  5.415152919341e-07  ,2.344858133232e+00  ,2.646273483359e+00  ,2.844130018508e+00  ,2.983919353836e+00  ,3.089622665208e+00  ,3.171480493379e+00  ,3.235979480520e+00  ,3.288587158876e+00  ,3.332911992028e+00  ,3.370065272639e+00  ,3.402533180504e+00  ,3.430486069734e+00  ,3.456057182659e+00  ,3.477795154808e+00  ,3.497416653854e+00  ,3.515191688707e+00  ,3.531646677391e+00  ,3.546188153768e+00  ,3.559731973767e+00  
  5.425153461148e-07  ,2.344858133232e+00  ,2.646273483359e+00  ,2.844130018508e+00  ,2.983919353836e+00  ,3.089622665208e+00  ,3.171480493379e+00  ,3.235979480520e+00  ,3.288587158876e+00  ,3.332911992028e+00  ,3.370065272639e+00  ,3.402533180504e+00  ,3.430486069734e+00  ,3.456057182659e+00  ,3.477795154808e+00  ,3.497416653854e+00  ,3.515191688707e+00  ,3.531646677391e+00  ,3.546188153768e+00  ,3.559731973767e+00  
  5.435154002954e-07  ,2.344858133232e+00  ,2.646273483359e+00  ,2.844130018508e+00  ,2.983919353836e+00  ,3.089622665208e+00  ,3.171480493379e+00  ,3.235979480520e+00  ,3.288587158876e+00  ,3.332911992028e+00  ,3.370065272639e+00  ,3.402533180504e+00  ,3.430486069734e+00  ,3.456057182659e+00  ,3.477795154808e+00  ,3.497416653854e+00  ,3.515191688707e+00  ,3.531646677391e+00  ,3.546188153768e+00  ,3.559731973767e+00  
  5.445154544760e-07  ,2.344858133232e+00  ,2.646273483359e+00  ,2.844130018508e+00  ,2.983919353836e+00  ,3.089622665208e+00  ,3.171480493379e+00  ,3.235979480520e+00  ,3.288587158876e+00  ,3.332911992028e+00  ,3.370065272639e+00  ,3.402533180504e+00  ,3.430486069734e+00  ,3.456057182659e+00  ,3.477795154808e+00  ,3.497416653854e+00  ,3.515191688707e+00  ,3.531646677391e+00  ,3.546188153768e+00  ,3.559731973767e+00  
  5.455155086566e-07  ,2.344858133232e+00  ,2.646273483359e+00  ,2.844130018508e+00  ,2.983919353836e+00  ,3.089622665208e+00  ,3.171480493379e+00  ,3.235979480520e+00  ,3.288587158876e+00  ,3.332911992028e+00  ,3.370065272639e+00  ,3.402533180504e+00  ,3.430486069734e+00  ,3.456057182659e+00  ,3.477795154808e+00  ,3.497416653854e+00  ,3.515191688707e+00  ,3.531646677391e+00  ,3.546188153768e+00  ,3.559731973767e+00  
  5.465155628372e-07  ,2.344858133232e+00  ,2.646273483359e+00  ,2.844130018508e+00  ,2.983919353836e+00  ,3.089622665208e+00  ,3.171480493379e+00  ,3.235979480520e+00  ,3.288587158876e+00  ,3.332911992028e+00  ,3.370065272639e+00  ,3.402533180504e+00  ,3.430486069734e+00  ,3.456057182659e+00  ,3.477795154808e+00  ,3.497416653854e+00  ,3.515191688707e+00  ,3.531646677391e+00  ,3.546188153768e+00  ,3.559731973767e+00  
  5.475156170179e-07  ,2.344858133232e+00  ,2.646273483359e+00  ,2.844130018508e+00  ,2.983919353836e+00  ,3.089622665208e+00  ,3.171480493379e+00  ,3.235979480520e+00  ,3.288587158876e+00  ,3.332911992028e+00  ,3.370065272639e+00  ,3.402533180504e+00  ,3.430486069734e+00  ,3.456057182659e+00  ,3.477795154808e+00  ,3.497416653854e+00  ,3.515191688707e+00  ,3.531646677391e+00  ,3.546188153768e+00  ,3.559731973767e+00  
  5.485156711985e-07  ,2.344858133232e+00  ,2.646273483359e+00  ,2.844130018508e+00  ,2.983919353836e+00  ,3.089622665208e+00  ,3.171480493379e+00  ,3.235979480520e+00  ,3.288587158876e+00  ,3.332911992028e+00  ,3.370065272639e+00  ,3.402533180504e+00  ,3.430486069734e+00  ,3.456057182659e+00  ,3.477795154808e+00  ,3.497416653854e+00  ,3.515191688707e+00  ,3.531646677391e+00  ,3.546188153768e+00  ,3.559731973767e+00  
  5.495157253791e-07  ,2.344858133232e+00  ,2.646273483359e+00  ,2.844130018508e+00  ,2.983919353836e+00  ,3.089622665208e+00  ,3.171480493379e+00  ,3.235979480520e+00  ,3.288587158876e+00  ,3.332911992028e+00  ,3.370065272639e+00  ,3.402533180504e+00  ,3.430486069734e+00  ,3.456057182659e+00  ,3.477795154808e+00  ,3.497416653854e+00  ,3.515191688707e+00  ,3.531646677391e+00  ,3.546188153768e+00  ,3.559731973767e+00  
  5.505157795597e-07  ,2.344858133232e+00  ,2.646273483359e+00  ,2.844130018508e+00  ,2.983919353836e+00  ,3.089622665208e+00  ,3.171480493379e+00  ,3.235979480520e+00  ,3.288587158876e+00  ,3.332911992028e+00  ,3.370065272639e+00  ,3.402533180504e+00  ,3.430486069734e+00  ,3.456057182659e+00  ,3.477795154808e+00  ,3.497416653854e+00  ,3.515191688707e+00  ,3.531646677391e+00  ,3.546188153768e+00  ,3.559731973767e+00  
  5.515158337404e-07  ,2.344858133232e+00  ,2.646273483359e+00  ,2.844130018508e+00  ,2.983919353836e+00  ,3.089622665208e+00  ,3.171480493379e+00  ,3.235979480520e+00  ,3.288587158876e+00  ,3.332911992028e+00  ,3.370065272639e+00  ,3.402533180504e+00  ,3.430486069734e+00  ,3.456057182659e+00  ,3.477795154808e+00  ,3.497416653854e+00  ,3.515191688707e+00  ,3.531646677391e+00  ,3.546188153768e+00  ,3.559731973767e+00  
  5.525158879210e-07  ,2.344858133232e+00  ,2.646273483359e+00  ,2.844130018508e+00  ,2.983919353836e+00  ,3.089622665208e+00  ,3.171480493379e+00  ,3.235979480520e+00  ,3.288587158876e+00  ,3.332911992028e+00  ,3.370065272639e+00  ,3.402533180504e+00  ,3.430486069734e+00  ,3.456057182659e+00  ,3.477795154808e+00  ,3.497416653854e+00  ,3.515191688707e+00  ,3.531646677391e+00  ,3.546188153768e+00  ,3.559731973767e+00  
  5.535159421016e-07  ,2.344858133232e+00  ,2.646273483359e+00  ,2.844130018508e+00  ,2.983919353836e+00  ,3.089622665208e+00  ,3.171480493379e+00  ,3.235979480520e+00  ,3.288587158876e+00  ,3.332911992028e+00  ,3.370065272639e+00  ,3.402533180504e+00  ,3.430486069734e+00  ,3.456057182659e+00  ,3.477795154808e+00  ,3.497416653854e+00  ,3.515191688707e+00  ,3.531646677391e+00  ,3.546188153768e+00  ,3.559731973767e+00  
  5.545159962822e-07  ,2.344858133232e+00  ,2.646273483359e+00  ,2.844130018508e+00  ,2.983919353836e+00  ,3.089622665208e+00  ,3.171480493379e+00  ,3.235979480520e+00  ,3.288587158876e+00  ,3.332911992028e+00  ,3.370065272639e+00  ,3.402533180504e+00  ,3.430486069734e+00  ,3.456057182659e+00  ,3.477795154808e+00  ,3.497416653854e+00  ,3.515191688707e+00  ,3.531646677391e+00  ,3.546188153768e+00  ,3.559731973767e+00  
  5.555160504628e-07  ,2.344858133232e+00  ,2.646273483359e+00  ,2.844130018508e+00  ,2.983919353836e+00  ,3.089622665208e+00  ,3.171480493379e+00  ,3.235979480520e+00  ,3.288587158876e+00  ,3.332911992028e+00  ,3.370065272639e+00  ,3.402533180504e+00  ,3.430486069734e+00  ,3.456057182659e+00  ,3.477795154808e+00  ,3.497416653854e+00  ,3.515191688707e+00  ,3.531646677391e+00  ,3.546188153768e+00  ,3.559731973767e+00  
  5.565161046435e-07  ,2.344858133232e+00  ,2.646273483359e+00  ,2.844130018508e+00  ,2.983919353836e+00  ,3.089622665208e+00  ,3.171480493379e+00  ,3.235979480520e+00  ,3.288587158876e+00  ,3.332911992028e+00  ,3.370065272639e+00  ,3.402533180504e+00  ,3.430486069734e+00  ,3.456057182659e+00  ,3.477795154808e+00  ,3.497416653854e+00  ,3.515191688707e+00  ,3.531646677391e+00  ,3.546188153768e+00  ,3.559731973767e+00  
  5.575161588241e-07  ,2.344858133232e+00  ,2.646273483359e+00  ,2.844130018508e+00  ,2.983919353836e+00  ,3.089622665208e+00  ,3.171480493379e+00  ,3.235979480520e+00  ,3.288587158876e+00  ,3.332911992028e+00  ,3.370065272639e+00  ,3.402533180504e+00  ,3.430486069734e+00  ,3.456057182659e+00  ,3.477795154808e+00  ,3.497416653854e+00  ,3.515191688707e+00  ,3.531646677391e+00  ,3.546188153768e+00  ,3.559731973767e+00  
  5.585162130047e-07  ,2.344858133232e+00  ,2.646273483359e+00  ,2.844130018508e+00  ,2.983919353836e+00  ,3.089622665208e+00  ,3.171480493379e+00  ,3.235979480520e+00  ,3.288587158876e+00  ,3.332911992028e+00  ,3.370065272639e+00  ,3.402533180504e+00  ,3.430486069734e+00  ,3.456057182659e+00  ,3.477795154808e+00  ,3.497416653854e+00  ,3.515191688707e+00  ,3.531646677391e+00  ,3.546188153768e+00  ,3.559731973767e+00  
  5.595162671853e-07  ,2.344858133232e+00  ,2.646273483359e+00  ,2.844130018508e+00  ,2.983919353836e+00  ,3.089622665208e+00  ,3.171480493379e+00  ,3.235979480520e+00  ,3.288587158876e+00  ,3.332911992028e+00  ,3.370065272639e+00  ,3.402533180504e+00  ,3.430486069734e+00  ,3.456057182659e+00  ,3.477795154808e+00  ,3.497416653854e+00  ,3.515191688707e+00  ,3.531646677391e+00  ,3.546188153768e+00  ,3.559731973767e+00  
  5.605163213660e-07  ,2.344858133232e+00  ,2.646273483359e+00  ,2.844130018508e+00  ,2.983919353836e+00  ,3.089622665208e+00  ,3.171480493379e+00  ,3.235979480520e+00  ,3.288587158876e+00  ,3.332911992028e+00  ,3.370065272639e+00  ,3.402533180504e+00  ,3.430486069734e+00  ,3.456057182659e+00  ,3.477795154808e+00  ,3.497416653854e+00  ,3.515191688707e+00  ,3.531646677391e+00  ,3.546188153768e+00  ,3.559731973767e+00  
  5.615163755466e-07  ,2.344858133232e+00  ,2.646273483359e+00  ,2.844130018508e+00  ,2.983919353836e+00  ,3.089622665208e+00  ,3.171480493379e+00  ,3.235979480520e+00  ,3.288587158876e+00  ,3.332911992028e+00  ,3.370065272639e+00  ,3.402533180504e+00  ,3.430486069734e+00  ,3.456057182659e+00  ,3.477795154808e+00  ,3.497416653854e+00  ,3.515191688707e+00  ,3.531646677391e+00  ,3.546188153768e+00  ,3.559731973767e+00  
  5.625164297272e-07  ,2.344858133232e+00  ,2.646273483359e+00  ,2.844130018508e+00  ,2.983919353836e+00  ,3.089622665208e+00  ,3.171480493379e+00  ,3.235979480520e+00  ,3.288587158876e+00  ,3.332911992028e+00  ,3.370065272639e+00  ,3.402533180504e+00  ,3.430486069734e+00  ,3.456057182659e+00  ,3.477795154808e+00  ,3.497416653854e+00  ,3.515191688707e+00  ,3.531646677391e+00  ,3.546188153768e+00  ,3.559731973767e+00  
  5.635164839078e-07  ,2.344858133232e+00  ,2.646273483359e+00  ,2.844130018508e+00  ,2.983919353836e+00  ,3.089622665208e+00  ,3.171480493379e+00  ,3.235979480520e+00  ,3.288587158876e+00  ,3.332911992028e+00  ,3.370065272639e+00  ,3.402533180504e+00  ,3.430486069734e+00  ,3.456057182659e+00  ,3.477795154808e+00  ,3.497416653854e+00  ,3.515191688707e+00  ,3.531646677391e+00  ,3.546188153768e+00  ,3.559731973767e+00  
  5.645165380884e-07  ,2.344858133232e+00  ,2.646273483359e+00  ,2.844130018508e+00  ,2.983919353836e+00  ,3.089622665208e+00  ,3.171480493379e+00  ,3.235979480520e+00  ,3.288587158876e+00  ,3.332911992028e+00  ,3.370065272639e+00  ,3.402533180504e+00  ,3.430486069734e+00  ,3.456057182659e+00  ,3.477795154808e+00  ,3.497416653854e+00  ,3.515191688707e+00  ,3.531646677391e+00  ,3.546188153768e+00  ,3.559731973767e+00  
  5.655165922691e-07  ,2.344858133232e+00  ,2.646273483359e+00  ,2.844130018508e+00  ,2.983919353836e+00  ,3.089622665208e+00  ,3.171480493379e+00  ,3.235979480520e+00  ,3.288587158876e+00  ,3.332911992028e+00  ,3.370065272639e+00  ,3.402533180504e+00  ,3.430486069734e+00  ,3.456057182659e+00  ,3.477795154808e+00  ,3.497416653854e+00  ,3.515191688707e+00  ,3.531646677391e+00  ,3.546188153768e+00  ,3.559731973767e+00  
  5.665166464497e-07  ,2.344858133232e+00  ,2.646273483359e+00  ,2.844130018508e+00  ,2.983919353836e+00  ,3.089622665208e+00  ,3.171480493379e+00  ,3.235979480520e+00  ,3.288587158876e+00  ,3.332911992028e+00  ,3.370065272639e+00  ,3.402533180504e+00  ,3.430486069734e+00  ,3.456057182659e+00  ,3.477795154808e+00  ,3.497416653854e+00  ,3.515191688707e+00  ,3.531646677391e+00  ,3.546188153768e+00  ,3.559731973767e+00  
  5.675167006303e-07  ,2.344858133232e+00  ,2.646273483359e+00  ,2.844130018508e+00  ,2.983919353836e+00  ,3.089622665208e+00  ,3.171480493379e+00  ,3.235979480520e+00  ,3.288587158876e+00  ,3.332911992028e+00  ,3.370065272639e+00  ,3.402533180504e+00  ,3.430486069734e+00  ,3.456057182659e+00  ,3.477795154808e+00  ,3.497416653854e+00  ,3.515191688707e+00  ,3.531646677391e+00  ,3.546188153768e+00  ,3.559731973767e+00  
  5.685167548109e-07  ,2.344858133232e+00  ,2.646273483359e+00  ,2.844130018508e+00  ,2.983919353836e+00  ,3.089622665208e+00  ,3.171480493379e+00  ,3.235979480520e+00  ,3.288587158876e+00  ,3.332911992028e+00  ,3.370065272639e+00  ,3.402533180504e+00  ,3.430486069734e+00  ,3.456057182659e+00  ,3.477795154808e+00  ,3.497416653854e+00  ,3.515191688707e+00  ,3.531646677391e+00  ,3.546188153768e+00  ,3.559731973767e+00  
  5.695168089916e-07  ,2.344858133232e+00  ,2.646273483359e+00  ,2.844130018508e+00  ,2.983919353836e+00  ,3.089622665208e+00  ,3.171480493379e+00  ,3.235979480520e+00  ,3.288587158876e+00  ,3.332911992028e+00  ,3.370065272639e+00  ,3.402533180504e+00  ,3.430486069734e+00  ,3.456057182659e+00  ,3.477795154808e+00  ,3.497416653854e+00  ,3.515191688707e+00  ,3.531646677391e+00  ,3.546188153768e+00  ,3.559731973767e+00  
  5.705168631722e-07  ,2.344858133232e+00  ,2.646273483359e+00  ,2.844130018508e+00  ,2.983919353836e+00  ,3.089622665208e+00  ,3.171480493379e+00  ,3.235979480520e+00  ,3.288587158876e+00  ,3.332911992028e+00  ,3.370065272639e+00  ,3.402533180504e+00  ,3.430486069734e+00  ,3.456057182659e+00  ,3.477795154808e+00  ,3.497416653854e+00  ,3.515191688707e+00  ,3.531646677391e+00  ,3.546188153768e+00  ,3.559731973767e+00  
  5.715169173528e-07  ,2.344858133232e+00  ,2.646273483359e+00  ,2.844130018508e+00  ,2.983919353836e+00  ,3.089622665208e+00  ,3.171480493379e+00  ,3.235979480520e+00  ,3.288587158876e+00  ,3.332911992028e+00  ,3.370065272639e+00  ,3.402533180504e+00  ,3.430486069734e+00  ,3.456057182659e+00  ,3.477795154808e+00  ,3.497416653854e+00  ,3.515191688707e+00  ,3.531646677391e+00  ,3.546188153768e+00  ,3.559731973767e+00  
  5.725169715334e-07  ,2.344858133232e+00  ,2.646273483359e+00  ,2.844130018508e+00  ,2.983919353836e+00  ,3.089622665208e+00  ,3.171480493379e+00  ,3.235979480520e+00  ,3.288587158876e+00  ,3.332911992028e+00  ,3.370065272639e+00  ,3.402533180504e+00  ,3.430486069734e+00  ,3.456057182659e+00  ,3.477795154808e+00  ,3.497416653854e+00  ,3.515191688707e+00  ,3.531646677391e+00  ,3.546188153768e+00  ,3.559731973767e+00  
  5.735170257140e-07  ,2.344858133232e+00  ,2.646273483359e+00  ,2.844130018508e+00  ,2.983919353836e+00  ,3.089622665208e+00  ,3.171480493379e+00  ,3.235979480520e+00  ,3.288587158876e+00  ,3.332911992028e+00  ,3.370065272639e+00  ,3.402533180504e+00  ,3.430486069734e+00  ,3.456057182659e+00  ,3.477795154808e+00  ,3.497416653854e+00  ,3.515191688707e+00  ,3.531646677391e+00  ,3.546188153768e+00  ,3.559731973767e+00  
  5.745170798947e-07  ,2.344858133232e+00  ,2.646273483359e+00  ,2.844130018508e+00  ,2.983919353836e+00  ,3.089622665208e+00  ,3.171480493379e+00  ,3.235979480520e+00  ,3.288587158876e+00  ,3.332911992028e+00  ,3.370065272639e+00  ,3.402533180504e+00  ,3.430486069734e+00  ,3.456057182659e+00  ,3.477795154808e+00  ,3.497416653854e+00  ,3.515191688707e+00  ,3.531646677391e+00  ,3.546188153768e+00  ,3.559731973767e+00  
  5.755171340753e-07  ,2.344858133232e+00  ,2.646273483359e+00  ,2.844130018508e+00  ,2.983919353836e+00  ,3.089622665208e+00  ,3.171480493379e+00  ,3.235979480520e+00  ,3.288587158876e+00  ,3.332911992028e+00  ,3.370065272639e+00  ,3.402533180504e+00  ,3.430486069734e+00  ,3.456057182659e+00  ,3.477795154808e+00  ,3.497416653854e+00  ,3.515191688707e+00  ,3.531646677391e+00  ,3.546188153768e+00  ,3.559731973767e+00  
  5.765171882559e-07  ,2.344858133232e+00  ,2.646273483359e+00  ,2.844130018508e+00  ,2.983919353836e+00  ,3.089622665208e+00  ,3.171480493379e+00  ,3.235979480520e+00  ,3.288587158876e+00  ,3.332911992028e+00  ,3.370065272639e+00  ,3.402533180504e+00  ,3.430486069734e+00  ,3.456057182659e+00  ,3.477795154808e+00  ,3.497416653854e+00  ,3.515191688707e+00  ,3.531646677391e+00  ,3.546188153768e+00  ,3.559731973767e+00  
  5.775172424365e-07  ,2.344858133232e+00  ,2.646273483359e+00  ,2.844130018508e+00  ,2.983919353836e+00  ,3.089622665208e+00  ,3.171480493379e+00  ,3.235979480520e+00  ,3.288587158876e+00  ,3.332911992028e+00  ,3.370065272639e+00  ,3.402533180504e+00  ,3.430486069734e+00  ,3.456057182659e+00  ,3.477795154808e+00  ,3.497416653854e+00  ,3.515191688707e+00  ,3.531646677391e+00  ,3.546188153768e+00  ,3.559731973767e+00  
  5.785172966172e-07  ,2.344858133232e+00  ,2.646273483359e+00  ,2.844130018508e+00  ,2.983919353836e+00  ,3.089622665208e+00  ,3.171480493379e+00  ,3.235979480520e+00  ,3.288587158876e+00  ,3.332911992028e+00  ,3.370065272639e+00  ,3.402533180504e+00  ,3.430486069734e+00  ,3.456057182659e+00  ,3.477795154808e+00  ,3.497416653854e+00  ,3.515191688707e+00  ,3.531646677391e+00  ,3.546188153768e+00  ,3.559731973767e+00  
  5.795173507978e-07  ,2.344858133232e+00  ,2.646273483359e+00  ,2.844130018508e+00  ,2.983919353836e+00  ,3.089622665208e+00  ,3.171480493379e+00  ,3.235979480520e+00  ,3.288587158876e+00  ,3.332911992028e+00  ,3.370065272639e+00  ,3.402533180504e+00  ,3.430486069734e+00  ,3.456057182659e+00  ,3.477795154808e+00  ,3.497416653854e+00  ,3.515191688707e+00  ,3.531646677391e+00  ,3.546188153768e+00  ,3.559731973767e+00  
  5.805174049784e-07  ,2.344858133232e+00  ,2.646273483359e+00  ,2.844130018508e+00  ,2.983919353836e+00  ,3.089622665208e+00  ,3.171480493379e+00  ,3.235979480520e+00  ,3.288587158876e+00  ,3.332911992028e+00  ,3.370065272639e+00  ,3.402533180504e+00  ,3.430486069734e+00  ,3.456057182659e+00  ,3.477795154808e+00  ,3.497416653854e+00  ,3.515191688707e+00  ,3.531646677391e+00  ,3.546188153768e+00  ,3.559731973767e+00  
  5.815174591590e-07  ,2.344858133232e+00  ,2.646273483359e+00  ,2.844130018508e+00  ,2.983919353836e+00  ,3.089622665208e+00  ,3.171480493379e+00  ,3.235979480520e+00  ,3.288587158876e+00  ,3.332911992028e+00  ,3.370065272639e+00  ,3.402533180504e+00  ,3.430486069734e+00  ,3.456057182659e+00  ,3.477795154808e+00  ,3.497416653854e+00  ,3.515191688707e+00  ,3.531646677391e+00  ,3.546188153768e+00  ,3.559731973767e+00  
  5.825175133396e-07  ,2.344858133232e+00  ,2.646273483359e+00  ,2.844130018508e+00  ,2.983919353836e+00  ,3.089622665208e+00  ,3.171480493379e+00  ,3.235979480520e+00  ,3.288587158876e+00  ,3.332911992028e+00  ,3.370065272639e+00  ,3.402533180504e+00  ,3.430486069734e+00  ,3.456057182659e+00  ,3.477795154808e+00  ,3.497416653854e+00  ,3.515191688707e+00  ,3.531646677391e+00  ,3.546188153768e+00  ,3.559731973767e+00  
  5.835175675203e-07  ,2.344858133232e+00  ,2.646273483359e+00  ,2.844130018508e+00  ,2.983919353836e+00  ,3.089622665208e+00  ,3.171480493379e+00  ,3.235979480520e+00  ,3.288587158876e+00  ,3.332911992028e+00  ,3.370065272639e+00  ,3.402533180504e+00  ,3.430486069734e+00  ,3.456057182659e+00  ,3.477795154808e+00  ,3.497416653854e+00  ,3.515191688707e+00  ,3.531646677391e+00  ,3.546188153768e+00  ,3.559731973767e+00  
  5.845176217009e-07  ,2.344858133232e+00  ,2.646273483359e+00  ,2.844130018508e+00  ,2.983919353836e+00  ,3.089622665208e+00  ,3.171480493379e+00  ,3.235979480520e+00  ,3.288587158876e+00  ,3.332911992028e+00  ,3.370065272639e+00  ,3.402533180504e+00  ,3.430486069734e+00  ,3.456057182659e+00  ,3.477795154808e+00  ,3.497416653854e+00  ,3.515191688707e+00  ,3.531646677391e+00  ,3.546188153768e+00  ,3.559731973767e+00  
  5.855176758815e-07  ,2.344858133232e+00  ,2.646273483359e+00  ,2.844130018508e+00  ,2.983919353836e+00  ,3.089622665208e+00  ,3.171480493379e+00  ,3.235979480520e+00  ,3.288587158876e+00  ,3.332911992028e+00  ,3.370065272639e+00  ,3.402533180504e+00  ,3.430486069734e+00  ,3.456057182659e+00  ,3.477795154808e+00  ,3.497416653854e+00  ,3.515191688707e+00  ,3.531646677391e+00  ,3.546188153768e+00  ,3.559731973767e+00  
  5.865177300621e-07  ,2.344858133232e+00  ,2.646273483359e+00  ,2.844130018508e+00  ,2.983919353836e+00  ,3.089622665208e+00  ,3.171480493379e+00  ,3.235979480520e+00  ,3.288587158876e+00  ,3.332911992028e+00  ,3.370065272639e+00  ,3.402533180504e+00  ,3.430486069734e+00  ,3.456057182659e+00  ,3.477795154808e+00  ,3.497416653854e+00  ,3.515191688707e+00  ,3.531646677391e+00  ,3.546188153768e+00  ,3.559731973767e+00  
  5.875177842428e-07  ,2.344858133232e+00  ,2.646273483359e+00  ,2.844130018508e+00  ,2.983919353836e+00  ,3.089622665208e+00  ,3.171480493379e+00  ,3.235979480520e+00  ,3.288587158876e+00  ,3.332911992028e+00  ,3.370065272639e+00  ,3.402533180504e+00  ,3.430486069734e+00  ,3.456057182659e+00  ,3.477795154808e+00  ,3.497416653854e+00  ,3.515191688707e+00  ,3.531646677391e+00  ,3.546188153768e+00  ,3.559731973767e+00  
  5.885178384234e-07  ,2.344858133232e+00  ,2.646273483359e+00  ,2.844130018508e+00  ,2.983919353836e+00  ,3.089622665208e+00  ,3.171480493379e+00  ,3.235979480520e+00  ,3.288587158876e+00  ,3.332911992028e+00  ,3.370065272639e+00  ,3.402533180504e+00  ,3.430486069734e+00  ,3.456057182659e+00  ,3.477795154808e+00  ,3.497416653854e+00  ,3.515191688707e+00  ,3.531646677391e+00  ,3.546188153768e+00  ,3.559731973767e+00  
  5.895178926040e-07  ,2.344858133232e+00  ,2.646273483359e+00  ,2.844130018508e+00  ,2.983919353836e+00  ,3.089622665208e+00  ,3.171480493379e+00  ,3.235979480520e+00  ,3.288587158876e+00  ,3.332911992028e+00  ,3.370065272639e+00  ,3.402533180504e+00  ,3.430486069734e+00  ,3.456057182659e+00  ,3.477795154808e+00  ,3.497416653854e+00  ,3.515191688707e+00  ,3.531646677391e+00  ,3.546188153768e+00  ,3.559731973767e+00  
  5.905179467846e-07  ,2.344858133232e+00  ,2.646273483359e+00  ,2.844130018508e+00  ,2.983919353836e+00  ,3.089622665208e+00  ,3.171480493379e+00  ,3.235979480520e+00  ,3.288587158876e+00  ,3.332911992028e+00  ,3.370065272639e+00  ,3.402533180504e+00  ,3.430486069734e+00  ,3.456057182659e+00  ,3.477795154808e+00  ,3.497416653854e+00  ,3.515191688707e+00  ,3.531646677391e+00  ,3.546188153768e+00  ,3.559731973767e+00  
  5.915180009652e-07  ,2.344858133232e+00  ,2.646273483359e+00  ,2.844130018508e+00  ,2.983919353836e+00  ,3.089622665208e+00  ,3.171480493379e+00  ,3.235979480520e+00  ,3.288587158876e+00  ,3.332911992028e+00  ,3.370065272639e+00  ,3.402533180504e+00  ,3.430486069734e+00  ,3.456057182659e+00  ,3.477795154808e+00  ,3.497416653854e+00  ,3.515191688707e+00  ,3.531646677391e+00  ,3.546188153768e+00  ,3.559731973767e+00  
  5.925180551459e-07  ,2.344858133232e+00  ,2.646273483359e+00  ,2.844130018508e+00  ,2.983919353836e+00  ,3.089622665208e+00  ,3.171480493379e+00  ,3.235979480520e+00  ,3.288587158876e+00  ,3.332911992028e+00  ,3.370065272639e+00  ,3.402533180504e+00  ,3.430486069734e+00  ,3.456057182659e+00  ,3.477795154808e+00  ,3.497416653854e+00  ,3.515191688707e+00  ,3.531646677391e+00  ,3.546188153768e+00  ,3.559731973767e+00  
  5.935181093265e-07  ,2.344858133232e+00  ,2.646273483359e+00  ,2.844130018508e+00  ,2.983919353836e+00  ,3.089622665208e+00  ,3.171480493379e+00  ,3.235979480520e+00  ,3.288587158876e+00  ,3.332911992028e+00  ,3.370065272639e+00  ,3.402533180504e+00  ,3.430486069734e+00  ,3.456057182659e+00  ,3.477795154808e+00  ,3.497416653854e+00  ,3.515191688707e+00  ,3.531646677391e+00  ,3.546188153768e+00  ,3.559731973767e+00  
  5.945181635071e-07  ,2.344858133232e+00  ,2.646273483359e+00  ,2.844130018508e+00  ,2.983919353836e+00  ,3.089622665208e+00  ,3.171480493379e+00  ,3.235979480520e+00  ,3.288587158876e+00  ,3.332911992028e+00  ,3.370065272639e+00  ,3.402533180504e+00  ,3.430486069734e+00  ,3.456057182659e+00  ,3.477795154808e+00  ,3.497416653854e+00  ,3.515191688707e+00  ,3.531646677391e+00  ,3.546188153768e+00  ,3.559731973767e+00  
  5.955182176877e-07  ,2.344858133232e+00  ,2.646273483359e+00  ,2.844130018508e+00  ,2.983919353836e+00  ,3.089622665208e+00  ,3.171480493379e+00  ,3.235979480520e+00  ,3.288587158876e+00  ,3.332911992028e+00  ,3.370065272639e+00  ,3.402533180504e+00  ,3.430486069734e+00  ,3.456057182659e+00  ,3.477795154808e+00  ,3.497416653854e+00  ,3.515191688707e+00  ,3.531646677391e+00  ,3.546188153768e+00  ,3.559731973767e+00  
  5.965182718684e-07  ,2.344858133232e+00  ,2.646273483359e+00  ,2.844130018508e+00  ,2.983919353836e+00  ,3.089622665208e+00  ,3.171480493379e+00  ,3.235979480520e+00  ,3.288587158876e+00  ,3.332911992028e+00  ,3.370065272639e+00  ,3.402533180504e+00  ,3.430486069734e+00  ,3.456057182659e+00  ,3.477795154808e+00  ,3.497416653854e+00  ,3.515191688707e+00  ,3.531646677391e+00  ,3.546188153768e+00  ,3.559731973767e+00  
  5.975183260490e-07  ,2.344858133232e+00  ,2.646273483359e+00  ,2.844130018508e+00  ,2.983919353836e+00  ,3.089622665208e+00  ,3.171480493379e+00  ,3.235979480520e+00  ,3.288587158876e+00  ,3.332911992028e+00  ,3.370065272639e+00  ,3.402533180504e+00  ,3.430486069734e+00  ,3.456057182659e+00  ,3.477795154808e+00  ,3.497416653854e+00  ,3.515191688707e+00  ,3.531646677391e+00  ,3.546188153768e+00  ,3.559731973767e+00  
  5.985183802296e-07  ,2.344858133232e+00  ,2.646273483359e+00  ,2.844130018508e+00  ,2.983919353836e+00  ,3.089622665208e+00  ,3.171480493379e+00  ,3.235979480520e+00  ,3.288587158876e+00  ,3.332911992028e+00  ,3.370065272639e+00  ,3.402533180504e+00  ,3.430486069734e+00  ,3.456057182659e+00  ,3.477795154808e+00  ,3.497416653854e+00  ,3.515191688707e+00  ,3.531646677391e+00  ,3.546188153768e+00  ,3.559731973767e+00  
  5.995184344102e-07  ,2.344858133232e+00  ,2.646273483359e+00  ,2.844130018508e+00  ,2.983919353836e+00  ,3.089622665208e+00  ,3.171480493379e+00  ,3.235979480520e+00  ,3.288587158876e+00  ,3.332911992028e+00  ,3.370065272639e+00  ,3.402533180504e+00  ,3.430486069734e+00  ,3.456057182659e+00  ,3.477795154808e+00  ,3.497416653854e+00  ,3.515191688707e+00  ,3.531646677391e+00  ,3.546188153768e+00  ,3.559731973767e+00  
  6.005184885908e-07  ,2.344858133232e+00  ,2.646273483359e+00  ,2.844130018508e+00  ,2.983919353836e+00  ,3.089622665208e+00  ,3.171480493379e+00  ,3.235979480520e+00  ,3.288587158876e+00  ,3.332911992028e+00  ,3.370065272639e+00  ,3.402533180504e+00  ,3.430486069734e+00  ,3.456057182659e+00  ,3.477795154808e+00  ,3.497416653854e+00  ,3.515191688707e+00  ,3.531646677391e+00  ,3.546188153768e+00  ,3.559731973767e+00  
  6.015185427715e-07  ,2.344858133232e+00  ,2.646273483359e+00  ,2.844130018508e+00  ,2.983919353836e+00  ,3.089622665208e+00  ,3.171480493379e+00  ,3.235979480520e+00  ,3.288587158876e+00  ,3.332911992028e+00  ,3.370065272639e+00  ,3.402533180504e+00  ,3.430486069734e+00  ,3.456057182659e+00  ,3.477795154808e+00  ,3.497416653854e+00  ,3.515191688707e+00  ,3.531646677391e+00  ,3.546188153768e+00  ,3.559731973767e+00  
  6.025185969521e-07  ,2.344858133232e+00  ,2.646273483359e+00  ,2.844130018508e+00  ,2.983919353836e+00  ,3.089622665208e+00  ,3.171480493379e+00  ,3.235979480520e+00  ,3.288587158876e+00  ,3.332911992028e+00  ,3.370065272639e+00  ,3.402533180504e+00  ,3.430486069734e+00  ,3.456057182659e+00  ,3.477795154808e+00  ,3.497416653854e+00  ,3.515191688707e+00  ,3.531646677391e+00  ,3.546188153768e+00  ,3.559731973767e+00  
  6.035186511327e-07  ,2.344858133232e+00  ,2.646273483359e+00  ,2.844130018508e+00  ,2.983919353836e+00  ,3.089622665208e+00  ,3.171480493379e+00  ,3.235979480520e+00  ,3.288587158876e+00  ,3.332911992028e+00  ,3.370065272639e+00  ,3.402533180504e+00  ,3.430486069734e+00  ,3.456057182659e+00  ,3.477795154808e+00  ,3.497416653854e+00  ,3.515191688707e+00  ,3.531646677391e+00  ,3.546188153768e+00  ,3.559731973767e+00  
  6.045187053133e-07  ,2.344858133232e+00  ,2.646273483359e+00  ,2.844130018508e+00  ,2.983919353836e+00  ,3.089622665208e+00  ,3.171480493379e+00  ,3.235979480520e+00  ,3.288587158876e+00  ,3.332911992028e+00  ,3.370065272639e+00  ,3.402533180504e+00  ,3.430486069734e+00  ,3.456057182659e+00  ,3.477795154808e+00  ,3.497416653854e+00  ,3.515191688707e+00  ,3.531646677391e+00  ,3.546188153768e+00  ,3.559731973767e+00  
  6.055187594940e-07  ,2.344858133232e+00  ,2.646273483359e+00  ,2.844130018508e+00  ,2.983919353836e+00  ,3.089622665208e+00  ,3.171480493379e+00  ,3.235979480520e+00  ,3.288587158876e+00  ,3.332911992028e+00  ,3.370065272639e+00  ,3.402533180504e+00  ,3.430486069734e+00  ,3.456057182659e+00  ,3.477795154808e+00  ,3.497416653854e+00  ,3.515191688707e+00  ,3.531646677391e+00  ,3.546188153768e+00  ,3.559731973767e+00  
  6.065188136746e-07  ,2.344858133232e+00  ,2.646273483359e+00  ,2.844130018508e+00  ,2.983919353836e+00  ,3.089622665208e+00  ,3.171480493379e+00  ,3.235979480520e+00  ,3.288587158876e+00  ,3.332911992028e+00  ,3.370065272639e+00  ,3.402533180504e+00  ,3.430486069734e+00  ,3.456057182659e+00  ,3.477795154808e+00  ,3.497416653854e+00  ,3.515191688707e+00  ,3.531646677391e+00  ,3.546188153768e+00  ,3.559731973767e+00  
  6.075188678552e-07  ,2.344858133232e+00  ,2.646273483359e+00  ,2.844130018508e+00  ,2.983919353836e+00  ,3.089622665208e+00  ,3.171480493379e+00  ,3.235979480520e+00  ,3.288587158876e+00  ,3.332911992028e+00  ,3.370065272639e+00  ,3.402533180504e+00  ,3.430486069734e+00  ,3.456057182659e+00  ,3.477795154808e+00  ,3.497416653854e+00  ,3.515191688707e+00  ,3.531646677391e+00  ,3.546188153768e+00  ,3.559731973767e+00  
  6.085189220358e-07  ,2.344858133232e+00  ,2.646273483359e+00  ,2.844130018508e+00  ,2.983919353836e+00  ,3.089622665208e+00  ,3.171480493379e+00  ,3.235979480520e+00  ,3.288587158876e+00  ,3.332911992028e+00  ,3.370065272639e+00  ,3.402533180504e+00  ,3.430486069734e+00  ,3.456057182659e+00  ,3.477795154808e+00  ,3.497416653854e+00  ,3.515191688707e+00  ,3.531646677391e+00  ,3.546188153768e+00  ,3.559731973767e+00  
  6.095189762164e-07  ,2.344858133232e+00  ,2.646273483359e+00  ,2.844130018508e+00  ,2.983919353836e+00  ,3.089622665208e+00  ,3.171480493379e+00  ,3.235979480520e+00  ,3.288587158876e+00  ,3.332911992028e+00  ,3.370065272639e+00  ,3.402533180504e+00  ,3.430486069734e+00  ,3.456057182659e+00  ,3.477795154808e+00  ,3.497416653854e+00  ,3.515191688707e+00  ,3.531646677391e+00  ,3.546188153768e+00  ,3.559731973767e+00  
  6.105190303971e-07  ,2.344858133232e+00  ,2.646273483359e+00  ,2.844130018508e+00  ,2.983919353836e+00  ,3.089622665208e+00  ,3.171480493379e+00  ,3.235979480520e+00  ,3.288587158876e+00  ,3.332911992028e+00  ,3.370065272639e+00  ,3.402533180504e+00  ,3.430486069734e+00  ,3.456057182659e+00  ,3.477795154808e+00  ,3.497416653854e+00  ,3.515191688707e+00  ,3.531646677391e+00  ,3.546188153768e+00  ,3.559731973767e+00  
  6.115190845777e-07  ,2.344858133232e+00  ,2.646273483359e+00  ,2.844130018508e+00  ,2.983919353836e+00  ,3.089622665208e+00  ,3.171480493379e+00  ,3.235979480520e+00  ,3.288587158876e+00  ,3.332911992028e+00  ,3.370065272639e+00  ,3.402533180504e+00  ,3.430486069734e+00  ,3.456057182659e+00  ,3.477795154808e+00  ,3.497416653854e+00  ,3.515191688707e+00  ,3.531646677391e+00  ,3.546188153768e+00  ,3.559731973767e+00  
  6.125191387583e-07  ,2.344858133232e+00  ,2.646273483359e+00  ,2.844130018508e+00  ,2.983919353836e+00  ,3.089622665208e+00  ,3.171480493379e+00  ,3.235979480520e+00  ,3.288587158876e+00  ,3.332911992028e+00  ,3.370065272639e+00  ,3.402533180504e+00  ,3.430486069734e+00  ,3.456057182659e+00  ,3.477795154808e+00  ,3.497416653854e+00  ,3.515191688707e+00  ,3.531646677391e+00  ,3.546188153768e+00  ,3.559731973767e+00  
  6.135191929389e-07  ,2.344858133232e+00  ,2.646273483359e+00  ,2.844130018508e+00  ,2.983919353836e+00  ,3.089622665208e+00  ,3.171480493379e+00  ,3.235979480520e+00  ,3.288587158876e+00  ,3.332911992028e+00  ,3.370065272639e+00  ,3.402533180504e+00  ,3.430486069734e+00  ,3.456057182659e+00  ,3.477795154808e+00  ,3.497416653854e+00  ,3.515191688707e+00  ,3.531646677391e+00  ,3.546188153768e+00  ,3.559731973767e+00  
  6.145192471196e-07  ,2.344858133232e+00  ,2.646273483359e+00  ,2.844130018508e+00  ,2.983919353836e+00  ,3.089622665208e+00  ,3.171480493379e+00  ,3.235979480520e+00  ,3.288587158876e+00  ,3.332911992028e+00  ,3.370065272639e+00  ,3.402533180504e+00  ,3.430486069734e+00  ,3.456057182659e+00  ,3.477795154808e+00  ,3.497416653854e+00  ,3.515191688707e+00  ,3.531646677391e+00  ,3.546188153768e+00  ,3.559731973767e+00  
  6.155193013002e-07  ,2.344858133232e+00  ,2.646273483359e+00  ,2.844130018508e+00  ,2.983919353836e+00  ,3.089622665208e+00  ,3.171480493379e+00  ,3.235979480520e+00  ,3.288587158876e+00  ,3.332911992028e+00  ,3.370065272639e+00  ,3.402533180504e+00  ,3.430486069734e+00  ,3.456057182659e+00  ,3.477795154808e+00  ,3.497416653854e+00  ,3.515191688707e+00  ,3.531646677391e+00  ,3.546188153768e+00  ,3.559731973767e+00  
  6.165193554808e-07  ,2.344858133232e+00  ,2.646273483359e+00  ,2.844130018508e+00  ,2.983919353836e+00  ,3.089622665208e+00  ,3.171480493379e+00  ,3.235979480520e+00  ,3.288587158876e+00  ,3.332911992028e+00  ,3.370065272639e+00  ,3.402533180504e+00  ,3.430486069734e+00  ,3.456057182659e+00  ,3.477795154808e+00  ,3.497416653854e+00  ,3.515191688707e+00  ,3.531646677391e+00  ,3.546188153768e+00  ,3.559731973767e+00  
  6.175194096614e-07  ,2.344858133232e+00  ,2.646273483359e+00  ,2.844130018508e+00  ,2.983919353836e+00  ,3.089622665208e+00  ,3.171480493379e+00  ,3.235979480520e+00  ,3.288587158876e+00  ,3.332911992028e+00  ,3.370065272639e+00  ,3.402533180504e+00  ,3.430486069734e+00  ,3.456057182659e+00  ,3.477795154808e+00  ,3.497416653854e+00  ,3.515191688707e+00  ,3.531646677391e+00  ,3.546188153768e+00  ,3.559731973767e+00  
  6.185194638420e-07  ,2.344858133232e+00  ,2.646273483359e+00  ,2.844130018508e+00  ,2.983919353836e+00  ,3.089622665208e+00  ,3.171480493379e+00  ,3.235979480520e+00  ,3.288587158876e+00  ,3.332911992028e+00  ,3.370065272639e+00  ,3.402533180504e+00  ,3.430486069734e+00  ,3.456057182659e+00  ,3.477795154808e+00  ,3.497416653854e+00  ,3.515191688707e+00  ,3.531646677391e+00  ,3.546188153768e+00  ,3.559731973767e+00  
  6.195195180227e-07  ,2.344858133232e+00  ,2.646273483359e+00  ,2.844130018508e+00  ,2.983919353836e+00  ,3.089622665208e+00  ,3.171480493379e+00  ,3.235979480520e+00  ,3.288587158876e+00  ,3.332911992028e+00  ,3.370065272639e+00  ,3.402533180504e+00  ,3.430486069734e+00  ,3.456057182659e+00  ,3.477795154808e+00  ,3.497416653854e+00  ,3.515191688707e+00  ,3.531646677391e+00  ,3.546188153768e+00  ,3.559731973767e+00  
  6.205195722033e-07  ,2.344858133232e+00  ,2.646273483359e+00  ,2.844130018508e+00  ,2.983919353836e+00  ,3.089622665208e+00  ,3.171480493379e+00  ,3.235979480520e+00  ,3.288587158876e+00  ,3.332911992028e+00  ,3.370065272639e+00  ,3.402533180504e+00  ,3.430486069734e+00  ,3.456057182659e+00  ,3.477795154808e+00  ,3.497416653854e+00  ,3.515191688707e+00  ,3.531646677391e+00  ,3.546188153768e+00  ,3.559731973767e+00  
  6.215196263839e-07  ,2.344858133232e+00  ,2.646273483359e+00  ,2.844130018508e+00  ,2.983919353836e+00  ,3.089622665208e+00  ,3.171480493379e+00  ,3.235979480520e+00  ,3.288587158876e+00  ,3.332911992028e+00  ,3.370065272639e+00  ,3.402533180504e+00  ,3.430486069734e+00  ,3.456057182659e+00  ,3.477795154808e+00  ,3.497416653854e+00  ,3.515191688707e+00  ,3.531646677391e+00  ,3.546188153768e+00  ,3.559731973767e+00  
  6.225196805645e-07  ,2.344858133232e+00  ,2.646273483359e+00  ,2.844130018508e+00  ,2.983919353836e+00  ,3.089622665208e+00  ,3.171480493379e+00  ,3.235979480520e+00  ,3.288587158876e+00  ,3.332911992028e+00  ,3.370065272639e+00  ,3.402533180504e+00  ,3.430486069734e+00  ,3.456057182659e+00  ,3.477795154808e+00  ,3.497416653854e+00  ,3.515191688707e+00  ,3.531646677391e+00  ,3.546188153768e+00  ,3.559731973767e+00  
  6.235197347451e-07  ,2.344858133232e+00  ,2.646273483359e+00  ,2.844130018508e+00  ,2.983919353836e+00  ,3.089622665208e+00  ,3.171480493379e+00  ,3.235979480520e+00  ,3.288587158876e+00  ,3.332911992028e+00  ,3.370065272639e+00  ,3.402533180504e+00  ,3.430486069734e+00  ,3.456057182659e+00  ,3.477795154808e+00  ,3.497416653854e+00  ,3.515191688707e+00  ,3.531646677391e+00  ,3.546188153768e+00  ,3.559731973767e+00  
  6.245197889258e-07  ,2.344858133232e+00  ,2.646273483359e+00  ,2.844130018508e+00  ,2.983919353836e+00  ,3.089622665208e+00  ,3.171480493379e+00  ,3.235979480520e+00  ,3.288587158876e+00  ,3.332911992028e+00  ,3.370065272639e+00  ,3.402533180504e+00  ,3.430486069734e+00  ,3.456057182659e+00  ,3.477795154808e+00  ,3.497416653854e+00  ,3.515191688707e+00  ,3.531646677391e+00  ,3.546188153768e+00  ,3.559731973767e+00  
  6.255198431064e-07  ,2.344858133232e+00  ,2.646273483359e+00  ,2.844130018508e+00  ,2.983919353836e+00  ,3.089622665208e+00  ,3.171480493379e+00  ,3.235979480520e+00  ,3.288587158876e+00  ,3.332911992028e+00  ,3.370065272639e+00  ,3.402533180504e+00  ,3.430486069734e+00  ,3.456057182659e+00  ,3.477795154808e+00  ,3.497416653854e+00  ,3.515191688707e+00  ,3.531646677391e+00  ,3.546188153768e+00  ,3.559731973767e+00  
  6.265198972870e-07  ,2.344858133232e+00  ,2.646273483359e+00  ,2.844130018508e+00  ,2.983919353836e+00  ,3.089622665208e+00  ,3.171480493379e+00  ,3.235979480520e+00  ,3.288587158876e+00  ,3.332911992028e+00  ,3.370065272639e+00  ,3.402533180504e+00  ,3.430486069734e+00  ,3.456057182659e+00  ,3.477795154808e+00  ,3.497416653854e+00  ,3.515191688707e+00  ,3.531646677391e+00  ,3.546188153768e+00  ,3.559731973767e+00  
  6.275199514676e-07  ,2.344858133232e+00  ,2.646273483359e+00  ,2.844130018508e+00  ,2.983919353836e+00  ,3.089622665208e+00  ,3.171480493379e+00  ,3.235979480520e+00  ,3.288587158876e+00  ,3.332911992028e+00  ,3.370065272639e+00  ,3.402533180504e+00  ,3.430486069734e+00  ,3.456057182659e+00  ,3.477795154808e+00  ,3.497416653854e+00  ,3.515191688707e+00  ,3.531646677391e+00  ,3.546188153768e+00  ,3.559731973767e+00  
  6.285200056483e-07  ,2.344858133232e+00  ,2.646273483359e+00  ,2.844130018508e+00  ,2.983919353836e+00  ,3.089622665208e+00  ,3.171480493379e+00  ,3.235979480520e+00  ,3.288587158876e+00  ,3.332911992028e+00  ,3.370065272639e+00  ,3.402533180504e+00  ,3.430486069734e+00  ,3.456057182659e+00  ,3.477795154808e+00  ,3.497416653854e+00  ,3.515191688707e+00  ,3.531646677391e+00  ,3.546188153768e+00  ,3.559731973767e+00  
  6.295200598289e-07  ,2.344858133232e+00  ,2.646273483359e+00  ,2.844130018508e+00  ,2.983919353836e+00  ,3.089622665208e+00  ,3.171480493379e+00  ,3.235979480520e+00  ,3.288587158876e+00  ,3.332911992028e+00  ,3.370065272639e+00  ,3.402533180504e+00  ,3.430486069734e+00  ,3.456057182659e+00  ,3.477795154808e+00  ,3.497416653854e+00  ,3.515191688707e+00  ,3.531646677391e+00  ,3.546188153768e+00  ,3.559731973767e+00  
  6.305201140095e-07  ,2.344858133232e+00  ,2.646273483359e+00  ,2.844130018508e+00  ,2.983919353836e+00  ,3.089622665208e+00  ,3.171480493379e+00  ,3.235979480520e+00  ,3.288587158876e+00  ,3.332911992028e+00  ,3.370065272639e+00  ,3.402533180504e+00  ,3.430486069734e+00  ,3.456057182659e+00  ,3.477795154808e+00  ,3.497416653854e+00  ,3.515191688707e+00  ,3.531646677391e+00  ,3.546188153768e+00  ,3.559731973767e+00  
  6.315201681901e-07  ,2.344858133232e+00  ,2.646273483359e+00  ,2.844130018508e+00  ,2.983919353836e+00  ,3.089622665208e+00  ,3.171480493379e+00  ,3.235979480520e+00  ,3.288587158876e+00  ,3.332911992028e+00  ,3.370065272639e+00  ,3.402533180504e+00  ,3.430486069734e+00  ,3.456057182659e+00  ,3.477795154808e+00  ,3.497416653854e+00  ,3.515191688707e+00  ,3.531646677391e+00  ,3.546188153768e+00  ,3.559731973767e+00  
  6.325202223707e-07  ,2.344858133232e+00  ,2.646273483359e+00  ,2.844130018508e+00  ,2.983919353836e+00  ,3.089622665208e+00  ,3.171480493379e+00  ,3.235979480520e+00  ,3.288587158876e+00  ,3.332911992028e+00  ,3.370065272639e+00  ,3.402533180504e+00  ,3.430486069734e+00  ,3.456057182659e+00  ,3.477795154808e+00  ,3.497416653854e+00  ,3.515191688707e+00  ,3.531646677391e+00  ,3.546188153768e+00  ,3.559731973767e+00  
  6.335202765514e-07  ,2.344858133232e+00  ,2.646273483359e+00  ,2.844130018508e+00  ,2.983919353836e+00  ,3.089622665208e+00  ,3.171480493379e+00  ,3.235979480520e+00  ,3.288587158876e+00  ,3.332911992028e+00  ,3.370065272639e+00  ,3.402533180504e+00  ,3.430486069734e+00  ,3.456057182659e+00  ,3.477795154808e+00  ,3.497416653854e+00  ,3.515191688707e+00  ,3.531646677391e+00  ,3.546188153768e+00  ,3.559731973767e+00  
  6.345203307320e-07  ,2.344858133232e+00  ,2.646273483359e+00  ,2.844130018508e+00  ,2.983919353836e+00  ,3.089622665208e+00  ,3.171480493379e+00  ,3.235979480520e+00  ,3.288587158876e+00  ,3.332911992028e+00  ,3.370065272639e+00  ,3.402533180504e+00  ,3.430486069734e+00  ,3.456057182659e+00  ,3.477795154808e+00  ,3.497416653854e+00  ,3.515191688707e+00  ,3.531646677391e+00  ,3.546188153768e+00  ,3.559731973767e+00  
  6.355203849126e-07  ,2.344858133232e+00  ,2.646273483359e+00  ,2.844130018508e+00  ,2.983919353836e+00  ,3.089622665208e+00  ,3.171480493379e+00  ,3.235979480520e+00  ,3.288587158876e+00  ,3.332911992028e+00  ,3.370065272639e+00  ,3.402533180504e+00  ,3.430486069734e+00  ,3.456057182659e+00  ,3.477795154808e+00  ,3.497416653854e+00  ,3.515191688707e+00  ,3.531646677391e+00  ,3.546188153768e+00  ,3.559731973767e+00  
  6.365204390932e-07  ,2.344858133232e+00  ,2.646273483359e+00  ,2.844130018508e+00  ,2.983919353836e+00  ,3.089622665208e+00  ,3.171480493379e+00  ,3.235979480520e+00  ,3.288587158876e+00  ,3.332911992028e+00  ,3.370065272639e+00  ,3.402533180504e+00  ,3.430486069734e+00  ,3.456057182659e+00  ,3.477795154808e+00  ,3.497416653854e+00  ,3.515191688707e+00  ,3.531646677391e+00  ,3.546188153768e+00  ,3.559731973767e+00  
  6.375204932739e-07  ,2.344858133232e+00  ,2.646273483359e+00  ,2.844130018508e+00  ,2.983919353836e+00  ,3.089622665208e+00  ,3.171480493379e+00  ,3.235979480520e+00  ,3.288587158876e+00  ,3.332911992028e+00  ,3.370065272639e+00  ,3.402533180504e+00  ,3.430486069734e+00  ,3.456057182659e+00  ,3.477795154808e+00  ,3.497416653854e+00  ,3.515191688707e+00  ,3.531646677391e+00  ,3.546188153768e+00  ,3.559731973767e+00  
  6.385205474545e-07  ,2.344858133232e+00  ,2.646273483359e+00  ,2.844130018508e+00  ,2.983919353836e+00  ,3.089622665208e+00  ,3.171480493379e+00  ,3.235979480520e+00  ,3.288587158876e+00  ,3.332911992028e+00  ,3.370065272639e+00  ,3.402533180504e+00  ,3.430486069734e+00  ,3.456057182659e+00  ,3.477795154808e+00  ,3.497416653854e+00  ,3.515191688707e+00  ,3.531646677391e+00  ,3.546188153768e+00  ,3.559731973767e+00  
  6.395206016351e-07  ,2.344858133232e+00  ,2.646273483359e+00  ,2.844130018508e+00  ,2.983919353836e+00  ,3.089622665208e+00  ,3.171480493379e+00  ,3.235979480520e+00  ,3.288587158876e+00  ,3.332911992028e+00  ,3.370065272639e+00  ,3.402533180504e+00  ,3.430486069734e+00  ,3.456057182659e+00  ,3.477795154808e+00  ,3.497416653854e+00  ,3.515191688707e+00  ,3.531646677391e+00  ,3.546188153768e+00  ,3.559731973767e+00  
  6.405206558157e-07  ,2.344858133232e+00  ,2.646273483359e+00  ,2.844130018508e+00  ,2.983919353836e+00  ,3.089622665208e+00  ,3.171480493379e+00  ,3.235979480520e+00  ,3.288587158876e+00  ,3.332911992028e+00  ,3.370065272639e+00  ,3.402533180504e+00  ,3.430486069734e+00  ,3.456057182659e+00  ,3.477795154808e+00  ,3.497416653854e+00  ,3.515191688707e+00  ,3.531646677391e+00  ,3.546188153768e+00  ,3.559731973767e+00  
  6.415207099963e-07  ,2.344858133232e+00  ,2.646273483359e+00  ,2.844130018508e+00  ,2.983919353836e+00  ,3.089622665208e+00  ,3.171480493379e+00  ,3.235979480520e+00  ,3.288587158876e+00  ,3.332911992028e+00  ,3.370065272639e+00  ,3.402533180504e+00  ,3.430486069734e+00  ,3.456057182659e+00  ,3.477795154808e+00  ,3.497416653854e+00  ,3.515191688707e+00  ,3.531646677391e+00  ,3.546188153768e+00  ,3.559731973767e+00  
  6.425207641770e-07  ,2.344858133232e+00  ,2.646273483359e+00  ,2.844130018508e+00  ,2.983919353836e+00  ,3.089622665208e+00  ,3.171480493379e+00  ,3.235979480520e+00  ,3.288587158876e+00  ,3.332911992028e+00  ,3.370065272639e+00  ,3.402533180504e+00  ,3.430486069734e+00  ,3.456057182659e+00  ,3.477795154808e+00  ,3.497416653854e+00  ,3.515191688707e+00  ,3.531646677391e+00  ,3.546188153768e+00  ,3.559731973767e+00  
  6.435208183576e-07  ,2.344858133232e+00  ,2.646273483359e+00  ,2.844130018508e+00  ,2.983919353836e+00  ,3.089622665208e+00  ,3.171480493379e+00  ,3.235979480520e+00  ,3.288587158876e+00  ,3.332911992028e+00  ,3.370065272639e+00  ,3.402533180504e+00  ,3.430486069734e+00  ,3.456057182659e+00  ,3.477795154808e+00  ,3.497416653854e+00  ,3.515191688707e+00  ,3.531646677391e+00  ,3.546188153768e+00  ,3.559731973767e+00  
  6.445208725382e-07  ,2.344858133232e+00  ,2.646273483359e+00  ,2.844130018508e+00  ,2.983919353836e+00  ,3.089622665208e+00  ,3.171480493379e+00  ,3.235979480520e+00  ,3.288587158876e+00  ,3.332911992028e+00  ,3.370065272639e+00  ,3.402533180504e+00  ,3.430486069734e+00  ,3.456057182659e+00  ,3.477795154808e+00  ,3.497416653854e+00  ,3.515191688707e+00  ,3.531646677391e+00  ,3.546188153768e+00  ,3.559731973767e+00  
  6.455209267188e-07  ,2.344858133232e+00  ,2.646273483359e+00  ,2.844130018508e+00  ,2.983919353836e+00  ,3.089622665208e+00  ,3.171480493379e+00  ,3.235979480520e+00  ,3.288587158876e+00  ,3.332911992028e+00  ,3.370065272639e+00  ,3.402533180504e+00  ,3.430486069734e+00  ,3.456057182659e+00  ,3.477795154808e+00  ,3.497416653854e+00  ,3.515191688707e+00  ,3.531646677391e+00  ,3.546188153768e+00  ,3.559731973767e+00  
  6.465209808995e-07  ,2.344858133232e+00  ,2.646273483359e+00  ,2.844130018508e+00  ,2.983919353836e+00  ,3.089622665208e+00  ,3.171480493379e+00  ,3.235979480520e+00  ,3.288587158876e+00  ,3.332911992028e+00  ,3.370065272639e+00  ,3.402533180504e+00  ,3.430486069734e+00  ,3.456057182659e+00  ,3.477795154808e+00  ,3.497416653854e+00  ,3.515191688707e+00  ,3.531646677391e+00  ,3.546188153768e+00  ,3.559731973767e+00  
  6.475210350801e-07  ,2.344858133232e+00  ,2.646273483359e+00  ,2.844130018508e+00  ,2.983919353836e+00  ,3.089622665208e+00  ,3.171480493379e+00  ,3.235979480520e+00  ,3.288587158876e+00  ,3.332911992028e+00  ,3.370065272639e+00  ,3.402533180504e+00  ,3.430486069734e+00  ,3.456057182659e+00  ,3.477795154808e+00  ,3.497416653854e+00  ,3.515191688707e+00  ,3.531646677391e+00  ,3.546188153768e+00  ,3.559731973767e+00  
  6.485210892607e-07  ,2.344858133232e+00  ,2.646273483359e+00  ,2.844130018508e+00  ,2.983919353836e+00  ,3.089622665208e+00  ,3.171480493379e+00  ,3.235979480520e+00  ,3.288587158876e+00  ,3.332911992028e+00  ,3.370065272639e+00  ,3.402533180504e+00  ,3.430486069734e+00  ,3.456057182659e+00  ,3.477795154808e+00  ,3.497416653854e+00  ,3.515191688707e+00  ,3.531646677391e+00  ,3.546188153768e+00  ,3.559731973767e+00  
  6.495211434413e-07  ,2.344858133232e+00  ,2.646273483359e+00  ,2.844130018508e+00  ,2.983919353836e+00  ,3.089622665208e+00  ,3.171480493379e+00  ,3.235979480520e+00  ,3.288587158876e+00  ,3.332911992028e+00  ,3.370065272639e+00  ,3.402533180504e+00  ,3.430486069734e+00  ,3.456057182659e+00  ,3.477795154808e+00  ,3.497416653854e+00  ,3.515191688707e+00  ,3.531646677391e+00  ,3.546188153768e+00  ,3.559731973767e+00  
  6.505211976219e-07  ,2.344858133232e+00  ,2.646273483359e+00  ,2.844130018508e+00  ,2.983919353836e+00  ,3.089622665208e+00  ,3.171480493379e+00  ,3.235979480520e+00  ,3.288587158876e+00  ,3.332911992028e+00  ,3.370065272639e+00  ,3.402533180504e+00  ,3.430486069734e+00  ,3.456057182659e+00  ,3.477795154808e+00  ,3.497416653854e+00  ,3.515191688707e+00  ,3.531646677391e+00  ,3.546188153768e+00  ,3.559731973767e+00  
  6.515212518026e-07  ,2.344858133232e+00  ,2.646273483359e+00  ,2.844130018508e+00  ,2.983919353836e+00  ,3.089622665208e+00  ,3.171480493379e+00  ,3.235979480520e+00  ,3.288587158876e+00  ,3.332911992028e+00  ,3.370065272639e+00  ,3.402533180504e+00  ,3.430486069734e+00  ,3.456057182659e+00  ,3.477795154808e+00  ,3.497416653854e+00  ,3.515191688707e+00  ,3.531646677391e+00  ,3.546188153768e+00  ,3.559731973767e+00  
  6.525213059832e-07  ,2.344858133232e+00  ,2.646273483359e+00  ,2.844130018508e+00  ,2.983919353836e+00  ,3.089622665208e+00  ,3.171480493379e+00  ,3.235979480520e+00  ,3.288587158876e+00  ,3.332911992028e+00  ,3.370065272639e+00  ,3.402533180504e+00  ,3.430486069734e+00  ,3.456057182659e+00  ,3.477795154808e+00  ,3.497416653854e+00  ,3.515191688707e+00  ,3.531646677391e+00  ,3.546188153768e+00  ,3.559731973767e+00  
  6.535213601638e-07  ,2.344858133232e+00  ,2.646273483359e+00  ,2.844130018508e+00  ,2.983919353836e+00  ,3.089622665208e+00  ,3.171480493379e+00  ,3.235979480520e+00  ,3.288587158876e+00  ,3.332911992028e+00  ,3.370065272639e+00  ,3.402533180504e+00  ,3.430486069734e+00  ,3.456057182659e+00  ,3.477795154808e+00  ,3.497416653854e+00  ,3.515191688707e+00  ,3.531646677391e+00  ,3.546188153768e+00  ,3.559731973767e+00  
  6.545214143444e-07  ,2.344858133232e+00  ,2.646273483359e+00  ,2.844130018508e+00  ,2.983919353836e+00  ,3.089622665208e+00  ,3.171480493379e+00  ,3.235979480520e+00  ,3.288587158876e+00  ,3.332911992028e+00  ,3.370065272639e+00  ,3.402533180504e+00  ,3.430486069734e+00  ,3.456057182659e+00  ,3.477795154808e+00  ,3.497416653854e+00  ,3.515191688707e+00  ,3.531646677391e+00  ,3.546188153768e+00  ,3.559731973767e+00  
  6.555214685251e-07  ,2.344858133232e+00  ,2.646273483359e+00  ,2.844130018508e+00  ,2.983919353836e+00  ,3.089622665208e+00  ,3.171480493379e+00  ,3.235979480520e+00  ,3.288587158876e+00  ,3.332911992028e+00  ,3.370065272639e+00  ,3.402533180504e+00  ,3.430486069734e+00  ,3.456057182659e+00  ,3.477795154808e+00  ,3.497416653854e+00  ,3.515191688707e+00  ,3.531646677391e+00  ,3.546188153768e+00  ,3.559731973767e+00  
  6.565215227057e-07  ,2.344858133232e+00  ,2.646273483359e+00  ,2.844130018508e+00  ,2.983919353836e+00  ,3.089622665208e+00  ,3.171480493379e+00  ,3.235979480520e+00  ,3.288587158876e+00  ,3.332911992028e+00  ,3.370065272639e+00  ,3.402533180504e+00  ,3.430486069734e+00  ,3.456057182659e+00  ,3.477795154808e+00  ,3.497416653854e+00  ,3.515191688707e+00  ,3.531646677391e+00  ,3.546188153768e+00  ,3.559731973767e+00  
  6.575215768863e-07  ,2.344858133232e+00  ,2.646273483359e+00  ,2.844130018508e+00  ,2.983919353836e+00  ,3.089622665208e+00  ,3.171480493379e+00  ,3.235979480520e+00  ,3.288587158876e+00  ,3.332911992028e+00  ,3.370065272639e+00  ,3.402533180504e+00  ,3.430486069734e+00  ,3.456057182659e+00  ,3.477795154808e+00  ,3.497416653854e+00  ,3.515191688707e+00  ,3.531646677391e+00  ,3.546188153768e+00  ,3.559731973767e+00  
  6.585216310669e-07  ,2.344858133232e+00  ,2.646273483359e+00  ,2.844130018508e+00  ,2.983919353836e+00  ,3.089622665208e+00  ,3.171480493379e+00  ,3.235979480520e+00  ,3.288587158876e+00  ,3.332911992028e+00  ,3.370065272639e+00  ,3.402533180504e+00  ,3.430486069734e+00  ,3.456057182659e+00  ,3.477795154808e+00  ,3.497416653854e+00  ,3.515191688707e+00  ,3.531646677391e+00  ,3.546188153768e+00  ,3.559731973767e+00  
  6.595216852475e-07  ,2.344858133232e+00  ,2.646273483359e+00  ,2.844130018508e+00  ,2.983919353836e+00  ,3.089622665208e+00  ,3.171480493379e+00  ,3.235979480520e+00  ,3.288587158876e+00  ,3.332911992028e+00  ,3.370065272639e+00  ,3.402533180504e+00  ,3.430486069734e+00  ,3.456057182659e+00  ,3.477795154808e+00  ,3.497416653854e+00  ,3.515191688707e+00  ,3.531646677391e+00  ,3.546188153768e+00  ,3.559731973767e+00  
  6.605217394282e-07  ,2.344858133232e+00  ,2.646273483359e+00  ,2.844130018508e+00  ,2.983919353836e+00  ,3.089622665208e+00  ,3.171480493379e+00  ,3.235979480520e+00  ,3.288587158876e+00  ,3.332911992028e+00  ,3.370065272639e+00  ,3.402533180504e+00  ,3.430486069734e+00  ,3.456057182659e+00  ,3.477795154808e+00  ,3.497416653854e+00  ,3.515191688707e+00  ,3.531646677391e+00  ,3.546188153768e+00  ,3.559731973767e+00  
  6.615217936088e-07  ,2.344858133232e+00  ,2.646273483359e+00  ,2.844130018508e+00  ,2.983919353836e+00  ,3.089622665208e+00  ,3.171480493379e+00  ,3.235979480520e+00  ,3.288587158876e+00  ,3.332911992028e+00  ,3.370065272639e+00  ,3.402533180504e+00  ,3.430486069734e+00  ,3.456057182659e+00  ,3.477795154808e+00  ,3.497416653854e+00  ,3.515191688707e+00  ,3.531646677391e+00  ,3.546188153768e+00  ,3.559731973767e+00  
  6.625218477894e-07  ,2.344858133232e+00  ,2.646273483359e+00  ,2.844130018508e+00  ,2.983919353836e+00  ,3.089622665208e+00  ,3.171480493379e+00  ,3.235979480520e+00  ,3.288587158876e+00  ,3.332911992028e+00  ,3.370065272639e+00  ,3.402533180504e+00  ,3.430486069734e+00  ,3.456057182659e+00  ,3.477795154808e+00  ,3.497416653854e+00  ,3.515191688707e+00  ,3.531646677391e+00  ,3.546188153768e+00  ,3.559731973767e+00  
  6.635219019700e-07  ,2.344858133232e+00  ,2.646273483359e+00  ,2.844130018508e+00  ,2.983919353836e+00  ,3.089622665208e+00  ,3.171480493379e+00  ,3.235979480520e+00  ,3.288587158876e+00  ,3.332911992028e+00  ,3.370065272639e+00  ,3.402533180504e+00  ,3.430486069734e+00  ,3.456057182659e+00  ,3.477795154808e+00  ,3.497416653854e+00  ,3.515191688707e+00  ,3.531646677391e+00  ,3.546188153768e+00  ,3.559731973767e+00  
  6.645219561507e-07  ,2.344858133232e+00  ,2.646273483359e+00  ,2.844130018508e+00  ,2.983919353836e+00  ,3.089622665208e+00  ,3.171480493379e+00  ,3.235979480520e+00  ,3.288587158876e+00  ,3.332911992028e+00  ,3.370065272639e+00  ,3.402533180504e+00  ,3.430486069734e+00  ,3.456057182659e+00  ,3.477795154808e+00  ,3.497416653854e+00  ,3.515191688707e+00  ,3.531646677391e+00  ,3.546188153768e+00  ,3.559731973767e+00  
  6.655220103313e-07  ,2.344858133232e+00  ,2.646273483359e+00  ,2.844130018508e+00  ,2.983919353836e+00  ,3.089622665208e+00  ,3.171480493379e+00  ,3.235979480520e+00  ,3.288587158876e+00  ,3.332911992028e+00  ,3.370065272639e+00  ,3.402533180504e+00  ,3.430486069734e+00  ,3.456057182659e+00  ,3.477795154808e+00  ,3.497416653854e+00  ,3.515191688707e+00  ,3.531646677391e+00  ,3.546188153768e+00  ,3.559731973767e+00  
  6.665220645119e-07  ,2.344858133232e+00  ,2.646273483359e+00  ,2.844130018508e+00  ,2.983919353836e+00  ,3.089622665208e+00  ,3.171480493379e+00  ,3.235979480520e+00  ,3.288587158876e+00  ,3.332911992028e+00  ,3.370065272639e+00  ,3.402533180504e+00  ,3.430486069734e+00  ,3.456057182659e+00  ,3.477795154808e+00  ,3.497416653854e+00  ,3.515191688707e+00  ,3.531646677391e+00  ,3.546188153768e+00  ,3.559731973767e+00  
  6.675221186925e-07  ,2.344858133232e+00  ,2.646273483359e+00  ,2.844130018508e+00  ,2.983919353836e+00  ,3.089622665208e+00  ,3.171480493379e+00  ,3.235979480520e+00  ,3.288587158876e+00  ,3.332911992028e+00  ,3.370065272639e+00  ,3.402533180504e+00  ,3.430486069734e+00  ,3.456057182659e+00  ,3.477795154808e+00  ,3.497416653854e+00  ,3.515191688707e+00  ,3.531646677391e+00  ,3.546188153768e+00  ,3.559731973767e+00  
  6.685221728731e-07  ,2.344858133232e+00  ,2.646273483359e+00  ,2.844130018508e+00  ,2.983919353836e+00  ,3.089622665208e+00  ,3.171480493379e+00  ,3.235979480520e+00  ,3.288587158876e+00  ,3.332911992028e+00  ,3.370065272639e+00  ,3.402533180504e+00  ,3.430486069734e+00  ,3.456057182659e+00  ,3.477795154808e+00  ,3.497416653854e+00  ,3.515191688707e+00  ,3.531646677391e+00  ,3.546188153768e+00  ,3.559731973767e+00  
  6.695222270538e-07  ,2.344858133232e+00  ,2.646273483359e+00  ,2.844130018508e+00  ,2.983919353836e+00  ,3.089622665208e+00  ,3.171480493379e+00  ,3.235979480520e+00  ,3.288587158876e+00  ,3.332911992028e+00  ,3.370065272639e+00  ,3.402533180504e+00  ,3.430486069734e+00  ,3.456057182659e+00  ,3.477795154808e+00  ,3.497416653854e+00  ,3.515191688707e+00  ,3.531646677391e+00  ,3.546188153768e+00  ,3.559731973767e+00  
  6.705222812344e-07  ,2.344858133232e+00  ,2.646273483359e+00  ,2.844130018508e+00  ,2.983919353836e+00  ,3.089622665208e+00  ,3.171480493379e+00  ,3.235979480520e+00  ,3.288587158876e+00  ,3.332911992028e+00  ,3.370065272639e+00  ,3.402533180504e+00  ,3.430486069734e+00  ,3.456057182659e+00  ,3.477795154808e+00  ,3.497416653854e+00  ,3.515191688707e+00  ,3.531646677391e+00  ,3.546188153768e+00  ,3.559731973767e+00  
  6.715223354150e-07  ,2.344858133232e+00  ,2.646273483359e+00  ,2.844130018508e+00  ,2.983919353836e+00  ,3.089622665208e+00  ,3.171480493379e+00  ,3.235979480520e+00  ,3.288587158876e+00  ,3.332911992028e+00  ,3.370065272639e+00  ,3.402533180504e+00  ,3.430486069734e+00  ,3.456057182659e+00  ,3.477795154808e+00  ,3.497416653854e+00  ,3.515191688707e+00  ,3.531646677391e+00  ,3.546188153768e+00  ,3.559731973767e+00  
  6.725223895956e-07  ,2.344858133232e+00  ,2.646273483359e+00  ,2.844130018508e+00  ,2.983919353836e+00  ,3.089622665208e+00  ,3.171480493379e+00  ,3.235979480520e+00  ,3.288587158876e+00  ,3.332911992028e+00  ,3.370065272639e+00  ,3.402533180504e+00  ,3.430486069734e+00  ,3.456057182659e+00  ,3.477795154808e+00  ,3.497416653854e+00  ,3.515191688707e+00  ,3.531646677391e+00  ,3.546188153768e+00  ,3.559731973767e+00  
  6.735224437763e-07  ,2.344858133232e+00  ,2.646273483359e+00  ,2.844130018508e+00  ,2.983919353836e+00  ,3.089622665208e+00  ,3.171480493379e+00  ,3.235979480520e+00  ,3.288587158876e+00  ,3.332911992028e+00  ,3.370065272639e+00  ,3.402533180504e+00  ,3.430486069734e+00  ,3.456057182659e+00  ,3.477795154808e+00  ,3.497416653854e+00  ,3.515191688707e+00  ,3.531646677391e+00  ,3.546188153768e+00  ,3.559731973767e+00  
  6.745224979569e-07  ,2.344858133232e+00  ,2.646273483359e+00  ,2.844130018508e+00  ,2.983919353836e+00  ,3.089622665208e+00  ,3.171480493379e+00  ,3.235979480520e+00  ,3.288587158876e+00  ,3.332911992028e+00  ,3.370065272639e+00  ,3.402533180504e+00  ,3.430486069734e+00  ,3.456057182659e+00  ,3.477795154808e+00  ,3.497416653854e+00  ,3.515191688707e+00  ,3.531646677391e+00  ,3.546188153768e+00  ,3.559731973767e+00  
  6.755225521375e-07  ,2.344858133232e+00  ,2.646273483359e+00  ,2.844130018508e+00  ,2.983919353836e+00  ,3.089622665208e+00  ,3.171480493379e+00  ,3.235979480520e+00  ,3.288587158876e+00  ,3.332911992028e+00  ,3.370065272639e+00  ,3.402533180504e+00  ,3.430486069734e+00  ,3.456057182659e+00  ,3.477795154808e+00  ,3.497416653854e+00  ,3.515191688707e+00  ,3.531646677391e+00  ,3.546188153768e+00  ,3.559731973767e+00  
  6.765226063181e-07  ,2.344858133232e+00  ,2.646273483359e+00  ,2.844130018508e+00  ,2.983919353836e+00  ,3.089622665208e+00  ,3.171480493379e+00  ,3.235979480520e+00  ,3.288587158876e+00  ,3.332911992028e+00  ,3.370065272639e+00  ,3.402533180504e+00  ,3.430486069734e+00  ,3.456057182659e+00  ,3.477795154808e+00  ,3.497416653854e+00  ,3.515191688707e+00  ,3.531646677391e+00  ,3.546188153768e+00  ,3.559731973767e+00  
  6.775226604987e-07  ,2.344858133232e+00  ,2.646273483359e+00  ,2.844130018508e+00  ,2.983919353836e+00  ,3.089622665208e+00  ,3.171480493379e+00  ,3.235979480520e+00  ,3.288587158876e+00  ,3.332911992028e+00  ,3.370065272639e+00  ,3.402533180504e+00  ,3.430486069734e+00  ,3.456057182659e+00  ,3.477795154808e+00  ,3.497416653854e+00  ,3.515191688707e+00  ,3.531646677391e+00  ,3.546188153768e+00  ,3.559731973767e+00  
  6.785227146794e-07  ,2.344858133232e+00  ,2.646273483359e+00  ,2.844130018508e+00  ,2.983919353836e+00  ,3.089622665208e+00  ,3.171480493379e+00  ,3.235979480520e+00  ,3.288587158876e+00  ,3.332911992028e+00  ,3.370065272639e+00  ,3.402533180504e+00  ,3.430486069734e+00  ,3.456057182659e+00  ,3.477795154808e+00  ,3.497416653854e+00  ,3.515191688707e+00  ,3.531646677391e+00  ,3.546188153768e+00  ,3.559731973767e+00  
  6.795227688600e-07  ,2.344858133232e+00  ,2.646273483359e+00  ,2.844130018508e+00  ,2.983919353836e+00  ,3.089622665208e+00  ,3.171480493379e+00  ,3.235979480520e+00  ,3.288587158876e+00  ,3.332911992028e+00  ,3.370065272639e+00  ,3.402533180504e+00  ,3.430486069734e+00  ,3.456057182659e+00  ,3.477795154808e+00  ,3.497416653854e+00  ,3.515191688707e+00  ,3.531646677391e+00  ,3.546188153768e+00  ,3.559731973767e+00  
  6.805228230406e-07  ,2.344858133232e+00  ,2.646273483359e+00  ,2.844130018508e+00  ,2.983919353836e+00  ,3.089622665208e+00  ,3.171480493379e+00  ,3.235979480520e+00  ,3.288587158876e+00  ,3.332911992028e+00  ,3.370065272639e+00  ,3.402533180504e+00  ,3.430486069734e+00  ,3.456057182659e+00  ,3.477795154808e+00  ,3.497416653854e+00  ,3.515191688707e+00  ,3.531646677391e+00  ,3.546188153768e+00  ,3.559731973767e+00  
  6.815228772212e-07  ,2.344858133232e+00  ,2.646273483359e+00  ,2.844130018508e+00  ,2.983919353836e+00  ,3.089622665208e+00  ,3.171480493379e+00  ,3.235979480520e+00  ,3.288587158876e+00  ,3.332911992028e+00  ,3.370065272639e+00  ,3.402533180504e+00  ,3.430486069734e+00  ,3.456057182659e+00  ,3.477795154808e+00  ,3.497416653854e+00  ,3.515191688707e+00  ,3.531646677391e+00  ,3.546188153768e+00  ,3.559731973767e+00  
  6.825229314019e-07  ,2.344858133232e+00  ,2.646273483359e+00  ,2.844130018508e+00  ,2.983919353836e+00  ,3.089622665208e+00  ,3.171480493379e+00  ,3.235979480520e+00  ,3.288587158876e+00  ,3.332911992028e+00  ,3.370065272639e+00  ,3.402533180504e+00  ,3.430486069734e+00  ,3.456057182659e+00  ,3.477795154808e+00  ,3.497416653854e+00  ,3.515191688707e+00  ,3.531646677391e+00  ,3.546188153768e+00  ,3.559731973767e+00  
  6.835229855825e-07  ,2.344858133232e+00  ,2.646273483359e+00  ,2.844130018508e+00  ,2.983919353836e+00  ,3.089622665208e+00  ,3.171480493379e+00  ,3.235979480520e+00  ,3.288587158876e+00  ,3.332911992028e+00  ,3.370065272639e+00  ,3.402533180504e+00  ,3.430486069734e+00  ,3.456057182659e+00  ,3.477795154808e+00  ,3.497416653854e+00  ,3.515191688707e+00  ,3.531646677391e+00  ,3.546188153768e+00  ,3.559731973767e+00  
  6.845230397631e-07  ,2.344858133232e+00  ,2.646273483359e+00  ,2.844130018508e+00  ,2.983919353836e+00  ,3.089622665208e+00  ,3.171480493379e+00  ,3.235979480520e+00  ,3.288587158876e+00  ,3.332911992028e+00  ,3.370065272639e+00  ,3.402533180504e+00  ,3.430486069734e+00  ,3.456057182659e+00  ,3.477795154808e+00  ,3.497416653854e+00  ,3.515191688707e+00  ,3.531646677391e+00  ,3.546188153768e+00  ,3.559731973767e+00  
  6.855230939437e-07  ,2.344858133232e+00  ,2.646273483359e+00  ,2.844130018508e+00  ,2.983919353836e+00  ,3.089622665208e+00  ,3.171480493379e+00  ,3.235979480520e+00  ,3.288587158876e+00  ,3.332911992028e+00  ,3.370065272639e+00  ,3.402533180504e+00  ,3.430486069734e+00  ,3.456057182659e+00  ,3.477795154808e+00  ,3.497416653854e+00  ,3.515191688707e+00  ,3.531646677391e+00  ,3.546188153768e+00  ,3.559731973767e+00  
  6.865231481243e-07  ,2.344858133232e+00  ,2.646273483359e+00  ,2.844130018508e+00  ,2.983919353836e+00  ,3.089622665208e+00  ,3.171480493379e+00  ,3.235979480520e+00  ,3.288587158876e+00  ,3.332911992028e+00  ,3.370065272639e+00  ,3.402533180504e+00  ,3.430486069734e+00  ,3.456057182659e+00  ,3.477795154808e+00  ,3.497416653854e+00  ,3.515191688707e+00  ,3.531646677391e+00  ,3.546188153768e+00  ,3.559731973767e+00  
  6.875232023050e-07  ,2.344858133232e+00  ,2.646273483359e+00  ,2.844130018508e+00  ,2.983919353836e+00  ,3.089622665208e+00  ,3.171480493379e+00  ,3.235979480520e+00  ,3.288587158876e+00  ,3.332911992028e+00  ,3.370065272639e+00  ,3.402533180504e+00  ,3.430486069734e+00  ,3.456057182659e+00  ,3.477795154808e+00  ,3.497416653854e+00  ,3.515191688707e+00  ,3.531646677391e+00  ,3.546188153768e+00  ,3.559731973767e+00  
  6.885232564856e-07  ,2.344858133232e+00  ,2.646273483359e+00  ,2.844130018508e+00  ,2.983919353836e+00  ,3.089622665208e+00  ,3.171480493379e+00  ,3.235979480520e+00  ,3.288587158876e+00  ,3.332911992028e+00  ,3.370065272639e+00  ,3.402533180504e+00  ,3.430486069734e+00  ,3.456057182659e+00  ,3.477795154808e+00  ,3.497416653854e+00  ,3.515191688707e+00  ,3.531646677391e+00  ,3.546188153768e+00  ,3.559731973767e+00  
  6.895233106662e-07  ,2.344858133232e+00  ,2.646273483359e+00  ,2.844130018508e+00  ,2.983919353836e+00  ,3.089622665208e+00  ,3.171480493379e+00  ,3.235979480520e+00  ,3.288587158876e+00  ,3.332911992028e+00  ,3.370065272639e+00  ,3.402533180504e+00  ,3.430486069734e+00  ,3.456057182659e+00  ,3.477795154808e+00  ,3.497416653854e+00  ,3.515191688707e+00  ,3.531646677391e+00  ,3.546188153768e+00  ,3.559731973767e+00  
  6.905233648468e-07  ,2.344858133232e+00  ,2.646273483359e+00  ,2.844130018508e+00  ,2.983919353836e+00  ,3.089622665208e+00  ,3.171480493379e+00  ,3.235979480520e+00  ,3.288587158876e+00  ,3.332911992028e+00  ,3.370065272639e+00  ,3.402533180504e+00  ,3.430486069734e+00  ,3.456057182659e+00  ,3.477795154808e+00  ,3.497416653854e+00  ,3.515191688707e+00  ,3.531646677391e+00  ,3.546188153768e+00  ,3.559731973767e+00  
  6.915234190275e-07  ,2.344858133232e+00  ,2.646273483359e+00  ,2.844130018508e+00  ,2.983919353836e+00  ,3.089622665208e+00  ,3.171480493379e+00  ,3.235979480520e+00  ,3.288587158876e+00  ,3.332911992028e+00  ,3.370065272639e+00  ,3.402533180504e+00  ,3.430486069734e+00  ,3.456057182659e+00  ,3.477795154808e+00  ,3.497416653854e+00  ,3.515191688707e+00  ,3.531646677391e+00  ,3.546188153768e+00  ,3.559731973767e+00  
  6.925234732081e-07  ,2.344858133232e+00  ,2.646273483359e+00  ,2.844130018508e+00  ,2.983919353836e+00  ,3.089622665208e+00  ,3.171480493379e+00  ,3.235979480520e+00  ,3.288587158876e+00  ,3.332911992028e+00  ,3.370065272639e+00  ,3.402533180504e+00  ,3.430486069734e+00  ,3.456057182659e+00  ,3.477795154808e+00  ,3.497416653854e+00  ,3.515191688707e+00  ,3.531646677391e+00  ,3.546188153768e+00  ,3.559731973767e+00  
  6.935235273887e-07  ,2.344858133232e+00  ,2.646273483359e+00  ,2.844130018508e+00  ,2.983919353836e+00  ,3.089622665208e+00  ,3.171480493379e+00  ,3.235979480520e+00  ,3.288587158876e+00  ,3.332911992028e+00  ,3.370065272639e+00  ,3.402533180504e+00  ,3.430486069734e+00  ,3.456057182659e+00  ,3.477795154808e+00  ,3.497416653854e+00  ,3.515191688707e+00  ,3.531646677391e+00  ,3.546188153768e+00  ,3.559731973767e+00  
  6.945235815693e-07  ,2.344858133232e+00  ,2.646273483359e+00  ,2.844130018508e+00  ,2.983919353836e+00  ,3.089622665208e+00  ,3.171480493379e+00  ,3.235979480520e+00  ,3.288587158876e+00  ,3.332911992028e+00  ,3.370065272639e+00  ,3.402533180504e+00  ,3.430486069734e+00  ,3.456057182659e+00  ,3.477795154808e+00  ,3.497416653854e+00  ,3.515191688707e+00  ,3.531646677391e+00  ,3.546188153768e+00  ,3.559731973767e+00  
  6.955236357499e-07  ,2.344858133232e+00  ,2.646273483359e+00  ,2.844130018508e+00  ,2.983919353836e+00  ,3.089622665208e+00  ,3.171480493379e+00  ,3.235979480520e+00  ,3.288587158876e+00  ,3.332911992028e+00  ,3.370065272639e+00  ,3.402533180504e+00  ,3.430486069734e+00  ,3.456057182659e+00  ,3.477795154808e+00  ,3.497416653854e+00  ,3.515191688707e+00  ,3.531646677391e+00  ,3.546188153768e+00  ,3.559731973767e+00  
  6.965236899306e-07  ,2.344858133232e+00  ,2.646273483359e+00  ,2.844130018508e+00  ,2.983919353836e+00  ,3.089622665208e+00  ,3.171480493379e+00  ,3.235979480520e+00  ,3.288587158876e+00  ,3.332911992028e+00  ,3.370065272639e+00  ,3.402533180504e+00  ,3.430486069734e+00  ,3.456057182659e+00  ,3.477795154808e+00  ,3.497416653854e+00  ,3.515191688707e+00  ,3.531646677391e+00  ,3.546188153768e+00  ,3.559731973767e+00  
  6.975237441112e-07  ,2.344858133232e+00  ,2.646273483359e+00  ,2.844130018508e+00  ,2.983919353836e+00  ,3.089622665208e+00  ,3.171480493379e+00  ,3.235979480520e+00  ,3.288587158876e+00  ,3.332911992028e+00  ,3.370065272639e+00  ,3.402533180504e+00  ,3.430486069734e+00  ,3.456057182659e+00  ,3.477795154808e+00  ,3.497416653854e+00  ,3.515191688707e+00  ,3.531646677391e+00  ,3.546188153768e+00  ,3.559731973767e+00  
  6.985237982918e-07  ,2.344858133232e+00  ,2.646273483359e+00  ,2.844130018508e+00  ,2.983919353836e+00  ,3.089622665208e+00  ,3.171480493379e+00  ,3.235979480520e+00  ,3.288587158876e+00  ,3.332911992028e+00  ,3.370065272639e+00  ,3.402533180504e+00  ,3.430486069734e+00  ,3.456057182659e+00  ,3.477795154808e+00  ,3.497416653854e+00  ,3.515191688707e+00  ,3.531646677391e+00  ,3.546188153768e+00  ,3.559731973767e+00  
  6.995238524724e-07  ,2.344858133232e+00  ,2.646273483359e+00  ,2.844130018508e+00  ,2.983919353836e+00  ,3.089622665208e+00  ,3.171480493379e+00  ,3.235979480520e+00  ,3.288587158876e+00  ,3.332911992028e+00  ,3.370065272639e+00  ,3.402533180504e+00  ,3.430486069734e+00  ,3.456057182659e+00  ,3.477795154808e+00  ,3.497416653854e+00  ,3.515191688707e+00  ,3.531646677391e+00  ,3.546188153768e+00  ,3.559731973767e+00  
  7.005239066531e-07  ,2.344858133232e+00  ,2.646273483359e+00  ,2.844130018508e+00  ,2.983919353836e+00  ,3.089622665208e+00  ,3.171480493379e+00  ,3.235979480520e+00  ,3.288587158876e+00  ,3.332911992028e+00  ,3.370065272639e+00  ,3.402533180504e+00  ,3.430486069734e+00  ,3.456057182659e+00  ,3.477795154808e+00  ,3.497416653854e+00  ,3.515191688707e+00  ,3.531646677391e+00  ,3.546188153768e+00  ,3.559731973767e+00  
  7.015239608337e-07  ,2.344858133232e+00  ,2.646273483359e+00  ,2.844130018508e+00  ,2.983919353836e+00  ,3.089622665208e+00  ,3.171480493379e+00  ,3.235979480520e+00  ,3.288587158876e+00  ,3.332911992028e+00  ,3.370065272639e+00  ,3.402533180504e+00  ,3.430486069734e+00  ,3.456057182659e+00  ,3.477795154808e+00  ,3.497416653854e+00  ,3.515191688707e+00  ,3.531646677391e+00  ,3.546188153768e+00  ,3.559731973767e+00  
  7.025240150143e-07  ,2.344858133232e+00  ,2.646273483359e+00  ,2.844130018508e+00  ,2.983919353836e+00  ,3.089622665208e+00  ,3.171480493379e+00  ,3.235979480520e+00  ,3.288587158876e+00  ,3.332911992028e+00  ,3.370065272639e+00  ,3.402533180504e+00  ,3.430486069734e+00  ,3.456057182659e+00  ,3.477795154808e+00  ,3.497416653854e+00  ,3.515191688707e+00  ,3.531646677391e+00  ,3.546188153768e+00  ,3.559731973767e+00  
  7.035240691949e-07  ,2.344858133232e+00  ,2.646273483359e+00  ,2.844130018508e+00  ,2.983919353836e+00  ,3.089622665208e+00  ,3.171480493379e+00  ,3.235979480520e+00  ,3.288587158876e+00  ,3.332911992028e+00  ,3.370065272639e+00  ,3.402533180504e+00  ,3.430486069734e+00  ,3.456057182659e+00  ,3.477795154808e+00  ,3.497416653854e+00  ,3.515191688707e+00  ,3.531646677391e+00  ,3.546188153768e+00  ,3.559731973767e+00  
  7.045241233755e-07  ,2.344858133232e+00  ,2.646273483359e+00  ,2.844130018508e+00  ,2.983919353836e+00  ,3.089622665208e+00  ,3.171480493379e+00  ,3.235979480520e+00  ,3.288587158876e+00  ,3.332911992028e+00  ,3.370065272639e+00  ,3.402533180504e+00  ,3.430486069734e+00  ,3.456057182659e+00  ,3.477795154808e+00  ,3.497416653854e+00  ,3.515191688707e+00  ,3.531646677391e+00  ,3.546188153768e+00  ,3.559731973767e+00  
  7.055241775562e-07  ,2.344858133232e+00  ,2.646273483359e+00  ,2.844130018508e+00  ,2.983919353836e+00  ,3.089622665208e+00  ,3.171480493379e+00  ,3.235979480520e+00  ,3.288587158876e+00  ,3.332911992028e+00  ,3.370065272639e+00  ,3.402533180504e+00  ,3.430486069734e+00  ,3.456057182659e+00  ,3.477795154808e+00  ,3.497416653854e+00  ,3.515191688707e+00  ,3.531646677391e+00  ,3.546188153768e+00  ,3.559731973767e+00  
  7.065242317368e-07  ,2.344858133232e+00  ,2.646273483359e+00  ,2.844130018508e+00  ,2.983919353836e+00  ,3.089622665208e+00  ,3.171480493379e+00  ,3.235979480520e+00  ,3.288587158876e+00  ,3.332911992028e+00  ,3.370065272639e+00  ,3.402533180504e+00  ,3.430486069734e+00  ,3.456057182659e+00  ,3.477795154808e+00  ,3.497416653854e+00  ,3.515191688707e+00  ,3.531646677391e+00  ,3.546188153768e+00  ,3.559731973767e+00  
  7.075242859174e-07  ,2.344858133232e+00  ,2.646273483359e+00  ,2.844130018508e+00  ,2.983919353836e+00  ,3.089622665208e+00  ,3.171480493379e+00  ,3.235979480520e+00  ,3.288587158876e+00  ,3.332911992028e+00  ,3.370065272639e+00  ,3.402533180504e+00  ,3.430486069734e+00  ,3.456057182659e+00  ,3.477795154808e+00  ,3.497416653854e+00  ,3.515191688707e+00  ,3.531646677391e+00  ,3.546188153768e+00  ,3.559731973767e+00  
  7.085243400980e-07  ,2.344858133232e+00  ,2.646273483359e+00  ,2.844130018508e+00  ,2.983919353836e+00  ,3.089622665208e+00  ,3.171480493379e+00  ,3.235979480520e+00  ,3.288587158876e+00  ,3.332911992028e+00  ,3.370065272639e+00  ,3.402533180504e+00  ,3.430486069734e+00  ,3.456057182659e+00  ,3.477795154808e+00  ,3.497416653854e+00  ,3.515191688707e+00  ,3.531646677391e+00  ,3.546188153768e+00  ,3.559731973767e+00  
  7.095243942787e-07  ,2.344858133232e+00  ,2.646273483359e+00  ,2.844130018508e+00  ,2.983919353836e+00  ,3.089622665208e+00  ,3.171480493379e+00  ,3.235979480520e+00  ,3.288587158876e+00  ,3.332911992028e+00  ,3.370065272639e+00  ,3.402533180504e+00  ,3.430486069734e+00  ,3.456057182659e+00  ,3.477795154808e+00  ,3.497416653854e+00  ,3.515191688707e+00  ,3.531646677391e+00  ,3.546188153768e+00  ,3.559731973767e+00  
  7.105244484593e-07  ,2.344858133232e+00  ,2.646273483359e+00  ,2.844130018508e+00  ,2.983919353836e+00  ,3.089622665208e+00  ,3.171480493379e+00  ,3.235979480520e+00  ,3.288587158876e+00  ,3.332911992028e+00  ,3.370065272639e+00  ,3.402533180504e+00  ,3.430486069734e+00  ,3.456057182659e+00  ,3.477795154808e+00  ,3.497416653854e+00  ,3.515191688707e+00  ,3.531646677391e+00  ,3.546188153768e+00  ,3.559731973767e+00  
  7.115245026399e-07  ,2.344858133232e+00  ,2.646273483359e+00  ,2.844130018508e+00  ,2.983919353836e+00  ,3.089622665208e+00  ,3.171480493379e+00  ,3.235979480520e+00  ,3.288587158876e+00  ,3.332911992028e+00  ,3.370065272639e+00  ,3.402533180504e+00  ,3.430486069734e+00  ,3.456057182659e+00  ,3.477795154808e+00  ,3.497416653854e+00  ,3.515191688707e+00  ,3.531646677391e+00  ,3.546188153768e+00  ,3.559731973767e+00  
  7.125245568205e-07  ,2.344858133232e+00  ,2.646273483359e+00  ,2.844130018508e+00  ,2.983919353836e+00  ,3.089622665208e+00  ,3.171480493379e+00  ,3.235979480520e+00  ,3.288587158876e+00  ,3.332911992028e+00  ,3.370065272639e+00  ,3.402533180504e+00  ,3.430486069734e+00  ,3.456057182659e+00  ,3.477795154808e+00  ,3.497416653854e+00  ,3.515191688707e+00  ,3.531646677391e+00  ,3.546188153768e+00  ,3.559731973767e+00  
  7.135246110011e-07  ,2.344858133232e+00  ,2.646273483359e+00  ,2.844130018508e+00  ,2.983919353836e+00  ,3.089622665208e+00  ,3.171480493379e+00  ,3.235979480520e+00  ,3.288587158876e+00  ,3.332911992028e+00  ,3.370065272639e+00  ,3.402533180504e+00  ,3.430486069734e+00  ,3.456057182659e+00  ,3.477795154808e+00  ,3.497416653854e+00  ,3.515191688707e+00  ,3.531646677391e+00  ,3.546188153768e+00  ,3.559731973767e+00  
  7.145246651818e-07  ,2.344858133232e+00  ,2.646273483359e+00  ,2.844130018508e+00  ,2.983919353836e+00  ,3.089622665208e+00  ,3.171480493379e+00  ,3.235979480520e+00  ,3.288587158876e+00  ,3.332911992028e+00  ,3.370065272639e+00  ,3.402533180504e+00  ,3.430486069734e+00  ,3.456057182659e+00  ,3.477795154808e+00  ,3.497416653854e+00  ,3.515191688707e+00  ,3.531646677391e+00  ,3.546188153768e+00  ,3.559731973767e+00  
  7.155247193624e-07  ,2.344858133232e+00  ,2.646273483359e+00  ,2.844130018508e+00  ,2.983919353836e+00  ,3.089622665208e+00  ,3.171480493379e+00  ,3.235979480520e+00  ,3.288587158876e+00  ,3.332911992028e+00  ,3.370065272639e+00  ,3.402533180504e+00  ,3.430486069734e+00  ,3.456057182659e+00  ,3.477795154808e+00  ,3.497416653854e+00  ,3.515191688707e+00  ,3.531646677391e+00  ,3.546188153768e+00  ,3.559731973767e+00  
  7.165247735430e-07  ,2.344858133232e+00  ,2.646273483359e+00  ,2.844130018508e+00  ,2.983919353836e+00  ,3.089622665208e+00  ,3.171480493379e+00  ,3.235979480520e+00  ,3.288587158876e+00  ,3.332911992028e+00  ,3.370065272639e+00  ,3.402533180504e+00  ,3.430486069734e+00  ,3.456057182659e+00  ,3.477795154808e+00  ,3.497416653854e+00  ,3.515191688707e+00  ,3.531646677391e+00  ,3.546188153768e+00  ,3.559731973767e+00  
  7.175248277236e-07  ,2.344858133232e+00  ,2.646273483359e+00  ,2.844130018508e+00  ,2.983919353836e+00  ,3.089622665208e+00  ,3.171480493379e+00  ,3.235979480520e+00  ,3.288587158876e+00  ,3.332911992028e+00  ,3.370065272639e+00  ,3.402533180504e+00  ,3.430486069734e+00  ,3.456057182659e+00  ,3.477795154808e+00  ,3.497416653854e+00  ,3.515191688707e+00  ,3.531646677391e+00  ,3.546188153768e+00  ,3.559731973767e+00  
  7.185248819042e-07  ,2.344858133232e+00  ,2.646273483359e+00  ,2.844130018508e+00  ,2.983919353836e+00  ,3.089622665208e+00  ,3.171480493379e+00  ,3.235979480520e+00  ,3.288587158876e+00  ,3.332911992028e+00  ,3.370065272639e+00  ,3.402533180504e+00  ,3.430486069734e+00  ,3.456057182659e+00  ,3.477795154808e+00  ,3.497416653854e+00  ,3.515191688707e+00  ,3.531646677391e+00  ,3.546188153768e+00  ,3.559731973767e+00  
  7.195249360849e-07  ,2.344858133232e+00  ,2.646273483359e+00  ,2.844130018508e+00  ,2.983919353836e+00  ,3.089622665208e+00  ,3.171480493379e+00  ,3.235979480520e+00  ,3.288587158876e+00  ,3.332911992028e+00  ,3.370065272639e+00  ,3.402533180504e+00  ,3.430486069734e+00  ,3.456057182659e+00  ,3.477795154808e+00  ,3.497416653854e+00  ,3.515191688707e+00  ,3.531646677391e+00  ,3.546188153768e+00  ,3.559731973767e+00  
  7.205249902655e-07  ,2.344858133232e+00  ,2.646273483359e+00  ,2.844130018508e+00  ,2.983919353836e+00  ,3.089622665208e+00  ,3.171480493379e+00  ,3.235979480520e+00  ,3.288587158876e+00  ,3.332911992028e+00  ,3.370065272639e+00  ,3.402533180504e+00  ,3.430486069734e+00  ,3.456057182659e+00  ,3.477795154808e+00  ,3.497416653854e+00  ,3.515191688707e+00  ,3.531646677391e+00  ,3.546188153768e+00  ,3.559731973767e+00  
  7.215250444461e-07  ,2.344858133232e+00  ,2.646273483359e+00  ,2.844130018508e+00  ,2.983919353836e+00  ,3.089622665208e+00  ,3.171480493379e+00  ,3.235979480520e+00  ,3.288587158876e+00  ,3.332911992028e+00  ,3.370065272639e+00  ,3.402533180504e+00  ,3.430486069734e+00  ,3.456057182659e+00  ,3.477795154808e+00  ,3.497416653854e+00  ,3.515191688707e+00  ,3.531646677391e+00  ,3.546188153768e+00  ,3.559731973767e+00  
  7.225250986267e-07  ,2.344858133232e+00  ,2.646273483359e+00  ,2.844130018508e+00  ,2.983919353836e+00  ,3.089622665208e+00  ,3.171480493379e+00  ,3.235979480520e+00  ,3.288587158876e+00  ,3.332911992028e+00  ,3.370065272639e+00  ,3.402533180504e+00  ,3.430486069734e+00  ,3.456057182659e+00  ,3.477795154808e+00  ,3.497416653854e+00  ,3.515191688707e+00  ,3.531646677391e+00  ,3.546188153768e+00  ,3.559731973767e+00  
  7.235251528074e-07  ,2.344858133232e+00  ,2.646273483359e+00  ,2.844130018508e+00  ,2.983919353836e+00  ,3.089622665208e+00  ,3.171480493379e+00  ,3.235979480520e+00  ,3.288587158876e+00  ,3.332911992028e+00  ,3.370065272639e+00  ,3.402533180504e+00  ,3.430486069734e+00  ,3.456057182659e+00  ,3.477795154808e+00  ,3.497416653854e+00  ,3.515191688707e+00  ,3.531646677391e+00  ,3.546188153768e+00  ,3.559731973767e+00  
  7.245252069880e-07  ,2.344858133232e+00  ,2.646273483359e+00  ,2.844130018508e+00  ,2.983919353836e+00  ,3.089622665208e+00  ,3.171480493379e+00  ,3.235979480520e+00  ,3.288587158876e+00  ,3.332911992028e+00  ,3.370065272639e+00  ,3.402533180504e+00  ,3.430486069734e+00  ,3.456057182659e+00  ,3.477795154808e+00  ,3.497416653854e+00  ,3.515191688707e+00  ,3.531646677391e+00  ,3.546188153768e+00  ,3.559731973767e+00  
  7.255252611686e-07  ,2.344858133232e+00  ,2.646273483359e+00  ,2.844130018508e+00  ,2.983919353836e+00  ,3.089622665208e+00  ,3.171480493379e+00  ,3.235979480520e+00  ,3.288587158876e+00  ,3.332911992028e+00  ,3.370065272639e+00  ,3.402533180504e+00  ,3.430486069734e+00  ,3.456057182659e+00  ,3.477795154808e+00  ,3.497416653854e+00  ,3.515191688707e+00  ,3.531646677391e+00  ,3.546188153768e+00  ,3.559731973767e+00  
  7.265253153492e-07  ,2.344858133232e+00  ,2.646273483359e+00  ,2.844130018508e+00  ,2.983919353836e+00  ,3.089622665208e+00  ,3.171480493379e+00  ,3.235979480520e+00  ,3.288587158876e+00  ,3.332911992028e+00  ,3.370065272639e+00  ,3.402533180504e+00  ,3.430486069734e+00  ,3.456057182659e+00  ,3.477795154808e+00  ,3.497416653854e+00  ,3.515191688707e+00  ,3.531646677391e+00  ,3.546188153768e+00  ,3.559731973767e+00  
  7.275253695298e-07  ,2.344858133232e+00  ,2.646273483359e+00  ,2.844130018508e+00  ,2.983919353836e+00  ,3.089622665208e+00  ,3.171480493379e+00  ,3.235979480520e+00  ,3.288587158876e+00  ,3.332911992028e+00  ,3.370065272639e+00  ,3.402533180504e+00  ,3.430486069734e+00  ,3.456057182659e+00  ,3.477795154808e+00  ,3.497416653854e+00  ,3.515191688707e+00  ,3.531646677391e+00  ,3.546188153768e+00  ,3.559731973767e+00  
  7.285254237105e-07  ,2.344858133232e+00  ,2.646273483359e+00  ,2.844130018508e+00  ,2.983919353836e+00  ,3.089622665208e+00  ,3.171480493379e+00  ,3.235979480520e+00  ,3.288587158876e+00  ,3.332911992028e+00  ,3.370065272639e+00  ,3.402533180504e+00  ,3.430486069734e+00  ,3.456057182659e+00  ,3.477795154808e+00  ,3.497416653854e+00  ,3.515191688707e+00  ,3.531646677391e+00  ,3.546188153768e+00  ,3.559731973767e+00  
  7.295254778911e-07  ,2.344858133232e+00  ,2.646273483359e+00  ,2.844130018508e+00  ,2.983919353836e+00  ,3.089622665208e+00  ,3.171480493379e+00  ,3.235979480520e+00  ,3.288587158876e+00  ,3.332911992028e+00  ,3.370065272639e+00  ,3.402533180504e+00  ,3.430486069734e+00  ,3.456057182659e+00  ,3.477795154808e+00  ,3.497416653854e+00  ,3.515191688707e+00  ,3.531646677391e+00  ,3.546188153768e+00  ,3.559731973767e+00  
  7.305255320717e-07  ,2.344858133232e+00  ,2.646273483359e+00  ,2.844130018508e+00  ,2.983919353836e+00  ,3.089622665208e+00  ,3.171480493379e+00  ,3.235979480520e+00  ,3.288587158876e+00  ,3.332911992028e+00  ,3.370065272639e+00  ,3.402533180504e+00  ,3.430486069734e+00  ,3.456057182659e+00  ,3.477795154808e+00  ,3.497416653854e+00  ,3.515191688707e+00  ,3.531646677391e+00  ,3.546188153768e+00  ,3.559731973767e+00  
  7.315255862523e-07  ,2.344858133232e+00  ,2.646273483359e+00  ,2.844130018508e+00  ,2.983919353836e+00  ,3.089622665208e+00  ,3.171480493379e+00  ,3.235979480520e+00  ,3.288587158876e+00  ,3.332911992028e+00  ,3.370065272639e+00  ,3.402533180504e+00  ,3.430486069734e+00  ,3.456057182659e+00  ,3.477795154808e+00  ,3.497416653854e+00  ,3.515191688707e+00  ,3.531646677391e+00  ,3.546188153768e+00  ,3.559731973767e+00  
  7.325256404330e-07  ,2.344858133232e+00  ,2.646273483359e+00  ,2.844130018508e+00  ,2.983919353836e+00  ,3.089622665208e+00  ,3.171480493379e+00  ,3.235979480520e+00  ,3.288587158876e+00  ,3.332911992028e+00  ,3.370065272639e+00  ,3.402533180504e+00  ,3.430486069734e+00  ,3.456057182659e+00  ,3.477795154808e+00  ,3.497416653854e+00  ,3.515191688707e+00  ,3.531646677391e+00  ,3.546188153768e+00  ,3.559731973767e+00  
  7.335256946136e-07  ,2.344858133232e+00  ,2.646273483359e+00  ,2.844130018508e+00  ,2.983919353836e+00  ,3.089622665208e+00  ,3.171480493379e+00  ,3.235979480520e+00  ,3.288587158876e+00  ,3.332911992028e+00  ,3.370065272639e+00  ,3.402533180504e+00  ,3.430486069734e+00  ,3.456057182659e+00  ,3.477795154808e+00  ,3.497416653854e+00  ,3.515191688707e+00  ,3.531646677391e+00  ,3.546188153768e+00  ,3.559731973767e+00  
  7.345257487942e-07  ,2.344858133232e+00  ,2.646273483359e+00  ,2.844130018508e+00  ,2.983919353836e+00  ,3.089622665208e+00  ,3.171480493379e+00  ,3.235979480520e+00  ,3.288587158876e+00  ,3.332911992028e+00  ,3.370065272639e+00  ,3.402533180504e+00  ,3.430486069734e+00  ,3.456057182659e+00  ,3.477795154808e+00  ,3.497416653854e+00  ,3.515191688707e+00  ,3.531646677391e+00  ,3.546188153768e+00  ,3.559731973767e+00  
  7.355258029748e-07  ,2.344858133232e+00  ,2.646273483359e+00  ,2.844130018508e+00  ,2.983919353836e+00  ,3.089622665208e+00  ,3.171480493379e+00  ,3.235979480520e+00  ,3.288587158876e+00  ,3.332911992028e+00  ,3.370065272639e+00  ,3.402533180504e+00  ,3.430486069734e+00  ,3.456057182659e+00  ,3.477795154808e+00  ,3.497416653854e+00  ,3.515191688707e+00  ,3.531646677391e+00  ,3.546188153768e+00  ,3.559731973767e+00  
  7.365258571554e-07  ,2.344858133232e+00  ,2.646273483359e+00  ,2.844130018508e+00  ,2.983919353836e+00  ,3.089622665208e+00  ,3.171480493379e+00  ,3.235979480520e+00  ,3.288587158876e+00  ,3.332911992028e+00  ,3.370065272639e+00  ,3.402533180504e+00  ,3.430486069734e+00  ,3.456057182659e+00  ,3.477795154808e+00  ,3.497416653854e+00  ,3.515191688707e+00  ,3.531646677391e+00  ,3.546188153768e+00  ,3.559731973767e+00  
  7.375259113361e-07  ,2.344858133232e+00  ,2.646273483359e+00  ,2.844130018508e+00  ,2.983919353836e+00  ,3.089622665208e+00  ,3.171480493379e+00  ,3.235979480520e+00  ,3.288587158876e+00  ,3.332911992028e+00  ,3.370065272639e+00  ,3.402533180504e+00  ,3.430486069734e+00  ,3.456057182659e+00  ,3.477795154808e+00  ,3.497416653854e+00  ,3.515191688707e+00  ,3.531646677391e+00  ,3.546188153768e+00  ,3.559731973767e+00  
  7.385259655167e-07  ,2.344858133232e+00  ,2.646273483359e+00  ,2.844130018508e+00  ,2.983919353836e+00  ,3.089622665208e+00  ,3.171480493379e+00  ,3.235979480520e+00  ,3.288587158876e+00  ,3.332911992028e+00  ,3.370065272639e+00  ,3.402533180504e+00  ,3.430486069734e+00  ,3.456057182659e+00  ,3.477795154808e+00  ,3.497416653854e+00  ,3.515191688707e+00  ,3.531646677391e+00  ,3.546188153768e+00  ,3.559731973767e+00  
  7.395260196973e-07  ,2.344858133232e+00  ,2.646273483359e+00  ,2.844130018508e+00  ,2.983919353836e+00  ,3.089622665208e+00  ,3.171480493379e+00  ,3.235979480520e+00  ,3.288587158876e+00  ,3.332911992028e+00  ,3.370065272639e+00  ,3.402533180504e+00  ,3.430486069734e+00  ,3.456057182659e+00  ,3.477795154808e+00  ,3.497416653854e+00  ,3.515191688707e+00  ,3.531646677391e+00  ,3.546188153768e+00  ,3.559731973767e+00  
  7.405260738779e-07  ,2.344858133232e+00  ,2.646273483359e+00  ,2.844130018508e+00  ,2.983919353836e+00  ,3.089622665208e+00  ,3.171480493379e+00  ,3.235979480520e+00  ,3.288587158876e+00  ,3.332911992028e+00  ,3.370065272639e+00  ,3.402533180504e+00  ,3.430486069734e+00  ,3.456057182659e+00  ,3.477795154808e+00  ,3.497416653854e+00  ,3.515191688707e+00  ,3.531646677391e+00  ,3.546188153768e+00  ,3.559731973767e+00  
  7.415261280586e-07  ,2.344858133232e+00  ,2.646273483359e+00  ,2.844130018508e+00  ,2.983919353836e+00  ,3.089622665208e+00  ,3.171480493379e+00  ,3.235979480520e+00  ,3.288587158876e+00  ,3.332911992028e+00  ,3.370065272639e+00  ,3.402533180504e+00  ,3.430486069734e+00  ,3.456057182659e+00  ,3.477795154808e+00  ,3.497416653854e+00  ,3.515191688707e+00  ,3.531646677391e+00  ,3.546188153768e+00  ,3.559731973767e+00  
  7.425261822392e-07  ,2.344858133232e+00  ,2.646273483359e+00  ,2.844130018508e+00  ,2.983919353836e+00  ,3.089622665208e+00  ,3.171480493379e+00  ,3.235979480520e+00  ,3.288587158876e+00  ,3.332911992028e+00  ,3.370065272639e+00  ,3.402533180504e+00  ,3.430486069734e+00  ,3.456057182659e+00  ,3.477795154808e+00  ,3.497416653854e+00  ,3.515191688707e+00  ,3.531646677391e+00  ,3.546188153768e+00  ,3.559731973767e+00  
  7.435262364198e-07  ,2.344858133232e+00  ,2.646273483359e+00  ,2.844130018508e+00  ,2.983919353836e+00  ,3.089622665208e+00  ,3.171480493379e+00  ,3.235979480520e+00  ,3.288587158876e+00  ,3.332911992028e+00  ,3.370065272639e+00  ,3.402533180504e+00  ,3.430486069734e+00  ,3.456057182659e+00  ,3.477795154808e+00  ,3.497416653854e+00  ,3.515191688707e+00  ,3.531646677391e+00  ,3.546188153768e+00  ,3.559731973767e+00  
  7.445262906004e-07  ,2.344858133232e+00  ,2.646273483359e+00  ,2.844130018508e+00  ,2.983919353836e+00  ,3.089622665208e+00  ,3.171480493379e+00  ,3.235979480520e+00  ,3.288587158876e+00  ,3.332911992028e+00  ,3.370065272639e+00  ,3.402533180504e+00  ,3.430486069734e+00  ,3.456057182659e+00  ,3.477795154808e+00  ,3.497416653854e+00  ,3.515191688707e+00  ,3.531646677391e+00  ,3.546188153768e+00  ,3.559731973767e+00  
  7.455263447810e-07  ,2.344858133232e+00  ,2.646273483359e+00  ,2.844130018508e+00  ,2.983919353836e+00  ,3.089622665208e+00  ,3.171480493379e+00  ,3.235979480520e+00  ,3.288587158876e+00  ,3.332911992028e+00  ,3.370065272639e+00  ,3.402533180504e+00  ,3.430486069734e+00  ,3.456057182659e+00  ,3.477795154808e+00  ,3.497416653854e+00  ,3.515191688707e+00  ,3.531646677391e+00  ,3.546188153768e+00  ,3.559731973767e+00  
  7.465263989617e-07  ,2.344858133232e+00  ,2.646273483359e+00  ,2.844130018508e+00  ,2.983919353836e+00  ,3.089622665208e+00  ,3.171480493379e+00  ,3.235979480520e+00  ,3.288587158876e+00  ,3.332911992028e+00  ,3.370065272639e+00  ,3.402533180504e+00  ,3.430486069734e+00  ,3.456057182659e+00  ,3.477795154808e+00  ,3.497416653854e+00  ,3.515191688707e+00  ,3.531646677391e+00  ,3.546188153768e+00  ,3.559731973767e+00  
  7.475264531423e-07  ,2.344858133232e+00  ,2.646273483359e+00  ,2.844130018508e+00  ,2.983919353836e+00  ,3.089622665208e+00  ,3.171480493379e+00  ,3.235979480520e+00  ,3.288587158876e+00  ,3.332911992028e+00  ,3.370065272639e+00  ,3.402533180504e+00  ,3.430486069734e+00  ,3.456057182659e+00  ,3.477795154808e+00  ,3.497416653854e+00  ,3.515191688707e+00  ,3.531646677391e+00  ,3.546188153768e+00  ,3.559731973767e+00  
  7.485265073229e-07  ,2.344858133232e+00  ,2.646273483359e+00  ,2.844130018508e+00  ,2.983919353836e+00  ,3.089622665208e+00  ,3.171480493379e+00  ,3.235979480520e+00  ,3.288587158876e+00  ,3.332911992028e+00  ,3.370065272639e+00  ,3.402533180504e+00  ,3.430486069734e+00  ,3.456057182659e+00  ,3.477795154808e+00  ,3.497416653854e+00  ,3.515191688707e+00  ,3.531646677391e+00  ,3.546188153768e+00  ,3.559731973767e+00  
  7.495265615035e-07  ,2.344858133232e+00  ,2.646273483359e+00  ,2.844130018508e+00  ,2.983919353836e+00  ,3.089622665208e+00  ,3.171480493379e+00  ,3.235979480520e+00  ,3.288587158876e+00  ,3.332911992028e+00  ,3.370065272639e+00  ,3.402533180504e+00  ,3.430486069734e+00  ,3.456057182659e+00  ,3.477795154808e+00  ,3.497416653854e+00  ,3.515191688707e+00  ,3.531646677391e+00  ,3.546188153768e+00  ,3.559731973767e+00  
  7.505266156842e-07  ,2.344858133232e+00  ,2.646273483359e+00  ,2.844130018508e+00  ,2.983919353836e+00  ,3.089622665208e+00  ,3.171480493379e+00  ,3.235979480520e+00  ,3.288587158876e+00  ,3.332911992028e+00  ,3.370065272639e+00  ,3.402533180504e+00  ,3.430486069734e+00  ,3.456057182659e+00  ,3.477795154808e+00  ,3.497416653854e+00  ,3.515191688707e+00  ,3.531646677391e+00  ,3.546188153768e+00  ,3.559731973767e+00  
  7.515266698648e-07  ,2.344858133232e+00  ,2.646273483359e+00  ,2.844130018508e+00  ,2.983919353836e+00  ,3.089622665208e+00  ,3.171480493379e+00  ,3.235979480520e+00  ,3.288587158876e+00  ,3.332911992028e+00  ,3.370065272639e+00  ,3.402533180504e+00  ,3.430486069734e+00  ,3.456057182659e+00  ,3.477795154808e+00  ,3.497416653854e+00  ,3.515191688707e+00  ,3.531646677391e+00  ,3.546188153768e+00  ,3.559731973767e+00  
  7.525267240454e-07  ,2.344858133232e+00  ,2.646273483359e+00  ,2.844130018508e+00  ,2.983919353836e+00  ,3.089622665208e+00  ,3.171480493379e+00  ,3.235979480520e+00  ,3.288587158876e+00  ,3.332911992028e+00  ,3.370065272639e+00  ,3.402533180504e+00  ,3.430486069734e+00  ,3.456057182659e+00  ,3.477795154808e+00  ,3.497416653854e+00  ,3.515191688707e+00  ,3.531646677391e+00  ,3.546188153768e+00  ,3.559731973767e+00  
  7.535267782260e-07  ,2.344858133232e+00  ,2.646273483359e+00  ,2.844130018508e+00  ,2.983919353836e+00  ,3.089622665208e+00  ,3.171480493379e+00  ,3.235979480520e+00  ,3.288587158876e+00  ,3.332911992028e+00  ,3.370065272639e+00  ,3.402533180504e+00  ,3.430486069734e+00  ,3.456057182659e+00  ,3.477795154808e+00  ,3.497416653854e+00  ,3.515191688707e+00  ,3.531646677391e+00  ,3.546188153768e+00  ,3.559731973767e+00  
  7.545268324066e-07  ,2.344858133232e+00  ,2.646273483359e+00  ,2.844130018508e+00  ,2.983919353836e+00  ,3.089622665208e+00  ,3.171480493379e+00  ,3.235979480520e+00  ,3.288587158876e+00  ,3.332911992028e+00  ,3.370065272639e+00  ,3.402533180504e+00  ,3.430486069734e+00  ,3.456057182659e+00  ,3.477795154808e+00  ,3.497416653854e+00  ,3.515191688707e+00  ,3.531646677391e+00  ,3.546188153768e+00  ,3.559731973767e+00  
  7.555268865873e-07  ,2.344858133232e+00  ,2.646273483359e+00  ,2.844130018508e+00  ,2.983919353836e+00  ,3.089622665208e+00  ,3.171480493379e+00  ,3.235979480520e+00  ,3.288587158876e+00  ,3.332911992028e+00  ,3.370065272639e+00  ,3.402533180504e+00  ,3.430486069734e+00  ,3.456057182659e+00  ,3.477795154808e+00  ,3.497416653854e+00  ,3.515191688707e+00  ,3.531646677391e+00  ,3.546188153768e+00  ,3.559731973767e+00  
  7.565269407679e-07  ,2.344858133232e+00  ,2.646273483359e+00  ,2.844130018508e+00  ,2.983919353836e+00  ,3.089622665208e+00  ,3.171480493379e+00  ,3.235979480520e+00  ,3.288587158876e+00  ,3.332911992028e+00  ,3.370065272639e+00  ,3.402533180504e+00  ,3.430486069734e+00  ,3.456057182659e+00  ,3.477795154808e+00  ,3.497416653854e+00  ,3.515191688707e+00  ,3.531646677391e+00  ,3.546188153768e+00  ,3.559731973767e+00  
  7.575269949485e-07  ,2.344858133232e+00  ,2.646273483359e+00  ,2.844130018508e+00  ,2.983919353836e+00  ,3.089622665208e+00  ,3.171480493379e+00  ,3.235979480520e+00  ,3.288587158876e+00  ,3.332911992028e+00  ,3.370065272639e+00  ,3.402533180504e+00  ,3.430486069734e+00  ,3.456057182659e+00  ,3.477795154808e+00  ,3.497416653854e+00  ,3.515191688707e+00  ,3.531646677391e+00  ,3.546188153768e+00  ,3.559731973767e+00  
  7.585270491291e-07  ,2.344858133232e+00  ,2.646273483359e+00  ,2.844130018508e+00  ,2.983919353836e+00  ,3.089622665208e+00  ,3.171480493379e+00  ,3.235979480520e+00  ,3.288587158876e+00  ,3.332911992028e+00  ,3.370065272639e+00  ,3.402533180504e+00  ,3.430486069734e+00  ,3.456057182659e+00  ,3.477795154808e+00  ,3.497416653854e+00  ,3.515191688707e+00  ,3.531646677391e+00  ,3.546188153768e+00  ,3.559731973767e+00  
  7.595271033098e-07  ,2.344858133232e+00  ,2.646273483359e+00  ,2.844130018508e+00  ,2.983919353836e+00  ,3.089622665208e+00  ,3.171480493379e+00  ,3.235979480520e+00  ,3.288587158876e+00  ,3.332911992028e+00  ,3.370065272639e+00  ,3.402533180504e+00  ,3.430486069734e+00  ,3.456057182659e+00  ,3.477795154808e+00  ,3.497416653854e+00  ,3.515191688707e+00  ,3.531646677391e+00  ,3.546188153768e+00  ,3.559731973767e+00  
  7.605271574904e-07  ,2.344858133232e+00  ,2.646273483359e+00  ,2.844130018508e+00  ,2.983919353836e+00  ,3.089622665208e+00  ,3.171480493379e+00  ,3.235979480520e+00  ,3.288587158876e+00  ,3.332911992028e+00  ,3.370065272639e+00  ,3.402533180504e+00  ,3.430486069734e+00  ,3.456057182659e+00  ,3.477795154808e+00  ,3.497416653854e+00  ,3.515191688707e+00  ,3.531646677391e+00  ,3.546188153768e+00  ,3.559731973767e+00  
  7.615272116710e-07  ,2.344858133232e+00  ,2.646273483359e+00  ,2.844130018508e+00  ,2.983919353836e+00  ,3.089622665208e+00  ,3.171480493379e+00  ,3.235979480520e+00  ,3.288587158876e+00  ,3.332911992028e+00  ,3.370065272639e+00  ,3.402533180504e+00  ,3.430486069734e+00  ,3.456057182659e+00  ,3.477795154808e+00  ,3.497416653854e+00  ,3.515191688707e+00  ,3.531646677391e+00  ,3.546188153768e+00  ,3.559731973767e+00  
  7.625272658516e-07  ,2.344858133232e+00  ,2.646273483359e+00  ,2.844130018508e+00  ,2.983919353836e+00  ,3.089622665208e+00  ,3.171480493379e+00  ,3.235979480520e+00  ,3.288587158876e+00  ,3.332911992028e+00  ,3.370065272639e+00  ,3.402533180504e+00  ,3.430486069734e+00  ,3.456057182659e+00  ,3.477795154808e+00  ,3.497416653854e+00  ,3.515191688707e+00  ,3.531646677391e+00  ,3.546188153768e+00  ,3.559731973767e+00  
  7.635273200322e-07  ,2.344858133232e+00  ,2.646273483359e+00  ,2.844130018508e+00  ,2.983919353836e+00  ,3.089622665208e+00  ,3.171480493379e+00  ,3.235979480520e+00  ,3.288587158876e+00  ,3.332911992028e+00  ,3.370065272639e+00  ,3.402533180504e+00  ,3.430486069734e+00  ,3.456057182659e+00  ,3.477795154808e+00  ,3.497416653854e+00  ,3.515191688707e+00  ,3.531646677391e+00  ,3.546188153768e+00  ,3.559731973767e+00  
  7.645273742129e-07  ,2.344858133232e+00  ,2.646273483359e+00  ,2.844130018508e+00  ,2.983919353836e+00  ,3.089622665208e+00  ,3.171480493379e+00  ,3.235979480520e+00  ,3.288587158876e+00  ,3.332911992028e+00  ,3.370065272639e+00  ,3.402533180504e+00  ,3.430486069734e+00  ,3.456057182659e+00  ,3.477795154808e+00  ,3.497416653854e+00  ,3.515191688707e+00  ,3.531646677391e+00  ,3.546188153768e+00  ,3.559731973767e+00  
  7.655274283935e-07  ,2.344858133232e+00  ,2.646273483359e+00  ,2.844130018508e+00  ,2.983919353836e+00  ,3.089622665208e+00  ,3.171480493379e+00  ,3.235979480520e+00  ,3.288587158876e+00  ,3.332911992028e+00  ,3.370065272639e+00  ,3.402533180504e+00  ,3.430486069734e+00  ,3.456057182659e+00  ,3.477795154808e+00  ,3.497416653854e+00  ,3.515191688707e+00  ,3.531646677391e+00  ,3.546188153768e+00  ,3.559731973767e+00  
  7.665274825741e-07  ,2.344858133232e+00  ,2.646273483359e+00  ,2.844130018508e+00  ,2.983919353836e+00  ,3.089622665208e+00  ,3.171480493379e+00  ,3.235979480520e+00  ,3.288587158876e+00  ,3.332911992028e+00  ,3.370065272639e+00  ,3.402533180504e+00  ,3.430486069734e+00  ,3.456057182659e+00  ,3.477795154808e+00  ,3.497416653854e+00  ,3.515191688707e+00  ,3.531646677391e+00  ,3.546188153768e+00  ,3.559731973767e+00  
  7.675275367547e-07  ,2.344858133232e+00  ,2.646273483359e+00  ,2.844130018508e+00  ,2.983919353836e+00  ,3.089622665208e+00  ,3.171480493379e+00  ,3.235979480520e+00  ,3.288587158876e+00  ,3.332911992028e+00  ,3.370065272639e+00  ,3.402533180504e+00  ,3.430486069734e+00  ,3.456057182659e+00  ,3.477795154808e+00  ,3.497416653854e+00  ,3.515191688707e+00  ,3.531646677391e+00  ,3.546188153768e+00  ,3.559731973767e+00  
  7.685275909354e-07  ,2.344858133232e+00  ,2.646273483359e+00  ,2.844130018508e+00  ,2.983919353836e+00  ,3.089622665208e+00  ,3.171480493379e+00  ,3.235979480520e+00  ,3.288587158876e+00  ,3.332911992028e+00  ,3.370065272639e+00  ,3.402533180504e+00  ,3.430486069734e+00  ,3.456057182659e+00  ,3.477795154808e+00  ,3.497416653854e+00  ,3.515191688707e+00  ,3.531646677391e+00  ,3.546188153768e+00  ,3.559731973767e+00  
  7.695276451160e-07  ,2.344858133232e+00  ,2.646273483359e+00  ,2.844130018508e+00  ,2.983919353836e+00  ,3.089622665208e+00  ,3.171480493379e+00  ,3.235979480520e+00  ,3.288587158876e+00  ,3.332911992028e+00  ,3.370065272639e+00  ,3.402533180504e+00  ,3.430486069734e+00  ,3.456057182659e+00  ,3.477795154808e+00  ,3.497416653854e+00  ,3.515191688707e+00  ,3.531646677391e+00  ,3.546188153768e+00  ,3.559731973767e+00  
  7.705276992966e-07  ,2.344858133232e+00  ,2.646273483359e+00  ,2.844130018508e+00  ,2.983919353836e+00  ,3.089622665208e+00  ,3.171480493379e+00  ,3.235979480520e+00  ,3.288587158876e+00  ,3.332911992028e+00  ,3.370065272639e+00  ,3.402533180504e+00  ,3.430486069734e+00  ,3.456057182659e+00  ,3.477795154808e+00  ,3.497416653854e+00  ,3.515191688707e+00  ,3.531646677391e+00  ,3.546188153768e+00  ,3.559731973767e+00  
  7.715277534772e-07  ,2.344858133232e+00  ,2.646273483359e+00  ,2.844130018508e+00  ,2.983919353836e+00  ,3.089622665208e+00  ,3.171480493379e+00  ,3.235979480520e+00  ,3.288587158876e+00  ,3.332911992028e+00  ,3.370065272639e+00  ,3.402533180504e+00  ,3.430486069734e+00  ,3.456057182659e+00  ,3.477795154808e+00  ,3.497416653854e+00  ,3.515191688707e+00  ,3.531646677391e+00  ,3.546188153768e+00  ,3.559731973767e+00  
  7.725278076578e-07  ,2.344858133232e+00  ,2.646273483359e+00  ,2.844130018508e+00  ,2.983919353836e+00  ,3.089622665208e+00  ,3.171480493379e+00  ,3.235979480520e+00  ,3.288587158876e+00  ,3.332911992028e+00  ,3.370065272639e+00  ,3.402533180504e+00  ,3.430486069734e+00  ,3.456057182659e+00  ,3.477795154808e+00  ,3.497416653854e+00  ,3.515191688707e+00  ,3.531646677391e+00  ,3.546188153768e+00  ,3.559731973767e+00  
  7.735278618385e-07  ,2.344858133232e+00  ,2.646273483359e+00  ,2.844130018508e+00  ,2.983919353836e+00  ,3.089622665208e+00  ,3.171480493379e+00  ,3.235979480520e+00  ,3.288587158876e+00  ,3.332911992028e+00  ,3.370065272639e+00  ,3.402533180504e+00  ,3.430486069734e+00  ,3.456057182659e+00  ,3.477795154808e+00  ,3.497416653854e+00  ,3.515191688707e+00  ,3.531646677391e+00  ,3.546188153768e+00  ,3.559731973767e+00  
  7.745279160191e-07  ,2.344858133232e+00  ,2.646273483359e+00  ,2.844130018508e+00  ,2.983919353836e+00  ,3.089622665208e+00  ,3.171480493379e+00  ,3.235979480520e+00  ,3.288587158876e+00  ,3.332911992028e+00  ,3.370065272639e+00  ,3.402533180504e+00  ,3.430486069734e+00  ,3.456057182659e+00  ,3.477795154808e+00  ,3.497416653854e+00  ,3.515191688707e+00  ,3.531646677391e+00  ,3.546188153768e+00  ,3.559731973767e+00  
  7.755279701997e-07  ,2.344858133232e+00  ,2.646273483359e+00  ,2.844130018508e+00  ,2.983919353836e+00  ,3.089622665208e+00  ,3.171480493379e+00  ,3.235979480520e+00  ,3.288587158876e+00  ,3.332911992028e+00  ,3.370065272639e+00  ,3.402533180504e+00  ,3.430486069734e+00  ,3.456057182659e+00  ,3.477795154808e+00  ,3.497416653854e+00  ,3.515191688707e+00  ,3.531646677391e+00  ,3.546188153768e+00  ,3.559731973767e+00  
  7.765280243803e-07  ,2.344858133232e+00  ,2.646273483359e+00  ,2.844130018508e+00  ,2.983919353836e+00  ,3.089622665208e+00  ,3.171480493379e+00  ,3.235979480520e+00  ,3.288587158876e+00  ,3.332911992028e+00  ,3.370065272639e+00  ,3.402533180504e+00  ,3.430486069734e+00  ,3.456057182659e+00  ,3.477795154808e+00  ,3.497416653854e+00  ,3.515191688707e+00  ,3.531646677391e+00  ,3.546188153768e+00  ,3.559731973767e+00  
  7.775280785610e-07  ,2.344858133232e+00  ,2.646273483359e+00  ,2.844130018508e+00  ,2.983919353836e+00  ,3.089622665208e+00  ,3.171480493379e+00  ,3.235979480520e+00  ,3.288587158876e+00  ,3.332911992028e+00  ,3.370065272639e+00  ,3.402533180504e+00  ,3.430486069734e+00  ,3.456057182659e+00  ,3.477795154808e+00  ,3.497416653854e+00  ,3.515191688707e+00  ,3.531646677391e+00  ,3.546188153768e+00  ,3.559731973767e+00  
  7.785281327416e-07  ,2.344858133232e+00  ,2.646273483359e+00  ,2.844130018508e+00  ,2.983919353836e+00  ,3.089622665208e+00  ,3.171480493379e+00  ,3.235979480520e+00  ,3.288587158876e+00  ,3.332911992028e+00  ,3.370065272639e+00  ,3.402533180504e+00  ,3.430486069734e+00  ,3.456057182659e+00  ,3.477795154808e+00  ,3.497416653854e+00  ,3.515191688707e+00  ,3.531646677391e+00  ,3.546188153768e+00  ,3.559731973767e+00  
  7.795281869222e-07  ,2.344858133232e+00  ,2.646273483359e+00  ,2.844130018508e+00  ,2.983919353836e+00  ,3.089622665208e+00  ,3.171480493379e+00  ,3.235979480520e+00  ,3.288587158876e+00  ,3.332911992028e+00  ,3.370065272639e+00  ,3.402533180504e+00  ,3.430486069734e+00  ,3.456057182659e+00  ,3.477795154808e+00  ,3.497416653854e+00  ,3.515191688707e+00  ,3.531646677391e+00  ,3.546188153768e+00  ,3.559731973767e+00  
  7.805282411028e-07  ,2.344858133232e+00  ,2.646273483359e+00  ,2.844130018508e+00  ,2.983919353836e+00  ,3.089622665208e+00  ,3.171480493379e+00  ,3.235979480520e+00  ,3.288587158876e+00  ,3.332911992028e+00  ,3.370065272639e+00  ,3.402533180504e+00  ,3.430486069734e+00  ,3.456057182659e+00  ,3.477795154808e+00  ,3.497416653854e+00  ,3.515191688707e+00  ,3.531646677391e+00  ,3.546188153768e+00  ,3.559731973767e+00  
  7.815282952834e-07  ,2.344858133232e+00  ,2.646273483359e+00  ,2.844130018508e+00  ,2.983919353836e+00  ,3.089622665208e+00  ,3.171480493379e+00  ,3.235979480520e+00  ,3.288587158876e+00  ,3.332911992028e+00  ,3.370065272639e+00  ,3.402533180504e+00  ,3.430486069734e+00  ,3.456057182659e+00  ,3.477795154808e+00  ,3.497416653854e+00  ,3.515191688707e+00  ,3.531646677391e+00  ,3.546188153768e+00  ,3.559731973767e+00  
  7.825283494641e-07  ,2.344858133232e+00  ,2.646273483359e+00  ,2.844130018508e+00  ,2.983919353836e+00  ,3.089622665208e+00  ,3.171480493379e+00  ,3.235979480520e+00  ,3.288587158876e+00  ,3.332911992028e+00  ,3.370065272639e+00  ,3.402533180504e+00  ,3.430486069734e+00  ,3.456057182659e+00  ,3.477795154808e+00  ,3.497416653854e+00  ,3.515191688707e+00  ,3.531646677391e+00  ,3.546188153768e+00  ,3.559731973767e+00  
  7.835284036447e-07  ,2.344858133232e+00  ,2.646273483359e+00  ,2.844130018508e+00  ,2.983919353836e+00  ,3.089622665208e+00  ,3.171480493379e+00  ,3.235979480520e+00  ,3.288587158876e+00  ,3.332911992028e+00  ,3.370065272639e+00  ,3.402533180504e+00  ,3.430486069734e+00  ,3.456057182659e+00  ,3.477795154808e+00  ,3.497416653854e+00  ,3.515191688707e+00  ,3.531646677391e+00  ,3.546188153768e+00  ,3.559731973767e+00  
  7.845284578253e-07  ,2.344858133232e+00  ,2.646273483359e+00  ,2.844130018508e+00  ,2.983919353836e+00  ,3.089622665208e+00  ,3.171480493379e+00  ,3.235979480520e+00  ,3.288587158876e+00  ,3.332911992028e+00  ,3.370065272639e+00  ,3.402533180504e+00  ,3.430486069734e+00  ,3.456057182659e+00  ,3.477795154808e+00  ,3.497416653854e+00  ,3.515191688707e+00  ,3.531646677391e+00  ,3.546188153768e+00  ,3.559731973767e+00  
  7.855285120059e-07  ,2.344858133232e+00  ,2.646273483359e+00  ,2.844130018508e+00  ,2.983919353836e+00  ,3.089622665208e+00  ,3.171480493379e+00  ,3.235979480520e+00  ,3.288587158876e+00  ,3.332911992028e+00  ,3.370065272639e+00  ,3.402533180504e+00  ,3.430486069734e+00  ,3.456057182659e+00  ,3.477795154808e+00  ,3.497416653854e+00  ,3.515191688707e+00  ,3.531646677391e+00  ,3.546188153768e+00  ,3.559731973767e+00  
  7.865285661866e-07  ,2.344858133232e+00  ,2.646273483359e+00  ,2.844130018508e+00  ,2.983919353836e+00  ,3.089622665208e+00  ,3.171480493379e+00  ,3.235979480520e+00  ,3.288587158876e+00  ,3.332911992028e+00  ,3.370065272639e+00  ,3.402533180504e+00  ,3.430486069734e+00  ,3.456057182659e+00  ,3.477795154808e+00  ,3.497416653854e+00  ,3.515191688707e+00  ,3.531646677391e+00  ,3.546188153768e+00  ,3.559731973767e+00  
  7.875286203672e-07  ,2.344858133232e+00  ,2.646273483359e+00  ,2.844130018508e+00  ,2.983919353836e+00  ,3.089622665208e+00  ,3.171480493379e+00  ,3.235979480520e+00  ,3.288587158876e+00  ,3.332911992028e+00  ,3.370065272639e+00  ,3.402533180504e+00  ,3.430486069734e+00  ,3.456057182659e+00  ,3.477795154808e+00  ,3.497416653854e+00  ,3.515191688707e+00  ,3.531646677391e+00  ,3.546188153768e+00  ,3.559731973767e+00  
  7.885286745478e-07  ,2.344858133232e+00  ,2.646273483359e+00  ,2.844130018508e+00  ,2.983919353836e+00  ,3.089622665208e+00  ,3.171480493379e+00  ,3.235979480520e+00  ,3.288587158876e+00  ,3.332911992028e+00  ,3.370065272639e+00  ,3.402533180504e+00  ,3.430486069734e+00  ,3.456057182659e+00  ,3.477795154808e+00  ,3.497416653854e+00  ,3.515191688707e+00  ,3.531646677391e+00  ,3.546188153768e+00  ,3.559731973767e+00  
  7.895287287284e-07  ,2.344858133232e+00  ,2.646273483359e+00  ,2.844130018508e+00  ,2.983919353836e+00  ,3.089622665208e+00  ,3.171480493379e+00  ,3.235979480520e+00  ,3.288587158876e+00  ,3.332911992028e+00  ,3.370065272639e+00  ,3.402533180504e+00  ,3.430486069734e+00  ,3.456057182659e+00  ,3.477795154808e+00  ,3.497416653854e+00  ,3.515191688707e+00  ,3.531646677391e+00  ,3.546188153768e+00  ,3.559731973767e+00  
  7.905287829090e-07  ,2.344858133232e+00  ,2.646273483359e+00  ,2.844130018508e+00  ,2.983919353836e+00  ,3.089622665208e+00  ,3.171480493379e+00  ,3.235979480520e+00  ,3.288587158876e+00  ,3.332911992028e+00  ,3.370065272639e+00  ,3.402533180504e+00  ,3.430486069734e+00  ,3.456057182659e+00  ,3.477795154808e+00  ,3.497416653854e+00  ,3.515191688707e+00  ,3.531646677391e+00  ,3.546188153768e+00  ,3.559731973767e+00  
  7.915288370897e-07  ,2.344858133232e+00  ,2.646273483359e+00  ,2.844130018508e+00  ,2.983919353836e+00  ,3.089622665208e+00  ,3.171480493379e+00  ,3.235979480520e+00  ,3.288587158876e+00  ,3.332911992028e+00  ,3.370065272639e+00  ,3.402533180504e+00  ,3.430486069734e+00  ,3.456057182659e+00  ,3.477795154808e+00  ,3.497416653854e+00  ,3.515191688707e+00  ,3.531646677391e+00  ,3.546188153768e+00  ,3.559731973767e+00  
  7.925288912703e-07  ,2.344858133232e+00  ,2.646273483359e+00  ,2.844130018508e+00  ,2.983919353836e+00  ,3.089622665208e+00  ,3.171480493379e+00  ,3.235979480520e+00  ,3.288587158876e+00  ,3.332911992028e+00  ,3.370065272639e+00  ,3.402533180504e+00  ,3.430486069734e+00  ,3.456057182659e+00  ,3.477795154808e+00  ,3.497416653854e+00  ,3.515191688707e+00  ,3.531646677391e+00  ,3.546188153768e+00  ,3.559731973767e+00  
  7.935289454509e-07  ,2.344858133232e+00  ,2.646273483359e+00  ,2.844130018508e+00  ,2.983919353836e+00  ,3.089622665208e+00  ,3.171480493379e+00  ,3.235979480520e+00  ,3.288587158876e+00  ,3.332911992028e+00  ,3.370065272639e+00  ,3.402533180504e+00  ,3.430486069734e+00  ,3.456057182659e+00  ,3.477795154808e+00  ,3.497416653854e+00  ,3.515191688707e+00  ,3.531646677391e+00  ,3.546188153768e+00  ,3.559731973767e+00  
  7.945289996315e-07  ,2.344858133232e+00  ,2.646273483359e+00  ,2.844130018508e+00  ,2.983919353836e+00  ,3.089622665208e+00  ,3.171480493379e+00  ,3.235979480520e+00  ,3.288587158876e+00  ,3.332911992028e+00  ,3.370065272639e+00  ,3.402533180504e+00  ,3.430486069734e+00  ,3.456057182659e+00  ,3.477795154808e+00  ,3.497416653854e+00  ,3.515191688707e+00  ,3.531646677391e+00  ,3.546188153768e+00  ,3.559731973767e+00  
  7.955290538122e-07  ,2.344858133232e+00  ,2.646273483359e+00  ,2.844130018508e+00  ,2.983919353836e+00  ,3.089622665208e+00  ,3.171480493379e+00  ,3.235979480520e+00  ,3.288587158876e+00  ,3.332911992028e+00  ,3.370065272639e+00  ,3.402533180504e+00  ,3.430486069734e+00  ,3.456057182659e+00  ,3.477795154808e+00  ,3.497416653854e+00  ,3.515191688707e+00  ,3.531646677391e+00  ,3.546188153768e+00  ,3.559731973767e+00  
  7.965291079928e-07  ,2.344858133232e+00  ,2.646273483359e+00  ,2.844130018508e+00  ,2.983919353836e+00  ,3.089622665208e+00  ,3.171480493379e+00  ,3.235979480520e+00  ,3.288587158876e+00  ,3.332911992028e+00  ,3.370065272639e+00  ,3.402533180504e+00  ,3.430486069734e+00  ,3.456057182659e+00  ,3.477795154808e+00  ,3.497416653854e+00  ,3.515191688707e+00  ,3.531646677391e+00  ,3.546188153768e+00  ,3.559731973767e+00  
  7.975291621734e-07  ,2.344858133232e+00  ,2.646273483359e+00  ,2.844130018508e+00  ,2.983919353836e+00  ,3.089622665208e+00  ,3.171480493379e+00  ,3.235979480520e+00  ,3.288587158876e+00  ,3.332911992028e+00  ,3.370065272639e+00  ,3.402533180504e+00  ,3.430486069734e+00  ,3.456057182659e+00  ,3.477795154808e+00  ,3.497416653854e+00  ,3.515191688707e+00  ,3.531646677391e+00  ,3.546188153768e+00  ,3.559731973767e+00  
  7.985292163540e-07  ,2.344858133232e+00  ,2.646273483359e+00  ,2.844130018508e+00  ,2.983919353836e+00  ,3.089622665208e+00  ,3.171480493379e+00  ,3.235979480520e+00  ,3.288587158876e+00  ,3.332911992028e+00  ,3.370065272639e+00  ,3.402533180504e+00  ,3.430486069734e+00  ,3.456057182659e+00  ,3.477795154808e+00  ,3.497416653854e+00  ,3.515191688707e+00  ,3.531646677391e+00  ,3.546188153768e+00  ,3.559731973767e+00  
  7.995292705346e-07  ,2.344858133232e+00  ,2.646273483359e+00  ,2.844130018508e+00  ,2.983919353836e+00  ,3.089622665208e+00  ,3.171480493379e+00  ,3.235979480520e+00  ,3.288587158876e+00  ,3.332911992028e+00  ,3.370065272639e+00  ,3.402533180504e+00  ,3.430486069734e+00  ,3.456057182659e+00  ,3.477795154808e+00  ,3.497416653854e+00  ,3.515191688707e+00  ,3.531646677391e+00  ,3.546188153768e+00  ,3.559731973767e+00  
  8.005293247153e-07  ,2.344858133232e+00  ,2.646273483359e+00  ,2.844130018508e+00  ,2.983919353836e+00  ,3.089622665208e+00  ,3.171480493379e+00  ,3.235979480520e+00  ,3.288587158876e+00  ,3.332911992028e+00  ,3.370065272639e+00  ,3.402533180504e+00  ,3.430486069734e+00  ,3.456057182659e+00  ,3.477795154808e+00  ,3.497416653854e+00  ,3.515191688707e+00  ,3.531646677391e+00  ,3.546188153768e+00  ,3.559731973767e+00  
  8.015293788959e-07  ,2.344858133232e+00  ,2.646273483359e+00  ,2.844130018508e+00  ,2.983919353836e+00  ,3.089622665208e+00  ,3.171480493379e+00  ,3.235979480520e+00  ,3.288587158876e+00  ,3.332911992028e+00  ,3.370065272639e+00  ,3.402533180504e+00  ,3.430486069734e+00  ,3.456057182659e+00  ,3.477795154808e+00  ,3.497416653854e+00  ,3.515191688707e+00  ,3.531646677391e+00  ,3.546188153768e+00  ,3.559731973767e+00  
  8.025294330765e-07  ,2.344858133232e+00  ,2.646273483359e+00  ,2.844130018508e+00  ,2.983919353836e+00  ,3.089622665208e+00  ,3.171480493379e+00  ,3.235979480520e+00  ,3.288587158876e+00  ,3.332911992028e+00  ,3.370065272639e+00  ,3.402533180504e+00  ,3.430486069734e+00  ,3.456057182659e+00  ,3.477795154808e+00  ,3.497416653854e+00  ,3.515191688707e+00  ,3.531646677391e+00  ,3.546188153768e+00  ,3.559731973767e+00  
  8.035294872571e-07  ,2.344858133232e+00  ,2.646273483359e+00  ,2.844130018508e+00  ,2.983919353836e+00  ,3.089622665208e+00  ,3.171480493379e+00  ,3.235979480520e+00  ,3.288587158876e+00  ,3.332911992028e+00  ,3.370065272639e+00  ,3.402533180504e+00  ,3.430486069734e+00  ,3.456057182659e+00  ,3.477795154808e+00  ,3.497416653854e+00  ,3.515191688707e+00  ,3.531646677391e+00  ,3.546188153768e+00  ,3.559731973767e+00  
  8.045295414378e-07  ,2.344858133232e+00  ,2.646273483359e+00  ,2.844130018508e+00  ,2.983919353836e+00  ,3.089622665208e+00  ,3.171480493379e+00  ,3.235979480520e+00  ,3.288587158876e+00  ,3.332911992028e+00  ,3.370065272639e+00  ,3.402533180504e+00  ,3.430486069734e+00  ,3.456057182659e+00  ,3.477795154808e+00  ,3.497416653854e+00  ,3.515191688707e+00  ,3.531646677391e+00  ,3.546188153768e+00  ,3.559731973767e+00  
  8.055295956184e-07  ,2.344858133232e+00  ,2.646273483359e+00  ,2.844130018508e+00  ,2.983919353836e+00  ,3.089622665208e+00  ,3.171480493379e+00  ,3.235979480520e+00  ,3.288587158876e+00  ,3.332911992028e+00  ,3.370065272639e+00  ,3.402533180504e+00  ,3.430486069734e+00  ,3.456057182659e+00  ,3.477795154808e+00  ,3.497416653854e+00  ,3.515191688707e+00  ,3.531646677391e+00  ,3.546188153768e+00  ,3.559731973767e+00  
  8.065296497990e-07  ,2.344858133232e+00  ,2.646273483359e+00  ,2.844130018508e+00  ,2.983919353836e+00  ,3.089622665208e+00  ,3.171480493379e+00  ,3.235979480520e+00  ,3.288587158876e+00  ,3.332911992028e+00  ,3.370065272639e+00  ,3.402533180504e+00  ,3.430486069734e+00  ,3.456057182659e+00  ,3.477795154808e+00  ,3.497416653854e+00  ,3.515191688707e+00  ,3.531646677391e+00  ,3.546188153768e+00  ,3.559731973767e+00  
  8.075297039796e-07  ,2.344858133232e+00  ,2.646273483359e+00  ,2.844130018508e+00  ,2.983919353836e+00  ,3.089622665208e+00  ,3.171480493379e+00  ,3.235979480520e+00  ,3.288587158876e+00  ,3.332911992028e+00  ,3.370065272639e+00  ,3.402533180504e+00  ,3.430486069734e+00  ,3.456057182659e+00  ,3.477795154808e+00  ,3.497416653854e+00  ,3.515191688707e+00  ,3.531646677391e+00  ,3.546188153768e+00  ,3.559731973767e+00  
  8.085297581602e-07  ,2.344858133232e+00  ,2.646273483359e+00  ,2.844130018508e+00  ,2.983919353836e+00  ,3.089622665208e+00  ,3.171480493379e+00  ,3.235979480520e+00  ,3.288587158876e+00  ,3.332911992028e+00  ,3.370065272639e+00  ,3.402533180504e+00  ,3.430486069734e+00  ,3.456057182659e+00  ,3.477795154808e+00  ,3.497416653854e+00  ,3.515191688707e+00  ,3.531646677391e+00  ,3.546188153768e+00  ,3.559731973767e+00  
  8.095298123409e-07  ,2.344858133232e+00  ,2.646273483359e+00  ,2.844130018508e+00  ,2.983919353836e+00  ,3.089622665208e+00  ,3.171480493379e+00  ,3.235979480520e+00  ,3.288587158876e+00  ,3.332911992028e+00  ,3.370065272639e+00  ,3.402533180504e+00  ,3.430486069734e+00  ,3.456057182659e+00  ,3.477795154808e+00  ,3.497416653854e+00  ,3.515191688707e+00  ,3.531646677391e+00  ,3.546188153768e+00  ,3.559731973767e+00  
  8.105298665215e-07  ,2.344858133232e+00  ,2.646273483359e+00  ,2.844130018508e+00  ,2.983919353836e+00  ,3.089622665208e+00  ,3.171480493379e+00  ,3.235979480520e+00  ,3.288587158876e+00  ,3.332911992028e+00  ,3.370065272639e+00  ,3.402533180504e+00  ,3.430486069734e+00  ,3.456057182659e+00  ,3.477795154808e+00  ,3.497416653854e+00  ,3.515191688707e+00  ,3.531646677391e+00  ,3.546188153768e+00  ,3.559731973767e+00  
  8.115299207021e-07  ,2.344858133232e+00  ,2.646273483359e+00  ,2.844130018508e+00  ,2.983919353836e+00  ,3.089622665208e+00  ,3.171480493379e+00  ,3.235979480520e+00  ,3.288587158876e+00  ,3.332911992028e+00  ,3.370065272639e+00  ,3.402533180504e+00  ,3.430486069734e+00  ,3.456057182659e+00  ,3.477795154808e+00  ,3.497416653854e+00  ,3.515191688707e+00  ,3.531646677391e+00  ,3.546188153768e+00  ,3.559731973767e+00  
  8.125299748827e-07  ,2.344858133232e+00  ,2.646273483359e+00  ,2.844130018508e+00  ,2.983919353836e+00  ,3.089622665208e+00  ,3.171480493379e+00  ,3.235979480520e+00  ,3.288587158876e+00  ,3.332911992028e+00  ,3.370065272639e+00  ,3.402533180504e+00  ,3.430486069734e+00  ,3.456057182659e+00  ,3.477795154808e+00  ,3.497416653854e+00  ,3.515191688707e+00  ,3.531646677391e+00  ,3.546188153768e+00  ,3.559731973767e+00  
  8.135300290633e-07  ,2.344858133232e+00  ,2.646273483359e+00  ,2.844130018508e+00  ,2.983919353836e+00  ,3.089622665208e+00  ,3.171480493379e+00  ,3.235979480520e+00  ,3.288587158876e+00  ,3.332911992028e+00  ,3.370065272639e+00  ,3.402533180504e+00  ,3.430486069734e+00  ,3.456057182659e+00  ,3.477795154808e+00  ,3.497416653854e+00  ,3.515191688707e+00  ,3.531646677391e+00  ,3.546188153768e+00  ,3.559731973767e+00  
  8.145300832440e-07  ,2.344858133232e+00  ,2.646273483359e+00  ,2.844130018508e+00  ,2.983919353836e+00  ,3.089622665208e+00  ,3.171480493379e+00  ,3.235979480520e+00  ,3.288587158876e+00  ,3.332911992028e+00  ,3.370065272639e+00  ,3.402533180504e+00  ,3.430486069734e+00  ,3.456057182659e+00  ,3.477795154808e+00  ,3.497416653854e+00  ,3.515191688707e+00  ,3.531646677391e+00  ,3.546188153768e+00  ,3.559731973767e+00  
  8.155301374246e-07  ,2.344858133232e+00  ,2.646273483359e+00  ,2.844130018508e+00  ,2.983919353836e+00  ,3.089622665208e+00  ,3.171480493379e+00  ,3.235979480520e+00  ,3.288587158876e+00  ,3.332911992028e+00  ,3.370065272639e+00  ,3.402533180504e+00  ,3.430486069734e+00  ,3.456057182659e+00  ,3.477795154808e+00  ,3.497416653854e+00  ,3.515191688707e+00  ,3.531646677391e+00  ,3.546188153768e+00  ,3.559731973767e+00  
  8.165301916052e-07  ,2.344858133232e+00  ,2.646273483359e+00  ,2.844130018508e+00  ,2.983919353836e+00  ,3.089622665208e+00  ,3.171480493379e+00  ,3.235979480520e+00  ,3.288587158876e+00  ,3.332911992028e+00  ,3.370065272639e+00  ,3.402533180504e+00  ,3.430486069734e+00  ,3.456057182659e+00  ,3.477795154808e+00  ,3.497416653854e+00  ,3.515191688707e+00  ,3.531646677391e+00  ,3.546188153768e+00  ,3.559731973767e+00  
  8.175302457858e-07  ,2.344858133232e+00  ,2.646273483359e+00  ,2.844130018508e+00  ,2.983919353836e+00  ,3.089622665208e+00  ,3.171480493379e+00  ,3.235979480520e+00  ,3.288587158876e+00  ,3.332911992028e+00  ,3.370065272639e+00  ,3.402533180504e+00  ,3.430486069734e+00  ,3.456057182659e+00  ,3.477795154808e+00  ,3.497416653854e+00  ,3.515191688707e+00  ,3.531646677391e+00  ,3.546188153768e+00  ,3.559731973767e+00  
  8.185302999665e-07  ,2.344858133232e+00  ,2.646273483359e+00  ,2.844130018508e+00  ,2.983919353836e+00  ,3.089622665208e+00  ,3.171480493379e+00  ,3.235979480520e+00  ,3.288587158876e+00  ,3.332911992028e+00  ,3.370065272639e+00  ,3.402533180504e+00  ,3.430486069734e+00  ,3.456057182659e+00  ,3.477795154808e+00  ,3.497416653854e+00  ,3.515191688707e+00  ,3.531646677391e+00  ,3.546188153768e+00  ,3.559731973767e+00  
  8.195303541471e-07  ,2.344858133232e+00  ,2.646273483359e+00  ,2.844130018508e+00  ,2.983919353836e+00  ,3.089622665208e+00  ,3.171480493379e+00  ,3.235979480520e+00  ,3.288587158876e+00  ,3.332911992028e+00  ,3.370065272639e+00  ,3.402533180504e+00  ,3.430486069734e+00  ,3.456057182659e+00  ,3.477795154808e+00  ,3.497416653854e+00  ,3.515191688707e+00  ,3.531646677391e+00  ,3.546188153768e+00  ,3.559731973767e+00  
  8.205304083277e-07  ,2.344858133232e+00  ,2.646273483359e+00  ,2.844130018508e+00  ,2.983919353836e+00  ,3.089622665208e+00  ,3.171480493379e+00  ,3.235979480520e+00  ,3.288587158876e+00  ,3.332911992028e+00  ,3.370065272639e+00  ,3.402533180504e+00  ,3.430486069734e+00  ,3.456057182659e+00  ,3.477795154808e+00  ,3.497416653854e+00  ,3.515191688707e+00  ,3.531646677391e+00  ,3.546188153768e+00  ,3.559731973767e+00  
  8.215304625083e-07  ,2.344858133232e+00  ,2.646273483359e+00  ,2.844130018508e+00  ,2.983919353836e+00  ,3.089622665208e+00  ,3.171480493379e+00  ,3.235979480520e+00  ,3.288587158876e+00  ,3.332911992028e+00  ,3.370065272639e+00  ,3.402533180504e+00  ,3.430486069734e+00  ,3.456057182659e+00  ,3.477795154808e+00  ,3.497416653854e+00  ,3.515191688707e+00  ,3.531646677391e+00  ,3.546188153768e+00  ,3.559731973767e+00  
  8.225305166889e-07  ,2.344858133232e+00  ,2.646273483359e+00  ,2.844130018508e+00  ,2.983919353836e+00  ,3.089622665208e+00  ,3.171480493379e+00  ,3.235979480520e+00  ,3.288587158876e+00  ,3.332911992028e+00  ,3.370065272639e+00  ,3.402533180504e+00  ,3.430486069734e+00  ,3.456057182659e+00  ,3.477795154808e+00  ,3.497416653854e+00  ,3.515191688707e+00  ,3.531646677391e+00  ,3.546188153768e+00  ,3.559731973767e+00  
  8.235305708696e-07  ,2.344858133232e+00  ,2.646273483359e+00  ,2.844130018508e+00  ,2.983919353836e+00  ,3.089622665208e+00  ,3.171480493379e+00  ,3.235979480520e+00  ,3.288587158876e+00  ,3.332911992028e+00  ,3.370065272639e+00  ,3.402533180504e+00  ,3.430486069734e+00  ,3.456057182659e+00  ,3.477795154808e+00  ,3.497416653854e+00  ,3.515191688707e+00  ,3.531646677391e+00  ,3.546188153768e+00  ,3.559731973767e+00  
  8.245306250502e-07  ,2.344858133232e+00  ,2.646273483359e+00  ,2.844130018508e+00  ,2.983919353836e+00  ,3.089622665208e+00  ,3.171480493379e+00  ,3.235979480520e+00  ,3.288587158876e+00  ,3.332911992028e+00  ,3.370065272639e+00  ,3.402533180504e+00  ,3.430486069734e+00  ,3.456057182659e+00  ,3.477795154808e+00  ,3.497416653854e+00  ,3.515191688707e+00  ,3.531646677391e+00  ,3.546188153768e+00  ,3.559731973767e+00  
  8.255306792308e-07  ,2.344858133232e+00  ,2.646273483359e+00  ,2.844130018508e+00  ,2.983919353836e+00  ,3.089622665208e+00  ,3.171480493379e+00  ,3.235979480520e+00  ,3.288587158876e+00  ,3.332911992028e+00  ,3.370065272639e+00  ,3.402533180504e+00  ,3.430486069734e+00  ,3.456057182659e+00  ,3.477795154808e+00  ,3.497416653854e+00  ,3.515191688707e+00  ,3.531646677391e+00  ,3.546188153768e+00  ,3.559731973767e+00  
  8.265307334114e-07  ,2.344858133232e+00  ,2.646273483359e+00  ,2.844130018508e+00  ,2.983919353836e+00  ,3.089622665208e+00  ,3.171480493379e+00  ,3.235979480520e+00  ,3.288587158876e+00  ,3.332911992028e+00  ,3.370065272639e+00  ,3.402533180504e+00  ,3.430486069734e+00  ,3.456057182659e+00  ,3.477795154808e+00  ,3.497416653854e+00  ,3.515191688707e+00  ,3.531646677391e+00  ,3.546188153768e+00  ,3.559731973767e+00  
  8.275307875921e-07  ,2.344858133232e+00  ,2.646273483359e+00  ,2.844130018508e+00  ,2.983919353836e+00  ,3.089622665208e+00  ,3.171480493379e+00  ,3.235979480520e+00  ,3.288587158876e+00  ,3.332911992028e+00  ,3.370065272639e+00  ,3.402533180504e+00  ,3.430486069734e+00  ,3.456057182659e+00  ,3.477795154808e+00  ,3.497416653854e+00  ,3.515191688707e+00  ,3.531646677391e+00  ,3.546188153768e+00  ,3.559731973767e+00  
  8.285308417727e-07  ,2.344858133232e+00  ,2.646273483359e+00  ,2.844130018508e+00  ,2.983919353836e+00  ,3.089622665208e+00  ,3.171480493379e+00  ,3.235979480520e+00  ,3.288587158876e+00  ,3.332911992028e+00  ,3.370065272639e+00  ,3.402533180504e+00  ,3.430486069734e+00  ,3.456057182659e+00  ,3.477795154808e+00  ,3.497416653854e+00  ,3.515191688707e+00  ,3.531646677391e+00  ,3.546188153768e+00  ,3.559731973767e+00  
  8.295308959533e-07  ,2.344858133232e+00  ,2.646273483359e+00  ,2.844130018508e+00  ,2.983919353836e+00  ,3.089622665208e+00  ,3.171480493379e+00  ,3.235979480520e+00  ,3.288587158876e+00  ,3.332911992028e+00  ,3.370065272639e+00  ,3.402533180504e+00  ,3.430486069734e+00  ,3.456057182659e+00  ,3.477795154808e+00  ,3.497416653854e+00  ,3.515191688707e+00  ,3.531646677391e+00  ,3.546188153768e+00  ,3.559731973767e+00  
  8.305309501339e-07  ,2.344858133232e+00  ,2.646273483359e+00  ,2.844130018508e+00  ,2.983919353836e+00  ,3.089622665208e+00  ,3.171480493379e+00  ,3.235979480520e+00  ,3.288587158876e+00  ,3.332911992028e+00  ,3.370065272639e+00  ,3.402533180504e+00  ,3.430486069734e+00  ,3.456057182659e+00  ,3.477795154808e+00  ,3.497416653854e+00  ,3.515191688707e+00  ,3.531646677391e+00  ,3.546188153768e+00  ,3.559731973767e+00  
  8.315310043145e-07  ,2.344858133232e+00  ,2.646273483359e+00  ,2.844130018508e+00  ,2.983919353836e+00  ,3.089622665208e+00  ,3.171480493379e+00  ,3.235979480520e+00  ,3.288587158876e+00  ,3.332911992028e+00  ,3.370065272639e+00  ,3.402533180504e+00  ,3.430486069734e+00  ,3.456057182659e+00  ,3.477795154808e+00  ,3.497416653854e+00  ,3.515191688707e+00  ,3.531646677391e+00  ,3.546188153768e+00  ,3.559731973767e+00  
  8.325310584952e-07  ,2.344858133232e+00  ,2.646273483359e+00  ,2.844130018508e+00  ,2.983919353836e+00  ,3.089622665208e+00  ,3.171480493379e+00  ,3.235979480520e+00  ,3.288587158876e+00  ,3.332911992028e+00  ,3.370065272639e+00  ,3.402533180504e+00  ,3.430486069734e+00  ,3.456057182659e+00  ,3.477795154808e+00  ,3.497416653854e+00  ,3.515191688707e+00  ,3.531646677391e+00  ,3.546188153768e+00  ,3.559731973767e+00  
  8.335311126758e-07  ,2.344858133232e+00  ,2.646273483359e+00  ,2.844130018508e+00  ,2.983919353836e+00  ,3.089622665208e+00  ,3.171480493379e+00  ,3.235979480520e+00  ,3.288587158876e+00  ,3.332911992028e+00  ,3.370065272639e+00  ,3.402533180504e+00  ,3.430486069734e+00  ,3.456057182659e+00  ,3.477795154808e+00  ,3.497416653854e+00  ,3.515191688707e+00  ,3.531646677391e+00  ,3.546188153768e+00  ,3.559731973767e+00  
  8.345311668564e-07  ,2.344858133232e+00  ,2.646273483359e+00  ,2.844130018508e+00  ,2.983919353836e+00  ,3.089622665208e+00  ,3.171480493379e+00  ,3.235979480520e+00  ,3.288587158876e+00  ,3.332911992028e+00  ,3.370065272639e+00  ,3.402533180504e+00  ,3.430486069734e+00  ,3.456057182659e+00  ,3.477795154808e+00  ,3.497416653854e+00  ,3.515191688707e+00  ,3.531646677391e+00  ,3.546188153768e+00  ,3.559731973767e+00  
  8.355312210370e-07  ,2.344858133232e+00  ,2.646273483359e+00  ,2.844130018508e+00  ,2.983919353836e+00  ,3.089622665208e+00  ,3.171480493379e+00  ,3.235979480520e+00  ,3.288587158876e+00  ,3.332911992028e+00  ,3.370065272639e+00  ,3.402533180504e+00  ,3.430486069734e+00  ,3.456057182659e+00  ,3.477795154808e+00  ,3.497416653854e+00  ,3.515191688707e+00  ,3.531646677391e+00  ,3.546188153768e+00  ,3.559731973767e+00  
  8.365312752177e-07  ,2.344858133232e+00  ,2.646273483359e+00  ,2.844130018508e+00  ,2.983919353836e+00  ,3.089622665208e+00  ,3.171480493379e+00  ,3.235979480520e+00  ,3.288587158876e+00  ,3.332911992028e+00  ,3.370065272639e+00  ,3.402533180504e+00  ,3.430486069734e+00  ,3.456057182659e+00  ,3.477795154808e+00  ,3.497416653854e+00  ,3.515191688707e+00  ,3.531646677391e+00  ,3.546188153768e+00  ,3.559731973767e+00  
  8.375313293983e-07  ,2.344858133232e+00  ,2.646273483359e+00  ,2.844130018508e+00  ,2.983919353836e+00  ,3.089622665208e+00  ,3.171480493379e+00  ,3.235979480520e+00  ,3.288587158876e+00  ,3.332911992028e+00  ,3.370065272639e+00  ,3.402533180504e+00  ,3.430486069734e+00  ,3.456057182659e+00  ,3.477795154808e+00  ,3.497416653854e+00  ,3.515191688707e+00  ,3.531646677391e+00  ,3.546188153768e+00  ,3.559731973767e+00  
  8.385313835789e-07  ,2.344858133232e+00  ,2.646273483359e+00  ,2.844130018508e+00  ,2.983919353836e+00  ,3.089622665208e+00  ,3.171480493379e+00  ,3.235979480520e+00  ,3.288587158876e+00  ,3.332911992028e+00  ,3.370065272639e+00  ,3.402533180504e+00  ,3.430486069734e+00  ,3.456057182659e+00  ,3.477795154808e+00  ,3.497416653854e+00  ,3.515191688707e+00  ,3.531646677391e+00  ,3.546188153768e+00  ,3.559731973767e+00  
  8.395314377595e-07  ,2.344858133232e+00  ,2.646273483359e+00  ,2.844130018508e+00  ,2.983919353836e+00  ,3.089622665208e+00  ,3.171480493379e+00  ,3.235979480520e+00  ,3.288587158876e+00  ,3.332911992028e+00  ,3.370065272639e+00  ,3.402533180504e+00  ,3.430486069734e+00  ,3.456057182659e+00  ,3.477795154808e+00  ,3.497416653854e+00  ,3.515191688707e+00  ,3.531646677391e+00  ,3.546188153768e+00  ,3.559731973767e+00  
  8.405314919401e-07  ,2.344858133232e+00  ,2.646273483359e+00  ,2.844130018508e+00  ,2.983919353836e+00  ,3.089622665208e+00  ,3.171480493379e+00  ,3.235979480520e+00  ,3.288587158876e+00  ,3.332911992028e+00  ,3.370065272639e+00  ,3.402533180504e+00  ,3.430486069734e+00  ,3.456057182659e+00  ,3.477795154808e+00  ,3.497416653854e+00  ,3.515191688707e+00  ,3.531646677391e+00  ,3.546188153768e+00  ,3.559731973767e+00  
  8.415315461208e-07  ,2.344858133232e+00  ,2.646273483359e+00  ,2.844130018508e+00  ,2.983919353836e+00  ,3.089622665208e+00  ,3.171480493379e+00  ,3.235979480520e+00  ,3.288587158876e+00  ,3.332911992028e+00  ,3.370065272639e+00  ,3.402533180504e+00  ,3.430486069734e+00  ,3.456057182659e+00  ,3.477795154808e+00  ,3.497416653854e+00  ,3.515191688707e+00  ,3.531646677391e+00  ,3.546188153768e+00  ,3.559731973767e+00  
  8.425316003014e-07  ,2.344858133232e+00  ,2.646273483359e+00  ,2.844130018508e+00  ,2.983919353836e+00  ,3.089622665208e+00  ,3.171480493379e+00  ,3.235979480520e+00  ,3.288587158876e+00  ,3.332911992028e+00  ,3.370065272639e+00  ,3.402533180504e+00  ,3.430486069734e+00  ,3.456057182659e+00  ,3.477795154808e+00  ,3.497416653854e+00  ,3.515191688707e+00  ,3.531646677391e+00  ,3.546188153768e+00  ,3.559731973767e+00  
  8.435316544820e-07  ,2.344858133232e+00  ,2.646273483359e+00  ,2.844130018508e+00  ,2.983919353836e+00  ,3.089622665208e+00  ,3.171480493379e+00  ,3.235979480520e+00  ,3.288587158876e+00  ,3.332911992028e+00  ,3.370065272639e+00  ,3.402533180504e+00  ,3.430486069734e+00  ,3.456057182659e+00  ,3.477795154808e+00  ,3.497416653854e+00  ,3.515191688707e+00  ,3.531646677391e+00  ,3.546188153768e+00  ,3.559731973767e+00  
  8.445317086626e-07  ,2.344858133232e+00  ,2.646273483359e+00  ,2.844130018508e+00  ,2.983919353836e+00  ,3.089622665208e+00  ,3.171480493379e+00  ,3.235979480520e+00  ,3.288587158876e+00  ,3.332911992028e+00  ,3.370065272639e+00  ,3.402533180504e+00  ,3.430486069734e+00  ,3.456057182659e+00  ,3.477795154808e+00  ,3.497416653854e+00  ,3.515191688707e+00  ,3.531646677391e+00  ,3.546188153768e+00  ,3.559731973767e+00  
  8.455317628433e-07  ,2.344858133232e+00  ,2.646273483359e+00  ,2.844130018508e+00  ,2.983919353836e+00  ,3.089622665208e+00  ,3.171480493379e+00  ,3.235979480520e+00  ,3.288587158876e+00  ,3.332911992028e+00  ,3.370065272639e+00  ,3.402533180504e+00  ,3.430486069734e+00  ,3.456057182659e+00  ,3.477795154808e+00  ,3.497416653854e+00  ,3.515191688707e+00  ,3.531646677391e+00  ,3.546188153768e+00  ,3.559731973767e+00  
  8.465318170239e-07  ,2.344858133232e+00  ,2.646273483359e+00  ,2.844130018508e+00  ,2.983919353836e+00  ,3.089622665208e+00  ,3.171480493379e+00  ,3.235979480520e+00  ,3.288587158876e+00  ,3.332911992028e+00  ,3.370065272639e+00  ,3.402533180504e+00  ,3.430486069734e+00  ,3.456057182659e+00  ,3.477795154808e+00  ,3.497416653854e+00  ,3.515191688707e+00  ,3.531646677391e+00  ,3.546188153768e+00  ,3.559731973767e+00  
  8.475318712045e-07  ,2.344858133232e+00  ,2.646273483359e+00  ,2.844130018508e+00  ,2.983919353836e+00  ,3.089622665208e+00  ,3.171480493379e+00  ,3.235979480520e+00  ,3.288587158876e+00  ,3.332911992028e+00  ,3.370065272639e+00  ,3.402533180504e+00  ,3.430486069734e+00  ,3.456057182659e+00  ,3.477795154808e+00  ,3.497416653854e+00  ,3.515191688707e+00  ,3.531646677391e+00  ,3.546188153768e+00  ,3.559731973767e+00  
  8.485319253851e-07  ,2.344858133232e+00  ,2.646273483359e+00  ,2.844130018508e+00  ,2.983919353836e+00  ,3.089622665208e+00  ,3.171480493379e+00  ,3.235979480520e+00  ,3.288587158876e+00  ,3.332911992028e+00  ,3.370065272639e+00  ,3.402533180504e+00  ,3.430486069734e+00  ,3.456057182659e+00  ,3.477795154808e+00  ,3.497416653854e+00  ,3.515191688707e+00  ,3.531646677391e+00  ,3.546188153768e+00  ,3.559731973767e+00  
  8.495319795657e-07  ,2.344858133232e+00  ,2.646273483359e+00  ,2.844130018508e+00  ,2.983919353836e+00  ,3.089622665208e+00  ,3.171480493379e+00  ,3.235979480520e+00  ,3.288587158876e+00  ,3.332911992028e+00  ,3.370065272639e+00  ,3.402533180504e+00  ,3.430486069734e+00  ,3.456057182659e+00  ,3.477795154808e+00  ,3.497416653854e+00  ,3.515191688707e+00  ,3.531646677391e+00  ,3.546188153768e+00  ,3.559731973767e+00  
  8.505320337464e-07  ,2.344858133232e+00  ,2.646273483359e+00  ,2.844130018508e+00  ,2.983919353836e+00  ,3.089622665208e+00  ,3.171480493379e+00  ,3.235979480520e+00  ,3.288587158876e+00  ,3.332911992028e+00  ,3.370065272639e+00  ,3.402533180504e+00  ,3.430486069734e+00  ,3.456057182659e+00  ,3.477795154808e+00  ,3.497416653854e+00  ,3.515191688707e+00  ,3.531646677391e+00  ,3.546188153768e+00  ,3.559731973767e+00  
  8.515320879270e-07  ,2.344858133232e+00  ,2.646273483359e+00  ,2.844130018508e+00  ,2.983919353836e+00  ,3.089622665208e+00  ,3.171480493379e+00  ,3.235979480520e+00  ,3.288587158876e+00  ,3.332911992028e+00  ,3.370065272639e+00  ,3.402533180504e+00  ,3.430486069734e+00  ,3.456057182659e+00  ,3.477795154808e+00  ,3.497416653854e+00  ,3.515191688707e+00  ,3.531646677391e+00  ,3.546188153768e+00  ,3.559731973767e+00  
  8.525321421076e-07  ,2.344858133232e+00  ,2.646273483359e+00  ,2.844130018508e+00  ,2.983919353836e+00  ,3.089622665208e+00  ,3.171480493379e+00  ,3.235979480520e+00  ,3.288587158876e+00  ,3.332911992028e+00  ,3.370065272639e+00  ,3.402533180504e+00  ,3.430486069734e+00  ,3.456057182659e+00  ,3.477795154808e+00  ,3.497416653854e+00  ,3.515191688707e+00  ,3.531646677391e+00  ,3.546188153768e+00  ,3.559731973767e+00  
  8.535321962882e-07  ,2.344858133232e+00  ,2.646273483359e+00  ,2.844130018508e+00  ,2.983919353836e+00  ,3.089622665208e+00  ,3.171480493379e+00  ,3.235979480520e+00  ,3.288587158876e+00  ,3.332911992028e+00  ,3.370065272639e+00  ,3.402533180504e+00  ,3.430486069734e+00  ,3.456057182659e+00  ,3.477795154808e+00  ,3.497416653854e+00  ,3.515191688707e+00  ,3.531646677391e+00  ,3.546188153768e+00  ,3.559731973767e+00  
  8.545322504689e-07  ,2.344858133232e+00  ,2.646273483359e+00  ,2.844130018508e+00  ,2.983919353836e+00  ,3.089622665208e+00  ,3.171480493379e+00  ,3.235979480520e+00  ,3.288587158876e+00  ,3.332911992028e+00  ,3.370065272639e+00  ,3.402533180504e+00  ,3.430486069734e+00  ,3.456057182659e+00  ,3.477795154808e+00  ,3.497416653854e+00  ,3.515191688707e+00  ,3.531646677391e+00  ,3.546188153768e+00  ,3.559731973767e+00  
  8.555323046495e-07  ,2.344858133232e+00  ,2.646273483359e+00  ,2.844130018508e+00  ,2.983919353836e+00  ,3.089622665208e+00  ,3.171480493379e+00  ,3.235979480520e+00  ,3.288587158876e+00  ,3.332911992028e+00  ,3.370065272639e+00  ,3.402533180504e+00  ,3.430486069734e+00  ,3.456057182659e+00  ,3.477795154808e+00  ,3.497416653854e+00  ,3.515191688707e+00  ,3.531646677391e+00  ,3.546188153768e+00  ,3.559731973767e+00  
  8.565323588301e-07  ,2.344858133232e+00  ,2.646273483359e+00  ,2.844130018508e+00  ,2.983919353836e+00  ,3.089622665208e+00  ,3.171480493379e+00  ,3.235979480520e+00  ,3.288587158876e+00  ,3.332911992028e+00  ,3.370065272639e+00  ,3.402533180504e+00  ,3.430486069734e+00  ,3.456057182659e+00  ,3.477795154808e+00  ,3.497416653854e+00  ,3.515191688707e+00  ,3.531646677391e+00  ,3.546188153768e+00  ,3.559731973767e+00  
  8.575324130107e-07  ,2.344858133232e+00  ,2.646273483359e+00  ,2.844130018508e+00  ,2.983919353836e+00  ,3.089622665208e+00  ,3.171480493379e+00  ,3.235979480520e+00  ,3.288587158876e+00  ,3.332911992028e+00  ,3.370065272639e+00  ,3.402533180504e+00  ,3.430486069734e+00  ,3.456057182659e+00  ,3.477795154808e+00  ,3.497416653854e+00  ,3.515191688707e+00  ,3.531646677391e+00  ,3.546188153768e+00  ,3.559731973767e+00  
  8.585324671913e-07  ,2.344858133232e+00  ,2.646273483359e+00  ,2.844130018508e+00  ,2.983919353836e+00  ,3.089622665208e+00  ,3.171480493379e+00  ,3.235979480520e+00  ,3.288587158876e+00  ,3.332911992028e+00  ,3.370065272639e+00  ,3.402533180504e+00  ,3.430486069734e+00  ,3.456057182659e+00  ,3.477795154808e+00  ,3.497416653854e+00  ,3.515191688707e+00  ,3.531646677391e+00  ,3.546188153768e+00  ,3.559731973767e+00  
  8.595325213720e-07  ,2.344858133232e+00  ,2.646273483359e+00  ,2.844130018508e+00  ,2.983919353836e+00  ,3.089622665208e+00  ,3.171480493379e+00  ,3.235979480520e+00  ,3.288587158876e+00  ,3.332911992028e+00  ,3.370065272639e+00  ,3.402533180504e+00  ,3.430486069734e+00  ,3.456057182659e+00  ,3.477795154808e+00  ,3.497416653854e+00  ,3.515191688707e+00  ,3.531646677391e+00  ,3.546188153768e+00  ,3.559731973767e+00  
  8.605325755526e-07  ,2.344858133232e+00  ,2.646273483359e+00  ,2.844130018508e+00  ,2.983919353836e+00  ,3.089622665208e+00  ,3.171480493379e+00  ,3.235979480520e+00  ,3.288587158876e+00  ,3.332911992028e+00  ,3.370065272639e+00  ,3.402533180504e+00  ,3.430486069734e+00  ,3.456057182659e+00  ,3.477795154808e+00  ,3.497416653854e+00  ,3.515191688707e+00  ,3.531646677391e+00  ,3.546188153768e+00  ,3.559731973767e+00  
  8.615326297332e-07  ,2.344858133232e+00  ,2.646273483359e+00  ,2.844130018508e+00  ,2.983919353836e+00  ,3.089622665208e+00  ,3.171480493379e+00  ,3.235979480520e+00  ,3.288587158876e+00  ,3.332911992028e+00  ,3.370065272639e+00  ,3.402533180504e+00  ,3.430486069734e+00  ,3.456057182659e+00  ,3.477795154808e+00  ,3.497416653854e+00  ,3.515191688707e+00  ,3.531646677391e+00  ,3.546188153768e+00  ,3.559731973767e+00  
  8.625326839138e-07  ,2.344858133232e+00  ,2.646273483359e+00  ,2.844130018508e+00  ,2.983919353836e+00  ,3.089622665208e+00  ,3.171480493379e+00  ,3.235979480520e+00  ,3.288587158876e+00  ,3.332911992028e+00  ,3.370065272639e+00  ,3.402533180504e+00  ,3.430486069734e+00  ,3.456057182659e+00  ,3.477795154808e+00  ,3.497416653854e+00  ,3.515191688707e+00  ,3.531646677391e+00  ,3.546188153768e+00  ,3.559731973767e+00  
  8.635327380945e-07  ,2.344858133232e+00  ,2.646273483359e+00  ,2.844130018508e+00  ,2.983919353836e+00  ,3.089622665208e+00  ,3.171480493379e+00  ,3.235979480520e+00  ,3.288587158876e+00  ,3.332911992028e+00  ,3.370065272639e+00  ,3.402533180504e+00  ,3.430486069734e+00  ,3.456057182659e+00  ,3.477795154808e+00  ,3.497416653854e+00  ,3.515191688707e+00  ,3.531646677391e+00  ,3.546188153768e+00  ,3.559731973767e+00  
  8.645327922751e-07  ,2.344858133232e+00  ,2.646273483359e+00  ,2.844130018508e+00  ,2.983919353836e+00  ,3.089622665208e+00  ,3.171480493379e+00  ,3.235979480520e+00  ,3.288587158876e+00  ,3.332911992028e+00  ,3.370065272639e+00  ,3.402533180504e+00  ,3.430486069734e+00  ,3.456057182659e+00  ,3.477795154808e+00  ,3.497416653854e+00  ,3.515191688707e+00  ,3.531646677391e+00  ,3.546188153768e+00  ,3.559731973767e+00  
  8.655328464557e-07  ,2.344858133232e+00  ,2.646273483359e+00  ,2.844130018508e+00  ,2.983919353836e+00  ,3.089622665208e+00  ,3.171480493379e+00  ,3.235979480520e+00  ,3.288587158876e+00  ,3.332911992028e+00  ,3.370065272639e+00  ,3.402533180504e+00  ,3.430486069734e+00  ,3.456057182659e+00  ,3.477795154808e+00  ,3.497416653854e+00  ,3.515191688707e+00  ,3.531646677391e+00  ,3.546188153768e+00  ,3.559731973767e+00  
  8.665329006363e-07  ,2.344858133232e+00  ,2.646273483359e+00  ,2.844130018508e+00  ,2.983919353836e+00  ,3.089622665208e+00  ,3.171480493379e+00  ,3.235979480520e+00  ,3.288587158876e+00  ,3.332911992028e+00  ,3.370065272639e+00  ,3.402533180504e+00  ,3.430486069734e+00  ,3.456057182659e+00  ,3.477795154808e+00  ,3.497416653854e+00  ,3.515191688707e+00  ,3.531646677391e+00  ,3.546188153768e+00  ,3.559731973767e+00  
  8.675329548169e-07  ,2.344858133232e+00  ,2.646273483359e+00  ,2.844130018508e+00  ,2.983919353836e+00  ,3.089622665208e+00  ,3.171480493379e+00  ,3.235979480520e+00  ,3.288587158876e+00  ,3.332911992028e+00  ,3.370065272639e+00  ,3.402533180504e+00  ,3.430486069734e+00  ,3.456057182659e+00  ,3.477795154808e+00  ,3.497416653854e+00  ,3.515191688707e+00  ,3.531646677391e+00  ,3.546188153768e+00  ,3.559731973767e+00  
  8.685330089976e-07  ,2.344858133232e+00  ,2.646273483359e+00  ,2.844130018508e+00  ,2.983919353836e+00  ,3.089622665208e+00  ,3.171480493379e+00  ,3.235979480520e+00  ,3.288587158876e+00  ,3.332911992028e+00  ,3.370065272639e+00  ,3.402533180504e+00  ,3.430486069734e+00  ,3.456057182659e+00  ,3.477795154808e+00  ,3.497416653854e+00  ,3.515191688707e+00  ,3.531646677391e+00  ,3.546188153768e+00  ,3.559731973767e+00  
  8.695330631782e-07  ,2.344858133232e+00  ,2.646273483359e+00  ,2.844130018508e+00  ,2.983919353836e+00  ,3.089622665208e+00  ,3.171480493379e+00  ,3.235979480520e+00  ,3.288587158876e+00  ,3.332911992028e+00  ,3.370065272639e+00  ,3.402533180504e+00  ,3.430486069734e+00  ,3.456057182659e+00  ,3.477795154808e+00  ,3.497416653854e+00  ,3.515191688707e+00  ,3.531646677391e+00  ,3.546188153768e+00  ,3.559731973767e+00  
  8.705331173588e-07  ,2.344858133232e+00  ,2.646273483359e+00  ,2.844130018508e+00  ,2.983919353836e+00  ,3.089622665208e+00  ,3.171480493379e+00  ,3.235979480520e+00  ,3.288587158876e+00  ,3.332911992028e+00  ,3.370065272639e+00  ,3.402533180504e+00  ,3.430486069734e+00  ,3.456057182659e+00  ,3.477795154808e+00  ,3.497416653854e+00  ,3.515191688707e+00  ,3.531646677391e+00  ,3.546188153768e+00  ,3.559731973767e+00  
  8.715331715394e-07  ,2.344858133232e+00  ,2.646273483359e+00  ,2.844130018508e+00  ,2.983919353836e+00  ,3.089622665208e+00  ,3.171480493379e+00  ,3.235979480520e+00  ,3.288587158876e+00  ,3.332911992028e+00  ,3.370065272639e+00  ,3.402533180504e+00  ,3.430486069734e+00  ,3.456057182659e+00  ,3.477795154808e+00  ,3.497416653854e+00  ,3.515191688707e+00  ,3.531646677391e+00  ,3.546188153768e+00  ,3.559731973767e+00  
  8.725332257201e-07  ,2.344858133232e+00  ,2.646273483359e+00  ,2.844130018508e+00  ,2.983919353836e+00  ,3.089622665208e+00  ,3.171480493379e+00  ,3.235979480520e+00  ,3.288587158876e+00  ,3.332911992028e+00  ,3.370065272639e+00  ,3.402533180504e+00  ,3.430486069734e+00  ,3.456057182659e+00  ,3.477795154808e+00  ,3.497416653854e+00  ,3.515191688707e+00  ,3.531646677391e+00  ,3.546188153768e+00  ,3.559731973767e+00  
  8.735332799007e-07  ,2.344858133232e+00  ,2.646273483359e+00  ,2.844130018508e+00  ,2.983919353836e+00  ,3.089622665208e+00  ,3.171480493379e+00  ,3.235979480520e+00  ,3.288587158876e+00  ,3.332911992028e+00  ,3.370065272639e+00  ,3.402533180504e+00  ,3.430486069734e+00  ,3.456057182659e+00  ,3.477795154808e+00  ,3.497416653854e+00  ,3.515191688707e+00  ,3.531646677391e+00  ,3.546188153768e+00  ,3.559731973767e+00  
  8.745333340813e-07  ,2.344858133232e+00  ,2.646273483359e+00  ,2.844130018508e+00  ,2.983919353836e+00  ,3.089622665208e+00  ,3.171480493379e+00  ,3.235979480520e+00  ,3.288587158876e+00  ,3.332911992028e+00  ,3.370065272639e+00  ,3.402533180504e+00  ,3.430486069734e+00  ,3.456057182659e+00  ,3.477795154808e+00  ,3.497416653854e+00  ,3.515191688707e+00  ,3.531646677391e+00  ,3.546188153768e+00  ,3.559731973767e+00  
  8.755333882619e-07  ,2.344858133232e+00  ,2.646273483359e+00  ,2.844130018508e+00  ,2.983919353836e+00  ,3.089622665208e+00  ,3.171480493379e+00  ,3.235979480520e+00  ,3.288587158876e+00  ,3.332911992028e+00  ,3.370065272639e+00  ,3.402533180504e+00  ,3.430486069734e+00  ,3.456057182659e+00  ,3.477795154808e+00  ,3.497416653854e+00  ,3.515191688707e+00  ,3.531646677391e+00  ,3.546188153768e+00  ,3.559731973767e+00  
  8.765334424425e-07  ,2.344858133232e+00  ,2.646273483359e+00  ,2.844130018508e+00  ,2.983919353836e+00  ,3.089622665208e+00  ,3.171480493379e+00  ,3.235979480520e+00  ,3.288587158876e+00  ,3.332911992028e+00  ,3.370065272639e+00  ,3.402533180504e+00  ,3.430486069734e+00  ,3.456057182659e+00  ,3.477795154808e+00  ,3.497416653854e+00  ,3.515191688707e+00  ,3.531646677391e+00  ,3.546188153768e+00  ,3.559731973767e+00  
  8.775334966232e-07  ,2.344858133232e+00  ,2.646273483359e+00  ,2.844130018508e+00  ,2.983919353836e+00  ,3.089622665208e+00  ,3.171480493379e+00  ,3.235979480520e+00  ,3.288587158876e+00  ,3.332911992028e+00  ,3.370065272639e+00  ,3.402533180504e+00  ,3.430486069734e+00  ,3.456057182659e+00  ,3.477795154808e+00  ,3.497416653854e+00  ,3.515191688707e+00  ,3.531646677391e+00  ,3.546188153768e+00  ,3.559731973767e+00  
  8.785335508038e-07  ,2.344858133232e+00  ,2.646273483359e+00  ,2.844130018508e+00  ,2.983919353836e+00  ,3.089622665208e+00  ,3.171480493379e+00  ,3.235979480520e+00  ,3.288587158876e+00  ,3.332911992028e+00  ,3.370065272639e+00  ,3.402533180504e+00  ,3.430486069734e+00  ,3.456057182659e+00  ,3.477795154808e+00  ,3.497416653854e+00  ,3.515191688707e+00  ,3.531646677391e+00  ,3.546188153768e+00  ,3.559731973767e+00  
  8.795336049844e-07  ,2.344858133232e+00  ,2.646273483359e+00  ,2.844130018508e+00  ,2.983919353836e+00  ,3.089622665208e+00  ,3.171480493379e+00  ,3.235979480520e+00  ,3.288587158876e+00  ,3.332911992028e+00  ,3.370065272639e+00  ,3.402533180504e+00  ,3.430486069734e+00  ,3.456057182659e+00  ,3.477795154808e+00  ,3.497416653854e+00  ,3.515191688707e+00  ,3.531646677391e+00  ,3.546188153768e+00  ,3.559731973767e+00  
  8.805336591650e-07  ,2.344858133232e+00  ,2.646273483359e+00  ,2.844130018508e+00  ,2.983919353836e+00  ,3.089622665208e+00  ,3.171480493379e+00  ,3.235979480520e+00  ,3.288587158876e+00  ,3.332911992028e+00  ,3.370065272639e+00  ,3.402533180504e+00  ,3.430486069734e+00  ,3.456057182659e+00  ,3.477795154808e+00  ,3.497416653854e+00  ,3.515191688707e+00  ,3.531646677391e+00  ,3.546188153768e+00  ,3.559731973767e+00  
  8.815337133457e-07  ,2.344858133232e+00  ,2.646273483359e+00  ,2.844130018508e+00  ,2.983919353836e+00  ,3.089622665208e+00  ,3.171480493379e+00  ,3.235979480520e+00  ,3.288587158876e+00  ,3.332911992028e+00  ,3.370065272639e+00  ,3.402533180504e+00  ,3.430486069734e+00  ,3.456057182659e+00  ,3.477795154808e+00  ,3.497416653854e+00  ,3.515191688707e+00  ,3.531646677391e+00  ,3.546188153768e+00  ,3.559731973767e+00  
  8.825337675263e-07  ,2.344858133232e+00  ,2.646273483359e+00  ,2.844130018508e+00  ,2.983919353836e+00  ,3.089622665208e+00  ,3.171480493379e+00  ,3.235979480520e+00  ,3.288587158876e+00  ,3.332911992028e+00  ,3.370065272639e+00  ,3.402533180504e+00  ,3.430486069734e+00  ,3.456057182659e+00  ,3.477795154808e+00  ,3.497416653854e+00  ,3.515191688707e+00  ,3.531646677391e+00  ,3.546188153768e+00  ,3.559731973767e+00  
  8.835338217069e-07  ,2.344858133232e+00  ,2.646273483359e+00  ,2.844130018508e+00  ,2.983919353836e+00  ,3.089622665208e+00  ,3.171480493379e+00  ,3.235979480520e+00  ,3.288587158876e+00  ,3.332911992028e+00  ,3.370065272639e+00  ,3.402533180504e+00  ,3.430486069734e+00  ,3.456057182659e+00  ,3.477795154808e+00  ,3.497416653854e+00  ,3.515191688707e+00  ,3.531646677391e+00  ,3.546188153768e+00  ,3.559731973767e+00  
  8.845338758875e-07  ,2.344858133232e+00  ,2.646273483359e+00  ,2.844130018508e+00  ,2.983919353836e+00  ,3.089622665208e+00  ,3.171480493379e+00  ,3.235979480520e+00  ,3.288587158876e+00  ,3.332911992028e+00  ,3.370065272639e+00  ,3.402533180504e+00  ,3.430486069734e+00  ,3.456057182659e+00  ,3.477795154808e+00  ,3.497416653854e+00  ,3.515191688707e+00  ,3.531646677391e+00  ,3.546188153768e+00  ,3.559731973767e+00  
  8.855339300681e-07  ,2.344858133232e+00  ,2.646273483359e+00  ,2.844130018508e+00  ,2.983919353836e+00  ,3.089622665208e+00  ,3.171480493379e+00  ,3.235979480520e+00  ,3.288587158876e+00  ,3.332911992028e+00  ,3.370065272639e+00  ,3.402533180504e+00  ,3.430486069734e+00  ,3.456057182659e+00  ,3.477795154808e+00  ,3.497416653854e+00  ,3.515191688707e+00  ,3.531646677391e+00  ,3.546188153768e+00  ,3.559731973767e+00  
  8.865339842488e-07  ,2.344858133232e+00  ,2.646273483359e+00  ,2.844130018508e+00  ,2.983919353836e+00  ,3.089622665208e+00  ,3.171480493379e+00  ,3.235979480520e+00  ,3.288587158876e+00  ,3.332911992028e+00  ,3.370065272639e+00  ,3.402533180504e+00  ,3.430486069734e+00  ,3.456057182659e+00  ,3.477795154808e+00  ,3.497416653854e+00  ,3.515191688707e+00  ,3.531646677391e+00  ,3.546188153768e+00  ,3.559731973767e+00  
  8.875340384294e-07  ,2.344858133232e+00  ,2.646273483359e+00  ,2.844130018508e+00  ,2.983919353836e+00  ,3.089622665208e+00  ,3.171480493379e+00  ,3.235979480520e+00  ,3.288587158876e+00  ,3.332911992028e+00  ,3.370065272639e+00  ,3.402533180504e+00  ,3.430486069734e+00  ,3.456057182659e+00  ,3.477795154808e+00  ,3.497416653854e+00  ,3.515191688707e+00  ,3.531646677391e+00  ,3.546188153768e+00  ,3.559731973767e+00  
  8.885340926100e-07  ,2.344858133232e+00  ,2.646273483359e+00  ,2.844130018508e+00  ,2.983919353836e+00  ,3.089622665208e+00  ,3.171480493379e+00  ,3.235979480520e+00  ,3.288587158876e+00  ,3.332911992028e+00  ,3.370065272639e+00  ,3.402533180504e+00  ,3.430486069734e+00  ,3.456057182659e+00  ,3.477795154808e+00  ,3.497416653854e+00  ,3.515191688707e+00  ,3.531646677391e+00  ,3.546188153768e+00  ,3.559731973767e+00  
  8.895341467906e-07  ,2.344858133232e+00  ,2.646273483359e+00  ,2.844130018508e+00  ,2.983919353836e+00  ,3.089622665208e+00  ,3.171480493379e+00  ,3.235979480520e+00  ,3.288587158876e+00  ,3.332911992028e+00  ,3.370065272639e+00  ,3.402533180504e+00  ,3.430486069734e+00  ,3.456057182659e+00  ,3.477795154808e+00  ,3.497416653854e+00  ,3.515191688707e+00  ,3.531646677391e+00  ,3.546188153768e+00  ,3.559731973767e+00  
  8.905342009713e-07  ,2.344858133232e+00  ,2.646273483359e+00  ,2.844130018508e+00  ,2.983919353836e+00  ,3.089622665208e+00  ,3.171480493379e+00  ,3.235979480520e+00  ,3.288587158876e+00  ,3.332911992028e+00  ,3.370065272639e+00  ,3.402533180504e+00  ,3.430486069734e+00  ,3.456057182659e+00  ,3.477795154808e+00  ,3.497416653854e+00  ,3.515191688707e+00  ,3.531646677391e+00  ,3.546188153768e+00  ,3.559731973767e+00  
  8.915342551519e-07  ,2.344858133232e+00  ,2.646273483359e+00  ,2.844130018508e+00  ,2.983919353836e+00  ,3.089622665208e+00  ,3.171480493379e+00  ,3.235979480520e+00  ,3.288587158876e+00  ,3.332911992028e+00  ,3.370065272639e+00  ,3.402533180504e+00  ,3.430486069734e+00  ,3.456057182659e+00  ,3.477795154808e+00  ,3.497416653854e+00  ,3.515191688707e+00  ,3.531646677391e+00  ,3.546188153768e+00  ,3.559731973767e+00  
  8.925343093325e-07  ,2.344858133232e+00  ,2.646273483359e+00  ,2.844130018508e+00  ,2.983919353836e+00  ,3.089622665208e+00  ,3.171480493379e+00  ,3.235979480520e+00  ,3.288587158876e+00  ,3.332911992028e+00  ,3.370065272639e+00  ,3.402533180504e+00  ,3.430486069734e+00  ,3.456057182659e+00  ,3.477795154808e+00  ,3.497416653854e+00  ,3.515191688707e+00  ,3.531646677391e+00  ,3.546188153768e+00  ,3.559731973767e+00  
  8.935343635131e-07  ,2.344858133232e+00  ,2.646273483359e+00  ,2.844130018508e+00  ,2.983919353836e+00  ,3.089622665208e+00  ,3.171480493379e+00  ,3.235979480520e+00  ,3.288587158876e+00  ,3.332911992028e+00  ,3.370065272639e+00  ,3.402533180504e+00  ,3.430486069734e+00  ,3.456057182659e+00  ,3.477795154808e+00  ,3.497416653854e+00  ,3.515191688707e+00  ,3.531646677391e+00  ,3.546188153768e+00  ,3.559731973767e+00  
  8.945344176937e-07  ,2.344858133232e+00  ,2.646273483359e+00  ,2.844130018508e+00  ,2.983919353836e+00  ,3.089622665208e+00  ,3.171480493379e+00  ,3.235979480520e+00  ,3.288587158876e+00  ,3.332911992028e+00  ,3.370065272639e+00  ,3.402533180504e+00  ,3.430486069734e+00  ,3.456057182659e+00  ,3.477795154808e+00  ,3.497416653854e+00  ,3.515191688707e+00  ,3.531646677391e+00  ,3.546188153768e+00  ,3.559731973767e+00  
  8.955344718744e-07  ,2.344858133232e+00  ,2.646273483359e+00  ,2.844130018508e+00  ,2.983919353836e+00  ,3.089622665208e+00  ,3.171480493379e+00  ,3.235979480520e+00  ,3.288587158876e+00  ,3.332911992028e+00  ,3.370065272639e+00  ,3.402533180504e+00  ,3.430486069734e+00  ,3.456057182659e+00  ,3.477795154808e+00  ,3.497416653854e+00  ,3.515191688707e+00  ,3.531646677391e+00  ,3.546188153768e+00  ,3.559731973767e+00  
  8.965345260550e-07  ,2.344858133232e+00  ,2.646273483359e+00  ,2.844130018508e+00  ,2.983919353836e+00  ,3.089622665208e+00  ,3.171480493379e+00  ,3.235979480520e+00  ,3.288587158876e+00  ,3.332911992028e+00  ,3.370065272639e+00  ,3.402533180504e+00  ,3.430486069734e+00  ,3.456057182659e+00  ,3.477795154808e+00  ,3.497416653854e+00  ,3.515191688707e+00  ,3.531646677391e+00  ,3.546188153768e+00  ,3.559731973767e+00  
  8.975345802356e-07  ,2.344858133232e+00  ,2.646273483359e+00  ,2.844130018508e+00  ,2.983919353836e+00  ,3.089622665208e+00  ,3.171480493379e+00  ,3.235979480520e+00  ,3.288587158876e+00  ,3.332911992028e+00  ,3.370065272639e+00  ,3.402533180504e+00  ,3.430486069734e+00  ,3.456057182659e+00  ,3.477795154808e+00  ,3.497416653854e+00  ,3.515191688707e+00  ,3.531646677391e+00  ,3.546188153768e+00  ,3.559731973767e+00  
  8.985346344162e-07  ,2.344858133232e+00  ,2.646273483359e+00  ,2.844130018508e+00  ,2.983919353836e+00  ,3.089622665208e+00  ,3.171480493379e+00  ,3.235979480520e+00  ,3.288587158876e+00  ,3.332911992028e+00  ,3.370065272639e+00  ,3.402533180504e+00  ,3.430486069734e+00  ,3.456057182659e+00  ,3.477795154808e+00  ,3.497416653854e+00  ,3.515191688707e+00  ,3.531646677391e+00  ,3.546188153768e+00  ,3.559731973767e+00  
  8.995346885969e-07  ,2.344858133232e+00  ,2.646273483359e+00  ,2.844130018508e+00  ,2.983919353836e+00  ,3.089622665208e+00  ,3.171480493379e+00  ,3.235979480520e+00  ,3.288587158876e+00  ,3.332911992028e+00  ,3.370065272639e+00  ,3.402533180504e+00  ,3.430486069734e+00  ,3.456057182659e+00  ,3.477795154808e+00  ,3.497416653854e+00  ,3.515191688707e+00  ,3.531646677391e+00  ,3.546188153768e+00  ,3.559731973767e+00  
  9.005347427775e-07  ,2.344858133232e+00  ,2.646273483359e+00  ,2.844130018508e+00  ,2.983919353836e+00  ,3.089622665208e+00  ,3.171480493379e+00  ,3.235979480520e+00  ,3.288587158876e+00  ,3.332911992028e+00  ,3.370065272639e+00  ,3.402533180504e+00  ,3.430486069734e+00  ,3.456057182659e+00  ,3.477795154808e+00  ,3.497416653854e+00  ,3.515191688707e+00  ,3.531646677391e+00  ,3.546188153768e+00  ,3.559731973767e+00  
  9.015347969581e-07  ,2.344858133232e+00  ,2.646273483359e+00  ,2.844130018508e+00  ,2.983919353836e+00  ,3.089622665208e+00  ,3.171480493379e+00  ,3.235979480520e+00  ,3.288587158876e+00  ,3.332911992028e+00  ,3.370065272639e+00  ,3.402533180504e+00  ,3.430486069734e+00  ,3.456057182659e+00  ,3.477795154808e+00  ,3.497416653854e+00  ,3.515191688707e+00  ,3.531646677391e+00  ,3.546188153768e+00  ,3.559731973767e+00  
  9.025348511387e-07  ,2.344858133232e+00  ,2.646273483359e+00  ,2.844130018508e+00  ,2.983919353836e+00  ,3.089622665208e+00  ,3.171480493379e+00  ,3.235979480520e+00  ,3.288587158876e+00  ,3.332911992028e+00  ,3.370065272639e+00  ,3.402533180504e+00  ,3.430486069734e+00  ,3.456057182659e+00  ,3.477795154808e+00  ,3.497416653854e+00  ,3.515191688707e+00  ,3.531646677391e+00  ,3.546188153768e+00  ,3.559731973767e+00  
  9.035349053193e-07  ,2.344858133232e+00  ,2.646273483359e+00  ,2.844130018508e+00  ,2.983919353836e+00  ,3.089622665208e+00  ,3.171480493379e+00  ,3.235979480520e+00  ,3.288587158876e+00  ,3.332911992028e+00  ,3.370065272639e+00  ,3.402533180504e+00  ,3.430486069734e+00  ,3.456057182659e+00  ,3.477795154808e+00  ,3.497416653854e+00  ,3.515191688707e+00  ,3.531646677391e+00  ,3.546188153768e+00  ,3.559731973767e+00  
  9.045349595000e-07  ,2.344858133232e+00  ,2.646273483359e+00  ,2.844130018508e+00  ,2.983919353836e+00  ,3.089622665208e+00  ,3.171480493379e+00  ,3.235979480520e+00  ,3.288587158876e+00  ,3.332911992028e+00  ,3.370065272639e+00  ,3.402533180504e+00  ,3.430486069734e+00  ,3.456057182659e+00  ,3.477795154808e+00  ,3.497416653854e+00  ,3.515191688707e+00  ,3.531646677391e+00  ,3.546188153768e+00  ,3.559731973767e+00  
  9.055350136806e-07  ,2.344858133232e+00  ,2.646273483359e+00  ,2.844130018508e+00  ,2.983919353836e+00  ,3.089622665208e+00  ,3.171480493379e+00  ,3.235979480520e+00  ,3.288587158876e+00  ,3.332911992028e+00  ,3.370065272639e+00  ,3.402533180504e+00  ,3.430486069734e+00  ,3.456057182659e+00  ,3.477795154808e+00  ,3.497416653854e+00  ,3.515191688707e+00  ,3.531646677391e+00  ,3.546188153768e+00  ,3.559731973767e+00  
  9.065350678612e-07  ,2.344858133232e+00  ,2.646273483359e+00  ,2.844130018508e+00  ,2.983919353836e+00  ,3.089622665208e+00  ,3.171480493379e+00  ,3.235979480520e+00  ,3.288587158876e+00  ,3.332911992028e+00  ,3.370065272639e+00  ,3.402533180504e+00  ,3.430486069734e+00  ,3.456057182659e+00  ,3.477795154808e+00  ,3.497416653854e+00  ,3.515191688707e+00  ,3.531646677391e+00  ,3.546188153768e+00  ,3.559731973767e+00  
  9.075351220418e-07  ,2.344858133232e+00  ,2.646273483359e+00  ,2.844130018508e+00  ,2.983919353836e+00  ,3.089622665208e+00  ,3.171480493379e+00  ,3.235979480520e+00  ,3.288587158876e+00  ,3.332911992028e+00  ,3.370065272639e+00  ,3.402533180504e+00  ,3.430486069734e+00  ,3.456057182659e+00  ,3.477795154808e+00  ,3.497416653854e+00  ,3.515191688707e+00  ,3.531646677391e+00  ,3.546188153768e+00  ,3.559731973767e+00  
  9.085351762224e-07  ,2.344858133232e+00  ,2.646273483359e+00  ,2.844130018508e+00  ,2.983919353836e+00  ,3.089622665208e+00  ,3.171480493379e+00  ,3.235979480520e+00  ,3.288587158876e+00  ,3.332911992028e+00  ,3.370065272639e+00  ,3.402533180504e+00  ,3.430486069734e+00  ,3.456057182659e+00  ,3.477795154808e+00  ,3.497416653854e+00  ,3.515191688707e+00  ,3.531646677391e+00  ,3.546188153768e+00  ,3.559731973767e+00  
  9.095352304031e-07  ,2.344858133232e+00  ,2.646273483359e+00  ,2.844130018508e+00  ,2.983919353836e+00  ,3.089622665208e+00  ,3.171480493379e+00  ,3.235979480520e+00  ,3.288587158876e+00  ,3.332911992028e+00  ,3.370065272639e+00  ,3.402533180504e+00  ,3.430486069734e+00  ,3.456057182659e+00  ,3.477795154808e+00  ,3.497416653854e+00  ,3.515191688707e+00  ,3.531646677391e+00  ,3.546188153768e+00  ,3.559731973767e+00  
  9.105352845837e-07  ,2.344858133232e+00  ,2.646273483359e+00  ,2.844130018508e+00  ,2.983919353836e+00  ,3.089622665208e+00  ,3.171480493379e+00  ,3.235979480520e+00  ,3.288587158876e+00  ,3.332911992028e+00  ,3.370065272639e+00  ,3.402533180504e+00  ,3.430486069734e+00  ,3.456057182659e+00  ,3.477795154808e+00  ,3.497416653854e+00  ,3.515191688707e+00  ,3.531646677391e+00  ,3.546188153768e+00  ,3.559731973767e+00  
  9.115353387643e-07  ,2.344858133232e+00  ,2.646273483359e+00  ,2.844130018508e+00  ,2.983919353836e+00  ,3.089622665208e+00  ,3.171480493379e+00  ,3.235979480520e+00  ,3.288587158876e+00  ,3.332911992028e+00  ,3.370065272639e+00  ,3.402533180504e+00  ,3.430486069734e+00  ,3.456057182659e+00  ,3.477795154808e+00  ,3.497416653854e+00  ,3.515191688707e+00  ,3.531646677391e+00  ,3.546188153768e+00  ,3.559731973767e+00  
  9.125353929449e-07  ,2.344858133232e+00  ,2.646273483359e+00  ,2.844130018508e+00  ,2.983919353836e+00  ,3.089622665208e+00  ,3.171480493379e+00  ,3.235979480520e+00  ,3.288587158876e+00  ,3.332911992028e+00  ,3.370065272639e+00  ,3.402533180504e+00  ,3.430486069734e+00  ,3.456057182659e+00  ,3.477795154808e+00  ,3.497416653854e+00  ,3.515191688707e+00  ,3.531646677391e+00  ,3.546188153768e+00  ,3.559731973767e+00  
  9.135354471256e-07  ,2.344858133232e+00  ,2.646273483359e+00  ,2.844130018508e+00  ,2.983919353836e+00  ,3.089622665208e+00  ,3.171480493379e+00  ,3.235979480520e+00  ,3.288587158876e+00  ,3.332911992028e+00  ,3.370065272639e+00  ,3.402533180504e+00  ,3.430486069734e+00  ,3.456057182659e+00  ,3.477795154808e+00  ,3.497416653854e+00  ,3.515191688707e+00  ,3.531646677391e+00  ,3.546188153768e+00  ,3.559731973767e+00  
  9.145355013062e-07  ,2.344858133232e+00  ,2.646273483359e+00  ,2.844130018508e+00  ,2.983919353836e+00  ,3.089622665208e+00  ,3.171480493379e+00  ,3.235979480520e+00  ,3.288587158876e+00  ,3.332911992028e+00  ,3.370065272639e+00  ,3.402533180504e+00  ,3.430486069734e+00  ,3.456057182659e+00  ,3.477795154808e+00  ,3.497416653854e+00  ,3.515191688707e+00  ,3.531646677391e+00  ,3.546188153768e+00  ,3.559731973767e+00  
  9.155355554868e-07  ,2.344858133232e+00  ,2.646273483359e+00  ,2.844130018508e+00  ,2.983919353836e+00  ,3.089622665208e+00  ,3.171480493379e+00  ,3.235979480520e+00  ,3.288587158876e+00  ,3.332911992028e+00  ,3.370065272639e+00  ,3.402533180504e+00  ,3.430486069734e+00  ,3.456057182659e+00  ,3.477795154808e+00  ,3.497416653854e+00  ,3.515191688707e+00  ,3.531646677391e+00  ,3.546188153768e+00  ,3.559731973767e+00  
  9.165356096674e-07  ,2.344858133232e+00  ,2.646273483359e+00  ,2.844130018508e+00  ,2.983919353836e+00  ,3.089622665208e+00  ,3.171480493379e+00  ,3.235979480520e+00  ,3.288587158876e+00  ,3.332911992028e+00  ,3.370065272639e+00  ,3.402533180504e+00  ,3.430486069734e+00  ,3.456057182659e+00  ,3.477795154808e+00  ,3.497416653854e+00  ,3.515191688707e+00  ,3.531646677391e+00  ,3.546188153768e+00  ,3.559731973767e+00  
  9.175356638480e-07  ,2.344858133232e+00  ,2.646273483359e+00  ,2.844130018508e+00  ,2.983919353836e+00  ,3.089622665208e+00  ,3.171480493379e+00  ,3.235979480520e+00  ,3.288587158876e+00  ,3.332911992028e+00  ,3.370065272639e+00  ,3.402533180504e+00  ,3.430486069734e+00  ,3.456057182659e+00  ,3.477795154808e+00  ,3.497416653854e+00  ,3.515191688707e+00  ,3.531646677391e+00  ,3.546188153768e+00  ,3.559731973767e+00  
  9.185357180287e-07  ,2.344858133232e+00  ,2.646273483359e+00  ,2.844130018508e+00  ,2.983919353836e+00  ,3.089622665208e+00  ,3.171480493379e+00  ,3.235979480520e+00  ,3.288587158876e+00  ,3.332911992028e+00  ,3.370065272639e+00  ,3.402533180504e+00  ,3.430486069734e+00  ,3.456057182659e+00  ,3.477795154808e+00  ,3.497416653854e+00  ,3.515191688707e+00  ,3.531646677391e+00  ,3.546188153768e+00  ,3.559731973767e+00  
  9.195357722093e-07  ,2.344858133232e+00  ,2.646273483359e+00  ,2.844130018508e+00  ,2.983919353836e+00  ,3.089622665208e+00  ,3.171480493379e+00  ,3.235979480520e+00  ,3.288587158876e+00  ,3.332911992028e+00  ,3.370065272639e+00  ,3.402533180504e+00  ,3.430486069734e+00  ,3.456057182659e+00  ,3.477795154808e+00  ,3.497416653854e+00  ,3.515191688707e+00  ,3.531646677391e+00  ,3.546188153768e+00  ,3.559731973767e+00  
  9.205358263899e-07  ,2.344858133232e+00  ,2.646273483359e+00  ,2.844130018508e+00  ,2.983919353836e+00  ,3.089622665208e+00  ,3.171480493379e+00  ,3.235979480520e+00  ,3.288587158876e+00  ,3.332911992028e+00  ,3.370065272639e+00  ,3.402533180504e+00  ,3.430486069734e+00  ,3.456057182659e+00  ,3.477795154808e+00  ,3.497416653854e+00  ,3.515191688707e+00  ,3.531646677391e+00  ,3.546188153768e+00  ,3.559731973767e+00  
  9.215358805705e-07  ,2.344858133232e+00  ,2.646273483359e+00  ,2.844130018508e+00  ,2.983919353836e+00  ,3.089622665208e+00  ,3.171480493379e+00  ,3.235979480520e+00  ,3.288587158876e+00  ,3.332911992028e+00  ,3.370065272639e+00  ,3.402533180504e+00  ,3.430486069734e+00  ,3.456057182659e+00  ,3.477795154808e+00  ,3.497416653854e+00  ,3.515191688707e+00  ,3.531646677391e+00  ,3.546188153768e+00  ,3.559731973767e+00  
  9.225359347512e-07  ,2.344858133232e+00  ,2.646273483359e+00  ,2.844130018508e+00  ,2.983919353836e+00  ,3.089622665208e+00  ,3.171480493379e+00  ,3.235979480520e+00  ,3.288587158876e+00  ,3.332911992028e+00  ,3.370065272639e+00  ,3.402533180504e+00  ,3.430486069734e+00  ,3.456057182659e+00  ,3.477795154808e+00  ,3.497416653854e+00  ,3.515191688707e+00  ,3.531646677391e+00  ,3.546188153768e+00  ,3.559731973767e+00  
  9.235359889318e-07  ,2.344858133232e+00  ,2.646273483359e+00  ,2.844130018508e+00  ,2.983919353836e+00  ,3.089622665208e+00  ,3.171480493379e+00  ,3.235979480520e+00  ,3.288587158876e+00  ,3.332911992028e+00  ,3.370065272639e+00  ,3.402533180504e+00  ,3.430486069734e+00  ,3.456057182659e+00  ,3.477795154808e+00  ,3.497416653854e+00  ,3.515191688707e+00  ,3.531646677391e+00  ,3.546188153768e+00  ,3.559731973767e+00  
  9.245360431124e-07  ,2.344858133232e+00  ,2.646273483359e+00  ,2.844130018508e+00  ,2.983919353836e+00  ,3.089622665208e+00  ,3.171480493379e+00  ,3.235979480520e+00  ,3.288587158876e+00  ,3.332911992028e+00  ,3.370065272639e+00  ,3.402533180504e+00  ,3.430486069734e+00  ,3.456057182659e+00  ,3.477795154808e+00  ,3.497416653854e+00  ,3.515191688707e+00  ,3.531646677391e+00  ,3.546188153768e+00  ,3.559731973767e+00  
  9.255360972930e-07  ,2.344858133232e+00  ,2.646273483359e+00  ,2.844130018508e+00  ,2.983919353836e+00  ,3.089622665208e+00  ,3.171480493379e+00  ,3.235979480520e+00  ,3.288587158876e+00  ,3.332911992028e+00  ,3.370065272639e+00  ,3.402533180504e+00  ,3.430486069734e+00  ,3.456057182659e+00  ,3.477795154808e+00  ,3.497416653854e+00  ,3.515191688707e+00  ,3.531646677391e+00  ,3.546188153768e+00  ,3.559731973767e+00  
  9.265361514736e-07  ,2.344858133232e+00  ,2.646273483359e+00  ,2.844130018508e+00  ,2.983919353836e+00  ,3.089622665208e+00  ,3.171480493379e+00  ,3.235979480520e+00  ,3.288587158876e+00  ,3.332911992028e+00  ,3.370065272639e+00  ,3.402533180504e+00  ,3.430486069734e+00  ,3.456057182659e+00  ,3.477795154808e+00  ,3.497416653854e+00  ,3.515191688707e+00  ,3.531646677391e+00  ,3.546188153768e+00  ,3.559731973767e+00  
  9.275362056543e-07  ,2.344858133232e+00  ,2.646273483359e+00  ,2.844130018508e+00  ,2.983919353836e+00  ,3.089622665208e+00  ,3.171480493379e+00  ,3.235979480520e+00  ,3.288587158876e+00  ,3.332911992028e+00  ,3.370065272639e+00  ,3.402533180504e+00  ,3.430486069734e+00  ,3.456057182659e+00  ,3.477795154808e+00  ,3.497416653854e+00  ,3.515191688707e+00  ,3.531646677391e+00  ,3.546188153768e+00  ,3.559731973767e+00  
  9.285362598349e-07  ,2.344858133232e+00  ,2.646273483359e+00  ,2.844130018508e+00  ,2.983919353836e+00  ,3.089622665208e+00  ,3.171480493379e+00  ,3.235979480520e+00  ,3.288587158876e+00  ,3.332911992028e+00  ,3.370065272639e+00  ,3.402533180504e+00  ,3.430486069734e+00  ,3.456057182659e+00  ,3.477795154808e+00  ,3.497416653854e+00  ,3.515191688707e+00  ,3.531646677391e+00  ,3.546188153768e+00  ,3.559731973767e+00  
  9.295363140155e-07  ,2.344858133232e+00  ,2.646273483359e+00  ,2.844130018508e+00  ,2.983919353836e+00  ,3.089622665208e+00  ,3.171480493379e+00  ,3.235979480520e+00  ,3.288587158876e+00  ,3.332911992028e+00  ,3.370065272639e+00  ,3.402533180504e+00  ,3.430486069734e+00  ,3.456057182659e+00  ,3.477795154808e+00  ,3.497416653854e+00  ,3.515191688707e+00  ,3.531646677391e+00  ,3.546188153768e+00  ,3.559731973767e+00  
  9.305363681961e-07  ,2.344858133232e+00  ,2.646273483359e+00  ,2.844130018508e+00  ,2.983919353836e+00  ,3.089622665208e+00  ,3.171480493379e+00  ,3.235979480520e+00  ,3.288587158876e+00  ,3.332911992028e+00  ,3.370065272639e+00  ,3.402533180504e+00  ,3.430486069734e+00  ,3.456057182659e+00  ,3.477795154808e+00  ,3.497416653854e+00  ,3.515191688707e+00  ,3.531646677391e+00  ,3.546188153768e+00  ,3.559731973767e+00  
  9.315364223768e-07  ,2.344858133232e+00  ,2.646273483359e+00  ,2.844130018508e+00  ,2.983919353836e+00  ,3.089622665208e+00  ,3.171480493379e+00  ,3.235979480520e+00  ,3.288587158876e+00  ,3.332911992028e+00  ,3.370065272639e+00  ,3.402533180504e+00  ,3.430486069734e+00  ,3.456057182659e+00  ,3.477795154808e+00  ,3.497416653854e+00  ,3.515191688707e+00  ,3.531646677391e+00  ,3.546188153768e+00  ,3.559731973767e+00  
  9.325364765574e-07  ,2.344858133232e+00  ,2.646273483359e+00  ,2.844130018508e+00  ,2.983919353836e+00  ,3.089622665208e+00  ,3.171480493379e+00  ,3.235979480520e+00  ,3.288587158876e+00  ,3.332911992028e+00  ,3.370065272639e+00  ,3.402533180504e+00  ,3.430486069734e+00  ,3.456057182659e+00  ,3.477795154808e+00  ,3.497416653854e+00  ,3.515191688707e+00  ,3.531646677391e+00  ,3.546188153768e+00  ,3.559731973767e+00  
  9.335365307380e-07  ,2.344858133232e+00  ,2.646273483359e+00  ,2.844130018508e+00  ,2.983919353836e+00  ,3.089622665208e+00  ,3.171480493379e+00  ,3.235979480520e+00  ,3.288587158876e+00  ,3.332911992028e+00  ,3.370065272639e+00  ,3.402533180504e+00  ,3.430486069734e+00  ,3.456057182659e+00  ,3.477795154808e+00  ,3.497416653854e+00  ,3.515191688707e+00  ,3.531646677391e+00  ,3.546188153768e+00  ,3.559731973767e+00  
  9.345365849186e-07  ,2.344858133232e+00  ,2.646273483359e+00  ,2.844130018508e+00  ,2.983919353836e+00  ,3.089622665208e+00  ,3.171480493379e+00  ,3.235979480520e+00  ,3.288587158876e+00  ,3.332911992028e+00  ,3.370065272639e+00  ,3.402533180504e+00  ,3.430486069734e+00  ,3.456057182659e+00  ,3.477795154808e+00  ,3.497416653854e+00  ,3.515191688707e+00  ,3.531646677391e+00  ,3.546188153768e+00  ,3.559731973767e+00  
  9.355366390992e-07  ,2.344858133232e+00  ,2.646273483359e+00  ,2.844130018508e+00  ,2.983919353836e+00  ,3.089622665208e+00  ,3.171480493379e+00  ,3.235979480520e+00  ,3.288587158876e+00  ,3.332911992028e+00  ,3.370065272639e+00  ,3.402533180504e+00  ,3.430486069734e+00  ,3.456057182659e+00  ,3.477795154808e+00  ,3.497416653854e+00  ,3.515191688707e+00  ,3.531646677391e+00  ,3.546188153768e+00  ,3.559731973767e+00  
  9.365366932799e-07  ,2.344858133232e+00  ,2.646273483359e+00  ,2.844130018508e+00  ,2.983919353836e+00  ,3.089622665208e+00  ,3.171480493379e+00  ,3.235979480520e+00  ,3.288587158876e+00  ,3.332911992028e+00  ,3.370065272639e+00  ,3.402533180504e+00  ,3.430486069734e+00  ,3.456057182659e+00  ,3.477795154808e+00  ,3.497416653854e+00  ,3.515191688707e+00  ,3.531646677391e+00  ,3.546188153768e+00  ,3.559731973767e+00  
  9.375367474605e-07  ,2.344858133232e+00  ,2.646273483359e+00  ,2.844130018508e+00  ,2.983919353836e+00  ,3.089622665208e+00  ,3.171480493379e+00  ,3.235979480520e+00  ,3.288587158876e+00  ,3.332911992028e+00  ,3.370065272639e+00  ,3.402533180504e+00  ,3.430486069734e+00  ,3.456057182659e+00  ,3.477795154808e+00  ,3.497416653854e+00  ,3.515191688707e+00  ,3.531646677391e+00  ,3.546188153768e+00  ,3.559731973767e+00  
  9.385368016411e-07  ,2.344858133232e+00  ,2.646273483359e+00  ,2.844130018508e+00  ,2.983919353836e+00  ,3.089622665208e+00  ,3.171480493379e+00  ,3.235979480520e+00  ,3.288587158876e+00  ,3.332911992028e+00  ,3.370065272639e+00  ,3.402533180504e+00  ,3.430486069734e+00  ,3.456057182659e+00  ,3.477795154808e+00  ,3.497416653854e+00  ,3.515191688707e+00  ,3.531646677391e+00  ,3.546188153768e+00  ,3.559731973767e+00  
  9.395368558217e-07  ,2.344858133232e+00  ,2.646273483359e+00  ,2.844130018508e+00  ,2.983919353836e+00  ,3.089622665208e+00  ,3.171480493379e+00  ,3.235979480520e+00  ,3.288587158876e+00  ,3.332911992028e+00  ,3.370065272639e+00  ,3.402533180504e+00  ,3.430486069734e+00  ,3.456057182659e+00  ,3.477795154808e+00  ,3.497416653854e+00  ,3.515191688707e+00  ,3.531646677391e+00  ,3.546188153768e+00  ,3.559731973767e+00  
  9.405369100024e-07  ,2.344858133232e+00  ,2.646273483359e+00  ,2.844130018508e+00  ,2.983919353836e+00  ,3.089622665208e+00  ,3.171480493379e+00  ,3.235979480520e+00  ,3.288587158876e+00  ,3.332911992028e+00  ,3.370065272639e+00  ,3.402533180504e+00  ,3.430486069734e+00  ,3.456057182659e+00  ,3.477795154808e+00  ,3.497416653854e+00  ,3.515191688707e+00  ,3.531646677391e+00  ,3.546188153768e+00  ,3.559731973767e+00  
  9.415369641830e-07  ,2.344858133232e+00  ,2.646273483359e+00  ,2.844130018508e+00  ,2.983919353836e+00  ,3.089622665208e+00  ,3.171480493379e+00  ,3.235979480520e+00  ,3.288587158876e+00  ,3.332911992028e+00  ,3.370065272639e+00  ,3.402533180504e+00  ,3.430486069734e+00  ,3.456057182659e+00  ,3.477795154808e+00  ,3.497416653854e+00  ,3.515191688707e+00  ,3.531646677391e+00  ,3.546188153768e+00  ,3.559731973767e+00  
  9.425370183636e-07  ,2.344858133232e+00  ,2.646273483359e+00  ,2.844130018508e+00  ,2.983919353836e+00  ,3.089622665208e+00  ,3.171480493379e+00  ,3.235979480520e+00  ,3.288587158876e+00  ,3.332911992028e+00  ,3.370065272639e+00  ,3.402533180504e+00  ,3.430486069734e+00  ,3.456057182659e+00  ,3.477795154808e+00  ,3.497416653854e+00  ,3.515191688707e+00  ,3.531646677391e+00  ,3.546188153768e+00  ,3.559731973767e+00  
  9.435370725442e-07  ,2.344858133232e+00  ,2.646273483359e+00  ,2.844130018508e+00  ,2.983919353836e+00  ,3.089622665208e+00  ,3.171480493379e+00  ,3.235979480520e+00  ,3.288587158876e+00  ,3.332911992028e+00  ,3.370065272639e+00  ,3.402533180504e+00  ,3.430486069734e+00  ,3.456057182659e+00  ,3.477795154808e+00  ,3.497416653854e+00  ,3.515191688707e+00  ,3.531646677391e+00  ,3.546188153768e+00  ,3.559731973767e+00  
  9.445371267248e-07  ,2.344858133232e+00  ,2.646273483359e+00  ,2.844130018508e+00  ,2.983919353836e+00  ,3.089622665208e+00  ,3.171480493379e+00  ,3.235979480520e+00  ,3.288587158876e+00  ,3.332911992028e+00  ,3.370065272639e+00  ,3.402533180504e+00  ,3.430486069734e+00  ,3.456057182659e+00  ,3.477795154808e+00  ,3.497416653854e+00  ,3.515191688707e+00  ,3.531646677391e+00  ,3.546188153768e+00  ,3.559731973767e+00  
  9.455371809055e-07  ,2.344858133232e+00  ,2.646273483359e+00  ,2.844130018508e+00  ,2.983919353836e+00  ,3.089622665208e+00  ,3.171480493379e+00  ,3.235979480520e+00  ,3.288587158876e+00  ,3.332911992028e+00  ,3.370065272639e+00  ,3.402533180504e+00  ,3.430486069734e+00  ,3.456057182659e+00  ,3.477795154808e+00  ,3.497416653854e+00  ,3.515191688707e+00  ,3.531646677391e+00  ,3.546188153768e+00  ,3.559731973767e+00  
  9.465372350861e-07  ,2.344858133232e+00  ,2.646273483359e+00  ,2.844130018508e+00  ,2.983919353836e+00  ,3.089622665208e+00  ,3.171480493379e+00  ,3.235979480520e+00  ,3.288587158876e+00  ,3.332911992028e+00  ,3.370065272639e+00  ,3.402533180504e+00  ,3.430486069734e+00  ,3.456057182659e+00  ,3.477795154808e+00  ,3.497416653854e+00  ,3.515191688707e+00  ,3.531646677391e+00  ,3.546188153768e+00  ,3.559731973767e+00  
  9.475372892667e-07  ,2.344858133232e+00  ,2.646273483359e+00  ,2.844130018508e+00  ,2.983919353836e+00  ,3.089622665208e+00  ,3.171480493379e+00  ,3.235979480520e+00  ,3.288587158876e+00  ,3.332911992028e+00  ,3.370065272639e+00  ,3.402533180504e+00  ,3.430486069734e+00  ,3.456057182659e+00  ,3.477795154808e+00  ,3.497416653854e+00  ,3.515191688707e+00  ,3.531646677391e+00  ,3.546188153768e+00  ,3.559731973767e+00  
  9.485373434473e-07  ,2.344858133232e+00  ,2.646273483359e+00  ,2.844130018508e+00  ,2.983919353836e+00  ,3.089622665208e+00  ,3.171480493379e+00  ,3.235979480520e+00  ,3.288587158876e+00  ,3.332911992028e+00  ,3.370065272639e+00  ,3.402533180504e+00  ,3.430486069734e+00  ,3.456057182659e+00  ,3.477795154808e+00  ,3.497416653854e+00  ,3.515191688707e+00  ,3.531646677391e+00  ,3.546188153768e+00  ,3.559731973767e+00  
  9.495373976280e-07  ,2.344858133232e+00  ,2.646273483359e+00  ,2.844130018508e+00  ,2.983919353836e+00  ,3.089622665208e+00  ,3.171480493379e+00  ,3.235979480520e+00  ,3.288587158876e+00  ,3.332911992028e+00  ,3.370065272639e+00  ,3.402533180504e+00  ,3.430486069734e+00  ,3.456057182659e+00  ,3.477795154808e+00  ,3.497416653854e+00  ,3.515191688707e+00  ,3.531646677391e+00  ,3.546188153768e+00  ,3.559731973767e+00  
  9.505374518086e-07  ,2.344858133232e+00  ,2.646273483359e+00  ,2.844130018508e+00  ,2.983919353836e+00  ,3.089622665208e+00  ,3.171480493379e+00  ,3.235979480520e+00  ,3.288587158876e+00  ,3.332911992028e+00  ,3.370065272639e+00  ,3.402533180504e+00  ,3.430486069734e+00  ,3.456057182659e+00  ,3.477795154808e+00  ,3.497416653854e+00  ,3.515191688707e+00  ,3.531646677391e+00  ,3.546188153768e+00  ,3.559731973767e+00  
  9.515375059892e-07  ,2.344858133232e+00  ,2.646273483359e+00  ,2.844130018508e+00  ,2.983919353836e+00  ,3.089622665208e+00  ,3.171480493379e+00  ,3.235979480520e+00  ,3.288587158876e+00  ,3.332911992028e+00  ,3.370065272639e+00  ,3.402533180504e+00  ,3.430486069734e+00  ,3.456057182659e+00  ,3.477795154808e+00  ,3.497416653854e+00  ,3.515191688707e+00  ,3.531646677391e+00  ,3.546188153768e+00  ,3.559731973767e+00  
  9.525375601698e-07  ,2.344858133232e+00  ,2.646273483359e+00  ,2.844130018508e+00  ,2.983919353836e+00  ,3.089622665208e+00  ,3.171480493379e+00  ,3.235979480520e+00  ,3.288587158876e+00  ,3.332911992028e+00  ,3.370065272639e+00  ,3.402533180504e+00  ,3.430486069734e+00  ,3.456057182659e+00  ,3.477795154808e+00  ,3.497416653854e+00  ,3.515191688707e+00  ,3.531646677391e+00  ,3.546188153768e+00  ,3.559731973767e+00  
  9.535376143504e-07  ,2.344858133232e+00  ,2.646273483359e+00  ,2.844130018508e+00  ,2.983919353836e+00  ,3.089622665208e+00  ,3.171480493379e+00  ,3.235979480520e+00  ,3.288587158876e+00  ,3.332911992028e+00  ,3.370065272639e+00  ,3.402533180504e+00  ,3.430486069734e+00  ,3.456057182659e+00  ,3.477795154808e+00  ,3.497416653854e+00  ,3.515191688707e+00  ,3.531646677391e+00  ,3.546188153768e+00  ,3.559731973767e+00  
  9.545376685311e-07  ,2.344858133232e+00  ,2.646273483359e+00  ,2.844130018508e+00  ,2.983919353836e+00  ,3.089622665208e+00  ,3.171480493379e+00  ,3.235979480520e+00  ,3.288587158876e+00  ,3.332911992028e+00  ,3.370065272639e+00  ,3.402533180504e+00  ,3.430486069734e+00  ,3.456057182659e+00  ,3.477795154808e+00  ,3.497416653854e+00  ,3.515191688707e+00  ,3.531646677391e+00  ,3.546188153768e+00  ,3.559731973767e+00  
  9.555377227117e-07  ,2.344858133232e+00  ,2.646273483359e+00  ,2.844130018508e+00  ,2.983919353836e+00  ,3.089622665208e+00  ,3.171480493379e+00  ,3.235979480520e+00  ,3.288587158876e+00  ,3.332911992028e+00  ,3.370065272639e+00  ,3.402533180504e+00  ,3.430486069734e+00  ,3.456057182659e+00  ,3.477795154808e+00  ,3.497416653854e+00  ,3.515191688707e+00  ,3.531646677391e+00  ,3.546188153768e+00  ,3.559731973767e+00  
  9.565377768923e-07  ,2.344858133232e+00  ,2.646273483359e+00  ,2.844130018508e+00  ,2.983919353836e+00  ,3.089622665208e+00  ,3.171480493379e+00  ,3.235979480520e+00  ,3.288587158876e+00  ,3.332911992028e+00  ,3.370065272639e+00  ,3.402533180504e+00  ,3.430486069734e+00  ,3.456057182659e+00  ,3.477795154808e+00  ,3.497416653854e+00  ,3.515191688707e+00  ,3.531646677391e+00  ,3.546188153768e+00  ,3.559731973767e+00  
  9.575378310729e-07  ,2.344858133232e+00  ,2.646273483359e+00  ,2.844130018508e+00  ,2.983919353836e+00  ,3.089622665208e+00  ,3.171480493379e+00  ,3.235979480520e+00  ,3.288587158876e+00  ,3.332911992028e+00  ,3.370065272639e+00  ,3.402533180504e+00  ,3.430486069734e+00  ,3.456057182659e+00  ,3.477795154808e+00  ,3.497416653854e+00  ,3.515191688707e+00  ,3.531646677391e+00  ,3.546188153768e+00  ,3.559731973767e+00  
  9.585378852536e-07  ,2.344858133232e+00  ,2.646273483359e+00  ,2.844130018508e+00  ,2.983919353836e+00  ,3.089622665208e+00  ,3.171480493379e+00  ,3.235979480520e+00  ,3.288587158876e+00  ,3.332911992028e+00  ,3.370065272639e+00  ,3.402533180504e+00  ,3.430486069734e+00  ,3.456057182659e+00  ,3.477795154808e+00  ,3.497416653854e+00  ,3.515191688707e+00  ,3.531646677391e+00  ,3.546188153768e+00  ,3.559731973767e+00  
  9.595379394342e-07  ,2.344858133232e+00  ,2.646273483359e+00  ,2.844130018508e+00  ,2.983919353836e+00  ,3.089622665208e+00  ,3.171480493379e+00  ,3.235979480520e+00  ,3.288587158876e+00  ,3.332911992028e+00  ,3.370065272639e+00  ,3.402533180504e+00  ,3.430486069734e+00  ,3.456057182659e+00  ,3.477795154808e+00  ,3.497416653854e+00  ,3.515191688707e+00  ,3.531646677391e+00  ,3.546188153768e+00  ,3.559731973767e+00  
  9.605379936148e-07  ,2.344858133232e+00  ,2.646273483359e+00  ,2.844130018508e+00  ,2.983919353836e+00  ,3.089622665208e+00  ,3.171480493379e+00  ,3.235979480520e+00  ,3.288587158876e+00  ,3.332911992028e+00  ,3.370065272639e+00  ,3.402533180504e+00  ,3.430486069734e+00  ,3.456057182659e+00  ,3.477795154808e+00  ,3.497416653854e+00  ,3.515191688707e+00  ,3.531646677391e+00  ,3.546188153768e+00  ,3.559731973767e+00  
  9.615380477954e-07  ,2.344858133232e+00  ,2.646273483359e+00  ,2.844130018508e+00  ,2.983919353836e+00  ,3.089622665208e+00  ,3.171480493379e+00  ,3.235979480520e+00  ,3.288587158876e+00  ,3.332911992028e+00  ,3.370065272639e+00  ,3.402533180504e+00  ,3.430486069734e+00  ,3.456057182659e+00  ,3.477795154808e+00  ,3.497416653854e+00  ,3.515191688707e+00  ,3.531646677391e+00  ,3.546188153768e+00  ,3.559731973767e+00  
  9.625381019760e-07  ,2.344858133232e+00  ,2.646273483359e+00  ,2.844130018508e+00  ,2.983919353836e+00  ,3.089622665208e+00  ,3.171480493379e+00  ,3.235979480520e+00  ,3.288587158876e+00  ,3.332911992028e+00  ,3.370065272639e+00  ,3.402533180504e+00  ,3.430486069734e+00  ,3.456057182659e+00  ,3.477795154808e+00  ,3.497416653854e+00  ,3.515191688707e+00  ,3.531646677391e+00  ,3.546188153768e+00  ,3.559731973767e+00  
  9.635381561567e-07  ,2.344858133232e+00  ,2.646273483359e+00  ,2.844130018508e+00  ,2.983919353836e+00  ,3.089622665208e+00  ,3.171480493379e+00  ,3.235979480520e+00  ,3.288587158876e+00  ,3.332911992028e+00  ,3.370065272639e+00  ,3.402533180504e+00  ,3.430486069734e+00  ,3.456057182659e+00  ,3.477795154808e+00  ,3.497416653854e+00  ,3.515191688707e+00  ,3.531646677391e+00  ,3.546188153768e+00  ,3.559731973767e+00  
  9.645382103373e-07  ,2.344858133232e+00  ,2.646273483359e+00  ,2.844130018508e+00  ,2.983919353836e+00  ,3.089622665208e+00  ,3.171480493379e+00  ,3.235979480520e+00  ,3.288587158876e+00  ,3.332911992028e+00  ,3.370065272639e+00  ,3.402533180504e+00  ,3.430486069734e+00  ,3.456057182659e+00  ,3.477795154808e+00  ,3.497416653854e+00  ,3.515191688707e+00  ,3.531646677391e+00  ,3.546188153768e+00  ,3.559731973767e+00  
  9.655382645179e-07  ,2.344858133232e+00  ,2.646273483359e+00  ,2.844130018508e+00  ,2.983919353836e+00  ,3.089622665208e+00  ,3.171480493379e+00  ,3.235979480520e+00  ,3.288587158876e+00  ,3.332911992028e+00  ,3.370065272639e+00  ,3.402533180504e+00  ,3.430486069734e+00  ,3.456057182659e+00  ,3.477795154808e+00  ,3.497416653854e+00  ,3.515191688707e+00  ,3.531646677391e+00  ,3.546188153768e+00  ,3.559731973767e+00  
  9.665383186985e-07  ,2.344858133232e+00  ,2.646273483359e+00  ,2.844130018508e+00  ,2.983919353836e+00  ,3.089622665208e+00  ,3.171480493379e+00  ,3.235979480520e+00  ,3.288587158876e+00  ,3.332911992028e+00  ,3.370065272639e+00  ,3.402533180504e+00  ,3.430486069734e+00  ,3.456057182659e+00  ,3.477795154808e+00  ,3.497416653854e+00  ,3.515191688707e+00  ,3.531646677391e+00  ,3.546188153768e+00  ,3.559731973767e+00  
  9.675383728792e-07  ,2.344858133232e+00  ,2.646273483359e+00  ,2.844130018508e+00  ,2.983919353836e+00  ,3.089622665208e+00  ,3.171480493379e+00  ,3.235979480520e+00  ,3.288587158876e+00  ,3.332911992028e+00  ,3.370065272639e+00  ,3.402533180504e+00  ,3.430486069734e+00  ,3.456057182659e+00  ,3.477795154808e+00  ,3.497416653854e+00  ,3.515191688707e+00  ,3.531646677391e+00  ,3.546188153768e+00  ,3.559731973767e+00  
  9.685384270598e-07  ,2.344858133232e+00  ,2.646273483359e+00  ,2.844130018508e+00  ,2.983919353836e+00  ,3.089622665208e+00  ,3.171480493379e+00  ,3.235979480520e+00  ,3.288587158876e+00  ,3.332911992028e+00  ,3.370065272639e+00  ,3.402533180504e+00  ,3.430486069734e+00  ,3.456057182659e+00  ,3.477795154808e+00  ,3.497416653854e+00  ,3.515191688707e+00  ,3.531646677391e+00  ,3.546188153768e+00  ,3.559731973767e+00  
  9.695384812404e-07  ,2.344858133232e+00  ,2.646273483359e+00  ,2.844130018508e+00  ,2.983919353836e+00  ,3.089622665208e+00  ,3.171480493379e+00  ,3.235979480520e+00  ,3.288587158876e+00  ,3.332911992028e+00  ,3.370065272639e+00  ,3.402533180504e+00  ,3.430486069734e+00  ,3.456057182659e+00  ,3.477795154808e+00  ,3.497416653854e+00  ,3.515191688707e+00  ,3.531646677391e+00  ,3.546188153768e+00  ,3.559731973767e+00  
  9.705385354210e-07  ,2.344858133232e+00  ,2.646273483359e+00  ,2.844130018508e+00  ,2.983919353836e+00  ,3.089622665208e+00  ,3.171480493379e+00  ,3.235979480520e+00  ,3.288587158876e+00  ,3.332911992028e+00  ,3.370065272639e+00  ,3.402533180504e+00  ,3.430486069734e+00  ,3.456057182659e+00  ,3.477795154808e+00  ,3.497416653854e+00  ,3.515191688707e+00  ,3.531646677391e+00  ,3.546188153768e+00  ,3.559731973767e+00  
  9.715385896016e-07  ,2.344858133232e+00  ,2.646273483359e+00  ,2.844130018508e+00  ,2.983919353836e+00  ,3.089622665208e+00  ,3.171480493379e+00  ,3.235979480520e+00  ,3.288587158876e+00  ,3.332911992028e+00  ,3.370065272639e+00  ,3.402533180504e+00  ,3.430486069734e+00  ,3.456057182659e+00  ,3.477795154808e+00  ,3.497416653854e+00  ,3.515191688707e+00  ,3.531646677391e+00  ,3.546188153768e+00  ,3.559731973767e+00  
  9.725386437823e-07  ,2.344858133232e+00  ,2.646273483359e+00  ,2.844130018508e+00  ,2.983919353836e+00  ,3.089622665208e+00  ,3.171480493379e+00  ,3.235979480520e+00  ,3.288587158876e+00  ,3.332911992028e+00  ,3.370065272639e+00  ,3.402533180504e+00  ,3.430486069734e+00  ,3.456057182659e+00  ,3.477795154808e+00  ,3.497416653854e+00  ,3.515191688707e+00  ,3.531646677391e+00  ,3.546188153768e+00  ,3.559731973767e+00  
  9.735386979629e-07  ,2.344858133232e+00  ,2.646273483359e+00  ,2.844130018508e+00  ,2.983919353836e+00  ,3.089622665208e+00  ,3.171480493379e+00  ,3.235979480520e+00  ,3.288587158876e+00  ,3.332911992028e+00  ,3.370065272639e+00  ,3.402533180504e+00  ,3.430486069734e+00  ,3.456057182659e+00  ,3.477795154808e+00  ,3.497416653854e+00  ,3.515191688707e+00  ,3.531646677391e+00  ,3.546188153768e+00  ,3.559731973767e+00  
  9.745387521435e-07  ,2.344858133232e+00  ,2.646273483359e+00  ,2.844130018508e+00  ,2.983919353836e+00  ,3.089622665208e+00  ,3.171480493379e+00  ,3.235979480520e+00  ,3.288587158876e+00  ,3.332911992028e+00  ,3.370065272639e+00  ,3.402533180504e+00  ,3.430486069734e+00  ,3.456057182659e+00  ,3.477795154808e+00  ,3.497416653854e+00  ,3.515191688707e+00  ,3.531646677391e+00  ,3.546188153768e+00  ,3.559731973767e+00  
  9.755388063241e-07  ,2.344858133232e+00  ,2.646273483359e+00  ,2.844130018508e+00  ,2.983919353836e+00  ,3.089622665208e+00  ,3.171480493379e+00  ,3.235979480520e+00  ,3.288587158876e+00  ,3.332911992028e+00  ,3.370065272639e+00  ,3.402533180504e+00  ,3.430486069734e+00  ,3.456057182659e+00  ,3.477795154808e+00  ,3.497416653854e+00  ,3.515191688707e+00  ,3.531646677391e+00  ,3.546188153768e+00  ,3.559731973767e+00  
  9.765388605048e-07  ,2.344858133232e+00  ,2.646273483359e+00  ,2.844130018508e+00  ,2.983919353836e+00  ,3.089622665208e+00  ,3.171480493379e+00  ,3.235979480520e+00  ,3.288587158876e+00  ,3.332911992028e+00  ,3.370065272639e+00  ,3.402533180504e+00  ,3.430486069734e+00  ,3.456057182659e+00  ,3.477795154808e+00  ,3.497416653854e+00  ,3.515191688707e+00  ,3.531646677391e+00  ,3.546188153768e+00  ,3.559731973767e+00  
  9.775389146854e-07  ,2.344858133232e+00  ,2.646273483359e+00  ,2.844130018508e+00  ,2.983919353836e+00  ,3.089622665208e+00  ,3.171480493379e+00  ,3.235979480520e+00  ,3.288587158876e+00  ,3.332911992028e+00  ,3.370065272639e+00  ,3.402533180504e+00  ,3.430486069734e+00  ,3.456057182659e+00  ,3.477795154808e+00  ,3.497416653854e+00  ,3.515191688707e+00  ,3.531646677391e+00  ,3.546188153768e+00  ,3.559731973767e+00  
  9.785389688660e-07  ,2.344858133232e+00  ,2.646273483359e+00  ,2.844130018508e+00  ,2.983919353836e+00  ,3.089622665208e+00  ,3.171480493379e+00  ,3.235979480520e+00  ,3.288587158876e+00  ,3.332911992028e+00  ,3.370065272639e+00  ,3.402533180504e+00  ,3.430486069734e+00  ,3.456057182659e+00  ,3.477795154808e+00  ,3.497416653854e+00  ,3.515191688707e+00  ,3.531646677391e+00  ,3.546188153768e+00  ,3.559731973767e+00  
  9.795390230466e-07  ,2.344858133232e+00  ,2.646273483359e+00  ,2.844130018508e+00  ,2.983919353836e+00  ,3.089622665208e+00  ,3.171480493379e+00  ,3.235979480520e+00  ,3.288587158876e+00  ,3.332911992028e+00  ,3.370065272639e+00  ,3.402533180504e+00  ,3.430486069734e+00  ,3.456057182659e+00  ,3.477795154808e+00  ,3.497416653854e+00  ,3.515191688707e+00  ,3.531646677391e+00  ,3.546188153768e+00  ,3.559731973767e+00  
  9.805390772272e-07  ,2.344858133232e+00  ,2.646273483359e+00  ,2.844130018508e+00  ,2.983919353836e+00  ,3.089622665208e+00  ,3.171480493379e+00  ,3.235979480520e+00  ,3.288587158876e+00  ,3.332911992028e+00  ,3.370065272639e+00  ,3.402533180504e+00  ,3.430486069734e+00  ,3.456057182659e+00  ,3.477795154808e+00  ,3.497416653854e+00  ,3.515191688707e+00  ,3.531646677391e+00  ,3.546188153768e+00  ,3.559731973767e+00  
  9.815391314079e-07  ,2.344858133232e+00  ,2.646273483359e+00  ,2.844130018508e+00  ,2.983919353836e+00  ,3.089622665208e+00  ,3.171480493379e+00  ,3.235979480520e+00  ,3.288587158876e+00  ,3.332911992028e+00  ,3.370065272639e+00  ,3.402533180504e+00  ,3.430486069734e+00  ,3.456057182659e+00  ,3.477795154808e+00  ,3.497416653854e+00  ,3.515191688707e+00  ,3.531646677391e+00  ,3.546188153768e+00  ,3.559731973767e+00  
  9.825391855885e-07  ,2.344858133232e+00  ,2.646273483359e+00  ,2.844130018508e+00  ,2.983919353836e+00  ,3.089622665208e+00  ,3.171480493379e+00  ,3.235979480520e+00  ,3.288587158876e+00  ,3.332911992028e+00  ,3.370065272639e+00  ,3.402533180504e+00  ,3.430486069734e+00  ,3.456057182659e+00  ,3.477795154808e+00  ,3.497416653854e+00  ,3.515191688707e+00  ,3.531646677391e+00  ,3.546188153768e+00  ,3.559731973767e+00  
  9.835392397691e-07  ,2.344858133232e+00  ,2.646273483359e+00  ,2.844130018508e+00  ,2.983919353836e+00  ,3.089622665208e+00  ,3.171480493379e+00  ,3.235979480520e+00  ,3.288587158876e+00  ,3.332911992028e+00  ,3.370065272639e+00  ,3.402533180504e+00  ,3.430486069734e+00  ,3.456057182659e+00  ,3.477795154808e+00  ,3.497416653854e+00  ,3.515191688707e+00  ,3.531646677391e+00  ,3.546188153768e+00  ,3.559731973767e+00  
  9.845392939497e-07  ,2.344858133232e+00  ,2.646273483359e+00  ,2.844130018508e+00  ,2.983919353836e+00  ,3.089622665208e+00  ,3.171480493379e+00  ,3.235979480520e+00  ,3.288587158876e+00  ,3.332911992028e+00  ,3.370065272639e+00  ,3.402533180504e+00  ,3.430486069734e+00  ,3.456057182659e+00  ,3.477795154808e+00  ,3.497416653854e+00  ,3.515191688707e+00  ,3.531646677391e+00  ,3.546188153768e+00  ,3.559731973767e+00  
  9.855393481303e-07  ,2.344858133232e+00  ,2.646273483359e+00  ,2.844130018508e+00  ,2.983919353836e+00  ,3.089622665208e+00  ,3.171480493379e+00  ,3.235979480520e+00  ,3.288587158876e+00  ,3.332911992028e+00  ,3.370065272639e+00  ,3.402533180504e+00  ,3.430486069734e+00  ,3.456057182659e+00  ,3.477795154808e+00  ,3.497416653854e+00  ,3.515191688707e+00  ,3.531646677391e+00  ,3.546188153768e+00  ,3.559731973767e+00  
  9.865394023110e-07  ,2.344858133232e+00  ,2.646273483359e+00  ,2.844130018508e+00  ,2.983919353836e+00  ,3.089622665208e+00  ,3.171480493379e+00  ,3.235979480520e+00  ,3.288587158876e+00  ,3.332911992028e+00  ,3.370065272639e+00  ,3.402533180504e+00  ,3.430486069734e+00  ,3.456057182659e+00  ,3.477795154808e+00  ,3.497416653854e+00  ,3.515191688707e+00  ,3.531646677391e+00  ,3.546188153768e+00  ,3.559731973767e+00  
  9.875394564916e-07  ,2.344858133232e+00  ,2.646273483359e+00  ,2.844130018508e+00  ,2.983919353836e+00  ,3.089622665208e+00  ,3.171480493379e+00  ,3.235979480520e+00  ,3.288587158876e+00  ,3.332911992028e+00  ,3.370065272639e+00  ,3.402533180504e+00  ,3.430486069734e+00  ,3.456057182659e+00  ,3.477795154808e+00  ,3.497416653854e+00  ,3.515191688707e+00  ,3.531646677391e+00  ,3.546188153768e+00  ,3.559731973767e+00  
  9.885395106722e-07  ,2.344858133232e+00  ,2.646273483359e+00  ,2.844130018508e+00  ,2.983919353836e+00  ,3.089622665208e+00  ,3.171480493379e+00  ,3.235979480520e+00  ,3.288587158876e+00  ,3.332911992028e+00  ,3.370065272639e+00  ,3.402533180504e+00  ,3.430486069734e+00  ,3.456057182659e+00  ,3.477795154808e+00  ,3.497416653854e+00  ,3.515191688707e+00  ,3.531646677391e+00  ,3.546188153768e+00  ,3.559731973767e+00  
  9.895395648528e-07  ,2.344858133232e+00  ,2.646273483359e+00  ,2.844130018508e+00  ,2.983919353836e+00  ,3.089622665208e+00  ,3.171480493379e+00  ,3.235979480520e+00  ,3.288587158876e+00  ,3.332911992028e+00  ,3.370065272639e+00  ,3.402533180504e+00  ,3.430486069734e+00  ,3.456057182659e+00  ,3.477795154808e+00  ,3.497416653854e+00  ,3.515191688707e+00  ,3.531646677391e+00  ,3.546188153768e+00  ,3.559731973767e+00  
  9.905396190335e-07  ,2.344858133232e+00  ,2.646273483359e+00  ,2.844130018508e+00  ,2.983919353836e+00  ,3.089622665208e+00  ,3.171480493379e+00  ,3.235979480520e+00  ,3.288587158876e+00  ,3.332911992028e+00  ,3.370065272639e+00  ,3.402533180504e+00  ,3.430486069734e+00  ,3.456057182659e+00  ,3.477795154808e+00  ,3.497416653854e+00  ,3.515191688707e+00  ,3.531646677391e+00  ,3.546188153768e+00  ,3.559731973767e+00  
  9.915396732141e-07  ,2.344858133232e+00  ,2.646273483359e+00  ,2.844130018508e+00  ,2.983919353836e+00  ,3.089622665208e+00  ,3.171480493379e+00  ,3.235979480520e+00  ,3.288587158876e+00  ,3.332911992028e+00  ,3.370065272639e+00  ,3.402533180504e+00  ,3.430486069734e+00  ,3.456057182659e+00  ,3.477795154808e+00  ,3.497416653854e+00  ,3.515191688707e+00  ,3.531646677391e+00  ,3.546188153768e+00  ,3.559731973767e+00  
  9.925397273947e-07  ,2.344858133232e+00  ,2.646273483359e+00  ,2.844130018508e+00  ,2.983919353836e+00  ,3.089622665208e+00  ,3.171480493379e+00  ,3.235979480520e+00  ,3.288587158876e+00  ,3.332911992028e+00  ,3.370065272639e+00  ,3.402533180504e+00  ,3.430486069734e+00  ,3.456057182659e+00  ,3.477795154808e+00  ,3.497416653854e+00  ,3.515191688707e+00  ,3.531646677391e+00  ,3.546188153768e+00  ,3.559731973767e+00  
  9.935397815753e-07  ,2.344858133232e+00  ,2.646273483359e+00  ,2.844130018508e+00  ,2.983919353836e+00  ,3.089622665208e+00  ,3.171480493379e+00  ,3.235979480520e+00  ,3.288587158876e+00  ,3.332911992028e+00  ,3.370065272639e+00  ,3.402533180504e+00  ,3.430486069734e+00  ,3.456057182659e+00  ,3.477795154808e+00  ,3.497416653854e+00  ,3.515191688707e+00  ,3.531646677391e+00  ,3.546188153768e+00  ,3.559731973767e+00  
  9.945398357559e-07  ,2.344858133232e+00  ,2.646273483359e+00  ,2.844130018508e+00  ,2.983919353836e+00  ,3.089622665208e+00  ,3.171480493379e+00  ,3.235979480520e+00  ,3.288587158876e+00  ,3.332911992028e+00  ,3.370065272639e+00  ,3.402533180504e+00  ,3.430486069734e+00  ,3.456057182659e+00  ,3.477795154808e+00  ,3.497416653854e+00  ,3.515191688707e+00  ,3.531646677391e+00  ,3.546188153768e+00  ,3.559731973767e+00  
  9.955398899366e-07  ,2.344858133232e+00  ,2.646273483359e+00  ,2.844130018508e+00  ,2.983919353836e+00  ,3.089622665208e+00  ,3.171480493379e+00  ,3.235979480520e+00  ,3.288587158876e+00  ,3.332911992028e+00  ,3.370065272639e+00  ,3.402533180504e+00  ,3.430486069734e+00  ,3.456057182659e+00  ,3.477795154808e+00  ,3.497416653854e+00  ,3.515191688707e+00  ,3.531646677391e+00  ,3.546188153768e+00  ,3.559731973767e+00  
  9.965399441172e-07  ,2.344858133232e+00  ,2.646273483359e+00  ,2.844130018508e+00  ,2.983919353836e+00  ,3.089622665208e+00  ,3.171480493379e+00  ,3.235979480520e+00  ,3.288587158876e+00  ,3.332911992028e+00  ,3.370065272639e+00  ,3.402533180504e+00  ,3.430486069734e+00  ,3.456057182659e+00  ,3.477795154808e+00  ,3.497416653854e+00  ,3.515191688707e+00  ,3.531646677391e+00  ,3.546188153768e+00  ,3.559731973767e+00  
  9.975399982978e-07  ,2.344858133232e+00  ,2.646273483359e+00  ,2.844130018508e+00  ,2.983919353836e+00  ,3.089622665208e+00  ,3.171480493379e+00  ,3.235979480520e+00  ,3.288587158876e+00  ,3.332911992028e+00  ,3.370065272639e+00  ,3.402533180504e+00  ,3.430486069734e+00  ,3.456057182659e+00  ,3.477795154808e+00  ,3.497416653854e+00  ,3.515191688707e+00  ,3.531646677391e+00  ,3.546188153768e+00  ,3.559731973767e+00  
  9.985400524784e-07  ,2.344858133232e+00  ,2.646273483359e+00  ,2.844130018508e+00  ,2.983919353836e+00  ,3.089622665208e+00  ,3.171480493379e+00  ,3.235979480520e+00  ,3.288587158876e+00  ,3.332911992028e+00  ,3.370065272639e+00  ,3.402533180504e+00  ,3.430486069734e+00  ,3.456057182659e+00  ,3.477795154808e+00  ,3.497416653854e+00  ,3.515191688707e+00  ,3.531646677391e+00  ,3.546188153768e+00  ,3.559731973767e+00  
  9.995401066591e-07  ,2.344858133232e+00  ,2.646273483359e+00  ,2.844130018508e+00  ,2.983919353836e+00  ,3.089622665208e+00  ,3.171480493379e+00  ,3.235979480520e+00  ,3.288587158876e+00  ,3.332911992028e+00  ,3.370065272639e+00  ,3.402533180504e+00  ,3.430486069734e+00  ,3.456057182659e+00  ,3.477795154808e+00  ,3.497416653854e+00  ,3.515191688707e+00  ,3.531646677391e+00  ,3.546188153768e+00  ,3.559731973767e+00  
  1.000000000000e-06  ,2.344858133232e+00  ,2.646273483359e+00  ,2.844130018508e+00  ,2.983919353836e+00  ,3.089622665208e+00  ,3.171480493379e+00  ,3.235979480520e+00  ,3.288587158876e+00  ,3.332911992028e+00  ,3.370065272639e+00  ,3.402533180504e+00  ,3.430486069734e+00  ,3.456057182659e+00  ,3.477795154808e+00  ,3.497416653854e+00  ,3.515191688707e+00  ,3.531646677391e+00  ,3.546188153768e+00  ,3.559731973767e+00  
