  Time                 , (MAX(V(Rg2:2,D2:1))+20)@1, (MAX(V(Rg2:2,D2:1))+20)@2, (MAX(V(Rg2:2,D2:1))+20)@3, (MAX(V(Rg2:2,D2:1))+20)@4, (MAX(V(Rg2:2,D2:1))+20)@5, (MAX(V(Rg2:2,D2:1))+20)@6, (MAX(V(Rg2:2,D2:1))+20)@7, (MAX(V(Rg2:2,D2:1))+20)@8, (MAX(V(Rg2:2,D2:1))+20)@9, (MAX(V(Rg2:2,D2:1))+20)@10, (MAX(V(Rg2:2,D2:1))+20)@11, (MAX(V(Rg2:2,D2:1))+20)@12, (MAX(V(Rg2:2,D2:1))+20)@13, (MAX(V(Rg2:2,D2:1))+20)@14, (MAX(V(Rg2:2,D2:1))+20)@15, (MAX(V(Rg2:2,D2:1))+20)@16, (MAX(V(Rg2:2,D2:1))+20)@17, (MAX(V(Rg2:2,D2:1))+20)@18, (MAX(V(Rg2:2,D2:1))+20)@19, (MAX(V(Rg2:2,D2:1))+20)@20, (MAX(V(Rg2:2,D2:1))+20)@21
  0.000000000000e+00  ,2.417046720829e+00  ,2.381795666245e+00  ,2.347625083053e+00  ,2.314706952890e+00  ,2.282868499416e+00  ,2.252552713117e+00  ,2.223778692851e+00  ,2.195945846779e+00  ,2.168980447076e+00  ,2.142913932170e+00  ,2.117532053540e+00  ,2.092977451400e+00  ,2.069120376383e+00  ,2.045941388684e+00  ,2.023311306588e+00  ,2.001280393926e+00  ,1.979876952028e+00  ,1.959050907966e+00  ,1.938643646734e+00  ,1.918835636580e+00  ,1.899412113477e+00  
  1.000000000000e-11  ,2.417046720829e+00  ,2.381795666245e+00  ,2.347625083053e+00  ,2.314706952890e+00  ,2.282868499416e+00  ,2.252552713117e+00  ,2.223778692851e+00  ,2.195945846779e+00  ,2.168980447076e+00  ,2.142913932170e+00  ,2.117532053540e+00  ,2.092977451400e+00  ,2.069120376383e+00  ,2.045941388684e+00  ,2.023311306588e+00  ,2.001280393926e+00  ,1.979876952028e+00  ,1.959050907966e+00  ,1.938643646734e+00  ,1.918835636580e+00  ,1.899412113477e+00  
  1.084992279881e-11  ,2.417046720829e+00  ,2.381795666245e+00  ,2.347625083053e+00  ,2.314706952890e+00  ,2.282868499416e+00  ,2.252552713117e+00  ,2.223778692851e+00  ,2.195945846779e+00  ,2.168980447076e+00  ,2.142913932170e+00  ,2.117532053540e+00  ,2.092977451400e+00  ,2.069120376383e+00  ,2.045941388684e+00  ,2.023311306588e+00  ,2.001280393926e+00  ,1.979876952028e+00  ,1.959050907966e+00  ,1.938643646734e+00  ,1.918835636580e+00  ,1.899412113477e+00  
  1.170039129443e-11  ,2.417046720829e+00  ,2.381795666245e+00  ,2.347625083053e+00  ,2.314706952890e+00  ,2.282868499416e+00  ,2.252552713117e+00  ,2.223778692851e+00  ,2.195945846779e+00  ,2.168980447076e+00  ,2.142913932170e+00  ,2.117532053540e+00  ,2.092977451400e+00  ,2.069120376383e+00  ,2.045941388684e+00  ,2.023311306588e+00  ,2.001280393926e+00  ,1.979876952028e+00  ,1.959050907966e+00  ,1.938643646734e+00  ,1.918835636580e+00  ,1.899412113477e+00  
  1.340023689205e-11  ,2.417046720829e+00  ,2.381795666245e+00  ,2.347625083053e+00  ,2.314706952890e+00  ,2.282868499416e+00  ,2.252552713117e+00  ,2.223778692851e+00  ,2.195945846779e+00  ,2.168980447076e+00  ,2.142913932170e+00  ,2.117532053540e+00  ,2.092977451400e+00  ,2.069120376383e+00  ,2.045941388684e+00  ,2.023311306588e+00  ,2.001280393926e+00  ,1.979876952028e+00  ,1.959050907966e+00  ,1.938643646734e+00  ,1.918835636580e+00  ,1.899412113477e+00  
  1.679992808728e-11  ,2.417046720829e+00  ,2.381795666245e+00  ,2.347625083053e+00  ,2.314706952890e+00  ,2.282868499416e+00  ,2.252552713117e+00  ,2.223778692851e+00  ,2.195945846779e+00  ,2.168980447076e+00  ,2.142913932170e+00  ,2.117532053540e+00  ,2.092977451400e+00  ,2.069120376383e+00  ,2.045941388684e+00  ,2.023311306588e+00  ,2.001280393926e+00  ,1.979876952028e+00  ,1.959050907966e+00  ,1.938643646734e+00  ,1.918835636580e+00  ,1.899412113477e+00  
  2.359931047773e-11  ,2.417046720829e+00  ,2.381795666245e+00  ,2.347625083053e+00  ,2.314706952890e+00  ,2.282868499416e+00  ,2.252552713117e+00  ,2.223778692851e+00  ,2.195945846779e+00  ,2.168980447076e+00  ,2.142913932170e+00  ,2.117532053540e+00  ,2.092977451400e+00  ,2.069120376383e+00  ,2.045941388684e+00  ,2.023311306588e+00  ,2.001280393926e+00  ,1.979876952028e+00  ,1.959050907966e+00  ,1.938643646734e+00  ,1.918835636580e+00  ,1.899412113477e+00  
  3.719807525864e-11  ,2.417046720829e+00  ,2.381795666245e+00  ,2.347625083053e+00  ,2.314706952890e+00  ,2.282868499416e+00  ,2.252552713117e+00  ,2.223778692851e+00  ,2.195945846779e+00  ,2.168980447076e+00  ,2.142913932170e+00  ,2.117532053540e+00  ,2.092977451400e+00  ,2.069120376383e+00  ,2.045941388684e+00  ,2.023311306588e+00  ,2.001280393926e+00  ,1.979876952028e+00  ,1.959050907966e+00  ,1.938643646734e+00  ,1.918835636580e+00  ,1.899412113477e+00  
  6.439560482046e-11  ,2.417046720829e+00  ,2.381795666245e+00  ,2.347625083053e+00  ,2.314706952890e+00  ,2.282868499416e+00  ,2.252552713117e+00  ,2.223778692851e+00  ,2.195945846779e+00  ,2.168980447076e+00  ,2.142913932170e+00  ,2.117532053540e+00  ,2.092977451400e+00  ,2.069120376383e+00  ,2.045941388684e+00  ,2.023311306588e+00  ,2.001280393926e+00  ,1.979876952028e+00  ,1.959050907966e+00  ,1.938643646734e+00  ,1.918835636580e+00  ,1.899412113477e+00  
  1.187906639441e-10  ,2.417046720829e+00  ,2.381795666245e+00  ,2.347625083053e+00  ,2.314706952890e+00  ,2.282868499416e+00  ,2.252552713117e+00  ,2.223778692851e+00  ,2.195945846779e+00  ,2.168980447076e+00  ,2.142913932170e+00  ,2.117532053540e+00  ,2.092977451400e+00  ,2.069120376383e+00  ,2.045941388684e+00  ,2.023311306588e+00  ,2.001280393926e+00  ,1.979876952028e+00  ,1.959050907966e+00  ,1.938643646734e+00  ,1.918835636580e+00  ,1.899412113477e+00  
  1.736281012907e-10  ,2.417046720829e+00  ,2.381795666245e+00  ,2.347625083053e+00  ,2.314706952890e+00  ,2.282868499416e+00  ,2.252552713117e+00  ,2.223778692851e+00  ,2.195945846779e+00  ,2.168980447076e+00  ,2.142913932170e+00  ,2.117532053540e+00  ,2.092977451400e+00  ,2.069120376383e+00  ,2.045941388684e+00  ,2.023311306588e+00  ,2.001280393926e+00  ,1.979876952028e+00  ,1.959050907966e+00  ,1.938643646734e+00  ,1.918835636580e+00  ,1.899412113477e+00  
  2.824182195379e-10  ,2.417046720829e+00  ,2.381795666245e+00  ,2.347625083053e+00  ,2.314706952890e+00  ,2.282868499416e+00  ,2.252552713117e+00  ,2.223778692851e+00  ,2.195945846779e+00  ,2.168980447076e+00  ,2.142913932170e+00  ,2.117532053540e+00  ,2.092977451400e+00  ,2.069120376383e+00  ,2.045941388684e+00  ,2.023311306588e+00  ,2.001280393926e+00  ,1.979876952028e+00  ,1.959050907966e+00  ,1.938643646734e+00  ,1.918835636580e+00  ,1.899412113477e+00  
  4.280072210147e-10  ,2.417046720829e+00  ,2.381795666245e+00  ,2.347625083053e+00  ,2.314706952890e+00  ,2.282868499416e+00  ,2.252552713117e+00  ,2.223778692851e+00  ,2.195945846779e+00  ,2.168980447076e+00  ,2.142913932170e+00  ,2.117532053540e+00  ,2.092977451400e+00  ,2.069120376383e+00  ,2.045941388684e+00  ,2.023311306588e+00  ,2.001280393926e+00  ,1.979876952028e+00  ,1.959050907966e+00  ,1.938643646734e+00  ,1.918835636580e+00  ,1.899412113477e+00  
  6.398365406110e-10  ,2.417046720829e+00  ,2.381795666245e+00  ,2.347625083053e+00  ,2.314706952890e+00  ,2.282868499416e+00  ,2.252552713117e+00  ,2.223778692851e+00  ,2.195945846779e+00  ,2.168980447076e+00  ,2.142913932170e+00  ,2.117532053540e+00  ,2.092977451400e+00  ,2.069120376383e+00  ,2.045941388684e+00  ,2.023311306588e+00  ,2.001280393926e+00  ,1.979876952028e+00  ,1.959050907966e+00  ,1.938643646734e+00  ,1.918835636580e+00  ,1.899412113477e+00  
  1.032761534841e-09  ,2.417046720829e+00  ,2.381795666245e+00  ,2.347625083053e+00  ,2.314706952890e+00  ,2.282868499416e+00  ,2.252552713117e+00  ,2.223778692851e+00  ,2.195945846779e+00  ,2.168980447076e+00  ,2.142913932170e+00  ,2.117532053540e+00  ,2.092977451400e+00  ,2.069120376383e+00  ,2.045941388684e+00  ,2.023311306588e+00  ,2.001280393926e+00  ,1.979876952028e+00  ,1.959050907966e+00  ,1.938643646734e+00  ,1.918835636580e+00  ,1.899412113477e+00  
  1.600030115040e-09  ,2.417046720829e+00  ,2.381795666245e+00  ,2.347625083053e+00  ,2.314706952890e+00  ,2.282868499416e+00  ,2.252552713117e+00  ,2.223778692851e+00  ,2.195945846779e+00  ,2.168980447076e+00  ,2.142913932170e+00  ,2.117532053540e+00  ,2.092977451400e+00  ,2.069120376383e+00  ,2.045941388684e+00  ,2.023311306588e+00  ,2.001280393926e+00  ,1.979876952028e+00  ,1.959050907966e+00  ,1.938643646734e+00  ,1.918835636580e+00  ,1.899412113477e+00  
  2.183410575779e-09  ,2.417046720829e+00  ,2.381795666245e+00  ,2.347625083053e+00  ,2.314706952890e+00  ,2.282868499416e+00  ,2.252552713117e+00  ,2.223778692851e+00  ,2.195945846779e+00  ,2.168980447076e+00  ,2.142913932170e+00  ,2.117532053540e+00  ,2.092977451400e+00  ,2.069120376383e+00  ,2.045941388684e+00  ,2.023311306588e+00  ,2.001280393926e+00  ,1.979876952028e+00  ,1.959050907966e+00  ,1.938643646734e+00  ,1.918835636580e+00  ,1.899412113477e+00  
  2.888701161535e-09  ,2.417046720829e+00  ,2.381795666245e+00  ,2.347625083053e+00  ,2.314706952890e+00  ,2.282868499416e+00  ,2.252552713117e+00  ,2.223778692851e+00  ,2.195945846779e+00  ,2.168980447076e+00  ,2.142913932170e+00  ,2.117532053540e+00  ,2.092977451400e+00  ,2.069120376383e+00  ,2.045941388684e+00  ,2.023311306588e+00  ,2.001280393926e+00  ,1.979876952028e+00  ,1.959050907966e+00  ,1.938643646734e+00  ,1.918835636580e+00  ,1.899412113477e+00  
  3.888755342157e-09  ,2.417046720829e+00  ,2.381795666245e+00  ,2.347625083053e+00  ,2.314706952890e+00  ,2.282868499416e+00  ,2.252552713117e+00  ,2.223778692851e+00  ,2.195945846779e+00  ,2.168980447076e+00  ,2.142913932170e+00  ,2.117532053540e+00  ,2.092977451400e+00  ,2.069120376383e+00  ,2.045941388684e+00  ,2.023311306588e+00  ,2.001280393926e+00  ,1.979876952028e+00  ,1.959050907966e+00  ,1.938643646734e+00  ,1.918835636580e+00  ,1.899412113477e+00  
  4.888809522779e-09  ,2.417046720829e+00  ,2.381795666245e+00  ,2.347625083053e+00  ,2.314706952890e+00  ,2.282868499416e+00  ,2.252552713117e+00  ,2.223778692851e+00  ,2.195945846779e+00  ,2.168980447076e+00  ,2.142913932170e+00  ,2.117532053540e+00  ,2.092977451400e+00  ,2.069120376383e+00  ,2.045941388684e+00  ,2.023311306588e+00  ,2.001280393926e+00  ,1.979876952028e+00  ,1.959050907966e+00  ,1.938643646734e+00  ,1.918835636580e+00  ,1.899412113477e+00  
  5.888863703401e-09  ,2.417046720829e+00  ,2.381795666245e+00  ,2.347625083053e+00  ,2.314706952890e+00  ,2.282868499416e+00  ,2.252552713117e+00  ,2.223778692851e+00  ,2.195945846779e+00  ,2.168980447076e+00  ,2.142913932170e+00  ,2.117532053540e+00  ,2.092977451400e+00  ,2.069120376383e+00  ,2.045941388684e+00  ,2.023311306588e+00  ,2.001280393926e+00  ,1.979876952028e+00  ,1.959050907966e+00  ,1.938643646734e+00  ,1.918835636580e+00  ,1.899412113477e+00  
  6.888917884023e-09  ,2.417046720829e+00  ,2.381795666245e+00  ,2.347625083053e+00  ,2.314706952890e+00  ,2.282868499416e+00  ,2.252552713117e+00  ,2.223778692851e+00  ,2.195945846779e+00  ,2.168980447076e+00  ,2.142913932170e+00  ,2.117532053540e+00  ,2.092977451400e+00  ,2.069120376383e+00  ,2.045941388684e+00  ,2.023311306588e+00  ,2.001280393926e+00  ,1.979876952028e+00  ,1.959050907966e+00  ,1.938643646734e+00  ,1.918835636580e+00  ,1.899412113477e+00  
  7.888972064645e-09  ,2.417046720829e+00  ,2.381795666245e+00  ,2.347625083053e+00  ,2.314706952890e+00  ,2.282868499416e+00  ,2.252552713117e+00  ,2.223778692851e+00  ,2.195945846779e+00  ,2.168980447076e+00  ,2.142913932170e+00  ,2.117532053540e+00  ,2.092977451400e+00  ,2.069120376383e+00  ,2.045941388684e+00  ,2.023311306588e+00  ,2.001280393926e+00  ,1.979876952028e+00  ,1.959050907966e+00  ,1.938643646734e+00  ,1.918835636580e+00  ,1.899412113477e+00  
  8.889026245268e-09  ,2.417046720829e+00  ,2.381795666245e+00  ,2.347625083053e+00  ,2.314706952890e+00  ,2.282868499416e+00  ,2.252552713117e+00  ,2.223778692851e+00  ,2.195945846779e+00  ,2.168980447076e+00  ,2.142913932170e+00  ,2.117532053540e+00  ,2.092977451400e+00  ,2.069120376383e+00  ,2.045941388684e+00  ,2.023311306588e+00  ,2.001280393926e+00  ,1.979876952028e+00  ,1.959050907966e+00  ,1.938643646734e+00  ,1.918835636580e+00  ,1.899412113477e+00  
  9.889080425890e-09  ,2.417046720829e+00  ,2.381795666245e+00  ,2.347625083053e+00  ,2.314706952890e+00  ,2.282868499416e+00  ,2.252552713117e+00  ,2.223778692851e+00  ,2.195945846779e+00  ,2.168980447076e+00  ,2.142913932170e+00  ,2.117532053540e+00  ,2.092977451400e+00  ,2.069120376383e+00  ,2.045941388684e+00  ,2.023311306588e+00  ,2.001280393926e+00  ,1.979876952028e+00  ,1.959050907966e+00  ,1.938643646734e+00  ,1.918835636580e+00  ,1.899412113477e+00  
  1.088913460651e-08  ,2.417046720829e+00  ,2.381795666245e+00  ,2.347625083053e+00  ,2.314706952890e+00  ,2.282868499416e+00  ,2.252552713117e+00  ,2.223778692851e+00  ,2.195945846779e+00  ,2.168980447076e+00  ,2.142913932170e+00  ,2.117532053540e+00  ,2.092977451400e+00  ,2.069120376383e+00  ,2.045941388684e+00  ,2.023311306588e+00  ,2.001280393926e+00  ,1.979876952028e+00  ,1.959050907966e+00  ,1.938643646734e+00  ,1.918835636580e+00  ,1.899412113477e+00  
  1.188918878713e-08  ,2.417046720829e+00  ,2.381795666245e+00  ,2.347625083053e+00  ,2.314706952890e+00  ,2.282868499416e+00  ,2.252552713117e+00  ,2.223778692851e+00  ,2.195945846779e+00  ,2.168980447076e+00  ,2.142913932170e+00  ,2.117532053540e+00  ,2.092977451400e+00  ,2.069120376383e+00  ,2.045941388684e+00  ,2.023311306588e+00  ,2.001280393926e+00  ,1.979876952028e+00  ,1.959050907966e+00  ,1.938643646734e+00  ,1.918835636580e+00  ,1.899412113477e+00  
  1.288924296776e-08  ,2.417046720829e+00  ,2.381795666245e+00  ,2.347625083053e+00  ,2.314706952890e+00  ,2.282868499416e+00  ,2.252552713117e+00  ,2.223778692851e+00  ,2.195945846779e+00  ,2.168980447076e+00  ,2.142913932170e+00  ,2.117532053540e+00  ,2.092977451400e+00  ,2.069120376383e+00  ,2.045941388684e+00  ,2.023311306588e+00  ,2.001280393926e+00  ,1.979876952028e+00  ,1.959050907966e+00  ,1.938643646734e+00  ,1.918835636580e+00  ,1.899412113477e+00  
  1.371662994304e-08  ,2.417046720829e+00  ,2.381795666245e+00  ,2.347625083053e+00  ,2.314706952890e+00  ,2.282868499416e+00  ,2.252552713117e+00  ,2.223778692851e+00  ,2.195945846779e+00  ,2.168980447076e+00  ,2.142913932170e+00  ,2.117532053540e+00  ,2.092977451400e+00  ,2.069120376383e+00  ,2.045941388684e+00  ,2.023311306588e+00  ,2.001280393926e+00  ,1.979876952028e+00  ,1.959050907966e+00  ,1.938643646734e+00  ,1.918835636580e+00  ,1.899412113477e+00  
  1.451132749596e-08  ,2.417046720829e+00  ,2.381795666245e+00  ,2.347625083053e+00  ,2.314706952890e+00  ,2.282868499416e+00  ,2.252552713117e+00  ,2.223778692851e+00  ,2.195945846779e+00  ,2.168980447076e+00  ,2.142913932170e+00  ,2.117532053540e+00  ,2.092977451400e+00  ,2.069120376383e+00  ,2.045941388684e+00  ,2.023311306588e+00  ,2.001280393926e+00  ,1.979876952028e+00  ,1.959050907966e+00  ,1.938643646734e+00  ,1.918835636580e+00  ,1.899412113477e+00  
  1.551138167659e-08  ,2.417046720829e+00  ,2.381795666245e+00  ,2.347625083053e+00  ,2.314706952890e+00  ,2.282868499416e+00  ,2.252552713117e+00  ,2.223778692851e+00  ,2.195945846779e+00  ,2.168980447076e+00  ,2.142913932170e+00  ,2.117532053540e+00  ,2.092977451400e+00  ,2.069120376383e+00  ,2.045941388684e+00  ,2.023311306588e+00  ,2.001280393926e+00  ,1.979876952028e+00  ,1.959050907966e+00  ,1.938643646734e+00  ,1.918835636580e+00  ,1.899412113477e+00  
  1.651143585721e-08  ,2.417046720829e+00  ,2.381795666245e+00  ,2.347625083053e+00  ,2.314706952890e+00  ,2.282868499416e+00  ,2.252552713117e+00  ,2.223778692851e+00  ,2.195945846779e+00  ,2.168980447076e+00  ,2.142913932170e+00  ,2.117532053540e+00  ,2.092977451400e+00  ,2.069120376383e+00  ,2.045941388684e+00  ,2.023311306588e+00  ,2.001280393926e+00  ,1.979876952028e+00  ,1.959050907966e+00  ,1.938643646734e+00  ,1.918835636580e+00  ,1.899412113477e+00  
  1.751149003783e-08  ,2.417046720829e+00  ,2.381795666245e+00  ,2.347625083053e+00  ,2.314706952890e+00  ,2.282868499416e+00  ,2.252552713117e+00  ,2.223778692851e+00  ,2.195945846779e+00  ,2.168980447076e+00  ,2.142913932170e+00  ,2.117532053540e+00  ,2.092977451400e+00  ,2.069120376383e+00  ,2.045941388684e+00  ,2.023311306588e+00  ,2.001280393926e+00  ,1.979876952028e+00  ,1.959050907966e+00  ,1.938643646734e+00  ,1.918835636580e+00  ,1.899412113477e+00  
  1.851154421845e-08  ,2.417046720829e+00  ,2.381795666245e+00  ,2.347625083053e+00  ,2.314706952890e+00  ,2.282868499416e+00  ,2.252552713117e+00  ,2.223778692851e+00  ,2.195945846779e+00  ,2.168980447076e+00  ,2.142913932170e+00  ,2.117532053540e+00  ,2.092977451400e+00  ,2.069120376383e+00  ,2.045941388684e+00  ,2.023311306588e+00  ,2.001280393926e+00  ,1.979876952028e+00  ,1.959050907966e+00  ,1.938643646734e+00  ,1.918835636580e+00  ,1.899412113477e+00  
  1.951159839907e-08  ,2.417046720829e+00  ,2.381795666245e+00  ,2.347625083053e+00  ,2.314706952890e+00  ,2.282868499416e+00  ,2.252552713117e+00  ,2.223778692851e+00  ,2.195945846779e+00  ,2.168980447076e+00  ,2.142913932170e+00  ,2.117532053540e+00  ,2.092977451400e+00  ,2.069120376383e+00  ,2.045941388684e+00  ,2.023311306588e+00  ,2.001280393926e+00  ,1.979876952028e+00  ,1.959050907966e+00  ,1.938643646734e+00  ,1.918835636580e+00  ,1.899412113477e+00  
  2.051165257970e-08  ,2.417046720829e+00  ,2.381795666245e+00  ,2.347625083053e+00  ,2.314706952890e+00  ,2.282868499416e+00  ,2.252552713117e+00  ,2.223778692851e+00  ,2.195945846779e+00  ,2.168980447076e+00  ,2.142913932170e+00  ,2.117532053540e+00  ,2.092977451400e+00  ,2.069120376383e+00  ,2.045941388684e+00  ,2.023311306588e+00  ,2.001280393926e+00  ,1.979876952028e+00  ,1.959050907966e+00  ,1.938643646734e+00  ,1.918835636580e+00  ,1.899412113477e+00  
  2.151170676032e-08  ,2.417046720829e+00  ,2.381795666245e+00  ,2.347625083053e+00  ,2.314706952890e+00  ,2.282868499416e+00  ,2.252552713117e+00  ,2.223778692851e+00  ,2.195945846779e+00  ,2.168980447076e+00  ,2.142913932170e+00  ,2.117532053540e+00  ,2.092977451400e+00  ,2.069120376383e+00  ,2.045941388684e+00  ,2.023311306588e+00  ,2.001280393926e+00  ,1.979876952028e+00  ,1.959050907966e+00  ,1.938643646734e+00  ,1.918835636580e+00  ,1.899412113477e+00  
  2.251176094094e-08  ,2.417046720829e+00  ,2.381795666245e+00  ,2.347625083053e+00  ,2.314706952890e+00  ,2.282868499416e+00  ,2.252552713117e+00  ,2.223778692851e+00  ,2.195945846779e+00  ,2.168980447076e+00  ,2.142913932170e+00  ,2.117532053540e+00  ,2.092977451400e+00  ,2.069120376383e+00  ,2.045941388684e+00  ,2.023311306588e+00  ,2.001280393926e+00  ,1.979876952028e+00  ,1.959050907966e+00  ,1.938643646734e+00  ,1.918835636580e+00  ,1.899412113477e+00  
  2.351181512156e-08  ,2.417046720829e+00  ,2.381795666245e+00  ,2.347625083053e+00  ,2.314706952890e+00  ,2.282868499416e+00  ,2.252552713117e+00  ,2.223778692851e+00  ,2.195945846779e+00  ,2.168980447076e+00  ,2.142913932170e+00  ,2.117532053540e+00  ,2.092977451400e+00  ,2.069120376383e+00  ,2.045941388684e+00  ,2.023311306588e+00  ,2.001280393926e+00  ,1.979876952028e+00  ,1.959050907966e+00  ,1.938643646734e+00  ,1.918835636580e+00  ,1.899412113477e+00  
  2.451186930218e-08  ,2.417046720829e+00  ,2.381795666245e+00  ,2.347625083053e+00  ,2.314706952890e+00  ,2.282868499416e+00  ,2.252552713117e+00  ,2.223778692851e+00  ,2.195945846779e+00  ,2.168980447076e+00  ,2.142913932170e+00  ,2.117532053540e+00  ,2.092977451400e+00  ,2.069120376383e+00  ,2.045941388684e+00  ,2.023311306588e+00  ,2.001280393926e+00  ,1.979876952028e+00  ,1.959050907966e+00  ,1.938643646734e+00  ,1.918835636580e+00  ,1.899412113477e+00  
  2.551192348281e-08  ,2.417046720829e+00  ,2.381795666245e+00  ,2.347625083053e+00  ,2.314706952890e+00  ,2.282868499416e+00  ,2.252552713117e+00  ,2.223778692851e+00  ,2.195945846779e+00  ,2.168980447076e+00  ,2.142913932170e+00  ,2.117532053540e+00  ,2.092977451400e+00  ,2.069120376383e+00  ,2.045941388684e+00  ,2.023311306588e+00  ,2.001280393926e+00  ,1.979876952028e+00  ,1.959050907966e+00  ,1.938643646734e+00  ,1.918835636580e+00  ,1.899412113477e+00  
  2.651197766343e-08  ,2.417046720829e+00  ,2.381795666245e+00  ,2.347625083053e+00  ,2.314706952890e+00  ,2.282868499416e+00  ,2.252552713117e+00  ,2.223778692851e+00  ,2.195945846779e+00  ,2.168980447076e+00  ,2.142913932170e+00  ,2.117532053540e+00  ,2.092977451400e+00  ,2.069120376383e+00  ,2.045941388684e+00  ,2.023311306588e+00  ,2.001280393926e+00  ,1.979876952028e+00  ,1.959050907966e+00  ,1.938643646734e+00  ,1.918835636580e+00  ,1.899412113477e+00  
  2.751203184405e-08  ,2.417046720829e+00  ,2.381795666245e+00  ,2.347625083053e+00  ,2.314706952890e+00  ,2.282868499416e+00  ,2.252552713117e+00  ,2.223778692851e+00  ,2.195945846779e+00  ,2.168980447076e+00  ,2.142913932170e+00  ,2.117532053540e+00  ,2.092977451400e+00  ,2.069120376383e+00  ,2.045941388684e+00  ,2.023311306588e+00  ,2.001280393926e+00  ,1.979876952028e+00  ,1.959050907966e+00  ,1.938643646734e+00  ,1.918835636580e+00  ,1.899412113477e+00  
  2.851208602467e-08  ,2.417046720829e+00  ,2.381795666245e+00  ,2.347625083053e+00  ,2.314706952890e+00  ,2.282868499416e+00  ,2.252552713117e+00  ,2.223778692851e+00  ,2.195945846779e+00  ,2.168980447076e+00  ,2.142913932170e+00  ,2.117532053540e+00  ,2.092977451400e+00  ,2.069120376383e+00  ,2.045941388684e+00  ,2.023311306588e+00  ,2.001280393926e+00  ,1.979876952028e+00  ,1.959050907966e+00  ,1.938643646734e+00  ,1.918835636580e+00  ,1.899412113477e+00  
  2.951214020530e-08  ,2.417046720829e+00  ,2.381795666245e+00  ,2.347625083053e+00  ,2.314706952890e+00  ,2.282868499416e+00  ,2.252552713117e+00  ,2.223778692851e+00  ,2.195945846779e+00  ,2.168980447076e+00  ,2.142913932170e+00  ,2.117532053540e+00  ,2.092977451400e+00  ,2.069120376383e+00  ,2.045941388684e+00  ,2.023311306588e+00  ,2.001280393926e+00  ,1.979876952028e+00  ,1.959050907966e+00  ,1.938643646734e+00  ,1.918835636580e+00  ,1.899412113477e+00  
  3.051219438592e-08  ,2.417046720829e+00  ,2.381795666245e+00  ,2.347625083053e+00  ,2.314706952890e+00  ,2.282868499416e+00  ,2.252552713117e+00  ,2.223778692851e+00  ,2.195945846779e+00  ,2.168980447076e+00  ,2.142913932170e+00  ,2.117532053540e+00  ,2.092977451400e+00  ,2.069120376383e+00  ,2.045941388684e+00  ,2.023311306588e+00  ,2.001280393926e+00  ,1.979876952028e+00  ,1.959050907966e+00  ,1.938643646734e+00  ,1.918835636580e+00  ,1.899412113477e+00  
  3.151224856654e-08  ,2.417046720829e+00  ,2.381795666245e+00  ,2.347625083053e+00  ,2.314706952890e+00  ,2.282868499416e+00  ,2.252552713117e+00  ,2.223778692851e+00  ,2.195945846779e+00  ,2.168980447076e+00  ,2.142913932170e+00  ,2.117532053540e+00  ,2.092977451400e+00  ,2.069120376383e+00  ,2.045941388684e+00  ,2.023311306588e+00  ,2.001280393926e+00  ,1.979876952028e+00  ,1.959050907966e+00  ,1.938643646734e+00  ,1.918835636580e+00  ,1.899412113477e+00  
  3.251230274716e-08  ,2.417046720829e+00  ,2.381795666245e+00  ,2.347625083053e+00  ,2.314706952890e+00  ,2.282868499416e+00  ,2.252552713117e+00  ,2.223778692851e+00  ,2.195945846779e+00  ,2.168980447076e+00  ,2.142913932170e+00  ,2.117532053540e+00  ,2.092977451400e+00  ,2.069120376383e+00  ,2.045941388684e+00  ,2.023311306588e+00  ,2.001280393926e+00  ,1.979876952028e+00  ,1.959050907966e+00  ,1.938643646734e+00  ,1.918835636580e+00  ,1.899412113477e+00  
  3.351235692778e-08  ,2.417046720829e+00  ,2.381795666245e+00  ,2.347625083053e+00  ,2.314706952890e+00  ,2.282868499416e+00  ,2.252552713117e+00  ,2.223778692851e+00  ,2.195945846779e+00  ,2.168980447076e+00  ,2.142913932170e+00  ,2.117532053540e+00  ,2.092977451400e+00  ,2.069120376383e+00  ,2.045941388684e+00  ,2.023311306588e+00  ,2.001280393926e+00  ,1.979876952028e+00  ,1.959050907966e+00  ,1.938643646734e+00  ,1.918835636580e+00  ,1.899412113477e+00  
  3.451241110841e-08  ,2.417046720829e+00  ,2.381795666245e+00  ,2.347625083053e+00  ,2.314706952890e+00  ,2.282868499416e+00  ,2.252552713117e+00  ,2.223778692851e+00  ,2.195945846779e+00  ,2.168980447076e+00  ,2.142913932170e+00  ,2.117532053540e+00  ,2.092977451400e+00  ,2.069120376383e+00  ,2.045941388684e+00  ,2.023311306588e+00  ,2.001280393926e+00  ,1.979876952028e+00  ,1.959050907966e+00  ,1.938643646734e+00  ,1.918835636580e+00  ,1.899412113477e+00  
  3.551246528903e-08  ,2.417046720829e+00  ,2.381795666245e+00  ,2.347625083053e+00  ,2.314706952890e+00  ,2.282868499416e+00  ,2.252552713117e+00  ,2.223778692851e+00  ,2.195945846779e+00  ,2.168980447076e+00  ,2.142913932170e+00  ,2.117532053540e+00  ,2.092977451400e+00  ,2.069120376383e+00  ,2.045941388684e+00  ,2.023311306588e+00  ,2.001280393926e+00  ,1.979876952028e+00  ,1.959050907966e+00  ,1.938643646734e+00  ,1.918835636580e+00  ,1.899412113477e+00  
  3.651251946965e-08  ,2.417046720829e+00  ,2.381795666245e+00  ,2.347625083053e+00  ,2.314706952890e+00  ,2.282868499416e+00  ,2.252552713117e+00  ,2.223778692851e+00  ,2.195945846779e+00  ,2.168980447076e+00  ,2.142913932170e+00  ,2.117532053540e+00  ,2.092977451400e+00  ,2.069120376383e+00  ,2.045941388684e+00  ,2.023311306588e+00  ,2.001280393926e+00  ,1.979876952028e+00  ,1.959050907966e+00  ,1.938643646734e+00  ,1.918835636580e+00  ,1.899412113477e+00  
  3.751257365027e-08  ,2.417046720829e+00  ,2.381795666245e+00  ,2.347625083053e+00  ,2.314706952890e+00  ,2.282868499416e+00  ,2.252552713117e+00  ,2.223778692851e+00  ,2.195945846779e+00  ,2.168980447076e+00  ,2.142913932170e+00  ,2.117532053540e+00  ,2.092977451400e+00  ,2.069120376383e+00  ,2.045941388684e+00  ,2.023311306588e+00  ,2.001280393926e+00  ,1.979876952028e+00  ,1.959050907966e+00  ,1.938643646734e+00  ,1.918835636580e+00  ,1.899412113477e+00  
  3.851262783089e-08  ,2.417046720829e+00  ,2.381795666245e+00  ,2.347625083053e+00  ,2.314706952890e+00  ,2.282868499416e+00  ,2.252552713117e+00  ,2.223778692851e+00  ,2.195945846779e+00  ,2.168980447076e+00  ,2.142913932170e+00  ,2.117532053540e+00  ,2.092977451400e+00  ,2.069120376383e+00  ,2.045941388684e+00  ,2.023311306588e+00  ,2.001280393926e+00  ,1.979876952028e+00  ,1.959050907966e+00  ,1.938643646734e+00  ,1.918835636580e+00  ,1.899412113477e+00  
  3.951268201152e-08  ,2.417046720829e+00  ,2.381795666245e+00  ,2.347625083053e+00  ,2.314706952890e+00  ,2.282868499416e+00  ,2.252552713117e+00  ,2.223778692851e+00  ,2.195945846779e+00  ,2.168980447076e+00  ,2.142913932170e+00  ,2.117532053540e+00  ,2.092977451400e+00  ,2.069120376383e+00  ,2.045941388684e+00  ,2.023311306588e+00  ,2.001280393926e+00  ,1.979876952028e+00  ,1.959050907966e+00  ,1.938643646734e+00  ,1.918835636580e+00  ,1.899412113477e+00  
  4.051273619214e-08  ,2.417046720829e+00  ,2.381795666245e+00  ,2.347625083053e+00  ,2.314706952890e+00  ,2.282868499416e+00  ,2.252552713117e+00  ,2.223778692851e+00  ,2.195945846779e+00  ,2.168980447076e+00  ,2.142913932170e+00  ,2.117532053540e+00  ,2.092977451400e+00  ,2.069120376383e+00  ,2.045941388684e+00  ,2.023311306588e+00  ,2.001280393926e+00  ,1.979876952028e+00  ,1.959050907966e+00  ,1.938643646734e+00  ,1.918835636580e+00  ,1.899412113477e+00  
  4.151279037276e-08  ,2.417046720829e+00  ,2.381795666245e+00  ,2.347625083053e+00  ,2.314706952890e+00  ,2.282868499416e+00  ,2.252552713117e+00  ,2.223778692851e+00  ,2.195945846779e+00  ,2.168980447076e+00  ,2.142913932170e+00  ,2.117532053540e+00  ,2.092977451400e+00  ,2.069120376383e+00  ,2.045941388684e+00  ,2.023311306588e+00  ,2.001280393926e+00  ,1.979876952028e+00  ,1.959050907966e+00  ,1.938643646734e+00  ,1.918835636580e+00  ,1.899412113477e+00  
  4.251284455338e-08  ,2.417046720829e+00  ,2.381795666245e+00  ,2.347625083053e+00  ,2.314706952890e+00  ,2.282868499416e+00  ,2.252552713117e+00  ,2.223778692851e+00  ,2.195945846779e+00  ,2.168980447076e+00  ,2.142913932170e+00  ,2.117532053540e+00  ,2.092977451400e+00  ,2.069120376383e+00  ,2.045941388684e+00  ,2.023311306588e+00  ,2.001280393926e+00  ,1.979876952028e+00  ,1.959050907966e+00  ,1.938643646734e+00  ,1.918835636580e+00  ,1.899412113477e+00  
  4.351289873400e-08  ,2.417046720829e+00  ,2.381795666245e+00  ,2.347625083053e+00  ,2.314706952890e+00  ,2.282868499416e+00  ,2.252552713117e+00  ,2.223778692851e+00  ,2.195945846779e+00  ,2.168980447076e+00  ,2.142913932170e+00  ,2.117532053540e+00  ,2.092977451400e+00  ,2.069120376383e+00  ,2.045941388684e+00  ,2.023311306588e+00  ,2.001280393926e+00  ,1.979876952028e+00  ,1.959050907966e+00  ,1.938643646734e+00  ,1.918835636580e+00  ,1.899412113477e+00  
  4.451295291463e-08  ,2.417046720829e+00  ,2.381795666245e+00  ,2.347625083053e+00  ,2.314706952890e+00  ,2.282868499416e+00  ,2.252552713117e+00  ,2.223778692851e+00  ,2.195945846779e+00  ,2.168980447076e+00  ,2.142913932170e+00  ,2.117532053540e+00  ,2.092977451400e+00  ,2.069120376383e+00  ,2.045941388684e+00  ,2.023311306588e+00  ,2.001280393926e+00  ,1.979876952028e+00  ,1.959050907966e+00  ,1.938643646734e+00  ,1.918835636580e+00  ,1.899412113477e+00  
  4.551300709525e-08  ,2.417046720829e+00  ,2.381795666245e+00  ,2.347625083053e+00  ,2.314706952890e+00  ,2.282868499416e+00  ,2.252552713117e+00  ,2.223778692851e+00  ,2.195945846779e+00  ,2.168980447076e+00  ,2.142913932170e+00  ,2.117532053540e+00  ,2.092977451400e+00  ,2.069120376383e+00  ,2.045941388684e+00  ,2.023311306588e+00  ,2.001280393926e+00  ,1.979876952028e+00  ,1.959050907966e+00  ,1.938643646734e+00  ,1.918835636580e+00  ,1.899412113477e+00  
  4.651306127587e-08  ,2.417046720829e+00  ,2.381795666245e+00  ,2.347625083053e+00  ,2.314706952890e+00  ,2.282868499416e+00  ,2.252552713117e+00  ,2.223778692851e+00  ,2.195945846779e+00  ,2.168980447076e+00  ,2.142913932170e+00  ,2.117532053540e+00  ,2.092977451400e+00  ,2.069120376383e+00  ,2.045941388684e+00  ,2.023311306588e+00  ,2.001280393926e+00  ,1.979876952028e+00  ,1.959050907966e+00  ,1.938643646734e+00  ,1.918835636580e+00  ,1.899412113477e+00  
  4.751311545649e-08  ,2.417046720829e+00  ,2.381795666245e+00  ,2.347625083053e+00  ,2.314706952890e+00  ,2.282868499416e+00  ,2.252552713117e+00  ,2.223778692851e+00  ,2.195945846779e+00  ,2.168980447076e+00  ,2.142913932170e+00  ,2.117532053540e+00  ,2.092977451400e+00  ,2.069120376383e+00  ,2.045941388684e+00  ,2.023311306588e+00  ,2.001280393926e+00  ,1.979876952028e+00  ,1.959050907966e+00  ,1.938643646734e+00  ,1.918835636580e+00  ,1.899412113477e+00  
  4.851316963712e-08  ,2.417046720829e+00  ,2.381795666245e+00  ,2.347625083053e+00  ,2.314706952890e+00  ,2.282868499416e+00  ,2.252552713117e+00  ,2.223778692851e+00  ,2.195945846779e+00  ,2.168980447076e+00  ,2.142913932170e+00  ,2.117532053540e+00  ,2.092977451400e+00  ,2.069120376383e+00  ,2.045941388684e+00  ,2.023311306588e+00  ,2.001280393926e+00  ,1.979876952028e+00  ,1.959050907966e+00  ,1.938643646734e+00  ,1.918835636580e+00  ,1.899412113477e+00  
  4.951322381774e-08  ,2.417046720829e+00  ,2.381795666245e+00  ,2.347625083053e+00  ,2.314706952890e+00  ,2.282868499416e+00  ,2.252552713117e+00  ,2.223778692851e+00  ,2.195945846779e+00  ,2.168980447076e+00  ,2.142913932170e+00  ,2.117532053540e+00  ,2.092977451400e+00  ,2.069120376383e+00  ,2.045941388684e+00  ,2.023311306588e+00  ,2.001280393926e+00  ,1.979876952028e+00  ,1.959050907966e+00  ,1.938643646734e+00  ,1.918835636580e+00  ,1.899412113477e+00  
  5.051327799836e-08  ,2.417046720829e+00  ,2.381795666245e+00  ,2.347625083053e+00  ,2.314706952890e+00  ,2.282868499416e+00  ,2.252552713117e+00  ,2.223778692851e+00  ,2.195945846779e+00  ,2.168980447076e+00  ,2.142913932170e+00  ,2.117532053540e+00  ,2.092977451400e+00  ,2.069120376383e+00  ,2.045941388684e+00  ,2.023311306588e+00  ,2.001280393926e+00  ,1.979876952028e+00  ,1.959050907966e+00  ,1.938643646734e+00  ,1.918835636580e+00  ,1.899412113477e+00  
  5.151333217898e-08  ,2.417046720829e+00  ,2.381795666245e+00  ,2.347625083053e+00  ,2.314706952890e+00  ,2.282868499416e+00  ,2.252552713117e+00  ,2.223778692851e+00  ,2.195945846779e+00  ,2.168980447076e+00  ,2.142913932170e+00  ,2.117532053540e+00  ,2.092977451400e+00  ,2.069120376383e+00  ,2.045941388684e+00  ,2.023311306588e+00  ,2.001280393926e+00  ,1.979876952028e+00  ,1.959050907966e+00  ,1.938643646734e+00  ,1.918835636580e+00  ,1.899412113477e+00  
  5.251338635960e-08  ,2.417046720829e+00  ,2.381795666245e+00  ,2.347625083053e+00  ,2.314706952890e+00  ,2.282868499416e+00  ,2.252552713117e+00  ,2.223778692851e+00  ,2.195945846779e+00  ,2.168980447076e+00  ,2.142913932170e+00  ,2.117532053540e+00  ,2.092977451400e+00  ,2.069120376383e+00  ,2.045941388684e+00  ,2.023311306588e+00  ,2.001280393926e+00  ,1.979876952028e+00  ,1.959050907966e+00  ,1.938643646734e+00  ,1.918835636580e+00  ,1.899412113477e+00  
  5.351344054023e-08  ,2.417046720829e+00  ,2.381795666245e+00  ,2.347625083053e+00  ,2.314706952890e+00  ,2.282868499416e+00  ,2.252552713117e+00  ,2.223778692851e+00  ,2.195945846779e+00  ,2.168980447076e+00  ,2.142913932170e+00  ,2.117532053540e+00  ,2.092977451400e+00  ,2.069120376383e+00  ,2.045941388684e+00  ,2.023311306588e+00  ,2.001280393926e+00  ,1.979876952028e+00  ,1.959050907966e+00  ,1.938643646734e+00  ,1.918835636580e+00  ,1.899412113477e+00  
  5.451349472085e-08  ,2.417046720829e+00  ,2.381795666245e+00  ,2.347625083053e+00  ,2.314706952890e+00  ,2.282868499416e+00  ,2.252552713117e+00  ,2.223778692851e+00  ,2.195945846779e+00  ,2.168980447076e+00  ,2.142913932170e+00  ,2.117532053540e+00  ,2.092977451400e+00  ,2.069120376383e+00  ,2.045941388684e+00  ,2.023311306588e+00  ,2.001280393926e+00  ,1.979876952028e+00  ,1.959050907966e+00  ,1.938643646734e+00  ,1.918835636580e+00  ,1.899412113477e+00  
  5.551354890147e-08  ,2.417046720829e+00  ,2.381795666245e+00  ,2.347625083053e+00  ,2.314706952890e+00  ,2.282868499416e+00  ,2.252552713117e+00  ,2.223778692851e+00  ,2.195945846779e+00  ,2.168980447076e+00  ,2.142913932170e+00  ,2.117532053540e+00  ,2.092977451400e+00  ,2.069120376383e+00  ,2.045941388684e+00  ,2.023311306588e+00  ,2.001280393926e+00  ,1.979876952028e+00  ,1.959050907966e+00  ,1.938643646734e+00  ,1.918835636580e+00  ,1.899412113477e+00  
  5.651360308209e-08  ,2.417046720829e+00  ,2.381795666245e+00  ,2.347625083053e+00  ,2.314706952890e+00  ,2.282868499416e+00  ,2.252552713117e+00  ,2.223778692851e+00  ,2.195945846779e+00  ,2.168980447076e+00  ,2.142913932170e+00  ,2.117532053540e+00  ,2.092977451400e+00  ,2.069120376383e+00  ,2.045941388684e+00  ,2.023311306588e+00  ,2.001280393926e+00  ,1.979876952028e+00  ,1.959050907966e+00  ,1.938643646734e+00  ,1.918835636580e+00  ,1.899412113477e+00  
  5.751365726271e-08  ,2.417046720829e+00  ,2.381795666245e+00  ,2.347625083053e+00  ,2.314706952890e+00  ,2.282868499416e+00  ,2.252552713117e+00  ,2.223778692851e+00  ,2.195945846779e+00  ,2.168980447076e+00  ,2.142913932170e+00  ,2.117532053540e+00  ,2.092977451400e+00  ,2.069120376383e+00  ,2.045941388684e+00  ,2.023311306588e+00  ,2.001280393926e+00  ,1.979876952028e+00  ,1.959050907966e+00  ,1.938643646734e+00  ,1.918835636580e+00  ,1.899412113477e+00  
  5.851371144334e-08  ,2.417046720829e+00  ,2.381795666245e+00  ,2.347625083053e+00  ,2.314706952890e+00  ,2.282868499416e+00  ,2.252552713117e+00  ,2.223778692851e+00  ,2.195945846779e+00  ,2.168980447076e+00  ,2.142913932170e+00  ,2.117532053540e+00  ,2.092977451400e+00  ,2.069120376383e+00  ,2.045941388684e+00  ,2.023311306588e+00  ,2.001280393926e+00  ,1.979876952028e+00  ,1.959050907966e+00  ,1.938643646734e+00  ,1.918835636580e+00  ,1.899412113477e+00  
  5.951376562396e-08  ,2.417046720829e+00  ,2.381795666245e+00  ,2.347625083053e+00  ,2.314706952890e+00  ,2.282868499416e+00  ,2.252552713117e+00  ,2.223778692851e+00  ,2.195945846779e+00  ,2.168980447076e+00  ,2.142913932170e+00  ,2.117532053540e+00  ,2.092977451400e+00  ,2.069120376383e+00  ,2.045941388684e+00  ,2.023311306588e+00  ,2.001280393926e+00  ,1.979876952028e+00  ,1.959050907966e+00  ,1.938643646734e+00  ,1.918835636580e+00  ,1.899412113477e+00  
  6.051381980458e-08  ,2.417046720829e+00  ,2.381795666245e+00  ,2.347625083053e+00  ,2.314706952890e+00  ,2.282868499416e+00  ,2.252552713117e+00  ,2.223778692851e+00  ,2.195945846779e+00  ,2.168980447076e+00  ,2.142913932170e+00  ,2.117532053540e+00  ,2.092977451400e+00  ,2.069120376383e+00  ,2.045941388684e+00  ,2.023311306588e+00  ,2.001280393926e+00  ,1.979876952028e+00  ,1.959050907966e+00  ,1.938643646734e+00  ,1.918835636580e+00  ,1.899412113477e+00  
  6.151387398520e-08  ,2.417046720829e+00  ,2.381795666245e+00  ,2.347625083053e+00  ,2.314706952890e+00  ,2.282868499416e+00  ,2.252552713117e+00  ,2.223778692851e+00  ,2.195945846779e+00  ,2.168980447076e+00  ,2.142913932170e+00  ,2.117532053540e+00  ,2.092977451400e+00  ,2.069120376383e+00  ,2.045941388684e+00  ,2.023311306588e+00  ,2.001280393926e+00  ,1.979876952028e+00  ,1.959050907966e+00  ,1.938643646734e+00  ,1.918835636580e+00  ,1.899412113477e+00  
  6.251392816582e-08  ,2.417046720829e+00  ,2.381795666245e+00  ,2.347625083053e+00  ,2.314706952890e+00  ,2.282868499416e+00  ,2.252552713117e+00  ,2.223778692851e+00  ,2.195945846779e+00  ,2.168980447076e+00  ,2.142913932170e+00  ,2.117532053540e+00  ,2.092977451400e+00  ,2.069120376383e+00  ,2.045941388684e+00  ,2.023311306588e+00  ,2.001280393926e+00  ,1.979876952028e+00  ,1.959050907966e+00  ,1.938643646734e+00  ,1.918835636580e+00  ,1.899412113477e+00  
  6.351398234645e-08  ,2.417046720829e+00  ,2.381795666245e+00  ,2.347625083053e+00  ,2.314706952890e+00  ,2.282868499416e+00  ,2.252552713117e+00  ,2.223778692851e+00  ,2.195945846779e+00  ,2.168980447076e+00  ,2.142913932170e+00  ,2.117532053540e+00  ,2.092977451400e+00  ,2.069120376383e+00  ,2.045941388684e+00  ,2.023311306588e+00  ,2.001280393926e+00  ,1.979876952028e+00  ,1.959050907966e+00  ,1.938643646734e+00  ,1.918835636580e+00  ,1.899412113477e+00  
  6.451403652707e-08  ,2.417046720829e+00  ,2.381795666245e+00  ,2.347625083053e+00  ,2.314706952890e+00  ,2.282868499416e+00  ,2.252552713117e+00  ,2.223778692851e+00  ,2.195945846779e+00  ,2.168980447076e+00  ,2.142913932170e+00  ,2.117532053540e+00  ,2.092977451400e+00  ,2.069120376383e+00  ,2.045941388684e+00  ,2.023311306588e+00  ,2.001280393926e+00  ,1.979876952028e+00  ,1.959050907966e+00  ,1.938643646734e+00  ,1.918835636580e+00  ,1.899412113477e+00  
  6.551409070769e-08  ,2.417046720829e+00  ,2.381795666245e+00  ,2.347625083053e+00  ,2.314706952890e+00  ,2.282868499416e+00  ,2.252552713117e+00  ,2.223778692851e+00  ,2.195945846779e+00  ,2.168980447076e+00  ,2.142913932170e+00  ,2.117532053540e+00  ,2.092977451400e+00  ,2.069120376383e+00  ,2.045941388684e+00  ,2.023311306588e+00  ,2.001280393926e+00  ,1.979876952028e+00  ,1.959050907966e+00  ,1.938643646734e+00  ,1.918835636580e+00  ,1.899412113477e+00  
  6.651414488831e-08  ,2.417046720829e+00  ,2.381795666245e+00  ,2.347625083053e+00  ,2.314706952890e+00  ,2.282868499416e+00  ,2.252552713117e+00  ,2.223778692851e+00  ,2.195945846779e+00  ,2.168980447076e+00  ,2.142913932170e+00  ,2.117532053540e+00  ,2.092977451400e+00  ,2.069120376383e+00  ,2.045941388684e+00  ,2.023311306588e+00  ,2.001280393926e+00  ,1.979876952028e+00  ,1.959050907966e+00  ,1.938643646734e+00  ,1.918835636580e+00  ,1.899412113477e+00  
  6.751419906894e-08  ,2.417046720829e+00  ,2.381795666245e+00  ,2.347625083053e+00  ,2.314706952890e+00  ,2.282868499416e+00  ,2.252552713117e+00  ,2.223778692851e+00  ,2.195945846779e+00  ,2.168980447076e+00  ,2.142913932170e+00  ,2.117532053540e+00  ,2.092977451400e+00  ,2.069120376383e+00  ,2.045941388684e+00  ,2.023311306588e+00  ,2.001280393926e+00  ,1.979876952028e+00  ,1.959050907966e+00  ,1.938643646734e+00  ,1.918835636580e+00  ,1.899412113477e+00  
  6.851425324956e-08  ,2.417046720829e+00  ,2.381795666245e+00  ,2.347625083053e+00  ,2.314706952890e+00  ,2.282868499416e+00  ,2.252552713117e+00  ,2.223778692851e+00  ,2.195945846779e+00  ,2.168980447076e+00  ,2.142913932170e+00  ,2.117532053540e+00  ,2.092977451400e+00  ,2.069120376383e+00  ,2.045941388684e+00  ,2.023311306588e+00  ,2.001280393926e+00  ,1.979876952028e+00  ,1.959050907966e+00  ,1.938643646734e+00  ,1.918835636580e+00  ,1.899412113477e+00  
  6.951430743018e-08  ,2.417046720829e+00  ,2.381795666245e+00  ,2.347625083053e+00  ,2.314706952890e+00  ,2.282868499416e+00  ,2.252552713117e+00  ,2.223778692851e+00  ,2.195945846779e+00  ,2.168980447076e+00  ,2.142913932170e+00  ,2.117532053540e+00  ,2.092977451400e+00  ,2.069120376383e+00  ,2.045941388684e+00  ,2.023311306588e+00  ,2.001280393926e+00  ,1.979876952028e+00  ,1.959050907966e+00  ,1.938643646734e+00  ,1.918835636580e+00  ,1.899412113477e+00  
  7.051436161080e-08  ,2.417046720829e+00  ,2.381795666245e+00  ,2.347625083053e+00  ,2.314706952890e+00  ,2.282868499416e+00  ,2.252552713117e+00  ,2.223778692851e+00  ,2.195945846779e+00  ,2.168980447076e+00  ,2.142913932170e+00  ,2.117532053540e+00  ,2.092977451400e+00  ,2.069120376383e+00  ,2.045941388684e+00  ,2.023311306588e+00  ,2.001280393926e+00  ,1.979876952028e+00  ,1.959050907966e+00  ,1.938643646734e+00  ,1.918835636580e+00  ,1.899412113477e+00  
  7.151441579142e-08  ,2.417046720829e+00  ,2.381795666245e+00  ,2.347625083053e+00  ,2.314706952890e+00  ,2.282868499416e+00  ,2.252552713117e+00  ,2.223778692851e+00  ,2.195945846779e+00  ,2.168980447076e+00  ,2.142913932170e+00  ,2.117532053540e+00  ,2.092977451400e+00  ,2.069120376383e+00  ,2.045941388684e+00  ,2.023311306588e+00  ,2.001280393926e+00  ,1.979876952028e+00  ,1.959050907966e+00  ,1.938643646734e+00  ,1.918835636580e+00  ,1.899412113477e+00  
  7.251446997205e-08  ,2.417046720829e+00  ,2.381795666245e+00  ,2.347625083053e+00  ,2.314706952890e+00  ,2.282868499416e+00  ,2.252552713117e+00  ,2.223778692851e+00  ,2.195945846779e+00  ,2.168980447076e+00  ,2.142913932170e+00  ,2.117532053540e+00  ,2.092977451400e+00  ,2.069120376383e+00  ,2.045941388684e+00  ,2.023311306588e+00  ,2.001280393926e+00  ,1.979876952028e+00  ,1.959050907966e+00  ,1.938643646734e+00  ,1.918835636580e+00  ,1.899412113477e+00  
  7.351452415267e-08  ,2.417046720829e+00  ,2.381795666245e+00  ,2.347625083053e+00  ,2.314706952890e+00  ,2.282868499416e+00  ,2.252552713117e+00  ,2.223778692851e+00  ,2.195945846779e+00  ,2.168980447076e+00  ,2.142913932170e+00  ,2.117532053540e+00  ,2.092977451400e+00  ,2.069120376383e+00  ,2.045941388684e+00  ,2.023311306588e+00  ,2.001280393926e+00  ,1.979876952028e+00  ,1.959050907966e+00  ,1.938643646734e+00  ,1.918835636580e+00  ,1.899412113477e+00  
  7.451457833329e-08  ,2.417046720829e+00  ,2.381795666245e+00  ,2.347625083053e+00  ,2.314706952890e+00  ,2.282868499416e+00  ,2.252552713117e+00  ,2.223778692851e+00  ,2.195945846779e+00  ,2.168980447076e+00  ,2.142913932170e+00  ,2.117532053540e+00  ,2.092977451400e+00  ,2.069120376383e+00  ,2.045941388684e+00  ,2.023311306588e+00  ,2.001280393926e+00  ,1.979876952028e+00  ,1.959050907966e+00  ,1.938643646734e+00  ,1.918835636580e+00  ,1.899412113477e+00  
  7.551463251391e-08  ,2.417046720829e+00  ,2.381795666245e+00  ,2.347625083053e+00  ,2.314706952890e+00  ,2.282868499416e+00  ,2.252552713117e+00  ,2.223778692851e+00  ,2.195945846779e+00  ,2.168980447076e+00  ,2.142913932170e+00  ,2.117532053540e+00  ,2.092977451400e+00  ,2.069120376383e+00  ,2.045941388684e+00  ,2.023311306588e+00  ,2.001280393926e+00  ,1.979876952028e+00  ,1.959050907966e+00  ,1.938643646734e+00  ,1.918835636580e+00  ,1.899412113477e+00  
  7.651468669453e-08  ,2.417046720829e+00  ,2.381795666245e+00  ,2.347625083053e+00  ,2.314706952890e+00  ,2.282868499416e+00  ,2.252552713117e+00  ,2.223778692851e+00  ,2.195945846779e+00  ,2.168980447076e+00  ,2.142913932170e+00  ,2.117532053540e+00  ,2.092977451400e+00  ,2.069120376383e+00  ,2.045941388684e+00  ,2.023311306588e+00  ,2.001280393926e+00  ,1.979876952028e+00  ,1.959050907966e+00  ,1.938643646734e+00  ,1.918835636580e+00  ,1.899412113477e+00  
  7.751474087516e-08  ,2.417046720829e+00  ,2.381795666245e+00  ,2.347625083053e+00  ,2.314706952890e+00  ,2.282868499416e+00  ,2.252552713117e+00  ,2.223778692851e+00  ,2.195945846779e+00  ,2.168980447076e+00  ,2.142913932170e+00  ,2.117532053540e+00  ,2.092977451400e+00  ,2.069120376383e+00  ,2.045941388684e+00  ,2.023311306588e+00  ,2.001280393926e+00  ,1.979876952028e+00  ,1.959050907966e+00  ,1.938643646734e+00  ,1.918835636580e+00  ,1.899412113477e+00  
  7.851479505578e-08  ,2.417046720829e+00  ,2.381795666245e+00  ,2.347625083053e+00  ,2.314706952890e+00  ,2.282868499416e+00  ,2.252552713117e+00  ,2.223778692851e+00  ,2.195945846779e+00  ,2.168980447076e+00  ,2.142913932170e+00  ,2.117532053540e+00  ,2.092977451400e+00  ,2.069120376383e+00  ,2.045941388684e+00  ,2.023311306588e+00  ,2.001280393926e+00  ,1.979876952028e+00  ,1.959050907966e+00  ,1.938643646734e+00  ,1.918835636580e+00  ,1.899412113477e+00  
  7.951484923640e-08  ,2.417046720829e+00  ,2.381795666245e+00  ,2.347625083053e+00  ,2.314706952890e+00  ,2.282868499416e+00  ,2.252552713117e+00  ,2.223778692851e+00  ,2.195945846779e+00  ,2.168980447076e+00  ,2.142913932170e+00  ,2.117532053540e+00  ,2.092977451400e+00  ,2.069120376383e+00  ,2.045941388684e+00  ,2.023311306588e+00  ,2.001280393926e+00  ,1.979876952028e+00  ,1.959050907966e+00  ,1.938643646734e+00  ,1.918835636580e+00  ,1.899412113477e+00  
  8.051490341702e-08  ,2.417046720829e+00  ,2.381795666245e+00  ,2.347625083053e+00  ,2.314706952890e+00  ,2.282868499416e+00  ,2.252552713117e+00  ,2.223778692851e+00  ,2.195945846779e+00  ,2.168980447076e+00  ,2.142913932170e+00  ,2.117532053540e+00  ,2.092977451400e+00  ,2.069120376383e+00  ,2.045941388684e+00  ,2.023311306588e+00  ,2.001280393926e+00  ,1.979876952028e+00  ,1.959050907966e+00  ,1.938643646734e+00  ,1.918835636580e+00  ,1.899412113477e+00  
  8.151495759764e-08  ,2.417046720829e+00  ,2.381795666245e+00  ,2.347625083053e+00  ,2.314706952890e+00  ,2.282868499416e+00  ,2.252552713117e+00  ,2.223778692851e+00  ,2.195945846779e+00  ,2.168980447076e+00  ,2.142913932170e+00  ,2.117532053540e+00  ,2.092977451400e+00  ,2.069120376383e+00  ,2.045941388684e+00  ,2.023311306588e+00  ,2.001280393926e+00  ,1.979876952028e+00  ,1.959050907966e+00  ,1.938643646734e+00  ,1.918835636580e+00  ,1.899412113477e+00  
  8.251501177827e-08  ,2.417046720829e+00  ,2.381795666245e+00  ,2.347625083053e+00  ,2.314706952890e+00  ,2.282868499416e+00  ,2.252552713117e+00  ,2.223778692851e+00  ,2.195945846779e+00  ,2.168980447076e+00  ,2.142913932170e+00  ,2.117532053540e+00  ,2.092977451400e+00  ,2.069120376383e+00  ,2.045941388684e+00  ,2.023311306588e+00  ,2.001280393926e+00  ,1.979876952028e+00  ,1.959050907966e+00  ,1.938643646734e+00  ,1.918835636580e+00  ,1.899412113477e+00  
  8.351506595889e-08  ,2.417046720829e+00  ,2.381795666245e+00  ,2.347625083053e+00  ,2.314706952890e+00  ,2.282868499416e+00  ,2.252552713117e+00  ,2.223778692851e+00  ,2.195945846779e+00  ,2.168980447076e+00  ,2.142913932170e+00  ,2.117532053540e+00  ,2.092977451400e+00  ,2.069120376383e+00  ,2.045941388684e+00  ,2.023311306588e+00  ,2.001280393926e+00  ,1.979876952028e+00  ,1.959050907966e+00  ,1.938643646734e+00  ,1.918835636580e+00  ,1.899412113477e+00  
  8.451512013951e-08  ,2.417046720829e+00  ,2.381795666245e+00  ,2.347625083053e+00  ,2.314706952890e+00  ,2.282868499416e+00  ,2.252552713117e+00  ,2.223778692851e+00  ,2.195945846779e+00  ,2.168980447076e+00  ,2.142913932170e+00  ,2.117532053540e+00  ,2.092977451400e+00  ,2.069120376383e+00  ,2.045941388684e+00  ,2.023311306588e+00  ,2.001280393926e+00  ,1.979876952028e+00  ,1.959050907966e+00  ,1.938643646734e+00  ,1.918835636580e+00  ,1.899412113477e+00  
  8.551517432013e-08  ,2.417046720829e+00  ,2.381795666245e+00  ,2.347625083053e+00  ,2.314706952890e+00  ,2.282868499416e+00  ,2.252552713117e+00  ,2.223778692851e+00  ,2.195945846779e+00  ,2.168980447076e+00  ,2.142913932170e+00  ,2.117532053540e+00  ,2.092977451400e+00  ,2.069120376383e+00  ,2.045941388684e+00  ,2.023311306588e+00  ,2.001280393926e+00  ,1.979876952028e+00  ,1.959050907966e+00  ,1.938643646734e+00  ,1.918835636580e+00  ,1.899412113477e+00  
  8.651522850076e-08  ,2.417046720829e+00  ,2.381795666245e+00  ,2.347625083053e+00  ,2.314706952890e+00  ,2.282868499416e+00  ,2.252552713117e+00  ,2.223778692851e+00  ,2.195945846779e+00  ,2.168980447076e+00  ,2.142913932170e+00  ,2.117532053540e+00  ,2.092977451400e+00  ,2.069120376383e+00  ,2.045941388684e+00  ,2.023311306588e+00  ,2.001280393926e+00  ,1.979876952028e+00  ,1.959050907966e+00  ,1.938643646734e+00  ,1.918835636580e+00  ,1.899412113477e+00  
  8.751528268138e-08  ,2.417046720829e+00  ,2.381795666245e+00  ,2.347625083053e+00  ,2.314706952890e+00  ,2.282868499416e+00  ,2.252552713117e+00  ,2.223778692851e+00  ,2.195945846779e+00  ,2.168980447076e+00  ,2.142913932170e+00  ,2.117532053540e+00  ,2.092977451400e+00  ,2.069120376383e+00  ,2.045941388684e+00  ,2.023311306588e+00  ,2.001280393926e+00  ,1.979876952028e+00  ,1.959050907966e+00  ,1.938643646734e+00  ,1.918835636580e+00  ,1.899412113477e+00  
  8.851533686200e-08  ,2.417046720829e+00  ,2.381795666245e+00  ,2.347625083053e+00  ,2.314706952890e+00  ,2.282868499416e+00  ,2.252552713117e+00  ,2.223778692851e+00  ,2.195945846779e+00  ,2.168980447076e+00  ,2.142913932170e+00  ,2.117532053540e+00  ,2.092977451400e+00  ,2.069120376383e+00  ,2.045941388684e+00  ,2.023311306588e+00  ,2.001280393926e+00  ,1.979876952028e+00  ,1.959050907966e+00  ,1.938643646734e+00  ,1.918835636580e+00  ,1.899412113477e+00  
  8.951539104262e-08  ,2.417046720829e+00  ,2.381795666245e+00  ,2.347625083053e+00  ,2.314706952890e+00  ,2.282868499416e+00  ,2.252552713117e+00  ,2.223778692851e+00  ,2.195945846779e+00  ,2.168980447076e+00  ,2.142913932170e+00  ,2.117532053540e+00  ,2.092977451400e+00  ,2.069120376383e+00  ,2.045941388684e+00  ,2.023311306588e+00  ,2.001280393926e+00  ,1.979876952028e+00  ,1.959050907966e+00  ,1.938643646734e+00  ,1.918835636580e+00  ,1.899412113477e+00  
  9.051544522324e-08  ,2.417046720829e+00  ,2.381795666245e+00  ,2.347625083053e+00  ,2.314706952890e+00  ,2.282868499416e+00  ,2.252552713117e+00  ,2.223778692851e+00  ,2.195945846779e+00  ,2.168980447076e+00  ,2.142913932170e+00  ,2.117532053540e+00  ,2.092977451400e+00  ,2.069120376383e+00  ,2.045941388684e+00  ,2.023311306588e+00  ,2.001280393926e+00  ,1.979876952028e+00  ,1.959050907966e+00  ,1.938643646734e+00  ,1.918835636580e+00  ,1.899412113477e+00  
  9.151549940387e-08  ,2.417046720829e+00  ,2.381795666245e+00  ,2.347625083053e+00  ,2.314706952890e+00  ,2.282868499416e+00  ,2.252552713117e+00  ,2.223778692851e+00  ,2.195945846779e+00  ,2.168980447076e+00  ,2.142913932170e+00  ,2.117532053540e+00  ,2.092977451400e+00  ,2.069120376383e+00  ,2.045941388684e+00  ,2.023311306588e+00  ,2.001280393926e+00  ,1.979876952028e+00  ,1.959050907966e+00  ,1.938643646734e+00  ,1.918835636580e+00  ,1.899412113477e+00  
  9.251555358449e-08  ,2.417046720829e+00  ,2.381795666245e+00  ,2.347625083053e+00  ,2.314706952890e+00  ,2.282868499416e+00  ,2.252552713117e+00  ,2.223778692851e+00  ,2.195945846779e+00  ,2.168980447076e+00  ,2.142913932170e+00  ,2.117532053540e+00  ,2.092977451400e+00  ,2.069120376383e+00  ,2.045941388684e+00  ,2.023311306588e+00  ,2.001280393926e+00  ,1.979876952028e+00  ,1.959050907966e+00  ,1.938643646734e+00  ,1.918835636580e+00  ,1.899412113477e+00  
  9.351560776511e-08  ,2.417046720829e+00  ,2.381795666245e+00  ,2.347625083053e+00  ,2.314706952890e+00  ,2.282868499416e+00  ,2.252552713117e+00  ,2.223778692851e+00  ,2.195945846779e+00  ,2.168980447076e+00  ,2.142913932170e+00  ,2.117532053540e+00  ,2.092977451400e+00  ,2.069120376383e+00  ,2.045941388684e+00  ,2.023311306588e+00  ,2.001280393926e+00  ,1.979876952028e+00  ,1.959050907966e+00  ,1.938643646734e+00  ,1.918835636580e+00  ,1.899412113477e+00  
  9.451566194573e-08  ,2.417046720829e+00  ,2.381795666245e+00  ,2.347625083053e+00  ,2.314706952890e+00  ,2.282868499416e+00  ,2.252552713117e+00  ,2.223778692851e+00  ,2.195945846779e+00  ,2.168980447076e+00  ,2.142913932170e+00  ,2.117532053540e+00  ,2.092977451400e+00  ,2.069120376383e+00  ,2.045941388684e+00  ,2.023311306588e+00  ,2.001280393926e+00  ,1.979876952028e+00  ,1.959050907966e+00  ,1.938643646734e+00  ,1.918835636580e+00  ,1.899412113477e+00  
  9.551571612635e-08  ,2.417046720829e+00  ,2.381795666245e+00  ,2.347625083053e+00  ,2.314706952890e+00  ,2.282868499416e+00  ,2.252552713117e+00  ,2.223778692851e+00  ,2.195945846779e+00  ,2.168980447076e+00  ,2.142913932170e+00  ,2.117532053540e+00  ,2.092977451400e+00  ,2.069120376383e+00  ,2.045941388684e+00  ,2.023311306588e+00  ,2.001280393926e+00  ,1.979876952028e+00  ,1.959050907966e+00  ,1.938643646734e+00  ,1.918835636580e+00  ,1.899412113477e+00  
  9.651577030698e-08  ,2.417046720829e+00  ,2.381795666245e+00  ,2.347625083053e+00  ,2.314706952890e+00  ,2.282868499416e+00  ,2.252552713117e+00  ,2.223778692851e+00  ,2.195945846779e+00  ,2.168980447076e+00  ,2.142913932170e+00  ,2.117532053540e+00  ,2.092977451400e+00  ,2.069120376383e+00  ,2.045941388684e+00  ,2.023311306588e+00  ,2.001280393926e+00  ,1.979876952028e+00  ,1.959050907966e+00  ,1.938643646734e+00  ,1.918835636580e+00  ,1.899412113477e+00  
  9.751582448760e-08  ,2.417046720829e+00  ,2.381795666245e+00  ,2.347625083053e+00  ,2.314706952890e+00  ,2.282868499416e+00  ,2.252552713117e+00  ,2.223778692851e+00  ,2.195945846779e+00  ,2.168980447076e+00  ,2.142913932170e+00  ,2.117532053540e+00  ,2.092977451400e+00  ,2.069120376383e+00  ,2.045941388684e+00  ,2.023311306588e+00  ,2.001280393926e+00  ,1.979876952028e+00  ,1.959050907966e+00  ,1.938643646734e+00  ,1.918835636580e+00  ,1.899412113477e+00  
  9.851587866822e-08  ,2.417046720829e+00  ,2.381795666245e+00  ,2.347625083053e+00  ,2.314706952890e+00  ,2.282868499416e+00  ,2.252552713117e+00  ,2.223778692851e+00  ,2.195945846779e+00  ,2.168980447076e+00  ,2.142913932170e+00  ,2.117532053540e+00  ,2.092977451400e+00  ,2.069120376383e+00  ,2.045941388684e+00  ,2.023311306588e+00  ,2.001280393926e+00  ,1.979876952028e+00  ,1.959050907966e+00  ,1.938643646734e+00  ,1.918835636580e+00  ,1.899412113477e+00  
  9.951593284884e-08  ,2.417046720829e+00  ,2.381795666245e+00  ,2.347625083053e+00  ,2.314706952890e+00  ,2.282868499416e+00  ,2.252552713117e+00  ,2.223778692851e+00  ,2.195945846779e+00  ,2.168980447076e+00  ,2.142913932170e+00  ,2.117532053540e+00  ,2.092977451400e+00  ,2.069120376383e+00  ,2.045941388684e+00  ,2.023311306588e+00  ,2.001280393926e+00  ,1.979876952028e+00  ,1.959050907966e+00  ,1.938643646734e+00  ,1.918835636580e+00  ,1.899412113477e+00  
  1.000000000020e-07  ,2.417046720829e+00  ,2.381795666245e+00  ,2.347625083053e+00  ,2.314706952890e+00  ,2.282868499416e+00  ,2.252552713117e+00  ,2.223778692851e+00  ,2.195945846779e+00  ,2.168980447076e+00  ,2.142913932170e+00  ,2.117532053540e+00  ,2.092977451400e+00  ,2.069120376383e+00  ,2.045941388684e+00  ,2.023311306588e+00  ,2.001280393926e+00  ,1.979876952028e+00  ,1.959050907966e+00  ,1.938643646734e+00  ,1.918835636580e+00  ,1.899412113477e+00  
  1.000176485648e-07  ,2.417046720829e+00  ,2.381795666245e+00  ,2.347625083053e+00  ,2.314706952890e+00  ,2.282868499416e+00  ,2.252552713117e+00  ,2.223778692851e+00  ,2.195945846779e+00  ,2.168980447076e+00  ,2.142913932170e+00  ,2.117532053540e+00  ,2.092977451400e+00  ,2.069120376383e+00  ,2.045941388684e+00  ,2.023311306588e+00  ,2.001280393926e+00  ,1.979876952028e+00  ,1.959050907966e+00  ,1.938643646734e+00  ,1.918835636580e+00  ,1.899412113477e+00  
  1.000529456904e-07  ,2.417046720829e+00  ,2.381795666245e+00  ,2.347625083053e+00  ,2.314706952890e+00  ,2.282868499416e+00  ,2.252552713117e+00  ,2.223778692851e+00  ,2.195945846779e+00  ,2.168980447076e+00  ,2.142913932170e+00  ,2.117532053540e+00  ,2.092977451400e+00  ,2.069120376383e+00  ,2.045941388684e+00  ,2.023311306588e+00  ,2.001280393926e+00  ,1.979876952028e+00  ,1.959050907966e+00  ,1.938643646734e+00  ,1.918835636580e+00  ,1.899412113477e+00  
  1.001235399415e-07  ,2.417046720829e+00  ,2.381795666245e+00  ,2.347625083053e+00  ,2.314706952890e+00  ,2.282868499416e+00  ,2.252552713117e+00  ,2.223778692851e+00  ,2.195945846779e+00  ,2.168980447076e+00  ,2.142913932170e+00  ,2.117532053540e+00  ,2.092977451400e+00  ,2.069120376383e+00  ,2.045941388684e+00  ,2.023311306588e+00  ,2.001280393926e+00  ,1.979876952028e+00  ,1.959050907966e+00  ,1.938643646734e+00  ,1.918835636580e+00  ,1.899412113477e+00  
  1.002161134054e-07  ,2.417046720829e+00  ,2.381795666245e+00  ,2.347625083053e+00  ,2.314706952890e+00  ,2.282868499416e+00  ,2.252552713117e+00  ,2.223778692851e+00  ,2.195945846779e+00  ,2.168980447076e+00  ,2.142913932170e+00  ,2.117532053540e+00  ,2.092977451400e+00  ,2.069120376383e+00  ,2.045941388684e+00  ,2.023311306588e+00  ,2.001280393926e+00  ,1.979876952028e+00  ,1.959050907966e+00  ,1.938643646734e+00  ,1.918835636580e+00  ,1.899412113477e+00  
  1.003573019078e-07  ,2.417046720829e+00  ,2.381795666245e+00  ,2.347625083053e+00  ,2.314706952890e+00  ,2.282868499416e+00  ,2.252552713117e+00  ,2.223778692851e+00  ,2.195945846779e+00  ,2.168980447076e+00  ,2.142913932170e+00  ,2.117532053540e+00  ,2.092977451400e+00  ,2.069120376383e+00  ,2.045941388684e+00  ,2.023311306588e+00  ,2.001280393926e+00  ,1.979876952028e+00  ,1.959050907966e+00  ,1.938643646734e+00  ,1.918835636580e+00  ,1.899412113477e+00  
  1.005600973984e-07  ,2.417046720829e+00  ,2.381795666245e+00  ,2.347625083053e+00  ,2.314706952890e+00  ,2.282868499416e+00  ,2.252552713117e+00  ,2.223778692851e+00  ,2.195945846779e+00  ,2.168980447076e+00  ,2.142913932170e+00  ,2.117532053540e+00  ,2.092977451400e+00  ,2.069120376383e+00  ,2.045941388684e+00  ,2.023311306588e+00  ,2.001280393926e+00  ,1.979876952028e+00  ,1.959050907966e+00  ,1.938643646734e+00  ,1.918835636580e+00  ,1.899412113477e+00  
  1.008124392500e-07  ,2.417046720829e+00  ,2.381795666245e+00  ,2.347625083053e+00  ,2.314706952890e+00  ,2.282868499416e+00  ,2.252552713117e+00  ,2.223778692851e+00  ,2.195945846779e+00  ,2.168980447076e+00  ,2.142913932170e+00  ,2.117532053540e+00  ,2.092977451400e+00  ,2.069120376383e+00  ,2.045941388684e+00  ,2.023311306588e+00  ,2.001280393926e+00  ,1.979876952028e+00  ,1.959050907966e+00  ,1.938643646734e+00  ,1.918835636580e+00  ,1.899412113477e+00  
  1.010872259756e-07  ,2.417046720829e+00  ,2.381795666245e+00  ,2.347625083053e+00  ,2.314706952890e+00  ,2.282868499416e+00  ,2.252552713117e+00  ,2.223778692851e+00  ,2.195945846779e+00  ,2.168980447076e+00  ,2.142913932170e+00  ,2.117532053540e+00  ,2.092977451400e+00  ,2.069120376383e+00  ,2.045941388684e+00  ,2.023311306588e+00  ,2.001280393926e+00  ,1.979876952028e+00  ,1.959050907966e+00  ,1.938643646734e+00  ,1.918835636580e+00  ,1.899412113477e+00  
  1.015103258213e-07  ,2.417046720829e+00  ,2.381795666245e+00  ,2.347625083053e+00  ,2.314706952890e+00  ,2.282868499416e+00  ,2.252552713117e+00  ,2.223778692851e+00  ,2.195945846779e+00  ,2.168980447076e+00  ,2.142913932170e+00  ,2.117532053540e+00  ,2.092977451400e+00  ,2.069120376383e+00  ,2.045941388684e+00  ,2.023311306588e+00  ,2.001280393926e+00  ,1.979876952028e+00  ,1.959050907966e+00  ,1.938643646734e+00  ,1.918835636580e+00  ,1.899412113477e+00  
  1.020919367691e-07  ,2.417046720829e+00  ,2.381795666245e+00  ,2.347625083053e+00  ,2.314706952890e+00  ,2.282868499416e+00  ,2.252552713117e+00  ,2.223778692851e+00  ,2.195945846779e+00  ,2.168980447076e+00  ,2.142913932170e+00  ,2.117532053540e+00  ,2.092977451400e+00  ,2.069120376383e+00  ,2.045941388684e+00  ,2.023311306588e+00  ,2.001280393926e+00  ,1.979876952028e+00  ,1.959050907966e+00  ,1.938643646734e+00  ,1.918835636580e+00  ,1.899412113477e+00  
  1.028001144548e-07  ,2.417046720829e+00  ,2.381795666245e+00  ,2.347625083053e+00  ,2.314706952890e+00  ,2.282868499416e+00  ,2.252552713117e+00  ,2.223778692851e+00  ,2.195945846779e+00  ,2.168980447076e+00  ,2.142913932170e+00  ,2.117532053540e+00  ,2.092977451400e+00  ,2.069120376383e+00  ,2.045941388684e+00  ,2.023311306588e+00  ,2.001280393926e+00  ,1.979876952028e+00  ,1.959050907966e+00  ,1.938643646734e+00  ,1.918835636580e+00  ,1.899412113477e+00  
  1.037383288165e-07  ,2.417046720829e+00  ,2.381795666245e+00  ,2.347625083053e+00  ,2.314706952890e+00  ,2.282868499416e+00  ,2.252552713117e+00  ,2.223778692851e+00  ,2.195945846779e+00  ,2.168980447076e+00  ,2.142913932170e+00  ,2.117532053540e+00  ,2.092977451400e+00  ,2.069120376383e+00  ,2.045941388684e+00  ,2.023311306588e+00  ,2.001280393926e+00  ,1.979876952028e+00  ,1.959050907966e+00  ,1.938643646734e+00  ,1.918835636580e+00  ,1.899412113477e+00  
  1.047383829971e-07  ,2.417046720829e+00  ,2.381795666245e+00  ,2.347625083053e+00  ,2.314706952890e+00  ,2.282868499416e+00  ,2.252552713117e+00  ,2.223778692851e+00  ,2.195945846779e+00  ,2.168980447076e+00  ,2.142913932170e+00  ,2.117532053540e+00  ,2.092977451400e+00  ,2.069120376383e+00  ,2.045941388684e+00  ,2.023311306588e+00  ,2.001280393926e+00  ,1.979876952028e+00  ,1.959050907966e+00  ,1.938643646734e+00  ,1.918835636580e+00  ,1.899412113477e+00  
  1.057384371778e-07  ,2.417046720829e+00  ,2.381795666245e+00  ,2.347625083053e+00  ,2.314706952890e+00  ,2.282868499416e+00  ,2.252552713117e+00  ,2.223778692851e+00  ,2.195945846779e+00  ,2.168980447076e+00  ,2.142913932170e+00  ,2.117532053540e+00  ,2.092977451400e+00  ,2.069120376383e+00  ,2.045941388684e+00  ,2.023311306588e+00  ,2.001280393926e+00  ,1.979876952028e+00  ,1.959050907966e+00  ,1.938643646734e+00  ,1.918835636580e+00  ,1.899412113477e+00  
  1.067384913584e-07  ,2.417046720829e+00  ,2.381795666245e+00  ,2.347625083053e+00  ,2.314706952890e+00  ,2.282868499416e+00  ,2.252552713117e+00  ,2.223778692851e+00  ,2.195945846779e+00  ,2.168980447076e+00  ,2.142913932170e+00  ,2.117532053540e+00  ,2.092977451400e+00  ,2.069120376383e+00  ,2.045941388684e+00  ,2.023311306588e+00  ,2.001280393926e+00  ,1.979876952028e+00  ,1.959050907966e+00  ,1.938643646734e+00  ,1.918835636580e+00  ,1.899412113477e+00  
  1.077385455390e-07  ,2.417046720829e+00  ,2.381795666245e+00  ,2.347625083053e+00  ,2.314706952890e+00  ,2.282868499416e+00  ,2.252552713117e+00  ,2.223778692851e+00  ,2.195945846779e+00  ,2.168980447076e+00  ,2.142913932170e+00  ,2.117532053540e+00  ,2.092977451400e+00  ,2.069120376383e+00  ,2.045941388684e+00  ,2.023311306588e+00  ,2.001280393926e+00  ,1.979876952028e+00  ,1.959050907966e+00  ,1.938643646734e+00  ,1.918835636580e+00  ,1.899412113477e+00  
  1.087385997196e-07  ,2.417046720829e+00  ,2.381795666245e+00  ,2.347625083053e+00  ,2.314706952890e+00  ,2.282868499416e+00  ,2.252552713117e+00  ,2.223778692851e+00  ,2.195945846779e+00  ,2.168980447076e+00  ,2.142913932170e+00  ,2.117532053540e+00  ,2.092977451400e+00  ,2.069120376383e+00  ,2.045941388684e+00  ,2.023311306588e+00  ,2.001280393926e+00  ,1.979876952028e+00  ,1.959050907966e+00  ,1.938643646734e+00  ,1.918835636580e+00  ,1.899412113477e+00  
  1.097386539002e-07  ,2.417046720829e+00  ,2.381795666245e+00  ,2.347625083053e+00  ,2.314706952890e+00  ,2.282868499416e+00  ,2.252552713117e+00  ,2.223778692851e+00  ,2.195945846779e+00  ,2.168980447076e+00  ,2.142913932170e+00  ,2.117532053540e+00  ,2.092977451400e+00  ,2.069120376383e+00  ,2.045941388684e+00  ,2.023311306588e+00  ,2.001280393926e+00  ,1.979876952028e+00  ,1.959050907966e+00  ,1.938643646734e+00  ,1.918835636580e+00  ,1.899412113477e+00  
  1.107387080809e-07  ,2.417046720829e+00  ,2.381795666245e+00  ,2.347625083053e+00  ,2.314706952890e+00  ,2.282868499416e+00  ,2.252552713117e+00  ,2.223778692851e+00  ,2.195945846779e+00  ,2.168980447076e+00  ,2.142913932170e+00  ,2.117532053540e+00  ,2.092977451400e+00  ,2.069120376383e+00  ,2.045941388684e+00  ,2.023311306588e+00  ,2.001280393926e+00  ,1.979876952028e+00  ,1.959050907966e+00  ,1.938643646734e+00  ,1.918835636580e+00  ,1.899412113477e+00  
  1.117387622615e-07  ,2.417046720829e+00  ,2.381795666245e+00  ,2.347625083053e+00  ,2.314706952890e+00  ,2.282868499416e+00  ,2.252552713117e+00  ,2.223778692851e+00  ,2.195945846779e+00  ,2.168980447076e+00  ,2.142913932170e+00  ,2.117532053540e+00  ,2.092977451400e+00  ,2.069120376383e+00  ,2.045941388684e+00  ,2.023311306588e+00  ,2.001280393926e+00  ,1.979876952028e+00  ,1.959050907966e+00  ,1.938643646734e+00  ,1.918835636580e+00  ,1.899412113477e+00  
  1.127388164421e-07  ,2.417046720829e+00  ,2.381795666245e+00  ,2.347625083053e+00  ,2.314706952890e+00  ,2.282868499416e+00  ,2.252552713117e+00  ,2.223778692851e+00  ,2.195945846779e+00  ,2.168980447076e+00  ,2.142913932170e+00  ,2.117532053540e+00  ,2.092977451400e+00  ,2.069120376383e+00  ,2.045941388684e+00  ,2.023311306588e+00  ,2.001280393926e+00  ,1.979876952028e+00  ,1.959050907966e+00  ,1.938643646734e+00  ,1.918835636580e+00  ,1.899412113477e+00  
  1.137388706227e-07  ,2.417046720829e+00  ,2.381795666245e+00  ,2.347625083053e+00  ,2.314706952890e+00  ,2.282868499416e+00  ,2.252552713117e+00  ,2.223778692851e+00  ,2.195945846779e+00  ,2.168980447076e+00  ,2.142913932170e+00  ,2.117532053540e+00  ,2.092977451400e+00  ,2.069120376383e+00  ,2.045941388684e+00  ,2.023311306588e+00  ,2.001280393926e+00  ,1.979876952028e+00  ,1.959050907966e+00  ,1.938643646734e+00  ,1.918835636580e+00  ,1.899412113477e+00  
  1.147389248033e-07  ,2.417046720829e+00  ,2.381795666245e+00  ,2.347625083053e+00  ,2.314706952890e+00  ,2.282868499416e+00  ,2.252552713117e+00  ,2.223778692851e+00  ,2.195945846779e+00  ,2.168980447076e+00  ,2.142913932170e+00  ,2.117532053540e+00  ,2.092977451400e+00  ,2.069120376383e+00  ,2.045941388684e+00  ,2.023311306588e+00  ,2.001280393926e+00  ,1.979876952028e+00  ,1.959050907966e+00  ,1.938643646734e+00  ,1.918835636580e+00  ,1.899412113477e+00  
  1.157389789840e-07  ,2.417046720829e+00  ,2.381795666245e+00  ,2.347625083053e+00  ,2.314706952890e+00  ,2.282868499416e+00  ,2.252552713117e+00  ,2.223778692851e+00  ,2.195945846779e+00  ,2.168980447076e+00  ,2.142913932170e+00  ,2.117532053540e+00  ,2.092977451400e+00  ,2.069120376383e+00  ,2.045941388684e+00  ,2.023311306588e+00  ,2.001280393926e+00  ,1.979876952028e+00  ,1.959050907966e+00  ,1.938643646734e+00  ,1.918835636580e+00  ,1.899412113477e+00  
  1.167390331646e-07  ,2.417046720829e+00  ,2.381795666245e+00  ,2.347625083053e+00  ,2.314706952890e+00  ,2.282868499416e+00  ,2.252552713117e+00  ,2.223778692851e+00  ,2.195945846779e+00  ,2.168980447076e+00  ,2.142913932170e+00  ,2.117532053540e+00  ,2.092977451400e+00  ,2.069120376383e+00  ,2.045941388684e+00  ,2.023311306588e+00  ,2.001280393926e+00  ,1.979876952028e+00  ,1.959050907966e+00  ,1.938643646734e+00  ,1.918835636580e+00  ,1.899412113477e+00  
  1.177390873452e-07  ,2.417046720829e+00  ,2.381795666245e+00  ,2.347625083053e+00  ,2.314706952890e+00  ,2.282868499416e+00  ,2.252552713117e+00  ,2.223778692851e+00  ,2.195945846779e+00  ,2.168980447076e+00  ,2.142913932170e+00  ,2.117532053540e+00  ,2.092977451400e+00  ,2.069120376383e+00  ,2.045941388684e+00  ,2.023311306588e+00  ,2.001280393926e+00  ,1.979876952028e+00  ,1.959050907966e+00  ,1.938643646734e+00  ,1.918835636580e+00  ,1.899412113477e+00  
  1.187391415258e-07  ,2.417046720829e+00  ,2.381795666245e+00  ,2.347625083053e+00  ,2.314706952890e+00  ,2.282868499416e+00  ,2.252552713117e+00  ,2.223778692851e+00  ,2.195945846779e+00  ,2.168980447076e+00  ,2.142913932170e+00  ,2.117532053540e+00  ,2.092977451400e+00  ,2.069120376383e+00  ,2.045941388684e+00  ,2.023311306588e+00  ,2.001280393926e+00  ,1.979876952028e+00  ,1.959050907966e+00  ,1.938643646734e+00  ,1.918835636580e+00  ,1.899412113477e+00  
  1.197391957065e-07  ,2.417046720829e+00  ,2.381795666245e+00  ,2.347625083053e+00  ,2.314706952890e+00  ,2.282868499416e+00  ,2.252552713117e+00  ,2.223778692851e+00  ,2.195945846779e+00  ,2.168980447076e+00  ,2.142913932170e+00  ,2.117532053540e+00  ,2.092977451400e+00  ,2.069120376383e+00  ,2.045941388684e+00  ,2.023311306588e+00  ,2.001280393926e+00  ,1.979876952028e+00  ,1.959050907966e+00  ,1.938643646734e+00  ,1.918835636580e+00  ,1.899412113477e+00  
  1.207392498871e-07  ,2.417046720829e+00  ,2.381795666245e+00  ,2.347625083053e+00  ,2.314706952890e+00  ,2.282868499416e+00  ,2.252552713117e+00  ,2.223778692851e+00  ,2.195945846779e+00  ,2.168980447076e+00  ,2.142913932170e+00  ,2.117532053540e+00  ,2.092977451400e+00  ,2.069120376383e+00  ,2.045941388684e+00  ,2.023311306588e+00  ,2.001280393926e+00  ,1.979876952028e+00  ,1.959050907966e+00  ,1.938643646734e+00  ,1.918835636580e+00  ,1.899412113477e+00  
  1.217393040677e-07  ,2.417046720829e+00  ,2.381795666245e+00  ,2.347625083053e+00  ,2.314706952890e+00  ,2.282868499416e+00  ,2.252552713117e+00  ,2.223778692851e+00  ,2.195945846779e+00  ,2.168980447076e+00  ,2.142913932170e+00  ,2.117532053540e+00  ,2.092977451400e+00  ,2.069120376383e+00  ,2.045941388684e+00  ,2.023311306588e+00  ,2.001280393926e+00  ,1.979876952028e+00  ,1.959050907966e+00  ,1.938643646734e+00  ,1.918835636580e+00  ,1.899412113477e+00  
  1.227393582483e-07  ,2.417046720829e+00  ,2.381795666245e+00  ,2.347625083053e+00  ,2.314706952890e+00  ,2.282868499416e+00  ,2.252552713117e+00  ,2.223778692851e+00  ,2.195945846779e+00  ,2.168980447076e+00  ,2.142913932170e+00  ,2.117532053540e+00  ,2.092977451400e+00  ,2.069120376383e+00  ,2.045941388684e+00  ,2.023311306588e+00  ,2.001280393926e+00  ,1.979876952028e+00  ,1.959050907966e+00  ,1.938643646734e+00  ,1.918835636580e+00  ,1.899412113477e+00  
  1.237394124289e-07  ,2.417046720829e+00  ,2.381795666245e+00  ,2.347625083053e+00  ,2.314706952890e+00  ,2.282868499416e+00  ,2.252552713117e+00  ,2.223778692851e+00  ,2.195945846779e+00  ,2.168980447076e+00  ,2.142913932170e+00  ,2.117532053540e+00  ,2.092977451400e+00  ,2.069120376383e+00  ,2.045941388684e+00  ,2.023311306588e+00  ,2.001280393926e+00  ,1.979876952028e+00  ,1.959050907966e+00  ,1.938643646734e+00  ,1.918835636580e+00  ,1.899412113477e+00  
  1.247394666096e-07  ,2.417046720829e+00  ,2.381795666245e+00  ,2.347625083053e+00  ,2.314706952890e+00  ,2.282868499416e+00  ,2.252552713117e+00  ,2.223778692851e+00  ,2.195945846779e+00  ,2.168980447076e+00  ,2.142913932170e+00  ,2.117532053540e+00  ,2.092977451400e+00  ,2.069120376383e+00  ,2.045941388684e+00  ,2.023311306588e+00  ,2.001280393926e+00  ,1.979876952028e+00  ,1.959050907966e+00  ,1.938643646734e+00  ,1.918835636580e+00  ,1.899412113477e+00  
  1.257395207902e-07  ,2.417046720829e+00  ,2.381795666245e+00  ,2.347625083053e+00  ,2.314706952890e+00  ,2.282868499416e+00  ,2.252552713117e+00  ,2.223778692851e+00  ,2.195945846779e+00  ,2.168980447076e+00  ,2.142913932170e+00  ,2.117532053540e+00  ,2.092977451400e+00  ,2.069120376383e+00  ,2.045941388684e+00  ,2.023311306588e+00  ,2.001280393926e+00  ,1.979876952028e+00  ,1.959050907966e+00  ,1.938643646734e+00  ,1.918835636580e+00  ,1.899412113477e+00  
  1.267395749708e-07  ,2.417046720829e+00  ,2.381795666245e+00  ,2.347625083053e+00  ,2.314706952890e+00  ,2.282868499416e+00  ,2.252552713117e+00  ,2.223778692851e+00  ,2.195945846779e+00  ,2.168980447076e+00  ,2.142913932170e+00  ,2.117532053540e+00  ,2.092977451400e+00  ,2.069120376383e+00  ,2.045941388684e+00  ,2.023311306588e+00  ,2.001280393926e+00  ,1.979876952028e+00  ,1.959050907966e+00  ,1.938643646734e+00  ,1.918835636580e+00  ,1.899412113477e+00  
  1.277396291514e-07  ,2.417046720829e+00  ,2.381795666245e+00  ,2.347625083053e+00  ,2.314706952890e+00  ,2.282868499416e+00  ,2.252552713117e+00  ,2.223778692851e+00  ,2.195945846779e+00  ,2.168980447076e+00  ,2.142913932170e+00  ,2.117532053540e+00  ,2.092977451400e+00  ,2.069120376383e+00  ,2.045941388684e+00  ,2.023311306588e+00  ,2.001280393926e+00  ,1.979876952028e+00  ,1.959050907966e+00  ,1.938643646734e+00  ,1.918835636580e+00  ,1.899412113477e+00  
  1.287396833321e-07  ,2.417046720829e+00  ,2.381795666245e+00  ,2.347625083053e+00  ,2.314706952890e+00  ,2.282868499416e+00  ,2.252552713117e+00  ,2.223778692851e+00  ,2.195945846779e+00  ,2.168980447076e+00  ,2.142913932170e+00  ,2.117532053540e+00  ,2.092977451400e+00  ,2.069120376383e+00  ,2.045941388684e+00  ,2.023311306588e+00  ,2.001280393926e+00  ,1.979876952028e+00  ,1.959050907966e+00  ,1.938643646734e+00  ,1.918835636580e+00  ,1.899412113477e+00  
  1.297397375127e-07  ,2.417046720829e+00  ,2.381795666245e+00  ,2.347625083053e+00  ,2.314706952890e+00  ,2.282868499416e+00  ,2.252552713117e+00  ,2.223778692851e+00  ,2.195945846779e+00  ,2.168980447076e+00  ,2.142913932170e+00  ,2.117532053540e+00  ,2.092977451400e+00  ,2.069120376383e+00  ,2.045941388684e+00  ,2.023311306588e+00  ,2.001280393926e+00  ,1.979876952028e+00  ,1.959050907966e+00  ,1.938643646734e+00  ,1.918835636580e+00  ,1.899412113477e+00  
  1.307397916933e-07  ,2.417046720829e+00  ,2.381795666245e+00  ,2.347625083053e+00  ,2.314706952890e+00  ,2.282868499416e+00  ,2.252552713117e+00  ,2.223778692851e+00  ,2.195945846779e+00  ,2.168980447076e+00  ,2.142913932170e+00  ,2.117532053540e+00  ,2.092977451400e+00  ,2.069120376383e+00  ,2.045941388684e+00  ,2.023311306588e+00  ,2.001280393926e+00  ,1.979876952028e+00  ,1.959050907966e+00  ,1.938643646734e+00  ,1.918835636580e+00  ,1.899412113477e+00  
  1.317398458739e-07  ,2.417046720829e+00  ,2.381795666245e+00  ,2.347625083053e+00  ,2.314706952890e+00  ,2.282868499416e+00  ,2.252552713117e+00  ,2.223778692851e+00  ,2.195945846779e+00  ,2.168980447076e+00  ,2.142913932170e+00  ,2.117532053540e+00  ,2.092977451400e+00  ,2.069120376383e+00  ,2.045941388684e+00  ,2.023311306588e+00  ,2.001280393926e+00  ,1.979876952028e+00  ,1.959050907966e+00  ,1.938643646734e+00  ,1.918835636580e+00  ,1.899412113477e+00  
  1.326896086355e-07  ,2.417046720829e+00  ,2.381795666245e+00  ,2.347625083053e+00  ,2.314706952890e+00  ,2.282868499416e+00  ,2.252552713117e+00  ,2.223778692851e+00  ,2.195945846779e+00  ,2.168980447076e+00  ,2.142913932170e+00  ,2.117532053540e+00  ,2.092977451400e+00  ,2.069120376383e+00  ,2.045941388684e+00  ,2.023311306588e+00  ,2.001280393926e+00  ,1.979876952028e+00  ,1.959050907966e+00  ,1.938643646734e+00  ,1.918835636580e+00  ,1.899412113477e+00  
  1.335847027620e-07  ,2.417046720829e+00  ,2.381795666245e+00  ,2.347625083053e+00  ,2.314706952890e+00  ,2.282868499416e+00  ,2.252552713117e+00  ,2.223778692851e+00  ,2.195945846779e+00  ,2.168980447076e+00  ,2.142913932170e+00  ,2.117532053540e+00  ,2.092977451400e+00  ,2.069120376383e+00  ,2.045941388684e+00  ,2.023311306588e+00  ,2.001280393926e+00  ,1.979876952028e+00  ,1.959050907966e+00  ,1.938643646734e+00  ,1.918835636580e+00  ,1.899412113477e+00  
  1.344938598593e-07  ,2.417046720829e+00  ,2.381795666245e+00  ,2.347625083053e+00  ,2.314706952890e+00  ,2.282868499416e+00  ,2.252552713117e+00  ,2.223778692851e+00  ,2.195945846779e+00  ,2.168980447076e+00  ,2.142913932170e+00  ,2.117532053540e+00  ,2.092977451400e+00  ,2.069120376383e+00  ,2.045941388684e+00  ,2.023311306588e+00  ,2.001280393926e+00  ,1.979876952028e+00  ,1.959050907966e+00  ,1.938643646734e+00  ,1.918835636580e+00  ,1.899412113477e+00  
  1.351021066328e-07  ,2.417046720829e+00  ,2.381795666245e+00  ,2.347625083053e+00  ,2.314706952890e+00  ,2.282868499416e+00  ,2.252552713117e+00  ,2.223778692851e+00  ,2.195945846779e+00  ,2.168980447076e+00  ,2.142913932170e+00  ,2.117532053540e+00  ,2.092977451400e+00  ,2.069120376383e+00  ,2.045941388684e+00  ,2.023311306588e+00  ,2.001280393926e+00  ,1.979876952028e+00  ,1.959050907966e+00  ,1.938643646734e+00  ,1.918835636580e+00  ,1.899412113477e+00  
  1.357579439898e-07  ,2.417046720829e+00  ,2.381795666245e+00  ,2.347625083053e+00  ,2.314706952890e+00  ,2.282868499416e+00  ,2.252552713117e+00  ,2.223778692851e+00  ,2.195945846779e+00  ,2.168980447076e+00  ,2.142913932170e+00  ,2.117532053540e+00  ,2.092977451400e+00  ,2.069120376383e+00  ,2.045941388684e+00  ,2.023311306588e+00  ,2.001280393926e+00  ,1.979876952028e+00  ,1.959050907966e+00  ,1.938643646734e+00  ,1.918835636580e+00  ,1.899412113477e+00  
  1.364500097950e-07  ,2.417046720829e+00  ,2.381795666245e+00  ,2.347625083053e+00  ,2.314706952890e+00  ,2.282868499416e+00  ,2.252552713117e+00  ,2.223778692851e+00  ,2.195945846779e+00  ,2.168980447076e+00  ,2.142913932170e+00  ,2.117532053540e+00  ,2.092977451400e+00  ,2.069120376383e+00  ,2.045941388684e+00  ,2.023311306588e+00  ,2.001280393926e+00  ,1.979876952028e+00  ,1.959050907966e+00  ,1.938643646734e+00  ,1.918835636580e+00  ,1.899412113477e+00  
  1.373370945474e-07  ,2.417046720829e+00  ,2.381795666245e+00  ,2.347625083053e+00  ,2.314706952890e+00  ,2.282868499416e+00  ,2.252552713117e+00  ,2.223778692851e+00  ,2.195945846779e+00  ,2.168980447076e+00  ,2.142913932170e+00  ,2.117532053540e+00  ,2.092977451400e+00  ,2.069120376383e+00  ,2.045941388684e+00  ,2.023311306588e+00  ,2.001280393926e+00  ,1.979876952028e+00  ,1.959050907966e+00  ,1.938643646734e+00  ,1.918835636580e+00  ,1.899412113477e+00  
  1.379982404431e-07  ,2.417046720829e+00  ,2.381795666245e+00  ,2.347625083053e+00  ,2.314706952890e+00  ,2.282868499416e+00  ,2.252552713117e+00  ,2.223778692851e+00  ,2.195945846779e+00  ,2.168980447076e+00  ,2.142913932170e+00  ,2.117532053540e+00  ,2.092977451400e+00  ,2.069120376383e+00  ,2.045941388684e+00  ,2.023311306588e+00  ,2.001280393926e+00  ,1.979876952028e+00  ,1.959050907966e+00  ,1.938643646734e+00  ,1.918835636580e+00  ,1.899412113477e+00  
  1.385334715267e-07  ,2.417046720829e+00  ,2.381795666245e+00  ,2.347625083053e+00  ,2.314706952890e+00  ,2.282868499416e+00  ,2.252552713117e+00  ,2.223778692851e+00  ,2.195945846779e+00  ,2.168980447076e+00  ,2.142913932170e+00  ,2.117532053540e+00  ,2.092977451400e+00  ,2.069120376383e+00  ,2.045941388684e+00  ,2.023311306588e+00  ,2.001280393926e+00  ,1.979876952028e+00  ,1.959050907966e+00  ,1.938643646734e+00  ,1.918835636580e+00  ,1.899412113477e+00  
  1.390204601010e-07  ,2.417046720829e+00  ,2.381795666245e+00  ,2.347625083053e+00  ,2.314706952890e+00  ,2.282868499416e+00  ,2.252552713117e+00  ,2.223778692851e+00  ,2.195945846779e+00  ,2.168980447076e+00  ,2.142913932170e+00  ,2.117532053540e+00  ,2.092977451400e+00  ,2.069120376383e+00  ,2.045941388684e+00  ,2.023311306588e+00  ,2.001280393926e+00  ,1.979876952028e+00  ,1.959050907966e+00  ,1.938643646734e+00  ,1.918835636580e+00  ,1.899412113477e+00  
  1.396474264582e-07  ,2.417046720829e+00  ,2.381795666245e+00  ,2.347625083053e+00  ,2.314706952890e+00  ,2.282868499416e+00  ,2.252552713117e+00  ,2.223778692851e+00  ,2.195945846779e+00  ,2.168980447076e+00  ,2.142913932170e+00  ,2.117532053540e+00  ,2.092977451400e+00  ,2.069120376383e+00  ,2.045941388684e+00  ,2.023311306588e+00  ,2.001280393926e+00  ,1.979876952028e+00  ,1.959050907966e+00  ,1.938643646734e+00  ,1.918835636580e+00  ,1.899412113477e+00  
  1.404256396016e-07  ,2.417046720829e+00  ,2.381795666245e+00  ,2.347625083053e+00  ,2.314706952890e+00  ,2.282868499416e+00  ,2.252552713117e+00  ,2.223778692851e+00  ,2.195945846779e+00  ,2.168980447076e+00  ,2.142913932170e+00  ,2.117532053540e+00  ,2.092977451400e+00  ,2.069120376383e+00  ,2.045941388684e+00  ,2.023311306588e+00  ,2.001280393926e+00  ,1.979876952028e+00  ,1.959050907966e+00  ,1.938643646734e+00  ,1.918835636580e+00  ,1.899412113477e+00  
  1.411778688451e-07  ,2.417046720829e+00  ,2.381795666245e+00  ,2.347625083053e+00  ,2.314706952890e+00  ,2.282868499416e+00  ,2.252552713117e+00  ,2.223778692851e+00  ,2.195945846779e+00  ,2.168980447076e+00  ,2.142913932170e+00  ,2.117532053540e+00  ,2.092977451400e+00  ,2.069120376383e+00  ,2.045941388684e+00  ,2.023311306588e+00  ,2.001280393926e+00  ,1.979876952028e+00  ,1.959050907966e+00  ,1.938643646734e+00  ,1.918835636580e+00  ,1.899412113477e+00  
  1.418728217503e-07  ,2.417046720829e+00  ,2.381795666245e+00  ,2.347625083053e+00  ,2.314706952890e+00  ,2.282868499416e+00  ,2.252552713117e+00  ,2.223778692851e+00  ,2.195945846779e+00  ,2.168980447076e+00  ,2.142913932170e+00  ,2.117532053540e+00  ,2.092977451400e+00  ,2.069120376383e+00  ,2.045941388684e+00  ,2.023311306588e+00  ,2.001280393926e+00  ,1.979876952028e+00  ,1.959050907966e+00  ,1.938643646734e+00  ,1.918835636580e+00  ,1.899412113477e+00  
  1.426152721067e-07  ,2.417046720829e+00  ,2.381795666245e+00  ,2.347625083053e+00  ,2.314706952890e+00  ,2.282868499416e+00  ,2.252552713117e+00  ,2.223778692851e+00  ,2.195945846779e+00  ,2.168980447076e+00  ,2.142913932170e+00  ,2.117532053540e+00  ,2.092977451400e+00  ,2.069120376383e+00  ,2.045941388684e+00  ,2.023311306588e+00  ,2.001280393926e+00  ,1.979876952028e+00  ,1.959050907966e+00  ,1.938643646734e+00  ,1.918835636580e+00  ,1.899412113477e+00  
  1.434806570431e-07  ,2.417046720829e+00  ,2.381795666245e+00  ,2.347625083053e+00  ,2.314706952890e+00  ,2.282868499416e+00  ,2.252552713117e+00  ,2.223778692851e+00  ,2.195945846779e+00  ,2.168980447076e+00  ,2.142913932170e+00  ,2.117532053540e+00  ,2.092977451400e+00  ,2.069120376383e+00  ,2.045941388684e+00  ,2.023311306588e+00  ,2.001280393926e+00  ,1.979876952028e+00  ,1.959050907966e+00  ,1.938643646734e+00  ,1.918835636580e+00  ,1.899412113477e+00  
  1.442629680057e-07  ,2.417046720829e+00  ,2.381795666245e+00  ,2.347625083053e+00  ,2.314706952890e+00  ,2.282868499416e+00  ,2.252552713117e+00  ,2.223778692851e+00  ,2.195945846779e+00  ,2.168980447076e+00  ,2.142913932170e+00  ,2.117532053540e+00  ,2.092977451400e+00  ,2.069120376383e+00  ,2.045941388684e+00  ,2.023311306588e+00  ,2.001280393926e+00  ,1.979876952028e+00  ,1.959050907966e+00  ,1.938643646734e+00  ,1.918835636580e+00  ,1.899412113477e+00  
  1.452630221864e-07  ,2.417046720829e+00  ,2.381795666245e+00  ,2.347625083053e+00  ,2.314706952890e+00  ,2.282868499416e+00  ,2.252552713117e+00  ,2.223778692851e+00  ,2.195945846779e+00  ,2.168980447076e+00  ,2.142913932170e+00  ,2.117532053540e+00  ,2.092977451400e+00  ,2.069120376383e+00  ,2.045941388684e+00  ,2.023311306588e+00  ,2.001280393926e+00  ,1.979876952028e+00  ,1.959050907966e+00  ,1.938643646734e+00  ,1.918835636580e+00  ,1.899412113477e+00  
  1.462165102383e-07  ,2.417046720829e+00  ,2.381795666245e+00  ,2.347625083053e+00  ,2.314706952890e+00  ,2.282868499416e+00  ,2.252552713117e+00  ,2.223778692851e+00  ,2.195945846779e+00  ,2.168980447076e+00  ,2.142913932170e+00  ,2.117532053540e+00  ,2.092977451400e+00  ,2.069120376383e+00  ,2.045941388684e+00  ,2.023311306588e+00  ,2.001280393926e+00  ,1.979876952028e+00  ,1.959050907966e+00  ,1.938643646734e+00  ,1.918835636580e+00  ,1.899412113477e+00  
  1.471254810711e-07  ,2.417046720829e+00  ,2.381795666245e+00  ,2.347625083053e+00  ,2.314706952890e+00  ,2.282868499416e+00  ,2.252552713117e+00  ,2.223778692851e+00  ,2.195945846779e+00  ,2.168980447076e+00  ,2.142913932170e+00  ,2.117532053540e+00  ,2.092977451400e+00  ,2.069120376383e+00  ,2.045941388684e+00  ,2.023311306588e+00  ,2.001280393926e+00  ,1.979876952028e+00  ,1.959050907966e+00  ,1.938643646734e+00  ,1.918835636580e+00  ,1.899412113477e+00  
  1.480444170555e-07  ,2.417046720829e+00  ,2.381795666245e+00  ,2.347625083053e+00  ,2.314706952890e+00  ,2.282868499416e+00  ,2.252552713117e+00  ,2.223778692851e+00  ,2.195945846779e+00  ,2.168980447076e+00  ,2.142913932170e+00  ,2.117532053540e+00  ,2.092977451400e+00  ,2.069120376383e+00  ,2.045941388684e+00  ,2.023311306588e+00  ,2.001280393926e+00  ,1.979876952028e+00  ,1.959050907966e+00  ,1.938643646734e+00  ,1.918835636580e+00  ,1.899412113477e+00  
  1.486576929708e-07  ,2.417046720829e+00  ,2.381795666245e+00  ,2.347625083053e+00  ,2.314706952890e+00  ,2.282868499416e+00  ,2.252552713117e+00  ,2.223778692851e+00  ,2.195945846779e+00  ,2.168980447076e+00  ,2.142913932170e+00  ,2.117532053540e+00  ,2.092977451400e+00  ,2.069120376383e+00  ,2.045941388684e+00  ,2.023311306588e+00  ,2.001280393926e+00  ,1.979876952028e+00  ,1.959050907966e+00  ,1.938643646734e+00  ,1.918835636580e+00  ,1.899412113477e+00  
  1.493464060148e-07  ,2.417046720829e+00  ,2.381795666245e+00  ,2.347625083053e+00  ,2.314706952890e+00  ,2.282868499416e+00  ,2.252552713117e+00  ,2.223778692851e+00  ,2.195945846779e+00  ,2.168980447076e+00  ,2.142913932170e+00  ,2.117532053540e+00  ,2.092977451400e+00  ,2.069120376383e+00  ,2.045941388684e+00  ,2.023311306588e+00  ,2.001280393926e+00  ,1.979876952028e+00  ,1.959050907966e+00  ,1.938643646734e+00  ,1.918835636580e+00  ,1.899412113477e+00  
  1.500336289426e-07  ,2.417046720829e+00  ,2.381795666245e+00  ,2.347625083053e+00  ,2.314706952890e+00  ,2.282868499416e+00  ,2.252552713117e+00  ,2.223778692851e+00  ,2.195945846779e+00  ,2.168980447076e+00  ,2.142913932170e+00  ,2.117532053540e+00  ,2.092977451400e+00  ,2.069120376383e+00  ,2.045941388684e+00  ,2.023311306588e+00  ,2.001280393926e+00  ,1.979876952028e+00  ,1.959050907966e+00  ,1.938643646734e+00  ,1.918835636580e+00  ,1.899412113477e+00  
  1.509645789882e-07  ,2.417046720829e+00  ,2.381795666245e+00  ,2.347625083053e+00  ,2.314706952890e+00  ,2.282868499416e+00  ,2.252552713117e+00  ,2.223778692851e+00  ,2.195945846779e+00  ,2.168980447076e+00  ,2.142913932170e+00  ,2.117532053540e+00  ,2.092977451400e+00  ,2.069120376383e+00  ,2.045941388684e+00  ,2.023311306588e+00  ,2.001280393926e+00  ,1.979876952028e+00  ,1.959050907966e+00  ,1.938643646734e+00  ,1.918835636580e+00  ,1.899412113477e+00  
  1.517655978931e-07  ,2.417046720829e+00  ,2.381795666245e+00  ,2.347625083053e+00  ,2.314706952890e+00  ,2.282868499416e+00  ,2.252552713117e+00  ,2.223778692851e+00  ,2.195945846779e+00  ,2.168980447076e+00  ,2.142913932170e+00  ,2.117532053540e+00  ,2.092977451400e+00  ,2.069120376383e+00  ,2.045941388684e+00  ,2.023311306588e+00  ,2.001280393926e+00  ,1.979876952028e+00  ,1.959050907966e+00  ,1.938643646734e+00  ,1.918835636580e+00  ,1.899412113477e+00  
  1.523730064762e-07  ,2.417046720829e+00  ,2.381795666245e+00  ,2.347625083053e+00  ,2.314706952890e+00  ,2.282868499416e+00  ,2.252552713117e+00  ,2.223778692851e+00  ,2.195945846779e+00  ,2.168980447076e+00  ,2.142913932170e+00  ,2.117532053540e+00  ,2.092977451400e+00  ,2.069120376383e+00  ,2.045941388684e+00  ,2.023311306588e+00  ,2.001280393926e+00  ,1.979876952028e+00  ,1.959050907966e+00  ,1.938643646734e+00  ,1.918835636580e+00  ,1.899412113477e+00  
  1.529295648468e-07  ,2.417046720829e+00  ,2.381795666245e+00  ,2.347625083053e+00  ,2.314706952890e+00  ,2.282868499416e+00  ,2.252552713117e+00  ,2.223778692851e+00  ,2.195945846779e+00  ,2.168980447076e+00  ,2.142913932170e+00  ,2.117532053540e+00  ,2.092977451400e+00  ,2.069120376383e+00  ,2.045941388684e+00  ,2.023311306588e+00  ,2.001280393926e+00  ,1.979876952028e+00  ,1.959050907966e+00  ,1.938643646734e+00  ,1.918835636580e+00  ,1.899412113477e+00  
  1.536798383129e-07  ,2.417046720829e+00  ,2.381795666245e+00  ,2.347625083053e+00  ,2.314706952890e+00  ,2.282868499416e+00  ,2.252552713117e+00  ,2.223778692851e+00  ,2.195945846779e+00  ,2.168980447076e+00  ,2.142913932170e+00  ,2.117532053540e+00  ,2.092977451400e+00  ,2.069120376383e+00  ,2.045941388684e+00  ,2.023311306588e+00  ,2.001280393926e+00  ,1.979876952028e+00  ,1.959050907966e+00  ,1.938643646734e+00  ,1.918835636580e+00  ,1.899412113477e+00  
  1.544985639883e-07  ,2.417046720829e+00  ,2.381795666245e+00  ,2.347625083053e+00  ,2.314706952890e+00  ,2.282868499416e+00  ,2.252552713117e+00  ,2.223778692851e+00  ,2.195945846779e+00  ,2.168980447076e+00  ,2.142913932170e+00  ,2.117532053540e+00  ,2.092977451400e+00  ,2.069120376383e+00  ,2.045941388684e+00  ,2.023311306588e+00  ,2.001280393926e+00  ,1.979876952028e+00  ,1.959050907966e+00  ,1.938643646734e+00  ,1.918835636580e+00  ,1.899412113477e+00  
  1.554649042917e-07  ,2.417046720829e+00  ,2.381795666245e+00  ,2.347625083053e+00  ,2.314706952890e+00  ,2.282868499416e+00  ,2.252552713117e+00  ,2.223778692851e+00  ,2.195945846779e+00  ,2.168980447076e+00  ,2.142913932170e+00  ,2.117532053540e+00  ,2.092977451400e+00  ,2.069120376383e+00  ,2.045941388684e+00  ,2.023311306588e+00  ,2.001280393926e+00  ,1.979876952028e+00  ,1.959050907966e+00  ,1.938643646734e+00  ,1.918835636580e+00  ,1.899412113477e+00  
  1.562081928385e-07  ,2.417046720829e+00  ,2.381795666245e+00  ,2.347625083053e+00  ,2.314706952890e+00  ,2.282868499416e+00  ,2.252552713117e+00  ,2.223778692851e+00  ,2.195945846779e+00  ,2.168980447076e+00  ,2.142913932170e+00  ,2.117532053540e+00  ,2.092977451400e+00  ,2.069120376383e+00  ,2.045941388684e+00  ,2.023311306588e+00  ,2.001280393926e+00  ,1.979876952028e+00  ,1.959050907966e+00  ,1.938643646734e+00  ,1.918835636580e+00  ,1.899412113477e+00  
  1.569810974432e-07  ,2.417046720829e+00  ,2.381795666245e+00  ,2.347625083053e+00  ,2.314706952890e+00  ,2.282868499416e+00  ,2.252552713117e+00  ,2.223778692851e+00  ,2.195945846779e+00  ,2.168980447076e+00  ,2.142913932170e+00  ,2.117532053540e+00  ,2.092977451400e+00  ,2.069120376383e+00  ,2.045941388684e+00  ,2.023311306588e+00  ,2.001280393926e+00  ,1.979876952028e+00  ,1.959050907966e+00  ,1.938643646734e+00  ,1.918835636580e+00  ,1.899412113477e+00  
  1.578452716602e-07  ,2.417046720829e+00  ,2.381795666245e+00  ,2.347625083053e+00  ,2.314706952890e+00  ,2.282868499416e+00  ,2.252552713117e+00  ,2.223778692851e+00  ,2.195945846779e+00  ,2.168980447076e+00  ,2.142913932170e+00  ,2.117532053540e+00  ,2.092977451400e+00  ,2.069120376383e+00  ,2.045941388684e+00  ,2.023311306588e+00  ,2.001280393926e+00  ,1.979876952028e+00  ,1.959050907966e+00  ,1.938643646734e+00  ,1.918835636580e+00  ,1.899412113477e+00  
  1.586841139031e-07  ,2.417046720829e+00  ,2.381795666245e+00  ,2.347625083053e+00  ,2.314706952890e+00  ,2.282868499416e+00  ,2.252552713117e+00  ,2.223778692851e+00  ,2.195945846779e+00  ,2.168980447076e+00  ,2.142913932170e+00  ,2.117532053540e+00  ,2.092977451400e+00  ,2.069120376383e+00  ,2.045941388684e+00  ,2.023311306588e+00  ,2.001280393926e+00  ,1.979876952028e+00  ,1.959050907966e+00  ,1.938643646734e+00  ,1.918835636580e+00  ,1.899412113477e+00  
  1.596841680837e-07  ,2.417046720829e+00  ,2.381795666245e+00  ,2.347625083053e+00  ,2.314706952890e+00  ,2.282868499416e+00  ,2.252552713117e+00  ,2.223778692851e+00  ,2.195945846779e+00  ,2.168980447076e+00  ,2.142913932170e+00  ,2.117532053540e+00  ,2.092977451400e+00  ,2.069120376383e+00  ,2.045941388684e+00  ,2.023311306588e+00  ,2.001280393926e+00  ,1.979876952028e+00  ,1.959050907966e+00  ,1.938643646734e+00  ,1.918835636580e+00  ,1.899412113477e+00  
  1.603880325818e-07  ,2.417046720829e+00  ,2.381795666245e+00  ,2.347625083053e+00  ,2.314706952890e+00  ,2.282868499416e+00  ,2.252552713117e+00  ,2.223778692851e+00  ,2.195945846779e+00  ,2.168980447076e+00  ,2.142913932170e+00  ,2.117532053540e+00  ,2.092977451400e+00  ,2.069120376383e+00  ,2.045941388684e+00  ,2.023311306588e+00  ,2.001280393926e+00  ,1.979876952028e+00  ,1.959050907966e+00  ,1.938643646734e+00  ,1.918835636580e+00  ,1.899412113477e+00  
  1.611042196417e-07  ,2.417046720829e+00  ,2.381795666245e+00  ,2.347625083053e+00  ,2.314706952890e+00  ,2.282868499416e+00  ,2.252552713117e+00  ,2.223778692851e+00  ,2.195945846779e+00  ,2.168980447076e+00  ,2.142913932170e+00  ,2.117532053540e+00  ,2.092977451400e+00  ,2.069120376383e+00  ,2.045941388684e+00  ,2.023311306588e+00  ,2.001280393926e+00  ,1.979876952028e+00  ,1.959050907966e+00  ,1.938643646734e+00  ,1.918835636580e+00  ,1.899412113477e+00  
  1.617971236372e-07  ,2.417046720829e+00  ,2.381795666245e+00  ,2.347625083053e+00  ,2.314706952890e+00  ,2.282868499416e+00  ,2.252552713117e+00  ,2.223778692851e+00  ,2.195945846779e+00  ,2.168980447076e+00  ,2.142913932170e+00  ,2.117532053540e+00  ,2.092977451400e+00  ,2.069120376383e+00  ,2.045941388684e+00  ,2.023311306588e+00  ,2.001280393926e+00  ,1.979876952028e+00  ,1.959050907966e+00  ,1.938643646734e+00  ,1.918835636580e+00  ,1.899412113477e+00  
  1.627971778178e-07  ,2.417046720829e+00  ,2.381795666245e+00  ,2.347625083053e+00  ,2.314706952890e+00  ,2.282868499416e+00  ,2.252552713117e+00  ,2.223778692851e+00  ,2.195945846779e+00  ,2.168980447076e+00  ,2.142913932170e+00  ,2.117532053540e+00  ,2.092977451400e+00  ,2.069120376383e+00  ,2.045941388684e+00  ,2.023311306588e+00  ,2.001280393926e+00  ,1.979876952028e+00  ,1.959050907966e+00  ,1.938643646734e+00  ,1.918835636580e+00  ,1.899412113477e+00  
  1.636308395789e-07  ,2.417046720829e+00  ,2.381795666245e+00  ,2.347625083053e+00  ,2.314706952890e+00  ,2.282868499416e+00  ,2.252552713117e+00  ,2.223778692851e+00  ,2.195945846779e+00  ,2.168980447076e+00  ,2.142913932170e+00  ,2.117532053540e+00  ,2.092977451400e+00  ,2.069120376383e+00  ,2.045941388684e+00  ,2.023311306588e+00  ,2.001280393926e+00  ,1.979876952028e+00  ,1.959050907966e+00  ,1.938643646734e+00  ,1.918835636580e+00  ,1.899412113477e+00  
  1.644702406154e-07  ,2.417046720829e+00  ,2.381795666245e+00  ,2.347625083053e+00  ,2.314706952890e+00  ,2.282868499416e+00  ,2.252552713117e+00  ,2.223778692851e+00  ,2.195945846779e+00  ,2.168980447076e+00  ,2.142913932170e+00  ,2.117532053540e+00  ,2.092977451400e+00  ,2.069120376383e+00  ,2.045941388684e+00  ,2.023311306588e+00  ,2.001280393926e+00  ,1.979876952028e+00  ,1.959050907966e+00  ,1.938643646734e+00  ,1.918835636580e+00  ,1.899412113477e+00  
  1.653129012810e-07  ,2.417046720829e+00  ,2.381795666245e+00  ,2.347625083053e+00  ,2.314706952890e+00  ,2.282868499416e+00  ,2.252552713117e+00  ,2.223778692851e+00  ,2.195945846779e+00  ,2.168980447076e+00  ,2.142913932170e+00  ,2.117532053540e+00  ,2.092977451400e+00  ,2.069120376383e+00  ,2.045941388684e+00  ,2.023311306588e+00  ,2.001280393926e+00  ,1.979876952028e+00  ,1.959050907966e+00  ,1.938643646734e+00  ,1.918835636580e+00  ,1.899412113477e+00  
  1.663129554616e-07  ,2.417046720829e+00  ,2.381795666245e+00  ,2.347625083053e+00  ,2.314706952890e+00  ,2.282868499416e+00  ,2.252552713117e+00  ,2.223778692851e+00  ,2.195945846779e+00  ,2.168980447076e+00  ,2.142913932170e+00  ,2.117532053540e+00  ,2.092977451400e+00  ,2.069120376383e+00  ,2.045941388684e+00  ,2.023311306588e+00  ,2.001280393926e+00  ,1.979876952028e+00  ,1.959050907966e+00  ,1.938643646734e+00  ,1.918835636580e+00  ,1.899412113477e+00  
  1.669870467411e-07  ,2.417046720829e+00  ,2.381795666245e+00  ,2.347625083053e+00  ,2.314706952890e+00  ,2.282868499416e+00  ,2.252552713117e+00  ,2.223778692851e+00  ,2.195945846779e+00  ,2.168980447076e+00  ,2.142913932170e+00  ,2.117532053540e+00  ,2.092977451400e+00  ,2.069120376383e+00  ,2.045941388684e+00  ,2.023311306588e+00  ,2.001280393926e+00  ,1.979876952028e+00  ,1.959050907966e+00  ,1.938643646734e+00  ,1.918835636580e+00  ,1.899412113477e+00  
  1.676247233079e-07  ,2.417046720829e+00  ,2.381795666245e+00  ,2.347625083053e+00  ,2.314706952890e+00  ,2.282868499416e+00  ,2.252552713117e+00  ,2.223778692851e+00  ,2.195945846779e+00  ,2.168980447076e+00  ,2.142913932170e+00  ,2.117532053540e+00  ,2.092977451400e+00  ,2.069120376383e+00  ,2.045941388684e+00  ,2.023311306588e+00  ,2.001280393926e+00  ,1.979876952028e+00  ,1.959050907966e+00  ,1.938643646734e+00  ,1.918835636580e+00  ,1.899412113477e+00  
  1.684710161315e-07  ,2.417046720829e+00  ,2.381795666245e+00  ,2.347625083053e+00  ,2.314706952890e+00  ,2.282868499416e+00  ,2.252552713117e+00  ,2.223778692851e+00  ,2.195945846779e+00  ,2.168980447076e+00  ,2.142913932170e+00  ,2.117532053540e+00  ,2.092977451400e+00  ,2.069120376383e+00  ,2.045941388684e+00  ,2.023311306588e+00  ,2.001280393926e+00  ,1.979876952028e+00  ,1.959050907966e+00  ,1.938643646734e+00  ,1.918835636580e+00  ,1.899412113477e+00  
  1.692601257490e-07  ,2.417046720829e+00  ,2.381795666245e+00  ,2.347625083053e+00  ,2.314706952890e+00  ,2.282868499416e+00  ,2.252552713117e+00  ,2.223778692851e+00  ,2.195945846779e+00  ,2.168980447076e+00  ,2.142913932170e+00  ,2.117532053540e+00  ,2.092977451400e+00  ,2.069120376383e+00  ,2.045941388684e+00  ,2.023311306588e+00  ,2.001280393926e+00  ,1.979876952028e+00  ,1.959050907966e+00  ,1.938643646734e+00  ,1.918835636580e+00  ,1.899412113477e+00  
  1.702601799296e-07  ,2.417046720829e+00  ,2.381795666245e+00  ,2.347625083053e+00  ,2.314706952890e+00  ,2.282868499416e+00  ,2.252552713117e+00  ,2.223778692851e+00  ,2.195945846779e+00  ,2.168980447076e+00  ,2.142913932170e+00  ,2.117532053540e+00  ,2.092977451400e+00  ,2.069120376383e+00  ,2.045941388684e+00  ,2.023311306588e+00  ,2.001280393926e+00  ,1.979876952028e+00  ,1.959050907966e+00  ,1.938643646734e+00  ,1.918835636580e+00  ,1.899412113477e+00  
  1.711434462593e-07  ,2.417046720829e+00  ,2.381795666245e+00  ,2.347625083053e+00  ,2.314706952890e+00  ,2.282868499416e+00  ,2.252552713117e+00  ,2.223778692851e+00  ,2.195945846779e+00  ,2.168980447076e+00  ,2.142913932170e+00  ,2.117532053540e+00  ,2.092977451400e+00  ,2.069120376383e+00  ,2.045941388684e+00  ,2.023311306588e+00  ,2.001280393926e+00  ,1.979876952028e+00  ,1.959050907966e+00  ,1.938643646734e+00  ,1.918835636580e+00  ,1.899412113477e+00  
  1.719610543476e-07  ,2.417046720829e+00  ,2.381795666245e+00  ,2.347625083053e+00  ,2.314706952890e+00  ,2.282868499416e+00  ,2.252552713117e+00  ,2.223778692851e+00  ,2.195945846779e+00  ,2.168980447076e+00  ,2.142913932170e+00  ,2.117532053540e+00  ,2.092977451400e+00  ,2.069120376383e+00  ,2.045941388684e+00  ,2.023311306588e+00  ,2.001280393926e+00  ,1.979876952028e+00  ,1.959050907966e+00  ,1.938643646734e+00  ,1.918835636580e+00  ,1.899412113477e+00  
  1.729611085282e-07  ,2.417046720829e+00  ,2.381795666245e+00  ,2.347625083053e+00  ,2.314706952890e+00  ,2.282868499416e+00  ,2.252552713117e+00  ,2.223778692851e+00  ,2.195945846779e+00  ,2.168980447076e+00  ,2.142913932170e+00  ,2.117532053540e+00  ,2.092977451400e+00  ,2.069120376383e+00  ,2.045941388684e+00  ,2.023311306588e+00  ,2.001280393926e+00  ,1.979876952028e+00  ,1.959050907966e+00  ,1.938643646734e+00  ,1.918835636580e+00  ,1.899412113477e+00  
  1.736606249140e-07  ,2.417046720829e+00  ,2.381795666245e+00  ,2.347625083053e+00  ,2.314706952890e+00  ,2.282868499416e+00  ,2.252552713117e+00  ,2.223778692851e+00  ,2.195945846779e+00  ,2.168980447076e+00  ,2.142913932170e+00  ,2.117532053540e+00  ,2.092977451400e+00  ,2.069120376383e+00  ,2.045941388684e+00  ,2.023311306588e+00  ,2.001280393926e+00  ,1.979876952028e+00  ,1.959050907966e+00  ,1.938643646734e+00  ,1.918835636580e+00  ,1.899412113477e+00  
  1.744495482670e-07  ,2.417046720829e+00  ,2.381795666245e+00  ,2.347625083053e+00  ,2.314706952890e+00  ,2.282868499416e+00  ,2.252552713117e+00  ,2.223778692851e+00  ,2.195945846779e+00  ,2.168980447076e+00  ,2.142913932170e+00  ,2.117532053540e+00  ,2.092977451400e+00  ,2.069120376383e+00  ,2.045941388684e+00  ,2.023311306588e+00  ,2.001280393926e+00  ,1.979876952028e+00  ,1.959050907966e+00  ,1.938643646734e+00  ,1.918835636580e+00  ,1.899412113477e+00  
  1.751806364880e-07  ,2.417046720829e+00  ,2.381795666245e+00  ,2.347625083053e+00  ,2.314706952890e+00  ,2.282868499416e+00  ,2.252552713117e+00  ,2.223778692851e+00  ,2.195945846779e+00  ,2.168980447076e+00  ,2.142913932170e+00  ,2.117532053540e+00  ,2.092977451400e+00  ,2.069120376383e+00  ,2.045941388684e+00  ,2.023311306588e+00  ,2.001280393926e+00  ,1.979876952028e+00  ,1.959050907966e+00  ,1.938643646734e+00  ,1.918835636580e+00  ,1.899412113477e+00  
  1.761806906687e-07  ,2.417046720829e+00  ,2.381795666245e+00  ,2.347625083053e+00  ,2.314706952890e+00  ,2.282868499416e+00  ,2.252552713117e+00  ,2.223778692851e+00  ,2.195945846779e+00  ,2.168980447076e+00  ,2.142913932170e+00  ,2.117532053540e+00  ,2.092977451400e+00  ,2.069120376383e+00  ,2.045941388684e+00  ,2.023311306588e+00  ,2.001280393926e+00  ,1.979876952028e+00  ,1.959050907966e+00  ,1.938643646734e+00  ,1.918835636580e+00  ,1.899412113477e+00  
  1.771807448493e-07  ,2.417046720829e+00  ,2.381795666245e+00  ,2.347625083053e+00  ,2.314706952890e+00  ,2.282868499416e+00  ,2.252552713117e+00  ,2.223778692851e+00  ,2.195945846779e+00  ,2.168980447076e+00  ,2.142913932170e+00  ,2.117532053540e+00  ,2.092977451400e+00  ,2.069120376383e+00  ,2.045941388684e+00  ,2.023311306588e+00  ,2.001280393926e+00  ,1.979876952028e+00  ,1.959050907966e+00  ,1.938643646734e+00  ,1.918835636580e+00  ,1.899412113477e+00  
  1.778620073126e-07  ,2.417046720829e+00  ,2.381795666245e+00  ,2.347625083053e+00  ,2.314706952890e+00  ,2.282868499416e+00  ,2.252552713117e+00  ,2.223778692851e+00  ,2.195945846779e+00  ,2.168980447076e+00  ,2.142913932170e+00  ,2.117532053540e+00  ,2.092977451400e+00  ,2.069120376383e+00  ,2.045941388684e+00  ,2.023311306588e+00  ,2.001280393926e+00  ,1.979876952028e+00  ,1.959050907966e+00  ,1.938643646734e+00  ,1.918835636580e+00  ,1.899412113477e+00  
  1.784961448537e-07  ,2.417046720829e+00  ,2.381795666245e+00  ,2.347625083053e+00  ,2.314706952890e+00  ,2.282868499416e+00  ,2.252552713117e+00  ,2.223778692851e+00  ,2.195945846779e+00  ,2.168980447076e+00  ,2.142913932170e+00  ,2.117532053540e+00  ,2.092977451400e+00  ,2.069120376383e+00  ,2.045941388684e+00  ,2.023311306588e+00  ,2.001280393926e+00  ,1.979876952028e+00  ,1.959050907966e+00  ,1.938643646734e+00  ,1.918835636580e+00  ,1.899412113477e+00  
  1.791522616075e-07  ,2.417046720829e+00  ,2.381795666245e+00  ,2.347625083053e+00  ,2.314706952890e+00  ,2.282868499416e+00  ,2.252552713117e+00  ,2.223778692851e+00  ,2.195945846779e+00  ,2.168980447076e+00  ,2.142913932170e+00  ,2.117532053540e+00  ,2.092977451400e+00  ,2.069120376383e+00  ,2.045941388684e+00  ,2.023311306588e+00  ,2.001280393926e+00  ,1.979876952028e+00  ,1.959050907966e+00  ,1.938643646734e+00  ,1.918835636580e+00  ,1.899412113477e+00  
  1.798675173448e-07  ,2.417046720829e+00  ,2.381795666245e+00  ,2.347625083053e+00  ,2.314706952890e+00  ,2.282868499416e+00  ,2.252552713117e+00  ,2.223778692851e+00  ,2.195945846779e+00  ,2.168980447076e+00  ,2.142913932170e+00  ,2.117532053540e+00  ,2.092977451400e+00  ,2.069120376383e+00  ,2.045941388684e+00  ,2.023311306588e+00  ,2.001280393926e+00  ,1.979876952028e+00  ,1.959050907966e+00  ,1.938643646734e+00  ,1.918835636580e+00  ,1.899412113477e+00  
  1.806447817033e-07  ,2.417046720829e+00  ,2.381795666245e+00  ,2.347625083053e+00  ,2.314706952890e+00  ,2.282868499416e+00  ,2.252552713117e+00  ,2.223778692851e+00  ,2.195945846779e+00  ,2.168980447076e+00  ,2.142913932170e+00  ,2.117532053540e+00  ,2.092977451400e+00  ,2.069120376383e+00  ,2.045941388684e+00  ,2.023311306588e+00  ,2.001280393926e+00  ,1.979876952028e+00  ,1.959050907966e+00  ,1.938643646734e+00  ,1.918835636580e+00  ,1.899412113477e+00  
  1.813915161436e-07  ,2.417046720829e+00  ,2.381795666245e+00  ,2.347625083053e+00  ,2.314706952890e+00  ,2.282868499416e+00  ,2.252552713117e+00  ,2.223778692851e+00  ,2.195945846779e+00  ,2.168980447076e+00  ,2.142913932170e+00  ,2.117532053540e+00  ,2.092977451400e+00  ,2.069120376383e+00  ,2.045941388684e+00  ,2.023311306588e+00  ,2.001280393926e+00  ,1.979876952028e+00  ,1.959050907966e+00  ,1.938643646734e+00  ,1.918835636580e+00  ,1.899412113477e+00  
  1.821333145743e-07  ,2.417046720829e+00  ,2.381795666245e+00  ,2.347625083053e+00  ,2.314706952890e+00  ,2.282868499416e+00  ,2.252552713117e+00  ,2.223778692851e+00  ,2.195945846779e+00  ,2.168980447076e+00  ,2.142913932170e+00  ,2.117532053540e+00  ,2.092977451400e+00  ,2.069120376383e+00  ,2.045941388684e+00  ,2.023311306588e+00  ,2.001280393926e+00  ,1.979876952028e+00  ,1.959050907966e+00  ,1.938643646734e+00  ,1.918835636580e+00  ,1.899412113477e+00  
  1.830480596071e-07  ,2.417046720829e+00  ,2.381795666245e+00  ,2.347625083053e+00  ,2.314706952890e+00  ,2.282868499416e+00  ,2.252552713117e+00  ,2.223778692851e+00  ,2.195945846779e+00  ,2.168980447076e+00  ,2.142913932170e+00  ,2.117532053540e+00  ,2.092977451400e+00  ,2.069120376383e+00  ,2.045941388684e+00  ,2.023311306588e+00  ,2.001280393926e+00  ,1.979876952028e+00  ,1.959050907966e+00  ,1.938643646734e+00  ,1.918835636580e+00  ,1.899412113477e+00  
  1.838945386951e-07  ,2.417046720829e+00  ,2.381795666245e+00  ,2.347625083053e+00  ,2.314706952890e+00  ,2.282868499416e+00  ,2.252552713117e+00  ,2.223778692851e+00  ,2.195945846779e+00  ,2.168980447076e+00  ,2.142913932170e+00  ,2.117532053540e+00  ,2.092977451400e+00  ,2.069120376383e+00  ,2.045941388684e+00  ,2.023311306588e+00  ,2.001280393926e+00  ,1.979876952028e+00  ,1.959050907966e+00  ,1.938643646734e+00  ,1.918835636580e+00  ,1.899412113477e+00  
  1.845784088617e-07  ,2.417046720829e+00  ,2.381795666245e+00  ,2.347625083053e+00  ,2.314706952890e+00  ,2.282868499416e+00  ,2.252552713117e+00  ,2.223778692851e+00  ,2.195945846779e+00  ,2.168980447076e+00  ,2.142913932170e+00  ,2.117532053540e+00  ,2.092977451400e+00  ,2.069120376383e+00  ,2.045941388684e+00  ,2.023311306588e+00  ,2.001280393926e+00  ,1.979876952028e+00  ,1.959050907966e+00  ,1.938643646734e+00  ,1.918835636580e+00  ,1.899412113477e+00  
  1.853760866468e-07  ,2.417046720829e+00  ,2.381795666245e+00  ,2.347625083053e+00  ,2.314706952890e+00  ,2.282868499416e+00  ,2.252552713117e+00  ,2.223778692851e+00  ,2.195945846779e+00  ,2.168980447076e+00  ,2.142913932170e+00  ,2.117532053540e+00  ,2.092977451400e+00  ,2.069120376383e+00  ,2.045941388684e+00  ,2.023311306588e+00  ,2.001280393926e+00  ,1.979876952028e+00  ,1.959050907966e+00  ,1.938643646734e+00  ,1.918835636580e+00  ,1.899412113477e+00  
  1.862295506542e-07  ,2.417046720829e+00  ,2.381795666245e+00  ,2.347625083053e+00  ,2.314706952890e+00  ,2.282868499416e+00  ,2.252552713117e+00  ,2.223778692851e+00  ,2.195945846779e+00  ,2.168980447076e+00  ,2.142913932170e+00  ,2.117532053540e+00  ,2.092977451400e+00  ,2.069120376383e+00  ,2.045941388684e+00  ,2.023311306588e+00  ,2.001280393926e+00  ,1.979876952028e+00  ,1.959050907966e+00  ,1.938643646734e+00  ,1.918835636580e+00  ,1.899412113477e+00  
  1.871073221808e-07  ,2.417046720829e+00  ,2.381795666245e+00  ,2.347625083053e+00  ,2.314706952890e+00  ,2.282868499416e+00  ,2.252552713117e+00  ,2.223778692851e+00  ,2.195945846779e+00  ,2.168980447076e+00  ,2.142913932170e+00  ,2.117532053540e+00  ,2.092977451400e+00  ,2.069120376383e+00  ,2.045941388684e+00  ,2.023311306588e+00  ,2.001280393926e+00  ,1.979876952028e+00  ,1.959050907966e+00  ,1.938643646734e+00  ,1.918835636580e+00  ,1.899412113477e+00  
  1.881073763614e-07  ,2.417046720829e+00  ,2.381795666245e+00  ,2.347625083053e+00  ,2.314706952890e+00  ,2.282868499416e+00  ,2.252552713117e+00  ,2.223778692851e+00  ,2.195945846779e+00  ,2.168980447076e+00  ,2.142913932170e+00  ,2.117532053540e+00  ,2.092977451400e+00  ,2.069120376383e+00  ,2.045941388684e+00  ,2.023311306588e+00  ,2.001280393926e+00  ,1.979876952028e+00  ,1.959050907966e+00  ,1.938643646734e+00  ,1.918835636580e+00  ,1.899412113477e+00  
  1.888227252310e-07  ,2.417046720829e+00  ,2.381795666245e+00  ,2.347625083053e+00  ,2.314706952890e+00  ,2.282868499416e+00  ,2.252552713117e+00  ,2.223778692851e+00  ,2.195945846779e+00  ,2.168980447076e+00  ,2.142913932170e+00  ,2.117532053540e+00  ,2.092977451400e+00  ,2.069120376383e+00  ,2.045941388684e+00  ,2.023311306588e+00  ,2.001280393926e+00  ,1.979876952028e+00  ,1.959050907966e+00  ,1.938643646734e+00  ,1.918835636580e+00  ,1.899412113477e+00  
  1.894858269041e-07  ,2.417046720829e+00  ,2.381795666245e+00  ,2.347625083053e+00  ,2.314706952890e+00  ,2.282868499416e+00  ,2.252552713117e+00  ,2.223778692851e+00  ,2.195945846779e+00  ,2.168980447076e+00  ,2.142913932170e+00  ,2.117532053540e+00  ,2.092977451400e+00  ,2.069120376383e+00  ,2.045941388684e+00  ,2.023311306588e+00  ,2.001280393926e+00  ,1.979876952028e+00  ,1.959050907966e+00  ,1.938643646734e+00  ,1.918835636580e+00  ,1.899412113477e+00  
  1.901941908543e-07  ,2.417046720829e+00  ,2.381795666245e+00  ,2.347625083053e+00  ,2.314706952890e+00  ,2.282868499416e+00  ,2.252552713117e+00  ,2.223778692851e+00  ,2.195945846779e+00  ,2.168980447076e+00  ,2.142913932170e+00  ,2.117532053540e+00  ,2.092977451400e+00  ,2.069120376383e+00  ,2.045941388684e+00  ,2.023311306588e+00  ,2.001280393926e+00  ,1.979876952028e+00  ,1.959050907966e+00  ,1.938643646734e+00  ,1.918835636580e+00  ,1.899412113477e+00  
  1.908795511370e-07  ,2.417046720829e+00  ,2.381795666245e+00  ,2.347625083053e+00  ,2.314706952890e+00  ,2.282868499416e+00  ,2.252552713117e+00  ,2.223778692851e+00  ,2.195945846779e+00  ,2.168980447076e+00  ,2.142913932170e+00  ,2.117532053540e+00  ,2.092977451400e+00  ,2.069120376383e+00  ,2.045941388684e+00  ,2.023311306588e+00  ,2.001280393926e+00  ,1.979876952028e+00  ,1.959050907966e+00  ,1.938643646734e+00  ,1.918835636580e+00  ,1.899412113477e+00  
  1.916468678062e-07  ,2.417046720829e+00  ,2.381795666245e+00  ,2.347625083053e+00  ,2.314706952890e+00  ,2.282868499416e+00  ,2.252552713117e+00  ,2.223778692851e+00  ,2.195945846779e+00  ,2.168980447076e+00  ,2.142913932170e+00  ,2.117532053540e+00  ,2.092977451400e+00  ,2.069120376383e+00  ,2.045941388684e+00  ,2.023311306588e+00  ,2.001280393926e+00  ,1.979876952028e+00  ,1.959050907966e+00  ,1.938643646734e+00  ,1.918835636580e+00  ,1.899412113477e+00  
  1.923366053050e-07  ,2.417046720829e+00  ,2.381795666245e+00  ,2.347625083053e+00  ,2.314706952890e+00  ,2.282868499416e+00  ,2.252552713117e+00  ,2.223778692851e+00  ,2.195945846779e+00  ,2.168980447076e+00  ,2.142913932170e+00  ,2.117532053540e+00  ,2.092977451400e+00  ,2.069120376383e+00  ,2.045941388684e+00  ,2.023311306588e+00  ,2.001280393926e+00  ,1.979876952028e+00  ,1.959050907966e+00  ,1.938643646734e+00  ,1.918835636580e+00  ,1.899412113477e+00  
  1.929692527299e-07  ,2.417046720829e+00  ,2.381795666245e+00  ,2.347625083053e+00  ,2.314706952890e+00  ,2.282868499416e+00  ,2.252552713117e+00  ,2.223778692851e+00  ,2.195945846779e+00  ,2.168980447076e+00  ,2.142913932170e+00  ,2.117532053540e+00  ,2.092977451400e+00  ,2.069120376383e+00  ,2.045941388684e+00  ,2.023311306588e+00  ,2.001280393926e+00  ,1.979876952028e+00  ,1.959050907966e+00  ,1.938643646734e+00  ,1.918835636580e+00  ,1.899412113477e+00  
  1.936747295802e-07  ,2.417046720829e+00  ,2.381795666245e+00  ,2.347625083053e+00  ,2.314706952890e+00  ,2.282868499416e+00  ,2.252552713117e+00  ,2.223778692851e+00  ,2.195945846779e+00  ,2.168980447076e+00  ,2.142913932170e+00  ,2.117532053540e+00  ,2.092977451400e+00  ,2.069120376383e+00  ,2.045941388684e+00  ,2.023311306588e+00  ,2.001280393926e+00  ,1.979876952028e+00  ,1.959050907966e+00  ,1.938643646734e+00  ,1.918835636580e+00  ,1.899412113477e+00  
  1.943570164984e-07  ,2.417046720829e+00  ,2.381795666245e+00  ,2.347625083053e+00  ,2.314706952890e+00  ,2.282868499416e+00  ,2.252552713117e+00  ,2.223778692851e+00  ,2.195945846779e+00  ,2.168980447076e+00  ,2.142913932170e+00  ,2.117532053540e+00  ,2.092977451400e+00  ,2.069120376383e+00  ,2.045941388684e+00  ,2.023311306588e+00  ,2.001280393926e+00  ,1.979876952028e+00  ,1.959050907966e+00  ,1.938643646734e+00  ,1.918835636580e+00  ,1.899412113477e+00  
  1.953570706790e-07  ,2.417046720829e+00  ,2.381795666245e+00  ,2.347625083053e+00  ,2.314706952890e+00  ,2.282868499416e+00  ,2.252552713117e+00  ,2.223778692851e+00  ,2.195945846779e+00  ,2.168980447076e+00  ,2.142913932170e+00  ,2.117532053540e+00  ,2.092977451400e+00  ,2.069120376383e+00  ,2.045941388684e+00  ,2.023311306588e+00  ,2.001280393926e+00  ,1.979876952028e+00  ,1.959050907966e+00  ,1.938643646734e+00  ,1.918835636580e+00  ,1.899412113477e+00  
  1.960605917518e-07  ,2.417046720829e+00  ,2.381795666245e+00  ,2.347625083053e+00  ,2.314706952890e+00  ,2.282868499416e+00  ,2.252552713117e+00  ,2.223778692851e+00  ,2.195945846779e+00  ,2.168980447076e+00  ,2.142913932170e+00  ,2.117532053540e+00  ,2.092977451400e+00  ,2.069120376383e+00  ,2.045941388684e+00  ,2.023311306588e+00  ,2.001280393926e+00  ,1.979876952028e+00  ,1.959050907966e+00  ,1.938643646734e+00  ,1.918835636580e+00  ,1.899412113477e+00  
  1.967405503636e-07  ,2.417046720829e+00  ,2.381795666245e+00  ,2.347625083053e+00  ,2.314706952890e+00  ,2.282868499416e+00  ,2.252552713117e+00  ,2.223778692851e+00  ,2.195945846779e+00  ,2.168980447076e+00  ,2.142913932170e+00  ,2.117532053540e+00  ,2.092977451400e+00  ,2.069120376383e+00  ,2.045941388684e+00  ,2.023311306588e+00  ,2.001280393926e+00  ,1.979876952028e+00  ,1.959050907966e+00  ,1.938643646734e+00  ,1.918835636580e+00  ,1.899412113477e+00  
  1.976098468547e-07  ,2.417046720829e+00  ,2.381795666245e+00  ,2.347625083053e+00  ,2.314706952890e+00  ,2.282868499416e+00  ,2.252552713117e+00  ,2.223778692851e+00  ,2.195945846779e+00  ,2.168980447076e+00  ,2.142913932170e+00  ,2.117532053540e+00  ,2.092977451400e+00  ,2.069120376383e+00  ,2.045941388684e+00  ,2.023311306588e+00  ,2.001280393926e+00  ,1.979876952028e+00  ,1.959050907966e+00  ,1.938643646734e+00  ,1.918835636580e+00  ,1.899412113477e+00  
  1.984807265942e-07  ,2.417046720829e+00  ,2.381795666245e+00  ,2.347625083053e+00  ,2.314706952890e+00  ,2.282868499416e+00  ,2.252552713117e+00  ,2.223778692851e+00  ,2.195945846779e+00  ,2.168980447076e+00  ,2.142913932170e+00  ,2.117532053540e+00  ,2.092977451400e+00  ,2.069120376383e+00  ,2.045941388684e+00  ,2.023311306588e+00  ,2.001280393926e+00  ,1.979876952028e+00  ,1.959050907966e+00  ,1.938643646734e+00  ,1.918835636580e+00  ,1.899412113477e+00  
  1.991406617706e-07  ,2.417046720829e+00  ,2.381795666245e+00  ,2.347625083053e+00  ,2.314706952890e+00  ,2.282868499416e+00  ,2.252552713117e+00  ,2.223778692851e+00  ,2.195945846779e+00  ,2.168980447076e+00  ,2.142913932170e+00  ,2.117532053540e+00  ,2.092977451400e+00  ,2.069120376383e+00  ,2.045941388684e+00  ,2.023311306588e+00  ,2.001280393926e+00  ,1.979876952028e+00  ,1.959050907966e+00  ,1.938643646734e+00  ,1.918835636580e+00  ,1.899412113477e+00  
  1.997169641798e-07  ,2.417046720829e+00  ,2.381795666245e+00  ,2.347625083053e+00  ,2.314706952890e+00  ,2.282868499416e+00  ,2.252552713117e+00  ,2.223778692851e+00  ,2.195945846779e+00  ,2.168980447076e+00  ,2.142913932170e+00  ,2.117532053540e+00  ,2.092977451400e+00  ,2.069120376383e+00  ,2.045941388684e+00  ,2.023311306588e+00  ,2.001280393926e+00  ,1.979876952028e+00  ,1.959050907966e+00  ,1.938643646734e+00  ,1.918835636580e+00  ,1.899412113477e+00  
  2.003046287244e-07  ,2.417046720829e+00  ,2.381795666245e+00  ,2.347625083053e+00  ,2.314706952890e+00  ,2.282868499416e+00  ,2.252552713117e+00  ,2.223778692851e+00  ,2.195945846779e+00  ,2.168980447076e+00  ,2.142913932170e+00  ,2.117532053540e+00  ,2.092977451400e+00  ,2.069120376383e+00  ,2.045941388684e+00  ,2.023311306588e+00  ,2.001280393926e+00  ,1.979876952028e+00  ,1.959050907966e+00  ,1.938643646734e+00  ,1.918835636580e+00  ,1.899412113477e+00  
  2.011717831736e-07  ,2.417046720829e+00  ,2.381795666245e+00  ,2.347625083053e+00  ,2.314706952890e+00  ,2.282868499416e+00  ,2.252552713117e+00  ,2.223778692851e+00  ,2.195945846779e+00  ,2.168980447076e+00  ,2.142913932170e+00  ,2.117532053540e+00  ,2.092977451400e+00  ,2.069120376383e+00  ,2.045941388684e+00  ,2.023311306588e+00  ,2.001280393926e+00  ,1.979876952028e+00  ,1.959050907966e+00  ,1.938643646734e+00  ,1.918835636580e+00  ,1.899412113477e+00  
  2.019774703329e-07  ,2.417046720829e+00  ,2.381795666245e+00  ,2.347625083053e+00  ,2.314706952890e+00  ,2.282868499416e+00  ,2.252552713117e+00  ,2.223778692851e+00  ,2.195945846779e+00  ,2.168980447076e+00  ,2.142913932170e+00  ,2.117532053540e+00  ,2.092977451400e+00  ,2.069120376383e+00  ,2.045941388684e+00  ,2.023311306588e+00  ,2.001280393926e+00  ,1.979876952028e+00  ,1.959050907966e+00  ,1.938643646734e+00  ,1.918835636580e+00  ,1.899412113477e+00  
  2.026005251353e-07  ,2.417046720829e+00  ,2.381795666245e+00  ,2.347625083053e+00  ,2.314706952890e+00  ,2.282868499416e+00  ,2.252552713117e+00  ,2.223778692851e+00  ,2.195945846779e+00  ,2.168980447076e+00  ,2.142913932170e+00  ,2.117532053540e+00  ,2.092977451400e+00  ,2.069120376383e+00  ,2.045941388684e+00  ,2.023311306588e+00  ,2.001280393926e+00  ,1.979876952028e+00  ,1.959050907966e+00  ,1.938643646734e+00  ,1.918835636580e+00  ,1.899412113477e+00  
  2.031870720928e-07  ,2.417046720829e+00  ,2.381795666245e+00  ,2.347625083053e+00  ,2.314706952890e+00  ,2.282868499416e+00  ,2.252552713117e+00  ,2.223778692851e+00  ,2.195945846779e+00  ,2.168980447076e+00  ,2.142913932170e+00  ,2.117532053540e+00  ,2.092977451400e+00  ,2.069120376383e+00  ,2.045941388684e+00  ,2.023311306588e+00  ,2.001280393926e+00  ,1.979876952028e+00  ,1.959050907966e+00  ,1.938643646734e+00  ,1.918835636580e+00  ,1.899412113477e+00  
  2.037644920891e-07  ,2.417046720829e+00  ,2.381795666245e+00  ,2.347625083053e+00  ,2.314706952890e+00  ,2.282868499416e+00  ,2.252552713117e+00  ,2.223778692851e+00  ,2.195945846779e+00  ,2.168980447076e+00  ,2.142913932170e+00  ,2.117532053540e+00  ,2.092977451400e+00  ,2.069120376383e+00  ,2.045941388684e+00  ,2.023311306588e+00  ,2.001280393926e+00  ,1.979876952028e+00  ,1.959050907966e+00  ,1.938643646734e+00  ,1.918835636580e+00  ,1.899412113477e+00  
  2.046061282997e-07  ,2.417046720829e+00  ,2.381795666245e+00  ,2.347625083053e+00  ,2.314706952890e+00  ,2.282868499416e+00  ,2.252552713117e+00  ,2.223778692851e+00  ,2.195945846779e+00  ,2.168980447076e+00  ,2.142913932170e+00  ,2.117532053540e+00  ,2.092977451400e+00  ,2.069120376383e+00  ,2.045941388684e+00  ,2.023311306588e+00  ,2.001280393926e+00  ,1.979876952028e+00  ,1.959050907966e+00  ,1.938643646734e+00  ,1.918835636580e+00  ,1.899412113477e+00  
  2.054110704010e-07  ,2.417046720829e+00  ,2.381795666245e+00  ,2.347625083053e+00  ,2.314706952890e+00  ,2.282868499416e+00  ,2.252552713117e+00  ,2.223778692851e+00  ,2.195945846779e+00  ,2.168980447076e+00  ,2.142913932170e+00  ,2.117532053540e+00  ,2.092977451400e+00  ,2.069120376383e+00  ,2.045941388684e+00  ,2.023311306588e+00  ,2.001280393926e+00  ,1.979876952028e+00  ,1.959050907966e+00  ,1.938643646734e+00  ,1.918835636580e+00  ,1.899412113477e+00  
  2.064111245816e-07  ,2.417046720829e+00  ,2.381795666245e+00  ,2.347625083053e+00  ,2.314706952890e+00  ,2.282868499416e+00  ,2.252552713117e+00  ,2.223778692851e+00  ,2.195945846779e+00  ,2.168980447076e+00  ,2.142913932170e+00  ,2.117532053540e+00  ,2.092977451400e+00  ,2.069120376383e+00  ,2.045941388684e+00  ,2.023311306588e+00  ,2.001280393926e+00  ,1.979876952028e+00  ,1.959050907966e+00  ,1.938643646734e+00  ,1.918835636580e+00  ,1.899412113477e+00  
  2.074111787622e-07  ,2.417046720829e+00  ,2.381795666245e+00  ,2.347625083053e+00  ,2.314706952890e+00  ,2.282868499416e+00  ,2.252552713117e+00  ,2.223778692851e+00  ,2.195945846779e+00  ,2.168980447076e+00  ,2.142913932170e+00  ,2.117532053540e+00  ,2.092977451400e+00  ,2.069120376383e+00  ,2.045941388684e+00  ,2.023311306588e+00  ,2.001280393926e+00  ,1.979876952028e+00  ,1.959050907966e+00  ,1.938643646734e+00  ,1.918835636580e+00  ,1.899412113477e+00  
  2.084112329429e-07  ,2.417046720829e+00  ,2.381795666245e+00  ,2.347625083053e+00  ,2.314706952890e+00  ,2.282868499416e+00  ,2.252552713117e+00  ,2.223778692851e+00  ,2.195945846779e+00  ,2.168980447076e+00  ,2.142913932170e+00  ,2.117532053540e+00  ,2.092977451400e+00  ,2.069120376383e+00  ,2.045941388684e+00  ,2.023311306588e+00  ,2.001280393926e+00  ,1.979876952028e+00  ,1.959050907966e+00  ,1.938643646734e+00  ,1.918835636580e+00  ,1.899412113477e+00  
  2.094112871235e-07  ,2.417046720829e+00  ,2.381795666245e+00  ,2.347625083053e+00  ,2.314706952890e+00  ,2.282868499416e+00  ,2.252552713117e+00  ,2.223778692851e+00  ,2.195945846779e+00  ,2.168980447076e+00  ,2.142913932170e+00  ,2.117532053540e+00  ,2.092977451400e+00  ,2.069120376383e+00  ,2.045941388684e+00  ,2.023311306588e+00  ,2.001280393926e+00  ,1.979876952028e+00  ,1.959050907966e+00  ,1.938643646734e+00  ,1.918835636580e+00  ,1.899412113477e+00  
  2.104113413041e-07  ,2.417046720829e+00  ,2.381795666245e+00  ,2.347625083053e+00  ,2.314706952890e+00  ,2.282868499416e+00  ,2.252552713117e+00  ,2.223778692851e+00  ,2.195945846779e+00  ,2.168980447076e+00  ,2.142913932170e+00  ,2.117532053540e+00  ,2.092977451400e+00  ,2.069120376383e+00  ,2.045941388684e+00  ,2.023311306588e+00  ,2.001280393926e+00  ,1.979876952028e+00  ,1.959050907966e+00  ,1.938643646734e+00  ,1.918835636580e+00  ,1.899412113477e+00  
  2.114113954847e-07  ,2.417046720829e+00  ,2.381795666245e+00  ,2.347625083053e+00  ,2.314706952890e+00  ,2.282868499416e+00  ,2.252552713117e+00  ,2.223778692851e+00  ,2.195945846779e+00  ,2.168980447076e+00  ,2.142913932170e+00  ,2.117532053540e+00  ,2.092977451400e+00  ,2.069120376383e+00  ,2.045941388684e+00  ,2.023311306588e+00  ,2.001280393926e+00  ,1.979876952028e+00  ,1.959050907966e+00  ,1.938643646734e+00  ,1.918835636580e+00  ,1.899412113477e+00  
  2.124114496653e-07  ,2.417046720829e+00  ,2.381795666245e+00  ,2.347625083053e+00  ,2.314706952890e+00  ,2.282868499416e+00  ,2.252552713117e+00  ,2.223778692851e+00  ,2.195945846779e+00  ,2.168980447076e+00  ,2.142913932170e+00  ,2.117532053540e+00  ,2.092977451400e+00  ,2.069120376383e+00  ,2.045941388684e+00  ,2.023311306588e+00  ,2.001280393926e+00  ,1.979876952028e+00  ,1.959050907966e+00  ,1.938643646734e+00  ,1.918835636580e+00  ,1.899412113477e+00  
  2.134115038460e-07  ,2.417046720829e+00  ,2.381795666245e+00  ,2.347625083053e+00  ,2.314706952890e+00  ,2.282868499416e+00  ,2.252552713117e+00  ,2.223778692851e+00  ,2.195945846779e+00  ,2.168980447076e+00  ,2.142913932170e+00  ,2.117532053540e+00  ,2.092977451400e+00  ,2.069120376383e+00  ,2.045941388684e+00  ,2.023311306588e+00  ,2.001280393926e+00  ,1.979876952028e+00  ,1.959050907966e+00  ,1.938643646734e+00  ,1.918835636580e+00  ,1.899412113477e+00  
  2.144115580266e-07  ,2.417046720829e+00  ,2.381795666245e+00  ,2.347625083053e+00  ,2.314706952890e+00  ,2.282868499416e+00  ,2.252552713117e+00  ,2.223778692851e+00  ,2.195945846779e+00  ,2.168980447076e+00  ,2.142913932170e+00  ,2.117532053540e+00  ,2.092977451400e+00  ,2.069120376383e+00  ,2.045941388684e+00  ,2.023311306588e+00  ,2.001280393926e+00  ,1.979876952028e+00  ,1.959050907966e+00  ,1.938643646734e+00  ,1.918835636580e+00  ,1.899412113477e+00  
  2.154116122072e-07  ,2.417046720829e+00  ,2.381795666245e+00  ,2.347625083053e+00  ,2.314706952890e+00  ,2.282868499416e+00  ,2.252552713117e+00  ,2.223778692851e+00  ,2.195945846779e+00  ,2.168980447076e+00  ,2.142913932170e+00  ,2.117532053540e+00  ,2.092977451400e+00  ,2.069120376383e+00  ,2.045941388684e+00  ,2.023311306588e+00  ,2.001280393926e+00  ,1.979876952028e+00  ,1.959050907966e+00  ,1.938643646734e+00  ,1.918835636580e+00  ,1.899412113477e+00  
  2.164116663878e-07  ,2.417046720829e+00  ,2.381795666245e+00  ,2.347625083053e+00  ,2.314706952890e+00  ,2.282868499416e+00  ,2.252552713117e+00  ,2.223778692851e+00  ,2.195945846779e+00  ,2.168980447076e+00  ,2.142913932170e+00  ,2.117532053540e+00  ,2.092977451400e+00  ,2.069120376383e+00  ,2.045941388684e+00  ,2.023311306588e+00  ,2.001280393926e+00  ,1.979876952028e+00  ,1.959050907966e+00  ,1.938643646734e+00  ,1.918835636580e+00  ,1.899412113477e+00  
  2.174117205685e-07  ,2.417046720829e+00  ,2.381795666245e+00  ,2.347625083053e+00  ,2.314706952890e+00  ,2.282868499416e+00  ,2.252552713117e+00  ,2.223778692851e+00  ,2.195945846779e+00  ,2.168980447076e+00  ,2.142913932170e+00  ,2.117532053540e+00  ,2.092977451400e+00  ,2.069120376383e+00  ,2.045941388684e+00  ,2.023311306588e+00  ,2.001280393926e+00  ,1.979876952028e+00  ,1.959050907966e+00  ,1.938643646734e+00  ,1.918835636580e+00  ,1.899412113477e+00  
  2.184117747491e-07  ,2.417046720829e+00  ,2.381795666245e+00  ,2.347625083053e+00  ,2.314706952890e+00  ,2.282868499416e+00  ,2.252552713117e+00  ,2.223778692851e+00  ,2.195945846779e+00  ,2.168980447076e+00  ,2.142913932170e+00  ,2.117532053540e+00  ,2.092977451400e+00  ,2.069120376383e+00  ,2.045941388684e+00  ,2.023311306588e+00  ,2.001280393926e+00  ,1.979876952028e+00  ,1.959050907966e+00  ,1.938643646734e+00  ,1.918835636580e+00  ,1.899412113477e+00  
  2.194118289297e-07  ,2.417046720829e+00  ,2.381795666245e+00  ,2.347625083053e+00  ,2.314706952890e+00  ,2.282868499416e+00  ,2.252552713117e+00  ,2.223778692851e+00  ,2.195945846779e+00  ,2.168980447076e+00  ,2.142913932170e+00  ,2.117532053540e+00  ,2.092977451400e+00  ,2.069120376383e+00  ,2.045941388684e+00  ,2.023311306588e+00  ,2.001280393926e+00  ,1.979876952028e+00  ,1.959050907966e+00  ,1.938643646734e+00  ,1.918835636580e+00  ,1.899412113477e+00  
  2.204118831103e-07  ,2.417046720829e+00  ,2.381795666245e+00  ,2.347625083053e+00  ,2.314706952890e+00  ,2.282868499416e+00  ,2.252552713117e+00  ,2.223778692851e+00  ,2.195945846779e+00  ,2.168980447076e+00  ,2.142913932170e+00  ,2.117532053540e+00  ,2.092977451400e+00  ,2.069120376383e+00  ,2.045941388684e+00  ,2.023311306588e+00  ,2.001280393926e+00  ,1.979876952028e+00  ,1.959050907966e+00  ,1.938643646734e+00  ,1.918835636580e+00  ,1.899412113477e+00  
  2.214119372909e-07  ,2.417046720829e+00  ,2.381795666245e+00  ,2.347625083053e+00  ,2.314706952890e+00  ,2.282868499416e+00  ,2.252552713117e+00  ,2.223778692851e+00  ,2.195945846779e+00  ,2.168980447076e+00  ,2.142913932170e+00  ,2.117532053540e+00  ,2.092977451400e+00  ,2.069120376383e+00  ,2.045941388684e+00  ,2.023311306588e+00  ,2.001280393926e+00  ,1.979876952028e+00  ,1.959050907966e+00  ,1.938643646734e+00  ,1.918835636580e+00  ,1.899412113477e+00  
  2.224119914716e-07  ,2.417046720829e+00  ,2.381795666245e+00  ,2.347625083053e+00  ,2.314706952890e+00  ,2.282868499416e+00  ,2.252552713117e+00  ,2.223778692851e+00  ,2.195945846779e+00  ,2.168980447076e+00  ,2.142913932170e+00  ,2.117532053540e+00  ,2.092977451400e+00  ,2.069120376383e+00  ,2.045941388684e+00  ,2.023311306588e+00  ,2.001280393926e+00  ,1.979876952028e+00  ,1.959050907966e+00  ,1.938643646734e+00  ,1.918835636580e+00  ,1.899412113477e+00  
  2.234120456522e-07  ,2.417046720829e+00  ,2.381795666245e+00  ,2.347625083053e+00  ,2.314706952890e+00  ,2.282868499416e+00  ,2.252552713117e+00  ,2.223778692851e+00  ,2.195945846779e+00  ,2.168980447076e+00  ,2.142913932170e+00  ,2.117532053540e+00  ,2.092977451400e+00  ,2.069120376383e+00  ,2.045941388684e+00  ,2.023311306588e+00  ,2.001280393926e+00  ,1.979876952028e+00  ,1.959050907966e+00  ,1.938643646734e+00  ,1.918835636580e+00  ,1.899412113477e+00  
  2.244120998328e-07  ,2.417046720829e+00  ,2.381795666245e+00  ,2.347625083053e+00  ,2.314706952890e+00  ,2.282868499416e+00  ,2.252552713117e+00  ,2.223778692851e+00  ,2.195945846779e+00  ,2.168980447076e+00  ,2.142913932170e+00  ,2.117532053540e+00  ,2.092977451400e+00  ,2.069120376383e+00  ,2.045941388684e+00  ,2.023311306588e+00  ,2.001280393926e+00  ,1.979876952028e+00  ,1.959050907966e+00  ,1.938643646734e+00  ,1.918835636580e+00  ,1.899412113477e+00  
  2.254121540134e-07  ,2.417046720829e+00  ,2.381795666245e+00  ,2.347625083053e+00  ,2.314706952890e+00  ,2.282868499416e+00  ,2.252552713117e+00  ,2.223778692851e+00  ,2.195945846779e+00  ,2.168980447076e+00  ,2.142913932170e+00  ,2.117532053540e+00  ,2.092977451400e+00  ,2.069120376383e+00  ,2.045941388684e+00  ,2.023311306588e+00  ,2.001280393926e+00  ,1.979876952028e+00  ,1.959050907966e+00  ,1.938643646734e+00  ,1.918835636580e+00  ,1.899412113477e+00  
  2.264122081941e-07  ,2.417046720829e+00  ,2.381795666245e+00  ,2.347625083053e+00  ,2.314706952890e+00  ,2.282868499416e+00  ,2.252552713117e+00  ,2.223778692851e+00  ,2.195945846779e+00  ,2.168980447076e+00  ,2.142913932170e+00  ,2.117532053540e+00  ,2.092977451400e+00  ,2.069120376383e+00  ,2.045941388684e+00  ,2.023311306588e+00  ,2.001280393926e+00  ,1.979876952028e+00  ,1.959050907966e+00  ,1.938643646734e+00  ,1.918835636580e+00  ,1.899412113477e+00  
  2.274122623747e-07  ,2.417046720829e+00  ,2.381795666245e+00  ,2.347625083053e+00  ,2.314706952890e+00  ,2.282868499416e+00  ,2.252552713117e+00  ,2.223778692851e+00  ,2.195945846779e+00  ,2.168980447076e+00  ,2.142913932170e+00  ,2.117532053540e+00  ,2.092977451400e+00  ,2.069120376383e+00  ,2.045941388684e+00  ,2.023311306588e+00  ,2.001280393926e+00  ,1.979876952028e+00  ,1.959050907966e+00  ,1.938643646734e+00  ,1.918835636580e+00  ,1.899412113477e+00  
  2.284123165553e-07  ,2.417046720829e+00  ,2.381795666245e+00  ,2.347625083053e+00  ,2.314706952890e+00  ,2.282868499416e+00  ,2.252552713117e+00  ,2.223778692851e+00  ,2.195945846779e+00  ,2.168980447076e+00  ,2.142913932170e+00  ,2.117532053540e+00  ,2.092977451400e+00  ,2.069120376383e+00  ,2.045941388684e+00  ,2.023311306588e+00  ,2.001280393926e+00  ,1.979876952028e+00  ,1.959050907966e+00  ,1.938643646734e+00  ,1.918835636580e+00  ,1.899412113477e+00  
  2.294123707359e-07  ,2.417046720829e+00  ,2.381795666245e+00  ,2.347625083053e+00  ,2.314706952890e+00  ,2.282868499416e+00  ,2.252552713117e+00  ,2.223778692851e+00  ,2.195945846779e+00  ,2.168980447076e+00  ,2.142913932170e+00  ,2.117532053540e+00  ,2.092977451400e+00  ,2.069120376383e+00  ,2.045941388684e+00  ,2.023311306588e+00  ,2.001280393926e+00  ,1.979876952028e+00  ,1.959050907966e+00  ,1.938643646734e+00  ,1.918835636580e+00  ,1.899412113477e+00  
  2.304124249165e-07  ,2.417046720829e+00  ,2.381795666245e+00  ,2.347625083053e+00  ,2.314706952890e+00  ,2.282868499416e+00  ,2.252552713117e+00  ,2.223778692851e+00  ,2.195945846779e+00  ,2.168980447076e+00  ,2.142913932170e+00  ,2.117532053540e+00  ,2.092977451400e+00  ,2.069120376383e+00  ,2.045941388684e+00  ,2.023311306588e+00  ,2.001280393926e+00  ,1.979876952028e+00  ,1.959050907966e+00  ,1.938643646734e+00  ,1.918835636580e+00  ,1.899412113477e+00  
  2.314124790972e-07  ,2.417046720829e+00  ,2.381795666245e+00  ,2.347625083053e+00  ,2.314706952890e+00  ,2.282868499416e+00  ,2.252552713117e+00  ,2.223778692851e+00  ,2.195945846779e+00  ,2.168980447076e+00  ,2.142913932170e+00  ,2.117532053540e+00  ,2.092977451400e+00  ,2.069120376383e+00  ,2.045941388684e+00  ,2.023311306588e+00  ,2.001280393926e+00  ,1.979876952028e+00  ,1.959050907966e+00  ,1.938643646734e+00  ,1.918835636580e+00  ,1.899412113477e+00  
  2.324125332778e-07  ,2.417046720829e+00  ,2.381795666245e+00  ,2.347625083053e+00  ,2.314706952890e+00  ,2.282868499416e+00  ,2.252552713117e+00  ,2.223778692851e+00  ,2.195945846779e+00  ,2.168980447076e+00  ,2.142913932170e+00  ,2.117532053540e+00  ,2.092977451400e+00  ,2.069120376383e+00  ,2.045941388684e+00  ,2.023311306588e+00  ,2.001280393926e+00  ,1.979876952028e+00  ,1.959050907966e+00  ,1.938643646734e+00  ,1.918835636580e+00  ,1.899412113477e+00  
  2.334125874584e-07  ,2.417046720829e+00  ,2.381795666245e+00  ,2.347625083053e+00  ,2.314706952890e+00  ,2.282868499416e+00  ,2.252552713117e+00  ,2.223778692851e+00  ,2.195945846779e+00  ,2.168980447076e+00  ,2.142913932170e+00  ,2.117532053540e+00  ,2.092977451400e+00  ,2.069120376383e+00  ,2.045941388684e+00  ,2.023311306588e+00  ,2.001280393926e+00  ,1.979876952028e+00  ,1.959050907966e+00  ,1.938643646734e+00  ,1.918835636580e+00  ,1.899412113477e+00  
  2.344126416390e-07  ,2.417046720829e+00  ,2.381795666245e+00  ,2.347625083053e+00  ,2.314706952890e+00  ,2.282868499416e+00  ,2.252552713117e+00  ,2.223778692851e+00  ,2.195945846779e+00  ,2.168980447076e+00  ,2.142913932170e+00  ,2.117532053540e+00  ,2.092977451400e+00  ,2.069120376383e+00  ,2.045941388684e+00  ,2.023311306588e+00  ,2.001280393926e+00  ,1.979876952028e+00  ,1.959050907966e+00  ,1.938643646734e+00  ,1.918835636580e+00  ,1.899412113477e+00  
  2.354126958196e-07  ,2.417046720829e+00  ,2.381795666245e+00  ,2.347625083053e+00  ,2.314706952890e+00  ,2.282868499416e+00  ,2.252552713117e+00  ,2.223778692851e+00  ,2.195945846779e+00  ,2.168980447076e+00  ,2.142913932170e+00  ,2.117532053540e+00  ,2.092977451400e+00  ,2.069120376383e+00  ,2.045941388684e+00  ,2.023311306588e+00  ,2.001280393926e+00  ,1.979876952028e+00  ,1.959050907966e+00  ,1.938643646734e+00  ,1.918835636580e+00  ,1.899412113477e+00  
  2.364127500003e-07  ,2.417046720829e+00  ,2.381795666245e+00  ,2.347625083053e+00  ,2.314706952890e+00  ,2.282868499416e+00  ,2.252552713117e+00  ,2.223778692851e+00  ,2.195945846779e+00  ,2.168980447076e+00  ,2.142913932170e+00  ,2.117532053540e+00  ,2.092977451400e+00  ,2.069120376383e+00  ,2.045941388684e+00  ,2.023311306588e+00  ,2.001280393926e+00  ,1.979876952028e+00  ,1.959050907966e+00  ,1.938643646734e+00  ,1.918835636580e+00  ,1.899412113477e+00  
  2.374128041809e-07  ,2.417046720829e+00  ,2.381795666245e+00  ,2.347625083053e+00  ,2.314706952890e+00  ,2.282868499416e+00  ,2.252552713117e+00  ,2.223778692851e+00  ,2.195945846779e+00  ,2.168980447076e+00  ,2.142913932170e+00  ,2.117532053540e+00  ,2.092977451400e+00  ,2.069120376383e+00  ,2.045941388684e+00  ,2.023311306588e+00  ,2.001280393926e+00  ,1.979876952028e+00  ,1.959050907966e+00  ,1.938643646734e+00  ,1.918835636580e+00  ,1.899412113477e+00  
  2.384128583615e-07  ,2.417046720829e+00  ,2.381795666245e+00  ,2.347625083053e+00  ,2.314706952890e+00  ,2.282868499416e+00  ,2.252552713117e+00  ,2.223778692851e+00  ,2.195945846779e+00  ,2.168980447076e+00  ,2.142913932170e+00  ,2.117532053540e+00  ,2.092977451400e+00  ,2.069120376383e+00  ,2.045941388684e+00  ,2.023311306588e+00  ,2.001280393926e+00  ,1.979876952028e+00  ,1.959050907966e+00  ,1.938643646734e+00  ,1.918835636580e+00  ,1.899412113477e+00  
  2.394129125421e-07  ,2.417046720829e+00  ,2.381795666245e+00  ,2.347625083053e+00  ,2.314706952890e+00  ,2.282868499416e+00  ,2.252552713117e+00  ,2.223778692851e+00  ,2.195945846779e+00  ,2.168980447076e+00  ,2.142913932170e+00  ,2.117532053540e+00  ,2.092977451400e+00  ,2.069120376383e+00  ,2.045941388684e+00  ,2.023311306588e+00  ,2.001280393926e+00  ,1.979876952028e+00  ,1.959050907966e+00  ,1.938643646734e+00  ,1.918835636580e+00  ,1.899412113477e+00  
  2.404129667228e-07  ,2.417046720829e+00  ,2.381795666245e+00  ,2.347625083053e+00  ,2.314706952890e+00  ,2.282868499416e+00  ,2.252552713117e+00  ,2.223778692851e+00  ,2.195945846779e+00  ,2.168980447076e+00  ,2.142913932170e+00  ,2.117532053540e+00  ,2.092977451400e+00  ,2.069120376383e+00  ,2.045941388684e+00  ,2.023311306588e+00  ,2.001280393926e+00  ,1.979876952028e+00  ,1.959050907966e+00  ,1.938643646734e+00  ,1.918835636580e+00  ,1.899412113477e+00  
  2.414130209034e-07  ,2.417046720829e+00  ,2.381795666245e+00  ,2.347625083053e+00  ,2.314706952890e+00  ,2.282868499416e+00  ,2.252552713117e+00  ,2.223778692851e+00  ,2.195945846779e+00  ,2.168980447076e+00  ,2.142913932170e+00  ,2.117532053540e+00  ,2.092977451400e+00  ,2.069120376383e+00  ,2.045941388684e+00  ,2.023311306588e+00  ,2.001280393926e+00  ,1.979876952028e+00  ,1.959050907966e+00  ,1.938643646734e+00  ,1.918835636580e+00  ,1.899412113477e+00  
  2.424130750840e-07  ,2.417046720829e+00  ,2.381795666245e+00  ,2.347625083053e+00  ,2.314706952890e+00  ,2.282868499416e+00  ,2.252552713117e+00  ,2.223778692851e+00  ,2.195945846779e+00  ,2.168980447076e+00  ,2.142913932170e+00  ,2.117532053540e+00  ,2.092977451400e+00  ,2.069120376383e+00  ,2.045941388684e+00  ,2.023311306588e+00  ,2.001280393926e+00  ,1.979876952028e+00  ,1.959050907966e+00  ,1.938643646734e+00  ,1.918835636580e+00  ,1.899412113477e+00  
  2.434131292646e-07  ,2.417046720829e+00  ,2.381795666245e+00  ,2.347625083053e+00  ,2.314706952890e+00  ,2.282868499416e+00  ,2.252552713117e+00  ,2.223778692851e+00  ,2.195945846779e+00  ,2.168980447076e+00  ,2.142913932170e+00  ,2.117532053540e+00  ,2.092977451400e+00  ,2.069120376383e+00  ,2.045941388684e+00  ,2.023311306588e+00  ,2.001280393926e+00  ,1.979876952028e+00  ,1.959050907966e+00  ,1.938643646734e+00  ,1.918835636580e+00  ,1.899412113477e+00  
  2.444131834452e-07  ,2.417046720829e+00  ,2.381795666245e+00  ,2.347625083053e+00  ,2.314706952890e+00  ,2.282868499416e+00  ,2.252552713117e+00  ,2.223778692851e+00  ,2.195945846779e+00  ,2.168980447076e+00  ,2.142913932170e+00  ,2.117532053540e+00  ,2.092977451400e+00  ,2.069120376383e+00  ,2.045941388684e+00  ,2.023311306588e+00  ,2.001280393926e+00  ,1.979876952028e+00  ,1.959050907966e+00  ,1.938643646734e+00  ,1.918835636580e+00  ,1.899412113477e+00  
  2.454132376259e-07  ,2.417046720829e+00  ,2.381795666245e+00  ,2.347625083053e+00  ,2.314706952890e+00  ,2.282868499416e+00  ,2.252552713117e+00  ,2.223778692851e+00  ,2.195945846779e+00  ,2.168980447076e+00  ,2.142913932170e+00  ,2.117532053540e+00  ,2.092977451400e+00  ,2.069120376383e+00  ,2.045941388684e+00  ,2.023311306588e+00  ,2.001280393926e+00  ,1.979876952028e+00  ,1.959050907966e+00  ,1.938643646734e+00  ,1.918835636580e+00  ,1.899412113477e+00  
  2.464132918065e-07  ,2.417046720829e+00  ,2.381795666245e+00  ,2.347625083053e+00  ,2.314706952890e+00  ,2.282868499416e+00  ,2.252552713117e+00  ,2.223778692851e+00  ,2.195945846779e+00  ,2.168980447076e+00  ,2.142913932170e+00  ,2.117532053540e+00  ,2.092977451400e+00  ,2.069120376383e+00  ,2.045941388684e+00  ,2.023311306588e+00  ,2.001280393926e+00  ,1.979876952028e+00  ,1.959050907966e+00  ,1.938643646734e+00  ,1.918835636580e+00  ,1.899412113477e+00  
  2.474133459871e-07  ,2.417046720829e+00  ,2.381795666245e+00  ,2.347625083053e+00  ,2.314706952890e+00  ,2.282868499416e+00  ,2.252552713117e+00  ,2.223778692851e+00  ,2.195945846779e+00  ,2.168980447076e+00  ,2.142913932170e+00  ,2.117532053540e+00  ,2.092977451400e+00  ,2.069120376383e+00  ,2.045941388684e+00  ,2.023311306588e+00  ,2.001280393926e+00  ,1.979876952028e+00  ,1.959050907966e+00  ,1.938643646734e+00  ,1.918835636580e+00  ,1.899412113477e+00  
  2.484134001677e-07  ,2.417046720829e+00  ,2.381795666245e+00  ,2.347625083053e+00  ,2.314706952890e+00  ,2.282868499416e+00  ,2.252552713117e+00  ,2.223778692851e+00  ,2.195945846779e+00  ,2.168980447076e+00  ,2.142913932170e+00  ,2.117532053540e+00  ,2.092977451400e+00  ,2.069120376383e+00  ,2.045941388684e+00  ,2.023311306588e+00  ,2.001280393926e+00  ,1.979876952028e+00  ,1.959050907966e+00  ,1.938643646734e+00  ,1.918835636580e+00  ,1.899412113477e+00  
  2.494134543484e-07  ,2.417046720829e+00  ,2.381795666245e+00  ,2.347625083053e+00  ,2.314706952890e+00  ,2.282868499416e+00  ,2.252552713117e+00  ,2.223778692851e+00  ,2.195945846779e+00  ,2.168980447076e+00  ,2.142913932170e+00  ,2.117532053540e+00  ,2.092977451400e+00  ,2.069120376383e+00  ,2.045941388684e+00  ,2.023311306588e+00  ,2.001280393926e+00  ,1.979876952028e+00  ,1.959050907966e+00  ,1.938643646734e+00  ,1.918835636580e+00  ,1.899412113477e+00  
  2.504135085290e-07  ,2.417046720829e+00  ,2.381795666245e+00  ,2.347625083053e+00  ,2.314706952890e+00  ,2.282868499416e+00  ,2.252552713117e+00  ,2.223778692851e+00  ,2.195945846779e+00  ,2.168980447076e+00  ,2.142913932170e+00  ,2.117532053540e+00  ,2.092977451400e+00  ,2.069120376383e+00  ,2.045941388684e+00  ,2.023311306588e+00  ,2.001280393926e+00  ,1.979876952028e+00  ,1.959050907966e+00  ,1.938643646734e+00  ,1.918835636580e+00  ,1.899412113477e+00  
  2.514135627096e-07  ,2.417046720829e+00  ,2.381795666245e+00  ,2.347625083053e+00  ,2.314706952890e+00  ,2.282868499416e+00  ,2.252552713117e+00  ,2.223778692851e+00  ,2.195945846779e+00  ,2.168980447076e+00  ,2.142913932170e+00  ,2.117532053540e+00  ,2.092977451400e+00  ,2.069120376383e+00  ,2.045941388684e+00  ,2.023311306588e+00  ,2.001280393926e+00  ,1.979876952028e+00  ,1.959050907966e+00  ,1.938643646734e+00  ,1.918835636580e+00  ,1.899412113477e+00  
  2.524136168902e-07  ,2.417046720829e+00  ,2.381795666245e+00  ,2.347625083053e+00  ,2.314706952890e+00  ,2.282868499416e+00  ,2.252552713117e+00  ,2.223778692851e+00  ,2.195945846779e+00  ,2.168980447076e+00  ,2.142913932170e+00  ,2.117532053540e+00  ,2.092977451400e+00  ,2.069120376383e+00  ,2.045941388684e+00  ,2.023311306588e+00  ,2.001280393926e+00  ,1.979876952028e+00  ,1.959050907966e+00  ,1.938643646734e+00  ,1.918835636580e+00  ,1.899412113477e+00  
  2.534136710708e-07  ,2.417046720829e+00  ,2.381795666245e+00  ,2.347625083053e+00  ,2.314706952890e+00  ,2.282868499416e+00  ,2.252552713117e+00  ,2.223778692851e+00  ,2.195945846779e+00  ,2.168980447076e+00  ,2.142913932170e+00  ,2.117532053540e+00  ,2.092977451400e+00  ,2.069120376383e+00  ,2.045941388684e+00  ,2.023311306588e+00  ,2.001280393926e+00  ,1.979876952028e+00  ,1.959050907966e+00  ,1.938643646734e+00  ,1.918835636580e+00  ,1.899412113477e+00  
  2.544137252515e-07  ,2.417046720829e+00  ,2.381795666245e+00  ,2.347625083053e+00  ,2.314706952890e+00  ,2.282868499416e+00  ,2.252552713117e+00  ,2.223778692851e+00  ,2.195945846779e+00  ,2.168980447076e+00  ,2.142913932170e+00  ,2.117532053540e+00  ,2.092977451400e+00  ,2.069120376383e+00  ,2.045941388684e+00  ,2.023311306588e+00  ,2.001280393926e+00  ,1.979876952028e+00  ,1.959050907966e+00  ,1.938643646734e+00  ,1.918835636580e+00  ,1.899412113477e+00  
  2.554137794321e-07  ,2.417046720829e+00  ,2.381795666245e+00  ,2.347625083053e+00  ,2.314706952890e+00  ,2.282868499416e+00  ,2.252552713117e+00  ,2.223778692851e+00  ,2.195945846779e+00  ,2.168980447076e+00  ,2.142913932170e+00  ,2.117532053540e+00  ,2.092977451400e+00  ,2.069120376383e+00  ,2.045941388684e+00  ,2.023311306588e+00  ,2.001280393926e+00  ,1.979876952028e+00  ,1.959050907966e+00  ,1.938643646734e+00  ,1.918835636580e+00  ,1.899412113477e+00  
  2.564138336127e-07  ,2.417046720829e+00  ,2.381795666245e+00  ,2.347625083053e+00  ,2.314706952890e+00  ,2.282868499416e+00  ,2.252552713117e+00  ,2.223778692851e+00  ,2.195945846779e+00  ,2.168980447076e+00  ,2.142913932170e+00  ,2.117532053540e+00  ,2.092977451400e+00  ,2.069120376383e+00  ,2.045941388684e+00  ,2.023311306588e+00  ,2.001280393926e+00  ,1.979876952028e+00  ,1.959050907966e+00  ,1.938643646734e+00  ,1.918835636580e+00  ,1.899412113477e+00  
  2.574138877933e-07  ,2.417046720829e+00  ,2.381795666245e+00  ,2.347625083053e+00  ,2.314706952890e+00  ,2.282868499416e+00  ,2.252552713117e+00  ,2.223778692851e+00  ,2.195945846779e+00  ,2.168980447076e+00  ,2.142913932170e+00  ,2.117532053540e+00  ,2.092977451400e+00  ,2.069120376383e+00  ,2.045941388684e+00  ,2.023311306588e+00  ,2.001280393926e+00  ,1.979876952028e+00  ,1.959050907966e+00  ,1.938643646734e+00  ,1.918835636580e+00  ,1.899412113477e+00  
  2.584139419740e-07  ,2.417046720829e+00  ,2.381795666245e+00  ,2.347625083053e+00  ,2.314706952890e+00  ,2.282868499416e+00  ,2.252552713117e+00  ,2.223778692851e+00  ,2.195945846779e+00  ,2.168980447076e+00  ,2.142913932170e+00  ,2.117532053540e+00  ,2.092977451400e+00  ,2.069120376383e+00  ,2.045941388684e+00  ,2.023311306588e+00  ,2.001280393926e+00  ,1.979876952028e+00  ,1.959050907966e+00  ,1.938643646734e+00  ,1.918835636580e+00  ,1.899412113477e+00  
  2.594139961546e-07  ,2.417046720829e+00  ,2.381795666245e+00  ,2.347625083053e+00  ,2.314706952890e+00  ,2.282868499416e+00  ,2.252552713117e+00  ,2.223778692851e+00  ,2.195945846779e+00  ,2.168980447076e+00  ,2.142913932170e+00  ,2.117532053540e+00  ,2.092977451400e+00  ,2.069120376383e+00  ,2.045941388684e+00  ,2.023311306588e+00  ,2.001280393926e+00  ,1.979876952028e+00  ,1.959050907966e+00  ,1.938643646734e+00  ,1.918835636580e+00  ,1.899412113477e+00  
  2.604140503352e-07  ,2.417046720829e+00  ,2.381795666245e+00  ,2.347625083053e+00  ,2.314706952890e+00  ,2.282868499416e+00  ,2.252552713117e+00  ,2.223778692851e+00  ,2.195945846779e+00  ,2.168980447076e+00  ,2.142913932170e+00  ,2.117532053540e+00  ,2.092977451400e+00  ,2.069120376383e+00  ,2.045941388684e+00  ,2.023311306588e+00  ,2.001280393926e+00  ,1.979876952028e+00  ,1.959050907966e+00  ,1.938643646734e+00  ,1.918835636580e+00  ,1.899412113477e+00  
  2.614141045158e-07  ,2.417046720829e+00  ,2.381795666245e+00  ,2.347625083053e+00  ,2.314706952890e+00  ,2.282868499416e+00  ,2.252552713117e+00  ,2.223778692851e+00  ,2.195945846779e+00  ,2.168980447076e+00  ,2.142913932170e+00  ,2.117532053540e+00  ,2.092977451400e+00  ,2.069120376383e+00  ,2.045941388684e+00  ,2.023311306588e+00  ,2.001280393926e+00  ,1.979876952028e+00  ,1.959050907966e+00  ,1.938643646734e+00  ,1.918835636580e+00  ,1.899412113477e+00  
  2.624141586964e-07  ,2.417046720829e+00  ,2.381795666245e+00  ,2.347625083053e+00  ,2.314706952890e+00  ,2.282868499416e+00  ,2.252552713117e+00  ,2.223778692851e+00  ,2.195945846779e+00  ,2.168980447076e+00  ,2.142913932170e+00  ,2.117532053540e+00  ,2.092977451400e+00  ,2.069120376383e+00  ,2.045941388684e+00  ,2.023311306588e+00  ,2.001280393926e+00  ,1.979876952028e+00  ,1.959050907966e+00  ,1.938643646734e+00  ,1.918835636580e+00  ,1.899412113477e+00  
  2.634142128771e-07  ,2.417046720829e+00  ,2.381795666245e+00  ,2.347625083053e+00  ,2.314706952890e+00  ,2.282868499416e+00  ,2.252552713117e+00  ,2.223778692851e+00  ,2.195945846779e+00  ,2.168980447076e+00  ,2.142913932170e+00  ,2.117532053540e+00  ,2.092977451400e+00  ,2.069120376383e+00  ,2.045941388684e+00  ,2.023311306588e+00  ,2.001280393926e+00  ,1.979876952028e+00  ,1.959050907966e+00  ,1.938643646734e+00  ,1.918835636580e+00  ,1.899412113477e+00  
  2.644142670577e-07  ,2.417046720829e+00  ,2.381795666245e+00  ,2.347625083053e+00  ,2.314706952890e+00  ,2.282868499416e+00  ,2.252552713117e+00  ,2.223778692851e+00  ,2.195945846779e+00  ,2.168980447076e+00  ,2.142913932170e+00  ,2.117532053540e+00  ,2.092977451400e+00  ,2.069120376383e+00  ,2.045941388684e+00  ,2.023311306588e+00  ,2.001280393926e+00  ,1.979876952028e+00  ,1.959050907966e+00  ,1.938643646734e+00  ,1.918835636580e+00  ,1.899412113477e+00  
  2.654143212383e-07  ,2.417046720829e+00  ,2.381795666245e+00  ,2.347625083053e+00  ,2.314706952890e+00  ,2.282868499416e+00  ,2.252552713117e+00  ,2.223778692851e+00  ,2.195945846779e+00  ,2.168980447076e+00  ,2.142913932170e+00  ,2.117532053540e+00  ,2.092977451400e+00  ,2.069120376383e+00  ,2.045941388684e+00  ,2.023311306588e+00  ,2.001280393926e+00  ,1.979876952028e+00  ,1.959050907966e+00  ,1.938643646734e+00  ,1.918835636580e+00  ,1.899412113477e+00  
  2.664143754189e-07  ,2.417046720829e+00  ,2.381795666245e+00  ,2.347625083053e+00  ,2.314706952890e+00  ,2.282868499416e+00  ,2.252552713117e+00  ,2.223778692851e+00  ,2.195945846779e+00  ,2.168980447076e+00  ,2.142913932170e+00  ,2.117532053540e+00  ,2.092977451400e+00  ,2.069120376383e+00  ,2.045941388684e+00  ,2.023311306588e+00  ,2.001280393926e+00  ,1.979876952028e+00  ,1.959050907966e+00  ,1.938643646734e+00  ,1.918835636580e+00  ,1.899412113477e+00  
  2.674144295996e-07  ,2.417046720829e+00  ,2.381795666245e+00  ,2.347625083053e+00  ,2.314706952890e+00  ,2.282868499416e+00  ,2.252552713117e+00  ,2.223778692851e+00  ,2.195945846779e+00  ,2.168980447076e+00  ,2.142913932170e+00  ,2.117532053540e+00  ,2.092977451400e+00  ,2.069120376383e+00  ,2.045941388684e+00  ,2.023311306588e+00  ,2.001280393926e+00  ,1.979876952028e+00  ,1.959050907966e+00  ,1.938643646734e+00  ,1.918835636580e+00  ,1.899412113477e+00  
  2.684144837802e-07  ,2.417046720829e+00  ,2.381795666245e+00  ,2.347625083053e+00  ,2.314706952890e+00  ,2.282868499416e+00  ,2.252552713117e+00  ,2.223778692851e+00  ,2.195945846779e+00  ,2.168980447076e+00  ,2.142913932170e+00  ,2.117532053540e+00  ,2.092977451400e+00  ,2.069120376383e+00  ,2.045941388684e+00  ,2.023311306588e+00  ,2.001280393926e+00  ,1.979876952028e+00  ,1.959050907966e+00  ,1.938643646734e+00  ,1.918835636580e+00  ,1.899412113477e+00  
  2.694145379608e-07  ,2.417046720829e+00  ,2.381795666245e+00  ,2.347625083053e+00  ,2.314706952890e+00  ,2.282868499416e+00  ,2.252552713117e+00  ,2.223778692851e+00  ,2.195945846779e+00  ,2.168980447076e+00  ,2.142913932170e+00  ,2.117532053540e+00  ,2.092977451400e+00  ,2.069120376383e+00  ,2.045941388684e+00  ,2.023311306588e+00  ,2.001280393926e+00  ,1.979876952028e+00  ,1.959050907966e+00  ,1.938643646734e+00  ,1.918835636580e+00  ,1.899412113477e+00  
  2.704145921414e-07  ,2.417046720829e+00  ,2.381795666245e+00  ,2.347625083053e+00  ,2.314706952890e+00  ,2.282868499416e+00  ,2.252552713117e+00  ,2.223778692851e+00  ,2.195945846779e+00  ,2.168980447076e+00  ,2.142913932170e+00  ,2.117532053540e+00  ,2.092977451400e+00  ,2.069120376383e+00  ,2.045941388684e+00  ,2.023311306588e+00  ,2.001280393926e+00  ,1.979876952028e+00  ,1.959050907966e+00  ,1.938643646734e+00  ,1.918835636580e+00  ,1.899412113477e+00  
  2.714146463220e-07  ,2.417046720829e+00  ,2.381795666245e+00  ,2.347625083053e+00  ,2.314706952890e+00  ,2.282868499416e+00  ,2.252552713117e+00  ,2.223778692851e+00  ,2.195945846779e+00  ,2.168980447076e+00  ,2.142913932170e+00  ,2.117532053540e+00  ,2.092977451400e+00  ,2.069120376383e+00  ,2.045941388684e+00  ,2.023311306588e+00  ,2.001280393926e+00  ,1.979876952028e+00  ,1.959050907966e+00  ,1.938643646734e+00  ,1.918835636580e+00  ,1.899412113477e+00  
  2.724147005027e-07  ,2.417046720829e+00  ,2.381795666245e+00  ,2.347625083053e+00  ,2.314706952890e+00  ,2.282868499416e+00  ,2.252552713117e+00  ,2.223778692851e+00  ,2.195945846779e+00  ,2.168980447076e+00  ,2.142913932170e+00  ,2.117532053540e+00  ,2.092977451400e+00  ,2.069120376383e+00  ,2.045941388684e+00  ,2.023311306588e+00  ,2.001280393926e+00  ,1.979876952028e+00  ,1.959050907966e+00  ,1.938643646734e+00  ,1.918835636580e+00  ,1.899412113477e+00  
  2.734147546833e-07  ,2.417046720829e+00  ,2.381795666245e+00  ,2.347625083053e+00  ,2.314706952890e+00  ,2.282868499416e+00  ,2.252552713117e+00  ,2.223778692851e+00  ,2.195945846779e+00  ,2.168980447076e+00  ,2.142913932170e+00  ,2.117532053540e+00  ,2.092977451400e+00  ,2.069120376383e+00  ,2.045941388684e+00  ,2.023311306588e+00  ,2.001280393926e+00  ,1.979876952028e+00  ,1.959050907966e+00  ,1.938643646734e+00  ,1.918835636580e+00  ,1.899412113477e+00  
  2.744148088639e-07  ,2.417046720829e+00  ,2.381795666245e+00  ,2.347625083053e+00  ,2.314706952890e+00  ,2.282868499416e+00  ,2.252552713117e+00  ,2.223778692851e+00  ,2.195945846779e+00  ,2.168980447076e+00  ,2.142913932170e+00  ,2.117532053540e+00  ,2.092977451400e+00  ,2.069120376383e+00  ,2.045941388684e+00  ,2.023311306588e+00  ,2.001280393926e+00  ,1.979876952028e+00  ,1.959050907966e+00  ,1.938643646734e+00  ,1.918835636580e+00  ,1.899412113477e+00  
  2.754148630445e-07  ,2.417046720829e+00  ,2.381795666245e+00  ,2.347625083053e+00  ,2.314706952890e+00  ,2.282868499416e+00  ,2.252552713117e+00  ,2.223778692851e+00  ,2.195945846779e+00  ,2.168980447076e+00  ,2.142913932170e+00  ,2.117532053540e+00  ,2.092977451400e+00  ,2.069120376383e+00  ,2.045941388684e+00  ,2.023311306588e+00  ,2.001280393926e+00  ,1.979876952028e+00  ,1.959050907966e+00  ,1.938643646734e+00  ,1.918835636580e+00  ,1.899412113477e+00  
  2.764149172252e-07  ,2.417046720829e+00  ,2.381795666245e+00  ,2.347625083053e+00  ,2.314706952890e+00  ,2.282868499416e+00  ,2.252552713117e+00  ,2.223778692851e+00  ,2.195945846779e+00  ,2.168980447076e+00  ,2.142913932170e+00  ,2.117532053540e+00  ,2.092977451400e+00  ,2.069120376383e+00  ,2.045941388684e+00  ,2.023311306588e+00  ,2.001280393926e+00  ,1.979876952028e+00  ,1.959050907966e+00  ,1.938643646734e+00  ,1.918835636580e+00  ,1.899412113477e+00  
  2.774149714058e-07  ,2.417046720829e+00  ,2.381795666245e+00  ,2.347625083053e+00  ,2.314706952890e+00  ,2.282868499416e+00  ,2.252552713117e+00  ,2.223778692851e+00  ,2.195945846779e+00  ,2.168980447076e+00  ,2.142913932170e+00  ,2.117532053540e+00  ,2.092977451400e+00  ,2.069120376383e+00  ,2.045941388684e+00  ,2.023311306588e+00  ,2.001280393926e+00  ,1.979876952028e+00  ,1.959050907966e+00  ,1.938643646734e+00  ,1.918835636580e+00  ,1.899412113477e+00  
  2.784150255864e-07  ,2.417046720829e+00  ,2.381795666245e+00  ,2.347625083053e+00  ,2.314706952890e+00  ,2.282868499416e+00  ,2.252552713117e+00  ,2.223778692851e+00  ,2.195945846779e+00  ,2.168980447076e+00  ,2.142913932170e+00  ,2.117532053540e+00  ,2.092977451400e+00  ,2.069120376383e+00  ,2.045941388684e+00  ,2.023311306588e+00  ,2.001280393926e+00  ,1.979876952028e+00  ,1.959050907966e+00  ,1.938643646734e+00  ,1.918835636580e+00  ,1.899412113477e+00  
  2.794150797670e-07  ,2.417046720829e+00  ,2.381795666245e+00  ,2.347625083053e+00  ,2.314706952890e+00  ,2.282868499416e+00  ,2.252552713117e+00  ,2.223778692851e+00  ,2.195945846779e+00  ,2.168980447076e+00  ,2.142913932170e+00  ,2.117532053540e+00  ,2.092977451400e+00  ,2.069120376383e+00  ,2.045941388684e+00  ,2.023311306588e+00  ,2.001280393926e+00  ,1.979876952028e+00  ,1.959050907966e+00  ,1.938643646734e+00  ,1.918835636580e+00  ,1.899412113477e+00  
  2.804151339476e-07  ,2.417046720829e+00  ,2.381795666245e+00  ,2.347625083053e+00  ,2.314706952890e+00  ,2.282868499416e+00  ,2.252552713117e+00  ,2.223778692851e+00  ,2.195945846779e+00  ,2.168980447076e+00  ,2.142913932170e+00  ,2.117532053540e+00  ,2.092977451400e+00  ,2.069120376383e+00  ,2.045941388684e+00  ,2.023311306588e+00  ,2.001280393926e+00  ,1.979876952028e+00  ,1.959050907966e+00  ,1.938643646734e+00  ,1.918835636580e+00  ,1.899412113477e+00  
  2.814151881283e-07  ,2.417046720829e+00  ,2.381795666245e+00  ,2.347625083053e+00  ,2.314706952890e+00  ,2.282868499416e+00  ,2.252552713117e+00  ,2.223778692851e+00  ,2.195945846779e+00  ,2.168980447076e+00  ,2.142913932170e+00  ,2.117532053540e+00  ,2.092977451400e+00  ,2.069120376383e+00  ,2.045941388684e+00  ,2.023311306588e+00  ,2.001280393926e+00  ,1.979876952028e+00  ,1.959050907966e+00  ,1.938643646734e+00  ,1.918835636580e+00  ,1.899412113477e+00  
  2.824152423089e-07  ,2.417046720829e+00  ,2.381795666245e+00  ,2.347625083053e+00  ,2.314706952890e+00  ,2.282868499416e+00  ,2.252552713117e+00  ,2.223778692851e+00  ,2.195945846779e+00  ,2.168980447076e+00  ,2.142913932170e+00  ,2.117532053540e+00  ,2.092977451400e+00  ,2.069120376383e+00  ,2.045941388684e+00  ,2.023311306588e+00  ,2.001280393926e+00  ,1.979876952028e+00  ,1.959050907966e+00  ,1.938643646734e+00  ,1.918835636580e+00  ,1.899412113477e+00  
  2.834152964895e-07  ,2.417046720829e+00  ,2.381795666245e+00  ,2.347625083053e+00  ,2.314706952890e+00  ,2.282868499416e+00  ,2.252552713117e+00  ,2.223778692851e+00  ,2.195945846779e+00  ,2.168980447076e+00  ,2.142913932170e+00  ,2.117532053540e+00  ,2.092977451400e+00  ,2.069120376383e+00  ,2.045941388684e+00  ,2.023311306588e+00  ,2.001280393926e+00  ,1.979876952028e+00  ,1.959050907966e+00  ,1.938643646734e+00  ,1.918835636580e+00  ,1.899412113477e+00  
  2.844153506701e-07  ,2.417046720829e+00  ,2.381795666245e+00  ,2.347625083053e+00  ,2.314706952890e+00  ,2.282868499416e+00  ,2.252552713117e+00  ,2.223778692851e+00  ,2.195945846779e+00  ,2.168980447076e+00  ,2.142913932170e+00  ,2.117532053540e+00  ,2.092977451400e+00  ,2.069120376383e+00  ,2.045941388684e+00  ,2.023311306588e+00  ,2.001280393926e+00  ,1.979876952028e+00  ,1.959050907966e+00  ,1.938643646734e+00  ,1.918835636580e+00  ,1.899412113477e+00  
  2.854154048508e-07  ,2.417046720829e+00  ,2.381795666245e+00  ,2.347625083053e+00  ,2.314706952890e+00  ,2.282868499416e+00  ,2.252552713117e+00  ,2.223778692851e+00  ,2.195945846779e+00  ,2.168980447076e+00  ,2.142913932170e+00  ,2.117532053540e+00  ,2.092977451400e+00  ,2.069120376383e+00  ,2.045941388684e+00  ,2.023311306588e+00  ,2.001280393926e+00  ,1.979876952028e+00  ,1.959050907966e+00  ,1.938643646734e+00  ,1.918835636580e+00  ,1.899412113477e+00  
  2.864154590314e-07  ,2.417046720829e+00  ,2.381795666245e+00  ,2.347625083053e+00  ,2.314706952890e+00  ,2.282868499416e+00  ,2.252552713117e+00  ,2.223778692851e+00  ,2.195945846779e+00  ,2.168980447076e+00  ,2.142913932170e+00  ,2.117532053540e+00  ,2.092977451400e+00  ,2.069120376383e+00  ,2.045941388684e+00  ,2.023311306588e+00  ,2.001280393926e+00  ,1.979876952028e+00  ,1.959050907966e+00  ,1.938643646734e+00  ,1.918835636580e+00  ,1.899412113477e+00  
  2.874155132120e-07  ,2.417046720829e+00  ,2.381795666245e+00  ,2.347625083053e+00  ,2.314706952890e+00  ,2.282868499416e+00  ,2.252552713117e+00  ,2.223778692851e+00  ,2.195945846779e+00  ,2.168980447076e+00  ,2.142913932170e+00  ,2.117532053540e+00  ,2.092977451400e+00  ,2.069120376383e+00  ,2.045941388684e+00  ,2.023311306588e+00  ,2.001280393926e+00  ,1.979876952028e+00  ,1.959050907966e+00  ,1.938643646734e+00  ,1.918835636580e+00  ,1.899412113477e+00  
  2.884155673926e-07  ,2.417046720829e+00  ,2.381795666245e+00  ,2.347625083053e+00  ,2.314706952890e+00  ,2.282868499416e+00  ,2.252552713117e+00  ,2.223778692851e+00  ,2.195945846779e+00  ,2.168980447076e+00  ,2.142913932170e+00  ,2.117532053540e+00  ,2.092977451400e+00  ,2.069120376383e+00  ,2.045941388684e+00  ,2.023311306588e+00  ,2.001280393926e+00  ,1.979876952028e+00  ,1.959050907966e+00  ,1.938643646734e+00  ,1.918835636580e+00  ,1.899412113477e+00  
  2.894156215732e-07  ,2.417046720829e+00  ,2.381795666245e+00  ,2.347625083053e+00  ,2.314706952890e+00  ,2.282868499416e+00  ,2.252552713117e+00  ,2.223778692851e+00  ,2.195945846779e+00  ,2.168980447076e+00  ,2.142913932170e+00  ,2.117532053540e+00  ,2.092977451400e+00  ,2.069120376383e+00  ,2.045941388684e+00  ,2.023311306588e+00  ,2.001280393926e+00  ,1.979876952028e+00  ,1.959050907966e+00  ,1.938643646734e+00  ,1.918835636580e+00  ,1.899412113477e+00  
  2.904156757539e-07  ,2.417046720829e+00  ,2.381795666245e+00  ,2.347625083053e+00  ,2.314706952890e+00  ,2.282868499416e+00  ,2.252552713117e+00  ,2.223778692851e+00  ,2.195945846779e+00  ,2.168980447076e+00  ,2.142913932170e+00  ,2.117532053540e+00  ,2.092977451400e+00  ,2.069120376383e+00  ,2.045941388684e+00  ,2.023311306588e+00  ,2.001280393926e+00  ,1.979876952028e+00  ,1.959050907966e+00  ,1.938643646734e+00  ,1.918835636580e+00  ,1.899412113477e+00  
  2.914157299345e-07  ,2.417046720829e+00  ,2.381795666245e+00  ,2.347625083053e+00  ,2.314706952890e+00  ,2.282868499416e+00  ,2.252552713117e+00  ,2.223778692851e+00  ,2.195945846779e+00  ,2.168980447076e+00  ,2.142913932170e+00  ,2.117532053540e+00  ,2.092977451400e+00  ,2.069120376383e+00  ,2.045941388684e+00  ,2.023311306588e+00  ,2.001280393926e+00  ,1.979876952028e+00  ,1.959050907966e+00  ,1.938643646734e+00  ,1.918835636580e+00  ,1.899412113477e+00  
  2.924157841151e-07  ,2.417046720829e+00  ,2.381795666245e+00  ,2.347625083053e+00  ,2.314706952890e+00  ,2.282868499416e+00  ,2.252552713117e+00  ,2.223778692851e+00  ,2.195945846779e+00  ,2.168980447076e+00  ,2.142913932170e+00  ,2.117532053540e+00  ,2.092977451400e+00  ,2.069120376383e+00  ,2.045941388684e+00  ,2.023311306588e+00  ,2.001280393926e+00  ,1.979876952028e+00  ,1.959050907966e+00  ,1.938643646734e+00  ,1.918835636580e+00  ,1.899412113477e+00  
  2.934158382957e-07  ,2.417046720829e+00  ,2.381795666245e+00  ,2.347625083053e+00  ,2.314706952890e+00  ,2.282868499416e+00  ,2.252552713117e+00  ,2.223778692851e+00  ,2.195945846779e+00  ,2.168980447076e+00  ,2.142913932170e+00  ,2.117532053540e+00  ,2.092977451400e+00  ,2.069120376383e+00  ,2.045941388684e+00  ,2.023311306588e+00  ,2.001280393926e+00  ,1.979876952028e+00  ,1.959050907966e+00  ,1.938643646734e+00  ,1.918835636580e+00  ,1.899412113477e+00  
  2.944158924764e-07  ,2.417046720829e+00  ,2.381795666245e+00  ,2.347625083053e+00  ,2.314706952890e+00  ,2.282868499416e+00  ,2.252552713117e+00  ,2.223778692851e+00  ,2.195945846779e+00  ,2.168980447076e+00  ,2.142913932170e+00  ,2.117532053540e+00  ,2.092977451400e+00  ,2.069120376383e+00  ,2.045941388684e+00  ,2.023311306588e+00  ,2.001280393926e+00  ,1.979876952028e+00  ,1.959050907966e+00  ,1.938643646734e+00  ,1.918835636580e+00  ,1.899412113477e+00  
  2.954159466570e-07  ,2.417046720829e+00  ,2.381795666245e+00  ,2.347625083053e+00  ,2.314706952890e+00  ,2.282868499416e+00  ,2.252552713117e+00  ,2.223778692851e+00  ,2.195945846779e+00  ,2.168980447076e+00  ,2.142913932170e+00  ,2.117532053540e+00  ,2.092977451400e+00  ,2.069120376383e+00  ,2.045941388684e+00  ,2.023311306588e+00  ,2.001280393926e+00  ,1.979876952028e+00  ,1.959050907966e+00  ,1.938643646734e+00  ,1.918835636580e+00  ,1.899412113477e+00  
  2.964160008376e-07  ,2.417046720829e+00  ,2.381795666245e+00  ,2.347625083053e+00  ,2.314706952890e+00  ,2.282868499416e+00  ,2.252552713117e+00  ,2.223778692851e+00  ,2.195945846779e+00  ,2.168980447076e+00  ,2.142913932170e+00  ,2.117532053540e+00  ,2.092977451400e+00  ,2.069120376383e+00  ,2.045941388684e+00  ,2.023311306588e+00  ,2.001280393926e+00  ,1.979876952028e+00  ,1.959050907966e+00  ,1.938643646734e+00  ,1.918835636580e+00  ,1.899412113477e+00  
  2.974160550182e-07  ,2.417046720829e+00  ,2.381795666245e+00  ,2.347625083053e+00  ,2.314706952890e+00  ,2.282868499416e+00  ,2.252552713117e+00  ,2.223778692851e+00  ,2.195945846779e+00  ,2.168980447076e+00  ,2.142913932170e+00  ,2.117532053540e+00  ,2.092977451400e+00  ,2.069120376383e+00  ,2.045941388684e+00  ,2.023311306588e+00  ,2.001280393926e+00  ,1.979876952028e+00  ,1.959050907966e+00  ,1.938643646734e+00  ,1.918835636580e+00  ,1.899412113477e+00  
  2.984161091988e-07  ,2.417046720829e+00  ,2.381795666245e+00  ,2.347625083053e+00  ,2.314706952890e+00  ,2.282868499416e+00  ,2.252552713117e+00  ,2.223778692851e+00  ,2.195945846779e+00  ,2.168980447076e+00  ,2.142913932170e+00  ,2.117532053540e+00  ,2.092977451400e+00  ,2.069120376383e+00  ,2.045941388684e+00  ,2.023311306588e+00  ,2.001280393926e+00  ,1.979876952028e+00  ,1.959050907966e+00  ,1.938643646734e+00  ,1.918835636580e+00  ,1.899412113477e+00  
  2.994161633795e-07  ,2.417046720829e+00  ,2.381795666245e+00  ,2.347625083053e+00  ,2.314706952890e+00  ,2.282868499416e+00  ,2.252552713117e+00  ,2.223778692851e+00  ,2.195945846779e+00  ,2.168980447076e+00  ,2.142913932170e+00  ,2.117532053540e+00  ,2.092977451400e+00  ,2.069120376383e+00  ,2.045941388684e+00  ,2.023311306588e+00  ,2.001280393926e+00  ,1.979876952028e+00  ,1.959050907966e+00  ,1.938643646734e+00  ,1.918835636580e+00  ,1.899412113477e+00  
  3.004162175601e-07  ,2.417046720829e+00  ,2.381795666245e+00  ,2.347625083053e+00  ,2.314706952890e+00  ,2.282868499416e+00  ,2.252552713117e+00  ,2.223778692851e+00  ,2.195945846779e+00  ,2.168980447076e+00  ,2.142913932170e+00  ,2.117532053540e+00  ,2.092977451400e+00  ,2.069120376383e+00  ,2.045941388684e+00  ,2.023311306588e+00  ,2.001280393926e+00  ,1.979876952028e+00  ,1.959050907966e+00  ,1.938643646734e+00  ,1.918835636580e+00  ,1.899412113477e+00  
  3.014162717407e-07  ,2.417046720829e+00  ,2.381795666245e+00  ,2.347625083053e+00  ,2.314706952890e+00  ,2.282868499416e+00  ,2.252552713117e+00  ,2.223778692851e+00  ,2.195945846779e+00  ,2.168980447076e+00  ,2.142913932170e+00  ,2.117532053540e+00  ,2.092977451400e+00  ,2.069120376383e+00  ,2.045941388684e+00  ,2.023311306588e+00  ,2.001280393926e+00  ,1.979876952028e+00  ,1.959050907966e+00  ,1.938643646734e+00  ,1.918835636580e+00  ,1.899412113477e+00  
  3.024163259213e-07  ,2.417046720829e+00  ,2.381795666245e+00  ,2.347625083053e+00  ,2.314706952890e+00  ,2.282868499416e+00  ,2.252552713117e+00  ,2.223778692851e+00  ,2.195945846779e+00  ,2.168980447076e+00  ,2.142913932170e+00  ,2.117532053540e+00  ,2.092977451400e+00  ,2.069120376383e+00  ,2.045941388684e+00  ,2.023311306588e+00  ,2.001280393926e+00  ,1.979876952028e+00  ,1.959050907966e+00  ,1.938643646734e+00  ,1.918835636580e+00  ,1.899412113477e+00  
  3.034163801020e-07  ,2.417046720829e+00  ,2.381795666245e+00  ,2.347625083053e+00  ,2.314706952890e+00  ,2.282868499416e+00  ,2.252552713117e+00  ,2.223778692851e+00  ,2.195945846779e+00  ,2.168980447076e+00  ,2.142913932170e+00  ,2.117532053540e+00  ,2.092977451400e+00  ,2.069120376383e+00  ,2.045941388684e+00  ,2.023311306588e+00  ,2.001280393926e+00  ,1.979876952028e+00  ,1.959050907966e+00  ,1.938643646734e+00  ,1.918835636580e+00  ,1.899412113477e+00  
  3.044164342826e-07  ,2.417046720829e+00  ,2.381795666245e+00  ,2.347625083053e+00  ,2.314706952890e+00  ,2.282868499416e+00  ,2.252552713117e+00  ,2.223778692851e+00  ,2.195945846779e+00  ,2.168980447076e+00  ,2.142913932170e+00  ,2.117532053540e+00  ,2.092977451400e+00  ,2.069120376383e+00  ,2.045941388684e+00  ,2.023311306588e+00  ,2.001280393926e+00  ,1.979876952028e+00  ,1.959050907966e+00  ,1.938643646734e+00  ,1.918835636580e+00  ,1.899412113477e+00  
  3.054164884632e-07  ,2.417046720829e+00  ,2.381795666245e+00  ,2.347625083053e+00  ,2.314706952890e+00  ,2.282868499416e+00  ,2.252552713117e+00  ,2.223778692851e+00  ,2.195945846779e+00  ,2.168980447076e+00  ,2.142913932170e+00  ,2.117532053540e+00  ,2.092977451400e+00  ,2.069120376383e+00  ,2.045941388684e+00  ,2.023311306588e+00  ,2.001280393926e+00  ,1.979876952028e+00  ,1.959050907966e+00  ,1.938643646734e+00  ,1.918835636580e+00  ,1.899412113477e+00  
  3.064165426438e-07  ,2.417046720829e+00  ,2.381795666245e+00  ,2.347625083053e+00  ,2.314706952890e+00  ,2.282868499416e+00  ,2.252552713117e+00  ,2.223778692851e+00  ,2.195945846779e+00  ,2.168980447076e+00  ,2.142913932170e+00  ,2.117532053540e+00  ,2.092977451400e+00  ,2.069120376383e+00  ,2.045941388684e+00  ,2.023311306588e+00  ,2.001280393926e+00  ,1.979876952028e+00  ,1.959050907966e+00  ,1.938643646734e+00  ,1.918835636580e+00  ,1.899412113477e+00  
  3.074165968244e-07  ,2.417046720829e+00  ,2.381795666245e+00  ,2.347625083053e+00  ,2.314706952890e+00  ,2.282868499416e+00  ,2.252552713117e+00  ,2.223778692851e+00  ,2.195945846779e+00  ,2.168980447076e+00  ,2.142913932170e+00  ,2.117532053540e+00  ,2.092977451400e+00  ,2.069120376383e+00  ,2.045941388684e+00  ,2.023311306588e+00  ,2.001280393926e+00  ,1.979876952028e+00  ,1.959050907966e+00  ,1.938643646734e+00  ,1.918835636580e+00  ,1.899412113477e+00  
  3.084166510051e-07  ,2.417046720829e+00  ,2.381795666245e+00  ,2.347625083053e+00  ,2.314706952890e+00  ,2.282868499416e+00  ,2.252552713117e+00  ,2.223778692851e+00  ,2.195945846779e+00  ,2.168980447076e+00  ,2.142913932170e+00  ,2.117532053540e+00  ,2.092977451400e+00  ,2.069120376383e+00  ,2.045941388684e+00  ,2.023311306588e+00  ,2.001280393926e+00  ,1.979876952028e+00  ,1.959050907966e+00  ,1.938643646734e+00  ,1.918835636580e+00  ,1.899412113477e+00  
  3.094167051857e-07  ,2.417046720829e+00  ,2.381795666245e+00  ,2.347625083053e+00  ,2.314706952890e+00  ,2.282868499416e+00  ,2.252552713117e+00  ,2.223778692851e+00  ,2.195945846779e+00  ,2.168980447076e+00  ,2.142913932170e+00  ,2.117532053540e+00  ,2.092977451400e+00  ,2.069120376383e+00  ,2.045941388684e+00  ,2.023311306588e+00  ,2.001280393926e+00  ,1.979876952028e+00  ,1.959050907966e+00  ,1.938643646734e+00  ,1.918835636580e+00  ,1.899412113477e+00  
  3.104167593663e-07  ,2.417046720829e+00  ,2.381795666245e+00  ,2.347625083053e+00  ,2.314706952890e+00  ,2.282868499416e+00  ,2.252552713117e+00  ,2.223778692851e+00  ,2.195945846779e+00  ,2.168980447076e+00  ,2.142913932170e+00  ,2.117532053540e+00  ,2.092977451400e+00  ,2.069120376383e+00  ,2.045941388684e+00  ,2.023311306588e+00  ,2.001280393926e+00  ,1.979876952028e+00  ,1.959050907966e+00  ,1.938643646734e+00  ,1.918835636580e+00  ,1.899412113477e+00  
  3.114168135469e-07  ,2.417046720829e+00  ,2.381795666245e+00  ,2.347625083053e+00  ,2.314706952890e+00  ,2.282868499416e+00  ,2.252552713117e+00  ,2.223778692851e+00  ,2.195945846779e+00  ,2.168980447076e+00  ,2.142913932170e+00  ,2.117532053540e+00  ,2.092977451400e+00  ,2.069120376383e+00  ,2.045941388684e+00  ,2.023311306588e+00  ,2.001280393926e+00  ,1.979876952028e+00  ,1.959050907966e+00  ,1.938643646734e+00  ,1.918835636580e+00  ,1.899412113477e+00  
  3.124168677276e-07  ,2.417046720829e+00  ,2.381795666245e+00  ,2.347625083053e+00  ,2.314706952890e+00  ,2.282868499416e+00  ,2.252552713117e+00  ,2.223778692851e+00  ,2.195945846779e+00  ,2.168980447076e+00  ,2.142913932170e+00  ,2.117532053540e+00  ,2.092977451400e+00  ,2.069120376383e+00  ,2.045941388684e+00  ,2.023311306588e+00  ,2.001280393926e+00  ,1.979876952028e+00  ,1.959050907966e+00  ,1.938643646734e+00  ,1.918835636580e+00  ,1.899412113477e+00  
  3.134169219082e-07  ,2.417046720829e+00  ,2.381795666245e+00  ,2.347625083053e+00  ,2.314706952890e+00  ,2.282868499416e+00  ,2.252552713117e+00  ,2.223778692851e+00  ,2.195945846779e+00  ,2.168980447076e+00  ,2.142913932170e+00  ,2.117532053540e+00  ,2.092977451400e+00  ,2.069120376383e+00  ,2.045941388684e+00  ,2.023311306588e+00  ,2.001280393926e+00  ,1.979876952028e+00  ,1.959050907966e+00  ,1.938643646734e+00  ,1.918835636580e+00  ,1.899412113477e+00  
  3.144169760888e-07  ,2.417046720829e+00  ,2.381795666245e+00  ,2.347625083053e+00  ,2.314706952890e+00  ,2.282868499416e+00  ,2.252552713117e+00  ,2.223778692851e+00  ,2.195945846779e+00  ,2.168980447076e+00  ,2.142913932170e+00  ,2.117532053540e+00  ,2.092977451400e+00  ,2.069120376383e+00  ,2.045941388684e+00  ,2.023311306588e+00  ,2.001280393926e+00  ,1.979876952028e+00  ,1.959050907966e+00  ,1.938643646734e+00  ,1.918835636580e+00  ,1.899412113477e+00  
  3.154170302694e-07  ,2.417046720829e+00  ,2.381795666245e+00  ,2.347625083053e+00  ,2.314706952890e+00  ,2.282868499416e+00  ,2.252552713117e+00  ,2.223778692851e+00  ,2.195945846779e+00  ,2.168980447076e+00  ,2.142913932170e+00  ,2.117532053540e+00  ,2.092977451400e+00  ,2.069120376383e+00  ,2.045941388684e+00  ,2.023311306588e+00  ,2.001280393926e+00  ,1.979876952028e+00  ,1.959050907966e+00  ,1.938643646734e+00  ,1.918835636580e+00  ,1.899412113477e+00  
  3.164170844500e-07  ,2.417046720829e+00  ,2.381795666245e+00  ,2.347625083053e+00  ,2.314706952890e+00  ,2.282868499416e+00  ,2.252552713117e+00  ,2.223778692851e+00  ,2.195945846779e+00  ,2.168980447076e+00  ,2.142913932170e+00  ,2.117532053540e+00  ,2.092977451400e+00  ,2.069120376383e+00  ,2.045941388684e+00  ,2.023311306588e+00  ,2.001280393926e+00  ,1.979876952028e+00  ,1.959050907966e+00  ,1.938643646734e+00  ,1.918835636580e+00  ,1.899412113477e+00  
  3.174171386307e-07  ,2.417046720829e+00  ,2.381795666245e+00  ,2.347625083053e+00  ,2.314706952890e+00  ,2.282868499416e+00  ,2.252552713117e+00  ,2.223778692851e+00  ,2.195945846779e+00  ,2.168980447076e+00  ,2.142913932170e+00  ,2.117532053540e+00  ,2.092977451400e+00  ,2.069120376383e+00  ,2.045941388684e+00  ,2.023311306588e+00  ,2.001280393926e+00  ,1.979876952028e+00  ,1.959050907966e+00  ,1.938643646734e+00  ,1.918835636580e+00  ,1.899412113477e+00  
  3.184171928113e-07  ,2.417046720829e+00  ,2.381795666245e+00  ,2.347625083053e+00  ,2.314706952890e+00  ,2.282868499416e+00  ,2.252552713117e+00  ,2.223778692851e+00  ,2.195945846779e+00  ,2.168980447076e+00  ,2.142913932170e+00  ,2.117532053540e+00  ,2.092977451400e+00  ,2.069120376383e+00  ,2.045941388684e+00  ,2.023311306588e+00  ,2.001280393926e+00  ,1.979876952028e+00  ,1.959050907966e+00  ,1.938643646734e+00  ,1.918835636580e+00  ,1.899412113477e+00  
  3.194172469919e-07  ,2.417046720829e+00  ,2.381795666245e+00  ,2.347625083053e+00  ,2.314706952890e+00  ,2.282868499416e+00  ,2.252552713117e+00  ,2.223778692851e+00  ,2.195945846779e+00  ,2.168980447076e+00  ,2.142913932170e+00  ,2.117532053540e+00  ,2.092977451400e+00  ,2.069120376383e+00  ,2.045941388684e+00  ,2.023311306588e+00  ,2.001280393926e+00  ,1.979876952028e+00  ,1.959050907966e+00  ,1.938643646734e+00  ,1.918835636580e+00  ,1.899412113477e+00  
  3.204173011725e-07  ,2.417046720829e+00  ,2.381795666245e+00  ,2.347625083053e+00  ,2.314706952890e+00  ,2.282868499416e+00  ,2.252552713117e+00  ,2.223778692851e+00  ,2.195945846779e+00  ,2.168980447076e+00  ,2.142913932170e+00  ,2.117532053540e+00  ,2.092977451400e+00  ,2.069120376383e+00  ,2.045941388684e+00  ,2.023311306588e+00  ,2.001280393926e+00  ,1.979876952028e+00  ,1.959050907966e+00  ,1.938643646734e+00  ,1.918835636580e+00  ,1.899412113477e+00  
  3.214173553532e-07  ,2.417046720829e+00  ,2.381795666245e+00  ,2.347625083053e+00  ,2.314706952890e+00  ,2.282868499416e+00  ,2.252552713117e+00  ,2.223778692851e+00  ,2.195945846779e+00  ,2.168980447076e+00  ,2.142913932170e+00  ,2.117532053540e+00  ,2.092977451400e+00  ,2.069120376383e+00  ,2.045941388684e+00  ,2.023311306588e+00  ,2.001280393926e+00  ,1.979876952028e+00  ,1.959050907966e+00  ,1.938643646734e+00  ,1.918835636580e+00  ,1.899412113477e+00  
  3.224174095338e-07  ,2.417046720829e+00  ,2.381795666245e+00  ,2.347625083053e+00  ,2.314706952890e+00  ,2.282868499416e+00  ,2.252552713117e+00  ,2.223778692851e+00  ,2.195945846779e+00  ,2.168980447076e+00  ,2.142913932170e+00  ,2.117532053540e+00  ,2.092977451400e+00  ,2.069120376383e+00  ,2.045941388684e+00  ,2.023311306588e+00  ,2.001280393926e+00  ,1.979876952028e+00  ,1.959050907966e+00  ,1.938643646734e+00  ,1.918835636580e+00  ,1.899412113477e+00  
  3.234174637144e-07  ,2.417046720829e+00  ,2.381795666245e+00  ,2.347625083053e+00  ,2.314706952890e+00  ,2.282868499416e+00  ,2.252552713117e+00  ,2.223778692851e+00  ,2.195945846779e+00  ,2.168980447076e+00  ,2.142913932170e+00  ,2.117532053540e+00  ,2.092977451400e+00  ,2.069120376383e+00  ,2.045941388684e+00  ,2.023311306588e+00  ,2.001280393926e+00  ,1.979876952028e+00  ,1.959050907966e+00  ,1.938643646734e+00  ,1.918835636580e+00  ,1.899412113477e+00  
  3.244175178950e-07  ,2.417046720829e+00  ,2.381795666245e+00  ,2.347625083053e+00  ,2.314706952890e+00  ,2.282868499416e+00  ,2.252552713117e+00  ,2.223778692851e+00  ,2.195945846779e+00  ,2.168980447076e+00  ,2.142913932170e+00  ,2.117532053540e+00  ,2.092977451400e+00  ,2.069120376383e+00  ,2.045941388684e+00  ,2.023311306588e+00  ,2.001280393926e+00  ,1.979876952028e+00  ,1.959050907966e+00  ,1.938643646734e+00  ,1.918835636580e+00  ,1.899412113477e+00  
  3.254175720756e-07  ,2.417046720829e+00  ,2.381795666245e+00  ,2.347625083053e+00  ,2.314706952890e+00  ,2.282868499416e+00  ,2.252552713117e+00  ,2.223778692851e+00  ,2.195945846779e+00  ,2.168980447076e+00  ,2.142913932170e+00  ,2.117532053540e+00  ,2.092977451400e+00  ,2.069120376383e+00  ,2.045941388684e+00  ,2.023311306588e+00  ,2.001280393926e+00  ,1.979876952028e+00  ,1.959050907966e+00  ,1.938643646734e+00  ,1.918835636580e+00  ,1.899412113477e+00  
  3.264176262563e-07  ,2.417046720829e+00  ,2.381795666245e+00  ,2.347625083053e+00  ,2.314706952890e+00  ,2.282868499416e+00  ,2.252552713117e+00  ,2.223778692851e+00  ,2.195945846779e+00  ,2.168980447076e+00  ,2.142913932170e+00  ,2.117532053540e+00  ,2.092977451400e+00  ,2.069120376383e+00  ,2.045941388684e+00  ,2.023311306588e+00  ,2.001280393926e+00  ,1.979876952028e+00  ,1.959050907966e+00  ,1.938643646734e+00  ,1.918835636580e+00  ,1.899412113477e+00  
  3.274176804369e-07  ,2.417046720829e+00  ,2.381795666245e+00  ,2.347625083053e+00  ,2.314706952890e+00  ,2.282868499416e+00  ,2.252552713117e+00  ,2.223778692851e+00  ,2.195945846779e+00  ,2.168980447076e+00  ,2.142913932170e+00  ,2.117532053540e+00  ,2.092977451400e+00  ,2.069120376383e+00  ,2.045941388684e+00  ,2.023311306588e+00  ,2.001280393926e+00  ,1.979876952028e+00  ,1.959050907966e+00  ,1.938643646734e+00  ,1.918835636580e+00  ,1.899412113477e+00  
  3.284177346175e-07  ,2.417046720829e+00  ,2.381795666245e+00  ,2.347625083053e+00  ,2.314706952890e+00  ,2.282868499416e+00  ,2.252552713117e+00  ,2.223778692851e+00  ,2.195945846779e+00  ,2.168980447076e+00  ,2.142913932170e+00  ,2.117532053540e+00  ,2.092977451400e+00  ,2.069120376383e+00  ,2.045941388684e+00  ,2.023311306588e+00  ,2.001280393926e+00  ,1.979876952028e+00  ,1.959050907966e+00  ,1.938643646734e+00  ,1.918835636580e+00  ,1.899412113477e+00  
  3.294177887981e-07  ,2.417046720829e+00  ,2.381795666245e+00  ,2.347625083053e+00  ,2.314706952890e+00  ,2.282868499416e+00  ,2.252552713117e+00  ,2.223778692851e+00  ,2.195945846779e+00  ,2.168980447076e+00  ,2.142913932170e+00  ,2.117532053540e+00  ,2.092977451400e+00  ,2.069120376383e+00  ,2.045941388684e+00  ,2.023311306588e+00  ,2.001280393926e+00  ,1.979876952028e+00  ,1.959050907966e+00  ,1.938643646734e+00  ,1.918835636580e+00  ,1.899412113477e+00  
  3.304178429788e-07  ,2.417046720829e+00  ,2.381795666245e+00  ,2.347625083053e+00  ,2.314706952890e+00  ,2.282868499416e+00  ,2.252552713117e+00  ,2.223778692851e+00  ,2.195945846779e+00  ,2.168980447076e+00  ,2.142913932170e+00  ,2.117532053540e+00  ,2.092977451400e+00  ,2.069120376383e+00  ,2.045941388684e+00  ,2.023311306588e+00  ,2.001280393926e+00  ,1.979876952028e+00  ,1.959050907966e+00  ,1.938643646734e+00  ,1.918835636580e+00  ,1.899412113477e+00  
  3.314178971594e-07  ,2.417046720829e+00  ,2.381795666245e+00  ,2.347625083053e+00  ,2.314706952890e+00  ,2.282868499416e+00  ,2.252552713117e+00  ,2.223778692851e+00  ,2.195945846779e+00  ,2.168980447076e+00  ,2.142913932170e+00  ,2.117532053540e+00  ,2.092977451400e+00  ,2.069120376383e+00  ,2.045941388684e+00  ,2.023311306588e+00  ,2.001280393926e+00  ,1.979876952028e+00  ,1.959050907966e+00  ,1.938643646734e+00  ,1.918835636580e+00  ,1.899412113477e+00  
  3.324179513400e-07  ,2.417046720829e+00  ,2.381795666245e+00  ,2.347625083053e+00  ,2.314706952890e+00  ,2.282868499416e+00  ,2.252552713117e+00  ,2.223778692851e+00  ,2.195945846779e+00  ,2.168980447076e+00  ,2.142913932170e+00  ,2.117532053540e+00  ,2.092977451400e+00  ,2.069120376383e+00  ,2.045941388684e+00  ,2.023311306588e+00  ,2.001280393926e+00  ,1.979876952028e+00  ,1.959050907966e+00  ,1.938643646734e+00  ,1.918835636580e+00  ,1.899412113477e+00  
  3.334180055206e-07  ,2.417046720829e+00  ,2.381795666245e+00  ,2.347625083053e+00  ,2.314706952890e+00  ,2.282868499416e+00  ,2.252552713117e+00  ,2.223778692851e+00  ,2.195945846779e+00  ,2.168980447076e+00  ,2.142913932170e+00  ,2.117532053540e+00  ,2.092977451400e+00  ,2.069120376383e+00  ,2.045941388684e+00  ,2.023311306588e+00  ,2.001280393926e+00  ,1.979876952028e+00  ,1.959050907966e+00  ,1.938643646734e+00  ,1.918835636580e+00  ,1.899412113477e+00  
  3.344180597012e-07  ,2.417046720829e+00  ,2.381795666245e+00  ,2.347625083053e+00  ,2.314706952890e+00  ,2.282868499416e+00  ,2.252552713117e+00  ,2.223778692851e+00  ,2.195945846779e+00  ,2.168980447076e+00  ,2.142913932170e+00  ,2.117532053540e+00  ,2.092977451400e+00  ,2.069120376383e+00  ,2.045941388684e+00  ,2.023311306588e+00  ,2.001280393926e+00  ,1.979876952028e+00  ,1.959050907966e+00  ,1.938643646734e+00  ,1.918835636580e+00  ,1.899412113477e+00  
  3.354181138819e-07  ,2.417046720829e+00  ,2.381795666245e+00  ,2.347625083053e+00  ,2.314706952890e+00  ,2.282868499416e+00  ,2.252552713117e+00  ,2.223778692851e+00  ,2.195945846779e+00  ,2.168980447076e+00  ,2.142913932170e+00  ,2.117532053540e+00  ,2.092977451400e+00  ,2.069120376383e+00  ,2.045941388684e+00  ,2.023311306588e+00  ,2.001280393926e+00  ,1.979876952028e+00  ,1.959050907966e+00  ,1.938643646734e+00  ,1.918835636580e+00  ,1.899412113477e+00  
  3.364181680625e-07  ,2.417046720829e+00  ,2.381795666245e+00  ,2.347625083053e+00  ,2.314706952890e+00  ,2.282868499416e+00  ,2.252552713117e+00  ,2.223778692851e+00  ,2.195945846779e+00  ,2.168980447076e+00  ,2.142913932170e+00  ,2.117532053540e+00  ,2.092977451400e+00  ,2.069120376383e+00  ,2.045941388684e+00  ,2.023311306588e+00  ,2.001280393926e+00  ,1.979876952028e+00  ,1.959050907966e+00  ,1.938643646734e+00  ,1.918835636580e+00  ,1.899412113477e+00  
  3.374182222431e-07  ,2.417046720829e+00  ,2.381795666245e+00  ,2.347625083053e+00  ,2.314706952890e+00  ,2.282868499416e+00  ,2.252552713117e+00  ,2.223778692851e+00  ,2.195945846779e+00  ,2.168980447076e+00  ,2.142913932170e+00  ,2.117532053540e+00  ,2.092977451400e+00  ,2.069120376383e+00  ,2.045941388684e+00  ,2.023311306588e+00  ,2.001280393926e+00  ,1.979876952028e+00  ,1.959050907966e+00  ,1.938643646734e+00  ,1.918835636580e+00  ,1.899412113477e+00  
  3.384182764237e-07  ,2.417046720829e+00  ,2.381795666245e+00  ,2.347625083053e+00  ,2.314706952890e+00  ,2.282868499416e+00  ,2.252552713117e+00  ,2.223778692851e+00  ,2.195945846779e+00  ,2.168980447076e+00  ,2.142913932170e+00  ,2.117532053540e+00  ,2.092977451400e+00  ,2.069120376383e+00  ,2.045941388684e+00  ,2.023311306588e+00  ,2.001280393926e+00  ,1.979876952028e+00  ,1.959050907966e+00  ,1.938643646734e+00  ,1.918835636580e+00  ,1.899412113477e+00  
  3.394183306043e-07  ,2.417046720829e+00  ,2.381795666245e+00  ,2.347625083053e+00  ,2.314706952890e+00  ,2.282868499416e+00  ,2.252552713117e+00  ,2.223778692851e+00  ,2.195945846779e+00  ,2.168980447076e+00  ,2.142913932170e+00  ,2.117532053540e+00  ,2.092977451400e+00  ,2.069120376383e+00  ,2.045941388684e+00  ,2.023311306588e+00  ,2.001280393926e+00  ,1.979876952028e+00  ,1.959050907966e+00  ,1.938643646734e+00  ,1.918835636580e+00  ,1.899412113477e+00  
  3.404183847850e-07  ,2.417046720829e+00  ,2.381795666245e+00  ,2.347625083053e+00  ,2.314706952890e+00  ,2.282868499416e+00  ,2.252552713117e+00  ,2.223778692851e+00  ,2.195945846779e+00  ,2.168980447076e+00  ,2.142913932170e+00  ,2.117532053540e+00  ,2.092977451400e+00  ,2.069120376383e+00  ,2.045941388684e+00  ,2.023311306588e+00  ,2.001280393926e+00  ,1.979876952028e+00  ,1.959050907966e+00  ,1.938643646734e+00  ,1.918835636580e+00  ,1.899412113477e+00  
  3.414184389656e-07  ,2.417046720829e+00  ,2.381795666245e+00  ,2.347625083053e+00  ,2.314706952890e+00  ,2.282868499416e+00  ,2.252552713117e+00  ,2.223778692851e+00  ,2.195945846779e+00  ,2.168980447076e+00  ,2.142913932170e+00  ,2.117532053540e+00  ,2.092977451400e+00  ,2.069120376383e+00  ,2.045941388684e+00  ,2.023311306588e+00  ,2.001280393926e+00  ,1.979876952028e+00  ,1.959050907966e+00  ,1.938643646734e+00  ,1.918835636580e+00  ,1.899412113477e+00  
  3.424184931462e-07  ,2.417046720829e+00  ,2.381795666245e+00  ,2.347625083053e+00  ,2.314706952890e+00  ,2.282868499416e+00  ,2.252552713117e+00  ,2.223778692851e+00  ,2.195945846779e+00  ,2.168980447076e+00  ,2.142913932170e+00  ,2.117532053540e+00  ,2.092977451400e+00  ,2.069120376383e+00  ,2.045941388684e+00  ,2.023311306588e+00  ,2.001280393926e+00  ,1.979876952028e+00  ,1.959050907966e+00  ,1.938643646734e+00  ,1.918835636580e+00  ,1.899412113477e+00  
  3.434185473268e-07  ,2.417046720829e+00  ,2.381795666245e+00  ,2.347625083053e+00  ,2.314706952890e+00  ,2.282868499416e+00  ,2.252552713117e+00  ,2.223778692851e+00  ,2.195945846779e+00  ,2.168980447076e+00  ,2.142913932170e+00  ,2.117532053540e+00  ,2.092977451400e+00  ,2.069120376383e+00  ,2.045941388684e+00  ,2.023311306588e+00  ,2.001280393926e+00  ,1.979876952028e+00  ,1.959050907966e+00  ,1.938643646734e+00  ,1.918835636580e+00  ,1.899412113477e+00  
  3.444186015075e-07  ,2.417046720829e+00  ,2.381795666245e+00  ,2.347625083053e+00  ,2.314706952890e+00  ,2.282868499416e+00  ,2.252552713117e+00  ,2.223778692851e+00  ,2.195945846779e+00  ,2.168980447076e+00  ,2.142913932170e+00  ,2.117532053540e+00  ,2.092977451400e+00  ,2.069120376383e+00  ,2.045941388684e+00  ,2.023311306588e+00  ,2.001280393926e+00  ,1.979876952028e+00  ,1.959050907966e+00  ,1.938643646734e+00  ,1.918835636580e+00  ,1.899412113477e+00  
  3.454186556881e-07  ,2.417046720829e+00  ,2.381795666245e+00  ,2.347625083053e+00  ,2.314706952890e+00  ,2.282868499416e+00  ,2.252552713117e+00  ,2.223778692851e+00  ,2.195945846779e+00  ,2.168980447076e+00  ,2.142913932170e+00  ,2.117532053540e+00  ,2.092977451400e+00  ,2.069120376383e+00  ,2.045941388684e+00  ,2.023311306588e+00  ,2.001280393926e+00  ,1.979876952028e+00  ,1.959050907966e+00  ,1.938643646734e+00  ,1.918835636580e+00  ,1.899412113477e+00  
  3.464187098687e-07  ,2.417046720829e+00  ,2.381795666245e+00  ,2.347625083053e+00  ,2.314706952890e+00  ,2.282868499416e+00  ,2.252552713117e+00  ,2.223778692851e+00  ,2.195945846779e+00  ,2.168980447076e+00  ,2.142913932170e+00  ,2.117532053540e+00  ,2.092977451400e+00  ,2.069120376383e+00  ,2.045941388684e+00  ,2.023311306588e+00  ,2.001280393926e+00  ,1.979876952028e+00  ,1.959050907966e+00  ,1.938643646734e+00  ,1.918835636580e+00  ,1.899412113477e+00  
  3.474187640493e-07  ,2.417046720829e+00  ,2.381795666245e+00  ,2.347625083053e+00  ,2.314706952890e+00  ,2.282868499416e+00  ,2.252552713117e+00  ,2.223778692851e+00  ,2.195945846779e+00  ,2.168980447076e+00  ,2.142913932170e+00  ,2.117532053540e+00  ,2.092977451400e+00  ,2.069120376383e+00  ,2.045941388684e+00  ,2.023311306588e+00  ,2.001280393926e+00  ,1.979876952028e+00  ,1.959050907966e+00  ,1.938643646734e+00  ,1.918835636580e+00  ,1.899412113477e+00  
  3.484188182299e-07  ,2.417046720829e+00  ,2.381795666245e+00  ,2.347625083053e+00  ,2.314706952890e+00  ,2.282868499416e+00  ,2.252552713117e+00  ,2.223778692851e+00  ,2.195945846779e+00  ,2.168980447076e+00  ,2.142913932170e+00  ,2.117532053540e+00  ,2.092977451400e+00  ,2.069120376383e+00  ,2.045941388684e+00  ,2.023311306588e+00  ,2.001280393926e+00  ,1.979876952028e+00  ,1.959050907966e+00  ,1.938643646734e+00  ,1.918835636580e+00  ,1.899412113477e+00  
  3.494188724106e-07  ,2.417046720829e+00  ,2.381795666245e+00  ,2.347625083053e+00  ,2.314706952890e+00  ,2.282868499416e+00  ,2.252552713117e+00  ,2.223778692851e+00  ,2.195945846779e+00  ,2.168980447076e+00  ,2.142913932170e+00  ,2.117532053540e+00  ,2.092977451400e+00  ,2.069120376383e+00  ,2.045941388684e+00  ,2.023311306588e+00  ,2.001280393926e+00  ,1.979876952028e+00  ,1.959050907966e+00  ,1.938643646734e+00  ,1.918835636580e+00  ,1.899412113477e+00  
  3.504189265912e-07  ,2.417046720829e+00  ,2.381795666245e+00  ,2.347625083053e+00  ,2.314706952890e+00  ,2.282868499416e+00  ,2.252552713117e+00  ,2.223778692851e+00  ,2.195945846779e+00  ,2.168980447076e+00  ,2.142913932170e+00  ,2.117532053540e+00  ,2.092977451400e+00  ,2.069120376383e+00  ,2.045941388684e+00  ,2.023311306588e+00  ,2.001280393926e+00  ,1.979876952028e+00  ,1.959050907966e+00  ,1.938643646734e+00  ,1.918835636580e+00  ,1.899412113477e+00  
  3.514189807718e-07  ,2.417046720829e+00  ,2.381795666245e+00  ,2.347625083053e+00  ,2.314706952890e+00  ,2.282868499416e+00  ,2.252552713117e+00  ,2.223778692851e+00  ,2.195945846779e+00  ,2.168980447076e+00  ,2.142913932170e+00  ,2.117532053540e+00  ,2.092977451400e+00  ,2.069120376383e+00  ,2.045941388684e+00  ,2.023311306588e+00  ,2.001280393926e+00  ,1.979876952028e+00  ,1.959050907966e+00  ,1.938643646734e+00  ,1.918835636580e+00  ,1.899412113477e+00  
  3.524190349524e-07  ,2.417046720829e+00  ,2.381795666245e+00  ,2.347625083053e+00  ,2.314706952890e+00  ,2.282868499416e+00  ,2.252552713117e+00  ,2.223778692851e+00  ,2.195945846779e+00  ,2.168980447076e+00  ,2.142913932170e+00  ,2.117532053540e+00  ,2.092977451400e+00  ,2.069120376383e+00  ,2.045941388684e+00  ,2.023311306588e+00  ,2.001280393926e+00  ,1.979876952028e+00  ,1.959050907966e+00  ,1.938643646734e+00  ,1.918835636580e+00  ,1.899412113477e+00  
  3.534190891331e-07  ,2.417046720829e+00  ,2.381795666245e+00  ,2.347625083053e+00  ,2.314706952890e+00  ,2.282868499416e+00  ,2.252552713117e+00  ,2.223778692851e+00  ,2.195945846779e+00  ,2.168980447076e+00  ,2.142913932170e+00  ,2.117532053540e+00  ,2.092977451400e+00  ,2.069120376383e+00  ,2.045941388684e+00  ,2.023311306588e+00  ,2.001280393926e+00  ,1.979876952028e+00  ,1.959050907966e+00  ,1.938643646734e+00  ,1.918835636580e+00  ,1.899412113477e+00  
  3.544191433137e-07  ,2.417046720829e+00  ,2.381795666245e+00  ,2.347625083053e+00  ,2.314706952890e+00  ,2.282868499416e+00  ,2.252552713117e+00  ,2.223778692851e+00  ,2.195945846779e+00  ,2.168980447076e+00  ,2.142913932170e+00  ,2.117532053540e+00  ,2.092977451400e+00  ,2.069120376383e+00  ,2.045941388684e+00  ,2.023311306588e+00  ,2.001280393926e+00  ,1.979876952028e+00  ,1.959050907966e+00  ,1.938643646734e+00  ,1.918835636580e+00  ,1.899412113477e+00  
  3.554191974943e-07  ,2.417046720829e+00  ,2.381795666245e+00  ,2.347625083053e+00  ,2.314706952890e+00  ,2.282868499416e+00  ,2.252552713117e+00  ,2.223778692851e+00  ,2.195945846779e+00  ,2.168980447076e+00  ,2.142913932170e+00  ,2.117532053540e+00  ,2.092977451400e+00  ,2.069120376383e+00  ,2.045941388684e+00  ,2.023311306588e+00  ,2.001280393926e+00  ,1.979876952028e+00  ,1.959050907966e+00  ,1.938643646734e+00  ,1.918835636580e+00  ,1.899412113477e+00  
  3.564192516749e-07  ,2.417046720829e+00  ,2.381795666245e+00  ,2.347625083053e+00  ,2.314706952890e+00  ,2.282868499416e+00  ,2.252552713117e+00  ,2.223778692851e+00  ,2.195945846779e+00  ,2.168980447076e+00  ,2.142913932170e+00  ,2.117532053540e+00  ,2.092977451400e+00  ,2.069120376383e+00  ,2.045941388684e+00  ,2.023311306588e+00  ,2.001280393926e+00  ,1.979876952028e+00  ,1.959050907966e+00  ,1.938643646734e+00  ,1.918835636580e+00  ,1.899412113477e+00  
  3.574193058555e-07  ,2.417046720829e+00  ,2.381795666245e+00  ,2.347625083053e+00  ,2.314706952890e+00  ,2.282868499416e+00  ,2.252552713117e+00  ,2.223778692851e+00  ,2.195945846779e+00  ,2.168980447076e+00  ,2.142913932170e+00  ,2.117532053540e+00  ,2.092977451400e+00  ,2.069120376383e+00  ,2.045941388684e+00  ,2.023311306588e+00  ,2.001280393926e+00  ,1.979876952028e+00  ,1.959050907966e+00  ,1.938643646734e+00  ,1.918835636580e+00  ,1.899412113477e+00  
  3.584193600362e-07  ,2.417046720829e+00  ,2.381795666245e+00  ,2.347625083053e+00  ,2.314706952890e+00  ,2.282868499416e+00  ,2.252552713117e+00  ,2.223778692851e+00  ,2.195945846779e+00  ,2.168980447076e+00  ,2.142913932170e+00  ,2.117532053540e+00  ,2.092977451400e+00  ,2.069120376383e+00  ,2.045941388684e+00  ,2.023311306588e+00  ,2.001280393926e+00  ,1.979876952028e+00  ,1.959050907966e+00  ,1.938643646734e+00  ,1.918835636580e+00  ,1.899412113477e+00  
  3.594194142168e-07  ,2.417046720829e+00  ,2.381795666245e+00  ,2.347625083053e+00  ,2.314706952890e+00  ,2.282868499416e+00  ,2.252552713117e+00  ,2.223778692851e+00  ,2.195945846779e+00  ,2.168980447076e+00  ,2.142913932170e+00  ,2.117532053540e+00  ,2.092977451400e+00  ,2.069120376383e+00  ,2.045941388684e+00  ,2.023311306588e+00  ,2.001280393926e+00  ,1.979876952028e+00  ,1.959050907966e+00  ,1.938643646734e+00  ,1.918835636580e+00  ,1.899412113477e+00  
  3.604194683974e-07  ,2.417046720829e+00  ,2.381795666245e+00  ,2.347625083053e+00  ,2.314706952890e+00  ,2.282868499416e+00  ,2.252552713117e+00  ,2.223778692851e+00  ,2.195945846779e+00  ,2.168980447076e+00  ,2.142913932170e+00  ,2.117532053540e+00  ,2.092977451400e+00  ,2.069120376383e+00  ,2.045941388684e+00  ,2.023311306588e+00  ,2.001280393926e+00  ,1.979876952028e+00  ,1.959050907966e+00  ,1.938643646734e+00  ,1.918835636580e+00  ,1.899412113477e+00  
  3.614195225780e-07  ,2.417046720829e+00  ,2.381795666245e+00  ,2.347625083053e+00  ,2.314706952890e+00  ,2.282868499416e+00  ,2.252552713117e+00  ,2.223778692851e+00  ,2.195945846779e+00  ,2.168980447076e+00  ,2.142913932170e+00  ,2.117532053540e+00  ,2.092977451400e+00  ,2.069120376383e+00  ,2.045941388684e+00  ,2.023311306588e+00  ,2.001280393926e+00  ,1.979876952028e+00  ,1.959050907966e+00  ,1.938643646734e+00  ,1.918835636580e+00  ,1.899412113477e+00  
  3.624195767587e-07  ,2.417046720829e+00  ,2.381795666245e+00  ,2.347625083053e+00  ,2.314706952890e+00  ,2.282868499416e+00  ,2.252552713117e+00  ,2.223778692851e+00  ,2.195945846779e+00  ,2.168980447076e+00  ,2.142913932170e+00  ,2.117532053540e+00  ,2.092977451400e+00  ,2.069120376383e+00  ,2.045941388684e+00  ,2.023311306588e+00  ,2.001280393926e+00  ,1.979876952028e+00  ,1.959050907966e+00  ,1.938643646734e+00  ,1.918835636580e+00  ,1.899412113477e+00  
  3.634196309393e-07  ,2.417046720829e+00  ,2.381795666245e+00  ,2.347625083053e+00  ,2.314706952890e+00  ,2.282868499416e+00  ,2.252552713117e+00  ,2.223778692851e+00  ,2.195945846779e+00  ,2.168980447076e+00  ,2.142913932170e+00  ,2.117532053540e+00  ,2.092977451400e+00  ,2.069120376383e+00  ,2.045941388684e+00  ,2.023311306588e+00  ,2.001280393926e+00  ,1.979876952028e+00  ,1.959050907966e+00  ,1.938643646734e+00  ,1.918835636580e+00  ,1.899412113477e+00  
  3.644196851199e-07  ,2.417046720829e+00  ,2.381795666245e+00  ,2.347625083053e+00  ,2.314706952890e+00  ,2.282868499416e+00  ,2.252552713117e+00  ,2.223778692851e+00  ,2.195945846779e+00  ,2.168980447076e+00  ,2.142913932170e+00  ,2.117532053540e+00  ,2.092977451400e+00  ,2.069120376383e+00  ,2.045941388684e+00  ,2.023311306588e+00  ,2.001280393926e+00  ,1.979876952028e+00  ,1.959050907966e+00  ,1.938643646734e+00  ,1.918835636580e+00  ,1.899412113477e+00  
  3.654197393005e-07  ,2.417046720829e+00  ,2.381795666245e+00  ,2.347625083053e+00  ,2.314706952890e+00  ,2.282868499416e+00  ,2.252552713117e+00  ,2.223778692851e+00  ,2.195945846779e+00  ,2.168980447076e+00  ,2.142913932170e+00  ,2.117532053540e+00  ,2.092977451400e+00  ,2.069120376383e+00  ,2.045941388684e+00  ,2.023311306588e+00  ,2.001280393926e+00  ,1.979876952028e+00  ,1.959050907966e+00  ,1.938643646734e+00  ,1.918835636580e+00  ,1.899412113477e+00  
  3.664197934811e-07  ,2.417046720829e+00  ,2.381795666245e+00  ,2.347625083053e+00  ,2.314706952890e+00  ,2.282868499416e+00  ,2.252552713117e+00  ,2.223778692851e+00  ,2.195945846779e+00  ,2.168980447076e+00  ,2.142913932170e+00  ,2.117532053540e+00  ,2.092977451400e+00  ,2.069120376383e+00  ,2.045941388684e+00  ,2.023311306588e+00  ,2.001280393926e+00  ,1.979876952028e+00  ,1.959050907966e+00  ,1.938643646734e+00  ,1.918835636580e+00  ,1.899412113477e+00  
  3.674198476618e-07  ,2.417046720829e+00  ,2.381795666245e+00  ,2.347625083053e+00  ,2.314706952890e+00  ,2.282868499416e+00  ,2.252552713117e+00  ,2.223778692851e+00  ,2.195945846779e+00  ,2.168980447076e+00  ,2.142913932170e+00  ,2.117532053540e+00  ,2.092977451400e+00  ,2.069120376383e+00  ,2.045941388684e+00  ,2.023311306588e+00  ,2.001280393926e+00  ,1.979876952028e+00  ,1.959050907966e+00  ,1.938643646734e+00  ,1.918835636580e+00  ,1.899412113477e+00  
  3.684199018424e-07  ,2.417046720829e+00  ,2.381795666245e+00  ,2.347625083053e+00  ,2.314706952890e+00  ,2.282868499416e+00  ,2.252552713117e+00  ,2.223778692851e+00  ,2.195945846779e+00  ,2.168980447076e+00  ,2.142913932170e+00  ,2.117532053540e+00  ,2.092977451400e+00  ,2.069120376383e+00  ,2.045941388684e+00  ,2.023311306588e+00  ,2.001280393926e+00  ,1.979876952028e+00  ,1.959050907966e+00  ,1.938643646734e+00  ,1.918835636580e+00  ,1.899412113477e+00  
  3.694199560230e-07  ,2.417046720829e+00  ,2.381795666245e+00  ,2.347625083053e+00  ,2.314706952890e+00  ,2.282868499416e+00  ,2.252552713117e+00  ,2.223778692851e+00  ,2.195945846779e+00  ,2.168980447076e+00  ,2.142913932170e+00  ,2.117532053540e+00  ,2.092977451400e+00  ,2.069120376383e+00  ,2.045941388684e+00  ,2.023311306588e+00  ,2.001280393926e+00  ,1.979876952028e+00  ,1.959050907966e+00  ,1.938643646734e+00  ,1.918835636580e+00  ,1.899412113477e+00  
  3.704200102036e-07  ,2.417046720829e+00  ,2.381795666245e+00  ,2.347625083053e+00  ,2.314706952890e+00  ,2.282868499416e+00  ,2.252552713117e+00  ,2.223778692851e+00  ,2.195945846779e+00  ,2.168980447076e+00  ,2.142913932170e+00  ,2.117532053540e+00  ,2.092977451400e+00  ,2.069120376383e+00  ,2.045941388684e+00  ,2.023311306588e+00  ,2.001280393926e+00  ,1.979876952028e+00  ,1.959050907966e+00  ,1.938643646734e+00  ,1.918835636580e+00  ,1.899412113477e+00  
  3.714200643843e-07  ,2.417046720829e+00  ,2.381795666245e+00  ,2.347625083053e+00  ,2.314706952890e+00  ,2.282868499416e+00  ,2.252552713117e+00  ,2.223778692851e+00  ,2.195945846779e+00  ,2.168980447076e+00  ,2.142913932170e+00  ,2.117532053540e+00  ,2.092977451400e+00  ,2.069120376383e+00  ,2.045941388684e+00  ,2.023311306588e+00  ,2.001280393926e+00  ,1.979876952028e+00  ,1.959050907966e+00  ,1.938643646734e+00  ,1.918835636580e+00  ,1.899412113477e+00  
  3.724201185649e-07  ,2.417046720829e+00  ,2.381795666245e+00  ,2.347625083053e+00  ,2.314706952890e+00  ,2.282868499416e+00  ,2.252552713117e+00  ,2.223778692851e+00  ,2.195945846779e+00  ,2.168980447076e+00  ,2.142913932170e+00  ,2.117532053540e+00  ,2.092977451400e+00  ,2.069120376383e+00  ,2.045941388684e+00  ,2.023311306588e+00  ,2.001280393926e+00  ,1.979876952028e+00  ,1.959050907966e+00  ,1.938643646734e+00  ,1.918835636580e+00  ,1.899412113477e+00  
  3.734201727455e-07  ,2.417046720829e+00  ,2.381795666245e+00  ,2.347625083053e+00  ,2.314706952890e+00  ,2.282868499416e+00  ,2.252552713117e+00  ,2.223778692851e+00  ,2.195945846779e+00  ,2.168980447076e+00  ,2.142913932170e+00  ,2.117532053540e+00  ,2.092977451400e+00  ,2.069120376383e+00  ,2.045941388684e+00  ,2.023311306588e+00  ,2.001280393926e+00  ,1.979876952028e+00  ,1.959050907966e+00  ,1.938643646734e+00  ,1.918835636580e+00  ,1.899412113477e+00  
  3.744202269261e-07  ,2.417046720829e+00  ,2.381795666245e+00  ,2.347625083053e+00  ,2.314706952890e+00  ,2.282868499416e+00  ,2.252552713117e+00  ,2.223778692851e+00  ,2.195945846779e+00  ,2.168980447076e+00  ,2.142913932170e+00  ,2.117532053540e+00  ,2.092977451400e+00  ,2.069120376383e+00  ,2.045941388684e+00  ,2.023311306588e+00  ,2.001280393926e+00  ,1.979876952028e+00  ,1.959050907966e+00  ,1.938643646734e+00  ,1.918835636580e+00  ,1.899412113477e+00  
  3.754202811067e-07  ,2.417046720829e+00  ,2.381795666245e+00  ,2.347625083053e+00  ,2.314706952890e+00  ,2.282868499416e+00  ,2.252552713117e+00  ,2.223778692851e+00  ,2.195945846779e+00  ,2.168980447076e+00  ,2.142913932170e+00  ,2.117532053540e+00  ,2.092977451400e+00  ,2.069120376383e+00  ,2.045941388684e+00  ,2.023311306588e+00  ,2.001280393926e+00  ,1.979876952028e+00  ,1.959050907966e+00  ,1.938643646734e+00  ,1.918835636580e+00  ,1.899412113477e+00  
  3.764203352874e-07  ,2.417046720829e+00  ,2.381795666245e+00  ,2.347625083053e+00  ,2.314706952890e+00  ,2.282868499416e+00  ,2.252552713117e+00  ,2.223778692851e+00  ,2.195945846779e+00  ,2.168980447076e+00  ,2.142913932170e+00  ,2.117532053540e+00  ,2.092977451400e+00  ,2.069120376383e+00  ,2.045941388684e+00  ,2.023311306588e+00  ,2.001280393926e+00  ,1.979876952028e+00  ,1.959050907966e+00  ,1.938643646734e+00  ,1.918835636580e+00  ,1.899412113477e+00  
  3.774203894680e-07  ,2.417046720829e+00  ,2.381795666245e+00  ,2.347625083053e+00  ,2.314706952890e+00  ,2.282868499416e+00  ,2.252552713117e+00  ,2.223778692851e+00  ,2.195945846779e+00  ,2.168980447076e+00  ,2.142913932170e+00  ,2.117532053540e+00  ,2.092977451400e+00  ,2.069120376383e+00  ,2.045941388684e+00  ,2.023311306588e+00  ,2.001280393926e+00  ,1.979876952028e+00  ,1.959050907966e+00  ,1.938643646734e+00  ,1.918835636580e+00  ,1.899412113477e+00  
  3.784204436486e-07  ,2.417046720829e+00  ,2.381795666245e+00  ,2.347625083053e+00  ,2.314706952890e+00  ,2.282868499416e+00  ,2.252552713117e+00  ,2.223778692851e+00  ,2.195945846779e+00  ,2.168980447076e+00  ,2.142913932170e+00  ,2.117532053540e+00  ,2.092977451400e+00  ,2.069120376383e+00  ,2.045941388684e+00  ,2.023311306588e+00  ,2.001280393926e+00  ,1.979876952028e+00  ,1.959050907966e+00  ,1.938643646734e+00  ,1.918835636580e+00  ,1.899412113477e+00  
  3.794204978292e-07  ,2.417046720829e+00  ,2.381795666245e+00  ,2.347625083053e+00  ,2.314706952890e+00  ,2.282868499416e+00  ,2.252552713117e+00  ,2.223778692851e+00  ,2.195945846779e+00  ,2.168980447076e+00  ,2.142913932170e+00  ,2.117532053540e+00  ,2.092977451400e+00  ,2.069120376383e+00  ,2.045941388684e+00  ,2.023311306588e+00  ,2.001280393926e+00  ,1.979876952028e+00  ,1.959050907966e+00  ,1.938643646734e+00  ,1.918835636580e+00  ,1.899412113477e+00  
  3.804205520099e-07  ,2.417046720829e+00  ,2.381795666245e+00  ,2.347625083053e+00  ,2.314706952890e+00  ,2.282868499416e+00  ,2.252552713117e+00  ,2.223778692851e+00  ,2.195945846779e+00  ,2.168980447076e+00  ,2.142913932170e+00  ,2.117532053540e+00  ,2.092977451400e+00  ,2.069120376383e+00  ,2.045941388684e+00  ,2.023311306588e+00  ,2.001280393926e+00  ,1.979876952028e+00  ,1.959050907966e+00  ,1.938643646734e+00  ,1.918835636580e+00  ,1.899412113477e+00  
  3.814206061905e-07  ,2.417046720829e+00  ,2.381795666245e+00  ,2.347625083053e+00  ,2.314706952890e+00  ,2.282868499416e+00  ,2.252552713117e+00  ,2.223778692851e+00  ,2.195945846779e+00  ,2.168980447076e+00  ,2.142913932170e+00  ,2.117532053540e+00  ,2.092977451400e+00  ,2.069120376383e+00  ,2.045941388684e+00  ,2.023311306588e+00  ,2.001280393926e+00  ,1.979876952028e+00  ,1.959050907966e+00  ,1.938643646734e+00  ,1.918835636580e+00  ,1.899412113477e+00  
  3.824206603711e-07  ,2.417046720829e+00  ,2.381795666245e+00  ,2.347625083053e+00  ,2.314706952890e+00  ,2.282868499416e+00  ,2.252552713117e+00  ,2.223778692851e+00  ,2.195945846779e+00  ,2.168980447076e+00  ,2.142913932170e+00  ,2.117532053540e+00  ,2.092977451400e+00  ,2.069120376383e+00  ,2.045941388684e+00  ,2.023311306588e+00  ,2.001280393926e+00  ,1.979876952028e+00  ,1.959050907966e+00  ,1.938643646734e+00  ,1.918835636580e+00  ,1.899412113477e+00  
  3.834207145517e-07  ,2.417046720829e+00  ,2.381795666245e+00  ,2.347625083053e+00  ,2.314706952890e+00  ,2.282868499416e+00  ,2.252552713117e+00  ,2.223778692851e+00  ,2.195945846779e+00  ,2.168980447076e+00  ,2.142913932170e+00  ,2.117532053540e+00  ,2.092977451400e+00  ,2.069120376383e+00  ,2.045941388684e+00  ,2.023311306588e+00  ,2.001280393926e+00  ,1.979876952028e+00  ,1.959050907966e+00  ,1.938643646734e+00  ,1.918835636580e+00  ,1.899412113477e+00  
  3.844207687323e-07  ,2.417046720829e+00  ,2.381795666245e+00  ,2.347625083053e+00  ,2.314706952890e+00  ,2.282868499416e+00  ,2.252552713117e+00  ,2.223778692851e+00  ,2.195945846779e+00  ,2.168980447076e+00  ,2.142913932170e+00  ,2.117532053540e+00  ,2.092977451400e+00  ,2.069120376383e+00  ,2.045941388684e+00  ,2.023311306588e+00  ,2.001280393926e+00  ,1.979876952028e+00  ,1.959050907966e+00  ,1.938643646734e+00  ,1.918835636580e+00  ,1.899412113477e+00  
  3.854208229130e-07  ,2.417046720829e+00  ,2.381795666245e+00  ,2.347625083053e+00  ,2.314706952890e+00  ,2.282868499416e+00  ,2.252552713117e+00  ,2.223778692851e+00  ,2.195945846779e+00  ,2.168980447076e+00  ,2.142913932170e+00  ,2.117532053540e+00  ,2.092977451400e+00  ,2.069120376383e+00  ,2.045941388684e+00  ,2.023311306588e+00  ,2.001280393926e+00  ,1.979876952028e+00  ,1.959050907966e+00  ,1.938643646734e+00  ,1.918835636580e+00  ,1.899412113477e+00  
  3.864208770936e-07  ,2.417046720829e+00  ,2.381795666245e+00  ,2.347625083053e+00  ,2.314706952890e+00  ,2.282868499416e+00  ,2.252552713117e+00  ,2.223778692851e+00  ,2.195945846779e+00  ,2.168980447076e+00  ,2.142913932170e+00  ,2.117532053540e+00  ,2.092977451400e+00  ,2.069120376383e+00  ,2.045941388684e+00  ,2.023311306588e+00  ,2.001280393926e+00  ,1.979876952028e+00  ,1.959050907966e+00  ,1.938643646734e+00  ,1.918835636580e+00  ,1.899412113477e+00  
  3.874209312742e-07  ,2.417046720829e+00  ,2.381795666245e+00  ,2.347625083053e+00  ,2.314706952890e+00  ,2.282868499416e+00  ,2.252552713117e+00  ,2.223778692851e+00  ,2.195945846779e+00  ,2.168980447076e+00  ,2.142913932170e+00  ,2.117532053540e+00  ,2.092977451400e+00  ,2.069120376383e+00  ,2.045941388684e+00  ,2.023311306588e+00  ,2.001280393926e+00  ,1.979876952028e+00  ,1.959050907966e+00  ,1.938643646734e+00  ,1.918835636580e+00  ,1.899412113477e+00  
  3.884209854548e-07  ,2.417046720829e+00  ,2.381795666245e+00  ,2.347625083053e+00  ,2.314706952890e+00  ,2.282868499416e+00  ,2.252552713117e+00  ,2.223778692851e+00  ,2.195945846779e+00  ,2.168980447076e+00  ,2.142913932170e+00  ,2.117532053540e+00  ,2.092977451400e+00  ,2.069120376383e+00  ,2.045941388684e+00  ,2.023311306588e+00  ,2.001280393926e+00  ,1.979876952028e+00  ,1.959050907966e+00  ,1.938643646734e+00  ,1.918835636580e+00  ,1.899412113477e+00  
  3.894210396355e-07  ,2.417046720829e+00  ,2.381795666245e+00  ,2.347625083053e+00  ,2.314706952890e+00  ,2.282868499416e+00  ,2.252552713117e+00  ,2.223778692851e+00  ,2.195945846779e+00  ,2.168980447076e+00  ,2.142913932170e+00  ,2.117532053540e+00  ,2.092977451400e+00  ,2.069120376383e+00  ,2.045941388684e+00  ,2.023311306588e+00  ,2.001280393926e+00  ,1.979876952028e+00  ,1.959050907966e+00  ,1.938643646734e+00  ,1.918835636580e+00  ,1.899412113477e+00  
  3.904210938161e-07  ,2.417046720829e+00  ,2.381795666245e+00  ,2.347625083053e+00  ,2.314706952890e+00  ,2.282868499416e+00  ,2.252552713117e+00  ,2.223778692851e+00  ,2.195945846779e+00  ,2.168980447076e+00  ,2.142913932170e+00  ,2.117532053540e+00  ,2.092977451400e+00  ,2.069120376383e+00  ,2.045941388684e+00  ,2.023311306588e+00  ,2.001280393926e+00  ,1.979876952028e+00  ,1.959050907966e+00  ,1.938643646734e+00  ,1.918835636580e+00  ,1.899412113477e+00  
  3.914211479967e-07  ,2.417046720829e+00  ,2.381795666245e+00  ,2.347625083053e+00  ,2.314706952890e+00  ,2.282868499416e+00  ,2.252552713117e+00  ,2.223778692851e+00  ,2.195945846779e+00  ,2.168980447076e+00  ,2.142913932170e+00  ,2.117532053540e+00  ,2.092977451400e+00  ,2.069120376383e+00  ,2.045941388684e+00  ,2.023311306588e+00  ,2.001280393926e+00  ,1.979876952028e+00  ,1.959050907966e+00  ,1.938643646734e+00  ,1.918835636580e+00  ,1.899412113477e+00  
  3.924212021773e-07  ,2.417046720829e+00  ,2.381795666245e+00  ,2.347625083053e+00  ,2.314706952890e+00  ,2.282868499416e+00  ,2.252552713117e+00  ,2.223778692851e+00  ,2.195945846779e+00  ,2.168980447076e+00  ,2.142913932170e+00  ,2.117532053540e+00  ,2.092977451400e+00  ,2.069120376383e+00  ,2.045941388684e+00  ,2.023311306588e+00  ,2.001280393926e+00  ,1.979876952028e+00  ,1.959050907966e+00  ,1.938643646734e+00  ,1.918835636580e+00  ,1.899412113477e+00  
  3.934212563579e-07  ,2.417046720829e+00  ,2.381795666245e+00  ,2.347625083053e+00  ,2.314706952890e+00  ,2.282868499416e+00  ,2.252552713117e+00  ,2.223778692851e+00  ,2.195945846779e+00  ,2.168980447076e+00  ,2.142913932170e+00  ,2.117532053540e+00  ,2.092977451400e+00  ,2.069120376383e+00  ,2.045941388684e+00  ,2.023311306588e+00  ,2.001280393926e+00  ,1.979876952028e+00  ,1.959050907966e+00  ,1.938643646734e+00  ,1.918835636580e+00  ,1.899412113477e+00  
  3.944213105386e-07  ,2.417046720829e+00  ,2.381795666245e+00  ,2.347625083053e+00  ,2.314706952890e+00  ,2.282868499416e+00  ,2.252552713117e+00  ,2.223778692851e+00  ,2.195945846779e+00  ,2.168980447076e+00  ,2.142913932170e+00  ,2.117532053540e+00  ,2.092977451400e+00  ,2.069120376383e+00  ,2.045941388684e+00  ,2.023311306588e+00  ,2.001280393926e+00  ,1.979876952028e+00  ,1.959050907966e+00  ,1.938643646734e+00  ,1.918835636580e+00  ,1.899412113477e+00  
  3.954213647192e-07  ,2.417046720829e+00  ,2.381795666245e+00  ,2.347625083053e+00  ,2.314706952890e+00  ,2.282868499416e+00  ,2.252552713117e+00  ,2.223778692851e+00  ,2.195945846779e+00  ,2.168980447076e+00  ,2.142913932170e+00  ,2.117532053540e+00  ,2.092977451400e+00  ,2.069120376383e+00  ,2.045941388684e+00  ,2.023311306588e+00  ,2.001280393926e+00  ,1.979876952028e+00  ,1.959050907966e+00  ,1.938643646734e+00  ,1.918835636580e+00  ,1.899412113477e+00  
  3.964214188998e-07  ,2.417046720829e+00  ,2.381795666245e+00  ,2.347625083053e+00  ,2.314706952890e+00  ,2.282868499416e+00  ,2.252552713117e+00  ,2.223778692851e+00  ,2.195945846779e+00  ,2.168980447076e+00  ,2.142913932170e+00  ,2.117532053540e+00  ,2.092977451400e+00  ,2.069120376383e+00  ,2.045941388684e+00  ,2.023311306588e+00  ,2.001280393926e+00  ,1.979876952028e+00  ,1.959050907966e+00  ,1.938643646734e+00  ,1.918835636580e+00  ,1.899412113477e+00  
  3.974214730804e-07  ,2.417046720829e+00  ,2.381795666245e+00  ,2.347625083053e+00  ,2.314706952890e+00  ,2.282868499416e+00  ,2.252552713117e+00  ,2.223778692851e+00  ,2.195945846779e+00  ,2.168980447076e+00  ,2.142913932170e+00  ,2.117532053540e+00  ,2.092977451400e+00  ,2.069120376383e+00  ,2.045941388684e+00  ,2.023311306588e+00  ,2.001280393926e+00  ,1.979876952028e+00  ,1.959050907966e+00  ,1.938643646734e+00  ,1.918835636580e+00  ,1.899412113477e+00  
  3.984215272611e-07  ,2.417046720829e+00  ,2.381795666245e+00  ,2.347625083053e+00  ,2.314706952890e+00  ,2.282868499416e+00  ,2.252552713117e+00  ,2.223778692851e+00  ,2.195945846779e+00  ,2.168980447076e+00  ,2.142913932170e+00  ,2.117532053540e+00  ,2.092977451400e+00  ,2.069120376383e+00  ,2.045941388684e+00  ,2.023311306588e+00  ,2.001280393926e+00  ,1.979876952028e+00  ,1.959050907966e+00  ,1.938643646734e+00  ,1.918835636580e+00  ,1.899412113477e+00  
  3.994215814417e-07  ,2.417046720829e+00  ,2.381795666245e+00  ,2.347625083053e+00  ,2.314706952890e+00  ,2.282868499416e+00  ,2.252552713117e+00  ,2.223778692851e+00  ,2.195945846779e+00  ,2.168980447076e+00  ,2.142913932170e+00  ,2.117532053540e+00  ,2.092977451400e+00  ,2.069120376383e+00  ,2.045941388684e+00  ,2.023311306588e+00  ,2.001280393926e+00  ,1.979876952028e+00  ,1.959050907966e+00  ,1.938643646734e+00  ,1.918835636580e+00  ,1.899412113477e+00  
  4.004216356223e-07  ,2.417046720829e+00  ,2.381795666245e+00  ,2.347625083053e+00  ,2.314706952890e+00  ,2.282868499416e+00  ,2.252552713117e+00  ,2.223778692851e+00  ,2.195945846779e+00  ,2.168980447076e+00  ,2.142913932170e+00  ,2.117532053540e+00  ,2.092977451400e+00  ,2.069120376383e+00  ,2.045941388684e+00  ,2.023311306588e+00  ,2.001280393926e+00  ,1.979876952028e+00  ,1.959050907966e+00  ,1.938643646734e+00  ,1.918835636580e+00  ,1.899412113477e+00  
  4.014216898029e-07  ,2.417046720829e+00  ,2.381795666245e+00  ,2.347625083053e+00  ,2.314706952890e+00  ,2.282868499416e+00  ,2.252552713117e+00  ,2.223778692851e+00  ,2.195945846779e+00  ,2.168980447076e+00  ,2.142913932170e+00  ,2.117532053540e+00  ,2.092977451400e+00  ,2.069120376383e+00  ,2.045941388684e+00  ,2.023311306588e+00  ,2.001280393926e+00  ,1.979876952028e+00  ,1.959050907966e+00  ,1.938643646734e+00  ,1.918835636580e+00  ,1.899412113477e+00  
  4.024217439835e-07  ,2.417046720829e+00  ,2.381795666245e+00  ,2.347625083053e+00  ,2.314706952890e+00  ,2.282868499416e+00  ,2.252552713117e+00  ,2.223778692851e+00  ,2.195945846779e+00  ,2.168980447076e+00  ,2.142913932170e+00  ,2.117532053540e+00  ,2.092977451400e+00  ,2.069120376383e+00  ,2.045941388684e+00  ,2.023311306588e+00  ,2.001280393926e+00  ,1.979876952028e+00  ,1.959050907966e+00  ,1.938643646734e+00  ,1.918835636580e+00  ,1.899412113477e+00  
  4.034217981642e-07  ,2.417046720829e+00  ,2.381795666245e+00  ,2.347625083053e+00  ,2.314706952890e+00  ,2.282868499416e+00  ,2.252552713117e+00  ,2.223778692851e+00  ,2.195945846779e+00  ,2.168980447076e+00  ,2.142913932170e+00  ,2.117532053540e+00  ,2.092977451400e+00  ,2.069120376383e+00  ,2.045941388684e+00  ,2.023311306588e+00  ,2.001280393926e+00  ,1.979876952028e+00  ,1.959050907966e+00  ,1.938643646734e+00  ,1.918835636580e+00  ,1.899412113477e+00  
  4.044218523448e-07  ,2.417046720829e+00  ,2.381795666245e+00  ,2.347625083053e+00  ,2.314706952890e+00  ,2.282868499416e+00  ,2.252552713117e+00  ,2.223778692851e+00  ,2.195945846779e+00  ,2.168980447076e+00  ,2.142913932170e+00  ,2.117532053540e+00  ,2.092977451400e+00  ,2.069120376383e+00  ,2.045941388684e+00  ,2.023311306588e+00  ,2.001280393926e+00  ,1.979876952028e+00  ,1.959050907966e+00  ,1.938643646734e+00  ,1.918835636580e+00  ,1.899412113477e+00  
  4.054219065254e-07  ,2.417046720829e+00  ,2.381795666245e+00  ,2.347625083053e+00  ,2.314706952890e+00  ,2.282868499416e+00  ,2.252552713117e+00  ,2.223778692851e+00  ,2.195945846779e+00  ,2.168980447076e+00  ,2.142913932170e+00  ,2.117532053540e+00  ,2.092977451400e+00  ,2.069120376383e+00  ,2.045941388684e+00  ,2.023311306588e+00  ,2.001280393926e+00  ,1.979876952028e+00  ,1.959050907966e+00  ,1.938643646734e+00  ,1.918835636580e+00  ,1.899412113477e+00  
  4.064219607060e-07  ,2.417046720829e+00  ,2.381795666245e+00  ,2.347625083053e+00  ,2.314706952890e+00  ,2.282868499416e+00  ,2.252552713117e+00  ,2.223778692851e+00  ,2.195945846779e+00  ,2.168980447076e+00  ,2.142913932170e+00  ,2.117532053540e+00  ,2.092977451400e+00  ,2.069120376383e+00  ,2.045941388684e+00  ,2.023311306588e+00  ,2.001280393926e+00  ,1.979876952028e+00  ,1.959050907966e+00  ,1.938643646734e+00  ,1.918835636580e+00  ,1.899412113477e+00  
  4.074220148867e-07  ,2.417046720829e+00  ,2.381795666245e+00  ,2.347625083053e+00  ,2.314706952890e+00  ,2.282868499416e+00  ,2.252552713117e+00  ,2.223778692851e+00  ,2.195945846779e+00  ,2.168980447076e+00  ,2.142913932170e+00  ,2.117532053540e+00  ,2.092977451400e+00  ,2.069120376383e+00  ,2.045941388684e+00  ,2.023311306588e+00  ,2.001280393926e+00  ,1.979876952028e+00  ,1.959050907966e+00  ,1.938643646734e+00  ,1.918835636580e+00  ,1.899412113477e+00  
  4.084220690673e-07  ,2.417046720829e+00  ,2.381795666245e+00  ,2.347625083053e+00  ,2.314706952890e+00  ,2.282868499416e+00  ,2.252552713117e+00  ,2.223778692851e+00  ,2.195945846779e+00  ,2.168980447076e+00  ,2.142913932170e+00  ,2.117532053540e+00  ,2.092977451400e+00  ,2.069120376383e+00  ,2.045941388684e+00  ,2.023311306588e+00  ,2.001280393926e+00  ,1.979876952028e+00  ,1.959050907966e+00  ,1.938643646734e+00  ,1.918835636580e+00  ,1.899412113477e+00  
  4.094221232479e-07  ,2.417046720829e+00  ,2.381795666245e+00  ,2.347625083053e+00  ,2.314706952890e+00  ,2.282868499416e+00  ,2.252552713117e+00  ,2.223778692851e+00  ,2.195945846779e+00  ,2.168980447076e+00  ,2.142913932170e+00  ,2.117532053540e+00  ,2.092977451400e+00  ,2.069120376383e+00  ,2.045941388684e+00  ,2.023311306588e+00  ,2.001280393926e+00  ,1.979876952028e+00  ,1.959050907966e+00  ,1.938643646734e+00  ,1.918835636580e+00  ,1.899412113477e+00  
  4.104221774285e-07  ,2.417046720829e+00  ,2.381795666245e+00  ,2.347625083053e+00  ,2.314706952890e+00  ,2.282868499416e+00  ,2.252552713117e+00  ,2.223778692851e+00  ,2.195945846779e+00  ,2.168980447076e+00  ,2.142913932170e+00  ,2.117532053540e+00  ,2.092977451400e+00  ,2.069120376383e+00  ,2.045941388684e+00  ,2.023311306588e+00  ,2.001280393926e+00  ,1.979876952028e+00  ,1.959050907966e+00  ,1.938643646734e+00  ,1.918835636580e+00  ,1.899412113477e+00  
  4.114222316091e-07  ,2.417046720829e+00  ,2.381795666245e+00  ,2.347625083053e+00  ,2.314706952890e+00  ,2.282868499416e+00  ,2.252552713117e+00  ,2.223778692851e+00  ,2.195945846779e+00  ,2.168980447076e+00  ,2.142913932170e+00  ,2.117532053540e+00  ,2.092977451400e+00  ,2.069120376383e+00  ,2.045941388684e+00  ,2.023311306588e+00  ,2.001280393926e+00  ,1.979876952028e+00  ,1.959050907966e+00  ,1.938643646734e+00  ,1.918835636580e+00  ,1.899412113477e+00  
  4.124222857898e-07  ,2.417046720829e+00  ,2.381795666245e+00  ,2.347625083053e+00  ,2.314706952890e+00  ,2.282868499416e+00  ,2.252552713117e+00  ,2.223778692851e+00  ,2.195945846779e+00  ,2.168980447076e+00  ,2.142913932170e+00  ,2.117532053540e+00  ,2.092977451400e+00  ,2.069120376383e+00  ,2.045941388684e+00  ,2.023311306588e+00  ,2.001280393926e+00  ,1.979876952028e+00  ,1.959050907966e+00  ,1.938643646734e+00  ,1.918835636580e+00  ,1.899412113477e+00  
  4.134223399704e-07  ,2.417046720829e+00  ,2.381795666245e+00  ,2.347625083053e+00  ,2.314706952890e+00  ,2.282868499416e+00  ,2.252552713117e+00  ,2.223778692851e+00  ,2.195945846779e+00  ,2.168980447076e+00  ,2.142913932170e+00  ,2.117532053540e+00  ,2.092977451400e+00  ,2.069120376383e+00  ,2.045941388684e+00  ,2.023311306588e+00  ,2.001280393926e+00  ,1.979876952028e+00  ,1.959050907966e+00  ,1.938643646734e+00  ,1.918835636580e+00  ,1.899412113477e+00  
  4.144223941510e-07  ,2.417046720829e+00  ,2.381795666245e+00  ,2.347625083053e+00  ,2.314706952890e+00  ,2.282868499416e+00  ,2.252552713117e+00  ,2.223778692851e+00  ,2.195945846779e+00  ,2.168980447076e+00  ,2.142913932170e+00  ,2.117532053540e+00  ,2.092977451400e+00  ,2.069120376383e+00  ,2.045941388684e+00  ,2.023311306588e+00  ,2.001280393926e+00  ,1.979876952028e+00  ,1.959050907966e+00  ,1.938643646734e+00  ,1.918835636580e+00  ,1.899412113477e+00  
  4.154224483316e-07  ,2.417046720829e+00  ,2.381795666245e+00  ,2.347625083053e+00  ,2.314706952890e+00  ,2.282868499416e+00  ,2.252552713117e+00  ,2.223778692851e+00  ,2.195945846779e+00  ,2.168980447076e+00  ,2.142913932170e+00  ,2.117532053540e+00  ,2.092977451400e+00  ,2.069120376383e+00  ,2.045941388684e+00  ,2.023311306588e+00  ,2.001280393926e+00  ,1.979876952028e+00  ,1.959050907966e+00  ,1.938643646734e+00  ,1.918835636580e+00  ,1.899412113477e+00  
  4.164225025123e-07  ,2.417046720829e+00  ,2.381795666245e+00  ,2.347625083053e+00  ,2.314706952890e+00  ,2.282868499416e+00  ,2.252552713117e+00  ,2.223778692851e+00  ,2.195945846779e+00  ,2.168980447076e+00  ,2.142913932170e+00  ,2.117532053540e+00  ,2.092977451400e+00  ,2.069120376383e+00  ,2.045941388684e+00  ,2.023311306588e+00  ,2.001280393926e+00  ,1.979876952028e+00  ,1.959050907966e+00  ,1.938643646734e+00  ,1.918835636580e+00  ,1.899412113477e+00  
  4.174225566929e-07  ,2.417046720829e+00  ,2.381795666245e+00  ,2.347625083053e+00  ,2.314706952890e+00  ,2.282868499416e+00  ,2.252552713117e+00  ,2.223778692851e+00  ,2.195945846779e+00  ,2.168980447076e+00  ,2.142913932170e+00  ,2.117532053540e+00  ,2.092977451400e+00  ,2.069120376383e+00  ,2.045941388684e+00  ,2.023311306588e+00  ,2.001280393926e+00  ,1.979876952028e+00  ,1.959050907966e+00  ,1.938643646734e+00  ,1.918835636580e+00  ,1.899412113477e+00  
  4.184226108735e-07  ,2.417046720829e+00  ,2.381795666245e+00  ,2.347625083053e+00  ,2.314706952890e+00  ,2.282868499416e+00  ,2.252552713117e+00  ,2.223778692851e+00  ,2.195945846779e+00  ,2.168980447076e+00  ,2.142913932170e+00  ,2.117532053540e+00  ,2.092977451400e+00  ,2.069120376383e+00  ,2.045941388684e+00  ,2.023311306588e+00  ,2.001280393926e+00  ,1.979876952028e+00  ,1.959050907966e+00  ,1.938643646734e+00  ,1.918835636580e+00  ,1.899412113477e+00  
  4.194226650541e-07  ,2.417046720829e+00  ,2.381795666245e+00  ,2.347625083053e+00  ,2.314706952890e+00  ,2.282868499416e+00  ,2.252552713117e+00  ,2.223778692851e+00  ,2.195945846779e+00  ,2.168980447076e+00  ,2.142913932170e+00  ,2.117532053540e+00  ,2.092977451400e+00  ,2.069120376383e+00  ,2.045941388684e+00  ,2.023311306588e+00  ,2.001280393926e+00  ,1.979876952028e+00  ,1.959050907966e+00  ,1.938643646734e+00  ,1.918835636580e+00  ,1.899412113477e+00  
  4.204227192347e-07  ,2.417046720829e+00  ,2.381795666245e+00  ,2.347625083053e+00  ,2.314706952890e+00  ,2.282868499416e+00  ,2.252552713117e+00  ,2.223778692851e+00  ,2.195945846779e+00  ,2.168980447076e+00  ,2.142913932170e+00  ,2.117532053540e+00  ,2.092977451400e+00  ,2.069120376383e+00  ,2.045941388684e+00  ,2.023311306588e+00  ,2.001280393926e+00  ,1.979876952028e+00  ,1.959050907966e+00  ,1.938643646734e+00  ,1.918835636580e+00  ,1.899412113477e+00  
  4.214227734154e-07  ,2.417046720829e+00  ,2.381795666245e+00  ,2.347625083053e+00  ,2.314706952890e+00  ,2.282868499416e+00  ,2.252552713117e+00  ,2.223778692851e+00  ,2.195945846779e+00  ,2.168980447076e+00  ,2.142913932170e+00  ,2.117532053540e+00  ,2.092977451400e+00  ,2.069120376383e+00  ,2.045941388684e+00  ,2.023311306588e+00  ,2.001280393926e+00  ,1.979876952028e+00  ,1.959050907966e+00  ,1.938643646734e+00  ,1.918835636580e+00  ,1.899412113477e+00  
  4.224228275960e-07  ,2.417046720829e+00  ,2.381795666245e+00  ,2.347625083053e+00  ,2.314706952890e+00  ,2.282868499416e+00  ,2.252552713117e+00  ,2.223778692851e+00  ,2.195945846779e+00  ,2.168980447076e+00  ,2.142913932170e+00  ,2.117532053540e+00  ,2.092977451400e+00  ,2.069120376383e+00  ,2.045941388684e+00  ,2.023311306588e+00  ,2.001280393926e+00  ,1.979876952028e+00  ,1.959050907966e+00  ,1.938643646734e+00  ,1.918835636580e+00  ,1.899412113477e+00  
  4.234228817766e-07  ,2.417046720829e+00  ,2.381795666245e+00  ,2.347625083053e+00  ,2.314706952890e+00  ,2.282868499416e+00  ,2.252552713117e+00  ,2.223778692851e+00  ,2.195945846779e+00  ,2.168980447076e+00  ,2.142913932170e+00  ,2.117532053540e+00  ,2.092977451400e+00  ,2.069120376383e+00  ,2.045941388684e+00  ,2.023311306588e+00  ,2.001280393926e+00  ,1.979876952028e+00  ,1.959050907966e+00  ,1.938643646734e+00  ,1.918835636580e+00  ,1.899412113477e+00  
  4.244229359572e-07  ,2.417046720829e+00  ,2.381795666245e+00  ,2.347625083053e+00  ,2.314706952890e+00  ,2.282868499416e+00  ,2.252552713117e+00  ,2.223778692851e+00  ,2.195945846779e+00  ,2.168980447076e+00  ,2.142913932170e+00  ,2.117532053540e+00  ,2.092977451400e+00  ,2.069120376383e+00  ,2.045941388684e+00  ,2.023311306588e+00  ,2.001280393926e+00  ,1.979876952028e+00  ,1.959050907966e+00  ,1.938643646734e+00  ,1.918835636580e+00  ,1.899412113477e+00  
  4.254229901379e-07  ,2.417046720829e+00  ,2.381795666245e+00  ,2.347625083053e+00  ,2.314706952890e+00  ,2.282868499416e+00  ,2.252552713117e+00  ,2.223778692851e+00  ,2.195945846779e+00  ,2.168980447076e+00  ,2.142913932170e+00  ,2.117532053540e+00  ,2.092977451400e+00  ,2.069120376383e+00  ,2.045941388684e+00  ,2.023311306588e+00  ,2.001280393926e+00  ,1.979876952028e+00  ,1.959050907966e+00  ,1.938643646734e+00  ,1.918835636580e+00  ,1.899412113477e+00  
  4.264230443185e-07  ,2.417046720829e+00  ,2.381795666245e+00  ,2.347625083053e+00  ,2.314706952890e+00  ,2.282868499416e+00  ,2.252552713117e+00  ,2.223778692851e+00  ,2.195945846779e+00  ,2.168980447076e+00  ,2.142913932170e+00  ,2.117532053540e+00  ,2.092977451400e+00  ,2.069120376383e+00  ,2.045941388684e+00  ,2.023311306588e+00  ,2.001280393926e+00  ,1.979876952028e+00  ,1.959050907966e+00  ,1.938643646734e+00  ,1.918835636580e+00  ,1.899412113477e+00  
  4.274230984991e-07  ,2.417046720829e+00  ,2.381795666245e+00  ,2.347625083053e+00  ,2.314706952890e+00  ,2.282868499416e+00  ,2.252552713117e+00  ,2.223778692851e+00  ,2.195945846779e+00  ,2.168980447076e+00  ,2.142913932170e+00  ,2.117532053540e+00  ,2.092977451400e+00  ,2.069120376383e+00  ,2.045941388684e+00  ,2.023311306588e+00  ,2.001280393926e+00  ,1.979876952028e+00  ,1.959050907966e+00  ,1.938643646734e+00  ,1.918835636580e+00  ,1.899412113477e+00  
  4.284231526797e-07  ,2.417046720829e+00  ,2.381795666245e+00  ,2.347625083053e+00  ,2.314706952890e+00  ,2.282868499416e+00  ,2.252552713117e+00  ,2.223778692851e+00  ,2.195945846779e+00  ,2.168980447076e+00  ,2.142913932170e+00  ,2.117532053540e+00  ,2.092977451400e+00  ,2.069120376383e+00  ,2.045941388684e+00  ,2.023311306588e+00  ,2.001280393926e+00  ,1.979876952028e+00  ,1.959050907966e+00  ,1.938643646734e+00  ,1.918835636580e+00  ,1.899412113477e+00  
  4.294232068603e-07  ,2.417046720829e+00  ,2.381795666245e+00  ,2.347625083053e+00  ,2.314706952890e+00  ,2.282868499416e+00  ,2.252552713117e+00  ,2.223778692851e+00  ,2.195945846779e+00  ,2.168980447076e+00  ,2.142913932170e+00  ,2.117532053540e+00  ,2.092977451400e+00  ,2.069120376383e+00  ,2.045941388684e+00  ,2.023311306588e+00  ,2.001280393926e+00  ,1.979876952028e+00  ,1.959050907966e+00  ,1.938643646734e+00  ,1.918835636580e+00  ,1.899412113477e+00  
  4.304232610410e-07  ,2.417046720829e+00  ,2.381795666245e+00  ,2.347625083053e+00  ,2.314706952890e+00  ,2.282868499416e+00  ,2.252552713117e+00  ,2.223778692851e+00  ,2.195945846779e+00  ,2.168980447076e+00  ,2.142913932170e+00  ,2.117532053540e+00  ,2.092977451400e+00  ,2.069120376383e+00  ,2.045941388684e+00  ,2.023311306588e+00  ,2.001280393926e+00  ,1.979876952028e+00  ,1.959050907966e+00  ,1.938643646734e+00  ,1.918835636580e+00  ,1.899412113477e+00  
  4.314233152216e-07  ,2.417046720829e+00  ,2.381795666245e+00  ,2.347625083053e+00  ,2.314706952890e+00  ,2.282868499416e+00  ,2.252552713117e+00  ,2.223778692851e+00  ,2.195945846779e+00  ,2.168980447076e+00  ,2.142913932170e+00  ,2.117532053540e+00  ,2.092977451400e+00  ,2.069120376383e+00  ,2.045941388684e+00  ,2.023311306588e+00  ,2.001280393926e+00  ,1.979876952028e+00  ,1.959050907966e+00  ,1.938643646734e+00  ,1.918835636580e+00  ,1.899412113477e+00  
  4.324233694022e-07  ,2.417046720829e+00  ,2.381795666245e+00  ,2.347625083053e+00  ,2.314706952890e+00  ,2.282868499416e+00  ,2.252552713117e+00  ,2.223778692851e+00  ,2.195945846779e+00  ,2.168980447076e+00  ,2.142913932170e+00  ,2.117532053540e+00  ,2.092977451400e+00  ,2.069120376383e+00  ,2.045941388684e+00  ,2.023311306588e+00  ,2.001280393926e+00  ,1.979876952028e+00  ,1.959050907966e+00  ,1.938643646734e+00  ,1.918835636580e+00  ,1.899412113477e+00  
  4.334234235828e-07  ,2.417046720829e+00  ,2.381795666245e+00  ,2.347625083053e+00  ,2.314706952890e+00  ,2.282868499416e+00  ,2.252552713117e+00  ,2.223778692851e+00  ,2.195945846779e+00  ,2.168980447076e+00  ,2.142913932170e+00  ,2.117532053540e+00  ,2.092977451400e+00  ,2.069120376383e+00  ,2.045941388684e+00  ,2.023311306588e+00  ,2.001280393926e+00  ,1.979876952028e+00  ,1.959050907966e+00  ,1.938643646734e+00  ,1.918835636580e+00  ,1.899412113477e+00  
  4.344234777634e-07  ,2.417046720829e+00  ,2.381795666245e+00  ,2.347625083053e+00  ,2.314706952890e+00  ,2.282868499416e+00  ,2.252552713117e+00  ,2.223778692851e+00  ,2.195945846779e+00  ,2.168980447076e+00  ,2.142913932170e+00  ,2.117532053540e+00  ,2.092977451400e+00  ,2.069120376383e+00  ,2.045941388684e+00  ,2.023311306588e+00  ,2.001280393926e+00  ,1.979876952028e+00  ,1.959050907966e+00  ,1.938643646734e+00  ,1.918835636580e+00  ,1.899412113477e+00  
  4.354235319441e-07  ,2.417046720829e+00  ,2.381795666245e+00  ,2.347625083053e+00  ,2.314706952890e+00  ,2.282868499416e+00  ,2.252552713117e+00  ,2.223778692851e+00  ,2.195945846779e+00  ,2.168980447076e+00  ,2.142913932170e+00  ,2.117532053540e+00  ,2.092977451400e+00  ,2.069120376383e+00  ,2.045941388684e+00  ,2.023311306588e+00  ,2.001280393926e+00  ,1.979876952028e+00  ,1.959050907966e+00  ,1.938643646734e+00  ,1.918835636580e+00  ,1.899412113477e+00  
  4.364235861247e-07  ,2.417046720829e+00  ,2.381795666245e+00  ,2.347625083053e+00  ,2.314706952890e+00  ,2.282868499416e+00  ,2.252552713117e+00  ,2.223778692851e+00  ,2.195945846779e+00  ,2.168980447076e+00  ,2.142913932170e+00  ,2.117532053540e+00  ,2.092977451400e+00  ,2.069120376383e+00  ,2.045941388684e+00  ,2.023311306588e+00  ,2.001280393926e+00  ,1.979876952028e+00  ,1.959050907966e+00  ,1.938643646734e+00  ,1.918835636580e+00  ,1.899412113477e+00  
  4.374236403053e-07  ,2.417046720829e+00  ,2.381795666245e+00  ,2.347625083053e+00  ,2.314706952890e+00  ,2.282868499416e+00  ,2.252552713117e+00  ,2.223778692851e+00  ,2.195945846779e+00  ,2.168980447076e+00  ,2.142913932170e+00  ,2.117532053540e+00  ,2.092977451400e+00  ,2.069120376383e+00  ,2.045941388684e+00  ,2.023311306588e+00  ,2.001280393926e+00  ,1.979876952028e+00  ,1.959050907966e+00  ,1.938643646734e+00  ,1.918835636580e+00  ,1.899412113477e+00  
  4.384236944859e-07  ,2.417046720829e+00  ,2.381795666245e+00  ,2.347625083053e+00  ,2.314706952890e+00  ,2.282868499416e+00  ,2.252552713117e+00  ,2.223778692851e+00  ,2.195945846779e+00  ,2.168980447076e+00  ,2.142913932170e+00  ,2.117532053540e+00  ,2.092977451400e+00  ,2.069120376383e+00  ,2.045941388684e+00  ,2.023311306588e+00  ,2.001280393926e+00  ,1.979876952028e+00  ,1.959050907966e+00  ,1.938643646734e+00  ,1.918835636580e+00  ,1.899412113477e+00  
  4.394237486666e-07  ,2.417046720829e+00  ,2.381795666245e+00  ,2.347625083053e+00  ,2.314706952890e+00  ,2.282868499416e+00  ,2.252552713117e+00  ,2.223778692851e+00  ,2.195945846779e+00  ,2.168980447076e+00  ,2.142913932170e+00  ,2.117532053540e+00  ,2.092977451400e+00  ,2.069120376383e+00  ,2.045941388684e+00  ,2.023311306588e+00  ,2.001280393926e+00  ,1.979876952028e+00  ,1.959050907966e+00  ,1.938643646734e+00  ,1.918835636580e+00  ,1.899412113477e+00  
  4.404238028472e-07  ,2.417046720829e+00  ,2.381795666245e+00  ,2.347625083053e+00  ,2.314706952890e+00  ,2.282868499416e+00  ,2.252552713117e+00  ,2.223778692851e+00  ,2.195945846779e+00  ,2.168980447076e+00  ,2.142913932170e+00  ,2.117532053540e+00  ,2.092977451400e+00  ,2.069120376383e+00  ,2.045941388684e+00  ,2.023311306588e+00  ,2.001280393926e+00  ,1.979876952028e+00  ,1.959050907966e+00  ,1.938643646734e+00  ,1.918835636580e+00  ,1.899412113477e+00  
  4.414238570278e-07  ,2.417046720829e+00  ,2.381795666245e+00  ,2.347625083053e+00  ,2.314706952890e+00  ,2.282868499416e+00  ,2.252552713117e+00  ,2.223778692851e+00  ,2.195945846779e+00  ,2.168980447076e+00  ,2.142913932170e+00  ,2.117532053540e+00  ,2.092977451400e+00  ,2.069120376383e+00  ,2.045941388684e+00  ,2.023311306588e+00  ,2.001280393926e+00  ,1.979876952028e+00  ,1.959050907966e+00  ,1.938643646734e+00  ,1.918835636580e+00  ,1.899412113477e+00  
  4.424239112084e-07  ,2.417046720829e+00  ,2.381795666245e+00  ,2.347625083053e+00  ,2.314706952890e+00  ,2.282868499416e+00  ,2.252552713117e+00  ,2.223778692851e+00  ,2.195945846779e+00  ,2.168980447076e+00  ,2.142913932170e+00  ,2.117532053540e+00  ,2.092977451400e+00  ,2.069120376383e+00  ,2.045941388684e+00  ,2.023311306588e+00  ,2.001280393926e+00  ,1.979876952028e+00  ,1.959050907966e+00  ,1.938643646734e+00  ,1.918835636580e+00  ,1.899412113477e+00  
  4.434239653890e-07  ,2.417046720829e+00  ,2.381795666245e+00  ,2.347625083053e+00  ,2.314706952890e+00  ,2.282868499416e+00  ,2.252552713117e+00  ,2.223778692851e+00  ,2.195945846779e+00  ,2.168980447076e+00  ,2.142913932170e+00  ,2.117532053540e+00  ,2.092977451400e+00  ,2.069120376383e+00  ,2.045941388684e+00  ,2.023311306588e+00  ,2.001280393926e+00  ,1.979876952028e+00  ,1.959050907966e+00  ,1.938643646734e+00  ,1.918835636580e+00  ,1.899412113477e+00  
  4.444240195697e-07  ,2.417046720829e+00  ,2.381795666245e+00  ,2.347625083053e+00  ,2.314706952890e+00  ,2.282868499416e+00  ,2.252552713117e+00  ,2.223778692851e+00  ,2.195945846779e+00  ,2.168980447076e+00  ,2.142913932170e+00  ,2.117532053540e+00  ,2.092977451400e+00  ,2.069120376383e+00  ,2.045941388684e+00  ,2.023311306588e+00  ,2.001280393926e+00  ,1.979876952028e+00  ,1.959050907966e+00  ,1.938643646734e+00  ,1.918835636580e+00  ,1.899412113477e+00  
  4.454240737503e-07  ,2.417046720829e+00  ,2.381795666245e+00  ,2.347625083053e+00  ,2.314706952890e+00  ,2.282868499416e+00  ,2.252552713117e+00  ,2.223778692851e+00  ,2.195945846779e+00  ,2.168980447076e+00  ,2.142913932170e+00  ,2.117532053540e+00  ,2.092977451400e+00  ,2.069120376383e+00  ,2.045941388684e+00  ,2.023311306588e+00  ,2.001280393926e+00  ,1.979876952028e+00  ,1.959050907966e+00  ,1.938643646734e+00  ,1.918835636580e+00  ,1.899412113477e+00  
  4.464241279309e-07  ,2.417046720829e+00  ,2.381795666245e+00  ,2.347625083053e+00  ,2.314706952890e+00  ,2.282868499416e+00  ,2.252552713117e+00  ,2.223778692851e+00  ,2.195945846779e+00  ,2.168980447076e+00  ,2.142913932170e+00  ,2.117532053540e+00  ,2.092977451400e+00  ,2.069120376383e+00  ,2.045941388684e+00  ,2.023311306588e+00  ,2.001280393926e+00  ,1.979876952028e+00  ,1.959050907966e+00  ,1.938643646734e+00  ,1.918835636580e+00  ,1.899412113477e+00  
  4.474241821115e-07  ,2.417046720829e+00  ,2.381795666245e+00  ,2.347625083053e+00  ,2.314706952890e+00  ,2.282868499416e+00  ,2.252552713117e+00  ,2.223778692851e+00  ,2.195945846779e+00  ,2.168980447076e+00  ,2.142913932170e+00  ,2.117532053540e+00  ,2.092977451400e+00  ,2.069120376383e+00  ,2.045941388684e+00  ,2.023311306588e+00  ,2.001280393926e+00  ,1.979876952028e+00  ,1.959050907966e+00  ,1.938643646734e+00  ,1.918835636580e+00  ,1.899412113477e+00  
  4.484242362922e-07  ,2.417046720829e+00  ,2.381795666245e+00  ,2.347625083053e+00  ,2.314706952890e+00  ,2.282868499416e+00  ,2.252552713117e+00  ,2.223778692851e+00  ,2.195945846779e+00  ,2.168980447076e+00  ,2.142913932170e+00  ,2.117532053540e+00  ,2.092977451400e+00  ,2.069120376383e+00  ,2.045941388684e+00  ,2.023311306588e+00  ,2.001280393926e+00  ,1.979876952028e+00  ,1.959050907966e+00  ,1.938643646734e+00  ,1.918835636580e+00  ,1.899412113477e+00  
  4.494242904728e-07  ,2.417046720829e+00  ,2.381795666245e+00  ,2.347625083053e+00  ,2.314706952890e+00  ,2.282868499416e+00  ,2.252552713117e+00  ,2.223778692851e+00  ,2.195945846779e+00  ,2.168980447076e+00  ,2.142913932170e+00  ,2.117532053540e+00  ,2.092977451400e+00  ,2.069120376383e+00  ,2.045941388684e+00  ,2.023311306588e+00  ,2.001280393926e+00  ,1.979876952028e+00  ,1.959050907966e+00  ,1.938643646734e+00  ,1.918835636580e+00  ,1.899412113477e+00  
  4.504243446534e-07  ,2.417046720829e+00  ,2.381795666245e+00  ,2.347625083053e+00  ,2.314706952890e+00  ,2.282868499416e+00  ,2.252552713117e+00  ,2.223778692851e+00  ,2.195945846779e+00  ,2.168980447076e+00  ,2.142913932170e+00  ,2.117532053540e+00  ,2.092977451400e+00  ,2.069120376383e+00  ,2.045941388684e+00  ,2.023311306588e+00  ,2.001280393926e+00  ,1.979876952028e+00  ,1.959050907966e+00  ,1.938643646734e+00  ,1.918835636580e+00  ,1.899412113477e+00  
  4.514243988340e-07  ,2.417046720829e+00  ,2.381795666245e+00  ,2.347625083053e+00  ,2.314706952890e+00  ,2.282868499416e+00  ,2.252552713117e+00  ,2.223778692851e+00  ,2.195945846779e+00  ,2.168980447076e+00  ,2.142913932170e+00  ,2.117532053540e+00  ,2.092977451400e+00  ,2.069120376383e+00  ,2.045941388684e+00  ,2.023311306588e+00  ,2.001280393926e+00  ,1.979876952028e+00  ,1.959050907966e+00  ,1.938643646734e+00  ,1.918835636580e+00  ,1.899412113477e+00  
  4.524244530146e-07  ,2.417046720829e+00  ,2.381795666245e+00  ,2.347625083053e+00  ,2.314706952890e+00  ,2.282868499416e+00  ,2.252552713117e+00  ,2.223778692851e+00  ,2.195945846779e+00  ,2.168980447076e+00  ,2.142913932170e+00  ,2.117532053540e+00  ,2.092977451400e+00  ,2.069120376383e+00  ,2.045941388684e+00  ,2.023311306588e+00  ,2.001280393926e+00  ,1.979876952028e+00  ,1.959050907966e+00  ,1.938643646734e+00  ,1.918835636580e+00  ,1.899412113477e+00  
  4.534245071953e-07  ,2.417046720829e+00  ,2.381795666245e+00  ,2.347625083053e+00  ,2.314706952890e+00  ,2.282868499416e+00  ,2.252552713117e+00  ,2.223778692851e+00  ,2.195945846779e+00  ,2.168980447076e+00  ,2.142913932170e+00  ,2.117532053540e+00  ,2.092977451400e+00  ,2.069120376383e+00  ,2.045941388684e+00  ,2.023311306588e+00  ,2.001280393926e+00  ,1.979876952028e+00  ,1.959050907966e+00  ,1.938643646734e+00  ,1.918835636580e+00  ,1.899412113477e+00  
  4.544245613759e-07  ,2.417046720829e+00  ,2.381795666245e+00  ,2.347625083053e+00  ,2.314706952890e+00  ,2.282868499416e+00  ,2.252552713117e+00  ,2.223778692851e+00  ,2.195945846779e+00  ,2.168980447076e+00  ,2.142913932170e+00  ,2.117532053540e+00  ,2.092977451400e+00  ,2.069120376383e+00  ,2.045941388684e+00  ,2.023311306588e+00  ,2.001280393926e+00  ,1.979876952028e+00  ,1.959050907966e+00  ,1.938643646734e+00  ,1.918835636580e+00  ,1.899412113477e+00  
  4.554246155565e-07  ,2.417046720829e+00  ,2.381795666245e+00  ,2.347625083053e+00  ,2.314706952890e+00  ,2.282868499416e+00  ,2.252552713117e+00  ,2.223778692851e+00  ,2.195945846779e+00  ,2.168980447076e+00  ,2.142913932170e+00  ,2.117532053540e+00  ,2.092977451400e+00  ,2.069120376383e+00  ,2.045941388684e+00  ,2.023311306588e+00  ,2.001280393926e+00  ,1.979876952028e+00  ,1.959050907966e+00  ,1.938643646734e+00  ,1.918835636580e+00  ,1.899412113477e+00  
  4.564246697371e-07  ,2.417046720829e+00  ,2.381795666245e+00  ,2.347625083053e+00  ,2.314706952890e+00  ,2.282868499416e+00  ,2.252552713117e+00  ,2.223778692851e+00  ,2.195945846779e+00  ,2.168980447076e+00  ,2.142913932170e+00  ,2.117532053540e+00  ,2.092977451400e+00  ,2.069120376383e+00  ,2.045941388684e+00  ,2.023311306588e+00  ,2.001280393926e+00  ,1.979876952028e+00  ,1.959050907966e+00  ,1.938643646734e+00  ,1.918835636580e+00  ,1.899412113477e+00  
  4.574247239178e-07  ,2.417046720829e+00  ,2.381795666245e+00  ,2.347625083053e+00  ,2.314706952890e+00  ,2.282868499416e+00  ,2.252552713117e+00  ,2.223778692851e+00  ,2.195945846779e+00  ,2.168980447076e+00  ,2.142913932170e+00  ,2.117532053540e+00  ,2.092977451400e+00  ,2.069120376383e+00  ,2.045941388684e+00  ,2.023311306588e+00  ,2.001280393926e+00  ,1.979876952028e+00  ,1.959050907966e+00  ,1.938643646734e+00  ,1.918835636580e+00  ,1.899412113477e+00  
  4.584247780984e-07  ,2.417046720829e+00  ,2.381795666245e+00  ,2.347625083053e+00  ,2.314706952890e+00  ,2.282868499416e+00  ,2.252552713117e+00  ,2.223778692851e+00  ,2.195945846779e+00  ,2.168980447076e+00  ,2.142913932170e+00  ,2.117532053540e+00  ,2.092977451400e+00  ,2.069120376383e+00  ,2.045941388684e+00  ,2.023311306588e+00  ,2.001280393926e+00  ,1.979876952028e+00  ,1.959050907966e+00  ,1.938643646734e+00  ,1.918835636580e+00  ,1.899412113477e+00  
  4.594248322790e-07  ,2.417046720829e+00  ,2.381795666245e+00  ,2.347625083053e+00  ,2.314706952890e+00  ,2.282868499416e+00  ,2.252552713117e+00  ,2.223778692851e+00  ,2.195945846779e+00  ,2.168980447076e+00  ,2.142913932170e+00  ,2.117532053540e+00  ,2.092977451400e+00  ,2.069120376383e+00  ,2.045941388684e+00  ,2.023311306588e+00  ,2.001280393926e+00  ,1.979876952028e+00  ,1.959050907966e+00  ,1.938643646734e+00  ,1.918835636580e+00  ,1.899412113477e+00  
  4.604248864596e-07  ,2.417046720829e+00  ,2.381795666245e+00  ,2.347625083053e+00  ,2.314706952890e+00  ,2.282868499416e+00  ,2.252552713117e+00  ,2.223778692851e+00  ,2.195945846779e+00  ,2.168980447076e+00  ,2.142913932170e+00  ,2.117532053540e+00  ,2.092977451400e+00  ,2.069120376383e+00  ,2.045941388684e+00  ,2.023311306588e+00  ,2.001280393926e+00  ,1.979876952028e+00  ,1.959050907966e+00  ,1.938643646734e+00  ,1.918835636580e+00  ,1.899412113477e+00  
  4.614249406402e-07  ,2.417046720829e+00  ,2.381795666245e+00  ,2.347625083053e+00  ,2.314706952890e+00  ,2.282868499416e+00  ,2.252552713117e+00  ,2.223778692851e+00  ,2.195945846779e+00  ,2.168980447076e+00  ,2.142913932170e+00  ,2.117532053540e+00  ,2.092977451400e+00  ,2.069120376383e+00  ,2.045941388684e+00  ,2.023311306588e+00  ,2.001280393926e+00  ,1.979876952028e+00  ,1.959050907966e+00  ,1.938643646734e+00  ,1.918835636580e+00  ,1.899412113477e+00  
  4.624249948209e-07  ,2.417046720829e+00  ,2.381795666245e+00  ,2.347625083053e+00  ,2.314706952890e+00  ,2.282868499416e+00  ,2.252552713117e+00  ,2.223778692851e+00  ,2.195945846779e+00  ,2.168980447076e+00  ,2.142913932170e+00  ,2.117532053540e+00  ,2.092977451400e+00  ,2.069120376383e+00  ,2.045941388684e+00  ,2.023311306588e+00  ,2.001280393926e+00  ,1.979876952028e+00  ,1.959050907966e+00  ,1.938643646734e+00  ,1.918835636580e+00  ,1.899412113477e+00  
  4.634250490015e-07  ,2.417046720829e+00  ,2.381795666245e+00  ,2.347625083053e+00  ,2.314706952890e+00  ,2.282868499416e+00  ,2.252552713117e+00  ,2.223778692851e+00  ,2.195945846779e+00  ,2.168980447076e+00  ,2.142913932170e+00  ,2.117532053540e+00  ,2.092977451400e+00  ,2.069120376383e+00  ,2.045941388684e+00  ,2.023311306588e+00  ,2.001280393926e+00  ,1.979876952028e+00  ,1.959050907966e+00  ,1.938643646734e+00  ,1.918835636580e+00  ,1.899412113477e+00  
  4.644251031821e-07  ,2.417046720829e+00  ,2.381795666245e+00  ,2.347625083053e+00  ,2.314706952890e+00  ,2.282868499416e+00  ,2.252552713117e+00  ,2.223778692851e+00  ,2.195945846779e+00  ,2.168980447076e+00  ,2.142913932170e+00  ,2.117532053540e+00  ,2.092977451400e+00  ,2.069120376383e+00  ,2.045941388684e+00  ,2.023311306588e+00  ,2.001280393926e+00  ,1.979876952028e+00  ,1.959050907966e+00  ,1.938643646734e+00  ,1.918835636580e+00  ,1.899412113477e+00  
  4.654251573627e-07  ,2.417046720829e+00  ,2.381795666245e+00  ,2.347625083053e+00  ,2.314706952890e+00  ,2.282868499416e+00  ,2.252552713117e+00  ,2.223778692851e+00  ,2.195945846779e+00  ,2.168980447076e+00  ,2.142913932170e+00  ,2.117532053540e+00  ,2.092977451400e+00  ,2.069120376383e+00  ,2.045941388684e+00  ,2.023311306588e+00  ,2.001280393926e+00  ,1.979876952028e+00  ,1.959050907966e+00  ,1.938643646734e+00  ,1.918835636580e+00  ,1.899412113477e+00  
  4.664252115434e-07  ,2.417046720829e+00  ,2.381795666245e+00  ,2.347625083053e+00  ,2.314706952890e+00  ,2.282868499416e+00  ,2.252552713117e+00  ,2.223778692851e+00  ,2.195945846779e+00  ,2.168980447076e+00  ,2.142913932170e+00  ,2.117532053540e+00  ,2.092977451400e+00  ,2.069120376383e+00  ,2.045941388684e+00  ,2.023311306588e+00  ,2.001280393926e+00  ,1.979876952028e+00  ,1.959050907966e+00  ,1.938643646734e+00  ,1.918835636580e+00  ,1.899412113477e+00  
  4.674252657240e-07  ,2.417046720829e+00  ,2.381795666245e+00  ,2.347625083053e+00  ,2.314706952890e+00  ,2.282868499416e+00  ,2.252552713117e+00  ,2.223778692851e+00  ,2.195945846779e+00  ,2.168980447076e+00  ,2.142913932170e+00  ,2.117532053540e+00  ,2.092977451400e+00  ,2.069120376383e+00  ,2.045941388684e+00  ,2.023311306588e+00  ,2.001280393926e+00  ,1.979876952028e+00  ,1.959050907966e+00  ,1.938643646734e+00  ,1.918835636580e+00  ,1.899412113477e+00  
  4.684253199046e-07  ,2.417046720829e+00  ,2.381795666245e+00  ,2.347625083053e+00  ,2.314706952890e+00  ,2.282868499416e+00  ,2.252552713117e+00  ,2.223778692851e+00  ,2.195945846779e+00  ,2.168980447076e+00  ,2.142913932170e+00  ,2.117532053540e+00  ,2.092977451400e+00  ,2.069120376383e+00  ,2.045941388684e+00  ,2.023311306588e+00  ,2.001280393926e+00  ,1.979876952028e+00  ,1.959050907966e+00  ,1.938643646734e+00  ,1.918835636580e+00  ,1.899412113477e+00  
  4.694253740852e-07  ,2.417046720829e+00  ,2.381795666245e+00  ,2.347625083053e+00  ,2.314706952890e+00  ,2.282868499416e+00  ,2.252552713117e+00  ,2.223778692851e+00  ,2.195945846779e+00  ,2.168980447076e+00  ,2.142913932170e+00  ,2.117532053540e+00  ,2.092977451400e+00  ,2.069120376383e+00  ,2.045941388684e+00  ,2.023311306588e+00  ,2.001280393926e+00  ,1.979876952028e+00  ,1.959050907966e+00  ,1.938643646734e+00  ,1.918835636580e+00  ,1.899412113477e+00  
  4.704254282658e-07  ,2.417046720829e+00  ,2.381795666245e+00  ,2.347625083053e+00  ,2.314706952890e+00  ,2.282868499416e+00  ,2.252552713117e+00  ,2.223778692851e+00  ,2.195945846779e+00  ,2.168980447076e+00  ,2.142913932170e+00  ,2.117532053540e+00  ,2.092977451400e+00  ,2.069120376383e+00  ,2.045941388684e+00  ,2.023311306588e+00  ,2.001280393926e+00  ,1.979876952028e+00  ,1.959050907966e+00  ,1.938643646734e+00  ,1.918835636580e+00  ,1.899412113477e+00  
  4.714254824465e-07  ,2.417046720829e+00  ,2.381795666245e+00  ,2.347625083053e+00  ,2.314706952890e+00  ,2.282868499416e+00  ,2.252552713117e+00  ,2.223778692851e+00  ,2.195945846779e+00  ,2.168980447076e+00  ,2.142913932170e+00  ,2.117532053540e+00  ,2.092977451400e+00  ,2.069120376383e+00  ,2.045941388684e+00  ,2.023311306588e+00  ,2.001280393926e+00  ,1.979876952028e+00  ,1.959050907966e+00  ,1.938643646734e+00  ,1.918835636580e+00  ,1.899412113477e+00  
  4.724255366271e-07  ,2.417046720829e+00  ,2.381795666245e+00  ,2.347625083053e+00  ,2.314706952890e+00  ,2.282868499416e+00  ,2.252552713117e+00  ,2.223778692851e+00  ,2.195945846779e+00  ,2.168980447076e+00  ,2.142913932170e+00  ,2.117532053540e+00  ,2.092977451400e+00  ,2.069120376383e+00  ,2.045941388684e+00  ,2.023311306588e+00  ,2.001280393926e+00  ,1.979876952028e+00  ,1.959050907966e+00  ,1.938643646734e+00  ,1.918835636580e+00  ,1.899412113477e+00  
  4.734255908077e-07  ,2.417046720829e+00  ,2.381795666245e+00  ,2.347625083053e+00  ,2.314706952890e+00  ,2.282868499416e+00  ,2.252552713117e+00  ,2.223778692851e+00  ,2.195945846779e+00  ,2.168980447076e+00  ,2.142913932170e+00  ,2.117532053540e+00  ,2.092977451400e+00  ,2.069120376383e+00  ,2.045941388684e+00  ,2.023311306588e+00  ,2.001280393926e+00  ,1.979876952028e+00  ,1.959050907966e+00  ,1.938643646734e+00  ,1.918835636580e+00  ,1.899412113477e+00  
  4.744256449883e-07  ,2.417046720829e+00  ,2.381795666245e+00  ,2.347625083053e+00  ,2.314706952890e+00  ,2.282868499416e+00  ,2.252552713117e+00  ,2.223778692851e+00  ,2.195945846779e+00  ,2.168980447076e+00  ,2.142913932170e+00  ,2.117532053540e+00  ,2.092977451400e+00  ,2.069120376383e+00  ,2.045941388684e+00  ,2.023311306588e+00  ,2.001280393926e+00  ,1.979876952028e+00  ,1.959050907966e+00  ,1.938643646734e+00  ,1.918835636580e+00  ,1.899412113477e+00  
  4.754256991690e-07  ,2.417046720829e+00  ,2.381795666245e+00  ,2.347625083053e+00  ,2.314706952890e+00  ,2.282868499416e+00  ,2.252552713117e+00  ,2.223778692851e+00  ,2.195945846779e+00  ,2.168980447076e+00  ,2.142913932170e+00  ,2.117532053540e+00  ,2.092977451400e+00  ,2.069120376383e+00  ,2.045941388684e+00  ,2.023311306588e+00  ,2.001280393926e+00  ,1.979876952028e+00  ,1.959050907966e+00  ,1.938643646734e+00  ,1.918835636580e+00  ,1.899412113477e+00  
  4.764257533496e-07  ,2.417046720829e+00  ,2.381795666245e+00  ,2.347625083053e+00  ,2.314706952890e+00  ,2.282868499416e+00  ,2.252552713117e+00  ,2.223778692851e+00  ,2.195945846779e+00  ,2.168980447076e+00  ,2.142913932170e+00  ,2.117532053540e+00  ,2.092977451400e+00  ,2.069120376383e+00  ,2.045941388684e+00  ,2.023311306588e+00  ,2.001280393926e+00  ,1.979876952028e+00  ,1.959050907966e+00  ,1.938643646734e+00  ,1.918835636580e+00  ,1.899412113477e+00  
  4.774258075302e-07  ,2.417046720829e+00  ,2.381795666245e+00  ,2.347625083053e+00  ,2.314706952890e+00  ,2.282868499416e+00  ,2.252552713117e+00  ,2.223778692851e+00  ,2.195945846779e+00  ,2.168980447076e+00  ,2.142913932170e+00  ,2.117532053540e+00  ,2.092977451400e+00  ,2.069120376383e+00  ,2.045941388684e+00  ,2.023311306588e+00  ,2.001280393926e+00  ,1.979876952028e+00  ,1.959050907966e+00  ,1.938643646734e+00  ,1.918835636580e+00  ,1.899412113477e+00  
  4.784258617108e-07  ,2.417046720829e+00  ,2.381795666245e+00  ,2.347625083053e+00  ,2.314706952890e+00  ,2.282868499416e+00  ,2.252552713117e+00  ,2.223778692851e+00  ,2.195945846779e+00  ,2.168980447076e+00  ,2.142913932170e+00  ,2.117532053540e+00  ,2.092977451400e+00  ,2.069120376383e+00  ,2.045941388684e+00  ,2.023311306588e+00  ,2.001280393926e+00  ,1.979876952028e+00  ,1.959050907966e+00  ,1.938643646734e+00  ,1.918835636580e+00  ,1.899412113477e+00  
  4.794259158914e-07  ,2.417046720829e+00  ,2.381795666245e+00  ,2.347625083053e+00  ,2.314706952890e+00  ,2.282868499416e+00  ,2.252552713117e+00  ,2.223778692851e+00  ,2.195945846779e+00  ,2.168980447076e+00  ,2.142913932170e+00  ,2.117532053540e+00  ,2.092977451400e+00  ,2.069120376383e+00  ,2.045941388684e+00  ,2.023311306588e+00  ,2.001280393926e+00  ,1.979876952028e+00  ,1.959050907966e+00  ,1.938643646734e+00  ,1.918835636580e+00  ,1.899412113477e+00  
  4.804259700721e-07  ,2.417046720829e+00  ,2.381795666245e+00  ,2.347625083053e+00  ,2.314706952890e+00  ,2.282868499416e+00  ,2.252552713117e+00  ,2.223778692851e+00  ,2.195945846779e+00  ,2.168980447076e+00  ,2.142913932170e+00  ,2.117532053540e+00  ,2.092977451400e+00  ,2.069120376383e+00  ,2.045941388684e+00  ,2.023311306588e+00  ,2.001280393926e+00  ,1.979876952028e+00  ,1.959050907966e+00  ,1.938643646734e+00  ,1.918835636580e+00  ,1.899412113477e+00  
  4.814260242527e-07  ,2.417046720829e+00  ,2.381795666245e+00  ,2.347625083053e+00  ,2.314706952890e+00  ,2.282868499416e+00  ,2.252552713117e+00  ,2.223778692851e+00  ,2.195945846779e+00  ,2.168980447076e+00  ,2.142913932170e+00  ,2.117532053540e+00  ,2.092977451400e+00  ,2.069120376383e+00  ,2.045941388684e+00  ,2.023311306588e+00  ,2.001280393926e+00  ,1.979876952028e+00  ,1.959050907966e+00  ,1.938643646734e+00  ,1.918835636580e+00  ,1.899412113477e+00  
  4.824260784333e-07  ,2.417046720829e+00  ,2.381795666245e+00  ,2.347625083053e+00  ,2.314706952890e+00  ,2.282868499416e+00  ,2.252552713117e+00  ,2.223778692851e+00  ,2.195945846779e+00  ,2.168980447076e+00  ,2.142913932170e+00  ,2.117532053540e+00  ,2.092977451400e+00  ,2.069120376383e+00  ,2.045941388684e+00  ,2.023311306588e+00  ,2.001280393926e+00  ,1.979876952028e+00  ,1.959050907966e+00  ,1.938643646734e+00  ,1.918835636580e+00  ,1.899412113477e+00  
  4.834261326139e-07  ,2.417046720829e+00  ,2.381795666245e+00  ,2.347625083053e+00  ,2.314706952890e+00  ,2.282868499416e+00  ,2.252552713117e+00  ,2.223778692851e+00  ,2.195945846779e+00  ,2.168980447076e+00  ,2.142913932170e+00  ,2.117532053540e+00  ,2.092977451400e+00  ,2.069120376383e+00  ,2.045941388684e+00  ,2.023311306588e+00  ,2.001280393926e+00  ,1.979876952028e+00  ,1.959050907966e+00  ,1.938643646734e+00  ,1.918835636580e+00  ,1.899412113477e+00  
  4.844261867946e-07  ,2.417046720829e+00  ,2.381795666245e+00  ,2.347625083053e+00  ,2.314706952890e+00  ,2.282868499416e+00  ,2.252552713117e+00  ,2.223778692851e+00  ,2.195945846779e+00  ,2.168980447076e+00  ,2.142913932170e+00  ,2.117532053540e+00  ,2.092977451400e+00  ,2.069120376383e+00  ,2.045941388684e+00  ,2.023311306588e+00  ,2.001280393926e+00  ,1.979876952028e+00  ,1.959050907966e+00  ,1.938643646734e+00  ,1.918835636580e+00  ,1.899412113477e+00  
  4.854262409752e-07  ,2.417046720829e+00  ,2.381795666245e+00  ,2.347625083053e+00  ,2.314706952890e+00  ,2.282868499416e+00  ,2.252552713117e+00  ,2.223778692851e+00  ,2.195945846779e+00  ,2.168980447076e+00  ,2.142913932170e+00  ,2.117532053540e+00  ,2.092977451400e+00  ,2.069120376383e+00  ,2.045941388684e+00  ,2.023311306588e+00  ,2.001280393926e+00  ,1.979876952028e+00  ,1.959050907966e+00  ,1.938643646734e+00  ,1.918835636580e+00  ,1.899412113477e+00  
  4.864262951558e-07  ,2.417046720829e+00  ,2.381795666245e+00  ,2.347625083053e+00  ,2.314706952890e+00  ,2.282868499416e+00  ,2.252552713117e+00  ,2.223778692851e+00  ,2.195945846779e+00  ,2.168980447076e+00  ,2.142913932170e+00  ,2.117532053540e+00  ,2.092977451400e+00  ,2.069120376383e+00  ,2.045941388684e+00  ,2.023311306588e+00  ,2.001280393926e+00  ,1.979876952028e+00  ,1.959050907966e+00  ,1.938643646734e+00  ,1.918835636580e+00  ,1.899412113477e+00  
  4.874263493364e-07  ,2.417046720829e+00  ,2.381795666245e+00  ,2.347625083053e+00  ,2.314706952890e+00  ,2.282868499416e+00  ,2.252552713117e+00  ,2.223778692851e+00  ,2.195945846779e+00  ,2.168980447076e+00  ,2.142913932170e+00  ,2.117532053540e+00  ,2.092977451400e+00  ,2.069120376383e+00  ,2.045941388684e+00  ,2.023311306588e+00  ,2.001280393926e+00  ,1.979876952028e+00  ,1.959050907966e+00  ,1.938643646734e+00  ,1.918835636580e+00  ,1.899412113477e+00  
  4.884264035170e-07  ,2.417046720829e+00  ,2.381795666245e+00  ,2.347625083053e+00  ,2.314706952890e+00  ,2.282868499416e+00  ,2.252552713117e+00  ,2.223778692851e+00  ,2.195945846779e+00  ,2.168980447076e+00  ,2.142913932170e+00  ,2.117532053540e+00  ,2.092977451400e+00  ,2.069120376383e+00  ,2.045941388684e+00  ,2.023311306588e+00  ,2.001280393926e+00  ,1.979876952028e+00  ,1.959050907966e+00  ,1.938643646734e+00  ,1.918835636580e+00  ,1.899412113477e+00  
  4.894264576977e-07  ,2.417046720829e+00  ,2.381795666245e+00  ,2.347625083053e+00  ,2.314706952890e+00  ,2.282868499416e+00  ,2.252552713117e+00  ,2.223778692851e+00  ,2.195945846779e+00  ,2.168980447076e+00  ,2.142913932170e+00  ,2.117532053540e+00  ,2.092977451400e+00  ,2.069120376383e+00  ,2.045941388684e+00  ,2.023311306588e+00  ,2.001280393926e+00  ,1.979876952028e+00  ,1.959050907966e+00  ,1.938643646734e+00  ,1.918835636580e+00  ,1.899412113477e+00  
  4.904265118783e-07  ,2.417046720829e+00  ,2.381795666245e+00  ,2.347625083053e+00  ,2.314706952890e+00  ,2.282868499416e+00  ,2.252552713117e+00  ,2.223778692851e+00  ,2.195945846779e+00  ,2.168980447076e+00  ,2.142913932170e+00  ,2.117532053540e+00  ,2.092977451400e+00  ,2.069120376383e+00  ,2.045941388684e+00  ,2.023311306588e+00  ,2.001280393926e+00  ,1.979876952028e+00  ,1.959050907966e+00  ,1.938643646734e+00  ,1.918835636580e+00  ,1.899412113477e+00  
  4.914265660589e-07  ,2.417046720829e+00  ,2.381795666245e+00  ,2.347625083053e+00  ,2.314706952890e+00  ,2.282868499416e+00  ,2.252552713117e+00  ,2.223778692851e+00  ,2.195945846779e+00  ,2.168980447076e+00  ,2.142913932170e+00  ,2.117532053540e+00  ,2.092977451400e+00  ,2.069120376383e+00  ,2.045941388684e+00  ,2.023311306588e+00  ,2.001280393926e+00  ,1.979876952028e+00  ,1.959050907966e+00  ,1.938643646734e+00  ,1.918835636580e+00  ,1.899412113477e+00  
  4.924266202395e-07  ,2.417046720829e+00  ,2.381795666245e+00  ,2.347625083053e+00  ,2.314706952890e+00  ,2.282868499416e+00  ,2.252552713117e+00  ,2.223778692851e+00  ,2.195945846779e+00  ,2.168980447076e+00  ,2.142913932170e+00  ,2.117532053540e+00  ,2.092977451400e+00  ,2.069120376383e+00  ,2.045941388684e+00  ,2.023311306588e+00  ,2.001280393926e+00  ,1.979876952028e+00  ,1.959050907966e+00  ,1.938643646734e+00  ,1.918835636580e+00  ,1.899412113477e+00  
  4.934266744202e-07  ,2.417046720829e+00  ,2.381795666245e+00  ,2.347625083053e+00  ,2.314706952890e+00  ,2.282868499416e+00  ,2.252552713117e+00  ,2.223778692851e+00  ,2.195945846779e+00  ,2.168980447076e+00  ,2.142913932170e+00  ,2.117532053540e+00  ,2.092977451400e+00  ,2.069120376383e+00  ,2.045941388684e+00  ,2.023311306588e+00  ,2.001280393926e+00  ,1.979876952028e+00  ,1.959050907966e+00  ,1.938643646734e+00  ,1.918835636580e+00  ,1.899412113477e+00  
  4.944267286008e-07  ,2.417046720829e+00  ,2.381795666245e+00  ,2.347625083053e+00  ,2.314706952890e+00  ,2.282868499416e+00  ,2.252552713117e+00  ,2.223778692851e+00  ,2.195945846779e+00  ,2.168980447076e+00  ,2.142913932170e+00  ,2.117532053540e+00  ,2.092977451400e+00  ,2.069120376383e+00  ,2.045941388684e+00  ,2.023311306588e+00  ,2.001280393926e+00  ,1.979876952028e+00  ,1.959050907966e+00  ,1.938643646734e+00  ,1.918835636580e+00  ,1.899412113477e+00  
  4.954267827814e-07  ,2.417046720829e+00  ,2.381795666245e+00  ,2.347625083053e+00  ,2.314706952890e+00  ,2.282868499416e+00  ,2.252552713117e+00  ,2.223778692851e+00  ,2.195945846779e+00  ,2.168980447076e+00  ,2.142913932170e+00  ,2.117532053540e+00  ,2.092977451400e+00  ,2.069120376383e+00  ,2.045941388684e+00  ,2.023311306588e+00  ,2.001280393926e+00  ,1.979876952028e+00  ,1.959050907966e+00  ,1.938643646734e+00  ,1.918835636580e+00  ,1.899412113477e+00  
  4.964268369620e-07  ,2.417046720829e+00  ,2.381795666245e+00  ,2.347625083053e+00  ,2.314706952890e+00  ,2.282868499416e+00  ,2.252552713117e+00  ,2.223778692851e+00  ,2.195945846779e+00  ,2.168980447076e+00  ,2.142913932170e+00  ,2.117532053540e+00  ,2.092977451400e+00  ,2.069120376383e+00  ,2.045941388684e+00  ,2.023311306588e+00  ,2.001280393926e+00  ,1.979876952028e+00  ,1.959050907966e+00  ,1.938643646734e+00  ,1.918835636580e+00  ,1.899412113477e+00  
  4.974268911426e-07  ,2.417046720829e+00  ,2.381795666245e+00  ,2.347625083053e+00  ,2.314706952890e+00  ,2.282868499416e+00  ,2.252552713117e+00  ,2.223778692851e+00  ,2.195945846779e+00  ,2.168980447076e+00  ,2.142913932170e+00  ,2.117532053540e+00  ,2.092977451400e+00  ,2.069120376383e+00  ,2.045941388684e+00  ,2.023311306588e+00  ,2.001280393926e+00  ,1.979876952028e+00  ,1.959050907966e+00  ,1.938643646734e+00  ,1.918835636580e+00  ,1.899412113477e+00  
  4.984269453233e-07  ,2.417046720829e+00  ,2.381795666245e+00  ,2.347625083053e+00  ,2.314706952890e+00  ,2.282868499416e+00  ,2.252552713117e+00  ,2.223778692851e+00  ,2.195945846779e+00  ,2.168980447076e+00  ,2.142913932170e+00  ,2.117532053540e+00  ,2.092977451400e+00  ,2.069120376383e+00  ,2.045941388684e+00  ,2.023311306588e+00  ,2.001280393926e+00  ,1.979876952028e+00  ,1.959050907966e+00  ,1.938643646734e+00  ,1.918835636580e+00  ,1.899412113477e+00  
  4.994269995039e-07  ,2.417046720829e+00  ,2.381795666245e+00  ,2.347625083053e+00  ,2.314706952890e+00  ,2.282868499416e+00  ,2.252552713117e+00  ,2.223778692851e+00  ,2.195945846779e+00  ,2.168980447076e+00  ,2.142913932170e+00  ,2.117532053540e+00  ,2.092977451400e+00  ,2.069120376383e+00  ,2.045941388684e+00  ,2.023311306588e+00  ,2.001280393926e+00  ,1.979876952028e+00  ,1.959050907966e+00  ,1.938643646734e+00  ,1.918835636580e+00  ,1.899412113477e+00  
  5.004270536845e-07  ,2.417046720829e+00  ,2.381795666245e+00  ,2.347625083053e+00  ,2.314706952890e+00  ,2.282868499416e+00  ,2.252552713117e+00  ,2.223778692851e+00  ,2.195945846779e+00  ,2.168980447076e+00  ,2.142913932170e+00  ,2.117532053540e+00  ,2.092977451400e+00  ,2.069120376383e+00  ,2.045941388684e+00  ,2.023311306588e+00  ,2.001280393926e+00  ,1.979876952028e+00  ,1.959050907966e+00  ,1.938643646734e+00  ,1.918835636580e+00  ,1.899412113477e+00  
  5.014271078651e-07  ,2.417046720829e+00  ,2.381795666245e+00  ,2.347625083053e+00  ,2.314706952890e+00  ,2.282868499416e+00  ,2.252552713117e+00  ,2.223778692851e+00  ,2.195945846779e+00  ,2.168980447076e+00  ,2.142913932170e+00  ,2.117532053540e+00  ,2.092977451400e+00  ,2.069120376383e+00  ,2.045941388684e+00  ,2.023311306588e+00  ,2.001280393926e+00  ,1.979876952028e+00  ,1.959050907966e+00  ,1.938643646734e+00  ,1.918835636580e+00  ,1.899412113477e+00  
  5.024271620458e-07  ,2.417046720829e+00  ,2.381795666245e+00  ,2.347625083053e+00  ,2.314706952890e+00  ,2.282868499416e+00  ,2.252552713117e+00  ,2.223778692851e+00  ,2.195945846779e+00  ,2.168980447076e+00  ,2.142913932170e+00  ,2.117532053540e+00  ,2.092977451400e+00  ,2.069120376383e+00  ,2.045941388684e+00  ,2.023311306588e+00  ,2.001280393926e+00  ,1.979876952028e+00  ,1.959050907966e+00  ,1.938643646734e+00  ,1.918835636580e+00  ,1.899412113477e+00  
  5.034272162264e-07  ,2.417046720829e+00  ,2.381795666245e+00  ,2.347625083053e+00  ,2.314706952890e+00  ,2.282868499416e+00  ,2.252552713117e+00  ,2.223778692851e+00  ,2.195945846779e+00  ,2.168980447076e+00  ,2.142913932170e+00  ,2.117532053540e+00  ,2.092977451400e+00  ,2.069120376383e+00  ,2.045941388684e+00  ,2.023311306588e+00  ,2.001280393926e+00  ,1.979876952028e+00  ,1.959050907966e+00  ,1.938643646734e+00  ,1.918835636580e+00  ,1.899412113477e+00  
  5.044272704070e-07  ,2.417046720829e+00  ,2.381795666245e+00  ,2.347625083053e+00  ,2.314706952890e+00  ,2.282868499416e+00  ,2.252552713117e+00  ,2.223778692851e+00  ,2.195945846779e+00  ,2.168980447076e+00  ,2.142913932170e+00  ,2.117532053540e+00  ,2.092977451400e+00  ,2.069120376383e+00  ,2.045941388684e+00  ,2.023311306588e+00  ,2.001280393926e+00  ,1.979876952028e+00  ,1.959050907966e+00  ,1.938643646734e+00  ,1.918835636580e+00  ,1.899412113477e+00  
  5.054273245876e-07  ,2.417046720829e+00  ,2.381795666245e+00  ,2.347625083053e+00  ,2.314706952890e+00  ,2.282868499416e+00  ,2.252552713117e+00  ,2.223778692851e+00  ,2.195945846779e+00  ,2.168980447076e+00  ,2.142913932170e+00  ,2.117532053540e+00  ,2.092977451400e+00  ,2.069120376383e+00  ,2.045941388684e+00  ,2.023311306588e+00  ,2.001280393926e+00  ,1.979876952028e+00  ,1.959050907966e+00  ,1.938643646734e+00  ,1.918835636580e+00  ,1.899412113477e+00  
  5.064273787682e-07  ,2.417046720829e+00  ,2.381795666245e+00  ,2.347625083053e+00  ,2.314706952890e+00  ,2.282868499416e+00  ,2.252552713117e+00  ,2.223778692851e+00  ,2.195945846779e+00  ,2.168980447076e+00  ,2.142913932170e+00  ,2.117532053540e+00  ,2.092977451400e+00  ,2.069120376383e+00  ,2.045941388684e+00  ,2.023311306588e+00  ,2.001280393926e+00  ,1.979876952028e+00  ,1.959050907966e+00  ,1.938643646734e+00  ,1.918835636580e+00  ,1.899412113477e+00  
  5.074274329489e-07  ,2.417046720829e+00  ,2.381795666245e+00  ,2.347625083053e+00  ,2.314706952890e+00  ,2.282868499416e+00  ,2.252552713117e+00  ,2.223778692851e+00  ,2.195945846779e+00  ,2.168980447076e+00  ,2.142913932170e+00  ,2.117532053540e+00  ,2.092977451400e+00  ,2.069120376383e+00  ,2.045941388684e+00  ,2.023311306588e+00  ,2.001280393926e+00  ,1.979876952028e+00  ,1.959050907966e+00  ,1.938643646734e+00  ,1.918835636580e+00  ,1.899412113477e+00  
  5.084274871295e-07  ,2.417046720829e+00  ,2.381795666245e+00  ,2.347625083053e+00  ,2.314706952890e+00  ,2.282868499416e+00  ,2.252552713117e+00  ,2.223778692851e+00  ,2.195945846779e+00  ,2.168980447076e+00  ,2.142913932170e+00  ,2.117532053540e+00  ,2.092977451400e+00  ,2.069120376383e+00  ,2.045941388684e+00  ,2.023311306588e+00  ,2.001280393926e+00  ,1.979876952028e+00  ,1.959050907966e+00  ,1.938643646734e+00  ,1.918835636580e+00  ,1.899412113477e+00  
  5.094275413101e-07  ,2.417046720829e+00  ,2.381795666245e+00  ,2.347625083053e+00  ,2.314706952890e+00  ,2.282868499416e+00  ,2.252552713117e+00  ,2.223778692851e+00  ,2.195945846779e+00  ,2.168980447076e+00  ,2.142913932170e+00  ,2.117532053540e+00  ,2.092977451400e+00  ,2.069120376383e+00  ,2.045941388684e+00  ,2.023311306588e+00  ,2.001280393926e+00  ,1.979876952028e+00  ,1.959050907966e+00  ,1.938643646734e+00  ,1.918835636580e+00  ,1.899412113477e+00  
  5.104275954907e-07  ,2.417046720829e+00  ,2.381795666245e+00  ,2.347625083053e+00  ,2.314706952890e+00  ,2.282868499416e+00  ,2.252552713117e+00  ,2.223778692851e+00  ,2.195945846779e+00  ,2.168980447076e+00  ,2.142913932170e+00  ,2.117532053540e+00  ,2.092977451400e+00  ,2.069120376383e+00  ,2.045941388684e+00  ,2.023311306588e+00  ,2.001280393926e+00  ,1.979876952028e+00  ,1.959050907966e+00  ,1.938643646734e+00  ,1.918835636580e+00  ,1.899412113477e+00  
  5.114276496714e-07  ,2.417046720829e+00  ,2.381795666245e+00  ,2.347625083053e+00  ,2.314706952890e+00  ,2.282868499416e+00  ,2.252552713117e+00  ,2.223778692851e+00  ,2.195945846779e+00  ,2.168980447076e+00  ,2.142913932170e+00  ,2.117532053540e+00  ,2.092977451400e+00  ,2.069120376383e+00  ,2.045941388684e+00  ,2.023311306588e+00  ,2.001280393926e+00  ,1.979876952028e+00  ,1.959050907966e+00  ,1.938643646734e+00  ,1.918835636580e+00  ,1.899412113477e+00  
  5.124277038520e-07  ,2.417046720829e+00  ,2.381795666245e+00  ,2.347625083053e+00  ,2.314706952890e+00  ,2.282868499416e+00  ,2.252552713117e+00  ,2.223778692851e+00  ,2.195945846779e+00  ,2.168980447076e+00  ,2.142913932170e+00  ,2.117532053540e+00  ,2.092977451400e+00  ,2.069120376383e+00  ,2.045941388684e+00  ,2.023311306588e+00  ,2.001280393926e+00  ,1.979876952028e+00  ,1.959050907966e+00  ,1.938643646734e+00  ,1.918835636580e+00  ,1.899412113477e+00  
  5.134277580326e-07  ,2.417046720829e+00  ,2.381795666245e+00  ,2.347625083053e+00  ,2.314706952890e+00  ,2.282868499416e+00  ,2.252552713117e+00  ,2.223778692851e+00  ,2.195945846779e+00  ,2.168980447076e+00  ,2.142913932170e+00  ,2.117532053540e+00  ,2.092977451400e+00  ,2.069120376383e+00  ,2.045941388684e+00  ,2.023311306588e+00  ,2.001280393926e+00  ,1.979876952028e+00  ,1.959050907966e+00  ,1.938643646734e+00  ,1.918835636580e+00  ,1.899412113477e+00  
  5.144278122132e-07  ,2.417046720829e+00  ,2.381795666245e+00  ,2.347625083053e+00  ,2.314706952890e+00  ,2.282868499416e+00  ,2.252552713117e+00  ,2.223778692851e+00  ,2.195945846779e+00  ,2.168980447076e+00  ,2.142913932170e+00  ,2.117532053540e+00  ,2.092977451400e+00  ,2.069120376383e+00  ,2.045941388684e+00  ,2.023311306588e+00  ,2.001280393926e+00  ,1.979876952028e+00  ,1.959050907966e+00  ,1.938643646734e+00  ,1.918835636580e+00  ,1.899412113477e+00  
  5.154278663938e-07  ,2.417046720829e+00  ,2.381795666245e+00  ,2.347625083053e+00  ,2.314706952890e+00  ,2.282868499416e+00  ,2.252552713117e+00  ,2.223778692851e+00  ,2.195945846779e+00  ,2.168980447076e+00  ,2.142913932170e+00  ,2.117532053540e+00  ,2.092977451400e+00  ,2.069120376383e+00  ,2.045941388684e+00  ,2.023311306588e+00  ,2.001280393926e+00  ,1.979876952028e+00  ,1.959050907966e+00  ,1.938643646734e+00  ,1.918835636580e+00  ,1.899412113477e+00  
  5.164279205745e-07  ,2.417046720829e+00  ,2.381795666245e+00  ,2.347625083053e+00  ,2.314706952890e+00  ,2.282868499416e+00  ,2.252552713117e+00  ,2.223778692851e+00  ,2.195945846779e+00  ,2.168980447076e+00  ,2.142913932170e+00  ,2.117532053540e+00  ,2.092977451400e+00  ,2.069120376383e+00  ,2.045941388684e+00  ,2.023311306588e+00  ,2.001280393926e+00  ,1.979876952028e+00  ,1.959050907966e+00  ,1.938643646734e+00  ,1.918835636580e+00  ,1.899412113477e+00  
  5.174279747551e-07  ,2.417046720829e+00  ,2.381795666245e+00  ,2.347625083053e+00  ,2.314706952890e+00  ,2.282868499416e+00  ,2.252552713117e+00  ,2.223778692851e+00  ,2.195945846779e+00  ,2.168980447076e+00  ,2.142913932170e+00  ,2.117532053540e+00  ,2.092977451400e+00  ,2.069120376383e+00  ,2.045941388684e+00  ,2.023311306588e+00  ,2.001280393926e+00  ,1.979876952028e+00  ,1.959050907966e+00  ,1.938643646734e+00  ,1.918835636580e+00  ,1.899412113477e+00  
  5.184280289357e-07  ,2.417046720829e+00  ,2.381795666245e+00  ,2.347625083053e+00  ,2.314706952890e+00  ,2.282868499416e+00  ,2.252552713117e+00  ,2.223778692851e+00  ,2.195945846779e+00  ,2.168980447076e+00  ,2.142913932170e+00  ,2.117532053540e+00  ,2.092977451400e+00  ,2.069120376383e+00  ,2.045941388684e+00  ,2.023311306588e+00  ,2.001280393926e+00  ,1.979876952028e+00  ,1.959050907966e+00  ,1.938643646734e+00  ,1.918835636580e+00  ,1.899412113477e+00  
  5.194280831163e-07  ,2.417046720829e+00  ,2.381795666245e+00  ,2.347625083053e+00  ,2.314706952890e+00  ,2.282868499416e+00  ,2.252552713117e+00  ,2.223778692851e+00  ,2.195945846779e+00  ,2.168980447076e+00  ,2.142913932170e+00  ,2.117532053540e+00  ,2.092977451400e+00  ,2.069120376383e+00  ,2.045941388684e+00  ,2.023311306588e+00  ,2.001280393926e+00  ,1.979876952028e+00  ,1.959050907966e+00  ,1.938643646734e+00  ,1.918835636580e+00  ,1.899412113477e+00  
  5.204281372970e-07  ,2.417046720829e+00  ,2.381795666245e+00  ,2.347625083053e+00  ,2.314706952890e+00  ,2.282868499416e+00  ,2.252552713117e+00  ,2.223778692851e+00  ,2.195945846779e+00  ,2.168980447076e+00  ,2.142913932170e+00  ,2.117532053540e+00  ,2.092977451400e+00  ,2.069120376383e+00  ,2.045941388684e+00  ,2.023311306588e+00  ,2.001280393926e+00  ,1.979876952028e+00  ,1.959050907966e+00  ,1.938643646734e+00  ,1.918835636580e+00  ,1.899412113477e+00  
  5.214281914776e-07  ,2.417046720829e+00  ,2.381795666245e+00  ,2.347625083053e+00  ,2.314706952890e+00  ,2.282868499416e+00  ,2.252552713117e+00  ,2.223778692851e+00  ,2.195945846779e+00  ,2.168980447076e+00  ,2.142913932170e+00  ,2.117532053540e+00  ,2.092977451400e+00  ,2.069120376383e+00  ,2.045941388684e+00  ,2.023311306588e+00  ,2.001280393926e+00  ,1.979876952028e+00  ,1.959050907966e+00  ,1.938643646734e+00  ,1.918835636580e+00  ,1.899412113477e+00  
  5.224282456582e-07  ,2.417046720829e+00  ,2.381795666245e+00  ,2.347625083053e+00  ,2.314706952890e+00  ,2.282868499416e+00  ,2.252552713117e+00  ,2.223778692851e+00  ,2.195945846779e+00  ,2.168980447076e+00  ,2.142913932170e+00  ,2.117532053540e+00  ,2.092977451400e+00  ,2.069120376383e+00  ,2.045941388684e+00  ,2.023311306588e+00  ,2.001280393926e+00  ,1.979876952028e+00  ,1.959050907966e+00  ,1.938643646734e+00  ,1.918835636580e+00  ,1.899412113477e+00  
  5.234282998388e-07  ,2.417046720829e+00  ,2.381795666245e+00  ,2.347625083053e+00  ,2.314706952890e+00  ,2.282868499416e+00  ,2.252552713117e+00  ,2.223778692851e+00  ,2.195945846779e+00  ,2.168980447076e+00  ,2.142913932170e+00  ,2.117532053540e+00  ,2.092977451400e+00  ,2.069120376383e+00  ,2.045941388684e+00  ,2.023311306588e+00  ,2.001280393926e+00  ,1.979876952028e+00  ,1.959050907966e+00  ,1.938643646734e+00  ,1.918835636580e+00  ,1.899412113477e+00  
  5.244283540194e-07  ,2.417046720829e+00  ,2.381795666245e+00  ,2.347625083053e+00  ,2.314706952890e+00  ,2.282868499416e+00  ,2.252552713117e+00  ,2.223778692851e+00  ,2.195945846779e+00  ,2.168980447076e+00  ,2.142913932170e+00  ,2.117532053540e+00  ,2.092977451400e+00  ,2.069120376383e+00  ,2.045941388684e+00  ,2.023311306588e+00  ,2.001280393926e+00  ,1.979876952028e+00  ,1.959050907966e+00  ,1.938643646734e+00  ,1.918835636580e+00  ,1.899412113477e+00  
  5.254284082001e-07  ,2.417046720829e+00  ,2.381795666245e+00  ,2.347625083053e+00  ,2.314706952890e+00  ,2.282868499416e+00  ,2.252552713117e+00  ,2.223778692851e+00  ,2.195945846779e+00  ,2.168980447076e+00  ,2.142913932170e+00  ,2.117532053540e+00  ,2.092977451400e+00  ,2.069120376383e+00  ,2.045941388684e+00  ,2.023311306588e+00  ,2.001280393926e+00  ,1.979876952028e+00  ,1.959050907966e+00  ,1.938643646734e+00  ,1.918835636580e+00  ,1.899412113477e+00  
  5.264284623807e-07  ,2.417046720829e+00  ,2.381795666245e+00  ,2.347625083053e+00  ,2.314706952890e+00  ,2.282868499416e+00  ,2.252552713117e+00  ,2.223778692851e+00  ,2.195945846779e+00  ,2.168980447076e+00  ,2.142913932170e+00  ,2.117532053540e+00  ,2.092977451400e+00  ,2.069120376383e+00  ,2.045941388684e+00  ,2.023311306588e+00  ,2.001280393926e+00  ,1.979876952028e+00  ,1.959050907966e+00  ,1.938643646734e+00  ,1.918835636580e+00  ,1.899412113477e+00  
  5.274285165613e-07  ,2.417046720829e+00  ,2.381795666245e+00  ,2.347625083053e+00  ,2.314706952890e+00  ,2.282868499416e+00  ,2.252552713117e+00  ,2.223778692851e+00  ,2.195945846779e+00  ,2.168980447076e+00  ,2.142913932170e+00  ,2.117532053540e+00  ,2.092977451400e+00  ,2.069120376383e+00  ,2.045941388684e+00  ,2.023311306588e+00  ,2.001280393926e+00  ,1.979876952028e+00  ,1.959050907966e+00  ,1.938643646734e+00  ,1.918835636580e+00  ,1.899412113477e+00  
  5.284285707419e-07  ,2.417046720829e+00  ,2.381795666245e+00  ,2.347625083053e+00  ,2.314706952890e+00  ,2.282868499416e+00  ,2.252552713117e+00  ,2.223778692851e+00  ,2.195945846779e+00  ,2.168980447076e+00  ,2.142913932170e+00  ,2.117532053540e+00  ,2.092977451400e+00  ,2.069120376383e+00  ,2.045941388684e+00  ,2.023311306588e+00  ,2.001280393926e+00  ,1.979876952028e+00  ,1.959050907966e+00  ,1.938643646734e+00  ,1.918835636580e+00  ,1.899412113477e+00  
  5.294286249225e-07  ,2.417046720829e+00  ,2.381795666245e+00  ,2.347625083053e+00  ,2.314706952890e+00  ,2.282868499416e+00  ,2.252552713117e+00  ,2.223778692851e+00  ,2.195945846779e+00  ,2.168980447076e+00  ,2.142913932170e+00  ,2.117532053540e+00  ,2.092977451400e+00  ,2.069120376383e+00  ,2.045941388684e+00  ,2.023311306588e+00  ,2.001280393926e+00  ,1.979876952028e+00  ,1.959050907966e+00  ,1.938643646734e+00  ,1.918835636580e+00  ,1.899412113477e+00  
  5.304286791032e-07  ,2.417046720829e+00  ,2.381795666245e+00  ,2.347625083053e+00  ,2.314706952890e+00  ,2.282868499416e+00  ,2.252552713117e+00  ,2.223778692851e+00  ,2.195945846779e+00  ,2.168980447076e+00  ,2.142913932170e+00  ,2.117532053540e+00  ,2.092977451400e+00  ,2.069120376383e+00  ,2.045941388684e+00  ,2.023311306588e+00  ,2.001280393926e+00  ,1.979876952028e+00  ,1.959050907966e+00  ,1.938643646734e+00  ,1.918835636580e+00  ,1.899412113477e+00  
  5.314287332838e-07  ,2.417046720829e+00  ,2.381795666245e+00  ,2.347625083053e+00  ,2.314706952890e+00  ,2.282868499416e+00  ,2.252552713117e+00  ,2.223778692851e+00  ,2.195945846779e+00  ,2.168980447076e+00  ,2.142913932170e+00  ,2.117532053540e+00  ,2.092977451400e+00  ,2.069120376383e+00  ,2.045941388684e+00  ,2.023311306588e+00  ,2.001280393926e+00  ,1.979876952028e+00  ,1.959050907966e+00  ,1.938643646734e+00  ,1.918835636580e+00  ,1.899412113477e+00  
  5.324287874644e-07  ,2.417046720829e+00  ,2.381795666245e+00  ,2.347625083053e+00  ,2.314706952890e+00  ,2.282868499416e+00  ,2.252552713117e+00  ,2.223778692851e+00  ,2.195945846779e+00  ,2.168980447076e+00  ,2.142913932170e+00  ,2.117532053540e+00  ,2.092977451400e+00  ,2.069120376383e+00  ,2.045941388684e+00  ,2.023311306588e+00  ,2.001280393926e+00  ,1.979876952028e+00  ,1.959050907966e+00  ,1.938643646734e+00  ,1.918835636580e+00  ,1.899412113477e+00  
  5.334288416450e-07  ,2.417046720829e+00  ,2.381795666245e+00  ,2.347625083053e+00  ,2.314706952890e+00  ,2.282868499416e+00  ,2.252552713117e+00  ,2.223778692851e+00  ,2.195945846779e+00  ,2.168980447076e+00  ,2.142913932170e+00  ,2.117532053540e+00  ,2.092977451400e+00  ,2.069120376383e+00  ,2.045941388684e+00  ,2.023311306588e+00  ,2.001280393926e+00  ,1.979876952028e+00  ,1.959050907966e+00  ,1.938643646734e+00  ,1.918835636580e+00  ,1.899412113477e+00  
  5.344288958257e-07  ,2.417046720829e+00  ,2.381795666245e+00  ,2.347625083053e+00  ,2.314706952890e+00  ,2.282868499416e+00  ,2.252552713117e+00  ,2.223778692851e+00  ,2.195945846779e+00  ,2.168980447076e+00  ,2.142913932170e+00  ,2.117532053540e+00  ,2.092977451400e+00  ,2.069120376383e+00  ,2.045941388684e+00  ,2.023311306588e+00  ,2.001280393926e+00  ,1.979876952028e+00  ,1.959050907966e+00  ,1.938643646734e+00  ,1.918835636580e+00  ,1.899412113477e+00  
  5.354289500063e-07  ,2.417046720829e+00  ,2.381795666245e+00  ,2.347625083053e+00  ,2.314706952890e+00  ,2.282868499416e+00  ,2.252552713117e+00  ,2.223778692851e+00  ,2.195945846779e+00  ,2.168980447076e+00  ,2.142913932170e+00  ,2.117532053540e+00  ,2.092977451400e+00  ,2.069120376383e+00  ,2.045941388684e+00  ,2.023311306588e+00  ,2.001280393926e+00  ,1.979876952028e+00  ,1.959050907966e+00  ,1.938643646734e+00  ,1.918835636580e+00  ,1.899412113477e+00  
  5.364290041869e-07  ,2.417046720829e+00  ,2.381795666245e+00  ,2.347625083053e+00  ,2.314706952890e+00  ,2.282868499416e+00  ,2.252552713117e+00  ,2.223778692851e+00  ,2.195945846779e+00  ,2.168980447076e+00  ,2.142913932170e+00  ,2.117532053540e+00  ,2.092977451400e+00  ,2.069120376383e+00  ,2.045941388684e+00  ,2.023311306588e+00  ,2.001280393926e+00  ,1.979876952028e+00  ,1.959050907966e+00  ,1.938643646734e+00  ,1.918835636580e+00  ,1.899412113477e+00  
  5.374290583675e-07  ,2.417046720829e+00  ,2.381795666245e+00  ,2.347625083053e+00  ,2.314706952890e+00  ,2.282868499416e+00  ,2.252552713117e+00  ,2.223778692851e+00  ,2.195945846779e+00  ,2.168980447076e+00  ,2.142913932170e+00  ,2.117532053540e+00  ,2.092977451400e+00  ,2.069120376383e+00  ,2.045941388684e+00  ,2.023311306588e+00  ,2.001280393926e+00  ,1.979876952028e+00  ,1.959050907966e+00  ,1.938643646734e+00  ,1.918835636580e+00  ,1.899412113477e+00  
  5.384291125481e-07  ,2.417046720829e+00  ,2.381795666245e+00  ,2.347625083053e+00  ,2.314706952890e+00  ,2.282868499416e+00  ,2.252552713117e+00  ,2.223778692851e+00  ,2.195945846779e+00  ,2.168980447076e+00  ,2.142913932170e+00  ,2.117532053540e+00  ,2.092977451400e+00  ,2.069120376383e+00  ,2.045941388684e+00  ,2.023311306588e+00  ,2.001280393926e+00  ,1.979876952028e+00  ,1.959050907966e+00  ,1.938643646734e+00  ,1.918835636580e+00  ,1.899412113477e+00  
  5.394291667288e-07  ,2.417046720829e+00  ,2.381795666245e+00  ,2.347625083053e+00  ,2.314706952890e+00  ,2.282868499416e+00  ,2.252552713117e+00  ,2.223778692851e+00  ,2.195945846779e+00  ,2.168980447076e+00  ,2.142913932170e+00  ,2.117532053540e+00  ,2.092977451400e+00  ,2.069120376383e+00  ,2.045941388684e+00  ,2.023311306588e+00  ,2.001280393926e+00  ,1.979876952028e+00  ,1.959050907966e+00  ,1.938643646734e+00  ,1.918835636580e+00  ,1.899412113477e+00  
  5.404292209094e-07  ,2.417046720829e+00  ,2.381795666245e+00  ,2.347625083053e+00  ,2.314706952890e+00  ,2.282868499416e+00  ,2.252552713117e+00  ,2.223778692851e+00  ,2.195945846779e+00  ,2.168980447076e+00  ,2.142913932170e+00  ,2.117532053540e+00  ,2.092977451400e+00  ,2.069120376383e+00  ,2.045941388684e+00  ,2.023311306588e+00  ,2.001280393926e+00  ,1.979876952028e+00  ,1.959050907966e+00  ,1.938643646734e+00  ,1.918835636580e+00  ,1.899412113477e+00  
  5.414292750900e-07  ,2.417046720829e+00  ,2.381795666245e+00  ,2.347625083053e+00  ,2.314706952890e+00  ,2.282868499416e+00  ,2.252552713117e+00  ,2.223778692851e+00  ,2.195945846779e+00  ,2.168980447076e+00  ,2.142913932170e+00  ,2.117532053540e+00  ,2.092977451400e+00  ,2.069120376383e+00  ,2.045941388684e+00  ,2.023311306588e+00  ,2.001280393926e+00  ,1.979876952028e+00  ,1.959050907966e+00  ,1.938643646734e+00  ,1.918835636580e+00  ,1.899412113477e+00  
  5.424293292706e-07  ,2.417046720829e+00  ,2.381795666245e+00  ,2.347625083053e+00  ,2.314706952890e+00  ,2.282868499416e+00  ,2.252552713117e+00  ,2.223778692851e+00  ,2.195945846779e+00  ,2.168980447076e+00  ,2.142913932170e+00  ,2.117532053540e+00  ,2.092977451400e+00  ,2.069120376383e+00  ,2.045941388684e+00  ,2.023311306588e+00  ,2.001280393926e+00  ,1.979876952028e+00  ,1.959050907966e+00  ,1.938643646734e+00  ,1.918835636580e+00  ,1.899412113477e+00  
  5.434293834513e-07  ,2.417046720829e+00  ,2.381795666245e+00  ,2.347625083053e+00  ,2.314706952890e+00  ,2.282868499416e+00  ,2.252552713117e+00  ,2.223778692851e+00  ,2.195945846779e+00  ,2.168980447076e+00  ,2.142913932170e+00  ,2.117532053540e+00  ,2.092977451400e+00  ,2.069120376383e+00  ,2.045941388684e+00  ,2.023311306588e+00  ,2.001280393926e+00  ,1.979876952028e+00  ,1.959050907966e+00  ,1.938643646734e+00  ,1.918835636580e+00  ,1.899412113477e+00  
  5.444294376319e-07  ,2.417046720829e+00  ,2.381795666245e+00  ,2.347625083053e+00  ,2.314706952890e+00  ,2.282868499416e+00  ,2.252552713117e+00  ,2.223778692851e+00  ,2.195945846779e+00  ,2.168980447076e+00  ,2.142913932170e+00  ,2.117532053540e+00  ,2.092977451400e+00  ,2.069120376383e+00  ,2.045941388684e+00  ,2.023311306588e+00  ,2.001280393926e+00  ,1.979876952028e+00  ,1.959050907966e+00  ,1.938643646734e+00  ,1.918835636580e+00  ,1.899412113477e+00  
  5.454294918125e-07  ,2.417046720829e+00  ,2.381795666245e+00  ,2.347625083053e+00  ,2.314706952890e+00  ,2.282868499416e+00  ,2.252552713117e+00  ,2.223778692851e+00  ,2.195945846779e+00  ,2.168980447076e+00  ,2.142913932170e+00  ,2.117532053540e+00  ,2.092977451400e+00  ,2.069120376383e+00  ,2.045941388684e+00  ,2.023311306588e+00  ,2.001280393926e+00  ,1.979876952028e+00  ,1.959050907966e+00  ,1.938643646734e+00  ,1.918835636580e+00  ,1.899412113477e+00  
  5.464295459931e-07  ,2.417046720829e+00  ,2.381795666245e+00  ,2.347625083053e+00  ,2.314706952890e+00  ,2.282868499416e+00  ,2.252552713117e+00  ,2.223778692851e+00  ,2.195945846779e+00  ,2.168980447076e+00  ,2.142913932170e+00  ,2.117532053540e+00  ,2.092977451400e+00  ,2.069120376383e+00  ,2.045941388684e+00  ,2.023311306588e+00  ,2.001280393926e+00  ,1.979876952028e+00  ,1.959050907966e+00  ,1.938643646734e+00  ,1.918835636580e+00  ,1.899412113477e+00  
  5.474296001737e-07  ,2.417046720829e+00  ,2.381795666245e+00  ,2.347625083053e+00  ,2.314706952890e+00  ,2.282868499416e+00  ,2.252552713117e+00  ,2.223778692851e+00  ,2.195945846779e+00  ,2.168980447076e+00  ,2.142913932170e+00  ,2.117532053540e+00  ,2.092977451400e+00  ,2.069120376383e+00  ,2.045941388684e+00  ,2.023311306588e+00  ,2.001280393926e+00  ,1.979876952028e+00  ,1.959050907966e+00  ,1.938643646734e+00  ,1.918835636580e+00  ,1.899412113477e+00  
  5.484296543544e-07  ,2.417046720829e+00  ,2.381795666245e+00  ,2.347625083053e+00  ,2.314706952890e+00  ,2.282868499416e+00  ,2.252552713117e+00  ,2.223778692851e+00  ,2.195945846779e+00  ,2.168980447076e+00  ,2.142913932170e+00  ,2.117532053540e+00  ,2.092977451400e+00  ,2.069120376383e+00  ,2.045941388684e+00  ,2.023311306588e+00  ,2.001280393926e+00  ,1.979876952028e+00  ,1.959050907966e+00  ,1.938643646734e+00  ,1.918835636580e+00  ,1.899412113477e+00  
  5.494297085350e-07  ,2.417046720829e+00  ,2.381795666245e+00  ,2.347625083053e+00  ,2.314706952890e+00  ,2.282868499416e+00  ,2.252552713117e+00  ,2.223778692851e+00  ,2.195945846779e+00  ,2.168980447076e+00  ,2.142913932170e+00  ,2.117532053540e+00  ,2.092977451400e+00  ,2.069120376383e+00  ,2.045941388684e+00  ,2.023311306588e+00  ,2.001280393926e+00  ,1.979876952028e+00  ,1.959050907966e+00  ,1.938643646734e+00  ,1.918835636580e+00  ,1.899412113477e+00  
  5.504297627156e-07  ,2.417046720829e+00  ,2.381795666245e+00  ,2.347625083053e+00  ,2.314706952890e+00  ,2.282868499416e+00  ,2.252552713117e+00  ,2.223778692851e+00  ,2.195945846779e+00  ,2.168980447076e+00  ,2.142913932170e+00  ,2.117532053540e+00  ,2.092977451400e+00  ,2.069120376383e+00  ,2.045941388684e+00  ,2.023311306588e+00  ,2.001280393926e+00  ,1.979876952028e+00  ,1.959050907966e+00  ,1.938643646734e+00  ,1.918835636580e+00  ,1.899412113477e+00  
  5.514298168962e-07  ,2.417046720829e+00  ,2.381795666245e+00  ,2.347625083053e+00  ,2.314706952890e+00  ,2.282868499416e+00  ,2.252552713117e+00  ,2.223778692851e+00  ,2.195945846779e+00  ,2.168980447076e+00  ,2.142913932170e+00  ,2.117532053540e+00  ,2.092977451400e+00  ,2.069120376383e+00  ,2.045941388684e+00  ,2.023311306588e+00  ,2.001280393926e+00  ,1.979876952028e+00  ,1.959050907966e+00  ,1.938643646734e+00  ,1.918835636580e+00  ,1.899412113477e+00  
  5.524298710769e-07  ,2.417046720829e+00  ,2.381795666245e+00  ,2.347625083053e+00  ,2.314706952890e+00  ,2.282868499416e+00  ,2.252552713117e+00  ,2.223778692851e+00  ,2.195945846779e+00  ,2.168980447076e+00  ,2.142913932170e+00  ,2.117532053540e+00  ,2.092977451400e+00  ,2.069120376383e+00  ,2.045941388684e+00  ,2.023311306588e+00  ,2.001280393926e+00  ,1.979876952028e+00  ,1.959050907966e+00  ,1.938643646734e+00  ,1.918835636580e+00  ,1.899412113477e+00  
  5.534299252575e-07  ,2.417046720829e+00  ,2.381795666245e+00  ,2.347625083053e+00  ,2.314706952890e+00  ,2.282868499416e+00  ,2.252552713117e+00  ,2.223778692851e+00  ,2.195945846779e+00  ,2.168980447076e+00  ,2.142913932170e+00  ,2.117532053540e+00  ,2.092977451400e+00  ,2.069120376383e+00  ,2.045941388684e+00  ,2.023311306588e+00  ,2.001280393926e+00  ,1.979876952028e+00  ,1.959050907966e+00  ,1.938643646734e+00  ,1.918835636580e+00  ,1.899412113477e+00  
  5.544299794381e-07  ,2.417046720829e+00  ,2.381795666245e+00  ,2.347625083053e+00  ,2.314706952890e+00  ,2.282868499416e+00  ,2.252552713117e+00  ,2.223778692851e+00  ,2.195945846779e+00  ,2.168980447076e+00  ,2.142913932170e+00  ,2.117532053540e+00  ,2.092977451400e+00  ,2.069120376383e+00  ,2.045941388684e+00  ,2.023311306588e+00  ,2.001280393926e+00  ,1.979876952028e+00  ,1.959050907966e+00  ,1.938643646734e+00  ,1.918835636580e+00  ,1.899412113477e+00  
  5.554300336187e-07  ,2.417046720829e+00  ,2.381795666245e+00  ,2.347625083053e+00  ,2.314706952890e+00  ,2.282868499416e+00  ,2.252552713117e+00  ,2.223778692851e+00  ,2.195945846779e+00  ,2.168980447076e+00  ,2.142913932170e+00  ,2.117532053540e+00  ,2.092977451400e+00  ,2.069120376383e+00  ,2.045941388684e+00  ,2.023311306588e+00  ,2.001280393926e+00  ,1.979876952028e+00  ,1.959050907966e+00  ,1.938643646734e+00  ,1.918835636580e+00  ,1.899412113477e+00  
  5.564300877993e-07  ,2.417046720829e+00  ,2.381795666245e+00  ,2.347625083053e+00  ,2.314706952890e+00  ,2.282868499416e+00  ,2.252552713117e+00  ,2.223778692851e+00  ,2.195945846779e+00  ,2.168980447076e+00  ,2.142913932170e+00  ,2.117532053540e+00  ,2.092977451400e+00  ,2.069120376383e+00  ,2.045941388684e+00  ,2.023311306588e+00  ,2.001280393926e+00  ,1.979876952028e+00  ,1.959050907966e+00  ,1.938643646734e+00  ,1.918835636580e+00  ,1.899412113477e+00  
  5.574301419800e-07  ,2.417046720829e+00  ,2.381795666245e+00  ,2.347625083053e+00  ,2.314706952890e+00  ,2.282868499416e+00  ,2.252552713117e+00  ,2.223778692851e+00  ,2.195945846779e+00  ,2.168980447076e+00  ,2.142913932170e+00  ,2.117532053540e+00  ,2.092977451400e+00  ,2.069120376383e+00  ,2.045941388684e+00  ,2.023311306588e+00  ,2.001280393926e+00  ,1.979876952028e+00  ,1.959050907966e+00  ,1.938643646734e+00  ,1.918835636580e+00  ,1.899412113477e+00  
  5.584301961606e-07  ,2.417046720829e+00  ,2.381795666245e+00  ,2.347625083053e+00  ,2.314706952890e+00  ,2.282868499416e+00  ,2.252552713117e+00  ,2.223778692851e+00  ,2.195945846779e+00  ,2.168980447076e+00  ,2.142913932170e+00  ,2.117532053540e+00  ,2.092977451400e+00  ,2.069120376383e+00  ,2.045941388684e+00  ,2.023311306588e+00  ,2.001280393926e+00  ,1.979876952028e+00  ,1.959050907966e+00  ,1.938643646734e+00  ,1.918835636580e+00  ,1.899412113477e+00  
  5.594302503412e-07  ,2.417046720829e+00  ,2.381795666245e+00  ,2.347625083053e+00  ,2.314706952890e+00  ,2.282868499416e+00  ,2.252552713117e+00  ,2.223778692851e+00  ,2.195945846779e+00  ,2.168980447076e+00  ,2.142913932170e+00  ,2.117532053540e+00  ,2.092977451400e+00  ,2.069120376383e+00  ,2.045941388684e+00  ,2.023311306588e+00  ,2.001280393926e+00  ,1.979876952028e+00  ,1.959050907966e+00  ,1.938643646734e+00  ,1.918835636580e+00  ,1.899412113477e+00  
  5.604303045218e-07  ,2.417046720829e+00  ,2.381795666245e+00  ,2.347625083053e+00  ,2.314706952890e+00  ,2.282868499416e+00  ,2.252552713117e+00  ,2.223778692851e+00  ,2.195945846779e+00  ,2.168980447076e+00  ,2.142913932170e+00  ,2.117532053540e+00  ,2.092977451400e+00  ,2.069120376383e+00  ,2.045941388684e+00  ,2.023311306588e+00  ,2.001280393926e+00  ,1.979876952028e+00  ,1.959050907966e+00  ,1.938643646734e+00  ,1.918835636580e+00  ,1.899412113477e+00  
  5.614303587025e-07  ,2.417046720829e+00  ,2.381795666245e+00  ,2.347625083053e+00  ,2.314706952890e+00  ,2.282868499416e+00  ,2.252552713117e+00  ,2.223778692851e+00  ,2.195945846779e+00  ,2.168980447076e+00  ,2.142913932170e+00  ,2.117532053540e+00  ,2.092977451400e+00  ,2.069120376383e+00  ,2.045941388684e+00  ,2.023311306588e+00  ,2.001280393926e+00  ,1.979876952028e+00  ,1.959050907966e+00  ,1.938643646734e+00  ,1.918835636580e+00  ,1.899412113477e+00  
  5.624304128831e-07  ,2.417046720829e+00  ,2.381795666245e+00  ,2.347625083053e+00  ,2.314706952890e+00  ,2.282868499416e+00  ,2.252552713117e+00  ,2.223778692851e+00  ,2.195945846779e+00  ,2.168980447076e+00  ,2.142913932170e+00  ,2.117532053540e+00  ,2.092977451400e+00  ,2.069120376383e+00  ,2.045941388684e+00  ,2.023311306588e+00  ,2.001280393926e+00  ,1.979876952028e+00  ,1.959050907966e+00  ,1.938643646734e+00  ,1.918835636580e+00  ,1.899412113477e+00  
  5.634304670637e-07  ,2.417046720829e+00  ,2.381795666245e+00  ,2.347625083053e+00  ,2.314706952890e+00  ,2.282868499416e+00  ,2.252552713117e+00  ,2.223778692851e+00  ,2.195945846779e+00  ,2.168980447076e+00  ,2.142913932170e+00  ,2.117532053540e+00  ,2.092977451400e+00  ,2.069120376383e+00  ,2.045941388684e+00  ,2.023311306588e+00  ,2.001280393926e+00  ,1.979876952028e+00  ,1.959050907966e+00  ,1.938643646734e+00  ,1.918835636580e+00  ,1.899412113477e+00  
  5.644305212443e-07  ,2.417046720829e+00  ,2.381795666245e+00  ,2.347625083053e+00  ,2.314706952890e+00  ,2.282868499416e+00  ,2.252552713117e+00  ,2.223778692851e+00  ,2.195945846779e+00  ,2.168980447076e+00  ,2.142913932170e+00  ,2.117532053540e+00  ,2.092977451400e+00  ,2.069120376383e+00  ,2.045941388684e+00  ,2.023311306588e+00  ,2.001280393926e+00  ,1.979876952028e+00  ,1.959050907966e+00  ,1.938643646734e+00  ,1.918835636580e+00  ,1.899412113477e+00  
  5.654305754249e-07  ,2.417046720829e+00  ,2.381795666245e+00  ,2.347625083053e+00  ,2.314706952890e+00  ,2.282868499416e+00  ,2.252552713117e+00  ,2.223778692851e+00  ,2.195945846779e+00  ,2.168980447076e+00  ,2.142913932170e+00  ,2.117532053540e+00  ,2.092977451400e+00  ,2.069120376383e+00  ,2.045941388684e+00  ,2.023311306588e+00  ,2.001280393926e+00  ,1.979876952028e+00  ,1.959050907966e+00  ,1.938643646734e+00  ,1.918835636580e+00  ,1.899412113477e+00  
  5.664306296056e-07  ,2.417046720829e+00  ,2.381795666245e+00  ,2.347625083053e+00  ,2.314706952890e+00  ,2.282868499416e+00  ,2.252552713117e+00  ,2.223778692851e+00  ,2.195945846779e+00  ,2.168980447076e+00  ,2.142913932170e+00  ,2.117532053540e+00  ,2.092977451400e+00  ,2.069120376383e+00  ,2.045941388684e+00  ,2.023311306588e+00  ,2.001280393926e+00  ,1.979876952028e+00  ,1.959050907966e+00  ,1.938643646734e+00  ,1.918835636580e+00  ,1.899412113477e+00  
  5.674306837862e-07  ,2.417046720829e+00  ,2.381795666245e+00  ,2.347625083053e+00  ,2.314706952890e+00  ,2.282868499416e+00  ,2.252552713117e+00  ,2.223778692851e+00  ,2.195945846779e+00  ,2.168980447076e+00  ,2.142913932170e+00  ,2.117532053540e+00  ,2.092977451400e+00  ,2.069120376383e+00  ,2.045941388684e+00  ,2.023311306588e+00  ,2.001280393926e+00  ,1.979876952028e+00  ,1.959050907966e+00  ,1.938643646734e+00  ,1.918835636580e+00  ,1.899412113477e+00  
  5.684307379668e-07  ,2.417046720829e+00  ,2.381795666245e+00  ,2.347625083053e+00  ,2.314706952890e+00  ,2.282868499416e+00  ,2.252552713117e+00  ,2.223778692851e+00  ,2.195945846779e+00  ,2.168980447076e+00  ,2.142913932170e+00  ,2.117532053540e+00  ,2.092977451400e+00  ,2.069120376383e+00  ,2.045941388684e+00  ,2.023311306588e+00  ,2.001280393926e+00  ,1.979876952028e+00  ,1.959050907966e+00  ,1.938643646734e+00  ,1.918835636580e+00  ,1.899412113477e+00  
  5.694307921474e-07  ,2.417046720829e+00  ,2.381795666245e+00  ,2.347625083053e+00  ,2.314706952890e+00  ,2.282868499416e+00  ,2.252552713117e+00  ,2.223778692851e+00  ,2.195945846779e+00  ,2.168980447076e+00  ,2.142913932170e+00  ,2.117532053540e+00  ,2.092977451400e+00  ,2.069120376383e+00  ,2.045941388684e+00  ,2.023311306588e+00  ,2.001280393926e+00  ,1.979876952028e+00  ,1.959050907966e+00  ,1.938643646734e+00  ,1.918835636580e+00  ,1.899412113477e+00  
  5.704308463281e-07  ,2.417046720829e+00  ,2.381795666245e+00  ,2.347625083053e+00  ,2.314706952890e+00  ,2.282868499416e+00  ,2.252552713117e+00  ,2.223778692851e+00  ,2.195945846779e+00  ,2.168980447076e+00  ,2.142913932170e+00  ,2.117532053540e+00  ,2.092977451400e+00  ,2.069120376383e+00  ,2.045941388684e+00  ,2.023311306588e+00  ,2.001280393926e+00  ,1.979876952028e+00  ,1.959050907966e+00  ,1.938643646734e+00  ,1.918835636580e+00  ,1.899412113477e+00  
  5.714309005087e-07  ,2.417046720829e+00  ,2.381795666245e+00  ,2.347625083053e+00  ,2.314706952890e+00  ,2.282868499416e+00  ,2.252552713117e+00  ,2.223778692851e+00  ,2.195945846779e+00  ,2.168980447076e+00  ,2.142913932170e+00  ,2.117532053540e+00  ,2.092977451400e+00  ,2.069120376383e+00  ,2.045941388684e+00  ,2.023311306588e+00  ,2.001280393926e+00  ,1.979876952028e+00  ,1.959050907966e+00  ,1.938643646734e+00  ,1.918835636580e+00  ,1.899412113477e+00  
  5.724309546893e-07  ,2.417046720829e+00  ,2.381795666245e+00  ,2.347625083053e+00  ,2.314706952890e+00  ,2.282868499416e+00  ,2.252552713117e+00  ,2.223778692851e+00  ,2.195945846779e+00  ,2.168980447076e+00  ,2.142913932170e+00  ,2.117532053540e+00  ,2.092977451400e+00  ,2.069120376383e+00  ,2.045941388684e+00  ,2.023311306588e+00  ,2.001280393926e+00  ,1.979876952028e+00  ,1.959050907966e+00  ,1.938643646734e+00  ,1.918835636580e+00  ,1.899412113477e+00  
  5.734310088699e-07  ,2.417046720829e+00  ,2.381795666245e+00  ,2.347625083053e+00  ,2.314706952890e+00  ,2.282868499416e+00  ,2.252552713117e+00  ,2.223778692851e+00  ,2.195945846779e+00  ,2.168980447076e+00  ,2.142913932170e+00  ,2.117532053540e+00  ,2.092977451400e+00  ,2.069120376383e+00  ,2.045941388684e+00  ,2.023311306588e+00  ,2.001280393926e+00  ,1.979876952028e+00  ,1.959050907966e+00  ,1.938643646734e+00  ,1.918835636580e+00  ,1.899412113477e+00  
  5.744310630505e-07  ,2.417046720829e+00  ,2.381795666245e+00  ,2.347625083053e+00  ,2.314706952890e+00  ,2.282868499416e+00  ,2.252552713117e+00  ,2.223778692851e+00  ,2.195945846779e+00  ,2.168980447076e+00  ,2.142913932170e+00  ,2.117532053540e+00  ,2.092977451400e+00  ,2.069120376383e+00  ,2.045941388684e+00  ,2.023311306588e+00  ,2.001280393926e+00  ,1.979876952028e+00  ,1.959050907966e+00  ,1.938643646734e+00  ,1.918835636580e+00  ,1.899412113477e+00  
  5.754311172312e-07  ,2.417046720829e+00  ,2.381795666245e+00  ,2.347625083053e+00  ,2.314706952890e+00  ,2.282868499416e+00  ,2.252552713117e+00  ,2.223778692851e+00  ,2.195945846779e+00  ,2.168980447076e+00  ,2.142913932170e+00  ,2.117532053540e+00  ,2.092977451400e+00  ,2.069120376383e+00  ,2.045941388684e+00  ,2.023311306588e+00  ,2.001280393926e+00  ,1.979876952028e+00  ,1.959050907966e+00  ,1.938643646734e+00  ,1.918835636580e+00  ,1.899412113477e+00  
  5.764311714118e-07  ,2.417046720829e+00  ,2.381795666245e+00  ,2.347625083053e+00  ,2.314706952890e+00  ,2.282868499416e+00  ,2.252552713117e+00  ,2.223778692851e+00  ,2.195945846779e+00  ,2.168980447076e+00  ,2.142913932170e+00  ,2.117532053540e+00  ,2.092977451400e+00  ,2.069120376383e+00  ,2.045941388684e+00  ,2.023311306588e+00  ,2.001280393926e+00  ,1.979876952028e+00  ,1.959050907966e+00  ,1.938643646734e+00  ,1.918835636580e+00  ,1.899412113477e+00  
  5.774312255924e-07  ,2.417046720829e+00  ,2.381795666245e+00  ,2.347625083053e+00  ,2.314706952890e+00  ,2.282868499416e+00  ,2.252552713117e+00  ,2.223778692851e+00  ,2.195945846779e+00  ,2.168980447076e+00  ,2.142913932170e+00  ,2.117532053540e+00  ,2.092977451400e+00  ,2.069120376383e+00  ,2.045941388684e+00  ,2.023311306588e+00  ,2.001280393926e+00  ,1.979876952028e+00  ,1.959050907966e+00  ,1.938643646734e+00  ,1.918835636580e+00  ,1.899412113477e+00  
  5.784312797730e-07  ,2.417046720829e+00  ,2.381795666245e+00  ,2.347625083053e+00  ,2.314706952890e+00  ,2.282868499416e+00  ,2.252552713117e+00  ,2.223778692851e+00  ,2.195945846779e+00  ,2.168980447076e+00  ,2.142913932170e+00  ,2.117532053540e+00  ,2.092977451400e+00  ,2.069120376383e+00  ,2.045941388684e+00  ,2.023311306588e+00  ,2.001280393926e+00  ,1.979876952028e+00  ,1.959050907966e+00  ,1.938643646734e+00  ,1.918835636580e+00  ,1.899412113477e+00  
  5.794313339537e-07  ,2.417046720829e+00  ,2.381795666245e+00  ,2.347625083053e+00  ,2.314706952890e+00  ,2.282868499416e+00  ,2.252552713117e+00  ,2.223778692851e+00  ,2.195945846779e+00  ,2.168980447076e+00  ,2.142913932170e+00  ,2.117532053540e+00  ,2.092977451400e+00  ,2.069120376383e+00  ,2.045941388684e+00  ,2.023311306588e+00  ,2.001280393926e+00  ,1.979876952028e+00  ,1.959050907966e+00  ,1.938643646734e+00  ,1.918835636580e+00  ,1.899412113477e+00  
  5.804313881343e-07  ,2.417046720829e+00  ,2.381795666245e+00  ,2.347625083053e+00  ,2.314706952890e+00  ,2.282868499416e+00  ,2.252552713117e+00  ,2.223778692851e+00  ,2.195945846779e+00  ,2.168980447076e+00  ,2.142913932170e+00  ,2.117532053540e+00  ,2.092977451400e+00  ,2.069120376383e+00  ,2.045941388684e+00  ,2.023311306588e+00  ,2.001280393926e+00  ,1.979876952028e+00  ,1.959050907966e+00  ,1.938643646734e+00  ,1.918835636580e+00  ,1.899412113477e+00  
  5.814314423149e-07  ,2.417046720829e+00  ,2.381795666245e+00  ,2.347625083053e+00  ,2.314706952890e+00  ,2.282868499416e+00  ,2.252552713117e+00  ,2.223778692851e+00  ,2.195945846779e+00  ,2.168980447076e+00  ,2.142913932170e+00  ,2.117532053540e+00  ,2.092977451400e+00  ,2.069120376383e+00  ,2.045941388684e+00  ,2.023311306588e+00  ,2.001280393926e+00  ,1.979876952028e+00  ,1.959050907966e+00  ,1.938643646734e+00  ,1.918835636580e+00  ,1.899412113477e+00  
  5.824314964955e-07  ,2.417046720829e+00  ,2.381795666245e+00  ,2.347625083053e+00  ,2.314706952890e+00  ,2.282868499416e+00  ,2.252552713117e+00  ,2.223778692851e+00  ,2.195945846779e+00  ,2.168980447076e+00  ,2.142913932170e+00  ,2.117532053540e+00  ,2.092977451400e+00  ,2.069120376383e+00  ,2.045941388684e+00  ,2.023311306588e+00  ,2.001280393926e+00  ,1.979876952028e+00  ,1.959050907966e+00  ,1.938643646734e+00  ,1.918835636580e+00  ,1.899412113477e+00  
  5.834315506761e-07  ,2.417046720829e+00  ,2.381795666245e+00  ,2.347625083053e+00  ,2.314706952890e+00  ,2.282868499416e+00  ,2.252552713117e+00  ,2.223778692851e+00  ,2.195945846779e+00  ,2.168980447076e+00  ,2.142913932170e+00  ,2.117532053540e+00  ,2.092977451400e+00  ,2.069120376383e+00  ,2.045941388684e+00  ,2.023311306588e+00  ,2.001280393926e+00  ,1.979876952028e+00  ,1.959050907966e+00  ,1.938643646734e+00  ,1.918835636580e+00  ,1.899412113477e+00  
  5.844316048568e-07  ,2.417046720829e+00  ,2.381795666245e+00  ,2.347625083053e+00  ,2.314706952890e+00  ,2.282868499416e+00  ,2.252552713117e+00  ,2.223778692851e+00  ,2.195945846779e+00  ,2.168980447076e+00  ,2.142913932170e+00  ,2.117532053540e+00  ,2.092977451400e+00  ,2.069120376383e+00  ,2.045941388684e+00  ,2.023311306588e+00  ,2.001280393926e+00  ,1.979876952028e+00  ,1.959050907966e+00  ,1.938643646734e+00  ,1.918835636580e+00  ,1.899412113477e+00  
  5.854316590374e-07  ,2.417046720829e+00  ,2.381795666245e+00  ,2.347625083053e+00  ,2.314706952890e+00  ,2.282868499416e+00  ,2.252552713117e+00  ,2.223778692851e+00  ,2.195945846779e+00  ,2.168980447076e+00  ,2.142913932170e+00  ,2.117532053540e+00  ,2.092977451400e+00  ,2.069120376383e+00  ,2.045941388684e+00  ,2.023311306588e+00  ,2.001280393926e+00  ,1.979876952028e+00  ,1.959050907966e+00  ,1.938643646734e+00  ,1.918835636580e+00  ,1.899412113477e+00  
  5.864317132180e-07  ,2.417046720829e+00  ,2.381795666245e+00  ,2.347625083053e+00  ,2.314706952890e+00  ,2.282868499416e+00  ,2.252552713117e+00  ,2.223778692851e+00  ,2.195945846779e+00  ,2.168980447076e+00  ,2.142913932170e+00  ,2.117532053540e+00  ,2.092977451400e+00  ,2.069120376383e+00  ,2.045941388684e+00  ,2.023311306588e+00  ,2.001280393926e+00  ,1.979876952028e+00  ,1.959050907966e+00  ,1.938643646734e+00  ,1.918835636580e+00  ,1.899412113477e+00  
  5.874317673986e-07  ,2.417046720829e+00  ,2.381795666245e+00  ,2.347625083053e+00  ,2.314706952890e+00  ,2.282868499416e+00  ,2.252552713117e+00  ,2.223778692851e+00  ,2.195945846779e+00  ,2.168980447076e+00  ,2.142913932170e+00  ,2.117532053540e+00  ,2.092977451400e+00  ,2.069120376383e+00  ,2.045941388684e+00  ,2.023311306588e+00  ,2.001280393926e+00  ,1.979876952028e+00  ,1.959050907966e+00  ,1.938643646734e+00  ,1.918835636580e+00  ,1.899412113477e+00  
  5.884318215793e-07  ,2.417046720829e+00  ,2.381795666245e+00  ,2.347625083053e+00  ,2.314706952890e+00  ,2.282868499416e+00  ,2.252552713117e+00  ,2.223778692851e+00  ,2.195945846779e+00  ,2.168980447076e+00  ,2.142913932170e+00  ,2.117532053540e+00  ,2.092977451400e+00  ,2.069120376383e+00  ,2.045941388684e+00  ,2.023311306588e+00  ,2.001280393926e+00  ,1.979876952028e+00  ,1.959050907966e+00  ,1.938643646734e+00  ,1.918835636580e+00  ,1.899412113477e+00  
  5.894318757599e-07  ,2.417046720829e+00  ,2.381795666245e+00  ,2.347625083053e+00  ,2.314706952890e+00  ,2.282868499416e+00  ,2.252552713117e+00  ,2.223778692851e+00  ,2.195945846779e+00  ,2.168980447076e+00  ,2.142913932170e+00  ,2.117532053540e+00  ,2.092977451400e+00  ,2.069120376383e+00  ,2.045941388684e+00  ,2.023311306588e+00  ,2.001280393926e+00  ,1.979876952028e+00  ,1.959050907966e+00  ,1.938643646734e+00  ,1.918835636580e+00  ,1.899412113477e+00  
  5.904319299405e-07  ,2.417046720829e+00  ,2.381795666245e+00  ,2.347625083053e+00  ,2.314706952890e+00  ,2.282868499416e+00  ,2.252552713117e+00  ,2.223778692851e+00  ,2.195945846779e+00  ,2.168980447076e+00  ,2.142913932170e+00  ,2.117532053540e+00  ,2.092977451400e+00  ,2.069120376383e+00  ,2.045941388684e+00  ,2.023311306588e+00  ,2.001280393926e+00  ,1.979876952028e+00  ,1.959050907966e+00  ,1.938643646734e+00  ,1.918835636580e+00  ,1.899412113477e+00  
  5.914319841211e-07  ,2.417046720829e+00  ,2.381795666245e+00  ,2.347625083053e+00  ,2.314706952890e+00  ,2.282868499416e+00  ,2.252552713117e+00  ,2.223778692851e+00  ,2.195945846779e+00  ,2.168980447076e+00  ,2.142913932170e+00  ,2.117532053540e+00  ,2.092977451400e+00  ,2.069120376383e+00  ,2.045941388684e+00  ,2.023311306588e+00  ,2.001280393926e+00  ,1.979876952028e+00  ,1.959050907966e+00  ,1.938643646734e+00  ,1.918835636580e+00  ,1.899412113477e+00  
  5.924320383017e-07  ,2.417046720829e+00  ,2.381795666245e+00  ,2.347625083053e+00  ,2.314706952890e+00  ,2.282868499416e+00  ,2.252552713117e+00  ,2.223778692851e+00  ,2.195945846779e+00  ,2.168980447076e+00  ,2.142913932170e+00  ,2.117532053540e+00  ,2.092977451400e+00  ,2.069120376383e+00  ,2.045941388684e+00  ,2.023311306588e+00  ,2.001280393926e+00  ,1.979876952028e+00  ,1.959050907966e+00  ,1.938643646734e+00  ,1.918835636580e+00  ,1.899412113477e+00  
  5.934320924824e-07  ,2.417046720829e+00  ,2.381795666245e+00  ,2.347625083053e+00  ,2.314706952890e+00  ,2.282868499416e+00  ,2.252552713117e+00  ,2.223778692851e+00  ,2.195945846779e+00  ,2.168980447076e+00  ,2.142913932170e+00  ,2.117532053540e+00  ,2.092977451400e+00  ,2.069120376383e+00  ,2.045941388684e+00  ,2.023311306588e+00  ,2.001280393926e+00  ,1.979876952028e+00  ,1.959050907966e+00  ,1.938643646734e+00  ,1.918835636580e+00  ,1.899412113477e+00  
  5.944321466630e-07  ,2.417046720829e+00  ,2.381795666245e+00  ,2.347625083053e+00  ,2.314706952890e+00  ,2.282868499416e+00  ,2.252552713117e+00  ,2.223778692851e+00  ,2.195945846779e+00  ,2.168980447076e+00  ,2.142913932170e+00  ,2.117532053540e+00  ,2.092977451400e+00  ,2.069120376383e+00  ,2.045941388684e+00  ,2.023311306588e+00  ,2.001280393926e+00  ,1.979876952028e+00  ,1.959050907966e+00  ,1.938643646734e+00  ,1.918835636580e+00  ,1.899412113477e+00  
  5.954322008436e-07  ,2.417046720829e+00  ,2.381795666245e+00  ,2.347625083053e+00  ,2.314706952890e+00  ,2.282868499416e+00  ,2.252552713117e+00  ,2.223778692851e+00  ,2.195945846779e+00  ,2.168980447076e+00  ,2.142913932170e+00  ,2.117532053540e+00  ,2.092977451400e+00  ,2.069120376383e+00  ,2.045941388684e+00  ,2.023311306588e+00  ,2.001280393926e+00  ,1.979876952028e+00  ,1.959050907966e+00  ,1.938643646734e+00  ,1.918835636580e+00  ,1.899412113477e+00  
  5.964322550242e-07  ,2.417046720829e+00  ,2.381795666245e+00  ,2.347625083053e+00  ,2.314706952890e+00  ,2.282868499416e+00  ,2.252552713117e+00  ,2.223778692851e+00  ,2.195945846779e+00  ,2.168980447076e+00  ,2.142913932170e+00  ,2.117532053540e+00  ,2.092977451400e+00  ,2.069120376383e+00  ,2.045941388684e+00  ,2.023311306588e+00  ,2.001280393926e+00  ,1.979876952028e+00  ,1.959050907966e+00  ,1.938643646734e+00  ,1.918835636580e+00  ,1.899412113477e+00  
  5.974323092049e-07  ,2.417046720829e+00  ,2.381795666245e+00  ,2.347625083053e+00  ,2.314706952890e+00  ,2.282868499416e+00  ,2.252552713117e+00  ,2.223778692851e+00  ,2.195945846779e+00  ,2.168980447076e+00  ,2.142913932170e+00  ,2.117532053540e+00  ,2.092977451400e+00  ,2.069120376383e+00  ,2.045941388684e+00  ,2.023311306588e+00  ,2.001280393926e+00  ,1.979876952028e+00  ,1.959050907966e+00  ,1.938643646734e+00  ,1.918835636580e+00  ,1.899412113477e+00  
  5.984323633855e-07  ,2.417046720829e+00  ,2.381795666245e+00  ,2.347625083053e+00  ,2.314706952890e+00  ,2.282868499416e+00  ,2.252552713117e+00  ,2.223778692851e+00  ,2.195945846779e+00  ,2.168980447076e+00  ,2.142913932170e+00  ,2.117532053540e+00  ,2.092977451400e+00  ,2.069120376383e+00  ,2.045941388684e+00  ,2.023311306588e+00  ,2.001280393926e+00  ,1.979876952028e+00  ,1.959050907966e+00  ,1.938643646734e+00  ,1.918835636580e+00  ,1.899412113477e+00  
  5.994324175661e-07  ,2.417046720829e+00  ,2.381795666245e+00  ,2.347625083053e+00  ,2.314706952890e+00  ,2.282868499416e+00  ,2.252552713117e+00  ,2.223778692851e+00  ,2.195945846779e+00  ,2.168980447076e+00  ,2.142913932170e+00  ,2.117532053540e+00  ,2.092977451400e+00  ,2.069120376383e+00  ,2.045941388684e+00  ,2.023311306588e+00  ,2.001280393926e+00  ,1.979876952028e+00  ,1.959050907966e+00  ,1.938643646734e+00  ,1.918835636580e+00  ,1.899412113477e+00  
  6.004324717467e-07  ,2.417046720829e+00  ,2.381795666245e+00  ,2.347625083053e+00  ,2.314706952890e+00  ,2.282868499416e+00  ,2.252552713117e+00  ,2.223778692851e+00  ,2.195945846779e+00  ,2.168980447076e+00  ,2.142913932170e+00  ,2.117532053540e+00  ,2.092977451400e+00  ,2.069120376383e+00  ,2.045941388684e+00  ,2.023311306588e+00  ,2.001280393926e+00  ,1.979876952028e+00  ,1.959050907966e+00  ,1.938643646734e+00  ,1.918835636580e+00  ,1.899412113477e+00  
  6.014325259273e-07  ,2.417046720829e+00  ,2.381795666245e+00  ,2.347625083053e+00  ,2.314706952890e+00  ,2.282868499416e+00  ,2.252552713117e+00  ,2.223778692851e+00  ,2.195945846779e+00  ,2.168980447076e+00  ,2.142913932170e+00  ,2.117532053540e+00  ,2.092977451400e+00  ,2.069120376383e+00  ,2.045941388684e+00  ,2.023311306588e+00  ,2.001280393926e+00  ,1.979876952028e+00  ,1.959050907966e+00  ,1.938643646734e+00  ,1.918835636580e+00  ,1.899412113477e+00  
  6.024325801080e-07  ,2.417046720829e+00  ,2.381795666245e+00  ,2.347625083053e+00  ,2.314706952890e+00  ,2.282868499416e+00  ,2.252552713117e+00  ,2.223778692851e+00  ,2.195945846779e+00  ,2.168980447076e+00  ,2.142913932170e+00  ,2.117532053540e+00  ,2.092977451400e+00  ,2.069120376383e+00  ,2.045941388684e+00  ,2.023311306588e+00  ,2.001280393926e+00  ,1.979876952028e+00  ,1.959050907966e+00  ,1.938643646734e+00  ,1.918835636580e+00  ,1.899412113477e+00  
  6.034326342886e-07  ,2.417046720829e+00  ,2.381795666245e+00  ,2.347625083053e+00  ,2.314706952890e+00  ,2.282868499416e+00  ,2.252552713117e+00  ,2.223778692851e+00  ,2.195945846779e+00  ,2.168980447076e+00  ,2.142913932170e+00  ,2.117532053540e+00  ,2.092977451400e+00  ,2.069120376383e+00  ,2.045941388684e+00  ,2.023311306588e+00  ,2.001280393926e+00  ,1.979876952028e+00  ,1.959050907966e+00  ,1.938643646734e+00  ,1.918835636580e+00  ,1.899412113477e+00  
  6.044326884692e-07  ,2.417046720829e+00  ,2.381795666245e+00  ,2.347625083053e+00  ,2.314706952890e+00  ,2.282868499416e+00  ,2.252552713117e+00  ,2.223778692851e+00  ,2.195945846779e+00  ,2.168980447076e+00  ,2.142913932170e+00  ,2.117532053540e+00  ,2.092977451400e+00  ,2.069120376383e+00  ,2.045941388684e+00  ,2.023311306588e+00  ,2.001280393926e+00  ,1.979876952028e+00  ,1.959050907966e+00  ,1.938643646734e+00  ,1.918835636580e+00  ,1.899412113477e+00  
  6.054327426498e-07  ,2.417046720829e+00  ,2.381795666245e+00  ,2.347625083053e+00  ,2.314706952890e+00  ,2.282868499416e+00  ,2.252552713117e+00  ,2.223778692851e+00  ,2.195945846779e+00  ,2.168980447076e+00  ,2.142913932170e+00  ,2.117532053540e+00  ,2.092977451400e+00  ,2.069120376383e+00  ,2.045941388684e+00  ,2.023311306588e+00  ,2.001280393926e+00  ,1.979876952028e+00  ,1.959050907966e+00  ,1.938643646734e+00  ,1.918835636580e+00  ,1.899412113477e+00  
  6.064327968305e-07  ,2.417046720829e+00  ,2.381795666245e+00  ,2.347625083053e+00  ,2.314706952890e+00  ,2.282868499416e+00  ,2.252552713117e+00  ,2.223778692851e+00  ,2.195945846779e+00  ,2.168980447076e+00  ,2.142913932170e+00  ,2.117532053540e+00  ,2.092977451400e+00  ,2.069120376383e+00  ,2.045941388684e+00  ,2.023311306588e+00  ,2.001280393926e+00  ,1.979876952028e+00  ,1.959050907966e+00  ,1.938643646734e+00  ,1.918835636580e+00  ,1.899412113477e+00  
  6.074328510111e-07  ,2.417046720829e+00  ,2.381795666245e+00  ,2.347625083053e+00  ,2.314706952890e+00  ,2.282868499416e+00  ,2.252552713117e+00  ,2.223778692851e+00  ,2.195945846779e+00  ,2.168980447076e+00  ,2.142913932170e+00  ,2.117532053540e+00  ,2.092977451400e+00  ,2.069120376383e+00  ,2.045941388684e+00  ,2.023311306588e+00  ,2.001280393926e+00  ,1.979876952028e+00  ,1.959050907966e+00  ,1.938643646734e+00  ,1.918835636580e+00  ,1.899412113477e+00  
  6.084329051917e-07  ,2.417046720829e+00  ,2.381795666245e+00  ,2.347625083053e+00  ,2.314706952890e+00  ,2.282868499416e+00  ,2.252552713117e+00  ,2.223778692851e+00  ,2.195945846779e+00  ,2.168980447076e+00  ,2.142913932170e+00  ,2.117532053540e+00  ,2.092977451400e+00  ,2.069120376383e+00  ,2.045941388684e+00  ,2.023311306588e+00  ,2.001280393926e+00  ,1.979876952028e+00  ,1.959050907966e+00  ,1.938643646734e+00  ,1.918835636580e+00  ,1.899412113477e+00  
  6.094329593723e-07  ,2.417046720829e+00  ,2.381795666245e+00  ,2.347625083053e+00  ,2.314706952890e+00  ,2.282868499416e+00  ,2.252552713117e+00  ,2.223778692851e+00  ,2.195945846779e+00  ,2.168980447076e+00  ,2.142913932170e+00  ,2.117532053540e+00  ,2.092977451400e+00  ,2.069120376383e+00  ,2.045941388684e+00  ,2.023311306588e+00  ,2.001280393926e+00  ,1.979876952028e+00  ,1.959050907966e+00  ,1.938643646734e+00  ,1.918835636580e+00  ,1.899412113477e+00  
  6.104330135529e-07  ,2.417046720829e+00  ,2.381795666245e+00  ,2.347625083053e+00  ,2.314706952890e+00  ,2.282868499416e+00  ,2.252552713117e+00  ,2.223778692851e+00  ,2.195945846779e+00  ,2.168980447076e+00  ,2.142913932170e+00  ,2.117532053540e+00  ,2.092977451400e+00  ,2.069120376383e+00  ,2.045941388684e+00  ,2.023311306588e+00  ,2.001280393926e+00  ,1.979876952028e+00  ,1.959050907966e+00  ,1.938643646734e+00  ,1.918835636580e+00  ,1.899412113477e+00  
  6.114330677336e-07  ,2.417046720829e+00  ,2.381795666245e+00  ,2.347625083053e+00  ,2.314706952890e+00  ,2.282868499416e+00  ,2.252552713117e+00  ,2.223778692851e+00  ,2.195945846779e+00  ,2.168980447076e+00  ,2.142913932170e+00  ,2.117532053540e+00  ,2.092977451400e+00  ,2.069120376383e+00  ,2.045941388684e+00  ,2.023311306588e+00  ,2.001280393926e+00  ,1.979876952028e+00  ,1.959050907966e+00  ,1.938643646734e+00  ,1.918835636580e+00  ,1.899412113477e+00  
  6.124331219142e-07  ,2.417046720829e+00  ,2.381795666245e+00  ,2.347625083053e+00  ,2.314706952890e+00  ,2.282868499416e+00  ,2.252552713117e+00  ,2.223778692851e+00  ,2.195945846779e+00  ,2.168980447076e+00  ,2.142913932170e+00  ,2.117532053540e+00  ,2.092977451400e+00  ,2.069120376383e+00  ,2.045941388684e+00  ,2.023311306588e+00  ,2.001280393926e+00  ,1.979876952028e+00  ,1.959050907966e+00  ,1.938643646734e+00  ,1.918835636580e+00  ,1.899412113477e+00  
  6.134331760948e-07  ,2.417046720829e+00  ,2.381795666245e+00  ,2.347625083053e+00  ,2.314706952890e+00  ,2.282868499416e+00  ,2.252552713117e+00  ,2.223778692851e+00  ,2.195945846779e+00  ,2.168980447076e+00  ,2.142913932170e+00  ,2.117532053540e+00  ,2.092977451400e+00  ,2.069120376383e+00  ,2.045941388684e+00  ,2.023311306588e+00  ,2.001280393926e+00  ,1.979876952028e+00  ,1.959050907966e+00  ,1.938643646734e+00  ,1.918835636580e+00  ,1.899412113477e+00  
  6.144332302754e-07  ,2.417046720829e+00  ,2.381795666245e+00  ,2.347625083053e+00  ,2.314706952890e+00  ,2.282868499416e+00  ,2.252552713117e+00  ,2.223778692851e+00  ,2.195945846779e+00  ,2.168980447076e+00  ,2.142913932170e+00  ,2.117532053540e+00  ,2.092977451400e+00  ,2.069120376383e+00  ,2.045941388684e+00  ,2.023311306588e+00  ,2.001280393926e+00  ,1.979876952028e+00  ,1.959050907966e+00  ,1.938643646734e+00  ,1.918835636580e+00  ,1.899412113477e+00  
  6.154332844561e-07  ,2.417046720829e+00  ,2.381795666245e+00  ,2.347625083053e+00  ,2.314706952890e+00  ,2.282868499416e+00  ,2.252552713117e+00  ,2.223778692851e+00  ,2.195945846779e+00  ,2.168980447076e+00  ,2.142913932170e+00  ,2.117532053540e+00  ,2.092977451400e+00  ,2.069120376383e+00  ,2.045941388684e+00  ,2.023311306588e+00  ,2.001280393926e+00  ,1.979876952028e+00  ,1.959050907966e+00  ,1.938643646734e+00  ,1.918835636580e+00  ,1.899412113477e+00  
  6.164333386367e-07  ,2.417046720829e+00  ,2.381795666245e+00  ,2.347625083053e+00  ,2.314706952890e+00  ,2.282868499416e+00  ,2.252552713117e+00  ,2.223778692851e+00  ,2.195945846779e+00  ,2.168980447076e+00  ,2.142913932170e+00  ,2.117532053540e+00  ,2.092977451400e+00  ,2.069120376383e+00  ,2.045941388684e+00  ,2.023311306588e+00  ,2.001280393926e+00  ,1.979876952028e+00  ,1.959050907966e+00  ,1.938643646734e+00  ,1.918835636580e+00  ,1.899412113477e+00  
  6.174333928173e-07  ,2.417046720829e+00  ,2.381795666245e+00  ,2.347625083053e+00  ,2.314706952890e+00  ,2.282868499416e+00  ,2.252552713117e+00  ,2.223778692851e+00  ,2.195945846779e+00  ,2.168980447076e+00  ,2.142913932170e+00  ,2.117532053540e+00  ,2.092977451400e+00  ,2.069120376383e+00  ,2.045941388684e+00  ,2.023311306588e+00  ,2.001280393926e+00  ,1.979876952028e+00  ,1.959050907966e+00  ,1.938643646734e+00  ,1.918835636580e+00  ,1.899412113477e+00  
  6.184334469979e-07  ,2.417046720829e+00  ,2.381795666245e+00  ,2.347625083053e+00  ,2.314706952890e+00  ,2.282868499416e+00  ,2.252552713117e+00  ,2.223778692851e+00  ,2.195945846779e+00  ,2.168980447076e+00  ,2.142913932170e+00  ,2.117532053540e+00  ,2.092977451400e+00  ,2.069120376383e+00  ,2.045941388684e+00  ,2.023311306588e+00  ,2.001280393926e+00  ,1.979876952028e+00  ,1.959050907966e+00  ,1.938643646734e+00  ,1.918835636580e+00  ,1.899412113477e+00  
  6.194335011785e-07  ,2.417046720829e+00  ,2.381795666245e+00  ,2.347625083053e+00  ,2.314706952890e+00  ,2.282868499416e+00  ,2.252552713117e+00  ,2.223778692851e+00  ,2.195945846779e+00  ,2.168980447076e+00  ,2.142913932170e+00  ,2.117532053540e+00  ,2.092977451400e+00  ,2.069120376383e+00  ,2.045941388684e+00  ,2.023311306588e+00  ,2.001280393926e+00  ,1.979876952028e+00  ,1.959050907966e+00  ,1.938643646734e+00  ,1.918835636580e+00  ,1.899412113477e+00  
  6.204335553592e-07  ,2.417046720829e+00  ,2.381795666245e+00  ,2.347625083053e+00  ,2.314706952890e+00  ,2.282868499416e+00  ,2.252552713117e+00  ,2.223778692851e+00  ,2.195945846779e+00  ,2.168980447076e+00  ,2.142913932170e+00  ,2.117532053540e+00  ,2.092977451400e+00  ,2.069120376383e+00  ,2.045941388684e+00  ,2.023311306588e+00  ,2.001280393926e+00  ,1.979876952028e+00  ,1.959050907966e+00  ,1.938643646734e+00  ,1.918835636580e+00  ,1.899412113477e+00  
  6.214336095398e-07  ,2.417046720829e+00  ,2.381795666245e+00  ,2.347625083053e+00  ,2.314706952890e+00  ,2.282868499416e+00  ,2.252552713117e+00  ,2.223778692851e+00  ,2.195945846779e+00  ,2.168980447076e+00  ,2.142913932170e+00  ,2.117532053540e+00  ,2.092977451400e+00  ,2.069120376383e+00  ,2.045941388684e+00  ,2.023311306588e+00  ,2.001280393926e+00  ,1.979876952028e+00  ,1.959050907966e+00  ,1.938643646734e+00  ,1.918835636580e+00  ,1.899412113477e+00  
  6.224336637204e-07  ,2.417046720829e+00  ,2.381795666245e+00  ,2.347625083053e+00  ,2.314706952890e+00  ,2.282868499416e+00  ,2.252552713117e+00  ,2.223778692851e+00  ,2.195945846779e+00  ,2.168980447076e+00  ,2.142913932170e+00  ,2.117532053540e+00  ,2.092977451400e+00  ,2.069120376383e+00  ,2.045941388684e+00  ,2.023311306588e+00  ,2.001280393926e+00  ,1.979876952028e+00  ,1.959050907966e+00  ,1.938643646734e+00  ,1.918835636580e+00  ,1.899412113477e+00  
  6.234337179010e-07  ,2.417046720829e+00  ,2.381795666245e+00  ,2.347625083053e+00  ,2.314706952890e+00  ,2.282868499416e+00  ,2.252552713117e+00  ,2.223778692851e+00  ,2.195945846779e+00  ,2.168980447076e+00  ,2.142913932170e+00  ,2.117532053540e+00  ,2.092977451400e+00  ,2.069120376383e+00  ,2.045941388684e+00  ,2.023311306588e+00  ,2.001280393926e+00  ,1.979876952028e+00  ,1.959050907966e+00  ,1.938643646734e+00  ,1.918835636580e+00  ,1.899412113477e+00  
  6.244337720816e-07  ,2.417046720829e+00  ,2.381795666245e+00  ,2.347625083053e+00  ,2.314706952890e+00  ,2.282868499416e+00  ,2.252552713117e+00  ,2.223778692851e+00  ,2.195945846779e+00  ,2.168980447076e+00  ,2.142913932170e+00  ,2.117532053540e+00  ,2.092977451400e+00  ,2.069120376383e+00  ,2.045941388684e+00  ,2.023311306588e+00  ,2.001280393926e+00  ,1.979876952028e+00  ,1.959050907966e+00  ,1.938643646734e+00  ,1.918835636580e+00  ,1.899412113477e+00  
  6.254338262623e-07  ,2.417046720829e+00  ,2.381795666245e+00  ,2.347625083053e+00  ,2.314706952890e+00  ,2.282868499416e+00  ,2.252552713117e+00  ,2.223778692851e+00  ,2.195945846779e+00  ,2.168980447076e+00  ,2.142913932170e+00  ,2.117532053540e+00  ,2.092977451400e+00  ,2.069120376383e+00  ,2.045941388684e+00  ,2.023311306588e+00  ,2.001280393926e+00  ,1.979876952028e+00  ,1.959050907966e+00  ,1.938643646734e+00  ,1.918835636580e+00  ,1.899412113477e+00  
  6.264338804429e-07  ,2.417046720829e+00  ,2.381795666245e+00  ,2.347625083053e+00  ,2.314706952890e+00  ,2.282868499416e+00  ,2.252552713117e+00  ,2.223778692851e+00  ,2.195945846779e+00  ,2.168980447076e+00  ,2.142913932170e+00  ,2.117532053540e+00  ,2.092977451400e+00  ,2.069120376383e+00  ,2.045941388684e+00  ,2.023311306588e+00  ,2.001280393926e+00  ,1.979876952028e+00  ,1.959050907966e+00  ,1.938643646734e+00  ,1.918835636580e+00  ,1.899412113477e+00  
  6.274339346235e-07  ,2.417046720829e+00  ,2.381795666245e+00  ,2.347625083053e+00  ,2.314706952890e+00  ,2.282868499416e+00  ,2.252552713117e+00  ,2.223778692851e+00  ,2.195945846779e+00  ,2.168980447076e+00  ,2.142913932170e+00  ,2.117532053540e+00  ,2.092977451400e+00  ,2.069120376383e+00  ,2.045941388684e+00  ,2.023311306588e+00  ,2.001280393926e+00  ,1.979876952028e+00  ,1.959050907966e+00  ,1.938643646734e+00  ,1.918835636580e+00  ,1.899412113477e+00  
  6.284339888041e-07  ,2.417046720829e+00  ,2.381795666245e+00  ,2.347625083053e+00  ,2.314706952890e+00  ,2.282868499416e+00  ,2.252552713117e+00  ,2.223778692851e+00  ,2.195945846779e+00  ,2.168980447076e+00  ,2.142913932170e+00  ,2.117532053540e+00  ,2.092977451400e+00  ,2.069120376383e+00  ,2.045941388684e+00  ,2.023311306588e+00  ,2.001280393926e+00  ,1.979876952028e+00  ,1.959050907966e+00  ,1.938643646734e+00  ,1.918835636580e+00  ,1.899412113477e+00  
  6.294340429848e-07  ,2.417046720829e+00  ,2.381795666245e+00  ,2.347625083053e+00  ,2.314706952890e+00  ,2.282868499416e+00  ,2.252552713117e+00  ,2.223778692851e+00  ,2.195945846779e+00  ,2.168980447076e+00  ,2.142913932170e+00  ,2.117532053540e+00  ,2.092977451400e+00  ,2.069120376383e+00  ,2.045941388684e+00  ,2.023311306588e+00  ,2.001280393926e+00  ,1.979876952028e+00  ,1.959050907966e+00  ,1.938643646734e+00  ,1.918835636580e+00  ,1.899412113477e+00  
  6.304340971654e-07  ,2.417046720829e+00  ,2.381795666245e+00  ,2.347625083053e+00  ,2.314706952890e+00  ,2.282868499416e+00  ,2.252552713117e+00  ,2.223778692851e+00  ,2.195945846779e+00  ,2.168980447076e+00  ,2.142913932170e+00  ,2.117532053540e+00  ,2.092977451400e+00  ,2.069120376383e+00  ,2.045941388684e+00  ,2.023311306588e+00  ,2.001280393926e+00  ,1.979876952028e+00  ,1.959050907966e+00  ,1.938643646734e+00  ,1.918835636580e+00  ,1.899412113477e+00  
  6.314341513460e-07  ,2.417046720829e+00  ,2.381795666245e+00  ,2.347625083053e+00  ,2.314706952890e+00  ,2.282868499416e+00  ,2.252552713117e+00  ,2.223778692851e+00  ,2.195945846779e+00  ,2.168980447076e+00  ,2.142913932170e+00  ,2.117532053540e+00  ,2.092977451400e+00  ,2.069120376383e+00  ,2.045941388684e+00  ,2.023311306588e+00  ,2.001280393926e+00  ,1.979876952028e+00  ,1.959050907966e+00  ,1.938643646734e+00  ,1.918835636580e+00  ,1.899412113477e+00  
  6.324342055266e-07  ,2.417046720829e+00  ,2.381795666245e+00  ,2.347625083053e+00  ,2.314706952890e+00  ,2.282868499416e+00  ,2.252552713117e+00  ,2.223778692851e+00  ,2.195945846779e+00  ,2.168980447076e+00  ,2.142913932170e+00  ,2.117532053540e+00  ,2.092977451400e+00  ,2.069120376383e+00  ,2.045941388684e+00  ,2.023311306588e+00  ,2.001280393926e+00  ,1.979876952028e+00  ,1.959050907966e+00  ,1.938643646734e+00  ,1.918835636580e+00  ,1.899412113477e+00  
  6.334342597072e-07  ,2.417046720829e+00  ,2.381795666245e+00  ,2.347625083053e+00  ,2.314706952890e+00  ,2.282868499416e+00  ,2.252552713117e+00  ,2.223778692851e+00  ,2.195945846779e+00  ,2.168980447076e+00  ,2.142913932170e+00  ,2.117532053540e+00  ,2.092977451400e+00  ,2.069120376383e+00  ,2.045941388684e+00  ,2.023311306588e+00  ,2.001280393926e+00  ,1.979876952028e+00  ,1.959050907966e+00  ,1.938643646734e+00  ,1.918835636580e+00  ,1.899412113477e+00  
  6.344343138879e-07  ,2.417046720829e+00  ,2.381795666245e+00  ,2.347625083053e+00  ,2.314706952890e+00  ,2.282868499416e+00  ,2.252552713117e+00  ,2.223778692851e+00  ,2.195945846779e+00  ,2.168980447076e+00  ,2.142913932170e+00  ,2.117532053540e+00  ,2.092977451400e+00  ,2.069120376383e+00  ,2.045941388684e+00  ,2.023311306588e+00  ,2.001280393926e+00  ,1.979876952028e+00  ,1.959050907966e+00  ,1.938643646734e+00  ,1.918835636580e+00  ,1.899412113477e+00  
  6.354343680685e-07  ,2.417046720829e+00  ,2.381795666245e+00  ,2.347625083053e+00  ,2.314706952890e+00  ,2.282868499416e+00  ,2.252552713117e+00  ,2.223778692851e+00  ,2.195945846779e+00  ,2.168980447076e+00  ,2.142913932170e+00  ,2.117532053540e+00  ,2.092977451400e+00  ,2.069120376383e+00  ,2.045941388684e+00  ,2.023311306588e+00  ,2.001280393926e+00  ,1.979876952028e+00  ,1.959050907966e+00  ,1.938643646734e+00  ,1.918835636580e+00  ,1.899412113477e+00  
  6.364344222491e-07  ,2.417046720829e+00  ,2.381795666245e+00  ,2.347625083053e+00  ,2.314706952890e+00  ,2.282868499416e+00  ,2.252552713117e+00  ,2.223778692851e+00  ,2.195945846779e+00  ,2.168980447076e+00  ,2.142913932170e+00  ,2.117532053540e+00  ,2.092977451400e+00  ,2.069120376383e+00  ,2.045941388684e+00  ,2.023311306588e+00  ,2.001280393926e+00  ,1.979876952028e+00  ,1.959050907966e+00  ,1.938643646734e+00  ,1.918835636580e+00  ,1.899412113477e+00  
  6.374344764297e-07  ,2.417046720829e+00  ,2.381795666245e+00  ,2.347625083053e+00  ,2.314706952890e+00  ,2.282868499416e+00  ,2.252552713117e+00  ,2.223778692851e+00  ,2.195945846779e+00  ,2.168980447076e+00  ,2.142913932170e+00  ,2.117532053540e+00  ,2.092977451400e+00  ,2.069120376383e+00  ,2.045941388684e+00  ,2.023311306588e+00  ,2.001280393926e+00  ,1.979876952028e+00  ,1.959050907966e+00  ,1.938643646734e+00  ,1.918835636580e+00  ,1.899412113477e+00  
  6.384345306104e-07  ,2.417046720829e+00  ,2.381795666245e+00  ,2.347625083053e+00  ,2.314706952890e+00  ,2.282868499416e+00  ,2.252552713117e+00  ,2.223778692851e+00  ,2.195945846779e+00  ,2.168980447076e+00  ,2.142913932170e+00  ,2.117532053540e+00  ,2.092977451400e+00  ,2.069120376383e+00  ,2.045941388684e+00  ,2.023311306588e+00  ,2.001280393926e+00  ,1.979876952028e+00  ,1.959050907966e+00  ,1.938643646734e+00  ,1.918835636580e+00  ,1.899412113477e+00  
  6.394345847910e-07  ,2.417046720829e+00  ,2.381795666245e+00  ,2.347625083053e+00  ,2.314706952890e+00  ,2.282868499416e+00  ,2.252552713117e+00  ,2.223778692851e+00  ,2.195945846779e+00  ,2.168980447076e+00  ,2.142913932170e+00  ,2.117532053540e+00  ,2.092977451400e+00  ,2.069120376383e+00  ,2.045941388684e+00  ,2.023311306588e+00  ,2.001280393926e+00  ,1.979876952028e+00  ,1.959050907966e+00  ,1.938643646734e+00  ,1.918835636580e+00  ,1.899412113477e+00  
  6.404346389716e-07  ,2.417046720829e+00  ,2.381795666245e+00  ,2.347625083053e+00  ,2.314706952890e+00  ,2.282868499416e+00  ,2.252552713117e+00  ,2.223778692851e+00  ,2.195945846779e+00  ,2.168980447076e+00  ,2.142913932170e+00  ,2.117532053540e+00  ,2.092977451400e+00  ,2.069120376383e+00  ,2.045941388684e+00  ,2.023311306588e+00  ,2.001280393926e+00  ,1.979876952028e+00  ,1.959050907966e+00  ,1.938643646734e+00  ,1.918835636580e+00  ,1.899412113477e+00  
  6.414346931522e-07  ,2.417046720829e+00  ,2.381795666245e+00  ,2.347625083053e+00  ,2.314706952890e+00  ,2.282868499416e+00  ,2.252552713117e+00  ,2.223778692851e+00  ,2.195945846779e+00  ,2.168980447076e+00  ,2.142913932170e+00  ,2.117532053540e+00  ,2.092977451400e+00  ,2.069120376383e+00  ,2.045941388684e+00  ,2.023311306588e+00  ,2.001280393926e+00  ,1.979876952028e+00  ,1.959050907966e+00  ,1.938643646734e+00  ,1.918835636580e+00  ,1.899412113477e+00  
  6.424347473328e-07  ,2.417046720829e+00  ,2.381795666245e+00  ,2.347625083053e+00  ,2.314706952890e+00  ,2.282868499416e+00  ,2.252552713117e+00  ,2.223778692851e+00  ,2.195945846779e+00  ,2.168980447076e+00  ,2.142913932170e+00  ,2.117532053540e+00  ,2.092977451400e+00  ,2.069120376383e+00  ,2.045941388684e+00  ,2.023311306588e+00  ,2.001280393926e+00  ,1.979876952028e+00  ,1.959050907966e+00  ,1.938643646734e+00  ,1.918835636580e+00  ,1.899412113477e+00  
  6.434348015135e-07  ,2.417046720829e+00  ,2.381795666245e+00  ,2.347625083053e+00  ,2.314706952890e+00  ,2.282868499416e+00  ,2.252552713117e+00  ,2.223778692851e+00  ,2.195945846779e+00  ,2.168980447076e+00  ,2.142913932170e+00  ,2.117532053540e+00  ,2.092977451400e+00  ,2.069120376383e+00  ,2.045941388684e+00  ,2.023311306588e+00  ,2.001280393926e+00  ,1.979876952028e+00  ,1.959050907966e+00  ,1.938643646734e+00  ,1.918835636580e+00  ,1.899412113477e+00  
  6.444348556941e-07  ,2.417046720829e+00  ,2.381795666245e+00  ,2.347625083053e+00  ,2.314706952890e+00  ,2.282868499416e+00  ,2.252552713117e+00  ,2.223778692851e+00  ,2.195945846779e+00  ,2.168980447076e+00  ,2.142913932170e+00  ,2.117532053540e+00  ,2.092977451400e+00  ,2.069120376383e+00  ,2.045941388684e+00  ,2.023311306588e+00  ,2.001280393926e+00  ,1.979876952028e+00  ,1.959050907966e+00  ,1.938643646734e+00  ,1.918835636580e+00  ,1.899412113477e+00  
  6.454349098747e-07  ,2.417046720829e+00  ,2.381795666245e+00  ,2.347625083053e+00  ,2.314706952890e+00  ,2.282868499416e+00  ,2.252552713117e+00  ,2.223778692851e+00  ,2.195945846779e+00  ,2.168980447076e+00  ,2.142913932170e+00  ,2.117532053540e+00  ,2.092977451400e+00  ,2.069120376383e+00  ,2.045941388684e+00  ,2.023311306588e+00  ,2.001280393926e+00  ,1.979876952028e+00  ,1.959050907966e+00  ,1.938643646734e+00  ,1.918835636580e+00  ,1.899412113477e+00  
  6.464349640553e-07  ,2.417046720829e+00  ,2.381795666245e+00  ,2.347625083053e+00  ,2.314706952890e+00  ,2.282868499416e+00  ,2.252552713117e+00  ,2.223778692851e+00  ,2.195945846779e+00  ,2.168980447076e+00  ,2.142913932170e+00  ,2.117532053540e+00  ,2.092977451400e+00  ,2.069120376383e+00  ,2.045941388684e+00  ,2.023311306588e+00  ,2.001280393926e+00  ,1.979876952028e+00  ,1.959050907966e+00  ,1.938643646734e+00  ,1.918835636580e+00  ,1.899412113477e+00  
  6.474350182360e-07  ,2.417046720829e+00  ,2.381795666245e+00  ,2.347625083053e+00  ,2.314706952890e+00  ,2.282868499416e+00  ,2.252552713117e+00  ,2.223778692851e+00  ,2.195945846779e+00  ,2.168980447076e+00  ,2.142913932170e+00  ,2.117532053540e+00  ,2.092977451400e+00  ,2.069120376383e+00  ,2.045941388684e+00  ,2.023311306588e+00  ,2.001280393926e+00  ,1.979876952028e+00  ,1.959050907966e+00  ,1.938643646734e+00  ,1.918835636580e+00  ,1.899412113477e+00  
  6.484350724166e-07  ,2.417046720829e+00  ,2.381795666245e+00  ,2.347625083053e+00  ,2.314706952890e+00  ,2.282868499416e+00  ,2.252552713117e+00  ,2.223778692851e+00  ,2.195945846779e+00  ,2.168980447076e+00  ,2.142913932170e+00  ,2.117532053540e+00  ,2.092977451400e+00  ,2.069120376383e+00  ,2.045941388684e+00  ,2.023311306588e+00  ,2.001280393926e+00  ,1.979876952028e+00  ,1.959050907966e+00  ,1.938643646734e+00  ,1.918835636580e+00  ,1.899412113477e+00  
  6.494351265972e-07  ,2.417046720829e+00  ,2.381795666245e+00  ,2.347625083053e+00  ,2.314706952890e+00  ,2.282868499416e+00  ,2.252552713117e+00  ,2.223778692851e+00  ,2.195945846779e+00  ,2.168980447076e+00  ,2.142913932170e+00  ,2.117532053540e+00  ,2.092977451400e+00  ,2.069120376383e+00  ,2.045941388684e+00  ,2.023311306588e+00  ,2.001280393926e+00  ,1.979876952028e+00  ,1.959050907966e+00  ,1.938643646734e+00  ,1.918835636580e+00  ,1.899412113477e+00  
  6.504351807778e-07  ,2.417046720829e+00  ,2.381795666245e+00  ,2.347625083053e+00  ,2.314706952890e+00  ,2.282868499416e+00  ,2.252552713117e+00  ,2.223778692851e+00  ,2.195945846779e+00  ,2.168980447076e+00  ,2.142913932170e+00  ,2.117532053540e+00  ,2.092977451400e+00  ,2.069120376383e+00  ,2.045941388684e+00  ,2.023311306588e+00  ,2.001280393926e+00  ,1.979876952028e+00  ,1.959050907966e+00  ,1.938643646734e+00  ,1.918835636580e+00  ,1.899412113477e+00  
  6.514352349584e-07  ,2.417046720829e+00  ,2.381795666245e+00  ,2.347625083053e+00  ,2.314706952890e+00  ,2.282868499416e+00  ,2.252552713117e+00  ,2.223778692851e+00  ,2.195945846779e+00  ,2.168980447076e+00  ,2.142913932170e+00  ,2.117532053540e+00  ,2.092977451400e+00  ,2.069120376383e+00  ,2.045941388684e+00  ,2.023311306588e+00  ,2.001280393926e+00  ,1.979876952028e+00  ,1.959050907966e+00  ,1.938643646734e+00  ,1.918835636580e+00  ,1.899412113477e+00  
  6.524352891391e-07  ,2.417046720829e+00  ,2.381795666245e+00  ,2.347625083053e+00  ,2.314706952890e+00  ,2.282868499416e+00  ,2.252552713117e+00  ,2.223778692851e+00  ,2.195945846779e+00  ,2.168980447076e+00  ,2.142913932170e+00  ,2.117532053540e+00  ,2.092977451400e+00  ,2.069120376383e+00  ,2.045941388684e+00  ,2.023311306588e+00  ,2.001280393926e+00  ,1.979876952028e+00  ,1.959050907966e+00  ,1.938643646734e+00  ,1.918835636580e+00  ,1.899412113477e+00  
  6.534353433197e-07  ,2.417046720829e+00  ,2.381795666245e+00  ,2.347625083053e+00  ,2.314706952890e+00  ,2.282868499416e+00  ,2.252552713117e+00  ,2.223778692851e+00  ,2.195945846779e+00  ,2.168980447076e+00  ,2.142913932170e+00  ,2.117532053540e+00  ,2.092977451400e+00  ,2.069120376383e+00  ,2.045941388684e+00  ,2.023311306588e+00  ,2.001280393926e+00  ,1.979876952028e+00  ,1.959050907966e+00  ,1.938643646734e+00  ,1.918835636580e+00  ,1.899412113477e+00  
  6.544353975003e-07  ,2.417046720829e+00  ,2.381795666245e+00  ,2.347625083053e+00  ,2.314706952890e+00  ,2.282868499416e+00  ,2.252552713117e+00  ,2.223778692851e+00  ,2.195945846779e+00  ,2.168980447076e+00  ,2.142913932170e+00  ,2.117532053540e+00  ,2.092977451400e+00  ,2.069120376383e+00  ,2.045941388684e+00  ,2.023311306588e+00  ,2.001280393926e+00  ,1.979876952028e+00  ,1.959050907966e+00  ,1.938643646734e+00  ,1.918835636580e+00  ,1.899412113477e+00  
  6.554354516809e-07  ,2.417046720829e+00  ,2.381795666245e+00  ,2.347625083053e+00  ,2.314706952890e+00  ,2.282868499416e+00  ,2.252552713117e+00  ,2.223778692851e+00  ,2.195945846779e+00  ,2.168980447076e+00  ,2.142913932170e+00  ,2.117532053540e+00  ,2.092977451400e+00  ,2.069120376383e+00  ,2.045941388684e+00  ,2.023311306588e+00  ,2.001280393926e+00  ,1.979876952028e+00  ,1.959050907966e+00  ,1.938643646734e+00  ,1.918835636580e+00  ,1.899412113477e+00  
  6.564355058616e-07  ,2.417046720829e+00  ,2.381795666245e+00  ,2.347625083053e+00  ,2.314706952890e+00  ,2.282868499416e+00  ,2.252552713117e+00  ,2.223778692851e+00  ,2.195945846779e+00  ,2.168980447076e+00  ,2.142913932170e+00  ,2.117532053540e+00  ,2.092977451400e+00  ,2.069120376383e+00  ,2.045941388684e+00  ,2.023311306588e+00  ,2.001280393926e+00  ,1.979876952028e+00  ,1.959050907966e+00  ,1.938643646734e+00  ,1.918835636580e+00  ,1.899412113477e+00  
  6.574355600422e-07  ,2.417046720829e+00  ,2.381795666245e+00  ,2.347625083053e+00  ,2.314706952890e+00  ,2.282868499416e+00  ,2.252552713117e+00  ,2.223778692851e+00  ,2.195945846779e+00  ,2.168980447076e+00  ,2.142913932170e+00  ,2.117532053540e+00  ,2.092977451400e+00  ,2.069120376383e+00  ,2.045941388684e+00  ,2.023311306588e+00  ,2.001280393926e+00  ,1.979876952028e+00  ,1.959050907966e+00  ,1.938643646734e+00  ,1.918835636580e+00  ,1.899412113477e+00  
  6.584356142228e-07  ,2.417046720829e+00  ,2.381795666245e+00  ,2.347625083053e+00  ,2.314706952890e+00  ,2.282868499416e+00  ,2.252552713117e+00  ,2.223778692851e+00  ,2.195945846779e+00  ,2.168980447076e+00  ,2.142913932170e+00  ,2.117532053540e+00  ,2.092977451400e+00  ,2.069120376383e+00  ,2.045941388684e+00  ,2.023311306588e+00  ,2.001280393926e+00  ,1.979876952028e+00  ,1.959050907966e+00  ,1.938643646734e+00  ,1.918835636580e+00  ,1.899412113477e+00  
  6.594356684034e-07  ,2.417046720829e+00  ,2.381795666245e+00  ,2.347625083053e+00  ,2.314706952890e+00  ,2.282868499416e+00  ,2.252552713117e+00  ,2.223778692851e+00  ,2.195945846779e+00  ,2.168980447076e+00  ,2.142913932170e+00  ,2.117532053540e+00  ,2.092977451400e+00  ,2.069120376383e+00  ,2.045941388684e+00  ,2.023311306588e+00  ,2.001280393926e+00  ,1.979876952028e+00  ,1.959050907966e+00  ,1.938643646734e+00  ,1.918835636580e+00  ,1.899412113477e+00  
  6.604357225840e-07  ,2.417046720829e+00  ,2.381795666245e+00  ,2.347625083053e+00  ,2.314706952890e+00  ,2.282868499416e+00  ,2.252552713117e+00  ,2.223778692851e+00  ,2.195945846779e+00  ,2.168980447076e+00  ,2.142913932170e+00  ,2.117532053540e+00  ,2.092977451400e+00  ,2.069120376383e+00  ,2.045941388684e+00  ,2.023311306588e+00  ,2.001280393926e+00  ,1.979876952028e+00  ,1.959050907966e+00  ,1.938643646734e+00  ,1.918835636580e+00  ,1.899412113477e+00  
  6.614357767647e-07  ,2.417046720829e+00  ,2.381795666245e+00  ,2.347625083053e+00  ,2.314706952890e+00  ,2.282868499416e+00  ,2.252552713117e+00  ,2.223778692851e+00  ,2.195945846779e+00  ,2.168980447076e+00  ,2.142913932170e+00  ,2.117532053540e+00  ,2.092977451400e+00  ,2.069120376383e+00  ,2.045941388684e+00  ,2.023311306588e+00  ,2.001280393926e+00  ,1.979876952028e+00  ,1.959050907966e+00  ,1.938643646734e+00  ,1.918835636580e+00  ,1.899412113477e+00  
  6.624358309453e-07  ,2.417046720829e+00  ,2.381795666245e+00  ,2.347625083053e+00  ,2.314706952890e+00  ,2.282868499416e+00  ,2.252552713117e+00  ,2.223778692851e+00  ,2.195945846779e+00  ,2.168980447076e+00  ,2.142913932170e+00  ,2.117532053540e+00  ,2.092977451400e+00  ,2.069120376383e+00  ,2.045941388684e+00  ,2.023311306588e+00  ,2.001280393926e+00  ,1.979876952028e+00  ,1.959050907966e+00  ,1.938643646734e+00  ,1.918835636580e+00  ,1.899412113477e+00  
  6.634358851259e-07  ,2.417046720829e+00  ,2.381795666245e+00  ,2.347625083053e+00  ,2.314706952890e+00  ,2.282868499416e+00  ,2.252552713117e+00  ,2.223778692851e+00  ,2.195945846779e+00  ,2.168980447076e+00  ,2.142913932170e+00  ,2.117532053540e+00  ,2.092977451400e+00  ,2.069120376383e+00  ,2.045941388684e+00  ,2.023311306588e+00  ,2.001280393926e+00  ,1.979876952028e+00  ,1.959050907966e+00  ,1.938643646734e+00  ,1.918835636580e+00  ,1.899412113477e+00  
  6.644359393065e-07  ,2.417046720829e+00  ,2.381795666245e+00  ,2.347625083053e+00  ,2.314706952890e+00  ,2.282868499416e+00  ,2.252552713117e+00  ,2.223778692851e+00  ,2.195945846779e+00  ,2.168980447076e+00  ,2.142913932170e+00  ,2.117532053540e+00  ,2.092977451400e+00  ,2.069120376383e+00  ,2.045941388684e+00  ,2.023311306588e+00  ,2.001280393926e+00  ,1.979876952028e+00  ,1.959050907966e+00  ,1.938643646734e+00  ,1.918835636580e+00  ,1.899412113477e+00  
  6.654359934872e-07  ,2.417046720829e+00  ,2.381795666245e+00  ,2.347625083053e+00  ,2.314706952890e+00  ,2.282868499416e+00  ,2.252552713117e+00  ,2.223778692851e+00  ,2.195945846779e+00  ,2.168980447076e+00  ,2.142913932170e+00  ,2.117532053540e+00  ,2.092977451400e+00  ,2.069120376383e+00  ,2.045941388684e+00  ,2.023311306588e+00  ,2.001280393926e+00  ,1.979876952028e+00  ,1.959050907966e+00  ,1.938643646734e+00  ,1.918835636580e+00  ,1.899412113477e+00  
  6.664360476678e-07  ,2.417046720829e+00  ,2.381795666245e+00  ,2.347625083053e+00  ,2.314706952890e+00  ,2.282868499416e+00  ,2.252552713117e+00  ,2.223778692851e+00  ,2.195945846779e+00  ,2.168980447076e+00  ,2.142913932170e+00  ,2.117532053540e+00  ,2.092977451400e+00  ,2.069120376383e+00  ,2.045941388684e+00  ,2.023311306588e+00  ,2.001280393926e+00  ,1.979876952028e+00  ,1.959050907966e+00  ,1.938643646734e+00  ,1.918835636580e+00  ,1.899412113477e+00  
  6.674361018484e-07  ,2.417046720829e+00  ,2.381795666245e+00  ,2.347625083053e+00  ,2.314706952890e+00  ,2.282868499416e+00  ,2.252552713117e+00  ,2.223778692851e+00  ,2.195945846779e+00  ,2.168980447076e+00  ,2.142913932170e+00  ,2.117532053540e+00  ,2.092977451400e+00  ,2.069120376383e+00  ,2.045941388684e+00  ,2.023311306588e+00  ,2.001280393926e+00  ,1.979876952028e+00  ,1.959050907966e+00  ,1.938643646734e+00  ,1.918835636580e+00  ,1.899412113477e+00  
  6.684361560290e-07  ,2.417046720829e+00  ,2.381795666245e+00  ,2.347625083053e+00  ,2.314706952890e+00  ,2.282868499416e+00  ,2.252552713117e+00  ,2.223778692851e+00  ,2.195945846779e+00  ,2.168980447076e+00  ,2.142913932170e+00  ,2.117532053540e+00  ,2.092977451400e+00  ,2.069120376383e+00  ,2.045941388684e+00  ,2.023311306588e+00  ,2.001280393926e+00  ,1.979876952028e+00  ,1.959050907966e+00  ,1.938643646734e+00  ,1.918835636580e+00  ,1.899412113477e+00  
  6.694362102096e-07  ,2.417046720829e+00  ,2.381795666245e+00  ,2.347625083053e+00  ,2.314706952890e+00  ,2.282868499416e+00  ,2.252552713117e+00  ,2.223778692851e+00  ,2.195945846779e+00  ,2.168980447076e+00  ,2.142913932170e+00  ,2.117532053540e+00  ,2.092977451400e+00  ,2.069120376383e+00  ,2.045941388684e+00  ,2.023311306588e+00  ,2.001280393926e+00  ,1.979876952028e+00  ,1.959050907966e+00  ,1.938643646734e+00  ,1.918835636580e+00  ,1.899412113477e+00  
  6.704362643903e-07  ,2.417046720829e+00  ,2.381795666245e+00  ,2.347625083053e+00  ,2.314706952890e+00  ,2.282868499416e+00  ,2.252552713117e+00  ,2.223778692851e+00  ,2.195945846779e+00  ,2.168980447076e+00  ,2.142913932170e+00  ,2.117532053540e+00  ,2.092977451400e+00  ,2.069120376383e+00  ,2.045941388684e+00  ,2.023311306588e+00  ,2.001280393926e+00  ,1.979876952028e+00  ,1.959050907966e+00  ,1.938643646734e+00  ,1.918835636580e+00  ,1.899412113477e+00  
  6.714363185709e-07  ,2.417046720829e+00  ,2.381795666245e+00  ,2.347625083053e+00  ,2.314706952890e+00  ,2.282868499416e+00  ,2.252552713117e+00  ,2.223778692851e+00  ,2.195945846779e+00  ,2.168980447076e+00  ,2.142913932170e+00  ,2.117532053540e+00  ,2.092977451400e+00  ,2.069120376383e+00  ,2.045941388684e+00  ,2.023311306588e+00  ,2.001280393926e+00  ,1.979876952028e+00  ,1.959050907966e+00  ,1.938643646734e+00  ,1.918835636580e+00  ,1.899412113477e+00  
  6.724363727515e-07  ,2.417046720829e+00  ,2.381795666245e+00  ,2.347625083053e+00  ,2.314706952890e+00  ,2.282868499416e+00  ,2.252552713117e+00  ,2.223778692851e+00  ,2.195945846779e+00  ,2.168980447076e+00  ,2.142913932170e+00  ,2.117532053540e+00  ,2.092977451400e+00  ,2.069120376383e+00  ,2.045941388684e+00  ,2.023311306588e+00  ,2.001280393926e+00  ,1.979876952028e+00  ,1.959050907966e+00  ,1.938643646734e+00  ,1.918835636580e+00  ,1.899412113477e+00  
  6.734364269321e-07  ,2.417046720829e+00  ,2.381795666245e+00  ,2.347625083053e+00  ,2.314706952890e+00  ,2.282868499416e+00  ,2.252552713117e+00  ,2.223778692851e+00  ,2.195945846779e+00  ,2.168980447076e+00  ,2.142913932170e+00  ,2.117532053540e+00  ,2.092977451400e+00  ,2.069120376383e+00  ,2.045941388684e+00  ,2.023311306588e+00  ,2.001280393926e+00  ,1.979876952028e+00  ,1.959050907966e+00  ,1.938643646734e+00  ,1.918835636580e+00  ,1.899412113477e+00  
  6.744364811128e-07  ,2.417046720829e+00  ,2.381795666245e+00  ,2.347625083053e+00  ,2.314706952890e+00  ,2.282868499416e+00  ,2.252552713117e+00  ,2.223778692851e+00  ,2.195945846779e+00  ,2.168980447076e+00  ,2.142913932170e+00  ,2.117532053540e+00  ,2.092977451400e+00  ,2.069120376383e+00  ,2.045941388684e+00  ,2.023311306588e+00  ,2.001280393926e+00  ,1.979876952028e+00  ,1.959050907966e+00  ,1.938643646734e+00  ,1.918835636580e+00  ,1.899412113477e+00  
  6.754365352934e-07  ,2.417046720829e+00  ,2.381795666245e+00  ,2.347625083053e+00  ,2.314706952890e+00  ,2.282868499416e+00  ,2.252552713117e+00  ,2.223778692851e+00  ,2.195945846779e+00  ,2.168980447076e+00  ,2.142913932170e+00  ,2.117532053540e+00  ,2.092977451400e+00  ,2.069120376383e+00  ,2.045941388684e+00  ,2.023311306588e+00  ,2.001280393926e+00  ,1.979876952028e+00  ,1.959050907966e+00  ,1.938643646734e+00  ,1.918835636580e+00  ,1.899412113477e+00  
  6.764365894740e-07  ,2.417046720829e+00  ,2.381795666245e+00  ,2.347625083053e+00  ,2.314706952890e+00  ,2.282868499416e+00  ,2.252552713117e+00  ,2.223778692851e+00  ,2.195945846779e+00  ,2.168980447076e+00  ,2.142913932170e+00  ,2.117532053540e+00  ,2.092977451400e+00  ,2.069120376383e+00  ,2.045941388684e+00  ,2.023311306588e+00  ,2.001280393926e+00  ,1.979876952028e+00  ,1.959050907966e+00  ,1.938643646734e+00  ,1.918835636580e+00  ,1.899412113477e+00  
  6.774366436546e-07  ,2.417046720829e+00  ,2.381795666245e+00  ,2.347625083053e+00  ,2.314706952890e+00  ,2.282868499416e+00  ,2.252552713117e+00  ,2.223778692851e+00  ,2.195945846779e+00  ,2.168980447076e+00  ,2.142913932170e+00  ,2.117532053540e+00  ,2.092977451400e+00  ,2.069120376383e+00  ,2.045941388684e+00  ,2.023311306588e+00  ,2.001280393926e+00  ,1.979876952028e+00  ,1.959050907966e+00  ,1.938643646734e+00  ,1.918835636580e+00  ,1.899412113477e+00  
  6.784366978352e-07  ,2.417046720829e+00  ,2.381795666245e+00  ,2.347625083053e+00  ,2.314706952890e+00  ,2.282868499416e+00  ,2.252552713117e+00  ,2.223778692851e+00  ,2.195945846779e+00  ,2.168980447076e+00  ,2.142913932170e+00  ,2.117532053540e+00  ,2.092977451400e+00  ,2.069120376383e+00  ,2.045941388684e+00  ,2.023311306588e+00  ,2.001280393926e+00  ,1.979876952028e+00  ,1.959050907966e+00  ,1.938643646734e+00  ,1.918835636580e+00  ,1.899412113477e+00  
  6.794367520159e-07  ,2.417046720829e+00  ,2.381795666245e+00  ,2.347625083053e+00  ,2.314706952890e+00  ,2.282868499416e+00  ,2.252552713117e+00  ,2.223778692851e+00  ,2.195945846779e+00  ,2.168980447076e+00  ,2.142913932170e+00  ,2.117532053540e+00  ,2.092977451400e+00  ,2.069120376383e+00  ,2.045941388684e+00  ,2.023311306588e+00  ,2.001280393926e+00  ,1.979876952028e+00  ,1.959050907966e+00  ,1.938643646734e+00  ,1.918835636580e+00  ,1.899412113477e+00  
  6.804368061965e-07  ,2.417046720829e+00  ,2.381795666245e+00  ,2.347625083053e+00  ,2.314706952890e+00  ,2.282868499416e+00  ,2.252552713117e+00  ,2.223778692851e+00  ,2.195945846779e+00  ,2.168980447076e+00  ,2.142913932170e+00  ,2.117532053540e+00  ,2.092977451400e+00  ,2.069120376383e+00  ,2.045941388684e+00  ,2.023311306588e+00  ,2.001280393926e+00  ,1.979876952028e+00  ,1.959050907966e+00  ,1.938643646734e+00  ,1.918835636580e+00  ,1.899412113477e+00  
  6.814368603771e-07  ,2.417046720829e+00  ,2.381795666245e+00  ,2.347625083053e+00  ,2.314706952890e+00  ,2.282868499416e+00  ,2.252552713117e+00  ,2.223778692851e+00  ,2.195945846779e+00  ,2.168980447076e+00  ,2.142913932170e+00  ,2.117532053540e+00  ,2.092977451400e+00  ,2.069120376383e+00  ,2.045941388684e+00  ,2.023311306588e+00  ,2.001280393926e+00  ,1.979876952028e+00  ,1.959050907966e+00  ,1.938643646734e+00  ,1.918835636580e+00  ,1.899412113477e+00  
  6.824369145577e-07  ,2.417046720829e+00  ,2.381795666245e+00  ,2.347625083053e+00  ,2.314706952890e+00  ,2.282868499416e+00  ,2.252552713117e+00  ,2.223778692851e+00  ,2.195945846779e+00  ,2.168980447076e+00  ,2.142913932170e+00  ,2.117532053540e+00  ,2.092977451400e+00  ,2.069120376383e+00  ,2.045941388684e+00  ,2.023311306588e+00  ,2.001280393926e+00  ,1.979876952028e+00  ,1.959050907966e+00  ,1.938643646734e+00  ,1.918835636580e+00  ,1.899412113477e+00  
  6.834369687384e-07  ,2.417046720829e+00  ,2.381795666245e+00  ,2.347625083053e+00  ,2.314706952890e+00  ,2.282868499416e+00  ,2.252552713117e+00  ,2.223778692851e+00  ,2.195945846779e+00  ,2.168980447076e+00  ,2.142913932170e+00  ,2.117532053540e+00  ,2.092977451400e+00  ,2.069120376383e+00  ,2.045941388684e+00  ,2.023311306588e+00  ,2.001280393926e+00  ,1.979876952028e+00  ,1.959050907966e+00  ,1.938643646734e+00  ,1.918835636580e+00  ,1.899412113477e+00  
  6.844370229190e-07  ,2.417046720829e+00  ,2.381795666245e+00  ,2.347625083053e+00  ,2.314706952890e+00  ,2.282868499416e+00  ,2.252552713117e+00  ,2.223778692851e+00  ,2.195945846779e+00  ,2.168980447076e+00  ,2.142913932170e+00  ,2.117532053540e+00  ,2.092977451400e+00  ,2.069120376383e+00  ,2.045941388684e+00  ,2.023311306588e+00  ,2.001280393926e+00  ,1.979876952028e+00  ,1.959050907966e+00  ,1.938643646734e+00  ,1.918835636580e+00  ,1.899412113477e+00  
  6.854370770996e-07  ,2.417046720829e+00  ,2.381795666245e+00  ,2.347625083053e+00  ,2.314706952890e+00  ,2.282868499416e+00  ,2.252552713117e+00  ,2.223778692851e+00  ,2.195945846779e+00  ,2.168980447076e+00  ,2.142913932170e+00  ,2.117532053540e+00  ,2.092977451400e+00  ,2.069120376383e+00  ,2.045941388684e+00  ,2.023311306588e+00  ,2.001280393926e+00  ,1.979876952028e+00  ,1.959050907966e+00  ,1.938643646734e+00  ,1.918835636580e+00  ,1.899412113477e+00  
  6.864371312802e-07  ,2.417046720829e+00  ,2.381795666245e+00  ,2.347625083053e+00  ,2.314706952890e+00  ,2.282868499416e+00  ,2.252552713117e+00  ,2.223778692851e+00  ,2.195945846779e+00  ,2.168980447076e+00  ,2.142913932170e+00  ,2.117532053540e+00  ,2.092977451400e+00  ,2.069120376383e+00  ,2.045941388684e+00  ,2.023311306588e+00  ,2.001280393926e+00  ,1.979876952028e+00  ,1.959050907966e+00  ,1.938643646734e+00  ,1.918835636580e+00  ,1.899412113477e+00  
  6.874371854608e-07  ,2.417046720829e+00  ,2.381795666245e+00  ,2.347625083053e+00  ,2.314706952890e+00  ,2.282868499416e+00  ,2.252552713117e+00  ,2.223778692851e+00  ,2.195945846779e+00  ,2.168980447076e+00  ,2.142913932170e+00  ,2.117532053540e+00  ,2.092977451400e+00  ,2.069120376383e+00  ,2.045941388684e+00  ,2.023311306588e+00  ,2.001280393926e+00  ,1.979876952028e+00  ,1.959050907966e+00  ,1.938643646734e+00  ,1.918835636580e+00  ,1.899412113477e+00  
  6.884372396415e-07  ,2.417046720829e+00  ,2.381795666245e+00  ,2.347625083053e+00  ,2.314706952890e+00  ,2.282868499416e+00  ,2.252552713117e+00  ,2.223778692851e+00  ,2.195945846779e+00  ,2.168980447076e+00  ,2.142913932170e+00  ,2.117532053540e+00  ,2.092977451400e+00  ,2.069120376383e+00  ,2.045941388684e+00  ,2.023311306588e+00  ,2.001280393926e+00  ,1.979876952028e+00  ,1.959050907966e+00  ,1.938643646734e+00  ,1.918835636580e+00  ,1.899412113477e+00  
  6.894372938221e-07  ,2.417046720829e+00  ,2.381795666245e+00  ,2.347625083053e+00  ,2.314706952890e+00  ,2.282868499416e+00  ,2.252552713117e+00  ,2.223778692851e+00  ,2.195945846779e+00  ,2.168980447076e+00  ,2.142913932170e+00  ,2.117532053540e+00  ,2.092977451400e+00  ,2.069120376383e+00  ,2.045941388684e+00  ,2.023311306588e+00  ,2.001280393926e+00  ,1.979876952028e+00  ,1.959050907966e+00  ,1.938643646734e+00  ,1.918835636580e+00  ,1.899412113477e+00  
  6.904373480027e-07  ,2.417046720829e+00  ,2.381795666245e+00  ,2.347625083053e+00  ,2.314706952890e+00  ,2.282868499416e+00  ,2.252552713117e+00  ,2.223778692851e+00  ,2.195945846779e+00  ,2.168980447076e+00  ,2.142913932170e+00  ,2.117532053540e+00  ,2.092977451400e+00  ,2.069120376383e+00  ,2.045941388684e+00  ,2.023311306588e+00  ,2.001280393926e+00  ,1.979876952028e+00  ,1.959050907966e+00  ,1.938643646734e+00  ,1.918835636580e+00  ,1.899412113477e+00  
  6.914374021833e-07  ,2.417046720829e+00  ,2.381795666245e+00  ,2.347625083053e+00  ,2.314706952890e+00  ,2.282868499416e+00  ,2.252552713117e+00  ,2.223778692851e+00  ,2.195945846779e+00  ,2.168980447076e+00  ,2.142913932170e+00  ,2.117532053540e+00  ,2.092977451400e+00  ,2.069120376383e+00  ,2.045941388684e+00  ,2.023311306588e+00  ,2.001280393926e+00  ,1.979876952028e+00  ,1.959050907966e+00  ,1.938643646734e+00  ,1.918835636580e+00  ,1.899412113477e+00  
  6.924374563640e-07  ,2.417046720829e+00  ,2.381795666245e+00  ,2.347625083053e+00  ,2.314706952890e+00  ,2.282868499416e+00  ,2.252552713117e+00  ,2.223778692851e+00  ,2.195945846779e+00  ,2.168980447076e+00  ,2.142913932170e+00  ,2.117532053540e+00  ,2.092977451400e+00  ,2.069120376383e+00  ,2.045941388684e+00  ,2.023311306588e+00  ,2.001280393926e+00  ,1.979876952028e+00  ,1.959050907966e+00  ,1.938643646734e+00  ,1.918835636580e+00  ,1.899412113477e+00  
  6.934375105446e-07  ,2.417046720829e+00  ,2.381795666245e+00  ,2.347625083053e+00  ,2.314706952890e+00  ,2.282868499416e+00  ,2.252552713117e+00  ,2.223778692851e+00  ,2.195945846779e+00  ,2.168980447076e+00  ,2.142913932170e+00  ,2.117532053540e+00  ,2.092977451400e+00  ,2.069120376383e+00  ,2.045941388684e+00  ,2.023311306588e+00  ,2.001280393926e+00  ,1.979876952028e+00  ,1.959050907966e+00  ,1.938643646734e+00  ,1.918835636580e+00  ,1.899412113477e+00  
  6.944375647252e-07  ,2.417046720829e+00  ,2.381795666245e+00  ,2.347625083053e+00  ,2.314706952890e+00  ,2.282868499416e+00  ,2.252552713117e+00  ,2.223778692851e+00  ,2.195945846779e+00  ,2.168980447076e+00  ,2.142913932170e+00  ,2.117532053540e+00  ,2.092977451400e+00  ,2.069120376383e+00  ,2.045941388684e+00  ,2.023311306588e+00  ,2.001280393926e+00  ,1.979876952028e+00  ,1.959050907966e+00  ,1.938643646734e+00  ,1.918835636580e+00  ,1.899412113477e+00  
  6.954376189058e-07  ,2.417046720829e+00  ,2.381795666245e+00  ,2.347625083053e+00  ,2.314706952890e+00  ,2.282868499416e+00  ,2.252552713117e+00  ,2.223778692851e+00  ,2.195945846779e+00  ,2.168980447076e+00  ,2.142913932170e+00  ,2.117532053540e+00  ,2.092977451400e+00  ,2.069120376383e+00  ,2.045941388684e+00  ,2.023311306588e+00  ,2.001280393926e+00  ,1.979876952028e+00  ,1.959050907966e+00  ,1.938643646734e+00  ,1.918835636580e+00  ,1.899412113477e+00  
  6.964376730864e-07  ,2.417046720829e+00  ,2.381795666245e+00  ,2.347625083053e+00  ,2.314706952890e+00  ,2.282868499416e+00  ,2.252552713117e+00  ,2.223778692851e+00  ,2.195945846779e+00  ,2.168980447076e+00  ,2.142913932170e+00  ,2.117532053540e+00  ,2.092977451400e+00  ,2.069120376383e+00  ,2.045941388684e+00  ,2.023311306588e+00  ,2.001280393926e+00  ,1.979876952028e+00  ,1.959050907966e+00  ,1.938643646734e+00  ,1.918835636580e+00  ,1.899412113477e+00  
  6.974377272671e-07  ,2.417046720829e+00  ,2.381795666245e+00  ,2.347625083053e+00  ,2.314706952890e+00  ,2.282868499416e+00  ,2.252552713117e+00  ,2.223778692851e+00  ,2.195945846779e+00  ,2.168980447076e+00  ,2.142913932170e+00  ,2.117532053540e+00  ,2.092977451400e+00  ,2.069120376383e+00  ,2.045941388684e+00  ,2.023311306588e+00  ,2.001280393926e+00  ,1.979876952028e+00  ,1.959050907966e+00  ,1.938643646734e+00  ,1.918835636580e+00  ,1.899412113477e+00  
  6.984377814477e-07  ,2.417046720829e+00  ,2.381795666245e+00  ,2.347625083053e+00  ,2.314706952890e+00  ,2.282868499416e+00  ,2.252552713117e+00  ,2.223778692851e+00  ,2.195945846779e+00  ,2.168980447076e+00  ,2.142913932170e+00  ,2.117532053540e+00  ,2.092977451400e+00  ,2.069120376383e+00  ,2.045941388684e+00  ,2.023311306588e+00  ,2.001280393926e+00  ,1.979876952028e+00  ,1.959050907966e+00  ,1.938643646734e+00  ,1.918835636580e+00  ,1.899412113477e+00  
  6.994378356283e-07  ,2.417046720829e+00  ,2.381795666245e+00  ,2.347625083053e+00  ,2.314706952890e+00  ,2.282868499416e+00  ,2.252552713117e+00  ,2.223778692851e+00  ,2.195945846779e+00  ,2.168980447076e+00  ,2.142913932170e+00  ,2.117532053540e+00  ,2.092977451400e+00  ,2.069120376383e+00  ,2.045941388684e+00  ,2.023311306588e+00  ,2.001280393926e+00  ,1.979876952028e+00  ,1.959050907966e+00  ,1.938643646734e+00  ,1.918835636580e+00  ,1.899412113477e+00  
  7.004378898089e-07  ,2.417046720829e+00  ,2.381795666245e+00  ,2.347625083053e+00  ,2.314706952890e+00  ,2.282868499416e+00  ,2.252552713117e+00  ,2.223778692851e+00  ,2.195945846779e+00  ,2.168980447076e+00  ,2.142913932170e+00  ,2.117532053540e+00  ,2.092977451400e+00  ,2.069120376383e+00  ,2.045941388684e+00  ,2.023311306588e+00  ,2.001280393926e+00  ,1.979876952028e+00  ,1.959050907966e+00  ,1.938643646734e+00  ,1.918835636580e+00  ,1.899412113477e+00  
  7.014379439896e-07  ,2.417046720829e+00  ,2.381795666245e+00  ,2.347625083053e+00  ,2.314706952890e+00  ,2.282868499416e+00  ,2.252552713117e+00  ,2.223778692851e+00  ,2.195945846779e+00  ,2.168980447076e+00  ,2.142913932170e+00  ,2.117532053540e+00  ,2.092977451400e+00  ,2.069120376383e+00  ,2.045941388684e+00  ,2.023311306588e+00  ,2.001280393926e+00  ,1.979876952028e+00  ,1.959050907966e+00  ,1.938643646734e+00  ,1.918835636580e+00  ,1.899412113477e+00  
  7.024379981702e-07  ,2.417046720829e+00  ,2.381795666245e+00  ,2.347625083053e+00  ,2.314706952890e+00  ,2.282868499416e+00  ,2.252552713117e+00  ,2.223778692851e+00  ,2.195945846779e+00  ,2.168980447076e+00  ,2.142913932170e+00  ,2.117532053540e+00  ,2.092977451400e+00  ,2.069120376383e+00  ,2.045941388684e+00  ,2.023311306588e+00  ,2.001280393926e+00  ,1.979876952028e+00  ,1.959050907966e+00  ,1.938643646734e+00  ,1.918835636580e+00  ,1.899412113477e+00  
  7.034380523508e-07  ,2.417046720829e+00  ,2.381795666245e+00  ,2.347625083053e+00  ,2.314706952890e+00  ,2.282868499416e+00  ,2.252552713117e+00  ,2.223778692851e+00  ,2.195945846779e+00  ,2.168980447076e+00  ,2.142913932170e+00  ,2.117532053540e+00  ,2.092977451400e+00  ,2.069120376383e+00  ,2.045941388684e+00  ,2.023311306588e+00  ,2.001280393926e+00  ,1.979876952028e+00  ,1.959050907966e+00  ,1.938643646734e+00  ,1.918835636580e+00  ,1.899412113477e+00  
  7.044381065314e-07  ,2.417046720829e+00  ,2.381795666245e+00  ,2.347625083053e+00  ,2.314706952890e+00  ,2.282868499416e+00  ,2.252552713117e+00  ,2.223778692851e+00  ,2.195945846779e+00  ,2.168980447076e+00  ,2.142913932170e+00  ,2.117532053540e+00  ,2.092977451400e+00  ,2.069120376383e+00  ,2.045941388684e+00  ,2.023311306588e+00  ,2.001280393926e+00  ,1.979876952028e+00  ,1.959050907966e+00  ,1.938643646734e+00  ,1.918835636580e+00  ,1.899412113477e+00  
  7.054381607120e-07  ,2.417046720829e+00  ,2.381795666245e+00  ,2.347625083053e+00  ,2.314706952890e+00  ,2.282868499416e+00  ,2.252552713117e+00  ,2.223778692851e+00  ,2.195945846779e+00  ,2.168980447076e+00  ,2.142913932170e+00  ,2.117532053540e+00  ,2.092977451400e+00  ,2.069120376383e+00  ,2.045941388684e+00  ,2.023311306588e+00  ,2.001280393926e+00  ,1.979876952028e+00  ,1.959050907966e+00  ,1.938643646734e+00  ,1.918835636580e+00  ,1.899412113477e+00  
  7.064382148927e-07  ,2.417046720829e+00  ,2.381795666245e+00  ,2.347625083053e+00  ,2.314706952890e+00  ,2.282868499416e+00  ,2.252552713117e+00  ,2.223778692851e+00  ,2.195945846779e+00  ,2.168980447076e+00  ,2.142913932170e+00  ,2.117532053540e+00  ,2.092977451400e+00  ,2.069120376383e+00  ,2.045941388684e+00  ,2.023311306588e+00  ,2.001280393926e+00  ,1.979876952028e+00  ,1.959050907966e+00  ,1.938643646734e+00  ,1.918835636580e+00  ,1.899412113477e+00  
  7.074382690733e-07  ,2.417046720829e+00  ,2.381795666245e+00  ,2.347625083053e+00  ,2.314706952890e+00  ,2.282868499416e+00  ,2.252552713117e+00  ,2.223778692851e+00  ,2.195945846779e+00  ,2.168980447076e+00  ,2.142913932170e+00  ,2.117532053540e+00  ,2.092977451400e+00  ,2.069120376383e+00  ,2.045941388684e+00  ,2.023311306588e+00  ,2.001280393926e+00  ,1.979876952028e+00  ,1.959050907966e+00  ,1.938643646734e+00  ,1.918835636580e+00  ,1.899412113477e+00  
  7.084383232539e-07  ,2.417046720829e+00  ,2.381795666245e+00  ,2.347625083053e+00  ,2.314706952890e+00  ,2.282868499416e+00  ,2.252552713117e+00  ,2.223778692851e+00  ,2.195945846779e+00  ,2.168980447076e+00  ,2.142913932170e+00  ,2.117532053540e+00  ,2.092977451400e+00  ,2.069120376383e+00  ,2.045941388684e+00  ,2.023311306588e+00  ,2.001280393926e+00  ,1.979876952028e+00  ,1.959050907966e+00  ,1.938643646734e+00  ,1.918835636580e+00  ,1.899412113477e+00  
  7.094383774345e-07  ,2.417046720829e+00  ,2.381795666245e+00  ,2.347625083053e+00  ,2.314706952890e+00  ,2.282868499416e+00  ,2.252552713117e+00  ,2.223778692851e+00  ,2.195945846779e+00  ,2.168980447076e+00  ,2.142913932170e+00  ,2.117532053540e+00  ,2.092977451400e+00  ,2.069120376383e+00  ,2.045941388684e+00  ,2.023311306588e+00  ,2.001280393926e+00  ,1.979876952028e+00  ,1.959050907966e+00  ,1.938643646734e+00  ,1.918835636580e+00  ,1.899412113477e+00  
  7.104384316152e-07  ,2.417046720829e+00  ,2.381795666245e+00  ,2.347625083053e+00  ,2.314706952890e+00  ,2.282868499416e+00  ,2.252552713117e+00  ,2.223778692851e+00  ,2.195945846779e+00  ,2.168980447076e+00  ,2.142913932170e+00  ,2.117532053540e+00  ,2.092977451400e+00  ,2.069120376383e+00  ,2.045941388684e+00  ,2.023311306588e+00  ,2.001280393926e+00  ,1.979876952028e+00  ,1.959050907966e+00  ,1.938643646734e+00  ,1.918835636580e+00  ,1.899412113477e+00  
  7.114384857958e-07  ,2.417046720829e+00  ,2.381795666245e+00  ,2.347625083053e+00  ,2.314706952890e+00  ,2.282868499416e+00  ,2.252552713117e+00  ,2.223778692851e+00  ,2.195945846779e+00  ,2.168980447076e+00  ,2.142913932170e+00  ,2.117532053540e+00  ,2.092977451400e+00  ,2.069120376383e+00  ,2.045941388684e+00  ,2.023311306588e+00  ,2.001280393926e+00  ,1.979876952028e+00  ,1.959050907966e+00  ,1.938643646734e+00  ,1.918835636580e+00  ,1.899412113477e+00  
  7.124385399764e-07  ,2.417046720829e+00  ,2.381795666245e+00  ,2.347625083053e+00  ,2.314706952890e+00  ,2.282868499416e+00  ,2.252552713117e+00  ,2.223778692851e+00  ,2.195945846779e+00  ,2.168980447076e+00  ,2.142913932170e+00  ,2.117532053540e+00  ,2.092977451400e+00  ,2.069120376383e+00  ,2.045941388684e+00  ,2.023311306588e+00  ,2.001280393926e+00  ,1.979876952028e+00  ,1.959050907966e+00  ,1.938643646734e+00  ,1.918835636580e+00  ,1.899412113477e+00  
  7.134385941570e-07  ,2.417046720829e+00  ,2.381795666245e+00  ,2.347625083053e+00  ,2.314706952890e+00  ,2.282868499416e+00  ,2.252552713117e+00  ,2.223778692851e+00  ,2.195945846779e+00  ,2.168980447076e+00  ,2.142913932170e+00  ,2.117532053540e+00  ,2.092977451400e+00  ,2.069120376383e+00  ,2.045941388684e+00  ,2.023311306588e+00  ,2.001280393926e+00  ,1.979876952028e+00  ,1.959050907966e+00  ,1.938643646734e+00  ,1.918835636580e+00  ,1.899412113477e+00  
  7.144386483376e-07  ,2.417046720829e+00  ,2.381795666245e+00  ,2.347625083053e+00  ,2.314706952890e+00  ,2.282868499416e+00  ,2.252552713117e+00  ,2.223778692851e+00  ,2.195945846779e+00  ,2.168980447076e+00  ,2.142913932170e+00  ,2.117532053540e+00  ,2.092977451400e+00  ,2.069120376383e+00  ,2.045941388684e+00  ,2.023311306588e+00  ,2.001280393926e+00  ,1.979876952028e+00  ,1.959050907966e+00  ,1.938643646734e+00  ,1.918835636580e+00  ,1.899412113477e+00  
  7.154387025183e-07  ,2.417046720829e+00  ,2.381795666245e+00  ,2.347625083053e+00  ,2.314706952890e+00  ,2.282868499416e+00  ,2.252552713117e+00  ,2.223778692851e+00  ,2.195945846779e+00  ,2.168980447076e+00  ,2.142913932170e+00  ,2.117532053540e+00  ,2.092977451400e+00  ,2.069120376383e+00  ,2.045941388684e+00  ,2.023311306588e+00  ,2.001280393926e+00  ,1.979876952028e+00  ,1.959050907966e+00  ,1.938643646734e+00  ,1.918835636580e+00  ,1.899412113477e+00  
  7.164387566989e-07  ,2.417046720829e+00  ,2.381795666245e+00  ,2.347625083053e+00  ,2.314706952890e+00  ,2.282868499416e+00  ,2.252552713117e+00  ,2.223778692851e+00  ,2.195945846779e+00  ,2.168980447076e+00  ,2.142913932170e+00  ,2.117532053540e+00  ,2.092977451400e+00  ,2.069120376383e+00  ,2.045941388684e+00  ,2.023311306588e+00  ,2.001280393926e+00  ,1.979876952028e+00  ,1.959050907966e+00  ,1.938643646734e+00  ,1.918835636580e+00  ,1.899412113477e+00  
  7.174388108795e-07  ,2.417046720829e+00  ,2.381795666245e+00  ,2.347625083053e+00  ,2.314706952890e+00  ,2.282868499416e+00  ,2.252552713117e+00  ,2.223778692851e+00  ,2.195945846779e+00  ,2.168980447076e+00  ,2.142913932170e+00  ,2.117532053540e+00  ,2.092977451400e+00  ,2.069120376383e+00  ,2.045941388684e+00  ,2.023311306588e+00  ,2.001280393926e+00  ,1.979876952028e+00  ,1.959050907966e+00  ,1.938643646734e+00  ,1.918835636580e+00  ,1.899412113477e+00  
  7.184388650601e-07  ,2.417046720829e+00  ,2.381795666245e+00  ,2.347625083053e+00  ,2.314706952890e+00  ,2.282868499416e+00  ,2.252552713117e+00  ,2.223778692851e+00  ,2.195945846779e+00  ,2.168980447076e+00  ,2.142913932170e+00  ,2.117532053540e+00  ,2.092977451400e+00  ,2.069120376383e+00  ,2.045941388684e+00  ,2.023311306588e+00  ,2.001280393926e+00  ,1.979876952028e+00  ,1.959050907966e+00  ,1.938643646734e+00  ,1.918835636580e+00  ,1.899412113477e+00  
  7.194389192407e-07  ,2.417046720829e+00  ,2.381795666245e+00  ,2.347625083053e+00  ,2.314706952890e+00  ,2.282868499416e+00  ,2.252552713117e+00  ,2.223778692851e+00  ,2.195945846779e+00  ,2.168980447076e+00  ,2.142913932170e+00  ,2.117532053540e+00  ,2.092977451400e+00  ,2.069120376383e+00  ,2.045941388684e+00  ,2.023311306588e+00  ,2.001280393926e+00  ,1.979876952028e+00  ,1.959050907966e+00  ,1.938643646734e+00  ,1.918835636580e+00  ,1.899412113477e+00  
  7.204389734214e-07  ,2.417046720829e+00  ,2.381795666245e+00  ,2.347625083053e+00  ,2.314706952890e+00  ,2.282868499416e+00  ,2.252552713117e+00  ,2.223778692851e+00  ,2.195945846779e+00  ,2.168980447076e+00  ,2.142913932170e+00  ,2.117532053540e+00  ,2.092977451400e+00  ,2.069120376383e+00  ,2.045941388684e+00  ,2.023311306588e+00  ,2.001280393926e+00  ,1.979876952028e+00  ,1.959050907966e+00  ,1.938643646734e+00  ,1.918835636580e+00  ,1.899412113477e+00  
  7.214390276020e-07  ,2.417046720829e+00  ,2.381795666245e+00  ,2.347625083053e+00  ,2.314706952890e+00  ,2.282868499416e+00  ,2.252552713117e+00  ,2.223778692851e+00  ,2.195945846779e+00  ,2.168980447076e+00  ,2.142913932170e+00  ,2.117532053540e+00  ,2.092977451400e+00  ,2.069120376383e+00  ,2.045941388684e+00  ,2.023311306588e+00  ,2.001280393926e+00  ,1.979876952028e+00  ,1.959050907966e+00  ,1.938643646734e+00  ,1.918835636580e+00  ,1.899412113477e+00  
  7.224390817826e-07  ,2.417046720829e+00  ,2.381795666245e+00  ,2.347625083053e+00  ,2.314706952890e+00  ,2.282868499416e+00  ,2.252552713117e+00  ,2.223778692851e+00  ,2.195945846779e+00  ,2.168980447076e+00  ,2.142913932170e+00  ,2.117532053540e+00  ,2.092977451400e+00  ,2.069120376383e+00  ,2.045941388684e+00  ,2.023311306588e+00  ,2.001280393926e+00  ,1.979876952028e+00  ,1.959050907966e+00  ,1.938643646734e+00  ,1.918835636580e+00  ,1.899412113477e+00  
  7.234391359632e-07  ,2.417046720829e+00  ,2.381795666245e+00  ,2.347625083053e+00  ,2.314706952890e+00  ,2.282868499416e+00  ,2.252552713117e+00  ,2.223778692851e+00  ,2.195945846779e+00  ,2.168980447076e+00  ,2.142913932170e+00  ,2.117532053540e+00  ,2.092977451400e+00  ,2.069120376383e+00  ,2.045941388684e+00  ,2.023311306588e+00  ,2.001280393926e+00  ,1.979876952028e+00  ,1.959050907966e+00  ,1.938643646734e+00  ,1.918835636580e+00  ,1.899412113477e+00  
  7.244391901439e-07  ,2.417046720829e+00  ,2.381795666245e+00  ,2.347625083053e+00  ,2.314706952890e+00  ,2.282868499416e+00  ,2.252552713117e+00  ,2.223778692851e+00  ,2.195945846779e+00  ,2.168980447076e+00  ,2.142913932170e+00  ,2.117532053540e+00  ,2.092977451400e+00  ,2.069120376383e+00  ,2.045941388684e+00  ,2.023311306588e+00  ,2.001280393926e+00  ,1.979876952028e+00  ,1.959050907966e+00  ,1.938643646734e+00  ,1.918835636580e+00  ,1.899412113477e+00  
  7.254392443245e-07  ,2.417046720829e+00  ,2.381795666245e+00  ,2.347625083053e+00  ,2.314706952890e+00  ,2.282868499416e+00  ,2.252552713117e+00  ,2.223778692851e+00  ,2.195945846779e+00  ,2.168980447076e+00  ,2.142913932170e+00  ,2.117532053540e+00  ,2.092977451400e+00  ,2.069120376383e+00  ,2.045941388684e+00  ,2.023311306588e+00  ,2.001280393926e+00  ,1.979876952028e+00  ,1.959050907966e+00  ,1.938643646734e+00  ,1.918835636580e+00  ,1.899412113477e+00  
  7.264392985051e-07  ,2.417046720829e+00  ,2.381795666245e+00  ,2.347625083053e+00  ,2.314706952890e+00  ,2.282868499416e+00  ,2.252552713117e+00  ,2.223778692851e+00  ,2.195945846779e+00  ,2.168980447076e+00  ,2.142913932170e+00  ,2.117532053540e+00  ,2.092977451400e+00  ,2.069120376383e+00  ,2.045941388684e+00  ,2.023311306588e+00  ,2.001280393926e+00  ,1.979876952028e+00  ,1.959050907966e+00  ,1.938643646734e+00  ,1.918835636580e+00  ,1.899412113477e+00  
  7.274393526857e-07  ,2.417046720829e+00  ,2.381795666245e+00  ,2.347625083053e+00  ,2.314706952890e+00  ,2.282868499416e+00  ,2.252552713117e+00  ,2.223778692851e+00  ,2.195945846779e+00  ,2.168980447076e+00  ,2.142913932170e+00  ,2.117532053540e+00  ,2.092977451400e+00  ,2.069120376383e+00  ,2.045941388684e+00  ,2.023311306588e+00  ,2.001280393926e+00  ,1.979876952028e+00  ,1.959050907966e+00  ,1.938643646734e+00  ,1.918835636580e+00  ,1.899412113477e+00  
  7.284394068663e-07  ,2.417046720829e+00  ,2.381795666245e+00  ,2.347625083053e+00  ,2.314706952890e+00  ,2.282868499416e+00  ,2.252552713117e+00  ,2.223778692851e+00  ,2.195945846779e+00  ,2.168980447076e+00  ,2.142913932170e+00  ,2.117532053540e+00  ,2.092977451400e+00  ,2.069120376383e+00  ,2.045941388684e+00  ,2.023311306588e+00  ,2.001280393926e+00  ,1.979876952028e+00  ,1.959050907966e+00  ,1.938643646734e+00  ,1.918835636580e+00  ,1.899412113477e+00  
  7.294394610470e-07  ,2.417046720829e+00  ,2.381795666245e+00  ,2.347625083053e+00  ,2.314706952890e+00  ,2.282868499416e+00  ,2.252552713117e+00  ,2.223778692851e+00  ,2.195945846779e+00  ,2.168980447076e+00  ,2.142913932170e+00  ,2.117532053540e+00  ,2.092977451400e+00  ,2.069120376383e+00  ,2.045941388684e+00  ,2.023311306588e+00  ,2.001280393926e+00  ,1.979876952028e+00  ,1.959050907966e+00  ,1.938643646734e+00  ,1.918835636580e+00  ,1.899412113477e+00  
  7.304395152276e-07  ,2.417046720829e+00  ,2.381795666245e+00  ,2.347625083053e+00  ,2.314706952890e+00  ,2.282868499416e+00  ,2.252552713117e+00  ,2.223778692851e+00  ,2.195945846779e+00  ,2.168980447076e+00  ,2.142913932170e+00  ,2.117532053540e+00  ,2.092977451400e+00  ,2.069120376383e+00  ,2.045941388684e+00  ,2.023311306588e+00  ,2.001280393926e+00  ,1.979876952028e+00  ,1.959050907966e+00  ,1.938643646734e+00  ,1.918835636580e+00  ,1.899412113477e+00  
  7.314395694082e-07  ,2.417046720829e+00  ,2.381795666245e+00  ,2.347625083053e+00  ,2.314706952890e+00  ,2.282868499416e+00  ,2.252552713117e+00  ,2.223778692851e+00  ,2.195945846779e+00  ,2.168980447076e+00  ,2.142913932170e+00  ,2.117532053540e+00  ,2.092977451400e+00  ,2.069120376383e+00  ,2.045941388684e+00  ,2.023311306588e+00  ,2.001280393926e+00  ,1.979876952028e+00  ,1.959050907966e+00  ,1.938643646734e+00  ,1.918835636580e+00  ,1.899412113477e+00  
  7.324396235888e-07  ,2.417046720829e+00  ,2.381795666245e+00  ,2.347625083053e+00  ,2.314706952890e+00  ,2.282868499416e+00  ,2.252552713117e+00  ,2.223778692851e+00  ,2.195945846779e+00  ,2.168980447076e+00  ,2.142913932170e+00  ,2.117532053540e+00  ,2.092977451400e+00  ,2.069120376383e+00  ,2.045941388684e+00  ,2.023311306588e+00  ,2.001280393926e+00  ,1.979876952028e+00  ,1.959050907966e+00  ,1.938643646734e+00  ,1.918835636580e+00  ,1.899412113477e+00  
  7.334396777695e-07  ,2.417046720829e+00  ,2.381795666245e+00  ,2.347625083053e+00  ,2.314706952890e+00  ,2.282868499416e+00  ,2.252552713117e+00  ,2.223778692851e+00  ,2.195945846779e+00  ,2.168980447076e+00  ,2.142913932170e+00  ,2.117532053540e+00  ,2.092977451400e+00  ,2.069120376383e+00  ,2.045941388684e+00  ,2.023311306588e+00  ,2.001280393926e+00  ,1.979876952028e+00  ,1.959050907966e+00  ,1.938643646734e+00  ,1.918835636580e+00  ,1.899412113477e+00  
  7.344397319501e-07  ,2.417046720829e+00  ,2.381795666245e+00  ,2.347625083053e+00  ,2.314706952890e+00  ,2.282868499416e+00  ,2.252552713117e+00  ,2.223778692851e+00  ,2.195945846779e+00  ,2.168980447076e+00  ,2.142913932170e+00  ,2.117532053540e+00  ,2.092977451400e+00  ,2.069120376383e+00  ,2.045941388684e+00  ,2.023311306588e+00  ,2.001280393926e+00  ,1.979876952028e+00  ,1.959050907966e+00  ,1.938643646734e+00  ,1.918835636580e+00  ,1.899412113477e+00  
  7.354397861307e-07  ,2.417046720829e+00  ,2.381795666245e+00  ,2.347625083053e+00  ,2.314706952890e+00  ,2.282868499416e+00  ,2.252552713117e+00  ,2.223778692851e+00  ,2.195945846779e+00  ,2.168980447076e+00  ,2.142913932170e+00  ,2.117532053540e+00  ,2.092977451400e+00  ,2.069120376383e+00  ,2.045941388684e+00  ,2.023311306588e+00  ,2.001280393926e+00  ,1.979876952028e+00  ,1.959050907966e+00  ,1.938643646734e+00  ,1.918835636580e+00  ,1.899412113477e+00  
  7.364398403113e-07  ,2.417046720829e+00  ,2.381795666245e+00  ,2.347625083053e+00  ,2.314706952890e+00  ,2.282868499416e+00  ,2.252552713117e+00  ,2.223778692851e+00  ,2.195945846779e+00  ,2.168980447076e+00  ,2.142913932170e+00  ,2.117532053540e+00  ,2.092977451400e+00  ,2.069120376383e+00  ,2.045941388684e+00  ,2.023311306588e+00  ,2.001280393926e+00  ,1.979876952028e+00  ,1.959050907966e+00  ,1.938643646734e+00  ,1.918835636580e+00  ,1.899412113477e+00  
  7.374398944919e-07  ,2.417046720829e+00  ,2.381795666245e+00  ,2.347625083053e+00  ,2.314706952890e+00  ,2.282868499416e+00  ,2.252552713117e+00  ,2.223778692851e+00  ,2.195945846779e+00  ,2.168980447076e+00  ,2.142913932170e+00  ,2.117532053540e+00  ,2.092977451400e+00  ,2.069120376383e+00  ,2.045941388684e+00  ,2.023311306588e+00  ,2.001280393926e+00  ,1.979876952028e+00  ,1.959050907966e+00  ,1.938643646734e+00  ,1.918835636580e+00  ,1.899412113477e+00  
  7.384399486726e-07  ,2.417046720829e+00  ,2.381795666245e+00  ,2.347625083053e+00  ,2.314706952890e+00  ,2.282868499416e+00  ,2.252552713117e+00  ,2.223778692851e+00  ,2.195945846779e+00  ,2.168980447076e+00  ,2.142913932170e+00  ,2.117532053540e+00  ,2.092977451400e+00  ,2.069120376383e+00  ,2.045941388684e+00  ,2.023311306588e+00  ,2.001280393926e+00  ,1.979876952028e+00  ,1.959050907966e+00  ,1.938643646734e+00  ,1.918835636580e+00  ,1.899412113477e+00  
  7.394400028532e-07  ,2.417046720829e+00  ,2.381795666245e+00  ,2.347625083053e+00  ,2.314706952890e+00  ,2.282868499416e+00  ,2.252552713117e+00  ,2.223778692851e+00  ,2.195945846779e+00  ,2.168980447076e+00  ,2.142913932170e+00  ,2.117532053540e+00  ,2.092977451400e+00  ,2.069120376383e+00  ,2.045941388684e+00  ,2.023311306588e+00  ,2.001280393926e+00  ,1.979876952028e+00  ,1.959050907966e+00  ,1.938643646734e+00  ,1.918835636580e+00  ,1.899412113477e+00  
  7.404400570338e-07  ,2.417046720829e+00  ,2.381795666245e+00  ,2.347625083053e+00  ,2.314706952890e+00  ,2.282868499416e+00  ,2.252552713117e+00  ,2.223778692851e+00  ,2.195945846779e+00  ,2.168980447076e+00  ,2.142913932170e+00  ,2.117532053540e+00  ,2.092977451400e+00  ,2.069120376383e+00  ,2.045941388684e+00  ,2.023311306588e+00  ,2.001280393926e+00  ,1.979876952028e+00  ,1.959050907966e+00  ,1.938643646734e+00  ,1.918835636580e+00  ,1.899412113477e+00  
  7.414401112144e-07  ,2.417046720829e+00  ,2.381795666245e+00  ,2.347625083053e+00  ,2.314706952890e+00  ,2.282868499416e+00  ,2.252552713117e+00  ,2.223778692851e+00  ,2.195945846779e+00  ,2.168980447076e+00  ,2.142913932170e+00  ,2.117532053540e+00  ,2.092977451400e+00  ,2.069120376383e+00  ,2.045941388684e+00  ,2.023311306588e+00  ,2.001280393926e+00  ,1.979876952028e+00  ,1.959050907966e+00  ,1.938643646734e+00  ,1.918835636580e+00  ,1.899412113477e+00  
  7.424401653951e-07  ,2.417046720829e+00  ,2.381795666245e+00  ,2.347625083053e+00  ,2.314706952890e+00  ,2.282868499416e+00  ,2.252552713117e+00  ,2.223778692851e+00  ,2.195945846779e+00  ,2.168980447076e+00  ,2.142913932170e+00  ,2.117532053540e+00  ,2.092977451400e+00  ,2.069120376383e+00  ,2.045941388684e+00  ,2.023311306588e+00  ,2.001280393926e+00  ,1.979876952028e+00  ,1.959050907966e+00  ,1.938643646734e+00  ,1.918835636580e+00  ,1.899412113477e+00  
  7.434402195757e-07  ,2.417046720829e+00  ,2.381795666245e+00  ,2.347625083053e+00  ,2.314706952890e+00  ,2.282868499416e+00  ,2.252552713117e+00  ,2.223778692851e+00  ,2.195945846779e+00  ,2.168980447076e+00  ,2.142913932170e+00  ,2.117532053540e+00  ,2.092977451400e+00  ,2.069120376383e+00  ,2.045941388684e+00  ,2.023311306588e+00  ,2.001280393926e+00  ,1.979876952028e+00  ,1.959050907966e+00  ,1.938643646734e+00  ,1.918835636580e+00  ,1.899412113477e+00  
  7.444402737563e-07  ,2.417046720829e+00  ,2.381795666245e+00  ,2.347625083053e+00  ,2.314706952890e+00  ,2.282868499416e+00  ,2.252552713117e+00  ,2.223778692851e+00  ,2.195945846779e+00  ,2.168980447076e+00  ,2.142913932170e+00  ,2.117532053540e+00  ,2.092977451400e+00  ,2.069120376383e+00  ,2.045941388684e+00  ,2.023311306588e+00  ,2.001280393926e+00  ,1.979876952028e+00  ,1.959050907966e+00  ,1.938643646734e+00  ,1.918835636580e+00  ,1.899412113477e+00  
  7.454403279369e-07  ,2.417046720829e+00  ,2.381795666245e+00  ,2.347625083053e+00  ,2.314706952890e+00  ,2.282868499416e+00  ,2.252552713117e+00  ,2.223778692851e+00  ,2.195945846779e+00  ,2.168980447076e+00  ,2.142913932170e+00  ,2.117532053540e+00  ,2.092977451400e+00  ,2.069120376383e+00  ,2.045941388684e+00  ,2.023311306588e+00  ,2.001280393926e+00  ,1.979876952028e+00  ,1.959050907966e+00  ,1.938643646734e+00  ,1.918835636580e+00  ,1.899412113477e+00  
  7.464403821175e-07  ,2.417046720829e+00  ,2.381795666245e+00  ,2.347625083053e+00  ,2.314706952890e+00  ,2.282868499416e+00  ,2.252552713117e+00  ,2.223778692851e+00  ,2.195945846779e+00  ,2.168980447076e+00  ,2.142913932170e+00  ,2.117532053540e+00  ,2.092977451400e+00  ,2.069120376383e+00  ,2.045941388684e+00  ,2.023311306588e+00  ,2.001280393926e+00  ,1.979876952028e+00  ,1.959050907966e+00  ,1.938643646734e+00  ,1.918835636580e+00  ,1.899412113477e+00  
  7.474404362982e-07  ,2.417046720829e+00  ,2.381795666245e+00  ,2.347625083053e+00  ,2.314706952890e+00  ,2.282868499416e+00  ,2.252552713117e+00  ,2.223778692851e+00  ,2.195945846779e+00  ,2.168980447076e+00  ,2.142913932170e+00  ,2.117532053540e+00  ,2.092977451400e+00  ,2.069120376383e+00  ,2.045941388684e+00  ,2.023311306588e+00  ,2.001280393926e+00  ,1.979876952028e+00  ,1.959050907966e+00  ,1.938643646734e+00  ,1.918835636580e+00  ,1.899412113477e+00  
  7.484404904788e-07  ,2.417046720829e+00  ,2.381795666245e+00  ,2.347625083053e+00  ,2.314706952890e+00  ,2.282868499416e+00  ,2.252552713117e+00  ,2.223778692851e+00  ,2.195945846779e+00  ,2.168980447076e+00  ,2.142913932170e+00  ,2.117532053540e+00  ,2.092977451400e+00  ,2.069120376383e+00  ,2.045941388684e+00  ,2.023311306588e+00  ,2.001280393926e+00  ,1.979876952028e+00  ,1.959050907966e+00  ,1.938643646734e+00  ,1.918835636580e+00  ,1.899412113477e+00  
  7.494405446594e-07  ,2.417046720829e+00  ,2.381795666245e+00  ,2.347625083053e+00  ,2.314706952890e+00  ,2.282868499416e+00  ,2.252552713117e+00  ,2.223778692851e+00  ,2.195945846779e+00  ,2.168980447076e+00  ,2.142913932170e+00  ,2.117532053540e+00  ,2.092977451400e+00  ,2.069120376383e+00  ,2.045941388684e+00  ,2.023311306588e+00  ,2.001280393926e+00  ,1.979876952028e+00  ,1.959050907966e+00  ,1.938643646734e+00  ,1.918835636580e+00  ,1.899412113477e+00  
  7.504405988400e-07  ,2.417046720829e+00  ,2.381795666245e+00  ,2.347625083053e+00  ,2.314706952890e+00  ,2.282868499416e+00  ,2.252552713117e+00  ,2.223778692851e+00  ,2.195945846779e+00  ,2.168980447076e+00  ,2.142913932170e+00  ,2.117532053540e+00  ,2.092977451400e+00  ,2.069120376383e+00  ,2.045941388684e+00  ,2.023311306588e+00  ,2.001280393926e+00  ,1.979876952028e+00  ,1.959050907966e+00  ,1.938643646734e+00  ,1.918835636580e+00  ,1.899412113477e+00  
  7.514406530207e-07  ,2.417046720829e+00  ,2.381795666245e+00  ,2.347625083053e+00  ,2.314706952890e+00  ,2.282868499416e+00  ,2.252552713117e+00  ,2.223778692851e+00  ,2.195945846779e+00  ,2.168980447076e+00  ,2.142913932170e+00  ,2.117532053540e+00  ,2.092977451400e+00  ,2.069120376383e+00  ,2.045941388684e+00  ,2.023311306588e+00  ,2.001280393926e+00  ,1.979876952028e+00  ,1.959050907966e+00  ,1.938643646734e+00  ,1.918835636580e+00  ,1.899412113477e+00  
  7.524407072013e-07  ,2.417046720829e+00  ,2.381795666245e+00  ,2.347625083053e+00  ,2.314706952890e+00  ,2.282868499416e+00  ,2.252552713117e+00  ,2.223778692851e+00  ,2.195945846779e+00  ,2.168980447076e+00  ,2.142913932170e+00  ,2.117532053540e+00  ,2.092977451400e+00  ,2.069120376383e+00  ,2.045941388684e+00  ,2.023311306588e+00  ,2.001280393926e+00  ,1.979876952028e+00  ,1.959050907966e+00  ,1.938643646734e+00  ,1.918835636580e+00  ,1.899412113477e+00  
  7.534407613819e-07  ,2.417046720829e+00  ,2.381795666245e+00  ,2.347625083053e+00  ,2.314706952890e+00  ,2.282868499416e+00  ,2.252552713117e+00  ,2.223778692851e+00  ,2.195945846779e+00  ,2.168980447076e+00  ,2.142913932170e+00  ,2.117532053540e+00  ,2.092977451400e+00  ,2.069120376383e+00  ,2.045941388684e+00  ,2.023311306588e+00  ,2.001280393926e+00  ,1.979876952028e+00  ,1.959050907966e+00  ,1.938643646734e+00  ,1.918835636580e+00  ,1.899412113477e+00  
  7.544408155625e-07  ,2.417046720829e+00  ,2.381795666245e+00  ,2.347625083053e+00  ,2.314706952890e+00  ,2.282868499416e+00  ,2.252552713117e+00  ,2.223778692851e+00  ,2.195945846779e+00  ,2.168980447076e+00  ,2.142913932170e+00  ,2.117532053540e+00  ,2.092977451400e+00  ,2.069120376383e+00  ,2.045941388684e+00  ,2.023311306588e+00  ,2.001280393926e+00  ,1.979876952028e+00  ,1.959050907966e+00  ,1.938643646734e+00  ,1.918835636580e+00  ,1.899412113477e+00  
  7.554408697431e-07  ,2.417046720829e+00  ,2.381795666245e+00  ,2.347625083053e+00  ,2.314706952890e+00  ,2.282868499416e+00  ,2.252552713117e+00  ,2.223778692851e+00  ,2.195945846779e+00  ,2.168980447076e+00  ,2.142913932170e+00  ,2.117532053540e+00  ,2.092977451400e+00  ,2.069120376383e+00  ,2.045941388684e+00  ,2.023311306588e+00  ,2.001280393926e+00  ,1.979876952028e+00  ,1.959050907966e+00  ,1.938643646734e+00  ,1.918835636580e+00  ,1.899412113477e+00  
  7.564409239238e-07  ,2.417046720829e+00  ,2.381795666245e+00  ,2.347625083053e+00  ,2.314706952890e+00  ,2.282868499416e+00  ,2.252552713117e+00  ,2.223778692851e+00  ,2.195945846779e+00  ,2.168980447076e+00  ,2.142913932170e+00  ,2.117532053540e+00  ,2.092977451400e+00  ,2.069120376383e+00  ,2.045941388684e+00  ,2.023311306588e+00  ,2.001280393926e+00  ,1.979876952028e+00  ,1.959050907966e+00  ,1.938643646734e+00  ,1.918835636580e+00  ,1.899412113477e+00  
  7.574409781044e-07  ,2.417046720829e+00  ,2.381795666245e+00  ,2.347625083053e+00  ,2.314706952890e+00  ,2.282868499416e+00  ,2.252552713117e+00  ,2.223778692851e+00  ,2.195945846779e+00  ,2.168980447076e+00  ,2.142913932170e+00  ,2.117532053540e+00  ,2.092977451400e+00  ,2.069120376383e+00  ,2.045941388684e+00  ,2.023311306588e+00  ,2.001280393926e+00  ,1.979876952028e+00  ,1.959050907966e+00  ,1.938643646734e+00  ,1.918835636580e+00  ,1.899412113477e+00  
  7.584410322850e-07  ,2.417046720829e+00  ,2.381795666245e+00  ,2.347625083053e+00  ,2.314706952890e+00  ,2.282868499416e+00  ,2.252552713117e+00  ,2.223778692851e+00  ,2.195945846779e+00  ,2.168980447076e+00  ,2.142913932170e+00  ,2.117532053540e+00  ,2.092977451400e+00  ,2.069120376383e+00  ,2.045941388684e+00  ,2.023311306588e+00  ,2.001280393926e+00  ,1.979876952028e+00  ,1.959050907966e+00  ,1.938643646734e+00  ,1.918835636580e+00  ,1.899412113477e+00  
  7.594410864656e-07  ,2.417046720829e+00  ,2.381795666245e+00  ,2.347625083053e+00  ,2.314706952890e+00  ,2.282868499416e+00  ,2.252552713117e+00  ,2.223778692851e+00  ,2.195945846779e+00  ,2.168980447076e+00  ,2.142913932170e+00  ,2.117532053540e+00  ,2.092977451400e+00  ,2.069120376383e+00  ,2.045941388684e+00  ,2.023311306588e+00  ,2.001280393926e+00  ,1.979876952028e+00  ,1.959050907966e+00  ,1.938643646734e+00  ,1.918835636580e+00  ,1.899412113477e+00  
  7.604411406463e-07  ,2.417046720829e+00  ,2.381795666245e+00  ,2.347625083053e+00  ,2.314706952890e+00  ,2.282868499416e+00  ,2.252552713117e+00  ,2.223778692851e+00  ,2.195945846779e+00  ,2.168980447076e+00  ,2.142913932170e+00  ,2.117532053540e+00  ,2.092977451400e+00  ,2.069120376383e+00  ,2.045941388684e+00  ,2.023311306588e+00  ,2.001280393926e+00  ,1.979876952028e+00  ,1.959050907966e+00  ,1.938643646734e+00  ,1.918835636580e+00  ,1.899412113477e+00  
  7.614411948269e-07  ,2.417046720829e+00  ,2.381795666245e+00  ,2.347625083053e+00  ,2.314706952890e+00  ,2.282868499416e+00  ,2.252552713117e+00  ,2.223778692851e+00  ,2.195945846779e+00  ,2.168980447076e+00  ,2.142913932170e+00  ,2.117532053540e+00  ,2.092977451400e+00  ,2.069120376383e+00  ,2.045941388684e+00  ,2.023311306588e+00  ,2.001280393926e+00  ,1.979876952028e+00  ,1.959050907966e+00  ,1.938643646734e+00  ,1.918835636580e+00  ,1.899412113477e+00  
  7.624412490075e-07  ,2.417046720829e+00  ,2.381795666245e+00  ,2.347625083053e+00  ,2.314706952890e+00  ,2.282868499416e+00  ,2.252552713117e+00  ,2.223778692851e+00  ,2.195945846779e+00  ,2.168980447076e+00  ,2.142913932170e+00  ,2.117532053540e+00  ,2.092977451400e+00  ,2.069120376383e+00  ,2.045941388684e+00  ,2.023311306588e+00  ,2.001280393926e+00  ,1.979876952028e+00  ,1.959050907966e+00  ,1.938643646734e+00  ,1.918835636580e+00  ,1.899412113477e+00  
  7.634413031881e-07  ,2.417046720829e+00  ,2.381795666245e+00  ,2.347625083053e+00  ,2.314706952890e+00  ,2.282868499416e+00  ,2.252552713117e+00  ,2.223778692851e+00  ,2.195945846779e+00  ,2.168980447076e+00  ,2.142913932170e+00  ,2.117532053540e+00  ,2.092977451400e+00  ,2.069120376383e+00  ,2.045941388684e+00  ,2.023311306588e+00  ,2.001280393926e+00  ,1.979876952028e+00  ,1.959050907966e+00  ,1.938643646734e+00  ,1.918835636580e+00  ,1.899412113477e+00  
  7.644413573687e-07  ,2.417046720829e+00  ,2.381795666245e+00  ,2.347625083053e+00  ,2.314706952890e+00  ,2.282868499416e+00  ,2.252552713117e+00  ,2.223778692851e+00  ,2.195945846779e+00  ,2.168980447076e+00  ,2.142913932170e+00  ,2.117532053540e+00  ,2.092977451400e+00  ,2.069120376383e+00  ,2.045941388684e+00  ,2.023311306588e+00  ,2.001280393926e+00  ,1.979876952028e+00  ,1.959050907966e+00  ,1.938643646734e+00  ,1.918835636580e+00  ,1.899412113477e+00  
  7.654414115494e-07  ,2.417046720829e+00  ,2.381795666245e+00  ,2.347625083053e+00  ,2.314706952890e+00  ,2.282868499416e+00  ,2.252552713117e+00  ,2.223778692851e+00  ,2.195945846779e+00  ,2.168980447076e+00  ,2.142913932170e+00  ,2.117532053540e+00  ,2.092977451400e+00  ,2.069120376383e+00  ,2.045941388684e+00  ,2.023311306588e+00  ,2.001280393926e+00  ,1.979876952028e+00  ,1.959050907966e+00  ,1.938643646734e+00  ,1.918835636580e+00  ,1.899412113477e+00  
  7.664414657300e-07  ,2.417046720829e+00  ,2.381795666245e+00  ,2.347625083053e+00  ,2.314706952890e+00  ,2.282868499416e+00  ,2.252552713117e+00  ,2.223778692851e+00  ,2.195945846779e+00  ,2.168980447076e+00  ,2.142913932170e+00  ,2.117532053540e+00  ,2.092977451400e+00  ,2.069120376383e+00  ,2.045941388684e+00  ,2.023311306588e+00  ,2.001280393926e+00  ,1.979876952028e+00  ,1.959050907966e+00  ,1.938643646734e+00  ,1.918835636580e+00  ,1.899412113477e+00  
  7.674415199106e-07  ,2.417046720829e+00  ,2.381795666245e+00  ,2.347625083053e+00  ,2.314706952890e+00  ,2.282868499416e+00  ,2.252552713117e+00  ,2.223778692851e+00  ,2.195945846779e+00  ,2.168980447076e+00  ,2.142913932170e+00  ,2.117532053540e+00  ,2.092977451400e+00  ,2.069120376383e+00  ,2.045941388684e+00  ,2.023311306588e+00  ,2.001280393926e+00  ,1.979876952028e+00  ,1.959050907966e+00  ,1.938643646734e+00  ,1.918835636580e+00  ,1.899412113477e+00  
  7.684415740912e-07  ,2.417046720829e+00  ,2.381795666245e+00  ,2.347625083053e+00  ,2.314706952890e+00  ,2.282868499416e+00  ,2.252552713117e+00  ,2.223778692851e+00  ,2.195945846779e+00  ,2.168980447076e+00  ,2.142913932170e+00  ,2.117532053540e+00  ,2.092977451400e+00  ,2.069120376383e+00  ,2.045941388684e+00  ,2.023311306588e+00  ,2.001280393926e+00  ,1.979876952028e+00  ,1.959050907966e+00  ,1.938643646734e+00  ,1.918835636580e+00  ,1.899412113477e+00  
  7.694416282719e-07  ,2.417046720829e+00  ,2.381795666245e+00  ,2.347625083053e+00  ,2.314706952890e+00  ,2.282868499416e+00  ,2.252552713117e+00  ,2.223778692851e+00  ,2.195945846779e+00  ,2.168980447076e+00  ,2.142913932170e+00  ,2.117532053540e+00  ,2.092977451400e+00  ,2.069120376383e+00  ,2.045941388684e+00  ,2.023311306588e+00  ,2.001280393926e+00  ,1.979876952028e+00  ,1.959050907966e+00  ,1.938643646734e+00  ,1.918835636580e+00  ,1.899412113477e+00  
  7.704416824525e-07  ,2.417046720829e+00  ,2.381795666245e+00  ,2.347625083053e+00  ,2.314706952890e+00  ,2.282868499416e+00  ,2.252552713117e+00  ,2.223778692851e+00  ,2.195945846779e+00  ,2.168980447076e+00  ,2.142913932170e+00  ,2.117532053540e+00  ,2.092977451400e+00  ,2.069120376383e+00  ,2.045941388684e+00  ,2.023311306588e+00  ,2.001280393926e+00  ,1.979876952028e+00  ,1.959050907966e+00  ,1.938643646734e+00  ,1.918835636580e+00  ,1.899412113477e+00  
  7.714417366331e-07  ,2.417046720829e+00  ,2.381795666245e+00  ,2.347625083053e+00  ,2.314706952890e+00  ,2.282868499416e+00  ,2.252552713117e+00  ,2.223778692851e+00  ,2.195945846779e+00  ,2.168980447076e+00  ,2.142913932170e+00  ,2.117532053540e+00  ,2.092977451400e+00  ,2.069120376383e+00  ,2.045941388684e+00  ,2.023311306588e+00  ,2.001280393926e+00  ,1.979876952028e+00  ,1.959050907966e+00  ,1.938643646734e+00  ,1.918835636580e+00  ,1.899412113477e+00  
  7.724417908137e-07  ,2.417046720829e+00  ,2.381795666245e+00  ,2.347625083053e+00  ,2.314706952890e+00  ,2.282868499416e+00  ,2.252552713117e+00  ,2.223778692851e+00  ,2.195945846779e+00  ,2.168980447076e+00  ,2.142913932170e+00  ,2.117532053540e+00  ,2.092977451400e+00  ,2.069120376383e+00  ,2.045941388684e+00  ,2.023311306588e+00  ,2.001280393926e+00  ,1.979876952028e+00  ,1.959050907966e+00  ,1.938643646734e+00  ,1.918835636580e+00  ,1.899412113477e+00  
  7.734418449943e-07  ,2.417046720829e+00  ,2.381795666245e+00  ,2.347625083053e+00  ,2.314706952890e+00  ,2.282868499416e+00  ,2.252552713117e+00  ,2.223778692851e+00  ,2.195945846779e+00  ,2.168980447076e+00  ,2.142913932170e+00  ,2.117532053540e+00  ,2.092977451400e+00  ,2.069120376383e+00  ,2.045941388684e+00  ,2.023311306588e+00  ,2.001280393926e+00  ,1.979876952028e+00  ,1.959050907966e+00  ,1.938643646734e+00  ,1.918835636580e+00  ,1.899412113477e+00  
  7.744418991750e-07  ,2.417046720829e+00  ,2.381795666245e+00  ,2.347625083053e+00  ,2.314706952890e+00  ,2.282868499416e+00  ,2.252552713117e+00  ,2.223778692851e+00  ,2.195945846779e+00  ,2.168980447076e+00  ,2.142913932170e+00  ,2.117532053540e+00  ,2.092977451400e+00  ,2.069120376383e+00  ,2.045941388684e+00  ,2.023311306588e+00  ,2.001280393926e+00  ,1.979876952028e+00  ,1.959050907966e+00  ,1.938643646734e+00  ,1.918835636580e+00  ,1.899412113477e+00  
  7.754419533556e-07  ,2.417046720829e+00  ,2.381795666245e+00  ,2.347625083053e+00  ,2.314706952890e+00  ,2.282868499416e+00  ,2.252552713117e+00  ,2.223778692851e+00  ,2.195945846779e+00  ,2.168980447076e+00  ,2.142913932170e+00  ,2.117532053540e+00  ,2.092977451400e+00  ,2.069120376383e+00  ,2.045941388684e+00  ,2.023311306588e+00  ,2.001280393926e+00  ,1.979876952028e+00  ,1.959050907966e+00  ,1.938643646734e+00  ,1.918835636580e+00  ,1.899412113477e+00  
  7.764420075362e-07  ,2.417046720829e+00  ,2.381795666245e+00  ,2.347625083053e+00  ,2.314706952890e+00  ,2.282868499416e+00  ,2.252552713117e+00  ,2.223778692851e+00  ,2.195945846779e+00  ,2.168980447076e+00  ,2.142913932170e+00  ,2.117532053540e+00  ,2.092977451400e+00  ,2.069120376383e+00  ,2.045941388684e+00  ,2.023311306588e+00  ,2.001280393926e+00  ,1.979876952028e+00  ,1.959050907966e+00  ,1.938643646734e+00  ,1.918835636580e+00  ,1.899412113477e+00  
  7.774420617168e-07  ,2.417046720829e+00  ,2.381795666245e+00  ,2.347625083053e+00  ,2.314706952890e+00  ,2.282868499416e+00  ,2.252552713117e+00  ,2.223778692851e+00  ,2.195945846779e+00  ,2.168980447076e+00  ,2.142913932170e+00  ,2.117532053540e+00  ,2.092977451400e+00  ,2.069120376383e+00  ,2.045941388684e+00  ,2.023311306588e+00  ,2.001280393926e+00  ,1.979876952028e+00  ,1.959050907966e+00  ,1.938643646734e+00  ,1.918835636580e+00  ,1.899412113477e+00  
  7.784421158975e-07  ,2.417046720829e+00  ,2.381795666245e+00  ,2.347625083053e+00  ,2.314706952890e+00  ,2.282868499416e+00  ,2.252552713117e+00  ,2.223778692851e+00  ,2.195945846779e+00  ,2.168980447076e+00  ,2.142913932170e+00  ,2.117532053540e+00  ,2.092977451400e+00  ,2.069120376383e+00  ,2.045941388684e+00  ,2.023311306588e+00  ,2.001280393926e+00  ,1.979876952028e+00  ,1.959050907966e+00  ,1.938643646734e+00  ,1.918835636580e+00  ,1.899412113477e+00  
  7.794421700781e-07  ,2.417046720829e+00  ,2.381795666245e+00  ,2.347625083053e+00  ,2.314706952890e+00  ,2.282868499416e+00  ,2.252552713117e+00  ,2.223778692851e+00  ,2.195945846779e+00  ,2.168980447076e+00  ,2.142913932170e+00  ,2.117532053540e+00  ,2.092977451400e+00  ,2.069120376383e+00  ,2.045941388684e+00  ,2.023311306588e+00  ,2.001280393926e+00  ,1.979876952028e+00  ,1.959050907966e+00  ,1.938643646734e+00  ,1.918835636580e+00  ,1.899412113477e+00  
  7.804422242587e-07  ,2.417046720829e+00  ,2.381795666245e+00  ,2.347625083053e+00  ,2.314706952890e+00  ,2.282868499416e+00  ,2.252552713117e+00  ,2.223778692851e+00  ,2.195945846779e+00  ,2.168980447076e+00  ,2.142913932170e+00  ,2.117532053540e+00  ,2.092977451400e+00  ,2.069120376383e+00  ,2.045941388684e+00  ,2.023311306588e+00  ,2.001280393926e+00  ,1.979876952028e+00  ,1.959050907966e+00  ,1.938643646734e+00  ,1.918835636580e+00  ,1.899412113477e+00  
  7.814422784393e-07  ,2.417046720829e+00  ,2.381795666245e+00  ,2.347625083053e+00  ,2.314706952890e+00  ,2.282868499416e+00  ,2.252552713117e+00  ,2.223778692851e+00  ,2.195945846779e+00  ,2.168980447076e+00  ,2.142913932170e+00  ,2.117532053540e+00  ,2.092977451400e+00  ,2.069120376383e+00  ,2.045941388684e+00  ,2.023311306588e+00  ,2.001280393926e+00  ,1.979876952028e+00  ,1.959050907966e+00  ,1.938643646734e+00  ,1.918835636580e+00  ,1.899412113477e+00  
  7.824423326199e-07  ,2.417046720829e+00  ,2.381795666245e+00  ,2.347625083053e+00  ,2.314706952890e+00  ,2.282868499416e+00  ,2.252552713117e+00  ,2.223778692851e+00  ,2.195945846779e+00  ,2.168980447076e+00  ,2.142913932170e+00  ,2.117532053540e+00  ,2.092977451400e+00  ,2.069120376383e+00  ,2.045941388684e+00  ,2.023311306588e+00  ,2.001280393926e+00  ,1.979876952028e+00  ,1.959050907966e+00  ,1.938643646734e+00  ,1.918835636580e+00  ,1.899412113477e+00  
  7.834423868006e-07  ,2.417046720829e+00  ,2.381795666245e+00  ,2.347625083053e+00  ,2.314706952890e+00  ,2.282868499416e+00  ,2.252552713117e+00  ,2.223778692851e+00  ,2.195945846779e+00  ,2.168980447076e+00  ,2.142913932170e+00  ,2.117532053540e+00  ,2.092977451400e+00  ,2.069120376383e+00  ,2.045941388684e+00  ,2.023311306588e+00  ,2.001280393926e+00  ,1.979876952028e+00  ,1.959050907966e+00  ,1.938643646734e+00  ,1.918835636580e+00  ,1.899412113477e+00  
  7.844424409812e-07  ,2.417046720829e+00  ,2.381795666245e+00  ,2.347625083053e+00  ,2.314706952890e+00  ,2.282868499416e+00  ,2.252552713117e+00  ,2.223778692851e+00  ,2.195945846779e+00  ,2.168980447076e+00  ,2.142913932170e+00  ,2.117532053540e+00  ,2.092977451400e+00  ,2.069120376383e+00  ,2.045941388684e+00  ,2.023311306588e+00  ,2.001280393926e+00  ,1.979876952028e+00  ,1.959050907966e+00  ,1.938643646734e+00  ,1.918835636580e+00  ,1.899412113477e+00  
  7.854424951618e-07  ,2.417046720829e+00  ,2.381795666245e+00  ,2.347625083053e+00  ,2.314706952890e+00  ,2.282868499416e+00  ,2.252552713117e+00  ,2.223778692851e+00  ,2.195945846779e+00  ,2.168980447076e+00  ,2.142913932170e+00  ,2.117532053540e+00  ,2.092977451400e+00  ,2.069120376383e+00  ,2.045941388684e+00  ,2.023311306588e+00  ,2.001280393926e+00  ,1.979876952028e+00  ,1.959050907966e+00  ,1.938643646734e+00  ,1.918835636580e+00  ,1.899412113477e+00  
  7.864425493424e-07  ,2.417046720829e+00  ,2.381795666245e+00  ,2.347625083053e+00  ,2.314706952890e+00  ,2.282868499416e+00  ,2.252552713117e+00  ,2.223778692851e+00  ,2.195945846779e+00  ,2.168980447076e+00  ,2.142913932170e+00  ,2.117532053540e+00  ,2.092977451400e+00  ,2.069120376383e+00  ,2.045941388684e+00  ,2.023311306588e+00  ,2.001280393926e+00  ,1.979876952028e+00  ,1.959050907966e+00  ,1.938643646734e+00  ,1.918835636580e+00  ,1.899412113477e+00  
  7.874426035231e-07  ,2.417046720829e+00  ,2.381795666245e+00  ,2.347625083053e+00  ,2.314706952890e+00  ,2.282868499416e+00  ,2.252552713117e+00  ,2.223778692851e+00  ,2.195945846779e+00  ,2.168980447076e+00  ,2.142913932170e+00  ,2.117532053540e+00  ,2.092977451400e+00  ,2.069120376383e+00  ,2.045941388684e+00  ,2.023311306588e+00  ,2.001280393926e+00  ,1.979876952028e+00  ,1.959050907966e+00  ,1.938643646734e+00  ,1.918835636580e+00  ,1.899412113477e+00  
  7.884426577037e-07  ,2.417046720829e+00  ,2.381795666245e+00  ,2.347625083053e+00  ,2.314706952890e+00  ,2.282868499416e+00  ,2.252552713117e+00  ,2.223778692851e+00  ,2.195945846779e+00  ,2.168980447076e+00  ,2.142913932170e+00  ,2.117532053540e+00  ,2.092977451400e+00  ,2.069120376383e+00  ,2.045941388684e+00  ,2.023311306588e+00  ,2.001280393926e+00  ,1.979876952028e+00  ,1.959050907966e+00  ,1.938643646734e+00  ,1.918835636580e+00  ,1.899412113477e+00  
  7.894427118843e-07  ,2.417046720829e+00  ,2.381795666245e+00  ,2.347625083053e+00  ,2.314706952890e+00  ,2.282868499416e+00  ,2.252552713117e+00  ,2.223778692851e+00  ,2.195945846779e+00  ,2.168980447076e+00  ,2.142913932170e+00  ,2.117532053540e+00  ,2.092977451400e+00  ,2.069120376383e+00  ,2.045941388684e+00  ,2.023311306588e+00  ,2.001280393926e+00  ,1.979876952028e+00  ,1.959050907966e+00  ,1.938643646734e+00  ,1.918835636580e+00  ,1.899412113477e+00  
  7.904427660649e-07  ,2.417046720829e+00  ,2.381795666245e+00  ,2.347625083053e+00  ,2.314706952890e+00  ,2.282868499416e+00  ,2.252552713117e+00  ,2.223778692851e+00  ,2.195945846779e+00  ,2.168980447076e+00  ,2.142913932170e+00  ,2.117532053540e+00  ,2.092977451400e+00  ,2.069120376383e+00  ,2.045941388684e+00  ,2.023311306588e+00  ,2.001280393926e+00  ,1.979876952028e+00  ,1.959050907966e+00  ,1.938643646734e+00  ,1.918835636580e+00  ,1.899412113477e+00  
  7.914428202455e-07  ,2.417046720829e+00  ,2.381795666245e+00  ,2.347625083053e+00  ,2.314706952890e+00  ,2.282868499416e+00  ,2.252552713117e+00  ,2.223778692851e+00  ,2.195945846779e+00  ,2.168980447076e+00  ,2.142913932170e+00  ,2.117532053540e+00  ,2.092977451400e+00  ,2.069120376383e+00  ,2.045941388684e+00  ,2.023311306588e+00  ,2.001280393926e+00  ,1.979876952028e+00  ,1.959050907966e+00  ,1.938643646734e+00  ,1.918835636580e+00  ,1.899412113477e+00  
  7.924428744262e-07  ,2.417046720829e+00  ,2.381795666245e+00  ,2.347625083053e+00  ,2.314706952890e+00  ,2.282868499416e+00  ,2.252552713117e+00  ,2.223778692851e+00  ,2.195945846779e+00  ,2.168980447076e+00  ,2.142913932170e+00  ,2.117532053540e+00  ,2.092977451400e+00  ,2.069120376383e+00  ,2.045941388684e+00  ,2.023311306588e+00  ,2.001280393926e+00  ,1.979876952028e+00  ,1.959050907966e+00  ,1.938643646734e+00  ,1.918835636580e+00  ,1.899412113477e+00  
  7.934429286068e-07  ,2.417046720829e+00  ,2.381795666245e+00  ,2.347625083053e+00  ,2.314706952890e+00  ,2.282868499416e+00  ,2.252552713117e+00  ,2.223778692851e+00  ,2.195945846779e+00  ,2.168980447076e+00  ,2.142913932170e+00  ,2.117532053540e+00  ,2.092977451400e+00  ,2.069120376383e+00  ,2.045941388684e+00  ,2.023311306588e+00  ,2.001280393926e+00  ,1.979876952028e+00  ,1.959050907966e+00  ,1.938643646734e+00  ,1.918835636580e+00  ,1.899412113477e+00  
  7.944429827874e-07  ,2.417046720829e+00  ,2.381795666245e+00  ,2.347625083053e+00  ,2.314706952890e+00  ,2.282868499416e+00  ,2.252552713117e+00  ,2.223778692851e+00  ,2.195945846779e+00  ,2.168980447076e+00  ,2.142913932170e+00  ,2.117532053540e+00  ,2.092977451400e+00  ,2.069120376383e+00  ,2.045941388684e+00  ,2.023311306588e+00  ,2.001280393926e+00  ,1.979876952028e+00  ,1.959050907966e+00  ,1.938643646734e+00  ,1.918835636580e+00  ,1.899412113477e+00  
  7.954430369680e-07  ,2.417046720829e+00  ,2.381795666245e+00  ,2.347625083053e+00  ,2.314706952890e+00  ,2.282868499416e+00  ,2.252552713117e+00  ,2.223778692851e+00  ,2.195945846779e+00  ,2.168980447076e+00  ,2.142913932170e+00  ,2.117532053540e+00  ,2.092977451400e+00  ,2.069120376383e+00  ,2.045941388684e+00  ,2.023311306588e+00  ,2.001280393926e+00  ,1.979876952028e+00  ,1.959050907966e+00  ,1.938643646734e+00  ,1.918835636580e+00  ,1.899412113477e+00  
  7.964430911487e-07  ,2.417046720829e+00  ,2.381795666245e+00  ,2.347625083053e+00  ,2.314706952890e+00  ,2.282868499416e+00  ,2.252552713117e+00  ,2.223778692851e+00  ,2.195945846779e+00  ,2.168980447076e+00  ,2.142913932170e+00  ,2.117532053540e+00  ,2.092977451400e+00  ,2.069120376383e+00  ,2.045941388684e+00  ,2.023311306588e+00  ,2.001280393926e+00  ,1.979876952028e+00  ,1.959050907966e+00  ,1.938643646734e+00  ,1.918835636580e+00  ,1.899412113477e+00  
  7.974431453293e-07  ,2.417046720829e+00  ,2.381795666245e+00  ,2.347625083053e+00  ,2.314706952890e+00  ,2.282868499416e+00  ,2.252552713117e+00  ,2.223778692851e+00  ,2.195945846779e+00  ,2.168980447076e+00  ,2.142913932170e+00  ,2.117532053540e+00  ,2.092977451400e+00  ,2.069120376383e+00  ,2.045941388684e+00  ,2.023311306588e+00  ,2.001280393926e+00  ,1.979876952028e+00  ,1.959050907966e+00  ,1.938643646734e+00  ,1.918835636580e+00  ,1.899412113477e+00  
  7.984431995099e-07  ,2.417046720829e+00  ,2.381795666245e+00  ,2.347625083053e+00  ,2.314706952890e+00  ,2.282868499416e+00  ,2.252552713117e+00  ,2.223778692851e+00  ,2.195945846779e+00  ,2.168980447076e+00  ,2.142913932170e+00  ,2.117532053540e+00  ,2.092977451400e+00  ,2.069120376383e+00  ,2.045941388684e+00  ,2.023311306588e+00  ,2.001280393926e+00  ,1.979876952028e+00  ,1.959050907966e+00  ,1.938643646734e+00  ,1.918835636580e+00  ,1.899412113477e+00  
  7.994432536905e-07  ,2.417046720829e+00  ,2.381795666245e+00  ,2.347625083053e+00  ,2.314706952890e+00  ,2.282868499416e+00  ,2.252552713117e+00  ,2.223778692851e+00  ,2.195945846779e+00  ,2.168980447076e+00  ,2.142913932170e+00  ,2.117532053540e+00  ,2.092977451400e+00  ,2.069120376383e+00  ,2.045941388684e+00  ,2.023311306588e+00  ,2.001280393926e+00  ,1.979876952028e+00  ,1.959050907966e+00  ,1.938643646734e+00  ,1.918835636580e+00  ,1.899412113477e+00  
  8.004433078711e-07  ,2.417046720829e+00  ,2.381795666245e+00  ,2.347625083053e+00  ,2.314706952890e+00  ,2.282868499416e+00  ,2.252552713117e+00  ,2.223778692851e+00  ,2.195945846779e+00  ,2.168980447076e+00  ,2.142913932170e+00  ,2.117532053540e+00  ,2.092977451400e+00  ,2.069120376383e+00  ,2.045941388684e+00  ,2.023311306588e+00  ,2.001280393926e+00  ,1.979876952028e+00  ,1.959050907966e+00  ,1.938643646734e+00  ,1.918835636580e+00  ,1.899412113477e+00  
  8.014433620518e-07  ,2.417046720829e+00  ,2.381795666245e+00  ,2.347625083053e+00  ,2.314706952890e+00  ,2.282868499416e+00  ,2.252552713117e+00  ,2.223778692851e+00  ,2.195945846779e+00  ,2.168980447076e+00  ,2.142913932170e+00  ,2.117532053540e+00  ,2.092977451400e+00  ,2.069120376383e+00  ,2.045941388684e+00  ,2.023311306588e+00  ,2.001280393926e+00  ,1.979876952028e+00  ,1.959050907966e+00  ,1.938643646734e+00  ,1.918835636580e+00  ,1.899412113477e+00  
  8.024434162324e-07  ,2.417046720829e+00  ,2.381795666245e+00  ,2.347625083053e+00  ,2.314706952890e+00  ,2.282868499416e+00  ,2.252552713117e+00  ,2.223778692851e+00  ,2.195945846779e+00  ,2.168980447076e+00  ,2.142913932170e+00  ,2.117532053540e+00  ,2.092977451400e+00  ,2.069120376383e+00  ,2.045941388684e+00  ,2.023311306588e+00  ,2.001280393926e+00  ,1.979876952028e+00  ,1.959050907966e+00  ,1.938643646734e+00  ,1.918835636580e+00  ,1.899412113477e+00  
  8.034434704130e-07  ,2.417046720829e+00  ,2.381795666245e+00  ,2.347625083053e+00  ,2.314706952890e+00  ,2.282868499416e+00  ,2.252552713117e+00  ,2.223778692851e+00  ,2.195945846779e+00  ,2.168980447076e+00  ,2.142913932170e+00  ,2.117532053540e+00  ,2.092977451400e+00  ,2.069120376383e+00  ,2.045941388684e+00  ,2.023311306588e+00  ,2.001280393926e+00  ,1.979876952028e+00  ,1.959050907966e+00  ,1.938643646734e+00  ,1.918835636580e+00  ,1.899412113477e+00  
  8.044435245936e-07  ,2.417046720829e+00  ,2.381795666245e+00  ,2.347625083053e+00  ,2.314706952890e+00  ,2.282868499416e+00  ,2.252552713117e+00  ,2.223778692851e+00  ,2.195945846779e+00  ,2.168980447076e+00  ,2.142913932170e+00  ,2.117532053540e+00  ,2.092977451400e+00  ,2.069120376383e+00  ,2.045941388684e+00  ,2.023311306588e+00  ,2.001280393926e+00  ,1.979876952028e+00  ,1.959050907966e+00  ,1.938643646734e+00  ,1.918835636580e+00  ,1.899412113477e+00  
  8.054435787743e-07  ,2.417046720829e+00  ,2.381795666245e+00  ,2.347625083053e+00  ,2.314706952890e+00  ,2.282868499416e+00  ,2.252552713117e+00  ,2.223778692851e+00  ,2.195945846779e+00  ,2.168980447076e+00  ,2.142913932170e+00  ,2.117532053540e+00  ,2.092977451400e+00  ,2.069120376383e+00  ,2.045941388684e+00  ,2.023311306588e+00  ,2.001280393926e+00  ,1.979876952028e+00  ,1.959050907966e+00  ,1.938643646734e+00  ,1.918835636580e+00  ,1.899412113477e+00  
  8.064436329549e-07  ,2.417046720829e+00  ,2.381795666245e+00  ,2.347625083053e+00  ,2.314706952890e+00  ,2.282868499416e+00  ,2.252552713117e+00  ,2.223778692851e+00  ,2.195945846779e+00  ,2.168980447076e+00  ,2.142913932170e+00  ,2.117532053540e+00  ,2.092977451400e+00  ,2.069120376383e+00  ,2.045941388684e+00  ,2.023311306588e+00  ,2.001280393926e+00  ,1.979876952028e+00  ,1.959050907966e+00  ,1.938643646734e+00  ,1.918835636580e+00  ,1.899412113477e+00  
  8.074436871355e-07  ,2.417046720829e+00  ,2.381795666245e+00  ,2.347625083053e+00  ,2.314706952890e+00  ,2.282868499416e+00  ,2.252552713117e+00  ,2.223778692851e+00  ,2.195945846779e+00  ,2.168980447076e+00  ,2.142913932170e+00  ,2.117532053540e+00  ,2.092977451400e+00  ,2.069120376383e+00  ,2.045941388684e+00  ,2.023311306588e+00  ,2.001280393926e+00  ,1.979876952028e+00  ,1.959050907966e+00  ,1.938643646734e+00  ,1.918835636580e+00  ,1.899412113477e+00  
  8.084437413161e-07  ,2.417046720829e+00  ,2.381795666245e+00  ,2.347625083053e+00  ,2.314706952890e+00  ,2.282868499416e+00  ,2.252552713117e+00  ,2.223778692851e+00  ,2.195945846779e+00  ,2.168980447076e+00  ,2.142913932170e+00  ,2.117532053540e+00  ,2.092977451400e+00  ,2.069120376383e+00  ,2.045941388684e+00  ,2.023311306588e+00  ,2.001280393926e+00  ,1.979876952028e+00  ,1.959050907966e+00  ,1.938643646734e+00  ,1.918835636580e+00  ,1.899412113477e+00  
  8.094437954967e-07  ,2.417046720829e+00  ,2.381795666245e+00  ,2.347625083053e+00  ,2.314706952890e+00  ,2.282868499416e+00  ,2.252552713117e+00  ,2.223778692851e+00  ,2.195945846779e+00  ,2.168980447076e+00  ,2.142913932170e+00  ,2.117532053540e+00  ,2.092977451400e+00  ,2.069120376383e+00  ,2.045941388684e+00  ,2.023311306588e+00  ,2.001280393926e+00  ,1.979876952028e+00  ,1.959050907966e+00  ,1.938643646734e+00  ,1.918835636580e+00  ,1.899412113477e+00  
  8.104438496774e-07  ,2.417046720829e+00  ,2.381795666245e+00  ,2.347625083053e+00  ,2.314706952890e+00  ,2.282868499416e+00  ,2.252552713117e+00  ,2.223778692851e+00  ,2.195945846779e+00  ,2.168980447076e+00  ,2.142913932170e+00  ,2.117532053540e+00  ,2.092977451400e+00  ,2.069120376383e+00  ,2.045941388684e+00  ,2.023311306588e+00  ,2.001280393926e+00  ,1.979876952028e+00  ,1.959050907966e+00  ,1.938643646734e+00  ,1.918835636580e+00  ,1.899412113477e+00  
  8.114439038580e-07  ,2.417046720829e+00  ,2.381795666245e+00  ,2.347625083053e+00  ,2.314706952890e+00  ,2.282868499416e+00  ,2.252552713117e+00  ,2.223778692851e+00  ,2.195945846779e+00  ,2.168980447076e+00  ,2.142913932170e+00  ,2.117532053540e+00  ,2.092977451400e+00  ,2.069120376383e+00  ,2.045941388684e+00  ,2.023311306588e+00  ,2.001280393926e+00  ,1.979876952028e+00  ,1.959050907966e+00  ,1.938643646734e+00  ,1.918835636580e+00  ,1.899412113477e+00  
  8.124439580386e-07  ,2.417046720829e+00  ,2.381795666245e+00  ,2.347625083053e+00  ,2.314706952890e+00  ,2.282868499416e+00  ,2.252552713117e+00  ,2.223778692851e+00  ,2.195945846779e+00  ,2.168980447076e+00  ,2.142913932170e+00  ,2.117532053540e+00  ,2.092977451400e+00  ,2.069120376383e+00  ,2.045941388684e+00  ,2.023311306588e+00  ,2.001280393926e+00  ,1.979876952028e+00  ,1.959050907966e+00  ,1.938643646734e+00  ,1.918835636580e+00  ,1.899412113477e+00  
  8.134440122192e-07  ,2.417046720829e+00  ,2.381795666245e+00  ,2.347625083053e+00  ,2.314706952890e+00  ,2.282868499416e+00  ,2.252552713117e+00  ,2.223778692851e+00  ,2.195945846779e+00  ,2.168980447076e+00  ,2.142913932170e+00  ,2.117532053540e+00  ,2.092977451400e+00  ,2.069120376383e+00  ,2.045941388684e+00  ,2.023311306588e+00  ,2.001280393926e+00  ,1.979876952028e+00  ,1.959050907966e+00  ,1.938643646734e+00  ,1.918835636580e+00  ,1.899412113477e+00  
  8.144440663998e-07  ,2.417046720829e+00  ,2.381795666245e+00  ,2.347625083053e+00  ,2.314706952890e+00  ,2.282868499416e+00  ,2.252552713117e+00  ,2.223778692851e+00  ,2.195945846779e+00  ,2.168980447076e+00  ,2.142913932170e+00  ,2.117532053540e+00  ,2.092977451400e+00  ,2.069120376383e+00  ,2.045941388684e+00  ,2.023311306588e+00  ,2.001280393926e+00  ,1.979876952028e+00  ,1.959050907966e+00  ,1.938643646734e+00  ,1.918835636580e+00  ,1.899412113477e+00  
  8.154441205805e-07  ,2.417046720829e+00  ,2.381795666245e+00  ,2.347625083053e+00  ,2.314706952890e+00  ,2.282868499416e+00  ,2.252552713117e+00  ,2.223778692851e+00  ,2.195945846779e+00  ,2.168980447076e+00  ,2.142913932170e+00  ,2.117532053540e+00  ,2.092977451400e+00  ,2.069120376383e+00  ,2.045941388684e+00  ,2.023311306588e+00  ,2.001280393926e+00  ,1.979876952028e+00  ,1.959050907966e+00  ,1.938643646734e+00  ,1.918835636580e+00  ,1.899412113477e+00  
  8.164441747611e-07  ,2.417046720829e+00  ,2.381795666245e+00  ,2.347625083053e+00  ,2.314706952890e+00  ,2.282868499416e+00  ,2.252552713117e+00  ,2.223778692851e+00  ,2.195945846779e+00  ,2.168980447076e+00  ,2.142913932170e+00  ,2.117532053540e+00  ,2.092977451400e+00  ,2.069120376383e+00  ,2.045941388684e+00  ,2.023311306588e+00  ,2.001280393926e+00  ,1.979876952028e+00  ,1.959050907966e+00  ,1.938643646734e+00  ,1.918835636580e+00  ,1.899412113477e+00  
  8.174442289417e-07  ,2.417046720829e+00  ,2.381795666245e+00  ,2.347625083053e+00  ,2.314706952890e+00  ,2.282868499416e+00  ,2.252552713117e+00  ,2.223778692851e+00  ,2.195945846779e+00  ,2.168980447076e+00  ,2.142913932170e+00  ,2.117532053540e+00  ,2.092977451400e+00  ,2.069120376383e+00  ,2.045941388684e+00  ,2.023311306588e+00  ,2.001280393926e+00  ,1.979876952028e+00  ,1.959050907966e+00  ,1.938643646734e+00  ,1.918835636580e+00  ,1.899412113477e+00  
  8.184442831223e-07  ,2.417046720829e+00  ,2.381795666245e+00  ,2.347625083053e+00  ,2.314706952890e+00  ,2.282868499416e+00  ,2.252552713117e+00  ,2.223778692851e+00  ,2.195945846779e+00  ,2.168980447076e+00  ,2.142913932170e+00  ,2.117532053540e+00  ,2.092977451400e+00  ,2.069120376383e+00  ,2.045941388684e+00  ,2.023311306588e+00  ,2.001280393926e+00  ,1.979876952028e+00  ,1.959050907966e+00  ,1.938643646734e+00  ,1.918835636580e+00  ,1.899412113477e+00  
  8.194443373030e-07  ,2.417046720829e+00  ,2.381795666245e+00  ,2.347625083053e+00  ,2.314706952890e+00  ,2.282868499416e+00  ,2.252552713117e+00  ,2.223778692851e+00  ,2.195945846779e+00  ,2.168980447076e+00  ,2.142913932170e+00  ,2.117532053540e+00  ,2.092977451400e+00  ,2.069120376383e+00  ,2.045941388684e+00  ,2.023311306588e+00  ,2.001280393926e+00  ,1.979876952028e+00  ,1.959050907966e+00  ,1.938643646734e+00  ,1.918835636580e+00  ,1.899412113477e+00  
  8.204443914836e-07  ,2.417046720829e+00  ,2.381795666245e+00  ,2.347625083053e+00  ,2.314706952890e+00  ,2.282868499416e+00  ,2.252552713117e+00  ,2.223778692851e+00  ,2.195945846779e+00  ,2.168980447076e+00  ,2.142913932170e+00  ,2.117532053540e+00  ,2.092977451400e+00  ,2.069120376383e+00  ,2.045941388684e+00  ,2.023311306588e+00  ,2.001280393926e+00  ,1.979876952028e+00  ,1.959050907966e+00  ,1.938643646734e+00  ,1.918835636580e+00  ,1.899412113477e+00  
  8.214444456642e-07  ,2.417046720829e+00  ,2.381795666245e+00  ,2.347625083053e+00  ,2.314706952890e+00  ,2.282868499416e+00  ,2.252552713117e+00  ,2.223778692851e+00  ,2.195945846779e+00  ,2.168980447076e+00  ,2.142913932170e+00  ,2.117532053540e+00  ,2.092977451400e+00  ,2.069120376383e+00  ,2.045941388684e+00  ,2.023311306588e+00  ,2.001280393926e+00  ,1.979876952028e+00  ,1.959050907966e+00  ,1.938643646734e+00  ,1.918835636580e+00  ,1.899412113477e+00  
  8.224444998448e-07  ,2.417046720829e+00  ,2.381795666245e+00  ,2.347625083053e+00  ,2.314706952890e+00  ,2.282868499416e+00  ,2.252552713117e+00  ,2.223778692851e+00  ,2.195945846779e+00  ,2.168980447076e+00  ,2.142913932170e+00  ,2.117532053540e+00  ,2.092977451400e+00  ,2.069120376383e+00  ,2.045941388684e+00  ,2.023311306588e+00  ,2.001280393926e+00  ,1.979876952028e+00  ,1.959050907966e+00  ,1.938643646734e+00  ,1.918835636580e+00  ,1.899412113477e+00  
  8.234445540254e-07  ,2.417046720829e+00  ,2.381795666245e+00  ,2.347625083053e+00  ,2.314706952890e+00  ,2.282868499416e+00  ,2.252552713117e+00  ,2.223778692851e+00  ,2.195945846779e+00  ,2.168980447076e+00  ,2.142913932170e+00  ,2.117532053540e+00  ,2.092977451400e+00  ,2.069120376383e+00  ,2.045941388684e+00  ,2.023311306588e+00  ,2.001280393926e+00  ,1.979876952028e+00  ,1.959050907966e+00  ,1.938643646734e+00  ,1.918835636580e+00  ,1.899412113477e+00  
  8.244446082061e-07  ,2.417046720829e+00  ,2.381795666245e+00  ,2.347625083053e+00  ,2.314706952890e+00  ,2.282868499416e+00  ,2.252552713117e+00  ,2.223778692851e+00  ,2.195945846779e+00  ,2.168980447076e+00  ,2.142913932170e+00  ,2.117532053540e+00  ,2.092977451400e+00  ,2.069120376383e+00  ,2.045941388684e+00  ,2.023311306588e+00  ,2.001280393926e+00  ,1.979876952028e+00  ,1.959050907966e+00  ,1.938643646734e+00  ,1.918835636580e+00  ,1.899412113477e+00  
  8.254446623867e-07  ,2.417046720829e+00  ,2.381795666245e+00  ,2.347625083053e+00  ,2.314706952890e+00  ,2.282868499416e+00  ,2.252552713117e+00  ,2.223778692851e+00  ,2.195945846779e+00  ,2.168980447076e+00  ,2.142913932170e+00  ,2.117532053540e+00  ,2.092977451400e+00  ,2.069120376383e+00  ,2.045941388684e+00  ,2.023311306588e+00  ,2.001280393926e+00  ,1.979876952028e+00  ,1.959050907966e+00  ,1.938643646734e+00  ,1.918835636580e+00  ,1.899412113477e+00  
  8.264447165673e-07  ,2.417046720829e+00  ,2.381795666245e+00  ,2.347625083053e+00  ,2.314706952890e+00  ,2.282868499416e+00  ,2.252552713117e+00  ,2.223778692851e+00  ,2.195945846779e+00  ,2.168980447076e+00  ,2.142913932170e+00  ,2.117532053540e+00  ,2.092977451400e+00  ,2.069120376383e+00  ,2.045941388684e+00  ,2.023311306588e+00  ,2.001280393926e+00  ,1.979876952028e+00  ,1.959050907966e+00  ,1.938643646734e+00  ,1.918835636580e+00  ,1.899412113477e+00  
  8.274447707479e-07  ,2.417046720829e+00  ,2.381795666245e+00  ,2.347625083053e+00  ,2.314706952890e+00  ,2.282868499416e+00  ,2.252552713117e+00  ,2.223778692851e+00  ,2.195945846779e+00  ,2.168980447076e+00  ,2.142913932170e+00  ,2.117532053540e+00  ,2.092977451400e+00  ,2.069120376383e+00  ,2.045941388684e+00  ,2.023311306588e+00  ,2.001280393926e+00  ,1.979876952028e+00  ,1.959050907966e+00  ,1.938643646734e+00  ,1.918835636580e+00  ,1.899412113477e+00  
  8.284448249286e-07  ,2.417046720829e+00  ,2.381795666245e+00  ,2.347625083053e+00  ,2.314706952890e+00  ,2.282868499416e+00  ,2.252552713117e+00  ,2.223778692851e+00  ,2.195945846779e+00  ,2.168980447076e+00  ,2.142913932170e+00  ,2.117532053540e+00  ,2.092977451400e+00  ,2.069120376383e+00  ,2.045941388684e+00  ,2.023311306588e+00  ,2.001280393926e+00  ,1.979876952028e+00  ,1.959050907966e+00  ,1.938643646734e+00  ,1.918835636580e+00  ,1.899412113477e+00  
  8.294448791092e-07  ,2.417046720829e+00  ,2.381795666245e+00  ,2.347625083053e+00  ,2.314706952890e+00  ,2.282868499416e+00  ,2.252552713117e+00  ,2.223778692851e+00  ,2.195945846779e+00  ,2.168980447076e+00  ,2.142913932170e+00  ,2.117532053540e+00  ,2.092977451400e+00  ,2.069120376383e+00  ,2.045941388684e+00  ,2.023311306588e+00  ,2.001280393926e+00  ,1.979876952028e+00  ,1.959050907966e+00  ,1.938643646734e+00  ,1.918835636580e+00  ,1.899412113477e+00  
  8.304449332898e-07  ,2.417046720829e+00  ,2.381795666245e+00  ,2.347625083053e+00  ,2.314706952890e+00  ,2.282868499416e+00  ,2.252552713117e+00  ,2.223778692851e+00  ,2.195945846779e+00  ,2.168980447076e+00  ,2.142913932170e+00  ,2.117532053540e+00  ,2.092977451400e+00  ,2.069120376383e+00  ,2.045941388684e+00  ,2.023311306588e+00  ,2.001280393926e+00  ,1.979876952028e+00  ,1.959050907966e+00  ,1.938643646734e+00  ,1.918835636580e+00  ,1.899412113477e+00  
  8.314449874704e-07  ,2.417046720829e+00  ,2.381795666245e+00  ,2.347625083053e+00  ,2.314706952890e+00  ,2.282868499416e+00  ,2.252552713117e+00  ,2.223778692851e+00  ,2.195945846779e+00  ,2.168980447076e+00  ,2.142913932170e+00  ,2.117532053540e+00  ,2.092977451400e+00  ,2.069120376383e+00  ,2.045941388684e+00  ,2.023311306588e+00  ,2.001280393926e+00  ,1.979876952028e+00  ,1.959050907966e+00  ,1.938643646734e+00  ,1.918835636580e+00  ,1.899412113477e+00  
  8.324450416510e-07  ,2.417046720829e+00  ,2.381795666245e+00  ,2.347625083053e+00  ,2.314706952890e+00  ,2.282868499416e+00  ,2.252552713117e+00  ,2.223778692851e+00  ,2.195945846779e+00  ,2.168980447076e+00  ,2.142913932170e+00  ,2.117532053540e+00  ,2.092977451400e+00  ,2.069120376383e+00  ,2.045941388684e+00  ,2.023311306588e+00  ,2.001280393926e+00  ,1.979876952028e+00  ,1.959050907966e+00  ,1.938643646734e+00  ,1.918835636580e+00  ,1.899412113477e+00  
  8.334450958317e-07  ,2.417046720829e+00  ,2.381795666245e+00  ,2.347625083053e+00  ,2.314706952890e+00  ,2.282868499416e+00  ,2.252552713117e+00  ,2.223778692851e+00  ,2.195945846779e+00  ,2.168980447076e+00  ,2.142913932170e+00  ,2.117532053540e+00  ,2.092977451400e+00  ,2.069120376383e+00  ,2.045941388684e+00  ,2.023311306588e+00  ,2.001280393926e+00  ,1.979876952028e+00  ,1.959050907966e+00  ,1.938643646734e+00  ,1.918835636580e+00  ,1.899412113477e+00  
  8.344451500123e-07  ,2.417046720829e+00  ,2.381795666245e+00  ,2.347625083053e+00  ,2.314706952890e+00  ,2.282868499416e+00  ,2.252552713117e+00  ,2.223778692851e+00  ,2.195945846779e+00  ,2.168980447076e+00  ,2.142913932170e+00  ,2.117532053540e+00  ,2.092977451400e+00  ,2.069120376383e+00  ,2.045941388684e+00  ,2.023311306588e+00  ,2.001280393926e+00  ,1.979876952028e+00  ,1.959050907966e+00  ,1.938643646734e+00  ,1.918835636580e+00  ,1.899412113477e+00  
  8.354452041929e-07  ,2.417046720829e+00  ,2.381795666245e+00  ,2.347625083053e+00  ,2.314706952890e+00  ,2.282868499416e+00  ,2.252552713117e+00  ,2.223778692851e+00  ,2.195945846779e+00  ,2.168980447076e+00  ,2.142913932170e+00  ,2.117532053540e+00  ,2.092977451400e+00  ,2.069120376383e+00  ,2.045941388684e+00  ,2.023311306588e+00  ,2.001280393926e+00  ,1.979876952028e+00  ,1.959050907966e+00  ,1.938643646734e+00  ,1.918835636580e+00  ,1.899412113477e+00  
  8.364452583735e-07  ,2.417046720829e+00  ,2.381795666245e+00  ,2.347625083053e+00  ,2.314706952890e+00  ,2.282868499416e+00  ,2.252552713117e+00  ,2.223778692851e+00  ,2.195945846779e+00  ,2.168980447076e+00  ,2.142913932170e+00  ,2.117532053540e+00  ,2.092977451400e+00  ,2.069120376383e+00  ,2.045941388684e+00  ,2.023311306588e+00  ,2.001280393926e+00  ,1.979876952028e+00  ,1.959050907966e+00  ,1.938643646734e+00  ,1.918835636580e+00  ,1.899412113477e+00  
  8.374453125542e-07  ,2.417046720829e+00  ,2.381795666245e+00  ,2.347625083053e+00  ,2.314706952890e+00  ,2.282868499416e+00  ,2.252552713117e+00  ,2.223778692851e+00  ,2.195945846779e+00  ,2.168980447076e+00  ,2.142913932170e+00  ,2.117532053540e+00  ,2.092977451400e+00  ,2.069120376383e+00  ,2.045941388684e+00  ,2.023311306588e+00  ,2.001280393926e+00  ,1.979876952028e+00  ,1.959050907966e+00  ,1.938643646734e+00  ,1.918835636580e+00  ,1.899412113477e+00  
  8.384453667348e-07  ,2.417046720829e+00  ,2.381795666245e+00  ,2.347625083053e+00  ,2.314706952890e+00  ,2.282868499416e+00  ,2.252552713117e+00  ,2.223778692851e+00  ,2.195945846779e+00  ,2.168980447076e+00  ,2.142913932170e+00  ,2.117532053540e+00  ,2.092977451400e+00  ,2.069120376383e+00  ,2.045941388684e+00  ,2.023311306588e+00  ,2.001280393926e+00  ,1.979876952028e+00  ,1.959050907966e+00  ,1.938643646734e+00  ,1.918835636580e+00  ,1.899412113477e+00  
  8.394454209154e-07  ,2.417046720829e+00  ,2.381795666245e+00  ,2.347625083053e+00  ,2.314706952890e+00  ,2.282868499416e+00  ,2.252552713117e+00  ,2.223778692851e+00  ,2.195945846779e+00  ,2.168980447076e+00  ,2.142913932170e+00  ,2.117532053540e+00  ,2.092977451400e+00  ,2.069120376383e+00  ,2.045941388684e+00  ,2.023311306588e+00  ,2.001280393926e+00  ,1.979876952028e+00  ,1.959050907966e+00  ,1.938643646734e+00  ,1.918835636580e+00  ,1.899412113477e+00  
  8.404454750960e-07  ,2.417046720829e+00  ,2.381795666245e+00  ,2.347625083053e+00  ,2.314706952890e+00  ,2.282868499416e+00  ,2.252552713117e+00  ,2.223778692851e+00  ,2.195945846779e+00  ,2.168980447076e+00  ,2.142913932170e+00  ,2.117532053540e+00  ,2.092977451400e+00  ,2.069120376383e+00  ,2.045941388684e+00  ,2.023311306588e+00  ,2.001280393926e+00  ,1.979876952028e+00  ,1.959050907966e+00  ,1.938643646734e+00  ,1.918835636580e+00  ,1.899412113477e+00  
  8.414455292766e-07  ,2.417046720829e+00  ,2.381795666245e+00  ,2.347625083053e+00  ,2.314706952890e+00  ,2.282868499416e+00  ,2.252552713117e+00  ,2.223778692851e+00  ,2.195945846779e+00  ,2.168980447076e+00  ,2.142913932170e+00  ,2.117532053540e+00  ,2.092977451400e+00  ,2.069120376383e+00  ,2.045941388684e+00  ,2.023311306588e+00  ,2.001280393926e+00  ,1.979876952028e+00  ,1.959050907966e+00  ,1.938643646734e+00  ,1.918835636580e+00  ,1.899412113477e+00  
  8.424455834573e-07  ,2.417046720829e+00  ,2.381795666245e+00  ,2.347625083053e+00  ,2.314706952890e+00  ,2.282868499416e+00  ,2.252552713117e+00  ,2.223778692851e+00  ,2.195945846779e+00  ,2.168980447076e+00  ,2.142913932170e+00  ,2.117532053540e+00  ,2.092977451400e+00  ,2.069120376383e+00  ,2.045941388684e+00  ,2.023311306588e+00  ,2.001280393926e+00  ,1.979876952028e+00  ,1.959050907966e+00  ,1.938643646734e+00  ,1.918835636580e+00  ,1.899412113477e+00  
  8.434456376379e-07  ,2.417046720829e+00  ,2.381795666245e+00  ,2.347625083053e+00  ,2.314706952890e+00  ,2.282868499416e+00  ,2.252552713117e+00  ,2.223778692851e+00  ,2.195945846779e+00  ,2.168980447076e+00  ,2.142913932170e+00  ,2.117532053540e+00  ,2.092977451400e+00  ,2.069120376383e+00  ,2.045941388684e+00  ,2.023311306588e+00  ,2.001280393926e+00  ,1.979876952028e+00  ,1.959050907966e+00  ,1.938643646734e+00  ,1.918835636580e+00  ,1.899412113477e+00  
  8.444456918185e-07  ,2.417046720829e+00  ,2.381795666245e+00  ,2.347625083053e+00  ,2.314706952890e+00  ,2.282868499416e+00  ,2.252552713117e+00  ,2.223778692851e+00  ,2.195945846779e+00  ,2.168980447076e+00  ,2.142913932170e+00  ,2.117532053540e+00  ,2.092977451400e+00  ,2.069120376383e+00  ,2.045941388684e+00  ,2.023311306588e+00  ,2.001280393926e+00  ,1.979876952028e+00  ,1.959050907966e+00  ,1.938643646734e+00  ,1.918835636580e+00  ,1.899412113477e+00  
  8.454457459991e-07  ,2.417046720829e+00  ,2.381795666245e+00  ,2.347625083053e+00  ,2.314706952890e+00  ,2.282868499416e+00  ,2.252552713117e+00  ,2.223778692851e+00  ,2.195945846779e+00  ,2.168980447076e+00  ,2.142913932170e+00  ,2.117532053540e+00  ,2.092977451400e+00  ,2.069120376383e+00  ,2.045941388684e+00  ,2.023311306588e+00  ,2.001280393926e+00  ,1.979876952028e+00  ,1.959050907966e+00  ,1.938643646734e+00  ,1.918835636580e+00  ,1.899412113477e+00  
  8.464458001798e-07  ,2.417046720829e+00  ,2.381795666245e+00  ,2.347625083053e+00  ,2.314706952890e+00  ,2.282868499416e+00  ,2.252552713117e+00  ,2.223778692851e+00  ,2.195945846779e+00  ,2.168980447076e+00  ,2.142913932170e+00  ,2.117532053540e+00  ,2.092977451400e+00  ,2.069120376383e+00  ,2.045941388684e+00  ,2.023311306588e+00  ,2.001280393926e+00  ,1.979876952028e+00  ,1.959050907966e+00  ,1.938643646734e+00  ,1.918835636580e+00  ,1.899412113477e+00  
  8.474458543604e-07  ,2.417046720829e+00  ,2.381795666245e+00  ,2.347625083053e+00  ,2.314706952890e+00  ,2.282868499416e+00  ,2.252552713117e+00  ,2.223778692851e+00  ,2.195945846779e+00  ,2.168980447076e+00  ,2.142913932170e+00  ,2.117532053540e+00  ,2.092977451400e+00  ,2.069120376383e+00  ,2.045941388684e+00  ,2.023311306588e+00  ,2.001280393926e+00  ,1.979876952028e+00  ,1.959050907966e+00  ,1.938643646734e+00  ,1.918835636580e+00  ,1.899412113477e+00  
  8.484459085410e-07  ,2.417046720829e+00  ,2.381795666245e+00  ,2.347625083053e+00  ,2.314706952890e+00  ,2.282868499416e+00  ,2.252552713117e+00  ,2.223778692851e+00  ,2.195945846779e+00  ,2.168980447076e+00  ,2.142913932170e+00  ,2.117532053540e+00  ,2.092977451400e+00  ,2.069120376383e+00  ,2.045941388684e+00  ,2.023311306588e+00  ,2.001280393926e+00  ,1.979876952028e+00  ,1.959050907966e+00  ,1.938643646734e+00  ,1.918835636580e+00  ,1.899412113477e+00  
  8.494459627216e-07  ,2.417046720829e+00  ,2.381795666245e+00  ,2.347625083053e+00  ,2.314706952890e+00  ,2.282868499416e+00  ,2.252552713117e+00  ,2.223778692851e+00  ,2.195945846779e+00  ,2.168980447076e+00  ,2.142913932170e+00  ,2.117532053540e+00  ,2.092977451400e+00  ,2.069120376383e+00  ,2.045941388684e+00  ,2.023311306588e+00  ,2.001280393926e+00  ,1.979876952028e+00  ,1.959050907966e+00  ,1.938643646734e+00  ,1.918835636580e+00  ,1.899412113477e+00  
  8.504460169022e-07  ,2.417046720829e+00  ,2.381795666245e+00  ,2.347625083053e+00  ,2.314706952890e+00  ,2.282868499416e+00  ,2.252552713117e+00  ,2.223778692851e+00  ,2.195945846779e+00  ,2.168980447076e+00  ,2.142913932170e+00  ,2.117532053540e+00  ,2.092977451400e+00  ,2.069120376383e+00  ,2.045941388684e+00  ,2.023311306588e+00  ,2.001280393926e+00  ,1.979876952028e+00  ,1.959050907966e+00  ,1.938643646734e+00  ,1.918835636580e+00  ,1.899412113477e+00  
  8.514460710829e-07  ,2.417046720829e+00  ,2.381795666245e+00  ,2.347625083053e+00  ,2.314706952890e+00  ,2.282868499416e+00  ,2.252552713117e+00  ,2.223778692851e+00  ,2.195945846779e+00  ,2.168980447076e+00  ,2.142913932170e+00  ,2.117532053540e+00  ,2.092977451400e+00  ,2.069120376383e+00  ,2.045941388684e+00  ,2.023311306588e+00  ,2.001280393926e+00  ,1.979876952028e+00  ,1.959050907966e+00  ,1.938643646734e+00  ,1.918835636580e+00  ,1.899412113477e+00  
  8.524461252635e-07  ,2.417046720829e+00  ,2.381795666245e+00  ,2.347625083053e+00  ,2.314706952890e+00  ,2.282868499416e+00  ,2.252552713117e+00  ,2.223778692851e+00  ,2.195945846779e+00  ,2.168980447076e+00  ,2.142913932170e+00  ,2.117532053540e+00  ,2.092977451400e+00  ,2.069120376383e+00  ,2.045941388684e+00  ,2.023311306588e+00  ,2.001280393926e+00  ,1.979876952028e+00  ,1.959050907966e+00  ,1.938643646734e+00  ,1.918835636580e+00  ,1.899412113477e+00  
  8.534461794441e-07  ,2.417046720829e+00  ,2.381795666245e+00  ,2.347625083053e+00  ,2.314706952890e+00  ,2.282868499416e+00  ,2.252552713117e+00  ,2.223778692851e+00  ,2.195945846779e+00  ,2.168980447076e+00  ,2.142913932170e+00  ,2.117532053540e+00  ,2.092977451400e+00  ,2.069120376383e+00  ,2.045941388684e+00  ,2.023311306588e+00  ,2.001280393926e+00  ,1.979876952028e+00  ,1.959050907966e+00  ,1.938643646734e+00  ,1.918835636580e+00  ,1.899412113477e+00  
  8.544462336247e-07  ,2.417046720829e+00  ,2.381795666245e+00  ,2.347625083053e+00  ,2.314706952890e+00  ,2.282868499416e+00  ,2.252552713117e+00  ,2.223778692851e+00  ,2.195945846779e+00  ,2.168980447076e+00  ,2.142913932170e+00  ,2.117532053540e+00  ,2.092977451400e+00  ,2.069120376383e+00  ,2.045941388684e+00  ,2.023311306588e+00  ,2.001280393926e+00  ,1.979876952028e+00  ,1.959050907966e+00  ,1.938643646734e+00  ,1.918835636580e+00  ,1.899412113477e+00  
  8.554462878054e-07  ,2.417046720829e+00  ,2.381795666245e+00  ,2.347625083053e+00  ,2.314706952890e+00  ,2.282868499416e+00  ,2.252552713117e+00  ,2.223778692851e+00  ,2.195945846779e+00  ,2.168980447076e+00  ,2.142913932170e+00  ,2.117532053540e+00  ,2.092977451400e+00  ,2.069120376383e+00  ,2.045941388684e+00  ,2.023311306588e+00  ,2.001280393926e+00  ,1.979876952028e+00  ,1.959050907966e+00  ,1.938643646734e+00  ,1.918835636580e+00  ,1.899412113477e+00  
  8.564463419860e-07  ,2.417046720829e+00  ,2.381795666245e+00  ,2.347625083053e+00  ,2.314706952890e+00  ,2.282868499416e+00  ,2.252552713117e+00  ,2.223778692851e+00  ,2.195945846779e+00  ,2.168980447076e+00  ,2.142913932170e+00  ,2.117532053540e+00  ,2.092977451400e+00  ,2.069120376383e+00  ,2.045941388684e+00  ,2.023311306588e+00  ,2.001280393926e+00  ,1.979876952028e+00  ,1.959050907966e+00  ,1.938643646734e+00  ,1.918835636580e+00  ,1.899412113477e+00  
  8.574463961666e-07  ,2.417046720829e+00  ,2.381795666245e+00  ,2.347625083053e+00  ,2.314706952890e+00  ,2.282868499416e+00  ,2.252552713117e+00  ,2.223778692851e+00  ,2.195945846779e+00  ,2.168980447076e+00  ,2.142913932170e+00  ,2.117532053540e+00  ,2.092977451400e+00  ,2.069120376383e+00  ,2.045941388684e+00  ,2.023311306588e+00  ,2.001280393926e+00  ,1.979876952028e+00  ,1.959050907966e+00  ,1.938643646734e+00  ,1.918835636580e+00  ,1.899412113477e+00  
  8.584464503472e-07  ,2.417046720829e+00  ,2.381795666245e+00  ,2.347625083053e+00  ,2.314706952890e+00  ,2.282868499416e+00  ,2.252552713117e+00  ,2.223778692851e+00  ,2.195945846779e+00  ,2.168980447076e+00  ,2.142913932170e+00  ,2.117532053540e+00  ,2.092977451400e+00  ,2.069120376383e+00  ,2.045941388684e+00  ,2.023311306588e+00  ,2.001280393926e+00  ,1.979876952028e+00  ,1.959050907966e+00  ,1.938643646734e+00  ,1.918835636580e+00  ,1.899412113477e+00  
  8.594465045278e-07  ,2.417046720829e+00  ,2.381795666245e+00  ,2.347625083053e+00  ,2.314706952890e+00  ,2.282868499416e+00  ,2.252552713117e+00  ,2.223778692851e+00  ,2.195945846779e+00  ,2.168980447076e+00  ,2.142913932170e+00  ,2.117532053540e+00  ,2.092977451400e+00  ,2.069120376383e+00  ,2.045941388684e+00  ,2.023311306588e+00  ,2.001280393926e+00  ,1.979876952028e+00  ,1.959050907966e+00  ,1.938643646734e+00  ,1.918835636580e+00  ,1.899412113477e+00  
  8.604465587085e-07  ,2.417046720829e+00  ,2.381795666245e+00  ,2.347625083053e+00  ,2.314706952890e+00  ,2.282868499416e+00  ,2.252552713117e+00  ,2.223778692851e+00  ,2.195945846779e+00  ,2.168980447076e+00  ,2.142913932170e+00  ,2.117532053540e+00  ,2.092977451400e+00  ,2.069120376383e+00  ,2.045941388684e+00  ,2.023311306588e+00  ,2.001280393926e+00  ,1.979876952028e+00  ,1.959050907966e+00  ,1.938643646734e+00  ,1.918835636580e+00  ,1.899412113477e+00  
  8.614466128891e-07  ,2.417046720829e+00  ,2.381795666245e+00  ,2.347625083053e+00  ,2.314706952890e+00  ,2.282868499416e+00  ,2.252552713117e+00  ,2.223778692851e+00  ,2.195945846779e+00  ,2.168980447076e+00  ,2.142913932170e+00  ,2.117532053540e+00  ,2.092977451400e+00  ,2.069120376383e+00  ,2.045941388684e+00  ,2.023311306588e+00  ,2.001280393926e+00  ,1.979876952028e+00  ,1.959050907966e+00  ,1.938643646734e+00  ,1.918835636580e+00  ,1.899412113477e+00  
  8.624466670697e-07  ,2.417046720829e+00  ,2.381795666245e+00  ,2.347625083053e+00  ,2.314706952890e+00  ,2.282868499416e+00  ,2.252552713117e+00  ,2.223778692851e+00  ,2.195945846779e+00  ,2.168980447076e+00  ,2.142913932170e+00  ,2.117532053540e+00  ,2.092977451400e+00  ,2.069120376383e+00  ,2.045941388684e+00  ,2.023311306588e+00  ,2.001280393926e+00  ,1.979876952028e+00  ,1.959050907966e+00  ,1.938643646734e+00  ,1.918835636580e+00  ,1.899412113477e+00  
  8.634467212503e-07  ,2.417046720829e+00  ,2.381795666245e+00  ,2.347625083053e+00  ,2.314706952890e+00  ,2.282868499416e+00  ,2.252552713117e+00  ,2.223778692851e+00  ,2.195945846779e+00  ,2.168980447076e+00  ,2.142913932170e+00  ,2.117532053540e+00  ,2.092977451400e+00  ,2.069120376383e+00  ,2.045941388684e+00  ,2.023311306588e+00  ,2.001280393926e+00  ,1.979876952028e+00  ,1.959050907966e+00  ,1.938643646734e+00  ,1.918835636580e+00  ,1.899412113477e+00  
  8.644467754310e-07  ,2.417046720829e+00  ,2.381795666245e+00  ,2.347625083053e+00  ,2.314706952890e+00  ,2.282868499416e+00  ,2.252552713117e+00  ,2.223778692851e+00  ,2.195945846779e+00  ,2.168980447076e+00  ,2.142913932170e+00  ,2.117532053540e+00  ,2.092977451400e+00  ,2.069120376383e+00  ,2.045941388684e+00  ,2.023311306588e+00  ,2.001280393926e+00  ,1.979876952028e+00  ,1.959050907966e+00  ,1.938643646734e+00  ,1.918835636580e+00  ,1.899412113477e+00  
  8.654468296116e-07  ,2.417046720829e+00  ,2.381795666245e+00  ,2.347625083053e+00  ,2.314706952890e+00  ,2.282868499416e+00  ,2.252552713117e+00  ,2.223778692851e+00  ,2.195945846779e+00  ,2.168980447076e+00  ,2.142913932170e+00  ,2.117532053540e+00  ,2.092977451400e+00  ,2.069120376383e+00  ,2.045941388684e+00  ,2.023311306588e+00  ,2.001280393926e+00  ,1.979876952028e+00  ,1.959050907966e+00  ,1.938643646734e+00  ,1.918835636580e+00  ,1.899412113477e+00  
  8.664468837922e-07  ,2.417046720829e+00  ,2.381795666245e+00  ,2.347625083053e+00  ,2.314706952890e+00  ,2.282868499416e+00  ,2.252552713117e+00  ,2.223778692851e+00  ,2.195945846779e+00  ,2.168980447076e+00  ,2.142913932170e+00  ,2.117532053540e+00  ,2.092977451400e+00  ,2.069120376383e+00  ,2.045941388684e+00  ,2.023311306588e+00  ,2.001280393926e+00  ,1.979876952028e+00  ,1.959050907966e+00  ,1.938643646734e+00  ,1.918835636580e+00  ,1.899412113477e+00  
  8.674469379728e-07  ,2.417046720829e+00  ,2.381795666245e+00  ,2.347625083053e+00  ,2.314706952890e+00  ,2.282868499416e+00  ,2.252552713117e+00  ,2.223778692851e+00  ,2.195945846779e+00  ,2.168980447076e+00  ,2.142913932170e+00  ,2.117532053540e+00  ,2.092977451400e+00  ,2.069120376383e+00  ,2.045941388684e+00  ,2.023311306588e+00  ,2.001280393926e+00  ,1.979876952028e+00  ,1.959050907966e+00  ,1.938643646734e+00  ,1.918835636580e+00  ,1.899412113477e+00  
  8.684469921534e-07  ,2.417046720829e+00  ,2.381795666245e+00  ,2.347625083053e+00  ,2.314706952890e+00  ,2.282868499416e+00  ,2.252552713117e+00  ,2.223778692851e+00  ,2.195945846779e+00  ,2.168980447076e+00  ,2.142913932170e+00  ,2.117532053540e+00  ,2.092977451400e+00  ,2.069120376383e+00  ,2.045941388684e+00  ,2.023311306588e+00  ,2.001280393926e+00  ,1.979876952028e+00  ,1.959050907966e+00  ,1.938643646734e+00  ,1.918835636580e+00  ,1.899412113477e+00  
  8.694470463341e-07  ,2.417046720829e+00  ,2.381795666245e+00  ,2.347625083053e+00  ,2.314706952890e+00  ,2.282868499416e+00  ,2.252552713117e+00  ,2.223778692851e+00  ,2.195945846779e+00  ,2.168980447076e+00  ,2.142913932170e+00  ,2.117532053540e+00  ,2.092977451400e+00  ,2.069120376383e+00  ,2.045941388684e+00  ,2.023311306588e+00  ,2.001280393926e+00  ,1.979876952028e+00  ,1.959050907966e+00  ,1.938643646734e+00  ,1.918835636580e+00  ,1.899412113477e+00  
  8.704471005147e-07  ,2.417046720829e+00  ,2.381795666245e+00  ,2.347625083053e+00  ,2.314706952890e+00  ,2.282868499416e+00  ,2.252552713117e+00  ,2.223778692851e+00  ,2.195945846779e+00  ,2.168980447076e+00  ,2.142913932170e+00  ,2.117532053540e+00  ,2.092977451400e+00  ,2.069120376383e+00  ,2.045941388684e+00  ,2.023311306588e+00  ,2.001280393926e+00  ,1.979876952028e+00  ,1.959050907966e+00  ,1.938643646734e+00  ,1.918835636580e+00  ,1.899412113477e+00  
  8.714471546953e-07  ,2.417046720829e+00  ,2.381795666245e+00  ,2.347625083053e+00  ,2.314706952890e+00  ,2.282868499416e+00  ,2.252552713117e+00  ,2.223778692851e+00  ,2.195945846779e+00  ,2.168980447076e+00  ,2.142913932170e+00  ,2.117532053540e+00  ,2.092977451400e+00  ,2.069120376383e+00  ,2.045941388684e+00  ,2.023311306588e+00  ,2.001280393926e+00  ,1.979876952028e+00  ,1.959050907966e+00  ,1.938643646734e+00  ,1.918835636580e+00  ,1.899412113477e+00  
  8.724472088759e-07  ,2.417046720829e+00  ,2.381795666245e+00  ,2.347625083053e+00  ,2.314706952890e+00  ,2.282868499416e+00  ,2.252552713117e+00  ,2.223778692851e+00  ,2.195945846779e+00  ,2.168980447076e+00  ,2.142913932170e+00  ,2.117532053540e+00  ,2.092977451400e+00  ,2.069120376383e+00  ,2.045941388684e+00  ,2.023311306588e+00  ,2.001280393926e+00  ,1.979876952028e+00  ,1.959050907966e+00  ,1.938643646734e+00  ,1.918835636580e+00  ,1.899412113477e+00  
  8.734472630566e-07  ,2.417046720829e+00  ,2.381795666245e+00  ,2.347625083053e+00  ,2.314706952890e+00  ,2.282868499416e+00  ,2.252552713117e+00  ,2.223778692851e+00  ,2.195945846779e+00  ,2.168980447076e+00  ,2.142913932170e+00  ,2.117532053540e+00  ,2.092977451400e+00  ,2.069120376383e+00  ,2.045941388684e+00  ,2.023311306588e+00  ,2.001280393926e+00  ,1.979876952028e+00  ,1.959050907966e+00  ,1.938643646734e+00  ,1.918835636580e+00  ,1.899412113477e+00  
  8.744473172372e-07  ,2.417046720829e+00  ,2.381795666245e+00  ,2.347625083053e+00  ,2.314706952890e+00  ,2.282868499416e+00  ,2.252552713117e+00  ,2.223778692851e+00  ,2.195945846779e+00  ,2.168980447076e+00  ,2.142913932170e+00  ,2.117532053540e+00  ,2.092977451400e+00  ,2.069120376383e+00  ,2.045941388684e+00  ,2.023311306588e+00  ,2.001280393926e+00  ,1.979876952028e+00  ,1.959050907966e+00  ,1.938643646734e+00  ,1.918835636580e+00  ,1.899412113477e+00  
  8.754473714178e-07  ,2.417046720829e+00  ,2.381795666245e+00  ,2.347625083053e+00  ,2.314706952890e+00  ,2.282868499416e+00  ,2.252552713117e+00  ,2.223778692851e+00  ,2.195945846779e+00  ,2.168980447076e+00  ,2.142913932170e+00  ,2.117532053540e+00  ,2.092977451400e+00  ,2.069120376383e+00  ,2.045941388684e+00  ,2.023311306588e+00  ,2.001280393926e+00  ,1.979876952028e+00  ,1.959050907966e+00  ,1.938643646734e+00  ,1.918835636580e+00  ,1.899412113477e+00  
  8.764474255984e-07  ,2.417046720829e+00  ,2.381795666245e+00  ,2.347625083053e+00  ,2.314706952890e+00  ,2.282868499416e+00  ,2.252552713117e+00  ,2.223778692851e+00  ,2.195945846779e+00  ,2.168980447076e+00  ,2.142913932170e+00  ,2.117532053540e+00  ,2.092977451400e+00  ,2.069120376383e+00  ,2.045941388684e+00  ,2.023311306588e+00  ,2.001280393926e+00  ,1.979876952028e+00  ,1.959050907966e+00  ,1.938643646734e+00  ,1.918835636580e+00  ,1.899412113477e+00  
  8.774474797790e-07  ,2.417046720829e+00  ,2.381795666245e+00  ,2.347625083053e+00  ,2.314706952890e+00  ,2.282868499416e+00  ,2.252552713117e+00  ,2.223778692851e+00  ,2.195945846779e+00  ,2.168980447076e+00  ,2.142913932170e+00  ,2.117532053540e+00  ,2.092977451400e+00  ,2.069120376383e+00  ,2.045941388684e+00  ,2.023311306588e+00  ,2.001280393926e+00  ,1.979876952028e+00  ,1.959050907966e+00  ,1.938643646734e+00  ,1.918835636580e+00  ,1.899412113477e+00  
  8.784475339597e-07  ,2.417046720829e+00  ,2.381795666245e+00  ,2.347625083053e+00  ,2.314706952890e+00  ,2.282868499416e+00  ,2.252552713117e+00  ,2.223778692851e+00  ,2.195945846779e+00  ,2.168980447076e+00  ,2.142913932170e+00  ,2.117532053540e+00  ,2.092977451400e+00  ,2.069120376383e+00  ,2.045941388684e+00  ,2.023311306588e+00  ,2.001280393926e+00  ,1.979876952028e+00  ,1.959050907966e+00  ,1.938643646734e+00  ,1.918835636580e+00  ,1.899412113477e+00  
  8.794475881403e-07  ,2.417046720829e+00  ,2.381795666245e+00  ,2.347625083053e+00  ,2.314706952890e+00  ,2.282868499416e+00  ,2.252552713117e+00  ,2.223778692851e+00  ,2.195945846779e+00  ,2.168980447076e+00  ,2.142913932170e+00  ,2.117532053540e+00  ,2.092977451400e+00  ,2.069120376383e+00  ,2.045941388684e+00  ,2.023311306588e+00  ,2.001280393926e+00  ,1.979876952028e+00  ,1.959050907966e+00  ,1.938643646734e+00  ,1.918835636580e+00  ,1.899412113477e+00  
  8.804476423209e-07  ,2.417046720829e+00  ,2.381795666245e+00  ,2.347625083053e+00  ,2.314706952890e+00  ,2.282868499416e+00  ,2.252552713117e+00  ,2.223778692851e+00  ,2.195945846779e+00  ,2.168980447076e+00  ,2.142913932170e+00  ,2.117532053540e+00  ,2.092977451400e+00  ,2.069120376383e+00  ,2.045941388684e+00  ,2.023311306588e+00  ,2.001280393926e+00  ,1.979876952028e+00  ,1.959050907966e+00  ,1.938643646734e+00  ,1.918835636580e+00  ,1.899412113477e+00  
  8.814476965015e-07  ,2.417046720829e+00  ,2.381795666245e+00  ,2.347625083053e+00  ,2.314706952890e+00  ,2.282868499416e+00  ,2.252552713117e+00  ,2.223778692851e+00  ,2.195945846779e+00  ,2.168980447076e+00  ,2.142913932170e+00  ,2.117532053540e+00  ,2.092977451400e+00  ,2.069120376383e+00  ,2.045941388684e+00  ,2.023311306588e+00  ,2.001280393926e+00  ,1.979876952028e+00  ,1.959050907966e+00  ,1.938643646734e+00  ,1.918835636580e+00  ,1.899412113477e+00  
  8.824477506822e-07  ,2.417046720829e+00  ,2.381795666245e+00  ,2.347625083053e+00  ,2.314706952890e+00  ,2.282868499416e+00  ,2.252552713117e+00  ,2.223778692851e+00  ,2.195945846779e+00  ,2.168980447076e+00  ,2.142913932170e+00  ,2.117532053540e+00  ,2.092977451400e+00  ,2.069120376383e+00  ,2.045941388684e+00  ,2.023311306588e+00  ,2.001280393926e+00  ,1.979876952028e+00  ,1.959050907966e+00  ,1.938643646734e+00  ,1.918835636580e+00  ,1.899412113477e+00  
  8.834478048628e-07  ,2.417046720829e+00  ,2.381795666245e+00  ,2.347625083053e+00  ,2.314706952890e+00  ,2.282868499416e+00  ,2.252552713117e+00  ,2.223778692851e+00  ,2.195945846779e+00  ,2.168980447076e+00  ,2.142913932170e+00  ,2.117532053540e+00  ,2.092977451400e+00  ,2.069120376383e+00  ,2.045941388684e+00  ,2.023311306588e+00  ,2.001280393926e+00  ,1.979876952028e+00  ,1.959050907966e+00  ,1.938643646734e+00  ,1.918835636580e+00  ,1.899412113477e+00  
  8.844478590434e-07  ,2.417046720829e+00  ,2.381795666245e+00  ,2.347625083053e+00  ,2.314706952890e+00  ,2.282868499416e+00  ,2.252552713117e+00  ,2.223778692851e+00  ,2.195945846779e+00  ,2.168980447076e+00  ,2.142913932170e+00  ,2.117532053540e+00  ,2.092977451400e+00  ,2.069120376383e+00  ,2.045941388684e+00  ,2.023311306588e+00  ,2.001280393926e+00  ,1.979876952028e+00  ,1.959050907966e+00  ,1.938643646734e+00  ,1.918835636580e+00  ,1.899412113477e+00  
  8.854479132240e-07  ,2.417046720829e+00  ,2.381795666245e+00  ,2.347625083053e+00  ,2.314706952890e+00  ,2.282868499416e+00  ,2.252552713117e+00  ,2.223778692851e+00  ,2.195945846779e+00  ,2.168980447076e+00  ,2.142913932170e+00  ,2.117532053540e+00  ,2.092977451400e+00  ,2.069120376383e+00  ,2.045941388684e+00  ,2.023311306588e+00  ,2.001280393926e+00  ,1.979876952028e+00  ,1.959050907966e+00  ,1.938643646734e+00  ,1.918835636580e+00  ,1.899412113477e+00  
  8.864479674046e-07  ,2.417046720829e+00  ,2.381795666245e+00  ,2.347625083053e+00  ,2.314706952890e+00  ,2.282868499416e+00  ,2.252552713117e+00  ,2.223778692851e+00  ,2.195945846779e+00  ,2.168980447076e+00  ,2.142913932170e+00  ,2.117532053540e+00  ,2.092977451400e+00  ,2.069120376383e+00  ,2.045941388684e+00  ,2.023311306588e+00  ,2.001280393926e+00  ,1.979876952028e+00  ,1.959050907966e+00  ,1.938643646734e+00  ,1.918835636580e+00  ,1.899412113477e+00  
  8.874480215853e-07  ,2.417046720829e+00  ,2.381795666245e+00  ,2.347625083053e+00  ,2.314706952890e+00  ,2.282868499416e+00  ,2.252552713117e+00  ,2.223778692851e+00  ,2.195945846779e+00  ,2.168980447076e+00  ,2.142913932170e+00  ,2.117532053540e+00  ,2.092977451400e+00  ,2.069120376383e+00  ,2.045941388684e+00  ,2.023311306588e+00  ,2.001280393926e+00  ,1.979876952028e+00  ,1.959050907966e+00  ,1.938643646734e+00  ,1.918835636580e+00  ,1.899412113477e+00  
  8.884480757659e-07  ,2.417046720829e+00  ,2.381795666245e+00  ,2.347625083053e+00  ,2.314706952890e+00  ,2.282868499416e+00  ,2.252552713117e+00  ,2.223778692851e+00  ,2.195945846779e+00  ,2.168980447076e+00  ,2.142913932170e+00  ,2.117532053540e+00  ,2.092977451400e+00  ,2.069120376383e+00  ,2.045941388684e+00  ,2.023311306588e+00  ,2.001280393926e+00  ,1.979876952028e+00  ,1.959050907966e+00  ,1.938643646734e+00  ,1.918835636580e+00  ,1.899412113477e+00  
  8.894481299465e-07  ,2.417046720829e+00  ,2.381795666245e+00  ,2.347625083053e+00  ,2.314706952890e+00  ,2.282868499416e+00  ,2.252552713117e+00  ,2.223778692851e+00  ,2.195945846779e+00  ,2.168980447076e+00  ,2.142913932170e+00  ,2.117532053540e+00  ,2.092977451400e+00  ,2.069120376383e+00  ,2.045941388684e+00  ,2.023311306588e+00  ,2.001280393926e+00  ,1.979876952028e+00  ,1.959050907966e+00  ,1.938643646734e+00  ,1.918835636580e+00  ,1.899412113477e+00  
  8.904481841271e-07  ,2.417046720829e+00  ,2.381795666245e+00  ,2.347625083053e+00  ,2.314706952890e+00  ,2.282868499416e+00  ,2.252552713117e+00  ,2.223778692851e+00  ,2.195945846779e+00  ,2.168980447076e+00  ,2.142913932170e+00  ,2.117532053540e+00  ,2.092977451400e+00  ,2.069120376383e+00  ,2.045941388684e+00  ,2.023311306588e+00  ,2.001280393926e+00  ,1.979876952028e+00  ,1.959050907966e+00  ,1.938643646734e+00  ,1.918835636580e+00  ,1.899412113477e+00  
  8.914482383078e-07  ,2.417046720829e+00  ,2.381795666245e+00  ,2.347625083053e+00  ,2.314706952890e+00  ,2.282868499416e+00  ,2.252552713117e+00  ,2.223778692851e+00  ,2.195945846779e+00  ,2.168980447076e+00  ,2.142913932170e+00  ,2.117532053540e+00  ,2.092977451400e+00  ,2.069120376383e+00  ,2.045941388684e+00  ,2.023311306588e+00  ,2.001280393926e+00  ,1.979876952028e+00  ,1.959050907966e+00  ,1.938643646734e+00  ,1.918835636580e+00  ,1.899412113477e+00  
  8.924482924884e-07  ,2.417046720829e+00  ,2.381795666245e+00  ,2.347625083053e+00  ,2.314706952890e+00  ,2.282868499416e+00  ,2.252552713117e+00  ,2.223778692851e+00  ,2.195945846779e+00  ,2.168980447076e+00  ,2.142913932170e+00  ,2.117532053540e+00  ,2.092977451400e+00  ,2.069120376383e+00  ,2.045941388684e+00  ,2.023311306588e+00  ,2.001280393926e+00  ,1.979876952028e+00  ,1.959050907966e+00  ,1.938643646734e+00  ,1.918835636580e+00  ,1.899412113477e+00  
  8.934483466690e-07  ,2.417046720829e+00  ,2.381795666245e+00  ,2.347625083053e+00  ,2.314706952890e+00  ,2.282868499416e+00  ,2.252552713117e+00  ,2.223778692851e+00  ,2.195945846779e+00  ,2.168980447076e+00  ,2.142913932170e+00  ,2.117532053540e+00  ,2.092977451400e+00  ,2.069120376383e+00  ,2.045941388684e+00  ,2.023311306588e+00  ,2.001280393926e+00  ,1.979876952028e+00  ,1.959050907966e+00  ,1.938643646734e+00  ,1.918835636580e+00  ,1.899412113477e+00  
  8.944484008496e-07  ,2.417046720829e+00  ,2.381795666245e+00  ,2.347625083053e+00  ,2.314706952890e+00  ,2.282868499416e+00  ,2.252552713117e+00  ,2.223778692851e+00  ,2.195945846779e+00  ,2.168980447076e+00  ,2.142913932170e+00  ,2.117532053540e+00  ,2.092977451400e+00  ,2.069120376383e+00  ,2.045941388684e+00  ,2.023311306588e+00  ,2.001280393926e+00  ,1.979876952028e+00  ,1.959050907966e+00  ,1.938643646734e+00  ,1.918835636580e+00  ,1.899412113477e+00  
  8.954484550302e-07  ,2.417046720829e+00  ,2.381795666245e+00  ,2.347625083053e+00  ,2.314706952890e+00  ,2.282868499416e+00  ,2.252552713117e+00  ,2.223778692851e+00  ,2.195945846779e+00  ,2.168980447076e+00  ,2.142913932170e+00  ,2.117532053540e+00  ,2.092977451400e+00  ,2.069120376383e+00  ,2.045941388684e+00  ,2.023311306588e+00  ,2.001280393926e+00  ,1.979876952028e+00  ,1.959050907966e+00  ,1.938643646734e+00  ,1.918835636580e+00  ,1.899412113477e+00  
  8.964485092109e-07  ,2.417046720829e+00  ,2.381795666245e+00  ,2.347625083053e+00  ,2.314706952890e+00  ,2.282868499416e+00  ,2.252552713117e+00  ,2.223778692851e+00  ,2.195945846779e+00  ,2.168980447076e+00  ,2.142913932170e+00  ,2.117532053540e+00  ,2.092977451400e+00  ,2.069120376383e+00  ,2.045941388684e+00  ,2.023311306588e+00  ,2.001280393926e+00  ,1.979876952028e+00  ,1.959050907966e+00  ,1.938643646734e+00  ,1.918835636580e+00  ,1.899412113477e+00  
  8.974485633915e-07  ,2.417046720829e+00  ,2.381795666245e+00  ,2.347625083053e+00  ,2.314706952890e+00  ,2.282868499416e+00  ,2.252552713117e+00  ,2.223778692851e+00  ,2.195945846779e+00  ,2.168980447076e+00  ,2.142913932170e+00  ,2.117532053540e+00  ,2.092977451400e+00  ,2.069120376383e+00  ,2.045941388684e+00  ,2.023311306588e+00  ,2.001280393926e+00  ,1.979876952028e+00  ,1.959050907966e+00  ,1.938643646734e+00  ,1.918835636580e+00  ,1.899412113477e+00  
  8.984486175721e-07  ,2.417046720829e+00  ,2.381795666245e+00  ,2.347625083053e+00  ,2.314706952890e+00  ,2.282868499416e+00  ,2.252552713117e+00  ,2.223778692851e+00  ,2.195945846779e+00  ,2.168980447076e+00  ,2.142913932170e+00  ,2.117532053540e+00  ,2.092977451400e+00  ,2.069120376383e+00  ,2.045941388684e+00  ,2.023311306588e+00  ,2.001280393926e+00  ,1.979876952028e+00  ,1.959050907966e+00  ,1.938643646734e+00  ,1.918835636580e+00  ,1.899412113477e+00  
  8.994486717527e-07  ,2.417046720829e+00  ,2.381795666245e+00  ,2.347625083053e+00  ,2.314706952890e+00  ,2.282868499416e+00  ,2.252552713117e+00  ,2.223778692851e+00  ,2.195945846779e+00  ,2.168980447076e+00  ,2.142913932170e+00  ,2.117532053540e+00  ,2.092977451400e+00  ,2.069120376383e+00  ,2.045941388684e+00  ,2.023311306588e+00  ,2.001280393926e+00  ,1.979876952028e+00  ,1.959050907966e+00  ,1.938643646734e+00  ,1.918835636580e+00  ,1.899412113477e+00  
  9.004487259334e-07  ,2.417046720829e+00  ,2.381795666245e+00  ,2.347625083053e+00  ,2.314706952890e+00  ,2.282868499416e+00  ,2.252552713117e+00  ,2.223778692851e+00  ,2.195945846779e+00  ,2.168980447076e+00  ,2.142913932170e+00  ,2.117532053540e+00  ,2.092977451400e+00  ,2.069120376383e+00  ,2.045941388684e+00  ,2.023311306588e+00  ,2.001280393926e+00  ,1.979876952028e+00  ,1.959050907966e+00  ,1.938643646734e+00  ,1.918835636580e+00  ,1.899412113477e+00  
  9.014487801140e-07  ,2.417046720829e+00  ,2.381795666245e+00  ,2.347625083053e+00  ,2.314706952890e+00  ,2.282868499416e+00  ,2.252552713117e+00  ,2.223778692851e+00  ,2.195945846779e+00  ,2.168980447076e+00  ,2.142913932170e+00  ,2.117532053540e+00  ,2.092977451400e+00  ,2.069120376383e+00  ,2.045941388684e+00  ,2.023311306588e+00  ,2.001280393926e+00  ,1.979876952028e+00  ,1.959050907966e+00  ,1.938643646734e+00  ,1.918835636580e+00  ,1.899412113477e+00  
  9.024488342946e-07  ,2.417046720829e+00  ,2.381795666245e+00  ,2.347625083053e+00  ,2.314706952890e+00  ,2.282868499416e+00  ,2.252552713117e+00  ,2.223778692851e+00  ,2.195945846779e+00  ,2.168980447076e+00  ,2.142913932170e+00  ,2.117532053540e+00  ,2.092977451400e+00  ,2.069120376383e+00  ,2.045941388684e+00  ,2.023311306588e+00  ,2.001280393926e+00  ,1.979876952028e+00  ,1.959050907966e+00  ,1.938643646734e+00  ,1.918835636580e+00  ,1.899412113477e+00  
  9.034488884752e-07  ,2.417046720829e+00  ,2.381795666245e+00  ,2.347625083053e+00  ,2.314706952890e+00  ,2.282868499416e+00  ,2.252552713117e+00  ,2.223778692851e+00  ,2.195945846779e+00  ,2.168980447076e+00  ,2.142913932170e+00  ,2.117532053540e+00  ,2.092977451400e+00  ,2.069120376383e+00  ,2.045941388684e+00  ,2.023311306588e+00  ,2.001280393926e+00  ,1.979876952028e+00  ,1.959050907966e+00  ,1.938643646734e+00  ,1.918835636580e+00  ,1.899412113477e+00  
  9.044489426558e-07  ,2.417046720829e+00  ,2.381795666245e+00  ,2.347625083053e+00  ,2.314706952890e+00  ,2.282868499416e+00  ,2.252552713117e+00  ,2.223778692851e+00  ,2.195945846779e+00  ,2.168980447076e+00  ,2.142913932170e+00  ,2.117532053540e+00  ,2.092977451400e+00  ,2.069120376383e+00  ,2.045941388684e+00  ,2.023311306588e+00  ,2.001280393926e+00  ,1.979876952028e+00  ,1.959050907966e+00  ,1.938643646734e+00  ,1.918835636580e+00  ,1.899412113477e+00  
  9.054489968365e-07  ,2.417046720829e+00  ,2.381795666245e+00  ,2.347625083053e+00  ,2.314706952890e+00  ,2.282868499416e+00  ,2.252552713117e+00  ,2.223778692851e+00  ,2.195945846779e+00  ,2.168980447076e+00  ,2.142913932170e+00  ,2.117532053540e+00  ,2.092977451400e+00  ,2.069120376383e+00  ,2.045941388684e+00  ,2.023311306588e+00  ,2.001280393926e+00  ,1.979876952028e+00  ,1.959050907966e+00  ,1.938643646734e+00  ,1.918835636580e+00  ,1.899412113477e+00  
  9.064490510171e-07  ,2.417046720829e+00  ,2.381795666245e+00  ,2.347625083053e+00  ,2.314706952890e+00  ,2.282868499416e+00  ,2.252552713117e+00  ,2.223778692851e+00  ,2.195945846779e+00  ,2.168980447076e+00  ,2.142913932170e+00  ,2.117532053540e+00  ,2.092977451400e+00  ,2.069120376383e+00  ,2.045941388684e+00  ,2.023311306588e+00  ,2.001280393926e+00  ,1.979876952028e+00  ,1.959050907966e+00  ,1.938643646734e+00  ,1.918835636580e+00  ,1.899412113477e+00  
  9.074491051977e-07  ,2.417046720829e+00  ,2.381795666245e+00  ,2.347625083053e+00  ,2.314706952890e+00  ,2.282868499416e+00  ,2.252552713117e+00  ,2.223778692851e+00  ,2.195945846779e+00  ,2.168980447076e+00  ,2.142913932170e+00  ,2.117532053540e+00  ,2.092977451400e+00  ,2.069120376383e+00  ,2.045941388684e+00  ,2.023311306588e+00  ,2.001280393926e+00  ,1.979876952028e+00  ,1.959050907966e+00  ,1.938643646734e+00  ,1.918835636580e+00  ,1.899412113477e+00  
  9.084491593783e-07  ,2.417046720829e+00  ,2.381795666245e+00  ,2.347625083053e+00  ,2.314706952890e+00  ,2.282868499416e+00  ,2.252552713117e+00  ,2.223778692851e+00  ,2.195945846779e+00  ,2.168980447076e+00  ,2.142913932170e+00  ,2.117532053540e+00  ,2.092977451400e+00  ,2.069120376383e+00  ,2.045941388684e+00  ,2.023311306588e+00  ,2.001280393926e+00  ,1.979876952028e+00  ,1.959050907966e+00  ,1.938643646734e+00  ,1.918835636580e+00  ,1.899412113477e+00  
  9.094492135589e-07  ,2.417046720829e+00  ,2.381795666245e+00  ,2.347625083053e+00  ,2.314706952890e+00  ,2.282868499416e+00  ,2.252552713117e+00  ,2.223778692851e+00  ,2.195945846779e+00  ,2.168980447076e+00  ,2.142913932170e+00  ,2.117532053540e+00  ,2.092977451400e+00  ,2.069120376383e+00  ,2.045941388684e+00  ,2.023311306588e+00  ,2.001280393926e+00  ,1.979876952028e+00  ,1.959050907966e+00  ,1.938643646734e+00  ,1.918835636580e+00  ,1.899412113477e+00  
  9.104492677396e-07  ,2.417046720829e+00  ,2.381795666245e+00  ,2.347625083053e+00  ,2.314706952890e+00  ,2.282868499416e+00  ,2.252552713117e+00  ,2.223778692851e+00  ,2.195945846779e+00  ,2.168980447076e+00  ,2.142913932170e+00  ,2.117532053540e+00  ,2.092977451400e+00  ,2.069120376383e+00  ,2.045941388684e+00  ,2.023311306588e+00  ,2.001280393926e+00  ,1.979876952028e+00  ,1.959050907966e+00  ,1.938643646734e+00  ,1.918835636580e+00  ,1.899412113477e+00  
  9.114493219202e-07  ,2.417046720829e+00  ,2.381795666245e+00  ,2.347625083053e+00  ,2.314706952890e+00  ,2.282868499416e+00  ,2.252552713117e+00  ,2.223778692851e+00  ,2.195945846779e+00  ,2.168980447076e+00  ,2.142913932170e+00  ,2.117532053540e+00  ,2.092977451400e+00  ,2.069120376383e+00  ,2.045941388684e+00  ,2.023311306588e+00  ,2.001280393926e+00  ,1.979876952028e+00  ,1.959050907966e+00  ,1.938643646734e+00  ,1.918835636580e+00  ,1.899412113477e+00  
  9.124493761008e-07  ,2.417046720829e+00  ,2.381795666245e+00  ,2.347625083053e+00  ,2.314706952890e+00  ,2.282868499416e+00  ,2.252552713117e+00  ,2.223778692851e+00  ,2.195945846779e+00  ,2.168980447076e+00  ,2.142913932170e+00  ,2.117532053540e+00  ,2.092977451400e+00  ,2.069120376383e+00  ,2.045941388684e+00  ,2.023311306588e+00  ,2.001280393926e+00  ,1.979876952028e+00  ,1.959050907966e+00  ,1.938643646734e+00  ,1.918835636580e+00  ,1.899412113477e+00  
  9.134494302814e-07  ,2.417046720829e+00  ,2.381795666245e+00  ,2.347625083053e+00  ,2.314706952890e+00  ,2.282868499416e+00  ,2.252552713117e+00  ,2.223778692851e+00  ,2.195945846779e+00  ,2.168980447076e+00  ,2.142913932170e+00  ,2.117532053540e+00  ,2.092977451400e+00  ,2.069120376383e+00  ,2.045941388684e+00  ,2.023311306588e+00  ,2.001280393926e+00  ,1.979876952028e+00  ,1.959050907966e+00  ,1.938643646734e+00  ,1.918835636580e+00  ,1.899412113477e+00  
  9.144494844621e-07  ,2.417046720829e+00  ,2.381795666245e+00  ,2.347625083053e+00  ,2.314706952890e+00  ,2.282868499416e+00  ,2.252552713117e+00  ,2.223778692851e+00  ,2.195945846779e+00  ,2.168980447076e+00  ,2.142913932170e+00  ,2.117532053540e+00  ,2.092977451400e+00  ,2.069120376383e+00  ,2.045941388684e+00  ,2.023311306588e+00  ,2.001280393926e+00  ,1.979876952028e+00  ,1.959050907966e+00  ,1.938643646734e+00  ,1.918835636580e+00  ,1.899412113477e+00  
  9.154495386427e-07  ,2.417046720829e+00  ,2.381795666245e+00  ,2.347625083053e+00  ,2.314706952890e+00  ,2.282868499416e+00  ,2.252552713117e+00  ,2.223778692851e+00  ,2.195945846779e+00  ,2.168980447076e+00  ,2.142913932170e+00  ,2.117532053540e+00  ,2.092977451400e+00  ,2.069120376383e+00  ,2.045941388684e+00  ,2.023311306588e+00  ,2.001280393926e+00  ,1.979876952028e+00  ,1.959050907966e+00  ,1.938643646734e+00  ,1.918835636580e+00  ,1.899412113477e+00  
  9.164495928233e-07  ,2.417046720829e+00  ,2.381795666245e+00  ,2.347625083053e+00  ,2.314706952890e+00  ,2.282868499416e+00  ,2.252552713117e+00  ,2.223778692851e+00  ,2.195945846779e+00  ,2.168980447076e+00  ,2.142913932170e+00  ,2.117532053540e+00  ,2.092977451400e+00  ,2.069120376383e+00  ,2.045941388684e+00  ,2.023311306588e+00  ,2.001280393926e+00  ,1.979876952028e+00  ,1.959050907966e+00  ,1.938643646734e+00  ,1.918835636580e+00  ,1.899412113477e+00  
  9.174496470039e-07  ,2.417046720829e+00  ,2.381795666245e+00  ,2.347625083053e+00  ,2.314706952890e+00  ,2.282868499416e+00  ,2.252552713117e+00  ,2.223778692851e+00  ,2.195945846779e+00  ,2.168980447076e+00  ,2.142913932170e+00  ,2.117532053540e+00  ,2.092977451400e+00  ,2.069120376383e+00  ,2.045941388684e+00  ,2.023311306588e+00  ,2.001280393926e+00  ,1.979876952028e+00  ,1.959050907966e+00  ,1.938643646734e+00  ,1.918835636580e+00  ,1.899412113477e+00  
  9.184497011845e-07  ,2.417046720829e+00  ,2.381795666245e+00  ,2.347625083053e+00  ,2.314706952890e+00  ,2.282868499416e+00  ,2.252552713117e+00  ,2.223778692851e+00  ,2.195945846779e+00  ,2.168980447076e+00  ,2.142913932170e+00  ,2.117532053540e+00  ,2.092977451400e+00  ,2.069120376383e+00  ,2.045941388684e+00  ,2.023311306588e+00  ,2.001280393926e+00  ,1.979876952028e+00  ,1.959050907966e+00  ,1.938643646734e+00  ,1.918835636580e+00  ,1.899412113477e+00  
  9.194497553652e-07  ,2.417046720829e+00  ,2.381795666245e+00  ,2.347625083053e+00  ,2.314706952890e+00  ,2.282868499416e+00  ,2.252552713117e+00  ,2.223778692851e+00  ,2.195945846779e+00  ,2.168980447076e+00  ,2.142913932170e+00  ,2.117532053540e+00  ,2.092977451400e+00  ,2.069120376383e+00  ,2.045941388684e+00  ,2.023311306588e+00  ,2.001280393926e+00  ,1.979876952028e+00  ,1.959050907966e+00  ,1.938643646734e+00  ,1.918835636580e+00  ,1.899412113477e+00  
  9.204498095458e-07  ,2.417046720829e+00  ,2.381795666245e+00  ,2.347625083053e+00  ,2.314706952890e+00  ,2.282868499416e+00  ,2.252552713117e+00  ,2.223778692851e+00  ,2.195945846779e+00  ,2.168980447076e+00  ,2.142913932170e+00  ,2.117532053540e+00  ,2.092977451400e+00  ,2.069120376383e+00  ,2.045941388684e+00  ,2.023311306588e+00  ,2.001280393926e+00  ,1.979876952028e+00  ,1.959050907966e+00  ,1.938643646734e+00  ,1.918835636580e+00  ,1.899412113477e+00  
  9.214498637264e-07  ,2.417046720829e+00  ,2.381795666245e+00  ,2.347625083053e+00  ,2.314706952890e+00  ,2.282868499416e+00  ,2.252552713117e+00  ,2.223778692851e+00  ,2.195945846779e+00  ,2.168980447076e+00  ,2.142913932170e+00  ,2.117532053540e+00  ,2.092977451400e+00  ,2.069120376383e+00  ,2.045941388684e+00  ,2.023311306588e+00  ,2.001280393926e+00  ,1.979876952028e+00  ,1.959050907966e+00  ,1.938643646734e+00  ,1.918835636580e+00  ,1.899412113477e+00  
  9.224499179070e-07  ,2.417046720829e+00  ,2.381795666245e+00  ,2.347625083053e+00  ,2.314706952890e+00  ,2.282868499416e+00  ,2.252552713117e+00  ,2.223778692851e+00  ,2.195945846779e+00  ,2.168980447076e+00  ,2.142913932170e+00  ,2.117532053540e+00  ,2.092977451400e+00  ,2.069120376383e+00  ,2.045941388684e+00  ,2.023311306588e+00  ,2.001280393926e+00  ,1.979876952028e+00  ,1.959050907966e+00  ,1.938643646734e+00  ,1.918835636580e+00  ,1.899412113477e+00  
  9.234499720877e-07  ,2.417046720829e+00  ,2.381795666245e+00  ,2.347625083053e+00  ,2.314706952890e+00  ,2.282868499416e+00  ,2.252552713117e+00  ,2.223778692851e+00  ,2.195945846779e+00  ,2.168980447076e+00  ,2.142913932170e+00  ,2.117532053540e+00  ,2.092977451400e+00  ,2.069120376383e+00  ,2.045941388684e+00  ,2.023311306588e+00  ,2.001280393926e+00  ,1.979876952028e+00  ,1.959050907966e+00  ,1.938643646734e+00  ,1.918835636580e+00  ,1.899412113477e+00  
  9.244500262683e-07  ,2.417046720829e+00  ,2.381795666245e+00  ,2.347625083053e+00  ,2.314706952890e+00  ,2.282868499416e+00  ,2.252552713117e+00  ,2.223778692851e+00  ,2.195945846779e+00  ,2.168980447076e+00  ,2.142913932170e+00  ,2.117532053540e+00  ,2.092977451400e+00  ,2.069120376383e+00  ,2.045941388684e+00  ,2.023311306588e+00  ,2.001280393926e+00  ,1.979876952028e+00  ,1.959050907966e+00  ,1.938643646734e+00  ,1.918835636580e+00  ,1.899412113477e+00  
  9.254500804489e-07  ,2.417046720829e+00  ,2.381795666245e+00  ,2.347625083053e+00  ,2.314706952890e+00  ,2.282868499416e+00  ,2.252552713117e+00  ,2.223778692851e+00  ,2.195945846779e+00  ,2.168980447076e+00  ,2.142913932170e+00  ,2.117532053540e+00  ,2.092977451400e+00  ,2.069120376383e+00  ,2.045941388684e+00  ,2.023311306588e+00  ,2.001280393926e+00  ,1.979876952028e+00  ,1.959050907966e+00  ,1.938643646734e+00  ,1.918835636580e+00  ,1.899412113477e+00  
  9.264501346295e-07  ,2.417046720829e+00  ,2.381795666245e+00  ,2.347625083053e+00  ,2.314706952890e+00  ,2.282868499416e+00  ,2.252552713117e+00  ,2.223778692851e+00  ,2.195945846779e+00  ,2.168980447076e+00  ,2.142913932170e+00  ,2.117532053540e+00  ,2.092977451400e+00  ,2.069120376383e+00  ,2.045941388684e+00  ,2.023311306588e+00  ,2.001280393926e+00  ,1.979876952028e+00  ,1.959050907966e+00  ,1.938643646734e+00  ,1.918835636580e+00  ,1.899412113477e+00  
  9.274501888101e-07  ,2.417046720829e+00  ,2.381795666245e+00  ,2.347625083053e+00  ,2.314706952890e+00  ,2.282868499416e+00  ,2.252552713117e+00  ,2.223778692851e+00  ,2.195945846779e+00  ,2.168980447076e+00  ,2.142913932170e+00  ,2.117532053540e+00  ,2.092977451400e+00  ,2.069120376383e+00  ,2.045941388684e+00  ,2.023311306588e+00  ,2.001280393926e+00  ,1.979876952028e+00  ,1.959050907966e+00  ,1.938643646734e+00  ,1.918835636580e+00  ,1.899412113477e+00  
  9.284502429908e-07  ,2.417046720829e+00  ,2.381795666245e+00  ,2.347625083053e+00  ,2.314706952890e+00  ,2.282868499416e+00  ,2.252552713117e+00  ,2.223778692851e+00  ,2.195945846779e+00  ,2.168980447076e+00  ,2.142913932170e+00  ,2.117532053540e+00  ,2.092977451400e+00  ,2.069120376383e+00  ,2.045941388684e+00  ,2.023311306588e+00  ,2.001280393926e+00  ,1.979876952028e+00  ,1.959050907966e+00  ,1.938643646734e+00  ,1.918835636580e+00  ,1.899412113477e+00  
  9.294502971714e-07  ,2.417046720829e+00  ,2.381795666245e+00  ,2.347625083053e+00  ,2.314706952890e+00  ,2.282868499416e+00  ,2.252552713117e+00  ,2.223778692851e+00  ,2.195945846779e+00  ,2.168980447076e+00  ,2.142913932170e+00  ,2.117532053540e+00  ,2.092977451400e+00  ,2.069120376383e+00  ,2.045941388684e+00  ,2.023311306588e+00  ,2.001280393926e+00  ,1.979876952028e+00  ,1.959050907966e+00  ,1.938643646734e+00  ,1.918835636580e+00  ,1.899412113477e+00  
  9.304503513520e-07  ,2.417046720829e+00  ,2.381795666245e+00  ,2.347625083053e+00  ,2.314706952890e+00  ,2.282868499416e+00  ,2.252552713117e+00  ,2.223778692851e+00  ,2.195945846779e+00  ,2.168980447076e+00  ,2.142913932170e+00  ,2.117532053540e+00  ,2.092977451400e+00  ,2.069120376383e+00  ,2.045941388684e+00  ,2.023311306588e+00  ,2.001280393926e+00  ,1.979876952028e+00  ,1.959050907966e+00  ,1.938643646734e+00  ,1.918835636580e+00  ,1.899412113477e+00  
  9.314504055326e-07  ,2.417046720829e+00  ,2.381795666245e+00  ,2.347625083053e+00  ,2.314706952890e+00  ,2.282868499416e+00  ,2.252552713117e+00  ,2.223778692851e+00  ,2.195945846779e+00  ,2.168980447076e+00  ,2.142913932170e+00  ,2.117532053540e+00  ,2.092977451400e+00  ,2.069120376383e+00  ,2.045941388684e+00  ,2.023311306588e+00  ,2.001280393926e+00  ,1.979876952028e+00  ,1.959050907966e+00  ,1.938643646734e+00  ,1.918835636580e+00  ,1.899412113477e+00  
  9.324504597133e-07  ,2.417046720829e+00  ,2.381795666245e+00  ,2.347625083053e+00  ,2.314706952890e+00  ,2.282868499416e+00  ,2.252552713117e+00  ,2.223778692851e+00  ,2.195945846779e+00  ,2.168980447076e+00  ,2.142913932170e+00  ,2.117532053540e+00  ,2.092977451400e+00  ,2.069120376383e+00  ,2.045941388684e+00  ,2.023311306588e+00  ,2.001280393926e+00  ,1.979876952028e+00  ,1.959050907966e+00  ,1.938643646734e+00  ,1.918835636580e+00  ,1.899412113477e+00  
  9.334505138939e-07  ,2.417046720829e+00  ,2.381795666245e+00  ,2.347625083053e+00  ,2.314706952890e+00  ,2.282868499416e+00  ,2.252552713117e+00  ,2.223778692851e+00  ,2.195945846779e+00  ,2.168980447076e+00  ,2.142913932170e+00  ,2.117532053540e+00  ,2.092977451400e+00  ,2.069120376383e+00  ,2.045941388684e+00  ,2.023311306588e+00  ,2.001280393926e+00  ,1.979876952028e+00  ,1.959050907966e+00  ,1.938643646734e+00  ,1.918835636580e+00  ,1.899412113477e+00  
  9.344505680745e-07  ,2.417046720829e+00  ,2.381795666245e+00  ,2.347625083053e+00  ,2.314706952890e+00  ,2.282868499416e+00  ,2.252552713117e+00  ,2.223778692851e+00  ,2.195945846779e+00  ,2.168980447076e+00  ,2.142913932170e+00  ,2.117532053540e+00  ,2.092977451400e+00  ,2.069120376383e+00  ,2.045941388684e+00  ,2.023311306588e+00  ,2.001280393926e+00  ,1.979876952028e+00  ,1.959050907966e+00  ,1.938643646734e+00  ,1.918835636580e+00  ,1.899412113477e+00  
  9.354506222551e-07  ,2.417046720829e+00  ,2.381795666245e+00  ,2.347625083053e+00  ,2.314706952890e+00  ,2.282868499416e+00  ,2.252552713117e+00  ,2.223778692851e+00  ,2.195945846779e+00  ,2.168980447076e+00  ,2.142913932170e+00  ,2.117532053540e+00  ,2.092977451400e+00  ,2.069120376383e+00  ,2.045941388684e+00  ,2.023311306588e+00  ,2.001280393926e+00  ,1.979876952028e+00  ,1.959050907966e+00  ,1.938643646734e+00  ,1.918835636580e+00  ,1.899412113477e+00  
  9.364506764357e-07  ,2.417046720829e+00  ,2.381795666245e+00  ,2.347625083053e+00  ,2.314706952890e+00  ,2.282868499416e+00  ,2.252552713117e+00  ,2.223778692851e+00  ,2.195945846779e+00  ,2.168980447076e+00  ,2.142913932170e+00  ,2.117532053540e+00  ,2.092977451400e+00  ,2.069120376383e+00  ,2.045941388684e+00  ,2.023311306588e+00  ,2.001280393926e+00  ,1.979876952028e+00  ,1.959050907966e+00  ,1.938643646734e+00  ,1.918835636580e+00  ,1.899412113477e+00  
  9.374507306164e-07  ,2.417046720829e+00  ,2.381795666245e+00  ,2.347625083053e+00  ,2.314706952890e+00  ,2.282868499416e+00  ,2.252552713117e+00  ,2.223778692851e+00  ,2.195945846779e+00  ,2.168980447076e+00  ,2.142913932170e+00  ,2.117532053540e+00  ,2.092977451400e+00  ,2.069120376383e+00  ,2.045941388684e+00  ,2.023311306588e+00  ,2.001280393926e+00  ,1.979876952028e+00  ,1.959050907966e+00  ,1.938643646734e+00  ,1.918835636580e+00  ,1.899412113477e+00  
  9.384507847970e-07  ,2.417046720829e+00  ,2.381795666245e+00  ,2.347625083053e+00  ,2.314706952890e+00  ,2.282868499416e+00  ,2.252552713117e+00  ,2.223778692851e+00  ,2.195945846779e+00  ,2.168980447076e+00  ,2.142913932170e+00  ,2.117532053540e+00  ,2.092977451400e+00  ,2.069120376383e+00  ,2.045941388684e+00  ,2.023311306588e+00  ,2.001280393926e+00  ,1.979876952028e+00  ,1.959050907966e+00  ,1.938643646734e+00  ,1.918835636580e+00  ,1.899412113477e+00  
  9.394508389776e-07  ,2.417046720829e+00  ,2.381795666245e+00  ,2.347625083053e+00  ,2.314706952890e+00  ,2.282868499416e+00  ,2.252552713117e+00  ,2.223778692851e+00  ,2.195945846779e+00  ,2.168980447076e+00  ,2.142913932170e+00  ,2.117532053540e+00  ,2.092977451400e+00  ,2.069120376383e+00  ,2.045941388684e+00  ,2.023311306588e+00  ,2.001280393926e+00  ,1.979876952028e+00  ,1.959050907966e+00  ,1.938643646734e+00  ,1.918835636580e+00  ,1.899412113477e+00  
  9.404508931582e-07  ,2.417046720829e+00  ,2.381795666245e+00  ,2.347625083053e+00  ,2.314706952890e+00  ,2.282868499416e+00  ,2.252552713117e+00  ,2.223778692851e+00  ,2.195945846779e+00  ,2.168980447076e+00  ,2.142913932170e+00  ,2.117532053540e+00  ,2.092977451400e+00  ,2.069120376383e+00  ,2.045941388684e+00  ,2.023311306588e+00  ,2.001280393926e+00  ,1.979876952028e+00  ,1.959050907966e+00  ,1.938643646734e+00  ,1.918835636580e+00  ,1.899412113477e+00  
  9.414509473389e-07  ,2.417046720829e+00  ,2.381795666245e+00  ,2.347625083053e+00  ,2.314706952890e+00  ,2.282868499416e+00  ,2.252552713117e+00  ,2.223778692851e+00  ,2.195945846779e+00  ,2.168980447076e+00  ,2.142913932170e+00  ,2.117532053540e+00  ,2.092977451400e+00  ,2.069120376383e+00  ,2.045941388684e+00  ,2.023311306588e+00  ,2.001280393926e+00  ,1.979876952028e+00  ,1.959050907966e+00  ,1.938643646734e+00  ,1.918835636580e+00  ,1.899412113477e+00  
  9.424510015195e-07  ,2.417046720829e+00  ,2.381795666245e+00  ,2.347625083053e+00  ,2.314706952890e+00  ,2.282868499416e+00  ,2.252552713117e+00  ,2.223778692851e+00  ,2.195945846779e+00  ,2.168980447076e+00  ,2.142913932170e+00  ,2.117532053540e+00  ,2.092977451400e+00  ,2.069120376383e+00  ,2.045941388684e+00  ,2.023311306588e+00  ,2.001280393926e+00  ,1.979876952028e+00  ,1.959050907966e+00  ,1.938643646734e+00  ,1.918835636580e+00  ,1.899412113477e+00  
  9.434510557001e-07  ,2.417046720829e+00  ,2.381795666245e+00  ,2.347625083053e+00  ,2.314706952890e+00  ,2.282868499416e+00  ,2.252552713117e+00  ,2.223778692851e+00  ,2.195945846779e+00  ,2.168980447076e+00  ,2.142913932170e+00  ,2.117532053540e+00  ,2.092977451400e+00  ,2.069120376383e+00  ,2.045941388684e+00  ,2.023311306588e+00  ,2.001280393926e+00  ,1.979876952028e+00  ,1.959050907966e+00  ,1.938643646734e+00  ,1.918835636580e+00  ,1.899412113477e+00  
  9.444511098807e-07  ,2.417046720829e+00  ,2.381795666245e+00  ,2.347625083053e+00  ,2.314706952890e+00  ,2.282868499416e+00  ,2.252552713117e+00  ,2.223778692851e+00  ,2.195945846779e+00  ,2.168980447076e+00  ,2.142913932170e+00  ,2.117532053540e+00  ,2.092977451400e+00  ,2.069120376383e+00  ,2.045941388684e+00  ,2.023311306588e+00  ,2.001280393926e+00  ,1.979876952028e+00  ,1.959050907966e+00  ,1.938643646734e+00  ,1.918835636580e+00  ,1.899412113477e+00  
  9.454511640613e-07  ,2.417046720829e+00  ,2.381795666245e+00  ,2.347625083053e+00  ,2.314706952890e+00  ,2.282868499416e+00  ,2.252552713117e+00  ,2.223778692851e+00  ,2.195945846779e+00  ,2.168980447076e+00  ,2.142913932170e+00  ,2.117532053540e+00  ,2.092977451400e+00  ,2.069120376383e+00  ,2.045941388684e+00  ,2.023311306588e+00  ,2.001280393926e+00  ,1.979876952028e+00  ,1.959050907966e+00  ,1.938643646734e+00  ,1.918835636580e+00  ,1.899412113477e+00  
  9.464512182420e-07  ,2.417046720829e+00  ,2.381795666245e+00  ,2.347625083053e+00  ,2.314706952890e+00  ,2.282868499416e+00  ,2.252552713117e+00  ,2.223778692851e+00  ,2.195945846779e+00  ,2.168980447076e+00  ,2.142913932170e+00  ,2.117532053540e+00  ,2.092977451400e+00  ,2.069120376383e+00  ,2.045941388684e+00  ,2.023311306588e+00  ,2.001280393926e+00  ,1.979876952028e+00  ,1.959050907966e+00  ,1.938643646734e+00  ,1.918835636580e+00  ,1.899412113477e+00  
  9.474512724226e-07  ,2.417046720829e+00  ,2.381795666245e+00  ,2.347625083053e+00  ,2.314706952890e+00  ,2.282868499416e+00  ,2.252552713117e+00  ,2.223778692851e+00  ,2.195945846779e+00  ,2.168980447076e+00  ,2.142913932170e+00  ,2.117532053540e+00  ,2.092977451400e+00  ,2.069120376383e+00  ,2.045941388684e+00  ,2.023311306588e+00  ,2.001280393926e+00  ,1.979876952028e+00  ,1.959050907966e+00  ,1.938643646734e+00  ,1.918835636580e+00  ,1.899412113477e+00  
  9.484513266032e-07  ,2.417046720829e+00  ,2.381795666245e+00  ,2.347625083053e+00  ,2.314706952890e+00  ,2.282868499416e+00  ,2.252552713117e+00  ,2.223778692851e+00  ,2.195945846779e+00  ,2.168980447076e+00  ,2.142913932170e+00  ,2.117532053540e+00  ,2.092977451400e+00  ,2.069120376383e+00  ,2.045941388684e+00  ,2.023311306588e+00  ,2.001280393926e+00  ,1.979876952028e+00  ,1.959050907966e+00  ,1.938643646734e+00  ,1.918835636580e+00  ,1.899412113477e+00  
  9.494513807838e-07  ,2.417046720829e+00  ,2.381795666245e+00  ,2.347625083053e+00  ,2.314706952890e+00  ,2.282868499416e+00  ,2.252552713117e+00  ,2.223778692851e+00  ,2.195945846779e+00  ,2.168980447076e+00  ,2.142913932170e+00  ,2.117532053540e+00  ,2.092977451400e+00  ,2.069120376383e+00  ,2.045941388684e+00  ,2.023311306588e+00  ,2.001280393926e+00  ,1.979876952028e+00  ,1.959050907966e+00  ,1.938643646734e+00  ,1.918835636580e+00  ,1.899412113477e+00  
  9.504514349645e-07  ,2.417046720829e+00  ,2.381795666245e+00  ,2.347625083053e+00  ,2.314706952890e+00  ,2.282868499416e+00  ,2.252552713117e+00  ,2.223778692851e+00  ,2.195945846779e+00  ,2.168980447076e+00  ,2.142913932170e+00  ,2.117532053540e+00  ,2.092977451400e+00  ,2.069120376383e+00  ,2.045941388684e+00  ,2.023311306588e+00  ,2.001280393926e+00  ,1.979876952028e+00  ,1.959050907966e+00  ,1.938643646734e+00  ,1.918835636580e+00  ,1.899412113477e+00  
  9.514514891451e-07  ,2.417046720829e+00  ,2.381795666245e+00  ,2.347625083053e+00  ,2.314706952890e+00  ,2.282868499416e+00  ,2.252552713117e+00  ,2.223778692851e+00  ,2.195945846779e+00  ,2.168980447076e+00  ,2.142913932170e+00  ,2.117532053540e+00  ,2.092977451400e+00  ,2.069120376383e+00  ,2.045941388684e+00  ,2.023311306588e+00  ,2.001280393926e+00  ,1.979876952028e+00  ,1.959050907966e+00  ,1.938643646734e+00  ,1.918835636580e+00  ,1.899412113477e+00  
  9.524515433257e-07  ,2.417046720829e+00  ,2.381795666245e+00  ,2.347625083053e+00  ,2.314706952890e+00  ,2.282868499416e+00  ,2.252552713117e+00  ,2.223778692851e+00  ,2.195945846779e+00  ,2.168980447076e+00  ,2.142913932170e+00  ,2.117532053540e+00  ,2.092977451400e+00  ,2.069120376383e+00  ,2.045941388684e+00  ,2.023311306588e+00  ,2.001280393926e+00  ,1.979876952028e+00  ,1.959050907966e+00  ,1.938643646734e+00  ,1.918835636580e+00  ,1.899412113477e+00  
  9.534515975063e-07  ,2.417046720829e+00  ,2.381795666245e+00  ,2.347625083053e+00  ,2.314706952890e+00  ,2.282868499416e+00  ,2.252552713117e+00  ,2.223778692851e+00  ,2.195945846779e+00  ,2.168980447076e+00  ,2.142913932170e+00  ,2.117532053540e+00  ,2.092977451400e+00  ,2.069120376383e+00  ,2.045941388684e+00  ,2.023311306588e+00  ,2.001280393926e+00  ,1.979876952028e+00  ,1.959050907966e+00  ,1.938643646734e+00  ,1.918835636580e+00  ,1.899412113477e+00  
  9.544516516869e-07  ,2.417046720829e+00  ,2.381795666245e+00  ,2.347625083053e+00  ,2.314706952890e+00  ,2.282868499416e+00  ,2.252552713117e+00  ,2.223778692851e+00  ,2.195945846779e+00  ,2.168980447076e+00  ,2.142913932170e+00  ,2.117532053540e+00  ,2.092977451400e+00  ,2.069120376383e+00  ,2.045941388684e+00  ,2.023311306588e+00  ,2.001280393926e+00  ,1.979876952028e+00  ,1.959050907966e+00  ,1.938643646734e+00  ,1.918835636580e+00  ,1.899412113477e+00  
  9.554517058676e-07  ,2.417046720829e+00  ,2.381795666245e+00  ,2.347625083053e+00  ,2.314706952890e+00  ,2.282868499416e+00  ,2.252552713117e+00  ,2.223778692851e+00  ,2.195945846779e+00  ,2.168980447076e+00  ,2.142913932170e+00  ,2.117532053540e+00  ,2.092977451400e+00  ,2.069120376383e+00  ,2.045941388684e+00  ,2.023311306588e+00  ,2.001280393926e+00  ,1.979876952028e+00  ,1.959050907966e+00  ,1.938643646734e+00  ,1.918835636580e+00  ,1.899412113477e+00  
  9.564517600482e-07  ,2.417046720829e+00  ,2.381795666245e+00  ,2.347625083053e+00  ,2.314706952890e+00  ,2.282868499416e+00  ,2.252552713117e+00  ,2.223778692851e+00  ,2.195945846779e+00  ,2.168980447076e+00  ,2.142913932170e+00  ,2.117532053540e+00  ,2.092977451400e+00  ,2.069120376383e+00  ,2.045941388684e+00  ,2.023311306588e+00  ,2.001280393926e+00  ,1.979876952028e+00  ,1.959050907966e+00  ,1.938643646734e+00  ,1.918835636580e+00  ,1.899412113477e+00  
  9.574518142288e-07  ,2.417046720829e+00  ,2.381795666245e+00  ,2.347625083053e+00  ,2.314706952890e+00  ,2.282868499416e+00  ,2.252552713117e+00  ,2.223778692851e+00  ,2.195945846779e+00  ,2.168980447076e+00  ,2.142913932170e+00  ,2.117532053540e+00  ,2.092977451400e+00  ,2.069120376383e+00  ,2.045941388684e+00  ,2.023311306588e+00  ,2.001280393926e+00  ,1.979876952028e+00  ,1.959050907966e+00  ,1.938643646734e+00  ,1.918835636580e+00  ,1.899412113477e+00  
  9.584518684094e-07  ,2.417046720829e+00  ,2.381795666245e+00  ,2.347625083053e+00  ,2.314706952890e+00  ,2.282868499416e+00  ,2.252552713117e+00  ,2.223778692851e+00  ,2.195945846779e+00  ,2.168980447076e+00  ,2.142913932170e+00  ,2.117532053540e+00  ,2.092977451400e+00  ,2.069120376383e+00  ,2.045941388684e+00  ,2.023311306588e+00  ,2.001280393926e+00  ,1.979876952028e+00  ,1.959050907966e+00  ,1.938643646734e+00  ,1.918835636580e+00  ,1.899412113477e+00  
  9.594519225901e-07  ,2.417046720829e+00  ,2.381795666245e+00  ,2.347625083053e+00  ,2.314706952890e+00  ,2.282868499416e+00  ,2.252552713117e+00  ,2.223778692851e+00  ,2.195945846779e+00  ,2.168980447076e+00  ,2.142913932170e+00  ,2.117532053540e+00  ,2.092977451400e+00  ,2.069120376383e+00  ,2.045941388684e+00  ,2.023311306588e+00  ,2.001280393926e+00  ,1.979876952028e+00  ,1.959050907966e+00  ,1.938643646734e+00  ,1.918835636580e+00  ,1.899412113477e+00  
  9.604519767707e-07  ,2.417046720829e+00  ,2.381795666245e+00  ,2.347625083053e+00  ,2.314706952890e+00  ,2.282868499416e+00  ,2.252552713117e+00  ,2.223778692851e+00  ,2.195945846779e+00  ,2.168980447076e+00  ,2.142913932170e+00  ,2.117532053540e+00  ,2.092977451400e+00  ,2.069120376383e+00  ,2.045941388684e+00  ,2.023311306588e+00  ,2.001280393926e+00  ,1.979876952028e+00  ,1.959050907966e+00  ,1.938643646734e+00  ,1.918835636580e+00  ,1.899412113477e+00  
  9.614520309513e-07  ,2.417046720829e+00  ,2.381795666245e+00  ,2.347625083053e+00  ,2.314706952890e+00  ,2.282868499416e+00  ,2.252552713117e+00  ,2.223778692851e+00  ,2.195945846779e+00  ,2.168980447076e+00  ,2.142913932170e+00  ,2.117532053540e+00  ,2.092977451400e+00  ,2.069120376383e+00  ,2.045941388684e+00  ,2.023311306588e+00  ,2.001280393926e+00  ,1.979876952028e+00  ,1.959050907966e+00  ,1.938643646734e+00  ,1.918835636580e+00  ,1.899412113477e+00  
  9.624520851319e-07  ,2.417046720829e+00  ,2.381795666245e+00  ,2.347625083053e+00  ,2.314706952890e+00  ,2.282868499416e+00  ,2.252552713117e+00  ,2.223778692851e+00  ,2.195945846779e+00  ,2.168980447076e+00  ,2.142913932170e+00  ,2.117532053540e+00  ,2.092977451400e+00  ,2.069120376383e+00  ,2.045941388684e+00  ,2.023311306588e+00  ,2.001280393926e+00  ,1.979876952028e+00  ,1.959050907966e+00  ,1.938643646734e+00  ,1.918835636580e+00  ,1.899412113477e+00  
  9.634521393125e-07  ,2.417046720829e+00  ,2.381795666245e+00  ,2.347625083053e+00  ,2.314706952890e+00  ,2.282868499416e+00  ,2.252552713117e+00  ,2.223778692851e+00  ,2.195945846779e+00  ,2.168980447076e+00  ,2.142913932170e+00  ,2.117532053540e+00  ,2.092977451400e+00  ,2.069120376383e+00  ,2.045941388684e+00  ,2.023311306588e+00  ,2.001280393926e+00  ,1.979876952028e+00  ,1.959050907966e+00  ,1.938643646734e+00  ,1.918835636580e+00  ,1.899412113477e+00  
  9.644521934932e-07  ,2.417046720829e+00  ,2.381795666245e+00  ,2.347625083053e+00  ,2.314706952890e+00  ,2.282868499416e+00  ,2.252552713117e+00  ,2.223778692851e+00  ,2.195945846779e+00  ,2.168980447076e+00  ,2.142913932170e+00  ,2.117532053540e+00  ,2.092977451400e+00  ,2.069120376383e+00  ,2.045941388684e+00  ,2.023311306588e+00  ,2.001280393926e+00  ,1.979876952028e+00  ,1.959050907966e+00  ,1.938643646734e+00  ,1.918835636580e+00  ,1.899412113477e+00  
  9.654522476738e-07  ,2.417046720829e+00  ,2.381795666245e+00  ,2.347625083053e+00  ,2.314706952890e+00  ,2.282868499416e+00  ,2.252552713117e+00  ,2.223778692851e+00  ,2.195945846779e+00  ,2.168980447076e+00  ,2.142913932170e+00  ,2.117532053540e+00  ,2.092977451400e+00  ,2.069120376383e+00  ,2.045941388684e+00  ,2.023311306588e+00  ,2.001280393926e+00  ,1.979876952028e+00  ,1.959050907966e+00  ,1.938643646734e+00  ,1.918835636580e+00  ,1.899412113477e+00  
  9.664523018544e-07  ,2.417046720829e+00  ,2.381795666245e+00  ,2.347625083053e+00  ,2.314706952890e+00  ,2.282868499416e+00  ,2.252552713117e+00  ,2.223778692851e+00  ,2.195945846779e+00  ,2.168980447076e+00  ,2.142913932170e+00  ,2.117532053540e+00  ,2.092977451400e+00  ,2.069120376383e+00  ,2.045941388684e+00  ,2.023311306588e+00  ,2.001280393926e+00  ,1.979876952028e+00  ,1.959050907966e+00  ,1.938643646734e+00  ,1.918835636580e+00  ,1.899412113477e+00  
  9.674523560350e-07  ,2.417046720829e+00  ,2.381795666245e+00  ,2.347625083053e+00  ,2.314706952890e+00  ,2.282868499416e+00  ,2.252552713117e+00  ,2.223778692851e+00  ,2.195945846779e+00  ,2.168980447076e+00  ,2.142913932170e+00  ,2.117532053540e+00  ,2.092977451400e+00  ,2.069120376383e+00  ,2.045941388684e+00  ,2.023311306588e+00  ,2.001280393926e+00  ,1.979876952028e+00  ,1.959050907966e+00  ,1.938643646734e+00  ,1.918835636580e+00  ,1.899412113477e+00  
  9.684524102157e-07  ,2.417046720829e+00  ,2.381795666245e+00  ,2.347625083053e+00  ,2.314706952890e+00  ,2.282868499416e+00  ,2.252552713117e+00  ,2.223778692851e+00  ,2.195945846779e+00  ,2.168980447076e+00  ,2.142913932170e+00  ,2.117532053540e+00  ,2.092977451400e+00  ,2.069120376383e+00  ,2.045941388684e+00  ,2.023311306588e+00  ,2.001280393926e+00  ,1.979876952028e+00  ,1.959050907966e+00  ,1.938643646734e+00  ,1.918835636580e+00  ,1.899412113477e+00  
  9.694524643963e-07  ,2.417046720829e+00  ,2.381795666245e+00  ,2.347625083053e+00  ,2.314706952890e+00  ,2.282868499416e+00  ,2.252552713117e+00  ,2.223778692851e+00  ,2.195945846779e+00  ,2.168980447076e+00  ,2.142913932170e+00  ,2.117532053540e+00  ,2.092977451400e+00  ,2.069120376383e+00  ,2.045941388684e+00  ,2.023311306588e+00  ,2.001280393926e+00  ,1.979876952028e+00  ,1.959050907966e+00  ,1.938643646734e+00  ,1.918835636580e+00  ,1.899412113477e+00  
  9.704525185769e-07  ,2.417046720829e+00  ,2.381795666245e+00  ,2.347625083053e+00  ,2.314706952890e+00  ,2.282868499416e+00  ,2.252552713117e+00  ,2.223778692851e+00  ,2.195945846779e+00  ,2.168980447076e+00  ,2.142913932170e+00  ,2.117532053540e+00  ,2.092977451400e+00  ,2.069120376383e+00  ,2.045941388684e+00  ,2.023311306588e+00  ,2.001280393926e+00  ,1.979876952028e+00  ,1.959050907966e+00  ,1.938643646734e+00  ,1.918835636580e+00  ,1.899412113477e+00  
  9.714525727575e-07  ,2.417046720829e+00  ,2.381795666245e+00  ,2.347625083053e+00  ,2.314706952890e+00  ,2.282868499416e+00  ,2.252552713117e+00  ,2.223778692851e+00  ,2.195945846779e+00  ,2.168980447076e+00  ,2.142913932170e+00  ,2.117532053540e+00  ,2.092977451400e+00  ,2.069120376383e+00  ,2.045941388684e+00  ,2.023311306588e+00  ,2.001280393926e+00  ,1.979876952028e+00  ,1.959050907966e+00  ,1.938643646734e+00  ,1.918835636580e+00  ,1.899412113477e+00  
  9.724526269381e-07  ,2.417046720829e+00  ,2.381795666245e+00  ,2.347625083053e+00  ,2.314706952890e+00  ,2.282868499416e+00  ,2.252552713117e+00  ,2.223778692851e+00  ,2.195945846779e+00  ,2.168980447076e+00  ,2.142913932170e+00  ,2.117532053540e+00  ,2.092977451400e+00  ,2.069120376383e+00  ,2.045941388684e+00  ,2.023311306588e+00  ,2.001280393926e+00  ,1.979876952028e+00  ,1.959050907966e+00  ,1.938643646734e+00  ,1.918835636580e+00  ,1.899412113477e+00  
  9.734526811188e-07  ,2.417046720829e+00  ,2.381795666245e+00  ,2.347625083053e+00  ,2.314706952890e+00  ,2.282868499416e+00  ,2.252552713117e+00  ,2.223778692851e+00  ,2.195945846779e+00  ,2.168980447076e+00  ,2.142913932170e+00  ,2.117532053540e+00  ,2.092977451400e+00  ,2.069120376383e+00  ,2.045941388684e+00  ,2.023311306588e+00  ,2.001280393926e+00  ,1.979876952028e+00  ,1.959050907966e+00  ,1.938643646734e+00  ,1.918835636580e+00  ,1.899412113477e+00  
  9.744527352994e-07  ,2.417046720829e+00  ,2.381795666245e+00  ,2.347625083053e+00  ,2.314706952890e+00  ,2.282868499416e+00  ,2.252552713117e+00  ,2.223778692851e+00  ,2.195945846779e+00  ,2.168980447076e+00  ,2.142913932170e+00  ,2.117532053540e+00  ,2.092977451400e+00  ,2.069120376383e+00  ,2.045941388684e+00  ,2.023311306588e+00  ,2.001280393926e+00  ,1.979876952028e+00  ,1.959050907966e+00  ,1.938643646734e+00  ,1.918835636580e+00  ,1.899412113477e+00  
  9.754527894800e-07  ,2.417046720829e+00  ,2.381795666245e+00  ,2.347625083053e+00  ,2.314706952890e+00  ,2.282868499416e+00  ,2.252552713117e+00  ,2.223778692851e+00  ,2.195945846779e+00  ,2.168980447076e+00  ,2.142913932170e+00  ,2.117532053540e+00  ,2.092977451400e+00  ,2.069120376383e+00  ,2.045941388684e+00  ,2.023311306588e+00  ,2.001280393926e+00  ,1.979876952028e+00  ,1.959050907966e+00  ,1.938643646734e+00  ,1.918835636580e+00  ,1.899412113477e+00  
  9.764528436606e-07  ,2.417046720829e+00  ,2.381795666245e+00  ,2.347625083053e+00  ,2.314706952890e+00  ,2.282868499416e+00  ,2.252552713117e+00  ,2.223778692851e+00  ,2.195945846779e+00  ,2.168980447076e+00  ,2.142913932170e+00  ,2.117532053540e+00  ,2.092977451400e+00  ,2.069120376383e+00  ,2.045941388684e+00  ,2.023311306588e+00  ,2.001280393926e+00  ,1.979876952028e+00  ,1.959050907966e+00  ,1.938643646734e+00  ,1.918835636580e+00  ,1.899412113477e+00  
  9.774528978413e-07  ,2.417046720829e+00  ,2.381795666245e+00  ,2.347625083053e+00  ,2.314706952890e+00  ,2.282868499416e+00  ,2.252552713117e+00  ,2.223778692851e+00  ,2.195945846779e+00  ,2.168980447076e+00  ,2.142913932170e+00  ,2.117532053540e+00  ,2.092977451400e+00  ,2.069120376383e+00  ,2.045941388684e+00  ,2.023311306588e+00  ,2.001280393926e+00  ,1.979876952028e+00  ,1.959050907966e+00  ,1.938643646734e+00  ,1.918835636580e+00  ,1.899412113477e+00  
  9.784529520219e-07  ,2.417046720829e+00  ,2.381795666245e+00  ,2.347625083053e+00  ,2.314706952890e+00  ,2.282868499416e+00  ,2.252552713117e+00  ,2.223778692851e+00  ,2.195945846779e+00  ,2.168980447076e+00  ,2.142913932170e+00  ,2.117532053540e+00  ,2.092977451400e+00  ,2.069120376383e+00  ,2.045941388684e+00  ,2.023311306588e+00  ,2.001280393926e+00  ,1.979876952028e+00  ,1.959050907966e+00  ,1.938643646734e+00  ,1.918835636580e+00  ,1.899412113477e+00  
  9.794530062025e-07  ,2.417046720829e+00  ,2.381795666245e+00  ,2.347625083053e+00  ,2.314706952890e+00  ,2.282868499416e+00  ,2.252552713117e+00  ,2.223778692851e+00  ,2.195945846779e+00  ,2.168980447076e+00  ,2.142913932170e+00  ,2.117532053540e+00  ,2.092977451400e+00  ,2.069120376383e+00  ,2.045941388684e+00  ,2.023311306588e+00  ,2.001280393926e+00  ,1.979876952028e+00  ,1.959050907966e+00  ,1.938643646734e+00  ,1.918835636580e+00  ,1.899412113477e+00  
  9.804530603831e-07  ,2.417046720829e+00  ,2.381795666245e+00  ,2.347625083053e+00  ,2.314706952890e+00  ,2.282868499416e+00  ,2.252552713117e+00  ,2.223778692851e+00  ,2.195945846779e+00  ,2.168980447076e+00  ,2.142913932170e+00  ,2.117532053540e+00  ,2.092977451400e+00  ,2.069120376383e+00  ,2.045941388684e+00  ,2.023311306588e+00  ,2.001280393926e+00  ,1.979876952028e+00  ,1.959050907966e+00  ,1.938643646734e+00  ,1.918835636580e+00  ,1.899412113477e+00  
  9.814531145637e-07  ,2.417046720829e+00  ,2.381795666245e+00  ,2.347625083053e+00  ,2.314706952890e+00  ,2.282868499416e+00  ,2.252552713117e+00  ,2.223778692851e+00  ,2.195945846779e+00  ,2.168980447076e+00  ,2.142913932170e+00  ,2.117532053540e+00  ,2.092977451400e+00  ,2.069120376383e+00  ,2.045941388684e+00  ,2.023311306588e+00  ,2.001280393926e+00  ,1.979876952028e+00  ,1.959050907966e+00  ,1.938643646734e+00  ,1.918835636580e+00  ,1.899412113477e+00  
  9.824531687444e-07  ,2.417046720829e+00  ,2.381795666245e+00  ,2.347625083053e+00  ,2.314706952890e+00  ,2.282868499416e+00  ,2.252552713117e+00  ,2.223778692851e+00  ,2.195945846779e+00  ,2.168980447076e+00  ,2.142913932170e+00  ,2.117532053540e+00  ,2.092977451400e+00  ,2.069120376383e+00  ,2.045941388684e+00  ,2.023311306588e+00  ,2.001280393926e+00  ,1.979876952028e+00  ,1.959050907966e+00  ,1.938643646734e+00  ,1.918835636580e+00  ,1.899412113477e+00  
  9.834532229250e-07  ,2.417046720829e+00  ,2.381795666245e+00  ,2.347625083053e+00  ,2.314706952890e+00  ,2.282868499416e+00  ,2.252552713117e+00  ,2.223778692851e+00  ,2.195945846779e+00  ,2.168980447076e+00  ,2.142913932170e+00  ,2.117532053540e+00  ,2.092977451400e+00  ,2.069120376383e+00  ,2.045941388684e+00  ,2.023311306588e+00  ,2.001280393926e+00  ,1.979876952028e+00  ,1.959050907966e+00  ,1.938643646734e+00  ,1.918835636580e+00  ,1.899412113477e+00  
  9.844532771056e-07  ,2.417046720829e+00  ,2.381795666245e+00  ,2.347625083053e+00  ,2.314706952890e+00  ,2.282868499416e+00  ,2.252552713117e+00  ,2.223778692851e+00  ,2.195945846779e+00  ,2.168980447076e+00  ,2.142913932170e+00  ,2.117532053540e+00  ,2.092977451400e+00  ,2.069120376383e+00  ,2.045941388684e+00  ,2.023311306588e+00  ,2.001280393926e+00  ,1.979876952028e+00  ,1.959050907966e+00  ,1.938643646734e+00  ,1.918835636580e+00  ,1.899412113477e+00  
  9.854533312862e-07  ,2.417046720829e+00  ,2.381795666245e+00  ,2.347625083053e+00  ,2.314706952890e+00  ,2.282868499416e+00  ,2.252552713117e+00  ,2.223778692851e+00  ,2.195945846779e+00  ,2.168980447076e+00  ,2.142913932170e+00  ,2.117532053540e+00  ,2.092977451400e+00  ,2.069120376383e+00  ,2.045941388684e+00  ,2.023311306588e+00  ,2.001280393926e+00  ,1.979876952028e+00  ,1.959050907966e+00  ,1.938643646734e+00  ,1.918835636580e+00  ,1.899412113477e+00  
  9.864533854668e-07  ,2.417046720829e+00  ,2.381795666245e+00  ,2.347625083053e+00  ,2.314706952890e+00  ,2.282868499416e+00  ,2.252552713117e+00  ,2.223778692851e+00  ,2.195945846779e+00  ,2.168980447076e+00  ,2.142913932170e+00  ,2.117532053540e+00  ,2.092977451400e+00  ,2.069120376383e+00  ,2.045941388684e+00  ,2.023311306588e+00  ,2.001280393926e+00  ,1.979876952028e+00  ,1.959050907966e+00  ,1.938643646734e+00  ,1.918835636580e+00  ,1.899412113477e+00  
  9.874534396475e-07  ,2.417046720829e+00  ,2.381795666245e+00  ,2.347625083053e+00  ,2.314706952890e+00  ,2.282868499416e+00  ,2.252552713117e+00  ,2.223778692851e+00  ,2.195945846779e+00  ,2.168980447076e+00  ,2.142913932170e+00  ,2.117532053540e+00  ,2.092977451400e+00  ,2.069120376383e+00  ,2.045941388684e+00  ,2.023311306588e+00  ,2.001280393926e+00  ,1.979876952028e+00  ,1.959050907966e+00  ,1.938643646734e+00  ,1.918835636580e+00  ,1.899412113477e+00  
  9.884534938281e-07  ,2.417046720829e+00  ,2.381795666245e+00  ,2.347625083053e+00  ,2.314706952890e+00  ,2.282868499416e+00  ,2.252552713117e+00  ,2.223778692851e+00  ,2.195945846779e+00  ,2.168980447076e+00  ,2.142913932170e+00  ,2.117532053540e+00  ,2.092977451400e+00  ,2.069120376383e+00  ,2.045941388684e+00  ,2.023311306588e+00  ,2.001280393926e+00  ,1.979876952028e+00  ,1.959050907966e+00  ,1.938643646734e+00  ,1.918835636580e+00  ,1.899412113477e+00  
  9.894535480087e-07  ,2.417046720829e+00  ,2.381795666245e+00  ,2.347625083053e+00  ,2.314706952890e+00  ,2.282868499416e+00  ,2.252552713117e+00  ,2.223778692851e+00  ,2.195945846779e+00  ,2.168980447076e+00  ,2.142913932170e+00  ,2.117532053540e+00  ,2.092977451400e+00  ,2.069120376383e+00  ,2.045941388684e+00  ,2.023311306588e+00  ,2.001280393926e+00  ,1.979876952028e+00  ,1.959050907966e+00  ,1.938643646734e+00  ,1.918835636580e+00  ,1.899412113477e+00  
  9.904536021893e-07  ,2.417046720829e+00  ,2.381795666245e+00  ,2.347625083053e+00  ,2.314706952890e+00  ,2.282868499416e+00  ,2.252552713117e+00  ,2.223778692851e+00  ,2.195945846779e+00  ,2.168980447076e+00  ,2.142913932170e+00  ,2.117532053540e+00  ,2.092977451400e+00  ,2.069120376383e+00  ,2.045941388684e+00  ,2.023311306588e+00  ,2.001280393926e+00  ,1.979876952028e+00  ,1.959050907966e+00  ,1.938643646734e+00  ,1.918835636580e+00  ,1.899412113477e+00  
  9.914536563700e-07  ,2.417046720829e+00  ,2.381795666245e+00  ,2.347625083053e+00  ,2.314706952890e+00  ,2.282868499416e+00  ,2.252552713117e+00  ,2.223778692851e+00  ,2.195945846779e+00  ,2.168980447076e+00  ,2.142913932170e+00  ,2.117532053540e+00  ,2.092977451400e+00  ,2.069120376383e+00  ,2.045941388684e+00  ,2.023311306588e+00  ,2.001280393926e+00  ,1.979876952028e+00  ,1.959050907966e+00  ,1.938643646734e+00  ,1.918835636580e+00  ,1.899412113477e+00  
  9.924537105506e-07  ,2.417046720829e+00  ,2.381795666245e+00  ,2.347625083053e+00  ,2.314706952890e+00  ,2.282868499416e+00  ,2.252552713117e+00  ,2.223778692851e+00  ,2.195945846779e+00  ,2.168980447076e+00  ,2.142913932170e+00  ,2.117532053540e+00  ,2.092977451400e+00  ,2.069120376383e+00  ,2.045941388684e+00  ,2.023311306588e+00  ,2.001280393926e+00  ,1.979876952028e+00  ,1.959050907966e+00  ,1.938643646734e+00  ,1.918835636580e+00  ,1.899412113477e+00  
  9.934537647312e-07  ,2.417046720829e+00  ,2.381795666245e+00  ,2.347625083053e+00  ,2.314706952890e+00  ,2.282868499416e+00  ,2.252552713117e+00  ,2.223778692851e+00  ,2.195945846779e+00  ,2.168980447076e+00  ,2.142913932170e+00  ,2.117532053540e+00  ,2.092977451400e+00  ,2.069120376383e+00  ,2.045941388684e+00  ,2.023311306588e+00  ,2.001280393926e+00  ,1.979876952028e+00  ,1.959050907966e+00  ,1.938643646734e+00  ,1.918835636580e+00  ,1.899412113477e+00  
  9.944538189118e-07  ,2.417046720829e+00  ,2.381795666245e+00  ,2.347625083053e+00  ,2.314706952890e+00  ,2.282868499416e+00  ,2.252552713117e+00  ,2.223778692851e+00  ,2.195945846779e+00  ,2.168980447076e+00  ,2.142913932170e+00  ,2.117532053540e+00  ,2.092977451400e+00  ,2.069120376383e+00  ,2.045941388684e+00  ,2.023311306588e+00  ,2.001280393926e+00  ,1.979876952028e+00  ,1.959050907966e+00  ,1.938643646734e+00  ,1.918835636580e+00  ,1.899412113477e+00  
  9.954538730924e-07  ,2.417046720829e+00  ,2.381795666245e+00  ,2.347625083053e+00  ,2.314706952890e+00  ,2.282868499416e+00  ,2.252552713117e+00  ,2.223778692851e+00  ,2.195945846779e+00  ,2.168980447076e+00  ,2.142913932170e+00  ,2.117532053540e+00  ,2.092977451400e+00  ,2.069120376383e+00  ,2.045941388684e+00  ,2.023311306588e+00  ,2.001280393926e+00  ,1.979876952028e+00  ,1.959050907966e+00  ,1.938643646734e+00  ,1.918835636580e+00  ,1.899412113477e+00  
  9.964539272731e-07  ,2.417046720829e+00  ,2.381795666245e+00  ,2.347625083053e+00  ,2.314706952890e+00  ,2.282868499416e+00  ,2.252552713117e+00  ,2.223778692851e+00  ,2.195945846779e+00  ,2.168980447076e+00  ,2.142913932170e+00  ,2.117532053540e+00  ,2.092977451400e+00  ,2.069120376383e+00  ,2.045941388684e+00  ,2.023311306588e+00  ,2.001280393926e+00  ,1.979876952028e+00  ,1.959050907966e+00  ,1.938643646734e+00  ,1.918835636580e+00  ,1.899412113477e+00  
  9.974539814537e-07  ,2.417046720829e+00  ,2.381795666245e+00  ,2.347625083053e+00  ,2.314706952890e+00  ,2.282868499416e+00  ,2.252552713117e+00  ,2.223778692851e+00  ,2.195945846779e+00  ,2.168980447076e+00  ,2.142913932170e+00  ,2.117532053540e+00  ,2.092977451400e+00  ,2.069120376383e+00  ,2.045941388684e+00  ,2.023311306588e+00  ,2.001280393926e+00  ,1.979876952028e+00  ,1.959050907966e+00  ,1.938643646734e+00  ,1.918835636580e+00  ,1.899412113477e+00  
  9.984540356343e-07  ,2.417046720829e+00  ,2.381795666245e+00  ,2.347625083053e+00  ,2.314706952890e+00  ,2.282868499416e+00  ,2.252552713117e+00  ,2.223778692851e+00  ,2.195945846779e+00  ,2.168980447076e+00  ,2.142913932170e+00  ,2.117532053540e+00  ,2.092977451400e+00  ,2.069120376383e+00  ,2.045941388684e+00  ,2.023311306588e+00  ,2.001280393926e+00  ,1.979876952028e+00  ,1.959050907966e+00  ,1.938643646734e+00  ,1.918835636580e+00  ,1.899412113477e+00  
  9.994540898149e-07  ,2.417046720829e+00  ,2.381795666245e+00  ,2.347625083053e+00  ,2.314706952890e+00  ,2.282868499416e+00  ,2.252552713117e+00  ,2.223778692851e+00  ,2.195945846779e+00  ,2.168980447076e+00  ,2.142913932170e+00  ,2.117532053540e+00  ,2.092977451400e+00  ,2.069120376383e+00  ,2.045941388684e+00  ,2.023311306588e+00  ,2.001280393926e+00  ,1.979876952028e+00  ,1.959050907966e+00  ,1.938643646734e+00  ,1.918835636580e+00  ,1.899412113477e+00  
  1.000000000000e-06  ,2.417046720829e+00  ,2.381795666245e+00  ,2.347625083053e+00  ,2.314706952890e+00  ,2.282868499416e+00  ,2.252552713117e+00  ,2.223778692851e+00  ,2.195945846779e+00  ,2.168980447076e+00  ,2.142913932170e+00  ,2.117532053540e+00  ,2.092977451400e+00  ,2.069120376383e+00  ,2.045941388684e+00  ,2.023311306588e+00  ,2.001280393926e+00  ,1.979876952028e+00  ,1.959050907966e+00  ,1.938643646734e+00  ,1.918835636580e+00  ,1.899412113477e+00  
