-2.51E-06,-19.76,-2.51E-06,8
-2.51E-06,-19.68,-2.51E-06,8
-2.51E-06,-19.76,-2.51E-06,4
-2.51E-06,-19.76,-2.51E-06,8
-2.51E-06,-19.68,-2.51E-06,4
-2.51E-06,-19.76,-2.51E-06,8
-2.50E-06,-19.76,-2.50E-06,4
-2.50E-06,-19.68,-2.50E-06,8
-2.50E-06,-19.68,-2.50E-06,8
-2.50E-06,-19.68,-2.50E-06,4
-2.50E-06,-19.68,-2.50E-06,8
-2.50E-06,-19.68,-2.50E-06,8
-2.50E-06,-19.68,-2.50E-06,4
-2.50E-06,-19.68,-2.50E-06,4
-2.50E-06,-19.68,-2.50E-06,4
-2.50E-06,-19.68,-2.50E-06,8
-2.49E-06,-19.68,-2.49E-06,4
-2.49E-06,-19.68,-2.49E-06,8
-2.49E-06,-19.68,-2.49E-06,4
-2.49E-06,-19.68,-2.49E-06,8
-2.49E-06,-19.68,-2.49E-06,4
-2.49E-06,-19.68,-2.49E-06,8
-2.49E-06,-19.68,-2.49E-06,4
-2.49E-06,-19.68,-2.49E-06,8
-2.49E-06,-19.68,-2.49E-06,4
-2.49E-06,-19.68,-2.49E-06,8
-2.48E-06,-19.68,-2.48E-06,4
-2.48E-06,-19.68,-2.48E-06,8
-2.48E-06,-19.68,-2.48E-06,4
-2.48E-06,-19.76,-2.48E-06,8
-2.48E-06,-19.68,-2.48E-06,8
-2.48E-06,-19.76,-2.48E-06,4
-2.48E-06,-19.76,-2.48E-06,8
-2.48E-06,-19.68,-2.48E-06,8
-2.48E-06,-19.68,-2.48E-06,4
-2.48E-06,-19.68,-2.48E-06,8
-2.47E-06,-19.68,-2.47E-06,4
-2.47E-06,-19.68,-2.47E-06,8
-2.47E-06,-19.68,-2.47E-06,4
-2.47E-06,-19.68,-2.47E-06,8
-2.47E-06,-19.68,-2.47E-06,4
-2.47E-06,-19.68,-2.47E-06,8
-2.47E-06,-19.68,-2.47E-06,4
-2.47E-06,-19.68,-2.47E-06,8
-2.47E-06,-19.68,-2.47E-06,4
-2.47E-06,-19.68,-2.47E-06,8
-2.46E-06,-19.68,-2.46E-06,4
-2.46E-06,-19.68,-2.46E-06,8
-2.46E-06,-19.68,-2.46E-06,8
-2.46E-06,-19.68,-2.46E-06,8
-2.46E-06,-19.68,-2.46E-06,4
-2.46E-06,-19.68,-2.46E-06,8
-2.46E-06,-19.68,-2.46E-06,8
-2.46E-06,-19.68,-2.46E-06,8
-2.46E-06,-19.68,-2.46E-06,8
-2.46E-06,-19.68,-2.46E-06,8
-2.45E-06,-19.68,-2.45E-06,4
-2.45E-06,-19.68,-2.45E-06,8
-2.45E-06,-19.68,-2.45E-06,4
-2.45E-06,-19.68,-2.45E-06,8
-2.45E-06,-19.68,-2.45E-06,4
-2.45E-06,-19.68,-2.45E-06,4
-2.45E-06,-19.68,-2.45E-06,4
-2.45E-06,-19.76,-2.45E-06,8
-2.45E-06,-19.68,-2.45E-06,4
-2.45E-06,-19.68,-2.45E-06,8
-2.44E-06,-19.68,-2.44E-06,4
-2.44E-06,-19.68,-2.44E-06,8
-2.44E-06,-19.68,-2.44E-06,8
-2.44E-06,-19.68,-2.44E-06,8
-2.44E-06,-19.68,-2.44E-06,8
-2.44E-06,-19.68,-2.44E-06,8
-2.44E-06,-19.68,-2.44E-06,8
-2.44E-06,-19.68,-2.44E-06,8
-2.44E-06,-19.68,-2.44E-06,4
-2.44E-06,-19.68,-2.44E-06,8
-2.43E-06,-19.68,-2.43E-06,4
-2.43E-06,-19.68,-2.43E-06,4
-2.43E-06,-19.68,-2.43E-06,8
-2.43E-06,-19.68,-2.43E-06,8
-2.43E-06,-19.68,-2.43E-06,8
-2.43E-06,-19.68,-2.43E-06,8
-2.43E-06,-19.68,-2.43E-06,8
-2.43E-06,-19.68,-2.43E-06,8
-2.43E-06,-19.68,-2.43E-06,4
-2.43E-06,-19.68,-2.43E-06,8
-2.42E-06,-19.68,-2.42E-06,8
-2.42E-06,-19.68,-2.42E-06,8
-2.42E-06,-19.68,-2.42E-06,4
-2.42E-06,-19.68,-2.42E-06,8
-2.42E-06,-19.68,-2.42E-06,4
-2.42E-06,-19.68,-2.42E-06,8
-2.42E-06,-19.68,-2.42E-06,4
-2.42E-06,-19.68,-2.42E-06,8
-2.42E-06,-19.68,-2.42E-06,4
-2.42E-06,-19.68,-2.42E-06,8
-2.41E-06,-19.68,-2.41E-06,4
-2.41E-06,-19.68,-2.41E-06,8
-2.41E-06,-19.68,-2.41E-06,4
-2.41E-06,-19.68,-2.41E-06,8
-2.41E-06,-19.68,-2.41E-06,4
-2.41E-06,-19.68,-2.41E-06,8
-2.41E-06,-19.76,-2.41E-06,4
-2.41E-06,-19.68,-2.41E-06,8
-2.41E-06,-19.68,-2.41E-06,8
-2.41E-06,-19.68,-2.41E-06,8
-2.40E-06,-19.68,-2.40E-06,8
-2.40E-06,-19.68,-2.40E-06,8
-2.40E-06,-19.76,-2.40E-06,8
-2.40E-06,-19.68,-2.40E-06,8
-2.40E-06,-19.68,-2.40E-06,8
-2.40E-06,-19.68,-2.40E-06,8
-2.40E-06,-19.68,-2.40E-06,8
-2.40E-06,-19.68,-2.40E-06,8
-2.40E-06,-19.68,-2.40E-06,8
-2.40E-06,-19.68,-2.40E-06,8
-2.39E-06,-19.76,-2.39E-06,8
-2.39E-06,-19.68,-2.39E-06,8
-2.39E-06,-19.76,-2.39E-06,8
-2.39E-06,-19.68,-2.39E-06,8
-2.39E-06,-19.76,-2.39E-06,4
-2.39E-06,-19.68,-2.39E-06,8
-2.39E-06,-19.68,-2.39E-06,4
-2.39E-06,-19.68,-2.39E-06,8
-2.39E-06,-19.68,-2.39E-06,4
-2.39E-06,-19.68,-2.39E-06,8
-2.38E-06,-19.68,-2.38E-06,8
-2.38E-06,-19.68,-2.38E-06,8
-2.38E-06,-19.68,-2.38E-06,8
-2.38E-06,-19.68,-2.38E-06,8
-2.38E-06,-19.68,-2.38E-06,8
-2.38E-06,-19.68,-2.38E-06,8
-2.38E-06,-19.68,-2.38E-06,4
-2.38E-06,-19.68,-2.38E-06,8
-2.38E-06,-19.68,-2.38E-06,4
-2.38E-06,-19.68,-2.38E-06,8
-2.37E-06,-19.76,-2.37E-06,4
-2.37E-06,-19.68,-2.37E-06,4
-2.37E-06,-19.68,-2.37E-06,4
-2.37E-06,-19.68,-2.37E-06,8
-2.37E-06,-19.68,-2.37E-06,4
-2.37E-06,-19.68,-2.37E-06,8
-2.37E-06,-19.68,-2.37E-06,8
-2.37E-06,-19.68,-2.37E-06,8
-2.37E-06,-19.76,-2.37E-06,4
-2.37E-06,-19.68,-2.37E-06,8
-2.36E-06,-19.76,-2.36E-06,8
-2.36E-06,-19.68,-2.36E-06,8
-2.36E-06,-19.68,-2.36E-06,4
-2.36E-06,-19.68,-2.36E-06,8
-2.36E-06,-19.68,-2.36E-06,4
-2.36E-06,-19.68,-2.36E-06,8
-2.36E-06,-19.76,-2.36E-06,4
-2.36E-06,-19.68,-2.36E-06,8
-2.36E-06,-19.76,-2.36E-06,8
-2.36E-06,-19.68,-2.36E-06,8
-2.35E-06,-19.76,-2.35E-06,4
-2.35E-06,-19.68,-2.35E-06,8
-2.35E-06,-19.68,-2.35E-06,4
-2.35E-06,-19.68,-2.35E-06,8
-2.35E-06,-19.68,-2.35E-06,8
-2.35E-06,-19.68,-2.35E-06,8
-2.35E-06,-19.68,-2.35E-06,4
-2.35E-06,-19.68,-2.35E-06,8
-2.35E-06,-19.68,-2.35E-06,8
-2.35E-06,-19.68,-2.35E-06,8
-2.34E-06,-19.68,-2.34E-06,8
-2.34E-06,-19.68,-2.34E-06,8
-2.34E-06,-19.76,-2.34E-06,8
-2.34E-06,-19.68,-2.34E-06,8
-2.34E-06,-19.68,-2.34E-06,4
-2.34E-06,-19.68,-2.34E-06,8
-2.34E-06,-19.68,-2.34E-06,4
-2.34E-06,-19.68,-2.34E-06,8
-2.34E-06,-19.68,-2.34E-06,4
-2.34E-06,-19.76,-2.34E-06,8
-2.33E-06,-19.68,-2.33E-06,4
-2.33E-06,-19.76,-2.33E-06,8
-2.33E-06,-19.68,-2.33E-06,4
-2.33E-06,-19.68,-2.33E-06,8
-2.33E-06,-19.68,-2.33E-06,4
-2.33E-06,-19.68,-2.33E-06,8
-2.33E-06,-19.68,-2.33E-06,4
-2.33E-06,-19.68,-2.33E-06,8
-2.33E-06,-19.68,-2.33E-06,8
-2.33E-06,-19.76,-2.33E-06,8
-2.32E-06,-19.68,-2.32E-06,8
-2.32E-06,-19.76,-2.32E-06,8
-2.32E-06,-19.68,-2.32E-06,8
-2.32E-06,-19.76,-2.32E-06,8
-2.32E-06,-19.68,-2.32E-06,8
-2.32E-06,-19.68,-2.32E-06,8
-2.32E-06,-19.68,-2.32E-06,4
-2.32E-06,-19.68,-2.32E-06,8
-2.32E-06,-19.68,-2.32E-06,4
-2.32E-06,-19.68,-2.32E-06,8
-2.31E-06,-19.76,-2.31E-06,4
-2.31E-06,-19.68,-2.31E-06,8
-2.31E-06,-19.68,-2.31E-06,4
-2.31E-06,-19.76,-2.31E-06,8
-2.31E-06,-19.68,-2.31E-06,4
-2.31E-06,-19.68,-2.31E-06,8
-2.31E-06,-19.68,-2.31E-06,4
-2.31E-06,-19.68,-2.31E-06,8
-2.31E-06,-19.68,-2.31E-06,4
-2.31E-06,-19.68,-2.31E-06,8
-2.30E-06,-19.76,-2.30E-06,4
-2.30E-06,-19.68,-2.30E-06,8
-2.30E-06,-19.68,-2.30E-06,8
-2.30E-06,-19.68,-2.30E-06,8
-2.30E-06,-19.68,-2.30E-06,8
-2.30E-06,-19.68,-2.30E-06,8
-2.30E-06,-19.68,-2.30E-06,4
-2.30E-06,-19.68,-2.30E-06,8
-2.30E-06,-19.68,-2.30E-06,4
-2.30E-06,-19.68,-2.30E-06,8
-2.29E-06,-19.68,-2.29E-06,4
-2.29E-06,-19.68,-2.29E-06,8
-2.29E-06,-19.68,-2.29E-06,8
-2.29E-06,-19.68,-2.29E-06,8
-2.29E-06,-19.68,-2.29E-06,4
-2.29E-06,-19.68,-2.29E-06,8
-2.29E-06,-19.68,-2.29E-06,4
-2.29E-06,-19.68,-2.29E-06,8
-2.29E-06,-19.68,-2.29E-06,4
-2.29E-06,-19.68,-2.29E-06,8
-2.28E-06,-19.68,-2.28E-06,4
-2.28E-06,-19.68,-2.28E-06,8
-2.28E-06,-19.68,-2.28E-06,4
-2.28E-06,-19.68,-2.28E-06,8
-2.28E-06,-19.76,-2.28E-06,4
-2.28E-06,-19.68,-2.28E-06,8
-2.28E-06,-19.68,-2.28E-06,4
-2.28E-06,-19.68,-2.28E-06,8
-2.28E-06,-19.68,-2.28E-06,4
-2.28E-06,-19.68,-2.28E-06,8
-2.27E-06,-19.68,-2.27E-06,4
-2.27E-06,-19.68,-2.27E-06,8
-2.27E-06,-19.68,-2.27E-06,4
-2.27E-06,-19.68,-2.27E-06,8
-2.27E-06,-19.68,-2.27E-06,4
-2.27E-06,-19.68,-2.27E-06,8
-2.27E-06,-19.68,-2.27E-06,4
-2.27E-06,-19.68,-2.27E-06,4
-2.27E-06,-19.68,-2.27E-06,4
-2.27E-06,-19.68,-2.27E-06,8
-2.26E-06,-19.68,-2.26E-06,4
-2.26E-06,-19.68,-2.26E-06,4
-2.26E-06,-19.68,-2.26E-06,4
-2.26E-06,-19.68,-2.26E-06,4
-2.26E-06,-19.68,-2.26E-06,4
-2.26E-06,-19.68,-2.26E-06,8
-2.26E-06,-19.68,-2.26E-06,4
-2.26E-06,-19.68,-2.26E-06,8
-2.26E-06,-19.68,-2.26E-06,4
-2.26E-06,-19.68,-2.26E-06,8
-2.25E-06,-19.68,-2.25E-06,4
-2.25E-06,-19.68,-2.25E-06,8
-2.25E-06,-19.68,-2.25E-06,4
-2.25E-06,-19.68,-2.25E-06,8
-2.25E-06,-19.68,-2.25E-06,4
-2.25E-06,-19.68,-2.25E-06,8
-2.25E-06,-19.68,-2.25E-06,8
-2.25E-06,-19.68,-2.25E-06,8
-2.25E-06,-19.76,-2.25E-06,4
-2.25E-06,-19.68,-2.25E-06,4
-2.24E-06,-19.68,-2.24E-06,4
-2.24E-06,-19.68,-2.24E-06,8
-2.24E-06,-19.68,-2.24E-06,4
-2.24E-06,-19.68,-2.24E-06,8
-2.24E-06,-19.68,-2.24E-06,4
-2.24E-06,-19.68,-2.24E-06,8
-2.24E-06,-19.76,-2.24E-06,4
-2.24E-06,-19.68,-2.24E-06,8
-2.24E-06,-19.76,-2.24E-06,4
-2.24E-06,-19.68,-2.24E-06,8
-2.23E-06,-19.68,-2.23E-06,4
-2.23E-06,-19.68,-2.23E-06,8
-2.23E-06,-19.68,-2.23E-06,4
-2.23E-06,-19.68,-2.23E-06,8
-2.23E-06,-19.68,-2.23E-06,4
-2.23E-06,-19.68,-2.23E-06,8
-2.23E-06,-19.68,-2.23E-06,4
-2.23E-06,-19.68,-2.23E-06,8
-2.23E-06,-19.68,-2.23E-06,4
-2.23E-06,-19.68,-2.23E-06,8
-2.22E-06,-19.68,-2.22E-06,8
-2.22E-06,-19.68,-2.22E-06,8
-2.22E-06,-19.68,-2.22E-06,8
-2.22E-06,-19.68,-2.22E-06,4
-2.22E-06,-19.68,-2.22E-06,4
-2.22E-06,-19.68,-2.22E-06,8
-2.22E-06,-19.68,-2.22E-06,4
-2.22E-06,-19.68,-2.22E-06,8
-2.22E-06,-19.68,-2.22E-06,4
-2.22E-06,-19.68,-2.22E-06,4
-2.21E-06,-19.76,-2.21E-06,4
-2.21E-06,-19.68,-2.21E-06,8
-2.21E-06,-19.68,-2.21E-06,4
-2.21E-06,-19.68,-2.21E-06,8
-2.21E-06,-19.68,-2.21E-06,4
-2.21E-06,-19.68,-2.21E-06,8
-2.21E-06,-19.68,-2.21E-06,4
-2.21E-06,-19.68,-2.21E-06,8
-2.21E-06,-19.68,-2.21E-06,4
-2.21E-06,-19.68,-2.21E-06,8
-2.20E-06,-19.68,-2.20E-06,4
-2.20E-06,-19.68,-2.20E-06,8
-2.20E-06,-19.68,-2.20E-06,4
-2.20E-06,-19.68,-2.20E-06,8
-2.20E-06,-19.68,-2.20E-06,4
-2.20E-06,-19.68,-2.20E-06,8
-2.20E-06,-19.68,-2.20E-06,4
-2.20E-06,-19.68,-2.20E-06,8
-2.20E-06,-19.68,-2.20E-06,4
-2.20E-06,-19.68,-2.20E-06,8
-2.19E-06,-19.76,-2.19E-06,4
-2.19E-06,-19.68,-2.19E-06,8
-2.19E-06,-19.76,-2.19E-06,4
-2.19E-06,-19.68,-2.19E-06,8
-2.19E-06,-19.68,-2.19E-06,4
-2.19E-06,-19.68,-2.19E-06,8
-2.19E-06,-19.68,-2.19E-06,8
-2.19E-06,-19.68,-2.19E-06,8
-2.19E-06,-19.68,-2.19E-06,4
-2.19E-06,-19.68,-2.19E-06,8
-2.18E-06,-19.68,-2.18E-06,4
-2.18E-06,-19.68,-2.18E-06,8
-2.18E-06,-19.68,-2.18E-06,4
-2.18E-06,-19.68,-2.18E-06,8
-2.18E-06,-19.68,-2.18E-06,4
-2.18E-06,-19.68,-2.18E-06,4
-2.18E-06,-19.68,-2.18E-06,4
-2.18E-06,-19.68,-2.18E-06,8
-2.18E-06,-19.76,-2.18E-06,4
-2.18E-06,-19.68,-2.18E-06,8
-2.17E-06,-19.68,-2.17E-06,8
-2.17E-06,-19.68,-2.17E-06,8
-2.17E-06,-19.76,-2.17E-06,8
-2.17E-06,-19.68,-2.17E-06,8
-2.17E-06,-19.68,-2.17E-06,4
-2.17E-06,-19.68,-2.17E-06,8
-2.17E-06,-19.68,-2.17E-06,4
-2.17E-06,-19.68,-2.17E-06,8
-2.17E-06,-19.68,-2.17E-06,8
-2.17E-06,-19.68,-2.17E-06,8
-2.16E-06,-19.76,-2.16E-06,4
-2.16E-06,-19.68,-2.16E-06,8
-2.16E-06,-19.68,-2.16E-06,4
-2.16E-06,-19.68,-2.16E-06,8
-2.16E-06,-19.68,-2.16E-06,4
-2.16E-06,-19.68,-2.16E-06,8
-2.16E-06,-19.68,-2.16E-06,4
-2.16E-06,-19.68,-2.16E-06,8
-2.16E-06,-19.68,-2.16E-06,4
-2.16E-06,-19.68,-2.16E-06,8
-2.15E-06,-19.68,-2.15E-06,4
-2.15E-06,-19.68,-2.15E-06,8
-2.15E-06,-19.68,-2.15E-06,4
-2.15E-06,-19.68,-2.15E-06,8
-2.15E-06,-19.68,-2.15E-06,4
-2.15E-06,-19.68,-2.15E-06,8
-2.15E-06,-19.68,-2.15E-06,4
-2.15E-06,-19.68,-2.15E-06,8
-2.15E-06,-19.68,-2.15E-06,4
-2.15E-06,-19.68,-2.15E-06,8
-2.14E-06,-19.68,-2.14E-06,8
-2.14E-06,-19.68,-2.14E-06,8
-2.14E-06,-19.68,-2.14E-06,4
-2.14E-06,-19.68,-2.14E-06,8
-2.14E-06,-19.68,-2.14E-06,4
-2.14E-06,-19.68,-2.14E-06,8
-2.14E-06,-19.68,-2.14E-06,4
-2.14E-06,-19.68,-2.14E-06,8
-2.14E-06,-19.68,-2.14E-06,4
-2.14E-06,-19.68,-2.14E-06,8
-2.13E-06,-19.76,-2.13E-06,4
-2.13E-06,-19.68,-2.13E-06,8
-2.13E-06,-19.68,-2.13E-06,8
-2.13E-06,-19.68,-2.13E-06,8
-2.13E-06,-19.68,-2.13E-06,8
-2.13E-06,-19.68,-2.13E-06,8
-2.13E-06,-19.68,-2.13E-06,4
-2.13E-06,-19.68,-2.13E-06,8
-2.13E-06,-19.68,-2.13E-06,4
-2.13E-06,-19.68,-2.13E-06,8
-2.12E-06,-19.68,-2.12E-06,4
-2.12E-06,-19.68,-2.12E-06,8
-2.12E-06,-19.68,-2.12E-06,4
-2.12E-06,-19.68,-2.12E-06,8
-2.12E-06,-19.76,-2.12E-06,4
-2.12E-06,-19.68,-2.12E-06,8
-2.12E-06,-19.76,-2.12E-06,4
-2.12E-06,-19.68,-2.12E-06,8
-2.12E-06,-19.68,-2.12E-06,4
-2.12E-06,-19.68,-2.12E-06,8
-2.11E-06,-19.68,-2.11E-06,4
-2.11E-06,-19.68,-2.11E-06,8
-2.11E-06,-19.68,-2.11E-06,8
-2.11E-06,-19.68,-2.11E-06,8
-2.11E-06,-19.68,-2.11E-06,8
-2.11E-06,-19.68,-2.11E-06,8
-2.11E-06,-19.68,-2.11E-06,8
-2.11E-06,-19.68,-2.11E-06,8
-2.11E-06,-19.68,-2.11E-06,8
-2.11E-06,-19.68,-2.11E-06,8
-2.10E-06,-19.68,-2.10E-06,8
-2.10E-06,-19.68,-2.10E-06,8
-2.10E-06,-19.68,-2.10E-06,4
-2.10E-06,-19.68,-2.10E-06,8
-2.10E-06,-19.68,-2.10E-06,4
-2.10E-06,-19.68,-2.10E-06,8
-2.10E-06,-19.68,-2.10E-06,8
-2.10E-06,-19.68,-2.10E-06,8
-2.10E-06,-19.68,-2.10E-06,8
-2.10E-06,-19.68,-2.10E-06,8
-2.09E-06,-19.68,-2.09E-06,8
-2.09E-06,-19.68,-2.09E-06,8
-2.09E-06,-19.68,-2.09E-06,8
-2.09E-06,-19.68,-2.09E-06,8
-2.09E-06,-19.68,-2.09E-06,4
-2.09E-06,-19.68,-2.09E-06,8
-2.09E-06,-19.68,-2.09E-06,4
-2.09E-06,-19.68,-2.09E-06,8
-2.09E-06,-19.68,-2.09E-06,4
-2.09E-06,-19.68,-2.09E-06,8
-2.08E-06,-19.68,-2.08E-06,8
-2.08E-06,-19.68,-2.08E-06,8
-2.08E-06,-19.68,-2.08E-06,4
-2.08E-06,-19.68,-2.08E-06,8
-2.08E-06,-19.68,-2.08E-06,4
-2.08E-06,-19.68,-2.08E-06,8
-2.08E-06,-19.68,-2.08E-06,8
-2.08E-06,-19.68,-2.08E-06,8
-2.08E-06,-19.68,-2.08E-06,4
-2.08E-06,-19.68,-2.08E-06,8
-2.07E-06,-19.68,-2.07E-06,4
-2.07E-06,-19.68,-2.07E-06,8
-2.07E-06,-19.68,-2.07E-06,4
-2.07E-06,-19.68,-2.07E-06,8
-2.07E-06,-19.68,-2.07E-06,4
-2.07E-06,-19.68,-2.07E-06,4
-2.07E-06,-19.68,-2.07E-06,4
-2.07E-06,-19.68,-2.07E-06,8
-2.07E-06,-19.68,-2.07E-06,8
-2.07E-06,-19.68,-2.07E-06,4
-2.06E-06,-19.68,-2.06E-06,8
-2.06E-06,-19.68,-2.06E-06,8
-2.06E-06,-19.68,-2.06E-06,4
-2.06E-06,-19.68,-2.06E-06,8
-2.06E-06,-19.68,-2.06E-06,8
-2.06E-06,-19.68,-2.06E-06,8
-2.06E-06,-19.68,-2.06E-06,4
-2.06E-06,-19.68,-2.06E-06,8
-2.06E-06,-19.68,-2.06E-06,4
-2.06E-06,-19.68,-2.06E-06,8
-2.05E-06,-19.68,-2.05E-06,4
-2.05E-06,-19.68,-2.05E-06,8
-2.05E-06,-19.68,-2.05E-06,8
-2.05E-06,-19.68,-2.05E-06,8
-2.05E-06,-19.68,-2.05E-06,4
-2.05E-06,-19.68,-2.05E-06,8
-2.05E-06,-19.68,-2.05E-06,4
-2.05E-06,-19.68,-2.05E-06,8
-2.05E-06,-19.68,-2.05E-06,4
-2.05E-06,-19.68,-2.05E-06,8
-2.04E-06,-19.68,-2.04E-06,4
-2.04E-06,-19.68,-2.04E-06,8
-2.04E-06,-19.68,-2.04E-06,8
-2.04E-06,-19.68,-2.04E-06,8
-2.04E-06,-19.68,-2.04E-06,8
-2.04E-06,-19.68,-2.04E-06,8
-2.04E-06,-19.68,-2.04E-06,4
-2.04E-06,-19.76,-2.04E-06,8
-2.04E-06,-19.76,-2.04E-06,4
-2.04E-06,-19.68,-2.04E-06,8
-2.03E-06,-19.68,-2.03E-06,4
-2.03E-06,-19.68,-2.03E-06,8
-2.03E-06,-19.68,-2.03E-06,4
-2.03E-06,-19.68,-2.03E-06,8
-2.03E-06,-19.76,-2.03E-06,8
-2.03E-06,-19.68,-2.03E-06,8
-2.03E-06,-19.68,-2.03E-06,4
-2.03E-06,-19.68,-2.03E-06,4
-2.03E-06,-19.68,-2.03E-06,4
-2.03E-06,-19.68,-2.03E-06,8
-2.02E-06,-19.68,-2.02E-06,4
-2.02E-06,-19.68,-2.02E-06,8
-2.02E-06,-19.68,-2.02E-06,4
-2.02E-06,-19.68,-2.02E-06,8
-2.02E-06,-19.68,-2.02E-06,4
-2.02E-06,-19.68,-2.02E-06,8
-2.02E-06,-19.76,-2.02E-06,4
-2.02E-06,-19.68,-2.02E-06,8
-2.02E-06,-19.68,-2.02E-06,4
-2.02E-06,-19.68,-2.02E-06,8
-2.01E-06,-19.68,-2.01E-06,4
-2.01E-06,-19.68,-2.01E-06,8
-2.01E-06,-19.68,-2.01E-06,4
-2.01E-06,-19.68,-2.01E-06,8
-2.01E-06,-19.76,-2.01E-06,4
-2.01E-06,-19.68,-2.01E-06,8
-2.01E-06,-19.68,-2.01E-06,4
-2.01E-06,-19.68,-2.01E-06,8
-2.01E-06,-19.68,-2.01E-06,4
-2.01E-06,-19.68,-2.01E-06,8
-2.00E-06,-19.68,-2.00E-06,4
-2.00E-06,-19.68,-2.00E-06,8
-2.00E-06,-19.68,-2.00E-06,4
-2.00E-06,-19.68,-2.00E-06,8
-2.00E-06,-19.76,-2.00E-06,4
-2.00E-06,-19.68,-2.00E-06,8
-2.00E-06,-19.68,-2.00E-06,4
-2.00E-06,-19.68,-2.00E-06,8
-2.00E-06,-19.76,-2.00E-06,4
-2.00E-06,-19.68,-2.00E-06,8
-1.99E-06,-19.76,-1.99E-06,4
-1.99E-06,-19.68,-1.99E-06,8
-1.99E-06,-19.76,-1.99E-06,4
-1.99E-06,-19.68,-1.99E-06,8
-1.99E-06,-19.68,-1.99E-06,4
-1.99E-06,-19.68,-1.99E-06,8
-1.99E-06,-19.68,-1.99E-06,4
-1.99E-06,-19.68,-1.99E-06,8
-1.99E-06,-19.68,-1.99E-06,4
-1.99E-06,-19.68,-1.99E-06,8
-1.98E-06,-19.68,-1.98E-06,4
-1.98E-06,-19.68,-1.98E-06,8
-1.98E-06,-19.68,-1.98E-06,8
-1.98E-06,-19.68,-1.98E-06,8
-1.98E-06,-19.68,-1.98E-06,4
-1.98E-06,-19.68,-1.98E-06,8
-1.98E-06,-19.68,-1.98E-06,8
-1.98E-06,-19.68,-1.98E-06,8
-1.98E-06,-19.68,-1.98E-06,8
-1.98E-06,-19.68,-1.98E-06,8
-1.97E-06,-19.68,-1.97E-06,8
-1.97E-06,-19.68,-1.97E-06,8
-1.97E-06,-19.68,-1.97E-06,4
-1.97E-06,-19.68,-1.97E-06,8
-1.97E-06,-19.68,-1.97E-06,4
-1.97E-06,-19.76,-1.97E-06,8
-1.97E-06,-19.68,-1.97E-06,4
-1.97E-06,-19.76,-1.97E-06,8
-1.97E-06,-19.68,-1.97E-06,8
-1.97E-06,-19.76,-1.97E-06,8
-1.96E-06,-19.68,-1.96E-06,8
-1.96E-06,-19.68,-1.96E-06,8
-1.96E-06,-19.68,-1.96E-06,4
-1.96E-06,-19.68,-1.96E-06,8
-1.96E-06,-19.68,-1.96E-06,4
-1.96E-06,-19.68,-1.96E-06,4
-1.96E-06,-19.76,-1.96E-06,4
-1.96E-06,-19.76,-1.96E-06,8
-1.96E-06,-19.76,-1.96E-06,8
-1.96E-06,-19.68,-1.96E-06,8
-1.95E-06,-19.68,-1.95E-06,4
-1.95E-06,-19.68,-1.95E-06,8
-1.95E-06,-19.68,-1.95E-06,4
-1.95E-06,-19.68,-1.95E-06,8
-1.95E-06,-19.76,-1.95E-06,4
-1.95E-06,-19.68,-1.95E-06,8
-1.95E-06,-19.68,-1.95E-06,4
-1.95E-06,-19.68,-1.95E-06,8
-1.95E-06,-19.76,-1.95E-06,4
-1.95E-06,-19.68,-1.95E-06,8
-1.94E-06,-19.68,-1.94E-06,8
-1.94E-06,-19.68,-1.94E-06,8
-1.94E-06,-19.68,-1.94E-06,8
-1.94E-06,-19.68,-1.94E-06,8
-1.94E-06,-19.68,-1.94E-06,4
-1.94E-06,-19.68,-1.94E-06,8
-1.94E-06,-19.68,-1.94E-06,8
-1.94E-06,-19.68,-1.94E-06,8
-1.94E-06,-19.68,-1.94E-06,4
-1.94E-06,-19.68,-1.94E-06,8
-1.93E-06,-19.68,-1.93E-06,4
-1.93E-06,-19.68,-1.93E-06,8
-1.93E-06,-19.68,-1.93E-06,8
-1.93E-06,-19.68,-1.93E-06,8
-1.93E-06,-19.68,-1.93E-06,4
-1.93E-06,-19.68,-1.93E-06,8
-1.93E-06,-19.76,-1.93E-06,4
-1.93E-06,-19.68,-1.93E-06,8
-1.93E-06,-19.68,-1.93E-06,4
-1.93E-06,-19.68,-1.93E-06,8
-1.92E-06,-19.68,-1.92E-06,4
-1.92E-06,-19.68,-1.92E-06,8
-1.92E-06,-19.76,-1.92E-06,4
-1.92E-06,-19.68,-1.92E-06,8
-1.92E-06,-19.68,-1.92E-06,8
-1.92E-06,-19.68,-1.92E-06,8
-1.92E-06,-19.76,-1.92E-06,4
-1.92E-06,-19.68,-1.92E-06,8
-1.92E-06,-19.68,-1.92E-06,4
-1.92E-06,-19.68,-1.92E-06,8
-1.91E-06,-19.68,-1.91E-06,4
-1.91E-06,-19.68,-1.91E-06,8
-1.91E-06,-19.76,-1.91E-06,8
-1.91E-06,-19.68,-1.91E-06,8
-1.91E-06,-19.68,-1.91E-06,4
-1.91E-06,-19.68,-1.91E-06,8
-1.91E-06,-19.68,-1.91E-06,4
-1.91E-06,-19.68,-1.91E-06,8
-1.91E-06,-19.68,-1.91E-06,4
-1.91E-06,-19.68,-1.91E-06,8
-1.90E-06,-19.68,-1.90E-06,8
-1.90E-06,-19.68,-1.90E-06,8
-1.90E-06,-19.76,-1.90E-06,4
-1.90E-06,-19.68,-1.90E-06,8
-1.90E-06,-19.68,-1.90E-06,4
-1.90E-06,-19.68,-1.90E-06,8
-1.90E-06,-19.68,-1.90E-06,4
-1.90E-06,-19.68,-1.90E-06,8
-1.90E-06,-19.68,-1.90E-06,4
-1.90E-06,-19.68,-1.90E-06,8
-1.89E-06,-19.68,-1.89E-06,8
-1.89E-06,-19.68,-1.89E-06,8
-1.89E-06,-19.68,-1.89E-06,8
-1.89E-06,-19.68,-1.89E-06,8
-1.89E-06,-19.68,-1.89E-06,4
-1.89E-06,-19.68,-1.89E-06,8
-1.89E-06,-19.68,-1.89E-06,8
-1.89E-06,-19.68,-1.89E-06,8
-1.89E-06,-19.68,-1.89E-06,8
-1.89E-06,-19.68,-1.89E-06,8
-1.88E-06,-19.68,-1.88E-06,4
-1.88E-06,-19.68,-1.88E-06,8
-1.88E-06,-19.68,-1.88E-06,4
-1.88E-06,-19.68,-1.88E-06,8
-1.88E-06,-19.68,-1.88E-06,8
-1.88E-06,-19.68,-1.88E-06,8
-1.88E-06,-19.68,-1.88E-06,8
-1.88E-06,-19.68,-1.88E-06,8
-1.88E-06,-19.68,-1.88E-06,8
-1.88E-06,-19.68,-1.88E-06,8
-1.87E-06,-19.68,-1.87E-06,4
-1.87E-06,-19.68,-1.87E-06,8
-1.87E-06,-19.68,-1.87E-06,8
-1.87E-06,-19.68,-1.87E-06,8
-1.87E-06,-19.68,-1.87E-06,4
-1.87E-06,-19.68,-1.87E-06,8
-1.87E-06,-19.68,-1.87E-06,8
-1.87E-06,-19.76,-1.87E-06,8
-1.87E-06,-19.68,-1.87E-06,4
-1.87E-06,-19.68,-1.87E-06,8
-1.86E-06,-19.68,-1.86E-06,4
-1.86E-06,-19.68,-1.86E-06,8
-1.86E-06,-19.68,-1.86E-06,4
-1.86E-06,-19.68,-1.86E-06,8
-1.86E-06,-19.68,-1.86E-06,8
-1.86E-06,-19.68,-1.86E-06,8
-1.86E-06,-19.68,-1.86E-06,8
-1.86E-06,-19.68,-1.86E-06,8
-1.86E-06,-19.68,-1.86E-06,8
-1.86E-06,-19.68,-1.86E-06,8
-1.85E-06,-19.76,-1.85E-06,8
-1.85E-06,-19.68,-1.85E-06,8
-1.85E-06,-19.68,-1.85E-06,4
-1.85E-06,-19.68,-1.85E-06,8
-1.85E-06,-19.76,-1.85E-06,8
-1.85E-06,-19.68,-1.85E-06,8
-1.85E-06,-19.68,-1.85E-06,8
-1.85E-06,-19.68,-1.85E-06,8
-1.85E-06,-19.68,-1.85E-06,8
-1.85E-06,-19.68,-1.85E-06,8
-1.84E-06,-19.68,-1.84E-06,4
-1.84E-06,-19.68,-1.84E-06,8
-1.84E-06,-19.68,-1.84E-06,4
-1.84E-06,-19.68,-1.84E-06,8
-1.84E-06,-19.68,-1.84E-06,4
-1.84E-06,-19.68,-1.84E-06,8
-1.84E-06,-19.68,-1.84E-06,4
-1.84E-06,-19.68,-1.84E-06,8
-1.84E-06,-19.68,-1.84E-06,4
-1.84E-06,-19.68,-1.84E-06,8
-1.83E-06,-19.68,-1.83E-06,4
-1.83E-06,-19.76,-1.83E-06,8
-1.83E-06,-19.68,-1.83E-06,4
-1.83E-06,-19.68,-1.83E-06,8
-1.83E-06,-19.68,-1.83E-06,4
-1.83E-06,-19.68,-1.83E-06,8
-1.83E-06,-19.68,-1.83E-06,4
-1.83E-06,-19.68,-1.83E-06,8
-1.83E-06,-19.68,-1.83E-06,8
-1.83E-06,-19.68,-1.83E-06,8
-1.82E-06,-19.68,-1.82E-06,8
-1.82E-06,-19.68,-1.82E-06,8
-1.82E-06,-19.68,-1.82E-06,4
-1.82E-06,-19.68,-1.82E-06,8
-1.82E-06,-19.68,-1.82E-06,4
-1.82E-06,-19.68,-1.82E-06,8
-1.82E-06,-19.68,-1.82E-06,4
-1.82E-06,-19.68,-1.82E-06,8
-1.82E-06,-19.68,-1.82E-06,4
-1.82E-06,-19.68,-1.82E-06,8
-1.81E-06,-19.68,-1.81E-06,4
-1.81E-06,-19.68,-1.81E-06,8
-1.81E-06,-19.68,-1.81E-06,4
-1.81E-06,-19.68,-1.81E-06,4
-1.81E-06,-19.68,-1.81E-06,4
-1.81E-06,-19.68,-1.81E-06,8
-1.81E-06,-19.68,-1.81E-06,4
-1.81E-06,-19.68,-1.81E-06,8
-1.81E-06,-19.76,-1.81E-06,4
-1.81E-06,-19.68,-1.81E-06,8
-1.80E-06,-19.68,-1.80E-06,4
-1.80E-06,-19.68,-1.80E-06,8
-1.80E-06,-19.68,-1.80E-06,4
-1.80E-06,-19.68,-1.80E-06,8
-1.80E-06,-19.68,-1.80E-06,4
-1.80E-06,-19.68,-1.80E-06,8
-1.80E-06,-19.68,-1.80E-06,8
-1.80E-06,-19.68,-1.80E-06,8
-1.80E-06,-19.68,-1.80E-06,4
-1.80E-06,-19.68,-1.80E-06,8
-1.79E-06,-19.68,-1.79E-06,8
-1.79E-06,-19.68,-1.79E-06,8
-1.79E-06,-19.68,-1.79E-06,8
-1.79E-06,-19.68,-1.79E-06,4
-1.79E-06,-19.68,-1.79E-06,4
-1.79E-06,-19.68,-1.79E-06,8
-1.79E-06,-19.76,-1.79E-06,8
-1.79E-06,-19.68,-1.79E-06,8
-1.79E-06,-19.68,-1.79E-06,4
-1.79E-06,-19.68,-1.79E-06,8
-1.78E-06,-19.68,-1.78E-06,8
-1.78E-06,-19.68,-1.78E-06,8
-1.78E-06,-19.68,-1.78E-06,8
-1.78E-06,-19.68,-1.78E-06,8
-1.78E-06,-19.68,-1.78E-06,8
-1.78E-06,-19.68,-1.78E-06,8
-1.78E-06,-19.68,-1.78E-06,4
-1.78E-06,-19.68,-1.78E-06,8
-1.78E-06,-19.68,-1.78E-06,4
-1.78E-06,-19.68,-1.78E-06,8
-1.77E-06,-19.68,-1.77E-06,4
-1.77E-06,-19.68,-1.77E-06,8
-1.77E-06,-19.68,-1.77E-06,4
-1.77E-06,-19.68,-1.77E-06,8
-1.77E-06,-19.68,-1.77E-06,4
-1.77E-06,-19.68,-1.77E-06,8
-1.77E-06,-19.68,-1.77E-06,4
-1.77E-06,-19.68,-1.77E-06,8
-1.77E-06,-19.68,-1.77E-06,4
-1.77E-06,-19.68,-1.77E-06,8
-1.76E-06,-19.68,-1.76E-06,4
-1.76E-06,-19.68,-1.76E-06,8
-1.76E-06,-19.68,-1.76E-06,4
-1.76E-06,-19.68,-1.76E-06,8
-1.76E-06,-19.68,-1.76E-06,4
-1.76E-06,-19.68,-1.76E-06,8
-1.76E-06,-19.68,-1.76E-06,4
-1.76E-06,-19.68,-1.76E-06,8
-1.76E-06,-19.68,-1.76E-06,4
-1.76E-06,-19.68,-1.76E-06,8
-1.75E-06,-19.68,-1.75E-06,4
-1.75E-06,-19.68,-1.75E-06,4
-1.75E-06,-19.68,-1.75E-06,4
-1.75E-06,-19.68,-1.75E-06,8
-1.75E-06,-19.68,-1.75E-06,4
-1.75E-06,-19.68,-1.75E-06,8
-1.75E-06,-19.68,-1.75E-06,4
-1.75E-06,-19.68,-1.75E-06,8
-1.75E-06,-19.68,-1.75E-06,8
-1.75E-06,-19.68,-1.75E-06,8
-1.74E-06,-19.68,-1.74E-06,8
-1.74E-06,-19.68,-1.74E-06,8
-1.74E-06,-19.68,-1.74E-06,4
-1.74E-06,-19.68,-1.74E-06,8
-1.74E-06,-19.68,-1.74E-06,4
-1.74E-06,-19.68,-1.74E-06,8
-1.74E-06,-19.68,-1.74E-06,4
-1.74E-06,-19.76,-1.74E-06,8
-1.74E-06,-19.68,-1.74E-06,4
-1.74E-06,-19.68,-1.74E-06,8
-1.73E-06,-19.68,-1.73E-06,8
-1.73E-06,-19.68,-1.73E-06,8
-1.73E-06,-19.68,-1.73E-06,4
-1.73E-06,-19.68,-1.73E-06,8
-1.73E-06,-19.68,-1.73E-06,4
-1.73E-06,-19.68,-1.73E-06,8
-1.73E-06,-19.68,-1.73E-06,4
-1.73E-06,-19.68,-1.73E-06,8
-1.73E-06,-19.68,-1.73E-06,4
-1.73E-06,-19.76,-1.73E-06,8
-1.72E-06,-19.68,-1.72E-06,4
-1.72E-06,-19.68,-1.72E-06,8
-1.72E-06,-19.68,-1.72E-06,4
-1.72E-06,-19.68,-1.72E-06,8
-1.72E-06,-19.76,-1.72E-06,4
-1.72E-06,-19.68,-1.72E-06,8
-1.72E-06,-19.68,-1.72E-06,8
-1.72E-06,-19.68,-1.72E-06,8
-1.72E-06,-19.68,-1.72E-06,8
-1.72E-06,-19.68,-1.72E-06,4
-1.71E-06,-19.68,-1.71E-06,4
-1.71E-06,-19.68,-1.71E-06,8
-1.71E-06,-19.68,-1.71E-06,8
-1.71E-06,-19.68,-1.71E-06,8
-1.71E-06,-19.68,-1.71E-06,8
-1.71E-06,-19.68,-1.71E-06,8
-1.71E-06,-19.68,-1.71E-06,4
-1.71E-06,-19.68,-1.71E-06,8
-1.71E-06,-19.68,-1.71E-06,4
-1.71E-06,-19.68,-1.71E-06,8
-1.70E-06,-19.76,-1.70E-06,4
-1.70E-06,-19.68,-1.70E-06,4
-1.70E-06,-19.68,-1.70E-06,4
-1.70E-06,-19.68,-1.70E-06,8
-1.70E-06,-19.68,-1.70E-06,4
-1.70E-06,-19.68,-1.70E-06,8
-1.70E-06,-19.68,-1.70E-06,4
-1.70E-06,-19.68,-1.70E-06,8
-1.70E-06,-19.68,-1.70E-06,4
-1.70E-06,-19.68,-1.70E-06,8
-1.69E-06,-19.68,-1.69E-06,4
-1.69E-06,-19.68,-1.69E-06,8
-1.69E-06,-19.68,-1.69E-06,4
-1.69E-06,-19.68,-1.69E-06,8
-1.69E-06,-19.68,-1.69E-06,8
-1.69E-06,-19.68,-1.69E-06,8
-1.69E-06,-19.68,-1.69E-06,8
-1.69E-06,-19.68,-1.69E-06,8
-1.69E-06,-19.68,-1.69E-06,8
-1.69E-06,-19.68,-1.69E-06,8
-1.68E-06,-19.68,-1.68E-06,4
-1.68E-06,-19.68,-1.68E-06,8
-1.68E-06,-19.68,-1.68E-06,4
-1.68E-06,-19.68,-1.68E-06,8
-1.68E-06,-19.68,-1.68E-06,4
-1.68E-06,-19.68,-1.68E-06,8
-1.68E-06,-19.76,-1.68E-06,4
-1.68E-06,-19.68,-1.68E-06,8
-1.68E-06,-19.68,-1.68E-06,4
-1.68E-06,-19.68,-1.68E-06,8
-1.67E-06,-19.68,-1.67E-06,4
-1.67E-06,-19.68,-1.67E-06,8
-1.67E-06,-19.68,-1.67E-06,4
-1.67E-06,-19.68,-1.67E-06,8
-1.67E-06,-19.68,-1.67E-06,4
-1.67E-06,-19.68,-1.67E-06,8
-1.67E-06,-19.68,-1.67E-06,4
-1.67E-06,-19.76,-1.67E-06,8
-1.67E-06,-19.68,-1.67E-06,4
-1.67E-06,-19.68,-1.67E-06,8
-1.66E-06,-19.68,-1.66E-06,4
-1.66E-06,-19.68,-1.66E-06,8
-1.66E-06,-19.68,-1.66E-06,8
-1.66E-06,-19.68,-1.66E-06,8
-1.66E-06,-19.68,-1.66E-06,4
-1.66E-06,-19.68,-1.66E-06,8
-1.66E-06,-19.76,-1.66E-06,4
-1.66E-06,-19.76,-1.66E-06,8
-1.66E-06,-19.76,-1.66E-06,4
-1.66E-06,-19.68,-1.66E-06,8
-1.65E-06,-19.68,-1.65E-06,4
-1.65E-06,-19.68,-1.65E-06,8
-1.65E-06,-19.68,-1.65E-06,4
-1.65E-06,-19.68,-1.65E-06,4
-1.65E-06,-19.68,-1.65E-06,4
-1.65E-06,-19.68,-1.65E-06,8
-1.65E-06,-19.68,-1.65E-06,8
-1.65E-06,-19.68,-1.65E-06,8
-1.65E-06,-19.68,-1.65E-06,4
-1.65E-06,-19.68,-1.65E-06,8
-1.64E-06,-19.68,-1.64E-06,4
-1.64E-06,-19.68,-1.64E-06,8
-1.64E-06,-19.68,-1.64E-06,4
-1.64E-06,-19.68,-1.64E-06,8
-1.64E-06,-19.68,-1.64E-06,4
-1.64E-06,-19.68,-1.64E-06,8
-1.64E-06,-19.68,-1.64E-06,4
-1.64E-06,-19.68,-1.64E-06,8
-1.64E-06,-19.76,-1.64E-06,8
-1.64E-06,-19.68,-1.64E-06,8
-1.63E-06,-19.68,-1.63E-06,8
-1.63E-06,-19.68,-1.63E-06,8
-1.63E-06,-19.68,-1.63E-06,4
-1.63E-06,-19.68,-1.63E-06,8
-1.63E-06,-19.76,-1.63E-06,4
-1.63E-06,-19.68,-1.63E-06,4
-1.63E-06,-19.68,-1.63E-06,4
-1.63E-06,-19.68,-1.63E-06,8
-1.63E-06,-19.68,-1.63E-06,4
-1.63E-06,-19.68,-1.63E-06,8
-1.62E-06,-19.68,-1.62E-06,4
-1.62E-06,-19.68,-1.62E-06,8
-1.62E-06,-19.76,-1.62E-06,8
-1.62E-06,-19.68,-1.62E-06,8
-1.62E-06,-19.76,-1.62E-06,4
-1.62E-06,-19.68,-1.62E-06,8
-1.62E-06,-19.76,-1.62E-06,4
-1.62E-06,-19.68,-1.62E-06,4
-1.62E-06,-19.68,-1.62E-06,4
-1.62E-06,-19.68,-1.62E-06,8
-1.61E-06,-19.68,-1.61E-06,4
-1.61E-06,-19.68,-1.61E-06,8
-1.61E-06,-19.76,-1.61E-06,8
-1.61E-06,-19.68,-1.61E-06,8
-1.61E-06,-19.68,-1.61E-06,4
-1.61E-06,-19.68,-1.61E-06,8
-1.61E-06,-19.68,-1.61E-06,4
-1.61E-06,-19.68,-1.61E-06,4
-1.61E-06,-19.68,-1.61E-06,8
-1.61E-06,-19.68,-1.61E-06,8
-1.60E-06,-19.68,-1.60E-06,8
-1.60E-06,-19.68,-1.60E-06,8
-1.60E-06,-19.68,-1.60E-06,8
-1.60E-06,-19.68,-1.60E-06,8
-1.60E-06,-19.68,-1.60E-06,8
-1.60E-06,-19.68,-1.60E-06,8
-1.60E-06,-19.68,-1.60E-06,8
-1.60E-06,-19.68,-1.60E-06,8
-1.60E-06,-19.76,-1.60E-06,4
-1.60E-06,-19.68,-1.60E-06,8
-1.59E-06,-19.76,-1.59E-06,4
-1.59E-06,-19.68,-1.59E-06,8
-1.59E-06,-19.68,-1.59E-06,4
-1.59E-06,-19.68,-1.59E-06,8
-1.59E-06,-19.68,-1.59E-06,8
-1.59E-06,-19.68,-1.59E-06,8
-1.59E-06,-19.68,-1.59E-06,8
-1.59E-06,-19.68,-1.59E-06,8
-1.59E-06,-19.76,-1.59E-06,8
-1.59E-06,-19.68,-1.59E-06,8
-1.58E-06,-19.76,-1.58E-06,8
-1.58E-06,-19.68,-1.58E-06,8
-1.58E-06,-19.76,-1.58E-06,8
-1.58E-06,-19.68,-1.58E-06,8
-1.58E-06,-19.76,-1.58E-06,4
-1.58E-06,-19.68,-1.58E-06,8
-1.58E-06,-19.76,-1.58E-06,8
-1.58E-06,-19.68,-1.58E-06,8
-1.58E-06,-19.76,-1.58E-06,8
-1.58E-06,-19.68,-1.58E-06,8
-1.57E-06,-19.76,-1.57E-06,4
-1.57E-06,-19.68,-1.57E-06,8
-1.57E-06,-19.68,-1.57E-06,4
-1.57E-06,-19.68,-1.57E-06,8
-1.57E-06,-19.68,-1.57E-06,4
-1.57E-06,-19.68,-1.57E-06,8
-1.57E-06,-19.68,-1.57E-06,8
-1.57E-06,-19.68,-1.57E-06,8
-1.57E-06,-19.68,-1.57E-06,4
-1.57E-06,-19.68,-1.57E-06,8
-1.56E-06,-19.68,-1.56E-06,8
-1.56E-06,-19.68,-1.56E-06,8
-1.56E-06,-19.68,-1.56E-06,4
-1.56E-06,-19.68,-1.56E-06,8
-1.56E-06,-19.76,-1.56E-06,4
-1.56E-06,-19.68,-1.56E-06,8
-1.56E-06,-19.68,-1.56E-06,4
-1.56E-06,-19.68,-1.56E-06,8
-1.56E-06,-19.68,-1.56E-06,8
-1.56E-06,-19.68,-1.56E-06,8
-1.55E-06,-19.68,-1.55E-06,4
-1.55E-06,-19.68,-1.55E-06,8
-1.55E-06,-19.76,-1.55E-06,4
-1.55E-06,-19.68,-1.55E-06,8
-1.55E-06,-19.68,-1.55E-06,8
-1.55E-06,-19.68,-1.55E-06,8
-1.55E-06,-19.68,-1.55E-06,4
-1.55E-06,-19.68,-1.55E-06,8
-1.55E-06,-19.68,-1.55E-06,4
-1.55E-06,-19.68,-1.55E-06,8
-1.54E-06,-19.68,-1.54E-06,8
-1.54E-06,-19.68,-1.54E-06,8
-1.54E-06,-19.68,-1.54E-06,8
-1.54E-06,-19.68,-1.54E-06,8
-1.54E-06,-19.68,-1.54E-06,4
-1.54E-06,-19.68,-1.54E-06,8
-1.54E-06,-19.76,-1.54E-06,8
-1.54E-06,-19.68,-1.54E-06,8
-1.54E-06,-19.68,-1.54E-06,8
-1.54E-06,-19.68,-1.54E-06,8
-1.53E-06,-19.68,-1.53E-06,4
-1.53E-06,-19.68,-1.53E-06,8
-1.53E-06,-19.68,-1.53E-06,8
-1.53E-06,-19.68,-1.53E-06,8
-1.53E-06,-19.68,-1.53E-06,8
-1.53E-06,-19.68,-1.53E-06,8
-1.53E-06,-19.68,-1.53E-06,8
-1.53E-06,-19.68,-1.53E-06,8
-1.53E-06,-19.68,-1.53E-06,8
-1.53E-06,-19.68,-1.53E-06,8
-1.52E-06,-19.68,-1.52E-06,8
-1.52E-06,-19.68,-1.52E-06,8
-1.52E-06,-19.68,-1.52E-06,4
-1.52E-06,-19.68,-1.52E-06,8
-1.52E-06,-19.68,-1.52E-06,4
-1.52E-06,-19.68,-1.52E-06,8
-1.52E-06,-19.76,-1.52E-06,4
-1.52E-06,-19.68,-1.52E-06,8
-1.52E-06,-19.68,-1.52E-06,4
-1.52E-06,-19.68,-1.52E-06,8
-1.51E-06,-19.68,-1.51E-06,4
-1.51E-06,-19.68,-1.51E-06,8
-1.51E-06,-19.76,-1.51E-06,4
-1.51E-06,-19.68,-1.51E-06,8
-1.51E-06,-19.68,-1.51E-06,8
-1.51E-06,-19.68,-1.51E-06,8
-1.51E-06,-19.68,-1.51E-06,8
-1.51E-06,-19.68,-1.51E-06,8
-1.51E-06,-19.68,-1.51E-06,8
-1.51E-06,-19.68,-1.51E-06,8
-1.50E-06,-19.68,-1.50E-06,4
-1.50E-06,-19.68,-1.50E-06,8
-1.50E-06,-19.68,-1.50E-06,4
-1.50E-06,-19.68,-1.50E-06,4
-1.50E-06,-19.68,-1.50E-06,4
-1.50E-06,-19.68,-1.50E-06,8
-1.50E-06,-19.68,-1.50E-06,4
-1.50E-06,-19.68,-1.50E-06,8
-1.50E-06,-19.68,-1.50E-06,4
-1.50E-06,-19.68,-1.50E-06,8
-1.49E-06,-19.68,-1.49E-06,8
-1.49E-06,-19.68,-1.49E-06,8
-1.49E-06,-19.68,-1.49E-06,4
-1.49E-06,-19.68,-1.49E-06,8
-1.49E-06,-19.68,-1.49E-06,4
-1.49E-06,-19.68,-1.49E-06,8
-1.49E-06,-19.68,-1.49E-06,4
-1.49E-06,-19.68,-1.49E-06,4
-1.49E-06,-19.68,-1.49E-06,8
-1.49E-06,-19.68,-1.49E-06,8
-1.48E-06,-19.68,-1.48E-06,4
-1.48E-06,-19.68,-1.48E-06,8
-1.48E-06,-19.68,-1.48E-06,4
-1.48E-06,-19.68,-1.48E-06,8
-1.48E-06,-19.76,-1.48E-06,4
-1.48E-06,-19.76,-1.48E-06,8
-1.48E-06,-19.76,-1.48E-06,8
-1.48E-06,-19.68,-1.48E-06,8
-1.48E-06,-19.76,-1.48E-06,8
-1.48E-06,-19.68,-1.48E-06,8
-1.47E-06,-19.68,-1.47E-06,8
-1.47E-06,-19.68,-1.47E-06,8
-1.47E-06,-19.76,-1.47E-06,4
-1.47E-06,-19.68,-1.47E-06,8
-1.47E-06,-19.68,-1.47E-06,8
-1.47E-06,-19.68,-1.47E-06,8
-1.47E-06,-19.68,-1.47E-06,4
-1.47E-06,-19.68,-1.47E-06,8
-1.47E-06,-19.68,-1.47E-06,8
-1.47E-06,-19.68,-1.47E-06,8
-1.46E-06,-19.76,-1.46E-06,8
-1.46E-06,-19.68,-1.46E-06,8
-1.46E-06,-19.76,-1.46E-06,8
-1.46E-06,-19.68,-1.46E-06,8
-1.46E-06,-19.76,-1.46E-06,8
-1.46E-06,-19.68,-1.46E-06,8
-1.46E-06,-19.68,-1.46E-06,8
-1.46E-06,-19.68,-1.46E-06,8
-1.46E-06,-19.68,-1.46E-06,8
-1.46E-06,-19.68,-1.46E-06,8
-1.45E-06,-19.68,-1.45E-06,4
-1.45E-06,-19.68,-1.45E-06,8
-1.45E-06,-19.68,-1.45E-06,4
-1.45E-06,-19.68,-1.45E-06,8
-1.45E-06,-19.68,-1.45E-06,4
-1.45E-06,-19.68,-1.45E-06,8
-1.45E-06,-19.76,-1.45E-06,4
-1.45E-06,-19.76,-1.45E-06,8
-1.45E-06,-19.68,-1.45E-06,8
-1.45E-06,-19.68,-1.45E-06,8
-1.44E-06,-19.68,-1.44E-06,4
-1.44E-06,-19.68,-1.44E-06,8
-1.44E-06,-19.76,-1.44E-06,4
-1.44E-06,-19.68,-1.44E-06,8
-1.44E-06,-19.68,-1.44E-06,4
-1.44E-06,-19.68,-1.44E-06,8
-1.44E-06,-19.68,-1.44E-06,8
-1.44E-06,-19.68,-1.44E-06,8
-1.44E-06,-19.68,-1.44E-06,8
-1.44E-06,-19.68,-1.44E-06,8
-1.43E-06,-19.68,-1.43E-06,8
-1.43E-06,-19.68,-1.43E-06,8
-1.43E-06,-19.68,-1.43E-06,4
-1.43E-06,-19.68,-1.43E-06,8
-1.43E-06,-19.68,-1.43E-06,4
-1.43E-06,-19.68,-1.43E-06,8
-1.43E-06,-19.68,-1.43E-06,4
-1.43E-06,-19.68,-1.43E-06,8
-1.43E-06,-19.68,-1.43E-06,4
-1.43E-06,-19.68,-1.43E-06,8
-1.42E-06,-19.68,-1.42E-06,4
-1.42E-06,-19.68,-1.42E-06,8
-1.42E-06,-19.68,-1.42E-06,4
-1.42E-06,-19.68,-1.42E-06,8
-1.42E-06,-19.68,-1.42E-06,4
-1.42E-06,-19.68,-1.42E-06,8
-1.42E-06,-19.68,-1.42E-06,4
-1.42E-06,-19.68,-1.42E-06,8
-1.42E-06,-19.68,-1.42E-06,4
-1.42E-06,-19.68,-1.42E-06,4
-1.41E-06,-19.76,-1.41E-06,4
-1.41E-06,-19.68,-1.41E-06,8
-1.41E-06,-19.76,-1.41E-06,8
-1.41E-06,-19.68,-1.41E-06,8
-1.41E-06,-19.68,-1.41E-06,4
-1.41E-06,-19.68,-1.41E-06,8
-1.41E-06,-19.68,-1.41E-06,4
-1.41E-06,-19.68,-1.41E-06,8
-1.41E-06,-19.68,-1.41E-06,8
-1.41E-06,-19.68,-1.41E-06,8
-1.40E-06,-19.76,-1.40E-06,4
-1.40E-06,-19.68,-1.40E-06,8
-1.40E-06,-19.68,-1.40E-06,4
-1.40E-06,-19.68,-1.40E-06,8
-1.40E-06,-19.68,-1.40E-06,4
-1.40E-06,-19.68,-1.40E-06,8
-1.40E-06,-19.68,-1.40E-06,4
-1.40E-06,-19.68,-1.40E-06,8
-1.40E-06,-19.68,-1.40E-06,4
-1.40E-06,-19.68,-1.40E-06,8
-1.39E-06,-19.68,-1.39E-06,4
-1.39E-06,-19.68,-1.39E-06,8
-1.39E-06,-19.76,-1.39E-06,8
-1.39E-06,-19.68,-1.39E-06,8
-1.39E-06,-19.68,-1.39E-06,4
-1.39E-06,-19.68,-1.39E-06,8
-1.39E-06,-19.76,-1.39E-06,4
-1.39E-06,-19.68,-1.39E-06,8
-1.39E-06,-19.68,-1.39E-06,4
-1.39E-06,-19.68,-1.39E-06,4
-1.38E-06,-19.68,-1.38E-06,4
-1.38E-06,-19.68,-1.38E-06,8
-1.38E-06,-19.68,-1.38E-06,4
-1.38E-06,-19.68,-1.38E-06,8
-1.38E-06,-19.68,-1.38E-06,4
-1.38E-06,-19.68,-1.38E-06,8
-1.38E-06,-19.68,-1.38E-06,4
-1.38E-06,-19.68,-1.38E-06,8
-1.38E-06,-19.68,-1.38E-06,4
-1.38E-06,-19.68,-1.38E-06,8
-1.37E-06,-19.68,-1.37E-06,4
-1.37E-06,-19.76,-1.37E-06,8
-1.37E-06,-19.68,-1.37E-06,4
-1.37E-06,-19.68,-1.37E-06,8
-1.37E-06,-19.68,-1.37E-06,8
-1.37E-06,-19.68,-1.37E-06,8
-1.37E-06,-19.68,-1.37E-06,8
-1.37E-06,-19.68,-1.37E-06,8
-1.37E-06,-19.68,-1.37E-06,8
-1.37E-06,-19.68,-1.37E-06,8
-1.36E-06,-19.68,-1.36E-06,4
-1.36E-06,-19.68,-1.36E-06,8
-1.36E-06,-19.68,-1.36E-06,4
-1.36E-06,-19.68,-1.36E-06,8
-1.36E-06,-19.68,-1.36E-06,4
-1.36E-06,-19.68,-1.36E-06,8
-1.36E-06,-19.68,-1.36E-06,4
-1.36E-06,-19.68,-1.36E-06,8
-1.36E-06,-19.76,-1.36E-06,8
-1.36E-06,-19.68,-1.36E-06,8
-1.35E-06,-19.76,-1.35E-06,4
-1.35E-06,-19.68,-1.35E-06,8
-1.35E-06,-19.68,-1.35E-06,4
-1.35E-06,-19.68,-1.35E-06,8
-1.35E-06,-19.68,-1.35E-06,4
-1.35E-06,-19.68,-1.35E-06,8
-1.35E-06,-19.76,-1.35E-06,8
-1.35E-06,-19.68,-1.35E-06,8
-1.35E-06,-19.68,-1.35E-06,4
-1.35E-06,-19.68,-1.35E-06,8
-1.34E-06,-19.68,-1.34E-06,8
-1.34E-06,-19.68,-1.34E-06,8
-1.34E-06,-19.68,-1.34E-06,4
-1.34E-06,-19.68,-1.34E-06,8
-1.34E-06,-19.68,-1.34E-06,4
-1.34E-06,-19.68,-1.34E-06,8
-1.34E-06,-19.68,-1.34E-06,4
-1.34E-06,-19.68,-1.34E-06,8
-1.34E-06,-19.68,-1.34E-06,4
-1.34E-06,-19.68,-1.34E-06,8
-1.33E-06,-19.68,-1.33E-06,4
-1.33E-06,-19.68,-1.33E-06,8
-1.33E-06,-19.68,-1.33E-06,8
-1.33E-06,-19.68,-1.33E-06,8
-1.33E-06,-19.68,-1.33E-06,4
-1.33E-06,-19.68,-1.33E-06,8
-1.33E-06,-19.68,-1.33E-06,4
-1.33E-06,-19.68,-1.33E-06,8
-1.33E-06,-19.68,-1.33E-06,4
-1.33E-06,-19.68,-1.33E-06,8
-1.32E-06,-19.76,-1.32E-06,8
-1.32E-06,-19.68,-1.32E-06,8
-1.32E-06,-19.76,-1.32E-06,4
-1.32E-06,-19.68,-1.32E-06,8
-1.32E-06,-19.76,-1.32E-06,4
-1.32E-06,-19.68,-1.32E-06,8
-1.32E-06,-19.68,-1.32E-06,4
-1.32E-06,-19.68,-1.32E-06,8
-1.32E-06,-19.76,-1.32E-06,4
-1.32E-06,-19.76,-1.32E-06,8
-1.31E-06,-19.68,-1.31E-06,8
-1.31E-06,-19.68,-1.31E-06,8
-1.31E-06,-19.68,-1.31E-06,8
-1.31E-06,-19.68,-1.31E-06,8
-1.31E-06,-19.68,-1.31E-06,8
-1.31E-06,-19.68,-1.31E-06,8
-1.31E-06,-19.76,-1.31E-06,8
-1.31E-06,-19.68,-1.31E-06,8
-1.31E-06,-19.76,-1.31E-06,8
-1.31E-06,-19.68,-1.31E-06,8
-1.30E-06,-19.76,-1.30E-06,4
-1.30E-06,-19.68,-1.30E-06,8
-1.30E-06,-19.68,-1.30E-06,4
-1.30E-06,-19.68,-1.30E-06,8
-1.30E-06,-19.68,-1.30E-06,4
-1.30E-06,-19.68,-1.30E-06,4
-1.30E-06,-19.68,-1.30E-06,4
-1.30E-06,-19.68,-1.30E-06,8
-1.30E-06,-19.68,-1.30E-06,4
-1.30E-06,-19.68,-1.30E-06,8
-1.29E-06,-19.68,-1.29E-06,4
-1.29E-06,-19.68,-1.29E-06,8
-1.29E-06,-19.68,-1.29E-06,4
-1.29E-06,-19.68,-1.29E-06,8
-1.29E-06,-19.68,-1.29E-06,4
-1.29E-06,-19.68,-1.29E-06,8
-1.29E-06,-19.68,-1.29E-06,4
-1.29E-06,-19.68,-1.29E-06,8
-1.29E-06,-19.68,-1.29E-06,4
-1.29E-06,-19.68,-1.29E-06,8
-1.28E-06,-19.68,-1.28E-06,4
-1.28E-06,-19.68,-1.28E-06,8
-1.28E-06,-19.68,-1.28E-06,4
-1.28E-06,-19.68,-1.28E-06,8
-1.28E-06,-19.68,-1.28E-06,4
-1.28E-06,-19.68,-1.28E-06,8
-1.28E-06,-19.76,-1.28E-06,8
-1.28E-06,-19.68,-1.28E-06,8
-1.28E-06,-19.76,-1.28E-06,4
-1.28E-06,-19.68,-1.28E-06,8
-1.27E-06,-19.76,-1.27E-06,4
-1.27E-06,-19.68,-1.27E-06,8
-1.27E-06,-19.68,-1.27E-06,4
-1.27E-06,-19.68,-1.27E-06,4
-1.27E-06,-19.76,-1.27E-06,4
-1.27E-06,-19.68,-1.27E-06,8
-1.27E-06,-19.68,-1.27E-06,8
-1.27E-06,-19.68,-1.27E-06,8
-1.27E-06,-19.68,-1.27E-06,4
-1.27E-06,-19.68,-1.27E-06,8
-1.26E-06,-19.68,-1.26E-06,4
-1.26E-06,-19.68,-1.26E-06,8
-1.26E-06,-19.68,-1.26E-06,4
-1.26E-06,-19.68,-1.26E-06,8
-1.26E-06,-19.68,-1.26E-06,4
-1.26E-06,-19.68,-1.26E-06,4
-1.26E-06,-19.68,-1.26E-06,4
-1.26E-06,-19.68,-1.26E-06,8
-1.26E-06,-19.68,-1.26E-06,4
-1.26E-06,-19.68,-1.26E-06,8
-1.25E-06,-19.68,-1.25E-06,4
-1.25E-06,-19.68,-1.25E-06,8
-1.25E-06,-19.76,-1.25E-06,4
-1.25E-06,-19.68,-1.25E-06,8
-1.25E-06,-19.76,-1.25E-06,8
-1.25E-06,-19.68,-1.25E-06,8
-1.25E-06,-19.68,-1.25E-06,4
-1.25E-06,-19.76,-1.25E-06,8
-1.25E-06,-19.68,-1.25E-06,4
-1.25E-06,-19.68,-1.25E-06,8
-1.24E-06,-19.68,-1.24E-06,8
-1.24E-06,-19.68,-1.24E-06,4
-1.24E-06,-19.68,-1.24E-06,8
-1.24E-06,-19.68,-1.24E-06,8
-1.24E-06,-19.68,-1.24E-06,4
-1.24E-06,-19.68,-1.24E-06,8
-1.24E-06,-19.68,-1.24E-06,4
-1.24E-06,-19.68,-1.24E-06,8
-1.24E-06,-19.68,-1.24E-06,8
-1.24E-06,-19.68,-1.24E-06,8
-1.23E-06,-19.68,-1.23E-06,4
-1.23E-06,-19.68,-1.23E-06,8
-1.23E-06,-19.68,-1.23E-06,8
-1.23E-06,-19.68,-1.23E-06,8
-1.23E-06,-19.68,-1.23E-06,8
-1.23E-06,-19.68,-1.23E-06,8
-1.23E-06,-19.68,-1.23E-06,8
-1.23E-06,-19.68,-1.23E-06,8
-1.23E-06,-19.68,-1.23E-06,8
-1.23E-06,-19.68,-1.23E-06,8
-1.22E-06,-19.68,-1.22E-06,8
-1.22E-06,-19.68,-1.22E-06,8
-1.22E-06,-19.68,-1.22E-06,8
-1.22E-06,-19.68,-1.22E-06,8
-1.22E-06,-19.68,-1.22E-06,4
-1.22E-06,-19.68,-1.22E-06,8
-1.22E-06,-19.68,-1.22E-06,4
-1.22E-06,-19.68,-1.22E-06,8
-1.22E-06,-19.68,-1.22E-06,4
-1.22E-06,-19.68,-1.22E-06,8
-1.21E-06,-19.68,-1.21E-06,4
-1.21E-06,-19.68,-1.21E-06,8
-1.21E-06,-19.68,-1.21E-06,4
-1.21E-06,-19.68,-1.21E-06,8
-1.21E-06,-19.68,-1.21E-06,4
-1.21E-06,-19.68,-1.21E-06,8
-1.21E-06,-19.68,-1.21E-06,4
-1.21E-06,-19.68,-1.21E-06,8
-1.21E-06,-19.68,-1.21E-06,8
-1.21E-06,-19.68,-1.21E-06,8
-1.20E-06,-19.68,-1.20E-06,4
-1.20E-06,-19.68,-1.20E-06,8
-1.20E-06,-19.68,-1.20E-06,4
-1.20E-06,-19.68,-1.20E-06,8
-1.20E-06,-19.68,-1.20E-06,4
-1.20E-06,-19.68,-1.20E-06,8
-1.20E-06,-19.76,-1.20E-06,4
-1.20E-06,-19.68,-1.20E-06,8
-1.20E-06,-19.68,-1.20E-06,8
-1.20E-06,-19.68,-1.20E-06,8
-1.19E-06,-19.68,-1.19E-06,4
-1.19E-06,-19.68,-1.19E-06,8
-1.19E-06,-19.68,-1.19E-06,8
-1.19E-06,-19.68,-1.19E-06,8
-1.19E-06,-19.68,-1.19E-06,8
-1.19E-06,-19.68,-1.19E-06,8
-1.19E-06,-19.76,-1.19E-06,8
-1.19E-06,-19.68,-1.19E-06,8
-1.19E-06,-19.68,-1.19E-06,4
-1.19E-06,-19.68,-1.19E-06,8
-1.18E-06,-19.68,-1.18E-06,4
-1.18E-06,-19.68,-1.18E-06,8
-1.18E-06,-19.68,-1.18E-06,4
-1.18E-06,-19.68,-1.18E-06,8
-1.18E-06,-19.68,-1.18E-06,4
-1.18E-06,-19.68,-1.18E-06,8
-1.18E-06,-19.68,-1.18E-06,4
-1.18E-06,-19.76,-1.18E-06,8
-1.18E-06,-19.68,-1.18E-06,4
-1.18E-06,-19.76,-1.18E-06,8
-1.17E-06,-19.68,-1.17E-06,4
-1.17E-06,-19.76,-1.17E-06,8
-1.17E-06,-19.68,-1.17E-06,4
-1.17E-06,-19.68,-1.17E-06,8
-1.17E-06,-19.68,-1.17E-06,4
-1.17E-06,-19.68,-1.17E-06,8
-1.17E-06,-19.68,-1.17E-06,4
-1.17E-06,-19.68,-1.17E-06,8
-1.17E-06,-19.68,-1.17E-06,4
-1.17E-06,-19.68,-1.17E-06,8
-1.16E-06,-19.76,-1.16E-06,4
-1.16E-06,-19.68,-1.16E-06,8
-1.16E-06,-19.68,-1.16E-06,8
-1.16E-06,-19.68,-1.16E-06,8
-1.16E-06,-19.68,-1.16E-06,8
-1.16E-06,-19.68,-1.16E-06,8
-1.16E-06,-19.68,-1.16E-06,8
-1.16E-06,-19.68,-1.16E-06,8
-1.16E-06,-19.68,-1.16E-06,8
-1.16E-06,-19.68,-1.16E-06,8
-1.15E-06,-19.68,-1.15E-06,4
-1.15E-06,-19.68,-1.15E-06,8
-1.15E-06,-19.68,-1.15E-06,4
-1.15E-06,-19.68,-1.15E-06,8
-1.15E-06,-19.68,-1.15E-06,4
-1.15E-06,-19.68,-1.15E-06,8
-1.15E-06,-19.68,-1.15E-06,4
-1.15E-06,-19.68,-1.15E-06,8
-1.15E-06,-19.68,-1.15E-06,4
-1.15E-06,-19.68,-1.15E-06,8
-1.14E-06,-19.68,-1.14E-06,8
-1.14E-06,-19.68,-1.14E-06,8
-1.14E-06,-19.68,-1.14E-06,8
-1.14E-06,-19.68,-1.14E-06,8
-1.14E-06,-19.76,-1.14E-06,8
-1.14E-06,-19.68,-1.14E-06,8
-1.14E-06,-19.76,-1.14E-06,4
-1.14E-06,-19.68,-1.14E-06,4
-1.14E-06,-19.68,-1.14E-06,4
-1.14E-06,-19.68,-1.14E-06,8
-1.13E-06,-19.68,-1.13E-06,4
-1.13E-06,-19.68,-1.13E-06,8
-1.13E-06,-19.68,-1.13E-06,4
-1.13E-06,-19.68,-1.13E-06,8
-1.13E-06,-19.68,-1.13E-06,4
-1.13E-06,-19.68,-1.13E-06,8
-1.13E-06,-19.76,-1.13E-06,4
-1.13E-06,-19.68,-1.13E-06,8
-1.13E-06,-19.68,-1.13E-06,4
-1.13E-06,-19.68,-1.13E-06,8
-1.12E-06,-19.68,-1.12E-06,8
-1.12E-06,-19.68,-1.12E-06,8
-1.12E-06,-19.68,-1.12E-06,8
-1.12E-06,-19.68,-1.12E-06,8
-1.12E-06,-19.68,-1.12E-06,8
-1.12E-06,-19.68,-1.12E-06,4
-1.12E-06,-19.68,-1.12E-06,4
-1.12E-06,-19.68,-1.12E-06,8
-1.12E-06,-19.68,-1.12E-06,4
-1.12E-06,-19.68,-1.12E-06,8
-1.11E-06,-19.68,-1.11E-06,4
-1.11E-06,-19.68,-1.11E-06,8
-1.11E-06,-19.68,-1.11E-06,4
-1.11E-06,-19.68,-1.11E-06,8
-1.11E-06,-19.76,-1.11E-06,4
-1.11E-06,-19.68,-1.11E-06,8
-1.11E-06,-19.76,-1.11E-06,4
-1.11E-06,-19.68,-1.11E-06,4
-1.11E-06,-19.76,-1.11E-06,4
-1.11E-06,-19.68,-1.11E-06,8
-1.10E-06,-19.68,-1.10E-06,4
-1.10E-06,-19.68,-1.10E-06,8
-1.10E-06,-19.68,-1.10E-06,4
-1.10E-06,-19.68,-1.10E-06,8
-1.10E-06,-19.76,-1.10E-06,4
-1.10E-06,-19.68,-1.10E-06,8
-1.10E-06,-19.76,-1.10E-06,4
-1.10E-06,-19.68,-1.10E-06,8
-1.10E-06,-19.68,-1.10E-06,4
-1.10E-06,-19.68,-1.10E-06,8
-1.09E-06,-19.76,-1.09E-06,4
-1.09E-06,-19.68,-1.09E-06,8
-1.09E-06,-19.68,-1.09E-06,4
-1.09E-06,-19.68,-1.09E-06,8
-1.09E-06,-19.68,-1.09E-06,4
-1.09E-06,-19.68,-1.09E-06,8
-1.09E-06,-19.76,-1.09E-06,4
-1.09E-06,-19.68,-1.09E-06,8
-1.09E-06,-19.68,-1.09E-06,4
-1.09E-06,-19.68,-1.09E-06,8
-1.08E-06,-19.68,-1.08E-06,4
-1.08E-06,-19.68,-1.08E-06,8
-1.08E-06,-19.76,-1.08E-06,8
-1.08E-06,-19.68,-1.08E-06,8
-1.08E-06,-19.68,-1.08E-06,4
-1.08E-06,-19.68,-1.08E-06,8
-1.08E-06,-19.68,-1.08E-06,4
-1.08E-06,-19.68,-1.08E-06,8
-1.08E-06,-19.76,-1.08E-06,4
-1.08E-06,-19.68,-1.08E-06,8
-1.07E-06,-19.68,-1.07E-06,8
-1.07E-06,-19.68,-1.07E-06,4
-1.07E-06,-19.68,-1.07E-06,8
-1.07E-06,-19.68,-1.07E-06,8
-1.07E-06,-19.76,-1.07E-06,4
-1.07E-06,-19.68,-1.07E-06,8
-1.07E-06,-19.76,-1.07E-06,8
-1.07E-06,-19.68,-1.07E-06,8
-1.07E-06,-19.68,-1.07E-06,4
-1.07E-06,-19.68,-1.07E-06,8
-1.06E-06,-19.68,-1.06E-06,4
-1.06E-06,-19.68,-1.06E-06,8
-1.06E-06,-19.68,-1.06E-06,4
-1.06E-06,-19.68,-1.06E-06,8
-1.06E-06,-19.68,-1.06E-06,4
-1.06E-06,-19.68,-1.06E-06,8
-1.06E-06,-19.68,-1.06E-06,4
-1.06E-06,-19.68,-1.06E-06,8
-1.06E-06,-19.68,-1.06E-06,4
-1.06E-06,-19.68,-1.06E-06,4
-1.05E-06,-19.68,-1.05E-06,4
-1.05E-06,-19.68,-1.05E-06,8
-1.05E-06,-19.68,-1.05E-06,4
-1.05E-06,-19.68,-1.05E-06,8
-1.05E-06,-19.76,-1.05E-06,4
-1.05E-06,-19.68,-1.05E-06,8
-1.05E-06,-19.76,-1.05E-06,4
-1.05E-06,-19.68,-1.05E-06,8
-1.05E-06,-19.76,-1.05E-06,4
-1.05E-06,-19.68,-1.05E-06,8
-1.04E-06,-19.76,-1.04E-06,8
-1.04E-06,-19.68,-1.04E-06,8
-1.04E-06,-19.68,-1.04E-06,4
-1.04E-06,-19.68,-1.04E-06,8
-1.04E-06,-19.68,-1.04E-06,4
-1.04E-06,-19.68,-1.04E-06,8
-1.04E-06,-19.68,-1.04E-06,8
-1.04E-06,-19.68,-1.04E-06,8
-1.04E-06,-19.68,-1.04E-06,8
-1.04E-06,-19.68,-1.04E-06,8
-1.03E-06,-19.68,-1.03E-06,8
-1.03E-06,-19.68,-1.03E-06,8
-1.03E-06,-19.76,-1.03E-06,4
-1.03E-06,-19.68,-1.03E-06,8
-1.03E-06,-19.68,-1.03E-06,8
-1.03E-06,-19.68,-1.03E-06,8
-1.03E-06,-19.68,-1.03E-06,4
-1.03E-06,-19.68,-1.03E-06,8
-1.03E-06,-19.76,-1.03E-06,4
-1.03E-06,-19.68,-1.03E-06,8
-1.02E-06,-19.68,-1.02E-06,4
-1.02E-06,-19.68,-1.02E-06,8
-1.02E-06,-19.76,-1.02E-06,4
-1.02E-06,-19.68,-1.02E-06,8
-1.02E-06,-19.68,-1.02E-06,8
-1.02E-06,-19.68,-1.02E-06,4
-1.02E-06,-19.68,-1.02E-06,8
-1.02E-06,-19.68,-1.02E-06,8
-1.02E-06,-19.68,-1.02E-06,4
-1.02E-06,-19.68,-1.02E-06,8
-1.01E-06,-19.68,-1.01E-06,8
-1.01E-06,-19.68,-1.01E-06,8
-1.01E-06,-19.68,-1.01E-06,4
-1.01E-06,-19.76,-1.01E-06,8
-1.01E-06,-19.68,-1.01E-06,4
-1.01E-06,-19.76,-1.01E-06,8
-1.01E-06,-19.68,-1.01E-06,4
-1.01E-06,-19.68,-1.01E-06,8
-1.01E-06,-19.68,-1.01E-06,8
-1.01E-06,-19.68,-1.01E-06,8
-1.00E-06,-19.68,-1.00E-06,4
-1.00E-06,-19.68,-1.00E-06,8
-1.00E-06,-19.68,-1.00E-06,8
-1.00E-06,-19.76,-1.00E-06,8
-1.00E-06,-19.68,-1.00E-06,8
-9.99E-07,-19.68,-9.99E-07,8
-9.98E-07,-19.68,-9.98E-07,4
-9.97E-07,-19.68,-9.97E-07,8
-9.96E-07,-19.68,-9.96E-07,4
-9.95E-07,-19.68,-9.95E-07,8
-9.94E-07,-19.68,-9.94E-07,4
-9.93E-07,-19.68,-9.93E-07,8
-9.92E-07,-19.76,-9.92E-07,8
-9.91E-07,-19.68,-9.91E-07,8
-9.90E-07,-19.76,-9.90E-07,4
-9.89E-07,-19.68,-9.89E-07,8
-9.88E-07,-19.68,-9.88E-07,4
-9.87E-07,-19.68,-9.87E-07,8
-9.86E-07,-19.76,-9.86E-07,4
-9.85E-07,-19.68,-9.85E-07,8
-9.84E-07,-19.68,-9.84E-07,4
-9.83E-07,-19.68,-9.83E-07,8
-9.82E-07,-19.68,-9.82E-07,4
-9.81E-07,-19.68,-9.81E-07,8
-9.80E-07,-19.68,-9.80E-07,8
-9.79E-07,-19.68,-9.79E-07,8
-9.78E-07,-19.68,-9.78E-07,8
-9.77E-07,-19.68,-9.77E-07,8
-9.76E-07,-19.68,-9.76E-07,8
-9.75E-07,-19.68,-9.75E-07,8
-9.74E-07,-19.68,-9.74E-07,8
-9.73E-07,-19.68,-9.73E-07,8
-9.72E-07,-19.68,-9.72E-07,8
-9.71E-07,-19.68,-9.71E-07,8
-9.70E-07,-19.68,-9.70E-07,4
-9.69E-07,-19.68,-9.69E-07,8
-9.68E-07,-19.68,-9.68E-07,8
-9.67E-07,-19.68,-9.67E-07,8
-9.66E-07,-19.68,-9.66E-07,4
-9.65E-07,-19.68,-9.65E-07,8
-9.64E-07,-19.68,-9.64E-07,8
-9.63E-07,-19.68,-9.63E-07,8
-9.62E-07,-19.68,-9.62E-07,8
-9.61E-07,-19.68,-9.61E-07,8
-9.60E-07,-19.68,-9.60E-07,4
-9.59E-07,-19.68,-9.59E-07,8
-9.58E-07,-19.68,-9.58E-07,4
-9.57E-07,-19.68,-9.57E-07,4
-9.56E-07,-19.68,-9.56E-07,8
-9.55E-07,-19.68,-9.55E-07,8
-9.54E-07,-19.68,-9.54E-07,4
-9.53E-07,-19.68,-9.53E-07,8
-9.52E-07,-19.68,-9.52E-07,4
-9.51E-07,-19.68,-9.51E-07,8
-9.50E-07,-19.68,-9.50E-07,4
-9.49E-07,-19.68,-9.49E-07,8
-9.48E-07,-19.68,-9.48E-07,4
-9.47E-07,-19.68,-9.47E-07,8
-9.46E-07,-19.68,-9.46E-07,8
-9.45E-07,-19.68,-9.45E-07,4
-9.44E-07,-19.76,-9.44E-07,4
-9.43E-07,-19.68,-9.43E-07,8
-9.42E-07,-19.68,-9.42E-07,4
-9.41E-07,-19.68,-9.41E-07,8
-9.40E-07,-19.68,-9.40E-07,4
-9.39E-07,-19.68,-9.39E-07,8
-9.38E-07,-19.68,-9.38E-07,8
-9.37E-07,-19.68,-9.37E-07,8
-9.36E-07,-19.68,-9.36E-07,4
-9.35E-07,-19.68,-9.35E-07,8
-9.34E-07,-19.68,-9.34E-07,4
-9.33E-07,-19.68,-9.33E-07,8
-9.32E-07,-19.68,-9.32E-07,4
-9.31E-07,-19.68,-9.31E-07,8
-9.30E-07,-19.68,-9.30E-07,4
-9.29E-07,-19.68,-9.29E-07,8
-9.28E-07,-19.68,-9.28E-07,4
-9.27E-07,-19.68,-9.27E-07,8
-9.26E-07,-19.68,-9.26E-07,4
-9.25E-07,-19.68,-9.25E-07,8
-9.24E-07,-19.68,-9.24E-07,4
-9.23E-07,-19.68,-9.23E-07,8
-9.22E-07,-19.68,-9.22E-07,4
-9.21E-07,-19.68,-9.21E-07,8
-9.20E-07,-19.68,-9.20E-07,4
-9.19E-07,-19.68,-9.19E-07,8
-9.18E-07,-19.68,-9.18E-07,8
-9.17E-07,-19.68,-9.17E-07,8
-9.16E-07,-19.68,-9.16E-07,8
-9.15E-07,-19.68,-9.15E-07,8
-9.14E-07,-19.68,-9.14E-07,4
-9.13E-07,-19.68,-9.13E-07,8
-9.12E-07,-19.68,-9.12E-07,8
-9.11E-07,-19.68,-9.11E-07,4
-9.10E-07,-19.68,-9.10E-07,4
-9.09E-07,-19.68,-9.09E-07,8
-9.08E-07,-19.68,-9.08E-07,4
-9.07E-07,-19.68,-9.07E-07,8
-9.06E-07,-19.68,-9.06E-07,8
-9.05E-07,-19.68,-9.05E-07,8
-9.04E-07,-19.68,-9.04E-07,8
-9.03E-07,-19.68,-9.03E-07,8
-9.02E-07,-19.68,-9.02E-07,4
-9.01E-07,-19.68,-9.01E-07,8
-9.00E-07,-19.68,-9.00E-07,4
-8.99E-07,-19.68,-8.99E-07,8
-8.98E-07,-19.68,-8.98E-07,4
-8.97E-07,-19.68,-8.97E-07,8
-8.96E-07,-19.76,-8.96E-07,4
-8.95E-07,-19.68,-8.95E-07,8
-8.94E-07,-19.68,-8.94E-07,4
-8.93E-07,-19.68,-8.93E-07,8
-8.92E-07,-19.68,-8.92E-07,4
-8.91E-07,-19.68,-8.91E-07,8
-8.90E-07,-19.68,-8.90E-07,4
-8.89E-07,-19.68,-8.89E-07,8
-8.88E-07,-19.68,-8.88E-07,8
-8.87E-07,-19.68,-8.87E-07,8
-8.86E-07,-19.76,-8.86E-07,8
-8.85E-07,-19.68,-8.85E-07,8
-8.84E-07,-19.76,-8.84E-07,4
-8.83E-07,-19.68,-8.83E-07,8
-8.82E-07,-19.68,-8.82E-07,4
-8.81E-07,-19.68,-8.81E-07,8
-8.80E-07,-19.68,-8.80E-07,4
-8.79E-07,-19.68,-8.79E-07,8
-8.78E-07,-19.76,-8.78E-07,4
-8.77E-07,-19.76,-8.77E-07,8
-8.76E-07,-19.68,-8.76E-07,4
-8.75E-07,-19.68,-8.75E-07,8
-8.74E-07,-19.68,-8.74E-07,4
-8.73E-07,-19.68,-8.73E-07,8
-8.72E-07,-19.76,-8.72E-07,4
-8.71E-07,-19.68,-8.71E-07,8
-8.70E-07,-19.68,-8.70E-07,4
-8.69E-07,-19.68,-8.69E-07,8
-8.68E-07,-19.68,-8.68E-07,8
-8.67E-07,-19.68,-8.67E-07,8
-8.66E-07,-19.68,-8.66E-07,4
-8.65E-07,-19.68,-8.65E-07,8
-8.64E-07,-19.68,-8.64E-07,4
-8.63E-07,-19.68,-8.63E-07,8
-8.62E-07,-19.76,-8.62E-07,8
-8.61E-07,-19.68,-8.61E-07,8
-8.60E-07,-19.76,-8.60E-07,8
-8.59E-07,-19.68,-8.59E-07,8
-8.58E-07,-19.76,-8.58E-07,4
-8.57E-07,-19.68,-8.57E-07,8
-8.56E-07,-19.76,-8.56E-07,4
-8.55E-07,-19.68,-8.55E-07,8
-8.54E-07,-19.68,-8.54E-07,4
-8.53E-07,-19.68,-8.53E-07,8
-8.52E-07,-19.68,-8.52E-07,4
-8.51E-07,-19.68,-8.51E-07,8
-8.50E-07,-19.68,-8.50E-07,4
-8.49E-07,-19.68,-8.49E-07,8
-8.48E-07,-19.68,-8.48E-07,4
-8.47E-07,-19.68,-8.47E-07,8
-8.46E-07,-19.68,-8.46E-07,4
-8.45E-07,-19.68,-8.45E-07,8
-8.44E-07,-19.68,-8.44E-07,4
-8.43E-07,-19.68,-8.43E-07,8
-8.42E-07,-19.76,-8.42E-07,4
-8.41E-07,-19.68,-8.41E-07,8
-8.40E-07,-19.68,-8.40E-07,4
-8.39E-07,-19.68,-8.39E-07,8
-8.38E-07,-19.68,-8.38E-07,4
-8.37E-07,-19.68,-8.37E-07,8
-8.36E-07,-19.76,-8.36E-07,4
-8.35E-07,-19.68,-8.35E-07,8
-8.34E-07,-19.68,-8.34E-07,4
-8.33E-07,-19.68,-8.33E-07,8
-8.32E-07,-19.68,-8.32E-07,4
-8.31E-07,-19.68,-8.31E-07,8
-8.30E-07,-19.68,-8.30E-07,4
-8.29E-07,-19.68,-8.29E-07,8
-8.28E-07,-19.76,-8.28E-07,4
-8.27E-07,-19.68,-8.27E-07,8
-8.26E-07,-19.76,-8.26E-07,8
-8.25E-07,-19.68,-8.25E-07,8
-8.24E-07,-19.68,-8.24E-07,8
-8.23E-07,-19.68,-8.23E-07,8
-8.22E-07,-19.68,-8.22E-07,8
-8.21E-07,-19.68,-8.21E-07,8
-8.20E-07,-19.68,-8.20E-07,8
-8.19E-07,-19.68,-8.19E-07,8
-8.18E-07,-19.68,-8.18E-07,4
-8.17E-07,-19.68,-8.17E-07,8
-8.16E-07,-19.76,-8.16E-07,4
-8.15E-07,-19.68,-8.15E-07,8
-8.14E-07,-19.68,-8.14E-07,4
-8.13E-07,-19.68,-8.13E-07,8
-8.12E-07,-19.68,-8.12E-07,4
-8.11E-07,-19.68,-8.11E-07,8
-8.10E-07,-19.76,-8.10E-07,4
-8.09E-07,-19.68,-8.09E-07,8
-8.08E-07,-19.76,-8.08E-07,4
-8.07E-07,-19.76,-8.07E-07,8
-8.06E-07,-19.76,-8.06E-07,4
-8.05E-07,-19.76,-8.05E-07,8
-8.04E-07,-19.68,-8.04E-07,4
-8.03E-07,-19.68,-8.03E-07,8
-8.02E-07,-19.68,-8.02E-07,8
-8.01E-07,-19.68,-8.01E-07,8
-8.00E-07,-19.68,-8.00E-07,8
-7.99E-07,-19.68,-7.99E-07,8
-7.98E-07,-19.68,-7.98E-07,8
-7.97E-07,-19.68,-7.97E-07,8
-7.96E-07,-19.68,-7.96E-07,4
-7.95E-07,-19.68,-7.95E-07,8
-7.94E-07,-19.68,-7.94E-07,8
-7.93E-07,-19.68,-7.93E-07,8
-7.92E-07,-19.68,-7.92E-07,4
-7.91E-07,-19.68,-7.91E-07,8
-7.90E-07,-19.68,-7.90E-07,4
-7.89E-07,-19.68,-7.89E-07,8
-7.88E-07,-19.68,-7.88E-07,8
-7.87E-07,-19.68,-7.87E-07,8
-7.86E-07,-19.68,-7.86E-07,8
-7.85E-07,-19.68,-7.85E-07,8
-7.84E-07,-19.68,-7.84E-07,4
-7.83E-07,-19.68,-7.83E-07,8
-7.82E-07,-19.68,-7.82E-07,4
-7.81E-07,-19.68,-7.81E-07,8
-7.80E-07,-19.68,-7.80E-07,4
-7.79E-07,-19.68,-7.79E-07,8
-7.78E-07,-19.68,-7.78E-07,8
-7.77E-07,-19.68,-7.77E-07,8
-7.76E-07,-19.68,-7.76E-07,8
-7.75E-07,-19.68,-7.75E-07,8
-7.74E-07,-19.76,-7.74E-07,8
-7.73E-07,-19.68,-7.73E-07,8
-7.72E-07,-19.76,-7.72E-07,4
-7.71E-07,-19.68,-7.71E-07,8
-7.70E-07,-19.68,-7.70E-07,4
-7.69E-07,-19.68,-7.69E-07,8
-7.68E-07,-19.68,-7.68E-07,4
-7.67E-07,-19.68,-7.67E-07,8
-7.66E-07,-19.68,-7.66E-07,4
-7.65E-07,-19.68,-7.65E-07,8
-7.64E-07,-19.68,-7.64E-07,8
-7.63E-07,-19.76,-7.63E-07,8
-7.62E-07,-19.76,-7.62E-07,8
-7.61E-07,-19.76,-7.61E-07,8
-7.60E-07,-19.76,-7.60E-07,8
-7.59E-07,-19.68,-7.59E-07,8
-7.58E-07,-19.68,-7.58E-07,8
-7.57E-07,-19.76,-7.57E-07,8
-7.56E-07,-19.68,-7.56E-07,8
-7.55E-07,-19.68,-7.55E-07,8
-7.54E-07,-19.68,-7.54E-07,8
-7.53E-07,-19.68,-7.53E-07,8
-7.52E-07,-19.68,-7.52E-07,4
-7.51E-07,-19.68,-7.51E-07,8
-7.50E-07,-19.68,-7.50E-07,4
-7.49E-07,-19.68,-7.49E-07,8
-7.48E-07,-19.68,-7.48E-07,4
-7.47E-07,-19.68,-7.47E-07,8
-7.46E-07,-19.68,-7.46E-07,4
-7.45E-07,-19.68,-7.45E-07,8
-7.44E-07,-19.68,-7.44E-07,4
-7.43E-07,-19.68,-7.43E-07,8
-7.42E-07,-19.68,-7.42E-07,4
-7.41E-07,-19.68,-7.41E-07,8
-7.40E-07,-19.68,-7.40E-07,8
-7.39E-07,-19.68,-7.39E-07,8
-7.38E-07,-19.68,-7.38E-07,4
-7.37E-07,-19.68,-7.37E-07,8
-7.36E-07,-19.68,-7.36E-07,4
-7.35E-07,-19.68,-7.35E-07,8
-7.34E-07,-19.68,-7.34E-07,8
-7.33E-07,-19.68,-7.33E-07,8
-7.32E-07,-19.68,-7.32E-07,4
-7.31E-07,-19.68,-7.31E-07,8
-7.30E-07,-19.68,-7.30E-07,4
-7.29E-07,-19.68,-7.29E-07,8
-7.28E-07,-19.68,-7.28E-07,4
-7.27E-07,-19.68,-7.27E-07,8
-7.26E-07,-19.68,-7.26E-07,8
-7.25E-07,-19.68,-7.25E-07,8
-7.24E-07,-19.68,-7.24E-07,4
-7.23E-07,-19.68,-7.23E-07,8
-7.22E-07,-19.68,-7.22E-07,4
-7.21E-07,-19.68,-7.21E-07,8
-7.20E-07,-19.68,-7.20E-07,8
-7.19E-07,-19.68,-7.19E-07,8
-7.18E-07,-19.68,-7.18E-07,8
-7.17E-07,-19.68,-7.17E-07,8
-7.16E-07,-19.68,-7.16E-07,8
-7.15E-07,-19.68,-7.15E-07,8
-7.14E-07,-19.68,-7.14E-07,4
-7.13E-07,-19.68,-7.13E-07,8
-7.12E-07,-19.68,-7.12E-07,4
-7.11E-07,-19.68,-7.11E-07,8
-7.10E-07,-19.68,-7.10E-07,4
-7.09E-07,-19.68,-7.09E-07,8
-7.08E-07,-19.68,-7.08E-07,4
-7.07E-07,-19.68,-7.07E-07,8
-7.06E-07,-19.68,-7.06E-07,8
-7.05E-07,-19.68,-7.05E-07,8
-7.04E-07,-19.68,-7.04E-07,8
-7.03E-07,-19.68,-7.03E-07,8
-7.02E-07,-19.68,-7.02E-07,4
-7.01E-07,-19.68,-7.01E-07,8
-7.00E-07,-19.68,-7.00E-07,8
-6.99E-07,-19.68,-6.99E-07,8
-6.98E-07,-19.68,-6.98E-07,8
-6.97E-07,-19.68,-6.97E-07,8
-6.96E-07,-19.68,-6.96E-07,4
-6.95E-07,-19.68,-6.95E-07,8
-6.94E-07,-19.76,-6.94E-07,4
-6.93E-07,-19.68,-6.93E-07,8
-6.92E-07,-19.68,-6.92E-07,8
-6.91E-07,-19.68,-6.91E-07,8
-6.90E-07,-19.68,-6.90E-07,4
-6.89E-07,-19.68,-6.89E-07,8
-6.88E-07,-19.68,-6.88E-07,4
-6.87E-07,-19.68,-6.87E-07,8
-6.86E-07,-19.68,-6.86E-07,4
-6.85E-07,-19.68,-6.85E-07,8
-6.84E-07,-19.68,-6.84E-07,4
-6.83E-07,-19.68,-6.83E-07,8
-6.82E-07,-19.68,-6.82E-07,4
-6.81E-07,-19.68,-6.81E-07,8
-6.80E-07,-19.68,-6.80E-07,8
-6.79E-07,-19.68,-6.79E-07,8
-6.78E-07,-19.76,-6.78E-07,8
-6.77E-07,-19.68,-6.77E-07,8
-6.76E-07,-19.68,-6.76E-07,8
-6.75E-07,-19.68,-6.75E-07,8
-6.74E-07,-19.68,-6.74E-07,8
-6.73E-07,-19.68,-6.73E-07,8
-6.72E-07,-19.76,-6.72E-07,4
-6.71E-07,-19.68,-6.71E-07,8
-6.70E-07,-19.68,-6.70E-07,8
-6.69E-07,-19.68,-6.69E-07,8
-6.68E-07,-19.68,-6.68E-07,8
-6.67E-07,-19.68,-6.67E-07,8
-6.66E-07,-19.68,-6.66E-07,8
-6.65E-07,-19.68,-6.65E-07,8
-6.64E-07,-19.68,-6.64E-07,4
-6.63E-07,-19.68,-6.63E-07,8
-6.62E-07,-19.68,-6.62E-07,4
-6.61E-07,-19.68,-6.61E-07,8
-6.60E-07,-19.68,-6.60E-07,4
-6.59E-07,-19.68,-6.59E-07,4
-6.58E-07,-19.68,-6.58E-07,4
-6.57E-07,-19.68,-6.57E-07,4
-6.56E-07,-19.68,-6.56E-07,4
-6.55E-07,-19.68,-6.55E-07,4
-6.54E-07,-19.68,-6.54E-07,4
-6.53E-07,-19.68,-6.53E-07,8
-6.52E-07,-19.68,-6.52E-07,4
-6.51E-07,-19.68,-6.51E-07,8
-6.50E-07,-19.76,-6.50E-07,4
-6.49E-07,-19.68,-6.49E-07,8
-6.48E-07,-19.68,-6.48E-07,4
-6.47E-07,-19.76,-6.47E-07,4
-6.46E-07,-19.68,-6.46E-07,4
-6.45E-07,-19.68,-6.45E-07,8
-6.44E-07,-19.68,-6.44E-07,4
-6.43E-07,-19.68,-6.43E-07,8
-6.42E-07,-19.68,-6.42E-07,8
-6.41E-07,-19.68,-6.41E-07,8
-6.40E-07,-19.68,-6.40E-07,8
-6.39E-07,-19.68,-6.39E-07,8
-6.38E-07,-19.76,-6.38E-07,4
-6.37E-07,-19.76,-6.37E-07,8
-6.36E-07,-19.68,-6.36E-07,8
-6.35E-07,-19.68,-6.35E-07,8
-6.34E-07,-19.68,-6.34E-07,8
-6.33E-07,-19.68,-6.33E-07,8
-6.32E-07,-19.76,-6.32E-07,8
-6.31E-07,-19.68,-6.31E-07,8
-6.30E-07,-19.68,-6.30E-07,8
-6.29E-07,-19.68,-6.29E-07,8
-6.28E-07,-19.68,-6.28E-07,8
-6.27E-07,-19.68,-6.27E-07,8
-6.26E-07,-19.68,-6.26E-07,4
-6.25E-07,-19.68,-6.25E-07,8
-6.24E-07,-19.76,-6.24E-07,8
-6.23E-07,-19.68,-6.23E-07,8
-6.22E-07,-19.68,-6.22E-07,8
-6.21E-07,-19.68,-6.21E-07,8
-6.20E-07,-19.68,-6.20E-07,8
-6.19E-07,-19.68,-6.19E-07,8
-6.18E-07,-19.68,-6.18E-07,4
-6.17E-07,-19.68,-6.17E-07,8
-6.16E-07,-19.76,-6.16E-07,4
-6.15E-07,-19.68,-6.15E-07,8
-6.14E-07,-19.68,-6.14E-07,4
-6.13E-07,-19.68,-6.13E-07,8
-6.12E-07,-19.68,-6.12E-07,4
-6.11E-07,-19.68,-6.11E-07,8
-6.10E-07,-19.68,-6.10E-07,4
-6.09E-07,-19.68,-6.09E-07,8
-6.08E-07,-19.68,-6.08E-07,4
-6.07E-07,-19.68,-6.07E-07,4
-6.06E-07,-19.68,-6.06E-07,8
-6.05E-07,-19.68,-6.05E-07,8
-6.04E-07,-19.68,-6.04E-07,4
-6.03E-07,-19.68,-6.03E-07,8
-6.02E-07,-19.68,-6.02E-07,8
-6.01E-07,-19.68,-6.01E-07,8
-6.00E-07,-19.68,-6.00E-07,4
-5.99E-07,-19.68,-5.99E-07,8
-5.98E-07,-19.68,-5.98E-07,8
-5.97E-07,-19.68,-5.97E-07,8
-5.96E-07,-19.68,-5.96E-07,4
-5.95E-07,-19.68,-5.95E-07,8
-5.94E-07,-19.68,-5.94E-07,8
-5.93E-07,-19.68,-5.93E-07,8
-5.92E-07,-19.68,-5.92E-07,8
-5.91E-07,-19.68,-5.91E-07,8
-5.90E-07,-19.68,-5.90E-07,4
-5.89E-07,-19.68,-5.89E-07,8
-5.88E-07,-19.68,-5.88E-07,4
-5.87E-07,-19.68,-5.87E-07,8
-5.86E-07,-19.68,-5.86E-07,4
-5.85E-07,-19.68,-5.85E-07,4
-5.84E-07,-19.68,-5.84E-07,4
-5.83E-07,-19.68,-5.83E-07,8
-5.82E-07,-19.68,-5.82E-07,4
-5.81E-07,-19.68,-5.81E-07,8
-5.80E-07,-19.76,-5.80E-07,4
-5.79E-07,-19.68,-5.79E-07,8
-5.78E-07,-19.68,-5.78E-07,4
-5.77E-07,-19.68,-5.77E-07,8
-5.76E-07,-19.68,-5.76E-07,4
-5.75E-07,-19.68,-5.75E-07,8
-5.74E-07,-19.68,-5.74E-07,4
-5.73E-07,-19.68,-5.73E-07,8
-5.72E-07,-19.68,-5.72E-07,4
-5.71E-07,-19.68,-5.71E-07,8
-5.70E-07,-19.68,-5.70E-07,4
-5.69E-07,-19.68,-5.69E-07,8
-5.68E-07,-19.68,-5.68E-07,8
-5.67E-07,-19.68,-5.67E-07,8
-5.66E-07,-19.68,-5.66E-07,8
-5.65E-07,-19.68,-5.65E-07,8
-5.64E-07,-19.68,-5.64E-07,8
-5.63E-07,-19.68,-5.63E-07,8
-5.62E-07,-19.68,-5.62E-07,8
-5.61E-07,-19.68,-5.61E-07,8
-5.60E-07,-19.68,-5.60E-07,4
-5.59E-07,-19.68,-5.59E-07,8
-5.58E-07,-19.68,-5.58E-07,8
-5.57E-07,-19.68,-5.57E-07,8
-5.56E-07,-19.68,-5.56E-07,8
-5.55E-07,-19.68,-5.55E-07,8
-5.54E-07,-19.68,-5.54E-07,4
-5.53E-07,-19.68,-5.53E-07,8
-5.52E-07,-19.68,-5.52E-07,4
-5.51E-07,-19.68,-5.51E-07,4
-5.50E-07,-19.68,-5.50E-07,4
-5.49E-07,-19.68,-5.49E-07,8
-5.48E-07,-19.68,-5.48E-07,4
-5.47E-07,-19.68,-5.47E-07,8
-5.46E-07,-19.68,-5.46E-07,8
-5.45E-07,-19.68,-5.45E-07,8
-5.44E-07,-19.68,-5.44E-07,8
-5.43E-07,-19.68,-5.43E-07,8
-5.42E-07,-19.68,-5.42E-07,4
-5.41E-07,-19.68,-5.41E-07,8
-5.40E-07,-19.68,-5.40E-07,4
-5.39E-07,-19.68,-5.39E-07,8
-5.38E-07,-19.68,-5.38E-07,4
-5.37E-07,-19.68,-5.37E-07,8
-5.36E-07,-19.68,-5.36E-07,4
-5.35E-07,-19.68,-5.35E-07,8
-5.34E-07,-19.68,-5.34E-07,8
-5.33E-07,-19.68,-5.33E-07,8
-5.32E-07,-19.68,-5.32E-07,4
-5.31E-07,-19.68,-5.31E-07,8
-5.30E-07,-19.68,-5.30E-07,4
-5.29E-07,-19.68,-5.29E-07,8
-5.28E-07,-19.76,-5.28E-07,4
-5.27E-07,-19.68,-5.27E-07,8
-5.26E-07,-19.68,-5.26E-07,4
-5.25E-07,-19.68,-5.25E-07,8
-5.24E-07,-19.68,-5.24E-07,4
-5.23E-07,-19.68,-5.23E-07,8
-5.22E-07,-19.68,-5.22E-07,4
-5.21E-07,-19.68,-5.21E-07,8
-5.20E-07,-19.68,-5.20E-07,4
-5.19E-07,-19.68,-5.19E-07,8
-5.18E-07,-19.68,-5.18E-07,4
-5.17E-07,-19.68,-5.17E-07,8
-5.16E-07,-19.68,-5.16E-07,4
-5.15E-07,-19.68,-5.15E-07,8
-5.14E-07,-19.68,-5.14E-07,8
-5.13E-07,-19.68,-5.13E-07,8
-5.12E-07,-19.68,-5.12E-07,4
-5.11E-07,-19.68,-5.11E-07,8
-5.10E-07,-19.68,-5.10E-07,4
-5.09E-07,-19.68,-5.09E-07,8
-5.08E-07,-19.68,-5.08E-07,4
-5.07E-07,-19.68,-5.07E-07,8
-5.06E-07,-19.68,-5.06E-07,4
-5.05E-07,-19.68,-5.05E-07,8
-5.04E-07,-19.68,-5.04E-07,4
-5.03E-07,-19.68,-5.03E-07,8
-5.02E-07,-19.68,-5.02E-07,4
-5.01E-07,-19.68,-5.01E-07,8
-5.00E-07,-19.68,-5.00E-07,4
-4.99E-07,-19.68,-4.99E-07,8
-4.98E-07,-19.68,-4.98E-07,4
-4.97E-07,-19.68,-4.97E-07,8
-4.96E-07,-19.68,-4.96E-07,8
-4.95E-07,-19.68,-4.95E-07,8
-4.94E-07,-19.68,-4.94E-07,4
-4.93E-07,-19.68,-4.93E-07,8
-4.92E-07,-19.68,-4.92E-07,8
-4.91E-07,-19.68,-4.91E-07,8
-4.90E-07,-19.68,-4.90E-07,8
-4.89E-07,-19.68,-4.89E-07,8
-4.88E-07,-19.68,-4.88E-07,8
-4.87E-07,-19.68,-4.87E-07,8
-4.86E-07,-19.68,-4.86E-07,8
-4.85E-07,-19.68,-4.85E-07,8
-4.84E-07,-19.68,-4.84E-07,8
-4.83E-07,-19.68,-4.83E-07,8
-4.82E-07,-19.68,-4.82E-07,8
-4.81E-07,-19.68,-4.81E-07,8
-4.80E-07,-19.68,-4.80E-07,8
-4.79E-07,-19.68,-4.79E-07,8
-4.78E-07,-19.68,-4.78E-07,8
-4.77E-07,-19.68,-4.77E-07,8
-4.76E-07,-19.68,-4.76E-07,4
-4.75E-07,-19.68,-4.75E-07,8
-4.74E-07,-19.68,-4.74E-07,4
-4.73E-07,-19.68,-4.73E-07,4
-4.72E-07,-19.76,-4.72E-07,4
-4.71E-07,-19.68,-4.71E-07,4
-4.70E-07,-19.68,-4.70E-07,4
-4.69E-07,-19.68,-4.69E-07,8
-4.68E-07,-19.68,-4.68E-07,4
-4.67E-07,-19.68,-4.67E-07,8
-4.66E-07,-19.68,-4.66E-07,4
-4.65E-07,-19.68,-4.65E-07,8
-4.64E-07,-19.68,-4.64E-07,4
-4.63E-07,-19.68,-4.63E-07,4
-4.62E-07,-19.68,-4.62E-07,4
-4.61E-07,-19.68,-4.61E-07,4
-4.60E-07,-19.68,-4.60E-07,4
-4.59E-07,-19.68,-4.59E-07,4
-4.58E-07,-19.68,-4.58E-07,4
-4.57E-07,-19.68,-4.57E-07,4
-4.56E-07,-19.68,-4.56E-07,8
-4.55E-07,-19.76,-4.55E-07,4
-4.54E-07,-19.68,-4.54E-07,8
-4.53E-07,-19.68,-4.53E-07,8
-4.52E-07,-19.68,-4.52E-07,8
-4.51E-07,-19.68,-4.51E-07,8
-4.50E-07,-19.68,-4.50E-07,8
-4.49E-07,-19.68,-4.49E-07,8
-4.48E-07,-19.68,-4.48E-07,4
-4.47E-07,-19.68,-4.47E-07,8
-4.46E-07,-19.68,-4.46E-07,8
-4.45E-07,-19.68,-4.45E-07,8
-4.44E-07,-19.68,-4.44E-07,4
-4.43E-07,-19.68,-4.43E-07,8
-4.42E-07,-19.68,-4.42E-07,8
-4.41E-07,-19.68,-4.41E-07,8
-4.40E-07,-19.68,-4.40E-07,8
-4.39E-07,-19.68,-4.39E-07,8
-4.38E-07,-19.68,-4.38E-07,8
-4.37E-07,-19.68,-4.37E-07,8
-4.36E-07,-19.68,-4.36E-07,4
-4.35E-07,-19.68,-4.35E-07,8
-4.34E-07,-19.68,-4.34E-07,4
-4.33E-07,-19.68,-4.33E-07,8
-4.32E-07,-19.68,-4.32E-07,4
-4.31E-07,-19.68,-4.31E-07,8
-4.30E-07,-19.68,-4.30E-07,4
-4.29E-07,-19.68,-4.29E-07,8
-4.28E-07,-19.68,-4.28E-07,4
-4.27E-07,-19.68,-4.27E-07,8
-4.26E-07,-19.68,-4.26E-07,4
-4.25E-07,-19.68,-4.25E-07,8
-4.24E-07,-19.68,-4.24E-07,4
-4.23E-07,-19.68,-4.23E-07,8
-4.22E-07,-19.68,-4.22E-07,4
-4.21E-07,-19.68,-4.21E-07,8
-4.20E-07,-19.68,-4.20E-07,4
-4.19E-07,-19.68,-4.19E-07,8
-4.18E-07,-19.76,-4.18E-07,8
-4.17E-07,-19.68,-4.17E-07,8
-4.16E-07,-19.76,-4.16E-07,8
-4.15E-07,-19.68,-4.15E-07,8
-4.14E-07,-19.68,-4.14E-07,8
-4.13E-07,-19.68,-4.13E-07,8
-4.12E-07,-19.68,-4.12E-07,8
-4.11E-07,-19.68,-4.11E-07,8
-4.10E-07,-19.68,-4.10E-07,8
-4.09E-07,-19.68,-4.09E-07,4
-4.08E-07,-19.68,-4.08E-07,8
-4.07E-07,-19.76,-4.07E-07,8
-4.06E-07,-19.76,-4.06E-07,8
-4.05E-07,-19.68,-4.05E-07,8
-4.04E-07,-19.68,-4.04E-07,8
-4.03E-07,-19.68,-4.03E-07,8
-4.02E-07,-19.68,-4.02E-07,4
-4.01E-07,-19.68,-4.01E-07,8
-4.00E-07,-19.68,-4.00E-07,8
-3.99E-07,-19.68,-3.99E-07,8
-3.98E-07,-19.68,-3.98E-07,8
-3.97E-07,-19.68,-3.97E-07,8
-3.96E-07,-19.68,-3.96E-07,4
-3.95E-07,-19.68,-3.95E-07,8
-3.94E-07,-19.68,-3.94E-07,4
-3.93E-07,-19.68,-3.93E-07,8
-3.92E-07,-19.68,-3.92E-07,4
-3.91E-07,-19.68,-3.91E-07,8
-3.90E-07,-19.68,-3.90E-07,8
-3.89E-07,-19.68,-3.89E-07,4
-3.88E-07,-19.68,-3.88E-07,4
-3.87E-07,-19.68,-3.87E-07,4
-3.86E-07,-19.68,-3.86E-07,8
-3.85E-07,-19.68,-3.85E-07,8
-3.84E-07,-19.68,-3.84E-07,8
-3.83E-07,-19.68,-3.83E-07,8
-3.82E-07,-19.68,-3.82E-07,4
-3.81E-07,-19.68,-3.81E-07,8
-3.80E-07,-19.68,-3.80E-07,4
-3.79E-07,-19.68,-3.79E-07,8
-3.78E-07,-19.68,-3.78E-07,4
-3.77E-07,-19.68,-3.77E-07,8
-3.76E-07,-19.76,-3.76E-07,4
-3.75E-07,-19.68,-3.75E-07,8
-3.74E-07,-19.68,-3.74E-07,8
-3.73E-07,-19.68,-3.73E-07,8
-3.72E-07,-19.68,-3.72E-07,8
-3.71E-07,-19.68,-3.71E-07,8
-3.70E-07,-19.68,-3.70E-07,8
-3.69E-07,-19.68,-3.69E-07,8
-3.68E-07,-19.68,-3.68E-07,4
-3.67E-07,-19.68,-3.67E-07,8
-3.66E-07,-19.76,-3.66E-07,4
-3.65E-07,-19.68,-3.65E-07,8
-3.64E-07,-19.68,-3.64E-07,4
-3.63E-07,-19.68,-3.63E-07,8
-3.62E-07,-19.68,-3.62E-07,8
-3.61E-07,-19.68,-3.61E-07,8
-3.60E-07,-19.68,-3.60E-07,4
-3.59E-07,-19.68,-3.59E-07,8
-3.58E-07,-19.68,-3.58E-07,4
-3.57E-07,-19.68,-3.57E-07,8
-3.56E-07,-19.68,-3.56E-07,4
-3.55E-07,-19.68,-3.55E-07,8
-3.54E-07,-19.68,-3.54E-07,8
-3.53E-07,-19.68,-3.53E-07,8
-3.52E-07,-19.68,-3.52E-07,4
-3.51E-07,-19.68,-3.51E-07,8
-3.50E-07,-19.68,-3.50E-07,4
-3.49E-07,-19.68,-3.49E-07,8
-3.48E-07,-19.68,-3.48E-07,4
-3.47E-07,-19.68,-3.47E-07,8
-3.46E-07,-19.68,-3.46E-07,4
-3.45E-07,-19.68,-3.45E-07,8
-3.44E-07,-19.68,-3.44E-07,4
-3.43E-07,-19.68,-3.43E-07,8
-3.42E-07,-19.68,-3.42E-07,4
-3.41E-07,-19.68,-3.41E-07,8
-3.40E-07,-19.68,-3.40E-07,8
-3.39E-07,-19.68,-3.39E-07,8
-3.38E-07,-19.68,-3.38E-07,4
-3.37E-07,-19.68,-3.37E-07,4
-3.36E-07,-19.68,-3.36E-07,4
-3.35E-07,-19.68,-3.35E-07,8
-3.34E-07,-19.68,-3.34E-07,4
-3.33E-07,-19.68,-3.33E-07,8
-3.32E-07,-19.68,-3.32E-07,4
-3.31E-07,-19.68,-3.31E-07,8
-3.30E-07,-19.68,-3.30E-07,4
-3.29E-07,-19.68,-3.29E-07,8
-3.28E-07,-19.68,-3.28E-07,4
-3.27E-07,-19.68,-3.27E-07,8
-3.26E-07,-19.68,-3.26E-07,4
-3.25E-07,-19.68,-3.25E-07,8
-3.24E-07,-19.68,-3.24E-07,4
-3.23E-07,-19.68,-3.23E-07,8
-3.22E-07,-19.68,-3.22E-07,4
-3.21E-07,-19.68,-3.21E-07,8
-3.20E-07,-19.68,-3.20E-07,4
-3.19E-07,-19.68,-3.19E-07,8
-3.18E-07,-19.68,-3.18E-07,4
-3.17E-07,-19.68,-3.17E-07,8
-3.16E-07,-19.68,-3.16E-07,8
-3.15E-07,-19.68,-3.15E-07,8
-3.14E-07,-19.68,-3.14E-07,4
-3.13E-07,-19.68,-3.13E-07,8
-3.12E-07,-19.68,-3.12E-07,8
-3.11E-07,-19.68,-3.11E-07,8
-3.10E-07,-19.68,-3.10E-07,8
-3.09E-07,-19.68,-3.09E-07,8
-3.08E-07,-19.68,-3.08E-07,8
-3.07E-07,-19.68,-3.07E-07,8
-3.06E-07,-19.68,-3.06E-07,8
-3.05E-07,-19.68,-3.05E-07,8
-3.04E-07,-19.76,-3.04E-07,8
-3.03E-07,-19.68,-3.03E-07,8
-3.02E-07,-19.68,-3.02E-07,8
-3.01E-07,-19.68,-3.01E-07,8
-3.00E-07,-19.68,-3.00E-07,4
-2.99E-07,-19.68,-2.99E-07,8
-2.98E-07,-19.68,-2.98E-07,8
-2.97E-07,-19.68,-2.97E-07,8
-2.96E-07,-19.68,-2.96E-07,8
-2.95E-07,-19.68,-2.95E-07,8
-2.94E-07,-19.68,-2.94E-07,4
-2.93E-07,-19.68,-2.93E-07,8
-2.92E-07,-19.68,-2.92E-07,4
-2.91E-07,-19.68,-2.91E-07,8
-2.90E-07,-19.68,-2.90E-07,4
-2.89E-07,-19.68,-2.89E-07,8
-2.88E-07,-19.68,-2.88E-07,4
-2.87E-07,-19.68,-2.87E-07,8
-2.86E-07,-19.68,-2.86E-07,4
-2.85E-07,-19.68,-2.85E-07,8
-2.84E-07,-19.68,-2.84E-07,4
-2.83E-07,-19.68,-2.83E-07,8
-2.82E-07,-19.68,-2.82E-07,4
-2.81E-07,-19.68,-2.81E-07,8
-2.80E-07,-19.68,-2.80E-07,8
-2.79E-07,-19.68,-2.79E-07,8
-2.78E-07,-19.68,-2.78E-07,4
-2.77E-07,-19.68,-2.77E-07,8
-2.76E-07,-19.76,-2.76E-07,8
-2.75E-07,-19.68,-2.75E-07,8
-2.74E-07,-19.68,-2.74E-07,8
-2.73E-07,-19.68,-2.73E-07,8
-2.72E-07,-19.68,-2.72E-07,8
-2.71E-07,-19.68,-2.71E-07,8
-2.70E-07,-19.68,-2.70E-07,8
-2.69E-07,-19.68,-2.69E-07,8
-2.68E-07,-19.68,-2.68E-07,4
-2.67E-07,-19.68,-2.67E-07,8
-2.66E-07,-19.68,-2.66E-07,4
-2.65E-07,-19.68,-2.65E-07,8
-2.64E-07,-19.68,-2.64E-07,4
-2.63E-07,-19.68,-2.63E-07,8
-2.62E-07,-19.68,-2.62E-07,8
-2.61E-07,-19.68,-2.61E-07,8
-2.60E-07,-19.68,-2.60E-07,4
-2.59E-07,-19.68,-2.59E-07,8
-2.58E-07,-19.76,-2.58E-07,8
-2.57E-07,-19.68,-2.57E-07,8
-2.56E-07,-19.68,-2.56E-07,4
-2.55E-07,-19.68,-2.55E-07,8
-2.54E-07,-19.68,-2.54E-07,4
-2.53E-07,-19.68,-2.53E-07,8
-2.52E-07,-19.68,-2.52E-07,4
-2.51E-07,-19.68,-2.51E-07,8
-2.50E-07,-19.68,-2.50E-07,4
-2.49E-07,-19.68,-2.49E-07,8
-2.48E-07,-19.68,-2.48E-07,4
-2.47E-07,-19.68,-2.47E-07,8
-2.46E-07,-19.68,-2.46E-07,8
-2.45E-07,-19.68,-2.45E-07,8
-2.44E-07,-19.68,-2.44E-07,4
-2.43E-07,-19.68,-2.43E-07,8
-2.42E-07,-19.68,-2.42E-07,4
-2.41E-07,-19.68,-2.41E-07,8
-2.40E-07,-19.68,-2.40E-07,4
-2.39E-07,-19.68,-2.39E-07,8
-2.38E-07,-19.68,-2.38E-07,8
-2.37E-07,-19.68,-2.37E-07,8
-2.36E-07,-19.76,-2.36E-07,4
-2.35E-07,-19.68,-2.35E-07,8
-2.34E-07,-19.68,-2.34E-07,4
-2.33E-07,-19.68,-2.33E-07,4
-2.32E-07,-19.68,-2.32E-07,4
-2.31E-07,-19.68,-2.31E-07,8
-2.30E-07,-19.68,-2.30E-07,4
-2.29E-07,-19.68,-2.29E-07,8
-2.28E-07,-19.68,-2.28E-07,4
-2.27E-07,-19.68,-2.27E-07,8
-2.26E-07,-19.68,-2.26E-07,4
-2.25E-07,-19.68,-2.25E-07,8
-2.24E-07,-19.68,-2.24E-07,4
-2.23E-07,-19.68,-2.23E-07,8
-2.22E-07,-19.68,-2.22E-07,4
-2.21E-07,-19.68,-2.21E-07,8
-2.20E-07,-19.68,-2.20E-07,4
-2.19E-07,-19.68,-2.19E-07,8
-2.18E-07,-19.68,-2.18E-07,4
-2.17E-07,-19.68,-2.17E-07,8
-2.16E-07,-19.68,-2.16E-07,8
-2.15E-07,-19.68,-2.15E-07,8
-2.14E-07,-19.68,-2.14E-07,4
-2.13E-07,-19.68,-2.13E-07,8
-2.12E-07,-19.68,-2.12E-07,4
-2.11E-07,-19.68,-2.11E-07,8
-2.10E-07,-19.68,-2.10E-07,8
-2.09E-07,-19.68,-2.09E-07,8
-2.08E-07,-19.68,-2.08E-07,8
-2.07E-07,-19.68,-2.07E-07,8
-2.06E-07,-19.68,-2.06E-07,8
-2.05E-07,-19.68,-2.05E-07,8
-2.04E-07,-19.68,-2.04E-07,8
-2.03E-07,-19.68,-2.03E-07,8
-2.02E-07,-19.68,-2.02E-07,4
-2.01E-07,-19.68,-2.01E-07,8
-2.00E-07,-19.68,-2.00E-07,4
-1.99E-07,-19.68,-1.99E-07,8
-1.98E-07,-19.68,-1.98E-07,4
-1.97E-07,-19.68,-1.97E-07,8
-1.96E-07,-19.68,-1.96E-07,4
-1.95E-07,-19.68,-1.95E-07,8
-1.94E-07,-19.68,-1.94E-07,4
-1.93E-07,-19.68,-1.93E-07,4
-1.92E-07,-19.68,-1.92E-07,4
-1.91E-07,-19.68,-1.91E-07,4
-1.90E-07,-19.68,-1.90E-07,4
-1.89E-07,-19.68,-1.89E-07,4
-1.88E-07,-19.68,-1.88E-07,4
-1.87E-07,-19.68,-1.87E-07,8
-1.86E-07,-19.68,-1.86E-07,4
-1.85E-07,-19.68,-1.85E-07,8
-1.84E-07,-19.68,-1.84E-07,8
-1.83E-07,-19.68,-1.83E-07,8
-1.82E-07,-19.68,-1.82E-07,4
-1.81E-07,-19.68,-1.81E-07,8
-1.80E-07,-19.68,-1.80E-07,4
-1.79E-07,-19.68,-1.79E-07,8
-1.78E-07,-19.68,-1.78E-07,4
-1.77E-07,-19.68,-1.77E-07,4
-1.76E-07,-19.68,-1.76E-07,4
-1.75E-07,-19.68,-1.75E-07,8
-1.74E-07,-19.68,-1.74E-07,4
-1.73E-07,-19.68,-1.73E-07,8
-1.72E-07,-19.68,-1.72E-07,4
-1.71E-07,-19.68,-1.71E-07,8
-1.70E-07,-19.68,-1.70E-07,4
-1.69E-07,-19.68,-1.69E-07,8
-1.68E-07,-19.68,-1.68E-07,4
-1.67E-07,-19.68,-1.67E-07,8
-1.66E-07,-19.68,-1.66E-07,4
-1.65E-07,-19.68,-1.65E-07,8
-1.64E-07,-19.68,-1.64E-07,8
-1.63E-07,-19.68,-1.63E-07,8
-1.62E-07,-19.68,-1.62E-07,8
-1.61E-07,-19.68,-1.61E-07,8
-1.60E-07,-19.68,-1.60E-07,4
-1.59E-07,-19.68,-1.59E-07,8
-1.58E-07,-19.68,-1.58E-07,4
-1.57E-07,-19.68,-1.57E-07,8
-1.56E-07,-19.76,-1.56E-07,4
-1.55E-07,-19.68,-1.55E-07,8
-1.54E-07,-19.76,-1.54E-07,8
-1.53E-07,-19.68,-1.53E-07,8
-1.52E-07,-19.68,-1.52E-07,8
-1.51E-07,-19.68,-1.51E-07,8
-1.50E-07,-19.68,-1.50E-07,8
-1.49E-07,-19.68,-1.49E-07,8
-1.48E-07,-19.76,-1.48E-07,4
-1.47E-07,-19.68,-1.47E-07,8
-1.46E-07,-19.76,-1.46E-07,8
-1.45E-07,-19.68,-1.45E-07,8
-1.44E-07,-19.68,-1.44E-07,4
-1.43E-07,-19.68,-1.43E-07,8
-1.42E-07,-19.68,-1.42E-07,4
-1.41E-07,-19.68,-1.41E-07,8
-1.40E-07,-19.68,-1.40E-07,4
-1.39E-07,-19.68,-1.39E-07,8
-1.38E-07,-19.68,-1.38E-07,8
-1.37E-07,-19.68,-1.37E-07,8
-1.36E-07,-19.76,-1.36E-07,8
-1.35E-07,-19.68,-1.35E-07,8
-1.34E-07,-19.68,-1.34E-07,8
-1.33E-07,-19.68,-1.33E-07,8
-1.32E-07,-19.68,-1.32E-07,8
-1.31E-07,-19.68,-1.31E-07,8
-1.30E-07,-19.68,-1.30E-07,8
-1.29E-07,-19.68,-1.29E-07,8
-1.28E-07,-19.68,-1.28E-07,8
-1.27E-07,-19.68,-1.27E-07,8
-1.26E-07,-19.76,-1.26E-07,4
-1.25E-07,-19.68,-1.25E-07,8
-1.24E-07,-19.76,-1.24E-07,4
-1.23E-07,-19.68,-1.23E-07,8
-1.22E-07,-19.76,-1.22E-07,4
-1.21E-07,-19.68,-1.21E-07,8
-1.20E-07,-19.68,-1.20E-07,8
-1.19E-07,-19.68,-1.19E-07,8
-1.18E-07,-19.68,-1.18E-07,8
-1.17E-07,-19.68,-1.17E-07,8
-1.16E-07,-19.68,-1.16E-07,4
-1.15E-07,-19.68,-1.15E-07,8
-1.14E-07,-19.76,-1.14E-07,8
-1.13E-07,-19.68,-1.13E-07,8
-1.12E-07,-19.76,-1.12E-07,8
-1.11E-07,-19.68,-1.11E-07,8
-1.10E-07,-19.76,-1.10E-07,8
-1.09E-07,-19.68,-1.09E-07,8
-1.08E-07,-19.68,-1.08E-07,4
-1.07E-07,-19.68,-1.07E-07,8
-1.06E-07,-19.68,-1.06E-07,8
-1.05E-07,-19.68,-1.05E-07,8
-1.04E-07,-19.76,-1.04E-07,8
-1.03E-07,-19.76,-1.03E-07,8
-1.02E-07,-19.76,-1.02E-07,8
-1.01E-07,-19.76,-1.01E-07,8
-1.00E-07,-19.68,-1.00E-07,8
-9.90E-08,-19.76,-9.90E-08,8
-9.80E-08,-19.68,-9.80E-08,8
-9.70E-08,-19.68,-9.70E-08,8
-9.60E-08,-19.68,-9.60E-08,4
-9.50E-08,-19.68,-9.50E-08,8
-9.40E-08,-19.68,-9.40E-08,4
-9.30E-08,-19.68,-9.30E-08,8
-9.20E-08,-19.68,-9.20E-08,4
-9.10E-08,-19.68,-9.10E-08,8
-9.00E-08,-19.68,-9.00E-08,4
-8.90E-08,-19.68,-8.90E-08,8
-8.80E-08,-19.76,-8.80E-08,4
-8.70E-08,-19.68,-8.70E-08,8
-8.60E-08,-19.68,-8.60E-08,4
-8.50E-08,-19.68,-8.50E-08,8
-8.40E-08,-19.68,-8.40E-08,4
-8.30E-08,-19.68,-8.30E-08,8
-8.20E-08,-19.76,-8.20E-08,4
-8.10E-08,-19.68,-8.10E-08,8
-8.00E-08,-19.76,-8.00E-08,8
-7.90E-08,-19.68,-7.90E-08,8
-7.80E-08,-19.68,-7.80E-08,4
-7.70E-08,-19.68,-7.70E-08,8
-7.60E-08,-19.68,-7.60E-08,4
-7.50E-08,-19.68,-7.50E-08,8
-7.40E-08,-19.76,-7.40E-08,4
-7.30E-08,-19.68,-7.30E-08,8
-7.20E-08,-19.68,-7.20E-08,4
-7.10E-08,-19.68,-7.10E-08,8
-7.00E-08,-19.68,-7.00E-08,4
-6.90E-08,-19.68,-6.90E-08,8
-6.80E-08,-19.68,-6.80E-08,4
-6.70E-08,-19.68,-6.70E-08,8
-6.60E-08,-19.68,-6.60E-08,4
-6.50E-08,-19.68,-6.50E-08,8
-6.40E-08,-19.68,-6.40E-08,8
-6.30E-08,-19.68,-6.30E-08,8
-6.20E-08,-19.68,-6.20E-08,8
-6.10E-08,-19.68,-6.10E-08,8
-6.00E-08,-19.68,-6.00E-08,8
-5.90E-08,-19.68,-5.90E-08,8
-5.80E-08,-19.68,-5.80E-08,8
-5.70E-08,-19.68,-5.70E-08,8
-5.60E-08,-19.68,-5.60E-08,8
-5.50E-08,-19.68,-5.50E-08,8
-5.40E-08,-19.68,-5.40E-08,8
-5.30E-08,-19.68,-5.30E-08,8
-5.20E-08,-19.68,-5.20E-08,4
-5.10E-08,-19.68,-5.10E-08,4
-5.00E-08,-19.68,-5.00E-08,4
-4.90E-08,-19.68,-4.90E-08,8
-4.80E-08,-19.68,-4.80E-08,4
-4.70E-08,-19.68,-4.70E-08,8
-4.60E-08,-19.68,-4.60E-08,4
-4.50E-08,-19.68,-4.50E-08,8
-4.40E-08,-19.68,-4.40E-08,4
-4.30E-08,-19.68,-4.30E-08,8
-4.20E-08,-19.68,-4.20E-08,4
-4.10E-08,-19.68,-4.10E-08,8
-4.00E-08,-19.68,-4.00E-08,8
-3.90E-08,-19.68,-3.90E-08,8
-3.80E-08,-19.76,-3.80E-08,8
-3.70E-08,-19.68,-3.70E-08,8
-3.60E-08,-19.68,-3.60E-08,4
-3.50E-08,-19.68,-3.50E-08,8
-3.40E-08,-19.68,-3.40E-08,4
-3.30E-08,-19.68,-3.30E-08,8
-3.20E-08,-19.68,-3.20E-08,4
-3.10E-08,-19.68,-3.10E-08,8
-3.00E-08,-19.68,-3.00E-08,4
-2.90E-08,-19.68,-2.90E-08,8
-2.80E-08,-19.68,-2.80E-08,4
-2.70E-08,-19.68,-2.70E-08,8
-2.60E-08,-19.68,-2.60E-08,4
-2.50E-08,-19.68,-2.50E-08,8
-2.40E-08,-19.6,-2.40E-08,8
-2.30E-08,-19.440001,-2.30E-08,8
-2.20E-08,-19.360001,-2.20E-08,8
-2.10E-08,-19.200001,-2.10E-08,8
-2.00E-08,-19.040001,-2.00E-08,4
-1.90E-08,-18.959999,-1.90E-08,8
-1.80E-08,-18.719999,-1.80E-08,8
-1.70E-08,-18.559999,-1.70E-08,8
-1.60E-08,-18.4,-1.60E-08,4
-1.50E-08,-18.32,-1.50E-08,12
-1.40E-08,-18.16,-1.40E-08,8
-1.30E-08,-18.16,-1.30E-08,12
-1.20E-08,-18.16,-1.20E-08,8
-1.10E-08,-18.16,-1.10E-08,12
-1.00E-08,-18.24,-1.00E-08,12
-9.00E-09,-18.48,-9.00E-09,12
-8.00E-09,-18.719999,-8.00E-09,12
-7.00E-09,-19.040001,-7.00E-09,16
-6.00E-09,-19.84,-6.00E-09,20
-5.00E-09,-21.440001,-5.00E-09,24
-4.00E-09,-23.280001,-4.00E-09,36
-3.00E-09,-24.48,-3.00E-09,44
-2.00E-09,-24.959999,-2.00E-09,56
-1.00E-09,-24.959999,-1.00E-09,68
-2.83E-16,-24.719999,-2.83E-16,80
1.00E-09,-23.52,1.00E-09,88
2.00E-09,-21.92,2.00E-09,92
3.00E-09,-20.559999,3.00E-09,92
4.00E-09,-20,4.00E-09,92
5.00E-09,-20.08,5.00E-09,84
6.00E-09,-20.879999,6.00E-09,84
7.00E-09,-22,7.00E-09,80
8.00E-09,-22.959999,8.00E-09,80
9.00E-09,-23.040001,9.00E-09,80
1.00E-08,-22,1.00E-08,84
1.10E-08,-20,1.10E-08,84
1.20E-08,-17.6,1.20E-08,88
1.30E-08,-15.36,1.30E-08,84
1.40E-08,-13.84,1.40E-08,84
1.50E-08,-13.2,1.50E-08,84
1.60E-08,-13.84,1.60E-08,80
1.70E-08,-15.36,1.70E-08,84
1.80E-08,-17.360001,1.80E-08,84
1.90E-08,-19.440001,1.90E-08,88
2.00E-08,-20.959999,2.00E-08,96
2.10E-08,-21.52,2.10E-08,104
2.20E-08,-21.52,2.20E-08,108
2.30E-08,-21.040001,2.30E-08,112
2.40E-08,-20.639999,2.40E-08,112
2.50E-08,-20.4,2.50E-08,112
2.60E-08,-20.719999,2.60E-08,112
2.70E-08,-21.52,2.70E-08,108
2.80E-08,-22.719999,2.80E-08,108
2.90E-08,-24,2.90E-08,104
3.00E-08,-24.959999,3.00E-08,104
3.10E-08,-25.280001,3.10E-08,104
3.20E-08,-24.959999,3.20E-08,104
3.30E-08,-23.84,3.30E-08,104
3.40E-08,-22.4,3.40E-08,104
3.50E-08,-20.879999,3.50E-08,104
3.60E-08,-19.68,3.60E-08,104
3.70E-08,-18.879999,3.70E-08,104
3.80E-08,-18.559999,3.80E-08,104
3.90E-08,-18.559999,3.90E-08,104
4.00E-08,-18.799999,4.00E-08,104
4.10E-08,-19.040001,4.10E-08,108
4.20E-08,-19.200001,4.20E-08,116
4.30E-08,-19.200001,4.30E-08,120
4.40E-08,-19.120001,4.40E-08,124
4.50E-08,-19.040001,4.50E-08,128
4.60E-08,-19.040001,4.60E-08,132
4.70E-08,-19.200001,4.70E-08,140
4.80E-08,-19.68,4.80E-08,144
4.90E-08,-20.24,4.90E-08,152
5.00E-08,-20.799999,5.00E-08,156
5.10E-08,-21.200001,5.10E-08,164
5.20E-08,-21.52,5.20E-08,168
5.30E-08,-21.52,5.30E-08,176
5.40E-08,-21.440001,5.40E-08,180
5.50E-08,-21.120001,5.50E-08,184
5.60E-08,-20.879999,5.60E-08,188
5.70E-08,-20.48,5.70E-08,188
5.80E-08,-20.32,5.80E-08,188
5.90E-08,-20.08,5.90E-08,188
6.00E-08,-19.84,6.00E-08,188
6.10E-08,-19.68,6.10E-08,184
6.20E-08,-19.52,6.20E-08,184
6.30E-08,-19.360001,6.30E-08,180
6.40E-08,-19.200001,6.40E-08,180
6.50E-08,-19.200001,6.50E-08,176
6.60E-08,-19.200001,6.60E-08,176
6.70E-08,-19.200001,6.70E-08,176
6.80E-08,-19.440001,6.80E-08,176
6.90E-08,-19.6,6.90E-08,172
7.00E-08,-19.92,7.00E-08,176
7.10E-08,-20.16,7.10E-08,172
7.20E-08,-20.32,7.20E-08,176
7.30E-08,-20.4,7.30E-08,180
7.40E-08,-20.4,7.40E-08,184
7.50E-08,-20.4,7.50E-08,184
7.60E-08,-20.48,7.60E-08,188
7.70E-08,-20.639999,7.70E-08,192
7.80E-08,-20.799999,7.80E-08,196
7.90E-08,-20.959999,7.90E-08,196
8.00E-08,-21.120001,8.00E-08,200
8.10E-08,-21.280001,8.10E-08,204
8.20E-08,-21.360001,8.20E-08,204
8.30E-08,-21.280001,8.30E-08,208
8.40E-08,-21.200001,8.40E-08,212
8.50E-08,-20.959999,8.50E-08,208
8.60E-08,-20.879999,8.60E-08,212
8.70E-08,-20.719999,8.70E-08,212
8.80E-08,-20.639999,8.80E-08,216
8.90E-08,-20.48,8.90E-08,216
9.00E-08,-20.48,9.00E-08,220
9.10E-08,-20.32,9.10E-08,216
9.20E-08,-20.24,9.20E-08,220
9.30E-08,-20,9.30E-08,220
9.40E-08,-19.84,9.40E-08,224
9.50E-08,-19.6,9.50E-08,224
9.60E-08,-19.440001,9.60E-08,228
9.70E-08,-19.280001,9.70E-08,228
9.80E-08,-19.280001,9.80E-08,236
9.90E-08,-19.280001,9.90E-08,232
1.00E-07,-19.440001,1.00E-07,236
1.01E-07,-19.52,1.01E-07,236
1.02E-07,-19.6,1.02E-07,244
1.03E-07,-19.6,1.03E-07,244
1.04E-07,-19.68,1.04E-07,248
1.05E-07,-19.68,1.05E-07,248
1.06E-07,-19.68,1.06E-07,252
1.07E-07,-19.68,1.07E-07,252
1.08E-07,-19.76,1.08E-07,256
1.09E-07,-19.92,1.09E-07,256
1.10E-07,-20,1.10E-07,260
1.11E-07,-20.16,1.11E-07,256
1.12E-07,-20.24,1.12E-07,260
1.13E-07,-20.32,1.13E-07,260
1.14E-07,-20.32,1.14E-07,260
1.15E-07,-20.24,1.15E-07,256
1.16E-07,-20.24,1.16E-07,260
1.17E-07,-20.08,1.17E-07,256
1.18E-07,-20.08,1.18E-07,256
1.19E-07,-20,1.19E-07,256
1.20E-07,-20,1.20E-07,256
1.21E-07,-19.92,1.21E-07,252
1.22E-07,-19.92,1.22E-07,256
1.23E-07,-19.84,1.23E-07,252
1.24E-07,-19.84,1.24E-07,256
1.25E-07,-19.76,1.25E-07,256
1.26E-07,-19.76,1.26E-07,260
1.27E-07,-19.76,1.27E-07,260
1.28E-07,-19.76,1.28E-07,264
1.29E-07,-19.76,1.29E-07,264
1.30E-07,-19.84,1.30E-07,268
1.31E-07,-19.92,1.31E-07,272
1.32E-07,-20,1.32E-07,272
1.33E-07,-20,1.33E-07,276
1.34E-07,-20.08,1.34E-07,280
1.35E-07,-20.08,1.35E-07,284
1.36E-07,-20.08,1.36E-07,288
1.37E-07,-20.08,1.37E-07,288
1.38E-07,-20,1.38E-07,292
1.39E-07,-20,1.39E-07,292
1.40E-07,-19.84,1.40E-07,296
1.41E-07,-19.76,1.41E-07,296
1.42E-07,-19.68,1.42E-07,296
1.43E-07,-19.52,1.43E-07,296
1.44E-07,-19.440001,1.44E-07,296
1.45E-07,-19.280001,1.45E-07,296
1.46E-07,-19.200001,1.46E-07,296
1.47E-07,-19.120001,1.47E-07,296
1.48E-07,-19.120001,1.48E-07,296
1.49E-07,-19.040001,1.49E-07,296
1.50E-07,-19.040001,1.50E-07,300
1.51E-07,-19.040001,1.51E-07,300
1.52E-07,-19.120001,1.52E-07,300
1.53E-07,-19.120001,1.53E-07,304
1.54E-07,-19.200001,1.54E-07,300
1.55E-07,-19.360001,1.55E-07,304
1.56E-07,-19.440001,1.56E-07,304
1.57E-07,-19.52,1.57E-07,304
1.58E-07,-19.68,1.58E-07,308
1.59E-07,-19.76,1.59E-07,308
1.60E-07,-19.84,1.60E-07,308
1.61E-07,-19.92,1.61E-07,308
1.62E-07,-19.92,1.62E-07,308
1.63E-07,-19.92,1.63E-07,312
1.64E-07,-19.92,1.64E-07,312
1.65E-07,-19.92,1.65E-07,312
1.66E-07,-19.92,1.66E-07,312
1.67E-07,-19.84,1.67E-07,312
1.68E-07,-19.84,1.68E-07,312
1.69E-07,-19.6,1.69E-07,312
1.70E-07,-19.6,1.70E-07,312
1.71E-07,-19.52,1.71E-07,316
1.72E-07,-19.440001,1.72E-07,316
1.73E-07,-19.440001,1.73E-07,316
1.74E-07,-19.440001,1.74E-07,316
1.75E-07,-19.440001,1.75E-07,316
1.76E-07,-19.440001,1.76E-07,320
1.77E-07,-19.440001,1.77E-07,320
1.78E-07,-19.440001,1.78E-07,324
1.79E-07,-19.440001,1.79E-07,324
1.80E-07,-19.440001,1.80E-07,324
1.81E-07,-19.360001,1.81E-07,328
1.82E-07,-19.440001,1.82E-07,328
1.83E-07,-19.360001,1.83E-07,332
1.84E-07,-19.360001,1.84E-07,332
1.85E-07,-19.360001,1.85E-07,332
1.86E-07,-19.440001,1.86E-07,336
1.87E-07,-19.440001,1.87E-07,336
1.88E-07,-19.440001,1.88E-07,340
1.89E-07,-19.440001,1.89E-07,340
1.90E-07,-19.360001,1.90E-07,340
1.91E-07,-19.360001,1.91E-07,340
1.92E-07,-19.280001,1.92E-07,344
1.93E-07,-19.280001,1.93E-07,344
1.94E-07,-19.280001,1.94E-07,344
1.95E-07,-19.200001,1.95E-07,344
1.96E-07,-19.200001,1.96E-07,344
1.97E-07,-19.200001,1.97E-07,344
1.98E-07,-19.200001,1.98E-07,344
1.99E-07,-19.200001,1.99E-07,344
2.00E-07,-19.200001,2.00E-07,348
2.01E-07,-19.120001,2.01E-07,344
2.02E-07,-19.120001,2.02E-07,348
2.03E-07,-19.120001,2.03E-07,348
2.04E-07,-19.120001,2.04E-07,348
2.05E-07,-19.120001,2.05E-07,348
2.06E-07,-19.200001,2.06E-07,348
2.07E-07,-19.200001,2.07E-07,352
2.08E-07,-19.200001,2.08E-07,352
2.09E-07,-19.280001,2.09E-07,352
2.10E-07,-19.280001,2.10E-07,352
2.11E-07,-19.280001,2.11E-07,352
2.12E-07,-19.280001,2.12E-07,356
2.13E-07,-19.280001,2.13E-07,356
2.14E-07,-19.280001,2.14E-07,356
2.15E-07,-19.280001,2.15E-07,356
2.16E-07,-19.280001,2.16E-07,356
2.17E-07,-19.280001,2.17E-07,356
2.18E-07,-19.280001,2.18E-07,360
2.19E-07,-19.200001,2.19E-07,360
2.20E-07,-19.200001,2.20E-07,360
2.21E-07,-19.200001,2.21E-07,360
2.22E-07,-19.120001,2.22E-07,360
2.23E-07,-19.120001,2.23E-07,364
2.24E-07,-19.040001,2.24E-07,360
2.25E-07,-19.040001,2.25E-07,364
2.26E-07,-19.040001,2.26E-07,364
2.27E-07,-18.959999,2.27E-07,364
2.28E-07,-18.959999,2.28E-07,364
2.29E-07,-18.879999,2.29E-07,364
2.30E-07,-18.879999,2.30E-07,368
2.31E-07,-18.799999,2.31E-07,368
2.32E-07,-18.799999,2.32E-07,368
2.33E-07,-18.799999,2.33E-07,368
2.34E-07,-18.799999,2.34E-07,368
2.35E-07,-18.799999,2.35E-07,368
2.36E-07,-18.799999,2.36E-07,372
2.37E-07,-18.879999,2.37E-07,372
2.38E-07,-18.879999,2.38E-07,376
2.39E-07,-18.879999,2.39E-07,372
2.40E-07,-18.959999,2.40E-07,376
2.41E-07,-18.959999,2.41E-07,372
2.42E-07,-18.959999,2.42E-07,376
2.43E-07,-19.040001,2.43E-07,376
2.44E-07,-18.959999,2.44E-07,376
2.45E-07,-19.040001,2.45E-07,376
2.46E-07,-19.040001,2.46E-07,376
2.47E-07,-19.040001,2.47E-07,376
2.48E-07,-19.040001,2.48E-07,376
2.49E-07,-18.959999,2.49E-07,376
2.50E-07,-19.040001,2.50E-07,376
2.51E-07,-18.959999,2.51E-07,376
2.52E-07,-18.959999,2.52E-07,376
2.53E-07,-18.879999,2.53E-07,376
2.54E-07,-18.879999,2.54E-07,376
2.55E-07,-18.879999,2.55E-07,376
2.56E-07,-18.879999,2.56E-07,376
2.57E-07,-18.879999,2.57E-07,376
2.58E-07,-18.879999,2.58E-07,376
2.59E-07,-18.879999,2.59E-07,376
2.60E-07,-18.959999,2.60E-07,380
2.61E-07,-18.879999,2.61E-07,380
2.62E-07,-18.959999,2.62E-07,380
2.63E-07,-18.959999,2.63E-07,380
2.64E-07,-18.959999,2.64E-07,380
2.65E-07,-18.959999,2.65E-07,380
2.66E-07,-18.959999,2.66E-07,380
2.67E-07,-18.959999,2.67E-07,380
2.68E-07,-18.959999,2.68E-07,380
2.69E-07,-18.959999,2.69E-07,384
2.70E-07,-18.879999,2.70E-07,384
2.71E-07,-18.879999,2.71E-07,384
2.72E-07,-18.879999,2.72E-07,384
2.73E-07,-18.799999,2.73E-07,384
2.74E-07,-18.799999,2.74E-07,384
2.75E-07,-18.799999,2.75E-07,384
2.76E-07,-18.799999,2.76E-07,384
2.77E-07,-18.719999,2.77E-07,384
2.78E-07,-18.799999,2.78E-07,384
2.79E-07,-18.719999,2.79E-07,384
2.80E-07,-18.719999,2.80E-07,384
2.81E-07,-18.719999,2.81E-07,388
2.82E-07,-18.719999,2.82E-07,388
2.83E-07,-18.719999,2.83E-07,384
2.84E-07,-18.719999,2.84E-07,384
2.85E-07,-18.719999,2.85E-07,384
2.86E-07,-18.719999,2.86E-07,388
2.87E-07,-18.799999,2.87E-07,388
2.88E-07,-18.799999,2.88E-07,384
2.89E-07,-18.879999,2.89E-07,388
2.90E-07,-18.879999,2.90E-07,388
2.91E-07,-18.879999,2.91E-07,388
2.92E-07,-18.959999,2.92E-07,384
2.93E-07,-18.959999,2.93E-07,388
2.94E-07,-18.959999,2.94E-07,384
2.95E-07,-18.959999,2.95E-07,388
2.96E-07,-18.959999,2.96E-07,384
2.97E-07,-18.959999,2.97E-07,384
2.98E-07,-18.959999,2.98E-07,388
2.99E-07,-18.959999,2.99E-07,384
3.00E-07,-18.959999,3.00E-07,384
3.01E-07,-18.879999,3.01E-07,384
3.02E-07,-18.879999,3.02E-07,384
3.03E-07,-18.879999,3.03E-07,384
3.04E-07,-18.879999,3.04E-07,384
3.05E-07,-18.879999,3.05E-07,384
3.06E-07,-18.879999,3.06E-07,388
3.07E-07,-18.799999,3.07E-07,388
3.08E-07,-18.799999,3.08E-07,388
3.09E-07,-18.799999,3.09E-07,388
3.10E-07,-18.799999,3.10E-07,388
3.11E-07,-18.799999,3.11E-07,388
3.12E-07,-18.799999,3.12E-07,388
3.13E-07,-18.799999,3.13E-07,388
3.14E-07,-18.879999,3.14E-07,388
3.15E-07,-18.799999,3.15E-07,392
3.16E-07,-18.879999,3.16E-07,388
3.17E-07,-18.879999,3.17E-07,388
3.18E-07,-18.879999,3.18E-07,388
3.19E-07,-18.799999,3.19E-07,388
3.20E-07,-18.799999,3.20E-07,392
3.21E-07,-18.799999,3.21E-07,392
3.22E-07,-18.799999,3.22E-07,392
3.23E-07,-18.799999,3.23E-07,388
3.24E-07,-18.799999,3.24E-07,392
3.25E-07,-18.799999,3.25E-07,388
3.26E-07,-18.799999,3.26E-07,388
3.27E-07,-18.799999,3.27E-07,388
3.28E-07,-18.799999,3.28E-07,392
3.29E-07,-18.799999,3.29E-07,388
3.30E-07,-18.799999,3.30E-07,392
3.31E-07,-18.799999,3.31E-07,388
3.32E-07,-18.799999,3.32E-07,388
3.33E-07,-18.799999,3.33E-07,388
3.34E-07,-18.799999,3.34E-07,388
3.35E-07,-18.799999,3.35E-07,388
3.36E-07,-18.879999,3.36E-07,388
3.37E-07,-18.879999,3.37E-07,388
3.38E-07,-18.959999,3.38E-07,392
3.39E-07,-18.959999,3.39E-07,388
3.40E-07,-18.959999,3.40E-07,388
3.41E-07,-18.959999,3.41E-07,388
3.42E-07,-18.959999,3.42E-07,388
3.43E-07,-18.959999,3.43E-07,388
3.44E-07,-18.959999,3.44E-07,388
3.45E-07,-18.959999,3.45E-07,388
3.46E-07,-19.040001,3.46E-07,388
3.47E-07,-19.040001,3.47E-07,388
3.48E-07,-19.040001,3.48E-07,388
3.49E-07,-19.040001,3.49E-07,388
3.50E-07,-19.040001,3.50E-07,388
3.51E-07,-19.040001,3.51E-07,388
3.52E-07,-19.040001,3.52E-07,388
3.53E-07,-18.959999,3.53E-07,388
3.54E-07,-19.040001,3.54E-07,388
3.55E-07,-19.040001,3.55E-07,388
3.56E-07,-18.959999,3.56E-07,392
3.57E-07,-18.959999,3.57E-07,392
3.58E-07,-18.959999,3.58E-07,392
3.59E-07,-18.959999,3.59E-07,388
3.60E-07,-18.959999,3.60E-07,388
3.61E-07,-18.959999,3.61E-07,388
3.62E-07,-18.959999,3.62E-07,392
3.63E-07,-18.959999,3.63E-07,392
3.64E-07,-18.959999,3.64E-07,392
3.65E-07,-18.959999,3.65E-07,388
3.66E-07,-18.959999,3.66E-07,392
3.67E-07,-18.959999,3.67E-07,388
3.68E-07,-19.040001,3.68E-07,392
3.69E-07,-18.959999,3.69E-07,388
3.70E-07,-19.040001,3.70E-07,392
3.71E-07,-19.040001,3.71E-07,388
3.72E-07,-19.040001,3.72E-07,392
3.73E-07,-19.040001,3.73E-07,388
3.74E-07,-19.040001,3.74E-07,388
3.75E-07,-19.040001,3.75E-07,388
3.76E-07,-19.040001,3.76E-07,392
3.77E-07,-19.040001,3.77E-07,388
3.78E-07,-19.040001,3.78E-07,388
3.79E-07,-19.040001,3.79E-07,388
3.80E-07,-19.040001,3.80E-07,388
3.81E-07,-19.120001,3.81E-07,392
3.82E-07,-19.120001,3.82E-07,388
3.83E-07,-19.120001,3.83E-07,388
3.84E-07,-19.120001,3.84E-07,388
3.85E-07,-19.120001,3.85E-07,388
3.86E-07,-19.120001,3.86E-07,388
3.87E-07,-19.120001,3.87E-07,388
3.88E-07,-19.120001,3.88E-07,388
3.89E-07,-19.200001,3.89E-07,388
3.90E-07,-19.200001,3.90E-07,388
3.91E-07,-19.200001,3.91E-07,388
3.92E-07,-19.200001,3.92E-07,388
3.93E-07,-19.200001,3.93E-07,388
3.94E-07,-19.200001,3.94E-07,388
3.95E-07,-19.200001,3.95E-07,388
3.96E-07,-19.200001,3.96E-07,388
3.97E-07,-19.200001,3.97E-07,388
3.98E-07,-19.200001,3.98E-07,388
3.99E-07,-19.200001,3.99E-07,388
4.00E-07,-19.200001,4.00E-07,388
4.01E-07,-19.200001,4.01E-07,388
4.02E-07,-19.200001,4.02E-07,388
4.03E-07,-19.200001,4.03E-07,388
4.04E-07,-19.200001,4.04E-07,388
4.05E-07,-19.200001,4.05E-07,388
4.06E-07,-19.200001,4.06E-07,388
4.07E-07,-19.120001,4.07E-07,388
4.08E-07,-19.120001,4.08E-07,388
4.09E-07,-19.120001,4.09E-07,388
4.10E-07,-19.120001,4.10E-07,388
4.11E-07,-19.120001,4.11E-07,388
4.12E-07,-19.200001,4.12E-07,388
4.13E-07,-19.120001,4.13E-07,388
4.14E-07,-19.120001,4.14E-07,388
4.15E-07,-19.120001,4.15E-07,388
4.16E-07,-19.120001,4.16E-07,388
4.17E-07,-19.200001,4.17E-07,388
4.18E-07,-19.200001,4.18E-07,388
4.19E-07,-19.200001,4.19E-07,388
4.20E-07,-19.200001,4.20E-07,388
4.21E-07,-19.200001,4.21E-07,388
4.22E-07,-19.200001,4.22E-07,388
4.23E-07,-19.200001,4.23E-07,388
4.24E-07,-19.200001,4.24E-07,388
4.25E-07,-19.280001,4.25E-07,392
4.26E-07,-19.200001,4.26E-07,388
4.27E-07,-19.280001,4.27E-07,388
4.28E-07,-19.280001,4.28E-07,388
4.29E-07,-19.280001,4.29E-07,388
4.30E-07,-19.280001,4.30E-07,388
4.31E-07,-19.280001,4.31E-07,388
4.32E-07,-19.280001,4.32E-07,388
4.33E-07,-19.280001,4.33E-07,388
4.34E-07,-19.280001,4.34E-07,388
4.35E-07,-19.280001,4.35E-07,388
4.36E-07,-19.360001,4.36E-07,388
4.37E-07,-19.360001,4.37E-07,388
4.38E-07,-19.280001,4.38E-07,388
4.39E-07,-19.360001,4.39E-07,388
4.40E-07,-19.360001,4.40E-07,388
4.41E-07,-19.360001,4.41E-07,388
4.42E-07,-19.360001,4.42E-07,388
4.43E-07,-19.360001,4.43E-07,388
4.44E-07,-19.360001,4.44E-07,388
4.45E-07,-19.360001,4.45E-07,388
4.46E-07,-19.360001,4.46E-07,388
4.47E-07,-19.360001,4.47E-07,388
4.48E-07,-19.360001,4.48E-07,388
4.49E-07,-19.360001,4.49E-07,392
4.50E-07,-19.360001,4.50E-07,392
4.51E-07,-19.360001,4.51E-07,388
4.52E-07,-19.360001,4.52E-07,388
4.53E-07,-19.360001,4.53E-07,388
4.54E-07,-19.360001,4.54E-07,392
4.55E-07,-19.360001,4.55E-07,388
4.56E-07,-19.360001,4.56E-07,388
4.57E-07,-19.360001,4.57E-07,388
4.58E-07,-19.360001,4.58E-07,388
4.59E-07,-19.360001,4.59E-07,388
4.60E-07,-19.440001,4.60E-07,392
4.61E-07,-19.360001,4.61E-07,392
4.62E-07,-19.440001,4.62E-07,392
4.63E-07,-19.440001,4.63E-07,392
4.64E-07,-19.440001,4.64E-07,392
4.65E-07,-19.440001,4.65E-07,392
4.66E-07,-19.440001,4.66E-07,392
4.67E-07,-19.440001,4.67E-07,388
4.68E-07,-19.440001,4.68E-07,388
4.69E-07,-19.440001,4.69E-07,392
4.70E-07,-19.52,4.70E-07,388
4.71E-07,-19.440001,4.71E-07,392
4.72E-07,-19.52,4.72E-07,388
4.73E-07,-19.52,4.73E-07,392
4.74E-07,-19.52,4.74E-07,388
4.75E-07,-19.440001,4.75E-07,392
4.76E-07,-19.52,4.76E-07,392
4.77E-07,-19.52,4.77E-07,388
4.78E-07,-19.52,4.78E-07,392
4.79E-07,-19.52,4.79E-07,392
4.80E-07,-19.52,4.80E-07,388
4.81E-07,-19.52,4.81E-07,392
4.82E-07,-19.52,4.82E-07,388
4.83E-07,-19.52,4.83E-07,388
4.84E-07,-19.52,4.84E-07,388
4.85E-07,-19.52,4.85E-07,392
4.86E-07,-19.52,4.86E-07,388
4.87E-07,-19.52,4.87E-07,392
4.88E-07,-19.52,4.88E-07,388
4.89E-07,-19.52,4.89E-07,392
4.90E-07,-19.52,4.90E-07,388
4.91E-07,-19.52,4.91E-07,392
4.92E-07,-19.52,4.92E-07,392
4.93E-07,-19.52,4.93E-07,392
4.94E-07,-19.52,4.94E-07,392
4.95E-07,-19.52,4.95E-07,392
4.96E-07,-19.52,4.96E-07,392
4.97E-07,-19.52,4.97E-07,392
4.98E-07,-19.52,4.98E-07,392
4.99E-07,-19.52,4.99E-07,392
5.00E-07,-19.52,5.00E-07,392
5.01E-07,-19.440001,5.01E-07,392
5.02E-07,-19.52,5.02E-07,392
5.03E-07,-19.440001,5.03E-07,392
5.04E-07,-19.52,5.04E-07,392
5.05E-07,-19.52,5.05E-07,392
5.06E-07,-19.52,5.06E-07,392
5.07E-07,-19.52,5.07E-07,392
5.08E-07,-19.52,5.08E-07,388
5.09E-07,-19.52,5.09E-07,392
5.10E-07,-19.52,5.10E-07,388
5.11E-07,-19.52,5.11E-07,388
5.12E-07,-19.52,5.12E-07,392
5.13E-07,-19.52,5.13E-07,392
5.14E-07,-19.52,5.14E-07,392
5.15E-07,-19.52,5.15E-07,392
5.16E-07,-19.52,5.16E-07,392
5.17E-07,-19.52,5.17E-07,392
5.18E-07,-19.52,5.18E-07,392
5.19E-07,-19.6,5.19E-07,392
5.20E-07,-19.6,5.20E-07,392
5.21E-07,-19.6,5.21E-07,392
5.22E-07,-19.6,5.22E-07,392
5.23E-07,-19.52,5.23E-07,392
5.24E-07,-19.6,5.24E-07,392
5.25E-07,-19.6,5.25E-07,392
5.26E-07,-19.6,5.26E-07,392
5.27E-07,-19.6,5.27E-07,392
5.28E-07,-19.6,5.28E-07,392
5.29E-07,-19.6,5.29E-07,392
5.30E-07,-19.6,5.30E-07,392
5.31E-07,-19.6,5.31E-07,392
5.32E-07,-19.6,5.32E-07,392
5.33E-07,-19.6,5.33E-07,392
5.34E-07,-19.6,5.34E-07,392
5.35E-07,-19.52,5.35E-07,392
5.36E-07,-19.6,5.36E-07,392
5.37E-07,-19.6,5.37E-07,392
5.38E-07,-19.6,5.38E-07,392
5.39E-07,-19.6,5.39E-07,392
5.40E-07,-19.6,5.40E-07,392
5.41E-07,-19.6,5.41E-07,388
5.42E-07,-19.6,5.42E-07,392
5.43E-07,-19.6,5.43E-07,392
5.44E-07,-19.6,5.44E-07,392
5.45E-07,-19.6,5.45E-07,392
5.46E-07,-19.6,5.46E-07,392
5.47E-07,-19.6,5.47E-07,392
5.48E-07,-19.6,5.48E-07,392
5.49E-07,-19.6,5.49E-07,392
5.50E-07,-19.6,5.50E-07,392
5.51E-07,-19.6,5.51E-07,392
5.52E-07,-19.6,5.52E-07,392
5.53E-07,-19.6,5.53E-07,392
5.54E-07,-19.68,5.54E-07,392
5.55E-07,-19.68,5.55E-07,392
5.56E-07,-19.68,5.56E-07,392
5.57E-07,-19.68,5.57E-07,392
5.58E-07,-19.68,5.58E-07,392
5.59E-07,-19.68,5.59E-07,392
5.60E-07,-19.68,5.60E-07,392
5.61E-07,-19.68,5.61E-07,392
5.62E-07,-19.68,5.62E-07,392
5.63E-07,-19.68,5.63E-07,392
5.64E-07,-19.68,5.64E-07,392
5.65E-07,-19.68,5.65E-07,392
5.66E-07,-19.68,5.66E-07,392
5.67E-07,-19.68,5.67E-07,392
5.68E-07,-19.68,5.68E-07,392
5.69E-07,-19.68,5.69E-07,392
5.70E-07,-19.68,5.70E-07,392
5.71E-07,-19.68,5.71E-07,392
5.72E-07,-19.68,5.72E-07,392
5.73E-07,-19.68,5.73E-07,392
5.74E-07,-19.68,5.74E-07,392
5.75E-07,-19.68,5.75E-07,392
5.76E-07,-19.68,5.76E-07,392
5.77E-07,-19.68,5.77E-07,392
5.78E-07,-19.68,5.78E-07,392
5.79E-07,-19.68,5.79E-07,392
5.80E-07,-19.68,5.80E-07,392
5.81E-07,-19.68,5.81E-07,392
5.82E-07,-19.68,5.82E-07,392
5.83E-07,-19.68,5.83E-07,392
5.84E-07,-19.68,5.84E-07,392
5.85E-07,-19.68,5.85E-07,392
5.86E-07,-19.68,5.86E-07,392
5.87E-07,-19.68,5.87E-07,392
5.88E-07,-19.68,5.88E-07,392
5.89E-07,-19.68,5.89E-07,392
5.90E-07,-19.68,5.90E-07,392
5.91E-07,-19.68,5.91E-07,392
5.92E-07,-19.68,5.92E-07,396
5.93E-07,-19.68,5.93E-07,396
5.94E-07,-19.68,5.94E-07,396
5.95E-07,-19.68,5.95E-07,392
5.96E-07,-19.68,5.96E-07,396
5.97E-07,-19.68,5.97E-07,392
5.98E-07,-19.68,5.98E-07,396
5.99E-07,-19.68,5.99E-07,392
6.00E-07,-19.68,6.00E-07,396
6.01E-07,-19.68,6.01E-07,392
6.02E-07,-19.68,6.02E-07,396
6.03E-07,-19.68,6.03E-07,396
6.04E-07,-19.68,6.04E-07,396
6.05E-07,-19.68,6.05E-07,392
6.06E-07,-19.68,6.06E-07,396
6.07E-07,-19.68,6.07E-07,396
6.08E-07,-19.68,6.08E-07,392
6.09E-07,-19.68,6.09E-07,396
6.10E-07,-19.68,6.10E-07,392
6.11E-07,-19.68,6.11E-07,396
6.12E-07,-19.68,6.12E-07,396
6.13E-07,-19.6,6.13E-07,396
6.14E-07,-19.68,6.14E-07,396
6.15E-07,-19.6,6.15E-07,396
6.16E-07,-19.68,6.16E-07,396
6.17E-07,-19.68,6.17E-07,396
6.18E-07,-19.68,6.18E-07,396
6.19E-07,-19.68,6.19E-07,392
6.20E-07,-19.68,6.20E-07,392
6.21E-07,-19.68,6.21E-07,396
6.22E-07,-19.68,6.22E-07,396
6.23E-07,-19.68,6.23E-07,396
6.24E-07,-19.68,6.24E-07,396
6.25E-07,-19.68,6.25E-07,396
6.26E-07,-19.68,6.26E-07,396
6.27E-07,-19.68,6.27E-07,392
6.28E-07,-19.68,6.28E-07,396
6.29E-07,-19.68,6.29E-07,396
6.30E-07,-19.68,6.30E-07,396
6.31E-07,-19.68,6.31E-07,396
6.32E-07,-19.68,6.32E-07,396
6.33E-07,-19.68,6.33E-07,396
6.34E-07,-19.68,6.34E-07,396
6.35E-07,-19.68,6.35E-07,396
6.36E-07,-19.68,6.36E-07,396
6.37E-07,-19.68,6.37E-07,396
6.38E-07,-19.68,6.38E-07,396
6.39E-07,-19.68,6.39E-07,396
6.40E-07,-19.68,6.40E-07,396
6.41E-07,-19.68,6.41E-07,396
6.42E-07,-19.68,6.42E-07,396
6.43E-07,-19.68,6.43E-07,396
6.44E-07,-19.68,6.44E-07,396
6.45E-07,-19.68,6.45E-07,396
6.46E-07,-19.68,6.46E-07,396
6.47E-07,-19.68,6.47E-07,396
6.48E-07,-19.68,6.48E-07,396
6.49E-07,-19.68,6.49E-07,396
6.50E-07,-19.68,6.50E-07,396
6.51E-07,-19.68,6.51E-07,396
6.52E-07,-19.68,6.52E-07,396
6.53E-07,-19.68,6.53E-07,396
6.54E-07,-19.68,6.54E-07,396
6.55E-07,-19.68,6.55E-07,396
6.56E-07,-19.68,6.56E-07,396
6.57E-07,-19.68,6.57E-07,396
6.58E-07,-19.68,6.58E-07,396
6.59E-07,-19.68,6.59E-07,396
6.60E-07,-19.68,6.60E-07,396
6.61E-07,-19.68,6.61E-07,396
6.62E-07,-19.68,6.62E-07,396
6.63E-07,-19.68,6.63E-07,396
6.64E-07,-19.68,6.64E-07,396
6.65E-07,-19.68,6.65E-07,396
6.66E-07,-19.68,6.66E-07,396
6.67E-07,-19.68,6.67E-07,396
6.68E-07,-19.68,6.68E-07,396
6.69E-07,-19.68,6.69E-07,396
6.70E-07,-19.68,6.70E-07,396
6.71E-07,-19.68,6.71E-07,396
6.72E-07,-19.68,6.72E-07,396
6.73E-07,-19.68,6.73E-07,396
6.74E-07,-19.68,6.74E-07,396
6.75E-07,-19.6,6.75E-07,396
6.76E-07,-19.68,6.76E-07,396
6.77E-07,-19.6,6.77E-07,396
6.78E-07,-19.6,6.78E-07,396
6.79E-07,-19.6,6.79E-07,396
6.80E-07,-19.6,6.80E-07,396
6.81E-07,-19.6,6.81E-07,396
6.82E-07,-19.6,6.82E-07,396
6.83E-07,-19.6,6.83E-07,396
6.84E-07,-19.6,6.84E-07,396
6.85E-07,-19.6,6.85E-07,396
6.86E-07,-19.6,6.86E-07,396
6.87E-07,-19.6,6.87E-07,396
6.88E-07,-19.6,6.88E-07,396
6.89E-07,-19.6,6.89E-07,396
6.90E-07,-19.6,6.90E-07,396
6.91E-07,-19.6,6.91E-07,396
6.92E-07,-19.68,6.92E-07,396
6.93E-07,-19.6,6.93E-07,396
6.94E-07,-19.68,6.94E-07,396
6.95E-07,-19.6,6.95E-07,396
6.96E-07,-19.68,6.96E-07,396
6.97E-07,-19.6,6.97E-07,396
6.98E-07,-19.6,6.98E-07,396
6.99E-07,-19.6,6.99E-07,396
7.00E-07,-19.6,7.00E-07,396
7.01E-07,-19.6,7.01E-07,400
7.02E-07,-19.6,7.02E-07,396
7.03E-07,-19.6,7.03E-07,396
7.04E-07,-19.6,7.04E-07,396
7.05E-07,-19.6,7.05E-07,400
7.06E-07,-19.6,7.06E-07,396
7.07E-07,-19.6,7.07E-07,400
7.08E-07,-19.6,7.08E-07,396
7.09E-07,-19.6,7.09E-07,400
7.10E-07,-19.6,7.10E-07,400
7.11E-07,-19.6,7.11E-07,396
7.12E-07,-19.6,7.12E-07,400
7.13E-07,-19.6,7.13E-07,396
7.14E-07,-19.6,7.14E-07,400
7.15E-07,-19.6,7.15E-07,400
7.16E-07,-19.6,7.16E-07,400
7.17E-07,-19.6,7.17E-07,400
7.18E-07,-19.6,7.18E-07,396
7.19E-07,-19.6,7.19E-07,400
7.20E-07,-19.6,7.20E-07,396
7.21E-07,-19.6,7.21E-07,396
7.22E-07,-19.6,7.22E-07,396
7.23E-07,-19.6,7.23E-07,400
7.24E-07,-19.6,7.24E-07,396
7.25E-07,-19.6,7.25E-07,400
7.26E-07,-19.6,7.26E-07,396
7.27E-07,-19.6,7.27E-07,400
7.28E-07,-19.6,7.28E-07,396
7.29E-07,-19.6,7.29E-07,400
7.30E-07,-19.6,7.30E-07,400
7.31E-07,-19.6,7.31E-07,400
7.32E-07,-19.6,7.32E-07,400
7.33E-07,-19.6,7.33E-07,400
7.34E-07,-19.68,7.34E-07,400
7.35E-07,-19.68,7.35E-07,400
7.36E-07,-19.6,7.36E-07,400
7.37E-07,-19.6,7.37E-07,400
7.38E-07,-19.6,7.38E-07,400
7.39E-07,-19.68,7.39E-07,400
7.40E-07,-19.6,7.40E-07,400
7.41E-07,-19.68,7.41E-07,400
7.42E-07,-19.6,7.42E-07,396
7.43E-07,-19.6,7.43E-07,400
7.44E-07,-19.68,7.44E-07,400
7.45E-07,-19.6,7.45E-07,400
7.46E-07,-19.68,7.46E-07,400
7.47E-07,-19.6,7.47E-07,400
7.48E-07,-19.68,7.48E-07,400
7.49E-07,-19.68,7.49E-07,396
7.50E-07,-19.68,7.50E-07,400
7.51E-07,-19.6,7.51E-07,396
7.52E-07,-19.6,7.52E-07,400
7.53E-07,-19.68,7.53E-07,400
7.54E-07,-19.68,7.54E-07,400
7.55E-07,-19.68,7.55E-07,400
7.56E-07,-19.68,7.56E-07,400
7.57E-07,-19.6,7.57E-07,400
7.58E-07,-19.68,7.58E-07,400
7.59E-07,-19.6,7.59E-07,400
7.60E-07,-19.68,7.60E-07,400
7.61E-07,-19.6,7.61E-07,400
7.62E-07,-19.6,7.62E-07,400
7.63E-07,-19.6,7.63E-07,400
7.64E-07,-19.6,7.64E-07,400
7.65E-07,-19.6,7.65E-07,400
7.66E-07,-19.68,7.66E-07,400
7.67E-07,-19.68,7.67E-07,400
7.68E-07,-19.68,7.68E-07,400
7.69E-07,-19.68,7.69E-07,400
7.70E-07,-19.68,7.70E-07,400
7.71E-07,-19.68,7.71E-07,400
7.72E-07,-19.6,7.72E-07,400
7.73E-07,-19.68,7.73E-07,400
7.74E-07,-19.68,7.74E-07,400
7.75E-07,-19.6,7.75E-07,400
7.76E-07,-19.68,7.76E-07,400
7.77E-07,-19.6,7.77E-07,400
7.78E-07,-19.68,7.78E-07,400
7.79E-07,-19.6,7.79E-07,400
7.80E-07,-19.68,7.80E-07,400
7.81E-07,-19.6,7.81E-07,400
7.82E-07,-19.6,7.82E-07,400
7.83E-07,-19.6,7.83E-07,400
7.84E-07,-19.6,7.84E-07,400
7.85E-07,-19.6,7.85E-07,400
7.86E-07,-19.6,7.86E-07,400
7.87E-07,-19.6,7.87E-07,400
7.88E-07,-19.6,7.88E-07,400
7.89E-07,-19.68,7.89E-07,400
7.90E-07,-19.6,7.90E-07,400
7.91E-07,-19.68,7.91E-07,400
7.92E-07,-19.68,7.92E-07,400
7.93E-07,-19.68,7.93E-07,400
7.94E-07,-19.68,7.94E-07,400
7.95E-07,-19.6,7.95E-07,400
7.96E-07,-19.68,7.96E-07,400
7.97E-07,-19.6,7.97E-07,400
7.98E-07,-19.68,7.98E-07,400
7.99E-07,-19.6,7.99E-07,400
8.00E-07,-19.68,8.00E-07,400
8.01E-07,-19.6,8.01E-07,400
8.02E-07,-19.68,8.02E-07,400
8.03E-07,-19.68,8.03E-07,400
8.04E-07,-19.68,8.04E-07,400
8.05E-07,-19.68,8.05E-07,400
8.06E-07,-19.68,8.06E-07,400
8.07E-07,-19.68,8.07E-07,400
8.08E-07,-19.68,8.08E-07,400
8.09E-07,-19.68,8.09E-07,400
8.10E-07,-19.68,8.10E-07,400
8.11E-07,-19.6,8.11E-07,400
8.12E-07,-19.68,8.12E-07,400
8.13E-07,-19.68,8.13E-07,400
8.14E-07,-19.68,8.14E-07,400
8.15E-07,-19.68,8.15E-07,400
8.16E-07,-19.68,8.16E-07,400
8.17E-07,-19.68,8.17E-07,400
8.18E-07,-19.68,8.18E-07,400
8.19E-07,-19.68,8.19E-07,400
8.20E-07,-19.68,8.20E-07,400
8.21E-07,-19.68,8.21E-07,400
8.22E-07,-19.68,8.22E-07,400
8.23E-07,-19.68,8.23E-07,400
8.24E-07,-19.68,8.24E-07,400
8.25E-07,-19.68,8.25E-07,400
8.26E-07,-19.68,8.26E-07,400
8.27E-07,-19.68,8.27E-07,400
8.28E-07,-19.76,8.28E-07,400
8.29E-07,-19.68,8.29E-07,400
8.30E-07,-19.68,8.30E-07,400
8.31E-07,-19.68,8.31E-07,400
8.32E-07,-19.68,8.32E-07,400
8.33E-07,-19.68,8.33E-07,400
8.34E-07,-19.68,8.34E-07,400
8.35E-07,-19.68,8.35E-07,400
8.36E-07,-19.68,8.36E-07,400
8.37E-07,-19.68,8.37E-07,400
8.38E-07,-19.68,8.38E-07,400
8.39E-07,-19.68,8.39E-07,400
8.40E-07,-19.76,8.40E-07,400
8.41E-07,-19.76,8.41E-07,400
8.42E-07,-19.68,8.42E-07,400
8.43E-07,-19.68,8.43E-07,400
8.44E-07,-19.76,8.44E-07,400
8.45E-07,-19.76,8.45E-07,400
8.46E-07,-19.76,8.46E-07,400
8.47E-07,-19.68,8.47E-07,400
8.48E-07,-19.76,8.48E-07,400
8.49E-07,-19.76,8.49E-07,400
8.50E-07,-19.76,8.50E-07,400
8.51E-07,-19.68,8.51E-07,400
8.52E-07,-19.68,8.52E-07,400
8.53E-07,-19.68,8.53E-07,400
8.54E-07,-19.76,8.54E-07,400
8.55E-07,-19.76,8.55E-07,400
8.56E-07,-19.68,8.56E-07,400
8.57E-07,-19.76,8.57E-07,400
8.58E-07,-19.76,8.58E-07,400
8.59E-07,-19.68,8.59E-07,400
8.60E-07,-19.76,8.60E-07,400
8.61E-07,-19.76,8.61E-07,400
8.62E-07,-19.76,8.62E-07,400
8.63E-07,-19.76,8.63E-07,404
8.64E-07,-19.76,8.64E-07,400
8.65E-07,-19.76,8.65E-07,400
8.66E-07,-19.76,8.66E-07,400
8.67E-07,-19.76,8.67E-07,400
8.68E-07,-19.76,8.68E-07,400
8.69E-07,-19.76,8.69E-07,400
8.70E-07,-19.76,8.70E-07,400
8.71E-07,-19.76,8.71E-07,404
8.72E-07,-19.76,8.72E-07,400
8.73E-07,-19.76,8.73E-07,400
8.74E-07,-19.76,8.74E-07,400
8.75E-07,-19.76,8.75E-07,400
8.76E-07,-19.84,8.76E-07,400
8.77E-07,-19.76,8.77E-07,400
8.78E-07,-19.84,8.78E-07,400
8.79E-07,-19.76,8.79E-07,400
8.80E-07,-19.84,8.80E-07,400
8.81E-07,-19.76,8.81E-07,400
8.82E-07,-19.76,8.82E-07,400
8.83E-07,-19.84,8.83E-07,400
8.84E-07,-19.76,8.84E-07,400
8.85E-07,-19.76,8.85E-07,404
8.86E-07,-19.84,8.86E-07,404
8.87E-07,-19.76,8.87E-07,400
8.88E-07,-19.76,8.88E-07,400
8.89E-07,-19.84,8.89E-07,400
8.90E-07,-19.84,8.90E-07,400
8.91E-07,-19.76,8.91E-07,400
8.92E-07,-19.84,8.92E-07,400
8.93E-07,-19.84,8.93E-07,400
8.94E-07,-19.84,8.94E-07,400
8.95E-07,-19.76,8.95E-07,400
8.96E-07,-19.84,8.96E-07,400
8.97E-07,-19.84,8.97E-07,400
8.98E-07,-19.84,8.98E-07,400
8.99E-07,-19.84,8.99E-07,404
9.00E-07,-19.84,9.00E-07,400
9.01E-07,-19.84,9.01E-07,404
9.02E-07,-19.84,9.02E-07,400
9.03E-07,-19.84,9.03E-07,400
9.04E-07,-19.84,9.04E-07,400
9.05E-07,-19.84,9.05E-07,400
9.06E-07,-19.84,9.06E-07,400
9.07E-07,-19.84,9.07E-07,400
9.08E-07,-19.84,9.08E-07,400
9.09E-07,-19.84,9.09E-07,400
9.10E-07,-19.84,9.10E-07,400
9.11E-07,-19.84,9.11E-07,400
9.12E-07,-19.84,9.12E-07,400
9.13E-07,-19.84,9.13E-07,400
9.14E-07,-19.84,9.14E-07,400
9.15E-07,-19.84,9.15E-07,400
9.16E-07,-19.84,9.16E-07,400
9.17E-07,-19.84,9.17E-07,400
9.18E-07,-19.84,9.18E-07,400
9.19E-07,-19.84,9.19E-07,400
9.20E-07,-19.84,9.20E-07,400
9.21E-07,-19.84,9.21E-07,400
9.22E-07,-19.84,9.22E-07,400
9.23E-07,-19.84,9.23E-07,400
9.24E-07,-19.84,9.24E-07,400
9.25E-07,-19.84,9.25E-07,400
9.26E-07,-19.84,9.26E-07,400
9.27E-07,-19.84,9.27E-07,400
9.28E-07,-19.92,9.28E-07,400
9.29E-07,-19.84,9.29E-07,400
9.30E-07,-19.92,9.30E-07,400
9.31E-07,-19.84,9.31E-07,400
9.32E-07,-19.84,9.32E-07,400
9.33E-07,-19.84,9.33E-07,400
9.34E-07,-19.84,9.34E-07,400
9.35E-07,-19.84,9.35E-07,400
9.36E-07,-19.84,9.36E-07,400
9.37E-07,-19.84,9.37E-07,400
9.38E-07,-19.84,9.38E-07,400
9.39E-07,-19.84,9.39E-07,400
9.40E-07,-19.92,9.40E-07,400
9.41E-07,-19.84,9.41E-07,400
9.42E-07,-19.84,9.42E-07,400
9.43E-07,-19.84,9.43E-07,400
9.44E-07,-19.84,9.44E-07,400
9.45E-07,-19.84,9.45E-07,400
9.46E-07,-19.84,9.46E-07,400
9.47E-07,-19.84,9.47E-07,400
9.48E-07,-19.84,9.48E-07,400
9.49E-07,-19.84,9.49E-07,400
9.50E-07,-19.92,9.50E-07,400
9.51E-07,-19.92,9.51E-07,400
9.52E-07,-19.92,9.52E-07,400
9.53E-07,-19.92,9.53E-07,400
9.54E-07,-19.92,9.54E-07,400
9.55E-07,-19.92,9.55E-07,400
9.56E-07,-19.84,9.56E-07,400
9.57E-07,-19.92,9.57E-07,404
9.58E-07,-19.92,9.58E-07,404
9.59E-07,-19.92,9.59E-07,400
9.60E-07,-19.84,9.60E-07,400
9.61E-07,-19.92,9.61E-07,400
9.62E-07,-19.92,9.62E-07,400
9.63E-07,-19.92,9.63E-07,400
9.64E-07,-19.84,9.64E-07,400
9.65E-07,-19.84,9.65E-07,400
9.66E-07,-19.92,9.66E-07,400
9.67E-07,-19.92,9.67E-07,400
9.68E-07,-19.92,9.68E-07,400
9.69E-07,-19.92,9.69E-07,404
9.70E-07,-19.92,9.70E-07,400
9.71E-07,-19.92,9.71E-07,404
9.72E-07,-19.92,9.72E-07,404
9.73E-07,-19.84,9.73E-07,404
9.74E-07,-19.92,9.74E-07,404
9.75E-07,-19.92,9.75E-07,404
9.76E-07,-19.92,9.76E-07,404
9.77E-07,-19.92,9.77E-07,404
9.78E-07,-19.92,9.78E-07,404
9.79E-07,-19.92,9.79E-07,400
9.80E-07,-19.92,9.80E-07,404
9.81E-07,-19.92,9.81E-07,400
9.82E-07,-19.92,9.82E-07,404
9.83E-07,-19.92,9.83E-07,404
9.84E-07,-19.92,9.84E-07,404
9.85E-07,-19.92,9.85E-07,404
9.86E-07,-19.92,9.86E-07,404
9.87E-07,-19.92,9.87E-07,404
9.88E-07,-19.92,9.88E-07,404
9.89E-07,-19.84,9.89E-07,404
9.90E-07,-19.84,9.90E-07,404
9.91E-07,-19.84,9.91E-07,404
9.92E-07,-19.92,9.92E-07,400
9.93E-07,-19.84,9.93E-07,404
9.94E-07,-19.92,9.94E-07,404
9.95E-07,-19.84,9.95E-07,404
9.96E-07,-19.92,9.96E-07,404
9.97E-07,-19.92,9.97E-07,404
9.98E-07,-19.92,9.98E-07,404
9.99E-07,-19.92,9.99E-07,404
1.00E-06,-19.92,1.00E-06,404
1.00E-06,-19.84,1.00E-06,404
1.00E-06,-19.92,1.00E-06,404
1.00E-06,-19.92,1.00E-06,404
1.00E-06,-19.92,1.00E-06,400
1.01E-06,-19.84,1.01E-06,404
1.01E-06,-19.92,1.01E-06,404
1.01E-06,-19.84,1.01E-06,404
1.01E-06,-19.92,1.01E-06,404
1.01E-06,-19.92,1.01E-06,404
1.01E-06,-19.92,1.01E-06,404
1.01E-06,-19.92,1.01E-06,404
1.01E-06,-19.92,1.01E-06,400
1.01E-06,-19.92,1.01E-06,404
1.01E-06,-19.92,1.01E-06,400
1.02E-06,-19.92,1.02E-06,404
1.02E-06,-19.84,1.02E-06,400
1.02E-06,-19.84,1.02E-06,404
1.02E-06,-19.92,1.02E-06,404
1.02E-06,-19.92,1.02E-06,404
1.02E-06,-19.92,1.02E-06,404
1.02E-06,-19.92,1.02E-06,404
1.02E-06,-19.92,1.02E-06,404
1.02E-06,-19.92,1.02E-06,404
1.02E-06,-19.92,1.02E-06,404
1.03E-06,-19.84,1.03E-06,404
1.03E-06,-19.92,1.03E-06,404
1.03E-06,-19.84,1.03E-06,404
1.03E-06,-19.92,1.03E-06,404
1.03E-06,-19.84,1.03E-06,404
1.03E-06,-19.84,1.03E-06,404
1.03E-06,-19.84,1.03E-06,404
1.03E-06,-19.84,1.03E-06,404
1.03E-06,-19.84,1.03E-06,404
1.03E-06,-19.84,1.03E-06,404
1.04E-06,-19.84,1.04E-06,404
1.04E-06,-19.84,1.04E-06,404
1.04E-06,-19.84,1.04E-06,404
1.04E-06,-19.84,1.04E-06,404
1.04E-06,-19.84,1.04E-06,404
1.04E-06,-19.84,1.04E-06,404
1.04E-06,-19.84,1.04E-06,404
1.04E-06,-19.84,1.04E-06,404
1.04E-06,-19.84,1.04E-06,404
1.04E-06,-19.84,1.04E-06,404
1.05E-06,-19.84,1.05E-06,404
1.05E-06,-19.84,1.05E-06,404
1.05E-06,-19.84,1.05E-06,404
1.05E-06,-19.84,1.05E-06,404
1.05E-06,-19.84,1.05E-06,400
1.05E-06,-19.84,1.05E-06,400
1.05E-06,-19.84,1.05E-06,404
1.05E-06,-19.84,1.05E-06,400
1.05E-06,-19.84,1.05E-06,404
1.05E-06,-19.84,1.05E-06,404
1.06E-06,-19.84,1.06E-06,404
1.06E-06,-19.84,1.06E-06,404
1.06E-06,-19.84,1.06E-06,404
1.06E-06,-19.84,1.06E-06,404
1.06E-06,-19.84,1.06E-06,404
1.06E-06,-19.84,1.06E-06,404
1.06E-06,-19.84,1.06E-06,404
1.06E-06,-19.84,1.06E-06,404
1.06E-06,-19.84,1.06E-06,404
1.06E-06,-19.84,1.06E-06,404
1.07E-06,-19.84,1.07E-06,404
1.07E-06,-19.84,1.07E-06,404
1.07E-06,-19.84,1.07E-06,404
1.07E-06,-19.84,1.07E-06,404
1.07E-06,-19.84,1.07E-06,404
1.07E-06,-19.84,1.07E-06,404
1.07E-06,-19.84,1.07E-06,404
1.07E-06,-19.84,1.07E-06,404
1.07E-06,-19.84,1.07E-06,404
1.07E-06,-19.84,1.07E-06,404
1.08E-06,-19.84,1.08E-06,400
1.08E-06,-19.84,1.08E-06,404
1.08E-06,-19.84,1.08E-06,404
1.08E-06,-19.84,1.08E-06,404
1.08E-06,-19.84,1.08E-06,404
1.08E-06,-19.84,1.08E-06,404
1.08E-06,-19.76,1.08E-06,404
1.08E-06,-19.84,1.08E-06,404
1.08E-06,-19.84,1.08E-06,404
1.08E-06,-19.84,1.08E-06,400
1.09E-06,-19.76,1.09E-06,404
1.09E-06,-19.84,1.09E-06,400
1.09E-06,-19.84,1.09E-06,400
1.09E-06,-19.84,1.09E-06,404
1.09E-06,-19.76,1.09E-06,404
1.09E-06,-19.84,1.09E-06,404
1.09E-06,-19.84,1.09E-06,404
1.09E-06,-19.84,1.09E-06,404
1.09E-06,-19.76,1.09E-06,404
1.09E-06,-19.76,1.09E-06,404
1.10E-06,-19.76,1.10E-06,404
1.10E-06,-19.76,1.10E-06,404
1.10E-06,-19.76,1.10E-06,404
1.10E-06,-19.76,1.10E-06,404
1.10E-06,-19.84,1.10E-06,404
1.10E-06,-19.76,1.10E-06,404
1.10E-06,-19.76,1.10E-06,404
1.10E-06,-19.84,1.10E-06,404
1.10E-06,-19.76,1.10E-06,404
1.10E-06,-19.84,1.10E-06,404
1.11E-06,-19.76,1.11E-06,404
1.11E-06,-19.84,1.11E-06,404
1.11E-06,-19.76,1.11E-06,404
1.11E-06,-19.84,1.11E-06,404
1.11E-06,-19.76,1.11E-06,404
1.11E-06,-19.84,1.11E-06,404
1.11E-06,-19.76,1.11E-06,404
1.11E-06,-19.76,1.11E-06,404
1.11E-06,-19.76,1.11E-06,404
1.11E-06,-19.84,1.11E-06,404
1.12E-06,-19.76,1.12E-06,404
1.12E-06,-19.84,1.12E-06,404
1.12E-06,-19.76,1.12E-06,404
1.12E-06,-19.76,1.12E-06,404
1.12E-06,-19.76,1.12E-06,404
1.12E-06,-19.76,1.12E-06,404
1.12E-06,-19.76,1.12E-06,404
1.12E-06,-19.76,1.12E-06,404
1.12E-06,-19.76,1.12E-06,404
1.12E-06,-19.76,1.12E-06,404
1.13E-06,-19.76,1.13E-06,404
1.13E-06,-19.76,1.13E-06,404
1.13E-06,-19.76,1.13E-06,404
1.13E-06,-19.76,1.13E-06,404
1.13E-06,-19.76,1.13E-06,404
1.13E-06,-19.76,1.13E-06,404
1.13E-06,-19.76,1.13E-06,404
1.13E-06,-19.76,1.13E-06,404
1.13E-06,-19.76,1.13E-06,404
1.13E-06,-19.76,1.13E-06,404
1.14E-06,-19.76,1.14E-06,404
1.14E-06,-19.76,1.14E-06,404
1.14E-06,-19.76,1.14E-06,404
1.14E-06,-19.76,1.14E-06,404
1.14E-06,-19.76,1.14E-06,404
1.14E-06,-19.76,1.14E-06,404
1.14E-06,-19.76,1.14E-06,404
1.14E-06,-19.76,1.14E-06,404
1.14E-06,-19.76,1.14E-06,404
1.14E-06,-19.76,1.14E-06,404
1.15E-06,-19.76,1.15E-06,404
1.15E-06,-19.76,1.15E-06,404
1.15E-06,-19.76,1.15E-06,404
1.15E-06,-19.76,1.15E-06,404
1.15E-06,-19.76,1.15E-06,404
1.15E-06,-19.76,1.15E-06,404
1.15E-06,-19.76,1.15E-06,404
1.15E-06,-19.76,1.15E-06,404
1.15E-06,-19.76,1.15E-06,404
1.15E-06,-19.76,1.15E-06,404
1.16E-06,-19.76,1.16E-06,404
1.16E-06,-19.76,1.16E-06,404
1.16E-06,-19.76,1.16E-06,404
1.16E-06,-19.76,1.16E-06,404
1.16E-06,-19.76,1.16E-06,404
1.16E-06,-19.76,1.16E-06,404
1.16E-06,-19.76,1.16E-06,404
1.16E-06,-19.76,1.16E-06,404
1.16E-06,-19.76,1.16E-06,404
1.16E-06,-19.76,1.16E-06,404
1.17E-06,-19.76,1.17E-06,404
1.17E-06,-19.76,1.17E-06,404
1.17E-06,-19.68,1.17E-06,404
1.17E-06,-19.76,1.17E-06,404
1.17E-06,-19.68,1.17E-06,404
1.17E-06,-19.76,1.17E-06,404
1.17E-06,-19.76,1.17E-06,404
1.17E-06,-19.76,1.17E-06,404
1.17E-06,-19.76,1.17E-06,404
1.17E-06,-19.68,1.17E-06,404
1.18E-06,-19.76,1.18E-06,404
1.18E-06,-19.76,1.18E-06,404
1.18E-06,-19.76,1.18E-06,404
1.18E-06,-19.76,1.18E-06,404
1.18E-06,-19.68,1.18E-06,404
1.18E-06,-19.76,1.18E-06,400
1.18E-06,-19.68,1.18E-06,404
1.18E-06,-19.76,1.18E-06,404
1.18E-06,-19.76,1.18E-06,404
1.18E-06,-19.76,1.18E-06,404
1.19E-06,-19.76,1.19E-06,404
1.19E-06,-19.76,1.19E-06,404
1.19E-06,-19.76,1.19E-06,404
1.19E-06,-19.76,1.19E-06,404
1.19E-06,-19.76,1.19E-06,404
1.19E-06,-19.76,1.19E-06,404
1.19E-06,-19.76,1.19E-06,404
1.19E-06,-19.76,1.19E-06,404
1.19E-06,-19.76,1.19E-06,404
1.19E-06,-19.76,1.19E-06,404
1.20E-06,-19.76,1.20E-06,404
1.20E-06,-19.76,1.20E-06,404
1.20E-06,-19.76,1.20E-06,404
1.20E-06,-19.76,1.20E-06,404
1.20E-06,-19.76,1.20E-06,404
1.20E-06,-19.76,1.20E-06,404
1.20E-06,-19.76,1.20E-06,404
1.20E-06,-19.76,1.20E-06,404
1.20E-06,-19.68,1.20E-06,404
1.20E-06,-19.68,1.20E-06,404
1.21E-06,-19.76,1.21E-06,404
1.21E-06,-19.76,1.21E-06,404
1.21E-06,-19.76,1.21E-06,404
1.21E-06,-19.68,1.21E-06,404
1.21E-06,-19.76,1.21E-06,404
1.21E-06,-19.76,1.21E-06,404
1.21E-06,-19.76,1.21E-06,404
1.21E-06,-19.76,1.21E-06,404
1.21E-06,-19.76,1.21E-06,404
1.21E-06,-19.76,1.21E-06,404
1.22E-06,-19.68,1.22E-06,404
1.22E-06,-19.76,1.22E-06,404
1.22E-06,-19.68,1.22E-06,404
1.22E-06,-19.76,1.22E-06,400
1.22E-06,-19.68,1.22E-06,404
1.22E-06,-19.76,1.22E-06,400
1.22E-06,-19.68,1.22E-06,404
1.22E-06,-19.76,1.22E-06,404
1.22E-06,-19.68,1.22E-06,404
1.22E-06,-19.76,1.22E-06,404
1.23E-06,-19.76,1.23E-06,404
1.23E-06,-19.76,1.23E-06,404
1.23E-06,-19.76,1.23E-06,404
1.23E-06,-19.76,1.23E-06,400
1.23E-06,-19.76,1.23E-06,404
1.23E-06,-19.76,1.23E-06,404
1.23E-06,-19.76,1.23E-06,404
1.23E-06,-19.68,1.23E-06,404
1.23E-06,-19.76,1.23E-06,404
1.23E-06,-19.76,1.23E-06,404
1.24E-06,-19.76,1.24E-06,404
1.24E-06,-19.76,1.24E-06,404
1.24E-06,-19.76,1.24E-06,404
1.24E-06,-19.76,1.24E-06,404
1.24E-06,-19.76,1.24E-06,404
1.24E-06,-19.76,1.24E-06,404
1.24E-06,-19.76,1.24E-06,400
1.24E-06,-19.76,1.24E-06,404
1.24E-06,-19.68,1.24E-06,400
1.24E-06,-19.76,1.24E-06,404
1.25E-06,-19.68,1.25E-06,404
1.25E-06,-19.76,1.25E-06,404
1.25E-06,-19.68,1.25E-06,404
1.25E-06,-19.76,1.25E-06,404
1.25E-06,-19.68,1.25E-06,404
1.25E-06,-19.76,1.25E-06,404
1.25E-06,-19.68,1.25E-06,400
1.25E-06,-19.76,1.25E-06,400
1.25E-06,-19.68,1.25E-06,400
1.25E-06,-19.76,1.25E-06,404
1.26E-06,-19.68,1.26E-06,400
1.26E-06,-19.76,1.26E-06,400
1.26E-06,-19.68,1.26E-06,400
1.26E-06,-19.68,1.26E-06,404
1.26E-06,-19.68,1.26E-06,404
1.26E-06,-19.76,1.26E-06,400
1.26E-06,-19.68,1.26E-06,404
1.26E-06,-19.76,1.26E-06,404
1.26E-06,-19.68,1.26E-06,404
1.26E-06,-19.76,1.26E-06,404
1.27E-06,-19.76,1.27E-06,404
1.27E-06,-19.76,1.27E-06,400
1.27E-06,-19.76,1.27E-06,404
1.27E-06,-19.76,1.27E-06,400
1.27E-06,-19.76,1.27E-06,400
1.27E-06,-19.76,1.27E-06,400
1.27E-06,-19.76,1.27E-06,400
1.27E-06,-19.76,1.27E-06,400
1.27E-06,-19.76,1.27E-06,400
1.27E-06,-19.76,1.27E-06,400
1.28E-06,-19.68,1.28E-06,400
1.28E-06,-19.76,1.28E-06,404
1.28E-06,-19.68,1.28E-06,404
1.28E-06,-19.76,1.28E-06,404
1.28E-06,-19.68,1.28E-06,400
1.28E-06,-19.68,1.28E-06,400
1.28E-06,-19.68,1.28E-06,404
1.28E-06,-19.68,1.28E-06,400
1.28E-06,-19.68,1.28E-06,400
1.28E-06,-19.68,1.28E-06,400
1.29E-06,-19.76,1.29E-06,400
1.29E-06,-19.68,1.29E-06,400
1.29E-06,-19.68,1.29E-06,400
1.29E-06,-19.76,1.29E-06,400
1.29E-06,-19.76,1.29E-06,400
1.29E-06,-19.76,1.29E-06,400
1.29E-06,-19.68,1.29E-06,400
1.29E-06,-19.76,1.29E-06,400
1.29E-06,-19.76,1.29E-06,400
1.29E-06,-19.76,1.29E-06,400
1.30E-06,-19.68,1.30E-06,400
1.30E-06,-19.76,1.30E-06,400
1.30E-06,-19.68,1.30E-06,404
1.30E-06,-19.76,1.30E-06,400
1.30E-06,-19.76,1.30E-06,400
1.30E-06,-19.68,1.30E-06,404
1.30E-06,-19.68,1.30E-06,400
1.30E-06,-19.76,1.30E-06,400
1.30E-06,-19.68,1.30E-06,400
1.30E-06,-19.76,1.30E-06,400
1.31E-06,-19.76,1.31E-06,400
1.31E-06,-19.68,1.31E-06,400
1.31E-06,-19.68,1.31E-06,400
1.31E-06,-19.68,1.31E-06,400
1.31E-06,-19.68,1.31E-06,400
1.31E-06,-19.76,1.31E-06,400
1.31E-06,-19.76,1.31E-06,400
1.31E-06,-19.76,1.31E-06,400
1.31E-06,-19.76,1.31E-06,400
1.31E-06,-19.76,1.31E-06,400
1.32E-06,-19.76,1.32E-06,400
1.32E-06,-19.76,1.32E-06,400
1.32E-06,-19.76,1.32E-06,400
1.32E-06,-19.76,1.32E-06,400
1.32E-06,-19.68,1.32E-06,400
1.32E-06,-19.68,1.32E-06,400
1.32E-06,-19.68,1.32E-06,400
1.32E-06,-19.68,1.32E-06,404
1.32E-06,-19.68,1.32E-06,400
1.32E-06,-19.68,1.32E-06,400
1.33E-06,-19.76,1.33E-06,400
1.33E-06,-19.68,1.33E-06,400
1.33E-06,-19.68,1.33E-06,400
1.33E-06,-19.76,1.33E-06,400
1.33E-06,-19.68,1.33E-06,400
1.33E-06,-19.76,1.33E-06,400
1.33E-06,-19.68,1.33E-06,400
1.33E-06,-19.76,1.33E-06,400
1.33E-06,-19.68,1.33E-06,400
1.33E-06,-19.76,1.33E-06,400
1.34E-06,-19.68,1.34E-06,400
1.34E-06,-19.76,1.34E-06,400
1.34E-06,-19.68,1.34E-06,400
1.34E-06,-19.68,1.34E-06,400
1.34E-06,-19.68,1.34E-06,400
1.34E-06,-19.68,1.34E-06,400
1.34E-06,-19.68,1.34E-06,400
1.34E-06,-19.68,1.34E-06,400
1.34E-06,-19.68,1.34E-06,400
1.34E-06,-19.68,1.34E-06,400
1.35E-06,-19.68,1.35E-06,400
1.35E-06,-19.68,1.35E-06,400
1.35E-06,-19.68,1.35E-06,400
1.35E-06,-19.68,1.35E-06,400
1.35E-06,-19.68,1.35E-06,400
1.35E-06,-19.68,1.35E-06,400
1.35E-06,-19.68,1.35E-06,400
1.35E-06,-19.68,1.35E-06,400
1.35E-06,-19.68,1.35E-06,400
1.35E-06,-19.68,1.35E-06,400
1.36E-06,-19.68,1.36E-06,400
1.36E-06,-19.68,1.36E-06,400
1.36E-06,-19.68,1.36E-06,400
1.36E-06,-19.68,1.36E-06,400
1.36E-06,-19.68,1.36E-06,400
1.36E-06,-19.68,1.36E-06,400
1.36E-06,-19.68,1.36E-06,400
1.36E-06,-19.68,1.36E-06,400
1.36E-06,-19.68,1.36E-06,400
1.36E-06,-19.76,1.36E-06,400
1.37E-06,-19.68,1.37E-06,400
1.37E-06,-19.68,1.37E-06,400
1.37E-06,-19.68,1.37E-06,400
1.37E-06,-19.68,1.37E-06,400
1.37E-06,-19.68,1.37E-06,400
1.37E-06,-19.68,1.37E-06,404
1.37E-06,-19.68,1.37E-06,400
1.37E-06,-19.68,1.37E-06,400
1.37E-06,-19.68,1.37E-06,400
1.37E-06,-19.68,1.37E-06,400
1.38E-06,-19.68,1.38E-06,400
1.38E-06,-19.68,1.38E-06,400
1.38E-06,-19.68,1.38E-06,400
1.38E-06,-19.68,1.38E-06,400
1.38E-06,-19.68,1.38E-06,400
1.38E-06,-19.68,1.38E-06,400
1.38E-06,-19.68,1.38E-06,400
1.38E-06,-19.68,1.38E-06,400
1.38E-06,-19.68,1.38E-06,400
1.38E-06,-19.68,1.38E-06,400
1.39E-06,-19.68,1.39E-06,400
1.39E-06,-19.68,1.39E-06,400
1.39E-06,-19.68,1.39E-06,400
1.39E-06,-19.68,1.39E-06,400
1.39E-06,-19.68,1.39E-06,400
1.39E-06,-19.68,1.39E-06,400
1.39E-06,-19.68,1.39E-06,400
1.39E-06,-19.68,1.39E-06,400
1.39E-06,-19.68,1.39E-06,400
1.39E-06,-19.68,1.39E-06,400
1.40E-06,-19.68,1.40E-06,400
1.40E-06,-19.68,1.40E-06,400
1.40E-06,-19.68,1.40E-06,400
1.40E-06,-19.68,1.40E-06,400
1.40E-06,-19.68,1.40E-06,400
1.40E-06,-19.68,1.40E-06,400
1.40E-06,-19.68,1.40E-06,400
1.40E-06,-19.68,1.40E-06,400
1.40E-06,-19.68,1.40E-06,400
1.40E-06,-19.68,1.40E-06,400
1.41E-06,-19.68,1.41E-06,400
1.41E-06,-19.68,1.41E-06,400
1.41E-06,-19.68,1.41E-06,400
1.41E-06,-19.68,1.41E-06,400
1.41E-06,-19.68,1.41E-06,400
1.41E-06,-19.68,1.41E-06,400
1.41E-06,-19.68,1.41E-06,400
1.41E-06,-19.68,1.41E-06,400
1.41E-06,-19.68,1.41E-06,400
1.41E-06,-19.68,1.41E-06,400
1.42E-06,-19.68,1.42E-06,400
1.42E-06,-19.68,1.42E-06,400
1.42E-06,-19.68,1.42E-06,400
1.42E-06,-19.68,1.42E-06,400
1.42E-06,-19.6,1.42E-06,400
1.42E-06,-19.68,1.42E-06,400
1.42E-06,-19.68,1.42E-06,400
1.42E-06,-19.68,1.42E-06,400
1.42E-06,-19.68,1.42E-06,400
1.42E-06,-19.68,1.42E-06,400
1.43E-06,-19.68,1.43E-06,400
1.43E-06,-19.68,1.43E-06,400
1.43E-06,-19.68,1.43E-06,400
1.43E-06,-19.68,1.43E-06,400
1.43E-06,-19.68,1.43E-06,400
1.43E-06,-19.68,1.43E-06,400
1.43E-06,-19.68,1.43E-06,400
1.43E-06,-19.68,1.43E-06,400
1.43E-06,-19.68,1.43E-06,400
1.43E-06,-19.68,1.43E-06,400
1.44E-06,-19.6,1.44E-06,400
1.44E-06,-19.68,1.44E-06,400
1.44E-06,-19.6,1.44E-06,400
1.44E-06,-19.68,1.44E-06,400
1.44E-06,-19.68,1.44E-06,400
1.44E-06,-19.68,1.44E-06,400
1.44E-06,-19.68,1.44E-06,400
1.44E-06,-19.68,1.44E-06,400
1.44E-06,-19.6,1.44E-06,400
1.44E-06,-19.68,1.44E-06,400
1.45E-06,-19.6,1.45E-06,400
1.45E-06,-19.68,1.45E-06,400
1.45E-06,-19.6,1.45E-06,400
1.45E-06,-19.68,1.45E-06,400
1.45E-06,-19.6,1.45E-06,400
1.45E-06,-19.68,1.45E-06,400
1.45E-06,-19.6,1.45E-06,400
1.45E-06,-19.6,1.45E-06,400
1.45E-06,-19.68,1.45E-06,400
1.45E-06,-19.6,1.45E-06,400
1.46E-06,-19.68,1.46E-06,400
1.46E-06,-19.68,1.46E-06,400
1.46E-06,-19.6,1.46E-06,400
1.46E-06,-19.6,1.46E-06,400
1.46E-06,-19.6,1.46E-06,400
1.46E-06,-19.6,1.46E-06,400
1.46E-06,-19.6,1.46E-06,400
1.46E-06,-19.6,1.46E-06,400
1.46E-06,-19.6,1.46E-06,400
1.46E-06,-19.68,1.46E-06,400
1.47E-06,-19.6,1.47E-06,400
1.47E-06,-19.68,1.47E-06,400
1.47E-06,-19.6,1.47E-06,400
1.47E-06,-19.68,1.47E-06,400
1.47E-06,-19.6,1.47E-06,400
1.47E-06,-19.6,1.47E-06,400
1.47E-06,-19.6,1.47E-06,400
1.47E-06,-19.6,1.47E-06,400
1.47E-06,-19.6,1.47E-06,400
1.47E-06,-19.6,1.47E-06,400
1.48E-06,-19.6,1.48E-06,400
1.48E-06,-19.68,1.48E-06,400
1.48E-06,-19.6,1.48E-06,400
1.48E-06,-19.6,1.48E-06,400
1.48E-06,-19.6,1.48E-06,400
1.48E-06,-19.6,1.48E-06,400
1.48E-06,-19.6,1.48E-06,396
1.48E-06,-19.6,1.48E-06,400
1.48E-06,-19.6,1.48E-06,400
1.48E-06,-19.6,1.48E-06,396
1.49E-06,-19.6,1.49E-06,400
1.49E-06,-19.6,1.49E-06,400
1.49E-06,-19.6,1.49E-06,400
1.49E-06,-19.6,1.49E-06,400
1.49E-06,-19.6,1.49E-06,396
1.49E-06,-19.6,1.49E-06,400
1.49E-06,-19.6,1.49E-06,396
1.49E-06,-19.6,1.49E-06,400
1.49E-06,-19.6,1.49E-06,396
1.49E-06,-19.6,1.49E-06,400
1.50E-06,-19.6,1.50E-06,400
1.50E-06,-19.6,1.50E-06,400
1.50E-06,-19.6,1.50E-06,400
1.50E-06,-19.6,1.50E-06,400
1.50E-06,-19.6,1.50E-06,400
1.50E-06,-19.68,1.50E-06,400
1.50E-06,-19.6,1.50E-06,400
1.50E-06,-19.6,1.50E-06,400
1.50E-06,-19.6,1.50E-06,400
1.50E-06,-19.6,1.50E-06,400
1.51E-06,-19.6,1.51E-06,400
1.51E-06,-19.6,1.51E-06,400
1.51E-06,-19.6,1.51E-06,400
1.51E-06,-19.6,1.51E-06,396
1.51E-06,-19.6,1.51E-06,396
1.51E-06,-19.6,1.51E-06,396
1.51E-06,-19.6,1.51E-06,396
1.51E-06,-19.6,1.51E-06,396
1.51E-06,-19.6,1.51E-06,396
1.51E-06,-19.6,1.51E-06,400
1.52E-06,-19.6,1.52E-06,400
1.52E-06,-19.68,1.52E-06,400
1.52E-06,-19.6,1.52E-06,400
1.52E-06,-19.6,1.52E-06,400
1.52E-06,-19.6,1.52E-06,396
1.52E-06,-19.6,1.52E-06,396
1.52E-06,-19.6,1.52E-06,396
1.52E-06,-19.6,1.52E-06,396
1.52E-06,-19.6,1.52E-06,396
1.52E-06,-19.6,1.52E-06,396
1.53E-06,-19.6,1.53E-06,400
1.53E-06,-19.6,1.53E-06,396
1.53E-06,-19.6,1.53E-06,400
1.53E-06,-19.6,1.53E-06,396
1.53E-06,-19.6,1.53E-06,400
1.53E-06,-19.6,1.53E-06,396
1.53E-06,-19.6,1.53E-06,400
1.53E-06,-19.6,1.53E-06,400
1.53E-06,-19.6,1.53E-06,400
1.53E-06,-19.6,1.53E-06,396
1.54E-06,-19.6,1.54E-06,400
1.54E-06,-19.6,1.54E-06,396
1.54E-06,-19.6,1.54E-06,400
1.54E-06,-19.68,1.54E-06,396
1.54E-06,-19.6,1.54E-06,400
1.54E-06,-19.68,1.54E-06,400
1.54E-06,-19.6,1.54E-06,400
1.54E-06,-19.6,1.54E-06,396
1.54E-06,-19.6,1.54E-06,396
1.54E-06,-19.6,1.54E-06,396
1.55E-06,-19.6,1.55E-06,400
1.55E-06,-19.6,1.55E-06,396
1.55E-06,-19.6,1.55E-06,396
1.55E-06,-19.6,1.55E-06,400
1.55E-06,-19.6,1.55E-06,396
1.55E-06,-19.6,1.55E-06,396
1.55E-06,-19.6,1.55E-06,400
1.55E-06,-19.6,1.55E-06,396
1.55E-06,-19.6,1.55E-06,396
1.55E-06,-19.6,1.55E-06,400
1.56E-06,-19.6,1.56E-06,400
1.56E-06,-19.6,1.56E-06,400
1.56E-06,-19.6,1.56E-06,400
1.56E-06,-19.6,1.56E-06,400
1.56E-06,-19.6,1.56E-06,400
1.56E-06,-19.6,1.56E-06,400
1.56E-06,-19.6,1.56E-06,400
1.56E-06,-19.6,1.56E-06,396
1.56E-06,-19.6,1.56E-06,400
1.56E-06,-19.6,1.56E-06,400
1.57E-06,-19.6,1.57E-06,396
1.57E-06,-19.6,1.57E-06,396
1.57E-06,-19.6,1.57E-06,396
1.57E-06,-19.6,1.57E-06,396
1.57E-06,-19.6,1.57E-06,396
1.57E-06,-19.6,1.57E-06,396
1.57E-06,-19.6,1.57E-06,396
1.57E-06,-19.6,1.57E-06,396
1.57E-06,-19.6,1.57E-06,396
1.57E-06,-19.6,1.57E-06,396
1.58E-06,-19.6,1.58E-06,400
1.58E-06,-19.6,1.58E-06,396
1.58E-06,-19.6,1.58E-06,396
1.58E-06,-19.6,1.58E-06,396
1.58E-06,-19.6,1.58E-06,396
1.58E-06,-19.6,1.58E-06,400
1.58E-06,-19.6,1.58E-06,396
1.58E-06,-19.6,1.58E-06,396
1.58E-06,-19.6,1.58E-06,396
1.58E-06,-19.6,1.58E-06,396
1.59E-06,-19.6,1.59E-06,396
1.59E-06,-19.6,1.59E-06,396
1.59E-06,-19.6,1.59E-06,396
1.59E-06,-19.6,1.59E-06,396
1.59E-06,-19.6,1.59E-06,400
1.59E-06,-19.6,1.59E-06,396
1.59E-06,-19.6,1.59E-06,400
1.59E-06,-19.6,1.59E-06,396
1.59E-06,-19.6,1.59E-06,400
1.59E-06,-19.6,1.59E-06,396
1.60E-06,-19.6,1.60E-06,400
1.60E-06,-19.6,1.60E-06,396
1.60E-06,-19.6,1.60E-06,400
1.60E-06,-19.6,1.60E-06,396
1.60E-06,-19.6,1.60E-06,396
1.60E-06,-19.6,1.60E-06,396
1.60E-06,-19.6,1.60E-06,396
1.60E-06,-19.6,1.60E-06,396
1.60E-06,-19.6,1.60E-06,396
1.60E-06,-19.6,1.60E-06,396
1.61E-06,-19.6,1.61E-06,396
1.61E-06,-19.6,1.61E-06,396
1.61E-06,-19.6,1.61E-06,396
1.61E-06,-19.6,1.61E-06,396
1.61E-06,-19.6,1.61E-06,396
1.61E-06,-19.6,1.61E-06,396
1.61E-06,-19.6,1.61E-06,396
1.61E-06,-19.6,1.61E-06,396
1.61E-06,-19.6,1.61E-06,396
1.61E-06,-19.6,1.61E-06,396
1.62E-06,-19.6,1.62E-06,396
1.62E-06,-19.6,1.62E-06,396
1.62E-06,-19.6,1.62E-06,396
1.62E-06,-19.6,1.62E-06,396
1.62E-06,-19.6,1.62E-06,396
1.62E-06,-19.6,1.62E-06,396
1.62E-06,-19.6,1.62E-06,396
1.62E-06,-19.6,1.62E-06,396
1.62E-06,-19.6,1.62E-06,396
1.62E-06,-19.6,1.62E-06,396
1.63E-06,-19.6,1.63E-06,396
1.63E-06,-19.6,1.63E-06,396
1.63E-06,-19.6,1.63E-06,396
1.63E-06,-19.6,1.63E-06,396
1.63E-06,-19.6,1.63E-06,396
1.63E-06,-19.6,1.63E-06,396
1.63E-06,-19.6,1.63E-06,396
1.63E-06,-19.6,1.63E-06,396
1.63E-06,-19.6,1.63E-06,396
1.63E-06,-19.6,1.63E-06,396
1.64E-06,-19.6,1.64E-06,396
1.64E-06,-19.6,1.64E-06,396
1.64E-06,-19.6,1.64E-06,396
1.64E-06,-19.6,1.64E-06,396
1.64E-06,-19.6,1.64E-06,396
1.64E-06,-19.6,1.64E-06,396
1.64E-06,-19.6,1.64E-06,396
1.64E-06,-19.6,1.64E-06,400
1.64E-06,-19.6,1.64E-06,396
1.64E-06,-19.6,1.64E-06,396
1.65E-06,-19.6,1.65E-06,396
1.65E-06,-19.6,1.65E-06,396
1.65E-06,-19.6,1.65E-06,400
1.65E-06,-19.6,1.65E-06,396
1.65E-06,-19.6,1.65E-06,396
1.65E-06,-19.6,1.65E-06,396
1.65E-06,-19.6,1.65E-06,396
1.65E-06,-19.6,1.65E-06,396
1.65E-06,-19.6,1.65E-06,396
1.65E-06,-19.6,1.65E-06,400
1.66E-06,-19.6,1.66E-06,396
1.66E-06,-19.6,1.66E-06,400
1.66E-06,-19.6,1.66E-06,396
1.66E-06,-19.6,1.66E-06,400
1.66E-06,-19.6,1.66E-06,396
1.66E-06,-19.6,1.66E-06,396
1.66E-06,-19.6,1.66E-06,396
1.66E-06,-19.6,1.66E-06,396
1.66E-06,-19.68,1.66E-06,396
1.66E-06,-19.6,1.66E-06,396
1.67E-06,-19.6,1.67E-06,396
1.67E-06,-19.6,1.67E-06,396
1.67E-06,-19.6,1.67E-06,396
1.67E-06,-19.68,1.67E-06,396
1.67E-06,-19.6,1.67E-06,396
1.67E-06,-19.6,1.67E-06,396
1.67E-06,-19.6,1.67E-06,396
1.67E-06,-19.6,1.67E-06,396
1.67E-06,-19.6,1.67E-06,396
1.67E-06,-19.68,1.67E-06,396
1.68E-06,-19.6,1.68E-06,396
1.68E-06,-19.6,1.68E-06,396
1.68E-06,-19.6,1.68E-06,396
1.68E-06,-19.6,1.68E-06,396
1.68E-06,-19.6,1.68E-06,396
1.68E-06,-19.6,1.68E-06,396
1.68E-06,-19.6,1.68E-06,396
1.68E-06,-19.6,1.68E-06,396
1.68E-06,-19.6,1.68E-06,396
1.68E-06,-19.6,1.68E-06,396
1.69E-06,-19.6,1.69E-06,396
1.69E-06,-19.68,1.69E-06,396
1.69E-06,-19.68,1.69E-06,396
1.69E-06,-19.6,1.69E-06,396
1.69E-06,-19.6,1.69E-06,400
1.69E-06,-19.6,1.69E-06,396
1.69E-06,-19.6,1.69E-06,396
1.69E-06,-19.6,1.69E-06,396
1.69E-06,-19.6,1.69E-06,396
1.69E-06,-19.6,1.69E-06,396
1.70E-06,-19.6,1.70E-06,396
1.70E-06,-19.6,1.70E-06,396
1.70E-06,-19.6,1.70E-06,396
1.70E-06,-19.6,1.70E-06,396
1.70E-06,-19.6,1.70E-06,396
1.70E-06,-19.6,1.70E-06,396
1.70E-06,-19.6,1.70E-06,396
1.70E-06,-19.6,1.70E-06,400
1.70E-06,-19.6,1.70E-06,396
1.70E-06,-19.6,1.70E-06,396
1.71E-06,-19.6,1.71E-06,396
1.71E-06,-19.6,1.71E-06,396
1.71E-06,-19.6,1.71E-06,396
1.71E-06,-19.6,1.71E-06,396
1.71E-06,-19.6,1.71E-06,396
1.71E-06,-19.68,1.71E-06,396
1.71E-06,-19.68,1.71E-06,396
1.71E-06,-19.68,1.71E-06,396
1.71E-06,-19.6,1.71E-06,396
1.71E-06,-19.6,1.71E-06,396
1.72E-06,-19.6,1.72E-06,396
1.72E-06,-19.6,1.72E-06,396
1.72E-06,-19.6,1.72E-06,396
1.72E-06,-19.6,1.72E-06,396
1.72E-06,-19.6,1.72E-06,396
1.72E-06,-19.68,1.72E-06,396
1.72E-06,-19.6,1.72E-06,396
1.72E-06,-19.6,1.72E-06,396
1.72E-06,-19.6,1.72E-06,396
1.72E-06,-19.6,1.72E-06,396
1.73E-06,-19.6,1.73E-06,400
1.73E-06,-19.6,1.73E-06,396
1.73E-06,-19.6,1.73E-06,400
1.73E-06,-19.6,1.73E-06,396
1.73E-06,-19.6,1.73E-06,396
1.73E-06,-19.6,1.73E-06,396
1.73E-06,-19.6,1.73E-06,396
1.73E-06,-19.6,1.73E-06,396
1.73E-06,-19.6,1.73E-06,396
1.73E-06,-19.6,1.73E-06,396
1.74E-06,-19.68,1.74E-06,396
1.74E-06,-19.6,1.74E-06,396
1.74E-06,-19.6,1.74E-06,396
1.74E-06,-19.6,1.74E-06,396
1.74E-06,-19.6,1.74E-06,396
1.74E-06,-19.6,1.74E-06,396
1.74E-06,-19.6,1.74E-06,396
1.74E-06,-19.6,1.74E-06,396
1.74E-06,-19.6,1.74E-06,396
1.74E-06,-19.6,1.74E-06,396
1.75E-06,-19.6,1.75E-06,396
1.75E-06,-19.6,1.75E-06,396
1.75E-06,-19.6,1.75E-06,396
1.75E-06,-19.68,1.75E-06,396
1.75E-06,-19.6,1.75E-06,396
1.75E-06,-19.68,1.75E-06,396
1.75E-06,-19.6,1.75E-06,396
1.75E-06,-19.68,1.75E-06,396
1.75E-06,-19.6,1.75E-06,396
1.75E-06,-19.6,1.75E-06,396
1.76E-06,-19.6,1.76E-06,396
1.76E-06,-19.6,1.76E-06,396
1.76E-06,-19.6,1.76E-06,396
1.76E-06,-19.6,1.76E-06,396
1.76E-06,-19.6,1.76E-06,396
1.76E-06,-19.6,1.76E-06,396
1.76E-06,-19.6,1.76E-06,396
1.76E-06,-19.6,1.76E-06,396
1.76E-06,-19.6,1.76E-06,396
1.76E-06,-19.6,1.76E-06,396
1.77E-06,-19.6,1.77E-06,396
1.77E-06,-19.68,1.77E-06,396
1.77E-06,-19.6,1.77E-06,396
1.77E-06,-19.68,1.77E-06,396
1.77E-06,-19.6,1.77E-06,396
1.77E-06,-19.6,1.77E-06,396
1.77E-06,-19.6,1.77E-06,396
1.77E-06,-19.6,1.77E-06,396
1.77E-06,-19.6,1.77E-06,396
1.77E-06,-19.6,1.77E-06,396
1.78E-06,-19.6,1.78E-06,396
1.78E-06,-19.6,1.78E-06,396
1.78E-06,-19.6,1.78E-06,396
1.78E-06,-19.68,1.78E-06,396
1.78E-06,-19.68,1.78E-06,396
1.78E-06,-19.6,1.78E-06,396
1.78E-06,-19.68,1.78E-06,396
1.78E-06,-19.6,1.78E-06,396
1.78E-06,-19.6,1.78E-06,396
1.78E-06,-19.68,1.78E-06,396
1.79E-06,-19.68,1.79E-06,396
1.79E-06,-19.6,1.79E-06,396
1.79E-06,-19.68,1.79E-06,396
1.79E-06,-19.6,1.79E-06,396
1.79E-06,-19.6,1.79E-06,400
1.79E-06,-19.6,1.79E-06,396
1.79E-06,-19.68,1.79E-06,400
1.79E-06,-19.6,1.79E-06,396
1.79E-06,-19.68,1.79E-06,400
1.79E-06,-19.6,1.79E-06,396
1.80E-06,-19.68,1.80E-06,396
1.80E-06,-19.6,1.80E-06,396
1.80E-06,-19.6,1.80E-06,396
1.80E-06,-19.6,1.80E-06,400
1.80E-06,-19.6,1.80E-06,400
1.80E-06,-19.6,1.80E-06,396
1.80E-06,-19.6,1.80E-06,396
1.80E-06,-19.6,1.80E-06,396
1.80E-06,-19.6,1.80E-06,396
1.80E-06,-19.6,1.80E-06,396
1.81E-06,-19.6,1.81E-06,396
1.81E-06,-19.6,1.81E-06,396
1.81E-06,-19.6,1.81E-06,396
1.81E-06,-19.68,1.81E-06,396
1.81E-06,-19.6,1.81E-06,396
1.81E-06,-19.68,1.81E-06,396
1.81E-06,-19.6,1.81E-06,396
1.81E-06,-19.68,1.81E-06,396
1.81E-06,-19.6,1.81E-06,396
1.81E-06,-19.6,1.81E-06,396
1.82E-06,-19.68,1.82E-06,396
1.82E-06,-19.68,1.82E-06,396
1.82E-06,-19.68,1.82E-06,396
1.82E-06,-19.68,1.82E-06,396
1.82E-06,-19.68,1.82E-06,400
1.82E-06,-19.68,1.82E-06,396
1.82E-06,-19.68,1.82E-06,396
1.82E-06,-19.68,1.82E-06,396
1.82E-06,-19.68,1.82E-06,400
1.82E-06,-19.68,1.82E-06,396
1.83E-06,-19.68,1.83E-06,400
1.83E-06,-19.68,1.83E-06,396
1.83E-06,-19.6,1.83E-06,396
1.83E-06,-19.68,1.83E-06,396
1.83E-06,-19.6,1.83E-06,400
1.83E-06,-19.6,1.83E-06,396
1.83E-06,-19.6,1.83E-06,400
1.83E-06,-19.68,1.83E-06,396
1.83E-06,-19.6,1.83E-06,400
1.83E-06,-19.68,1.83E-06,400
1.84E-06,-19.68,1.84E-06,400
1.84E-06,-19.6,1.84E-06,400
1.84E-06,-19.68,1.84E-06,400
1.84E-06,-19.6,1.84E-06,396
1.84E-06,-19.6,1.84E-06,400
1.84E-06,-19.68,1.84E-06,396
1.84E-06,-19.6,1.84E-06,396
1.84E-06,-19.68,1.84E-06,396
1.84E-06,-19.6,1.84E-06,396
1.84E-06,-19.6,1.84E-06,396
1.85E-06,-19.68,1.85E-06,400
1.85E-06,-19.68,1.85E-06,396
1.85E-06,-19.68,1.85E-06,400
1.85E-06,-19.68,1.85E-06,396
1.85E-06,-19.6,1.85E-06,396
1.85E-06,-19.68,1.85E-06,396
1.85E-06,-19.68,1.85E-06,396
1.85E-06,-19.68,1.85E-06,396
1.85E-06,-19.68,1.85E-06,396
1.85E-06,-19.68,1.85E-06,396
1.86E-06,-19.68,1.86E-06,396
1.86E-06,-19.68,1.86E-06,396
1.86E-06,-19.68,1.86E-06,396
1.86E-06,-19.68,1.86E-06,396
1.86E-06,-19.6,1.86E-06,396
1.86E-06,-19.68,1.86E-06,400
1.86E-06,-19.6,1.86E-06,400
1.86E-06,-19.68,1.86E-06,400
1.86E-06,-19.6,1.86E-06,396
1.86E-06,-19.68,1.86E-06,396
1.87E-06,-19.68,1.87E-06,396
1.87E-06,-19.68,1.87E-06,400
1.87E-06,-19.68,1.87E-06,396
1.87E-06,-19.68,1.87E-06,396
1.87E-06,-19.6,1.87E-06,396
1.87E-06,-19.68,1.87E-06,396
1.87E-06,-19.68,1.87E-06,396
1.87E-06,-19.68,1.87E-06,396
1.87E-06,-19.68,1.87E-06,396
1.87E-06,-19.68,1.87E-06,396
1.88E-06,-19.68,1.88E-06,400
1.88E-06,-19.68,1.88E-06,400
1.88E-06,-19.68,1.88E-06,400
1.88E-06,-19.68,1.88E-06,400
1.88E-06,-19.68,1.88E-06,396
1.88E-06,-19.68,1.88E-06,400
1.88E-06,-19.68,1.88E-06,400
1.88E-06,-19.68,1.88E-06,400
1.88E-06,-19.68,1.88E-06,400
1.88E-06,-19.68,1.88E-06,396
1.89E-06,-19.6,1.89E-06,396
1.89E-06,-19.68,1.89E-06,396
1.89E-06,-19.68,1.89E-06,400
1.89E-06,-19.68,1.89E-06,400
1.89E-06,-19.68,1.89E-06,396
1.89E-06,-19.68,1.89E-06,396
1.89E-06,-19.68,1.89E-06,396
1.89E-06,-19.68,1.89E-06,396
1.89E-06,-19.68,1.89E-06,396
1.89E-06,-19.68,1.89E-06,396
1.90E-06,-19.68,1.90E-06,396
1.90E-06,-19.68,1.90E-06,396
1.90E-06,-19.68,1.90E-06,400
1.90E-06,-19.68,1.90E-06,400
1.90E-06,-19.68,1.90E-06,400
1.90E-06,-19.68,1.90E-06,396
1.90E-06,-19.68,1.90E-06,396
1.90E-06,-19.68,1.90E-06,400
1.90E-06,-19.6,1.90E-06,396
1.90E-06,-19.68,1.90E-06,400
1.91E-06,-19.68,1.91E-06,396
1.91E-06,-19.68,1.91E-06,400
1.91E-06,-19.68,1.91E-06,396
1.91E-06,-19.68,1.91E-06,400
1.91E-06,-19.68,1.91E-06,400
1.91E-06,-19.68,1.91E-06,400
1.91E-06,-19.68,1.91E-06,400
1.91E-06,-19.68,1.91E-06,400
1.91E-06,-19.68,1.91E-06,400
1.91E-06,-19.68,1.91E-06,396
1.92E-06,-19.6,1.92E-06,396
1.92E-06,-19.68,1.92E-06,396
1.92E-06,-19.68,1.92E-06,400
1.92E-06,-19.68,1.92E-06,400
1.92E-06,-19.68,1.92E-06,400
1.92E-06,-19.68,1.92E-06,396
1.92E-06,-19.68,1.92E-06,400
1.92E-06,-19.68,1.92E-06,400
1.92E-06,-19.68,1.92E-06,400
1.92E-06,-19.68,1.92E-06,396
1.93E-06,-19.68,1.93E-06,396
1.93E-06,-19.68,1.93E-06,396
1.93E-06,-19.68,1.93E-06,396
1.93E-06,-19.68,1.93E-06,400
1.93E-06,-19.68,1.93E-06,396
1.93E-06,-19.68,1.93E-06,396
1.93E-06,-19.68,1.93E-06,396
1.93E-06,-19.68,1.93E-06,396
1.93E-06,-19.68,1.93E-06,396
1.93E-06,-19.68,1.93E-06,396
1.94E-06,-19.68,1.94E-06,396
1.94E-06,-19.68,1.94E-06,400
1.94E-06,-19.68,1.94E-06,400
1.94E-06,-19.68,1.94E-06,400
1.94E-06,-19.68,1.94E-06,400
1.94E-06,-19.68,1.94E-06,400
1.94E-06,-19.68,1.94E-06,400
1.94E-06,-19.68,1.94E-06,400
1.94E-06,-19.68,1.94E-06,396
1.94E-06,-19.68,1.94E-06,400
1.95E-06,-19.68,1.95E-06,396
1.95E-06,-19.68,1.95E-06,400
1.95E-06,-19.68,1.95E-06,396
1.95E-06,-19.68,1.95E-06,400
1.95E-06,-19.68,1.95E-06,396
1.95E-06,-19.68,1.95E-06,400
1.95E-06,-19.68,1.95E-06,400
1.95E-06,-19.68,1.95E-06,400
1.95E-06,-19.68,1.95E-06,400
1.95E-06,-19.68,1.95E-06,400
1.96E-06,-19.68,1.96E-06,400
1.96E-06,-19.68,1.96E-06,396
1.96E-06,-19.68,1.96E-06,396
1.96E-06,-19.68,1.96E-06,396
1.96E-06,-19.68,1.96E-06,400
1.96E-06,-19.68,1.96E-06,396
1.96E-06,-19.68,1.96E-06,396
1.96E-06,-19.68,1.96E-06,396
1.96E-06,-19.68,1.96E-06,396
1.96E-06,-19.68,1.96E-06,396
1.97E-06,-19.68,1.97E-06,396
1.97E-06,-19.68,1.97E-06,400
1.97E-06,-19.68,1.97E-06,400
1.97E-06,-19.68,1.97E-06,396
1.97E-06,-19.68,1.97E-06,396
1.97E-06,-19.76,1.97E-06,396
1.97E-06,-19.68,1.97E-06,400
1.97E-06,-19.68,1.97E-06,396
1.97E-06,-19.68,1.97E-06,400
1.97E-06,-19.68,1.97E-06,396
1.98E-06,-19.68,1.98E-06,396
1.98E-06,-19.68,1.98E-06,396
1.98E-06,-19.68,1.98E-06,396
1.98E-06,-19.68,1.98E-06,396
1.98E-06,-19.68,1.98E-06,396
1.98E-06,-19.76,1.98E-06,396
1.98E-06,-19.68,1.98E-06,396
1.98E-06,-19.68,1.98E-06,400
1.98E-06,-19.68,1.98E-06,400
1.98E-06,-19.68,1.98E-06,400
1.99E-06,-19.68,1.99E-06,400
1.99E-06,-19.68,1.99E-06,400
1.99E-06,-19.68,1.99E-06,400
1.99E-06,-19.68,1.99E-06,396
1.99E-06,-19.68,1.99E-06,396
1.99E-06,-19.68,1.99E-06,396
1.99E-06,-19.68,1.99E-06,400
1.99E-06,-19.68,1.99E-06,396
1.99E-06,-19.68,1.99E-06,400
1.99E-06,-19.68,1.99E-06,396
2.00E-06,-19.68,2.00E-06,400
2.00E-06,-19.68,2.00E-06,400
2.00E-06,-19.68,2.00E-06,400
2.00E-06,-19.68,2.00E-06,400
2.00E-06,-19.68,2.00E-06,400
2.00E-06,-19.76,2.00E-06,400
2.00E-06,-19.68,2.00E-06,400
2.00E-06,-19.68,2.00E-06,400
2.00E-06,-19.68,2.00E-06,400
2.00E-06,-19.76,2.00E-06,400
2.01E-06,-19.68,2.01E-06,400
2.01E-06,-19.76,2.01E-06,396
2.01E-06,-19.68,2.01E-06,400
2.01E-06,-19.68,2.01E-06,396
2.01E-06,-19.68,2.01E-06,400
2.01E-06,-19.68,2.01E-06,396
2.01E-06,-19.68,2.01E-06,400
2.01E-06,-19.68,2.01E-06,400
2.01E-06,-19.68,2.01E-06,400
2.01E-06,-19.68,2.01E-06,400
2.02E-06,-19.68,2.02E-06,400
2.02E-06,-19.68,2.02E-06,400
2.02E-06,-19.76,2.02E-06,400
2.02E-06,-19.68,2.02E-06,400
2.02E-06,-19.68,2.02E-06,400
2.02E-06,-19.76,2.02E-06,400
2.02E-06,-19.68,2.02E-06,400
2.02E-06,-19.68,2.02E-06,396
2.02E-06,-19.68,2.02E-06,400
2.02E-06,-19.76,2.02E-06,400
2.03E-06,-19.68,2.03E-06,400
2.03E-06,-19.76,2.03E-06,400
2.03E-06,-19.68,2.03E-06,400
2.03E-06,-19.68,2.03E-06,400
2.03E-06,-19.68,2.03E-06,400
2.03E-06,-19.68,2.03E-06,400
2.03E-06,-19.68,2.03E-06,400
2.03E-06,-19.68,2.03E-06,400
2.03E-06,-19.68,2.03E-06,400
2.03E-06,-19.68,2.03E-06,400
2.04E-06,-19.68,2.04E-06,400
2.04E-06,-19.68,2.04E-06,400
2.04E-06,-19.68,2.04E-06,400
2.04E-06,-19.68,2.04E-06,400
2.04E-06,-19.68,2.04E-06,400
2.04E-06,-19.68,2.04E-06,400
2.04E-06,-19.68,2.04E-06,400
2.04E-06,-19.68,2.04E-06,400
2.04E-06,-19.68,2.04E-06,400
2.04E-06,-19.68,2.04E-06,400
2.05E-06,-19.68,2.05E-06,400
2.05E-06,-19.68,2.05E-06,400
2.05E-06,-19.68,2.05E-06,400
2.05E-06,-19.68,2.05E-06,400
2.05E-06,-19.68,2.05E-06,400
2.05E-06,-19.76,2.05E-06,400
2.05E-06,-19.68,2.05E-06,400
2.05E-06,-19.76,2.05E-06,400
2.05E-06,-19.68,2.05E-06,400
2.05E-06,-19.68,2.05E-06,400
2.06E-06,-19.68,2.06E-06,400
2.06E-06,-19.68,2.06E-06,400
2.06E-06,-19.68,2.06E-06,400
2.06E-06,-19.68,2.06E-06,400
2.06E-06,-19.68,2.06E-06,400
2.06E-06,-19.68,2.06E-06,400
2.06E-06,-19.68,2.06E-06,400
2.06E-06,-19.68,2.06E-06,400
2.06E-06,-19.68,2.06E-06,400
2.06E-06,-19.76,2.06E-06,400
2.07E-06,-19.68,2.07E-06,400
2.07E-06,-19.68,2.07E-06,400
2.07E-06,-19.68,2.07E-06,400
2.07E-06,-19.76,2.07E-06,400
2.07E-06,-19.68,2.07E-06,400
2.07E-06,-19.76,2.07E-06,400
2.07E-06,-19.76,2.07E-06,400
2.07E-06,-19.68,2.07E-06,400
2.07E-06,-19.76,2.07E-06,400
2.07E-06,-19.76,2.07E-06,400
2.08E-06,-19.76,2.08E-06,400
2.08E-06,-19.76,2.08E-06,400
2.08E-06,-19.76,2.08E-06,400
2.08E-06,-19.68,2.08E-06,400
2.08E-06,-19.68,2.08E-06,400
2.08E-06,-19.68,2.08E-06,400
2.08E-06,-19.68,2.08E-06,400
2.08E-06,-19.76,2.08E-06,400
2.08E-06,-19.68,2.08E-06,400
2.08E-06,-19.76,2.08E-06,400
2.09E-06,-19.76,2.09E-06,400
2.09E-06,-19.76,2.09E-06,400
2.09E-06,-19.76,2.09E-06,400
2.09E-06,-19.76,2.09E-06,400
2.09E-06,-19.76,2.09E-06,400
2.09E-06,-19.76,2.09E-06,400
2.09E-06,-19.76,2.09E-06,400
2.09E-06,-19.76,2.09E-06,400
2.09E-06,-19.68,2.09E-06,400
2.09E-06,-19.76,2.09E-06,400
2.10E-06,-19.68,2.10E-06,400
2.10E-06,-19.76,2.10E-06,400
2.10E-06,-19.68,2.10E-06,400
2.10E-06,-19.76,2.10E-06,400
2.10E-06,-19.68,2.10E-06,400
2.10E-06,-19.76,2.10E-06,400
2.10E-06,-19.68,2.10E-06,400
2.10E-06,-19.68,2.10E-06,400
2.10E-06,-19.68,2.10E-06,400
2.10E-06,-19.68,2.10E-06,400
2.11E-06,-19.68,2.11E-06,400
2.11E-06,-19.76,2.11E-06,400
2.11E-06,-19.68,2.11E-06,400
2.11E-06,-19.76,2.11E-06,400
2.11E-06,-19.68,2.11E-06,400
2.11E-06,-19.76,2.11E-06,400
2.11E-06,-19.68,2.11E-06,400
2.11E-06,-19.76,2.11E-06,400
2.11E-06,-19.76,2.11E-06,400
2.11E-06,-19.76,2.11E-06,400
2.12E-06,-19.76,2.12E-06,400
2.12E-06,-19.76,2.12E-06,400
2.12E-06,-19.76,2.12E-06,400
2.12E-06,-19.76,2.12E-06,400
2.12E-06,-19.68,2.12E-06,400
2.12E-06,-19.76,2.12E-06,400
2.12E-06,-19.68,2.12E-06,400
2.12E-06,-19.76,2.12E-06,400
2.12E-06,-19.76,2.12E-06,400
2.12E-06,-19.76,2.12E-06,400
2.13E-06,-19.76,2.13E-06,400
2.13E-06,-19.76,2.13E-06,400
2.13E-06,-19.76,2.13E-06,400
2.13E-06,-19.76,2.13E-06,400
2.13E-06,-19.76,2.13E-06,400
2.13E-06,-19.76,2.13E-06,400
2.13E-06,-19.76,2.13E-06,400
2.13E-06,-19.76,2.13E-06,400
2.13E-06,-19.76,2.13E-06,400
2.13E-06,-19.76,2.13E-06,400
2.14E-06,-19.76,2.14E-06,400
2.14E-06,-19.76,2.14E-06,400
2.14E-06,-19.68,2.14E-06,400
2.14E-06,-19.76,2.14E-06,400
2.14E-06,-19.76,2.14E-06,400
2.14E-06,-19.76,2.14E-06,400
2.14E-06,-19.76,2.14E-06,400
2.14E-06,-19.76,2.14E-06,400
2.14E-06,-19.76,2.14E-06,400
2.14E-06,-19.76,2.14E-06,400
2.15E-06,-19.76,2.15E-06,400
2.15E-06,-19.76,2.15E-06,400
2.15E-06,-19.76,2.15E-06,400
2.15E-06,-19.76,2.15E-06,400
2.15E-06,-19.76,2.15E-06,400
2.15E-06,-19.76,2.15E-06,400
2.15E-06,-19.76,2.15E-06,400
2.15E-06,-19.76,2.15E-06,400
2.15E-06,-19.76,2.15E-06,400
2.15E-06,-19.76,2.15E-06,400
2.16E-06,-19.76,2.16E-06,400
2.16E-06,-19.76,2.16E-06,400
2.16E-06,-19.76,2.16E-06,400
2.16E-06,-19.76,2.16E-06,400
2.16E-06,-19.68,2.16E-06,400
2.16E-06,-19.76,2.16E-06,400
2.16E-06,-19.76,2.16E-06,400
2.16E-06,-19.76,2.16E-06,400
2.16E-06,-19.76,2.16E-06,400
2.16E-06,-19.76,2.16E-06,400
2.17E-06,-19.76,2.17E-06,400
2.17E-06,-19.76,2.17E-06,400
2.17E-06,-19.76,2.17E-06,400
2.17E-06,-19.76,2.17E-06,400
2.17E-06,-19.76,2.17E-06,400
2.17E-06,-19.76,2.17E-06,400
2.17E-06,-19.68,2.17E-06,400
2.17E-06,-19.76,2.17E-06,400
2.17E-06,-19.68,2.17E-06,400
2.17E-06,-19.76,2.17E-06,400
2.18E-06,-19.68,2.18E-06,400
2.18E-06,-19.76,2.18E-06,400
2.18E-06,-19.68,2.18E-06,400
2.18E-06,-19.76,2.18E-06,400
2.18E-06,-19.68,2.18E-06,400
2.18E-06,-19.76,2.18E-06,400
2.18E-06,-19.76,2.18E-06,400
2.18E-06,-19.76,2.18E-06,400
2.18E-06,-19.68,2.18E-06,400
2.18E-06,-19.76,2.18E-06,400
2.19E-06,-19.76,2.19E-06,400
2.19E-06,-19.76,2.19E-06,400
2.19E-06,-19.68,2.19E-06,400
2.19E-06,-19.76,2.19E-06,400
2.19E-06,-19.68,2.19E-06,400
2.19E-06,-19.76,2.19E-06,400
2.19E-06,-19.68,2.19E-06,400
2.19E-06,-19.76,2.19E-06,400
2.19E-06,-19.76,2.19E-06,400
2.19E-06,-19.76,2.19E-06,400
2.20E-06,-19.76,2.20E-06,400
2.20E-06,-19.76,2.20E-06,400
2.20E-06,-19.76,2.20E-06,400
2.20E-06,-19.76,2.20E-06,400
2.20E-06,-19.76,2.20E-06,400
2.20E-06,-19.76,2.20E-06,400
2.20E-06,-19.76,2.20E-06,400
2.20E-06,-19.76,2.20E-06,400
2.20E-06,-19.76,2.20E-06,400
2.20E-06,-19.76,2.20E-06,400
2.21E-06,-19.76,2.21E-06,400
2.21E-06,-19.76,2.21E-06,400
2.21E-06,-19.68,2.21E-06,400
2.21E-06,-19.76,2.21E-06,400
2.21E-06,-19.76,2.21E-06,400
2.21E-06,-19.76,2.21E-06,400
2.21E-06,-19.76,2.21E-06,400
2.21E-06,-19.76,2.21E-06,400
2.21E-06,-19.76,2.21E-06,400
2.21E-06,-19.76,2.21E-06,400
2.22E-06,-19.76,2.22E-06,400
2.22E-06,-19.76,2.22E-06,400
2.22E-06,-19.76,2.22E-06,400
2.22E-06,-19.76,2.22E-06,400
2.22E-06,-19.76,2.22E-06,400
2.22E-06,-19.76,2.22E-06,400
2.22E-06,-19.76,2.22E-06,400
2.22E-06,-19.76,2.22E-06,400
2.22E-06,-19.76,2.22E-06,400
2.22E-06,-19.76,2.22E-06,400
2.23E-06,-19.76,2.23E-06,400
2.23E-06,-19.76,2.23E-06,400
2.23E-06,-19.76,2.23E-06,400
2.23E-06,-19.76,2.23E-06,400
2.23E-06,-19.76,2.23E-06,400
2.23E-06,-19.76,2.23E-06,400
2.23E-06,-19.76,2.23E-06,400
2.23E-06,-19.76,2.23E-06,400
2.23E-06,-19.76,2.23E-06,400
2.23E-06,-19.76,2.23E-06,400
2.24E-06,-19.76,2.24E-06,400
2.24E-06,-19.76,2.24E-06,400
2.24E-06,-19.76,2.24E-06,400
2.24E-06,-19.76,2.24E-06,400
2.24E-06,-19.76,2.24E-06,400
2.24E-06,-19.76,2.24E-06,400
2.24E-06,-19.76,2.24E-06,400
2.24E-06,-19.76,2.24E-06,400
2.24E-06,-19.76,2.24E-06,400
2.24E-06,-19.76,2.24E-06,400
2.25E-06,-19.76,2.25E-06,400
2.25E-06,-19.76,2.25E-06,400
2.25E-06,-19.76,2.25E-06,400
2.25E-06,-19.76,2.25E-06,400
2.25E-06,-19.76,2.25E-06,400
2.25E-06,-19.76,2.25E-06,400
2.25E-06,-19.76,2.25E-06,400
2.25E-06,-19.76,2.25E-06,400
2.25E-06,-19.76,2.25E-06,400
2.25E-06,-19.76,2.25E-06,400
2.26E-06,-19.76,2.26E-06,400
2.26E-06,-19.76,2.26E-06,400
2.26E-06,-19.76,2.26E-06,400
2.26E-06,-19.76,2.26E-06,400
2.26E-06,-19.76,2.26E-06,400
2.26E-06,-19.76,2.26E-06,400
2.26E-06,-19.76,2.26E-06,400
2.26E-06,-19.76,2.26E-06,400
2.26E-06,-19.76,2.26E-06,400
2.26E-06,-19.76,2.26E-06,400
2.27E-06,-19.76,2.27E-06,400
2.27E-06,-19.76,2.27E-06,400
2.27E-06,-19.76,2.27E-06,400
2.27E-06,-19.76,2.27E-06,400
2.27E-06,-19.76,2.27E-06,400
2.27E-06,-19.76,2.27E-06,400
2.27E-06,-19.76,2.27E-06,400
2.27E-06,-19.76,2.27E-06,400
2.27E-06,-19.76,2.27E-06,400
2.27E-06,-19.76,2.27E-06,400
2.28E-06,-19.76,2.28E-06,400
2.28E-06,-19.76,2.28E-06,400
2.28E-06,-19.76,2.28E-06,400
2.28E-06,-19.76,2.28E-06,400
2.28E-06,-19.76,2.28E-06,400
2.28E-06,-19.76,2.28E-06,400
2.28E-06,-19.76,2.28E-06,400
2.28E-06,-19.76,2.28E-06,400
2.28E-06,-19.76,2.28E-06,400
2.28E-06,-19.76,2.28E-06,400
2.29E-06,-19.76,2.29E-06,400
2.29E-06,-19.76,2.29E-06,404
2.29E-06,-19.76,2.29E-06,400
2.29E-06,-19.76,2.29E-06,400
2.29E-06,-19.76,2.29E-06,400
2.29E-06,-19.76,2.29E-06,400
2.29E-06,-19.76,2.29E-06,400
2.29E-06,-19.76,2.29E-06,400
2.29E-06,-19.76,2.29E-06,400
2.29E-06,-19.76,2.29E-06,400
2.30E-06,-19.76,2.30E-06,404
2.30E-06,-19.76,2.30E-06,400
2.30E-06,-19.76,2.30E-06,400
2.30E-06,-19.76,2.30E-06,400
2.30E-06,-19.76,2.30E-06,400
2.30E-06,-19.76,2.30E-06,400
2.30E-06,-19.76,2.30E-06,400
2.30E-06,-19.76,2.30E-06,400
2.30E-06,-19.76,2.30E-06,400
2.30E-06,-19.76,2.30E-06,400
2.31E-06,-19.76,2.31E-06,400
2.31E-06,-19.76,2.31E-06,400
2.31E-06,-19.76,2.31E-06,400
2.31E-06,-19.76,2.31E-06,400
2.31E-06,-19.76,2.31E-06,400
2.31E-06,-19.76,2.31E-06,400
2.31E-06,-19.76,2.31E-06,400
2.31E-06,-19.76,2.31E-06,400
2.31E-06,-19.68,2.31E-06,400
2.31E-06,-19.76,2.31E-06,400
2.32E-06,-19.68,2.32E-06,400
2.32E-06,-19.76,2.32E-06,400
2.32E-06,-19.76,2.32E-06,400
2.32E-06,-19.76,2.32E-06,400
2.32E-06,-19.76,2.32E-06,404
2.32E-06,-19.76,2.32E-06,400
2.32E-06,-19.76,2.32E-06,400
2.32E-06,-19.76,2.32E-06,400
2.32E-06,-19.76,2.32E-06,400
2.32E-06,-19.76,2.32E-06,400
2.33E-06,-19.76,2.33E-06,400
2.33E-06,-19.76,2.33E-06,400
2.33E-06,-19.76,2.33E-06,400
2.33E-06,-19.76,2.33E-06,400
2.33E-06,-19.76,2.33E-06,404
2.33E-06,-19.76,2.33E-06,400
2.33E-06,-19.76,2.33E-06,400
2.33E-06,-19.76,2.33E-06,400
2.33E-06,-19.68,2.33E-06,400
2.33E-06,-19.76,2.33E-06,400
2.34E-06,-19.68,2.34E-06,400
2.34E-06,-19.76,2.34E-06,400
2.34E-06,-19.76,2.34E-06,400
2.34E-06,-19.76,2.34E-06,400
2.34E-06,-19.76,2.34E-06,400
2.34E-06,-19.76,2.34E-06,400
2.34E-06,-19.76,2.34E-06,400
2.34E-06,-19.76,2.34E-06,400
2.34E-06,-19.76,2.34E-06,400
2.34E-06,-19.76,2.34E-06,400
2.35E-06,-19.76,2.35E-06,400
2.35E-06,-19.76,2.35E-06,400
2.35E-06,-19.76,2.35E-06,400
2.35E-06,-19.76,2.35E-06,400
2.35E-06,-19.76,2.35E-06,400
2.35E-06,-19.76,2.35E-06,400
2.35E-06,-19.76,2.35E-06,400
2.35E-06,-19.68,2.35E-06,400
2.35E-06,-19.76,2.35E-06,400
2.35E-06,-19.76,2.35E-06,400
2.36E-06,-19.76,2.36E-06,400
2.36E-06,-19.76,2.36E-06,400
2.36E-06,-19.76,2.36E-06,400
2.36E-06,-19.76,2.36E-06,400
2.36E-06,-19.76,2.36E-06,400
2.36E-06,-19.76,2.36E-06,400
2.36E-06,-19.76,2.36E-06,400
2.36E-06,-19.76,2.36E-06,404
2.36E-06,-19.76,2.36E-06,400
2.36E-06,-19.68,2.36E-06,404
2.37E-06,-19.76,2.37E-06,400
2.37E-06,-19.76,2.37E-06,400
2.37E-06,-19.76,2.37E-06,400
2.37E-06,-19.76,2.37E-06,400
2.37E-06,-19.76,2.37E-06,400
2.37E-06,-19.76,2.37E-06,400
2.37E-06,-19.76,2.37E-06,400
2.37E-06,-19.76,2.37E-06,400
2.37E-06,-19.76,2.37E-06,400
2.37E-06,-19.76,2.37E-06,400
2.38E-06,-19.68,2.38E-06,400
2.38E-06,-19.76,2.38E-06,400
2.38E-06,-19.76,2.38E-06,400
2.38E-06,-19.76,2.38E-06,400
2.38E-06,-19.68,2.38E-06,400
2.38E-06,-19.76,2.38E-06,400
2.38E-06,-19.68,2.38E-06,400
2.38E-06,-19.76,2.38E-06,400
2.38E-06,-19.68,2.38E-06,400
2.38E-06,-19.76,2.38E-06,400
2.39E-06,-19.68,2.39E-06,400
2.39E-06,-19.76,2.39E-06,400
2.39E-06,-19.68,2.39E-06,400
2.39E-06,-19.76,2.39E-06,400
2.39E-06,-19.76,2.39E-06,404
2.39E-06,-19.76,2.39E-06,400
2.39E-06,-19.76,2.39E-06,400
2.39E-06,-19.76,2.39E-06,400
2.39E-06,-19.68,2.39E-06,400
2.39E-06,-19.76,2.39E-06,400
2.40E-06,-19.76,2.40E-06,400
2.40E-06,-19.76,2.40E-06,400
2.40E-06,-19.76,2.40E-06,404
2.40E-06,-19.76,2.40E-06,400
2.40E-06,-19.76,2.40E-06,400
2.40E-06,-19.76,2.40E-06,400
2.40E-06,-19.76,2.40E-06,400
2.40E-06,-19.76,2.40E-06,400
2.40E-06,-19.76,2.40E-06,400
2.40E-06,-19.76,2.40E-06,400
2.41E-06,-19.68,2.41E-06,400
2.41E-06,-19.68,2.41E-06,400
2.41E-06,-19.68,2.41E-06,400
2.41E-06,-19.76,2.41E-06,400
2.41E-06,-19.68,2.41E-06,400
2.41E-06,-19.76,2.41E-06,400
2.41E-06,-19.76,2.41E-06,400
2.41E-06,-19.76,2.41E-06,400
2.41E-06,-19.76,2.41E-06,400
2.41E-06,-19.76,2.41E-06,400
2.42E-06,-19.76,2.42E-06,400
2.42E-06,-19.76,2.42E-06,400
2.42E-06,-19.76,2.42E-06,404
2.42E-06,-19.76,2.42E-06,400
2.42E-06,-19.76,2.42E-06,400
2.42E-06,-19.76,2.42E-06,400
2.42E-06,-19.76,2.42E-06,400
2.42E-06,-19.76,2.42E-06,400
2.42E-06,-19.68,2.42E-06,400
2.42E-06,-19.76,2.42E-06,400
2.43E-06,-19.68,2.43E-06,400
2.43E-06,-19.76,2.43E-06,400
2.43E-06,-19.68,2.43E-06,400
2.43E-06,-19.68,2.43E-06,400
2.43E-06,-19.68,2.43E-06,404
2.43E-06,-19.76,2.43E-06,400
2.43E-06,-19.68,2.43E-06,400
2.43E-06,-19.76,2.43E-06,400
2.43E-06,-19.68,2.43E-06,400
2.43E-06,-19.76,2.43E-06,400
2.44E-06,-19.68,2.44E-06,400
2.44E-06,-19.76,2.44E-06,400
2.44E-06,-19.76,2.44E-06,400
2.44E-06,-19.76,2.44E-06,400
2.44E-06,-19.76,2.44E-06,400
2.44E-06,-19.76,2.44E-06,400
2.44E-06,-19.76,2.44E-06,400
2.44E-06,-19.68,2.44E-06,400
2.44E-06,-19.68,2.44E-06,400
2.44E-06,-19.76,2.44E-06,400
2.45E-06,-19.68,2.45E-06,400
2.45E-06,-19.68,2.45E-06,400
2.45E-06,-19.68,2.45E-06,400
2.45E-06,-19.76,2.45E-06,400
2.45E-06,-19.68,2.45E-06,404
2.45E-06,-19.76,2.45E-06,400
2.45E-06,-19.68,2.45E-06,400
2.45E-06,-19.76,2.45E-06,400
2.45E-06,-19.68,2.45E-06,400
2.45E-06,-19.76,2.45E-06,404
2.46E-06,-19.76,2.46E-06,400
2.46E-06,-19.68,2.46E-06,400
2.46E-06,-19.68,2.46E-06,400
2.46E-06,-19.68,2.46E-06,404
2.46E-06,-19.68,2.46E-06,400
2.46E-06,-19.68,2.46E-06,404
2.46E-06,-19.68,2.46E-06,404
2.46E-06,-19.68,2.46E-06,400
2.46E-06,-19.68,2.46E-06,400
2.46E-06,-19.76,2.46E-06,400
2.47E-06,-19.68,2.47E-06,400
2.47E-06,-19.68,2.47E-06,400
2.47E-06,-19.68,2.47E-06,400
2.47E-06,-19.76,2.47E-06,400
2.47E-06,-19.68,2.47E-06,400
2.47E-06,-19.76,2.47E-06,400
2.47E-06,-19.68,2.47E-06,400
2.47E-06,-19.76,2.47E-06,400
2.47E-06,-19.68,2.47E-06,400
2.47E-06,-19.76,2.47E-06,400
2.48E-06,-19.68,2.48E-06,400
2.48E-06,-19.76,2.48E-06,400
2.48E-06,-19.68,2.48E-06,400
2.48E-06,-19.76,2.48E-06,404
2.48E-06,-19.68,2.48E-06,400
2.48E-06,-19.76,2.48E-06,400
2.48E-06,-19.68,2.48E-06,400
2.48E-06,-19.76,2.48E-06,400
2.48E-06,-19.76,2.48E-06,400
2.48E-06,-19.76,2.48E-06,400
2.49E-06,-19.76,2.49E-06,400
2.49E-06,-19.68,2.49E-06,400
2.49E-06,-19.68,2.49E-06,400
2.49E-06,-19.68,2.49E-06,404
2.49E-06,-19.68,2.49E-06,400
