Waveform Data,,Waveform Data,
-2.52E-06,0.72,-2.52E-06,4
-2.52E-06,0.72,-2.52E-06,4
-2.51E-06,0.72,-2.51E-06,8
-2.51E-06,0.72,-2.51E-06,4
-2.51E-06,0.72,-2.51E-06,4
-2.51E-06,0.72,-2.51E-06,4
-2.51E-06,0.72,-2.51E-06,4
-2.51E-06,0.72,-2.51E-06,4
-2.51E-06,0.72,-2.51E-06,4
-2.51E-06,0.72,-2.51E-06,4
-2.51E-06,0.72,-2.51E-06,4
-2.51E-06,0.72,-2.51E-06,4
-2.50E-06,0.72,-2.50E-06,4
-2.50E-06,0.72,-2.50E-06,4
-2.50E-06,0.72,-2.50E-06,4
-2.50E-06,0.72,-2.50E-06,8
-2.50E-06,0.72,-2.50E-06,4
-2.50E-06,0.72,-2.50E-06,4
-2.50E-06,0.72,-2.50E-06,4
-2.50E-06,0.72,-2.50E-06,4
-2.50E-06,0.72,-2.50E-06,4
-2.50E-06,0.72,-2.50E-06,4
-2.49E-06,0.72,-2.49E-06,8
-2.49E-06,0.72,-2.49E-06,4
-2.49E-06,0.72,-2.49E-06,4
-2.49E-06,0.72,-2.49E-06,4
-2.49E-06,0.64,-2.49E-06,4
-2.49E-06,0.72,-2.49E-06,4
-2.49E-06,0.72,-2.49E-06,4
-2.49E-06,0.72,-2.49E-06,4
-2.49E-06,0.72,-2.49E-06,4
-2.49E-06,0.72,-2.49E-06,4
-2.48E-06,0.72,-2.48E-06,4
-2.48E-06,0.72,-2.48E-06,4
-2.48E-06,0.72,-2.48E-06,4
-2.48E-06,0.72,-2.48E-06,4
-2.48E-06,0.72,-2.48E-06,4
-2.48E-06,0.72,-2.48E-06,4
-2.48E-06,0.72,-2.48E-06,4
-2.48E-06,0.72,-2.48E-06,4
-2.48E-06,0.72,-2.48E-06,4
-2.48E-06,0.72,-2.48E-06,4
-2.47E-06,0.64,-2.47E-06,4
-2.47E-06,0.72,-2.47E-06,4
-2.47E-06,0.72,-2.47E-06,4
-2.47E-06,0.72,-2.47E-06,4
-2.47E-06,0.72,-2.47E-06,4
-2.47E-06,0.72,-2.47E-06,4
-2.47E-06,0.72,-2.47E-06,4
-2.47E-06,0.72,-2.47E-06,4
-2.47E-06,0.72,-2.47E-06,4
-2.47E-06,0.72,-2.47E-06,4
-2.46E-06,0.72,-2.46E-06,4
-2.46E-06,0.72,-2.46E-06,4
-2.46E-06,0.72,-2.46E-06,4
-2.46E-06,0.72,-2.46E-06,4
-2.46E-06,0.72,-2.46E-06,4
-2.46E-06,0.72,-2.46E-06,4
-2.46E-06,0.72,-2.46E-06,4
-2.46E-06,0.72,-2.46E-06,4
-2.46E-06,0.72,-2.46E-06,4
-2.46E-06,0.72,-2.46E-06,4
-2.45E-06,0.72,-2.45E-06,4
-2.45E-06,0.72,-2.45E-06,4
-2.45E-06,0.72,-2.45E-06,4
-2.45E-06,0.72,-2.45E-06,4
-2.45E-06,0.72,-2.45E-06,4
-2.45E-06,0.72,-2.45E-06,4
-2.45E-06,0.72,-2.45E-06,4
-2.45E-06,0.72,-2.45E-06,4
-2.45E-06,0.72,-2.45E-06,4
-2.45E-06,0.72,-2.45E-06,4
-2.44E-06,0.72,-2.44E-06,4
-2.44E-06,0.72,-2.44E-06,4
-2.44E-06,0.72,-2.44E-06,4
-2.44E-06,0.72,-2.44E-06,4
-2.44E-06,0.72,-2.44E-06,4
-2.44E-06,0.72,-2.44E-06,4
-2.44E-06,0.72,-2.44E-06,4
-2.44E-06,0.72,-2.44E-06,4
-2.44E-06,0.72,-2.44E-06,4
-2.44E-06,0.72,-2.44E-06,4
-2.43E-06,0.72,-2.43E-06,4
-2.43E-06,0.72,-2.43E-06,4
-2.43E-06,0.72,-2.43E-06,4
-2.43E-06,0.72,-2.43E-06,4
-2.43E-06,0.72,-2.43E-06,4
-2.43E-06,0.72,-2.43E-06,4
-2.43E-06,0.72,-2.43E-06,4
-2.43E-06,0.72,-2.43E-06,4
-2.43E-06,0.64,-2.43E-06,4
-2.43E-06,0.72,-2.43E-06,4
-2.42E-06,0.64,-2.42E-06,4
-2.42E-06,0.72,-2.42E-06,4
-2.42E-06,0.64,-2.42E-06,4
-2.42E-06,0.72,-2.42E-06,4
-2.42E-06,0.72,-2.42E-06,4
-2.42E-06,0.72,-2.42E-06,4
-2.42E-06,0.72,-2.42E-06,4
-2.42E-06,0.72,-2.42E-06,4
-2.42E-06,0.72,-2.42E-06,4
-2.42E-06,0.72,-2.42E-06,4
-2.41E-06,0.72,-2.41E-06,4
-2.41E-06,0.72,-2.41E-06,4
-2.41E-06,0.72,-2.41E-06,4
-2.41E-06,0.72,-2.41E-06,4
-2.41E-06,0.72,-2.41E-06,4
-2.41E-06,0.72,-2.41E-06,4
-2.41E-06,0.72,-2.41E-06,4
-2.41E-06,0.72,-2.41E-06,4
-2.41E-06,0.72,-2.41E-06,4
-2.41E-06,0.72,-2.41E-06,4
-2.40E-06,0.72,-2.40E-06,4
-2.40E-06,0.72,-2.40E-06,4
-2.40E-06,0.72,-2.40E-06,4
-2.40E-06,0.72,-2.40E-06,4
-2.40E-06,0.72,-2.40E-06,4
-2.40E-06,0.72,-2.40E-06,4
-2.40E-06,0.72,-2.40E-06,4
-2.40E-06,0.72,-2.40E-06,4
-2.40E-06,0.72,-2.40E-06,4
-2.40E-06,0.72,-2.40E-06,4
-2.39E-06,0.72,-2.39E-06,4
-2.39E-06,0.72,-2.39E-06,4
-2.39E-06,0.72,-2.39E-06,4
-2.39E-06,0.72,-2.39E-06,4
-2.39E-06,0.72,-2.39E-06,8
-2.39E-06,0.72,-2.39E-06,4
-2.39E-06,0.72,-2.39E-06,4
-2.39E-06,0.72,-2.39E-06,4
-2.39E-06,0.72,-2.39E-06,4
-2.39E-06,0.72,-2.39E-06,4
-2.38E-06,0.72,-2.38E-06,4
-2.38E-06,0.72,-2.38E-06,4
-2.38E-06,0.72,-2.38E-06,4
-2.38E-06,0.72,-2.38E-06,4
-2.38E-06,0.72,-2.38E-06,8
-2.38E-06,0.64,-2.38E-06,4
-2.38E-06,0.72,-2.38E-06,4
-2.38E-06,0.72,-2.38E-06,4
-2.38E-06,0.72,-2.38E-06,4
-2.38E-06,0.72,-2.38E-06,4
-2.37E-06,0.72,-2.37E-06,4
-2.37E-06,0.72,-2.37E-06,4
-2.37E-06,0.72,-2.37E-06,4
-2.37E-06,0.72,-2.37E-06,4
-2.37E-06,0.72,-2.37E-06,8
-2.37E-06,0.72,-2.37E-06,4
-2.37E-06,0.72,-2.37E-06,4
-2.37E-06,0.72,-2.37E-06,4
-2.37E-06,0.72,-2.37E-06,4
-2.37E-06,0.72,-2.37E-06,4
-2.36E-06,0.72,-2.36E-06,4
-2.36E-06,0.72,-2.36E-06,4
-2.36E-06,0.72,-2.36E-06,8
-2.36E-06,0.72,-2.36E-06,4
-2.36E-06,0.72,-2.36E-06,4
-2.36E-06,0.72,-2.36E-06,4
-2.36E-06,0.72,-2.36E-06,4
-2.36E-06,0.72,-2.36E-06,4
-2.36E-06,0.72,-2.36E-06,4
-2.36E-06,0.72,-2.36E-06,4
-2.35E-06,0.72,-2.35E-06,4
-2.35E-06,0.72,-2.35E-06,4
-2.35E-06,0.72,-2.35E-06,4
-2.35E-06,0.72,-2.35E-06,4
-2.35E-06,0.72,-2.35E-06,8
-2.35E-06,0.72,-2.35E-06,4
-2.35E-06,0.72,-2.35E-06,4
-2.35E-06,0.72,-2.35E-06,4
-2.35E-06,0.72,-2.35E-06,4
-2.35E-06,0.72,-2.35E-06,4
-2.34E-06,0.72,-2.34E-06,4
-2.34E-06,0.72,-2.34E-06,4
-2.34E-06,0.72,-2.34E-06,4
-2.34E-06,0.72,-2.34E-06,4
-2.34E-06,0.72,-2.34E-06,4
-2.34E-06,0.72,-2.34E-06,4
-2.34E-06,0.72,-2.34E-06,4
-2.34E-06,0.72,-2.34E-06,4
-2.34E-06,0.64,-2.34E-06,4
-2.34E-06,0.72,-2.34E-06,4
-2.33E-06,0.72,-2.33E-06,4
-2.33E-06,0.72,-2.33E-06,4
-2.33E-06,0.72,-2.33E-06,4
-2.33E-06,0.72,-2.33E-06,4
-2.33E-06,0.72,-2.33E-06,4
-2.33E-06,0.72,-2.33E-06,4
-2.33E-06,0.72,-2.33E-06,4
-2.33E-06,0.72,-2.33E-06,4
-2.33E-06,0.72,-2.33E-06,4
-2.33E-06,0.72,-2.33E-06,4
-2.32E-06,0.72,-2.32E-06,4
-2.32E-06,0.72,-2.32E-06,4
-2.32E-06,0.72,-2.32E-06,4
-2.32E-06,0.72,-2.32E-06,4
-2.32E-06,0.72,-2.32E-06,4
-2.32E-06,0.72,-2.32E-06,4
-2.32E-06,0.72,-2.32E-06,4
-2.32E-06,0.72,-2.32E-06,4
-2.32E-06,0.72,-2.32E-06,4
-2.32E-06,0.72,-2.32E-06,4
-2.31E-06,0.72,-2.31E-06,4
-2.31E-06,0.72,-2.31E-06,4
-2.31E-06,0.72,-2.31E-06,4
-2.31E-06,0.72,-2.31E-06,4
-2.31E-06,0.72,-2.31E-06,4
-2.31E-06,0.72,-2.31E-06,4
-2.31E-06,0.72,-2.31E-06,4
-2.31E-06,0.72,-2.31E-06,4
-2.31E-06,0.72,-2.31E-06,4
-2.31E-06,0.72,-2.31E-06,4
-2.30E-06,0.72,-2.30E-06,4
-2.30E-06,0.72,-2.30E-06,4
-2.30E-06,0.72,-2.30E-06,4
-2.30E-06,0.72,-2.30E-06,4
-2.30E-06,0.72,-2.30E-06,4
-2.30E-06,0.72,-2.30E-06,4
-2.30E-06,0.72,-2.30E-06,4
-2.30E-06,0.72,-2.30E-06,4
-2.30E-06,0.72,-2.30E-06,4
-2.30E-06,0.72,-2.30E-06,4
-2.29E-06,0.72,-2.29E-06,4
-2.29E-06,0.72,-2.29E-06,4
-2.29E-06,0.72,-2.29E-06,4
-2.29E-06,0.72,-2.29E-06,4
-2.29E-06,0.72,-2.29E-06,4
-2.29E-06,0.72,-2.29E-06,4
-2.29E-06,0.72,-2.29E-06,8
-2.29E-06,0.72,-2.29E-06,4
-2.29E-06,0.72,-2.29E-06,4
-2.29E-06,0.72,-2.29E-06,4
-2.28E-06,0.72,-2.28E-06,4
-2.28E-06,0.72,-2.28E-06,4
-2.28E-06,0.72,-2.28E-06,4
-2.28E-06,0.72,-2.28E-06,4
-2.28E-06,0.72,-2.28E-06,4
-2.28E-06,0.72,-2.28E-06,4
-2.28E-06,0.72,-2.28E-06,4
-2.28E-06,0.72,-2.28E-06,4
-2.28E-06,0.72,-2.28E-06,4
-2.28E-06,0.72,-2.28E-06,4
-2.27E-06,0.72,-2.27E-06,4
-2.27E-06,0.72,-2.27E-06,4
-2.27E-06,0.72,-2.27E-06,4
-2.27E-06,0.72,-2.27E-06,4
-2.27E-06,0.72,-2.27E-06,4
-2.27E-06,0.72,-2.27E-06,4
-2.27E-06,0.72,-2.27E-06,4
-2.27E-06,0.72,-2.27E-06,4
-2.27E-06,0.72,-2.27E-06,4
-2.27E-06,0.72,-2.27E-06,4
-2.26E-06,0.72,-2.26E-06,4
-2.26E-06,0.72,-2.26E-06,4
-2.26E-06,0.72,-2.26E-06,4
-2.26E-06,0.72,-2.26E-06,4
-2.26E-06,0.72,-2.26E-06,4
-2.26E-06,0.72,-2.26E-06,4
-2.26E-06,0.72,-2.26E-06,4
-2.26E-06,0.72,-2.26E-06,4
-2.26E-06,0.72,-2.26E-06,4
-2.26E-06,0.72,-2.26E-06,4
-2.25E-06,0.72,-2.25E-06,4
-2.25E-06,0.72,-2.25E-06,4
-2.25E-06,0.72,-2.25E-06,4
-2.25E-06,0.72,-2.25E-06,4
-2.25E-06,0.72,-2.25E-06,4
-2.25E-06,0.72,-2.25E-06,4
-2.25E-06,0.72,-2.25E-06,4
-2.25E-06,0.72,-2.25E-06,4
-2.25E-06,0.72,-2.25E-06,4
-2.25E-06,0.72,-2.25E-06,4
-2.24E-06,0.72,-2.24E-06,4
-2.24E-06,0.72,-2.24E-06,4
-2.24E-06,0.72,-2.24E-06,4
-2.24E-06,0.72,-2.24E-06,4
-2.24E-06,0.72,-2.24E-06,4
-2.24E-06,0.72,-2.24E-06,4
-2.24E-06,0.72,-2.24E-06,4
-2.24E-06,0.72,-2.24E-06,4
-2.24E-06,0.72,-2.24E-06,4
-2.24E-06,0.72,-2.24E-06,4
-2.23E-06,0.72,-2.23E-06,4
-2.23E-06,0.72,-2.23E-06,4
-2.23E-06,0.72,-2.23E-06,4
-2.23E-06,0.72,-2.23E-06,4
-2.23E-06,0.72,-2.23E-06,4
-2.23E-06,0.72,-2.23E-06,4
-2.23E-06,0.72,-2.23E-06,8
-2.23E-06,0.72,-2.23E-06,4
-2.23E-06,0.72,-2.23E-06,4
-2.23E-06,0.72,-2.23E-06,4
-2.22E-06,0.72,-2.22E-06,4
-2.22E-06,0.72,-2.22E-06,4
-2.22E-06,0.72,-2.22E-06,4
-2.22E-06,0.72,-2.22E-06,4
-2.22E-06,0.72,-2.22E-06,4
-2.22E-06,0.72,-2.22E-06,4
-2.22E-06,0.72,-2.22E-06,4
-2.22E-06,0.72,-2.22E-06,4
-2.22E-06,0.72,-2.22E-06,4
-2.22E-06,0.72,-2.22E-06,4
-2.21E-06,0.72,-2.21E-06,4
-2.21E-06,0.72,-2.21E-06,4
-2.21E-06,0.72,-2.21E-06,4
-2.21E-06,0.72,-2.21E-06,4
-2.21E-06,0.72,-2.21E-06,4
-2.21E-06,0.72,-2.21E-06,4
-2.21E-06,0.72,-2.21E-06,4
-2.21E-06,0.72,-2.21E-06,4
-2.21E-06,0.72,-2.21E-06,4
-2.21E-06,0.72,-2.21E-06,4
-2.20E-06,0.72,-2.20E-06,4
-2.20E-06,0.72,-2.20E-06,4
-2.20E-06,0.72,-2.20E-06,4
-2.20E-06,0.72,-2.20E-06,4
-2.20E-06,0.72,-2.20E-06,4
-2.20E-06,0.72,-2.20E-06,4
-2.20E-06,0.72,-2.20E-06,4
-2.20E-06,0.72,-2.20E-06,4
-2.20E-06,0.72,-2.20E-06,4
-2.20E-06,0.72,-2.20E-06,4
-2.19E-06,0.72,-2.19E-06,4
-2.19E-06,0.72,-2.19E-06,4
-2.19E-06,0.72,-2.19E-06,4
-2.19E-06,0.72,-2.19E-06,4
-2.19E-06,0.72,-2.19E-06,4
-2.19E-06,0.72,-2.19E-06,4
-2.19E-06,0.72,-2.19E-06,4
-2.19E-06,0.72,-2.19E-06,4
-2.19E-06,0.72,-2.19E-06,4
-2.19E-06,0.72,-2.19E-06,4
-2.18E-06,0.72,-2.18E-06,4
-2.18E-06,0.72,-2.18E-06,4
-2.18E-06,0.72,-2.18E-06,4
-2.18E-06,0.72,-2.18E-06,4
-2.18E-06,0.72,-2.18E-06,4
-2.18E-06,0.72,-2.18E-06,4
-2.18E-06,0.72,-2.18E-06,4
-2.18E-06,0.72,-2.18E-06,4
-2.18E-06,0.72,-2.18E-06,4
-2.18E-06,0.72,-2.18E-06,4
-2.17E-06,0.72,-2.17E-06,4
-2.17E-06,0.72,-2.17E-06,4
-2.17E-06,0.72,-2.17E-06,4
-2.17E-06,0.72,-2.17E-06,4
-2.17E-06,0.72,-2.17E-06,4
-2.17E-06,0.72,-2.17E-06,4
-2.17E-06,0.72,-2.17E-06,4
-2.17E-06,0.72,-2.17E-06,4
-2.17E-06,0.72,-2.17E-06,4
-2.17E-06,0.72,-2.17E-06,4
-2.16E-06,0.72,-2.16E-06,4
-2.16E-06,0.72,-2.16E-06,4
-2.16E-06,0.72,-2.16E-06,4
-2.16E-06,0.72,-2.16E-06,4
-2.16E-06,0.72,-2.16E-06,4
-2.16E-06,0.72,-2.16E-06,4
-2.16E-06,0.72,-2.16E-06,4
-2.16E-06,0.72,-2.16E-06,4
-2.16E-06,0.72,-2.16E-06,4
-2.16E-06,0.72,-2.16E-06,4
-2.15E-06,0.72,-2.15E-06,4
-2.15E-06,0.72,-2.15E-06,4
-2.15E-06,0.72,-2.15E-06,8
-2.15E-06,0.72,-2.15E-06,4
-2.15E-06,0.72,-2.15E-06,4
-2.15E-06,0.72,-2.15E-06,4
-2.15E-06,0.72,-2.15E-06,4
-2.15E-06,0.72,-2.15E-06,4
-2.15E-06,0.72,-2.15E-06,8
-2.15E-06,0.72,-2.15E-06,4
-2.14E-06,0.72,-2.14E-06,4
-2.14E-06,0.72,-2.14E-06,4
-2.14E-06,0.72,-2.14E-06,4
-2.14E-06,0.72,-2.14E-06,4
-2.14E-06,0.72,-2.14E-06,4
-2.14E-06,0.72,-2.14E-06,4
-2.14E-06,0.72,-2.14E-06,8
-2.14E-06,0.72,-2.14E-06,4
-2.14E-06,0.72,-2.14E-06,4
-2.14E-06,0.72,-2.14E-06,4
-2.13E-06,0.72,-2.13E-06,4
-2.13E-06,0.72,-2.13E-06,4
-2.13E-06,0.72,-2.13E-06,4
-2.13E-06,0.72,-2.13E-06,4
-2.13E-06,0.72,-2.13E-06,4
-2.13E-06,0.72,-2.13E-06,4
-2.13E-06,0.72,-2.13E-06,4
-2.13E-06,0.72,-2.13E-06,4
-2.13E-06,0.72,-2.13E-06,4
-2.13E-06,0.72,-2.13E-06,4
-2.12E-06,0.72,-2.12E-06,4
-2.12E-06,0.72,-2.12E-06,4
-2.12E-06,0.72,-2.12E-06,4
-2.12E-06,0.72,-2.12E-06,4
-2.12E-06,0.72,-2.12E-06,4
-2.12E-06,0.72,-2.12E-06,4
-2.12E-06,0.72,-2.12E-06,4
-2.12E-06,0.72,-2.12E-06,4
-2.12E-06,0.72,-2.12E-06,4
-2.12E-06,0.72,-2.12E-06,4
-2.11E-06,0.72,-2.11E-06,4
-2.11E-06,0.72,-2.11E-06,4
-2.11E-06,0.64,-2.11E-06,4
-2.11E-06,0.72,-2.11E-06,4
-2.11E-06,0.72,-2.11E-06,4
-2.11E-06,0.72,-2.11E-06,4
-2.11E-06,0.72,-2.11E-06,4
-2.11E-06,0.72,-2.11E-06,4
-2.11E-06,0.72,-2.11E-06,4
-2.11E-06,0.72,-2.11E-06,4
-2.10E-06,0.72,-2.10E-06,4
-2.10E-06,0.72,-2.10E-06,4
-2.10E-06,0.72,-2.10E-06,4
-2.10E-06,0.72,-2.10E-06,4
-2.10E-06,0.72,-2.10E-06,4
-2.10E-06,0.72,-2.10E-06,4
-2.10E-06,0.72,-2.10E-06,4
-2.10E-06,0.72,-2.10E-06,4
-2.10E-06,0.72,-2.10E-06,4
-2.10E-06,0.72,-2.10E-06,4
-2.09E-06,0.72,-2.09E-06,4
-2.09E-06,0.72,-2.09E-06,4
-2.09E-06,0.72,-2.09E-06,4
-2.09E-06,0.72,-2.09E-06,4
-2.09E-06,0.72,-2.09E-06,4
-2.09E-06,0.72,-2.09E-06,4
-2.09E-06,0.72,-2.09E-06,4
-2.09E-06,0.72,-2.09E-06,4
-2.09E-06,0.72,-2.09E-06,4
-2.09E-06,0.72,-2.09E-06,4
-2.08E-06,0.72,-2.08E-06,4
-2.08E-06,0.72,-2.08E-06,4
-2.08E-06,0.72,-2.08E-06,4
-2.08E-06,0.72,-2.08E-06,4
-2.08E-06,0.72,-2.08E-06,4
-2.08E-06,0.72,-2.08E-06,4
-2.08E-06,0.72,-2.08E-06,8
-2.08E-06,0.72,-2.08E-06,4
-2.08E-06,0.72,-2.08E-06,4
-2.08E-06,0.72,-2.08E-06,4
-2.07E-06,0.72,-2.07E-06,4
-2.07E-06,0.72,-2.07E-06,4
-2.07E-06,0.72,-2.07E-06,4
-2.07E-06,0.72,-2.07E-06,4
-2.07E-06,0.72,-2.07E-06,4
-2.07E-06,0.72,-2.07E-06,4
-2.07E-06,0.72,-2.07E-06,4
-2.07E-06,0.72,-2.07E-06,4
-2.07E-06,0.72,-2.07E-06,4
-2.07E-06,0.72,-2.07E-06,4
-2.06E-06,0.72,-2.06E-06,4
-2.06E-06,0.72,-2.06E-06,4
-2.06E-06,0.72,-2.06E-06,4
-2.06E-06,0.72,-2.06E-06,4
-2.06E-06,0.72,-2.06E-06,4
-2.06E-06,0.72,-2.06E-06,4
-2.06E-06,0.72,-2.06E-06,4
-2.06E-06,0.72,-2.06E-06,4
-2.06E-06,0.72,-2.06E-06,4
-2.06E-06,0.72,-2.06E-06,4
-2.05E-06,0.72,-2.05E-06,4
-2.05E-06,0.72,-2.05E-06,4
-2.05E-06,0.72,-2.05E-06,4
-2.05E-06,0.72,-2.05E-06,4
-2.05E-06,0.72,-2.05E-06,4
-2.05E-06,0.72,-2.05E-06,4
-2.05E-06,0.72,-2.05E-06,4
-2.05E-06,0.72,-2.05E-06,4
-2.05E-06,0.72,-2.05E-06,4
-2.05E-06,0.72,-2.05E-06,4
-2.04E-06,0.72,-2.04E-06,4
-2.04E-06,0.72,-2.04E-06,4
-2.04E-06,0.72,-2.04E-06,4
-2.04E-06,0.72,-2.04E-06,4
-2.04E-06,0.72,-2.04E-06,4
-2.04E-06,0.72,-2.04E-06,4
-2.04E-06,0.72,-2.04E-06,4
-2.04E-06,0.72,-2.04E-06,4
-2.04E-06,0.72,-2.04E-06,4
-2.04E-06,0.72,-2.04E-06,4
-2.03E-06,0.72,-2.03E-06,4
-2.03E-06,0.72,-2.03E-06,4
-2.03E-06,0.72,-2.03E-06,8
-2.03E-06,0.72,-2.03E-06,4
-2.03E-06,0.72,-2.03E-06,4
-2.03E-06,0.72,-2.03E-06,4
-2.03E-06,0.72,-2.03E-06,4
-2.03E-06,0.72,-2.03E-06,4
-2.03E-06,0.72,-2.03E-06,4
-2.03E-06,0.72,-2.03E-06,4
-2.02E-06,0.72,-2.02E-06,4
-2.02E-06,0.72,-2.02E-06,4
-2.02E-06,0.72,-2.02E-06,4
-2.02E-06,0.72,-2.02E-06,4
-2.02E-06,0.72,-2.02E-06,4
-2.02E-06,0.72,-2.02E-06,4
-2.02E-06,0.72,-2.02E-06,4
-2.02E-06,0.72,-2.02E-06,4
-2.02E-06,0.72,-2.02E-06,4
-2.02E-06,0.72,-2.02E-06,4
-2.01E-06,0.72,-2.01E-06,4
-2.01E-06,0.72,-2.01E-06,4
-2.01E-06,0.72,-2.01E-06,4
-2.01E-06,0.72,-2.01E-06,4
-2.01E-06,0.72,-2.01E-06,4
-2.01E-06,0.72,-2.01E-06,4
-2.01E-06,0.72,-2.01E-06,4
-2.01E-06,0.72,-2.01E-06,4
-2.01E-06,0.72,-2.01E-06,4
-2.01E-06,0.72,-2.01E-06,4
-2.00E-06,0.72,-2.00E-06,8
-2.00E-06,0.72,-2.00E-06,4
-2.00E-06,0.72,-2.00E-06,4
-2.00E-06,0.72,-2.00E-06,4
-2.00E-06,0.72,-2.00E-06,4
-2.00E-06,0.72,-2.00E-06,4
-2.00E-06,0.72,-2.00E-06,4
-2.00E-06,0.72,-2.00E-06,4
-2.00E-06,0.72,-2.00E-06,4
-2.00E-06,0.72,-2.00E-06,4
-1.99E-06,0.72,-1.99E-06,4
-1.99E-06,0.72,-1.99E-06,4
-1.99E-06,0.72,-1.99E-06,4
-1.99E-06,0.72,-1.99E-06,4
-1.99E-06,0.72,-1.99E-06,4
-1.99E-06,0.72,-1.99E-06,4
-1.99E-06,0.72,-1.99E-06,4
-1.99E-06,0.72,-1.99E-06,4
-1.99E-06,0.72,-1.99E-06,4
-1.99E-06,0.72,-1.99E-06,4
-1.98E-06,0.72,-1.98E-06,4
-1.98E-06,0.72,-1.98E-06,4
-1.98E-06,0.72,-1.98E-06,4
-1.98E-06,0.72,-1.98E-06,4
-1.98E-06,0.72,-1.98E-06,4
-1.98E-06,0.72,-1.98E-06,4
-1.98E-06,0.72,-1.98E-06,4
-1.98E-06,0.72,-1.98E-06,4
-1.98E-06,0.72,-1.98E-06,4
-1.98E-06,0.72,-1.98E-06,4
-1.97E-06,0.72,-1.97E-06,4
-1.97E-06,0.72,-1.97E-06,4
-1.97E-06,0.72,-1.97E-06,4
-1.97E-06,0.72,-1.97E-06,4
-1.97E-06,0.72,-1.97E-06,4
-1.97E-06,0.72,-1.97E-06,4
-1.97E-06,0.72,-1.97E-06,4
-1.97E-06,0.72,-1.97E-06,4
-1.97E-06,0.72,-1.97E-06,8
-1.97E-06,0.72,-1.97E-06,4
-1.96E-06,0.72,-1.96E-06,4
-1.96E-06,0.72,-1.96E-06,4
-1.96E-06,0.72,-1.96E-06,4
-1.96E-06,0.72,-1.96E-06,4
-1.96E-06,0.72,-1.96E-06,4
-1.96E-06,0.72,-1.96E-06,4
-1.96E-06,0.72,-1.96E-06,4
-1.96E-06,0.72,-1.96E-06,4
-1.96E-06,0.72,-1.96E-06,8
-1.96E-06,0.72,-1.96E-06,4
-1.95E-06,0.72,-1.95E-06,4
-1.95E-06,0.72,-1.95E-06,4
-1.95E-06,0.72,-1.95E-06,4
-1.95E-06,0.72,-1.95E-06,4
-1.95E-06,0.72,-1.95E-06,4
-1.95E-06,0.72,-1.95E-06,4
-1.95E-06,0.72,-1.95E-06,4
-1.95E-06,0.72,-1.95E-06,4
-1.95E-06,0.72,-1.95E-06,4
-1.95E-06,0.72,-1.95E-06,4
-1.94E-06,0.72,-1.94E-06,4
-1.94E-06,0.72,-1.94E-06,4
-1.94E-06,0.72,-1.94E-06,4
-1.94E-06,0.72,-1.94E-06,4
-1.94E-06,0.72,-1.94E-06,4
-1.94E-06,0.72,-1.94E-06,4
-1.94E-06,0.72,-1.94E-06,4
-1.94E-06,0.72,-1.94E-06,4
-1.94E-06,0.72,-1.94E-06,4
-1.94E-06,0.72,-1.94E-06,4
-1.93E-06,0.72,-1.93E-06,4
-1.93E-06,0.72,-1.93E-06,4
-1.93E-06,0.72,-1.93E-06,8
-1.93E-06,0.72,-1.93E-06,4
-1.93E-06,0.72,-1.93E-06,4
-1.93E-06,0.72,-1.93E-06,4
-1.93E-06,0.72,-1.93E-06,4
-1.93E-06,0.72,-1.93E-06,4
-1.93E-06,0.72,-1.93E-06,4
-1.93E-06,0.72,-1.93E-06,4
-1.92E-06,0.72,-1.92E-06,4
-1.92E-06,0.72,-1.92E-06,4
-1.92E-06,0.72,-1.92E-06,4
-1.92E-06,0.72,-1.92E-06,4
-1.92E-06,0.72,-1.92E-06,4
-1.92E-06,0.72,-1.92E-06,4
-1.92E-06,0.72,-1.92E-06,8
-1.92E-06,0.72,-1.92E-06,4
-1.92E-06,0.72,-1.92E-06,4
-1.92E-06,0.72,-1.92E-06,4
-1.91E-06,0.72,-1.91E-06,4
-1.91E-06,0.72,-1.91E-06,4
-1.91E-06,0.72,-1.91E-06,4
-1.91E-06,0.72,-1.91E-06,4
-1.91E-06,0.72,-1.91E-06,4
-1.91E-06,0.72,-1.91E-06,4
-1.91E-06,0.72,-1.91E-06,8
-1.91E-06,0.72,-1.91E-06,4
-1.91E-06,0.72,-1.91E-06,8
-1.91E-06,0.72,-1.91E-06,4
-1.90E-06,0.72,-1.90E-06,4
-1.90E-06,0.72,-1.90E-06,4
-1.90E-06,0.72,-1.90E-06,4
-1.90E-06,0.72,-1.90E-06,4
-1.90E-06,0.72,-1.90E-06,4
-1.90E-06,0.72,-1.90E-06,4
-1.90E-06,0.72,-1.90E-06,4
-1.90E-06,0.72,-1.90E-06,4
-1.90E-06,0.72,-1.90E-06,4
-1.90E-06,0.72,-1.90E-06,4
-1.89E-06,0.72,-1.89E-06,4
-1.89E-06,0.72,-1.89E-06,4
-1.89E-06,0.72,-1.89E-06,4
-1.89E-06,0.72,-1.89E-06,4
-1.89E-06,0.72,-1.89E-06,4
-1.89E-06,0.72,-1.89E-06,4
-1.89E-06,0.64,-1.89E-06,4
-1.89E-06,0.72,-1.89E-06,4
-1.89E-06,0.72,-1.89E-06,4
-1.89E-06,0.72,-1.89E-06,4
-1.88E-06,0.72,-1.88E-06,4
-1.88E-06,0.72,-1.88E-06,4
-1.88E-06,0.72,-1.88E-06,4
-1.88E-06,0.72,-1.88E-06,8
-1.88E-06,0.72,-1.88E-06,4
-1.88E-06,0.72,-1.88E-06,4
-1.88E-06,0.72,-1.88E-06,4
-1.88E-06,0.72,-1.88E-06,4
-1.88E-06,0.72,-1.88E-06,4
-1.88E-06,0.72,-1.88E-06,4
-1.87E-06,0.72,-1.87E-06,4
-1.87E-06,0.72,-1.87E-06,4
-1.87E-06,0.72,-1.87E-06,4
-1.87E-06,0.72,-1.87E-06,4
-1.87E-06,0.72,-1.87E-06,4
-1.87E-06,0.72,-1.87E-06,4
-1.87E-06,0.72,-1.87E-06,4
-1.87E-06,0.72,-1.87E-06,4
-1.87E-06,0.72,-1.87E-06,4
-1.87E-06,0.72,-1.87E-06,4
-1.86E-06,0.72,-1.86E-06,4
-1.86E-06,0.72,-1.86E-06,4
-1.86E-06,0.72,-1.86E-06,4
-1.86E-06,0.72,-1.86E-06,4
-1.86E-06,0.72,-1.86E-06,4
-1.86E-06,0.72,-1.86E-06,4
-1.86E-06,0.72,-1.86E-06,4
-1.86E-06,0.72,-1.86E-06,4
-1.86E-06,0.72,-1.86E-06,8
-1.86E-06,0.72,-1.86E-06,4
-1.85E-06,0.72,-1.85E-06,4
-1.85E-06,0.72,-1.85E-06,4
-1.85E-06,0.72,-1.85E-06,4
-1.85E-06,0.72,-1.85E-06,4
-1.85E-06,0.72,-1.85E-06,4
-1.85E-06,0.72,-1.85E-06,4
-1.85E-06,0.72,-1.85E-06,4
-1.85E-06,0.72,-1.85E-06,4
-1.85E-06,0.72,-1.85E-06,4
-1.85E-06,0.72,-1.85E-06,4
-1.84E-06,0.72,-1.84E-06,4
-1.84E-06,0.72,-1.84E-06,4
-1.84E-06,0.72,-1.84E-06,4
-1.84E-06,0.72,-1.84E-06,4
-1.84E-06,0.72,-1.84E-06,4
-1.84E-06,0.72,-1.84E-06,4
-1.84E-06,0.72,-1.84E-06,4
-1.84E-06,0.72,-1.84E-06,4
-1.84E-06,0.72,-1.84E-06,8
-1.84E-06,0.72,-1.84E-06,4
-1.83E-06,0.72,-1.83E-06,8
-1.83E-06,0.72,-1.83E-06,4
-1.83E-06,0.72,-1.83E-06,4
-1.83E-06,0.72,-1.83E-06,4
-1.83E-06,0.72,-1.83E-06,4
-1.83E-06,0.72,-1.83E-06,4
-1.83E-06,0.72,-1.83E-06,4
-1.83E-06,0.72,-1.83E-06,4
-1.83E-06,0.72,-1.83E-06,4
-1.83E-06,0.72,-1.83E-06,4
-1.82E-06,0.72,-1.82E-06,4
-1.82E-06,0.72,-1.82E-06,4
-1.82E-06,0.72,-1.82E-06,4
-1.82E-06,0.72,-1.82E-06,4
-1.82E-06,0.72,-1.82E-06,4
-1.82E-06,0.72,-1.82E-06,4
-1.82E-06,0.72,-1.82E-06,4
-1.82E-06,0.72,-1.82E-06,4
-1.82E-06,0.72,-1.82E-06,4
-1.82E-06,0.72,-1.82E-06,4
-1.81E-06,0.72,-1.81E-06,4
-1.81E-06,0.72,-1.81E-06,4
-1.81E-06,0.72,-1.81E-06,4
-1.81E-06,0.72,-1.81E-06,4
-1.81E-06,0.72,-1.81E-06,4
-1.81E-06,0.72,-1.81E-06,4
-1.81E-06,0.72,-1.81E-06,4
-1.81E-06,0.72,-1.81E-06,4
-1.81E-06,0.72,-1.81E-06,8
-1.81E-06,0.72,-1.81E-06,4
-1.80E-06,0.72,-1.80E-06,4
-1.80E-06,0.72,-1.80E-06,4
-1.80E-06,0.72,-1.80E-06,4
-1.80E-06,0.72,-1.80E-06,4
-1.80E-06,0.72,-1.80E-06,4
-1.80E-06,0.72,-1.80E-06,4
-1.80E-06,0.72,-1.80E-06,4
-1.80E-06,0.72,-1.80E-06,4
-1.80E-06,0.72,-1.80E-06,8
-1.80E-06,0.72,-1.80E-06,4
-1.79E-06,0.72,-1.79E-06,4
-1.79E-06,0.72,-1.79E-06,4
-1.79E-06,0.72,-1.79E-06,4
-1.79E-06,0.72,-1.79E-06,4
-1.79E-06,0.72,-1.79E-06,4
-1.79E-06,0.72,-1.79E-06,4
-1.79E-06,0.72,-1.79E-06,4
-1.79E-06,0.72,-1.79E-06,4
-1.79E-06,0.72,-1.79E-06,4
-1.79E-06,0.72,-1.79E-06,4
-1.78E-06,0.72,-1.78E-06,4
-1.78E-06,0.72,-1.78E-06,4
-1.78E-06,0.72,-1.78E-06,4
-1.78E-06,0.72,-1.78E-06,4
-1.78E-06,0.72,-1.78E-06,4
-1.78E-06,0.72,-1.78E-06,4
-1.78E-06,0.72,-1.78E-06,4
-1.78E-06,0.72,-1.78E-06,4
-1.78E-06,0.72,-1.78E-06,4
-1.78E-06,0.72,-1.78E-06,4
-1.77E-06,0.72,-1.77E-06,4
-1.77E-06,0.72,-1.77E-06,4
-1.77E-06,0.72,-1.77E-06,4
-1.77E-06,0.72,-1.77E-06,4
-1.77E-06,0.72,-1.77E-06,4
-1.77E-06,0.72,-1.77E-06,4
-1.77E-06,0.72,-1.77E-06,4
-1.77E-06,0.72,-1.77E-06,4
-1.77E-06,0.72,-1.77E-06,4
-1.77E-06,0.72,-1.77E-06,4
-1.76E-06,0.72,-1.76E-06,4
-1.76E-06,0.72,-1.76E-06,4
-1.76E-06,0.72,-1.76E-06,4
-1.76E-06,0.72,-1.76E-06,4
-1.76E-06,0.72,-1.76E-06,4
-1.76E-06,0.72,-1.76E-06,4
-1.76E-06,0.72,-1.76E-06,4
-1.76E-06,0.72,-1.76E-06,4
-1.76E-06,0.72,-1.76E-06,4
-1.76E-06,0.72,-1.76E-06,4
-1.75E-06,0.72,-1.75E-06,8
-1.75E-06,0.72,-1.75E-06,4
-1.75E-06,0.72,-1.75E-06,4
-1.75E-06,0.72,-1.75E-06,4
-1.75E-06,0.64,-1.75E-06,8
-1.75E-06,0.72,-1.75E-06,4
-1.75E-06,0.72,-1.75E-06,4
-1.75E-06,0.72,-1.75E-06,4
-1.75E-06,0.72,-1.75E-06,4
-1.75E-06,0.72,-1.75E-06,4
-1.74E-06,0.72,-1.74E-06,4
-1.74E-06,0.72,-1.74E-06,4
-1.74E-06,0.72,-1.74E-06,8
-1.74E-06,0.72,-1.74E-06,4
-1.74E-06,0.72,-1.74E-06,4
-1.74E-06,0.72,-1.74E-06,4
-1.74E-06,0.72,-1.74E-06,4
-1.74E-06,0.72,-1.74E-06,4
-1.74E-06,0.72,-1.74E-06,4
-1.74E-06,0.72,-1.74E-06,4
-1.73E-06,0.72,-1.73E-06,4
-1.73E-06,0.72,-1.73E-06,4
-1.73E-06,0.72,-1.73E-06,4
-1.73E-06,0.72,-1.73E-06,4
-1.73E-06,0.72,-1.73E-06,4
-1.73E-06,0.72,-1.73E-06,4
-1.73E-06,0.72,-1.73E-06,4
-1.73E-06,0.72,-1.73E-06,4
-1.73E-06,0.72,-1.73E-06,4
-1.73E-06,0.72,-1.73E-06,4
-1.72E-06,0.72,-1.72E-06,4
-1.72E-06,0.72,-1.72E-06,4
-1.72E-06,0.72,-1.72E-06,4
-1.72E-06,0.72,-1.72E-06,4
-1.72E-06,0.72,-1.72E-06,4
-1.72E-06,0.72,-1.72E-06,4
-1.72E-06,0.72,-1.72E-06,4
-1.72E-06,0.72,-1.72E-06,4
-1.72E-06,0.72,-1.72E-06,4
-1.72E-06,0.72,-1.72E-06,4
-1.71E-06,0.72,-1.71E-06,4
-1.71E-06,0.72,-1.71E-06,4
-1.71E-06,0.72,-1.71E-06,4
-1.71E-06,0.72,-1.71E-06,4
-1.71E-06,0.72,-1.71E-06,4
-1.71E-06,0.72,-1.71E-06,4
-1.71E-06,0.72,-1.71E-06,4
-1.71E-06,0.72,-1.71E-06,4
-1.71E-06,0.72,-1.71E-06,4
-1.71E-06,0.72,-1.71E-06,4
-1.70E-06,0.72,-1.70E-06,4
-1.70E-06,0.72,-1.70E-06,4
-1.70E-06,0.72,-1.70E-06,4
-1.70E-06,0.72,-1.70E-06,4
-1.70E-06,0.72,-1.70E-06,4
-1.70E-06,0.72,-1.70E-06,4
-1.70E-06,0.72,-1.70E-06,4
-1.70E-06,0.72,-1.70E-06,4
-1.70E-06,0.72,-1.70E-06,4
-1.70E-06,0.72,-1.70E-06,4
-1.69E-06,0.72,-1.69E-06,4
-1.69E-06,0.72,-1.69E-06,4
-1.69E-06,0.72,-1.69E-06,4
-1.69E-06,0.72,-1.69E-06,4
-1.69E-06,0.72,-1.69E-06,4
-1.69E-06,0.72,-1.69E-06,4
-1.69E-06,0.72,-1.69E-06,4
-1.69E-06,0.72,-1.69E-06,4
-1.69E-06,0.72,-1.69E-06,4
-1.69E-06,0.72,-1.69E-06,4
-1.68E-06,0.72,-1.68E-06,4
-1.68E-06,0.72,-1.68E-06,4
-1.68E-06,0.72,-1.68E-06,4
-1.68E-06,0.72,-1.68E-06,4
-1.68E-06,0.72,-1.68E-06,4
-1.68E-06,0.72,-1.68E-06,4
-1.68E-06,0.72,-1.68E-06,4
-1.68E-06,0.72,-1.68E-06,4
-1.68E-06,0.72,-1.68E-06,4
-1.68E-06,0.72,-1.68E-06,4
-1.67E-06,0.72,-1.67E-06,4
-1.67E-06,0.72,-1.67E-06,4
-1.67E-06,0.72,-1.67E-06,4
-1.67E-06,0.72,-1.67E-06,4
-1.67E-06,0.72,-1.67E-06,4
-1.67E-06,0.72,-1.67E-06,4
-1.67E-06,0.72,-1.67E-06,4
-1.67E-06,0.72,-1.67E-06,4
-1.67E-06,0.72,-1.67E-06,4
-1.67E-06,0.72,-1.67E-06,4
-1.66E-06,0.72,-1.66E-06,4
-1.66E-06,0.72,-1.66E-06,4
-1.66E-06,0.72,-1.66E-06,4
-1.66E-06,0.72,-1.66E-06,4
-1.66E-06,0.72,-1.66E-06,4
-1.66E-06,0.72,-1.66E-06,4
-1.66E-06,0.72,-1.66E-06,4
-1.66E-06,0.72,-1.66E-06,4
-1.66E-06,0.72,-1.66E-06,4
-1.66E-06,0.72,-1.66E-06,4
-1.65E-06,0.72,-1.65E-06,8
-1.65E-06,0.72,-1.65E-06,4
-1.65E-06,0.72,-1.65E-06,4
-1.65E-06,0.72,-1.65E-06,4
-1.65E-06,0.72,-1.65E-06,8
-1.65E-06,0.72,-1.65E-06,4
-1.65E-06,0.72,-1.65E-06,4
-1.65E-06,0.72,-1.65E-06,4
-1.65E-06,0.72,-1.65E-06,4
-1.65E-06,0.72,-1.65E-06,4
-1.64E-06,0.72,-1.64E-06,4
-1.64E-06,0.72,-1.64E-06,4
-1.64E-06,0.72,-1.64E-06,4
-1.64E-06,0.72,-1.64E-06,4
-1.64E-06,0.72,-1.64E-06,4
-1.64E-06,0.72,-1.64E-06,4
-1.64E-06,0.72,-1.64E-06,4
-1.64E-06,0.72,-1.64E-06,4
-1.64E-06,0.72,-1.64E-06,4
-1.64E-06,0.72,-1.64E-06,4
-1.63E-06,0.72,-1.63E-06,4
-1.63E-06,0.72,-1.63E-06,4
-1.63E-06,0.72,-1.63E-06,4
-1.63E-06,0.72,-1.63E-06,4
-1.63E-06,0.72,-1.63E-06,4
-1.63E-06,0.72,-1.63E-06,4
-1.63E-06,0.72,-1.63E-06,4
-1.63E-06,0.72,-1.63E-06,4
-1.63E-06,0.72,-1.63E-06,4
-1.63E-06,0.72,-1.63E-06,4
-1.62E-06,0.72,-1.62E-06,4
-1.62E-06,0.72,-1.62E-06,4
-1.62E-06,0.72,-1.62E-06,4
-1.62E-06,0.72,-1.62E-06,4
-1.62E-06,0.72,-1.62E-06,4
-1.62E-06,0.72,-1.62E-06,4
-1.62E-06,0.72,-1.62E-06,4
-1.62E-06,0.72,-1.62E-06,4
-1.62E-06,0.72,-1.62E-06,4
-1.62E-06,0.72,-1.62E-06,4
-1.61E-06,0.72,-1.61E-06,4
-1.61E-06,0.72,-1.61E-06,4
-1.61E-06,0.72,-1.61E-06,4
-1.61E-06,0.72,-1.61E-06,4
-1.61E-06,0.72,-1.61E-06,4
-1.61E-06,0.72,-1.61E-06,4
-1.61E-06,0.72,-1.61E-06,4
-1.61E-06,0.72,-1.61E-06,4
-1.61E-06,0.72,-1.61E-06,4
-1.61E-06,0.72,-1.61E-06,4
-1.60E-06,0.72,-1.60E-06,4
-1.60E-06,0.72,-1.60E-06,4
-1.60E-06,0.72,-1.60E-06,4
-1.60E-06,0.72,-1.60E-06,4
-1.60E-06,0.72,-1.60E-06,4
-1.60E-06,0.72,-1.60E-06,4
-1.60E-06,0.72,-1.60E-06,8
-1.60E-06,0.72,-1.60E-06,4
-1.60E-06,0.72,-1.60E-06,4
-1.60E-06,0.72,-1.60E-06,4
-1.59E-06,0.72,-1.59E-06,4
-1.59E-06,0.72,-1.59E-06,4
-1.59E-06,0.72,-1.59E-06,4
-1.59E-06,0.72,-1.59E-06,4
-1.59E-06,0.72,-1.59E-06,4
-1.59E-06,0.72,-1.59E-06,4
-1.59E-06,0.72,-1.59E-06,4
-1.59E-06,0.72,-1.59E-06,8
-1.59E-06,0.72,-1.59E-06,4
-1.59E-06,0.72,-1.59E-06,4
-1.58E-06,0.72,-1.58E-06,4
-1.58E-06,0.64,-1.58E-06,4
-1.58E-06,0.72,-1.58E-06,4
-1.58E-06,0.72,-1.58E-06,4
-1.58E-06,0.72,-1.58E-06,8
-1.58E-06,0.72,-1.58E-06,4
-1.58E-06,0.72,-1.58E-06,4
-1.58E-06,0.72,-1.58E-06,4
-1.58E-06,0.72,-1.58E-06,4
-1.58E-06,0.72,-1.58E-06,4
-1.57E-06,0.72,-1.57E-06,4
-1.57E-06,0.72,-1.57E-06,4
-1.57E-06,0.72,-1.57E-06,4
-1.57E-06,0.72,-1.57E-06,4
-1.57E-06,0.72,-1.57E-06,4
-1.57E-06,0.72,-1.57E-06,4
-1.57E-06,0.72,-1.57E-06,4
-1.57E-06,0.72,-1.57E-06,4
-1.57E-06,0.72,-1.57E-06,4
-1.57E-06,0.72,-1.57E-06,4
-1.56E-06,0.72,-1.56E-06,4
-1.56E-06,0.72,-1.56E-06,4
-1.56E-06,0.72,-1.56E-06,4
-1.56E-06,0.72,-1.56E-06,4
-1.56E-06,0.72,-1.56E-06,4
-1.56E-06,0.72,-1.56E-06,4
-1.56E-06,0.72,-1.56E-06,4
-1.56E-06,0.72,-1.56E-06,4
-1.56E-06,0.72,-1.56E-06,4
-1.56E-06,0.72,-1.56E-06,4
-1.55E-06,0.72,-1.55E-06,4
-1.55E-06,0.72,-1.55E-06,4
-1.55E-06,0.72,-1.55E-06,4
-1.55E-06,0.72,-1.55E-06,4
-1.55E-06,0.72,-1.55E-06,4
-1.55E-06,0.72,-1.55E-06,4
-1.55E-06,0.72,-1.55E-06,4
-1.55E-06,0.72,-1.55E-06,4
-1.55E-06,0.72,-1.55E-06,4
-1.55E-06,0.72,-1.55E-06,4
-1.54E-06,0.72,-1.54E-06,4
-1.54E-06,0.72,-1.54E-06,4
-1.54E-06,0.72,-1.54E-06,4
-1.54E-06,0.72,-1.54E-06,4
-1.54E-06,0.64,-1.54E-06,4
-1.54E-06,0.72,-1.54E-06,4
-1.54E-06,0.72,-1.54E-06,4
-1.54E-06,0.72,-1.54E-06,4
-1.54E-06,0.72,-1.54E-06,4
-1.54E-06,0.72,-1.54E-06,4
-1.53E-06,0.72,-1.53E-06,4
-1.53E-06,0.72,-1.53E-06,4
-1.53E-06,0.72,-1.53E-06,8
-1.53E-06,0.72,-1.53E-06,4
-1.53E-06,0.72,-1.53E-06,4
-1.53E-06,0.72,-1.53E-06,4
-1.53E-06,0.72,-1.53E-06,4
-1.53E-06,0.72,-1.53E-06,4
-1.53E-06,0.72,-1.53E-06,4
-1.53E-06,0.72,-1.53E-06,4
-1.52E-06,0.72,-1.52E-06,4
-1.52E-06,0.72,-1.52E-06,4
-1.52E-06,0.72,-1.52E-06,4
-1.52E-06,0.72,-1.52E-06,4
-1.52E-06,0.72,-1.52E-06,8
-1.52E-06,0.72,-1.52E-06,4
-1.52E-06,0.72,-1.52E-06,4
-1.52E-06,0.72,-1.52E-06,4
-1.52E-06,0.72,-1.52E-06,4
-1.52E-06,0.72,-1.52E-06,4
-1.51E-06,0.72,-1.51E-06,4
-1.51E-06,0.72,-1.51E-06,4
-1.51E-06,0.72,-1.51E-06,4
-1.51E-06,0.72,-1.51E-06,4
-1.51E-06,0.72,-1.51E-06,8
-1.51E-06,0.72,-1.51E-06,4
-1.51E-06,0.72,-1.51E-06,8
-1.51E-06,0.72,-1.51E-06,4
-1.51E-06,0.72,-1.51E-06,4
-1.51E-06,0.72,-1.51E-06,4
-1.50E-06,0.72,-1.50E-06,4
-1.50E-06,0.72,-1.50E-06,4
-1.50E-06,0.72,-1.50E-06,4
-1.50E-06,0.72,-1.50E-06,4
-1.50E-06,0.72,-1.50E-06,4
-1.50E-06,0.72,-1.50E-06,4
-1.50E-06,0.72,-1.50E-06,4
-1.50E-06,0.72,-1.50E-06,4
-1.50E-06,0.72,-1.50E-06,4
-1.50E-06,0.72,-1.50E-06,4
-1.49E-06,0.72,-1.49E-06,4
-1.49E-06,0.72,-1.49E-06,4
-1.49E-06,0.72,-1.49E-06,4
-1.49E-06,0.72,-1.49E-06,4
-1.49E-06,0.72,-1.49E-06,4
-1.49E-06,0.72,-1.49E-06,4
-1.49E-06,0.72,-1.49E-06,4
-1.49E-06,0.72,-1.49E-06,8
-1.49E-06,0.72,-1.49E-06,4
-1.49E-06,0.72,-1.49E-06,4
-1.48E-06,0.72,-1.48E-06,8
-1.48E-06,0.72,-1.48E-06,4
-1.48E-06,0.64,-1.48E-06,8
-1.48E-06,0.72,-1.48E-06,4
-1.48E-06,0.72,-1.48E-06,8
-1.48E-06,0.72,-1.48E-06,4
-1.48E-06,0.72,-1.48E-06,4
-1.48E-06,0.72,-1.48E-06,4
-1.48E-06,0.72,-1.48E-06,4
-1.48E-06,0.72,-1.48E-06,4
-1.47E-06,0.72,-1.47E-06,4
-1.47E-06,0.72,-1.47E-06,4
-1.47E-06,0.72,-1.47E-06,4
-1.47E-06,0.72,-1.47E-06,4
-1.47E-06,0.72,-1.47E-06,4
-1.47E-06,0.72,-1.47E-06,4
-1.47E-06,0.72,-1.47E-06,4
-1.47E-06,0.72,-1.47E-06,4
-1.47E-06,0.72,-1.47E-06,4
-1.47E-06,0.72,-1.47E-06,4
-1.46E-06,0.72,-1.46E-06,4
-1.46E-06,0.72,-1.46E-06,4
-1.46E-06,0.72,-1.46E-06,4
-1.46E-06,0.72,-1.46E-06,4
-1.46E-06,0.72,-1.46E-06,4
-1.46E-06,0.72,-1.46E-06,4
-1.46E-06,0.64,-1.46E-06,8
-1.46E-06,0.72,-1.46E-06,4
-1.46E-06,0.72,-1.46E-06,4
-1.46E-06,0.72,-1.46E-06,4
-1.45E-06,0.72,-1.45E-06,4
-1.45E-06,0.72,-1.45E-06,4
-1.45E-06,0.72,-1.45E-06,4
-1.45E-06,0.72,-1.45E-06,4
-1.45E-06,0.72,-1.45E-06,4
-1.45E-06,0.72,-1.45E-06,4
-1.45E-06,0.72,-1.45E-06,8
-1.45E-06,0.72,-1.45E-06,4
-1.45E-06,0.72,-1.45E-06,4
-1.45E-06,0.72,-1.45E-06,4
-1.44E-06,0.72,-1.44E-06,4
-1.44E-06,0.72,-1.44E-06,4
-1.44E-06,0.72,-1.44E-06,4
-1.44E-06,0.72,-1.44E-06,4
-1.44E-06,0.72,-1.44E-06,4
-1.44E-06,0.72,-1.44E-06,4
-1.44E-06,0.72,-1.44E-06,4
-1.44E-06,0.72,-1.44E-06,4
-1.44E-06,0.72,-1.44E-06,4
-1.44E-06,0.72,-1.44E-06,4
-1.43E-06,0.72,-1.43E-06,4
-1.43E-06,0.72,-1.43E-06,4
-1.43E-06,0.72,-1.43E-06,4
-1.43E-06,0.72,-1.43E-06,4
-1.43E-06,0.72,-1.43E-06,8
-1.43E-06,0.72,-1.43E-06,4
-1.43E-06,0.72,-1.43E-06,4
-1.43E-06,0.72,-1.43E-06,4
-1.43E-06,0.72,-1.43E-06,4
-1.43E-06,0.72,-1.43E-06,4
-1.42E-06,0.72,-1.42E-06,4
-1.42E-06,0.72,-1.42E-06,4
-1.42E-06,0.72,-1.42E-06,4
-1.42E-06,0.72,-1.42E-06,4
-1.42E-06,0.72,-1.42E-06,4
-1.42E-06,0.72,-1.42E-06,4
-1.42E-06,0.72,-1.42E-06,4
-1.42E-06,0.72,-1.42E-06,4
-1.42E-06,0.72,-1.42E-06,4
-1.42E-06,0.72,-1.42E-06,4
-1.41E-06,0.72,-1.41E-06,4
-1.41E-06,0.72,-1.41E-06,4
-1.41E-06,0.72,-1.41E-06,4
-1.41E-06,0.72,-1.41E-06,4
-1.41E-06,0.72,-1.41E-06,4
-1.41E-06,0.72,-1.41E-06,8
-1.41E-06,0.72,-1.41E-06,4
-1.41E-06,0.72,-1.41E-06,4
-1.41E-06,0.72,-1.41E-06,4
-1.41E-06,0.72,-1.41E-06,4
-1.40E-06,0.72,-1.40E-06,4
-1.40E-06,0.72,-1.40E-06,4
-1.40E-06,0.72,-1.40E-06,4
-1.40E-06,0.72,-1.40E-06,4
-1.40E-06,0.72,-1.40E-06,8
-1.40E-06,0.72,-1.40E-06,4
-1.40E-06,0.72,-1.40E-06,4
-1.40E-06,0.72,-1.40E-06,4
-1.40E-06,0.72,-1.40E-06,4
-1.40E-06,0.72,-1.40E-06,4
-1.39E-06,0.72,-1.39E-06,4
-1.39E-06,0.72,-1.39E-06,4
-1.39E-06,0.72,-1.39E-06,4
-1.39E-06,0.72,-1.39E-06,4
-1.39E-06,0.72,-1.39E-06,4
-1.39E-06,0.72,-1.39E-06,4
-1.39E-06,0.72,-1.39E-06,4
-1.39E-06,0.72,-1.39E-06,4
-1.39E-06,0.64,-1.39E-06,4
-1.39E-06,0.72,-1.39E-06,4
-1.38E-06,0.72,-1.38E-06,4
-1.38E-06,0.72,-1.38E-06,4
-1.38E-06,0.72,-1.38E-06,4
-1.38E-06,0.72,-1.38E-06,4
-1.38E-06,0.72,-1.38E-06,4
-1.38E-06,0.72,-1.38E-06,4
-1.38E-06,0.72,-1.38E-06,4
-1.38E-06,0.72,-1.38E-06,4
-1.38E-06,0.72,-1.38E-06,4
-1.38E-06,0.72,-1.38E-06,4
-1.37E-06,0.72,-1.37E-06,4
-1.37E-06,0.72,-1.37E-06,4
-1.37E-06,0.72,-1.37E-06,4
-1.37E-06,0.72,-1.37E-06,4
-1.37E-06,0.72,-1.37E-06,4
-1.37E-06,0.72,-1.37E-06,4
-1.37E-06,0.72,-1.37E-06,4
-1.37E-06,0.72,-1.37E-06,4
-1.37E-06,0.72,-1.37E-06,4
-1.37E-06,0.72,-1.37E-06,4
-1.36E-06,0.64,-1.36E-06,4
-1.36E-06,0.72,-1.36E-06,4
-1.36E-06,0.72,-1.36E-06,4
-1.36E-06,0.72,-1.36E-06,4
-1.36E-06,0.72,-1.36E-06,4
-1.36E-06,0.72,-1.36E-06,4
-1.36E-06,0.72,-1.36E-06,4
-1.36E-06,0.72,-1.36E-06,4
-1.36E-06,0.72,-1.36E-06,4
-1.36E-06,0.72,-1.36E-06,4
-1.35E-06,0.72,-1.35E-06,4
-1.35E-06,0.72,-1.35E-06,4
-1.35E-06,0.72,-1.35E-06,4
-1.35E-06,0.72,-1.35E-06,4
-1.35E-06,0.72,-1.35E-06,4
-1.35E-06,0.72,-1.35E-06,4
-1.35E-06,0.72,-1.35E-06,4
-1.35E-06,0.72,-1.35E-06,4
-1.35E-06,0.72,-1.35E-06,4
-1.35E-06,0.72,-1.35E-06,4
-1.34E-06,0.72,-1.34E-06,4
-1.34E-06,0.72,-1.34E-06,4
-1.34E-06,0.72,-1.34E-06,4
-1.34E-06,0.72,-1.34E-06,4
-1.34E-06,0.72,-1.34E-06,4
-1.34E-06,0.72,-1.34E-06,4
-1.34E-06,0.72,-1.34E-06,4
-1.34E-06,0.72,-1.34E-06,4
-1.34E-06,0.72,-1.34E-06,4
-1.34E-06,0.72,-1.34E-06,4
-1.33E-06,0.72,-1.33E-06,4
-1.33E-06,0.72,-1.33E-06,4
-1.33E-06,0.72,-1.33E-06,4
-1.33E-06,0.72,-1.33E-06,4
-1.33E-06,0.72,-1.33E-06,4
-1.33E-06,0.72,-1.33E-06,4
-1.33E-06,0.72,-1.33E-06,4
-1.33E-06,0.72,-1.33E-06,4
-1.33E-06,0.72,-1.33E-06,4
-1.33E-06,0.72,-1.33E-06,4
-1.32E-06,0.72,-1.32E-06,4
-1.32E-06,0.72,-1.32E-06,4
-1.32E-06,0.72,-1.32E-06,4
-1.32E-06,0.72,-1.32E-06,4
-1.32E-06,0.72,-1.32E-06,4
-1.32E-06,0.72,-1.32E-06,4
-1.32E-06,0.72,-1.32E-06,4
-1.32E-06,0.72,-1.32E-06,4
-1.32E-06,0.72,-1.32E-06,4
-1.32E-06,0.72,-1.32E-06,4
-1.31E-06,0.72,-1.31E-06,4
-1.31E-06,0.72,-1.31E-06,4
-1.31E-06,0.72,-1.31E-06,4
-1.31E-06,0.72,-1.31E-06,4
-1.31E-06,0.72,-1.31E-06,4
-1.31E-06,0.72,-1.31E-06,4
-1.31E-06,0.72,-1.31E-06,4
-1.31E-06,0.72,-1.31E-06,4
-1.31E-06,0.72,-1.31E-06,4
-1.31E-06,0.72,-1.31E-06,4
-1.30E-06,0.72,-1.30E-06,4
-1.30E-06,0.64,-1.30E-06,4
-1.30E-06,0.72,-1.30E-06,4
-1.30E-06,0.72,-1.30E-06,4
-1.30E-06,0.72,-1.30E-06,4
-1.30E-06,0.72,-1.30E-06,4
-1.30E-06,0.72,-1.30E-06,8
-1.30E-06,0.72,-1.30E-06,4
-1.30E-06,0.72,-1.30E-06,4
-1.30E-06,0.72,-1.30E-06,4
-1.29E-06,0.72,-1.29E-06,4
-1.29E-06,0.72,-1.29E-06,4
-1.29E-06,0.72,-1.29E-06,4
-1.29E-06,0.72,-1.29E-06,4
-1.29E-06,0.72,-1.29E-06,4
-1.29E-06,0.72,-1.29E-06,8
-1.29E-06,0.72,-1.29E-06,4
-1.29E-06,0.72,-1.29E-06,4
-1.29E-06,0.72,-1.29E-06,4
-1.29E-06,0.72,-1.29E-06,4
-1.28E-06,0.72,-1.28E-06,4
-1.28E-06,0.72,-1.28E-06,4
-1.28E-06,0.72,-1.28E-06,4
-1.28E-06,0.72,-1.28E-06,4
-1.28E-06,0.72,-1.28E-06,4
-1.28E-06,0.72,-1.28E-06,4
-1.28E-06,0.72,-1.28E-06,4
-1.28E-06,0.72,-1.28E-06,4
-1.28E-06,0.72,-1.28E-06,4
-1.28E-06,0.72,-1.28E-06,4
-1.27E-06,0.72,-1.27E-06,4
-1.27E-06,0.72,-1.27E-06,4
-1.27E-06,0.72,-1.27E-06,4
-1.27E-06,0.72,-1.27E-06,4
-1.27E-06,0.72,-1.27E-06,4
-1.27E-06,0.72,-1.27E-06,4
-1.27E-06,0.72,-1.27E-06,4
-1.27E-06,0.72,-1.27E-06,4
-1.27E-06,0.72,-1.27E-06,4
-1.27E-06,0.72,-1.27E-06,4
-1.26E-06,0.72,-1.26E-06,4
-1.26E-06,0.72,-1.26E-06,4
-1.26E-06,0.72,-1.26E-06,4
-1.26E-06,0.72,-1.26E-06,4
-1.26E-06,0.72,-1.26E-06,4
-1.26E-06,0.72,-1.26E-06,4
-1.26E-06,0.72,-1.26E-06,4
-1.26E-06,0.72,-1.26E-06,4
-1.26E-06,0.72,-1.26E-06,8
-1.26E-06,0.72,-1.26E-06,4
-1.25E-06,0.72,-1.25E-06,8
-1.25E-06,0.72,-1.25E-06,4
-1.25E-06,0.72,-1.25E-06,4
-1.25E-06,0.72,-1.25E-06,4
-1.25E-06,0.72,-1.25E-06,4
-1.25E-06,0.72,-1.25E-06,4
-1.25E-06,0.72,-1.25E-06,4
-1.25E-06,0.72,-1.25E-06,4
-1.25E-06,0.72,-1.25E-06,8
-1.25E-06,0.72,-1.25E-06,4
-1.24E-06,0.72,-1.24E-06,4
-1.24E-06,0.72,-1.24E-06,4
-1.24E-06,0.72,-1.24E-06,4
-1.24E-06,0.72,-1.24E-06,4
-1.24E-06,0.72,-1.24E-06,4
-1.24E-06,0.72,-1.24E-06,4
-1.24E-06,0.72,-1.24E-06,4
-1.24E-06,0.72,-1.24E-06,4
-1.24E-06,0.72,-1.24E-06,4
-1.24E-06,0.72,-1.24E-06,4
-1.23E-06,0.72,-1.23E-06,4
-1.23E-06,0.72,-1.23E-06,4
-1.23E-06,0.72,-1.23E-06,4
-1.23E-06,0.72,-1.23E-06,4
-1.23E-06,0.72,-1.23E-06,4
-1.23E-06,0.72,-1.23E-06,4
-1.23E-06,0.72,-1.23E-06,4
-1.23E-06,0.72,-1.23E-06,4
-1.23E-06,0.72,-1.23E-06,4
-1.23E-06,0.72,-1.23E-06,4
-1.22E-06,0.72,-1.22E-06,4
-1.22E-06,0.72,-1.22E-06,4
-1.22E-06,0.72,-1.22E-06,4
-1.22E-06,0.72,-1.22E-06,4
-1.22E-06,0.72,-1.22E-06,4
-1.22E-06,0.72,-1.22E-06,4
-1.22E-06,0.72,-1.22E-06,4
-1.22E-06,0.72,-1.22E-06,4
-1.22E-06,0.72,-1.22E-06,4
-1.22E-06,0.72,-1.22E-06,4
-1.21E-06,0.72,-1.21E-06,4
-1.21E-06,0.72,-1.21E-06,4
-1.21E-06,0.72,-1.21E-06,4
-1.21E-06,0.72,-1.21E-06,4
-1.21E-06,0.72,-1.21E-06,4
-1.21E-06,0.72,-1.21E-06,4
-1.21E-06,0.72,-1.21E-06,4
-1.21E-06,0.72,-1.21E-06,4
-1.21E-06,0.72,-1.21E-06,4
-1.21E-06,0.72,-1.21E-06,4
-1.20E-06,0.72,-1.20E-06,8
-1.20E-06,0.72,-1.20E-06,4
-1.20E-06,0.72,-1.20E-06,8
-1.20E-06,0.72,-1.20E-06,4
-1.20E-06,0.72,-1.20E-06,4
-1.20E-06,0.72,-1.20E-06,4
-1.20E-06,0.72,-1.20E-06,4
-1.20E-06,0.72,-1.20E-06,4
-1.20E-06,0.72,-1.20E-06,4
-1.20E-06,0.72,-1.20E-06,4
-1.19E-06,0.72,-1.19E-06,4
-1.19E-06,0.72,-1.19E-06,4
-1.19E-06,0.72,-1.19E-06,4
-1.19E-06,0.72,-1.19E-06,4
-1.19E-06,0.72,-1.19E-06,4
-1.19E-06,0.72,-1.19E-06,4
-1.19E-06,0.72,-1.19E-06,4
-1.19E-06,0.72,-1.19E-06,4
-1.19E-06,0.72,-1.19E-06,4
-1.19E-06,0.72,-1.19E-06,4
-1.18E-06,0.64,-1.18E-06,8
-1.18E-06,0.72,-1.18E-06,4
-1.18E-06,0.72,-1.18E-06,8
-1.18E-06,0.72,-1.18E-06,4
-1.18E-06,0.72,-1.18E-06,8
-1.18E-06,0.72,-1.18E-06,4
-1.18E-06,0.72,-1.18E-06,4
-1.18E-06,0.72,-1.18E-06,4
-1.18E-06,0.72,-1.18E-06,4
-1.18E-06,0.72,-1.18E-06,4
-1.17E-06,0.72,-1.17E-06,8
-1.17E-06,0.72,-1.17E-06,4
-1.17E-06,0.72,-1.17E-06,8
-1.17E-06,0.72,-1.17E-06,4
-1.17E-06,0.72,-1.17E-06,4
-1.17E-06,0.72,-1.17E-06,4
-1.17E-06,0.72,-1.17E-06,4
-1.17E-06,0.72,-1.17E-06,4
-1.17E-06,0.72,-1.17E-06,4
-1.17E-06,0.72,-1.17E-06,4
-1.16E-06,0.72,-1.16E-06,4
-1.16E-06,0.72,-1.16E-06,4
-1.16E-06,0.72,-1.16E-06,4
-1.16E-06,0.72,-1.16E-06,4
-1.16E-06,0.72,-1.16E-06,4
-1.16E-06,0.72,-1.16E-06,4
-1.16E-06,0.72,-1.16E-06,4
-1.16E-06,0.72,-1.16E-06,4
-1.16E-06,0.72,-1.16E-06,4
-1.16E-06,0.72,-1.16E-06,4
-1.15E-06,0.72,-1.15E-06,4
-1.15E-06,0.72,-1.15E-06,4
-1.15E-06,0.72,-1.15E-06,4
-1.15E-06,0.72,-1.15E-06,4
-1.15E-06,0.72,-1.15E-06,4
-1.15E-06,0.72,-1.15E-06,4
-1.15E-06,0.72,-1.15E-06,4
-1.15E-06,0.72,-1.15E-06,4
-1.15E-06,0.72,-1.15E-06,4
-1.15E-06,0.72,-1.15E-06,8
-1.14E-06,0.72,-1.14E-06,4
-1.14E-06,0.72,-1.14E-06,4
-1.14E-06,0.72,-1.14E-06,4
-1.14E-06,0.72,-1.14E-06,4
-1.14E-06,0.72,-1.14E-06,4
-1.14E-06,0.72,-1.14E-06,4
-1.14E-06,0.72,-1.14E-06,8
-1.14E-06,0.72,-1.14E-06,4
-1.14E-06,0.72,-1.14E-06,8
-1.14E-06,0.72,-1.14E-06,4
-1.13E-06,0.72,-1.13E-06,4
-1.13E-06,0.72,-1.13E-06,4
-1.13E-06,0.72,-1.13E-06,8
-1.13E-06,0.72,-1.13E-06,4
-1.13E-06,0.72,-1.13E-06,8
-1.13E-06,0.72,-1.13E-06,4
-1.13E-06,0.72,-1.13E-06,4
-1.13E-06,0.72,-1.13E-06,4
-1.13E-06,0.72,-1.13E-06,4
-1.13E-06,0.72,-1.13E-06,4
-1.12E-06,0.72,-1.12E-06,4
-1.12E-06,0.72,-1.12E-06,4
-1.12E-06,0.72,-1.12E-06,4
-1.12E-06,0.72,-1.12E-06,4
-1.12E-06,0.72,-1.12E-06,4
-1.12E-06,0.72,-1.12E-06,4
-1.12E-06,0.72,-1.12E-06,4
-1.12E-06,0.72,-1.12E-06,4
-1.12E-06,0.72,-1.12E-06,4
-1.12E-06,0.72,-1.12E-06,4
-1.11E-06,0.72,-1.11E-06,4
-1.11E-06,0.72,-1.11E-06,4
-1.11E-06,0.72,-1.11E-06,4
-1.11E-06,0.72,-1.11E-06,4
-1.11E-06,0.72,-1.11E-06,4
-1.11E-06,0.72,-1.11E-06,4
-1.11E-06,0.72,-1.11E-06,4
-1.11E-06,0.72,-1.11E-06,4
-1.11E-06,0.72,-1.11E-06,4
-1.11E-06,0.72,-1.11E-06,4
-1.10E-06,0.72,-1.10E-06,4
-1.10E-06,0.72,-1.10E-06,4
-1.10E-06,0.72,-1.10E-06,4
-1.10E-06,0.72,-1.10E-06,4
-1.10E-06,0.72,-1.10E-06,4
-1.10E-06,0.72,-1.10E-06,4
-1.10E-06,0.72,-1.10E-06,4
-1.10E-06,0.72,-1.10E-06,4
-1.10E-06,0.72,-1.10E-06,4
-1.10E-06,0.72,-1.10E-06,4
-1.09E-06,0.72,-1.09E-06,4
-1.09E-06,0.72,-1.09E-06,4
-1.09E-06,0.72,-1.09E-06,4
-1.09E-06,0.72,-1.09E-06,4
-1.09E-06,0.72,-1.09E-06,4
-1.09E-06,0.72,-1.09E-06,4
-1.09E-06,0.72,-1.09E-06,4
-1.09E-06,0.72,-1.09E-06,4
-1.09E-06,0.72,-1.09E-06,4
-1.09E-06,0.72,-1.09E-06,4
-1.08E-06,0.72,-1.08E-06,4
-1.08E-06,0.72,-1.08E-06,4
-1.08E-06,0.72,-1.08E-06,4
-1.08E-06,0.72,-1.08E-06,4
-1.08E-06,0.72,-1.08E-06,4
-1.08E-06,0.72,-1.08E-06,4
-1.08E-06,0.72,-1.08E-06,4
-1.08E-06,0.72,-1.08E-06,4
-1.08E-06,0.72,-1.08E-06,4
-1.08E-06,0.72,-1.08E-06,4
-1.07E-06,0.72,-1.07E-06,4
-1.07E-06,0.72,-1.07E-06,4
-1.07E-06,0.72,-1.07E-06,4
-1.07E-06,0.72,-1.07E-06,4
-1.07E-06,0.72,-1.07E-06,4
-1.07E-06,0.72,-1.07E-06,4
-1.07E-06,0.72,-1.07E-06,4
-1.07E-06,0.72,-1.07E-06,4
-1.07E-06,0.72,-1.07E-06,4
-1.07E-06,0.72,-1.07E-06,4
-1.06E-06,0.72,-1.06E-06,4
-1.06E-06,0.72,-1.06E-06,4
-1.06E-06,0.72,-1.06E-06,4
-1.06E-06,0.72,-1.06E-06,4
-1.06E-06,0.72,-1.06E-06,4
-1.06E-06,0.72,-1.06E-06,4
-1.06E-06,0.72,-1.06E-06,4
-1.06E-06,0.72,-1.06E-06,4
-1.06E-06,0.72,-1.06E-06,4
-1.06E-06,0.72,-1.06E-06,4
-1.05E-06,0.64,-1.05E-06,4
-1.05E-06,0.72,-1.05E-06,4
-1.05E-06,0.72,-1.05E-06,4
-1.05E-06,0.72,-1.05E-06,4
-1.05E-06,0.72,-1.05E-06,8
-1.05E-06,0.72,-1.05E-06,4
-1.05E-06,0.72,-1.05E-06,4
-1.05E-06,0.72,-1.05E-06,4
-1.05E-06,0.72,-1.05E-06,4
-1.05E-06,0.72,-1.05E-06,4
-1.04E-06,0.72,-1.04E-06,8
-1.04E-06,0.72,-1.04E-06,4
-1.04E-06,0.72,-1.04E-06,4
-1.04E-06,0.72,-1.04E-06,4
-1.04E-06,0.72,-1.04E-06,4
-1.04E-06,0.72,-1.04E-06,4
-1.04E-06,0.72,-1.04E-06,4
-1.04E-06,0.72,-1.04E-06,4
-1.04E-06,0.72,-1.04E-06,4
-1.04E-06,0.72,-1.04E-06,4
-1.03E-06,0.72,-1.03E-06,4
-1.03E-06,0.72,-1.03E-06,4
-1.03E-06,0.72,-1.03E-06,4
-1.03E-06,0.72,-1.03E-06,4
-1.03E-06,0.72,-1.03E-06,4
-1.03E-06,0.72,-1.03E-06,4
-1.03E-06,0.72,-1.03E-06,4
-1.03E-06,0.72,-1.03E-06,4
-1.03E-06,0.72,-1.03E-06,4
-1.03E-06,0.72,-1.03E-06,4
-1.02E-06,0.72,-1.02E-06,4
-1.02E-06,0.72,-1.02E-06,4
-1.02E-06,0.72,-1.02E-06,4
-1.02E-06,0.72,-1.02E-06,4
-1.02E-06,0.72,-1.02E-06,4
-1.02E-06,0.72,-1.02E-06,4
-1.02E-06,0.72,-1.02E-06,4
-1.02E-06,0.72,-1.02E-06,4
-1.02E-06,0.72,-1.02E-06,8
-1.02E-06,0.72,-1.02E-06,4
-1.01E-06,0.72,-1.01E-06,4
-1.01E-06,0.72,-1.01E-06,4
-1.01E-06,0.72,-1.01E-06,4
-1.01E-06,0.72,-1.01E-06,4
-1.01E-06,0.72,-1.01E-06,4
-1.01E-06,0.72,-1.01E-06,4
-1.01E-06,0.72,-1.01E-06,4
-1.01E-06,0.72,-1.01E-06,4
-1.01E-06,0.72,-1.01E-06,4
-1.01E-06,0.72,-1.01E-06,4
-1.00E-06,0.72,-1.00E-06,4
-1.00E-06,0.72,-1.00E-06,4
-1.00E-06,0.72,-1.00E-06,4
-1.00E-06,0.72,-1.00E-06,4
-1.00E-06,0.72,-1.00E-06,4
-1.00E-06,0.72,-1.00E-06,4
-9.99E-07,0.72,-9.99E-07,4
-9.98E-07,0.72,-9.98E-07,4
-9.97E-07,0.72,-9.97E-07,4
-9.96E-07,0.72,-9.96E-07,4
-9.95E-07,0.72,-9.95E-07,4
-9.94E-07,0.72,-9.94E-07,4
-9.93E-07,0.72,-9.93E-07,4
-9.92E-07,0.72,-9.92E-07,4
-9.91E-07,0.72,-9.91E-07,4
-9.90E-07,0.72,-9.90E-07,4
-9.89E-07,0.72,-9.89E-07,4
-9.88E-07,0.72,-9.88E-07,4
-9.87E-07,0.72,-9.87E-07,4
-9.86E-07,0.72,-9.86E-07,4
-9.85E-07,0.72,-9.85E-07,8
-9.84E-07,0.72,-9.84E-07,4
-9.83E-07,0.72,-9.83E-07,4
-9.82E-07,0.72,-9.82E-07,4
-9.81E-07,0.72,-9.81E-07,4
-9.80E-07,0.72,-9.80E-07,4
-9.79E-07,0.72,-9.79E-07,4
-9.78E-07,0.72,-9.78E-07,4
-9.77E-07,0.72,-9.77E-07,4
-9.76E-07,0.72,-9.76E-07,4
-9.75E-07,0.72,-9.75E-07,4
-9.74E-07,0.72,-9.74E-07,4
-9.73E-07,0.72,-9.73E-07,4
-9.72E-07,0.72,-9.72E-07,4
-9.71E-07,0.72,-9.71E-07,4
-9.70E-07,0.72,-9.70E-07,4
-9.69E-07,0.72,-9.69E-07,4
-9.68E-07,0.72,-9.68E-07,4
-9.67E-07,0.72,-9.67E-07,4
-9.66E-07,0.72,-9.66E-07,4
-9.65E-07,0.72,-9.65E-07,4
-9.64E-07,0.72,-9.64E-07,4
-9.63E-07,0.72,-9.63E-07,4
-9.62E-07,0.72,-9.62E-07,4
-9.61E-07,0.72,-9.61E-07,4
-9.60E-07,0.72,-9.60E-07,4
-9.59E-07,0.72,-9.59E-07,4
-9.58E-07,0.72,-9.58E-07,4
-9.57E-07,0.72,-9.57E-07,4
-9.56E-07,0.72,-9.56E-07,4
-9.55E-07,0.72,-9.55E-07,4
-9.54E-07,0.72,-9.54E-07,4
-9.53E-07,0.72,-9.53E-07,4
-9.52E-07,0.72,-9.52E-07,4
-9.51E-07,0.72,-9.51E-07,4
-9.50E-07,0.72,-9.50E-07,4
-9.49E-07,0.72,-9.49E-07,4
-9.48E-07,0.72,-9.48E-07,4
-9.47E-07,0.72,-9.47E-07,4
-9.46E-07,0.72,-9.46E-07,4
-9.45E-07,0.72,-9.45E-07,4
-9.44E-07,0.72,-9.44E-07,4
-9.43E-07,0.72,-9.43E-07,4
-9.42E-07,0.72,-9.42E-07,4
-9.41E-07,0.72,-9.41E-07,4
-9.40E-07,0.72,-9.40E-07,4
-9.39E-07,0.64,-9.39E-07,4
-9.38E-07,0.72,-9.38E-07,4
-9.37E-07,0.72,-9.37E-07,4
-9.36E-07,0.72,-9.36E-07,4
-9.35E-07,0.72,-9.35E-07,4
-9.34E-07,0.72,-9.34E-07,4
-9.33E-07,0.72,-9.33E-07,4
-9.32E-07,0.72,-9.32E-07,4
-9.31E-07,0.72,-9.31E-07,4
-9.30E-07,0.72,-9.30E-07,4
-9.29E-07,0.72,-9.29E-07,4
-9.28E-07,0.72,-9.28E-07,4
-9.27E-07,0.72,-9.27E-07,8
-9.26E-07,0.72,-9.26E-07,4
-9.25E-07,0.72,-9.25E-07,8
-9.24E-07,0.72,-9.24E-07,4
-9.23E-07,0.72,-9.23E-07,4
-9.22E-07,0.72,-9.22E-07,4
-9.21E-07,0.64,-9.21E-07,4
-9.20E-07,0.64,-9.20E-07,4
-9.19E-07,0.72,-9.19E-07,4
-9.18E-07,0.72,-9.18E-07,4
-9.17E-07,0.72,-9.17E-07,4
-9.16E-07,0.72,-9.16E-07,4
-9.15E-07,0.72,-9.15E-07,8
-9.14E-07,0.72,-9.14E-07,4
-9.13E-07,0.72,-9.13E-07,4
-9.12E-07,0.72,-9.12E-07,4
-9.11E-07,0.72,-9.11E-07,4
-9.10E-07,0.72,-9.10E-07,4
-9.09E-07,0.72,-9.09E-07,4
-9.08E-07,0.72,-9.08E-07,4
-9.07E-07,0.72,-9.07E-07,4
-9.06E-07,0.72,-9.06E-07,4
-9.05E-07,0.72,-9.05E-07,4
-9.04E-07,0.72,-9.04E-07,4
-9.03E-07,0.72,-9.03E-07,4
-9.02E-07,0.72,-9.02E-07,4
-9.01E-07,0.72,-9.01E-07,4
-9.00E-07,0.72,-9.00E-07,4
-8.99E-07,0.72,-8.99E-07,4
-8.98E-07,0.72,-8.98E-07,4
-8.97E-07,0.72,-8.97E-07,4
-8.96E-07,0.72,-8.96E-07,4
-8.95E-07,0.72,-8.95E-07,8
-8.94E-07,0.72,-8.94E-07,8
-8.93E-07,0.72,-8.93E-07,4
-8.92E-07,0.72,-8.92E-07,4
-8.91E-07,0.72,-8.91E-07,4
-8.90E-07,0.64,-8.90E-07,8
-8.89E-07,0.72,-8.89E-07,4
-8.88E-07,0.72,-8.88E-07,4
-8.87E-07,0.72,-8.87E-07,8
-8.86E-07,0.72,-8.86E-07,4
-8.85E-07,0.72,-8.85E-07,4
-8.84E-07,0.72,-8.84E-07,4
-8.83E-07,0.72,-8.83E-07,4
-8.82E-07,0.72,-8.82E-07,4
-8.81E-07,0.72,-8.81E-07,4
-8.80E-07,0.72,-8.80E-07,4
-8.79E-07,0.72,-8.79E-07,4
-8.78E-07,0.72,-8.78E-07,4
-8.77E-07,0.72,-8.77E-07,4
-8.76E-07,0.72,-8.76E-07,4
-8.75E-07,0.72,-8.75E-07,8
-8.74E-07,0.72,-8.74E-07,4
-8.73E-07,0.72,-8.73E-07,8
-8.72E-07,0.72,-8.72E-07,4
-8.71E-07,0.72,-8.71E-07,8
-8.70E-07,0.72,-8.70E-07,4
-8.69E-07,0.72,-8.69E-07,4
-8.68E-07,0.72,-8.68E-07,4
-8.67E-07,0.72,-8.67E-07,4
-8.66E-07,0.72,-8.66E-07,4
-8.65E-07,0.72,-8.65E-07,4
-8.64E-07,0.72,-8.64E-07,4
-8.63E-07,0.72,-8.63E-07,4
-8.62E-07,0.72,-8.62E-07,4
-8.61E-07,0.72,-8.61E-07,4
-8.60E-07,0.72,-8.60E-07,4
-8.59E-07,0.72,-8.59E-07,4
-8.58E-07,0.72,-8.58E-07,4
-8.57E-07,0.72,-8.57E-07,4
-8.56E-07,0.72,-8.56E-07,4
-8.55E-07,0.72,-8.55E-07,4
-8.54E-07,0.72,-8.54E-07,4
-8.53E-07,0.72,-8.53E-07,4
-8.52E-07,0.72,-8.52E-07,4
-8.51E-07,0.72,-8.51E-07,8
-8.50E-07,0.72,-8.50E-07,4
-8.49E-07,0.72,-8.49E-07,4
-8.48E-07,0.72,-8.48E-07,4
-8.47E-07,0.72,-8.47E-07,4
-8.46E-07,0.72,-8.46E-07,4
-8.45E-07,0.72,-8.45E-07,4
-8.44E-07,0.72,-8.44E-07,4
-8.43E-07,0.72,-8.43E-07,8
-8.42E-07,0.72,-8.42E-07,4
-8.41E-07,0.72,-8.41E-07,4
-8.40E-07,0.72,-8.40E-07,4
-8.39E-07,0.72,-8.39E-07,8
-8.38E-07,0.72,-8.38E-07,4
-8.37E-07,0.72,-8.37E-07,4
-8.36E-07,0.72,-8.36E-07,4
-8.35E-07,0.72,-8.35E-07,4
-8.34E-07,0.72,-8.34E-07,4
-8.33E-07,0.72,-8.33E-07,8
-8.32E-07,0.72,-8.32E-07,4
-8.31E-07,0.72,-8.31E-07,4
-8.30E-07,0.72,-8.30E-07,4
-8.29E-07,0.72,-8.29E-07,4
-8.28E-07,0.72,-8.28E-07,4
-8.27E-07,0.72,-8.27E-07,4
-8.26E-07,0.72,-8.26E-07,4
-8.25E-07,0.72,-8.25E-07,4
-8.24E-07,0.72,-8.24E-07,4
-8.23E-07,0.72,-8.23E-07,4
-8.22E-07,0.72,-8.22E-07,4
-8.21E-07,0.72,-8.21E-07,4
-8.20E-07,0.72,-8.20E-07,4
-8.19E-07,0.72,-8.19E-07,4
-8.18E-07,0.72,-8.18E-07,4
-8.17E-07,0.64,-8.17E-07,4
-8.16E-07,0.72,-8.16E-07,4
-8.15E-07,0.72,-8.15E-07,4
-8.14E-07,0.72,-8.14E-07,4
-8.13E-07,0.72,-8.13E-07,4
-8.12E-07,0.72,-8.12E-07,4
-8.11E-07,0.72,-8.11E-07,4
-8.10E-07,0.72,-8.10E-07,4
-8.09E-07,0.72,-8.09E-07,8
-8.08E-07,0.72,-8.08E-07,4
-8.07E-07,0.72,-8.07E-07,4
-8.06E-07,0.72,-8.06E-07,4
-8.05E-07,0.72,-8.05E-07,4
-8.04E-07,0.72,-8.04E-07,4
-8.03E-07,0.72,-8.03E-07,4
-8.02E-07,0.72,-8.02E-07,4
-8.01E-07,0.72,-8.01E-07,4
-8.00E-07,0.72,-8.00E-07,4
-7.99E-07,0.72,-7.99E-07,8
-7.98E-07,0.72,-7.98E-07,4
-7.97E-07,0.72,-7.97E-07,8
-7.96E-07,0.72,-7.96E-07,4
-7.95E-07,0.72,-7.95E-07,8
-7.94E-07,0.72,-7.94E-07,4
-7.93E-07,0.72,-7.93E-07,4
-7.92E-07,0.72,-7.92E-07,4
-7.91E-07,0.64,-7.91E-07,4
-7.90E-07,0.72,-7.90E-07,4
-7.89E-07,0.72,-7.89E-07,4
-7.88E-07,0.72,-7.88E-07,4
-7.87E-07,0.72,-7.87E-07,4
-7.86E-07,0.72,-7.86E-07,4
-7.85E-07,0.72,-7.85E-07,4
-7.84E-07,0.72,-7.84E-07,4
-7.83E-07,0.72,-7.83E-07,4
-7.82E-07,0.72,-7.82E-07,4
-7.81E-07,0.72,-7.81E-07,4
-7.80E-07,0.72,-7.80E-07,4
-7.79E-07,0.72,-7.79E-07,4
-7.78E-07,0.72,-7.78E-07,4
-7.77E-07,0.72,-7.77E-07,4
-7.76E-07,0.72,-7.76E-07,4
-7.75E-07,0.72,-7.75E-07,4
-7.74E-07,0.72,-7.74E-07,4
-7.73E-07,0.72,-7.73E-07,4
-7.72E-07,0.72,-7.72E-07,4
-7.71E-07,0.72,-7.71E-07,4
-7.70E-07,0.72,-7.70E-07,4
-7.69E-07,0.72,-7.69E-07,4
-7.68E-07,0.72,-7.68E-07,4
-7.67E-07,0.64,-7.67E-07,8
-7.66E-07,0.72,-7.66E-07,4
-7.65E-07,0.64,-7.65E-07,4
-7.64E-07,0.72,-7.64E-07,4
-7.63E-07,0.72,-7.63E-07,4
-7.62E-07,0.72,-7.62E-07,4
-7.61E-07,0.64,-7.61E-07,4
-7.60E-07,0.72,-7.60E-07,4
-7.59E-07,0.72,-7.59E-07,4
-7.58E-07,0.72,-7.58E-07,4
-7.57E-07,0.72,-7.57E-07,4
-7.56E-07,0.72,-7.56E-07,4
-7.55E-07,0.72,-7.55E-07,4
-7.54E-07,0.72,-7.54E-07,4
-7.53E-07,0.72,-7.53E-07,4
-7.52E-07,0.72,-7.52E-07,4
-7.51E-07,0.72,-7.51E-07,4
-7.50E-07,0.72,-7.50E-07,4
-7.49E-07,0.72,-7.49E-07,4
-7.48E-07,0.72,-7.48E-07,4
-7.47E-07,0.72,-7.47E-07,4
-7.46E-07,0.72,-7.46E-07,4
-7.45E-07,0.72,-7.45E-07,4
-7.44E-07,0.72,-7.44E-07,4
-7.43E-07,0.72,-7.43E-07,4
-7.42E-07,0.72,-7.42E-07,4
-7.41E-07,0.72,-7.41E-07,4
-7.40E-07,0.72,-7.40E-07,4
-7.39E-07,0.72,-7.39E-07,4
-7.38E-07,0.72,-7.38E-07,4
-7.37E-07,0.72,-7.37E-07,4
-7.36E-07,0.72,-7.36E-07,4
-7.35E-07,0.72,-7.35E-07,4
-7.34E-07,0.72,-7.34E-07,4
-7.33E-07,0.72,-7.33E-07,4
-7.32E-07,0.72,-7.32E-07,4
-7.31E-07,0.72,-7.31E-07,4
-7.30E-07,0.72,-7.30E-07,4
-7.29E-07,0.72,-7.29E-07,4
-7.28E-07,0.72,-7.28E-07,4
-7.27E-07,0.72,-7.27E-07,4
-7.26E-07,0.72,-7.26E-07,4
-7.25E-07,0.72,-7.25E-07,4
-7.24E-07,0.72,-7.24E-07,4
-7.23E-07,0.72,-7.23E-07,8
-7.22E-07,0.72,-7.22E-07,4
-7.21E-07,0.72,-7.21E-07,4
-7.20E-07,0.72,-7.20E-07,4
-7.19E-07,0.72,-7.19E-07,4
-7.18E-07,0.72,-7.18E-07,4
-7.17E-07,0.72,-7.17E-07,4
-7.16E-07,0.72,-7.16E-07,4
-7.15E-07,0.72,-7.15E-07,4
-7.14E-07,0.72,-7.14E-07,4
-7.13E-07,0.72,-7.13E-07,4
-7.12E-07,0.72,-7.12E-07,4
-7.11E-07,0.72,-7.11E-07,4
-7.10E-07,0.72,-7.10E-07,4
-7.09E-07,0.72,-7.09E-07,8
-7.08E-07,0.72,-7.08E-07,8
-7.07E-07,0.72,-7.07E-07,4
-7.06E-07,0.72,-7.06E-07,8
-7.05E-07,0.72,-7.05E-07,4
-7.04E-07,0.72,-7.04E-07,4
-7.03E-07,0.72,-7.03E-07,4
-7.02E-07,0.72,-7.02E-07,4
-7.01E-07,0.72,-7.01E-07,4
-7.00E-07,0.72,-7.00E-07,4
-6.99E-07,0.72,-6.99E-07,4
-6.98E-07,0.72,-6.98E-07,4
-6.97E-07,0.72,-6.97E-07,4
-6.96E-07,0.72,-6.96E-07,4
-6.95E-07,0.72,-6.95E-07,4
-6.94E-07,0.72,-6.94E-07,4
-6.93E-07,0.72,-6.93E-07,4
-6.92E-07,0.72,-6.92E-07,4
-6.91E-07,0.72,-6.91E-07,4
-6.90E-07,0.72,-6.90E-07,4
-6.89E-07,0.72,-6.89E-07,4
-6.88E-07,0.72,-6.88E-07,4
-6.87E-07,0.72,-6.87E-07,4
-6.86E-07,0.72,-6.86E-07,4
-6.85E-07,0.72,-6.85E-07,4
-6.84E-07,0.72,-6.84E-07,4
-6.83E-07,0.64,-6.83E-07,4
-6.82E-07,0.72,-6.82E-07,4
-6.81E-07,0.72,-6.81E-07,4
-6.80E-07,0.72,-6.80E-07,4
-6.79E-07,0.72,-6.79E-07,4
-6.78E-07,0.72,-6.78E-07,4
-6.77E-07,0.72,-6.77E-07,4
-6.76E-07,0.72,-6.76E-07,4
-6.75E-07,0.72,-6.75E-07,4
-6.74E-07,0.72,-6.74E-07,4
-6.73E-07,0.72,-6.73E-07,4
-6.72E-07,0.72,-6.72E-07,4
-6.71E-07,0.72,-6.71E-07,4
-6.70E-07,0.72,-6.70E-07,4
-6.69E-07,0.72,-6.69E-07,4
-6.68E-07,0.72,-6.68E-07,4
-6.67E-07,0.72,-6.67E-07,4
-6.66E-07,0.72,-6.66E-07,4
-6.65E-07,0.72,-6.65E-07,4
-6.64E-07,0.72,-6.64E-07,4
-6.63E-07,0.72,-6.63E-07,4
-6.62E-07,0.72,-6.62E-07,4
-6.61E-07,0.72,-6.61E-07,4
-6.60E-07,0.72,-6.60E-07,4
-6.59E-07,0.72,-6.59E-07,4
-6.58E-07,0.72,-6.58E-07,4
-6.57E-07,0.72,-6.57E-07,4
-6.56E-07,0.72,-6.56E-07,4
-6.55E-07,0.72,-6.55E-07,4
-6.54E-07,0.72,-6.54E-07,4
-6.53E-07,0.72,-6.53E-07,4
-6.52E-07,0.72,-6.52E-07,4
-6.51E-07,0.72,-6.51E-07,4
-6.50E-07,0.72,-6.50E-07,4
-6.49E-07,0.72,-6.49E-07,4
-6.48E-07,0.72,-6.48E-07,4
-6.47E-07,0.72,-6.47E-07,4
-6.46E-07,0.72,-6.46E-07,4
-6.45E-07,0.72,-6.45E-07,4
-6.44E-07,0.72,-6.44E-07,4
-6.43E-07,0.72,-6.43E-07,4
-6.42E-07,0.72,-6.42E-07,4
-6.41E-07,0.72,-6.41E-07,4
-6.40E-07,0.72,-6.40E-07,4
-6.39E-07,0.72,-6.39E-07,4
-6.38E-07,0.72,-6.38E-07,4
-6.37E-07,0.72,-6.37E-07,4
-6.36E-07,0.72,-6.36E-07,4
-6.35E-07,0.72,-6.35E-07,4
-6.34E-07,0.72,-6.34E-07,4
-6.33E-07,0.72,-6.33E-07,4
-6.32E-07,0.72,-6.32E-07,4
-6.31E-07,0.72,-6.31E-07,4
-6.30E-07,0.72,-6.30E-07,4
-6.29E-07,0.72,-6.29E-07,4
-6.28E-07,0.72,-6.28E-07,4
-6.27E-07,0.72,-6.27E-07,4
-6.26E-07,0.72,-6.26E-07,4
-6.25E-07,0.64,-6.25E-07,4
-6.24E-07,0.72,-6.24E-07,4
-6.23E-07,0.72,-6.23E-07,4
-6.22E-07,0.72,-6.22E-07,4
-6.21E-07,0.72,-6.21E-07,4
-6.20E-07,0.72,-6.20E-07,4
-6.19E-07,0.72,-6.19E-07,4
-6.18E-07,0.72,-6.18E-07,4
-6.17E-07,0.72,-6.17E-07,4
-6.16E-07,0.72,-6.16E-07,4
-6.15E-07,0.72,-6.15E-07,4
-6.14E-07,0.72,-6.14E-07,4
-6.13E-07,0.72,-6.13E-07,4
-6.12E-07,0.72,-6.12E-07,4
-6.11E-07,0.72,-6.11E-07,4
-6.10E-07,0.72,-6.10E-07,4
-6.09E-07,0.72,-6.09E-07,4
-6.08E-07,0.72,-6.08E-07,4
-6.07E-07,0.72,-6.07E-07,4
-6.06E-07,0.72,-6.06E-07,4
-6.05E-07,0.72,-6.05E-07,4
-6.04E-07,0.72,-6.04E-07,4
-6.03E-07,0.72,-6.03E-07,4
-6.02E-07,0.72,-6.02E-07,4
-6.01E-07,0.72,-6.01E-07,4
-6.00E-07,0.72,-6.00E-07,4
-5.99E-07,0.72,-5.99E-07,4
-5.98E-07,0.72,-5.98E-07,4
-5.97E-07,0.72,-5.97E-07,4
-5.96E-07,0.72,-5.96E-07,4
-5.95E-07,0.72,-5.95E-07,4
-5.94E-07,0.72,-5.94E-07,4
-5.93E-07,0.72,-5.93E-07,4
-5.92E-07,0.72,-5.92E-07,4
-5.91E-07,0.72,-5.91E-07,4
-5.90E-07,0.72,-5.90E-07,4
-5.89E-07,0.72,-5.89E-07,4
-5.88E-07,0.72,-5.88E-07,4
-5.87E-07,0.72,-5.87E-07,4
-5.86E-07,0.72,-5.86E-07,4
-5.85E-07,0.72,-5.85E-07,8
-5.84E-07,0.72,-5.84E-07,4
-5.83E-07,0.72,-5.83E-07,4
-5.82E-07,0.72,-5.82E-07,4
-5.81E-07,0.72,-5.81E-07,4
-5.80E-07,0.72,-5.80E-07,4
-5.79E-07,0.72,-5.79E-07,4
-5.78E-07,0.72,-5.78E-07,4
-5.77E-07,0.72,-5.77E-07,4
-5.76E-07,0.72,-5.76E-07,4
-5.75E-07,0.72,-5.75E-07,4
-5.74E-07,0.72,-5.74E-07,4
-5.73E-07,0.72,-5.73E-07,4
-5.72E-07,0.72,-5.72E-07,4
-5.71E-07,0.72,-5.71E-07,4
-5.70E-07,0.72,-5.70E-07,4
-5.69E-07,0.72,-5.69E-07,4
-5.68E-07,0.72,-5.68E-07,4
-5.67E-07,0.72,-5.67E-07,4
-5.66E-07,0.72,-5.66E-07,4
-5.65E-07,0.72,-5.65E-07,4
-5.64E-07,0.72,-5.64E-07,4
-5.63E-07,0.72,-5.63E-07,4
-5.62E-07,0.72,-5.62E-07,4
-5.61E-07,0.72,-5.61E-07,4
-5.60E-07,0.72,-5.60E-07,4
-5.59E-07,0.72,-5.59E-07,4
-5.58E-07,0.72,-5.58E-07,4
-5.57E-07,0.72,-5.57E-07,4
-5.56E-07,0.72,-5.56E-07,4
-5.55E-07,0.72,-5.55E-07,4
-5.54E-07,0.72,-5.54E-07,4
-5.53E-07,0.72,-5.53E-07,4
-5.52E-07,0.72,-5.52E-07,4
-5.51E-07,0.72,-5.51E-07,8
-5.50E-07,0.72,-5.50E-07,4
-5.49E-07,0.72,-5.49E-07,8
-5.48E-07,0.72,-5.48E-07,4
-5.47E-07,0.72,-5.47E-07,4
-5.46E-07,0.72,-5.46E-07,4
-5.45E-07,0.72,-5.45E-07,4
-5.44E-07,0.72,-5.44E-07,4
-5.43E-07,0.72,-5.43E-07,4
-5.42E-07,0.72,-5.42E-07,4
-5.41E-07,0.72,-5.41E-07,4
-5.40E-07,0.72,-5.40E-07,4
-5.39E-07,0.72,-5.39E-07,8
-5.38E-07,0.72,-5.38E-07,4
-5.37E-07,0.72,-5.37E-07,4
-5.36E-07,0.72,-5.36E-07,4
-5.35E-07,0.72,-5.35E-07,4
-5.34E-07,0.72,-5.34E-07,4
-5.33E-07,0.72,-5.33E-07,8
-5.32E-07,0.72,-5.32E-07,4
-5.31E-07,0.72,-5.31E-07,8
-5.30E-07,0.72,-5.30E-07,4
-5.29E-07,0.72,-5.29E-07,4
-5.28E-07,0.72,-5.28E-07,4
-5.27E-07,0.72,-5.27E-07,4
-5.26E-07,0.72,-5.26E-07,4
-5.25E-07,0.72,-5.25E-07,4
-5.24E-07,0.72,-5.24E-07,4
-5.23E-07,0.72,-5.23E-07,8
-5.22E-07,0.72,-5.22E-07,4
-5.21E-07,0.72,-5.21E-07,4
-5.20E-07,0.72,-5.20E-07,4
-5.19E-07,0.72,-5.19E-07,4
-5.18E-07,0.72,-5.18E-07,4
-5.17E-07,0.72,-5.17E-07,8
-5.16E-07,0.72,-5.16E-07,4
-5.15E-07,0.72,-5.15E-07,4
-5.14E-07,0.72,-5.14E-07,4
-5.13E-07,0.72,-5.13E-07,8
-5.12E-07,0.72,-5.12E-07,4
-5.11E-07,0.72,-5.11E-07,8
-5.10E-07,0.72,-5.10E-07,4
-5.09E-07,0.72,-5.09E-07,4
-5.08E-07,0.72,-5.08E-07,4
-5.07E-07,0.72,-5.07E-07,4
-5.06E-07,0.72,-5.06E-07,4
-5.05E-07,0.72,-5.05E-07,4
-5.04E-07,0.72,-5.04E-07,4
-5.03E-07,0.72,-5.03E-07,4
-5.02E-07,0.72,-5.02E-07,4
-5.01E-07,0.64,-5.01E-07,4
-5.00E-07,0.72,-5.00E-07,4
-4.99E-07,0.72,-4.99E-07,4
-4.98E-07,0.72,-4.98E-07,4
-4.97E-07,0.72,-4.97E-07,4
-4.96E-07,0.72,-4.96E-07,4
-4.95E-07,0.72,-4.95E-07,4
-4.94E-07,0.72,-4.94E-07,4
-4.93E-07,0.72,-4.93E-07,4
-4.92E-07,0.72,-4.92E-07,4
-4.91E-07,0.72,-4.91E-07,4
-4.90E-07,0.72,-4.90E-07,4
-4.89E-07,0.72,-4.89E-07,4
-4.88E-07,0.72,-4.88E-07,4
-4.87E-07,0.72,-4.87E-07,4
-4.86E-07,0.72,-4.86E-07,4
-4.85E-07,0.72,-4.85E-07,4
-4.84E-07,0.72,-4.84E-07,4
-4.83E-07,0.72,-4.83E-07,4
-4.82E-07,0.72,-4.82E-07,4
-4.81E-07,0.72,-4.81E-07,4
-4.80E-07,0.72,-4.80E-07,4
-4.79E-07,0.72,-4.79E-07,4
-4.78E-07,0.72,-4.78E-07,4
-4.77E-07,0.72,-4.77E-07,4
-4.76E-07,0.72,-4.76E-07,4
-4.75E-07,0.72,-4.75E-07,4
-4.74E-07,0.72,-4.74E-07,4
-4.73E-07,0.72,-4.73E-07,4
-4.72E-07,0.72,-4.72E-07,4
-4.71E-07,0.72,-4.71E-07,4
-4.70E-07,0.72,-4.70E-07,4
-4.69E-07,0.72,-4.69E-07,4
-4.68E-07,0.72,-4.68E-07,4
-4.67E-07,0.72,-4.67E-07,4
-4.66E-07,0.72,-4.66E-07,4
-4.65E-07,0.72,-4.65E-07,4
-4.64E-07,0.72,-4.64E-07,4
-4.63E-07,0.72,-4.63E-07,4
-4.62E-07,0.72,-4.62E-07,4
-4.61E-07,0.72,-4.61E-07,4
-4.60E-07,0.72,-4.60E-07,4
-4.59E-07,0.72,-4.59E-07,4
-4.58E-07,0.72,-4.58E-07,4
-4.57E-07,0.72,-4.57E-07,4
-4.56E-07,0.72,-4.56E-07,4
-4.55E-07,0.64,-4.55E-07,4
-4.54E-07,0.72,-4.54E-07,4
-4.53E-07,0.72,-4.53E-07,4
-4.52E-07,0.72,-4.52E-07,4
-4.51E-07,0.72,-4.51E-07,4
-4.50E-07,0.72,-4.50E-07,4
-4.49E-07,0.72,-4.49E-07,4
-4.48E-07,0.72,-4.48E-07,4
-4.47E-07,0.72,-4.47E-07,4
-4.46E-07,0.72,-4.46E-07,4
-4.45E-07,0.72,-4.45E-07,4
-4.44E-07,0.64,-4.44E-07,4
-4.43E-07,0.72,-4.43E-07,4
-4.42E-07,0.64,-4.42E-07,4
-4.41E-07,0.72,-4.41E-07,4
-4.40E-07,0.72,-4.40E-07,4
-4.39E-07,0.72,-4.39E-07,4
-4.38E-07,0.72,-4.38E-07,4
-4.37E-07,0.72,-4.37E-07,4
-4.36E-07,0.72,-4.36E-07,4
-4.35E-07,0.72,-4.35E-07,4
-4.34E-07,0.64,-4.34E-07,4
-4.33E-07,0.72,-4.33E-07,4
-4.32E-07,0.72,-4.32E-07,8
-4.31E-07,0.72,-4.31E-07,4
-4.30E-07,0.72,-4.30E-07,4
-4.29E-07,0.72,-4.29E-07,4
-4.28E-07,0.72,-4.28E-07,4
-4.27E-07,0.72,-4.27E-07,4
-4.26E-07,0.72,-4.26E-07,4
-4.25E-07,0.72,-4.25E-07,4
-4.24E-07,0.72,-4.24E-07,4
-4.23E-07,0.72,-4.23E-07,4
-4.22E-07,0.64,-4.22E-07,4
-4.21E-07,0.72,-4.21E-07,4
-4.20E-07,0.72,-4.20E-07,4
-4.19E-07,0.72,-4.19E-07,4
-4.18E-07,0.72,-4.18E-07,4
-4.17E-07,0.72,-4.17E-07,4
-4.16E-07,0.72,-4.16E-07,4
-4.15E-07,0.72,-4.15E-07,4
-4.14E-07,0.72,-4.14E-07,4
-4.13E-07,0.72,-4.13E-07,4
-4.12E-07,0.72,-4.12E-07,4
-4.11E-07,0.72,-4.11E-07,4
-4.10E-07,0.72,-4.10E-07,4
-4.09E-07,0.72,-4.09E-07,4
-4.08E-07,0.72,-4.08E-07,4
-4.07E-07,0.72,-4.07E-07,4
-4.06E-07,0.72,-4.06E-07,4
-4.05E-07,0.72,-4.05E-07,4
-4.04E-07,0.72,-4.04E-07,4
-4.03E-07,0.72,-4.03E-07,4
-4.02E-07,0.72,-4.02E-07,4
-4.01E-07,0.72,-4.01E-07,4
-4.00E-07,0.72,-4.00E-07,4
-3.99E-07,0.72,-3.99E-07,4
-3.98E-07,0.72,-3.98E-07,4
-3.97E-07,0.72,-3.97E-07,4
-3.96E-07,0.72,-3.96E-07,4
-3.95E-07,0.72,-3.95E-07,4
-3.94E-07,0.72,-3.94E-07,4
-3.93E-07,0.72,-3.93E-07,4
-3.92E-07,0.72,-3.92E-07,4
-3.91E-07,0.72,-3.91E-07,8
-3.90E-07,0.72,-3.90E-07,8
-3.89E-07,0.64,-3.89E-07,8
-3.88E-07,0.72,-3.88E-07,8
-3.87E-07,0.72,-3.87E-07,4
-3.86E-07,0.72,-3.86E-07,4
-3.85E-07,0.72,-3.85E-07,4
-3.84E-07,0.72,-3.84E-07,4
-3.83E-07,0.72,-3.83E-07,4
-3.82E-07,0.72,-3.82E-07,4
-3.81E-07,0.72,-3.81E-07,4
-3.80E-07,0.72,-3.80E-07,4
-3.79E-07,0.72,-3.79E-07,4
-3.78E-07,0.72,-3.78E-07,4
-3.77E-07,0.72,-3.77E-07,4
-3.76E-07,0.72,-3.76E-07,4
-3.75E-07,0.72,-3.75E-07,4
-3.74E-07,0.72,-3.74E-07,4
-3.73E-07,0.72,-3.73E-07,4
-3.72E-07,0.72,-3.72E-07,4
-3.71E-07,0.72,-3.71E-07,4
-3.70E-07,0.72,-3.70E-07,4
-3.69E-07,0.72,-3.69E-07,4
-3.68E-07,0.72,-3.68E-07,4
-3.67E-07,0.72,-3.67E-07,4
-3.66E-07,0.72,-3.66E-07,4
-3.65E-07,0.72,-3.65E-07,4
-3.64E-07,0.72,-3.64E-07,4
-3.63E-07,0.72,-3.63E-07,4
-3.62E-07,0.72,-3.62E-07,4
-3.61E-07,0.72,-3.61E-07,4
-3.60E-07,0.72,-3.60E-07,4
-3.59E-07,0.72,-3.59E-07,4
-3.58E-07,0.72,-3.58E-07,4
-3.57E-07,0.72,-3.57E-07,4
-3.56E-07,0.72,-3.56E-07,4
-3.55E-07,0.72,-3.55E-07,4
-3.54E-07,0.72,-3.54E-07,4
-3.53E-07,0.72,-3.53E-07,4
-3.52E-07,0.72,-3.52E-07,4
-3.51E-07,0.72,-3.51E-07,4
-3.50E-07,0.72,-3.50E-07,4
-3.49E-07,0.72,-3.49E-07,4
-3.48E-07,0.72,-3.48E-07,4
-3.47E-07,0.72,-3.47E-07,4
-3.46E-07,0.72,-3.46E-07,4
-3.45E-07,0.72,-3.45E-07,4
-3.44E-07,0.72,-3.44E-07,4
-3.43E-07,0.72,-3.43E-07,4
-3.42E-07,0.72,-3.42E-07,4
-3.41E-07,0.72,-3.41E-07,4
-3.40E-07,0.72,-3.40E-07,4
-3.39E-07,0.72,-3.39E-07,4
-3.38E-07,0.72,-3.38E-07,4
-3.37E-07,0.72,-3.37E-07,4
-3.36E-07,0.72,-3.36E-07,4
-3.35E-07,0.72,-3.35E-07,4
-3.34E-07,0.72,-3.34E-07,4
-3.33E-07,0.72,-3.33E-07,4
-3.32E-07,0.72,-3.32E-07,4
-3.31E-07,0.72,-3.31E-07,4
-3.30E-07,0.72,-3.30E-07,4
-3.29E-07,0.72,-3.29E-07,4
-3.28E-07,0.72,-3.28E-07,4
-3.27E-07,0.72,-3.27E-07,4
-3.26E-07,0.72,-3.26E-07,4
-3.25E-07,0.72,-3.25E-07,4
-3.24E-07,0.72,-3.24E-07,4
-3.23E-07,0.72,-3.23E-07,4
-3.22E-07,0.72,-3.22E-07,4
-3.21E-07,0.72,-3.21E-07,4
-3.20E-07,0.72,-3.20E-07,4
-3.19E-07,0.72,-3.19E-07,4
-3.18E-07,0.72,-3.18E-07,4
-3.17E-07,0.72,-3.17E-07,4
-3.16E-07,0.72,-3.16E-07,4
-3.15E-07,0.72,-3.15E-07,4
-3.14E-07,0.72,-3.14E-07,4
-3.13E-07,0.72,-3.13E-07,4
-3.12E-07,0.72,-3.12E-07,4
-3.11E-07,0.72,-3.11E-07,4
-3.10E-07,0.72,-3.10E-07,4
-3.09E-07,0.72,-3.09E-07,4
-3.08E-07,0.72,-3.08E-07,4
-3.07E-07,0.72,-3.07E-07,4
-3.06E-07,0.72,-3.06E-07,4
-3.05E-07,0.72,-3.05E-07,4
-3.04E-07,0.72,-3.04E-07,4
-3.03E-07,0.72,-3.03E-07,4
-3.02E-07,0.72,-3.02E-07,4
-3.01E-07,0.72,-3.01E-07,4
-3.00E-07,0.72,-3.00E-07,4
-2.99E-07,0.72,-2.99E-07,4
-2.98E-07,0.72,-2.98E-07,4
-2.97E-07,0.72,-2.97E-07,4
-2.96E-07,0.72,-2.96E-07,4
-2.95E-07,0.72,-2.95E-07,4
-2.94E-07,0.64,-2.94E-07,4
-2.93E-07,0.72,-2.93E-07,4
-2.92E-07,0.72,-2.92E-07,4
-2.91E-07,0.72,-2.91E-07,4
-2.90E-07,0.72,-2.90E-07,4
-2.89E-07,0.72,-2.89E-07,4
-2.88E-07,0.72,-2.88E-07,4
-2.87E-07,0.72,-2.87E-07,4
-2.86E-07,0.72,-2.86E-07,4
-2.85E-07,0.72,-2.85E-07,4
-2.84E-07,0.72,-2.84E-07,4
-2.83E-07,0.72,-2.83E-07,4
-2.82E-07,0.72,-2.82E-07,4
-2.81E-07,0.72,-2.81E-07,4
-2.80E-07,0.72,-2.80E-07,4
-2.79E-07,0.72,-2.79E-07,4
-2.78E-07,0.64,-2.78E-07,4
-2.77E-07,0.72,-2.77E-07,4
-2.76E-07,0.72,-2.76E-07,4
-2.75E-07,0.72,-2.75E-07,8
-2.74E-07,0.72,-2.74E-07,4
-2.73E-07,0.72,-2.73E-07,4
-2.72E-07,0.72,-2.72E-07,4
-2.71E-07,0.72,-2.71E-07,4
-2.70E-07,0.72,-2.70E-07,4
-2.69E-07,0.72,-2.69E-07,4
-2.68E-07,0.72,-2.68E-07,4
-2.67E-07,0.72,-2.67E-07,4
-2.66E-07,0.72,-2.66E-07,4
-2.65E-07,0.72,-2.65E-07,4
-2.64E-07,0.72,-2.64E-07,4
-2.63E-07,0.72,-2.63E-07,4
-2.62E-07,0.72,-2.62E-07,4
-2.61E-07,0.72,-2.61E-07,4
-2.60E-07,0.72,-2.60E-07,4
-2.59E-07,0.64,-2.59E-07,4
-2.58E-07,0.72,-2.58E-07,4
-2.57E-07,0.72,-2.57E-07,4
-2.56E-07,0.72,-2.56E-07,4
-2.55E-07,0.72,-2.55E-07,4
-2.54E-07,0.72,-2.54E-07,4
-2.53E-07,0.72,-2.53E-07,4
-2.52E-07,0.72,-2.52E-07,4
-2.51E-07,0.64,-2.51E-07,4
-2.50E-07,0.72,-2.50E-07,4
-2.49E-07,0.72,-2.49E-07,4
-2.48E-07,0.72,-2.48E-07,4
-2.47E-07,0.72,-2.47E-07,4
-2.46E-07,0.72,-2.46E-07,4
-2.45E-07,0.72,-2.45E-07,4
-2.44E-07,0.72,-2.44E-07,4
-2.43E-07,0.72,-2.43E-07,4
-2.42E-07,0.72,-2.42E-07,4
-2.41E-07,0.72,-2.41E-07,4
-2.40E-07,0.72,-2.40E-07,4
-2.39E-07,0.72,-2.39E-07,4
-2.38E-07,0.72,-2.38E-07,4
-2.37E-07,0.72,-2.37E-07,4
-2.36E-07,0.72,-2.36E-07,4
-2.35E-07,0.72,-2.35E-07,4
-2.34E-07,0.72,-2.34E-07,4
-2.33E-07,0.72,-2.33E-07,4
-2.32E-07,0.72,-2.32E-07,4
-2.31E-07,0.72,-2.31E-07,4
-2.30E-07,0.72,-2.30E-07,4
-2.29E-07,0.72,-2.29E-07,4
-2.28E-07,0.72,-2.28E-07,4
-2.27E-07,0.72,-2.27E-07,4
-2.26E-07,0.72,-2.26E-07,4
-2.25E-07,0.72,-2.25E-07,4
-2.24E-07,0.72,-2.24E-07,4
-2.23E-07,0.72,-2.23E-07,4
-2.22E-07,0.72,-2.22E-07,4
-2.21E-07,0.72,-2.21E-07,4
-2.20E-07,0.72,-2.20E-07,4
-2.19E-07,0.72,-2.19E-07,4
-2.18E-07,0.72,-2.18E-07,4
-2.17E-07,0.72,-2.17E-07,4
-2.16E-07,0.72,-2.16E-07,4
-2.15E-07,0.72,-2.15E-07,4
-2.14E-07,0.72,-2.14E-07,4
-2.13E-07,0.72,-2.13E-07,4
-2.12E-07,0.72,-2.12E-07,4
-2.11E-07,0.72,-2.11E-07,4
-2.10E-07,0.72,-2.10E-07,4
-2.09E-07,0.72,-2.09E-07,4
-2.08E-07,0.72,-2.08E-07,4
-2.07E-07,0.72,-2.07E-07,4
-2.06E-07,0.72,-2.06E-07,4
-2.05E-07,0.72,-2.05E-07,4
-2.04E-07,0.72,-2.04E-07,4
-2.03E-07,0.72,-2.03E-07,4
-2.02E-07,0.72,-2.02E-07,4
-2.01E-07,0.72,-2.01E-07,4
-2.00E-07,0.72,-2.00E-07,4
-1.99E-07,0.72,-1.99E-07,4
-1.98E-07,0.72,-1.98E-07,4
-1.97E-07,0.72,-1.97E-07,4
-1.96E-07,0.72,-1.96E-07,4
-1.95E-07,0.72,-1.95E-07,4
-1.94E-07,0.72,-1.94E-07,4
-1.93E-07,0.72,-1.93E-07,4
-1.92E-07,0.72,-1.92E-07,4
-1.91E-07,0.72,-1.91E-07,4
-1.90E-07,0.72,-1.90E-07,4
-1.89E-07,0.72,-1.89E-07,4
-1.88E-07,0.8,-1.88E-07,4
-1.87E-07,0.8,-1.87E-07,8
-1.86E-07,0.8,-1.86E-07,4
-1.85E-07,0.8,-1.85E-07,4
-1.84E-07,0.8,-1.84E-07,4
-1.83E-07,0.8,-1.83E-07,4
-1.82E-07,0.72,-1.82E-07,4
-1.81E-07,0.72,-1.81E-07,8
-1.80E-07,0.72,-1.80E-07,4
-1.79E-07,0.72,-1.79E-07,4
-1.78E-07,0.72,-1.78E-07,4
-1.77E-07,0.8,-1.77E-07,4
-1.76E-07,0.8,-1.76E-07,4
-1.75E-07,0.8,-1.75E-07,8
-1.74E-07,0.8,-1.74E-07,8
-1.73E-07,0.8,-1.73E-07,8
-1.72E-07,0.8,-1.72E-07,4
-1.71E-07,0.8,-1.71E-07,4
-1.70E-07,0.8,-1.70E-07,4
-1.69E-07,0.72,-1.69E-07,4
-1.68E-07,0.72,-1.68E-07,4
-1.67E-07,0.8,-1.67E-07,4
-1.66E-07,0.8,-1.66E-07,4
-1.65E-07,0.8,-1.65E-07,4
-1.64E-07,0.8,-1.64E-07,4
-1.63E-07,0.8,-1.63E-07,4
-1.62E-07,0.8,-1.62E-07,4
-1.61E-07,0.8,-1.61E-07,4
-1.60E-07,0.8,-1.60E-07,4
-1.59E-07,0.8,-1.59E-07,8
-1.58E-07,0.8,-1.58E-07,4
-1.57E-07,0.8,-1.57E-07,4
-1.56E-07,0.8,-1.56E-07,4
-1.55E-07,0.8,-1.55E-07,4
-1.54E-07,0.8,-1.54E-07,4
-1.53E-07,0.8,-1.53E-07,4
-1.52E-07,0.8,-1.52E-07,4
-1.51E-07,0.8,-1.51E-07,4
-1.50E-07,0.8,-1.50E-07,4
-1.49E-07,0.8,-1.49E-07,8
-1.48E-07,0.8,-1.48E-07,4
-1.47E-07,0.8,-1.47E-07,8
-1.46E-07,0.72,-1.46E-07,4
-1.45E-07,0.8,-1.45E-07,4
-1.44E-07,0.72,-1.44E-07,4
-1.43E-07,0.72,-1.43E-07,4
-1.42E-07,0.8,-1.42E-07,4
-1.41E-07,0.8,-1.41E-07,4
-1.40E-07,0.8,-1.40E-07,4
-1.39E-07,0.8,-1.39E-07,4
-1.38E-07,0.8,-1.38E-07,4
-1.37E-07,0.8,-1.37E-07,4
-1.36E-07,0.8,-1.36E-07,4
-1.35E-07,0.8,-1.35E-07,4
-1.34E-07,0.8,-1.34E-07,4
-1.33E-07,0.8,-1.33E-07,8
-1.32E-07,0.8,-1.32E-07,4
-1.31E-07,0.8,-1.31E-07,8
-1.30E-07,0.8,-1.30E-07,4
-1.29E-07,0.8,-1.29E-07,4
-1.28E-07,0.8,-1.28E-07,4
-1.27E-07,0.8,-1.27E-07,4
-1.26E-07,0.8,-1.26E-07,4
-1.25E-07,0.8,-1.25E-07,4
-1.24E-07,0.8,-1.24E-07,4
-1.23E-07,0.8,-1.23E-07,4
-1.22E-07,0.8,-1.22E-07,4
-1.21E-07,0.8,-1.21E-07,4
-1.20E-07,0.8,-1.20E-07,4
-1.19E-07,0.8,-1.19E-07,4
-1.18E-07,0.72,-1.18E-07,4
-1.17E-07,0.88,-1.17E-07,4
-1.16E-07,0.8,-1.16E-07,4
-1.15E-07,0.8,-1.15E-07,4
-1.14E-07,0.8,-1.14E-07,4
-1.13E-07,0.8,-1.13E-07,4
-1.12E-07,0.8,-1.12E-07,4
-1.11E-07,0.8,-1.11E-07,4
-1.10E-07,0.8,-1.10E-07,4
-1.09E-07,0.8,-1.09E-07,4
-1.08E-07,0.72,-1.08E-07,4
-1.07E-07,0.8,-1.07E-07,4
-1.06E-07,0.72,-1.06E-07,4
-1.05E-07,0.8,-1.05E-07,8
-1.04E-07,0.72,-1.04E-07,4
-1.03E-07,0.72,-1.03E-07,4
-1.02E-07,0.72,-1.02E-07,4
-1.01E-07,0.72,-1.01E-07,4
-9.95E-08,0.72,-9.95E-08,4
-9.85E-08,0.72,-9.85E-08,4
-9.75E-08,0.72,-9.75E-08,4
-9.65E-08,0.72,-9.65E-08,4
-9.55E-08,0.72,-9.55E-08,4
-9.45E-08,0.72,-9.45E-08,4
-9.35E-08,0.72,-9.35E-08,4
-9.25E-08,0.72,-9.25E-08,4
-9.15E-08,0.72,-9.15E-08,4
-9.05E-08,0.72,-9.05E-08,8
-8.95E-08,0.72,-8.95E-08,4
-8.85E-08,0.72,-8.85E-08,4
-8.75E-08,0.72,-8.75E-08,4
-8.65E-08,0.72,-8.65E-08,4
-8.55E-08,0.72,-8.55E-08,4
-8.45E-08,0.72,-8.45E-08,4
-8.35E-08,0.72,-8.35E-08,4
-8.25E-08,0.72,-8.25E-08,4
-8.15E-08,0.64,-8.15E-08,4
-8.05E-08,0.72,-8.05E-08,4
-7.95E-08,0.64,-7.95E-08,4
-7.85E-08,0.64,-7.85E-08,4
-7.75E-08,0.64,-7.75E-08,4
-7.65E-08,0.64,-7.65E-08,4
-7.55E-08,0.64,-7.55E-08,4
-7.45E-08,0.64,-7.45E-08,4
-7.35E-08,0.64,-7.35E-08,4
-7.25E-08,0.64,-7.25E-08,4
-7.15E-08,0.64,-7.15E-08,4
-7.05E-08,0.64,-7.05E-08,4
-6.95E-08,0.64,-6.95E-08,4
-6.85E-08,0.64,-6.85E-08,4
-6.75E-08,0.64,-6.75E-08,4
-6.65E-08,0.64,-6.65E-08,4
-6.55E-08,0.64,-6.55E-08,4
-6.45E-08,0.64,-6.45E-08,4
-6.35E-08,0.8,-6.35E-08,4
-6.25E-08,0.96,-6.25E-08,4
-6.15E-08,1.04,-6.15E-08,4
-6.05E-08,1.2,-6.05E-08,4
-5.95E-08,1.36,-5.95E-08,4
-5.85E-08,1.6,-5.85E-08,4
-5.75E-08,1.92,-5.75E-08,4
-5.65E-08,2.32,-5.65E-08,4
-5.55E-08,2.72,-5.55E-08,8
-5.45E-08,3.2,-5.45E-08,8
-5.35E-08,3.76,-5.35E-08,8
-5.25E-08,4.32,-5.25E-08,8
-5.15E-08,5.04,-5.15E-08,8
-5.05E-08,5.84,-5.05E-08,12
-4.95E-08,6.72,-4.95E-08,12
-4.85E-08,7.6,-4.85E-08,12
-4.75E-08,8.4,-4.75E-08,12
-4.65E-08,8.8,-4.65E-08,12
-4.55E-08,8.96,-4.55E-08,16
-4.45E-08,8.96,-4.45E-08,16
-4.35E-08,8.96,-4.35E-08,16
-4.25E-08,8.88,-4.25E-08,16
-4.15E-08,8.8,-4.15E-08,20
-4.05E-08,8.64,-4.05E-08,20
-3.95E-08,8.56,-3.95E-08,20
-3.85E-08,8.4,-3.85E-08,24
-3.75E-08,8.4,-3.75E-08,24
-3.65E-08,8.56,-3.65E-08,24
-3.55E-08,8.88,-3.55E-08,28
-3.45E-08,9.2,-3.45E-08,28
-3.35E-08,9.44,-3.35E-08,28
-3.25E-08,9.6,-3.25E-08,32
-3.15E-08,9.68,-3.15E-08,32
-3.05E-08,9.68,-3.05E-08,32
-2.95E-08,9.52,-2.95E-08,32
-2.85E-08,9.44,-2.85E-08,40
-2.75E-08,9.28,-2.75E-08,40
-2.65E-08,9.04,-2.65E-08,44
-2.55E-08,8.88,-2.55E-08,44
-2.45E-08,8.56,-2.45E-08,52
-2.35E-08,8.32,-2.35E-08,56
-2.25E-08,8.08,-2.25E-08,60
-2.15E-08,7.84,-2.15E-08,64
-2.05E-08,7.6,-2.05E-08,72
-1.95E-08,7.28,-1.95E-08,76
-1.85E-08,7.04,-1.85E-08,84
-1.75E-08,6.8,-1.75E-08,92
-1.65E-08,6.56,-1.65E-08,100
-1.55E-08,6.24,-1.55E-08,108
-1.45E-08,6,-1.45E-08,116
-1.35E-08,5.76,-1.35E-08,124
-1.25E-08,5.44,-1.25E-08,132
-1.15E-08,5.04,-1.15E-08,140
-1.05E-08,4.72,-1.05E-08,152
-9.50E-09,4.4,-9.50E-09,160
-8.50E-09,4.24,-8.50E-09,168
-7.50E-09,4.16,-7.50E-09,180
-6.50E-09,4.08,-6.50E-09,192
-5.50E-09,4.08,-5.50E-09,196
-4.50E-09,4.16,-4.50E-09,212
-3.50E-09,4.16,-3.50E-09,216
-2.50E-09,4.24,-2.50E-09,228
-1.50E-09,4.24,-1.50E-09,236
-5.00E-10,4.32,-5.00E-10,248
5.00E-10,4.32,5.00E-10,256
1.50E-09,4.32,1.50E-09,268
2.50E-09,4.32,2.50E-09,272
3.50E-09,4.32,3.50E-09,284
4.50E-09,4.4,4.50E-09,292
5.50E-09,4.4,5.50E-09,304
6.50E-09,4.4,6.50E-09,312
7.50E-09,4.32,7.50E-09,320
8.50E-09,4.16,8.50E-09,328
9.50E-09,4,9.50E-09,336
1.05E-08,3.84,1.05E-08,344
1.15E-08,3.6,1.15E-08,352
1.25E-08,3.36,1.25E-08,356
1.35E-08,3.12,1.35E-08,368
1.45E-08,2.96,1.45E-08,372
1.55E-08,2.8,1.55E-08,376
1.65E-08,2.64,1.65E-08,384
1.75E-08,2.48,1.75E-08,388
1.85E-08,2.32,1.85E-08,396
1.95E-08,2.16,1.95E-08,400
2.05E-08,2,2.05E-08,404
2.15E-08,1.84,2.15E-08,408
2.25E-08,1.84,2.25E-08,412
2.35E-08,1.76,2.35E-08,416
2.45E-08,1.68,2.45E-08,416
2.55E-08,1.68,2.55E-08,420
2.65E-08,1.76,2.65E-08,424
2.75E-08,1.84,2.75E-08,424
2.85E-08,2,2.85E-08,424
2.95E-08,2.16,2.95E-08,424
3.05E-08,2.48,3.05E-08,428
3.15E-08,2.8,3.15E-08,428
3.25E-08,3.12,3.25E-08,428
3.35E-08,3.44,3.35E-08,428
3.45E-08,3.76,3.45E-08,424
3.55E-08,3.92,3.55E-08,424
3.65E-08,4.08,3.65E-08,420
3.75E-08,4,3.75E-08,416
3.85E-08,3.92,3.85E-08,412
3.95E-08,3.84,3.95E-08,408
4.05E-08,3.76,4.05E-08,404
4.15E-08,3.76,4.15E-08,400
4.25E-08,3.76,4.25E-08,396
4.35E-08,3.76,4.35E-08,392
4.45E-08,3.92,4.45E-08,392
4.55E-08,4,4.55E-08,384
4.65E-08,4,4.65E-08,384
4.75E-08,4,4.75E-08,380
4.85E-08,3.84,4.85E-08,372
4.95E-08,3.6,4.95E-08,372
5.05E-08,3.12,5.05E-08,368
5.15E-08,2.8,5.15E-08,364
5.25E-08,2.4,5.25E-08,360
5.35E-08,2.08,5.35E-08,360
5.45E-08,1.76,5.45E-08,356
5.55E-08,1.52,5.55E-08,356
5.65E-08,1.36,5.65E-08,352
5.75E-08,1.36,5.75E-08,352
5.85E-08,1.28,5.85E-08,352
5.95E-08,1.36,5.95E-08,352
6.05E-08,1.36,6.05E-08,352
6.15E-08,1.36,6.15E-08,352
6.25E-08,1.36,6.25E-08,356
6.35E-08,1.2,6.35E-08,356
6.45E-08,1.04,6.45E-08,360
6.55E-08,0.88,6.55E-08,360
6.65E-08,0.96,6.65E-08,364
6.75E-08,1.2,6.75E-08,364
6.85E-08,1.68,6.85E-08,368
6.95E-08,2.24,6.95E-08,372
7.05E-08,2.8,7.05E-08,376
7.15E-08,3.2,7.15E-08,380
7.25E-08,3.44,7.25E-08,384
7.35E-08,3.6,7.35E-08,392
7.45E-08,3.6,7.45E-08,396
7.55E-08,3.6,7.55E-08,400
7.65E-08,3.52,7.65E-08,404
7.75E-08,3.44,7.75E-08,412
7.85E-08,3.28,7.85E-08,412
7.95E-08,3.36,7.95E-08,420
8.05E-08,3.44,8.05E-08,424
8.15E-08,3.6,8.15E-08,428
8.25E-08,3.76,8.25E-08,428
8.35E-08,3.92,8.35E-08,432
8.45E-08,3.92,8.45E-08,436
8.55E-08,3.84,8.55E-08,436
8.65E-08,3.68,8.65E-08,436
8.75E-08,3.44,8.75E-08,436
8.85E-08,3.2,8.85E-08,432
8.95E-08,2.96,8.95E-08,432
9.05E-08,2.88,9.05E-08,432
9.15E-08,2.8,9.15E-08,428
9.25E-08,2.88,9.25E-08,424
9.35E-08,2.96,9.35E-08,420
9.45E-08,3.04,9.45E-08,416
9.55E-08,3.12,9.55E-08,412
9.65E-08,3.04,9.65E-08,408
9.75E-08,2.8,9.75E-08,408
9.85E-08,2.48,9.85E-08,400
9.95E-08,2.16,9.95E-08,396
1.01E-07,1.76,1.01E-07,396
1.02E-07,1.44,1.02E-07,392
1.03E-07,1.2,1.03E-07,388
1.04E-07,1.12,1.04E-07,384
1.05E-07,1.04,1.05E-07,384
1.06E-07,1.12,1.06E-07,380
1.07E-07,1.12,1.07E-07,380
1.08E-07,1.04,1.08E-07,380
1.09E-07,0.88,1.09E-07,380
1.10E-07,0.64,1.10E-07,380
1.11E-07,0.4,1.11E-07,380
1.12E-07,0.16,1.12E-07,384
1.13E-07,-0.08,1.13E-07,384
1.14E-07,-0.16,1.14E-07,384
1.15E-07,-0.08,1.15E-07,388
1.16E-07,0.16,1.16E-07,392
1.17E-07,0.4,1.17E-07,392
1.18E-07,0.8,1.18E-07,396
1.19E-07,1.2,1.19E-07,396
1.20E-07,1.44,1.20E-07,400
1.21E-07,1.6,1.21E-07,400
1.22E-07,1.76,1.22E-07,408
1.23E-07,1.84,1.23E-07,408
1.24E-07,2,1.24E-07,412
1.25E-07,2.08,1.25E-07,416
1.26E-07,2.24,1.26E-07,416
1.27E-07,2.48,1.27E-07,420
1.28E-07,2.72,1.28E-07,424
1.29E-07,2.96,1.29E-07,428
1.30E-07,3.2,1.30E-07,428
1.31E-07,3.28,1.31E-07,432
1.32E-07,3.36,1.32E-07,436
1.33E-07,3.28,1.33E-07,436
1.34E-07,3.12,1.34E-07,440
1.35E-07,3.04,1.35E-07,440
1.36E-07,3.04,1.36E-07,440
1.37E-07,3.04,1.37E-07,444
1.38E-07,3.04,1.38E-07,444
1.39E-07,3.12,1.39E-07,444
1.40E-07,3.2,1.40E-07,444
1.41E-07,3.2,1.41E-07,440
1.42E-07,3.2,1.42E-07,440
1.43E-07,3.04,1.43E-07,440
1.44E-07,2.88,1.44E-07,436
1.45E-07,2.64,1.45E-07,436
1.46E-07,2.4,1.46E-07,432
1.47E-07,2.16,1.47E-07,432
1.48E-07,2,1.48E-07,428
1.49E-07,1.92,1.49E-07,424
1.50E-07,1.92,1.50E-07,424
1.51E-07,2,1.51E-07,420
1.52E-07,2.08,1.52E-07,416
1.53E-07,2.16,1.53E-07,412
1.54E-07,2.16,1.54E-07,412
1.55E-07,2.08,1.55E-07,412
1.56E-07,2,1.56E-07,412
1.57E-07,1.76,1.57E-07,408
1.58E-07,1.68,1.58E-07,408
1.59E-07,1.44,1.59E-07,408
1.60E-07,1.36,1.60E-07,408
1.61E-07,1.28,1.61E-07,408
1.62E-07,1.28,1.62E-07,408
1.63E-07,1.28,1.63E-07,408
1.64E-07,1.36,1.64E-07,412
1.65E-07,1.44,1.65E-07,412
1.66E-07,1.44,1.66E-07,416
1.67E-07,1.52,1.67E-07,416
1.68E-07,1.52,1.68E-07,420
1.69E-07,1.52,1.69E-07,416
1.70E-07,1.6,1.70E-07,420
1.71E-07,1.76,1.71E-07,420
1.72E-07,1.84,1.72E-07,424
1.73E-07,2,1.73E-07,424
1.74E-07,2.16,1.74E-07,424
1.75E-07,2.24,1.75E-07,428
1.76E-07,2.4,1.76E-07,428
1.77E-07,2.48,1.77E-07,428
1.78E-07,2.56,1.78E-07,428
1.79E-07,2.56,1.79E-07,432
1.80E-07,2.48,1.80E-07,432
1.81E-07,2.48,1.81E-07,432
1.82E-07,2.48,1.82E-07,432
1.83E-07,2.48,1.83E-07,432
1.84E-07,2.48,1.84E-07,432
1.85E-07,2.48,1.85E-07,432
1.86E-07,2.56,1.86E-07,432
1.87E-07,2.56,1.87E-07,432
1.88E-07,2.48,1.88E-07,432
1.89E-07,2.4,1.89E-07,432
1.90E-07,2.32,1.90E-07,432
1.91E-07,2.16,1.91E-07,432
1.92E-07,2,1.92E-07,428
1.93E-07,1.84,1.93E-07,428
1.94E-07,1.68,1.94E-07,428
1.95E-07,1.52,1.95E-07,428
1.96E-07,1.44,1.96E-07,424
1.97E-07,1.44,1.97E-07,424
1.98E-07,1.36,1.98E-07,420
1.99E-07,1.36,1.99E-07,420
2.00E-07,1.36,2.00E-07,420
2.01E-07,1.36,2.01E-07,416
2.02E-07,1.36,2.02E-07,416
2.03E-07,1.28,2.03E-07,416
2.04E-07,1.28,2.04E-07,416
2.05E-07,1.12,2.05E-07,412
2.06E-07,1.2,2.06E-07,416
2.07E-07,1.12,2.07E-07,412
2.08E-07,1.12,2.08E-07,416
2.09E-07,1.12,2.09E-07,416
2.10E-07,1.2,2.10E-07,416
2.11E-07,1.2,2.11E-07,416
2.12E-07,1.36,2.12E-07,416
2.13E-07,1.36,2.13E-07,416
2.14E-07,1.36,2.14E-07,420
2.15E-07,1.44,2.15E-07,420
2.16E-07,1.52,2.16E-07,424
2.17E-07,1.52,2.17E-07,424
2.18E-07,1.52,2.18E-07,424
2.19E-07,1.6,2.19E-07,424
2.20E-07,1.68,2.20E-07,424
2.21E-07,1.76,2.21E-07,428
2.22E-07,1.84,2.22E-07,428
2.23E-07,1.84,2.23E-07,432
2.24E-07,1.92,2.24E-07,432
2.25E-07,1.92,2.25E-07,432
2.26E-07,2,2.26E-07,432
2.27E-07,2,2.27E-07,432
2.28E-07,2.08,2.28E-07,432
2.29E-07,2.08,2.29E-07,436
2.30E-07,2.08,2.30E-07,432
2.31E-07,2.08,2.31E-07,436
2.32E-07,2.08,2.32E-07,436
2.33E-07,2.08,2.33E-07,436
2.34E-07,2.08,2.34E-07,436
2.35E-07,2.08,2.35E-07,436
2.36E-07,2.08,2.36E-07,432
2.37E-07,2,2.37E-07,436
2.38E-07,1.92,2.38E-07,436
2.39E-07,1.92,2.39E-07,436
2.40E-07,1.84,2.40E-07,432
2.41E-07,1.76,2.41E-07,432
2.42E-07,1.68,2.42E-07,432
2.43E-07,1.68,2.43E-07,432
2.44E-07,1.6,2.44E-07,428
2.45E-07,1.52,2.45E-07,432
2.46E-07,1.52,2.46E-07,428
2.47E-07,1.44,2.47E-07,428
2.48E-07,1.44,2.48E-07,428
2.49E-07,1.36,2.49E-07,428
2.50E-07,1.36,2.50E-07,428
2.51E-07,1.28,2.51E-07,424
2.52E-07,1.28,2.52E-07,424
2.53E-07,1.2,2.53E-07,424
2.54E-07,1.12,2.54E-07,424
2.55E-07,1.04,2.55E-07,420
2.56E-07,1.12,2.56E-07,424
2.57E-07,1.04,2.57E-07,424
2.58E-07,1.04,2.58E-07,424
2.59E-07,1.04,2.59E-07,420
2.60E-07,1.04,2.60E-07,420
2.61E-07,0.96,2.61E-07,424
2.62E-07,0.96,2.62E-07,420
2.63E-07,0.96,2.63E-07,424
2.64E-07,0.96,2.64E-07,424
2.65E-07,0.96,2.65E-07,420
2.66E-07,0.96,2.66E-07,424
2.67E-07,0.96,2.67E-07,420
2.68E-07,0.96,2.68E-07,424
2.69E-07,0.96,2.69E-07,424
2.70E-07,0.96,2.70E-07,424
2.71E-07,0.96,2.71E-07,424
2.72E-07,0.96,2.72E-07,424
2.73E-07,0.96,2.73E-07,424
2.74E-07,0.96,2.74E-07,424
2.75E-07,0.96,2.75E-07,424
2.76E-07,0.96,2.76E-07,424
2.77E-07,1.04,2.77E-07,424
2.78E-07,0.96,2.78E-07,428
2.79E-07,1.04,2.79E-07,424
2.80E-07,1.04,2.80E-07,428
2.81E-07,1.04,2.81E-07,424
2.82E-07,1.04,2.82E-07,428
2.83E-07,0.96,2.83E-07,424
2.84E-07,1.04,2.84E-07,428
2.85E-07,0.96,2.85E-07,428
2.86E-07,1.04,2.86E-07,424
2.87E-07,0.96,2.87E-07,428
2.88E-07,0.96,2.88E-07,424
2.89E-07,0.96,2.89E-07,424
2.90E-07,0.96,2.90E-07,424
2.91E-07,0.96,2.91E-07,424
2.92E-07,0.96,2.92E-07,424
2.93E-07,0.96,2.93E-07,424
2.94E-07,0.96,2.94E-07,428
2.95E-07,0.96,2.95E-07,428
2.96E-07,0.96,2.96E-07,428
2.97E-07,0.96,2.97E-07,428
2.98E-07,0.96,2.98E-07,428
2.99E-07,0.96,2.99E-07,428
3.00E-07,0.96,3.00E-07,428
3.01E-07,1.04,3.01E-07,428
3.02E-07,1.04,3.02E-07,428
3.03E-07,1.04,3.03E-07,428
3.04E-07,1.12,3.04E-07,428
3.05E-07,1.12,3.05E-07,428
3.06E-07,1.12,3.06E-07,428
3.07E-07,1.12,3.07E-07,428
3.08E-07,1.2,3.08E-07,428
3.09E-07,1.12,3.09E-07,428
3.10E-07,1.2,3.10E-07,428
3.11E-07,1.2,3.11E-07,428
3.12E-07,1.2,3.12E-07,428
3.13E-07,1.2,3.13E-07,428
3.14E-07,1.28,3.14E-07,432
3.15E-07,1.2,3.15E-07,432
3.16E-07,1.28,3.16E-07,432
3.17E-07,1.2,3.17E-07,432
3.18E-07,1.28,3.18E-07,432
3.19E-07,1.2,3.19E-07,432
3.20E-07,1.28,3.20E-07,432
3.21E-07,1.2,3.21E-07,432
3.22E-07,1.2,3.22E-07,432
3.23E-07,1.2,3.23E-07,432
3.24E-07,1.28,3.24E-07,432
3.25E-07,1.2,3.25E-07,432
3.26E-07,1.28,3.26E-07,432
3.27E-07,1.28,3.27E-07,432
3.28E-07,1.28,3.28E-07,432
3.29E-07,1.28,3.29E-07,432
3.30E-07,1.28,3.30E-07,432
3.31E-07,1.28,3.31E-07,432
3.32E-07,1.28,3.32E-07,432
3.33E-07,1.28,3.33E-07,432
3.34E-07,1.28,3.34E-07,432
3.35E-07,1.28,3.35E-07,432
3.36E-07,1.36,3.36E-07,432
3.37E-07,1.36,3.37E-07,432
3.38E-07,1.36,3.38E-07,432
3.39E-07,1.36,3.39E-07,432
3.40E-07,1.36,3.40E-07,432
3.41E-07,1.36,3.41E-07,432
3.42E-07,1.36,3.42E-07,432
3.43E-07,1.36,3.43E-07,436
3.44E-07,1.36,3.44E-07,432
3.45E-07,1.28,3.45E-07,436
3.46E-07,1.36,3.46E-07,436
3.47E-07,1.28,3.47E-07,436
3.48E-07,1.28,3.48E-07,436
3.49E-07,1.28,3.49E-07,436
3.50E-07,1.28,3.50E-07,436
3.51E-07,1.28,3.51E-07,436
3.52E-07,1.28,3.52E-07,436
3.53E-07,1.28,3.53E-07,436
3.54E-07,1.28,3.54E-07,436
3.55E-07,1.2,3.55E-07,436
3.56E-07,1.28,3.56E-07,432
3.57E-07,1.2,3.57E-07,436
3.58E-07,1.2,3.58E-07,436
3.59E-07,1.2,3.59E-07,436
3.60E-07,1.2,3.60E-07,436
3.61E-07,1.12,3.61E-07,436
3.62E-07,1.2,3.62E-07,432
3.63E-07,1.12,3.63E-07,432
3.64E-07,1.12,3.64E-07,432
3.65E-07,1.12,3.65E-07,432
3.66E-07,1.12,3.66E-07,432
3.67E-07,1.04,3.67E-07,432
3.68E-07,1.04,3.68E-07,432
3.69E-07,0.96,3.69E-07,432
3.70E-07,0.96,3.70E-07,432
3.71E-07,0.96,3.71E-07,432
3.72E-07,0.96,3.72E-07,432
3.73E-07,0.88,3.73E-07,432
3.74E-07,0.96,3.74E-07,432
3.75E-07,0.96,3.75E-07,432
3.76E-07,0.88,3.76E-07,432
3.77E-07,0.88,3.77E-07,432
3.78E-07,0.88,3.78E-07,432
3.79E-07,0.88,3.79E-07,432
3.80E-07,0.88,3.80E-07,432
3.81E-07,0.88,3.81E-07,432
3.82E-07,0.88,3.82E-07,432
3.83E-07,0.88,3.83E-07,432
3.84E-07,0.88,3.84E-07,432
3.85E-07,0.88,3.85E-07,432
3.86E-07,0.88,3.86E-07,432
3.87E-07,0.88,3.87E-07,432
3.88E-07,0.88,3.88E-07,432
3.89E-07,0.96,3.89E-07,432
3.90E-07,0.88,3.90E-07,432
3.91E-07,0.96,3.91E-07,432
3.92E-07,0.96,3.92E-07,432
3.93E-07,0.96,3.93E-07,432
3.94E-07,0.96,3.94E-07,436
3.95E-07,0.96,3.95E-07,432
3.96E-07,0.96,3.96E-07,436
3.97E-07,1.04,3.97E-07,432
3.98E-07,1.04,3.98E-07,436
3.99E-07,1.04,3.99E-07,432
4.00E-07,1.04,4.00E-07,436
4.01E-07,1.04,4.01E-07,436
4.02E-07,1.12,4.02E-07,436
4.03E-07,1.04,4.03E-07,436
4.04E-07,1.12,4.04E-07,436
4.05E-07,1.12,4.05E-07,436
4.06E-07,1.12,4.06E-07,436
4.07E-07,1.12,4.07E-07,436
4.08E-07,1.12,4.08E-07,436
4.09E-07,1.12,4.09E-07,436
4.10E-07,1.12,4.10E-07,436
4.11E-07,1.12,4.11E-07,436
4.12E-07,1.12,4.12E-07,436
4.13E-07,1.12,4.13E-07,436
4.14E-07,1.2,4.14E-07,440
4.15E-07,1.2,4.15E-07,436
4.16E-07,1.2,4.16E-07,436
4.17E-07,1.2,4.17E-07,436
4.18E-07,1.2,4.18E-07,436
4.19E-07,1.2,4.19E-07,436
4.20E-07,1.2,4.20E-07,436
4.21E-07,1.2,4.21E-07,436
4.22E-07,1.2,4.22E-07,436
4.23E-07,1.2,4.23E-07,436
4.24E-07,1.2,4.24E-07,436
4.25E-07,1.2,4.25E-07,436
4.26E-07,1.2,4.26E-07,436
4.27E-07,1.2,4.27E-07,436
4.28E-07,1.2,4.28E-07,436
4.29E-07,1.2,4.29E-07,436
4.30E-07,1.28,4.30E-07,436
4.31E-07,1.2,4.31E-07,436
4.32E-07,1.28,4.32E-07,436
4.33E-07,1.2,4.33E-07,436
4.34E-07,1.2,4.34E-07,436
4.35E-07,1.2,4.35E-07,436
4.36E-07,1.2,4.36E-07,436
4.37E-07,1.2,4.37E-07,436
4.38E-07,1.2,4.38E-07,436
4.39E-07,1.2,4.39E-07,436
4.40E-07,1.2,4.40E-07,436
4.41E-07,1.2,4.41E-07,436
4.42E-07,1.2,4.42E-07,436
4.43E-07,1.2,4.43E-07,436
4.44E-07,1.12,4.44E-07,436
4.45E-07,1.12,4.45E-07,436
4.46E-07,1.12,4.46E-07,436
4.47E-07,1.12,4.47E-07,436
4.48E-07,1.04,4.48E-07,436
4.49E-07,1.04,4.49E-07,436
4.50E-07,1.04,4.50E-07,436
4.51E-07,0.96,4.51E-07,436
4.52E-07,0.96,4.52E-07,436
4.53E-07,0.96,4.53E-07,436
4.54E-07,0.88,4.54E-07,432
4.55E-07,0.8,4.55E-07,432
4.56E-07,0.8,4.56E-07,432
4.57E-07,0.72,4.57E-07,432
4.58E-07,0.72,4.58E-07,432
4.59E-07,0.72,4.59E-07,432
4.60E-07,0.64,4.60E-07,432
4.61E-07,0.64,4.61E-07,432
4.62E-07,0.64,4.62E-07,432
4.63E-07,0.64,4.63E-07,432
4.64E-07,0.56,4.64E-07,432
4.65E-07,0.56,4.65E-07,428
4.66E-07,0.48,4.66E-07,428
4.67E-07,0.48,4.67E-07,432
4.68E-07,0.48,4.68E-07,428
4.69E-07,0.48,4.69E-07,428
4.70E-07,0.48,4.70E-07,428
4.71E-07,0.4,4.71E-07,428
4.72E-07,0.4,4.72E-07,428
4.73E-07,0.4,4.73E-07,428
4.74E-07,0.4,4.74E-07,428
4.75E-07,0.4,4.75E-07,428
4.76E-07,0.4,4.76E-07,428
4.77E-07,0.32,4.77E-07,428
4.78E-07,0.32,4.78E-07,428
4.79E-07,0.32,4.79E-07,428
4.80E-07,0.4,4.80E-07,428
4.81E-07,0.4,4.81E-07,428
4.82E-07,0.4,4.82E-07,428
4.83E-07,0.4,4.83E-07,428
4.84E-07,0.4,4.84E-07,428
4.85E-07,0.4,4.85E-07,428
4.86E-07,0.4,4.86E-07,428
4.87E-07,0.4,4.87E-07,428
4.88E-07,0.4,4.88E-07,432
4.89E-07,0.4,4.89E-07,432
4.90E-07,0.4,4.90E-07,432
4.91E-07,0.4,4.91E-07,428
4.92E-07,0.4,4.92E-07,432
4.93E-07,0.4,4.93E-07,432
4.94E-07,0.48,4.94E-07,432
4.95E-07,0.48,4.95E-07,432
4.96E-07,0.4,4.96E-07,432
4.97E-07,0.48,4.97E-07,432
4.98E-07,0.48,4.98E-07,432
4.99E-07,0.48,4.99E-07,432
5.00E-07,0.48,5.00E-07,432
5.01E-07,0.48,5.01E-07,432
5.02E-07,0.48,5.02E-07,432
5.03E-07,0.48,5.03E-07,432
5.04E-07,0.48,5.04E-07,432
5.05E-07,0.48,5.05E-07,432
5.06E-07,0.48,5.06E-07,432
5.07E-07,0.48,5.07E-07,432
5.08E-07,0.48,5.08E-07,432
5.09E-07,0.56,5.09E-07,432
5.10E-07,0.48,5.10E-07,432
5.11E-07,0.48,5.11E-07,432
5.12E-07,0.48,5.12E-07,432
5.13E-07,0.56,5.13E-07,432
5.14E-07,0.48,5.14E-07,432
5.15E-07,0.56,5.15E-07,432
5.16E-07,0.56,5.16E-07,432
5.17E-07,0.56,5.17E-07,432
5.18E-07,0.56,5.18E-07,436
5.19E-07,0.56,5.19E-07,432
5.20E-07,0.56,5.20E-07,432
5.21E-07,0.56,5.21E-07,432
5.22E-07,0.56,5.22E-07,432
5.23E-07,0.56,5.23E-07,432
5.24E-07,0.56,5.24E-07,432
5.25E-07,0.56,5.25E-07,432
5.26E-07,0.56,5.26E-07,436
5.27E-07,0.56,5.27E-07,436
5.28E-07,0.56,5.28E-07,436
5.29E-07,0.56,5.29E-07,436
5.30E-07,0.56,5.30E-07,436
5.31E-07,0.56,5.31E-07,432
5.32E-07,0.56,5.32E-07,436
5.33E-07,0.56,5.33E-07,432
5.34E-07,0.56,5.34E-07,436
5.35E-07,0.56,5.35E-07,432
5.36E-07,0.56,5.36E-07,432
5.37E-07,0.56,5.37E-07,432
5.38E-07,0.56,5.38E-07,436
5.39E-07,0.56,5.39E-07,436
5.40E-07,0.56,5.40E-07,436
5.41E-07,0.56,5.41E-07,436
5.42E-07,0.48,5.42E-07,436
5.43E-07,0.48,5.43E-07,432
5.44E-07,0.48,5.44E-07,432
5.45E-07,0.48,5.45E-07,432
5.46E-07,0.48,5.46E-07,432
5.47E-07,0.48,5.47E-07,436
5.48E-07,0.48,5.48E-07,436
5.49E-07,0.48,5.49E-07,432
5.50E-07,0.4,5.50E-07,432
5.51E-07,0.48,5.51E-07,432
5.52E-07,0.4,5.52E-07,432
5.53E-07,0.4,5.53E-07,432
5.54E-07,0.4,5.54E-07,432
5.55E-07,0.4,5.55E-07,432
5.56E-07,0.4,5.56E-07,432
5.57E-07,0.32,5.57E-07,432
5.58E-07,0.4,5.58E-07,432
5.59E-07,0.32,5.59E-07,432
5.60E-07,0.4,5.60E-07,432
5.61E-07,0.32,5.61E-07,432
5.62E-07,0.32,5.62E-07,432
5.63E-07,0.32,5.63E-07,432
5.64E-07,0.32,5.64E-07,432
5.65E-07,0.32,5.65E-07,432
5.66E-07,0.32,5.66E-07,432
5.67E-07,0.32,5.67E-07,432
5.68E-07,0.32,5.68E-07,432
5.69E-07,0.32,5.69E-07,432
5.70E-07,0.32,5.70E-07,432
5.71E-07,0.32,5.71E-07,432
5.72E-07,0.32,5.72E-07,432
5.73E-07,0.32,5.73E-07,432
5.74E-07,0.32,5.74E-07,432
5.75E-07,0.32,5.75E-07,432
5.76E-07,0.4,5.76E-07,432
5.77E-07,0.32,5.77E-07,432
5.78E-07,0.4,5.78E-07,432
5.79E-07,0.32,5.79E-07,432
5.80E-07,0.4,5.80E-07,432
5.81E-07,0.4,5.81E-07,432
5.82E-07,0.4,5.82E-07,436
5.83E-07,0.4,5.83E-07,432
5.84E-07,0.48,5.84E-07,432
5.85E-07,0.48,5.85E-07,436
5.86E-07,0.48,5.86E-07,436
5.87E-07,0.48,5.87E-07,436
5.88E-07,0.48,5.88E-07,436
5.89E-07,0.56,5.89E-07,436
5.90E-07,0.56,5.90E-07,436
5.91E-07,0.56,5.91E-07,436
5.92E-07,0.56,5.92E-07,436
5.93E-07,0.64,5.93E-07,436
5.94E-07,0.64,5.94E-07,436
5.95E-07,0.64,5.95E-07,440
5.96E-07,0.64,5.96E-07,436
5.97E-07,0.64,5.97E-07,436
5.98E-07,0.64,5.98E-07,436
5.99E-07,0.64,5.99E-07,436
6.00E-07,0.64,6.00E-07,436
6.01E-07,0.72,6.01E-07,440
6.02E-07,0.72,6.02E-07,436
6.03E-07,0.72,6.03E-07,440
6.04E-07,0.72,6.04E-07,436
6.05E-07,0.72,6.05E-07,440
6.06E-07,0.72,6.06E-07,440
6.07E-07,0.72,6.07E-07,440
6.08E-07,0.72,6.08E-07,440
6.09E-07,0.8,6.09E-07,440
6.10E-07,0.8,6.10E-07,440
6.11E-07,0.8,6.11E-07,440
6.12E-07,0.8,6.12E-07,440
6.13E-07,0.8,6.13E-07,440
6.14E-07,0.8,6.14E-07,440
6.15E-07,0.8,6.15E-07,440
6.16E-07,0.8,6.16E-07,440
6.17E-07,0.8,6.17E-07,440
6.18E-07,0.8,6.18E-07,440
6.19E-07,0.8,6.19E-07,440
6.20E-07,0.8,6.20E-07,440
6.21E-07,0.8,6.21E-07,440
6.22E-07,0.8,6.22E-07,440
6.23E-07,0.8,6.23E-07,440
6.24E-07,0.8,6.24E-07,440
6.25E-07,0.8,6.25E-07,440
6.26E-07,0.8,6.26E-07,440
6.27E-07,0.8,6.27E-07,440
6.28E-07,0.8,6.28E-07,440
6.29E-07,0.8,6.29E-07,440
6.30E-07,0.8,6.30E-07,440
6.31E-07,0.8,6.31E-07,440
6.32E-07,0.8,6.32E-07,440
6.33E-07,0.8,6.33E-07,440
6.34E-07,0.8,6.34E-07,440
6.35E-07,0.8,6.35E-07,440
6.36E-07,0.8,6.36E-07,440
6.37E-07,0.8,6.37E-07,440
6.38E-07,0.8,6.38E-07,440
6.39E-07,0.8,6.39E-07,440
6.40E-07,0.8,6.40E-07,440
6.41E-07,0.8,6.41E-07,440
6.42E-07,0.72,6.42E-07,440
6.43E-07,0.8,6.43E-07,440
6.44E-07,0.8,6.44E-07,440
6.45E-07,0.8,6.45E-07,440
6.46E-07,0.72,6.46E-07,440
6.47E-07,0.72,6.47E-07,440
6.48E-07,0.72,6.48E-07,440
6.49E-07,0.72,6.49E-07,440
6.50E-07,0.72,6.50E-07,440
6.51E-07,0.72,6.51E-07,440
6.52E-07,0.72,6.52E-07,440
6.53E-07,0.72,6.53E-07,440
6.54E-07,0.72,6.54E-07,436
6.55E-07,0.72,6.55E-07,440
6.56E-07,0.72,6.56E-07,436
6.57E-07,0.72,6.57E-07,440
6.58E-07,0.72,6.58E-07,440
6.59E-07,0.72,6.59E-07,440
6.60E-07,0.72,6.60E-07,440
6.61E-07,0.72,6.61E-07,440
6.62E-07,0.72,6.62E-07,440
6.63E-07,0.72,6.63E-07,440
6.64E-07,0.72,6.64E-07,440
6.65E-07,0.72,6.65E-07,440
6.66E-07,0.72,6.66E-07,440
6.67E-07,0.8,6.67E-07,440
6.68E-07,0.8,6.68E-07,440
6.69E-07,0.8,6.69E-07,440
6.70E-07,0.8,6.70E-07,440
6.71E-07,0.8,6.71E-07,440
6.72E-07,0.8,6.72E-07,440
6.73E-07,0.8,6.73E-07,440
6.74E-07,0.8,6.74E-07,440
6.75E-07,0.8,6.75E-07,440
6.76E-07,0.88,6.76E-07,440
6.77E-07,0.88,6.77E-07,440
6.78E-07,0.88,6.78E-07,440
6.79E-07,0.88,6.79E-07,440
6.80E-07,0.88,6.80E-07,440
6.81E-07,0.88,6.81E-07,440
6.82E-07,0.88,6.82E-07,440
6.83E-07,0.96,6.83E-07,440
6.84E-07,0.96,6.84E-07,440
6.85E-07,0.88,6.85E-07,440
6.86E-07,0.96,6.86E-07,440
6.87E-07,0.96,6.87E-07,440
6.88E-07,0.96,6.88E-07,444
6.89E-07,0.96,6.89E-07,444
6.90E-07,0.96,6.90E-07,444
6.91E-07,1.04,6.91E-07,440
6.92E-07,1.04,6.92E-07,440
6.93E-07,1.04,6.93E-07,440
6.94E-07,1.04,6.94E-07,444
6.95E-07,1.04,6.95E-07,444
6.96E-07,1.04,6.96E-07,444
6.97E-07,1.04,6.97E-07,444
6.98E-07,1.04,6.98E-07,444
6.99E-07,1.04,6.99E-07,444
7.00E-07,1.04,7.00E-07,444
7.01E-07,1.04,7.01E-07,444
7.02E-07,1.04,7.02E-07,444
7.03E-07,1.04,7.03E-07,444
7.04E-07,1.04,7.04E-07,444
7.05E-07,1.04,7.05E-07,444
7.06E-07,1.04,7.06E-07,444
7.07E-07,1.04,7.07E-07,444
7.08E-07,1.04,7.08E-07,444
7.09E-07,1.04,7.09E-07,444
7.10E-07,1.04,7.10E-07,444
7.11E-07,1.04,7.11E-07,444
7.12E-07,1.04,7.12E-07,444
7.13E-07,1.04,7.13E-07,444
7.14E-07,1.04,7.14E-07,444
7.15E-07,1.04,7.15E-07,444
7.16E-07,1.12,7.16E-07,440
7.17E-07,1.04,7.17E-07,444
7.18E-07,1.04,7.18E-07,444
7.19E-07,1.04,7.19E-07,444
7.20E-07,1.04,7.20E-07,444
7.21E-07,1.04,7.21E-07,444
7.22E-07,1.04,7.22E-07,444
7.23E-07,1.04,7.23E-07,444
7.24E-07,1.04,7.24E-07,444
7.25E-07,0.96,7.25E-07,444
7.26E-07,1.04,7.26E-07,440
7.27E-07,0.96,7.27E-07,444
7.28E-07,0.96,7.28E-07,440
7.29E-07,0.96,7.29E-07,440
7.30E-07,0.96,7.30E-07,440
7.31E-07,0.96,7.31E-07,440
7.32E-07,0.96,7.32E-07,440
7.33E-07,0.96,7.33E-07,440
7.34E-07,0.88,7.34E-07,440
7.35E-07,0.88,7.35E-07,440
7.36E-07,0.88,7.36E-07,440
7.37E-07,0.88,7.37E-07,440
7.38E-07,0.88,7.38E-07,440
7.39E-07,0.88,7.39E-07,440
7.40E-07,0.8,7.40E-07,440
7.41E-07,0.8,7.41E-07,440
7.42E-07,0.8,7.42E-07,440
7.43E-07,0.8,7.43E-07,440
7.44E-07,0.8,7.44E-07,440
7.45E-07,0.8,7.45E-07,440
7.46E-07,0.8,7.46E-07,440
7.47E-07,0.8,7.47E-07,440
7.48E-07,0.8,7.48E-07,440
7.49E-07,0.8,7.49E-07,440
7.50E-07,0.72,7.50E-07,440
7.51E-07,0.8,7.51E-07,440
7.52E-07,0.72,7.52E-07,440
7.53E-07,0.72,7.53E-07,440
7.54E-07,0.72,7.54E-07,440
7.55E-07,0.72,7.55E-07,440
7.56E-07,0.72,7.56E-07,440
7.57E-07,0.72,7.57E-07,440
7.58E-07,0.72,7.58E-07,440
7.59E-07,0.8,7.59E-07,440
7.60E-07,0.72,7.60E-07,440
7.61E-07,0.8,7.61E-07,440
7.62E-07,0.72,7.62E-07,440
7.63E-07,0.8,7.63E-07,440
7.64E-07,0.72,7.64E-07,440
7.65E-07,0.8,7.65E-07,440
7.66E-07,0.72,7.66E-07,440
7.67E-07,0.72,7.67E-07,440
7.68E-07,0.72,7.68E-07,440
7.69E-07,0.8,7.69E-07,440
7.70E-07,0.8,7.70E-07,440
7.71E-07,0.8,7.71E-07,440
7.72E-07,0.8,7.72E-07,440
7.73E-07,0.72,7.73E-07,440
7.74E-07,0.72,7.74E-07,440
7.75E-07,0.72,7.75E-07,440
7.76E-07,0.72,7.76E-07,440
7.77E-07,0.72,7.77E-07,440
7.78E-07,0.72,7.78E-07,440
7.79E-07,0.72,7.79E-07,440
7.80E-07,0.72,7.80E-07,440
7.81E-07,0.8,7.81E-07,440
7.82E-07,0.8,7.82E-07,440
7.83E-07,0.8,7.83E-07,440
7.84E-07,0.8,7.84E-07,440
7.85E-07,0.8,7.85E-07,440
7.86E-07,0.8,7.86E-07,440
7.87E-07,0.8,7.87E-07,440
7.88E-07,0.8,7.88E-07,440
7.89E-07,0.8,7.89E-07,440
7.90E-07,0.8,7.90E-07,440
7.91E-07,0.8,7.91E-07,440
7.92E-07,0.8,7.92E-07,444
7.93E-07,0.8,7.93E-07,440
7.94E-07,0.8,7.94E-07,440
7.95E-07,0.8,7.95E-07,440
7.96E-07,0.8,7.96E-07,440
7.97E-07,0.8,7.97E-07,440
7.98E-07,0.8,7.98E-07,440
7.99E-07,0.8,7.99E-07,440
8.00E-07,0.72,8.00E-07,440
8.01E-07,0.8,8.01E-07,440
8.02E-07,0.72,8.02E-07,440
8.03E-07,0.8,8.03E-07,440
8.04E-07,0.72,8.04E-07,440
8.05E-07,0.8,8.05E-07,444
8.06E-07,0.8,8.06E-07,440
8.07E-07,0.8,8.07E-07,440
8.08E-07,0.8,8.08E-07,440
8.09E-07,0.72,8.09E-07,440
8.10E-07,0.72,8.10E-07,444
8.11E-07,0.72,8.11E-07,440
8.12E-07,0.72,8.12E-07,440
8.13E-07,0.72,8.13E-07,440
8.14E-07,0.72,8.14E-07,440
8.15E-07,0.72,8.15E-07,440
8.16E-07,0.72,8.16E-07,440
8.17E-07,0.72,8.17E-07,440
8.18E-07,0.72,8.18E-07,444
8.19E-07,0.72,8.19E-07,440
8.20E-07,0.72,8.20E-07,440
8.21E-07,0.72,8.21E-07,440
8.22E-07,0.72,8.22E-07,440
8.23E-07,0.64,8.23E-07,440
8.24E-07,0.72,8.24E-07,440
8.25E-07,0.72,8.25E-07,440
8.26E-07,0.64,8.26E-07,440
8.27E-07,0.72,8.27E-07,440
8.28E-07,0.72,8.28E-07,440
8.29E-07,0.72,8.29E-07,440
8.30E-07,0.64,8.30E-07,440
8.31E-07,0.64,8.31E-07,440
8.32E-07,0.64,8.32E-07,440
8.33E-07,0.64,8.33E-07,440
8.34E-07,0.64,8.34E-07,440
8.35E-07,0.64,8.35E-07,440
8.36E-07,0.64,8.36E-07,440
8.37E-07,0.64,8.37E-07,440
8.38E-07,0.64,8.38E-07,440
8.39E-07,0.64,8.39E-07,440
8.40E-07,0.64,8.40E-07,440
8.41E-07,0.64,8.41E-07,440
8.42E-07,0.64,8.42E-07,440
8.43E-07,0.64,8.43E-07,440
8.44E-07,0.56,8.44E-07,440
8.45E-07,0.64,8.45E-07,440
8.46E-07,0.56,8.46E-07,440
8.47E-07,0.64,8.47E-07,440
8.48E-07,0.64,8.48E-07,440
8.49E-07,0.56,8.49E-07,440
8.50E-07,0.56,8.50E-07,440
8.51E-07,0.56,8.51E-07,440
8.52E-07,0.56,8.52E-07,440
8.53E-07,0.56,8.53E-07,440
8.54E-07,0.56,8.54E-07,440
8.55E-07,0.56,8.55E-07,440
8.56E-07,0.56,8.56E-07,440
8.57E-07,0.64,8.57E-07,440
8.58E-07,0.56,8.58E-07,440
8.59E-07,0.64,8.59E-07,440
8.60E-07,0.64,8.60E-07,440
8.61E-07,0.64,8.61E-07,440
8.62E-07,0.56,8.62E-07,440
8.63E-07,0.56,8.63E-07,440
8.64E-07,0.56,8.64E-07,440
8.65E-07,0.56,8.65E-07,440
8.66E-07,0.56,8.66E-07,440
8.67E-07,0.64,8.67E-07,440
8.68E-07,0.56,8.68E-07,440
8.69E-07,0.64,8.69E-07,440
8.70E-07,0.56,8.70E-07,440
8.71E-07,0.64,8.71E-07,440
8.72E-07,0.64,8.72E-07,440
8.73E-07,0.64,8.73E-07,440
8.74E-07,0.64,8.74E-07,440
8.75E-07,0.64,8.75E-07,440
8.76E-07,0.56,8.76E-07,440
8.77E-07,0.64,8.77E-07,440
8.78E-07,0.64,8.78E-07,440
8.79E-07,0.64,8.79E-07,440
8.80E-07,0.64,8.80E-07,440
8.81E-07,0.64,8.81E-07,440
8.82E-07,0.64,8.82E-07,440
8.83E-07,0.64,8.83E-07,440
8.84E-07,0.64,8.84E-07,440
8.85E-07,0.64,8.85E-07,440
8.86E-07,0.64,8.86E-07,440
8.87E-07,0.64,8.87E-07,440
8.88E-07,0.64,8.88E-07,440
8.89E-07,0.64,8.89E-07,440
8.90E-07,0.64,8.90E-07,440
8.91E-07,0.64,8.91E-07,440
8.92E-07,0.64,8.92E-07,444
8.93E-07,0.64,8.93E-07,440
8.94E-07,0.64,8.94E-07,440
8.95E-07,0.64,8.95E-07,440
8.96E-07,0.64,8.96E-07,440
8.97E-07,0.64,8.97E-07,440
8.98E-07,0.64,8.98E-07,440
8.99E-07,0.64,8.99E-07,440
9.00E-07,0.64,9.00E-07,440
9.01E-07,0.64,9.01E-07,440
9.02E-07,0.64,9.02E-07,440
9.03E-07,0.64,9.03E-07,440
9.04E-07,0.64,9.04E-07,440
9.05E-07,0.64,9.05E-07,440
9.06E-07,0.64,9.06E-07,440
9.07E-07,0.64,9.07E-07,440
9.08E-07,0.64,9.08E-07,440
9.09E-07,0.56,9.09E-07,440
9.10E-07,0.64,9.10E-07,440
9.11E-07,0.64,9.11E-07,440
9.12E-07,0.64,9.12E-07,440
9.13E-07,0.64,9.13E-07,440
9.14E-07,0.56,9.14E-07,440
9.15E-07,0.64,9.15E-07,440
9.16E-07,0.56,9.16E-07,440
9.17E-07,0.64,9.17E-07,440
9.18E-07,0.56,9.18E-07,440
9.19E-07,0.56,9.19E-07,440
9.20E-07,0.56,9.20E-07,440
9.21E-07,0.56,9.21E-07,440
9.22E-07,0.56,9.22E-07,440
9.23E-07,0.56,9.23E-07,440
9.24E-07,0.56,9.24E-07,440
9.25E-07,0.56,9.25E-07,440
9.26E-07,0.56,9.26E-07,440
9.27E-07,0.56,9.27E-07,440
9.28E-07,0.56,9.28E-07,440
9.29E-07,0.56,9.29E-07,440
9.30E-07,0.56,9.30E-07,440
9.31E-07,0.56,9.31E-07,440
9.32E-07,0.56,9.32E-07,440
9.33E-07,0.56,9.33E-07,440
9.34E-07,0.56,9.34E-07,440
9.35E-07,0.56,9.35E-07,440
9.36E-07,0.48,9.36E-07,440
9.37E-07,0.56,9.37E-07,440
9.38E-07,0.56,9.38E-07,440
9.39E-07,0.56,9.39E-07,440
9.40E-07,0.56,9.40E-07,440
9.41E-07,0.56,9.41E-07,440
9.42E-07,0.56,9.42E-07,440
9.43E-07,0.56,9.43E-07,440
9.44E-07,0.56,9.44E-07,440
9.45E-07,0.56,9.45E-07,444
9.46E-07,0.56,9.46E-07,440
9.47E-07,0.56,9.47E-07,440
9.48E-07,0.56,9.48E-07,440
9.49E-07,0.56,9.49E-07,440
9.50E-07,0.48,9.50E-07,440
9.51E-07,0.48,9.51E-07,440
9.52E-07,0.48,9.52E-07,440
9.53E-07,0.48,9.53E-07,440
9.54E-07,0.48,9.54E-07,440
9.55E-07,0.48,9.55E-07,440
9.56E-07,0.56,9.56E-07,440
9.57E-07,0.56,9.57E-07,440
9.58E-07,0.48,9.58E-07,440
9.59E-07,0.56,9.59E-07,440
9.60E-07,0.48,9.60E-07,440
9.61E-07,0.48,9.61E-07,440
9.62E-07,0.48,9.62E-07,440
9.63E-07,0.56,9.63E-07,440
9.64E-07,0.56,9.64E-07,440
9.65E-07,0.56,9.65E-07,440
9.66E-07,0.56,9.66E-07,440
9.67E-07,0.56,9.67E-07,440
9.68E-07,0.56,9.68E-07,440
9.69E-07,0.56,9.69E-07,440
9.70E-07,0.56,9.70E-07,440
9.71E-07,0.56,9.71E-07,444
9.72E-07,0.56,9.72E-07,444
9.73E-07,0.56,9.73E-07,440
9.74E-07,0.56,9.74E-07,440
9.75E-07,0.56,9.75E-07,440
9.76E-07,0.56,9.76E-07,440
9.77E-07,0.56,9.77E-07,440
9.78E-07,0.56,9.78E-07,444
9.79E-07,0.56,9.79E-07,440
9.80E-07,0.56,9.80E-07,444
9.81E-07,0.64,9.81E-07,444
9.82E-07,0.56,9.82E-07,444
9.83E-07,0.64,9.83E-07,444
9.84E-07,0.64,9.84E-07,444
9.85E-07,0.64,9.85E-07,444
9.86E-07,0.64,9.86E-07,444
9.87E-07,0.64,9.87E-07,444
9.88E-07,0.64,9.88E-07,444
9.89E-07,0.64,9.89E-07,444
9.90E-07,0.64,9.90E-07,444
9.91E-07,0.64,9.91E-07,444
9.92E-07,0.64,9.92E-07,444
9.93E-07,0.64,9.93E-07,444
9.94E-07,0.64,9.94E-07,440
9.95E-07,0.64,9.95E-07,440
9.96E-07,0.64,9.96E-07,444
9.97E-07,0.64,9.97E-07,440
9.98E-07,0.64,9.98E-07,444
9.99E-07,0.64,9.99E-07,444
1.00E-06,0.64,1.00E-06,444
1.00E-06,0.64,1.00E-06,444
1.00E-06,0.64,1.00E-06,444
1.00E-06,0.64,1.00E-06,444
1.00E-06,0.64,1.00E-06,444
1.00E-06,0.64,1.00E-06,440
1.01E-06,0.64,1.01E-06,444
1.01E-06,0.64,1.01E-06,444
1.01E-06,0.64,1.01E-06,444
1.01E-06,0.64,1.01E-06,444
1.01E-06,0.64,1.01E-06,444
1.01E-06,0.64,1.01E-06,444
1.01E-06,0.64,1.01E-06,444
1.01E-06,0.72,1.01E-06,444
1.01E-06,0.64,1.01E-06,444
1.01E-06,0.64,1.01E-06,444
1.02E-06,0.64,1.02E-06,444
1.02E-06,0.64,1.02E-06,444
1.02E-06,0.64,1.02E-06,444
1.02E-06,0.64,1.02E-06,444
1.02E-06,0.64,1.02E-06,444
1.02E-06,0.64,1.02E-06,444
1.02E-06,0.64,1.02E-06,440
1.02E-06,0.64,1.02E-06,440
1.02E-06,0.64,1.02E-06,444
1.02E-06,0.64,1.02E-06,444
1.03E-06,0.64,1.03E-06,444
1.03E-06,0.64,1.03E-06,444
1.03E-06,0.64,1.03E-06,444
1.03E-06,0.64,1.03E-06,444
1.03E-06,0.64,1.03E-06,444
1.03E-06,0.64,1.03E-06,440
1.03E-06,0.64,1.03E-06,444
1.03E-06,0.64,1.03E-06,444
1.03E-06,0.64,1.03E-06,444
1.03E-06,0.64,1.03E-06,440
1.04E-06,0.64,1.04E-06,444
1.04E-06,0.64,1.04E-06,444
1.04E-06,0.64,1.04E-06,444
1.04E-06,0.64,1.04E-06,440
1.04E-06,0.64,1.04E-06,444
1.04E-06,0.64,1.04E-06,444
1.04E-06,0.64,1.04E-06,444
1.04E-06,0.64,1.04E-06,440
1.04E-06,0.64,1.04E-06,444
1.04E-06,0.64,1.04E-06,440
1.05E-06,0.64,1.05E-06,444
1.05E-06,0.64,1.05E-06,440
1.05E-06,0.64,1.05E-06,440
1.05E-06,0.64,1.05E-06,440
1.05E-06,0.64,1.05E-06,440
1.05E-06,0.64,1.05E-06,440
1.05E-06,0.64,1.05E-06,440
1.05E-06,0.64,1.05E-06,440
1.05E-06,0.64,1.05E-06,444
1.05E-06,0.64,1.05E-06,440
1.06E-06,0.64,1.06E-06,444
1.06E-06,0.64,1.06E-06,440
1.06E-06,0.64,1.06E-06,444
1.06E-06,0.64,1.06E-06,440
1.06E-06,0.64,1.06E-06,440
1.06E-06,0.64,1.06E-06,440
1.06E-06,0.64,1.06E-06,444
1.06E-06,0.64,1.06E-06,440
1.06E-06,0.64,1.06E-06,440
1.06E-06,0.64,1.06E-06,440
1.07E-06,0.64,1.07E-06,444
1.07E-06,0.64,1.07E-06,444
1.07E-06,0.64,1.07E-06,444
1.07E-06,0.64,1.07E-06,444
1.07E-06,0.64,1.07E-06,444
1.07E-06,0.72,1.07E-06,440
1.07E-06,0.72,1.07E-06,444
1.07E-06,0.72,1.07E-06,444
1.07E-06,0.64,1.07E-06,444
1.07E-06,0.72,1.07E-06,444
1.08E-06,0.72,1.08E-06,444
1.08E-06,0.72,1.08E-06,444
1.08E-06,0.72,1.08E-06,444
1.08E-06,0.72,1.08E-06,444
1.08E-06,0.72,1.08E-06,444
1.08E-06,0.72,1.08E-06,444
1.08E-06,0.72,1.08E-06,444
1.08E-06,0.72,1.08E-06,444
1.08E-06,0.64,1.08E-06,444
1.08E-06,0.72,1.08E-06,444
1.09E-06,0.72,1.09E-06,444
1.09E-06,0.72,1.09E-06,444
1.09E-06,0.72,1.09E-06,444
1.09E-06,0.72,1.09E-06,444
1.09E-06,0.72,1.09E-06,444
1.09E-06,0.72,1.09E-06,440
1.09E-06,0.72,1.09E-06,444
1.09E-06,0.72,1.09E-06,444
1.09E-06,0.72,1.09E-06,444
1.09E-06,0.72,1.09E-06,440
1.10E-06,0.72,1.10E-06,440
1.10E-06,0.72,1.10E-06,444
1.10E-06,0.72,1.10E-06,444
1.10E-06,0.72,1.10E-06,444
1.10E-06,0.72,1.10E-06,444
1.10E-06,0.72,1.10E-06,444
1.10E-06,0.72,1.10E-06,444
1.10E-06,0.72,1.10E-06,444
1.10E-06,0.72,1.10E-06,444
1.10E-06,0.72,1.10E-06,444
1.11E-06,0.72,1.11E-06,444
1.11E-06,0.72,1.11E-06,440
1.11E-06,0.72,1.11E-06,444
1.11E-06,0.72,1.11E-06,444
1.11E-06,0.72,1.11E-06,444
1.11E-06,0.72,1.11E-06,444
1.11E-06,0.64,1.11E-06,444
1.11E-06,0.72,1.11E-06,440
1.11E-06,0.72,1.11E-06,444
1.11E-06,0.72,1.11E-06,440
1.12E-06,0.72,1.12E-06,444
1.12E-06,0.72,1.12E-06,444
1.12E-06,0.72,1.12E-06,440
1.12E-06,0.72,1.12E-06,440
1.12E-06,0.72,1.12E-06,440
1.12E-06,0.72,1.12E-06,444
1.12E-06,0.72,1.12E-06,440
1.12E-06,0.72,1.12E-06,444
1.12E-06,0.72,1.12E-06,440
1.12E-06,0.72,1.12E-06,440
1.13E-06,0.72,1.13E-06,440
1.13E-06,0.72,1.13E-06,440
1.13E-06,0.72,1.13E-06,440
1.13E-06,0.72,1.13E-06,440
1.13E-06,0.72,1.13E-06,440
1.13E-06,0.72,1.13E-06,440
1.13E-06,0.72,1.13E-06,440
1.13E-06,0.72,1.13E-06,440
1.13E-06,0.72,1.13E-06,440
1.13E-06,0.72,1.13E-06,440
1.14E-06,0.64,1.14E-06,440
1.14E-06,0.72,1.14E-06,440
1.14E-06,0.72,1.14E-06,440
1.14E-06,0.72,1.14E-06,444
1.14E-06,0.72,1.14E-06,444
1.14E-06,0.72,1.14E-06,444
1.14E-06,0.72,1.14E-06,440
1.14E-06,0.64,1.14E-06,440
1.14E-06,0.72,1.14E-06,440
1.14E-06,0.72,1.14E-06,440
1.15E-06,0.72,1.15E-06,440
1.15E-06,0.72,1.15E-06,440
1.15E-06,0.72,1.15E-06,440
1.15E-06,0.72,1.15E-06,440
1.15E-06,0.64,1.15E-06,440
1.15E-06,0.72,1.15E-06,440
1.15E-06,0.64,1.15E-06,440
1.15E-06,0.72,1.15E-06,440
1.15E-06,0.64,1.15E-06,440
1.15E-06,0.72,1.15E-06,440
1.16E-06,0.64,1.16E-06,440
1.16E-06,0.72,1.16E-06,440
1.16E-06,0.72,1.16E-06,444
1.16E-06,0.72,1.16E-06,440
1.16E-06,0.72,1.16E-06,440
1.16E-06,0.72,1.16E-06,440
1.16E-06,0.72,1.16E-06,440
1.16E-06,0.72,1.16E-06,440
1.16E-06,0.72,1.16E-06,440
1.16E-06,0.72,1.16E-06,440
1.17E-06,0.72,1.17E-06,444
1.17E-06,0.72,1.17E-06,444
1.17E-06,0.72,1.17E-06,440
1.17E-06,0.72,1.17E-06,444
1.17E-06,0.72,1.17E-06,440
1.17E-06,0.72,1.17E-06,444
1.17E-06,0.72,1.17E-06,444
1.17E-06,0.72,1.17E-06,440
1.17E-06,0.72,1.17E-06,444
1.17E-06,0.72,1.17E-06,440
1.18E-06,0.72,1.18E-06,440
1.18E-06,0.72,1.18E-06,444
1.18E-06,0.72,1.18E-06,440
1.18E-06,0.72,1.18E-06,444
1.18E-06,0.72,1.18E-06,440
1.18E-06,0.72,1.18E-06,444
1.18E-06,0.72,1.18E-06,440
1.18E-06,0.72,1.18E-06,440
1.18E-06,0.72,1.18E-06,440
1.18E-06,0.72,1.18E-06,440
1.19E-06,0.72,1.19E-06,444
1.19E-06,0.72,1.19E-06,444
1.19E-06,0.72,1.19E-06,440
1.19E-06,0.72,1.19E-06,440
1.19E-06,0.72,1.19E-06,440
1.19E-06,0.72,1.19E-06,444
1.19E-06,0.72,1.19E-06,444
1.19E-06,0.72,1.19E-06,444
1.19E-06,0.72,1.19E-06,444
1.19E-06,0.72,1.19E-06,444
1.20E-06,0.72,1.20E-06,444
1.20E-06,0.72,1.20E-06,440
1.20E-06,0.72,1.20E-06,444
1.20E-06,0.72,1.20E-06,440
1.20E-06,0.72,1.20E-06,440
1.20E-06,0.72,1.20E-06,440
1.20E-06,0.72,1.20E-06,440
1.20E-06,0.72,1.20E-06,440
1.20E-06,0.72,1.20E-06,440
1.20E-06,0.72,1.20E-06,440
1.21E-06,0.72,1.21E-06,444
1.21E-06,0.72,1.21E-06,440
1.21E-06,0.72,1.21E-06,440
1.21E-06,0.72,1.21E-06,440
1.21E-06,0.72,1.21E-06,440
1.21E-06,0.72,1.21E-06,444
1.21E-06,0.72,1.21E-06,440
1.21E-06,0.72,1.21E-06,444
1.21E-06,0.72,1.21E-06,440
1.21E-06,0.72,1.21E-06,440
1.22E-06,0.72,1.22E-06,440
1.22E-06,0.72,1.22E-06,440
1.22E-06,0.72,1.22E-06,444
1.22E-06,0.72,1.22E-06,440
1.22E-06,0.72,1.22E-06,440
1.22E-06,0.72,1.22E-06,440
1.22E-06,0.72,1.22E-06,440
1.22E-06,0.72,1.22E-06,440
1.22E-06,0.64,1.22E-06,440
1.22E-06,0.72,1.22E-06,440
1.23E-06,0.72,1.23E-06,440
1.23E-06,0.72,1.23E-06,440
1.23E-06,0.72,1.23E-06,440
1.23E-06,0.72,1.23E-06,440
1.23E-06,0.64,1.23E-06,440
1.23E-06,0.72,1.23E-06,440
1.23E-06,0.72,1.23E-06,440
1.23E-06,0.72,1.23E-06,440
1.23E-06,0.72,1.23E-06,440
1.23E-06,0.72,1.23E-06,440
1.24E-06,0.72,1.24E-06,440
1.24E-06,0.72,1.24E-06,440
1.24E-06,0.72,1.24E-06,440
1.24E-06,0.72,1.24E-06,440
1.24E-06,0.72,1.24E-06,440
1.24E-06,0.72,1.24E-06,440
1.24E-06,0.72,1.24E-06,440
1.24E-06,0.72,1.24E-06,440
1.24E-06,0.64,1.24E-06,440
1.24E-06,0.72,1.24E-06,440
1.25E-06,0.72,1.25E-06,440
1.25E-06,0.72,1.25E-06,440
1.25E-06,0.72,1.25E-06,440
1.25E-06,0.72,1.25E-06,440
1.25E-06,0.72,1.25E-06,440
1.25E-06,0.72,1.25E-06,440
1.25E-06,0.72,1.25E-06,440
1.25E-06,0.72,1.25E-06,440
1.25E-06,0.72,1.25E-06,440
1.25E-06,0.72,1.25E-06,440
1.26E-06,0.64,1.26E-06,440
1.26E-06,0.72,1.26E-06,440
1.26E-06,0.72,1.26E-06,440
1.26E-06,0.72,1.26E-06,440
1.26E-06,0.72,1.26E-06,440
1.26E-06,0.72,1.26E-06,440
1.26E-06,0.72,1.26E-06,440
1.26E-06,0.72,1.26E-06,440
1.26E-06,0.72,1.26E-06,440
1.26E-06,0.72,1.26E-06,440
1.27E-06,0.72,1.27E-06,440
1.27E-06,0.64,1.27E-06,440
1.27E-06,0.72,1.27E-06,440
1.27E-06,0.72,1.27E-06,440
1.27E-06,0.72,1.27E-06,440
1.27E-06,0.72,1.27E-06,440
1.27E-06,0.64,1.27E-06,440
1.27E-06,0.72,1.27E-06,440
1.27E-06,0.72,1.27E-06,440
1.27E-06,0.72,1.27E-06,440
1.28E-06,0.72,1.28E-06,440
1.28E-06,0.72,1.28E-06,440
1.28E-06,0.72,1.28E-06,440
1.28E-06,0.72,1.28E-06,440
1.28E-06,0.72,1.28E-06,440
1.28E-06,0.72,1.28E-06,440
1.28E-06,0.72,1.28E-06,440
1.28E-06,0.72,1.28E-06,440
1.28E-06,0.72,1.28E-06,440
1.28E-06,0.72,1.28E-06,440
1.29E-06,0.72,1.29E-06,440
1.29E-06,0.72,1.29E-06,440
1.29E-06,0.72,1.29E-06,440
1.29E-06,0.72,1.29E-06,440
1.29E-06,0.72,1.29E-06,440
1.29E-06,0.72,1.29E-06,440
1.29E-06,0.72,1.29E-06,440
1.29E-06,0.72,1.29E-06,440
1.29E-06,0.72,1.29E-06,440
1.29E-06,0.72,1.29E-06,440
1.30E-06,0.72,1.30E-06,440
1.30E-06,0.72,1.30E-06,440
1.30E-06,0.72,1.30E-06,440
1.30E-06,0.72,1.30E-06,440
1.30E-06,0.72,1.30E-06,440
1.30E-06,0.72,1.30E-06,440
1.30E-06,0.72,1.30E-06,440
1.30E-06,0.72,1.30E-06,440
1.30E-06,0.72,1.30E-06,440
1.30E-06,0.72,1.30E-06,440
1.31E-06,0.72,1.31E-06,440
1.31E-06,0.72,1.31E-06,440
1.31E-06,0.72,1.31E-06,440
1.31E-06,0.72,1.31E-06,440
1.31E-06,0.72,1.31E-06,440
1.31E-06,0.72,1.31E-06,440
1.31E-06,0.72,1.31E-06,440
1.31E-06,0.72,1.31E-06,440
1.31E-06,0.72,1.31E-06,440
1.31E-06,0.72,1.31E-06,440
1.32E-06,0.64,1.32E-06,440
1.32E-06,0.72,1.32E-06,440
1.32E-06,0.72,1.32E-06,440
1.32E-06,0.72,1.32E-06,440
1.32E-06,0.64,1.32E-06,440
1.32E-06,0.72,1.32E-06,440
1.32E-06,0.72,1.32E-06,440
1.32E-06,0.72,1.32E-06,440
1.32E-06,0.72,1.32E-06,440
1.32E-06,0.72,1.32E-06,440
1.33E-06,0.64,1.33E-06,440
1.33E-06,0.72,1.33E-06,440
1.33E-06,0.72,1.33E-06,440
1.33E-06,0.72,1.33E-06,440
1.33E-06,0.72,1.33E-06,440
1.33E-06,0.72,1.33E-06,440
1.33E-06,0.72,1.33E-06,440
1.33E-06,0.72,1.33E-06,440
1.33E-06,0.72,1.33E-06,440
1.33E-06,0.72,1.33E-06,436
1.34E-06,0.72,1.34E-06,440
1.34E-06,0.72,1.34E-06,436
1.34E-06,0.72,1.34E-06,440
1.34E-06,0.72,1.34E-06,440
1.34E-06,0.72,1.34E-06,440
1.34E-06,0.72,1.34E-06,440
1.34E-06,0.72,1.34E-06,440
1.34E-06,0.72,1.34E-06,440
1.34E-06,0.72,1.34E-06,440
1.34E-06,0.72,1.34E-06,440
1.35E-06,0.72,1.35E-06,440
1.35E-06,0.72,1.35E-06,440
1.35E-06,0.72,1.35E-06,440
1.35E-06,0.72,1.35E-06,440
1.35E-06,0.72,1.35E-06,440
1.35E-06,0.72,1.35E-06,440
1.35E-06,0.72,1.35E-06,440
1.35E-06,0.72,1.35E-06,440
1.35E-06,0.72,1.35E-06,440
1.35E-06,0.72,1.35E-06,440
1.36E-06,0.72,1.36E-06,440
1.36E-06,0.72,1.36E-06,440
1.36E-06,0.72,1.36E-06,440
1.36E-06,0.72,1.36E-06,440
1.36E-06,0.72,1.36E-06,440
1.36E-06,0.72,1.36E-06,440
1.36E-06,0.72,1.36E-06,440
1.36E-06,0.72,1.36E-06,440
1.36E-06,0.72,1.36E-06,440
1.36E-06,0.72,1.36E-06,440
1.37E-06,0.72,1.37E-06,440
1.37E-06,0.72,1.37E-06,440
1.37E-06,0.72,1.37E-06,440
1.37E-06,0.72,1.37E-06,440
1.37E-06,0.72,1.37E-06,440
1.37E-06,0.72,1.37E-06,440
1.37E-06,0.72,1.37E-06,440
1.37E-06,0.72,1.37E-06,440
1.37E-06,0.72,1.37E-06,440
1.37E-06,0.72,1.37E-06,440
1.38E-06,0.72,1.38E-06,440
1.38E-06,0.72,1.38E-06,440
1.38E-06,0.72,1.38E-06,440
1.38E-06,0.72,1.38E-06,440
1.38E-06,0.72,1.38E-06,440
1.38E-06,0.72,1.38E-06,440
1.38E-06,0.72,1.38E-06,440
1.38E-06,0.72,1.38E-06,440
1.38E-06,0.72,1.38E-06,440
1.38E-06,0.72,1.38E-06,440
1.39E-06,0.72,1.39E-06,440
1.39E-06,0.72,1.39E-06,440
1.39E-06,0.72,1.39E-06,440
1.39E-06,0.72,1.39E-06,440
1.39E-06,0.72,1.39E-06,440
1.39E-06,0.72,1.39E-06,440
1.39E-06,0.72,1.39E-06,440
1.39E-06,0.72,1.39E-06,440
1.39E-06,0.72,1.39E-06,440
1.39E-06,0.72,1.39E-06,440
1.40E-06,0.72,1.40E-06,440
1.40E-06,0.72,1.40E-06,440
1.40E-06,0.72,1.40E-06,440
1.40E-06,0.72,1.40E-06,440
1.40E-06,0.72,1.40E-06,440
1.40E-06,0.72,1.40E-06,440
1.40E-06,0.72,1.40E-06,440
1.40E-06,0.72,1.40E-06,440
1.40E-06,0.72,1.40E-06,440
1.40E-06,0.72,1.40E-06,440
1.41E-06,0.72,1.41E-06,440
1.41E-06,0.72,1.41E-06,440
1.41E-06,0.72,1.41E-06,440
1.41E-06,0.72,1.41E-06,440
1.41E-06,0.72,1.41E-06,440
1.41E-06,0.72,1.41E-06,440
1.41E-06,0.72,1.41E-06,440
1.41E-06,0.72,1.41E-06,436
1.41E-06,0.72,1.41E-06,440
1.41E-06,0.72,1.41E-06,440
1.42E-06,0.72,1.42E-06,440
1.42E-06,0.72,1.42E-06,440
1.42E-06,0.72,1.42E-06,440
1.42E-06,0.72,1.42E-06,440
1.42E-06,0.72,1.42E-06,440
1.42E-06,0.72,1.42E-06,440
1.42E-06,0.72,1.42E-06,440
1.42E-06,0.72,1.42E-06,436
1.42E-06,0.72,1.42E-06,440
1.42E-06,0.72,1.42E-06,436
1.43E-06,0.72,1.43E-06,436
1.43E-06,0.72,1.43E-06,440
1.43E-06,0.72,1.43E-06,440
1.43E-06,0.72,1.43E-06,440
1.43E-06,0.72,1.43E-06,440
1.43E-06,0.72,1.43E-06,440
1.43E-06,0.72,1.43E-06,440
1.43E-06,0.72,1.43E-06,440
1.43E-06,0.72,1.43E-06,440
1.43E-06,0.72,1.43E-06,440
1.44E-06,0.72,1.44E-06,440
1.44E-06,0.72,1.44E-06,440
1.44E-06,0.72,1.44E-06,440
1.44E-06,0.72,1.44E-06,440
1.44E-06,0.72,1.44E-06,440
1.44E-06,0.72,1.44E-06,440
1.44E-06,0.72,1.44E-06,440
1.44E-06,0.72,1.44E-06,440
1.44E-06,0.72,1.44E-06,440
1.44E-06,0.72,1.44E-06,440
1.45E-06,0.72,1.45E-06,440
1.45E-06,0.72,1.45E-06,440
1.45E-06,0.72,1.45E-06,440
1.45E-06,0.72,1.45E-06,440
1.45E-06,0.72,1.45E-06,440
1.45E-06,0.72,1.45E-06,440
1.45E-06,0.72,1.45E-06,440
1.45E-06,0.72,1.45E-06,436
1.45E-06,0.72,1.45E-06,440
1.45E-06,0.72,1.45E-06,440
1.46E-06,0.72,1.46E-06,436
1.46E-06,0.72,1.46E-06,436
1.46E-06,0.72,1.46E-06,440
1.46E-06,0.72,1.46E-06,436
1.46E-06,0.72,1.46E-06,440
1.46E-06,0.72,1.46E-06,440
1.46E-06,0.72,1.46E-06,440
1.46E-06,0.72,1.46E-06,440
1.46E-06,0.72,1.46E-06,440
1.46E-06,0.72,1.46E-06,440
1.47E-06,0.72,1.47E-06,436
1.47E-06,0.72,1.47E-06,440
1.47E-06,0.72,1.47E-06,440
1.47E-06,0.72,1.47E-06,440
1.47E-06,0.72,1.47E-06,440
1.47E-06,0.72,1.47E-06,440
1.47E-06,0.72,1.47E-06,436
1.47E-06,0.72,1.47E-06,436
1.47E-06,0.72,1.47E-06,440
1.47E-06,0.72,1.47E-06,440
1.48E-06,0.72,1.48E-06,440
1.48E-06,0.72,1.48E-06,440
1.48E-06,0.72,1.48E-06,440
1.48E-06,0.72,1.48E-06,440
1.48E-06,0.72,1.48E-06,440
1.48E-06,0.72,1.48E-06,436
1.48E-06,0.72,1.48E-06,440
1.48E-06,0.72,1.48E-06,440
1.48E-06,0.72,1.48E-06,440
1.48E-06,0.72,1.48E-06,436
1.49E-06,0.8,1.49E-06,440
1.49E-06,0.72,1.49E-06,440
1.49E-06,0.72,1.49E-06,436
1.49E-06,0.72,1.49E-06,440
1.49E-06,0.72,1.49E-06,440
1.49E-06,0.72,1.49E-06,440
1.49E-06,0.72,1.49E-06,440
1.49E-06,0.72,1.49E-06,440
1.49E-06,0.72,1.49E-06,440
1.49E-06,0.8,1.49E-06,436
1.50E-06,0.72,1.50E-06,440
1.50E-06,0.72,1.50E-06,436
1.50E-06,0.72,1.50E-06,440
1.50E-06,0.72,1.50E-06,440
1.50E-06,0.72,1.50E-06,440
1.50E-06,0.72,1.50E-06,436
1.50E-06,0.72,1.50E-06,440
1.50E-06,0.72,1.50E-06,440
1.50E-06,0.72,1.50E-06,440
1.50E-06,0.8,1.50E-06,436
1.51E-06,0.8,1.51E-06,436
1.51E-06,0.8,1.51E-06,440
1.51E-06,0.8,1.51E-06,440
1.51E-06,0.8,1.51E-06,440
1.51E-06,0.72,1.51E-06,440
1.51E-06,0.72,1.51E-06,440
1.51E-06,0.8,1.51E-06,440
1.51E-06,0.72,1.51E-06,440
1.51E-06,0.8,1.51E-06,440
1.51E-06,0.72,1.51E-06,440
1.52E-06,0.72,1.52E-06,440
1.52E-06,0.72,1.52E-06,436
1.52E-06,0.72,1.52E-06,440
1.52E-06,0.72,1.52E-06,440
1.52E-06,0.72,1.52E-06,440
1.52E-06,0.72,1.52E-06,440
1.52E-06,0.72,1.52E-06,440
1.52E-06,0.72,1.52E-06,440
1.52E-06,0.72,1.52E-06,440
1.52E-06,0.72,1.52E-06,436
1.53E-06,0.72,1.53E-06,436
1.53E-06,0.72,1.53E-06,436
1.53E-06,0.72,1.53E-06,436
1.53E-06,0.72,1.53E-06,436
1.53E-06,0.72,1.53E-06,436
1.53E-06,0.72,1.53E-06,440
1.53E-06,0.72,1.53E-06,440
1.53E-06,0.72,1.53E-06,440
1.53E-06,0.72,1.53E-06,440
1.53E-06,0.72,1.53E-06,436
1.54E-06,0.72,1.54E-06,436
1.54E-06,0.72,1.54E-06,436
1.54E-06,0.72,1.54E-06,436
1.54E-06,0.72,1.54E-06,440
1.54E-06,0.72,1.54E-06,436
1.54E-06,0.72,1.54E-06,436
1.54E-06,0.72,1.54E-06,436
1.54E-06,0.72,1.54E-06,436
1.54E-06,0.72,1.54E-06,436
1.54E-06,0.72,1.54E-06,440
1.55E-06,0.8,1.55E-06,436
1.55E-06,0.72,1.55E-06,436
1.55E-06,0.8,1.55E-06,436
1.55E-06,0.72,1.55E-06,436
1.55E-06,0.8,1.55E-06,436
1.55E-06,0.72,1.55E-06,440
1.55E-06,0.72,1.55E-06,440
1.55E-06,0.72,1.55E-06,436
1.55E-06,0.72,1.55E-06,436
1.55E-06,0.72,1.55E-06,436
1.56E-06,0.72,1.56E-06,436
1.56E-06,0.72,1.56E-06,440
1.56E-06,0.72,1.56E-06,436
1.56E-06,0.72,1.56E-06,436
1.56E-06,0.72,1.56E-06,436
1.56E-06,0.72,1.56E-06,436
1.56E-06,0.72,1.56E-06,436
1.56E-06,0.72,1.56E-06,436
1.56E-06,0.72,1.56E-06,436
1.56E-06,0.72,1.56E-06,436
1.57E-06,0.72,1.57E-06,436
1.57E-06,0.72,1.57E-06,436
1.57E-06,0.8,1.57E-06,436
1.57E-06,0.72,1.57E-06,440
1.57E-06,0.8,1.57E-06,440
1.57E-06,0.72,1.57E-06,440
1.57E-06,0.72,1.57E-06,440
1.57E-06,0.8,1.57E-06,440
1.57E-06,0.72,1.57E-06,436
1.57E-06,0.8,1.57E-06,436
1.58E-06,0.72,1.58E-06,436
1.58E-06,0.72,1.58E-06,436
1.58E-06,0.72,1.58E-06,436
1.58E-06,0.72,1.58E-06,436
1.58E-06,0.8,1.58E-06,440
1.58E-06,0.72,1.58E-06,436
1.58E-06,0.72,1.58E-06,440
1.58E-06,0.72,1.58E-06,436
1.58E-06,0.8,1.58E-06,436
1.58E-06,0.8,1.58E-06,436
1.59E-06,0.8,1.59E-06,440
1.59E-06,0.8,1.59E-06,436
1.59E-06,0.72,1.59E-06,440
1.59E-06,0.72,1.59E-06,440
1.59E-06,0.72,1.59E-06,440
1.59E-06,0.72,1.59E-06,436
1.59E-06,0.72,1.59E-06,440
1.59E-06,0.72,1.59E-06,440
1.59E-06,0.72,1.59E-06,440
1.59E-06,0.72,1.59E-06,436
1.60E-06,0.72,1.60E-06,436
1.60E-06,0.72,1.60E-06,436
1.60E-06,0.72,1.60E-06,436
1.60E-06,0.72,1.60E-06,436
1.60E-06,0.72,1.60E-06,440
1.60E-06,0.72,1.60E-06,440
1.60E-06,0.72,1.60E-06,440
1.60E-06,0.8,1.60E-06,440
1.60E-06,0.72,1.60E-06,440
1.60E-06,0.72,1.60E-06,440
1.61E-06,0.72,1.61E-06,440
1.61E-06,0.72,1.61E-06,436
1.61E-06,0.72,1.61E-06,440
1.61E-06,0.8,1.61E-06,436
1.61E-06,0.8,1.61E-06,440
1.61E-06,0.8,1.61E-06,440
1.61E-06,0.8,1.61E-06,436
1.61E-06,0.72,1.61E-06,440
1.61E-06,0.72,1.61E-06,440
1.61E-06,0.72,1.61E-06,440
1.62E-06,0.8,1.62E-06,440
1.62E-06,0.72,1.62E-06,440
1.62E-06,0.8,1.62E-06,440
1.62E-06,0.8,1.62E-06,440
1.62E-06,0.72,1.62E-06,440
1.62E-06,0.72,1.62E-06,436
1.62E-06,0.8,1.62E-06,440
1.62E-06,0.8,1.62E-06,440
1.62E-06,0.8,1.62E-06,440
1.62E-06,0.72,1.62E-06,440
1.63E-06,0.72,1.63E-06,440
1.63E-06,0.72,1.63E-06,440
1.63E-06,0.72,1.63E-06,440
1.63E-06,0.72,1.63E-06,436
1.63E-06,0.8,1.63E-06,440
1.63E-06,0.8,1.63E-06,436
1.63E-06,0.8,1.63E-06,440
1.63E-06,0.8,1.63E-06,436
1.63E-06,0.8,1.63E-06,440
1.63E-06,0.72,1.63E-06,436
1.64E-06,0.8,1.64E-06,436
1.64E-06,0.72,1.64E-06,436
1.64E-06,0.8,1.64E-06,436
1.64E-06,0.72,1.64E-06,440
1.64E-06,0.72,1.64E-06,440
1.64E-06,0.8,1.64E-06,440
1.64E-06,0.8,1.64E-06,440
1.64E-06,0.8,1.64E-06,440
1.64E-06,0.72,1.64E-06,436
1.64E-06,0.8,1.64E-06,436
1.65E-06,0.8,1.65E-06,440
1.65E-06,0.8,1.65E-06,436
1.65E-06,0.8,1.65E-06,436
1.65E-06,0.8,1.65E-06,436
1.65E-06,0.8,1.65E-06,436
1.65E-06,0.8,1.65E-06,436
1.65E-06,0.8,1.65E-06,440
1.65E-06,0.8,1.65E-06,440
1.65E-06,0.8,1.65E-06,440
1.65E-06,0.8,1.65E-06,436
1.66E-06,0.8,1.66E-06,440
1.66E-06,0.72,1.66E-06,436
1.66E-06,0.72,1.66E-06,440
1.66E-06,0.8,1.66E-06,436
1.66E-06,0.8,1.66E-06,440
1.66E-06,0.8,1.66E-06,436
1.66E-06,0.8,1.66E-06,440
1.66E-06,0.8,1.66E-06,440
1.66E-06,0.8,1.66E-06,436
1.66E-06,0.8,1.66E-06,436
1.67E-06,0.72,1.67E-06,440
1.67E-06,0.72,1.67E-06,440
1.67E-06,0.8,1.67E-06,440
1.67E-06,0.8,1.67E-06,436
1.67E-06,0.8,1.67E-06,436
1.67E-06,0.8,1.67E-06,436
1.67E-06,0.8,1.67E-06,436
1.67E-06,0.8,1.67E-06,436
1.67E-06,0.8,1.67E-06,436
1.67E-06,0.8,1.67E-06,436
1.68E-06,0.8,1.68E-06,440
1.68E-06,0.72,1.68E-06,440
1.68E-06,0.72,1.68E-06,440
1.68E-06,0.72,1.68E-06,436
1.68E-06,0.72,1.68E-06,440
1.68E-06,0.72,1.68E-06,436
1.68E-06,0.72,1.68E-06,440
1.68E-06,0.72,1.68E-06,436
1.68E-06,0.72,1.68E-06,440
1.68E-06,0.72,1.68E-06,436
1.69E-06,0.72,1.69E-06,440
1.69E-06,0.72,1.69E-06,440
1.69E-06,0.72,1.69E-06,440
1.69E-06,0.72,1.69E-06,436
1.69E-06,0.72,1.69E-06,436
1.69E-06,0.72,1.69E-06,436
1.69E-06,0.8,1.69E-06,440
1.69E-06,0.72,1.69E-06,440
1.69E-06,0.72,1.69E-06,440
1.69E-06,0.72,1.69E-06,436
1.70E-06,0.72,1.70E-06,440
1.70E-06,0.72,1.70E-06,436
1.70E-06,0.72,1.70E-06,440
1.70E-06,0.72,1.70E-06,440
1.70E-06,0.8,1.70E-06,440
1.70E-06,0.8,1.70E-06,436
1.70E-06,0.8,1.70E-06,436
1.70E-06,0.8,1.70E-06,436
1.70E-06,0.8,1.70E-06,440
1.70E-06,0.8,1.70E-06,436
1.71E-06,0.72,1.71E-06,440
1.71E-06,0.72,1.71E-06,436
1.71E-06,0.72,1.71E-06,436
1.71E-06,0.72,1.71E-06,436
1.71E-06,0.72,1.71E-06,440
1.71E-06,0.72,1.71E-06,436
1.71E-06,0.72,1.71E-06,436
1.71E-06,0.72,1.71E-06,436
1.71E-06,0.72,1.71E-06,440
1.71E-06,0.72,1.71E-06,436
1.72E-06,0.72,1.72E-06,440
1.72E-06,0.72,1.72E-06,436
1.72E-06,0.72,1.72E-06,440
1.72E-06,0.72,1.72E-06,436
1.72E-06,0.72,1.72E-06,440
1.72E-06,0.72,1.72E-06,436
1.72E-06,0.72,1.72E-06,440
1.72E-06,0.72,1.72E-06,436
1.72E-06,0.72,1.72E-06,440
1.72E-06,0.72,1.72E-06,436
1.73E-06,0.72,1.73E-06,440
1.73E-06,0.72,1.73E-06,436
1.73E-06,0.72,1.73E-06,440
1.73E-06,0.72,1.73E-06,436
1.73E-06,0.72,1.73E-06,436
1.73E-06,0.72,1.73E-06,440
1.73E-06,0.72,1.73E-06,436
1.73E-06,0.72,1.73E-06,436
1.73E-06,0.72,1.73E-06,436
1.73E-06,0.72,1.73E-06,440
1.74E-06,0.72,1.74E-06,436
1.74E-06,0.72,1.74E-06,440
1.74E-06,0.72,1.74E-06,440
1.74E-06,0.72,1.74E-06,436
1.74E-06,0.72,1.74E-06,436
1.74E-06,0.72,1.74E-06,436
1.74E-06,0.72,1.74E-06,436
1.74E-06,0.72,1.74E-06,436
1.74E-06,0.72,1.74E-06,440
1.74E-06,0.72,1.74E-06,436
1.75E-06,0.72,1.75E-06,440
1.75E-06,0.72,1.75E-06,436
1.75E-06,0.72,1.75E-06,436
1.75E-06,0.72,1.75E-06,436
1.75E-06,0.72,1.75E-06,436
1.75E-06,0.72,1.75E-06,440
1.75E-06,0.72,1.75E-06,436
1.75E-06,0.72,1.75E-06,440
1.75E-06,0.72,1.75E-06,436
1.75E-06,0.72,1.75E-06,436
1.76E-06,0.72,1.76E-06,440
1.76E-06,0.72,1.76E-06,436
1.76E-06,0.72,1.76E-06,440
1.76E-06,0.72,1.76E-06,440
1.76E-06,0.72,1.76E-06,440
1.76E-06,0.72,1.76E-06,440
1.76E-06,0.72,1.76E-06,440
1.76E-06,0.72,1.76E-06,440
1.76E-06,0.72,1.76E-06,440
1.76E-06,0.72,1.76E-06,440
1.77E-06,0.72,1.77E-06,440
1.77E-06,0.72,1.77E-06,436
1.77E-06,0.72,1.77E-06,440
1.77E-06,0.72,1.77E-06,440
1.77E-06,0.72,1.77E-06,440
1.77E-06,0.72,1.77E-06,440
1.77E-06,0.72,1.77E-06,436
1.77E-06,0.72,1.77E-06,440
1.77E-06,0.72,1.77E-06,436
1.77E-06,0.72,1.77E-06,440
1.78E-06,0.72,1.78E-06,436
1.78E-06,0.72,1.78E-06,440
1.78E-06,0.72,1.78E-06,436
1.78E-06,0.72,1.78E-06,440
1.78E-06,0.72,1.78E-06,436
1.78E-06,0.72,1.78E-06,440
1.78E-06,0.72,1.78E-06,440
1.78E-06,0.72,1.78E-06,440
1.78E-06,0.72,1.78E-06,440
1.78E-06,0.72,1.78E-06,436
1.79E-06,0.72,1.79E-06,440
1.79E-06,0.72,1.79E-06,436
1.79E-06,0.72,1.79E-06,436
1.79E-06,0.72,1.79E-06,440
1.79E-06,0.72,1.79E-06,440
1.79E-06,0.72,1.79E-06,436
1.79E-06,0.72,1.79E-06,436
1.79E-06,0.72,1.79E-06,440
1.79E-06,0.72,1.79E-06,440
1.79E-06,0.72,1.79E-06,436
1.80E-06,0.72,1.80E-06,436
1.80E-06,0.72,1.80E-06,440
1.80E-06,0.72,1.80E-06,440
1.80E-06,0.72,1.80E-06,440
1.80E-06,0.72,1.80E-06,440
1.80E-06,0.72,1.80E-06,440
1.80E-06,0.72,1.80E-06,440
1.80E-06,0.72,1.80E-06,440
1.80E-06,0.72,1.80E-06,440
1.80E-06,0.72,1.80E-06,436
1.81E-06,0.72,1.81E-06,436
1.81E-06,0.72,1.81E-06,436
1.81E-06,0.72,1.81E-06,440
1.81E-06,0.72,1.81E-06,440
1.81E-06,0.72,1.81E-06,436
1.81E-06,0.72,1.81E-06,440
1.81E-06,0.72,1.81E-06,440
1.81E-06,0.72,1.81E-06,440
1.81E-06,0.72,1.81E-06,440
1.81E-06,0.72,1.81E-06,440
1.82E-06,0.72,1.82E-06,440
1.82E-06,0.72,1.82E-06,436
1.82E-06,0.72,1.82E-06,436
1.82E-06,0.72,1.82E-06,440
1.82E-06,0.72,1.82E-06,436
1.82E-06,0.72,1.82E-06,440
1.82E-06,0.72,1.82E-06,440
1.82E-06,0.72,1.82E-06,440
1.82E-06,0.72,1.82E-06,440
1.82E-06,0.72,1.82E-06,440
1.83E-06,0.72,1.83E-06,440
1.83E-06,0.72,1.83E-06,440
1.83E-06,0.72,1.83E-06,440
1.83E-06,0.72,1.83E-06,440
1.83E-06,0.72,1.83E-06,440
1.83E-06,0.72,1.83E-06,440
1.83E-06,0.72,1.83E-06,436
1.83E-06,0.72,1.83E-06,440
1.83E-06,0.72,1.83E-06,436
1.83E-06,0.72,1.83E-06,436
1.84E-06,0.72,1.84E-06,440
1.84E-06,0.72,1.84E-06,436
1.84E-06,0.72,1.84E-06,436
1.84E-06,0.72,1.84E-06,440
1.84E-06,0.72,1.84E-06,436
1.84E-06,0.72,1.84E-06,440
1.84E-06,0.72,1.84E-06,440
1.84E-06,0.72,1.84E-06,440
1.84E-06,0.72,1.84E-06,440
1.84E-06,0.72,1.84E-06,440
1.85E-06,0.72,1.85E-06,440
1.85E-06,0.72,1.85E-06,440
1.85E-06,0.72,1.85E-06,440
1.85E-06,0.72,1.85E-06,440
1.85E-06,0.72,1.85E-06,440
1.85E-06,0.72,1.85E-06,440
1.85E-06,0.72,1.85E-06,440
1.85E-06,0.72,1.85E-06,436
1.85E-06,0.72,1.85E-06,440
1.85E-06,0.72,1.85E-06,440
1.86E-06,0.72,1.86E-06,440
1.86E-06,0.72,1.86E-06,440
1.86E-06,0.72,1.86E-06,440
1.86E-06,0.72,1.86E-06,440
1.86E-06,0.72,1.86E-06,440
1.86E-06,0.72,1.86E-06,440
1.86E-06,0.72,1.86E-06,440
1.86E-06,0.72,1.86E-06,436
1.86E-06,0.72,1.86E-06,440
1.86E-06,0.72,1.86E-06,436
1.87E-06,0.72,1.87E-06,440
1.87E-06,0.72,1.87E-06,436
1.87E-06,0.64,1.87E-06,440
1.87E-06,0.72,1.87E-06,440
1.87E-06,0.72,1.87E-06,440
1.87E-06,0.72,1.87E-06,440
1.87E-06,0.72,1.87E-06,440
1.87E-06,0.72,1.87E-06,440
1.87E-06,0.72,1.87E-06,440
1.87E-06,0.72,1.87E-06,436
1.88E-06,0.72,1.88E-06,436
1.88E-06,0.72,1.88E-06,436
1.88E-06,0.64,1.88E-06,436
1.88E-06,0.64,1.88E-06,440
1.88E-06,0.64,1.88E-06,436
1.88E-06,0.72,1.88E-06,436
1.88E-06,0.64,1.88E-06,440
1.88E-06,0.72,1.88E-06,440
1.88E-06,0.72,1.88E-06,440
1.88E-06,0.72,1.88E-06,436
1.89E-06,0.64,1.89E-06,440
1.89E-06,0.72,1.89E-06,440
1.89E-06,0.72,1.89E-06,436
1.89E-06,0.72,1.89E-06,436
1.89E-06,0.64,1.89E-06,440
1.89E-06,0.72,1.89E-06,440
1.89E-06,0.72,1.89E-06,440
1.89E-06,0.72,1.89E-06,440
1.89E-06,0.72,1.89E-06,440
1.89E-06,0.72,1.89E-06,440
1.90E-06,0.72,1.90E-06,440
1.90E-06,0.72,1.90E-06,440
1.90E-06,0.72,1.90E-06,440
1.90E-06,0.72,1.90E-06,440
1.90E-06,0.72,1.90E-06,440
1.90E-06,0.72,1.90E-06,440
1.90E-06,0.72,1.90E-06,440
1.90E-06,0.72,1.90E-06,440
1.90E-06,0.64,1.90E-06,440
1.90E-06,0.72,1.90E-06,440
1.91E-06,0.72,1.91E-06,440
1.91E-06,0.72,1.91E-06,436
1.91E-06,0.72,1.91E-06,440
1.91E-06,0.72,1.91E-06,436
1.91E-06,0.72,1.91E-06,440
1.91E-06,0.72,1.91E-06,440
1.91E-06,0.72,1.91E-06,440
1.91E-06,0.72,1.91E-06,440
1.91E-06,0.64,1.91E-06,440
1.91E-06,0.72,1.91E-06,440
1.92E-06,0.72,1.92E-06,436
1.92E-06,0.72,1.92E-06,436
1.92E-06,0.72,1.92E-06,440
1.92E-06,0.72,1.92E-06,440
1.92E-06,0.72,1.92E-06,440
1.92E-06,0.72,1.92E-06,440
1.92E-06,0.72,1.92E-06,440
1.92E-06,0.72,1.92E-06,440
1.92E-06,0.72,1.92E-06,440
1.92E-06,0.72,1.92E-06,440
1.93E-06,0.72,1.93E-06,440
1.93E-06,0.72,1.93E-06,440
1.93E-06,0.64,1.93E-06,440
1.93E-06,0.72,1.93E-06,440
1.93E-06,0.72,1.93E-06,440
1.93E-06,0.72,1.93E-06,440
1.93E-06,0.72,1.93E-06,440
1.93E-06,0.72,1.93E-06,440
1.93E-06,0.72,1.93E-06,440
1.93E-06,0.72,1.93E-06,440
1.94E-06,0.72,1.94E-06,440
1.94E-06,0.72,1.94E-06,440
1.94E-06,0.72,1.94E-06,440
1.94E-06,0.72,1.94E-06,440
1.94E-06,0.72,1.94E-06,440
1.94E-06,0.72,1.94E-06,440
1.94E-06,0.72,1.94E-06,440
1.94E-06,0.72,1.94E-06,440
1.94E-06,0.72,1.94E-06,440
1.94E-06,0.72,1.94E-06,440
1.95E-06,0.72,1.95E-06,440
1.95E-06,0.72,1.95E-06,440
1.95E-06,0.72,1.95E-06,440
1.95E-06,0.72,1.95E-06,440
1.95E-06,0.72,1.95E-06,440
1.95E-06,0.72,1.95E-06,440
1.95E-06,0.72,1.95E-06,440
1.95E-06,0.72,1.95E-06,440
1.95E-06,0.72,1.95E-06,440
1.95E-06,0.72,1.95E-06,440
1.96E-06,0.72,1.96E-06,440
1.96E-06,0.72,1.96E-06,440
1.96E-06,0.72,1.96E-06,440
1.96E-06,0.72,1.96E-06,440
1.96E-06,0.72,1.96E-06,440
1.96E-06,0.72,1.96E-06,440
1.96E-06,0.72,1.96E-06,440
1.96E-06,0.72,1.96E-06,440
1.96E-06,0.72,1.96E-06,440
1.96E-06,0.72,1.96E-06,440
1.97E-06,0.72,1.97E-06,440
1.97E-06,0.72,1.97E-06,440
1.97E-06,0.72,1.97E-06,440
1.97E-06,0.72,1.97E-06,440
1.97E-06,0.72,1.97E-06,440
1.97E-06,0.72,1.97E-06,440
1.97E-06,0.72,1.97E-06,440
1.97E-06,0.72,1.97E-06,440
1.97E-06,0.72,1.97E-06,440
1.97E-06,0.72,1.97E-06,440
1.98E-06,0.72,1.98E-06,440
1.98E-06,0.72,1.98E-06,440
1.98E-06,0.72,1.98E-06,440
1.98E-06,0.72,1.98E-06,440
1.98E-06,0.72,1.98E-06,440
1.98E-06,0.72,1.98E-06,440
1.98E-06,0.72,1.98E-06,440
1.98E-06,0.72,1.98E-06,440
1.98E-06,0.72,1.98E-06,440
1.98E-06,0.72,1.98E-06,440
1.99E-06,0.72,1.99E-06,440
1.99E-06,0.72,1.99E-06,440
1.99E-06,0.72,1.99E-06,440
1.99E-06,0.72,1.99E-06,440
1.99E-06,0.72,1.99E-06,440
1.99E-06,0.72,1.99E-06,440
1.99E-06,0.72,1.99E-06,440
1.99E-06,0.72,1.99E-06,440
1.99E-06,0.72,1.99E-06,440
1.99E-06,0.72,1.99E-06,440
2.00E-06,0.72,2.00E-06,440
2.00E-06,0.72,2.00E-06,440
2.00E-06,0.72,2.00E-06,440
2.00E-06,0.72,2.00E-06,440
2.00E-06,0.72,2.00E-06,440
2.00E-06,0.72,2.00E-06,440
2.00E-06,0.72,2.00E-06,440
2.00E-06,0.72,2.00E-06,440
2.00E-06,0.72,2.00E-06,440
2.00E-06,0.72,2.00E-06,440
2.01E-06,0.72,2.01E-06,440
2.01E-06,0.72,2.01E-06,440
2.01E-06,0.72,2.01E-06,440
2.01E-06,0.72,2.01E-06,440
2.01E-06,0.72,2.01E-06,440
2.01E-06,0.72,2.01E-06,440
2.01E-06,0.72,2.01E-06,440
2.01E-06,0.72,2.01E-06,440
2.01E-06,0.72,2.01E-06,440
2.01E-06,0.72,2.01E-06,440
2.02E-06,0.72,2.02E-06,440
2.02E-06,0.72,2.02E-06,440
2.02E-06,0.72,2.02E-06,440
2.02E-06,0.72,2.02E-06,440
2.02E-06,0.72,2.02E-06,440
2.02E-06,0.64,2.02E-06,440
2.02E-06,0.72,2.02E-06,440
2.02E-06,0.72,2.02E-06,444
2.02E-06,0.72,2.02E-06,440
2.02E-06,0.72,2.02E-06,440
2.03E-06,0.72,2.03E-06,440
2.03E-06,0.72,2.03E-06,440
2.03E-06,0.72,2.03E-06,440
2.03E-06,0.72,2.03E-06,440
2.03E-06,0.72,2.03E-06,440
2.03E-06,0.72,2.03E-06,440
2.03E-06,0.72,2.03E-06,444
2.03E-06,0.72,2.03E-06,440
2.03E-06,0.72,2.03E-06,440
2.03E-06,0.72,2.03E-06,440
2.04E-06,0.72,2.04E-06,440
2.04E-06,0.72,2.04E-06,440
2.04E-06,0.72,2.04E-06,440
2.04E-06,0.72,2.04E-06,440
2.04E-06,0.72,2.04E-06,440
2.04E-06,0.72,2.04E-06,440
2.04E-06,0.72,2.04E-06,440
2.04E-06,0.72,2.04E-06,440
2.04E-06,0.72,2.04E-06,440
2.04E-06,0.72,2.04E-06,440
2.05E-06,0.72,2.05E-06,440
2.05E-06,0.72,2.05E-06,440
2.05E-06,0.72,2.05E-06,440
2.05E-06,0.72,2.05E-06,440
2.05E-06,0.72,2.05E-06,440
2.05E-06,0.72,2.05E-06,440
2.05E-06,0.64,2.05E-06,440
2.05E-06,0.72,2.05E-06,440
2.05E-06,0.72,2.05E-06,440
2.05E-06,0.72,2.05E-06,440
2.06E-06,0.72,2.06E-06,440
2.06E-06,0.72,2.06E-06,440
2.06E-06,0.72,2.06E-06,440
2.06E-06,0.72,2.06E-06,440
2.06E-06,0.72,2.06E-06,440
2.06E-06,0.72,2.06E-06,440
2.06E-06,0.72,2.06E-06,440
2.06E-06,0.72,2.06E-06,440
2.06E-06,0.72,2.06E-06,440
2.06E-06,0.72,2.06E-06,440
2.07E-06,0.72,2.07E-06,440
2.07E-06,0.72,2.07E-06,440
2.07E-06,0.72,2.07E-06,440
2.07E-06,0.72,2.07E-06,440
2.07E-06,0.72,2.07E-06,440
2.07E-06,0.64,2.07E-06,440
2.07E-06,0.64,2.07E-06,440
2.07E-06,0.72,2.07E-06,440
2.07E-06,0.64,2.07E-06,440
2.07E-06,0.64,2.07E-06,440
2.08E-06,0.72,2.08E-06,440
2.08E-06,0.72,2.08E-06,440
2.08E-06,0.72,2.08E-06,440
2.08E-06,0.72,2.08E-06,440
2.08E-06,0.72,2.08E-06,440
2.08E-06,0.72,2.08E-06,440
2.08E-06,0.72,2.08E-06,440
2.08E-06,0.72,2.08E-06,440
2.08E-06,0.72,2.08E-06,440
2.08E-06,0.72,2.08E-06,440
2.09E-06,0.72,2.09E-06,440
2.09E-06,0.72,2.09E-06,440
2.09E-06,0.72,2.09E-06,440
2.09E-06,0.72,2.09E-06,440
2.09E-06,0.64,2.09E-06,440
2.09E-06,0.72,2.09E-06,440
2.09E-06,0.64,2.09E-06,440
2.09E-06,0.72,2.09E-06,440
2.09E-06,0.72,2.09E-06,440
2.09E-06,0.72,2.09E-06,440
2.10E-06,0.72,2.10E-06,440
2.10E-06,0.72,2.10E-06,440
2.10E-06,0.72,2.10E-06,440
2.10E-06,0.72,2.10E-06,440
2.10E-06,0.72,2.10E-06,440
2.10E-06,0.72,2.10E-06,440
2.10E-06,0.72,2.10E-06,440
2.10E-06,0.72,2.10E-06,440
2.10E-06,0.72,2.10E-06,440
2.10E-06,0.72,2.10E-06,440
2.11E-06,0.72,2.11E-06,440
2.11E-06,0.72,2.11E-06,440
2.11E-06,0.72,2.11E-06,440
2.11E-06,0.72,2.11E-06,440
2.11E-06,0.72,2.11E-06,440
2.11E-06,0.64,2.11E-06,440
2.11E-06,0.72,2.11E-06,440
2.11E-06,0.64,2.11E-06,440
2.11E-06,0.72,2.11E-06,440
2.11E-06,0.72,2.11E-06,440
2.12E-06,0.72,2.12E-06,440
2.12E-06,0.72,2.12E-06,440
2.12E-06,0.72,2.12E-06,440
2.12E-06,0.72,2.12E-06,440
2.12E-06,0.64,2.12E-06,440
2.12E-06,0.72,2.12E-06,440
2.12E-06,0.72,2.12E-06,440
2.12E-06,0.64,2.12E-06,440
2.12E-06,0.72,2.12E-06,440
2.12E-06,0.72,2.12E-06,440
2.13E-06,0.72,2.13E-06,440
2.13E-06,0.72,2.13E-06,440
2.13E-06,0.72,2.13E-06,440
2.13E-06,0.72,2.13E-06,440
2.13E-06,0.72,2.13E-06,440
2.13E-06,0.72,2.13E-06,444
2.13E-06,0.72,2.13E-06,440
2.13E-06,0.72,2.13E-06,440
2.13E-06,0.64,2.13E-06,440
2.13E-06,0.72,2.13E-06,440
2.14E-06,0.64,2.14E-06,440
2.14E-06,0.64,2.14E-06,440
2.14E-06,0.72,2.14E-06,440
2.14E-06,0.72,2.14E-06,440
2.14E-06,0.64,2.14E-06,440
2.14E-06,0.72,2.14E-06,440
2.14E-06,0.64,2.14E-06,440
2.14E-06,0.72,2.14E-06,440
2.14E-06,0.72,2.14E-06,440
2.14E-06,0.64,2.14E-06,440
2.15E-06,0.64,2.15E-06,440
2.15E-06,0.64,2.15E-06,440
2.15E-06,0.72,2.15E-06,440
2.15E-06,0.72,2.15E-06,440
2.15E-06,0.64,2.15E-06,440
2.15E-06,0.72,2.15E-06,440
2.15E-06,0.64,2.15E-06,440
2.15E-06,0.72,2.15E-06,440
2.15E-06,0.64,2.15E-06,440
2.15E-06,0.72,2.15E-06,440
2.16E-06,0.64,2.16E-06,440
2.16E-06,0.72,2.16E-06,440
2.16E-06,0.72,2.16E-06,440
2.16E-06,0.64,2.16E-06,440
2.16E-06,0.72,2.16E-06,440
2.16E-06,0.72,2.16E-06,440
2.16E-06,0.64,2.16E-06,440
2.16E-06,0.72,2.16E-06,440
2.16E-06,0.64,2.16E-06,440
2.16E-06,0.72,2.16E-06,440
2.17E-06,0.72,2.17E-06,440
2.17E-06,0.64,2.17E-06,440
2.17E-06,0.72,2.17E-06,440
2.17E-06,0.64,2.17E-06,440
2.17E-06,0.72,2.17E-06,440
2.17E-06,0.72,2.17E-06,440
2.17E-06,0.64,2.17E-06,440
2.17E-06,0.72,2.17E-06,440
2.17E-06,0.72,2.17E-06,440
2.17E-06,0.72,2.17E-06,440
2.18E-06,0.64,2.18E-06,440
2.18E-06,0.72,2.18E-06,440
2.18E-06,0.64,2.18E-06,440
2.18E-06,0.64,2.18E-06,440
2.18E-06,0.72,2.18E-06,440
2.18E-06,0.64,2.18E-06,440
2.18E-06,0.72,2.18E-06,444
2.18E-06,0.72,2.18E-06,440
2.18E-06,0.64,2.18E-06,440
2.18E-06,0.64,2.18E-06,440
2.19E-06,0.72,2.19E-06,440
2.19E-06,0.72,2.19E-06,440
2.19E-06,0.72,2.19E-06,440
2.19E-06,0.72,2.19E-06,440
2.19E-06,0.64,2.19E-06,444
2.19E-06,0.72,2.19E-06,444
2.19E-06,0.64,2.19E-06,440
2.19E-06,0.64,2.19E-06,440
2.19E-06,0.72,2.19E-06,440
2.19E-06,0.64,2.19E-06,440
2.20E-06,0.72,2.20E-06,444
2.20E-06,0.64,2.20E-06,440
2.20E-06,0.64,2.20E-06,440
2.20E-06,0.64,2.20E-06,440
2.20E-06,0.72,2.20E-06,440
2.20E-06,0.64,2.20E-06,440
2.20E-06,0.72,2.20E-06,440
2.20E-06,0.64,2.20E-06,440
2.20E-06,0.72,2.20E-06,440
2.20E-06,0.72,2.20E-06,440
2.21E-06,0.72,2.21E-06,440
2.21E-06,0.64,2.21E-06,440
2.21E-06,0.72,2.21E-06,440
2.21E-06,0.72,2.21E-06,440
2.21E-06,0.72,2.21E-06,440
2.21E-06,0.64,2.21E-06,440
2.21E-06,0.72,2.21E-06,440
2.21E-06,0.64,2.21E-06,440
2.21E-06,0.72,2.21E-06,444
2.21E-06,0.64,2.21E-06,440
2.22E-06,0.64,2.22E-06,440
2.22E-06,0.64,2.22E-06,440
2.22E-06,0.64,2.22E-06,440
2.22E-06,0.72,2.22E-06,440
2.22E-06,0.64,2.22E-06,440
2.22E-06,0.72,2.22E-06,440
2.22E-06,0.64,2.22E-06,440
2.22E-06,0.72,2.22E-06,440
2.22E-06,0.64,2.22E-06,440
2.22E-06,0.72,2.22E-06,440
2.23E-06,0.72,2.23E-06,440
2.23E-06,0.64,2.23E-06,440
2.23E-06,0.72,2.23E-06,440
2.23E-06,0.72,2.23E-06,440
2.23E-06,0.64,2.23E-06,440
2.23E-06,0.72,2.23E-06,440
2.23E-06,0.72,2.23E-06,440
2.23E-06,0.72,2.23E-06,440
2.23E-06,0.72,2.23E-06,440
2.23E-06,0.72,2.23E-06,440
2.24E-06,0.64,2.24E-06,440
2.24E-06,0.72,2.24E-06,444
2.24E-06,0.72,2.24E-06,440
2.24E-06,0.72,2.24E-06,440
2.24E-06,0.64,2.24E-06,440
2.24E-06,0.64,2.24E-06,440
2.24E-06,0.72,2.24E-06,440
2.24E-06,0.72,2.24E-06,440
2.24E-06,0.72,2.24E-06,440
2.24E-06,0.64,2.24E-06,440
2.25E-06,0.64,2.25E-06,440
2.25E-06,0.64,2.25E-06,440
2.25E-06,0.64,2.25E-06,440
2.25E-06,0.72,2.25E-06,440
2.25E-06,0.72,2.25E-06,440
2.25E-06,0.64,2.25E-06,440
2.25E-06,0.72,2.25E-06,440
2.25E-06,0.64,2.25E-06,440
2.25E-06,0.72,2.25E-06,440
2.25E-06,0.72,2.25E-06,440
2.26E-06,0.64,2.26E-06,440
2.26E-06,0.72,2.26E-06,440
2.26E-06,0.64,2.26E-06,440
2.26E-06,0.72,2.26E-06,440
2.26E-06,0.64,2.26E-06,440
2.26E-06,0.72,2.26E-06,440
2.26E-06,0.64,2.26E-06,440
2.26E-06,0.72,2.26E-06,440
2.26E-06,0.64,2.26E-06,440
2.26E-06,0.72,2.26E-06,440
2.27E-06,0.64,2.27E-06,440
2.27E-06,0.72,2.27E-06,440
2.27E-06,0.64,2.27E-06,440
2.27E-06,0.72,2.27E-06,440
2.27E-06,0.72,2.27E-06,440
2.27E-06,0.72,2.27E-06,440
2.27E-06,0.64,2.27E-06,440
2.27E-06,0.72,2.27E-06,440
2.27E-06,0.72,2.27E-06,440
2.27E-06,0.72,2.27E-06,440
2.28E-06,0.64,2.28E-06,440
2.28E-06,0.72,2.28E-06,440
2.28E-06,0.72,2.28E-06,444
2.28E-06,0.72,2.28E-06,440
2.28E-06,0.64,2.28E-06,440
2.28E-06,0.72,2.28E-06,444
2.28E-06,0.64,2.28E-06,440
2.28E-06,0.72,2.28E-06,440
2.28E-06,0.72,2.28E-06,440
2.28E-06,0.72,2.28E-06,440
2.29E-06,0.72,2.29E-06,440
2.29E-06,0.72,2.29E-06,440
2.29E-06,0.64,2.29E-06,440
2.29E-06,0.72,2.29E-06,440
2.29E-06,0.64,2.29E-06,440
2.29E-06,0.72,2.29E-06,440
2.29E-06,0.64,2.29E-06,440
2.29E-06,0.64,2.29E-06,440
2.29E-06,0.72,2.29E-06,440
2.29E-06,0.72,2.29E-06,440
2.30E-06,0.64,2.30E-06,440
2.30E-06,0.72,2.30E-06,440
2.30E-06,0.72,2.30E-06,440
2.30E-06,0.72,2.30E-06,440
2.30E-06,0.72,2.30E-06,440
2.30E-06,0.72,2.30E-06,440
2.30E-06,0.72,2.30E-06,440
2.30E-06,0.72,2.30E-06,440
2.30E-06,0.72,2.30E-06,440
2.30E-06,0.72,2.30E-06,440
2.31E-06,0.64,2.31E-06,440
2.31E-06,0.72,2.31E-06,440
2.31E-06,0.64,2.31E-06,440
2.31E-06,0.64,2.31E-06,440
2.31E-06,0.64,2.31E-06,440
2.31E-06,0.64,2.31E-06,440
2.31E-06,0.72,2.31E-06,440
2.31E-06,0.72,2.31E-06,440
2.31E-06,0.72,2.31E-06,440
2.31E-06,0.72,2.31E-06,440
2.32E-06,0.72,2.32E-06,440
2.32E-06,0.64,2.32E-06,440
2.32E-06,0.72,2.32E-06,440
2.32E-06,0.72,2.32E-06,440
2.32E-06,0.72,2.32E-06,440
2.32E-06,0.72,2.32E-06,440
2.32E-06,0.72,2.32E-06,440
2.32E-06,0.72,2.32E-06,440
2.32E-06,0.64,2.32E-06,440
2.32E-06,0.64,2.32E-06,440
2.33E-06,0.64,2.33E-06,440
2.33E-06,0.64,2.33E-06,440
2.33E-06,0.64,2.33E-06,440
2.33E-06,0.64,2.33E-06,440
2.33E-06,0.64,2.33E-06,440
2.33E-06,0.72,2.33E-06,440
2.33E-06,0.64,2.33E-06,440
2.33E-06,0.72,2.33E-06,440
2.33E-06,0.72,2.33E-06,444
2.33E-06,0.64,2.33E-06,440
2.34E-06,0.64,2.34E-06,440
2.34E-06,0.64,2.34E-06,440
2.34E-06,0.64,2.34E-06,440
2.34E-06,0.64,2.34E-06,440
2.34E-06,0.64,2.34E-06,440
2.34E-06,0.64,2.34E-06,440
2.34E-06,0.64,2.34E-06,440
2.34E-06,0.64,2.34E-06,440
2.34E-06,0.64,2.34E-06,440
2.34E-06,0.72,2.34E-06,440
2.35E-06,0.72,2.35E-06,440
2.35E-06,0.64,2.35E-06,440
2.35E-06,0.72,2.35E-06,440
2.35E-06,0.72,2.35E-06,440
2.35E-06,0.72,2.35E-06,440
2.35E-06,0.72,2.35E-06,440
2.35E-06,0.72,2.35E-06,440
2.35E-06,0.72,2.35E-06,440
2.35E-06,0.72,2.35E-06,440
2.35E-06,0.72,2.35E-06,440
2.36E-06,0.72,2.36E-06,440
2.36E-06,0.72,2.36E-06,440
2.36E-06,0.72,2.36E-06,440
2.36E-06,0.72,2.36E-06,444
2.36E-06,0.72,2.36E-06,440
2.36E-06,0.72,2.36E-06,440
2.36E-06,0.64,2.36E-06,440
2.36E-06,0.72,2.36E-06,440
2.36E-06,0.72,2.36E-06,440
2.36E-06,0.72,2.36E-06,440
2.37E-06,0.72,2.37E-06,440
2.37E-06,0.72,2.37E-06,440
2.37E-06,0.72,2.37E-06,440
2.37E-06,0.72,2.37E-06,440
2.37E-06,0.72,2.37E-06,440
2.37E-06,0.72,2.37E-06,440
2.37E-06,0.72,2.37E-06,440
2.37E-06,0.72,2.37E-06,440
2.37E-06,0.72,2.37E-06,440
2.37E-06,0.72,2.37E-06,440
2.38E-06,0.72,2.38E-06,440
2.38E-06,0.72,2.38E-06,440
2.38E-06,0.64,2.38E-06,440
2.38E-06,0.72,2.38E-06,440
2.38E-06,0.72,2.38E-06,440
2.38E-06,0.72,2.38E-06,440
2.38E-06,0.72,2.38E-06,440
2.38E-06,0.72,2.38E-06,440
2.38E-06,0.72,2.38E-06,440
2.38E-06,0.72,2.38E-06,440
2.39E-06,0.72,2.39E-06,440
2.39E-06,0.72,2.39E-06,440
2.39E-06,0.72,2.39E-06,440
2.39E-06,0.72,2.39E-06,440
2.39E-06,0.72,2.39E-06,440
2.39E-06,0.72,2.39E-06,440
2.39E-06,0.72,2.39E-06,440
2.39E-06,0.72,2.39E-06,440
2.39E-06,0.72,2.39E-06,440
2.39E-06,0.72,2.39E-06,440
2.40E-06,0.72,2.40E-06,440
2.40E-06,0.72,2.40E-06,440
2.40E-06,0.72,2.40E-06,440
2.40E-06,0.72,2.40E-06,440
2.40E-06,0.72,2.40E-06,440
2.40E-06,0.72,2.40E-06,440
2.40E-06,0.72,2.40E-06,440
2.40E-06,0.72,2.40E-06,440
2.40E-06,0.72,2.40E-06,440
2.40E-06,0.72,2.40E-06,440
2.41E-06,0.72,2.41E-06,440
2.41E-06,0.72,2.41E-06,440
2.41E-06,0.72,2.41E-06,440
2.41E-06,0.72,2.41E-06,440
2.41E-06,0.72,2.41E-06,440
2.41E-06,0.72,2.41E-06,440
2.41E-06,0.72,2.41E-06,440
2.41E-06,0.72,2.41E-06,440
2.41E-06,0.72,2.41E-06,440
2.41E-06,0.72,2.41E-06,440
2.42E-06,0.72,2.42E-06,440
2.42E-06,0.72,2.42E-06,440
2.42E-06,0.72,2.42E-06,440
2.42E-06,0.72,2.42E-06,440
2.42E-06,0.72,2.42E-06,440
2.42E-06,0.72,2.42E-06,440
2.42E-06,0.72,2.42E-06,440
2.42E-06,0.72,2.42E-06,440
2.42E-06,0.72,2.42E-06,440
2.42E-06,0.72,2.42E-06,440
2.43E-06,0.72,2.43E-06,440
2.43E-06,0.72,2.43E-06,440
2.43E-06,0.72,2.43E-06,440
2.43E-06,0.72,2.43E-06,440
2.43E-06,0.72,2.43E-06,440
2.43E-06,0.72,2.43E-06,440
2.43E-06,0.72,2.43E-06,440
2.43E-06,0.72,2.43E-06,440
2.43E-06,0.72,2.43E-06,440
2.43E-06,0.72,2.43E-06,440
2.44E-06,0.72,2.44E-06,440
2.44E-06,0.72,2.44E-06,440
2.44E-06,0.72,2.44E-06,440
2.44E-06,0.72,2.44E-06,440
2.44E-06,0.72,2.44E-06,440
2.44E-06,0.72,2.44E-06,440
2.44E-06,0.72,2.44E-06,440
2.44E-06,0.72,2.44E-06,440
2.44E-06,0.72,2.44E-06,440
2.44E-06,0.72,2.44E-06,440
2.45E-06,0.72,2.45E-06,440
2.45E-06,0.72,2.45E-06,440
2.45E-06,0.72,2.45E-06,440
2.45E-06,0.72,2.45E-06,440
2.45E-06,0.72,2.45E-06,440
2.45E-06,0.72,2.45E-06,440
2.45E-06,0.72,2.45E-06,444
2.45E-06,0.72,2.45E-06,440
2.45E-06,0.72,2.45E-06,444
2.45E-06,0.72,2.45E-06,440
2.46E-06,0.72,2.46E-06,440
2.46E-06,0.72,2.46E-06,440
2.46E-06,0.72,2.46E-06,440
2.46E-06,0.72,2.46E-06,440
2.46E-06,0.72,2.46E-06,440
2.46E-06,0.72,2.46E-06,440
2.46E-06,0.72,2.46E-06,440
2.46E-06,0.72,2.46E-06,440
2.46E-06,0.72,2.46E-06,440
2.46E-06,0.72,2.46E-06,440
2.47E-06,0.72,2.47E-06,440
2.47E-06,0.72,2.47E-06,440
2.47E-06,0.72,2.47E-06,440
2.47E-06,0.72,2.47E-06,440
2.47E-06,0.72,2.47E-06,440
2.47E-06,0.72,2.47E-06,440
2.47E-06,0.72,2.47E-06,440
2.47E-06,0.72,2.47E-06,440
2.47E-06,0.72,2.47E-06,440
2.47E-06,0.72,2.47E-06,440
2.48E-06,0.72,2.48E-06,440
2.48E-06,0.72,2.48E-06,440
2.48E-06,0.72,2.48E-06,440
2.48E-06,0.72,2.48E-06,440
2.48E-06,0.72,2.48E-06,440
2.48E-06,0.72,2.48E-06,440
2.48E-06,0.72,2.48E-06,440
2.48E-06,0.72,2.48E-06,440
