Waveform Data,,Waveform Data,
-2.41E-06,0.72,-2.41E-06,4
-2.41E-06,0.72,-2.41E-06,4
-2.41E-06,0.72,-2.41E-06,4
-2.41E-06,0.72,-2.41E-06,4
-2.41E-06,0.72,-2.41E-06,4
-2.41E-06,0.72,-2.41E-06,4
-2.41E-06,0.72,-2.41E-06,4
-2.40E-06,0.72,-2.40E-06,4
-2.40E-06,0.72,-2.40E-06,4
-2.40E-06,0.72,-2.40E-06,4
-2.40E-06,0.72,-2.40E-06,4
-2.40E-06,0.72,-2.40E-06,4
-2.40E-06,0.72,-2.40E-06,4
-2.40E-06,0.72,-2.40E-06,4
-2.40E-06,0.72,-2.40E-06,4
-2.40E-06,0.72,-2.40E-06,4
-2.40E-06,0.72,-2.40E-06,8
-2.39E-06,0.72,-2.39E-06,4
-2.39E-06,0.72,-2.39E-06,4
-2.39E-06,0.72,-2.39E-06,4
-2.39E-06,0.72,-2.39E-06,8
-2.39E-06,0.72,-2.39E-06,4
-2.39E-06,0.72,-2.39E-06,8
-2.39E-06,0.72,-2.39E-06,4
-2.39E-06,0.72,-2.39E-06,8
-2.39E-06,0.72,-2.39E-06,4
-2.39E-06,0.72,-2.39E-06,4
-2.38E-06,0.72,-2.38E-06,4
-2.38E-06,0.72,-2.38E-06,4
-2.38E-06,0.72,-2.38E-06,4
-2.38E-06,0.72,-2.38E-06,8
-2.38E-06,0.72,-2.38E-06,4
-2.38E-06,0.72,-2.38E-06,8
-2.38E-06,0.72,-2.38E-06,4
-2.38E-06,0.72,-2.38E-06,4
-2.38E-06,0.72,-2.38E-06,4
-2.38E-06,0.64,-2.38E-06,4
-2.37E-06,0.72,-2.37E-06,4
-2.37E-06,0.72,-2.37E-06,4
-2.37E-06,0.72,-2.37E-06,4
-2.37E-06,0.72,-2.37E-06,4
-2.37E-06,0.72,-2.37E-06,4
-2.37E-06,0.72,-2.37E-06,4
-2.37E-06,0.72,-2.37E-06,4
-2.37E-06,0.72,-2.37E-06,4
-2.37E-06,0.72,-2.37E-06,4
-2.37E-06,0.72,-2.37E-06,4
-2.36E-06,0.72,-2.36E-06,4
-2.36E-06,0.72,-2.36E-06,4
-2.36E-06,0.72,-2.36E-06,4
-2.36E-06,0.72,-2.36E-06,4
-2.36E-06,0.72,-2.36E-06,4
-2.36E-06,0.72,-2.36E-06,8
-2.36E-06,0.72,-2.36E-06,4
-2.36E-06,0.72,-2.36E-06,4
-2.36E-06,0.72,-2.36E-06,4
-2.36E-06,0.72,-2.36E-06,4
-2.35E-06,0.72,-2.35E-06,4
-2.35E-06,0.72,-2.35E-06,8
-2.35E-06,0.72,-2.35E-06,4
-2.35E-06,0.72,-2.35E-06,8
-2.35E-06,0.72,-2.35E-06,4
-2.35E-06,0.72,-2.35E-06,8
-2.35E-06,0.72,-2.35E-06,4
-2.35E-06,0.72,-2.35E-06,4
-2.35E-06,0.72,-2.35E-06,4
-2.35E-06,0.72,-2.35E-06,8
-2.34E-06,0.72,-2.34E-06,4
-2.34E-06,0.72,-2.34E-06,4
-2.34E-06,0.72,-2.34E-06,4
-2.34E-06,0.72,-2.34E-06,4
-2.34E-06,0.72,-2.34E-06,4
-2.34E-06,0.72,-2.34E-06,4
-2.34E-06,0.72,-2.34E-06,4
-2.34E-06,0.72,-2.34E-06,4
-2.34E-06,0.72,-2.34E-06,4
-2.34E-06,0.72,-2.34E-06,4
-2.33E-06,0.72,-2.33E-06,4
-2.33E-06,0.72,-2.33E-06,4
-2.33E-06,0.72,-2.33E-06,4
-2.33E-06,0.72,-2.33E-06,4
-2.33E-06,0.72,-2.33E-06,4
-2.33E-06,0.72,-2.33E-06,4
-2.33E-06,0.72,-2.33E-06,4
-2.33E-06,0.72,-2.33E-06,4
-2.33E-06,0.72,-2.33E-06,4
-2.33E-06,0.72,-2.33E-06,4
-2.32E-06,0.72,-2.32E-06,4
-2.32E-06,0.72,-2.32E-06,8
-2.32E-06,0.72,-2.32E-06,4
-2.32E-06,0.72,-2.32E-06,4
-2.32E-06,0.72,-2.32E-06,4
-2.32E-06,0.72,-2.32E-06,4
-2.32E-06,0.72,-2.32E-06,4
-2.32E-06,0.72,-2.32E-06,4
-2.32E-06,0.72,-2.32E-06,4
-2.32E-06,0.72,-2.32E-06,4
-2.31E-06,0.72,-2.31E-06,4
-2.31E-06,0.72,-2.31E-06,4
-2.31E-06,0.72,-2.31E-06,4
-2.31E-06,0.72,-2.31E-06,4
-2.31E-06,0.72,-2.31E-06,4
-2.31E-06,0.72,-2.31E-06,4
-2.31E-06,0.72,-2.31E-06,4
-2.31E-06,0.72,-2.31E-06,4
-2.31E-06,0.72,-2.31E-06,4
-2.31E-06,0.72,-2.31E-06,4
-2.30E-06,0.72,-2.30E-06,4
-2.30E-06,0.72,-2.30E-06,4
-2.30E-06,0.72,-2.30E-06,4
-2.30E-06,0.72,-2.30E-06,4
-2.30E-06,0.72,-2.30E-06,4
-2.30E-06,0.72,-2.30E-06,4
-2.30E-06,0.72,-2.30E-06,4
-2.30E-06,0.72,-2.30E-06,4
-2.30E-06,0.72,-2.30E-06,4
-2.30E-06,0.72,-2.30E-06,4
-2.29E-06,0.72,-2.29E-06,4
-2.29E-06,0.72,-2.29E-06,4
-2.29E-06,0.72,-2.29E-06,4
-2.29E-06,0.72,-2.29E-06,4
-2.29E-06,0.72,-2.29E-06,4
-2.29E-06,0.72,-2.29E-06,8
-2.29E-06,0.72,-2.29E-06,4
-2.29E-06,0.72,-2.29E-06,4
-2.29E-06,0.72,-2.29E-06,4
-2.29E-06,0.72,-2.29E-06,4
-2.28E-06,0.72,-2.28E-06,4
-2.28E-06,0.72,-2.28E-06,4
-2.28E-06,0.72,-2.28E-06,4
-2.28E-06,0.72,-2.28E-06,4
-2.28E-06,0.72,-2.28E-06,4
-2.28E-06,0.72,-2.28E-06,4
-2.28E-06,0.72,-2.28E-06,4
-2.28E-06,0.72,-2.28E-06,4
-2.28E-06,0.72,-2.28E-06,4
-2.28E-06,0.72,-2.28E-06,8
-2.27E-06,0.72,-2.27E-06,4
-2.27E-06,0.72,-2.27E-06,4
-2.27E-06,0.72,-2.27E-06,4
-2.27E-06,0.72,-2.27E-06,4
-2.27E-06,0.72,-2.27E-06,4
-2.27E-06,0.72,-2.27E-06,4
-2.27E-06,0.72,-2.27E-06,4
-2.27E-06,0.72,-2.27E-06,4
-2.27E-06,0.72,-2.27E-06,4
-2.27E-06,0.72,-2.27E-06,4
-2.26E-06,0.72,-2.26E-06,4
-2.26E-06,0.72,-2.26E-06,4
-2.26E-06,0.72,-2.26E-06,4
-2.26E-06,0.72,-2.26E-06,4
-2.26E-06,0.72,-2.26E-06,4
-2.26E-06,0.72,-2.26E-06,4
-2.26E-06,0.72,-2.26E-06,4
-2.26E-06,0.72,-2.26E-06,4
-2.26E-06,0.72,-2.26E-06,4
-2.26E-06,0.72,-2.26E-06,4
-2.25E-06,0.72,-2.25E-06,4
-2.25E-06,0.72,-2.25E-06,4
-2.25E-06,0.72,-2.25E-06,4
-2.25E-06,0.64,-2.25E-06,4
-2.25E-06,0.72,-2.25E-06,4
-2.25E-06,0.72,-2.25E-06,4
-2.25E-06,0.72,-2.25E-06,4
-2.25E-06,0.72,-2.25E-06,4
-2.25E-06,0.72,-2.25E-06,4
-2.25E-06,0.72,-2.25E-06,4
-2.24E-06,0.72,-2.24E-06,4
-2.24E-06,0.72,-2.24E-06,4
-2.24E-06,0.72,-2.24E-06,4
-2.24E-06,0.72,-2.24E-06,4
-2.24E-06,0.72,-2.24E-06,4
-2.24E-06,0.72,-2.24E-06,4
-2.24E-06,0.72,-2.24E-06,4
-2.24E-06,0.72,-2.24E-06,4
-2.24E-06,0.72,-2.24E-06,4
-2.24E-06,0.72,-2.24E-06,4
-2.23E-06,0.72,-2.23E-06,4
-2.23E-06,0.72,-2.23E-06,4
-2.23E-06,0.72,-2.23E-06,4
-2.23E-06,0.72,-2.23E-06,4
-2.23E-06,0.72,-2.23E-06,4
-2.23E-06,0.72,-2.23E-06,4
-2.23E-06,0.64,-2.23E-06,4
-2.23E-06,0.72,-2.23E-06,4
-2.23E-06,0.72,-2.23E-06,4
-2.23E-06,0.72,-2.23E-06,4
-2.22E-06,0.72,-2.22E-06,4
-2.22E-06,0.72,-2.22E-06,4
-2.22E-06,0.72,-2.22E-06,4
-2.22E-06,0.72,-2.22E-06,8
-2.22E-06,0.72,-2.22E-06,4
-2.22E-06,0.72,-2.22E-06,4
-2.22E-06,0.72,-2.22E-06,4
-2.22E-06,0.72,-2.22E-06,4
-2.22E-06,0.72,-2.22E-06,4
-2.22E-06,0.72,-2.22E-06,4
-2.21E-06,0.72,-2.21E-06,4
-2.21E-06,0.72,-2.21E-06,4
-2.21E-06,0.72,-2.21E-06,4
-2.21E-06,0.72,-2.21E-06,4
-2.21E-06,0.72,-2.21E-06,4
-2.21E-06,0.72,-2.21E-06,4
-2.21E-06,0.72,-2.21E-06,4
-2.21E-06,0.72,-2.21E-06,4
-2.21E-06,0.72,-2.21E-06,4
-2.21E-06,0.72,-2.21E-06,8
-2.20E-06,0.72,-2.20E-06,4
-2.20E-06,0.72,-2.20E-06,4
-2.20E-06,0.72,-2.20E-06,4
-2.20E-06,0.72,-2.20E-06,4
-2.20E-06,0.72,-2.20E-06,4
-2.20E-06,0.64,-2.20E-06,4
-2.20E-06,0.72,-2.20E-06,4
-2.20E-06,0.72,-2.20E-06,4
-2.20E-06,0.72,-2.20E-06,4
-2.20E-06,0.72,-2.20E-06,4
-2.19E-06,0.72,-2.19E-06,4
-2.19E-06,0.72,-2.19E-06,4
-2.19E-06,0.72,-2.19E-06,4
-2.19E-06,0.72,-2.19E-06,4
-2.19E-06,0.72,-2.19E-06,4
-2.19E-06,0.72,-2.19E-06,4
-2.19E-06,0.72,-2.19E-06,4
-2.19E-06,0.72,-2.19E-06,4
-2.19E-06,0.72,-2.19E-06,4
-2.19E-06,0.72,-2.19E-06,4
-2.18E-06,0.72,-2.18E-06,4
-2.18E-06,0.72,-2.18E-06,4
-2.18E-06,0.72,-2.18E-06,4
-2.18E-06,0.72,-2.18E-06,4
-2.18E-06,0.72,-2.18E-06,4
-2.18E-06,0.72,-2.18E-06,4
-2.18E-06,0.72,-2.18E-06,4
-2.18E-06,0.72,-2.18E-06,4
-2.18E-06,0.72,-2.18E-06,4
-2.18E-06,0.72,-2.18E-06,8
-2.17E-06,0.72,-2.17E-06,4
-2.17E-06,0.72,-2.17E-06,4
-2.17E-06,0.72,-2.17E-06,4
-2.17E-06,0.72,-2.17E-06,4
-2.17E-06,0.72,-2.17E-06,4
-2.17E-06,0.72,-2.17E-06,4
-2.17E-06,0.72,-2.17E-06,4
-2.17E-06,0.72,-2.17E-06,4
-2.17E-06,0.72,-2.17E-06,4
-2.17E-06,0.72,-2.17E-06,4
-2.16E-06,0.72,-2.16E-06,4
-2.16E-06,0.64,-2.16E-06,4
-2.16E-06,0.72,-2.16E-06,4
-2.16E-06,0.72,-2.16E-06,8
-2.16E-06,0.72,-2.16E-06,4
-2.16E-06,0.72,-2.16E-06,8
-2.16E-06,0.72,-2.16E-06,4
-2.16E-06,0.72,-2.16E-06,8
-2.16E-06,0.72,-2.16E-06,4
-2.16E-06,0.72,-2.16E-06,4
-2.15E-06,0.72,-2.15E-06,4
-2.15E-06,0.72,-2.15E-06,4
-2.15E-06,0.72,-2.15E-06,4
-2.15E-06,0.64,-2.15E-06,4
-2.15E-06,0.72,-2.15E-06,4
-2.15E-06,0.72,-2.15E-06,8
-2.15E-06,0.72,-2.15E-06,4
-2.15E-06,0.72,-2.15E-06,4
-2.15E-06,0.72,-2.15E-06,4
-2.15E-06,0.72,-2.15E-06,4
-2.14E-06,0.72,-2.14E-06,4
-2.14E-06,0.72,-2.14E-06,4
-2.14E-06,0.72,-2.14E-06,4
-2.14E-06,0.72,-2.14E-06,4
-2.14E-06,0.72,-2.14E-06,4
-2.14E-06,0.72,-2.14E-06,4
-2.14E-06,0.72,-2.14E-06,4
-2.14E-06,0.72,-2.14E-06,8
-2.14E-06,0.72,-2.14E-06,4
-2.14E-06,0.72,-2.14E-06,8
-2.13E-06,0.72,-2.13E-06,4
-2.13E-06,0.72,-2.13E-06,4
-2.13E-06,0.72,-2.13E-06,4
-2.13E-06,0.72,-2.13E-06,4
-2.13E-06,0.72,-2.13E-06,4
-2.13E-06,0.72,-2.13E-06,4
-2.13E-06,0.72,-2.13E-06,4
-2.13E-06,0.72,-2.13E-06,4
-2.13E-06,0.72,-2.13E-06,4
-2.13E-06,0.72,-2.13E-06,4
-2.12E-06,0.72,-2.12E-06,4
-2.12E-06,0.72,-2.12E-06,4
-2.12E-06,0.72,-2.12E-06,4
-2.12E-06,0.72,-2.12E-06,4
-2.12E-06,0.72,-2.12E-06,4
-2.12E-06,0.72,-2.12E-06,4
-2.12E-06,0.72,-2.12E-06,4
-2.12E-06,0.72,-2.12E-06,4
-2.12E-06,0.72,-2.12E-06,4
-2.12E-06,0.72,-2.12E-06,4
-2.11E-06,0.72,-2.11E-06,4
-2.11E-06,0.72,-2.11E-06,4
-2.11E-06,0.72,-2.11E-06,0
-2.11E-06,0.72,-2.11E-06,4
-2.11E-06,0.72,-2.11E-06,4
-2.11E-06,0.72,-2.11E-06,4
-2.11E-06,0.72,-2.11E-06,4
-2.11E-06,0.72,-2.11E-06,4
-2.11E-06,0.72,-2.11E-06,4
-2.11E-06,0.72,-2.11E-06,4
-2.10E-06,0.72,-2.10E-06,4
-2.10E-06,0.72,-2.10E-06,8
-2.10E-06,0.72,-2.10E-06,4
-2.10E-06,0.72,-2.10E-06,4
-2.10E-06,0.72,-2.10E-06,4
-2.10E-06,0.72,-2.10E-06,8
-2.10E-06,0.72,-2.10E-06,4
-2.10E-06,0.72,-2.10E-06,4
-2.10E-06,0.72,-2.10E-06,4
-2.10E-06,0.72,-2.10E-06,4
-2.09E-06,0.72,-2.09E-06,4
-2.09E-06,0.72,-2.09E-06,8
-2.09E-06,0.72,-2.09E-06,4
-2.09E-06,0.72,-2.09E-06,4
-2.09E-06,0.72,-2.09E-06,4
-2.09E-06,0.72,-2.09E-06,4
-2.09E-06,0.72,-2.09E-06,4
-2.09E-06,0.64,-2.09E-06,4
-2.09E-06,0.72,-2.09E-06,4
-2.09E-06,0.72,-2.09E-06,4
-2.08E-06,0.72,-2.08E-06,4
-2.08E-06,0.72,-2.08E-06,4
-2.08E-06,0.72,-2.08E-06,4
-2.08E-06,0.72,-2.08E-06,4
-2.08E-06,0.72,-2.08E-06,4
-2.08E-06,0.72,-2.08E-06,4
-2.08E-06,0.72,-2.08E-06,4
-2.08E-06,0.72,-2.08E-06,4
-2.08E-06,0.72,-2.08E-06,4
-2.08E-06,0.72,-2.08E-06,4
-2.07E-06,0.72,-2.07E-06,4
-2.07E-06,0.72,-2.07E-06,4
-2.07E-06,0.72,-2.07E-06,4
-2.07E-06,0.72,-2.07E-06,4
-2.07E-06,0.72,-2.07E-06,4
-2.07E-06,0.72,-2.07E-06,4
-2.07E-06,0.72,-2.07E-06,4
-2.07E-06,0.72,-2.07E-06,4
-2.07E-06,0.72,-2.07E-06,4
-2.07E-06,0.64,-2.07E-06,4
-2.06E-06,0.72,-2.06E-06,4
-2.06E-06,0.72,-2.06E-06,4
-2.06E-06,0.72,-2.06E-06,4
-2.06E-06,0.72,-2.06E-06,4
-2.06E-06,0.72,-2.06E-06,4
-2.06E-06,0.72,-2.06E-06,4
-2.06E-06,0.72,-2.06E-06,4
-2.06E-06,0.72,-2.06E-06,4
-2.06E-06,0.72,-2.06E-06,4
-2.06E-06,0.72,-2.06E-06,4
-2.05E-06,0.72,-2.05E-06,4
-2.05E-06,0.72,-2.05E-06,4
-2.05E-06,0.72,-2.05E-06,4
-2.05E-06,0.72,-2.05E-06,4
-2.05E-06,0.72,-2.05E-06,4
-2.05E-06,0.72,-2.05E-06,4
-2.05E-06,0.72,-2.05E-06,4
-2.05E-06,0.72,-2.05E-06,4
-2.05E-06,0.72,-2.05E-06,4
-2.05E-06,0.72,-2.05E-06,4
-2.04E-06,0.72,-2.04E-06,4
-2.04E-06,0.72,-2.04E-06,4
-2.04E-06,0.72,-2.04E-06,4
-2.04E-06,0.72,-2.04E-06,4
-2.04E-06,0.72,-2.04E-06,4
-2.04E-06,0.72,-2.04E-06,4
-2.04E-06,0.72,-2.04E-06,4
-2.04E-06,0.72,-2.04E-06,4
-2.04E-06,0.72,-2.04E-06,4
-2.04E-06,0.72,-2.04E-06,4
-2.03E-06,0.72,-2.03E-06,4
-2.03E-06,0.72,-2.03E-06,4
-2.03E-06,0.72,-2.03E-06,4
-2.03E-06,0.72,-2.03E-06,4
-2.03E-06,0.72,-2.03E-06,4
-2.03E-06,0.72,-2.03E-06,4
-2.03E-06,0.72,-2.03E-06,4
-2.03E-06,0.72,-2.03E-06,4
-2.03E-06,0.72,-2.03E-06,4
-2.03E-06,0.72,-2.03E-06,4
-2.02E-06,0.72,-2.02E-06,4
-2.02E-06,0.72,-2.02E-06,4
-2.02E-06,0.72,-2.02E-06,4
-2.02E-06,0.72,-2.02E-06,4
-2.02E-06,0.72,-2.02E-06,4
-2.02E-06,0.72,-2.02E-06,4
-2.02E-06,0.72,-2.02E-06,4
-2.02E-06,0.72,-2.02E-06,4
-2.02E-06,0.72,-2.02E-06,4
-2.02E-06,0.72,-2.02E-06,4
-2.01E-06,0.72,-2.01E-06,4
-2.01E-06,0.72,-2.01E-06,4
-2.01E-06,0.72,-2.01E-06,4
-2.01E-06,0.64,-2.01E-06,4
-2.01E-06,0.72,-2.01E-06,4
-2.01E-06,0.72,-2.01E-06,4
-2.01E-06,0.72,-2.01E-06,4
-2.01E-06,0.72,-2.01E-06,4
-2.01E-06,0.72,-2.01E-06,4
-2.01E-06,0.72,-2.01E-06,4
-2.00E-06,0.72,-2.00E-06,4
-2.00E-06,0.72,-2.00E-06,4
-2.00E-06,0.72,-2.00E-06,4
-2.00E-06,0.72,-2.00E-06,8
-2.00E-06,0.72,-2.00E-06,4
-2.00E-06,0.72,-2.00E-06,4
-2.00E-06,0.72,-2.00E-06,4
-2.00E-06,0.72,-2.00E-06,4
-2.00E-06,0.72,-2.00E-06,4
-2.00E-06,0.72,-2.00E-06,4
-1.99E-06,0.72,-1.99E-06,4
-1.99E-06,0.72,-1.99E-06,4
-1.99E-06,0.72,-1.99E-06,4
-1.99E-06,0.72,-1.99E-06,4
-1.99E-06,0.72,-1.99E-06,4
-1.99E-06,0.72,-1.99E-06,4
-1.99E-06,0.72,-1.99E-06,4
-1.99E-06,0.72,-1.99E-06,4
-1.99E-06,0.72,-1.99E-06,4
-1.99E-06,0.72,-1.99E-06,4
-1.98E-06,0.72,-1.98E-06,4
-1.98E-06,0.72,-1.98E-06,4
-1.98E-06,0.72,-1.98E-06,4
-1.98E-06,0.72,-1.98E-06,4
-1.98E-06,0.72,-1.98E-06,4
-1.98E-06,0.72,-1.98E-06,4
-1.98E-06,0.72,-1.98E-06,4
-1.98E-06,0.72,-1.98E-06,4
-1.98E-06,0.72,-1.98E-06,4
-1.98E-06,0.72,-1.98E-06,4
-1.97E-06,0.72,-1.97E-06,4
-1.97E-06,0.72,-1.97E-06,4
-1.97E-06,0.72,-1.97E-06,4
-1.97E-06,0.64,-1.97E-06,8
-1.97E-06,0.72,-1.97E-06,4
-1.97E-06,0.72,-1.97E-06,4
-1.97E-06,0.72,-1.97E-06,4
-1.97E-06,0.72,-1.97E-06,4
-1.97E-06,0.72,-1.97E-06,4
-1.97E-06,0.72,-1.97E-06,4
-1.96E-06,0.72,-1.96E-06,4
-1.96E-06,0.72,-1.96E-06,4
-1.96E-06,0.72,-1.96E-06,4
-1.96E-06,0.72,-1.96E-06,4
-1.96E-06,0.72,-1.96E-06,4
-1.96E-06,0.72,-1.96E-06,4
-1.96E-06,0.72,-1.96E-06,4
-1.96E-06,0.64,-1.96E-06,4
-1.96E-06,0.72,-1.96E-06,4
-1.96E-06,0.72,-1.96E-06,4
-1.95E-06,0.72,-1.95E-06,4
-1.95E-06,0.72,-1.95E-06,4
-1.95E-06,0.72,-1.95E-06,4
-1.95E-06,0.72,-1.95E-06,8
-1.95E-06,0.72,-1.95E-06,4
-1.95E-06,0.72,-1.95E-06,4
-1.95E-06,0.72,-1.95E-06,4
-1.95E-06,0.72,-1.95E-06,4
-1.95E-06,0.72,-1.95E-06,4
-1.95E-06,0.72,-1.95E-06,4
-1.94E-06,0.72,-1.94E-06,4
-1.94E-06,0.72,-1.94E-06,4
-1.94E-06,0.72,-1.94E-06,4
-1.94E-06,0.72,-1.94E-06,4
-1.94E-06,0.72,-1.94E-06,4
-1.94E-06,0.72,-1.94E-06,4
-1.94E-06,0.72,-1.94E-06,4
-1.94E-06,0.72,-1.94E-06,4
-1.94E-06,0.72,-1.94E-06,4
-1.94E-06,0.72,-1.94E-06,8
-1.93E-06,0.72,-1.93E-06,4
-1.93E-06,0.72,-1.93E-06,4
-1.93E-06,0.72,-1.93E-06,4
-1.93E-06,0.64,-1.93E-06,4
-1.93E-06,0.72,-1.93E-06,4
-1.93E-06,0.72,-1.93E-06,4
-1.93E-06,0.72,-1.93E-06,4
-1.93E-06,0.72,-1.93E-06,4
-1.93E-06,0.72,-1.93E-06,4
-1.93E-06,0.72,-1.93E-06,4
-1.92E-06,0.72,-1.92E-06,4
-1.92E-06,0.72,-1.92E-06,8
-1.92E-06,0.72,-1.92E-06,4
-1.92E-06,0.72,-1.92E-06,8
-1.92E-06,0.72,-1.92E-06,4
-1.92E-06,0.72,-1.92E-06,4
-1.92E-06,0.72,-1.92E-06,4
-1.92E-06,0.72,-1.92E-06,4
-1.92E-06,0.72,-1.92E-06,4
-1.92E-06,0.72,-1.92E-06,4
-1.91E-06,0.72,-1.91E-06,4
-1.91E-06,0.72,-1.91E-06,4
-1.91E-06,0.72,-1.91E-06,4
-1.91E-06,0.72,-1.91E-06,4
-1.91E-06,0.72,-1.91E-06,4
-1.91E-06,0.72,-1.91E-06,4
-1.91E-06,0.72,-1.91E-06,4
-1.91E-06,0.72,-1.91E-06,4
-1.91E-06,0.72,-1.91E-06,4
-1.91E-06,0.72,-1.91E-06,4
-1.90E-06,0.72,-1.90E-06,4
-1.90E-06,0.72,-1.90E-06,4
-1.90E-06,0.72,-1.90E-06,4
-1.90E-06,0.72,-1.90E-06,8
-1.90E-06,0.72,-1.90E-06,4
-1.90E-06,0.72,-1.90E-06,4
-1.90E-06,0.72,-1.90E-06,4
-1.90E-06,0.72,-1.90E-06,4
-1.90E-06,0.72,-1.90E-06,4
-1.90E-06,0.72,-1.90E-06,4
-1.89E-06,0.72,-1.89E-06,4
-1.89E-06,0.72,-1.89E-06,4
-1.89E-06,0.72,-1.89E-06,4
-1.89E-06,0.72,-1.89E-06,4
-1.89E-06,0.72,-1.89E-06,4
-1.89E-06,0.72,-1.89E-06,4
-1.89E-06,0.72,-1.89E-06,4
-1.89E-06,0.72,-1.89E-06,4
-1.89E-06,0.72,-1.89E-06,4
-1.89E-06,0.72,-1.89E-06,4
-1.88E-06,0.72,-1.88E-06,4
-1.88E-06,0.72,-1.88E-06,4
-1.88E-06,0.72,-1.88E-06,4
-1.88E-06,0.72,-1.88E-06,4
-1.88E-06,0.72,-1.88E-06,4
-1.88E-06,0.72,-1.88E-06,8
-1.88E-06,0.72,-1.88E-06,4
-1.88E-06,0.72,-1.88E-06,8
-1.88E-06,0.72,-1.88E-06,4
-1.88E-06,0.72,-1.88E-06,4
-1.87E-06,0.72,-1.87E-06,4
-1.87E-06,0.64,-1.87E-06,4
-1.87E-06,0.72,-1.87E-06,4
-1.87E-06,0.72,-1.87E-06,4
-1.87E-06,0.72,-1.87E-06,4
-1.87E-06,0.72,-1.87E-06,4
-1.87E-06,0.72,-1.87E-06,4
-1.87E-06,0.72,-1.87E-06,4
-1.87E-06,0.72,-1.87E-06,4
-1.87E-06,0.72,-1.87E-06,4
-1.86E-06,0.72,-1.86E-06,4
-1.86E-06,0.72,-1.86E-06,8
-1.86E-06,0.72,-1.86E-06,4
-1.86E-06,0.72,-1.86E-06,8
-1.86E-06,0.72,-1.86E-06,4
-1.86E-06,0.72,-1.86E-06,4
-1.86E-06,0.72,-1.86E-06,4
-1.86E-06,0.64,-1.86E-06,4
-1.86E-06,0.72,-1.86E-06,4
-1.86E-06,0.64,-1.86E-06,4
-1.85E-06,0.72,-1.85E-06,4
-1.85E-06,0.72,-1.85E-06,4
-1.85E-06,0.72,-1.85E-06,4
-1.85E-06,0.72,-1.85E-06,4
-1.85E-06,0.72,-1.85E-06,4
-1.85E-06,0.72,-1.85E-06,4
-1.85E-06,0.72,-1.85E-06,4
-1.85E-06,0.64,-1.85E-06,4
-1.85E-06,0.72,-1.85E-06,4
-1.85E-06,0.72,-1.85E-06,4
-1.84E-06,0.72,-1.84E-06,4
-1.84E-06,0.72,-1.84E-06,4
-1.84E-06,0.72,-1.84E-06,4
-1.84E-06,0.72,-1.84E-06,4
-1.84E-06,0.72,-1.84E-06,4
-1.84E-06,0.72,-1.84E-06,4
-1.84E-06,0.72,-1.84E-06,4
-1.84E-06,0.72,-1.84E-06,4
-1.84E-06,0.72,-1.84E-06,4
-1.84E-06,0.72,-1.84E-06,4
-1.83E-06,0.72,-1.83E-06,4
-1.83E-06,0.72,-1.83E-06,8
-1.83E-06,0.72,-1.83E-06,4
-1.83E-06,0.64,-1.83E-06,4
-1.83E-06,0.72,-1.83E-06,4
-1.83E-06,0.72,-1.83E-06,4
-1.83E-06,0.72,-1.83E-06,4
-1.83E-06,0.72,-1.83E-06,4
-1.83E-06,0.72,-1.83E-06,4
-1.83E-06,0.72,-1.83E-06,8
-1.82E-06,0.72,-1.82E-06,4
-1.82E-06,0.72,-1.82E-06,4
-1.82E-06,0.72,-1.82E-06,4
-1.82E-06,0.72,-1.82E-06,4
-1.82E-06,0.72,-1.82E-06,4
-1.82E-06,0.72,-1.82E-06,4
-1.82E-06,0.72,-1.82E-06,4
-1.82E-06,0.72,-1.82E-06,4
-1.82E-06,0.72,-1.82E-06,4
-1.82E-06,0.72,-1.82E-06,4
-1.81E-06,0.72,-1.81E-06,4
-1.81E-06,0.72,-1.81E-06,4
-1.81E-06,0.72,-1.81E-06,4
-1.81E-06,0.72,-1.81E-06,4
-1.81E-06,0.72,-1.81E-06,4
-1.81E-06,0.72,-1.81E-06,4
-1.81E-06,0.72,-1.81E-06,4
-1.81E-06,0.72,-1.81E-06,8
-1.81E-06,0.72,-1.81E-06,4
-1.81E-06,0.72,-1.81E-06,4
-1.80E-06,0.72,-1.80E-06,4
-1.80E-06,0.72,-1.80E-06,4
-1.80E-06,0.72,-1.80E-06,4
-1.80E-06,0.72,-1.80E-06,4
-1.80E-06,0.72,-1.80E-06,4
-1.80E-06,0.72,-1.80E-06,4
-1.80E-06,0.72,-1.80E-06,4
-1.80E-06,0.72,-1.80E-06,4
-1.80E-06,0.72,-1.80E-06,4
-1.80E-06,0.64,-1.80E-06,4
-1.79E-06,0.72,-1.79E-06,4
-1.79E-06,0.72,-1.79E-06,8
-1.79E-06,0.72,-1.79E-06,4
-1.79E-06,0.72,-1.79E-06,4
-1.79E-06,0.72,-1.79E-06,4
-1.79E-06,0.72,-1.79E-06,4
-1.79E-06,0.72,-1.79E-06,4
-1.79E-06,0.72,-1.79E-06,4
-1.79E-06,0.72,-1.79E-06,4
-1.79E-06,0.72,-1.79E-06,4
-1.78E-06,0.72,-1.78E-06,4
-1.78E-06,0.72,-1.78E-06,4
-1.78E-06,0.72,-1.78E-06,4
-1.78E-06,0.72,-1.78E-06,4
-1.78E-06,0.72,-1.78E-06,4
-1.78E-06,0.72,-1.78E-06,4
-1.78E-06,0.72,-1.78E-06,4
-1.78E-06,0.72,-1.78E-06,4
-1.78E-06,0.72,-1.78E-06,4
-1.78E-06,0.72,-1.78E-06,4
-1.77E-06,0.64,-1.77E-06,4
-1.77E-06,0.64,-1.77E-06,8
-1.77E-06,0.72,-1.77E-06,4
-1.77E-06,0.64,-1.77E-06,4
-1.77E-06,0.72,-1.77E-06,4
-1.77E-06,0.72,-1.77E-06,4
-1.77E-06,0.72,-1.77E-06,4
-1.77E-06,0.72,-1.77E-06,4
-1.77E-06,0.72,-1.77E-06,4
-1.77E-06,0.72,-1.77E-06,4
-1.76E-06,0.72,-1.76E-06,4
-1.76E-06,0.72,-1.76E-06,4
-1.76E-06,0.72,-1.76E-06,4
-1.76E-06,0.72,-1.76E-06,4
-1.76E-06,0.72,-1.76E-06,4
-1.76E-06,0.72,-1.76E-06,4
-1.76E-06,0.72,-1.76E-06,4
-1.76E-06,0.72,-1.76E-06,4
-1.76E-06,0.72,-1.76E-06,4
-1.76E-06,0.72,-1.76E-06,4
-1.75E-06,0.72,-1.75E-06,4
-1.75E-06,0.64,-1.75E-06,4
-1.75E-06,0.72,-1.75E-06,4
-1.75E-06,0.64,-1.75E-06,4
-1.75E-06,0.72,-1.75E-06,4
-1.75E-06,0.72,-1.75E-06,4
-1.75E-06,0.72,-1.75E-06,4
-1.75E-06,0.72,-1.75E-06,4
-1.75E-06,0.72,-1.75E-06,4
-1.75E-06,0.72,-1.75E-06,4
-1.74E-06,0.72,-1.74E-06,4
-1.74E-06,0.72,-1.74E-06,4
-1.74E-06,0.72,-1.74E-06,4
-1.74E-06,0.72,-1.74E-06,4
-1.74E-06,0.72,-1.74E-06,4
-1.74E-06,0.72,-1.74E-06,4
-1.74E-06,0.72,-1.74E-06,4
-1.74E-06,0.72,-1.74E-06,4
-1.74E-06,0.72,-1.74E-06,4
-1.74E-06,0.72,-1.74E-06,4
-1.73E-06,0.72,-1.73E-06,4
-1.73E-06,0.72,-1.73E-06,4
-1.73E-06,0.72,-1.73E-06,4
-1.73E-06,0.72,-1.73E-06,4
-1.73E-06,0.72,-1.73E-06,4
-1.73E-06,0.72,-1.73E-06,4
-1.73E-06,0.72,-1.73E-06,4
-1.73E-06,0.72,-1.73E-06,4
-1.73E-06,0.72,-1.73E-06,4
-1.73E-06,0.72,-1.73E-06,4
-1.72E-06,0.72,-1.72E-06,4
-1.72E-06,0.64,-1.72E-06,4
-1.72E-06,0.72,-1.72E-06,4
-1.72E-06,0.64,-1.72E-06,4
-1.72E-06,0.72,-1.72E-06,4
-1.72E-06,0.72,-1.72E-06,4
-1.72E-06,0.72,-1.72E-06,4
-1.72E-06,0.72,-1.72E-06,4
-1.72E-06,0.72,-1.72E-06,4
-1.72E-06,0.72,-1.72E-06,8
-1.71E-06,0.72,-1.71E-06,4
-1.71E-06,0.72,-1.71E-06,4
-1.71E-06,0.72,-1.71E-06,4
-1.71E-06,0.72,-1.71E-06,4
-1.71E-06,0.72,-1.71E-06,4
-1.71E-06,0.72,-1.71E-06,4
-1.71E-06,0.72,-1.71E-06,4
-1.71E-06,0.72,-1.71E-06,4
-1.71E-06,0.72,-1.71E-06,4
-1.71E-06,0.72,-1.71E-06,4
-1.70E-06,0.72,-1.70E-06,4
-1.70E-06,0.72,-1.70E-06,4
-1.70E-06,0.72,-1.70E-06,4
-1.70E-06,0.72,-1.70E-06,4
-1.70E-06,0.72,-1.70E-06,4
-1.70E-06,0.72,-1.70E-06,4
-1.70E-06,0.72,-1.70E-06,4
-1.70E-06,0.72,-1.70E-06,4
-1.70E-06,0.72,-1.70E-06,4
-1.70E-06,0.72,-1.70E-06,4
-1.69E-06,0.72,-1.69E-06,4
-1.69E-06,0.72,-1.69E-06,4
-1.69E-06,0.72,-1.69E-06,4
-1.69E-06,0.72,-1.69E-06,4
-1.69E-06,0.72,-1.69E-06,4
-1.69E-06,0.72,-1.69E-06,4
-1.69E-06,0.72,-1.69E-06,4
-1.69E-06,0.72,-1.69E-06,4
-1.69E-06,0.72,-1.69E-06,4
-1.69E-06,0.72,-1.69E-06,4
-1.68E-06,0.72,-1.68E-06,4
-1.68E-06,0.64,-1.68E-06,4
-1.68E-06,0.72,-1.68E-06,4
-1.68E-06,0.72,-1.68E-06,4
-1.68E-06,0.72,-1.68E-06,4
-1.68E-06,0.72,-1.68E-06,4
-1.68E-06,0.72,-1.68E-06,4
-1.68E-06,0.72,-1.68E-06,4
-1.68E-06,0.72,-1.68E-06,4
-1.68E-06,0.72,-1.68E-06,4
-1.67E-06,0.72,-1.67E-06,4
-1.67E-06,0.72,-1.67E-06,4
-1.67E-06,0.72,-1.67E-06,4
-1.67E-06,0.72,-1.67E-06,4
-1.67E-06,0.72,-1.67E-06,4
-1.67E-06,0.72,-1.67E-06,4
-1.67E-06,0.72,-1.67E-06,4
-1.67E-06,0.72,-1.67E-06,4
-1.67E-06,0.72,-1.67E-06,4
-1.67E-06,0.72,-1.67E-06,4
-1.66E-06,0.72,-1.66E-06,4
-1.66E-06,0.72,-1.66E-06,4
-1.66E-06,0.72,-1.66E-06,4
-1.66E-06,0.72,-1.66E-06,4
-1.66E-06,0.72,-1.66E-06,4
-1.66E-06,0.72,-1.66E-06,4
-1.66E-06,0.72,-1.66E-06,4
-1.66E-06,0.72,-1.66E-06,4
-1.66E-06,0.72,-1.66E-06,4
-1.66E-06,0.72,-1.66E-06,4
-1.65E-06,0.72,-1.65E-06,4
-1.65E-06,0.64,-1.65E-06,4
-1.65E-06,0.72,-1.65E-06,4
-1.65E-06,0.72,-1.65E-06,4
-1.65E-06,0.72,-1.65E-06,4
-1.65E-06,0.72,-1.65E-06,8
-1.65E-06,0.72,-1.65E-06,4
-1.65E-06,0.72,-1.65E-06,8
-1.65E-06,0.72,-1.65E-06,4
-1.65E-06,0.72,-1.65E-06,8
-1.64E-06,0.72,-1.64E-06,4
-1.64E-06,0.72,-1.64E-06,4
-1.64E-06,0.72,-1.64E-06,4
-1.64E-06,0.72,-1.64E-06,4
-1.64E-06,0.72,-1.64E-06,4
-1.64E-06,0.72,-1.64E-06,4
-1.64E-06,0.72,-1.64E-06,4
-1.64E-06,0.64,-1.64E-06,4
-1.64E-06,0.72,-1.64E-06,4
-1.64E-06,0.64,-1.64E-06,4
-1.63E-06,0.72,-1.63E-06,4
-1.63E-06,0.72,-1.63E-06,4
-1.63E-06,0.72,-1.63E-06,0
-1.63E-06,0.72,-1.63E-06,4
-1.63E-06,0.72,-1.63E-06,4
-1.63E-06,0.72,-1.63E-06,4
-1.63E-06,0.72,-1.63E-06,4
-1.63E-06,0.72,-1.63E-06,4
-1.63E-06,0.72,-1.63E-06,4
-1.63E-06,0.64,-1.63E-06,4
-1.62E-06,0.72,-1.62E-06,4
-1.62E-06,0.72,-1.62E-06,8
-1.62E-06,0.72,-1.62E-06,4
-1.62E-06,0.72,-1.62E-06,4
-1.62E-06,0.72,-1.62E-06,4
-1.62E-06,0.72,-1.62E-06,4
-1.62E-06,0.64,-1.62E-06,4
-1.62E-06,0.72,-1.62E-06,4
-1.62E-06,0.72,-1.62E-06,4
-1.62E-06,0.72,-1.62E-06,4
-1.61E-06,0.72,-1.61E-06,4
-1.61E-06,0.72,-1.61E-06,4
-1.61E-06,0.72,-1.61E-06,4
-1.61E-06,0.72,-1.61E-06,4
-1.61E-06,0.72,-1.61E-06,4
-1.61E-06,0.72,-1.61E-06,4
-1.61E-06,0.72,-1.61E-06,4
-1.61E-06,0.72,-1.61E-06,4
-1.61E-06,0.72,-1.61E-06,4
-1.61E-06,0.72,-1.61E-06,4
-1.60E-06,0.72,-1.60E-06,4
-1.60E-06,0.72,-1.60E-06,4
-1.60E-06,0.72,-1.60E-06,4
-1.60E-06,0.72,-1.60E-06,4
-1.60E-06,0.72,-1.60E-06,4
-1.60E-06,0.72,-1.60E-06,8
-1.60E-06,0.72,-1.60E-06,4
-1.60E-06,0.64,-1.60E-06,4
-1.60E-06,0.72,-1.60E-06,4
-1.60E-06,0.72,-1.60E-06,4
-1.59E-06,0.72,-1.59E-06,4
-1.59E-06,0.64,-1.59E-06,4
-1.59E-06,0.72,-1.59E-06,4
-1.59E-06,0.64,-1.59E-06,4
-1.59E-06,0.72,-1.59E-06,4
-1.59E-06,0.64,-1.59E-06,4
-1.59E-06,0.72,-1.59E-06,4
-1.59E-06,0.72,-1.59E-06,8
-1.59E-06,0.72,-1.59E-06,4
-1.59E-06,0.72,-1.59E-06,4
-1.58E-06,0.72,-1.58E-06,4
-1.58E-06,0.72,-1.58E-06,4
-1.58E-06,0.72,-1.58E-06,4
-1.58E-06,0.72,-1.58E-06,4
-1.58E-06,0.72,-1.58E-06,4
-1.58E-06,0.72,-1.58E-06,4
-1.58E-06,0.72,-1.58E-06,4
-1.58E-06,0.72,-1.58E-06,4
-1.58E-06,0.72,-1.58E-06,4
-1.58E-06,0.72,-1.58E-06,4
-1.57E-06,0.72,-1.57E-06,4
-1.57E-06,0.64,-1.57E-06,4
-1.57E-06,0.72,-1.57E-06,4
-1.57E-06,0.72,-1.57E-06,4
-1.57E-06,0.72,-1.57E-06,4
-1.57E-06,0.72,-1.57E-06,4
-1.57E-06,0.72,-1.57E-06,4
-1.57E-06,0.72,-1.57E-06,8
-1.57E-06,0.72,-1.57E-06,4
-1.57E-06,0.72,-1.57E-06,4
-1.56E-06,0.72,-1.56E-06,4
-1.56E-06,0.72,-1.56E-06,4
-1.56E-06,0.72,-1.56E-06,4
-1.56E-06,0.72,-1.56E-06,4
-1.56E-06,0.72,-1.56E-06,4
-1.56E-06,0.72,-1.56E-06,4
-1.56E-06,0.72,-1.56E-06,4
-1.56E-06,0.72,-1.56E-06,4
-1.56E-06,0.72,-1.56E-06,4
-1.56E-06,0.72,-1.56E-06,4
-1.55E-06,0.72,-1.55E-06,4
-1.55E-06,0.72,-1.55E-06,4
-1.55E-06,0.72,-1.55E-06,4
-1.55E-06,0.72,-1.55E-06,4
-1.55E-06,0.72,-1.55E-06,4
-1.55E-06,0.72,-1.55E-06,4
-1.55E-06,0.72,-1.55E-06,4
-1.55E-06,0.72,-1.55E-06,4
-1.55E-06,0.72,-1.55E-06,4
-1.55E-06,0.72,-1.55E-06,4
-1.54E-06,0.72,-1.54E-06,4
-1.54E-06,0.72,-1.54E-06,4
-1.54E-06,0.72,-1.54E-06,4
-1.54E-06,0.72,-1.54E-06,4
-1.54E-06,0.72,-1.54E-06,4
-1.54E-06,0.72,-1.54E-06,4
-1.54E-06,0.72,-1.54E-06,4
-1.54E-06,0.72,-1.54E-06,4
-1.54E-06,0.72,-1.54E-06,4
-1.54E-06,0.72,-1.54E-06,4
-1.53E-06,0.72,-1.53E-06,4
-1.53E-06,0.72,-1.53E-06,4
-1.53E-06,0.72,-1.53E-06,4
-1.53E-06,0.72,-1.53E-06,8
-1.53E-06,0.72,-1.53E-06,4
-1.53E-06,0.72,-1.53E-06,4
-1.53E-06,0.72,-1.53E-06,4
-1.53E-06,0.72,-1.53E-06,4
-1.53E-06,0.72,-1.53E-06,4
-1.53E-06,0.72,-1.53E-06,4
-1.52E-06,0.72,-1.52E-06,4
-1.52E-06,0.72,-1.52E-06,4
-1.52E-06,0.72,-1.52E-06,4
-1.52E-06,0.72,-1.52E-06,4
-1.52E-06,0.72,-1.52E-06,4
-1.52E-06,0.72,-1.52E-06,4
-1.52E-06,0.72,-1.52E-06,4
-1.52E-06,0.72,-1.52E-06,4
-1.52E-06,0.72,-1.52E-06,4
-1.52E-06,0.72,-1.52E-06,4
-1.51E-06,0.72,-1.51E-06,4
-1.51E-06,0.72,-1.51E-06,4
-1.51E-06,0.72,-1.51E-06,4
-1.51E-06,0.72,-1.51E-06,4
-1.51E-06,0.72,-1.51E-06,4
-1.51E-06,0.72,-1.51E-06,4
-1.51E-06,0.72,-1.51E-06,4
-1.51E-06,0.72,-1.51E-06,4
-1.51E-06,0.72,-1.51E-06,4
-1.51E-06,0.72,-1.51E-06,4
-1.50E-06,0.72,-1.50E-06,4
-1.50E-06,0.72,-1.50E-06,4
-1.50E-06,0.72,-1.50E-06,4
-1.50E-06,0.72,-1.50E-06,4
-1.50E-06,0.72,-1.50E-06,4
-1.50E-06,0.72,-1.50E-06,4
-1.50E-06,0.72,-1.50E-06,4
-1.50E-06,0.64,-1.50E-06,4
-1.50E-06,0.72,-1.50E-06,4
-1.50E-06,0.72,-1.50E-06,4
-1.49E-06,0.72,-1.49E-06,4
-1.49E-06,0.72,-1.49E-06,4
-1.49E-06,0.72,-1.49E-06,4
-1.49E-06,0.72,-1.49E-06,4
-1.49E-06,0.72,-1.49E-06,4
-1.49E-06,0.72,-1.49E-06,4
-1.49E-06,0.72,-1.49E-06,4
-1.49E-06,0.72,-1.49E-06,4
-1.49E-06,0.64,-1.49E-06,4
-1.49E-06,0.72,-1.49E-06,4
-1.48E-06,0.72,-1.48E-06,4
-1.48E-06,0.72,-1.48E-06,4
-1.48E-06,0.72,-1.48E-06,4
-1.48E-06,0.72,-1.48E-06,4
-1.48E-06,0.64,-1.48E-06,4
-1.48E-06,0.64,-1.48E-06,4
-1.48E-06,0.72,-1.48E-06,4
-1.48E-06,0.64,-1.48E-06,4
-1.48E-06,0.72,-1.48E-06,4
-1.48E-06,0.72,-1.48E-06,4
-1.47E-06,0.72,-1.47E-06,4
-1.47E-06,0.72,-1.47E-06,4
-1.47E-06,0.72,-1.47E-06,4
-1.47E-06,0.72,-1.47E-06,4
-1.47E-06,0.72,-1.47E-06,4
-1.47E-06,0.72,-1.47E-06,4
-1.47E-06,0.72,-1.47E-06,4
-1.47E-06,0.72,-1.47E-06,4
-1.47E-06,0.72,-1.47E-06,4
-1.47E-06,0.72,-1.47E-06,4
-1.46E-06,0.72,-1.46E-06,4
-1.46E-06,0.64,-1.46E-06,4
-1.46E-06,0.72,-1.46E-06,4
-1.46E-06,0.72,-1.46E-06,4
-1.46E-06,0.72,-1.46E-06,4
-1.46E-06,0.72,-1.46E-06,4
-1.46E-06,0.72,-1.46E-06,4
-1.46E-06,0.72,-1.46E-06,4
-1.46E-06,0.72,-1.46E-06,4
-1.46E-06,0.72,-1.46E-06,4
-1.45E-06,0.72,-1.45E-06,4
-1.45E-06,0.72,-1.45E-06,8
-1.45E-06,0.72,-1.45E-06,4
-1.45E-06,0.72,-1.45E-06,4
-1.45E-06,0.72,-1.45E-06,4
-1.45E-06,0.72,-1.45E-06,4
-1.45E-06,0.72,-1.45E-06,4
-1.45E-06,0.72,-1.45E-06,4
-1.45E-06,0.72,-1.45E-06,4
-1.45E-06,0.72,-1.45E-06,4
-1.44E-06,0.72,-1.44E-06,4
-1.44E-06,0.72,-1.44E-06,4
-1.44E-06,0.72,-1.44E-06,4
-1.44E-06,0.72,-1.44E-06,4
-1.44E-06,0.72,-1.44E-06,4
-1.44E-06,0.72,-1.44E-06,4
-1.44E-06,0.72,-1.44E-06,4
-1.44E-06,0.72,-1.44E-06,4
-1.44E-06,0.72,-1.44E-06,4
-1.44E-06,0.72,-1.44E-06,4
-1.43E-06,0.72,-1.43E-06,4
-1.43E-06,0.72,-1.43E-06,4
-1.43E-06,0.72,-1.43E-06,4
-1.43E-06,0.72,-1.43E-06,4
-1.43E-06,0.72,-1.43E-06,4
-1.43E-06,0.72,-1.43E-06,4
-1.43E-06,0.72,-1.43E-06,4
-1.43E-06,0.72,-1.43E-06,4
-1.43E-06,0.72,-1.43E-06,4
-1.43E-06,0.72,-1.43E-06,4
-1.42E-06,0.72,-1.42E-06,4
-1.42E-06,0.72,-1.42E-06,4
-1.42E-06,0.72,-1.42E-06,4
-1.42E-06,0.72,-1.42E-06,4
-1.42E-06,0.72,-1.42E-06,4
-1.42E-06,0.72,-1.42E-06,4
-1.42E-06,0.72,-1.42E-06,4
-1.42E-06,0.72,-1.42E-06,4
-1.42E-06,0.72,-1.42E-06,4
-1.42E-06,0.72,-1.42E-06,4
-1.41E-06,0.72,-1.41E-06,4
-1.41E-06,0.72,-1.41E-06,4
-1.41E-06,0.72,-1.41E-06,4
-1.41E-06,0.72,-1.41E-06,4
-1.41E-06,0.72,-1.41E-06,4
-1.41E-06,0.72,-1.41E-06,4
-1.41E-06,0.72,-1.41E-06,4
-1.41E-06,0.72,-1.41E-06,4
-1.41E-06,0.72,-1.41E-06,4
-1.41E-06,0.72,-1.41E-06,4
-1.40E-06,0.72,-1.40E-06,4
-1.40E-06,0.72,-1.40E-06,4
-1.40E-06,0.72,-1.40E-06,4
-1.40E-06,0.72,-1.40E-06,4
-1.40E-06,0.72,-1.40E-06,4
-1.40E-06,0.72,-1.40E-06,4
-1.40E-06,0.72,-1.40E-06,4
-1.40E-06,0.72,-1.40E-06,4
-1.40E-06,0.72,-1.40E-06,4
-1.40E-06,0.72,-1.40E-06,4
-1.39E-06,0.72,-1.39E-06,4
-1.39E-06,0.72,-1.39E-06,8
-1.39E-06,0.72,-1.39E-06,4
-1.39E-06,0.72,-1.39E-06,4
-1.39E-06,0.72,-1.39E-06,4
-1.39E-06,0.64,-1.39E-06,4
-1.39E-06,0.72,-1.39E-06,4
-1.39E-06,0.72,-1.39E-06,4
-1.39E-06,0.72,-1.39E-06,4
-1.39E-06,0.72,-1.39E-06,4
-1.38E-06,0.72,-1.38E-06,4
-1.38E-06,0.72,-1.38E-06,4
-1.38E-06,0.72,-1.38E-06,4
-1.38E-06,0.72,-1.38E-06,4
-1.38E-06,0.72,-1.38E-06,4
-1.38E-06,0.72,-1.38E-06,4
-1.38E-06,0.72,-1.38E-06,4
-1.38E-06,0.72,-1.38E-06,4
-1.38E-06,0.72,-1.38E-06,4
-1.38E-06,0.72,-1.38E-06,4
-1.37E-06,0.72,-1.37E-06,4
-1.37E-06,0.72,-1.37E-06,4
-1.37E-06,0.72,-1.37E-06,4
-1.37E-06,0.72,-1.37E-06,4
-1.37E-06,0.72,-1.37E-06,4
-1.37E-06,0.72,-1.37E-06,4
-1.37E-06,0.72,-1.37E-06,4
-1.37E-06,0.72,-1.37E-06,4
-1.37E-06,0.72,-1.37E-06,4
-1.37E-06,0.72,-1.37E-06,8
-1.36E-06,0.72,-1.36E-06,4
-1.36E-06,0.72,-1.36E-06,8
-1.36E-06,0.72,-1.36E-06,4
-1.36E-06,0.72,-1.36E-06,4
-1.36E-06,0.72,-1.36E-06,4
-1.36E-06,0.72,-1.36E-06,4
-1.36E-06,0.72,-1.36E-06,4
-1.36E-06,0.72,-1.36E-06,4
-1.36E-06,0.72,-1.36E-06,4
-1.36E-06,0.72,-1.36E-06,4
-1.35E-06,0.72,-1.35E-06,4
-1.35E-06,0.72,-1.35E-06,4
-1.35E-06,0.72,-1.35E-06,4
-1.35E-06,0.72,-1.35E-06,4
-1.35E-06,0.72,-1.35E-06,4
-1.35E-06,0.72,-1.35E-06,4
-1.35E-06,0.72,-1.35E-06,4
-1.35E-06,0.72,-1.35E-06,4
-1.35E-06,0.72,-1.35E-06,4
-1.35E-06,0.72,-1.35E-06,4
-1.34E-06,0.72,-1.34E-06,4
-1.34E-06,0.72,-1.34E-06,8
-1.34E-06,0.72,-1.34E-06,4
-1.34E-06,0.72,-1.34E-06,4
-1.34E-06,0.72,-1.34E-06,4
-1.34E-06,0.72,-1.34E-06,4
-1.34E-06,0.72,-1.34E-06,4
-1.34E-06,0.72,-1.34E-06,4
-1.34E-06,0.72,-1.34E-06,4
-1.34E-06,0.72,-1.34E-06,4
-1.33E-06,0.72,-1.33E-06,4
-1.33E-06,0.72,-1.33E-06,4
-1.33E-06,0.72,-1.33E-06,4
-1.33E-06,0.72,-1.33E-06,4
-1.33E-06,0.72,-1.33E-06,4
-1.33E-06,0.72,-1.33E-06,4
-1.33E-06,0.72,-1.33E-06,4
-1.33E-06,0.64,-1.33E-06,4
-1.33E-06,0.72,-1.33E-06,4
-1.33E-06,0.72,-1.33E-06,4
-1.32E-06,0.72,-1.32E-06,4
-1.32E-06,0.72,-1.32E-06,4
-1.32E-06,0.72,-1.32E-06,4
-1.32E-06,0.72,-1.32E-06,4
-1.32E-06,0.72,-1.32E-06,4
-1.32E-06,0.72,-1.32E-06,4
-1.32E-06,0.72,-1.32E-06,4
-1.32E-06,0.72,-1.32E-06,4
-1.32E-06,0.72,-1.32E-06,4
-1.32E-06,0.72,-1.32E-06,4
-1.31E-06,0.72,-1.31E-06,4
-1.31E-06,0.72,-1.31E-06,4
-1.31E-06,0.72,-1.31E-06,4
-1.31E-06,0.72,-1.31E-06,4
-1.31E-06,0.72,-1.31E-06,4
-1.31E-06,0.72,-1.31E-06,4
-1.31E-06,0.72,-1.31E-06,4
-1.31E-06,0.72,-1.31E-06,4
-1.31E-06,0.72,-1.31E-06,4
-1.31E-06,0.64,-1.31E-06,4
-1.30E-06,0.72,-1.30E-06,4
-1.30E-06,0.72,-1.30E-06,4
-1.30E-06,0.72,-1.30E-06,4
-1.30E-06,0.72,-1.30E-06,8
-1.30E-06,0.72,-1.30E-06,4
-1.30E-06,0.72,-1.30E-06,4
-1.30E-06,0.72,-1.30E-06,4
-1.30E-06,0.72,-1.30E-06,4
-1.30E-06,0.64,-1.30E-06,4
-1.30E-06,0.72,-1.30E-06,4
-1.29E-06,0.72,-1.29E-06,4
-1.29E-06,0.72,-1.29E-06,4
-1.29E-06,0.72,-1.29E-06,4
-1.29E-06,0.72,-1.29E-06,4
-1.29E-06,0.72,-1.29E-06,4
-1.29E-06,0.72,-1.29E-06,4
-1.29E-06,0.72,-1.29E-06,4
-1.29E-06,0.72,-1.29E-06,4
-1.29E-06,0.72,-1.29E-06,4
-1.29E-06,0.72,-1.29E-06,4
-1.28E-06,0.72,-1.28E-06,4
-1.28E-06,0.72,-1.28E-06,4
-1.28E-06,0.72,-1.28E-06,4
-1.28E-06,0.72,-1.28E-06,4
-1.28E-06,0.72,-1.28E-06,4
-1.28E-06,0.72,-1.28E-06,4
-1.28E-06,0.72,-1.28E-06,4
-1.28E-06,0.64,-1.28E-06,4
-1.28E-06,0.72,-1.28E-06,4
-1.28E-06,0.72,-1.28E-06,4
-1.27E-06,0.72,-1.27E-06,4
-1.27E-06,0.72,-1.27E-06,4
-1.27E-06,0.72,-1.27E-06,4
-1.27E-06,0.72,-1.27E-06,4
-1.27E-06,0.72,-1.27E-06,4
-1.27E-06,0.72,-1.27E-06,4
-1.27E-06,0.64,-1.27E-06,4
-1.27E-06,0.72,-1.27E-06,4
-1.27E-06,0.72,-1.27E-06,4
-1.27E-06,0.72,-1.27E-06,4
-1.26E-06,0.72,-1.26E-06,4
-1.26E-06,0.72,-1.26E-06,4
-1.26E-06,0.72,-1.26E-06,4
-1.26E-06,0.72,-1.26E-06,4
-1.26E-06,0.72,-1.26E-06,4
-1.26E-06,0.72,-1.26E-06,4
-1.26E-06,0.72,-1.26E-06,4
-1.26E-06,0.72,-1.26E-06,4
-1.26E-06,0.72,-1.26E-06,4
-1.26E-06,0.72,-1.26E-06,4
-1.25E-06,0.72,-1.25E-06,4
-1.25E-06,0.72,-1.25E-06,4
-1.25E-06,0.72,-1.25E-06,4
-1.25E-06,0.72,-1.25E-06,4
-1.25E-06,0.72,-1.25E-06,4
-1.25E-06,0.72,-1.25E-06,4
-1.25E-06,0.72,-1.25E-06,4
-1.25E-06,0.72,-1.25E-06,4
-1.25E-06,0.72,-1.25E-06,4
-1.25E-06,0.72,-1.25E-06,4
-1.24E-06,0.72,-1.24E-06,4
-1.24E-06,0.72,-1.24E-06,4
-1.24E-06,0.72,-1.24E-06,4
-1.24E-06,0.72,-1.24E-06,4
-1.24E-06,0.72,-1.24E-06,4
-1.24E-06,0.72,-1.24E-06,8
-1.24E-06,0.72,-1.24E-06,4
-1.24E-06,0.72,-1.24E-06,4
-1.24E-06,0.72,-1.24E-06,4
-1.24E-06,0.72,-1.24E-06,4
-1.23E-06,0.72,-1.23E-06,4
-1.23E-06,0.72,-1.23E-06,4
-1.23E-06,0.72,-1.23E-06,4
-1.23E-06,0.72,-1.23E-06,4
-1.23E-06,0.72,-1.23E-06,4
-1.23E-06,0.72,-1.23E-06,4
-1.23E-06,0.72,-1.23E-06,4
-1.23E-06,0.72,-1.23E-06,4
-1.23E-06,0.72,-1.23E-06,4
-1.23E-06,0.72,-1.23E-06,4
-1.22E-06,0.72,-1.22E-06,4
-1.22E-06,0.72,-1.22E-06,4
-1.22E-06,0.72,-1.22E-06,4
-1.22E-06,0.72,-1.22E-06,4
-1.22E-06,0.72,-1.22E-06,4
-1.22E-06,0.72,-1.22E-06,4
-1.22E-06,0.72,-1.22E-06,4
-1.22E-06,0.72,-1.22E-06,4
-1.22E-06,0.72,-1.22E-06,4
-1.22E-06,0.72,-1.22E-06,8
-1.21E-06,0.72,-1.21E-06,4
-1.21E-06,0.72,-1.21E-06,4
-1.21E-06,0.72,-1.21E-06,4
-1.21E-06,0.72,-1.21E-06,4
-1.21E-06,0.72,-1.21E-06,4
-1.21E-06,0.72,-1.21E-06,4
-1.21E-06,0.72,-1.21E-06,4
-1.21E-06,0.72,-1.21E-06,4
-1.21E-06,0.72,-1.21E-06,4
-1.21E-06,0.72,-1.21E-06,4
-1.20E-06,0.72,-1.20E-06,4
-1.20E-06,0.72,-1.20E-06,4
-1.20E-06,0.72,-1.20E-06,4
-1.20E-06,0.72,-1.20E-06,4
-1.20E-06,0.72,-1.20E-06,4
-1.20E-06,0.64,-1.20E-06,8
-1.20E-06,0.72,-1.20E-06,4
-1.20E-06,0.72,-1.20E-06,4
-1.20E-06,0.72,-1.20E-06,4
-1.20E-06,0.72,-1.20E-06,8
-1.19E-06,0.72,-1.19E-06,4
-1.19E-06,0.72,-1.19E-06,4
-1.19E-06,0.72,-1.19E-06,4
-1.19E-06,0.72,-1.19E-06,4
-1.19E-06,0.72,-1.19E-06,4
-1.19E-06,0.72,-1.19E-06,4
-1.19E-06,0.72,-1.19E-06,4
-1.19E-06,0.72,-1.19E-06,4
-1.19E-06,0.72,-1.19E-06,4
-1.19E-06,0.72,-1.19E-06,4
-1.18E-06,0.72,-1.18E-06,4
-1.18E-06,0.72,-1.18E-06,4
-1.18E-06,0.72,-1.18E-06,0
-1.18E-06,0.72,-1.18E-06,8
-1.18E-06,0.72,-1.18E-06,4
-1.18E-06,0.72,-1.18E-06,4
-1.18E-06,0.72,-1.18E-06,4
-1.18E-06,0.72,-1.18E-06,4
-1.18E-06,0.72,-1.18E-06,4
-1.18E-06,0.72,-1.18E-06,4
-1.17E-06,0.72,-1.17E-06,4
-1.17E-06,0.72,-1.17E-06,8
-1.17E-06,0.72,-1.17E-06,4
-1.17E-06,0.72,-1.17E-06,4
-1.17E-06,0.72,-1.17E-06,4
-1.17E-06,0.72,-1.17E-06,4
-1.17E-06,0.72,-1.17E-06,4
-1.17E-06,0.72,-1.17E-06,4
-1.17E-06,0.72,-1.17E-06,4
-1.17E-06,0.72,-1.17E-06,8
-1.16E-06,0.72,-1.16E-06,4
-1.16E-06,0.72,-1.16E-06,8
-1.16E-06,0.72,-1.16E-06,4
-1.16E-06,0.72,-1.16E-06,8
-1.16E-06,0.72,-1.16E-06,4
-1.16E-06,0.72,-1.16E-06,4
-1.16E-06,0.72,-1.16E-06,4
-1.16E-06,0.72,-1.16E-06,4
-1.16E-06,0.72,-1.16E-06,4
-1.16E-06,0.72,-1.16E-06,8
-1.15E-06,0.72,-1.15E-06,4
-1.15E-06,0.64,-1.15E-06,4
-1.15E-06,0.72,-1.15E-06,4
-1.15E-06,0.72,-1.15E-06,4
-1.15E-06,0.72,-1.15E-06,4
-1.15E-06,0.72,-1.15E-06,4
-1.15E-06,0.72,-1.15E-06,4
-1.15E-06,0.72,-1.15E-06,4
-1.15E-06,0.72,-1.15E-06,4
-1.15E-06,0.72,-1.15E-06,4
-1.14E-06,0.72,-1.14E-06,4
-1.14E-06,0.72,-1.14E-06,4
-1.14E-06,0.72,-1.14E-06,4
-1.14E-06,0.72,-1.14E-06,4
-1.14E-06,0.72,-1.14E-06,4
-1.14E-06,0.72,-1.14E-06,4
-1.14E-06,0.72,-1.14E-06,4
-1.14E-06,0.72,-1.14E-06,4
-1.14E-06,0.72,-1.14E-06,4
-1.14E-06,0.72,-1.14E-06,4
-1.13E-06,0.72,-1.13E-06,4
-1.13E-06,0.72,-1.13E-06,4
-1.13E-06,0.72,-1.13E-06,4
-1.13E-06,0.72,-1.13E-06,4
-1.13E-06,0.64,-1.13E-06,4
-1.13E-06,0.72,-1.13E-06,4
-1.13E-06,0.72,-1.13E-06,4
-1.13E-06,0.72,-1.13E-06,4
-1.13E-06,0.72,-1.13E-06,4
-1.13E-06,0.72,-1.13E-06,4
-1.12E-06,0.72,-1.12E-06,4
-1.12E-06,0.72,-1.12E-06,4
-1.12E-06,0.72,-1.12E-06,4
-1.12E-06,0.72,-1.12E-06,4
-1.12E-06,0.72,-1.12E-06,4
-1.12E-06,0.72,-1.12E-06,4
-1.12E-06,0.72,-1.12E-06,4
-1.12E-06,0.72,-1.12E-06,4
-1.12E-06,0.72,-1.12E-06,4
-1.12E-06,0.64,-1.12E-06,4
-1.11E-06,0.72,-1.11E-06,4
-1.11E-06,0.72,-1.11E-06,4
-1.11E-06,0.72,-1.11E-06,4
-1.11E-06,0.72,-1.11E-06,4
-1.11E-06,0.72,-1.11E-06,4
-1.11E-06,0.72,-1.11E-06,4
-1.11E-06,0.72,-1.11E-06,4
-1.11E-06,0.72,-1.11E-06,4
-1.11E-06,0.72,-1.11E-06,4
-1.11E-06,0.72,-1.11E-06,4
-1.10E-06,0.72,-1.10E-06,4
-1.10E-06,0.72,-1.10E-06,4
-1.10E-06,0.72,-1.10E-06,4
-1.10E-06,0.72,-1.10E-06,4
-1.10E-06,0.72,-1.10E-06,4
-1.10E-06,0.64,-1.10E-06,4
-1.10E-06,0.72,-1.10E-06,4
-1.10E-06,0.72,-1.10E-06,4
-1.10E-06,0.72,-1.10E-06,4
-1.10E-06,0.72,-1.10E-06,4
-1.09E-06,0.72,-1.09E-06,4
-1.09E-06,0.72,-1.09E-06,4
-1.09E-06,0.72,-1.09E-06,4
-1.09E-06,0.72,-1.09E-06,4
-1.09E-06,0.72,-1.09E-06,4
-1.09E-06,0.72,-1.09E-06,4
-1.09E-06,0.72,-1.09E-06,4
-1.09E-06,0.72,-1.09E-06,4
-1.09E-06,0.72,-1.09E-06,4
-1.09E-06,0.72,-1.09E-06,4
-1.08E-06,0.72,-1.08E-06,4
-1.08E-06,0.72,-1.08E-06,4
-1.08E-06,0.72,-1.08E-06,4
-1.08E-06,0.72,-1.08E-06,4
-1.08E-06,0.72,-1.08E-06,4
-1.08E-06,0.64,-1.08E-06,8
-1.08E-06,0.72,-1.08E-06,4
-1.08E-06,0.64,-1.08E-06,4
-1.08E-06,0.72,-1.08E-06,4
-1.08E-06,0.72,-1.08E-06,4
-1.07E-06,0.72,-1.07E-06,4
-1.07E-06,0.64,-1.07E-06,8
-1.07E-06,0.72,-1.07E-06,0
-1.07E-06,0.64,-1.07E-06,4
-1.07E-06,0.72,-1.07E-06,4
-1.07E-06,0.72,-1.07E-06,4
-1.07E-06,0.72,-1.07E-06,4
-1.07E-06,0.72,-1.07E-06,4
-1.07E-06,0.72,-1.07E-06,4
-1.07E-06,0.72,-1.07E-06,4
-1.06E-06,0.72,-1.06E-06,4
-1.06E-06,0.72,-1.06E-06,4
-1.06E-06,0.72,-1.06E-06,4
-1.06E-06,0.72,-1.06E-06,4
-1.06E-06,0.72,-1.06E-06,4
-1.06E-06,0.72,-1.06E-06,4
-1.06E-06,0.72,-1.06E-06,4
-1.06E-06,0.72,-1.06E-06,4
-1.06E-06,0.72,-1.06E-06,4
-1.06E-06,0.72,-1.06E-06,4
-1.05E-06,0.72,-1.05E-06,4
-1.05E-06,0.72,-1.05E-06,4
-1.05E-06,0.72,-1.05E-06,4
-1.05E-06,0.72,-1.05E-06,4
-1.05E-06,0.72,-1.05E-06,4
-1.05E-06,0.72,-1.05E-06,4
-1.05E-06,0.72,-1.05E-06,4
-1.05E-06,0.72,-1.05E-06,4
-1.05E-06,0.72,-1.05E-06,4
-1.05E-06,0.72,-1.05E-06,4
-1.04E-06,0.72,-1.04E-06,4
-1.04E-06,0.72,-1.04E-06,4
-1.04E-06,0.64,-1.04E-06,4
-1.04E-06,0.72,-1.04E-06,8
-1.04E-06,0.72,-1.04E-06,4
-1.04E-06,0.72,-1.04E-06,4
-1.04E-06,0.72,-1.04E-06,4
-1.04E-06,0.72,-1.04E-06,4
-1.04E-06,0.72,-1.04E-06,4
-1.04E-06,0.72,-1.04E-06,4
-1.03E-06,0.72,-1.03E-06,4
-1.03E-06,0.72,-1.03E-06,4
-1.03E-06,0.72,-1.03E-06,4
-1.03E-06,0.72,-1.03E-06,4
-1.03E-06,0.72,-1.03E-06,4
-1.03E-06,0.72,-1.03E-06,4
-1.03E-06,0.72,-1.03E-06,4
-1.03E-06,0.72,-1.03E-06,4
-1.03E-06,0.72,-1.03E-06,4
-1.03E-06,0.72,-1.03E-06,4
-1.02E-06,0.72,-1.02E-06,4
-1.02E-06,0.72,-1.02E-06,8
-1.02E-06,0.72,-1.02E-06,4
-1.02E-06,0.72,-1.02E-06,8
-1.02E-06,0.72,-1.02E-06,4
-1.02E-06,0.72,-1.02E-06,4
-1.02E-06,0.72,-1.02E-06,4
-1.02E-06,0.72,-1.02E-06,4
-1.02E-06,0.72,-1.02E-06,4
-1.02E-06,0.72,-1.02E-06,4
-1.01E-06,0.72,-1.01E-06,4
-1.01E-06,0.72,-1.01E-06,4
-1.01E-06,0.72,-1.01E-06,4
-1.01E-06,0.72,-1.01E-06,4
-1.01E-06,0.72,-1.01E-06,4
-1.01E-06,0.72,-1.01E-06,4
-1.01E-06,0.72,-1.01E-06,4
-1.01E-06,0.72,-1.01E-06,4
-1.01E-06,0.72,-1.01E-06,4
-1.01E-06,0.72,-1.01E-06,4
-1.00E-06,0.72,-1.00E-06,4
-1.00E-06,0.72,-1.00E-06,4
-1.00E-06,0.72,-1.00E-06,4
-1.00E-06,0.72,-1.00E-06,4
-1.00E-06,0.72,-1.00E-06,4
-9.99E-07,0.72,-9.99E-07,4
-9.98E-07,0.72,-9.98E-07,4
-9.97E-07,0.72,-9.97E-07,4
-9.96E-07,0.72,-9.96E-07,4
-9.95E-07,0.72,-9.95E-07,4
-9.94E-07,0.72,-9.94E-07,4
-9.93E-07,0.72,-9.93E-07,4
-9.92E-07,0.72,-9.92E-07,0
-9.91E-07,0.72,-9.91E-07,4
-9.90E-07,0.72,-9.90E-07,4
-9.89E-07,0.72,-9.89E-07,8
-9.88E-07,0.72,-9.88E-07,4
-9.87E-07,0.72,-9.87E-07,4
-9.86E-07,0.72,-9.86E-07,4
-9.85E-07,0.72,-9.85E-07,4
-9.84E-07,0.72,-9.84E-07,4
-9.83E-07,0.72,-9.83E-07,4
-9.82E-07,0.72,-9.82E-07,4
-9.81E-07,0.72,-9.81E-07,4
-9.80E-07,0.72,-9.80E-07,4
-9.79E-07,0.72,-9.79E-07,4
-9.78E-07,0.72,-9.78E-07,4
-9.77E-07,0.72,-9.77E-07,4
-9.76E-07,0.72,-9.76E-07,4
-9.75E-07,0.72,-9.75E-07,4
-9.74E-07,0.72,-9.74E-07,4
-9.73E-07,0.72,-9.73E-07,4
-9.72E-07,0.72,-9.72E-07,4
-9.71E-07,0.72,-9.71E-07,4
-9.70E-07,0.72,-9.70E-07,4
-9.69E-07,0.72,-9.69E-07,4
-9.68E-07,0.72,-9.68E-07,4
-9.67E-07,0.72,-9.67E-07,4
-9.66E-07,0.72,-9.66E-07,4
-9.65E-07,0.72,-9.65E-07,4
-9.64E-07,0.72,-9.64E-07,4
-9.63E-07,0.72,-9.63E-07,4
-9.62E-07,0.72,-9.62E-07,4
-9.61E-07,0.72,-9.61E-07,4
-9.60E-07,0.72,-9.60E-07,0
-9.59E-07,0.72,-9.59E-07,4
-9.58E-07,0.72,-9.58E-07,4
-9.57E-07,0.72,-9.57E-07,4
-9.56E-07,0.72,-9.56E-07,4
-9.55E-07,0.72,-9.55E-07,4
-9.54E-07,0.72,-9.54E-07,0
-9.53E-07,0.72,-9.53E-07,4
-9.52E-07,0.72,-9.52E-07,4
-9.51E-07,0.72,-9.51E-07,4
-9.50E-07,0.72,-9.50E-07,4
-9.49E-07,0.72,-9.49E-07,4
-9.48E-07,0.72,-9.48E-07,4
-9.47E-07,0.72,-9.47E-07,4
-9.46E-07,0.72,-9.46E-07,4
-9.45E-07,0.72,-9.45E-07,4
-9.44E-07,0.72,-9.44E-07,4
-9.43E-07,0.72,-9.43E-07,4
-9.42E-07,0.72,-9.42E-07,4
-9.41E-07,0.72,-9.41E-07,4
-9.40E-07,0.72,-9.40E-07,4
-9.39E-07,0.72,-9.39E-07,4
-9.38E-07,0.72,-9.38E-07,4
-9.37E-07,0.72,-9.37E-07,4
-9.36E-07,0.72,-9.36E-07,4
-9.35E-07,0.72,-9.35E-07,4
-9.34E-07,0.72,-9.34E-07,4
-9.33E-07,0.72,-9.33E-07,4
-9.32E-07,0.72,-9.32E-07,4
-9.31E-07,0.72,-9.31E-07,4
-9.30E-07,0.72,-9.30E-07,4
-9.29E-07,0.72,-9.29E-07,4
-9.28E-07,0.72,-9.28E-07,4
-9.27E-07,0.72,-9.27E-07,4
-9.26E-07,0.72,-9.26E-07,4
-9.25E-07,0.72,-9.25E-07,4
-9.24E-07,0.72,-9.24E-07,4
-9.23E-07,0.72,-9.23E-07,4
-9.22E-07,0.72,-9.22E-07,4
-9.21E-07,0.72,-9.21E-07,4
-9.20E-07,0.72,-9.20E-07,4
-9.19E-07,0.72,-9.19E-07,4
-9.18E-07,0.72,-9.18E-07,4
-9.17E-07,0.72,-9.17E-07,4
-9.16E-07,0.72,-9.16E-07,4
-9.15E-07,0.72,-9.15E-07,4
-9.14E-07,0.72,-9.14E-07,4
-9.13E-07,0.72,-9.13E-07,4
-9.12E-07,0.72,-9.12E-07,4
-9.11E-07,0.72,-9.11E-07,4
-9.10E-07,0.72,-9.10E-07,4
-9.09E-07,0.72,-9.09E-07,4
-9.08E-07,0.72,-9.08E-07,4
-9.07E-07,0.72,-9.07E-07,4
-9.06E-07,0.72,-9.06E-07,4
-9.05E-07,0.72,-9.05E-07,8
-9.04E-07,0.72,-9.04E-07,4
-9.03E-07,0.72,-9.03E-07,4
-9.02E-07,0.72,-9.02E-07,4
-9.01E-07,0.72,-9.01E-07,4
-9.00E-07,0.72,-9.00E-07,4
-8.99E-07,0.72,-8.99E-07,4
-8.98E-07,0.72,-8.98E-07,4
-8.97E-07,0.72,-8.97E-07,4
-8.96E-07,0.72,-8.96E-07,4
-8.95E-07,0.72,-8.95E-07,4
-8.94E-07,0.72,-8.94E-07,4
-8.93E-07,0.64,-8.93E-07,4
-8.92E-07,0.72,-8.92E-07,4
-8.91E-07,0.72,-8.91E-07,4
-8.90E-07,0.72,-8.90E-07,4
-8.89E-07,0.72,-8.89E-07,4
-8.88E-07,0.72,-8.88E-07,4
-8.87E-07,0.72,-8.87E-07,4
-8.86E-07,0.72,-8.86E-07,4
-8.85E-07,0.72,-8.85E-07,4
-8.84E-07,0.72,-8.84E-07,4
-8.83E-07,0.72,-8.83E-07,4
-8.82E-07,0.72,-8.82E-07,4
-8.81E-07,0.72,-8.81E-07,4
-8.80E-07,0.72,-8.80E-07,4
-8.79E-07,0.72,-8.79E-07,4
-8.78E-07,0.72,-8.78E-07,4
-8.77E-07,0.72,-8.77E-07,4
-8.76E-07,0.72,-8.76E-07,4
-8.75E-07,0.72,-8.75E-07,4
-8.74E-07,0.72,-8.74E-07,4
-8.73E-07,0.72,-8.73E-07,4
-8.72E-07,0.72,-8.72E-07,4
-8.71E-07,0.64,-8.71E-07,4
-8.70E-07,0.72,-8.70E-07,4
-8.69E-07,0.72,-8.69E-07,4
-8.68E-07,0.72,-8.68E-07,4
-8.67E-07,0.72,-8.67E-07,4
-8.66E-07,0.72,-8.66E-07,4
-8.65E-07,0.72,-8.65E-07,4
-8.64E-07,0.64,-8.64E-07,4
-8.63E-07,0.72,-8.63E-07,4
-8.62E-07,0.72,-8.62E-07,4
-8.61E-07,0.72,-8.61E-07,4
-8.60E-07,0.72,-8.60E-07,4
-8.59E-07,0.72,-8.59E-07,4
-8.58E-07,0.72,-8.58E-07,4
-8.57E-07,0.72,-8.57E-07,8
-8.56E-07,0.72,-8.56E-07,4
-8.55E-07,0.72,-8.55E-07,4
-8.54E-07,0.72,-8.54E-07,4
-8.53E-07,0.72,-8.53E-07,8
-8.52E-07,0.72,-8.52E-07,4
-8.51E-07,0.72,-8.51E-07,4
-8.50E-07,0.72,-8.50E-07,4
-8.49E-07,0.72,-8.49E-07,4
-8.48E-07,0.72,-8.48E-07,4
-8.47E-07,0.72,-8.47E-07,4
-8.46E-07,0.72,-8.46E-07,4
-8.45E-07,0.72,-8.45E-07,4
-8.44E-07,0.72,-8.44E-07,4
-8.43E-07,0.72,-8.43E-07,4
-8.42E-07,0.72,-8.42E-07,4
-8.41E-07,0.72,-8.41E-07,4
-8.40E-07,0.72,-8.40E-07,4
-8.39E-07,0.72,-8.39E-07,4
-8.38E-07,0.72,-8.38E-07,4
-8.37E-07,0.72,-8.37E-07,4
-8.36E-07,0.72,-8.36E-07,4
-8.35E-07,0.72,-8.35E-07,4
-8.34E-07,0.64,-8.34E-07,4
-8.33E-07,0.72,-8.33E-07,4
-8.32E-07,0.72,-8.32E-07,4
-8.31E-07,0.72,-8.31E-07,4
-8.30E-07,0.72,-8.30E-07,4
-8.29E-07,0.72,-8.29E-07,4
-8.28E-07,0.72,-8.28E-07,4
-8.27E-07,0.72,-8.27E-07,4
-8.26E-07,0.72,-8.26E-07,4
-8.25E-07,0.72,-8.25E-07,4
-8.24E-07,0.72,-8.24E-07,4
-8.23E-07,0.72,-8.23E-07,4
-8.22E-07,0.72,-8.22E-07,4
-8.21E-07,0.72,-8.21E-07,4
-8.20E-07,0.72,-8.20E-07,4
-8.19E-07,0.72,-8.19E-07,4
-8.18E-07,0.72,-8.18E-07,4
-8.17E-07,0.72,-8.17E-07,4
-8.16E-07,0.72,-8.16E-07,4
-8.15E-07,0.72,-8.15E-07,4
-8.14E-07,0.72,-8.14E-07,4
-8.13E-07,0.72,-8.13E-07,4
-8.12E-07,0.72,-8.12E-07,4
-8.11E-07,0.72,-8.11E-07,4
-8.10E-07,0.72,-8.10E-07,4
-8.09E-07,0.72,-8.09E-07,4
-8.08E-07,0.72,-8.08E-07,4
-8.07E-07,0.72,-8.07E-07,4
-8.06E-07,0.72,-8.06E-07,4
-8.05E-07,0.72,-8.05E-07,4
-8.04E-07,0.72,-8.04E-07,4
-8.03E-07,0.72,-8.03E-07,4
-8.02E-07,0.72,-8.02E-07,4
-8.01E-07,0.72,-8.01E-07,4
-8.00E-07,0.72,-8.00E-07,4
-7.99E-07,0.64,-7.99E-07,4
-7.98E-07,0.72,-7.98E-07,4
-7.97E-07,0.72,-7.97E-07,4
-7.96E-07,0.72,-7.96E-07,4
-7.95E-07,0.72,-7.95E-07,4
-7.94E-07,0.72,-7.94E-07,4
-7.93E-07,0.64,-7.93E-07,4
-7.92E-07,0.72,-7.92E-07,4
-7.91E-07,0.64,-7.91E-07,4
-7.90E-07,0.72,-7.90E-07,4
-7.89E-07,0.72,-7.89E-07,4
-7.88E-07,0.72,-7.88E-07,4
-7.87E-07,0.72,-7.87E-07,4
-7.86E-07,0.72,-7.86E-07,4
-7.85E-07,0.72,-7.85E-07,4
-7.84E-07,0.72,-7.84E-07,4
-7.83E-07,0.72,-7.83E-07,4
-7.82E-07,0.72,-7.82E-07,4
-7.81E-07,0.72,-7.81E-07,4
-7.80E-07,0.72,-7.80E-07,4
-7.79E-07,0.72,-7.79E-07,4
-7.78E-07,0.72,-7.78E-07,4
-7.77E-07,0.72,-7.77E-07,4
-7.76E-07,0.72,-7.76E-07,4
-7.75E-07,0.72,-7.75E-07,8
-7.74E-07,0.72,-7.74E-07,4
-7.73E-07,0.72,-7.73E-07,4
-7.72E-07,0.72,-7.72E-07,4
-7.71E-07,0.64,-7.71E-07,4
-7.70E-07,0.72,-7.70E-07,4
-7.69E-07,0.72,-7.69E-07,4
-7.68E-07,0.72,-7.68E-07,4
-7.67E-07,0.72,-7.67E-07,4
-7.66E-07,0.72,-7.66E-07,4
-7.65E-07,0.72,-7.65E-07,8
-7.64E-07,0.72,-7.64E-07,4
-7.63E-07,0.64,-7.63E-07,8
-7.62E-07,0.72,-7.62E-07,4
-7.61E-07,0.72,-7.61E-07,4
-7.60E-07,0.72,-7.60E-07,4
-7.59E-07,0.72,-7.59E-07,4
-7.58E-07,0.72,-7.58E-07,4
-7.57E-07,0.72,-7.57E-07,4
-7.56E-07,0.72,-7.56E-07,4
-7.55E-07,0.72,-7.55E-07,4
-7.54E-07,0.72,-7.54E-07,4
-7.53E-07,0.72,-7.53E-07,4
-7.52E-07,0.72,-7.52E-07,4
-7.51E-07,0.72,-7.51E-07,4
-7.50E-07,0.72,-7.50E-07,4
-7.49E-07,0.72,-7.49E-07,4
-7.48E-07,0.72,-7.48E-07,4
-7.47E-07,0.72,-7.47E-07,4
-7.46E-07,0.72,-7.46E-07,4
-7.45E-07,0.72,-7.45E-07,4
-7.44E-07,0.72,-7.44E-07,4
-7.43E-07,0.72,-7.43E-07,4
-7.42E-07,0.72,-7.42E-07,4
-7.41E-07,0.72,-7.41E-07,4
-7.40E-07,0.72,-7.40E-07,4
-7.39E-07,0.72,-7.39E-07,4
-7.38E-07,0.72,-7.38E-07,4
-7.37E-07,0.72,-7.37E-07,4
-7.36E-07,0.72,-7.36E-07,4
-7.35E-07,0.72,-7.35E-07,4
-7.34E-07,0.72,-7.34E-07,4
-7.33E-07,0.64,-7.33E-07,4
-7.32E-07,0.72,-7.32E-07,4
-7.31E-07,0.64,-7.31E-07,4
-7.30E-07,0.72,-7.30E-07,4
-7.29E-07,0.72,-7.29E-07,4
-7.28E-07,0.72,-7.28E-07,4
-7.27E-07,0.64,-7.27E-07,8
-7.26E-07,0.72,-7.26E-07,4
-7.25E-07,0.72,-7.25E-07,8
-7.24E-07,0.72,-7.24E-07,4
-7.23E-07,0.72,-7.23E-07,4
-7.22E-07,0.72,-7.22E-07,4
-7.21E-07,0.72,-7.21E-07,8
-7.20E-07,0.72,-7.20E-07,4
-7.19E-07,0.72,-7.19E-07,4
-7.18E-07,0.72,-7.18E-07,4
-7.17E-07,0.72,-7.17E-07,4
-7.16E-07,0.72,-7.16E-07,4
-7.15E-07,0.72,-7.15E-07,4
-7.14E-07,0.72,-7.14E-07,4
-7.13E-07,0.72,-7.13E-07,4
-7.12E-07,0.72,-7.12E-07,4
-7.11E-07,0.72,-7.11E-07,4
-7.10E-07,0.72,-7.10E-07,4
-7.09E-07,0.72,-7.09E-07,4
-7.08E-07,0.72,-7.08E-07,4
-7.07E-07,0.72,-7.07E-07,4
-7.06E-07,0.72,-7.06E-07,4
-7.05E-07,0.72,-7.05E-07,4
-7.04E-07,0.64,-7.04E-07,0
-7.03E-07,0.72,-7.03E-07,4
-7.02E-07,0.72,-7.02E-07,4
-7.01E-07,0.72,-7.01E-07,4
-7.00E-07,0.72,-7.00E-07,4
-6.99E-07,0.72,-6.99E-07,4
-6.98E-07,0.72,-6.98E-07,4
-6.97E-07,0.72,-6.97E-07,4
-6.96E-07,0.72,-6.96E-07,4
-6.95E-07,0.72,-6.95E-07,8
-6.94E-07,0.72,-6.94E-07,4
-6.93E-07,0.72,-6.93E-07,4
-6.92E-07,0.72,-6.92E-07,4
-6.91E-07,0.72,-6.91E-07,4
-6.90E-07,0.72,-6.90E-07,4
-6.89E-07,0.64,-6.89E-07,8
-6.88E-07,0.72,-6.88E-07,4
-6.87E-07,0.72,-6.87E-07,4
-6.86E-07,0.72,-6.86E-07,4
-6.85E-07,0.72,-6.85E-07,4
-6.84E-07,0.72,-6.84E-07,4
-6.83E-07,0.72,-6.83E-07,4
-6.82E-07,0.72,-6.82E-07,4
-6.81E-07,0.72,-6.81E-07,4
-6.80E-07,0.72,-6.80E-07,4
-6.79E-07,0.72,-6.79E-07,4
-6.78E-07,0.72,-6.78E-07,4
-6.77E-07,0.72,-6.77E-07,4
-6.76E-07,0.64,-6.76E-07,4
-6.75E-07,0.72,-6.75E-07,8
-6.74E-07,0.72,-6.74E-07,4
-6.73E-07,0.72,-6.73E-07,4
-6.72E-07,0.72,-6.72E-07,4
-6.71E-07,0.72,-6.71E-07,4
-6.70E-07,0.72,-6.70E-07,4
-6.69E-07,0.72,-6.69E-07,4
-6.68E-07,0.72,-6.68E-07,4
-6.67E-07,0.72,-6.67E-07,4
-6.66E-07,0.72,-6.66E-07,4
-6.65E-07,0.72,-6.65E-07,8
-6.64E-07,0.72,-6.64E-07,4
-6.63E-07,0.72,-6.63E-07,4
-6.62E-07,0.72,-6.62E-07,4
-6.61E-07,0.72,-6.61E-07,4
-6.60E-07,0.72,-6.60E-07,4
-6.59E-07,0.72,-6.59E-07,4
-6.58E-07,0.72,-6.58E-07,0
-6.57E-07,0.64,-6.57E-07,4
-6.56E-07,0.72,-6.56E-07,4
-6.55E-07,0.72,-6.55E-07,4
-6.54E-07,0.72,-6.54E-07,4
-6.53E-07,0.64,-6.53E-07,4
-6.52E-07,0.72,-6.52E-07,4
-6.51E-07,0.72,-6.51E-07,4
-6.50E-07,0.72,-6.50E-07,4
-6.49E-07,0.72,-6.49E-07,4
-6.48E-07,0.72,-6.48E-07,4
-6.47E-07,0.72,-6.47E-07,4
-6.46E-07,0.72,-6.46E-07,4
-6.45E-07,0.72,-6.45E-07,4
-6.44E-07,0.72,-6.44E-07,4
-6.43E-07,0.72,-6.43E-07,4
-6.42E-07,0.72,-6.42E-07,4
-6.41E-07,0.72,-6.41E-07,4
-6.40E-07,0.72,-6.40E-07,4
-6.39E-07,0.72,-6.39E-07,4
-6.38E-07,0.72,-6.38E-07,4
-6.37E-07,0.72,-6.37E-07,4
-6.36E-07,0.72,-6.36E-07,4
-6.35E-07,0.72,-6.35E-07,4
-6.34E-07,0.72,-6.34E-07,4
-6.33E-07,0.72,-6.33E-07,4
-6.32E-07,0.72,-6.32E-07,4
-6.31E-07,0.64,-6.31E-07,4
-6.30E-07,0.72,-6.30E-07,4
-6.29E-07,0.64,-6.29E-07,4
-6.28E-07,0.72,-6.28E-07,4
-6.27E-07,0.72,-6.27E-07,4
-6.26E-07,0.72,-6.26E-07,4
-6.25E-07,0.72,-6.25E-07,4
-6.24E-07,0.72,-6.24E-07,4
-6.23E-07,0.64,-6.23E-07,8
-6.22E-07,0.72,-6.22E-07,4
-6.21E-07,0.72,-6.21E-07,4
-6.20E-07,0.72,-6.20E-07,4
-6.19E-07,0.72,-6.19E-07,4
-6.18E-07,0.72,-6.18E-07,4
-6.17E-07,0.72,-6.17E-07,4
-6.16E-07,0.72,-6.16E-07,4
-6.15E-07,0.72,-6.15E-07,4
-6.14E-07,0.72,-6.14E-07,4
-6.13E-07,0.72,-6.13E-07,4
-6.12E-07,0.72,-6.12E-07,4
-6.11E-07,0.72,-6.11E-07,8
-6.10E-07,0.72,-6.10E-07,4
-6.09E-07,0.72,-6.09E-07,4
-6.08E-07,0.72,-6.08E-07,4
-6.07E-07,0.72,-6.07E-07,4
-6.06E-07,0.72,-6.06E-07,4
-6.05E-07,0.72,-6.05E-07,4
-6.04E-07,0.72,-6.04E-07,4
-6.03E-07,0.72,-6.03E-07,4
-6.02E-07,0.72,-6.02E-07,4
-6.01E-07,0.72,-6.01E-07,4
-6.00E-07,0.72,-6.00E-07,4
-5.99E-07,0.72,-5.99E-07,4
-5.98E-07,0.72,-5.98E-07,4
-5.97E-07,0.72,-5.97E-07,4
-5.96E-07,0.72,-5.96E-07,4
-5.95E-07,0.72,-5.95E-07,4
-5.94E-07,0.72,-5.94E-07,4
-5.93E-07,0.72,-5.93E-07,4
-5.92E-07,0.72,-5.92E-07,4
-5.91E-07,0.72,-5.91E-07,4
-5.90E-07,0.72,-5.90E-07,4
-5.89E-07,0.72,-5.89E-07,4
-5.88E-07,0.72,-5.88E-07,4
-5.87E-07,0.72,-5.87E-07,4
-5.86E-07,0.72,-5.86E-07,4
-5.85E-07,0.72,-5.85E-07,4
-5.84E-07,0.72,-5.84E-07,4
-5.83E-07,0.72,-5.83E-07,4
-5.82E-07,0.72,-5.82E-07,4
-5.81E-07,0.72,-5.81E-07,4
-5.80E-07,0.72,-5.80E-07,4
-5.79E-07,0.72,-5.79E-07,4
-5.78E-07,0.72,-5.78E-07,4
-5.77E-07,0.72,-5.77E-07,4
-5.76E-07,0.72,-5.76E-07,4
-5.75E-07,0.72,-5.75E-07,4
-5.74E-07,0.72,-5.74E-07,4
-5.73E-07,0.72,-5.73E-07,4
-5.72E-07,0.72,-5.72E-07,4
-5.71E-07,0.72,-5.71E-07,4
-5.70E-07,0.72,-5.70E-07,4
-5.69E-07,0.72,-5.69E-07,4
-5.68E-07,0.72,-5.68E-07,4
-5.67E-07,0.72,-5.67E-07,4
-5.66E-07,0.72,-5.66E-07,4
-5.65E-07,0.72,-5.65E-07,8
-5.64E-07,0.72,-5.64E-07,4
-5.63E-07,0.72,-5.63E-07,8
-5.62E-07,0.72,-5.62E-07,4
-5.61E-07,0.72,-5.61E-07,4
-5.60E-07,0.72,-5.60E-07,4
-5.59E-07,0.72,-5.59E-07,4
-5.58E-07,0.72,-5.58E-07,4
-5.57E-07,0.72,-5.57E-07,4
-5.56E-07,0.72,-5.56E-07,4
-5.55E-07,0.72,-5.55E-07,8
-5.54E-07,0.72,-5.54E-07,4
-5.53E-07,0.72,-5.53E-07,4
-5.52E-07,0.72,-5.52E-07,4
-5.51E-07,0.64,-5.51E-07,4
-5.50E-07,0.72,-5.50E-07,4
-5.49E-07,0.64,-5.49E-07,4
-5.48E-07,0.72,-5.48E-07,4
-5.47E-07,0.64,-5.47E-07,8
-5.46E-07,0.72,-5.46E-07,4
-5.45E-07,0.72,-5.45E-07,4
-5.44E-07,0.72,-5.44E-07,4
-5.43E-07,0.72,-5.43E-07,4
-5.42E-07,0.72,-5.42E-07,4
-5.41E-07,0.72,-5.41E-07,4
-5.40E-07,0.72,-5.40E-07,4
-5.39E-07,0.72,-5.39E-07,4
-5.38E-07,0.72,-5.38E-07,4
-5.37E-07,0.72,-5.37E-07,4
-5.36E-07,0.72,-5.36E-07,4
-5.35E-07,0.72,-5.35E-07,4
-5.34E-07,0.72,-5.34E-07,4
-5.33E-07,0.72,-5.33E-07,4
-5.32E-07,0.72,-5.32E-07,4
-5.31E-07,0.72,-5.31E-07,4
-5.30E-07,0.72,-5.30E-07,4
-5.29E-07,0.72,-5.29E-07,4
-5.28E-07,0.72,-5.28E-07,4
-5.27E-07,0.72,-5.27E-07,4
-5.26E-07,0.72,-5.26E-07,4
-5.25E-07,0.72,-5.25E-07,4
-5.24E-07,0.72,-5.24E-07,4
-5.23E-07,0.72,-5.23E-07,8
-5.22E-07,0.72,-5.22E-07,4
-5.21E-07,0.72,-5.21E-07,4
-5.20E-07,0.72,-5.20E-07,4
-5.19E-07,0.72,-5.19E-07,4
-5.18E-07,0.72,-5.18E-07,4
-5.17E-07,0.72,-5.17E-07,8
-5.16E-07,0.72,-5.16E-07,4
-5.15E-07,0.72,-5.15E-07,4
-5.14E-07,0.72,-5.14E-07,4
-5.13E-07,0.72,-5.13E-07,4
-5.12E-07,0.72,-5.12E-07,4
-5.11E-07,0.72,-5.11E-07,4
-5.10E-07,0.72,-5.10E-07,4
-5.09E-07,0.64,-5.09E-07,4
-5.08E-07,0.72,-5.08E-07,4
-5.07E-07,0.64,-5.07E-07,4
-5.06E-07,0.72,-5.06E-07,4
-5.05E-07,0.72,-5.05E-07,4
-5.04E-07,0.72,-5.04E-07,4
-5.03E-07,0.72,-5.03E-07,8
-5.02E-07,0.72,-5.02E-07,4
-5.01E-07,0.64,-5.01E-07,4
-5.00E-07,0.72,-5.00E-07,4
-4.99E-07,0.72,-4.99E-07,4
-4.98E-07,0.72,-4.98E-07,4
-4.97E-07,0.72,-4.97E-07,4
-4.96E-07,0.72,-4.96E-07,4
-4.95E-07,0.72,-4.95E-07,4
-4.94E-07,0.72,-4.94E-07,4
-4.93E-07,0.72,-4.93E-07,4
-4.92E-07,0.72,-4.92E-07,4
-4.91E-07,0.72,-4.91E-07,4
-4.90E-07,0.72,-4.90E-07,4
-4.89E-07,0.72,-4.89E-07,4
-4.88E-07,0.72,-4.88E-07,4
-4.87E-07,0.64,-4.87E-07,4
-4.86E-07,0.72,-4.86E-07,4
-4.85E-07,0.72,-4.85E-07,4
-4.84E-07,0.72,-4.84E-07,4
-4.83E-07,0.72,-4.83E-07,4
-4.82E-07,0.72,-4.82E-07,4
-4.81E-07,0.72,-4.81E-07,4
-4.80E-07,0.72,-4.80E-07,4
-4.79E-07,0.72,-4.79E-07,4
-4.78E-07,0.72,-4.78E-07,4
-4.77E-07,0.72,-4.77E-07,8
-4.76E-07,0.72,-4.76E-07,4
-4.75E-07,0.72,-4.75E-07,4
-4.74E-07,0.72,-4.74E-07,4
-4.73E-07,0.72,-4.73E-07,4
-4.72E-07,0.72,-4.72E-07,4
-4.71E-07,0.64,-4.71E-07,4
-4.70E-07,0.72,-4.70E-07,4
-4.69E-07,0.64,-4.69E-07,4
-4.68E-07,0.72,-4.68E-07,4
-4.67E-07,0.72,-4.67E-07,8
-4.66E-07,0.72,-4.66E-07,4
-4.65E-07,0.64,-4.65E-07,4
-4.64E-07,0.72,-4.64E-07,4
-4.63E-07,0.64,-4.63E-07,4
-4.62E-07,0.72,-4.62E-07,4
-4.61E-07,0.72,-4.61E-07,4
-4.60E-07,0.72,-4.60E-07,4
-4.59E-07,0.72,-4.59E-07,4
-4.58E-07,0.72,-4.58E-07,4
-4.57E-07,0.64,-4.57E-07,4
-4.56E-07,0.72,-4.56E-07,4
-4.55E-07,0.72,-4.55E-07,4
-4.54E-07,0.72,-4.54E-07,4
-4.53E-07,0.72,-4.53E-07,4
-4.52E-07,0.72,-4.52E-07,4
-4.51E-07,0.72,-4.51E-07,4
-4.50E-07,0.72,-4.50E-07,4
-4.49E-07,0.72,-4.49E-07,4
-4.48E-07,0.72,-4.48E-07,4
-4.47E-07,0.72,-4.47E-07,4
-4.46E-07,0.72,-4.46E-07,4
-4.45E-07,0.72,-4.45E-07,4
-4.44E-07,0.72,-4.44E-07,4
-4.43E-07,0.72,-4.43E-07,4
-4.42E-07,0.72,-4.42E-07,4
-4.41E-07,0.72,-4.41E-07,4
-4.40E-07,0.72,-4.40E-07,4
-4.39E-07,0.72,-4.39E-07,4
-4.38E-07,0.72,-4.38E-07,4
-4.37E-07,0.72,-4.37E-07,4
-4.36E-07,0.72,-4.36E-07,4
-4.35E-07,0.64,-4.35E-07,4
-4.34E-07,0.72,-4.34E-07,4
-4.33E-07,0.72,-4.33E-07,4
-4.32E-07,0.72,-4.32E-07,4
-4.31E-07,0.72,-4.31E-07,4
-4.30E-07,0.72,-4.30E-07,4
-4.29E-07,0.72,-4.29E-07,4
-4.28E-07,0.72,-4.28E-07,4
-4.27E-07,0.72,-4.27E-07,8
-4.26E-07,0.72,-4.26E-07,4
-4.25E-07,0.72,-4.25E-07,4
-4.24E-07,0.72,-4.24E-07,4
-4.23E-07,0.72,-4.23E-07,8
-4.22E-07,0.72,-4.22E-07,4
-4.21E-07,0.64,-4.21E-07,4
-4.20E-07,0.72,-4.20E-07,4
-4.19E-07,0.72,-4.19E-07,4
-4.18E-07,0.64,-4.18E-07,4
-4.17E-07,0.72,-4.17E-07,4
-4.16E-07,0.72,-4.16E-07,4
-4.15E-07,0.72,-4.15E-07,4
-4.14E-07,0.72,-4.14E-07,4
-4.13E-07,0.72,-4.13E-07,4
-4.12E-07,0.72,-4.12E-07,4
-4.11E-07,0.72,-4.11E-07,4
-4.10E-07,0.72,-4.10E-07,4
-4.09E-07,0.72,-4.09E-07,4
-4.08E-07,0.72,-4.08E-07,4
-4.07E-07,0.72,-4.07E-07,4
-4.06E-07,0.72,-4.06E-07,4
-4.05E-07,0.72,-4.05E-07,4
-4.04E-07,0.72,-4.04E-07,4
-4.03E-07,0.72,-4.03E-07,4
-4.02E-07,0.72,-4.02E-07,4
-4.01E-07,0.72,-4.01E-07,4
-4.00E-07,0.72,-4.00E-07,4
-3.99E-07,0.72,-3.99E-07,4
-3.98E-07,0.72,-3.98E-07,4
-3.97E-07,0.72,-3.97E-07,4
-3.96E-07,0.72,-3.96E-07,4
-3.95E-07,0.72,-3.95E-07,4
-3.94E-07,0.72,-3.94E-07,4
-3.93E-07,0.72,-3.93E-07,8
-3.92E-07,0.72,-3.92E-07,4
-3.91E-07,0.64,-3.91E-07,8
-3.90E-07,0.72,-3.90E-07,4
-3.89E-07,0.72,-3.89E-07,4
-3.88E-07,0.72,-3.88E-07,4
-3.87E-07,0.72,-3.87E-07,4
-3.86E-07,0.72,-3.86E-07,4
-3.85E-07,0.72,-3.85E-07,4
-3.84E-07,0.72,-3.84E-07,4
-3.83E-07,0.72,-3.83E-07,4
-3.82E-07,0.72,-3.82E-07,4
-3.81E-07,0.72,-3.81E-07,4
-3.80E-07,0.72,-3.80E-07,4
-3.79E-07,0.72,-3.79E-07,4
-3.78E-07,0.72,-3.78E-07,4
-3.77E-07,0.72,-3.77E-07,4
-3.76E-07,0.72,-3.76E-07,4
-3.75E-07,0.72,-3.75E-07,4
-3.74E-07,0.72,-3.74E-07,4
-3.73E-07,0.72,-3.73E-07,4
-3.72E-07,0.64,-3.72E-07,4
-3.71E-07,0.72,-3.71E-07,4
-3.70E-07,0.72,-3.70E-07,4
-3.69E-07,0.72,-3.69E-07,4
-3.68E-07,0.72,-3.68E-07,4
-3.67E-07,0.72,-3.67E-07,4
-3.66E-07,0.72,-3.66E-07,4
-3.65E-07,0.64,-3.65E-07,4
-3.64E-07,0.72,-3.64E-07,4
-3.63E-07,0.72,-3.63E-07,4
-3.62E-07,0.72,-3.62E-07,4
-3.61E-07,0.72,-3.61E-07,4
-3.60E-07,0.72,-3.60E-07,4
-3.59E-07,0.72,-3.59E-07,4
-3.58E-07,0.72,-3.58E-07,4
-3.57E-07,0.72,-3.57E-07,4
-3.56E-07,0.72,-3.56E-07,4
-3.55E-07,0.72,-3.55E-07,4
-3.54E-07,0.72,-3.54E-07,0
-3.53E-07,0.72,-3.53E-07,4
-3.52E-07,0.72,-3.52E-07,4
-3.51E-07,0.72,-3.51E-07,4
-3.50E-07,0.72,-3.50E-07,4
-3.49E-07,0.72,-3.49E-07,4
-3.48E-07,0.72,-3.48E-07,4
-3.47E-07,0.72,-3.47E-07,4
-3.46E-07,0.72,-3.46E-07,4
-3.45E-07,0.72,-3.45E-07,8
-3.44E-07,0.72,-3.44E-07,4
-3.43E-07,0.72,-3.43E-07,4
-3.42E-07,0.72,-3.42E-07,4
-3.41E-07,0.72,-3.41E-07,4
-3.40E-07,0.72,-3.40E-07,4
-3.39E-07,0.72,-3.39E-07,4
-3.38E-07,0.72,-3.38E-07,4
-3.37E-07,0.72,-3.37E-07,4
-3.36E-07,0.72,-3.36E-07,4
-3.35E-07,0.72,-3.35E-07,4
-3.34E-07,0.72,-3.34E-07,4
-3.33E-07,0.72,-3.33E-07,8
-3.32E-07,0.72,-3.32E-07,4
-3.31E-07,0.72,-3.31E-07,8
-3.30E-07,0.72,-3.30E-07,4
-3.29E-07,0.72,-3.29E-07,4
-3.28E-07,0.72,-3.28E-07,4
-3.27E-07,0.72,-3.27E-07,4
-3.26E-07,0.72,-3.26E-07,4
-3.25E-07,0.72,-3.25E-07,4
-3.24E-07,0.72,-3.24E-07,4
-3.23E-07,0.72,-3.23E-07,4
-3.22E-07,0.72,-3.22E-07,4
-3.21E-07,0.72,-3.21E-07,4
-3.20E-07,0.72,-3.20E-07,4
-3.19E-07,0.72,-3.19E-07,4
-3.18E-07,0.72,-3.18E-07,4
-3.17E-07,0.64,-3.17E-07,4
-3.16E-07,0.72,-3.16E-07,4
-3.15E-07,0.72,-3.15E-07,4
-3.14E-07,0.72,-3.14E-07,4
-3.13E-07,0.72,-3.13E-07,4
-3.12E-07,0.72,-3.12E-07,4
-3.11E-07,0.72,-3.11E-07,4
-3.10E-07,0.72,-3.10E-07,4
-3.09E-07,0.72,-3.09E-07,4
-3.08E-07,0.72,-3.08E-07,4
-3.07E-07,0.72,-3.07E-07,4
-3.06E-07,0.72,-3.06E-07,4
-3.05E-07,0.72,-3.05E-07,4
-3.04E-07,0.72,-3.04E-07,4
-3.03E-07,0.72,-3.03E-07,4
-3.02E-07,0.72,-3.02E-07,4
-3.01E-07,0.72,-3.01E-07,8
-3.00E-07,0.72,-3.00E-07,4
-2.99E-07,0.72,-2.99E-07,4
-2.98E-07,0.72,-2.98E-07,4
-2.97E-07,0.72,-2.97E-07,4
-2.96E-07,0.72,-2.96E-07,4
-2.95E-07,0.72,-2.95E-07,4
-2.94E-07,0.72,-2.94E-07,4
-2.93E-07,0.72,-2.93E-07,4
-2.92E-07,0.72,-2.92E-07,4
-2.91E-07,0.72,-2.91E-07,4
-2.90E-07,0.72,-2.90E-07,4
-2.89E-07,0.72,-2.89E-07,4
-2.88E-07,0.72,-2.88E-07,4
-2.87E-07,0.72,-2.87E-07,4
-2.86E-07,0.72,-2.86E-07,4
-2.85E-07,0.72,-2.85E-07,4
-2.84E-07,0.72,-2.84E-07,4
-2.83E-07,0.72,-2.83E-07,4
-2.82E-07,0.72,-2.82E-07,4
-2.81E-07,0.72,-2.81E-07,4
-2.80E-07,0.72,-2.80E-07,4
-2.79E-07,0.72,-2.79E-07,4
-2.78E-07,0.72,-2.78E-07,4
-2.77E-07,0.72,-2.77E-07,4
-2.76E-07,0.72,-2.76E-07,4
-2.75E-07,0.72,-2.75E-07,4
-2.74E-07,0.72,-2.74E-07,4
-2.73E-07,0.72,-2.73E-07,4
-2.72E-07,0.72,-2.72E-07,4
-2.71E-07,0.72,-2.71E-07,4
-2.70E-07,0.72,-2.70E-07,4
-2.69E-07,0.72,-2.69E-07,8
-2.68E-07,0.72,-2.68E-07,4
-2.67E-07,0.72,-2.67E-07,4
-2.66E-07,0.72,-2.66E-07,4
-2.65E-07,0.72,-2.65E-07,4
-2.64E-07,0.72,-2.64E-07,4
-2.63E-07,0.72,-2.63E-07,4
-2.62E-07,0.72,-2.62E-07,4
-2.61E-07,0.72,-2.61E-07,4
-2.60E-07,0.72,-2.60E-07,4
-2.59E-07,0.72,-2.59E-07,4
-2.58E-07,0.72,-2.58E-07,4
-2.57E-07,0.72,-2.57E-07,4
-2.56E-07,0.72,-2.56E-07,4
-2.55E-07,0.72,-2.55E-07,4
-2.54E-07,0.72,-2.54E-07,4
-2.53E-07,0.72,-2.53E-07,4
-2.52E-07,0.72,-2.52E-07,4
-2.51E-07,0.72,-2.51E-07,4
-2.50E-07,0.72,-2.50E-07,4
-2.49E-07,0.64,-2.49E-07,4
-2.48E-07,0.72,-2.48E-07,4
-2.47E-07,0.72,-2.47E-07,4
-2.46E-07,0.72,-2.46E-07,4
-2.45E-07,0.72,-2.45E-07,4
-2.44E-07,0.72,-2.44E-07,4
-2.43E-07,0.72,-2.43E-07,4
-2.42E-07,0.72,-2.42E-07,4
-2.41E-07,0.72,-2.41E-07,4
-2.40E-07,0.72,-2.40E-07,4
-2.39E-07,0.72,-2.39E-07,4
-2.38E-07,0.72,-2.38E-07,4
-2.37E-07,0.72,-2.37E-07,8
-2.36E-07,0.72,-2.36E-07,4
-2.35E-07,0.64,-2.35E-07,8
-2.34E-07,0.72,-2.34E-07,4
-2.33E-07,0.72,-2.33E-07,4
-2.32E-07,0.72,-2.32E-07,4
-2.31E-07,0.72,-2.31E-07,4
-2.30E-07,0.72,-2.30E-07,4
-2.29E-07,0.72,-2.29E-07,4
-2.28E-07,0.72,-2.28E-07,4
-2.27E-07,0.72,-2.27E-07,4
-2.26E-07,0.64,-2.26E-07,4
-2.25E-07,0.72,-2.25E-07,4
-2.24E-07,0.72,-2.24E-07,4
-2.23E-07,0.72,-2.23E-07,4
-2.22E-07,0.64,-2.22E-07,4
-2.21E-07,0.72,-2.21E-07,4
-2.20E-07,0.72,-2.20E-07,4
-2.19E-07,0.72,-2.19E-07,8
-2.18E-07,0.72,-2.18E-07,4
-2.17E-07,0.72,-2.17E-07,4
-2.16E-07,0.72,-2.16E-07,4
-2.15E-07,0.72,-2.15E-07,4
-2.14E-07,0.72,-2.14E-07,4
-2.13E-07,0.72,-2.13E-07,4
-2.12E-07,0.72,-2.12E-07,4
-2.11E-07,0.72,-2.11E-07,4
-2.10E-07,0.72,-2.10E-07,4
-2.09E-07,0.72,-2.09E-07,8
-2.08E-07,0.72,-2.08E-07,4
-2.07E-07,0.72,-2.07E-07,8
-2.06E-07,0.72,-2.06E-07,4
-2.05E-07,0.72,-2.05E-07,4
-2.04E-07,0.72,-2.04E-07,4
-2.03E-07,0.64,-2.03E-07,4
-2.02E-07,0.72,-2.02E-07,4
-2.01E-07,0.72,-2.01E-07,4
-2.00E-07,0.72,-2.00E-07,4
-1.99E-07,0.72,-1.99E-07,4
-1.98E-07,0.72,-1.98E-07,4
-1.97E-07,0.72,-1.97E-07,4
-1.96E-07,0.72,-1.96E-07,4
-1.95E-07,0.72,-1.95E-07,4
-1.94E-07,0.72,-1.94E-07,4
-1.93E-07,0.72,-1.93E-07,4
-1.92E-07,0.72,-1.92E-07,4
-1.91E-07,0.64,-1.91E-07,4
-1.90E-07,0.72,-1.90E-07,4
-1.89E-07,0.72,-1.89E-07,4
-1.88E-07,0.72,-1.88E-07,4
-1.87E-07,0.72,-1.87E-07,8
-1.86E-07,0.72,-1.86E-07,4
-1.85E-07,0.72,-1.85E-07,8
-1.84E-07,0.72,-1.84E-07,4
-1.83E-07,0.72,-1.83E-07,4
-1.82E-07,0.72,-1.82E-07,4
-1.81E-07,0.72,-1.81E-07,4
-1.80E-07,0.72,-1.80E-07,4
-1.79E-07,0.72,-1.79E-07,4
-1.78E-07,0.72,-1.78E-07,4
-1.77E-07,0.64,-1.77E-07,4
-1.76E-07,0.72,-1.76E-07,4
-1.75E-07,0.72,-1.75E-07,4
-1.74E-07,0.72,-1.74E-07,4
-1.73E-07,0.8,-1.73E-07,4
-1.72E-07,0.72,-1.72E-07,4
-1.71E-07,0.72,-1.71E-07,4
-1.70E-07,0.72,-1.70E-07,4
-1.69E-07,0.72,-1.69E-07,8
-1.68E-07,0.72,-1.68E-07,4
-1.67E-07,0.72,-1.67E-07,4
-1.66E-07,0.72,-1.66E-07,4
-1.65E-07,0.72,-1.65E-07,4
-1.64E-07,0.72,-1.64E-07,4
-1.63E-07,0.72,-1.63E-07,8
-1.62E-07,0.8,-1.62E-07,4
-1.61E-07,0.8,-1.61E-07,4
-1.60E-07,0.8,-1.60E-07,4
-1.59E-07,0.8,-1.59E-07,4
-1.58E-07,0.8,-1.58E-07,4
-1.57E-07,0.72,-1.57E-07,8
-1.56E-07,0.72,-1.56E-07,4
-1.55E-07,0.72,-1.55E-07,4
-1.54E-07,0.72,-1.54E-07,4
-1.53E-07,0.72,-1.53E-07,4
-1.52E-07,0.8,-1.52E-07,4
-1.51E-07,0.8,-1.51E-07,8
-1.50E-07,0.8,-1.50E-07,4
-1.49E-07,0.8,-1.49E-07,4
-1.48E-07,0.8,-1.48E-07,4
-1.47E-07,0.8,-1.47E-07,4
-1.46E-07,0.8,-1.46E-07,4
-1.45E-07,0.8,-1.45E-07,8
-1.44E-07,0.8,-1.44E-07,4
-1.43E-07,0.8,-1.43E-07,4
-1.42E-07,0.8,-1.42E-07,4
-1.41E-07,0.8,-1.41E-07,8
-1.40E-07,0.8,-1.40E-07,4
-1.39E-07,0.72,-1.39E-07,4
-1.38E-07,0.8,-1.38E-07,4
-1.37E-07,0.8,-1.37E-07,4
-1.36E-07,0.8,-1.36E-07,4
-1.35E-07,0.8,-1.35E-07,4
-1.34E-07,0.8,-1.34E-07,4
-1.33E-07,0.72,-1.33E-07,4
-1.32E-07,0.8,-1.32E-07,4
-1.31E-07,0.8,-1.31E-07,4
-1.30E-07,0.8,-1.30E-07,4
-1.29E-07,0.8,-1.29E-07,4
-1.28E-07,0.8,-1.28E-07,4
-1.27E-07,0.8,-1.27E-07,4
-1.26E-07,0.8,-1.26E-07,4
-1.25E-07,0.8,-1.25E-07,4
-1.24E-07,0.72,-1.24E-07,4
-1.23E-07,0.72,-1.23E-07,4
-1.22E-07,0.8,-1.22E-07,4
-1.21E-07,0.8,-1.21E-07,4
-1.20E-07,0.8,-1.20E-07,4
-1.19E-07,0.8,-1.19E-07,4
-1.18E-07,0.8,-1.18E-07,4
-1.17E-07,0.8,-1.17E-07,4
-1.16E-07,0.8,-1.16E-07,4
-1.15E-07,0.8,-1.15E-07,4
-1.14E-07,0.8,-1.14E-07,4
-1.13E-07,0.8,-1.13E-07,4
-1.12E-07,0.8,-1.12E-07,4
-1.11E-07,0.8,-1.11E-07,4
-1.10E-07,0.8,-1.10E-07,4
-1.09E-07,0.72,-1.09E-07,4
-1.08E-07,0.72,-1.08E-07,4
-1.07E-07,0.72,-1.07E-07,4
-1.06E-07,0.72,-1.06E-07,4
-1.05E-07,0.72,-1.05E-07,8
-1.04E-07,0.8,-1.04E-07,4
-1.03E-07,0.8,-1.03E-07,4
-1.02E-07,0.8,-1.02E-07,4
-1.01E-07,0.8,-1.01E-07,4
-1.00E-07,0.8,-1.00E-07,4
-9.90E-08,0.72,-9.90E-08,8
-9.80E-08,0.72,-9.80E-08,4
-9.70E-08,0.72,-9.70E-08,4
-9.60E-08,0.72,-9.60E-08,4
-9.50E-08,0.72,-9.50E-08,4
-9.40E-08,0.8,-9.40E-08,4
-9.30E-08,0.72,-9.30E-08,4
-9.20E-08,0.72,-9.20E-08,4
-9.10E-08,0.72,-9.10E-08,4
-9.00E-08,0.72,-9.00E-08,4
-8.90E-08,0.72,-8.90E-08,4
-8.80E-08,0.8,-8.80E-08,4
-8.70E-08,0.8,-8.70E-08,4
-8.60E-08,0.72,-8.60E-08,4
-8.50E-08,0.72,-8.50E-08,8
-8.40E-08,0.72,-8.40E-08,4
-8.30E-08,0.72,-8.30E-08,4
-8.20E-08,0.72,-8.20E-08,4
-8.10E-08,0.72,-8.10E-08,4
-8.00E-08,0.72,-8.00E-08,4
-7.90E-08,0.72,-7.90E-08,8
-7.80E-08,0.72,-7.80E-08,4
-7.70E-08,0.64,-7.70E-08,4
-7.60E-08,0.64,-7.60E-08,4
-7.50E-08,0.72,-7.50E-08,4
-7.40E-08,0.64,-7.40E-08,4
-7.30E-08,0.64,-7.30E-08,8
-7.20E-08,0.72,-7.20E-08,4
-7.10E-08,0.72,-7.10E-08,4
-7.00E-08,0.72,-7.00E-08,4
-6.90E-08,0.72,-6.90E-08,4
-6.80E-08,0.64,-6.80E-08,4
-6.70E-08,0.64,-6.70E-08,4
-6.60E-08,0.64,-6.60E-08,4
-6.50E-08,0.64,-6.50E-08,4
-6.40E-08,0.64,-6.40E-08,4
-6.30E-08,0.64,-6.30E-08,4
-6.20E-08,0.64,-6.20E-08,4
-6.10E-08,0.64,-6.10E-08,4
-6.00E-08,0.64,-6.00E-08,4
-5.90E-08,0.64,-5.90E-08,4
-5.80E-08,0.64,-5.80E-08,4
-5.70E-08,0.64,-5.70E-08,4
-5.60E-08,0.64,-5.60E-08,4
-5.50E-08,0.64,-5.50E-08,4
-5.40E-08,0.64,-5.40E-08,4
-5.30E-08,0.64,-5.30E-08,4
-5.20E-08,0.64,-5.20E-08,4
-5.10E-08,0.64,-5.10E-08,4
-5.00E-08,0.72,-5.00E-08,4
-4.90E-08,0.88,-4.90E-08,4
-4.80E-08,1.12,-4.80E-08,4
-4.70E-08,1.44,-4.70E-08,4
-4.60E-08,1.84,-4.60E-08,4
-4.50E-08,2.24,-4.50E-08,8
-4.40E-08,2.8,-4.40E-08,4
-4.30E-08,3.36,-4.30E-08,8
-4.20E-08,4.08,-4.20E-08,8
-4.10E-08,4.88,-4.10E-08,12
-4.00E-08,5.68,-4.00E-08,8
-3.90E-08,6.72,-3.90E-08,12
-3.80E-08,7.68,-3.80E-08,12
-3.70E-08,8.56,-3.70E-08,16
-3.60E-08,8.88,-3.60E-08,16
-3.50E-08,8.96,-3.50E-08,16
-3.40E-08,8.96,-3.40E-08,16
-3.30E-08,8.8,-3.30E-08,20
-3.20E-08,8.64,-3.20E-08,20
-3.10E-08,8.56,-3.10E-08,24
-3.00E-08,8.48,-3.00E-08,20
-2.90E-08,8.4,-2.90E-08,24
-2.80E-08,8.32,-2.80E-08,24
-2.70E-08,8.24,-2.70E-08,28
-2.60E-08,8.4,-2.60E-08,28
-2.50E-08,8.8,-2.50E-08,32
-2.40E-08,9.2,-2.40E-08,32
-2.30E-08,9.44,-2.30E-08,36
-2.20E-08,9.6,-2.20E-08,32
-2.10E-08,9.6,-2.10E-08,36
-2.00E-08,9.52,-2.00E-08,36
-1.90E-08,9.44,-1.90E-08,40
-1.80E-08,9.28,-1.80E-08,40
-1.70E-08,9.12,-1.70E-08,44
-1.60E-08,8.96,-1.60E-08,48
-1.50E-08,8.72,-1.50E-08,52
-1.40E-08,8.4,-1.40E-08,52
-1.30E-08,8.16,-1.30E-08,60
-1.20E-08,7.84,-1.20E-08,64
-1.10E-08,7.6,-1.10E-08,68
-1.00E-08,7.28,-1.00E-08,72
-9.00E-09,6.96,-9.00E-09,80
-8.00E-09,6.56,-8.00E-09,80
-7.00E-09,6.32,-7.00E-09,92
-6.00E-09,6,-6.00E-09,96
-5.00E-09,5.76,-5.00E-09,104
-4.00E-09,5.52,-4.00E-09,108
-3.00E-09,5.36,-3.00E-09,116
-2.00E-09,5.12,-2.00E-09,124
-1.00E-09,4.88,-1.00E-09,128
2.52E-15,4.56,2.52E-15,140
1.00E-09,4.4,1.00E-09,148
2.00E-09,4.4,2.00E-09,152
3.00E-09,4.4,3.00E-09,164
4.00E-09,4.4,4.00E-09,172
5.00E-09,4.48,5.00E-09,176
6.00E-09,4.56,6.00E-09,188
7.00E-09,4.64,7.00E-09,196
8.00E-09,4.64,8.00E-09,204
9.00E-09,4.72,9.00E-09,212
1.00E-08,4.64,1.00E-08,220
1.10E-08,4.72,1.10E-08,228
1.20E-08,4.72,1.20E-08,240
1.30E-08,4.72,1.30E-08,248
1.40E-08,4.64,1.40E-08,256
1.50E-08,4.72,1.50E-08,264
1.60E-08,4.72,1.60E-08,272
1.70E-08,4.72,1.70E-08,276
1.80E-08,4.56,1.80E-08,288
1.90E-08,4.4,1.90E-08,296
2.00E-08,4.32,2.00E-08,300
2.10E-08,4.08,2.10E-08,308
2.20E-08,4,2.20E-08,312
2.30E-08,3.76,2.30E-08,320
2.40E-08,3.6,2.40E-08,324
2.50E-08,3.44,2.50E-08,332
2.60E-08,3.36,2.60E-08,336
2.70E-08,3.28,2.70E-08,344
2.80E-08,3.2,2.80E-08,348
2.90E-08,3.12,2.90E-08,352
3.00E-08,3.04,3.00E-08,356
3.10E-08,2.96,3.10E-08,360
3.20E-08,2.88,3.20E-08,364
3.30E-08,2.88,3.30E-08,364
3.40E-08,2.88,3.40E-08,368
3.50E-08,2.88,3.50E-08,372
3.60E-08,2.96,3.60E-08,372
3.70E-08,3.04,3.70E-08,376
3.80E-08,3.28,3.80E-08,376
3.90E-08,3.36,3.90E-08,376
4.00E-08,3.6,4.00E-08,376
4.10E-08,3.68,4.10E-08,376
4.20E-08,3.76,4.20E-08,376
4.30E-08,3.92,4.30E-08,376
4.40E-08,3.84,4.40E-08,376
4.50E-08,3.76,4.50E-08,376
4.60E-08,3.76,4.60E-08,376
4.70E-08,3.68,4.70E-08,376
4.80E-08,3.6,4.80E-08,376
4.90E-08,3.52,4.90E-08,376
5.00E-08,3.52,5.00E-08,376
5.10E-08,3.44,5.10E-08,380
5.20E-08,3.44,5.20E-08,380
5.30E-08,3.36,5.30E-08,380
5.40E-08,3.28,5.40E-08,380
5.50E-08,3.2,5.50E-08,380
5.60E-08,3.04,5.60E-08,380
5.70E-08,2.8,5.70E-08,380
5.80E-08,2.64,5.80E-08,380
5.90E-08,2.56,5.90E-08,380
6.00E-08,2.48,6.00E-08,380
6.10E-08,2.4,6.10E-08,380
6.20E-08,2.32,6.20E-08,384
6.30E-08,2.16,6.30E-08,384
6.40E-08,2,6.40E-08,384
6.50E-08,1.92,6.50E-08,384
6.60E-08,1.92,6.60E-08,384
6.70E-08,2,6.70E-08,384
6.80E-08,2.16,6.80E-08,384
6.90E-08,2.32,6.90E-08,384
7.00E-08,2.56,7.00E-08,388
7.10E-08,2.72,7.10E-08,384
7.20E-08,2.8,7.20E-08,388
7.30E-08,2.88,7.30E-08,388
7.40E-08,2.96,7.40E-08,392
7.50E-08,2.96,7.50E-08,392
7.60E-08,2.96,7.60E-08,392
7.70E-08,2.96,7.70E-08,392
7.80E-08,2.88,7.80E-08,396
7.90E-08,2.96,7.90E-08,396
8.00E-08,2.96,8.00E-08,396
8.10E-08,3.04,8.10E-08,400
8.20E-08,3.2,8.20E-08,404
8.30E-08,3.2,8.30E-08,404
8.40E-08,3.2,8.40E-08,404
8.50E-08,3.04,8.50E-08,404
8.60E-08,2.96,8.60E-08,404
8.70E-08,2.8,8.70E-08,408
8.80E-08,2.64,8.80E-08,408
8.90E-08,2.56,8.90E-08,408
9.00E-08,2.48,9.00E-08,408
9.10E-08,2.48,9.10E-08,408
9.20E-08,2.56,9.20E-08,404
9.30E-08,2.64,9.30E-08,408
9.40E-08,2.72,9.40E-08,404
9.50E-08,2.72,9.50E-08,404
9.60E-08,2.64,9.60E-08,404
9.70E-08,2.56,9.70E-08,404
9.80E-08,2.4,9.80E-08,400
9.90E-08,2.24,9.90E-08,400
1.00E-07,2.08,1.00E-07,400
1.01E-07,2,1.01E-07,400
1.02E-07,1.92,1.02E-07,396
1.03E-07,2,1.03E-07,400
1.04E-07,2,1.04E-07,396
1.05E-07,2.08,1.05E-07,396
1.06E-07,2.08,1.06E-07,396
1.07E-07,2.08,1.07E-07,396
1.08E-07,2,1.08E-07,396
1.09E-07,1.84,1.09E-07,400
1.10E-07,1.68,1.10E-07,396
1.11E-07,1.6,1.11E-07,400
1.12E-07,1.52,1.12E-07,400
1.13E-07,1.52,1.13E-07,400
1.14E-07,1.52,1.14E-07,404
1.15E-07,1.6,1.15E-07,404
1.16E-07,1.76,1.16E-07,404
1.17E-07,1.84,1.17E-07,404
1.18E-07,1.92,1.18E-07,404
1.19E-07,1.84,1.19E-07,408
1.20E-07,1.92,1.20E-07,408
1.21E-07,1.84,1.21E-07,408
1.22E-07,1.84,1.22E-07,408
1.23E-07,1.92,1.23E-07,408
1.24E-07,1.92,1.24E-07,412
1.25E-07,2,1.25E-07,412
1.26E-07,2.16,1.26E-07,412
1.27E-07,2.24,1.27E-07,412
1.28E-07,2.24,1.28E-07,412
1.29E-07,2.32,1.29E-07,416
1.30E-07,2.4,1.30E-07,412
1.31E-07,2.4,1.31E-07,416
1.32E-07,2.32,1.32E-07,416
1.33E-07,2.32,1.33E-07,416
1.34E-07,2.24,1.34E-07,416
1.35E-07,2.16,1.35E-07,416
1.36E-07,2.16,1.36E-07,416
1.37E-07,2.16,1.37E-07,416
1.38E-07,2.24,1.38E-07,416
1.39E-07,2.24,1.39E-07,420
1.40E-07,2.24,1.40E-07,416
1.41E-07,2.24,1.41E-07,420
1.42E-07,2.24,1.42E-07,420
1.43E-07,2.24,1.43E-07,420
1.44E-07,2.16,1.44E-07,420
1.45E-07,2.08,1.45E-07,420
1.46E-07,2.08,1.46E-07,416
1.47E-07,2,1.47E-07,420
1.48E-07,1.92,1.48E-07,416
1.49E-07,1.92,1.49E-07,420
1.50E-07,1.92,1.50E-07,416
1.51E-07,1.92,1.51E-07,420
1.52E-07,2,1.52E-07,416
1.53E-07,2,1.53E-07,416
1.54E-07,2,1.54E-07,416
1.55E-07,2,1.55E-07,416
1.56E-07,1.92,1.56E-07,416
1.57E-07,1.92,1.57E-07,416
1.58E-07,1.84,1.58E-07,416
1.59E-07,1.84,1.59E-07,416
1.60E-07,1.84,1.60E-07,416
1.61E-07,1.84,1.61E-07,416
1.62E-07,1.92,1.62E-07,416
1.63E-07,1.92,1.63E-07,420
1.64E-07,2,1.64E-07,416
1.65E-07,2,1.65E-07,420
1.66E-07,2,1.66E-07,416
1.67E-07,2,1.67E-07,420
1.68E-07,2,1.68E-07,420
1.69E-07,1.92,1.69E-07,420
1.70E-07,1.92,1.70E-07,420
1.71E-07,1.92,1.71E-07,424
1.72E-07,1.92,1.72E-07,420
1.73E-07,2,1.73E-07,424
1.74E-07,2,1.74E-07,420
1.75E-07,2.08,1.75E-07,424
1.76E-07,2.16,1.76E-07,424
1.77E-07,2.16,1.77E-07,424
1.78E-07,2.16,1.78E-07,424
1.79E-07,2.16,1.79E-07,424
1.80E-07,2.16,1.80E-07,424
1.81E-07,2.08,1.81E-07,424
1.82E-07,2.08,1.82E-07,424
1.83E-07,2,1.83E-07,424
1.84E-07,2.08,1.84E-07,424
1.85E-07,2,1.85E-07,424
1.86E-07,2.08,1.86E-07,424
1.87E-07,2,1.87E-07,424
1.88E-07,2,1.88E-07,420
1.89E-07,1.92,1.89E-07,424
1.90E-07,1.92,1.90E-07,420
1.91E-07,1.84,1.91E-07,424
1.92E-07,1.84,1.92E-07,420
1.93E-07,1.76,1.93E-07,420
1.94E-07,1.68,1.94E-07,420
1.95E-07,1.68,1.95E-07,420
1.96E-07,1.68,1.96E-07,420
1.97E-07,1.68,1.97E-07,420
1.98E-07,1.6,1.98E-07,420
1.99E-07,1.52,1.99E-07,420
2.00E-07,1.6,2.00E-07,420
2.01E-07,1.52,2.01E-07,420
2.02E-07,1.52,2.02E-07,420
2.03E-07,1.52,2.03E-07,420
2.04E-07,1.52,2.04E-07,420
2.05E-07,1.44,2.05E-07,420
2.06E-07,1.36,2.06E-07,420
2.07E-07,1.36,2.07E-07,420
2.08E-07,1.36,2.08E-07,420
2.09E-07,1.36,2.09E-07,420
2.10E-07,1.44,2.10E-07,420
2.11E-07,1.44,2.11E-07,420
2.12E-07,1.44,2.12E-07,420
2.13E-07,1.44,2.13E-07,420
2.14E-07,1.44,2.14E-07,420
2.15E-07,1.52,2.15E-07,424
2.16E-07,1.52,2.16E-07,420
2.17E-07,1.52,2.17E-07,424
2.18E-07,1.52,2.18E-07,424
2.19E-07,1.52,2.19E-07,424
2.20E-07,1.52,2.20E-07,424
2.21E-07,1.52,2.21E-07,424
2.22E-07,1.6,2.22E-07,424
2.23E-07,1.6,2.23E-07,424
2.24E-07,1.52,2.24E-07,424
2.25E-07,1.52,2.25E-07,424
2.26E-07,1.52,2.26E-07,424
2.27E-07,1.6,2.27E-07,428
2.28E-07,1.6,2.28E-07,424
2.29E-07,1.6,2.29E-07,424
2.30E-07,1.6,2.30E-07,424
2.31E-07,1.6,2.31E-07,428
2.32E-07,1.6,2.32E-07,424
2.33E-07,1.68,2.33E-07,428
2.34E-07,1.68,2.34E-07,424
2.35E-07,1.68,2.35E-07,428
2.36E-07,1.68,2.36E-07,424
2.37E-07,1.6,2.37E-07,428
2.38E-07,1.6,2.38E-07,424
2.39E-07,1.6,2.39E-07,424
2.40E-07,1.6,2.40E-07,424
2.41E-07,1.6,2.41E-07,424
2.42E-07,1.6,2.42E-07,424
2.43E-07,1.6,2.43E-07,428
2.44E-07,1.6,2.44E-07,424
2.45E-07,1.6,2.45E-07,424
2.46E-07,1.6,2.46E-07,424
2.47E-07,1.6,2.47E-07,424
2.48E-07,1.6,2.48E-07,424
2.49E-07,1.52,2.49E-07,424
2.50E-07,1.52,2.50E-07,424
2.51E-07,1.52,2.51E-07,424
2.52E-07,1.52,2.52E-07,424
2.53E-07,1.52,2.53E-07,424
2.54E-07,1.44,2.54E-07,424
2.55E-07,1.44,2.55E-07,424
2.56E-07,1.44,2.56E-07,424
2.57E-07,1.44,2.57E-07,424
2.58E-07,1.44,2.58E-07,424
2.59E-07,1.44,2.59E-07,424
2.60E-07,1.44,2.60E-07,424
2.61E-07,1.44,2.61E-07,424
2.62E-07,1.44,2.62E-07,424
2.63E-07,1.44,2.63E-07,424
2.64E-07,1.44,2.64E-07,424
2.65E-07,1.44,2.65E-07,424
2.66E-07,1.44,2.66E-07,424
2.67E-07,1.44,2.67E-07,424
2.68E-07,1.44,2.68E-07,424
2.69E-07,1.44,2.69E-07,424
2.70E-07,1.44,2.70E-07,424
2.71E-07,1.44,2.71E-07,424
2.72E-07,1.36,2.72E-07,424
2.73E-07,1.36,2.73E-07,424
2.74E-07,1.36,2.74E-07,424
2.75E-07,1.36,2.75E-07,424
2.76E-07,1.36,2.76E-07,424
2.77E-07,1.28,2.77E-07,424
2.78E-07,1.28,2.78E-07,424
2.79E-07,1.28,2.79E-07,424
2.80E-07,1.2,2.80E-07,424
2.81E-07,1.28,2.81E-07,424
2.82E-07,1.2,2.82E-07,424
2.83E-07,1.2,2.83E-07,424
2.84E-07,1.2,2.84E-07,424
2.85E-07,1.2,2.85E-07,424
2.86E-07,1.2,2.86E-07,420
2.87E-07,1.12,2.87E-07,420
2.88E-07,1.12,2.88E-07,420
2.89E-07,1.12,2.89E-07,424
2.90E-07,1.12,2.90E-07,424
2.91E-07,1.12,2.91E-07,424
2.92E-07,1.12,2.92E-07,424
2.93E-07,1.04,2.93E-07,424
2.94E-07,1.04,2.94E-07,424
2.95E-07,1.04,2.95E-07,424
2.96E-07,1.04,2.96E-07,424
2.97E-07,1.04,2.97E-07,424
2.98E-07,0.96,2.98E-07,424
2.99E-07,1.04,2.99E-07,424
3.00E-07,1.04,3.00E-07,424
3.01E-07,0.96,3.01E-07,424
3.02E-07,0.96,3.02E-07,424
3.03E-07,0.96,3.03E-07,424
3.04E-07,0.96,3.04E-07,424
3.05E-07,0.96,3.05E-07,424
3.06E-07,0.96,3.06E-07,424
3.07E-07,0.96,3.07E-07,424
3.08E-07,1.04,3.08E-07,424
3.09E-07,1.04,3.09E-07,424
3.10E-07,1.04,3.10E-07,424
3.11E-07,1.04,3.11E-07,424
3.12E-07,1.04,3.12E-07,424
3.13E-07,1.12,3.13E-07,424
3.14E-07,1.12,3.14E-07,424
3.15E-07,1.12,3.15E-07,424
3.16E-07,1.12,3.16E-07,424
3.17E-07,1.12,3.17E-07,424
3.18E-07,1.2,3.18E-07,424
3.19E-07,1.2,3.19E-07,428
3.20E-07,1.2,3.20E-07,424
3.21E-07,1.2,3.21E-07,428
3.22E-07,1.2,3.22E-07,424
3.23E-07,1.28,3.23E-07,428
3.24E-07,1.2,3.24E-07,428
3.25E-07,1.28,3.25E-07,428
3.26E-07,1.2,3.26E-07,428
3.27E-07,1.28,3.27E-07,428
3.28E-07,1.2,3.28E-07,428
3.29E-07,1.28,3.29E-07,428
3.30E-07,1.28,3.30E-07,428
3.31E-07,1.28,3.31E-07,428
3.32E-07,1.28,3.32E-07,428
3.33E-07,1.28,3.33E-07,428
3.34E-07,1.36,3.34E-07,428
3.35E-07,1.28,3.35E-07,428
3.36E-07,1.28,3.36E-07,428
3.37E-07,1.28,3.37E-07,428
3.38E-07,1.36,3.38E-07,428
3.39E-07,1.28,3.39E-07,428
3.40E-07,1.36,3.40E-07,424
3.41E-07,1.36,3.41E-07,428
3.42E-07,1.36,3.42E-07,428
3.43E-07,1.36,3.43E-07,428
3.44E-07,1.36,3.44E-07,428
3.45E-07,1.28,3.45E-07,428
3.46E-07,1.36,3.46E-07,428
3.47E-07,1.28,3.47E-07,428
3.48E-07,1.36,3.48E-07,428
3.49E-07,1.28,3.49E-07,428
3.50E-07,1.36,3.50E-07,428
3.51E-07,1.28,3.51E-07,428
3.52E-07,1.36,3.52E-07,428
3.53E-07,1.28,3.53E-07,428
3.54E-07,1.36,3.54E-07,428
3.55E-07,1.28,3.55E-07,428
3.56E-07,1.28,3.56E-07,428
3.57E-07,1.28,3.57E-07,428
3.58E-07,1.28,3.58E-07,428
3.59E-07,1.28,3.59E-07,428
3.60E-07,1.28,3.60E-07,428
3.61E-07,1.28,3.61E-07,428
3.62E-07,1.28,3.62E-07,428
3.63E-07,1.28,3.63E-07,428
3.64E-07,1.28,3.64E-07,428
3.65E-07,1.28,3.65E-07,428
3.66E-07,1.28,3.66E-07,428
3.67E-07,1.28,3.67E-07,428
3.68E-07,1.2,3.68E-07,428
3.69E-07,1.2,3.69E-07,428
3.70E-07,1.2,3.70E-07,428
3.71E-07,1.2,3.71E-07,428
3.72E-07,1.2,3.72E-07,428
3.73E-07,1.12,3.73E-07,428
3.74E-07,1.12,3.74E-07,428
3.75E-07,1.12,3.75E-07,428
3.76E-07,1.12,3.76E-07,428
3.77E-07,1.12,3.77E-07,428
3.78E-07,1.12,3.78E-07,428
3.79E-07,1.04,3.79E-07,428
3.80E-07,1.04,3.80E-07,428
3.81E-07,1.04,3.81E-07,428
3.82E-07,1.04,3.82E-07,428
3.83E-07,0.96,3.83E-07,428
3.84E-07,0.96,3.84E-07,428
3.85E-07,0.96,3.85E-07,428
3.86E-07,1.04,3.86E-07,428
3.87E-07,0.96,3.87E-07,428
3.88E-07,0.96,3.88E-07,428
3.89E-07,1.04,3.89E-07,428
3.90E-07,1.04,3.90E-07,424
3.91E-07,1.04,3.91E-07,428
3.92E-07,0.96,3.92E-07,428
3.93E-07,0.96,3.93E-07,428
3.94E-07,0.96,3.94E-07,424
3.95E-07,0.96,3.95E-07,424
3.96E-07,0.96,3.96E-07,428
3.97E-07,0.96,3.97E-07,428
3.98E-07,0.96,3.98E-07,428
3.99E-07,0.88,3.99E-07,428
4.00E-07,0.96,4.00E-07,428
4.01E-07,0.96,4.01E-07,428
4.02E-07,0.96,4.02E-07,428
4.03E-07,0.96,4.03E-07,428
4.04E-07,0.96,4.04E-07,428
4.05E-07,0.96,4.05E-07,428
4.06E-07,0.96,4.06E-07,428
4.07E-07,0.96,4.07E-07,428
4.08E-07,0.96,4.08E-07,428
4.09E-07,1.04,4.09E-07,428
4.10E-07,1.04,4.10E-07,428
4.11E-07,0.96,4.11E-07,428
4.12E-07,1.04,4.12E-07,428
4.13E-07,0.96,4.13E-07,428
4.14E-07,0.96,4.14E-07,428
4.15E-07,1.04,4.15E-07,428
4.16E-07,1.04,4.16E-07,428
4.17E-07,1.04,4.17E-07,428
4.18E-07,1.04,4.18E-07,428
4.19E-07,1.04,4.19E-07,428
4.20E-07,1.04,4.20E-07,428
4.21E-07,1.04,4.21E-07,428
4.22E-07,1.04,4.22E-07,428
4.23E-07,1.04,4.23E-07,428
4.24E-07,1.04,4.24E-07,428
4.25E-07,1.12,4.25E-07,428
4.26E-07,1.12,4.26E-07,428
4.27E-07,1.12,4.27E-07,428
4.28E-07,1.12,4.28E-07,428
4.29E-07,1.12,4.29E-07,428
4.30E-07,1.12,4.30E-07,428
4.31E-07,1.12,4.31E-07,432
4.32E-07,1.12,4.32E-07,428
4.33E-07,1.12,4.33E-07,432
4.34E-07,1.12,4.34E-07,428
4.35E-07,1.12,4.35E-07,432
4.36E-07,1.12,4.36E-07,428
4.37E-07,1.12,4.37E-07,432
4.38E-07,1.12,4.38E-07,428
4.39E-07,1.12,4.39E-07,432
4.40E-07,1.04,4.40E-07,428
4.41E-07,1.12,4.41E-07,428
4.42E-07,1.04,4.42E-07,428
4.43E-07,1.04,4.43E-07,428
4.44E-07,1.12,4.44E-07,428
4.45E-07,1.04,4.45E-07,428
4.46E-07,1.04,4.46E-07,428
4.47E-07,1.04,4.47E-07,428
4.48E-07,1.04,4.48E-07,428
4.49E-07,0.96,4.49E-07,428
4.50E-07,0.96,4.50E-07,428
4.51E-07,0.96,4.51E-07,428
4.52E-07,0.96,4.52E-07,428
4.53E-07,0.96,4.53E-07,428
4.54E-07,0.96,4.54E-07,428
4.55E-07,0.88,4.55E-07,428
4.56E-07,0.88,4.56E-07,428
4.57E-07,0.88,4.57E-07,428
4.58E-07,0.8,4.58E-07,428
4.59E-07,0.8,4.59E-07,428
4.60E-07,0.8,4.60E-07,428
4.61E-07,0.72,4.61E-07,428
4.62E-07,0.8,4.62E-07,428
4.63E-07,0.72,4.63E-07,424
4.64E-07,0.72,4.64E-07,428
4.65E-07,0.72,4.65E-07,428
4.66E-07,0.72,4.66E-07,424
4.67E-07,0.64,4.67E-07,428
4.68E-07,0.64,4.68E-07,424
4.69E-07,0.64,4.69E-07,428
4.70E-07,0.64,4.70E-07,424
4.71E-07,0.64,4.71E-07,424
4.72E-07,0.64,4.72E-07,428
4.73E-07,0.64,4.73E-07,424
4.74E-07,0.56,4.74E-07,424
4.75E-07,0.56,4.75E-07,424
4.76E-07,0.56,4.76E-07,424
4.77E-07,0.56,4.77E-07,424
4.78E-07,0.48,4.78E-07,424
4.79E-07,0.48,4.79E-07,424
4.80E-07,0.48,4.80E-07,424
4.81E-07,0.48,4.81E-07,424
4.82E-07,0.48,4.82E-07,424
4.83E-07,0.48,4.83E-07,428
4.84E-07,0.48,4.84E-07,424
4.85E-07,0.48,4.85E-07,424
4.86E-07,0.48,4.86E-07,424
4.87E-07,0.4,4.87E-07,428
4.88E-07,0.4,4.88E-07,424
4.89E-07,0.4,4.89E-07,428
4.90E-07,0.4,4.90E-07,424
4.91E-07,0.4,4.91E-07,424
4.92E-07,0.48,4.92E-07,424
4.93E-07,0.4,4.93E-07,424
4.94E-07,0.4,4.94E-07,424
4.95E-07,0.4,4.95E-07,424
4.96E-07,0.4,4.96E-07,424
4.97E-07,0.4,4.97E-07,424
4.98E-07,0.4,4.98E-07,424
4.99E-07,0.4,4.99E-07,424
5.00E-07,0.4,5.00E-07,424
5.01E-07,0.4,5.01E-07,424
5.02E-07,0.4,5.02E-07,424
5.03E-07,0.32,5.03E-07,424
5.04E-07,0.4,5.04E-07,424
5.05E-07,0.4,5.05E-07,424
5.06E-07,0.4,5.06E-07,424
5.07E-07,0.4,5.07E-07,424
5.08E-07,0.4,5.08E-07,424
5.09E-07,0.4,5.09E-07,424
5.10E-07,0.4,5.10E-07,424
5.11E-07,0.4,5.11E-07,428
5.12E-07,0.4,5.12E-07,424
5.13E-07,0.4,5.13E-07,428
5.14E-07,0.4,5.14E-07,424
5.15E-07,0.4,5.15E-07,428
5.16E-07,0.4,5.16E-07,428
5.17E-07,0.4,5.17E-07,428
5.18E-07,0.4,5.18E-07,424
5.19E-07,0.4,5.19E-07,428
5.20E-07,0.48,5.20E-07,428
5.21E-07,0.4,5.21E-07,428
5.22E-07,0.48,5.22E-07,428
5.23E-07,0.4,5.23E-07,428
5.24E-07,0.48,5.24E-07,428
5.25E-07,0.48,5.25E-07,428
5.26E-07,0.48,5.26E-07,428
5.27E-07,0.48,5.27E-07,428
5.28E-07,0.48,5.28E-07,428
5.29E-07,0.48,5.29E-07,428
5.30E-07,0.48,5.30E-07,428
5.31E-07,0.48,5.31E-07,428
5.32E-07,0.48,5.32E-07,428
5.33E-07,0.48,5.33E-07,428
5.34E-07,0.48,5.34E-07,424
5.35E-07,0.48,5.35E-07,428
5.36E-07,0.56,5.36E-07,428
5.37E-07,0.48,5.37E-07,428
5.38E-07,0.48,5.38E-07,428
5.39E-07,0.48,5.39E-07,428
5.40E-07,0.48,5.40E-07,428
5.41E-07,0.48,5.41E-07,428
5.42E-07,0.48,5.42E-07,428
5.43E-07,0.48,5.43E-07,428
5.44E-07,0.48,5.44E-07,428
5.45E-07,0.48,5.45E-07,428
5.46E-07,0.48,5.46E-07,428
5.47E-07,0.48,5.47E-07,428
5.48E-07,0.48,5.48E-07,428
5.49E-07,0.48,5.49E-07,428
5.50E-07,0.4,5.50E-07,428
5.51E-07,0.4,5.51E-07,428
5.52E-07,0.48,5.52E-07,428
5.53E-07,0.4,5.53E-07,428
5.54E-07,0.4,5.54E-07,428
5.55E-07,0.4,5.55E-07,428
5.56E-07,0.4,5.56E-07,428
5.57E-07,0.4,5.57E-07,428
5.58E-07,0.4,5.58E-07,428
5.59E-07,0.4,5.59E-07,428
5.60E-07,0.4,5.60E-07,428
5.61E-07,0.4,5.61E-07,428
5.62E-07,0.32,5.62E-07,428
5.63E-07,0.32,5.63E-07,428
5.64E-07,0.32,5.64E-07,428
5.65E-07,0.4,5.65E-07,428
5.66E-07,0.32,5.66E-07,428
5.67E-07,0.4,5.67E-07,428
5.68E-07,0.32,5.68E-07,428
5.69E-07,0.4,5.69E-07,428
5.70E-07,0.4,5.70E-07,428
5.71E-07,0.4,5.71E-07,428
5.72E-07,0.4,5.72E-07,428
5.73E-07,0.32,5.73E-07,428
5.74E-07,0.32,5.74E-07,428
5.75E-07,0.32,5.75E-07,428
5.76E-07,0.32,5.76E-07,428
5.77E-07,0.32,5.77E-07,428
5.78E-07,0.32,5.78E-07,428
5.79E-07,0.4,5.79E-07,428
5.80E-07,0.32,5.80E-07,428
5.81E-07,0.4,5.81E-07,428
5.82E-07,0.32,5.82E-07,428
5.83E-07,0.4,5.83E-07,428
5.84E-07,0.32,5.84E-07,428
5.85E-07,0.4,5.85E-07,428
5.86E-07,0.4,5.86E-07,428
5.87E-07,0.4,5.87E-07,428
5.88E-07,0.4,5.88E-07,428
5.89E-07,0.4,5.89E-07,428
5.90E-07,0.4,5.90E-07,428
5.91E-07,0.4,5.91E-07,428
5.92E-07,0.4,5.92E-07,428
5.93E-07,0.4,5.93E-07,428
5.94E-07,0.4,5.94E-07,428
5.95E-07,0.4,5.95E-07,428
5.96E-07,0.4,5.96E-07,428
5.97E-07,0.4,5.97E-07,428
5.98E-07,0.48,5.98E-07,428
5.99E-07,0.4,5.99E-07,428
6.00E-07,0.48,6.00E-07,428
6.01E-07,0.48,6.01E-07,428
6.02E-07,0.48,6.02E-07,428
6.03E-07,0.48,6.03E-07,428
6.04E-07,0.48,6.04E-07,428
6.05E-07,0.56,6.05E-07,432
6.06E-07,0.56,6.06E-07,428
6.07E-07,0.56,6.07E-07,432
6.08E-07,0.56,6.08E-07,432
6.09E-07,0.56,6.09E-07,428
6.10E-07,0.56,6.10E-07,432
6.11E-07,0.56,6.11E-07,432
6.12E-07,0.64,6.12E-07,432
6.13E-07,0.56,6.13E-07,432
6.14E-07,0.64,6.14E-07,432
6.15E-07,0.64,6.15E-07,432
6.16E-07,0.64,6.16E-07,432
6.17E-07,0.64,6.17E-07,432
6.18E-07,0.64,6.18E-07,432
6.19E-07,0.64,6.19E-07,432
6.20E-07,0.64,6.20E-07,432
6.21E-07,0.64,6.21E-07,432
6.22E-07,0.72,6.22E-07,432
6.23E-07,0.72,6.23E-07,432
6.24E-07,0.72,6.24E-07,432
6.25E-07,0.72,6.25E-07,432
6.26E-07,0.72,6.26E-07,432
6.27E-07,0.72,6.27E-07,432
6.28E-07,0.72,6.28E-07,432
6.29E-07,0.72,6.29E-07,432
6.30E-07,0.72,6.30E-07,432
6.31E-07,0.72,6.31E-07,432
6.32E-07,0.72,6.32E-07,432
6.33E-07,0.72,6.33E-07,432
6.34E-07,0.72,6.34E-07,432
6.35E-07,0.8,6.35E-07,432
6.36E-07,0.8,6.36E-07,432
6.37E-07,0.72,6.37E-07,432
6.38E-07,0.8,6.38E-07,432
6.39E-07,0.72,6.39E-07,432
6.40E-07,0.72,6.40E-07,432
6.41E-07,0.72,6.41E-07,432
6.42E-07,0.8,6.42E-07,432
6.43E-07,0.72,6.43E-07,432
6.44E-07,0.8,6.44E-07,432
6.45E-07,0.72,6.45E-07,432
6.46E-07,0.8,6.46E-07,432
6.47E-07,0.8,6.47E-07,432
6.48E-07,0.8,6.48E-07,432
6.49E-07,0.8,6.49E-07,432
6.50E-07,0.8,6.50E-07,432
6.51E-07,0.8,6.51E-07,432
6.52E-07,0.8,6.52E-07,432
6.53E-07,0.72,6.53E-07,432
6.54E-07,0.8,6.54E-07,432
6.55E-07,0.72,6.55E-07,432
6.56E-07,0.8,6.56E-07,436
6.57E-07,0.8,6.57E-07,432
6.58E-07,0.8,6.58E-07,436
6.59E-07,0.72,6.59E-07,432
6.60E-07,0.72,6.60E-07,432
6.61E-07,0.72,6.61E-07,432
6.62E-07,0.8,6.62E-07,432
6.63E-07,0.72,6.63E-07,432
6.64E-07,0.8,6.64E-07,432
6.65E-07,0.72,6.65E-07,432
6.66E-07,0.8,6.66E-07,432
6.67E-07,0.72,6.67E-07,432
6.68E-07,0.8,6.68E-07,432
6.69E-07,0.8,6.69E-07,432
6.70E-07,0.8,6.70E-07,436
6.71E-07,0.8,6.71E-07,432
6.72E-07,0.8,6.72E-07,432
6.73E-07,0.8,6.73E-07,432
6.74E-07,0.8,6.74E-07,432
6.75E-07,0.8,6.75E-07,432
6.76E-07,0.8,6.76E-07,432
6.77E-07,0.8,6.77E-07,432
6.78E-07,0.8,6.78E-07,432
6.79E-07,0.8,6.79E-07,432
6.80E-07,0.8,6.80E-07,436
6.81E-07,0.8,6.81E-07,436
6.82E-07,0.88,6.82E-07,436
6.83E-07,0.88,6.83E-07,436
6.84E-07,0.88,6.84E-07,432
6.85E-07,0.88,6.85E-07,436
6.86E-07,0.88,6.86E-07,436
6.87E-07,0.88,6.87E-07,436
6.88E-07,0.88,6.88E-07,436
6.89E-07,0.88,6.89E-07,436
6.90E-07,0.88,6.90E-07,432
6.91E-07,0.88,6.91E-07,436
6.92E-07,0.88,6.92E-07,436
6.93E-07,0.88,6.93E-07,436
6.94E-07,0.96,6.94E-07,436
6.95E-07,0.88,6.95E-07,436
6.96E-07,0.96,6.96E-07,436
6.97E-07,0.96,6.97E-07,436
6.98E-07,0.96,6.98E-07,436
6.99E-07,0.96,6.99E-07,432
7.00E-07,0.96,7.00E-07,436
7.01E-07,0.96,7.01E-07,436
7.02E-07,0.96,7.02E-07,436
7.03E-07,0.96,7.03E-07,436
7.04E-07,0.96,7.04E-07,436
7.05E-07,0.96,7.05E-07,436
7.06E-07,0.96,7.06E-07,436
7.07E-07,0.96,7.07E-07,436
7.08E-07,0.96,7.08E-07,436
7.09E-07,1.04,7.09E-07,436
7.10E-07,1.04,7.10E-07,436
7.11E-07,1.04,7.11E-07,436
7.12E-07,1.04,7.12E-07,436
7.13E-07,1.04,7.13E-07,436
7.14E-07,1.04,7.14E-07,436
7.15E-07,1.04,7.15E-07,436
7.16E-07,1.04,7.16E-07,436
7.17E-07,1.04,7.17E-07,436
7.18E-07,1.04,7.18E-07,436
7.19E-07,1.04,7.19E-07,436
7.20E-07,1.04,7.20E-07,436
7.21E-07,1.04,7.21E-07,436
7.22E-07,1.04,7.22E-07,436
7.23E-07,1.04,7.23E-07,436
7.24E-07,1.04,7.24E-07,436
7.25E-07,1.04,7.25E-07,436
7.26E-07,1.04,7.26E-07,436
7.27E-07,1.04,7.27E-07,436
7.28E-07,1.04,7.28E-07,436
7.29E-07,1.04,7.29E-07,436
7.30E-07,1.04,7.30E-07,436
7.31E-07,1.04,7.31E-07,440
7.32E-07,1.04,7.32E-07,436
7.33E-07,1.04,7.33E-07,436
7.34E-07,1.04,7.34E-07,436
7.35E-07,1.04,7.35E-07,436
7.36E-07,1.04,7.36E-07,436
7.37E-07,1.04,7.37E-07,436
7.38E-07,0.96,7.38E-07,436
7.39E-07,0.96,7.39E-07,436
7.40E-07,0.96,7.40E-07,436
7.41E-07,0.96,7.41E-07,436
7.42E-07,0.96,7.42E-07,436
7.43E-07,0.96,7.43E-07,436
7.44E-07,0.96,7.44E-07,436
7.45E-07,0.96,7.45E-07,436
7.46E-07,0.96,7.46E-07,436
7.47E-07,0.96,7.47E-07,436
7.48E-07,0.88,7.48E-07,436
7.49E-07,0.88,7.49E-07,436
7.50E-07,0.88,7.50E-07,436
7.51E-07,0.88,7.51E-07,436
7.52E-07,0.88,7.52E-07,436
7.53E-07,0.88,7.53E-07,432
7.54E-07,0.88,7.54E-07,436
7.55E-07,0.88,7.55E-07,436
7.56E-07,0.88,7.56E-07,436
7.57E-07,0.88,7.57E-07,436
7.58E-07,0.88,7.58E-07,436
7.59E-07,0.88,7.59E-07,436
7.60E-07,0.88,7.60E-07,436
7.61E-07,0.88,7.61E-07,436
7.62E-07,0.8,7.62E-07,436
7.63E-07,0.8,7.63E-07,436
7.64E-07,0.8,7.64E-07,436
7.65E-07,0.8,7.65E-07,436
7.66E-07,0.8,7.66E-07,436
7.67E-07,0.8,7.67E-07,436
7.68E-07,0.8,7.68E-07,436
7.69E-07,0.8,7.69E-07,436
7.70E-07,0.8,7.70E-07,436
7.71E-07,0.8,7.71E-07,436
7.72E-07,0.8,7.72E-07,432
7.73E-07,0.8,7.73E-07,436
7.74E-07,0.8,7.74E-07,436
7.75E-07,0.8,7.75E-07,436
7.76E-07,0.8,7.76E-07,436
7.77E-07,0.8,7.77E-07,436
7.78E-07,0.8,7.78E-07,436
7.79E-07,0.8,7.79E-07,436
7.80E-07,0.8,7.80E-07,436
7.81E-07,0.8,7.81E-07,436
7.82E-07,0.8,7.82E-07,436
7.83E-07,0.8,7.83E-07,436
7.84E-07,0.8,7.84E-07,436
7.85E-07,0.8,7.85E-07,436
7.86E-07,0.8,7.86E-07,436
7.87E-07,0.8,7.87E-07,436
7.88E-07,0.8,7.88E-07,436
7.89E-07,0.8,7.89E-07,436
7.90E-07,0.8,7.90E-07,436
7.91E-07,0.8,7.91E-07,436
7.92E-07,0.8,7.92E-07,436
7.93E-07,0.8,7.93E-07,436
7.94E-07,0.8,7.94E-07,436
7.95E-07,0.8,7.95E-07,436
7.96E-07,0.8,7.96E-07,436
7.97E-07,0.8,7.97E-07,436
7.98E-07,0.8,7.98E-07,436
7.99E-07,0.8,7.99E-07,436
8.00E-07,0.8,8.00E-07,436
8.01E-07,0.8,8.01E-07,436
8.02E-07,0.8,8.02E-07,436
8.03E-07,0.8,8.03E-07,436
8.04E-07,0.8,8.04E-07,436
8.05E-07,0.8,8.05E-07,436
8.06E-07,0.8,8.06E-07,436
8.07E-07,0.8,8.07E-07,436
8.08E-07,0.8,8.08E-07,436
8.09E-07,0.8,8.09E-07,436
8.10E-07,0.8,8.10E-07,436
8.11E-07,0.8,8.11E-07,436
8.12E-07,0.8,8.12E-07,436
8.13E-07,0.8,8.13E-07,436
8.14E-07,0.8,8.14E-07,436
8.15E-07,0.8,8.15E-07,436
8.16E-07,0.8,8.16E-07,436
8.17E-07,0.8,8.17E-07,436
8.18E-07,0.8,8.18E-07,436
8.19E-07,0.8,8.19E-07,436
8.20E-07,0.8,8.20E-07,436
8.21E-07,0.8,8.21E-07,436
8.22E-07,0.8,8.22E-07,436
8.23E-07,0.8,8.23E-07,436
8.24E-07,0.8,8.24E-07,436
8.25E-07,0.72,8.25E-07,436
8.26E-07,0.8,8.26E-07,436
8.27E-07,0.72,8.27E-07,436
8.28E-07,0.8,8.28E-07,436
8.29E-07,0.8,8.29E-07,432
8.30E-07,0.8,8.30E-07,436
8.31E-07,0.72,8.31E-07,436
8.32E-07,0.72,8.32E-07,432
8.33E-07,0.72,8.33E-07,436
8.34E-07,0.72,8.34E-07,436
8.35E-07,0.72,8.35E-07,436
8.36E-07,0.72,8.36E-07,436
8.37E-07,0.72,8.37E-07,436
8.38E-07,0.72,8.38E-07,436
8.39E-07,0.72,8.39E-07,436
8.40E-07,0.72,8.40E-07,432
8.41E-07,0.72,8.41E-07,436
8.42E-07,0.72,8.42E-07,436
8.43E-07,0.72,8.43E-07,436
8.44E-07,0.72,8.44E-07,436
8.45E-07,0.64,8.45E-07,436
8.46E-07,0.72,8.46E-07,436
8.47E-07,0.64,8.47E-07,436
8.48E-07,0.72,8.48E-07,436
8.49E-07,0.72,8.49E-07,436
8.50E-07,0.72,8.50E-07,432
8.51E-07,0.64,8.51E-07,436
8.52E-07,0.72,8.52E-07,436
8.53E-07,0.64,8.53E-07,436
8.54E-07,0.64,8.54E-07,436
8.55E-07,0.64,8.55E-07,436
8.56E-07,0.64,8.56E-07,436
8.57E-07,0.64,8.57E-07,436
8.58E-07,0.64,8.58E-07,432
8.59E-07,0.64,8.59E-07,436
8.60E-07,0.64,8.60E-07,432
8.61E-07,0.64,8.61E-07,436
8.62E-07,0.64,8.62E-07,436
8.63E-07,0.64,8.63E-07,436
8.64E-07,0.64,8.64E-07,436
8.65E-07,0.64,8.65E-07,436
8.66E-07,0.64,8.66E-07,436
8.67E-07,0.64,8.67E-07,436
8.68E-07,0.64,8.68E-07,436
8.69E-07,0.64,8.69E-07,436
8.70E-07,0.64,8.70E-07,436
8.71E-07,0.64,8.71E-07,436
8.72E-07,0.64,8.72E-07,436
8.73E-07,0.64,8.73E-07,436
8.74E-07,0.64,8.74E-07,436
8.75E-07,0.64,8.75E-07,436
8.76E-07,0.64,8.76E-07,436
8.77E-07,0.64,8.77E-07,436
8.78E-07,0.64,8.78E-07,436
8.79E-07,0.64,8.79E-07,436
8.80E-07,0.64,8.80E-07,436
8.81E-07,0.64,8.81E-07,436
8.82E-07,0.64,8.82E-07,436
8.83E-07,0.64,8.83E-07,436
8.84E-07,0.64,8.84E-07,436
8.85E-07,0.64,8.85E-07,436
8.86E-07,0.64,8.86E-07,436
8.87E-07,0.64,8.87E-07,436
8.88E-07,0.64,8.88E-07,436
8.89E-07,0.64,8.89E-07,436
8.90E-07,0.64,8.90E-07,436
8.91E-07,0.64,8.91E-07,436
8.92E-07,0.64,8.92E-07,436
8.93E-07,0.64,8.93E-07,436
8.94E-07,0.64,8.94E-07,436
8.95E-07,0.64,8.95E-07,436
8.96E-07,0.64,8.96E-07,436
8.97E-07,0.64,8.97E-07,436
8.98E-07,0.64,8.98E-07,436
8.99E-07,0.64,8.99E-07,436
9.00E-07,0.64,9.00E-07,436
9.01E-07,0.64,9.01E-07,436
9.02E-07,0.64,9.02E-07,436
9.03E-07,0.64,9.03E-07,436
9.04E-07,0.64,9.04E-07,436
9.05E-07,0.64,9.05E-07,436
9.06E-07,0.64,9.06E-07,436
9.07E-07,0.64,9.07E-07,436
9.08E-07,0.64,9.08E-07,436
9.09E-07,0.64,9.09E-07,436
9.10E-07,0.64,9.10E-07,436
9.11E-07,0.64,9.11E-07,436
9.12E-07,0.64,9.12E-07,436
9.13E-07,0.64,9.13E-07,436
9.14E-07,0.64,9.14E-07,436
9.15E-07,0.64,9.15E-07,436
9.16E-07,0.64,9.16E-07,436
9.17E-07,0.64,9.17E-07,436
9.18E-07,0.64,9.18E-07,436
9.19E-07,0.64,9.19E-07,436
9.20E-07,0.64,9.20E-07,436
9.21E-07,0.64,9.21E-07,436
9.22E-07,0.64,9.22E-07,432
9.23E-07,0.56,9.23E-07,436
9.24E-07,0.64,9.24E-07,436
9.25E-07,0.56,9.25E-07,436
9.26E-07,0.64,9.26E-07,436
9.27E-07,0.56,9.27E-07,436
9.28E-07,0.64,9.28E-07,436
9.29E-07,0.56,9.29E-07,436
9.30E-07,0.56,9.30E-07,436
9.31E-07,0.64,9.31E-07,436
9.32E-07,0.56,9.32E-07,436
9.33E-07,0.64,9.33E-07,436
9.34E-07,0.56,9.34E-07,436
9.35E-07,0.56,9.35E-07,436
9.36E-07,0.56,9.36E-07,436
9.37E-07,0.56,9.37E-07,436
9.38E-07,0.56,9.38E-07,436
9.39E-07,0.56,9.39E-07,436
9.40E-07,0.56,9.40E-07,436
9.41E-07,0.56,9.41E-07,436
9.42E-07,0.56,9.42E-07,436
9.43E-07,0.56,9.43E-07,436
9.44E-07,0.56,9.44E-07,436
9.45E-07,0.56,9.45E-07,436
9.46E-07,0.56,9.46E-07,436
9.47E-07,0.56,9.47E-07,436
9.48E-07,0.56,9.48E-07,436
9.49E-07,0.56,9.49E-07,436
9.50E-07,0.56,9.50E-07,436
9.51E-07,0.56,9.51E-07,436
9.52E-07,0.56,9.52E-07,436
9.53E-07,0.56,9.53E-07,436
9.54E-07,0.56,9.54E-07,436
9.55E-07,0.56,9.55E-07,436
9.56E-07,0.56,9.56E-07,436
9.57E-07,0.56,9.57E-07,436
9.58E-07,0.56,9.58E-07,432
9.59E-07,0.56,9.59E-07,436
9.60E-07,0.56,9.60E-07,436
9.61E-07,0.56,9.61E-07,436
9.62E-07,0.56,9.62E-07,436
9.63E-07,0.56,9.63E-07,436
9.64E-07,0.56,9.64E-07,436
9.65E-07,0.56,9.65E-07,436
9.66E-07,0.56,9.66E-07,436
9.67E-07,0.56,9.67E-07,436
9.68E-07,0.56,9.68E-07,436
9.69E-07,0.56,9.69E-07,436
9.70E-07,0.56,9.70E-07,436
9.71E-07,0.56,9.71E-07,436
9.72E-07,0.56,9.72E-07,436
9.73E-07,0.56,9.73E-07,436
9.74E-07,0.56,9.74E-07,436
9.75E-07,0.56,9.75E-07,436
9.76E-07,0.56,9.76E-07,436
9.77E-07,0.56,9.77E-07,436
9.78E-07,0.56,9.78E-07,436
9.79E-07,0.56,9.79E-07,436
9.80E-07,0.56,9.80E-07,436
9.81E-07,0.56,9.81E-07,436
9.82E-07,0.56,9.82E-07,436
9.83E-07,0.56,9.83E-07,436
9.84E-07,0.56,9.84E-07,436
9.85E-07,0.56,9.85E-07,436
9.86E-07,0.56,9.86E-07,436
9.87E-07,0.56,9.87E-07,436
9.88E-07,0.56,9.88E-07,436
9.89E-07,0.56,9.89E-07,436
9.90E-07,0.64,9.90E-07,436
9.91E-07,0.64,9.91E-07,436
9.92E-07,0.56,9.92E-07,436
9.93E-07,0.56,9.93E-07,436
9.94E-07,0.64,9.94E-07,436
9.95E-07,0.56,9.95E-07,436
9.96E-07,0.64,9.96E-07,436
9.97E-07,0.56,9.97E-07,436
9.98E-07,0.64,9.98E-07,436
9.99E-07,0.64,9.99E-07,436
1.00E-06,0.64,1.00E-06,436
1.00E-06,0.64,1.00E-06,436
1.00E-06,0.64,1.00E-06,436
1.00E-06,0.64,1.00E-06,436
1.00E-06,0.64,1.00E-06,436
1.01E-06,0.64,1.01E-06,436
1.01E-06,0.64,1.01E-06,436
1.01E-06,0.64,1.01E-06,436
1.01E-06,0.64,1.01E-06,436
1.01E-06,0.64,1.01E-06,436
1.01E-06,0.64,1.01E-06,436
1.01E-06,0.64,1.01E-06,436
1.01E-06,0.64,1.01E-06,436
1.01E-06,0.64,1.01E-06,436
1.01E-06,0.64,1.01E-06,436
1.02E-06,0.64,1.02E-06,440
1.02E-06,0.64,1.02E-06,436
1.02E-06,0.64,1.02E-06,436
1.02E-06,0.64,1.02E-06,436
1.02E-06,0.64,1.02E-06,436
1.02E-06,0.64,1.02E-06,436
1.02E-06,0.64,1.02E-06,436
1.02E-06,0.64,1.02E-06,436
1.02E-06,0.64,1.02E-06,436
1.02E-06,0.64,1.02E-06,436
1.03E-06,0.64,1.03E-06,436
1.03E-06,0.64,1.03E-06,436
1.03E-06,0.64,1.03E-06,436
1.03E-06,0.64,1.03E-06,436
1.03E-06,0.64,1.03E-06,436
1.03E-06,0.64,1.03E-06,436
1.03E-06,0.64,1.03E-06,436
1.03E-06,0.64,1.03E-06,436
1.03E-06,0.64,1.03E-06,436
1.03E-06,0.64,1.03E-06,436
1.04E-06,0.64,1.04E-06,436
1.04E-06,0.64,1.04E-06,436
1.04E-06,0.64,1.04E-06,436
1.04E-06,0.64,1.04E-06,436
1.04E-06,0.64,1.04E-06,436
1.04E-06,0.64,1.04E-06,436
1.04E-06,0.64,1.04E-06,436
1.04E-06,0.64,1.04E-06,436
1.04E-06,0.64,1.04E-06,436
1.04E-06,0.64,1.04E-06,436
1.05E-06,0.64,1.05E-06,436
1.05E-06,0.64,1.05E-06,436
1.05E-06,0.64,1.05E-06,436
1.05E-06,0.64,1.05E-06,436
1.05E-06,0.64,1.05E-06,436
1.05E-06,0.64,1.05E-06,436
1.05E-06,0.64,1.05E-06,436
1.05E-06,0.64,1.05E-06,436
1.05E-06,0.64,1.05E-06,436
1.05E-06,0.64,1.05E-06,440
1.06E-06,0.64,1.06E-06,436
1.06E-06,0.64,1.06E-06,436
1.06E-06,0.64,1.06E-06,436
1.06E-06,0.64,1.06E-06,436
1.06E-06,0.64,1.06E-06,436
1.06E-06,0.64,1.06E-06,436
1.06E-06,0.64,1.06E-06,436
1.06E-06,0.64,1.06E-06,436
1.06E-06,0.64,1.06E-06,440
1.06E-06,0.64,1.06E-06,436
1.07E-06,0.64,1.07E-06,440
1.07E-06,0.64,1.07E-06,440
1.07E-06,0.64,1.07E-06,436
1.07E-06,0.64,1.07E-06,436
1.07E-06,0.64,1.07E-06,436
1.07E-06,0.64,1.07E-06,436
1.07E-06,0.64,1.07E-06,436
1.07E-06,0.64,1.07E-06,436
1.07E-06,0.64,1.07E-06,436
1.07E-06,0.64,1.07E-06,436
1.08E-06,0.64,1.08E-06,440
1.08E-06,0.64,1.08E-06,436
1.08E-06,0.64,1.08E-06,440
1.08E-06,0.64,1.08E-06,436
1.08E-06,0.64,1.08E-06,436
1.08E-06,0.64,1.08E-06,436
1.08E-06,0.72,1.08E-06,436
1.08E-06,0.64,1.08E-06,436
1.08E-06,0.72,1.08E-06,436
1.08E-06,0.72,1.08E-06,436
1.09E-06,0.64,1.09E-06,436
1.09E-06,0.72,1.09E-06,436
1.09E-06,0.72,1.09E-06,436
1.09E-06,0.72,1.09E-06,436
1.09E-06,0.72,1.09E-06,436
1.09E-06,0.72,1.09E-06,436
1.09E-06,0.64,1.09E-06,436
1.09E-06,0.72,1.09E-06,436
1.09E-06,0.72,1.09E-06,436
1.09E-06,0.72,1.09E-06,436
1.10E-06,0.72,1.10E-06,436
1.10E-06,0.72,1.10E-06,436
1.10E-06,0.64,1.10E-06,436
1.10E-06,0.72,1.10E-06,436
1.10E-06,0.72,1.10E-06,436
1.10E-06,0.64,1.10E-06,436
1.10E-06,0.72,1.10E-06,436
1.10E-06,0.72,1.10E-06,436
1.10E-06,0.72,1.10E-06,436
1.10E-06,0.72,1.10E-06,436
1.11E-06,0.72,1.11E-06,436
1.11E-06,0.72,1.11E-06,436
1.11E-06,0.72,1.11E-06,436
1.11E-06,0.72,1.11E-06,436
1.11E-06,0.72,1.11E-06,440
1.11E-06,0.72,1.11E-06,436
1.11E-06,0.72,1.11E-06,436
1.11E-06,0.72,1.11E-06,436
1.11E-06,0.72,1.11E-06,436
1.11E-06,0.72,1.11E-06,436
1.12E-06,0.72,1.12E-06,440
1.12E-06,0.72,1.12E-06,436
1.12E-06,0.72,1.12E-06,436
1.12E-06,0.72,1.12E-06,436
1.12E-06,0.72,1.12E-06,436
1.12E-06,0.72,1.12E-06,436
1.12E-06,0.72,1.12E-06,436
1.12E-06,0.72,1.12E-06,436
1.12E-06,0.72,1.12E-06,436
1.12E-06,0.72,1.12E-06,436
1.13E-06,0.72,1.13E-06,436
1.13E-06,0.72,1.13E-06,436
1.13E-06,0.72,1.13E-06,436
1.13E-06,0.72,1.13E-06,436
1.13E-06,0.72,1.13E-06,436
1.13E-06,0.72,1.13E-06,436
1.13E-06,0.72,1.13E-06,436
1.13E-06,0.72,1.13E-06,436
1.13E-06,0.72,1.13E-06,436
1.13E-06,0.72,1.13E-06,436
1.14E-06,0.72,1.14E-06,436
1.14E-06,0.72,1.14E-06,436
1.14E-06,0.72,1.14E-06,436
1.14E-06,0.72,1.14E-06,436
1.14E-06,0.72,1.14E-06,436
1.14E-06,0.72,1.14E-06,436
1.14E-06,0.72,1.14E-06,436
1.14E-06,0.72,1.14E-06,436
1.14E-06,0.72,1.14E-06,436
1.14E-06,0.72,1.14E-06,436
1.15E-06,0.72,1.15E-06,436
1.15E-06,0.72,1.15E-06,436
1.15E-06,0.72,1.15E-06,436
1.15E-06,0.72,1.15E-06,436
1.15E-06,0.72,1.15E-06,436
1.15E-06,0.72,1.15E-06,436
1.15E-06,0.72,1.15E-06,436
1.15E-06,0.72,1.15E-06,436
1.15E-06,0.72,1.15E-06,436
1.15E-06,0.72,1.15E-06,436
1.16E-06,0.72,1.16E-06,436
1.16E-06,0.72,1.16E-06,436
1.16E-06,0.72,1.16E-06,436
1.16E-06,0.72,1.16E-06,436
1.16E-06,0.72,1.16E-06,436
1.16E-06,0.72,1.16E-06,436
1.16E-06,0.72,1.16E-06,436
1.16E-06,0.72,1.16E-06,436
1.16E-06,0.72,1.16E-06,436
1.16E-06,0.72,1.16E-06,436
1.17E-06,0.72,1.17E-06,436
1.17E-06,0.72,1.17E-06,436
1.17E-06,0.72,1.17E-06,436
1.17E-06,0.72,1.17E-06,436
1.17E-06,0.72,1.17E-06,436
1.17E-06,0.72,1.17E-06,436
1.17E-06,0.72,1.17E-06,436
1.17E-06,0.72,1.17E-06,436
1.17E-06,0.72,1.17E-06,436
1.17E-06,0.72,1.17E-06,436
1.18E-06,0.72,1.18E-06,436
1.18E-06,0.72,1.18E-06,436
1.18E-06,0.72,1.18E-06,436
1.18E-06,0.8,1.18E-06,436
1.18E-06,0.72,1.18E-06,436
1.18E-06,0.72,1.18E-06,436
1.18E-06,0.8,1.18E-06,436
1.18E-06,0.72,1.18E-06,436
1.18E-06,0.8,1.18E-06,436
1.18E-06,0.72,1.18E-06,436
1.19E-06,0.8,1.19E-06,436
1.19E-06,0.72,1.19E-06,436
1.19E-06,0.72,1.19E-06,436
1.19E-06,0.72,1.19E-06,436
1.19E-06,0.72,1.19E-06,436
1.19E-06,0.72,1.19E-06,436
1.19E-06,0.72,1.19E-06,436
1.19E-06,0.72,1.19E-06,436
1.19E-06,0.72,1.19E-06,436
1.19E-06,0.72,1.19E-06,436
1.20E-06,0.72,1.20E-06,436
1.20E-06,0.8,1.20E-06,436
1.20E-06,0.72,1.20E-06,436
1.20E-06,0.72,1.20E-06,436
1.20E-06,0.72,1.20E-06,436
1.20E-06,0.72,1.20E-06,432
1.20E-06,0.72,1.20E-06,436
1.20E-06,0.72,1.20E-06,436
1.20E-06,0.72,1.20E-06,436
1.20E-06,0.72,1.20E-06,436
1.21E-06,0.72,1.21E-06,436
1.21E-06,0.72,1.21E-06,436
1.21E-06,0.72,1.21E-06,436
1.21E-06,0.72,1.21E-06,436
1.21E-06,0.72,1.21E-06,436
1.21E-06,0.72,1.21E-06,436
1.21E-06,0.72,1.21E-06,436
1.21E-06,0.72,1.21E-06,436
1.21E-06,0.72,1.21E-06,436
1.21E-06,0.72,1.21E-06,436
1.22E-06,0.72,1.22E-06,436
1.22E-06,0.72,1.22E-06,436
1.22E-06,0.72,1.22E-06,436
1.22E-06,0.72,1.22E-06,436
1.22E-06,0.72,1.22E-06,436
1.22E-06,0.72,1.22E-06,436
1.22E-06,0.72,1.22E-06,436
1.22E-06,0.72,1.22E-06,436
1.22E-06,0.72,1.22E-06,436
1.22E-06,0.72,1.22E-06,436
1.23E-06,0.72,1.23E-06,436
1.23E-06,0.72,1.23E-06,436
1.23E-06,0.72,1.23E-06,436
1.23E-06,0.72,1.23E-06,436
1.23E-06,0.72,1.23E-06,436
1.23E-06,0.72,1.23E-06,436
1.23E-06,0.72,1.23E-06,436
1.23E-06,0.72,1.23E-06,436
1.23E-06,0.72,1.23E-06,436
1.23E-06,0.72,1.23E-06,436
1.24E-06,0.72,1.24E-06,436
1.24E-06,0.72,1.24E-06,436
1.24E-06,0.72,1.24E-06,436
1.24E-06,0.72,1.24E-06,436
1.24E-06,0.72,1.24E-06,436
1.24E-06,0.72,1.24E-06,436
1.24E-06,0.72,1.24E-06,436
1.24E-06,0.72,1.24E-06,436
1.24E-06,0.72,1.24E-06,436
1.24E-06,0.72,1.24E-06,432
1.25E-06,0.72,1.25E-06,436
1.25E-06,0.72,1.25E-06,436
1.25E-06,0.72,1.25E-06,432
1.25E-06,0.72,1.25E-06,432
1.25E-06,0.72,1.25E-06,432
1.25E-06,0.72,1.25E-06,436
1.25E-06,0.72,1.25E-06,436
1.25E-06,0.72,1.25E-06,436
1.25E-06,0.72,1.25E-06,436
1.25E-06,0.72,1.25E-06,436
1.26E-06,0.72,1.26E-06,436
1.26E-06,0.72,1.26E-06,436
1.26E-06,0.72,1.26E-06,436
1.26E-06,0.72,1.26E-06,432
1.26E-06,0.72,1.26E-06,436
1.26E-06,0.72,1.26E-06,432
1.26E-06,0.72,1.26E-06,436
1.26E-06,0.72,1.26E-06,432
1.26E-06,0.72,1.26E-06,432
1.26E-06,0.72,1.26E-06,436
1.27E-06,0.72,1.27E-06,432
1.27E-06,0.72,1.27E-06,436
1.27E-06,0.72,1.27E-06,432
1.27E-06,0.72,1.27E-06,436
1.27E-06,0.72,1.27E-06,432
1.27E-06,0.72,1.27E-06,432
1.27E-06,0.72,1.27E-06,436
1.27E-06,0.72,1.27E-06,432
1.27E-06,0.72,1.27E-06,432
1.27E-06,0.72,1.27E-06,432
1.28E-06,0.72,1.28E-06,436
1.28E-06,0.72,1.28E-06,432
1.28E-06,0.72,1.28E-06,436
1.28E-06,0.72,1.28E-06,436
1.28E-06,0.72,1.28E-06,436
1.28E-06,0.72,1.28E-06,436
1.28E-06,0.72,1.28E-06,436
1.28E-06,0.72,1.28E-06,436
1.28E-06,0.72,1.28E-06,432
1.28E-06,0.72,1.28E-06,436
1.29E-06,0.72,1.29E-06,432
1.29E-06,0.72,1.29E-06,436
1.29E-06,0.72,1.29E-06,436
1.29E-06,0.72,1.29E-06,436
1.29E-06,0.72,1.29E-06,432
1.29E-06,0.72,1.29E-06,436
1.29E-06,0.64,1.29E-06,436
1.29E-06,0.72,1.29E-06,436
1.29E-06,0.72,1.29E-06,432
1.29E-06,0.72,1.29E-06,436
1.30E-06,0.72,1.30E-06,436
1.30E-06,0.72,1.30E-06,436
1.30E-06,0.72,1.30E-06,436
1.30E-06,0.72,1.30E-06,436
1.30E-06,0.72,1.30E-06,432
1.30E-06,0.72,1.30E-06,436
1.30E-06,0.72,1.30E-06,432
1.30E-06,0.64,1.30E-06,432
1.30E-06,0.72,1.30E-06,432
1.30E-06,0.72,1.30E-06,432
1.31E-06,0.72,1.31E-06,432
1.31E-06,0.72,1.31E-06,432
1.31E-06,0.72,1.31E-06,432
1.31E-06,0.72,1.31E-06,432
1.31E-06,0.72,1.31E-06,432
1.31E-06,0.72,1.31E-06,432
1.31E-06,0.72,1.31E-06,432
1.31E-06,0.72,1.31E-06,436
1.31E-06,0.64,1.31E-06,436
1.31E-06,0.72,1.31E-06,432
1.32E-06,0.64,1.32E-06,436
1.32E-06,0.72,1.32E-06,436
1.32E-06,0.64,1.32E-06,436
1.32E-06,0.72,1.32E-06,436
1.32E-06,0.72,1.32E-06,436
1.32E-06,0.72,1.32E-06,432
1.32E-06,0.72,1.32E-06,432
1.32E-06,0.72,1.32E-06,436
1.32E-06,0.64,1.32E-06,432
1.32E-06,0.72,1.32E-06,432
1.33E-06,0.72,1.33E-06,432
1.33E-06,0.72,1.33E-06,432
1.33E-06,0.64,1.33E-06,432
1.33E-06,0.72,1.33E-06,432
1.33E-06,0.64,1.33E-06,432
1.33E-06,0.72,1.33E-06,432
1.33E-06,0.72,1.33E-06,432
1.33E-06,0.64,1.33E-06,432
1.33E-06,0.72,1.33E-06,432
1.33E-06,0.64,1.33E-06,432
1.34E-06,0.64,1.34E-06,432
1.34E-06,0.64,1.34E-06,432
1.34E-06,0.64,1.34E-06,432
1.34E-06,0.72,1.34E-06,436
1.34E-06,0.64,1.34E-06,432
1.34E-06,0.64,1.34E-06,432
1.34E-06,0.64,1.34E-06,432
1.34E-06,0.64,1.34E-06,432
1.34E-06,0.64,1.34E-06,432
1.34E-06,0.64,1.34E-06,432
1.35E-06,0.64,1.35E-06,432
1.35E-06,0.72,1.35E-06,436
1.35E-06,0.64,1.35E-06,436
1.35E-06,0.72,1.35E-06,436
1.35E-06,0.64,1.35E-06,432
1.35E-06,0.72,1.35E-06,436
1.35E-06,0.72,1.35E-06,436
1.35E-06,0.72,1.35E-06,432
1.35E-06,0.64,1.35E-06,432
1.35E-06,0.72,1.35E-06,432
1.36E-06,0.64,1.36E-06,432
1.36E-06,0.72,1.36E-06,432
1.36E-06,0.64,1.36E-06,432
1.36E-06,0.72,1.36E-06,432
1.36E-06,0.72,1.36E-06,432
1.36E-06,0.72,1.36E-06,432
1.36E-06,0.72,1.36E-06,432
1.36E-06,0.72,1.36E-06,432
1.36E-06,0.64,1.36E-06,436
1.36E-06,0.72,1.36E-06,432
1.37E-06,0.64,1.37E-06,432
1.37E-06,0.72,1.37E-06,436
1.37E-06,0.72,1.37E-06,432
1.37E-06,0.72,1.37E-06,436
1.37E-06,0.72,1.37E-06,432
1.37E-06,0.72,1.37E-06,432
1.37E-06,0.72,1.37E-06,432
1.37E-06,0.72,1.37E-06,432
1.37E-06,0.72,1.37E-06,432
1.37E-06,0.72,1.37E-06,432
1.38E-06,0.72,1.38E-06,432
1.38E-06,0.72,1.38E-06,432
1.38E-06,0.72,1.38E-06,436
1.38E-06,0.72,1.38E-06,432
1.38E-06,0.72,1.38E-06,432
1.38E-06,0.72,1.38E-06,432
1.38E-06,0.72,1.38E-06,432
1.38E-06,0.72,1.38E-06,432
1.38E-06,0.72,1.38E-06,432
1.38E-06,0.72,1.38E-06,432
1.39E-06,0.72,1.39E-06,432
1.39E-06,0.72,1.39E-06,432
1.39E-06,0.72,1.39E-06,432
1.39E-06,0.72,1.39E-06,432
1.39E-06,0.72,1.39E-06,432
1.39E-06,0.72,1.39E-06,432
1.39E-06,0.64,1.39E-06,432
1.39E-06,0.72,1.39E-06,432
1.39E-06,0.72,1.39E-06,432
1.39E-06,0.72,1.39E-06,432
1.40E-06,0.72,1.40E-06,432
1.40E-06,0.72,1.40E-06,432
1.40E-06,0.72,1.40E-06,432
1.40E-06,0.72,1.40E-06,432
1.40E-06,0.72,1.40E-06,432
1.40E-06,0.72,1.40E-06,432
1.40E-06,0.72,1.40E-06,432
1.40E-06,0.72,1.40E-06,432
1.40E-06,0.72,1.40E-06,432
1.40E-06,0.72,1.40E-06,432
1.41E-06,0.72,1.41E-06,432
1.41E-06,0.72,1.41E-06,432
1.41E-06,0.72,1.41E-06,432
1.41E-06,0.72,1.41E-06,432
1.41E-06,0.72,1.41E-06,432
1.41E-06,0.72,1.41E-06,436
1.41E-06,0.72,1.41E-06,432
1.41E-06,0.72,1.41E-06,432
1.41E-06,0.72,1.41E-06,432
1.41E-06,0.72,1.41E-06,432
1.42E-06,0.72,1.42E-06,432
1.42E-06,0.72,1.42E-06,432
1.42E-06,0.72,1.42E-06,432
1.42E-06,0.72,1.42E-06,432
1.42E-06,0.72,1.42E-06,432
1.42E-06,0.72,1.42E-06,432
1.42E-06,0.72,1.42E-06,432
1.42E-06,0.72,1.42E-06,432
1.42E-06,0.72,1.42E-06,432
1.42E-06,0.72,1.42E-06,432
1.43E-06,0.72,1.43E-06,432
1.43E-06,0.72,1.43E-06,432
1.43E-06,0.64,1.43E-06,432
1.43E-06,0.72,1.43E-06,432
1.43E-06,0.72,1.43E-06,432
1.43E-06,0.72,1.43E-06,432
1.43E-06,0.72,1.43E-06,432
1.43E-06,0.72,1.43E-06,432
1.43E-06,0.72,1.43E-06,432
1.43E-06,0.72,1.43E-06,432
1.44E-06,0.72,1.44E-06,432
1.44E-06,0.72,1.44E-06,432
1.44E-06,0.72,1.44E-06,432
1.44E-06,0.72,1.44E-06,432
1.44E-06,0.72,1.44E-06,432
1.44E-06,0.72,1.44E-06,432
1.44E-06,0.72,1.44E-06,432
1.44E-06,0.72,1.44E-06,432
1.44E-06,0.72,1.44E-06,432
1.44E-06,0.72,1.44E-06,432
1.45E-06,0.72,1.45E-06,432
1.45E-06,0.72,1.45E-06,432
1.45E-06,0.72,1.45E-06,432
1.45E-06,0.72,1.45E-06,432
1.45E-06,0.72,1.45E-06,432
1.45E-06,0.72,1.45E-06,432
1.45E-06,0.72,1.45E-06,432
1.45E-06,0.72,1.45E-06,432
1.45E-06,0.72,1.45E-06,432
1.45E-06,0.72,1.45E-06,432
1.46E-06,0.72,1.46E-06,432
1.46E-06,0.72,1.46E-06,432
1.46E-06,0.72,1.46E-06,432
1.46E-06,0.72,1.46E-06,432
1.46E-06,0.72,1.46E-06,432
1.46E-06,0.72,1.46E-06,432
1.46E-06,0.72,1.46E-06,432
1.46E-06,0.72,1.46E-06,432
1.46E-06,0.72,1.46E-06,436
1.46E-06,0.72,1.46E-06,432
1.47E-06,0.72,1.47E-06,432
1.47E-06,0.72,1.47E-06,432
1.47E-06,0.72,1.47E-06,432
1.47E-06,0.72,1.47E-06,432
1.47E-06,0.72,1.47E-06,432
1.47E-06,0.72,1.47E-06,432
1.47E-06,0.72,1.47E-06,432
1.47E-06,0.72,1.47E-06,432
1.47E-06,0.72,1.47E-06,432
1.47E-06,0.72,1.47E-06,432
1.48E-06,0.72,1.48E-06,432
1.48E-06,0.72,1.48E-06,432
1.48E-06,0.72,1.48E-06,432
1.48E-06,0.72,1.48E-06,432
1.48E-06,0.72,1.48E-06,432
1.48E-06,0.72,1.48E-06,432
1.48E-06,0.72,1.48E-06,432
1.48E-06,0.72,1.48E-06,432
1.48E-06,0.72,1.48E-06,432
1.48E-06,0.72,1.48E-06,432
1.49E-06,0.72,1.49E-06,432
1.49E-06,0.72,1.49E-06,432
1.49E-06,0.72,1.49E-06,432
1.49E-06,0.72,1.49E-06,432
1.49E-06,0.72,1.49E-06,432
1.49E-06,0.72,1.49E-06,432
1.49E-06,0.72,1.49E-06,432
1.49E-06,0.72,1.49E-06,432
1.49E-06,0.72,1.49E-06,432
1.49E-06,0.72,1.49E-06,432
1.50E-06,0.72,1.50E-06,432
1.50E-06,0.72,1.50E-06,432
1.50E-06,0.72,1.50E-06,432
1.50E-06,0.72,1.50E-06,432
1.50E-06,0.72,1.50E-06,432
1.50E-06,0.72,1.50E-06,432
1.50E-06,0.72,1.50E-06,432
1.50E-06,0.72,1.50E-06,432
1.50E-06,0.72,1.50E-06,432
1.50E-06,0.72,1.50E-06,432
1.51E-06,0.72,1.51E-06,432
1.51E-06,0.72,1.51E-06,432
1.51E-06,0.72,1.51E-06,432
1.51E-06,0.72,1.51E-06,432
1.51E-06,0.72,1.51E-06,432
1.51E-06,0.72,1.51E-06,432
1.51E-06,0.72,1.51E-06,432
1.51E-06,0.72,1.51E-06,432
1.51E-06,0.72,1.51E-06,432
1.51E-06,0.72,1.51E-06,432
1.52E-06,0.72,1.52E-06,432
1.52E-06,0.72,1.52E-06,432
1.52E-06,0.72,1.52E-06,432
1.52E-06,0.72,1.52E-06,432
1.52E-06,0.72,1.52E-06,432
1.52E-06,0.72,1.52E-06,432
1.52E-06,0.72,1.52E-06,432
1.52E-06,0.72,1.52E-06,432
1.52E-06,0.72,1.52E-06,432
1.52E-06,0.72,1.52E-06,432
1.53E-06,0.72,1.53E-06,432
1.53E-06,0.72,1.53E-06,432
1.53E-06,0.72,1.53E-06,432
1.53E-06,0.72,1.53E-06,432
1.53E-06,0.72,1.53E-06,432
1.53E-06,0.72,1.53E-06,432
1.53E-06,0.72,1.53E-06,432
1.53E-06,0.72,1.53E-06,432
1.53E-06,0.72,1.53E-06,432
1.53E-06,0.72,1.53E-06,432
1.54E-06,0.72,1.54E-06,432
1.54E-06,0.72,1.54E-06,432
1.54E-06,0.72,1.54E-06,432
1.54E-06,0.72,1.54E-06,432
1.54E-06,0.72,1.54E-06,432
1.54E-06,0.72,1.54E-06,432
1.54E-06,0.72,1.54E-06,432
1.54E-06,0.72,1.54E-06,432
1.54E-06,0.72,1.54E-06,432
1.54E-06,0.72,1.54E-06,432
1.55E-06,0.72,1.55E-06,432
1.55E-06,0.72,1.55E-06,432
1.55E-06,0.72,1.55E-06,432
1.55E-06,0.72,1.55E-06,432
1.55E-06,0.72,1.55E-06,432
1.55E-06,0.72,1.55E-06,432
1.55E-06,0.72,1.55E-06,432
1.55E-06,0.72,1.55E-06,432
1.55E-06,0.72,1.55E-06,432
1.55E-06,0.72,1.55E-06,432
1.56E-06,0.72,1.56E-06,432
1.56E-06,0.72,1.56E-06,432
1.56E-06,0.72,1.56E-06,432
1.56E-06,0.72,1.56E-06,432
1.56E-06,0.72,1.56E-06,432
1.56E-06,0.72,1.56E-06,432
1.56E-06,0.72,1.56E-06,432
1.56E-06,0.72,1.56E-06,432
1.56E-06,0.72,1.56E-06,432
1.56E-06,0.72,1.56E-06,432
1.57E-06,0.72,1.57E-06,432
1.57E-06,0.72,1.57E-06,432
1.57E-06,0.72,1.57E-06,432
1.57E-06,0.72,1.57E-06,432
1.57E-06,0.72,1.57E-06,432
1.57E-06,0.72,1.57E-06,432
1.57E-06,0.72,1.57E-06,432
1.57E-06,0.72,1.57E-06,432
1.57E-06,0.72,1.57E-06,432
1.57E-06,0.72,1.57E-06,432
1.58E-06,0.72,1.58E-06,432
1.58E-06,0.72,1.58E-06,432
1.58E-06,0.72,1.58E-06,432
1.58E-06,0.72,1.58E-06,432
1.58E-06,0.72,1.58E-06,432
1.58E-06,0.72,1.58E-06,432
1.58E-06,0.72,1.58E-06,432
1.58E-06,0.72,1.58E-06,432
1.58E-06,0.72,1.58E-06,432
1.58E-06,0.72,1.58E-06,432
1.59E-06,0.72,1.59E-06,432
1.59E-06,0.72,1.59E-06,432
1.59E-06,0.72,1.59E-06,432
1.59E-06,0.72,1.59E-06,432
1.59E-06,0.72,1.59E-06,432
1.59E-06,0.72,1.59E-06,432
1.59E-06,0.72,1.59E-06,432
1.59E-06,0.72,1.59E-06,432
1.59E-06,0.72,1.59E-06,432
1.59E-06,0.72,1.59E-06,432
1.60E-06,0.72,1.60E-06,432
1.60E-06,0.72,1.60E-06,432
1.60E-06,0.72,1.60E-06,432
1.60E-06,0.72,1.60E-06,432
1.60E-06,0.72,1.60E-06,432
1.60E-06,0.72,1.60E-06,432
1.60E-06,0.72,1.60E-06,432
1.60E-06,0.72,1.60E-06,432
1.60E-06,0.72,1.60E-06,432
1.60E-06,0.72,1.60E-06,432
1.61E-06,0.8,1.61E-06,432
1.61E-06,0.72,1.61E-06,432
1.61E-06,0.72,1.61E-06,432
1.61E-06,0.72,1.61E-06,432
1.61E-06,0.72,1.61E-06,432
1.61E-06,0.72,1.61E-06,432
1.61E-06,0.72,1.61E-06,432
1.61E-06,0.72,1.61E-06,432
1.61E-06,0.72,1.61E-06,432
1.61E-06,0.72,1.61E-06,432
1.62E-06,0.72,1.62E-06,432
1.62E-06,0.72,1.62E-06,432
1.62E-06,0.72,1.62E-06,432
1.62E-06,0.72,1.62E-06,432
1.62E-06,0.72,1.62E-06,432
1.62E-06,0.72,1.62E-06,432
1.62E-06,0.72,1.62E-06,432
1.62E-06,0.72,1.62E-06,432
1.62E-06,0.72,1.62E-06,432
1.62E-06,0.72,1.62E-06,432
1.63E-06,0.72,1.63E-06,432
1.63E-06,0.72,1.63E-06,432
1.63E-06,0.72,1.63E-06,432
1.63E-06,0.72,1.63E-06,432
1.63E-06,0.72,1.63E-06,432
1.63E-06,0.72,1.63E-06,432
1.63E-06,0.72,1.63E-06,432
1.63E-06,0.72,1.63E-06,432
1.63E-06,0.72,1.63E-06,432
1.63E-06,0.72,1.63E-06,432
1.64E-06,0.72,1.64E-06,432
1.64E-06,0.72,1.64E-06,432
1.64E-06,0.72,1.64E-06,432
1.64E-06,0.72,1.64E-06,432
1.64E-06,0.72,1.64E-06,432
1.64E-06,0.72,1.64E-06,432
1.64E-06,0.72,1.64E-06,432
1.64E-06,0.72,1.64E-06,432
1.64E-06,0.72,1.64E-06,432
1.64E-06,0.72,1.64E-06,432
1.65E-06,0.72,1.65E-06,432
1.65E-06,0.72,1.65E-06,432
1.65E-06,0.72,1.65E-06,432
1.65E-06,0.8,1.65E-06,432
1.65E-06,0.72,1.65E-06,432
1.65E-06,0.72,1.65E-06,432
1.65E-06,0.72,1.65E-06,432
1.65E-06,0.72,1.65E-06,432
1.65E-06,0.72,1.65E-06,432
1.65E-06,0.72,1.65E-06,432
1.66E-06,0.72,1.66E-06,432
1.66E-06,0.72,1.66E-06,432
1.66E-06,0.72,1.66E-06,432
1.66E-06,0.72,1.66E-06,432
1.66E-06,0.72,1.66E-06,432
1.66E-06,0.72,1.66E-06,432
1.66E-06,0.72,1.66E-06,432
1.66E-06,0.72,1.66E-06,432
1.66E-06,0.72,1.66E-06,432
1.66E-06,0.72,1.66E-06,432
1.67E-06,0.72,1.67E-06,432
1.67E-06,0.72,1.67E-06,432
1.67E-06,0.72,1.67E-06,432
1.67E-06,0.72,1.67E-06,432
1.67E-06,0.72,1.67E-06,432
1.67E-06,0.8,1.67E-06,432
1.67E-06,0.72,1.67E-06,432
1.67E-06,0.8,1.67E-06,432
1.67E-06,0.72,1.67E-06,432
1.67E-06,0.72,1.67E-06,432
1.68E-06,0.72,1.68E-06,432
1.68E-06,0.72,1.68E-06,432
1.68E-06,0.72,1.68E-06,432
1.68E-06,0.72,1.68E-06,432
1.68E-06,0.72,1.68E-06,432
1.68E-06,0.72,1.68E-06,432
1.68E-06,0.72,1.68E-06,432
1.68E-06,0.72,1.68E-06,432
1.68E-06,0.72,1.68E-06,432
1.68E-06,0.72,1.68E-06,432
1.69E-06,0.72,1.69E-06,432
1.69E-06,0.72,1.69E-06,432
1.69E-06,0.72,1.69E-06,432
1.69E-06,0.72,1.69E-06,432
1.69E-06,0.72,1.69E-06,432
1.69E-06,0.72,1.69E-06,432
1.69E-06,0.72,1.69E-06,432
1.69E-06,0.8,1.69E-06,432
1.69E-06,0.72,1.69E-06,432
1.69E-06,0.72,1.69E-06,432
1.70E-06,0.72,1.70E-06,432
1.70E-06,0.72,1.70E-06,432
1.70E-06,0.72,1.70E-06,432
1.70E-06,0.72,1.70E-06,432
1.70E-06,0.72,1.70E-06,432
1.70E-06,0.72,1.70E-06,432
1.70E-06,0.72,1.70E-06,432
1.70E-06,0.72,1.70E-06,432
1.70E-06,0.72,1.70E-06,432
1.70E-06,0.72,1.70E-06,432
1.71E-06,0.72,1.71E-06,432
1.71E-06,0.72,1.71E-06,432
1.71E-06,0.72,1.71E-06,432
1.71E-06,0.72,1.71E-06,432
1.71E-06,0.72,1.71E-06,432
1.71E-06,0.72,1.71E-06,432
1.71E-06,0.72,1.71E-06,432
1.71E-06,0.72,1.71E-06,432
1.71E-06,0.72,1.71E-06,432
1.71E-06,0.72,1.71E-06,432
1.72E-06,0.72,1.72E-06,432
1.72E-06,0.72,1.72E-06,432
1.72E-06,0.72,1.72E-06,432
1.72E-06,0.72,1.72E-06,432
1.72E-06,0.72,1.72E-06,432
1.72E-06,0.72,1.72E-06,432
1.72E-06,0.72,1.72E-06,432
1.72E-06,0.72,1.72E-06,432
1.72E-06,0.72,1.72E-06,432
1.72E-06,0.72,1.72E-06,432
1.73E-06,0.72,1.73E-06,432
1.73E-06,0.72,1.73E-06,432
1.73E-06,0.72,1.73E-06,432
1.73E-06,0.72,1.73E-06,432
1.73E-06,0.72,1.73E-06,432
1.73E-06,0.72,1.73E-06,432
1.73E-06,0.72,1.73E-06,432
1.73E-06,0.72,1.73E-06,432
1.73E-06,0.72,1.73E-06,432
1.73E-06,0.72,1.73E-06,432
1.74E-06,0.72,1.74E-06,432
1.74E-06,0.72,1.74E-06,432
1.74E-06,0.72,1.74E-06,432
1.74E-06,0.72,1.74E-06,432
1.74E-06,0.72,1.74E-06,432
1.74E-06,0.72,1.74E-06,432
1.74E-06,0.72,1.74E-06,432
1.74E-06,0.72,1.74E-06,432
1.74E-06,0.72,1.74E-06,432
1.74E-06,0.72,1.74E-06,432
1.75E-06,0.72,1.75E-06,432
1.75E-06,0.72,1.75E-06,432
1.75E-06,0.72,1.75E-06,432
1.75E-06,0.72,1.75E-06,432
1.75E-06,0.72,1.75E-06,432
1.75E-06,0.72,1.75E-06,432
1.75E-06,0.72,1.75E-06,432
1.75E-06,0.72,1.75E-06,432
1.75E-06,0.72,1.75E-06,432
1.75E-06,0.72,1.75E-06,432
1.76E-06,0.72,1.76E-06,432
1.76E-06,0.72,1.76E-06,432
1.76E-06,0.72,1.76E-06,432
1.76E-06,0.72,1.76E-06,432
1.76E-06,0.72,1.76E-06,432
1.76E-06,0.72,1.76E-06,432
1.76E-06,0.72,1.76E-06,432
1.76E-06,0.72,1.76E-06,432
1.76E-06,0.72,1.76E-06,432
1.76E-06,0.72,1.76E-06,432
1.77E-06,0.72,1.77E-06,432
1.77E-06,0.72,1.77E-06,432
1.77E-06,0.72,1.77E-06,432
1.77E-06,0.72,1.77E-06,432
1.77E-06,0.72,1.77E-06,432
1.77E-06,0.72,1.77E-06,432
1.77E-06,0.72,1.77E-06,432
1.77E-06,0.72,1.77E-06,432
1.77E-06,0.72,1.77E-06,432
1.77E-06,0.72,1.77E-06,432
1.78E-06,0.72,1.78E-06,432
1.78E-06,0.72,1.78E-06,432
1.78E-06,0.72,1.78E-06,432
1.78E-06,0.72,1.78E-06,432
1.78E-06,0.72,1.78E-06,432
1.78E-06,0.72,1.78E-06,432
1.78E-06,0.72,1.78E-06,432
1.78E-06,0.72,1.78E-06,432
1.78E-06,0.72,1.78E-06,432
1.78E-06,0.72,1.78E-06,432
1.79E-06,0.72,1.79E-06,432
1.79E-06,0.72,1.79E-06,432
1.79E-06,0.72,1.79E-06,432
1.79E-06,0.72,1.79E-06,432
1.79E-06,0.72,1.79E-06,432
1.79E-06,0.72,1.79E-06,432
1.79E-06,0.72,1.79E-06,432
1.79E-06,0.72,1.79E-06,432
1.79E-06,0.72,1.79E-06,432
1.79E-06,0.72,1.79E-06,432
1.80E-06,0.72,1.80E-06,432
1.80E-06,0.72,1.80E-06,432
1.80E-06,0.72,1.80E-06,432
1.80E-06,0.72,1.80E-06,432
1.80E-06,0.72,1.80E-06,432
1.80E-06,0.72,1.80E-06,432
1.80E-06,0.72,1.80E-06,432
1.80E-06,0.72,1.80E-06,432
1.80E-06,0.72,1.80E-06,432
1.80E-06,0.72,1.80E-06,432
1.81E-06,0.72,1.81E-06,432
1.81E-06,0.72,1.81E-06,432
1.81E-06,0.72,1.81E-06,432
1.81E-06,0.72,1.81E-06,432
1.81E-06,0.72,1.81E-06,432
1.81E-06,0.72,1.81E-06,432
1.81E-06,0.72,1.81E-06,432
1.81E-06,0.72,1.81E-06,432
1.81E-06,0.72,1.81E-06,432
1.81E-06,0.72,1.81E-06,432
1.82E-06,0.72,1.82E-06,432
1.82E-06,0.72,1.82E-06,432
1.82E-06,0.72,1.82E-06,432
1.82E-06,0.72,1.82E-06,432
1.82E-06,0.72,1.82E-06,432
1.82E-06,0.72,1.82E-06,432
1.82E-06,0.72,1.82E-06,432
1.82E-06,0.72,1.82E-06,432
1.82E-06,0.72,1.82E-06,432
1.82E-06,0.72,1.82E-06,432
1.83E-06,0.72,1.83E-06,432
1.83E-06,0.72,1.83E-06,432
1.83E-06,0.72,1.83E-06,432
1.83E-06,0.72,1.83E-06,432
1.83E-06,0.72,1.83E-06,432
1.83E-06,0.72,1.83E-06,432
1.83E-06,0.72,1.83E-06,432
1.83E-06,0.72,1.83E-06,432
1.83E-06,0.72,1.83E-06,432
1.83E-06,0.72,1.83E-06,432
1.84E-06,0.72,1.84E-06,432
1.84E-06,0.72,1.84E-06,432
1.84E-06,0.72,1.84E-06,432
1.84E-06,0.72,1.84E-06,432
1.84E-06,0.72,1.84E-06,432
1.84E-06,0.72,1.84E-06,432
1.84E-06,0.72,1.84E-06,432
1.84E-06,0.72,1.84E-06,432
1.84E-06,0.72,1.84E-06,432
1.84E-06,0.72,1.84E-06,432
1.85E-06,0.72,1.85E-06,432
1.85E-06,0.72,1.85E-06,432
1.85E-06,0.72,1.85E-06,432
1.85E-06,0.72,1.85E-06,432
1.85E-06,0.72,1.85E-06,432
1.85E-06,0.72,1.85E-06,432
1.85E-06,0.72,1.85E-06,432
1.85E-06,0.72,1.85E-06,432
1.85E-06,0.72,1.85E-06,432
1.85E-06,0.72,1.85E-06,432
1.86E-06,0.72,1.86E-06,432
1.86E-06,0.72,1.86E-06,432
1.86E-06,0.72,1.86E-06,432
1.86E-06,0.72,1.86E-06,432
1.86E-06,0.72,1.86E-06,432
1.86E-06,0.72,1.86E-06,432
1.86E-06,0.72,1.86E-06,432
1.86E-06,0.72,1.86E-06,436
1.86E-06,0.72,1.86E-06,432
1.86E-06,0.72,1.86E-06,432
1.87E-06,0.72,1.87E-06,432
1.87E-06,0.72,1.87E-06,432
1.87E-06,0.72,1.87E-06,432
1.87E-06,0.72,1.87E-06,432
1.87E-06,0.72,1.87E-06,432
1.87E-06,0.72,1.87E-06,432
1.87E-06,0.72,1.87E-06,432
1.87E-06,0.72,1.87E-06,432
1.87E-06,0.72,1.87E-06,432
1.87E-06,0.72,1.87E-06,432
1.88E-06,0.72,1.88E-06,432
1.88E-06,0.72,1.88E-06,432
1.88E-06,0.72,1.88E-06,432
1.88E-06,0.72,1.88E-06,432
1.88E-06,0.72,1.88E-06,432
1.88E-06,0.72,1.88E-06,432
1.88E-06,0.72,1.88E-06,432
1.88E-06,0.72,1.88E-06,432
1.88E-06,0.72,1.88E-06,432
1.88E-06,0.72,1.88E-06,432
1.89E-06,0.72,1.89E-06,432
1.89E-06,0.72,1.89E-06,432
1.89E-06,0.72,1.89E-06,436
1.89E-06,0.72,1.89E-06,432
1.89E-06,0.72,1.89E-06,432
1.89E-06,0.72,1.89E-06,432
1.89E-06,0.72,1.89E-06,432
1.89E-06,0.72,1.89E-06,432
1.89E-06,0.72,1.89E-06,432
1.89E-06,0.72,1.89E-06,432
1.90E-06,0.72,1.90E-06,432
1.90E-06,0.72,1.90E-06,432
1.90E-06,0.72,1.90E-06,432
1.90E-06,0.72,1.90E-06,432
1.90E-06,0.72,1.90E-06,432
1.90E-06,0.72,1.90E-06,432
1.90E-06,0.72,1.90E-06,432
1.90E-06,0.72,1.90E-06,432
1.90E-06,0.72,1.90E-06,432
1.90E-06,0.72,1.90E-06,432
1.91E-06,0.72,1.91E-06,432
1.91E-06,0.72,1.91E-06,432
1.91E-06,0.72,1.91E-06,432
1.91E-06,0.72,1.91E-06,432
1.91E-06,0.72,1.91E-06,432
1.91E-06,0.72,1.91E-06,432
1.91E-06,0.72,1.91E-06,432
1.91E-06,0.72,1.91E-06,436
1.91E-06,0.72,1.91E-06,436
1.91E-06,0.72,1.91E-06,432
1.92E-06,0.72,1.92E-06,432
1.92E-06,0.72,1.92E-06,432
1.92E-06,0.64,1.92E-06,432
1.92E-06,0.72,1.92E-06,436
1.92E-06,0.72,1.92E-06,432
1.92E-06,0.72,1.92E-06,436
1.92E-06,0.72,1.92E-06,432
1.92E-06,0.72,1.92E-06,432
1.92E-06,0.72,1.92E-06,432
1.92E-06,0.72,1.92E-06,436
1.93E-06,0.72,1.93E-06,432
1.93E-06,0.72,1.93E-06,436
1.93E-06,0.72,1.93E-06,432
1.93E-06,0.72,1.93E-06,436
1.93E-06,0.72,1.93E-06,432
1.93E-06,0.72,1.93E-06,432
1.93E-06,0.72,1.93E-06,432
1.93E-06,0.72,1.93E-06,432
1.93E-06,0.72,1.93E-06,432
1.93E-06,0.72,1.93E-06,432
1.94E-06,0.72,1.94E-06,432
1.94E-06,0.72,1.94E-06,436
1.94E-06,0.72,1.94E-06,432
1.94E-06,0.72,1.94E-06,432
1.94E-06,0.72,1.94E-06,432
1.94E-06,0.72,1.94E-06,436
1.94E-06,0.72,1.94E-06,432
1.94E-06,0.72,1.94E-06,432
1.94E-06,0.72,1.94E-06,432
1.94E-06,0.72,1.94E-06,432
1.95E-06,0.72,1.95E-06,432
1.95E-06,0.72,1.95E-06,436
1.95E-06,0.72,1.95E-06,432
1.95E-06,0.72,1.95E-06,436
1.95E-06,0.72,1.95E-06,432
1.95E-06,0.72,1.95E-06,432
1.95E-06,0.72,1.95E-06,432
1.95E-06,0.72,1.95E-06,432
1.95E-06,0.72,1.95E-06,432
1.95E-06,0.72,1.95E-06,432
1.96E-06,0.72,1.96E-06,436
1.96E-06,0.72,1.96E-06,432
1.96E-06,0.72,1.96E-06,436
1.96E-06,0.72,1.96E-06,432
1.96E-06,0.72,1.96E-06,432
1.96E-06,0.72,1.96E-06,432
1.96E-06,0.72,1.96E-06,436
1.96E-06,0.72,1.96E-06,436
1.96E-06,0.72,1.96E-06,432
1.96E-06,0.72,1.96E-06,432
1.97E-06,0.72,1.97E-06,432
1.97E-06,0.72,1.97E-06,432
1.97E-06,0.72,1.97E-06,436
1.97E-06,0.72,1.97E-06,436
1.97E-06,0.72,1.97E-06,432
1.97E-06,0.72,1.97E-06,436
1.97E-06,0.72,1.97E-06,432
1.97E-06,0.72,1.97E-06,432
1.97E-06,0.72,1.97E-06,432
1.97E-06,0.72,1.97E-06,432
1.98E-06,0.72,1.98E-06,432
1.98E-06,0.72,1.98E-06,432
1.98E-06,0.64,1.98E-06,432
1.98E-06,0.72,1.98E-06,432
1.98E-06,0.72,1.98E-06,436
1.98E-06,0.72,1.98E-06,432
1.98E-06,0.72,1.98E-06,436
1.98E-06,0.72,1.98E-06,432
1.98E-06,0.72,1.98E-06,432
1.98E-06,0.72,1.98E-06,432
1.99E-06,0.72,1.99E-06,432
1.99E-06,0.72,1.99E-06,432
1.99E-06,0.72,1.99E-06,432
1.99E-06,0.72,1.99E-06,432
1.99E-06,0.72,1.99E-06,432
1.99E-06,0.72,1.99E-06,432
1.99E-06,0.72,1.99E-06,432
1.99E-06,0.72,1.99E-06,432
1.99E-06,0.72,1.99E-06,436
1.99E-06,0.72,1.99E-06,432
2.00E-06,0.72,2.00E-06,432
2.00E-06,0.64,2.00E-06,432
2.00E-06,0.72,2.00E-06,432
2.00E-06,0.72,2.00E-06,432
2.00E-06,0.72,2.00E-06,432
2.00E-06,0.72,2.00E-06,432
2.00E-06,0.72,2.00E-06,432
2.00E-06,0.72,2.00E-06,432
2.00E-06,0.64,2.00E-06,432
2.00E-06,0.72,2.00E-06,432
2.01E-06,0.72,2.01E-06,432
2.01E-06,0.72,2.01E-06,432
2.01E-06,0.72,2.01E-06,432
2.01E-06,0.72,2.01E-06,432
2.01E-06,0.64,2.01E-06,436
2.01E-06,0.72,2.01E-06,436
2.01E-06,0.64,2.01E-06,436
2.01E-06,0.72,2.01E-06,432
2.01E-06,0.72,2.01E-06,436
2.01E-06,0.72,2.01E-06,432
2.02E-06,0.72,2.02E-06,432
2.02E-06,0.72,2.02E-06,432
2.02E-06,0.64,2.02E-06,436
2.02E-06,0.72,2.02E-06,432
2.02E-06,0.64,2.02E-06,436
2.02E-06,0.72,2.02E-06,436
2.02E-06,0.72,2.02E-06,436
2.02E-06,0.72,2.02E-06,432
2.02E-06,0.72,2.02E-06,432
2.02E-06,0.72,2.02E-06,432
2.03E-06,0.72,2.03E-06,436
2.03E-06,0.72,2.03E-06,436
2.03E-06,0.72,2.03E-06,436
2.03E-06,0.72,2.03E-06,436
2.03E-06,0.72,2.03E-06,432
2.03E-06,0.72,2.03E-06,432
2.03E-06,0.72,2.03E-06,436
2.03E-06,0.72,2.03E-06,432
2.03E-06,0.72,2.03E-06,436
2.03E-06,0.72,2.03E-06,432
2.04E-06,0.72,2.04E-06,436
2.04E-06,0.72,2.04E-06,436
2.04E-06,0.72,2.04E-06,436
2.04E-06,0.72,2.04E-06,436
2.04E-06,0.72,2.04E-06,436
2.04E-06,0.72,2.04E-06,436
2.04E-06,0.72,2.04E-06,432
2.04E-06,0.72,2.04E-06,432
2.04E-06,0.72,2.04E-06,432
2.04E-06,0.72,2.04E-06,436
2.05E-06,0.72,2.05E-06,432
2.05E-06,0.72,2.05E-06,436
2.05E-06,0.72,2.05E-06,432
2.05E-06,0.72,2.05E-06,436
2.05E-06,0.64,2.05E-06,432
2.05E-06,0.72,2.05E-06,432
2.05E-06,0.64,2.05E-06,436
2.05E-06,0.72,2.05E-06,432
2.05E-06,0.72,2.05E-06,436
2.05E-06,0.72,2.05E-06,436
2.06E-06,0.72,2.06E-06,436
2.06E-06,0.72,2.06E-06,436
2.06E-06,0.72,2.06E-06,436
2.06E-06,0.72,2.06E-06,436
2.06E-06,0.72,2.06E-06,432
2.06E-06,0.72,2.06E-06,432
2.06E-06,0.72,2.06E-06,436
2.06E-06,0.72,2.06E-06,432
2.06E-06,0.72,2.06E-06,436
2.06E-06,0.72,2.06E-06,436
2.07E-06,0.72,2.07E-06,432
2.07E-06,0.72,2.07E-06,436
2.07E-06,0.72,2.07E-06,436
2.07E-06,0.72,2.07E-06,432
2.07E-06,0.72,2.07E-06,436
2.07E-06,0.72,2.07E-06,436
2.07E-06,0.64,2.07E-06,432
2.07E-06,0.72,2.07E-06,436
2.07E-06,0.72,2.07E-06,436
2.07E-06,0.72,2.07E-06,436
2.08E-06,0.72,2.08E-06,432
2.08E-06,0.72,2.08E-06,432
2.08E-06,0.72,2.08E-06,432
2.08E-06,0.72,2.08E-06,436
2.08E-06,0.64,2.08E-06,432
2.08E-06,0.72,2.08E-06,432
2.08E-06,0.72,2.08E-06,432
2.08E-06,0.72,2.08E-06,436
2.08E-06,0.72,2.08E-06,432
2.08E-06,0.72,2.08E-06,436
2.09E-06,0.72,2.09E-06,432
2.09E-06,0.72,2.09E-06,432
2.09E-06,0.72,2.09E-06,436
2.09E-06,0.72,2.09E-06,432
2.09E-06,0.72,2.09E-06,436
2.09E-06,0.72,2.09E-06,432
2.09E-06,0.64,2.09E-06,436
2.09E-06,0.72,2.09E-06,432
2.09E-06,0.64,2.09E-06,432
2.09E-06,0.72,2.09E-06,436
2.10E-06,0.64,2.10E-06,436
2.10E-06,0.72,2.10E-06,436
2.10E-06,0.72,2.10E-06,436
2.10E-06,0.72,2.10E-06,436
2.10E-06,0.72,2.10E-06,436
2.10E-06,0.72,2.10E-06,436
2.10E-06,0.72,2.10E-06,436
2.10E-06,0.72,2.10E-06,436
2.10E-06,0.72,2.10E-06,436
2.10E-06,0.72,2.10E-06,432
2.11E-06,0.72,2.11E-06,436
2.11E-06,0.72,2.11E-06,432
2.11E-06,0.72,2.11E-06,432
2.11E-06,0.72,2.11E-06,432
2.11E-06,0.72,2.11E-06,436
2.11E-06,0.72,2.11E-06,436
2.11E-06,0.72,2.11E-06,436
2.11E-06,0.72,2.11E-06,432
2.11E-06,0.64,2.11E-06,436
2.11E-06,0.72,2.11E-06,436
2.12E-06,0.64,2.12E-06,436
2.12E-06,0.64,2.12E-06,432
2.12E-06,0.64,2.12E-06,432
2.12E-06,0.64,2.12E-06,432
2.12E-06,0.72,2.12E-06,436
2.12E-06,0.72,2.12E-06,436
2.12E-06,0.72,2.12E-06,432
2.12E-06,0.72,2.12E-06,436
2.12E-06,0.72,2.12E-06,432
2.12E-06,0.72,2.12E-06,432
2.13E-06,0.72,2.13E-06,436
2.13E-06,0.72,2.13E-06,436
2.13E-06,0.72,2.13E-06,436
2.13E-06,0.72,2.13E-06,436
2.13E-06,0.72,2.13E-06,436
2.13E-06,0.72,2.13E-06,436
2.13E-06,0.72,2.13E-06,436
2.13E-06,0.72,2.13E-06,436
2.13E-06,0.72,2.13E-06,436
2.13E-06,0.72,2.13E-06,436
2.14E-06,0.72,2.14E-06,432
2.14E-06,0.72,2.14E-06,436
2.14E-06,0.64,2.14E-06,432
2.14E-06,0.72,2.14E-06,436
2.14E-06,0.72,2.14E-06,432
2.14E-06,0.72,2.14E-06,436
2.14E-06,0.64,2.14E-06,432
2.14E-06,0.72,2.14E-06,436
2.14E-06,0.64,2.14E-06,432
2.14E-06,0.72,2.14E-06,436
2.15E-06,0.64,2.15E-06,432
2.15E-06,0.72,2.15E-06,436
2.15E-06,0.64,2.15E-06,436
2.15E-06,0.72,2.15E-06,436
2.15E-06,0.72,2.15E-06,432
2.15E-06,0.72,2.15E-06,436
2.15E-06,0.72,2.15E-06,432
2.15E-06,0.72,2.15E-06,436
2.15E-06,0.72,2.15E-06,432
2.15E-06,0.72,2.15E-06,436
2.16E-06,0.72,2.16E-06,432
2.16E-06,0.72,2.16E-06,436
2.16E-06,0.72,2.16E-06,436
2.16E-06,0.72,2.16E-06,436
2.16E-06,0.64,2.16E-06,436
2.16E-06,0.64,2.16E-06,436
2.16E-06,0.64,2.16E-06,436
2.16E-06,0.72,2.16E-06,436
2.16E-06,0.72,2.16E-06,436
2.16E-06,0.72,2.16E-06,436
2.17E-06,0.64,2.17E-06,436
2.17E-06,0.64,2.17E-06,436
2.17E-06,0.64,2.17E-06,436
2.17E-06,0.72,2.17E-06,436
2.17E-06,0.64,2.17E-06,432
2.17E-06,0.64,2.17E-06,436
2.17E-06,0.64,2.17E-06,432
2.17E-06,0.72,2.17E-06,436
2.17E-06,0.72,2.17E-06,432
2.17E-06,0.72,2.17E-06,436
2.18E-06,0.72,2.18E-06,436
2.18E-06,0.64,2.18E-06,436
2.18E-06,0.64,2.18E-06,436
2.18E-06,0.72,2.18E-06,436
2.18E-06,0.64,2.18E-06,436
2.18E-06,0.72,2.18E-06,436
2.18E-06,0.64,2.18E-06,436
2.18E-06,0.72,2.18E-06,436
2.18E-06,0.64,2.18E-06,436
2.18E-06,0.72,2.18E-06,436
2.19E-06,0.64,2.19E-06,436
2.19E-06,0.72,2.19E-06,436
2.19E-06,0.64,2.19E-06,436
2.19E-06,0.72,2.19E-06,436
2.19E-06,0.64,2.19E-06,436
2.19E-06,0.72,2.19E-06,436
2.19E-06,0.72,2.19E-06,436
2.19E-06,0.72,2.19E-06,432
2.19E-06,0.64,2.19E-06,436
2.19E-06,0.72,2.19E-06,432
2.20E-06,0.72,2.20E-06,436
2.20E-06,0.72,2.20E-06,436
2.20E-06,0.64,2.20E-06,436
2.20E-06,0.72,2.20E-06,436
2.20E-06,0.72,2.20E-06,436
2.20E-06,0.72,2.20E-06,436
2.20E-06,0.72,2.20E-06,436
2.20E-06,0.72,2.20E-06,436
2.20E-06,0.64,2.20E-06,436
2.20E-06,0.64,2.20E-06,436
2.21E-06,0.72,2.21E-06,436
2.21E-06,0.72,2.21E-06,436
2.21E-06,0.72,2.21E-06,436
2.21E-06,0.72,2.21E-06,436
2.21E-06,0.72,2.21E-06,436
2.21E-06,0.72,2.21E-06,436
2.21E-06,0.72,2.21E-06,436
2.21E-06,0.72,2.21E-06,436
2.21E-06,0.64,2.21E-06,436
2.21E-06,0.72,2.21E-06,436
2.22E-06,0.64,2.22E-06,432
2.22E-06,0.72,2.22E-06,436
2.22E-06,0.64,2.22E-06,436
2.22E-06,0.72,2.22E-06,436
2.22E-06,0.64,2.22E-06,436
2.22E-06,0.64,2.22E-06,432
2.22E-06,0.64,2.22E-06,436
2.22E-06,0.64,2.22E-06,436
2.22E-06,0.64,2.22E-06,432
2.22E-06,0.72,2.22E-06,436
2.23E-06,0.64,2.23E-06,432
2.23E-06,0.72,2.23E-06,432
2.23E-06,0.64,2.23E-06,432
2.23E-06,0.72,2.23E-06,436
2.23E-06,0.64,2.23E-06,436
2.23E-06,0.72,2.23E-06,436
2.23E-06,0.64,2.23E-06,436
2.23E-06,0.72,2.23E-06,436
2.23E-06,0.72,2.23E-06,436
2.23E-06,0.72,2.23E-06,436
2.24E-06,0.72,2.24E-06,436
2.24E-06,0.72,2.24E-06,436
2.24E-06,0.72,2.24E-06,436
2.24E-06,0.72,2.24E-06,436
2.24E-06,0.72,2.24E-06,436
2.24E-06,0.72,2.24E-06,432
2.24E-06,0.72,2.24E-06,436
2.24E-06,0.72,2.24E-06,432
2.24E-06,0.72,2.24E-06,436
2.24E-06,0.72,2.24E-06,436
2.25E-06,0.72,2.25E-06,436
2.25E-06,0.72,2.25E-06,436
2.25E-06,0.72,2.25E-06,436
2.25E-06,0.64,2.25E-06,436
2.25E-06,0.72,2.25E-06,436
2.25E-06,0.64,2.25E-06,436
2.25E-06,0.72,2.25E-06,436
2.25E-06,0.72,2.25E-06,436
2.25E-06,0.72,2.25E-06,436
2.25E-06,0.72,2.25E-06,436
2.26E-06,0.72,2.26E-06,436
2.26E-06,0.72,2.26E-06,432
2.26E-06,0.72,2.26E-06,436
2.26E-06,0.72,2.26E-06,432
2.26E-06,0.72,2.26E-06,436
2.26E-06,0.72,2.26E-06,436
2.26E-06,0.72,2.26E-06,436
2.26E-06,0.72,2.26E-06,436
2.26E-06,0.64,2.26E-06,436
2.26E-06,0.72,2.26E-06,436
2.27E-06,0.72,2.27E-06,432
2.27E-06,0.72,2.27E-06,436
2.27E-06,0.72,2.27E-06,432
2.27E-06,0.72,2.27E-06,432
2.27E-06,0.72,2.27E-06,436
2.27E-06,0.72,2.27E-06,436
2.27E-06,0.72,2.27E-06,436
2.27E-06,0.72,2.27E-06,436
2.27E-06,0.72,2.27E-06,436
2.27E-06,0.72,2.27E-06,432
2.28E-06,0.72,2.28E-06,432
2.28E-06,0.72,2.28E-06,436
2.28E-06,0.72,2.28E-06,436
2.28E-06,0.72,2.28E-06,436
2.28E-06,0.72,2.28E-06,436
2.28E-06,0.72,2.28E-06,436
2.28E-06,0.72,2.28E-06,436
2.28E-06,0.72,2.28E-06,436
2.28E-06,0.64,2.28E-06,436
2.28E-06,0.72,2.28E-06,436
2.29E-06,0.72,2.29E-06,436
2.29E-06,0.72,2.29E-06,436
2.29E-06,0.72,2.29E-06,436
2.29E-06,0.72,2.29E-06,436
2.29E-06,0.64,2.29E-06,436
2.29E-06,0.72,2.29E-06,436
2.29E-06,0.72,2.29E-06,436
2.29E-06,0.72,2.29E-06,436
2.29E-06,0.64,2.29E-06,436
2.29E-06,0.72,2.29E-06,436
2.30E-06,0.72,2.30E-06,436
2.30E-06,0.72,2.30E-06,436
2.30E-06,0.72,2.30E-06,436
2.30E-06,0.64,2.30E-06,436
2.30E-06,0.72,2.30E-06,436
2.30E-06,0.72,2.30E-06,436
2.30E-06,0.72,2.30E-06,436
2.30E-06,0.72,2.30E-06,436
2.30E-06,0.64,2.30E-06,432
2.30E-06,0.72,2.30E-06,436
2.31E-06,0.72,2.31E-06,436
2.31E-06,0.72,2.31E-06,436
2.31E-06,0.72,2.31E-06,436
2.31E-06,0.72,2.31E-06,436
2.31E-06,0.72,2.31E-06,436
2.31E-06,0.64,2.31E-06,436
2.31E-06,0.64,2.31E-06,436
2.31E-06,0.72,2.31E-06,436
2.31E-06,0.72,2.31E-06,436
2.31E-06,0.72,2.31E-06,436
2.32E-06,0.72,2.32E-06,436
2.32E-06,0.72,2.32E-06,436
2.32E-06,0.72,2.32E-06,436
2.32E-06,0.72,2.32E-06,436
2.32E-06,0.72,2.32E-06,436
2.32E-06,0.72,2.32E-06,436
2.32E-06,0.72,2.32E-06,436
2.32E-06,0.72,2.32E-06,436
2.32E-06,0.72,2.32E-06,436
2.32E-06,0.64,2.32E-06,432
2.33E-06,0.72,2.33E-06,436
2.33E-06,0.72,2.33E-06,436
2.33E-06,0.72,2.33E-06,436
2.33E-06,0.72,2.33E-06,436
2.33E-06,0.72,2.33E-06,436
2.33E-06,0.72,2.33E-06,436
2.33E-06,0.72,2.33E-06,436
2.33E-06,0.64,2.33E-06,436
2.33E-06,0.72,2.33E-06,436
2.33E-06,0.72,2.33E-06,436
2.34E-06,0.72,2.34E-06,436
2.34E-06,0.72,2.34E-06,432
2.34E-06,0.64,2.34E-06,436
2.34E-06,0.72,2.34E-06,436
2.34E-06,0.72,2.34E-06,436
2.34E-06,0.72,2.34E-06,436
2.34E-06,0.72,2.34E-06,436
2.34E-06,0.72,2.34E-06,436
2.34E-06,0.64,2.34E-06,436
2.34E-06,0.72,2.34E-06,436
2.35E-06,0.72,2.35E-06,436
2.35E-06,0.64,2.35E-06,436
2.35E-06,0.72,2.35E-06,436
2.35E-06,0.72,2.35E-06,436
2.35E-06,0.72,2.35E-06,436
2.35E-06,0.72,2.35E-06,436
2.35E-06,0.72,2.35E-06,436
2.35E-06,0.72,2.35E-06,436
2.35E-06,0.72,2.35E-06,436
2.35E-06,0.72,2.35E-06,432
2.36E-06,0.72,2.36E-06,436
2.36E-06,0.72,2.36E-06,436
2.36E-06,0.64,2.36E-06,436
2.36E-06,0.72,2.36E-06,436
2.36E-06,0.72,2.36E-06,436
2.36E-06,0.72,2.36E-06,436
2.36E-06,0.72,2.36E-06,436
2.36E-06,0.72,2.36E-06,436
2.36E-06,0.72,2.36E-06,436
2.36E-06,0.72,2.36E-06,436
2.37E-06,0.64,2.37E-06,436
2.37E-06,0.64,2.37E-06,436
2.37E-06,0.64,2.37E-06,436
2.37E-06,0.72,2.37E-06,436
2.37E-06,0.72,2.37E-06,436
2.37E-06,0.72,2.37E-06,436
2.37E-06,0.64,2.37E-06,436
2.37E-06,0.72,2.37E-06,436
2.37E-06,0.72,2.37E-06,436
2.37E-06,0.72,2.37E-06,436
2.38E-06,0.72,2.38E-06,436
2.38E-06,0.72,2.38E-06,436
2.38E-06,0.72,2.38E-06,436
2.38E-06,0.72,2.38E-06,436
2.38E-06,0.72,2.38E-06,436
2.38E-06,0.72,2.38E-06,432
2.38E-06,0.72,2.38E-06,436
2.38E-06,0.72,2.38E-06,436
2.38E-06,0.72,2.38E-06,436
2.38E-06,0.72,2.38E-06,436
2.39E-06,0.72,2.39E-06,436
2.39E-06,0.72,2.39E-06,436
2.39E-06,0.72,2.39E-06,436
2.39E-06,0.72,2.39E-06,436
2.39E-06,0.64,2.39E-06,436
2.39E-06,0.72,2.39E-06,436
2.39E-06,0.64,2.39E-06,436
2.39E-06,0.72,2.39E-06,436
2.39E-06,0.64,2.39E-06,436
2.39E-06,0.72,2.39E-06,432
2.40E-06,0.72,2.40E-06,436
2.40E-06,0.72,2.40E-06,436
2.40E-06,0.72,2.40E-06,436
2.40E-06,0.72,2.40E-06,436
2.40E-06,0.64,2.40E-06,436
2.40E-06,0.72,2.40E-06,436
2.40E-06,0.72,2.40E-06,436
2.40E-06,0.72,2.40E-06,436
2.40E-06,0.72,2.40E-06,436
2.40E-06,0.72,2.40E-06,436
2.41E-06,0.72,2.41E-06,436
2.41E-06,0.72,2.41E-06,436
2.41E-06,0.72,2.41E-06,436
2.41E-06,0.72,2.41E-06,436
2.41E-06,0.72,2.41E-06,436
2.41E-06,0.72,2.41E-06,436
2.41E-06,0.72,2.41E-06,432
2.41E-06,0.72,2.41E-06,436
2.41E-06,0.72,2.41E-06,432
2.41E-06,0.72,2.41E-06,432
2.42E-06,0.64,2.42E-06,432
2.42E-06,0.72,2.42E-06,436
2.42E-06,0.72,2.42E-06,436
2.42E-06,0.72,2.42E-06,436
2.42E-06,0.64,2.42E-06,432
2.42E-06,0.72,2.42E-06,436
2.42E-06,0.72,2.42E-06,436
2.42E-06,0.64,2.42E-06,436
2.42E-06,0.72,2.42E-06,432
2.42E-06,0.72,2.42E-06,436
2.43E-06,0.72,2.43E-06,436
2.43E-06,0.72,2.43E-06,432
2.43E-06,0.72,2.43E-06,432
2.43E-06,0.72,2.43E-06,436
2.43E-06,0.72,2.43E-06,432
2.43E-06,0.72,2.43E-06,432
2.43E-06,0.72,2.43E-06,436
2.43E-06,0.72,2.43E-06,436
2.43E-06,0.72,2.43E-06,432
2.43E-06,0.72,2.43E-06,436
2.44E-06,0.72,2.44E-06,436
2.44E-06,0.72,2.44E-06,436
2.44E-06,0.72,2.44E-06,436
2.44E-06,0.72,2.44E-06,436
2.44E-06,0.64,2.44E-06,436
2.44E-06,0.72,2.44E-06,436
2.44E-06,0.64,2.44E-06,436
2.44E-06,0.72,2.44E-06,436
2.44E-06,0.72,2.44E-06,436
2.44E-06,0.72,2.44E-06,436
2.45E-06,0.72,2.45E-06,436
2.45E-06,0.72,2.45E-06,436
2.45E-06,0.64,2.45E-06,436
2.45E-06,0.72,2.45E-06,436
2.45E-06,0.72,2.45E-06,432
2.45E-06,0.72,2.45E-06,436
2.45E-06,0.72,2.45E-06,432
2.45E-06,0.72,2.45E-06,436
2.45E-06,0.72,2.45E-06,432
2.45E-06,0.72,2.45E-06,436
2.46E-06,0.72,2.46E-06,432
2.46E-06,0.72,2.46E-06,436
2.46E-06,0.72,2.46E-06,432
2.46E-06,0.72,2.46E-06,432
2.46E-06,0.72,2.46E-06,432
2.46E-06,0.72,2.46E-06,432
2.46E-06,0.72,2.46E-06,432
2.46E-06,0.72,2.46E-06,432
2.46E-06,0.72,2.46E-06,432
2.46E-06,0.72,2.46E-06,432
2.47E-06,0.72,2.47E-06,432
2.47E-06,0.72,2.47E-06,436
2.47E-06,0.72,2.47E-06,436
2.47E-06,0.72,2.47E-06,436
2.47E-06,0.72,2.47E-06,436
2.47E-06,0.72,2.47E-06,436
2.47E-06,0.72,2.47E-06,436
2.47E-06,0.72,2.47E-06,436
2.47E-06,0.72,2.47E-06,436
2.47E-06,0.72,2.47E-06,436
2.48E-06,0.72,2.48E-06,436
2.48E-06,0.72,2.48E-06,436
2.48E-06,0.72,2.48E-06,436
2.48E-06,0.72,2.48E-06,436
2.48E-06,0.64,2.48E-06,436
2.48E-06,0.72,2.48E-06,436
2.48E-06,0.64,2.48E-06,436
2.48E-06,0.72,2.48E-06,432
2.48E-06,0.72,2.48E-06,436
2.48E-06,0.72,2.48E-06,432
2.49E-06,0.64,2.49E-06,436
2.49E-06,0.72,2.49E-06,436
2.49E-06,0.72,2.49E-06,436
2.49E-06,0.72,2.49E-06,432
2.49E-06,0.72,2.49E-06,436
2.49E-06,0.72,2.49E-06,432
2.49E-06,0.72,2.49E-06,436
2.49E-06,0.72,2.49E-06,432
2.49E-06,0.72,2.49E-06,436
2.49E-06,0.72,2.49E-06,432
2.50E-06,0.72,2.50E-06,432
2.50E-06,0.72,2.50E-06,436
2.50E-06,0.72,2.50E-06,432
2.50E-06,0.72,2.50E-06,436
2.50E-06,0.72,2.50E-06,432
2.50E-06,0.72,2.50E-06,436
2.50E-06,0.72,2.50E-06,436
2.50E-06,0.72,2.50E-06,436
2.50E-06,0.72,2.50E-06,436
2.50E-06,0.72,2.50E-06,432
2.51E-06,0.72,2.51E-06,436
2.51E-06,0.72,2.51E-06,436
2.51E-06,0.72,2.51E-06,432
2.51E-06,0.72,2.51E-06,436
2.51E-06,0.72,2.51E-06,432
2.51E-06,0.72,2.51E-06,432
2.51E-06,0.72,2.51E-06,436
2.51E-06,0.72,2.51E-06,436
2.51E-06,0.64,2.51E-06,436
2.51E-06,0.72,2.51E-06,436
2.52E-06,0.72,2.52E-06,432
2.52E-06,0.72,2.52E-06,436
2.52E-06,0.72,2.52E-06,432
2.52E-06,0.72,2.52E-06,436
2.52E-06,0.72,2.52E-06,436
2.52E-06,0.72,2.52E-06,432
2.52E-06,0.72,2.52E-06,432
2.52E-06,0.72,2.52E-06,436
2.52E-06,0.72,2.52E-06,436
2.52E-06,0.72,2.52E-06,432
2.53E-06,0.72,2.53E-06,436
2.53E-06,0.72,2.53E-06,432
2.53E-06,0.64,2.53E-06,432
2.53E-06,0.72,2.53E-06,436
2.53E-06,0.72,2.53E-06,436
2.53E-06,0.72,2.53E-06,436
2.53E-06,0.72,2.53E-06,436
2.53E-06,0.72,2.53E-06,436
2.53E-06,0.64,2.53E-06,436
2.53E-06,0.72,2.53E-06,436
2.54E-06,0.72,2.54E-06,436
2.54E-06,0.72,2.54E-06,436
2.54E-06,0.64,2.54E-06,436
2.54E-06,0.72,2.54E-06,436
2.54E-06,0.64,2.54E-06,436
2.54E-06,0.72,2.54E-06,436
2.54E-06,0.72,2.54E-06,436
2.54E-06,0.72,2.54E-06,436
2.54E-06,0.72,2.54E-06,436
2.54E-06,0.72,2.54E-06,436
2.55E-06,0.72,2.55E-06,436
2.55E-06,0.72,2.55E-06,436
2.55E-06,0.72,2.55E-06,436
2.55E-06,0.72,2.55E-06,436
2.55E-06,0.72,2.55E-06,432
2.55E-06,0.72,2.55E-06,436
2.55E-06,0.64,2.55E-06,436
2.55E-06,0.64,2.55E-06,436
2.55E-06,0.64,2.55E-06,436
2.55E-06,0.72,2.55E-06,436
2.56E-06,0.72,2.56E-06,432
2.56E-06,0.72,2.56E-06,432
2.56E-06,0.72,2.56E-06,436
2.56E-06,0.72,2.56E-06,436
2.56E-06,0.64,2.56E-06,436
2.56E-06,0.72,2.56E-06,436
2.56E-06,0.64,2.56E-06,436
2.56E-06,0.72,2.56E-06,436
2.56E-06,0.64,2.56E-06,436
2.56E-06,0.72,2.56E-06,432
2.57E-06,0.64,2.57E-06,432
2.57E-06,0.72,2.57E-06,436
2.57E-06,0.64,2.57E-06,432
2.57E-06,0.72,2.57E-06,436
2.57E-06,0.64,2.57E-06,436
2.57E-06,0.72,2.57E-06,436
2.57E-06,0.72,2.57E-06,436
2.57E-06,0.72,2.57E-06,436
2.57E-06,0.72,2.57E-06,436
2.57E-06,0.72,2.57E-06,436
2.58E-06,0.72,2.58E-06,432
2.58E-06,0.72,2.58E-06,436
2.58E-06,0.72,2.58E-06,436
2.58E-06,0.72,2.58E-06,432
2.58E-06,0.64,2.58E-06,436
2.58E-06,0.72,2.58E-06,432
2.58E-06,0.72,2.58E-06,436
2.58E-06,0.72,2.58E-06,432
2.58E-06,0.72,2.58E-06,432
2.58E-06,0.72,2.58E-06,436
2.59E-06,0.72,2.59E-06,436
2.59E-06,0.72,2.59E-06,436
2.59E-06,0.72,2.59E-06,436
2.59E-06,0.72,2.59E-06,432
