  Time                 , (MAX(V(Z2:G,Le2:1))+20)@1, (MAX(V(Z2:G,Le2:1))+20)@2, (MAX(V(Z2:G,Le2:1))+20)@3, (MAX(V(Z2:G,Le2:1))+20)@4, (MAX(V(Z2:G,Le2:1))+20)@5, (MAX(V(Z2:G,Le2:1))+20)@6, (MAX(V(Z2:G,Le2:1))+20)@7, (MAX(V(Z2:G,Le2:1))+20)@8, (MAX(V(Z2:G,Le2:1))+20)@9, (MAX(V(Z2:G,Le2:1))+20)@10, (MAX(V(Z2:G,Le2:1))+20)@11, (MAX(V(Z2:G,Le2:1))+20)@12, (MAX(V(Z2:G,Le2:1))+20)@13, (MAX(V(Z2:G,Le2:1))+20)@14, (MAX(V(Z2:G,Le2:1))+20)@15, (MAX(V(Z2:G,Le2:1))+20)@16, (MAX(V(Z2:G,Le2:1))+20)@17, (MAX(V(Z2:G,Le2:1))+20)@18, (MAX(V(Z2:G,Le2:1))+20)@19, (MAX(V(Z2:G,Le2:1))+20)@20, (MAX(V(Z2:G,Le2:1))+20)@21, (MAX(V(Z2:G,Le2:1))+20)@22, (MAX(V(Z2:G,Le2:1))+20)@23, (MAX(V(Z2:G,Le2:1))+20)@24, (MAX(V(Z2:G,Le2:1))+20)@25, (MAX(V(Z2:G,Le2:1))+20)@26, (MAX(V(Z2:G,Le2:1))+20)@27, (MAX(V(Z2:G,Le2:1))+20)@28, (MAX(V(Z2:G,Le2:1))+20)@29, (MAX(V(Z2:G,Le2:1))+20)@30, (MAX(V(Z2:G,Le2:1))+20)@31
  0.000000000000e+00  ,2.417080225633e+00  ,2.404331656933e+00  ,2.391194265619e+00  ,2.377421244964e+00  ,2.363213390066e+00  ,2.348600988983e+00  ,2.333134044181e+00  ,2.317135987657e+00  ,2.300159012714e+00  ,2.282704683101e+00  ,2.264137744592e+00  ,2.244748413559e+00  ,2.224263394059e+00  ,2.202701048329e+00  ,2.179675185520e+00  ,2.155242443774e+00  ,2.129127937783e+00  ,2.101331350412e+00  ,2.071193961449e+00  ,2.038567371025e+00  ,2.003543115966e+00  ,1.964969477321e+00  ,1.932366005195e+00  ,1.900647470484e+00  ,1.865851414818e+00  ,1.827288156045e+00  ,1.785333370178e+00  ,1.737578876980e+00  ,1.684229667334e+00  ,1.622395655598e+00  ,1.550191075346e+00  
  1.000000000000e-11  ,2.417080225633e+00  ,2.404331656933e+00  ,2.391194265619e+00  ,2.377421244964e+00  ,2.363213390066e+00  ,2.348600988983e+00  ,2.333134044181e+00  ,2.317135987657e+00  ,2.300159012714e+00  ,2.282704683101e+00  ,2.264137744592e+00  ,2.244748413559e+00  ,2.224263394059e+00  ,2.202701048329e+00  ,2.179675185520e+00  ,2.155242443774e+00  ,2.129127937783e+00  ,2.101331350412e+00  ,2.071193961449e+00  ,2.038567371025e+00  ,2.003543115966e+00  ,1.964969477321e+00  ,1.932366005195e+00  ,1.900647470484e+00  ,1.865851414818e+00  ,1.827288156045e+00  ,1.785333370178e+00  ,1.737578876980e+00  ,1.684229667334e+00  ,1.622395655598e+00  ,1.550191075346e+00  
  1.085001374828e-11  ,2.417080225633e+00  ,2.404331656933e+00  ,2.391194265619e+00  ,2.377421244964e+00  ,2.363213390066e+00  ,2.348600988983e+00  ,2.333134044181e+00  ,2.317135987657e+00  ,2.300159012714e+00  ,2.282704683101e+00  ,2.264137744592e+00  ,2.244748413559e+00  ,2.224263394059e+00  ,2.202701048329e+00  ,2.179675185520e+00  ,2.155242443774e+00  ,2.129127937783e+00  ,2.101331350412e+00  ,2.071193961449e+00  ,2.038567371025e+00  ,2.003543115966e+00  ,1.964969477321e+00  ,1.932366005195e+00  ,1.900647470484e+00  ,1.865851414818e+00  ,1.827288156045e+00  ,1.785333370178e+00  ,1.737578876980e+00  ,1.684229667334e+00  ,1.622395655598e+00  ,1.550191075346e+00  
  1.255004124483e-11  ,2.417080225633e+00  ,2.404331656933e+00  ,2.391194265619e+00  ,2.377421244964e+00  ,2.363213390066e+00  ,2.348600988983e+00  ,2.333134044181e+00  ,2.317135987657e+00  ,2.300159012714e+00  ,2.282704683101e+00  ,2.264137744592e+00  ,2.244748413559e+00  ,2.224263394059e+00  ,2.202701048329e+00  ,2.179675185520e+00  ,2.155242443774e+00  ,2.129127937783e+00  ,2.101331350412e+00  ,2.071193961449e+00  ,2.038567371025e+00  ,2.003543115966e+00  ,1.964969477321e+00  ,1.932366005195e+00  ,1.900647470484e+00  ,1.865851414818e+00  ,1.827288156045e+00  ,1.785333370178e+00  ,1.737578876980e+00  ,1.684229667334e+00  ,1.622395655598e+00  ,1.550191075346e+00  
  1.595009623794e-11  ,2.417080225633e+00  ,2.404331656933e+00  ,2.391194265619e+00  ,2.377421244964e+00  ,2.363213390066e+00  ,2.348600988983e+00  ,2.333134044181e+00  ,2.317135987657e+00  ,2.300159012714e+00  ,2.282704683101e+00  ,2.264137744592e+00  ,2.244748413559e+00  ,2.224263394059e+00  ,2.202701048329e+00  ,2.179675185520e+00  ,2.155242443774e+00  ,2.129127937783e+00  ,2.101331350412e+00  ,2.071193961449e+00  ,2.038567371025e+00  ,2.003543115966e+00  ,1.964969477321e+00  ,1.932366005195e+00  ,1.900647470484e+00  ,1.865851414818e+00  ,1.827288156045e+00  ,1.785333370178e+00  ,1.737578876980e+00  ,1.684229667334e+00  ,1.622395655598e+00  ,1.550191075346e+00  
  2.275020622415e-11  ,2.417080225633e+00  ,2.404331656933e+00  ,2.391194265619e+00  ,2.377421244964e+00  ,2.363213390066e+00  ,2.348600988983e+00  ,2.333134044181e+00  ,2.317135987657e+00  ,2.300159012714e+00  ,2.282704683101e+00  ,2.264137744592e+00  ,2.244748413559e+00  ,2.224263394059e+00  ,2.202701048329e+00  ,2.179675185520e+00  ,2.155242443774e+00  ,2.129127937783e+00  ,2.101331350412e+00  ,2.071193961449e+00  ,2.038567371025e+00  ,2.003543115966e+00  ,1.964969477321e+00  ,1.932366005195e+00  ,1.900647470484e+00  ,1.865851414818e+00  ,1.827288156045e+00  ,1.785333370178e+00  ,1.737578876980e+00  ,1.684229667334e+00  ,1.622395655598e+00  ,1.550191075346e+00  
  3.635042619659e-11  ,2.417080225633e+00  ,2.404331656933e+00  ,2.391194265619e+00  ,2.377421244964e+00  ,2.363213390066e+00  ,2.348600988983e+00  ,2.333134044181e+00  ,2.317135987657e+00  ,2.300159012714e+00  ,2.282704683101e+00  ,2.264137744592e+00  ,2.244748413559e+00  ,2.224263394059e+00  ,2.202701048329e+00  ,2.179675185520e+00  ,2.155242443774e+00  ,2.129127937783e+00  ,2.101331350412e+00  ,2.071193961449e+00  ,2.038567371025e+00  ,2.003543115966e+00  ,1.964969477321e+00  ,1.932366005195e+00  ,1.900647470484e+00  ,1.865851414818e+00  ,1.827288156045e+00  ,1.785333370178e+00  ,1.737578876980e+00  ,1.684229667334e+00  ,1.622395655598e+00  ,1.550191075346e+00  
  6.355086614145e-11  ,2.417080225633e+00  ,2.404331656933e+00  ,2.391194265619e+00  ,2.377421244964e+00  ,2.363213390066e+00  ,2.348600988983e+00  ,2.333134044181e+00  ,2.317135987657e+00  ,2.300159012714e+00  ,2.282704683101e+00  ,2.264137744592e+00  ,2.244748413559e+00  ,2.224263394059e+00  ,2.202701048329e+00  ,2.179675185520e+00  ,2.155242443774e+00  ,2.129127937783e+00  ,2.101331350412e+00  ,2.071193961449e+00  ,2.038567371025e+00  ,2.003543115966e+00  ,1.964969477321e+00  ,1.932366005195e+00  ,1.900647470484e+00  ,1.865851414818e+00  ,1.827288156045e+00  ,1.785333370178e+00  ,1.737578876980e+00  ,1.684229667334e+00  ,1.622395655598e+00  ,1.550191075346e+00  
  1.179517460312e-10  ,2.417080225633e+00  ,2.404331656933e+00  ,2.391194265619e+00  ,2.377421244964e+00  ,2.363213390066e+00  ,2.348600988983e+00  ,2.333134044181e+00  ,2.317135987657e+00  ,2.300159012714e+00  ,2.282704683101e+00  ,2.264137744592e+00  ,2.244748413559e+00  ,2.224263394059e+00  ,2.202701048329e+00  ,2.179675185520e+00  ,2.155242443774e+00  ,2.129127937783e+00  ,2.101331350412e+00  ,2.071193961449e+00  ,2.038567371025e+00  ,2.003543115966e+00  ,1.964969477321e+00  ,1.932366005195e+00  ,1.900647470484e+00  ,1.865851414818e+00  ,1.827288156045e+00  ,1.785333370178e+00  ,1.737578876980e+00  ,1.684229667334e+00  ,1.622395655598e+00  ,1.550191075346e+00  
  2.267535058106e-10  ,2.417080225633e+00  ,2.404331656933e+00  ,2.391194265619e+00  ,2.377421244964e+00  ,2.363213390066e+00  ,2.348600988983e+00  ,2.333134044181e+00  ,2.317135987657e+00  ,2.300159012714e+00  ,2.282704683101e+00  ,2.264137744592e+00  ,2.244748413559e+00  ,2.224263394059e+00  ,2.202701048329e+00  ,2.179675185520e+00  ,2.155242443774e+00  ,2.129127937783e+00  ,2.101331350412e+00  ,2.071193961449e+00  ,2.038567371025e+00  ,2.003543115966e+00  ,1.964969477321e+00  ,1.932366005195e+00  ,1.900647470484e+00  ,1.865851414818e+00  ,1.827288156045e+00  ,1.785333370178e+00  ,1.737578876980e+00  ,1.684229667334e+00  ,1.622395655598e+00  ,1.550191075346e+00  
  3.585356501187e-10  ,2.417080225633e+00  ,2.404331656933e+00  ,2.391194265619e+00  ,2.377421244964e+00  ,2.363213390066e+00  ,2.348600988983e+00  ,2.333134044181e+00  ,2.317135987657e+00  ,2.300159012714e+00  ,2.282704683101e+00  ,2.264137744592e+00  ,2.244748413559e+00  ,2.224263394059e+00  ,2.202701048329e+00  ,2.179675185520e+00  ,2.155242443774e+00  ,2.129127937783e+00  ,2.101331350412e+00  ,2.071193961449e+00  ,2.038567371025e+00  ,2.003543115966e+00  ,1.964969477321e+00  ,1.932366005195e+00  ,1.900647470484e+00  ,1.865851414818e+00  ,1.827288156045e+00  ,1.785333370178e+00  ,1.737578876980e+00  ,1.684229667334e+00  ,1.622395655598e+00  ,1.550191075346e+00  
  4.903410774912e-10  ,2.417080225633e+00  ,2.404331656933e+00  ,2.391194265619e+00  ,2.377421244964e+00  ,2.363213390066e+00  ,2.348600988983e+00  ,2.333134044181e+00  ,2.317135987657e+00  ,2.300159012714e+00  ,2.282704683101e+00  ,2.264137744592e+00  ,2.244748413559e+00  ,2.224263394059e+00  ,2.202701048329e+00  ,2.179675185520e+00  ,2.155242443774e+00  ,2.129127937783e+00  ,2.101331350412e+00  ,2.071193961449e+00  ,2.038567371025e+00  ,2.003543115966e+00  ,1.964969477321e+00  ,1.932366005195e+00  ,1.900647470484e+00  ,1.865851414818e+00  ,1.827288156045e+00  ,1.785333370178e+00  ,1.737578876980e+00  ,1.684229667334e+00  ,1.622395655598e+00  ,1.550191075346e+00  
  7.045918357815e-10  ,2.417080225633e+00  ,2.404331656933e+00  ,2.391194265619e+00  ,2.377421244964e+00  ,2.363213390066e+00  ,2.348600988983e+00  ,2.333134044181e+00  ,2.317135987657e+00  ,2.300159012714e+00  ,2.282704683101e+00  ,2.264137744592e+00  ,2.244748413559e+00  ,2.224263394059e+00  ,2.202701048329e+00  ,2.179675185520e+00  ,2.155242443774e+00  ,2.129127937783e+00  ,2.101331350412e+00  ,2.071193961449e+00  ,2.038567371025e+00  ,2.003543115966e+00  ,1.964969477321e+00  ,1.932366005195e+00  ,1.900647470484e+00  ,1.865851414818e+00  ,1.827288156045e+00  ,1.785333370178e+00  ,1.737578876980e+00  ,1.684229667334e+00  ,1.622395655598e+00  ,1.550191075346e+00  
  1.083593557521e-09  ,2.417080225633e+00  ,2.404331656933e+00  ,2.391194265619e+00  ,2.377421244964e+00  ,2.363213390066e+00  ,2.348600988983e+00  ,2.333134044181e+00  ,2.317135987657e+00  ,2.300159012714e+00  ,2.282704683101e+00  ,2.264137744592e+00  ,2.244748413559e+00  ,2.224263394059e+00  ,2.202701048329e+00  ,2.179675185520e+00  ,2.155242443774e+00  ,2.129127937783e+00  ,2.101331350412e+00  ,2.071193961449e+00  ,2.038567371025e+00  ,2.003543115966e+00  ,1.964969477321e+00  ,1.932366005195e+00  ,1.900647470484e+00  ,1.865851414818e+00  ,1.827288156045e+00  ,1.785333370178e+00  ,1.737578876980e+00  ,1.684229667334e+00  ,1.622395655598e+00  ,1.550191075346e+00  
  1.654866824790e-09  ,2.417080225633e+00  ,2.404331656933e+00  ,2.391194265619e+00  ,2.377421244964e+00  ,2.363213390066e+00  ,2.348600988983e+00  ,2.333134044181e+00  ,2.317135987657e+00  ,2.300159012714e+00  ,2.282704683101e+00  ,2.264137744592e+00  ,2.244748413559e+00  ,2.224263394059e+00  ,2.202701048329e+00  ,2.179675185520e+00  ,2.155242443774e+00  ,2.129127937783e+00  ,2.101331350412e+00  ,2.071193961449e+00  ,2.038567371025e+00  ,2.003543115966e+00  ,1.964969477321e+00  ,1.932366005195e+00  ,1.900647470484e+00  ,1.865851414818e+00  ,1.827288156045e+00  ,1.785333370178e+00  ,1.737578876980e+00  ,1.684229667334e+00  ,1.622395655598e+00  ,1.550191075346e+00  
  2.555083225414e-09  ,2.417080225633e+00  ,2.404331656933e+00  ,2.391194265619e+00  ,2.377421244964e+00  ,2.363213390066e+00  ,2.348600988983e+00  ,2.333134044181e+00  ,2.317135987657e+00  ,2.300159012714e+00  ,2.282704683101e+00  ,2.264137744592e+00  ,2.244748413559e+00  ,2.224263394059e+00  ,2.202701048329e+00  ,2.179675185520e+00  ,2.155242443774e+00  ,2.129127937783e+00  ,2.101331350412e+00  ,2.071193961449e+00  ,2.038567371025e+00  ,2.003543115966e+00  ,1.964969477321e+00  ,1.932366005195e+00  ,1.900647470484e+00  ,1.865851414818e+00  ,1.827288156045e+00  ,1.785333370178e+00  ,1.737578876980e+00  ,1.684229667334e+00  ,1.622395655598e+00  ,1.550191075346e+00  
  3.555137406036e-09  ,2.417080225633e+00  ,2.404331656933e+00  ,2.391194265619e+00  ,2.377421244964e+00  ,2.363213390066e+00  ,2.348600988983e+00  ,2.333134044181e+00  ,2.317135987657e+00  ,2.300159012714e+00  ,2.282704683101e+00  ,2.264137744592e+00  ,2.244748413559e+00  ,2.224263394059e+00  ,2.202701048329e+00  ,2.179675185520e+00  ,2.155242443774e+00  ,2.129127937783e+00  ,2.101331350412e+00  ,2.071193961449e+00  ,2.038567371025e+00  ,2.003543115966e+00  ,1.964969477321e+00  ,1.932366005195e+00  ,1.900647470484e+00  ,1.865851414818e+00  ,1.827288156045e+00  ,1.785333370178e+00  ,1.737578876980e+00  ,1.684229667334e+00  ,1.622395655598e+00  ,1.550191075346e+00  
  4.555191586658e-09  ,2.417080225633e+00  ,2.404331656933e+00  ,2.391194265619e+00  ,2.377421244964e+00  ,2.363213390066e+00  ,2.348600988983e+00  ,2.333134044181e+00  ,2.317135987657e+00  ,2.300159012714e+00  ,2.282704683101e+00  ,2.264137744592e+00  ,2.244748413559e+00  ,2.224263394059e+00  ,2.202701048329e+00  ,2.179675185520e+00  ,2.155242443774e+00  ,2.129127937783e+00  ,2.101331350412e+00  ,2.071193961449e+00  ,2.038567371025e+00  ,2.003543115966e+00  ,1.964969477321e+00  ,1.932366005195e+00  ,1.900647470484e+00  ,1.865851414818e+00  ,1.827288156045e+00  ,1.785333370178e+00  ,1.737578876980e+00  ,1.684229667334e+00  ,1.622395655598e+00  ,1.550191075346e+00  
  5.555245767280e-09  ,2.417080225633e+00  ,2.404331656933e+00  ,2.391194265619e+00  ,2.377421244964e+00  ,2.363213390066e+00  ,2.348600988983e+00  ,2.333134044181e+00  ,2.317135987657e+00  ,2.300159012714e+00  ,2.282704683101e+00  ,2.264137744592e+00  ,2.244748413559e+00  ,2.224263394059e+00  ,2.202701048329e+00  ,2.179675185520e+00  ,2.155242443774e+00  ,2.129127937783e+00  ,2.101331350412e+00  ,2.071193961449e+00  ,2.038567371025e+00  ,2.003543115966e+00  ,1.964969477321e+00  ,1.932366005195e+00  ,1.900647470484e+00  ,1.865851414818e+00  ,1.827288156045e+00  ,1.785333370178e+00  ,1.737578876980e+00  ,1.684229667334e+00  ,1.622395655598e+00  ,1.550191075346e+00  
  6.555299947902e-09  ,2.417080225633e+00  ,2.404331656933e+00  ,2.391194265619e+00  ,2.377421244964e+00  ,2.363213390066e+00  ,2.348600988983e+00  ,2.333134044181e+00  ,2.317135987657e+00  ,2.300159012714e+00  ,2.282704683101e+00  ,2.264137744592e+00  ,2.244748413559e+00  ,2.224263394059e+00  ,2.202701048329e+00  ,2.179675185520e+00  ,2.155242443774e+00  ,2.129127937783e+00  ,2.101331350412e+00  ,2.071193961449e+00  ,2.038567371025e+00  ,2.003543115966e+00  ,1.964969477321e+00  ,1.932366005195e+00  ,1.900647470484e+00  ,1.865851414818e+00  ,1.827288156045e+00  ,1.785333370178e+00  ,1.737578876980e+00  ,1.684229667334e+00  ,1.622395655598e+00  ,1.550191075346e+00  
  7.555354128524e-09  ,2.417080225633e+00  ,2.404331656933e+00  ,2.391194265619e+00  ,2.377421244964e+00  ,2.363213390066e+00  ,2.348600988983e+00  ,2.333134044181e+00  ,2.317135987657e+00  ,2.300159012714e+00  ,2.282704683101e+00  ,2.264137744592e+00  ,2.244748413559e+00  ,2.224263394059e+00  ,2.202701048329e+00  ,2.179675185520e+00  ,2.155242443774e+00  ,2.129127937783e+00  ,2.101331350412e+00  ,2.071193961449e+00  ,2.038567371025e+00  ,2.003543115966e+00  ,1.964969477321e+00  ,1.932366005195e+00  ,1.900647470484e+00  ,1.865851414818e+00  ,1.827288156045e+00  ,1.785333370178e+00  ,1.737578876980e+00  ,1.684229667334e+00  ,1.622395655598e+00  ,1.550191075346e+00  
  8.555408309146e-09  ,2.417080225633e+00  ,2.404331656933e+00  ,2.391194265619e+00  ,2.377421244964e+00  ,2.363213390066e+00  ,2.348600988983e+00  ,2.333134044181e+00  ,2.317135987657e+00  ,2.300159012714e+00  ,2.282704683101e+00  ,2.264137744592e+00  ,2.244748413559e+00  ,2.224263394059e+00  ,2.202701048329e+00  ,2.179675185520e+00  ,2.155242443774e+00  ,2.129127937783e+00  ,2.101331350412e+00  ,2.071193961449e+00  ,2.038567371025e+00  ,2.003543115966e+00  ,1.964969477321e+00  ,1.932366005195e+00  ,1.900647470484e+00  ,1.865851414818e+00  ,1.827288156045e+00  ,1.785333370178e+00  ,1.737578876980e+00  ,1.684229667334e+00  ,1.622395655598e+00  ,1.550191075346e+00  
  9.555462489768e-09  ,2.417080225633e+00  ,2.404331656933e+00  ,2.391194265619e+00  ,2.377421244964e+00  ,2.363213390066e+00  ,2.348600988983e+00  ,2.333134044181e+00  ,2.317135987657e+00  ,2.300159012714e+00  ,2.282704683101e+00  ,2.264137744592e+00  ,2.244748413559e+00  ,2.224263394059e+00  ,2.202701048329e+00  ,2.179675185520e+00  ,2.155242443774e+00  ,2.129127937783e+00  ,2.101331350412e+00  ,2.071193961449e+00  ,2.038567371025e+00  ,2.003543115966e+00  ,1.964969477321e+00  ,1.932366005195e+00  ,1.900647470484e+00  ,1.865851414818e+00  ,1.827288156045e+00  ,1.785333370178e+00  ,1.737578876980e+00  ,1.684229667334e+00  ,1.622395655598e+00  ,1.550191075346e+00  
  1.055551667039e-08  ,2.417080225633e+00  ,2.404331656933e+00  ,2.391194265619e+00  ,2.377421244964e+00  ,2.363213390066e+00  ,2.348600988983e+00  ,2.333134044181e+00  ,2.317135987657e+00  ,2.300159012714e+00  ,2.282704683101e+00  ,2.264137744592e+00  ,2.244748413559e+00  ,2.224263394059e+00  ,2.202701048329e+00  ,2.179675185520e+00  ,2.155242443774e+00  ,2.129127937783e+00  ,2.101331350412e+00  ,2.071193961449e+00  ,2.038567371025e+00  ,2.003543115966e+00  ,1.964969477321e+00  ,1.932366005195e+00  ,1.900647470484e+00  ,1.865851414818e+00  ,1.827288156045e+00  ,1.785333370178e+00  ,1.737578876980e+00  ,1.684229667334e+00  ,1.622395655598e+00  ,1.550191075346e+00  
  1.155557085101e-08  ,2.417080225633e+00  ,2.404331656933e+00  ,2.391194265619e+00  ,2.377421244964e+00  ,2.363213390066e+00  ,2.348600988983e+00  ,2.333134044181e+00  ,2.317135987657e+00  ,2.300159012714e+00  ,2.282704683101e+00  ,2.264137744592e+00  ,2.244748413559e+00  ,2.224263394059e+00  ,2.202701048329e+00  ,2.179675185520e+00  ,2.155242443774e+00  ,2.129127937783e+00  ,2.101331350412e+00  ,2.071193961449e+00  ,2.038567371025e+00  ,2.003543115966e+00  ,1.964969477321e+00  ,1.932366005195e+00  ,1.900647470484e+00  ,1.865851414818e+00  ,1.827288156045e+00  ,1.785333370178e+00  ,1.737578876980e+00  ,1.684229667334e+00  ,1.622395655598e+00  ,1.550191075346e+00  
  1.255562503163e-08  ,2.417080225633e+00  ,2.404331656933e+00  ,2.391194265619e+00  ,2.377421244964e+00  ,2.363213390066e+00  ,2.348600988983e+00  ,2.333134044181e+00  ,2.317135987657e+00  ,2.300159012714e+00  ,2.282704683101e+00  ,2.264137744592e+00  ,2.244748413559e+00  ,2.224263394059e+00  ,2.202701048329e+00  ,2.179675185520e+00  ,2.155242443774e+00  ,2.129127937783e+00  ,2.101331350412e+00  ,2.071193961449e+00  ,2.038567371025e+00  ,2.003543115966e+00  ,1.964969477321e+00  ,1.932366005195e+00  ,1.900647470484e+00  ,1.865851414818e+00  ,1.827288156045e+00  ,1.785333370178e+00  ,1.737578876980e+00  ,1.684229667334e+00  ,1.622395655598e+00  ,1.550191075346e+00  
  1.355567921226e-08  ,2.417080225633e+00  ,2.404331656933e+00  ,2.391194265619e+00  ,2.377421244964e+00  ,2.363213390066e+00  ,2.348600988983e+00  ,2.333134044181e+00  ,2.317135987657e+00  ,2.300159012714e+00  ,2.282704683101e+00  ,2.264137744592e+00  ,2.244748413559e+00  ,2.224263394059e+00  ,2.202701048329e+00  ,2.179675185520e+00  ,2.155242443774e+00  ,2.129127937783e+00  ,2.101331350412e+00  ,2.071193961449e+00  ,2.038567371025e+00  ,2.003543115966e+00  ,1.964969477321e+00  ,1.932366005195e+00  ,1.900647470484e+00  ,1.865851414818e+00  ,1.827288156045e+00  ,1.785333370178e+00  ,1.737578876980e+00  ,1.684229667334e+00  ,1.622395655598e+00  ,1.550191075346e+00  
  1.455573339288e-08  ,2.417080225633e+00  ,2.404331656933e+00  ,2.391194265619e+00  ,2.377421244964e+00  ,2.363213390066e+00  ,2.348600988983e+00  ,2.333134044181e+00  ,2.317135987657e+00  ,2.300159012714e+00  ,2.282704683101e+00  ,2.264137744592e+00  ,2.244748413559e+00  ,2.224263394059e+00  ,2.202701048329e+00  ,2.179675185520e+00  ,2.155242443774e+00  ,2.129127937783e+00  ,2.101331350412e+00  ,2.071193961449e+00  ,2.038567371025e+00  ,2.003543115966e+00  ,1.964969477321e+00  ,1.932366005195e+00  ,1.900647470484e+00  ,1.865851414818e+00  ,1.827288156045e+00  ,1.785333370178e+00  ,1.737578876980e+00  ,1.684229667334e+00  ,1.622395655598e+00  ,1.550191075346e+00  
  1.555578757350e-08  ,2.417080225633e+00  ,2.404331656933e+00  ,2.391194265619e+00  ,2.377421244964e+00  ,2.363213390066e+00  ,2.348600988983e+00  ,2.333134044181e+00  ,2.317135987657e+00  ,2.300159012714e+00  ,2.282704683101e+00  ,2.264137744592e+00  ,2.244748413559e+00  ,2.224263394059e+00  ,2.202701048329e+00  ,2.179675185520e+00  ,2.155242443774e+00  ,2.129127937783e+00  ,2.101331350412e+00  ,2.071193961449e+00  ,2.038567371025e+00  ,2.003543115966e+00  ,1.964969477321e+00  ,1.932366005195e+00  ,1.900647470484e+00  ,1.865851414818e+00  ,1.827288156045e+00  ,1.785333370178e+00  ,1.737578876980e+00  ,1.684229667334e+00  ,1.622395655598e+00  ,1.550191075346e+00  
  1.655584175412e-08  ,2.417080225633e+00  ,2.404331656933e+00  ,2.391194265619e+00  ,2.377421244964e+00  ,2.363213390066e+00  ,2.348600988983e+00  ,2.333134044181e+00  ,2.317135987657e+00  ,2.300159012714e+00  ,2.282704683101e+00  ,2.264137744592e+00  ,2.244748413559e+00  ,2.224263394059e+00  ,2.202701048329e+00  ,2.179675185520e+00  ,2.155242443774e+00  ,2.129127937783e+00  ,2.101331350412e+00  ,2.071193961449e+00  ,2.038567371025e+00  ,2.003543115966e+00  ,1.964969477321e+00  ,1.932366005195e+00  ,1.900647470484e+00  ,1.865851414818e+00  ,1.827288156045e+00  ,1.785333370178e+00  ,1.737578876980e+00  ,1.684229667334e+00  ,1.622395655598e+00  ,1.550191075346e+00  
  1.755589593475e-08  ,2.417080225633e+00  ,2.404331656933e+00  ,2.391194265619e+00  ,2.377421244964e+00  ,2.363213390066e+00  ,2.348600988983e+00  ,2.333134044181e+00  ,2.317135987657e+00  ,2.300159012714e+00  ,2.282704683101e+00  ,2.264137744592e+00  ,2.244748413559e+00  ,2.224263394059e+00  ,2.202701048329e+00  ,2.179675185520e+00  ,2.155242443774e+00  ,2.129127937783e+00  ,2.101331350412e+00  ,2.071193961449e+00  ,2.038567371025e+00  ,2.003543115966e+00  ,1.964969477321e+00  ,1.932366005195e+00  ,1.900647470484e+00  ,1.865851414818e+00  ,1.827288156045e+00  ,1.785333370178e+00  ,1.737578876980e+00  ,1.684229667334e+00  ,1.622395655598e+00  ,1.550191075346e+00  
  1.855595011537e-08  ,2.417080225633e+00  ,2.404331656933e+00  ,2.391194265619e+00  ,2.377421244964e+00  ,2.363213390066e+00  ,2.348600988983e+00  ,2.333134044181e+00  ,2.317135987657e+00  ,2.300159012714e+00  ,2.282704683101e+00  ,2.264137744592e+00  ,2.244748413559e+00  ,2.224263394059e+00  ,2.202701048329e+00  ,2.179675185520e+00  ,2.155242443774e+00  ,2.129127937783e+00  ,2.101331350412e+00  ,2.071193961449e+00  ,2.038567371025e+00  ,2.003543115966e+00  ,1.964969477321e+00  ,1.932366005195e+00  ,1.900647470484e+00  ,1.865851414818e+00  ,1.827288156045e+00  ,1.785333370178e+00  ,1.737578876980e+00  ,1.684229667334e+00  ,1.622395655598e+00  ,1.550191075346e+00  
  1.955600429599e-08  ,2.417080225633e+00  ,2.404331656933e+00  ,2.391194265619e+00  ,2.377421244964e+00  ,2.363213390066e+00  ,2.348600988983e+00  ,2.333134044181e+00  ,2.317135987657e+00  ,2.300159012714e+00  ,2.282704683101e+00  ,2.264137744592e+00  ,2.244748413559e+00  ,2.224263394059e+00  ,2.202701048329e+00  ,2.179675185520e+00  ,2.155242443774e+00  ,2.129127937783e+00  ,2.101331350412e+00  ,2.071193961449e+00  ,2.038567371025e+00  ,2.003543115966e+00  ,1.964969477321e+00  ,1.932366005195e+00  ,1.900647470484e+00  ,1.865851414818e+00  ,1.827288156045e+00  ,1.785333370178e+00  ,1.737578876980e+00  ,1.684229667334e+00  ,1.622395655598e+00  ,1.550191075346e+00  
  2.055605847661e-08  ,2.417080225633e+00  ,2.404331656933e+00  ,2.391194265619e+00  ,2.377421244964e+00  ,2.363213390066e+00  ,2.348600988983e+00  ,2.333134044181e+00  ,2.317135987657e+00  ,2.300159012714e+00  ,2.282704683101e+00  ,2.264137744592e+00  ,2.244748413559e+00  ,2.224263394059e+00  ,2.202701048329e+00  ,2.179675185520e+00  ,2.155242443774e+00  ,2.129127937783e+00  ,2.101331350412e+00  ,2.071193961449e+00  ,2.038567371025e+00  ,2.003543115966e+00  ,1.964969477321e+00  ,1.932366005195e+00  ,1.900647470484e+00  ,1.865851414818e+00  ,1.827288156045e+00  ,1.785333370178e+00  ,1.737578876980e+00  ,1.684229667334e+00  ,1.622395655598e+00  ,1.550191075346e+00  
  2.155611265723e-08  ,2.417080225633e+00  ,2.404331656933e+00  ,2.391194265619e+00  ,2.377421244964e+00  ,2.363213390066e+00  ,2.348600988983e+00  ,2.333134044181e+00  ,2.317135987657e+00  ,2.300159012714e+00  ,2.282704683101e+00  ,2.264137744592e+00  ,2.244748413559e+00  ,2.224263394059e+00  ,2.202701048329e+00  ,2.179675185520e+00  ,2.155242443774e+00  ,2.129127937783e+00  ,2.101331350412e+00  ,2.071193961449e+00  ,2.038567371025e+00  ,2.003543115966e+00  ,1.964969477321e+00  ,1.932366005195e+00  ,1.900647470484e+00  ,1.865851414818e+00  ,1.827288156045e+00  ,1.785333370178e+00  ,1.737578876980e+00  ,1.684229667334e+00  ,1.622395655598e+00  ,1.550191075346e+00  
  2.255616683786e-08  ,2.417080225633e+00  ,2.404331656933e+00  ,2.391194265619e+00  ,2.377421244964e+00  ,2.363213390066e+00  ,2.348600988983e+00  ,2.333134044181e+00  ,2.317135987657e+00  ,2.300159012714e+00  ,2.282704683101e+00  ,2.264137744592e+00  ,2.244748413559e+00  ,2.224263394059e+00  ,2.202701048329e+00  ,2.179675185520e+00  ,2.155242443774e+00  ,2.129127937783e+00  ,2.101331350412e+00  ,2.071193961449e+00  ,2.038567371025e+00  ,2.003543115966e+00  ,1.964969477321e+00  ,1.932366005195e+00  ,1.900647470484e+00  ,1.865851414818e+00  ,1.827288156045e+00  ,1.785333370178e+00  ,1.737578876980e+00  ,1.684229667334e+00  ,1.622395655598e+00  ,1.550191075346e+00  
  2.355622101848e-08  ,2.417080225633e+00  ,2.404331656933e+00  ,2.391194265619e+00  ,2.377421244964e+00  ,2.363213390066e+00  ,2.348600988983e+00  ,2.333134044181e+00  ,2.317135987657e+00  ,2.300159012714e+00  ,2.282704683101e+00  ,2.264137744592e+00  ,2.244748413559e+00  ,2.224263394059e+00  ,2.202701048329e+00  ,2.179675185520e+00  ,2.155242443774e+00  ,2.129127937783e+00  ,2.101331350412e+00  ,2.071193961449e+00  ,2.038567371025e+00  ,2.003543115966e+00  ,1.964969477321e+00  ,1.932366005195e+00  ,1.900647470484e+00  ,1.865851414818e+00  ,1.827288156045e+00  ,1.785333370178e+00  ,1.737578876980e+00  ,1.684229667334e+00  ,1.622395655598e+00  ,1.550191075346e+00  
  2.455627519910e-08  ,2.417080225633e+00  ,2.404331656933e+00  ,2.391194265619e+00  ,2.377421244964e+00  ,2.363213390066e+00  ,2.348600988983e+00  ,2.333134044181e+00  ,2.317135987657e+00  ,2.300159012714e+00  ,2.282704683101e+00  ,2.264137744592e+00  ,2.244748413559e+00  ,2.224263394059e+00  ,2.202701048329e+00  ,2.179675185520e+00  ,2.155242443774e+00  ,2.129127937783e+00  ,2.101331350412e+00  ,2.071193961449e+00  ,2.038567371025e+00  ,2.003543115966e+00  ,1.964969477321e+00  ,1.932366005195e+00  ,1.900647470484e+00  ,1.865851414818e+00  ,1.827288156045e+00  ,1.785333370178e+00  ,1.737578876980e+00  ,1.684229667334e+00  ,1.622395655598e+00  ,1.550191075346e+00  
  2.555632937972e-08  ,2.417080225633e+00  ,2.404331656933e+00  ,2.391194265619e+00  ,2.377421244964e+00  ,2.363213390066e+00  ,2.348600988983e+00  ,2.333134044181e+00  ,2.317135987657e+00  ,2.300159012714e+00  ,2.282704683101e+00  ,2.264137744592e+00  ,2.244748413559e+00  ,2.224263394059e+00  ,2.202701048329e+00  ,2.179675185520e+00  ,2.155242443774e+00  ,2.129127937783e+00  ,2.101331350412e+00  ,2.071193961449e+00  ,2.038567371025e+00  ,2.003543115966e+00  ,1.964969477321e+00  ,1.932366005195e+00  ,1.900647470484e+00  ,1.865851414818e+00  ,1.827288156045e+00  ,1.785333370178e+00  ,1.737578876980e+00  ,1.684229667334e+00  ,1.622395655598e+00  ,1.550191075346e+00  
  2.655638356034e-08  ,2.417080225633e+00  ,2.404331656933e+00  ,2.391194265619e+00  ,2.377421244964e+00  ,2.363213390066e+00  ,2.348600988983e+00  ,2.333134044181e+00  ,2.317135987657e+00  ,2.300159012714e+00  ,2.282704683101e+00  ,2.264137744592e+00  ,2.244748413559e+00  ,2.224263394059e+00  ,2.202701048329e+00  ,2.179675185520e+00  ,2.155242443774e+00  ,2.129127937783e+00  ,2.101331350412e+00  ,2.071193961449e+00  ,2.038567371025e+00  ,2.003543115966e+00  ,1.964969477321e+00  ,1.932366005195e+00  ,1.900647470484e+00  ,1.865851414818e+00  ,1.827288156045e+00  ,1.785333370178e+00  ,1.737578876980e+00  ,1.684229667334e+00  ,1.622395655598e+00  ,1.550191075346e+00  
  2.755643774097e-08  ,2.417080225633e+00  ,2.404331656933e+00  ,2.391194265619e+00  ,2.377421244964e+00  ,2.363213390066e+00  ,2.348600988983e+00  ,2.333134044181e+00  ,2.317135987657e+00  ,2.300159012714e+00  ,2.282704683101e+00  ,2.264137744592e+00  ,2.244748413559e+00  ,2.224263394059e+00  ,2.202701048329e+00  ,2.179675185520e+00  ,2.155242443774e+00  ,2.129127937783e+00  ,2.101331350412e+00  ,2.071193961449e+00  ,2.038567371025e+00  ,2.003543115966e+00  ,1.964969477321e+00  ,1.932366005195e+00  ,1.900647470484e+00  ,1.865851414818e+00  ,1.827288156045e+00  ,1.785333370178e+00  ,1.737578876980e+00  ,1.684229667334e+00  ,1.622395655598e+00  ,1.550191075346e+00  
  2.855649192159e-08  ,2.417080225633e+00  ,2.404331656933e+00  ,2.391194265619e+00  ,2.377421244964e+00  ,2.363213390066e+00  ,2.348600988983e+00  ,2.333134044181e+00  ,2.317135987657e+00  ,2.300159012714e+00  ,2.282704683101e+00  ,2.264137744592e+00  ,2.244748413559e+00  ,2.224263394059e+00  ,2.202701048329e+00  ,2.179675185520e+00  ,2.155242443774e+00  ,2.129127937783e+00  ,2.101331350412e+00  ,2.071193961449e+00  ,2.038567371025e+00  ,2.003543115966e+00  ,1.964969477321e+00  ,1.932366005195e+00  ,1.900647470484e+00  ,1.865851414818e+00  ,1.827288156045e+00  ,1.785333370178e+00  ,1.737578876980e+00  ,1.684229667334e+00  ,1.622395655598e+00  ,1.550191075346e+00  
  2.955654610221e-08  ,2.417080225633e+00  ,2.404331656933e+00  ,2.391194265619e+00  ,2.377421244964e+00  ,2.363213390066e+00  ,2.348600988983e+00  ,2.333134044181e+00  ,2.317135987657e+00  ,2.300159012714e+00  ,2.282704683101e+00  ,2.264137744592e+00  ,2.244748413559e+00  ,2.224263394059e+00  ,2.202701048329e+00  ,2.179675185520e+00  ,2.155242443774e+00  ,2.129127937783e+00  ,2.101331350412e+00  ,2.071193961449e+00  ,2.038567371025e+00  ,2.003543115966e+00  ,1.964969477321e+00  ,1.932366005195e+00  ,1.900647470484e+00  ,1.865851414818e+00  ,1.827288156045e+00  ,1.785333370178e+00  ,1.737578876980e+00  ,1.684229667334e+00  ,1.622395655598e+00  ,1.550191075346e+00  
  3.055660028283e-08  ,2.417080225633e+00  ,2.404331656933e+00  ,2.391194265619e+00  ,2.377421244964e+00  ,2.363213390066e+00  ,2.348600988983e+00  ,2.333134044181e+00  ,2.317135987657e+00  ,2.300159012714e+00  ,2.282704683101e+00  ,2.264137744592e+00  ,2.244748413559e+00  ,2.224263394059e+00  ,2.202701048329e+00  ,2.179675185520e+00  ,2.155242443774e+00  ,2.129127937783e+00  ,2.101331350412e+00  ,2.071193961449e+00  ,2.038567371025e+00  ,2.003543115966e+00  ,1.964969477321e+00  ,1.932366005195e+00  ,1.900647470484e+00  ,1.865851414818e+00  ,1.827288156045e+00  ,1.785333370178e+00  ,1.737578876980e+00  ,1.684229667334e+00  ,1.622395655598e+00  ,1.550191075346e+00  
  3.155665446345e-08  ,2.417080225633e+00  ,2.404331656933e+00  ,2.391194265619e+00  ,2.377421244964e+00  ,2.363213390066e+00  ,2.348600988983e+00  ,2.333134044181e+00  ,2.317135987657e+00  ,2.300159012714e+00  ,2.282704683101e+00  ,2.264137744592e+00  ,2.244748413559e+00  ,2.224263394059e+00  ,2.202701048329e+00  ,2.179675185520e+00  ,2.155242443774e+00  ,2.129127937783e+00  ,2.101331350412e+00  ,2.071193961449e+00  ,2.038567371025e+00  ,2.003543115966e+00  ,1.964969477321e+00  ,1.932366005195e+00  ,1.900647470484e+00  ,1.865851414818e+00  ,1.827288156045e+00  ,1.785333370178e+00  ,1.737578876980e+00  ,1.684229667334e+00  ,1.622395655598e+00  ,1.550191075346e+00  
  3.255670864408e-08  ,2.417080225633e+00  ,2.404331656933e+00  ,2.391194265619e+00  ,2.377421244964e+00  ,2.363213390066e+00  ,2.348600988983e+00  ,2.333134044181e+00  ,2.317135987657e+00  ,2.300159012714e+00  ,2.282704683101e+00  ,2.264137744592e+00  ,2.244748413559e+00  ,2.224263394059e+00  ,2.202701048329e+00  ,2.179675185520e+00  ,2.155242443774e+00  ,2.129127937783e+00  ,2.101331350412e+00  ,2.071193961449e+00  ,2.038567371025e+00  ,2.003543115966e+00  ,1.964969477321e+00  ,1.932366005195e+00  ,1.900647470484e+00  ,1.865851414818e+00  ,1.827288156045e+00  ,1.785333370178e+00  ,1.737578876980e+00  ,1.684229667334e+00  ,1.622395655598e+00  ,1.550191075346e+00  
  3.355676282470e-08  ,2.417080225633e+00  ,2.404331656933e+00  ,2.391194265619e+00  ,2.377421244964e+00  ,2.363213390066e+00  ,2.348600988983e+00  ,2.333134044181e+00  ,2.317135987657e+00  ,2.300159012714e+00  ,2.282704683101e+00  ,2.264137744592e+00  ,2.244748413559e+00  ,2.224263394059e+00  ,2.202701048329e+00  ,2.179675185520e+00  ,2.155242443774e+00  ,2.129127937783e+00  ,2.101331350412e+00  ,2.071193961449e+00  ,2.038567371025e+00  ,2.003543115966e+00  ,1.964969477321e+00  ,1.932366005195e+00  ,1.900647470484e+00  ,1.865851414818e+00  ,1.827288156045e+00  ,1.785333370178e+00  ,1.737578876980e+00  ,1.684229667334e+00  ,1.622395655598e+00  ,1.550191075346e+00  
  3.455681700532e-08  ,2.417080225633e+00  ,2.404331656933e+00  ,2.391194265619e+00  ,2.377421244964e+00  ,2.363213390066e+00  ,2.348600988983e+00  ,2.333134044181e+00  ,2.317135987657e+00  ,2.300159012714e+00  ,2.282704683101e+00  ,2.264137744592e+00  ,2.244748413559e+00  ,2.224263394059e+00  ,2.202701048329e+00  ,2.179675185520e+00  ,2.155242443774e+00  ,2.129127937783e+00  ,2.101331350412e+00  ,2.071193961449e+00  ,2.038567371025e+00  ,2.003543115966e+00  ,1.964969477321e+00  ,1.932366005195e+00  ,1.900647470484e+00  ,1.865851414818e+00  ,1.827288156045e+00  ,1.785333370178e+00  ,1.737578876980e+00  ,1.684229667334e+00  ,1.622395655598e+00  ,1.550191075346e+00  
  3.555687118594e-08  ,2.417080225633e+00  ,2.404331656933e+00  ,2.391194265619e+00  ,2.377421244964e+00  ,2.363213390066e+00  ,2.348600988983e+00  ,2.333134044181e+00  ,2.317135987657e+00  ,2.300159012714e+00  ,2.282704683101e+00  ,2.264137744592e+00  ,2.244748413559e+00  ,2.224263394059e+00  ,2.202701048329e+00  ,2.179675185520e+00  ,2.155242443774e+00  ,2.129127937783e+00  ,2.101331350412e+00  ,2.071193961449e+00  ,2.038567371025e+00  ,2.003543115966e+00  ,1.964969477321e+00  ,1.932366005195e+00  ,1.900647470484e+00  ,1.865851414818e+00  ,1.827288156045e+00  ,1.785333370178e+00  ,1.737578876980e+00  ,1.684229667334e+00  ,1.622395655598e+00  ,1.550191075346e+00  
  3.655692536657e-08  ,2.417080225633e+00  ,2.404331656933e+00  ,2.391194265619e+00  ,2.377421244964e+00  ,2.363213390066e+00  ,2.348600988983e+00  ,2.333134044181e+00  ,2.317135987657e+00  ,2.300159012714e+00  ,2.282704683101e+00  ,2.264137744592e+00  ,2.244748413559e+00  ,2.224263394059e+00  ,2.202701048329e+00  ,2.179675185520e+00  ,2.155242443774e+00  ,2.129127937783e+00  ,2.101331350412e+00  ,2.071193961449e+00  ,2.038567371025e+00  ,2.003543115966e+00  ,1.964969477321e+00  ,1.932366005195e+00  ,1.900647470484e+00  ,1.865851414818e+00  ,1.827288156045e+00  ,1.785333370178e+00  ,1.737578876980e+00  ,1.684229667334e+00  ,1.622395655598e+00  ,1.550191075346e+00  
  3.755697954719e-08  ,2.417080225633e+00  ,2.404331656933e+00  ,2.391194265619e+00  ,2.377421244964e+00  ,2.363213390066e+00  ,2.348600988983e+00  ,2.333134044181e+00  ,2.317135987657e+00  ,2.300159012714e+00  ,2.282704683101e+00  ,2.264137744592e+00  ,2.244748413559e+00  ,2.224263394059e+00  ,2.202701048329e+00  ,2.179675185520e+00  ,2.155242443774e+00  ,2.129127937783e+00  ,2.101331350412e+00  ,2.071193961449e+00  ,2.038567371025e+00  ,2.003543115966e+00  ,1.964969477321e+00  ,1.932366005195e+00  ,1.900647470484e+00  ,1.865851414818e+00  ,1.827288156045e+00  ,1.785333370178e+00  ,1.737578876980e+00  ,1.684229667334e+00  ,1.622395655598e+00  ,1.550191075346e+00  
  3.855703372781e-08  ,2.417080225633e+00  ,2.404331656933e+00  ,2.391194265619e+00  ,2.377421244964e+00  ,2.363213390066e+00  ,2.348600988983e+00  ,2.333134044181e+00  ,2.317135987657e+00  ,2.300159012714e+00  ,2.282704683101e+00  ,2.264137744592e+00  ,2.244748413559e+00  ,2.224263394059e+00  ,2.202701048329e+00  ,2.179675185520e+00  ,2.155242443774e+00  ,2.129127937783e+00  ,2.101331350412e+00  ,2.071193961449e+00  ,2.038567371025e+00  ,2.003543115966e+00  ,1.964969477321e+00  ,1.932366005195e+00  ,1.900647470484e+00  ,1.865851414818e+00  ,1.827288156045e+00  ,1.785333370178e+00  ,1.737578876980e+00  ,1.684229667334e+00  ,1.622395655598e+00  ,1.550191075346e+00  
  3.955708790843e-08  ,2.417080225633e+00  ,2.404331656933e+00  ,2.391194265619e+00  ,2.377421244964e+00  ,2.363213390066e+00  ,2.348600988983e+00  ,2.333134044181e+00  ,2.317135987657e+00  ,2.300159012714e+00  ,2.282704683101e+00  ,2.264137744592e+00  ,2.244748413559e+00  ,2.224263394059e+00  ,2.202701048329e+00  ,2.179675185520e+00  ,2.155242443774e+00  ,2.129127937783e+00  ,2.101331350412e+00  ,2.071193961449e+00  ,2.038567371025e+00  ,2.003543115966e+00  ,1.964969477321e+00  ,1.932366005195e+00  ,1.900647470484e+00  ,1.865851414818e+00  ,1.827288156045e+00  ,1.785333370178e+00  ,1.737578876980e+00  ,1.684229667334e+00  ,1.622395655598e+00  ,1.550191075346e+00  
  4.055714208905e-08  ,2.417080225633e+00  ,2.404331656933e+00  ,2.391194265619e+00  ,2.377421244964e+00  ,2.363213390066e+00  ,2.348600988983e+00  ,2.333134044181e+00  ,2.317135987657e+00  ,2.300159012714e+00  ,2.282704683101e+00  ,2.264137744592e+00  ,2.244748413559e+00  ,2.224263394059e+00  ,2.202701048329e+00  ,2.179675185520e+00  ,2.155242443774e+00  ,2.129127937783e+00  ,2.101331350412e+00  ,2.071193961449e+00  ,2.038567371025e+00  ,2.003543115966e+00  ,1.964969477321e+00  ,1.932366005195e+00  ,1.900647470484e+00  ,1.865851414818e+00  ,1.827288156045e+00  ,1.785333370178e+00  ,1.737578876980e+00  ,1.684229667334e+00  ,1.622395655598e+00  ,1.550191075346e+00  
  4.155719626968e-08  ,2.417080225633e+00  ,2.404331656933e+00  ,2.391194265619e+00  ,2.377421244964e+00  ,2.363213390066e+00  ,2.348600988983e+00  ,2.333134044181e+00  ,2.317135987657e+00  ,2.300159012714e+00  ,2.282704683101e+00  ,2.264137744592e+00  ,2.244748413559e+00  ,2.224263394059e+00  ,2.202701048329e+00  ,2.179675185520e+00  ,2.155242443774e+00  ,2.129127937783e+00  ,2.101331350412e+00  ,2.071193961449e+00  ,2.038567371025e+00  ,2.003543115966e+00  ,1.964969477321e+00  ,1.932366005195e+00  ,1.900647470484e+00  ,1.865851414818e+00  ,1.827288156045e+00  ,1.785333370178e+00  ,1.737578876980e+00  ,1.684229667334e+00  ,1.622395655598e+00  ,1.550191075346e+00  
  4.255725045030e-08  ,2.417080225633e+00  ,2.404331656933e+00  ,2.391194265619e+00  ,2.377421244964e+00  ,2.363213390066e+00  ,2.348600988983e+00  ,2.333134044181e+00  ,2.317135987657e+00  ,2.300159012714e+00  ,2.282704683101e+00  ,2.264137744592e+00  ,2.244748413559e+00  ,2.224263394059e+00  ,2.202701048329e+00  ,2.179675185520e+00  ,2.155242443774e+00  ,2.129127937783e+00  ,2.101331350412e+00  ,2.071193961449e+00  ,2.038567371025e+00  ,2.003543115966e+00  ,1.964969477321e+00  ,1.932366005195e+00  ,1.900647470484e+00  ,1.865851414818e+00  ,1.827288156045e+00  ,1.785333370178e+00  ,1.737578876980e+00  ,1.684229667334e+00  ,1.622395655598e+00  ,1.550191075346e+00  
  4.355730463092e-08  ,2.417080225633e+00  ,2.404331656933e+00  ,2.391194265619e+00  ,2.377421244964e+00  ,2.363213390066e+00  ,2.348600988983e+00  ,2.333134044181e+00  ,2.317135987657e+00  ,2.300159012714e+00  ,2.282704683101e+00  ,2.264137744592e+00  ,2.244748413559e+00  ,2.224263394059e+00  ,2.202701048329e+00  ,2.179675185520e+00  ,2.155242443774e+00  ,2.129127937783e+00  ,2.101331350412e+00  ,2.071193961449e+00  ,2.038567371025e+00  ,2.003543115966e+00  ,1.964969477321e+00  ,1.932366005195e+00  ,1.900647470484e+00  ,1.865851414818e+00  ,1.827288156045e+00  ,1.785333370178e+00  ,1.737578876980e+00  ,1.684229667334e+00  ,1.622395655598e+00  ,1.550191075346e+00  
  4.455735881154e-08  ,2.417080225633e+00  ,2.404331656933e+00  ,2.391194265619e+00  ,2.377421244964e+00  ,2.363213390066e+00  ,2.348600988983e+00  ,2.333134044181e+00  ,2.317135987657e+00  ,2.300159012714e+00  ,2.282704683101e+00  ,2.264137744592e+00  ,2.244748413559e+00  ,2.224263394059e+00  ,2.202701048329e+00  ,2.179675185520e+00  ,2.155242443774e+00  ,2.129127937783e+00  ,2.101331350412e+00  ,2.071193961449e+00  ,2.038567371025e+00  ,2.003543115966e+00  ,1.964969477321e+00  ,1.932366005195e+00  ,1.900647470484e+00  ,1.865851414818e+00  ,1.827288156045e+00  ,1.785333370178e+00  ,1.737578876980e+00  ,1.684229667334e+00  ,1.622395655598e+00  ,1.550191075346e+00  
  4.555741299216e-08  ,2.417080225633e+00  ,2.404331656933e+00  ,2.391194265619e+00  ,2.377421244964e+00  ,2.363213390066e+00  ,2.348600988983e+00  ,2.333134044181e+00  ,2.317135987657e+00  ,2.300159012714e+00  ,2.282704683101e+00  ,2.264137744592e+00  ,2.244748413559e+00  ,2.224263394059e+00  ,2.202701048329e+00  ,2.179675185520e+00  ,2.155242443774e+00  ,2.129127937783e+00  ,2.101331350412e+00  ,2.071193961449e+00  ,2.038567371025e+00  ,2.003543115966e+00  ,1.964969477321e+00  ,1.932366005195e+00  ,1.900647470484e+00  ,1.865851414818e+00  ,1.827288156045e+00  ,1.785333370178e+00  ,1.737578876980e+00  ,1.684229667334e+00  ,1.622395655598e+00  ,1.550191075346e+00  
  4.655746717279e-08  ,2.417080225633e+00  ,2.404331656933e+00  ,2.391194265619e+00  ,2.377421244964e+00  ,2.363213390066e+00  ,2.348600988983e+00  ,2.333134044181e+00  ,2.317135987657e+00  ,2.300159012714e+00  ,2.282704683101e+00  ,2.264137744592e+00  ,2.244748413559e+00  ,2.224263394059e+00  ,2.202701048329e+00  ,2.179675185520e+00  ,2.155242443774e+00  ,2.129127937783e+00  ,2.101331350412e+00  ,2.071193961449e+00  ,2.038567371025e+00  ,2.003543115966e+00  ,1.964969477321e+00  ,1.932366005195e+00  ,1.900647470484e+00  ,1.865851414818e+00  ,1.827288156045e+00  ,1.785333370178e+00  ,1.737578876980e+00  ,1.684229667334e+00  ,1.622395655598e+00  ,1.550191075346e+00  
  4.755752135341e-08  ,2.417080225633e+00  ,2.404331656933e+00  ,2.391194265619e+00  ,2.377421244964e+00  ,2.363213390066e+00  ,2.348600988983e+00  ,2.333134044181e+00  ,2.317135987657e+00  ,2.300159012714e+00  ,2.282704683101e+00  ,2.264137744592e+00  ,2.244748413559e+00  ,2.224263394059e+00  ,2.202701048329e+00  ,2.179675185520e+00  ,2.155242443774e+00  ,2.129127937783e+00  ,2.101331350412e+00  ,2.071193961449e+00  ,2.038567371025e+00  ,2.003543115966e+00  ,1.964969477321e+00  ,1.932366005195e+00  ,1.900647470484e+00  ,1.865851414818e+00  ,1.827288156045e+00  ,1.785333370178e+00  ,1.737578876980e+00  ,1.684229667334e+00  ,1.622395655598e+00  ,1.550191075346e+00  
  4.855757553403e-08  ,2.417080225633e+00  ,2.404331656933e+00  ,2.391194265619e+00  ,2.377421244964e+00  ,2.363213390066e+00  ,2.348600988983e+00  ,2.333134044181e+00  ,2.317135987657e+00  ,2.300159012714e+00  ,2.282704683101e+00  ,2.264137744592e+00  ,2.244748413559e+00  ,2.224263394059e+00  ,2.202701048329e+00  ,2.179675185520e+00  ,2.155242443774e+00  ,2.129127937783e+00  ,2.101331350412e+00  ,2.071193961449e+00  ,2.038567371025e+00  ,2.003543115966e+00  ,1.964969477321e+00  ,1.932366005195e+00  ,1.900647470484e+00  ,1.865851414818e+00  ,1.827288156045e+00  ,1.785333370178e+00  ,1.737578876980e+00  ,1.684229667334e+00  ,1.622395655598e+00  ,1.550191075346e+00  
  4.955762971465e-08  ,2.417080225633e+00  ,2.404331656933e+00  ,2.391194265619e+00  ,2.377421244964e+00  ,2.363213390066e+00  ,2.348600988983e+00  ,2.333134044181e+00  ,2.317135987657e+00  ,2.300159012714e+00  ,2.282704683101e+00  ,2.264137744592e+00  ,2.244748413559e+00  ,2.224263394059e+00  ,2.202701048329e+00  ,2.179675185520e+00  ,2.155242443774e+00  ,2.129127937783e+00  ,2.101331350412e+00  ,2.071193961449e+00  ,2.038567371025e+00  ,2.003543115966e+00  ,1.964969477321e+00  ,1.932366005195e+00  ,1.900647470484e+00  ,1.865851414818e+00  ,1.827288156045e+00  ,1.785333370178e+00  ,1.737578876980e+00  ,1.684229667334e+00  ,1.622395655598e+00  ,1.550191075346e+00  
  5.055768389527e-08  ,2.417080225633e+00  ,2.404331656933e+00  ,2.391194265619e+00  ,2.377421244964e+00  ,2.363213390066e+00  ,2.348600988983e+00  ,2.333134044181e+00  ,2.317135987657e+00  ,2.300159012714e+00  ,2.282704683101e+00  ,2.264137744592e+00  ,2.244748413559e+00  ,2.224263394059e+00  ,2.202701048329e+00  ,2.179675185520e+00  ,2.155242443774e+00  ,2.129127937783e+00  ,2.101331350412e+00  ,2.071193961449e+00  ,2.038567371025e+00  ,2.003543115966e+00  ,1.964969477321e+00  ,1.932366005195e+00  ,1.900647470484e+00  ,1.865851414818e+00  ,1.827288156045e+00  ,1.785333370178e+00  ,1.737578876980e+00  ,1.684229667334e+00  ,1.622395655598e+00  ,1.550191075346e+00  
  5.155773807590e-08  ,2.417080225633e+00  ,2.404331656933e+00  ,2.391194265619e+00  ,2.377421244964e+00  ,2.363213390066e+00  ,2.348600988983e+00  ,2.333134044181e+00  ,2.317135987657e+00  ,2.300159012714e+00  ,2.282704683101e+00  ,2.264137744592e+00  ,2.244748413559e+00  ,2.224263394059e+00  ,2.202701048329e+00  ,2.179675185520e+00  ,2.155242443774e+00  ,2.129127937783e+00  ,2.101331350412e+00  ,2.071193961449e+00  ,2.038567371025e+00  ,2.003543115966e+00  ,1.964969477321e+00  ,1.932366005195e+00  ,1.900647470484e+00  ,1.865851414818e+00  ,1.827288156045e+00  ,1.785333370178e+00  ,1.737578876980e+00  ,1.684229667334e+00  ,1.622395655598e+00  ,1.550191075346e+00  
  5.255779225652e-08  ,2.417080225633e+00  ,2.404331656933e+00  ,2.391194265619e+00  ,2.377421244964e+00  ,2.363213390066e+00  ,2.348600988983e+00  ,2.333134044181e+00  ,2.317135987657e+00  ,2.300159012714e+00  ,2.282704683101e+00  ,2.264137744592e+00  ,2.244748413559e+00  ,2.224263394059e+00  ,2.202701048329e+00  ,2.179675185520e+00  ,2.155242443774e+00  ,2.129127937783e+00  ,2.101331350412e+00  ,2.071193961449e+00  ,2.038567371025e+00  ,2.003543115966e+00  ,1.964969477321e+00  ,1.932366005195e+00  ,1.900647470484e+00  ,1.865851414818e+00  ,1.827288156045e+00  ,1.785333370178e+00  ,1.737578876980e+00  ,1.684229667334e+00  ,1.622395655598e+00  ,1.550191075346e+00  
  5.355784643714e-08  ,2.417080225633e+00  ,2.404331656933e+00  ,2.391194265619e+00  ,2.377421244964e+00  ,2.363213390066e+00  ,2.348600988983e+00  ,2.333134044181e+00  ,2.317135987657e+00  ,2.300159012714e+00  ,2.282704683101e+00  ,2.264137744592e+00  ,2.244748413559e+00  ,2.224263394059e+00  ,2.202701048329e+00  ,2.179675185520e+00  ,2.155242443774e+00  ,2.129127937783e+00  ,2.101331350412e+00  ,2.071193961449e+00  ,2.038567371025e+00  ,2.003543115966e+00  ,1.964969477321e+00  ,1.932366005195e+00  ,1.900647470484e+00  ,1.865851414818e+00  ,1.827288156045e+00  ,1.785333370178e+00  ,1.737578876980e+00  ,1.684229667334e+00  ,1.622395655598e+00  ,1.550191075346e+00  
  5.455790061776e-08  ,2.417080225633e+00  ,2.404331656933e+00  ,2.391194265619e+00  ,2.377421244964e+00  ,2.363213390066e+00  ,2.348600988983e+00  ,2.333134044181e+00  ,2.317135987657e+00  ,2.300159012714e+00  ,2.282704683101e+00  ,2.264137744592e+00  ,2.244748413559e+00  ,2.224263394059e+00  ,2.202701048329e+00  ,2.179675185520e+00  ,2.155242443774e+00  ,2.129127937783e+00  ,2.101331350412e+00  ,2.071193961449e+00  ,2.038567371025e+00  ,2.003543115966e+00  ,1.964969477321e+00  ,1.932366005195e+00  ,1.900647470484e+00  ,1.865851414818e+00  ,1.827288156045e+00  ,1.785333370178e+00  ,1.737578876980e+00  ,1.684229667334e+00  ,1.622395655598e+00  ,1.550191075346e+00  
  5.555795479838e-08  ,2.417080225633e+00  ,2.404331656933e+00  ,2.391194265619e+00  ,2.377421244964e+00  ,2.363213390066e+00  ,2.348600988983e+00  ,2.333134044181e+00  ,2.317135987657e+00  ,2.300159012714e+00  ,2.282704683101e+00  ,2.264137744592e+00  ,2.244748413559e+00  ,2.224263394059e+00  ,2.202701048329e+00  ,2.179675185520e+00  ,2.155242443774e+00  ,2.129127937783e+00  ,2.101331350412e+00  ,2.071193961449e+00  ,2.038567371025e+00  ,2.003543115966e+00  ,1.964969477321e+00  ,1.932366005195e+00  ,1.900647470484e+00  ,1.865851414818e+00  ,1.827288156045e+00  ,1.785333370178e+00  ,1.737578876980e+00  ,1.684229667334e+00  ,1.622395655598e+00  ,1.550191075346e+00  
  5.655800897901e-08  ,2.417080225633e+00  ,2.404331656933e+00  ,2.391194265619e+00  ,2.377421244964e+00  ,2.363213390066e+00  ,2.348600988983e+00  ,2.333134044181e+00  ,2.317135987657e+00  ,2.300159012714e+00  ,2.282704683101e+00  ,2.264137744592e+00  ,2.244748413559e+00  ,2.224263394059e+00  ,2.202701048329e+00  ,2.179675185520e+00  ,2.155242443774e+00  ,2.129127937783e+00  ,2.101331350412e+00  ,2.071193961449e+00  ,2.038567371025e+00  ,2.003543115966e+00  ,1.964969477321e+00  ,1.932366005195e+00  ,1.900647470484e+00  ,1.865851414818e+00  ,1.827288156045e+00  ,1.785333370178e+00  ,1.737578876980e+00  ,1.684229667334e+00  ,1.622395655598e+00  ,1.550191075346e+00  
  5.755806315963e-08  ,2.417080225633e+00  ,2.404331656933e+00  ,2.391194265619e+00  ,2.377421244964e+00  ,2.363213390066e+00  ,2.348600988983e+00  ,2.333134044181e+00  ,2.317135987657e+00  ,2.300159012714e+00  ,2.282704683101e+00  ,2.264137744592e+00  ,2.244748413559e+00  ,2.224263394059e+00  ,2.202701048329e+00  ,2.179675185520e+00  ,2.155242443774e+00  ,2.129127937783e+00  ,2.101331350412e+00  ,2.071193961449e+00  ,2.038567371025e+00  ,2.003543115966e+00  ,1.964969477321e+00  ,1.932366005195e+00  ,1.900647470484e+00  ,1.865851414818e+00  ,1.827288156045e+00  ,1.785333370178e+00  ,1.737578876980e+00  ,1.684229667334e+00  ,1.622395655598e+00  ,1.550191075346e+00  
  5.855811734025e-08  ,2.417080225633e+00  ,2.404331656933e+00  ,2.391194265619e+00  ,2.377421244964e+00  ,2.363213390066e+00  ,2.348600988983e+00  ,2.333134044181e+00  ,2.317135987657e+00  ,2.300159012714e+00  ,2.282704683101e+00  ,2.264137744592e+00  ,2.244748413559e+00  ,2.224263394059e+00  ,2.202701048329e+00  ,2.179675185520e+00  ,2.155242443774e+00  ,2.129127937783e+00  ,2.101331350412e+00  ,2.071193961449e+00  ,2.038567371025e+00  ,2.003543115966e+00  ,1.964969477321e+00  ,1.932366005195e+00  ,1.900647470484e+00  ,1.865851414818e+00  ,1.827288156045e+00  ,1.785333370178e+00  ,1.737578876980e+00  ,1.684229667334e+00  ,1.622395655598e+00  ,1.550191075346e+00  
  5.955817152087e-08  ,2.417080225633e+00  ,2.404331656933e+00  ,2.391194265619e+00  ,2.377421244964e+00  ,2.363213390066e+00  ,2.348600988983e+00  ,2.333134044181e+00  ,2.317135987657e+00  ,2.300159012714e+00  ,2.282704683101e+00  ,2.264137744592e+00  ,2.244748413559e+00  ,2.224263394059e+00  ,2.202701048329e+00  ,2.179675185520e+00  ,2.155242443774e+00  ,2.129127937783e+00  ,2.101331350412e+00  ,2.071193961449e+00  ,2.038567371025e+00  ,2.003543115966e+00  ,1.964969477321e+00  ,1.932366005195e+00  ,1.900647470484e+00  ,1.865851414818e+00  ,1.827288156045e+00  ,1.785333370178e+00  ,1.737578876980e+00  ,1.684229667334e+00  ,1.622395655598e+00  ,1.550191075346e+00  
  6.055822570150e-08  ,2.417080225633e+00  ,2.404331656933e+00  ,2.391194265619e+00  ,2.377421244964e+00  ,2.363213390066e+00  ,2.348600988983e+00  ,2.333134044181e+00  ,2.317135987657e+00  ,2.300159012714e+00  ,2.282704683101e+00  ,2.264137744592e+00  ,2.244748413559e+00  ,2.224263394059e+00  ,2.202701048329e+00  ,2.179675185520e+00  ,2.155242443774e+00  ,2.129127937783e+00  ,2.101331350412e+00  ,2.071193961449e+00  ,2.038567371025e+00  ,2.003543115966e+00  ,1.964969477321e+00  ,1.932366005195e+00  ,1.900647470484e+00  ,1.865851414818e+00  ,1.827288156045e+00  ,1.785333370178e+00  ,1.737578876980e+00  ,1.684229667334e+00  ,1.622395655598e+00  ,1.550191075346e+00  
  6.155827988212e-08  ,2.417080225633e+00  ,2.404331656933e+00  ,2.391194265619e+00  ,2.377421244964e+00  ,2.363213390066e+00  ,2.348600988983e+00  ,2.333134044181e+00  ,2.317135987657e+00  ,2.300159012714e+00  ,2.282704683101e+00  ,2.264137744592e+00  ,2.244748413559e+00  ,2.224263394059e+00  ,2.202701048329e+00  ,2.179675185520e+00  ,2.155242443774e+00  ,2.129127937783e+00  ,2.101331350412e+00  ,2.071193961449e+00  ,2.038567371025e+00  ,2.003543115966e+00  ,1.964969477321e+00  ,1.932366005195e+00  ,1.900647470484e+00  ,1.865851414818e+00  ,1.827288156045e+00  ,1.785333370178e+00  ,1.737578876980e+00  ,1.684229667334e+00  ,1.622395655598e+00  ,1.550191075346e+00  
  6.255833406274e-08  ,2.417080225633e+00  ,2.404331656933e+00  ,2.391194265619e+00  ,2.377421244964e+00  ,2.363213390066e+00  ,2.348600988983e+00  ,2.333134044181e+00  ,2.317135987657e+00  ,2.300159012714e+00  ,2.282704683101e+00  ,2.264137744592e+00  ,2.244748413559e+00  ,2.224263394059e+00  ,2.202701048329e+00  ,2.179675185520e+00  ,2.155242443774e+00  ,2.129127937783e+00  ,2.101331350412e+00  ,2.071193961449e+00  ,2.038567371025e+00  ,2.003543115966e+00  ,1.964969477321e+00  ,1.932366005195e+00  ,1.900647470484e+00  ,1.865851414818e+00  ,1.827288156045e+00  ,1.785333370178e+00  ,1.737578876980e+00  ,1.684229667334e+00  ,1.622395655598e+00  ,1.550191075346e+00  
  6.355838824336e-08  ,2.417080225633e+00  ,2.404331656933e+00  ,2.391194265619e+00  ,2.377421244964e+00  ,2.363213390066e+00  ,2.348600988983e+00  ,2.333134044181e+00  ,2.317135987657e+00  ,2.300159012714e+00  ,2.282704683101e+00  ,2.264137744592e+00  ,2.244748413559e+00  ,2.224263394059e+00  ,2.202701048329e+00  ,2.179675185520e+00  ,2.155242443774e+00  ,2.129127937783e+00  ,2.101331350412e+00  ,2.071193961449e+00  ,2.038567371025e+00  ,2.003543115966e+00  ,1.964969477321e+00  ,1.932366005195e+00  ,1.900647470484e+00  ,1.865851414818e+00  ,1.827288156045e+00  ,1.785333370178e+00  ,1.737578876980e+00  ,1.684229667334e+00  ,1.622395655598e+00  ,1.550191075346e+00  
  6.455844242398e-08  ,2.417080225633e+00  ,2.404331656933e+00  ,2.391194265619e+00  ,2.377421244964e+00  ,2.363213390066e+00  ,2.348600988983e+00  ,2.333134044181e+00  ,2.317135987657e+00  ,2.300159012714e+00  ,2.282704683101e+00  ,2.264137744592e+00  ,2.244748413559e+00  ,2.224263394059e+00  ,2.202701048329e+00  ,2.179675185520e+00  ,2.155242443774e+00  ,2.129127937783e+00  ,2.101331350412e+00  ,2.071193961449e+00  ,2.038567371025e+00  ,2.003543115966e+00  ,1.964969477321e+00  ,1.932366005195e+00  ,1.900647470484e+00  ,1.865851414818e+00  ,1.827288156045e+00  ,1.785333370178e+00  ,1.737578876980e+00  ,1.684229667334e+00  ,1.622395655598e+00  ,1.550191075346e+00  
  6.555849660461e-08  ,2.417080225633e+00  ,2.404331656933e+00  ,2.391194265619e+00  ,2.377421244964e+00  ,2.363213390066e+00  ,2.348600988983e+00  ,2.333134044181e+00  ,2.317135987657e+00  ,2.300159012714e+00  ,2.282704683101e+00  ,2.264137744592e+00  ,2.244748413559e+00  ,2.224263394059e+00  ,2.202701048329e+00  ,2.179675185520e+00  ,2.155242443774e+00  ,2.129127937783e+00  ,2.101331350412e+00  ,2.071193961449e+00  ,2.038567371025e+00  ,2.003543115966e+00  ,1.964969477321e+00  ,1.932366005195e+00  ,1.900647470484e+00  ,1.865851414818e+00  ,1.827288156045e+00  ,1.785333370178e+00  ,1.737578876980e+00  ,1.684229667334e+00  ,1.622395655598e+00  ,1.550191075346e+00  
  6.655855078523e-08  ,2.417080225633e+00  ,2.404331656933e+00  ,2.391194265619e+00  ,2.377421244964e+00  ,2.363213390066e+00  ,2.348600988983e+00  ,2.333134044181e+00  ,2.317135987657e+00  ,2.300159012714e+00  ,2.282704683101e+00  ,2.264137744592e+00  ,2.244748413559e+00  ,2.224263394059e+00  ,2.202701048329e+00  ,2.179675185520e+00  ,2.155242443774e+00  ,2.129127937783e+00  ,2.101331350412e+00  ,2.071193961449e+00  ,2.038567371025e+00  ,2.003543115966e+00  ,1.964969477321e+00  ,1.932366005195e+00  ,1.900647470484e+00  ,1.865851414818e+00  ,1.827288156045e+00  ,1.785333370178e+00  ,1.737578876980e+00  ,1.684229667334e+00  ,1.622395655598e+00  ,1.550191075346e+00  
  6.755860496585e-08  ,2.417080225633e+00  ,2.404331656933e+00  ,2.391194265619e+00  ,2.377421244964e+00  ,2.363213390066e+00  ,2.348600988983e+00  ,2.333134044181e+00  ,2.317135987657e+00  ,2.300159012714e+00  ,2.282704683101e+00  ,2.264137744592e+00  ,2.244748413559e+00  ,2.224263394059e+00  ,2.202701048329e+00  ,2.179675185520e+00  ,2.155242443774e+00  ,2.129127937783e+00  ,2.101331350412e+00  ,2.071193961449e+00  ,2.038567371025e+00  ,2.003543115966e+00  ,1.964969477321e+00  ,1.932366005195e+00  ,1.900647470484e+00  ,1.865851414818e+00  ,1.827288156045e+00  ,1.785333370178e+00  ,1.737578876980e+00  ,1.684229667334e+00  ,1.622395655598e+00  ,1.550191075346e+00  
  6.855865914647e-08  ,2.417080225633e+00  ,2.404331656933e+00  ,2.391194265619e+00  ,2.377421244964e+00  ,2.363213390066e+00  ,2.348600988983e+00  ,2.333134044181e+00  ,2.317135987657e+00  ,2.300159012714e+00  ,2.282704683101e+00  ,2.264137744592e+00  ,2.244748413559e+00  ,2.224263394059e+00  ,2.202701048329e+00  ,2.179675185520e+00  ,2.155242443774e+00  ,2.129127937783e+00  ,2.101331350412e+00  ,2.071193961449e+00  ,2.038567371025e+00  ,2.003543115966e+00  ,1.964969477321e+00  ,1.932366005195e+00  ,1.900647470484e+00  ,1.865851414818e+00  ,1.827288156045e+00  ,1.785333370178e+00  ,1.737578876980e+00  ,1.684229667334e+00  ,1.622395655598e+00  ,1.550191075346e+00  
  6.955871332709e-08  ,2.417080225633e+00  ,2.404331656933e+00  ,2.391194265619e+00  ,2.377421244964e+00  ,2.363213390066e+00  ,2.348600988983e+00  ,2.333134044181e+00  ,2.317135987657e+00  ,2.300159012714e+00  ,2.282704683101e+00  ,2.264137744592e+00  ,2.244748413559e+00  ,2.224263394059e+00  ,2.202701048329e+00  ,2.179675185520e+00  ,2.155242443774e+00  ,2.129127937783e+00  ,2.101331350412e+00  ,2.071193961449e+00  ,2.038567371025e+00  ,2.003543115966e+00  ,1.964969477321e+00  ,1.932366005195e+00  ,1.900647470484e+00  ,1.865851414818e+00  ,1.827288156045e+00  ,1.785333370178e+00  ,1.737578876980e+00  ,1.684229667334e+00  ,1.622395655598e+00  ,1.550191075346e+00  
  7.055876750772e-08  ,2.417080225633e+00  ,2.404331656933e+00  ,2.391194265619e+00  ,2.377421244964e+00  ,2.363213390066e+00  ,2.348600988983e+00  ,2.333134044181e+00  ,2.317135987657e+00  ,2.300159012714e+00  ,2.282704683101e+00  ,2.264137744592e+00  ,2.244748413559e+00  ,2.224263394059e+00  ,2.202701048329e+00  ,2.179675185520e+00  ,2.155242443774e+00  ,2.129127937783e+00  ,2.101331350412e+00  ,2.071193961449e+00  ,2.038567371025e+00  ,2.003543115966e+00  ,1.964969477321e+00  ,1.932366005195e+00  ,1.900647470484e+00  ,1.865851414818e+00  ,1.827288156045e+00  ,1.785333370178e+00  ,1.737578876980e+00  ,1.684229667334e+00  ,1.622395655598e+00  ,1.550191075346e+00  
  7.155882168834e-08  ,2.417080225633e+00  ,2.404331656933e+00  ,2.391194265619e+00  ,2.377421244964e+00  ,2.363213390066e+00  ,2.348600988983e+00  ,2.333134044181e+00  ,2.317135987657e+00  ,2.300159012714e+00  ,2.282704683101e+00  ,2.264137744592e+00  ,2.244748413559e+00  ,2.224263394059e+00  ,2.202701048329e+00  ,2.179675185520e+00  ,2.155242443774e+00  ,2.129127937783e+00  ,2.101331350412e+00  ,2.071193961449e+00  ,2.038567371025e+00  ,2.003543115966e+00  ,1.964969477321e+00  ,1.932366005195e+00  ,1.900647470484e+00  ,1.865851414818e+00  ,1.827288156045e+00  ,1.785333370178e+00  ,1.737578876980e+00  ,1.684229667334e+00  ,1.622395655598e+00  ,1.550191075346e+00  
  7.255887586896e-08  ,2.417080225633e+00  ,2.404331656933e+00  ,2.391194265619e+00  ,2.377421244964e+00  ,2.363213390066e+00  ,2.348600988983e+00  ,2.333134044181e+00  ,2.317135987657e+00  ,2.300159012714e+00  ,2.282704683101e+00  ,2.264137744592e+00  ,2.244748413559e+00  ,2.224263394059e+00  ,2.202701048329e+00  ,2.179675185520e+00  ,2.155242443774e+00  ,2.129127937783e+00  ,2.101331350412e+00  ,2.071193961449e+00  ,2.038567371025e+00  ,2.003543115966e+00  ,1.964969477321e+00  ,1.932366005195e+00  ,1.900647470484e+00  ,1.865851414818e+00  ,1.827288156045e+00  ,1.785333370178e+00  ,1.737578876980e+00  ,1.684229667334e+00  ,1.622395655598e+00  ,1.550191075346e+00  
  7.355893004958e-08  ,2.417080225633e+00  ,2.404331656933e+00  ,2.391194265619e+00  ,2.377421244964e+00  ,2.363213390066e+00  ,2.348600988983e+00  ,2.333134044181e+00  ,2.317135987657e+00  ,2.300159012714e+00  ,2.282704683101e+00  ,2.264137744592e+00  ,2.244748413559e+00  ,2.224263394059e+00  ,2.202701048329e+00  ,2.179675185520e+00  ,2.155242443774e+00  ,2.129127937783e+00  ,2.101331350412e+00  ,2.071193961449e+00  ,2.038567371025e+00  ,2.003543115966e+00  ,1.964969477321e+00  ,1.932366005195e+00  ,1.900647470484e+00  ,1.865851414818e+00  ,1.827288156045e+00  ,1.785333370178e+00  ,1.737578876980e+00  ,1.684229667334e+00  ,1.622395655598e+00  ,1.550191075346e+00  
  7.455898423020e-08  ,2.417080225633e+00  ,2.404331656933e+00  ,2.391194265619e+00  ,2.377421244964e+00  ,2.363213390066e+00  ,2.348600988983e+00  ,2.333134044181e+00  ,2.317135987657e+00  ,2.300159012714e+00  ,2.282704683101e+00  ,2.264137744592e+00  ,2.244748413559e+00  ,2.224263394059e+00  ,2.202701048329e+00  ,2.179675185520e+00  ,2.155242443774e+00  ,2.129127937783e+00  ,2.101331350412e+00  ,2.071193961449e+00  ,2.038567371025e+00  ,2.003543115966e+00  ,1.964969477321e+00  ,1.932366005195e+00  ,1.900647470484e+00  ,1.865851414818e+00  ,1.827288156045e+00  ,1.785333370178e+00  ,1.737578876980e+00  ,1.684229667334e+00  ,1.622395655598e+00  ,1.550191075346e+00  
  7.555903841083e-08  ,2.417080225633e+00  ,2.404331656933e+00  ,2.391194265619e+00  ,2.377421244964e+00  ,2.363213390066e+00  ,2.348600988983e+00  ,2.333134044181e+00  ,2.317135987657e+00  ,2.300159012714e+00  ,2.282704683101e+00  ,2.264137744592e+00  ,2.244748413559e+00  ,2.224263394059e+00  ,2.202701048329e+00  ,2.179675185520e+00  ,2.155242443774e+00  ,2.129127937783e+00  ,2.101331350412e+00  ,2.071193961449e+00  ,2.038567371025e+00  ,2.003543115966e+00  ,1.964969477321e+00  ,1.932366005195e+00  ,1.900647470484e+00  ,1.865851414818e+00  ,1.827288156045e+00  ,1.785333370178e+00  ,1.737578876980e+00  ,1.684229667334e+00  ,1.622395655598e+00  ,1.550191075346e+00  
  7.655909259145e-08  ,2.417080225633e+00  ,2.404331656933e+00  ,2.391194265619e+00  ,2.377421244964e+00  ,2.363213390066e+00  ,2.348600988983e+00  ,2.333134044181e+00  ,2.317135987657e+00  ,2.300159012714e+00  ,2.282704683101e+00  ,2.264137744592e+00  ,2.244748413559e+00  ,2.224263394059e+00  ,2.202701048329e+00  ,2.179675185520e+00  ,2.155242443774e+00  ,2.129127937783e+00  ,2.101331350412e+00  ,2.071193961449e+00  ,2.038567371025e+00  ,2.003543115966e+00  ,1.964969477321e+00  ,1.932366005195e+00  ,1.900647470484e+00  ,1.865851414818e+00  ,1.827288156045e+00  ,1.785333370178e+00  ,1.737578876980e+00  ,1.684229667334e+00  ,1.622395655598e+00  ,1.550191075346e+00  
  7.755914677207e-08  ,2.417080225633e+00  ,2.404331656933e+00  ,2.391194265619e+00  ,2.377421244964e+00  ,2.363213390066e+00  ,2.348600988983e+00  ,2.333134044181e+00  ,2.317135987657e+00  ,2.300159012714e+00  ,2.282704683101e+00  ,2.264137744592e+00  ,2.244748413559e+00  ,2.224263394059e+00  ,2.202701048329e+00  ,2.179675185520e+00  ,2.155242443774e+00  ,2.129127937783e+00  ,2.101331350412e+00  ,2.071193961449e+00  ,2.038567371025e+00  ,2.003543115966e+00  ,1.964969477321e+00  ,1.932366005195e+00  ,1.900647470484e+00  ,1.865851414818e+00  ,1.827288156045e+00  ,1.785333370178e+00  ,1.737578876980e+00  ,1.684229667334e+00  ,1.622395655598e+00  ,1.550191075346e+00  
  7.855920095269e-08  ,2.417080225633e+00  ,2.404331656933e+00  ,2.391194265619e+00  ,2.377421244964e+00  ,2.363213390066e+00  ,2.348600988983e+00  ,2.333134044181e+00  ,2.317135987657e+00  ,2.300159012714e+00  ,2.282704683101e+00  ,2.264137744592e+00  ,2.244748413559e+00  ,2.224263394059e+00  ,2.202701048329e+00  ,2.179675185520e+00  ,2.155242443774e+00  ,2.129127937783e+00  ,2.101331350412e+00  ,2.071193961449e+00  ,2.038567371025e+00  ,2.003543115966e+00  ,1.964969477321e+00  ,1.932366005195e+00  ,1.900647470484e+00  ,1.865851414818e+00  ,1.827288156045e+00  ,1.785333370178e+00  ,1.737578876980e+00  ,1.684229667334e+00  ,1.622395655598e+00  ,1.550191075346e+00  
  7.955925513332e-08  ,2.417080225633e+00  ,2.404331656933e+00  ,2.391194265619e+00  ,2.377421244964e+00  ,2.363213390066e+00  ,2.348600988983e+00  ,2.333134044181e+00  ,2.317135987657e+00  ,2.300159012714e+00  ,2.282704683101e+00  ,2.264137744592e+00  ,2.244748413559e+00  ,2.224263394059e+00  ,2.202701048329e+00  ,2.179675185520e+00  ,2.155242443774e+00  ,2.129127937783e+00  ,2.101331350412e+00  ,2.071193961449e+00  ,2.038567371025e+00  ,2.003543115966e+00  ,1.964969477321e+00  ,1.932366005195e+00  ,1.900647470484e+00  ,1.865851414818e+00  ,1.827288156045e+00  ,1.785333370178e+00  ,1.737578876980e+00  ,1.684229667334e+00  ,1.622395655598e+00  ,1.550191075346e+00  
  8.055930931394e-08  ,2.417080225633e+00  ,2.404331656933e+00  ,2.391194265619e+00  ,2.377421244964e+00  ,2.363213390066e+00  ,2.348600988983e+00  ,2.333134044181e+00  ,2.317135987657e+00  ,2.300159012714e+00  ,2.282704683101e+00  ,2.264137744592e+00  ,2.244748413559e+00  ,2.224263394059e+00  ,2.202701048329e+00  ,2.179675185520e+00  ,2.155242443774e+00  ,2.129127937783e+00  ,2.101331350412e+00  ,2.071193961449e+00  ,2.038567371025e+00  ,2.003543115966e+00  ,1.964969477321e+00  ,1.932366005195e+00  ,1.900647470484e+00  ,1.865851414818e+00  ,1.827288156045e+00  ,1.785333370178e+00  ,1.737578876980e+00  ,1.684229667334e+00  ,1.622395655598e+00  ,1.550191075346e+00  
  8.155936349456e-08  ,2.417080225633e+00  ,2.404331656933e+00  ,2.391194265619e+00  ,2.377421244964e+00  ,2.363213390066e+00  ,2.348600988983e+00  ,2.333134044181e+00  ,2.317135987657e+00  ,2.300159012714e+00  ,2.282704683101e+00  ,2.264137744592e+00  ,2.244748413559e+00  ,2.224263394059e+00  ,2.202701048329e+00  ,2.179675185520e+00  ,2.155242443774e+00  ,2.129127937783e+00  ,2.101331350412e+00  ,2.071193961449e+00  ,2.038567371025e+00  ,2.003543115966e+00  ,1.964969477321e+00  ,1.932366005195e+00  ,1.900647470484e+00  ,1.865851414818e+00  ,1.827288156045e+00  ,1.785333370178e+00  ,1.737578876980e+00  ,1.684229667334e+00  ,1.622395655598e+00  ,1.550191075346e+00  
  8.255941767518e-08  ,2.417080225633e+00  ,2.404331656933e+00  ,2.391194265619e+00  ,2.377421244964e+00  ,2.363213390066e+00  ,2.348600988983e+00  ,2.333134044181e+00  ,2.317135987657e+00  ,2.300159012714e+00  ,2.282704683101e+00  ,2.264137744592e+00  ,2.244748413559e+00  ,2.224263394059e+00  ,2.202701048329e+00  ,2.179675185520e+00  ,2.155242443774e+00  ,2.129127937783e+00  ,2.101331350412e+00  ,2.071193961449e+00  ,2.038567371025e+00  ,2.003543115966e+00  ,1.964969477321e+00  ,1.932366005195e+00  ,1.900647470484e+00  ,1.865851414818e+00  ,1.827288156045e+00  ,1.785333370178e+00  ,1.737578876980e+00  ,1.684229667334e+00  ,1.622395655598e+00  ,1.550191075346e+00  
  8.355947185580e-08  ,2.417080225633e+00  ,2.404331656933e+00  ,2.391194265619e+00  ,2.377421244964e+00  ,2.363213390066e+00  ,2.348600988983e+00  ,2.333134044181e+00  ,2.317135987657e+00  ,2.300159012714e+00  ,2.282704683101e+00  ,2.264137744592e+00  ,2.244748413559e+00  ,2.224263394059e+00  ,2.202701048329e+00  ,2.179675185520e+00  ,2.155242443774e+00  ,2.129127937783e+00  ,2.101331350412e+00  ,2.071193961449e+00  ,2.038567371025e+00  ,2.003543115966e+00  ,1.964969477321e+00  ,1.932366005195e+00  ,1.900647470484e+00  ,1.865851414818e+00  ,1.827288156045e+00  ,1.785333370178e+00  ,1.737578876980e+00  ,1.684229667334e+00  ,1.622395655598e+00  ,1.550191075346e+00  
  8.455952603643e-08  ,2.417080225633e+00  ,2.404331656933e+00  ,2.391194265619e+00  ,2.377421244964e+00  ,2.363213390066e+00  ,2.348600988983e+00  ,2.333134044181e+00  ,2.317135987657e+00  ,2.300159012714e+00  ,2.282704683101e+00  ,2.264137744592e+00  ,2.244748413559e+00  ,2.224263394059e+00  ,2.202701048329e+00  ,2.179675185520e+00  ,2.155242443774e+00  ,2.129127937783e+00  ,2.101331350412e+00  ,2.071193961449e+00  ,2.038567371025e+00  ,2.003543115966e+00  ,1.964969477321e+00  ,1.932366005195e+00  ,1.900647470484e+00  ,1.865851414818e+00  ,1.827288156045e+00  ,1.785333370178e+00  ,1.737578876980e+00  ,1.684229667334e+00  ,1.622395655598e+00  ,1.550191075346e+00  
  8.555958021705e-08  ,2.417080225633e+00  ,2.404331656933e+00  ,2.391194265619e+00  ,2.377421244964e+00  ,2.363213390066e+00  ,2.348600988983e+00  ,2.333134044181e+00  ,2.317135987657e+00  ,2.300159012714e+00  ,2.282704683101e+00  ,2.264137744592e+00  ,2.244748413559e+00  ,2.224263394059e+00  ,2.202701048329e+00  ,2.179675185520e+00  ,2.155242443774e+00  ,2.129127937783e+00  ,2.101331350412e+00  ,2.071193961449e+00  ,2.038567371025e+00  ,2.003543115966e+00  ,1.964969477321e+00  ,1.932366005195e+00  ,1.900647470484e+00  ,1.865851414818e+00  ,1.827288156045e+00  ,1.785333370178e+00  ,1.737578876980e+00  ,1.684229667334e+00  ,1.622395655598e+00  ,1.550191075346e+00  
  8.655963439767e-08  ,2.417080225633e+00  ,2.404331656933e+00  ,2.391194265619e+00  ,2.377421244964e+00  ,2.363213390066e+00  ,2.348600988983e+00  ,2.333134044181e+00  ,2.317135987657e+00  ,2.300159012714e+00  ,2.282704683101e+00  ,2.264137744592e+00  ,2.244748413559e+00  ,2.224263394059e+00  ,2.202701048329e+00  ,2.179675185520e+00  ,2.155242443774e+00  ,2.129127937783e+00  ,2.101331350412e+00  ,2.071193961449e+00  ,2.038567371025e+00  ,2.003543115966e+00  ,1.964969477321e+00  ,1.932366005195e+00  ,1.900647470484e+00  ,1.865851414818e+00  ,1.827288156045e+00  ,1.785333370178e+00  ,1.737578876980e+00  ,1.684229667334e+00  ,1.622395655598e+00  ,1.550191075346e+00  
  8.755968857829e-08  ,2.417080225633e+00  ,2.404331656933e+00  ,2.391194265619e+00  ,2.377421244964e+00  ,2.363213390066e+00  ,2.348600988983e+00  ,2.333134044181e+00  ,2.317135987657e+00  ,2.300159012714e+00  ,2.282704683101e+00  ,2.264137744592e+00  ,2.244748413559e+00  ,2.224263394059e+00  ,2.202701048329e+00  ,2.179675185520e+00  ,2.155242443774e+00  ,2.129127937783e+00  ,2.101331350412e+00  ,2.071193961449e+00  ,2.038567371025e+00  ,2.003543115966e+00  ,1.964969477321e+00  ,1.932366005195e+00  ,1.900647470484e+00  ,1.865851414818e+00  ,1.827288156045e+00  ,1.785333370178e+00  ,1.737578876980e+00  ,1.684229667334e+00  ,1.622395655598e+00  ,1.550191075346e+00  
  8.855974275891e-08  ,2.417080225633e+00  ,2.404331656933e+00  ,2.391194265619e+00  ,2.377421244964e+00  ,2.363213390066e+00  ,2.348600988983e+00  ,2.333134044181e+00  ,2.317135987657e+00  ,2.300159012714e+00  ,2.282704683101e+00  ,2.264137744592e+00  ,2.244748413559e+00  ,2.224263394059e+00  ,2.202701048329e+00  ,2.179675185520e+00  ,2.155242443774e+00  ,2.129127937783e+00  ,2.101331350412e+00  ,2.071193961449e+00  ,2.038567371025e+00  ,2.003543115966e+00  ,1.964969477321e+00  ,1.932366005195e+00  ,1.900647470484e+00  ,1.865851414818e+00  ,1.827288156045e+00  ,1.785333370178e+00  ,1.737578876980e+00  ,1.684229667334e+00  ,1.622395655598e+00  ,1.550191075346e+00  
  8.955979693954e-08  ,2.417080225633e+00  ,2.404331656933e+00  ,2.391194265619e+00  ,2.377421244964e+00  ,2.363213390066e+00  ,2.348600988983e+00  ,2.333134044181e+00  ,2.317135987657e+00  ,2.300159012714e+00  ,2.282704683101e+00  ,2.264137744592e+00  ,2.244748413559e+00  ,2.224263394059e+00  ,2.202701048329e+00  ,2.179675185520e+00  ,2.155242443774e+00  ,2.129127937783e+00  ,2.101331350412e+00  ,2.071193961449e+00  ,2.038567371025e+00  ,2.003543115966e+00  ,1.964969477321e+00  ,1.932366005195e+00  ,1.900647470484e+00  ,1.865851414818e+00  ,1.827288156045e+00  ,1.785333370178e+00  ,1.737578876980e+00  ,1.684229667334e+00  ,1.622395655598e+00  ,1.550191075346e+00  
  9.000000000200e-08  ,2.417080225633e+00  ,2.404331656933e+00  ,2.391194265619e+00  ,2.377421244964e+00  ,2.363213390066e+00  ,2.348600988983e+00  ,2.333134044181e+00  ,2.317135987657e+00  ,2.300159012714e+00  ,2.282704683101e+00  ,2.264137744592e+00  ,2.244748413559e+00  ,2.224263394059e+00  ,2.202701048329e+00  ,2.179675185520e+00  ,2.155242443774e+00  ,2.129127937783e+00  ,2.101331350412e+00  ,2.071193961449e+00  ,2.038567371025e+00  ,2.003543115966e+00  ,1.964969477321e+00  ,1.932366005195e+00  ,1.900647470484e+00  ,1.865851414818e+00  ,1.827288156045e+00  ,1.785333370178e+00  ,1.737578876980e+00  ,1.684229667334e+00  ,1.622395655598e+00  ,1.550191075346e+00  
  9.001498847469e-08  ,2.417080225633e+00  ,2.404331656933e+00  ,2.391194265619e+00  ,2.377421244964e+00  ,2.363213390066e+00  ,2.348600988983e+00  ,2.333134044181e+00  ,2.317135987657e+00  ,2.300159012714e+00  ,2.282704683101e+00  ,2.264137744592e+00  ,2.244748413559e+00  ,2.224263394059e+00  ,2.202701048329e+00  ,2.179675185520e+00  ,2.155242443774e+00  ,2.129127937783e+00  ,2.101331350412e+00  ,2.071193961449e+00  ,2.038567371025e+00  ,2.003543115966e+00  ,1.964969477321e+00  ,1.932366005195e+00  ,1.900647470484e+00  ,1.865851414818e+00  ,1.827288156045e+00  ,1.785333370178e+00  ,1.737578876980e+00  ,1.684229667334e+00  ,1.622395655598e+00  ,1.550191075346e+00  
  9.003243913143e-08  ,2.417080225633e+00  ,2.404331656933e+00  ,2.391194265619e+00  ,2.377421244964e+00  ,2.363213390066e+00  ,2.348600988983e+00  ,2.333134044181e+00  ,2.317135987657e+00  ,2.300159012714e+00  ,2.282704683101e+00  ,2.264137744592e+00  ,2.244748413559e+00  ,2.224263394059e+00  ,2.202701048329e+00  ,2.179675185520e+00  ,2.155242443774e+00  ,2.129127937783e+00  ,2.101331350412e+00  ,2.071193961449e+00  ,2.038567371025e+00  ,2.003543115966e+00  ,1.964969477321e+00  ,1.932366005195e+00  ,1.900647470484e+00  ,1.865851414818e+00  ,1.827288156045e+00  ,1.785333370178e+00  ,1.737578876980e+00  ,1.684229667334e+00  ,1.622395655598e+00  ,1.550191075346e+00  
  9.006241607680e-08  ,2.417080225633e+00  ,2.404331656933e+00  ,2.391194265619e+00  ,2.377421244964e+00  ,2.363213390066e+00  ,2.348600988983e+00  ,2.333134044181e+00  ,2.317135987657e+00  ,2.300159012714e+00  ,2.282704683101e+00  ,2.264137744592e+00  ,2.244748413559e+00  ,2.224263394059e+00  ,2.202701048329e+00  ,2.179675185520e+00  ,2.155242443774e+00  ,2.129127937783e+00  ,2.101331350412e+00  ,2.071193961449e+00  ,2.038567371025e+00  ,2.003543115966e+00  ,1.964969477321e+00  ,1.932366005195e+00  ,1.900647470484e+00  ,1.865851414818e+00  ,1.827288156045e+00  ,1.785333370178e+00  ,1.737578876980e+00  ,1.684229667334e+00  ,1.622395655598e+00  ,1.550191075346e+00  
  9.011133961580e-08  ,2.417080225633e+00  ,2.404331656933e+00  ,2.391194265619e+00  ,2.377421244964e+00  ,2.363213390066e+00  ,2.348600988983e+00  ,2.333134044181e+00  ,2.317135987657e+00  ,2.300159012714e+00  ,2.282704683101e+00  ,2.264137744592e+00  ,2.244748413559e+00  ,2.224263394059e+00  ,2.202701048329e+00  ,2.179675185520e+00  ,2.155242443774e+00  ,2.129127937783e+00  ,2.101331350412e+00  ,2.071193961449e+00  ,2.038567371025e+00  ,2.003543115966e+00  ,1.964969477321e+00  ,1.932366005195e+00  ,1.900647470484e+00  ,1.865851414818e+00  ,1.827288156045e+00  ,1.785333370178e+00  ,1.737578876980e+00  ,1.684229667334e+00  ,1.622395655598e+00  ,1.550191075346e+00  
  9.018114224276e-08  ,2.417080225633e+00  ,2.404331656933e+00  ,2.391194265619e+00  ,2.377421244964e+00  ,2.363213390066e+00  ,2.348600988983e+00  ,2.333134044181e+00  ,2.317135987657e+00  ,2.300159012714e+00  ,2.282704683101e+00  ,2.264137744592e+00  ,2.244748413559e+00  ,2.224263394059e+00  ,2.202701048329e+00  ,2.179675185520e+00  ,2.155242443774e+00  ,2.129127937783e+00  ,2.101331350412e+00  ,2.071193961449e+00  ,2.038567371025e+00  ,2.003543115966e+00  ,1.964969477321e+00  ,1.932366005195e+00  ,1.900647470484e+00  ,1.865851414818e+00  ,1.827288156045e+00  ,1.785333370178e+00  ,1.737578876980e+00  ,1.684229667334e+00  ,1.622395655598e+00  ,1.550191075346e+00  
  9.030105002424e-08  ,2.417080225633e+00  ,2.404331656933e+00  ,2.391194265619e+00  ,2.377421244964e+00  ,2.363213390066e+00  ,2.348600988983e+00  ,2.333134044181e+00  ,2.317135987657e+00  ,2.300159012714e+00  ,2.282704683101e+00  ,2.264137744592e+00  ,2.244748413559e+00  ,2.224263394059e+00  ,2.202701048329e+00  ,2.179675185520e+00  ,2.155242443774e+00  ,2.129127937783e+00  ,2.101331350412e+00  ,2.071193961449e+00  ,2.038567371025e+00  ,2.003543115966e+00  ,1.964969477321e+00  ,1.932366005195e+00  ,1.900647470484e+00  ,1.865851414818e+00  ,1.827288156045e+00  ,1.785333370178e+00  ,1.737578876980e+00  ,1.684229667334e+00  ,1.622395655598e+00  ,1.550191075346e+00  
  9.046223867885e-08  ,2.417080225633e+00  ,2.404331656933e+00  ,2.391194265619e+00  ,2.377421244964e+00  ,2.363213390066e+00  ,2.348600988983e+00  ,2.333134044181e+00  ,2.317135987657e+00  ,2.300159012714e+00  ,2.282704683101e+00  ,2.264137744592e+00  ,2.244748413559e+00  ,2.224263394059e+00  ,2.202701048329e+00  ,2.179675185520e+00  ,2.155242443774e+00  ,2.129127937783e+00  ,2.101331350412e+00  ,2.071193961449e+00  ,2.038567371025e+00  ,2.003543115966e+00  ,1.964969477321e+00  ,1.932366005195e+00  ,1.900647470484e+00  ,1.865851414818e+00  ,1.827288156045e+00  ,1.785333370178e+00  ,1.737578876980e+00  ,1.684229667334e+00  ,1.622395655598e+00  ,1.550191075346e+00  
  9.069355592332e-08  ,2.417080225633e+00  ,2.404331656933e+00  ,2.391194265619e+00  ,2.377421244964e+00  ,2.363213390066e+00  ,2.348600988983e+00  ,2.333134044181e+00  ,2.317135987657e+00  ,2.300159012714e+00  ,2.282704683101e+00  ,2.264137744592e+00  ,2.244748413559e+00  ,2.224263394059e+00  ,2.202701048329e+00  ,2.179675185520e+00  ,2.155242443774e+00  ,2.129127937783e+00  ,2.101331350412e+00  ,2.071193961449e+00  ,2.038567371025e+00  ,2.003543115966e+00  ,1.964969477321e+00  ,1.932366005195e+00  ,1.900647470484e+00  ,1.865851414818e+00  ,1.827288156045e+00  ,1.785333370178e+00  ,1.737578876980e+00  ,1.684229667334e+00  ,1.622395655598e+00  ,1.550191075346e+00  
  9.094994902811e-08  ,2.417080225633e+00  ,2.404331656933e+00  ,2.391194265619e+00  ,2.377421244964e+00  ,2.363213390066e+00  ,2.348600988983e+00  ,2.333134044181e+00  ,2.317135987657e+00  ,2.300159012714e+00  ,2.282704683101e+00  ,2.264137744592e+00  ,2.244748413559e+00  ,2.224263394059e+00  ,2.202701048329e+00  ,2.179675185520e+00  ,2.155242443774e+00  ,2.129127937783e+00  ,2.101331350412e+00  ,2.071193961449e+00  ,2.038567371025e+00  ,2.003543115966e+00  ,1.964969477321e+00  ,1.932366005195e+00  ,1.900647470484e+00  ,1.865851414818e+00  ,1.827288156045e+00  ,1.785333370178e+00  ,1.737578876980e+00  ,1.684229667334e+00  ,1.622395655598e+00  ,1.550191075346e+00  
  9.125104561648e-08  ,2.417080225633e+00  ,2.404331656933e+00  ,2.391194265619e+00  ,2.377421244964e+00  ,2.363213390066e+00  ,2.348600988983e+00  ,2.333134044181e+00  ,2.317135987657e+00  ,2.300159012714e+00  ,2.282704683101e+00  ,2.264137744592e+00  ,2.244748413559e+00  ,2.224263394059e+00  ,2.202701048329e+00  ,2.179675185520e+00  ,2.155242443774e+00  ,2.129127937783e+00  ,2.101331350412e+00  ,2.071193961449e+00  ,2.038567371025e+00  ,2.003543115966e+00  ,1.964969477321e+00  ,1.932366005195e+00  ,1.900647470484e+00  ,1.865851414818e+00  ,1.827288156045e+00  ,1.785333370178e+00  ,1.737578876980e+00  ,1.684229667334e+00  ,1.622395655598e+00  ,1.550191075346e+00  
  9.161821954152e-08  ,2.417080225633e+00  ,2.404331656933e+00  ,2.391194265619e+00  ,2.377421244964e+00  ,2.363213390066e+00  ,2.348600988983e+00  ,2.333134044181e+00  ,2.317135987657e+00  ,2.300159012714e+00  ,2.282704683101e+00  ,2.264137744592e+00  ,2.244748413559e+00  ,2.224263394059e+00  ,2.202701048329e+00  ,2.179675185520e+00  ,2.155242443774e+00  ,2.129127937783e+00  ,2.101331350412e+00  ,2.071193961449e+00  ,2.038567371025e+00  ,2.003543115966e+00  ,1.964969477321e+00  ,1.932366005195e+00  ,1.900647470484e+00  ,1.865851414818e+00  ,1.827288156045e+00  ,1.785333370178e+00  ,1.737578876980e+00  ,1.684229667334e+00  ,1.622395655598e+00  ,1.550191075346e+00  
  9.211442820928e-08  ,2.417080225633e+00  ,2.404331656933e+00  ,2.391194265619e+00  ,2.377421244964e+00  ,2.363213390066e+00  ,2.348600988983e+00  ,2.333134044181e+00  ,2.317135987657e+00  ,2.300159012714e+00  ,2.282704683101e+00  ,2.264137744592e+00  ,2.244748413559e+00  ,2.224263394059e+00  ,2.202701048329e+00  ,2.179675185520e+00  ,2.155242443774e+00  ,2.129127937783e+00  ,2.101331350412e+00  ,2.071193961449e+00  ,2.038567371025e+00  ,2.003543115966e+00  ,1.964969477321e+00  ,1.932366005195e+00  ,1.900647470484e+00  ,1.865851414818e+00  ,1.827288156045e+00  ,1.785333370178e+00  ,1.737578876980e+00  ,1.684229667334e+00  ,1.622395655598e+00  ,1.550191075346e+00  
  9.279103405974e-08  ,2.417080225633e+00  ,2.404331656933e+00  ,2.391194265619e+00  ,2.377421244964e+00  ,2.363213390066e+00  ,2.348600988983e+00  ,2.333134044181e+00  ,2.317135987657e+00  ,2.300159012714e+00  ,2.282704683101e+00  ,2.264137744592e+00  ,2.244748413559e+00  ,2.224263394059e+00  ,2.202701048329e+00  ,2.179675185520e+00  ,2.155242443774e+00  ,2.129127937783e+00  ,2.101331350412e+00  ,2.071193961449e+00  ,2.038567371025e+00  ,2.003543115966e+00  ,1.964969477321e+00  ,1.932366005195e+00  ,1.900647470484e+00  ,1.865851414818e+00  ,1.827288156045e+00  ,1.785333370178e+00  ,1.737578876980e+00  ,1.684229667334e+00  ,1.622395655598e+00  ,1.550191075346e+00  
  9.356691889665e-08  ,2.417080225633e+00  ,2.404331656933e+00  ,2.391194265619e+00  ,2.377421244964e+00  ,2.363213390066e+00  ,2.348600988983e+00  ,2.333134044181e+00  ,2.317135987657e+00  ,2.300159012714e+00  ,2.282704683101e+00  ,2.264137744592e+00  ,2.244748413559e+00  ,2.224263394059e+00  ,2.202701048329e+00  ,2.179675185520e+00  ,2.155242443774e+00  ,2.129127937783e+00  ,2.101331350412e+00  ,2.071193961449e+00  ,2.038567371025e+00  ,2.003543115966e+00  ,1.964969477321e+00  ,1.932366005195e+00  ,1.900647470484e+00  ,1.865851414818e+00  ,1.827288156045e+00  ,1.785333370178e+00  ,1.737578876980e+00  ,1.684229667334e+00  ,1.622395655598e+00  ,1.550191075346e+00  
  9.456697307727e-08  ,2.417080225633e+00  ,2.404331656933e+00  ,2.391194265619e+00  ,2.377421244964e+00  ,2.363213390066e+00  ,2.348600988983e+00  ,2.333134044181e+00  ,2.317135987657e+00  ,2.300159012714e+00  ,2.282704683101e+00  ,2.264137744592e+00  ,2.244748413559e+00  ,2.224263394059e+00  ,2.202701048329e+00  ,2.179675185520e+00  ,2.155242443774e+00  ,2.129127937783e+00  ,2.101331350412e+00  ,2.071193961449e+00  ,2.038567371025e+00  ,2.003543115966e+00  ,1.964969477321e+00  ,1.932366005195e+00  ,1.900647470484e+00  ,1.865851414818e+00  ,1.827288156045e+00  ,1.785333370178e+00  ,1.737578876980e+00  ,1.684229667334e+00  ,1.622395655598e+00  ,1.550191075346e+00  
  9.556702725789e-08  ,2.417080225633e+00  ,2.404331656933e+00  ,2.391194265619e+00  ,2.377421244964e+00  ,2.363213390066e+00  ,2.348600988983e+00  ,2.333134044181e+00  ,2.317135987657e+00  ,2.300159012714e+00  ,2.282704683101e+00  ,2.264137744592e+00  ,2.244748413559e+00  ,2.224263394059e+00  ,2.202701048329e+00  ,2.179675185520e+00  ,2.155242443774e+00  ,2.129127937783e+00  ,2.101331350412e+00  ,2.071193961449e+00  ,2.038567371025e+00  ,2.003543115966e+00  ,1.964969477321e+00  ,1.932366005195e+00  ,1.900647470484e+00  ,1.865851414818e+00  ,1.827288156045e+00  ,1.785333370178e+00  ,1.737578876980e+00  ,1.684229667334e+00  ,1.622395655598e+00  ,1.550191075346e+00  
  9.656708143851e-08  ,2.417080225633e+00  ,2.404331656933e+00  ,2.391194265619e+00  ,2.377421244964e+00  ,2.363213390066e+00  ,2.348600988983e+00  ,2.333134044181e+00  ,2.317135987657e+00  ,2.300159012714e+00  ,2.282704683101e+00  ,2.264137744592e+00  ,2.244748413559e+00  ,2.224263394059e+00  ,2.202701048329e+00  ,2.179675185520e+00  ,2.155242443774e+00  ,2.129127937783e+00  ,2.101331350412e+00  ,2.071193961449e+00  ,2.038567371025e+00  ,2.003543115966e+00  ,1.964969477321e+00  ,1.932366005195e+00  ,1.900647470484e+00  ,1.865851414818e+00  ,1.827288156045e+00  ,1.785333370178e+00  ,1.737578876980e+00  ,1.684229667334e+00  ,1.622395655598e+00  ,1.550191075346e+00  
  9.756713561914e-08  ,2.417080225633e+00  ,2.404331656933e+00  ,2.391194265619e+00  ,2.377421244964e+00  ,2.363213390066e+00  ,2.348600988983e+00  ,2.333134044181e+00  ,2.317135987657e+00  ,2.300159012714e+00  ,2.282704683101e+00  ,2.264137744592e+00  ,2.244748413559e+00  ,2.224263394059e+00  ,2.202701048329e+00  ,2.179675185520e+00  ,2.155242443774e+00  ,2.129127937783e+00  ,2.101331350412e+00  ,2.071193961449e+00  ,2.038567371025e+00  ,2.003543115966e+00  ,1.964969477321e+00  ,1.932366005195e+00  ,1.900647470484e+00  ,1.865851414818e+00  ,1.827288156045e+00  ,1.785333370178e+00  ,1.737578876980e+00  ,1.684229667334e+00  ,1.622395655598e+00  ,1.550191075346e+00  
  9.856718979976e-08  ,2.417080225633e+00  ,2.404331656933e+00  ,2.391194265619e+00  ,2.377421244964e+00  ,2.363213390066e+00  ,2.348600988983e+00  ,2.333134044181e+00  ,2.317135987657e+00  ,2.300159012714e+00  ,2.282704683101e+00  ,2.264137744592e+00  ,2.244748413559e+00  ,2.224263394059e+00  ,2.202701048329e+00  ,2.179675185520e+00  ,2.155242443774e+00  ,2.129127937783e+00  ,2.101331350412e+00  ,2.071193961449e+00  ,2.038567371025e+00  ,2.003543115966e+00  ,1.964969477321e+00  ,1.932366005195e+00  ,1.900647470484e+00  ,1.865851414818e+00  ,1.827288156045e+00  ,1.785333370178e+00  ,1.737578876980e+00  ,1.684229667334e+00  ,1.622395655598e+00  ,1.550191075346e+00  
  9.956724398038e-08  ,2.417080225633e+00  ,2.404331656933e+00  ,2.391194265619e+00  ,2.377421244964e+00  ,2.363213390066e+00  ,2.348600988983e+00  ,2.333134044181e+00  ,2.317135987657e+00  ,2.300159012714e+00  ,2.282704683101e+00  ,2.264137744592e+00  ,2.244748413559e+00  ,2.224263394059e+00  ,2.202701048329e+00  ,2.179675185520e+00  ,2.155242443774e+00  ,2.129127937783e+00  ,2.101331350412e+00  ,2.071193961449e+00  ,2.038567371025e+00  ,2.003543115966e+00  ,1.964969477321e+00  ,1.932366005195e+00  ,1.900647470484e+00  ,1.865851414818e+00  ,1.827288156045e+00  ,1.785333370178e+00  ,1.737578876980e+00  ,1.684229667334e+00  ,1.622395655598e+00  ,1.550191075346e+00  
  1.005672981610e-07  ,2.417080225633e+00  ,2.404331656933e+00  ,2.391194265619e+00  ,2.377421244964e+00  ,2.363213390066e+00  ,2.348600988983e+00  ,2.333134044181e+00  ,2.317135987657e+00  ,2.300159012714e+00  ,2.282704683101e+00  ,2.264137744592e+00  ,2.244748413559e+00  ,2.224263394059e+00  ,2.202701048329e+00  ,2.179675185520e+00  ,2.155242443774e+00  ,2.129127937783e+00  ,2.101331350412e+00  ,2.071193961449e+00  ,2.038567371025e+00  ,2.003543115966e+00  ,1.964969477321e+00  ,1.932366005195e+00  ,1.900647470484e+00  ,1.865851414818e+00  ,1.827288156045e+00  ,1.785333370178e+00  ,1.737578876980e+00  ,1.684229667334e+00  ,1.622395655598e+00  ,1.550191075346e+00  
  1.015673523416e-07  ,2.417080225633e+00  ,2.404331656933e+00  ,2.391194265619e+00  ,2.377421244964e+00  ,2.363213390066e+00  ,2.348600988983e+00  ,2.333134044181e+00  ,2.317135987657e+00  ,2.300159012714e+00  ,2.282704683101e+00  ,2.264137744592e+00  ,2.244748413559e+00  ,2.224263394059e+00  ,2.202701048329e+00  ,2.179675185520e+00  ,2.155242443774e+00  ,2.129127937783e+00  ,2.101331350412e+00  ,2.071193961449e+00  ,2.038567371025e+00  ,2.003543115966e+00  ,1.964969477321e+00  ,1.932366005195e+00  ,1.900647470484e+00  ,1.865851414818e+00  ,1.827288156045e+00  ,1.785333370178e+00  ,1.737578876980e+00  ,1.684229667334e+00  ,1.622395655598e+00  ,1.550191075346e+00  
  1.025674065222e-07  ,2.417080225633e+00  ,2.404331656933e+00  ,2.391194265619e+00  ,2.377421244964e+00  ,2.363213390066e+00  ,2.348600988983e+00  ,2.333134044181e+00  ,2.317135987657e+00  ,2.300159012714e+00  ,2.282704683101e+00  ,2.264137744592e+00  ,2.244748413559e+00  ,2.224263394059e+00  ,2.202701048329e+00  ,2.179675185520e+00  ,2.155242443774e+00  ,2.129127937783e+00  ,2.101331350412e+00  ,2.071193961449e+00  ,2.038567371025e+00  ,2.003543115966e+00  ,1.964969477321e+00  ,1.932366005195e+00  ,1.900647470484e+00  ,1.865851414818e+00  ,1.827288156045e+00  ,1.785333370178e+00  ,1.737578876980e+00  ,1.684229667334e+00  ,1.622395655598e+00  ,1.550191075346e+00  
  1.035674607029e-07  ,2.417080225633e+00  ,2.404331656933e+00  ,2.391194265619e+00  ,2.377421244964e+00  ,2.363213390066e+00  ,2.348600988983e+00  ,2.333134044181e+00  ,2.317135987657e+00  ,2.300159012714e+00  ,2.282704683101e+00  ,2.264137744592e+00  ,2.244748413559e+00  ,2.224263394059e+00  ,2.202701048329e+00  ,2.179675185520e+00  ,2.155242443774e+00  ,2.129127937783e+00  ,2.101331350412e+00  ,2.071193961449e+00  ,2.038567371025e+00  ,2.003543115966e+00  ,1.964969477321e+00  ,1.932366005195e+00  ,1.900647470484e+00  ,1.865851414818e+00  ,1.827288156045e+00  ,1.785333370178e+00  ,1.737578876980e+00  ,1.684229667334e+00  ,1.622395655598e+00  ,1.550191075346e+00  
  1.045675148835e-07  ,2.417080225633e+00  ,2.404331656933e+00  ,2.391194265619e+00  ,2.377421244964e+00  ,2.363213390066e+00  ,2.348600988983e+00  ,2.333134044181e+00  ,2.317135987657e+00  ,2.300159012714e+00  ,2.282704683101e+00  ,2.264137744592e+00  ,2.244748413559e+00  ,2.224263394059e+00  ,2.202701048329e+00  ,2.179675185520e+00  ,2.155242443774e+00  ,2.129127937783e+00  ,2.101331350412e+00  ,2.071193961449e+00  ,2.038567371025e+00  ,2.003543115966e+00  ,1.964969477321e+00  ,1.932366005195e+00  ,1.900647470484e+00  ,1.865851414818e+00  ,1.827288156045e+00  ,1.785333370178e+00  ,1.737578876980e+00  ,1.684229667334e+00  ,1.622395655598e+00  ,1.550191075346e+00  
  1.055675690641e-07  ,2.417080225633e+00  ,2.404331656933e+00  ,2.391194265619e+00  ,2.377421244964e+00  ,2.363213390066e+00  ,2.348600988983e+00  ,2.333134044181e+00  ,2.317135987657e+00  ,2.300159012714e+00  ,2.282704683101e+00  ,2.264137744592e+00  ,2.244748413559e+00  ,2.224263394059e+00  ,2.202701048329e+00  ,2.179675185520e+00  ,2.155242443774e+00  ,2.129127937783e+00  ,2.101331350412e+00  ,2.071193961449e+00  ,2.038567371025e+00  ,2.003543115966e+00  ,1.964969477321e+00  ,1.932366005195e+00  ,1.900647470484e+00  ,1.865851414818e+00  ,1.827288156045e+00  ,1.785333370178e+00  ,1.737578876980e+00  ,1.684229667334e+00  ,1.622395655598e+00  ,1.550191075346e+00  
  1.065676232447e-07  ,2.417080225633e+00  ,2.404331656933e+00  ,2.391194265619e+00  ,2.377421244964e+00  ,2.363213390066e+00  ,2.348600988983e+00  ,2.333134044181e+00  ,2.317135987657e+00  ,2.300159012714e+00  ,2.282704683101e+00  ,2.264137744592e+00  ,2.244748413559e+00  ,2.224263394059e+00  ,2.202701048329e+00  ,2.179675185520e+00  ,2.155242443774e+00  ,2.129127937783e+00  ,2.101331350412e+00  ,2.071193961449e+00  ,2.038567371025e+00  ,2.003543115966e+00  ,1.964969477321e+00  ,1.932366005195e+00  ,1.900647470484e+00  ,1.865851414818e+00  ,1.827288156045e+00  ,1.785333370178e+00  ,1.737578876980e+00  ,1.684229667334e+00  ,1.622395655598e+00  ,1.550191075346e+00  
  1.075676774254e-07  ,2.417080225633e+00  ,2.404331656933e+00  ,2.391194265619e+00  ,2.377421244964e+00  ,2.363213390066e+00  ,2.348600988983e+00  ,2.333134044181e+00  ,2.317135987657e+00  ,2.300159012714e+00  ,2.282704683101e+00  ,2.264137744592e+00  ,2.244748413559e+00  ,2.224263394059e+00  ,2.202701048329e+00  ,2.179675185520e+00  ,2.155242443774e+00  ,2.129127937783e+00  ,2.101331350412e+00  ,2.071193961449e+00  ,2.038567371025e+00  ,2.003543115966e+00  ,1.964969477321e+00  ,1.932366005195e+00  ,1.900647470484e+00  ,1.865851414818e+00  ,1.827288156045e+00  ,1.785333370178e+00  ,1.737578876980e+00  ,1.684229667334e+00  ,1.622395655598e+00  ,1.550191075346e+00  
  1.085677316060e-07  ,2.417080225633e+00  ,2.404331656933e+00  ,2.391194265619e+00  ,2.377421244964e+00  ,2.363213390066e+00  ,2.348600988983e+00  ,2.333134044181e+00  ,2.317135987657e+00  ,2.300159012714e+00  ,2.282704683101e+00  ,2.264137744592e+00  ,2.244748413559e+00  ,2.224263394059e+00  ,2.202701048329e+00  ,2.179675185520e+00  ,2.155242443774e+00  ,2.129127937783e+00  ,2.101331350412e+00  ,2.071193961449e+00  ,2.038567371025e+00  ,2.003543115966e+00  ,1.964969477321e+00  ,1.932366005195e+00  ,1.900647470484e+00  ,1.865851414818e+00  ,1.827288156045e+00  ,1.785333370178e+00  ,1.737578876980e+00  ,1.684229667334e+00  ,1.622395655598e+00  ,1.550191075346e+00  
  1.095677857866e-07  ,2.417080225633e+00  ,2.404331656933e+00  ,2.391194265619e+00  ,2.377421244964e+00  ,2.363213390066e+00  ,2.348600988983e+00  ,2.333134044181e+00  ,2.317135987657e+00  ,2.300159012714e+00  ,2.282704683101e+00  ,2.264137744592e+00  ,2.244748413559e+00  ,2.224263394059e+00  ,2.202701048329e+00  ,2.179675185520e+00  ,2.155242443774e+00  ,2.129127937783e+00  ,2.101331350412e+00  ,2.071193961449e+00  ,2.038567371025e+00  ,2.003543115966e+00  ,1.964969477321e+00  ,1.932366005195e+00  ,1.900647470484e+00  ,1.865851414818e+00  ,1.827288156045e+00  ,1.785333370178e+00  ,1.737578876980e+00  ,1.684229667334e+00  ,1.622395655598e+00  ,1.550191075346e+00  
  1.105678399672e-07  ,2.417080225633e+00  ,2.404331656933e+00  ,2.391194265619e+00  ,2.377421244964e+00  ,2.363213390066e+00  ,2.348600988983e+00  ,2.333134044181e+00  ,2.317135987657e+00  ,2.300159012714e+00  ,2.282704683101e+00  ,2.264137744592e+00  ,2.244748413559e+00  ,2.224263394059e+00  ,2.202701048329e+00  ,2.179675185520e+00  ,2.155242443774e+00  ,2.129127937783e+00  ,2.101331350412e+00  ,2.071193961449e+00  ,2.038567371025e+00  ,2.003543115966e+00  ,1.964969477321e+00  ,1.932366005195e+00  ,1.900647470484e+00  ,1.865851414818e+00  ,1.827288156045e+00  ,1.785333370178e+00  ,1.737578876980e+00  ,1.684229667334e+00  ,1.622395655598e+00  ,1.550191075346e+00  
  1.115678941478e-07  ,2.417080225633e+00  ,2.404331656933e+00  ,2.391194265619e+00  ,2.377421244964e+00  ,2.363213390066e+00  ,2.348600988983e+00  ,2.333134044181e+00  ,2.317135987657e+00  ,2.300159012714e+00  ,2.282704683101e+00  ,2.264137744592e+00  ,2.244748413559e+00  ,2.224263394059e+00  ,2.202701048329e+00  ,2.179675185520e+00  ,2.155242443774e+00  ,2.129127937783e+00  ,2.101331350412e+00  ,2.071193961449e+00  ,2.038567371025e+00  ,2.003543115966e+00  ,1.964969477321e+00  ,1.932366005195e+00  ,1.900647470484e+00  ,1.865851414818e+00  ,1.827288156045e+00  ,1.785333370178e+00  ,1.737578876980e+00  ,1.684229667334e+00  ,1.622395655598e+00  ,1.550191075346e+00  
  1.125679483285e-07  ,2.417080225633e+00  ,2.404331656933e+00  ,2.391194265619e+00  ,2.377421244964e+00  ,2.363213390066e+00  ,2.348600988983e+00  ,2.333134044181e+00  ,2.317135987657e+00  ,2.300159012714e+00  ,2.282704683101e+00  ,2.264137744592e+00  ,2.244748413559e+00  ,2.224263394059e+00  ,2.202701048329e+00  ,2.179675185520e+00  ,2.155242443774e+00  ,2.129127937783e+00  ,2.101331350412e+00  ,2.071193961449e+00  ,2.038567371025e+00  ,2.003543115966e+00  ,1.964969477321e+00  ,1.932366005195e+00  ,1.900647470484e+00  ,1.865851414818e+00  ,1.827288156045e+00  ,1.785333370178e+00  ,1.737578876980e+00  ,1.684229667334e+00  ,1.622395655598e+00  ,1.550191075346e+00  
  1.135680025091e-07  ,2.417080225633e+00  ,2.404331656933e+00  ,2.391194265619e+00  ,2.377421244964e+00  ,2.363213390066e+00  ,2.348600988983e+00  ,2.333134044181e+00  ,2.317135987657e+00  ,2.300159012714e+00  ,2.282704683101e+00  ,2.264137744592e+00  ,2.244748413559e+00  ,2.224263394059e+00  ,2.202701048329e+00  ,2.179675185520e+00  ,2.155242443774e+00  ,2.129127937783e+00  ,2.101331350412e+00  ,2.071193961449e+00  ,2.038567371025e+00  ,2.003543115966e+00  ,1.964969477321e+00  ,1.932366005195e+00  ,1.900647470484e+00  ,1.865851414818e+00  ,1.827288156045e+00  ,1.785333370178e+00  ,1.737578876980e+00  ,1.684229667334e+00  ,1.622395655598e+00  ,1.550191075346e+00  
  1.145680566897e-07  ,2.417080225633e+00  ,2.404331656933e+00  ,2.391194265619e+00  ,2.377421244964e+00  ,2.363213390066e+00  ,2.348600988983e+00  ,2.333134044181e+00  ,2.317135987657e+00  ,2.300159012714e+00  ,2.282704683101e+00  ,2.264137744592e+00  ,2.244748413559e+00  ,2.224263394059e+00  ,2.202701048329e+00  ,2.179675185520e+00  ,2.155242443774e+00  ,2.129127937783e+00  ,2.101331350412e+00  ,2.071193961449e+00  ,2.038567371025e+00  ,2.003543115966e+00  ,1.964969477321e+00  ,1.932366005195e+00  ,1.900647470484e+00  ,1.865851414818e+00  ,1.827288156045e+00  ,1.785333370178e+00  ,1.737578876980e+00  ,1.684229667334e+00  ,1.622395655598e+00  ,1.550191075346e+00  
  1.155681108703e-07  ,2.417080225633e+00  ,2.404331656933e+00  ,2.391194265619e+00  ,2.377421244964e+00  ,2.363213390066e+00  ,2.348600988983e+00  ,2.333134044181e+00  ,2.317135987657e+00  ,2.300159012714e+00  ,2.282704683101e+00  ,2.264137744592e+00  ,2.244748413559e+00  ,2.224263394059e+00  ,2.202701048329e+00  ,2.179675185520e+00  ,2.155242443774e+00  ,2.129127937783e+00  ,2.101331350412e+00  ,2.071193961449e+00  ,2.038567371025e+00  ,2.003543115966e+00  ,1.964969477321e+00  ,1.932366005195e+00  ,1.900647470484e+00  ,1.865851414818e+00  ,1.827288156045e+00  ,1.785333370178e+00  ,1.737578876980e+00  ,1.684229667334e+00  ,1.622395655598e+00  ,1.550191075346e+00  
  1.165681650510e-07  ,2.417080225633e+00  ,2.404331656933e+00  ,2.391194265619e+00  ,2.377421244964e+00  ,2.363213390066e+00  ,2.348600988983e+00  ,2.333134044181e+00  ,2.317135987657e+00  ,2.300159012714e+00  ,2.282704683101e+00  ,2.264137744592e+00  ,2.244748413559e+00  ,2.224263394059e+00  ,2.202701048329e+00  ,2.179675185520e+00  ,2.155242443774e+00  ,2.129127937783e+00  ,2.101331350412e+00  ,2.071193961449e+00  ,2.038567371025e+00  ,2.003543115966e+00  ,1.964969477321e+00  ,1.932366005195e+00  ,1.900647470484e+00  ,1.865851414818e+00  ,1.827288156045e+00  ,1.785333370178e+00  ,1.737578876980e+00  ,1.684229667334e+00  ,1.622395655598e+00  ,1.550191075346e+00  
  1.175682192316e-07  ,2.417080225633e+00  ,2.404331656933e+00  ,2.391194265619e+00  ,2.377421244964e+00  ,2.363213390066e+00  ,2.348600988983e+00  ,2.333134044181e+00  ,2.317135987657e+00  ,2.300159012714e+00  ,2.282704683101e+00  ,2.264137744592e+00  ,2.244748413559e+00  ,2.224263394059e+00  ,2.202701048329e+00  ,2.179675185520e+00  ,2.155242443774e+00  ,2.129127937783e+00  ,2.101331350412e+00  ,2.071193961449e+00  ,2.038567371025e+00  ,2.003543115966e+00  ,1.964969477321e+00  ,1.932366005195e+00  ,1.900647470484e+00  ,1.865851414818e+00  ,1.827288156045e+00  ,1.785333370178e+00  ,1.737578876980e+00  ,1.684229667334e+00  ,1.622395655598e+00  ,1.550191075346e+00  
  1.185682734122e-07  ,2.417080225633e+00  ,2.404331656933e+00  ,2.391194265619e+00  ,2.377421244964e+00  ,2.363213390066e+00  ,2.348600988983e+00  ,2.333134044181e+00  ,2.317135987657e+00  ,2.300159012714e+00  ,2.282704683101e+00  ,2.264137744592e+00  ,2.244748413559e+00  ,2.224263394059e+00  ,2.202701048329e+00  ,2.179675185520e+00  ,2.155242443774e+00  ,2.129127937783e+00  ,2.101331350412e+00  ,2.071193961449e+00  ,2.038567371025e+00  ,2.003543115966e+00  ,1.964969477321e+00  ,1.932366005195e+00  ,1.900647470484e+00  ,1.865851414818e+00  ,1.827288156045e+00  ,1.785333370178e+00  ,1.737578876980e+00  ,1.684229667334e+00  ,1.622395655598e+00  ,1.550191075346e+00  
  1.195683275928e-07  ,2.417080225633e+00  ,2.404331656933e+00  ,2.391194265619e+00  ,2.377421244964e+00  ,2.363213390066e+00  ,2.348600988983e+00  ,2.333134044181e+00  ,2.317135987657e+00  ,2.300159012714e+00  ,2.282704683101e+00  ,2.264137744592e+00  ,2.244748413559e+00  ,2.224263394059e+00  ,2.202701048329e+00  ,2.179675185520e+00  ,2.155242443774e+00  ,2.129127937783e+00  ,2.101331350412e+00  ,2.071193961449e+00  ,2.038567371025e+00  ,2.003543115966e+00  ,1.964969477321e+00  ,1.932366005195e+00  ,1.900647470484e+00  ,1.865851414818e+00  ,1.827288156045e+00  ,1.785333370178e+00  ,1.737578876980e+00  ,1.684229667334e+00  ,1.622395655598e+00  ,1.550191075346e+00  
  1.205683817734e-07  ,2.417080225633e+00  ,2.404331656933e+00  ,2.391194265619e+00  ,2.377421244964e+00  ,2.363213390066e+00  ,2.348600988983e+00  ,2.333134044181e+00  ,2.317135987657e+00  ,2.300159012714e+00  ,2.282704683101e+00  ,2.264137744592e+00  ,2.244748413559e+00  ,2.224263394059e+00  ,2.202701048329e+00  ,2.179675185520e+00  ,2.155242443774e+00  ,2.129127937783e+00  ,2.101331350412e+00  ,2.071193961449e+00  ,2.038567371025e+00  ,2.003543115966e+00  ,1.964969477321e+00  ,1.932366005195e+00  ,1.900647470484e+00  ,1.865851414818e+00  ,1.827288156045e+00  ,1.785333370178e+00  ,1.737578876980e+00  ,1.684229667334e+00  ,1.622395655598e+00  ,1.550191075346e+00  
  1.215684359541e-07  ,2.417080225633e+00  ,2.404331656933e+00  ,2.391194265619e+00  ,2.377421244964e+00  ,2.363213390066e+00  ,2.348600988983e+00  ,2.333134044181e+00  ,2.317135987657e+00  ,2.300159012714e+00  ,2.282704683101e+00  ,2.264137744592e+00  ,2.244748413559e+00  ,2.224263394059e+00  ,2.202701048329e+00  ,2.179675185520e+00  ,2.155242443774e+00  ,2.129127937783e+00  ,2.101331350412e+00  ,2.071193961449e+00  ,2.038567371025e+00  ,2.003543115966e+00  ,1.964969477321e+00  ,1.932366005195e+00  ,1.900647470484e+00  ,1.865851414818e+00  ,1.827288156045e+00  ,1.785333370178e+00  ,1.737578876980e+00  ,1.684229667334e+00  ,1.622395655598e+00  ,1.550191075346e+00  
  1.225684901347e-07  ,2.417080225633e+00  ,2.404331656933e+00  ,2.391194265619e+00  ,2.377421244964e+00  ,2.363213390066e+00  ,2.348600988983e+00  ,2.333134044181e+00  ,2.317135987657e+00  ,2.300159012714e+00  ,2.282704683101e+00  ,2.264137744592e+00  ,2.244748413559e+00  ,2.224263394059e+00  ,2.202701048329e+00  ,2.179675185520e+00  ,2.155242443774e+00  ,2.129127937783e+00  ,2.101331350412e+00  ,2.071193961449e+00  ,2.038567371025e+00  ,2.003543115966e+00  ,1.964969477321e+00  ,1.932366005195e+00  ,1.900647470484e+00  ,1.865851414818e+00  ,1.827288156045e+00  ,1.785333370178e+00  ,1.737578876980e+00  ,1.684229667334e+00  ,1.622395655598e+00  ,1.550191075346e+00  
  1.235685443153e-07  ,2.417080225633e+00  ,2.404331656933e+00  ,2.391194265619e+00  ,2.377421244964e+00  ,2.363213390066e+00  ,2.348600988983e+00  ,2.333134044181e+00  ,2.317135987657e+00  ,2.300159012714e+00  ,2.282704683101e+00  ,2.264137744592e+00  ,2.244748413559e+00  ,2.224263394059e+00  ,2.202701048329e+00  ,2.179675185520e+00  ,2.155242443774e+00  ,2.129127937783e+00  ,2.101331350412e+00  ,2.071193961449e+00  ,2.038567371025e+00  ,2.003543115966e+00  ,1.964969477321e+00  ,1.932366005195e+00  ,1.900647470484e+00  ,1.865851414818e+00  ,1.827288156045e+00  ,1.785333370178e+00  ,1.737578876980e+00  ,1.684229667334e+00  ,1.622395655598e+00  ,1.550191075346e+00  
  1.245467356985e-07  ,2.417080225633e+00  ,2.404331656933e+00  ,2.391194265619e+00  ,2.377421244964e+00  ,2.363213390066e+00  ,2.348600988983e+00  ,2.333134044181e+00  ,2.317135987657e+00  ,2.300159012714e+00  ,2.282704683101e+00  ,2.264137744592e+00  ,2.244748413559e+00  ,2.224263394059e+00  ,2.202701048329e+00  ,2.179675185520e+00  ,2.155242443774e+00  ,2.129127937783e+00  ,2.101331350412e+00  ,2.071193961449e+00  ,2.038567371025e+00  ,2.003543115966e+00  ,1.964969477321e+00  ,1.932366005195e+00  ,1.900647470484e+00  ,1.865851414818e+00  ,1.827288156045e+00  ,1.785333370178e+00  ,1.737578876980e+00  ,1.684229667334e+00  ,1.622395655598e+00  ,1.550191075346e+00  
  1.250217102115e-07  ,2.417080225633e+00  ,2.404331656933e+00  ,2.391194265619e+00  ,2.377421244964e+00  ,2.363213390066e+00  ,2.348600988983e+00  ,2.333134044181e+00  ,2.317135987657e+00  ,2.300159012714e+00  ,2.282704683101e+00  ,2.264137744592e+00  ,2.244748413559e+00  ,2.224263394059e+00  ,2.202701048329e+00  ,2.179675185520e+00  ,2.155242443774e+00  ,2.129127937783e+00  ,2.101331350412e+00  ,2.071193961449e+00  ,2.038567371025e+00  ,2.003543115966e+00  ,1.964969477321e+00  ,1.932366005195e+00  ,1.900647470484e+00  ,1.865851414818e+00  ,1.827288156045e+00  ,1.785333370178e+00  ,1.737578876980e+00  ,1.684229667334e+00  ,1.622395655598e+00  ,1.550191075346e+00  
  1.254336807524e-07  ,2.417080225633e+00  ,2.404331656933e+00  ,2.391194265619e+00  ,2.377421244964e+00  ,2.363213390066e+00  ,2.348600988983e+00  ,2.333134044181e+00  ,2.317135987657e+00  ,2.300159012714e+00  ,2.282704683101e+00  ,2.264137744592e+00  ,2.244748413559e+00  ,2.224263394059e+00  ,2.202701048329e+00  ,2.179675185520e+00  ,2.155242443774e+00  ,2.129127937783e+00  ,2.101331350412e+00  ,2.071193961449e+00  ,2.038567371025e+00  ,2.003543115966e+00  ,1.964969477321e+00  ,1.932366005195e+00  ,1.900647470484e+00  ,1.865851414818e+00  ,1.827288156045e+00  ,1.785333370178e+00  ,1.737578876980e+00  ,1.684229667334e+00  ,1.622395655598e+00  ,1.550191075346e+00  
  1.258843943124e-07  ,2.417080225633e+00  ,2.404331656933e+00  ,2.391194265619e+00  ,2.377421244964e+00  ,2.363213390066e+00  ,2.348600988983e+00  ,2.333134044181e+00  ,2.317135987657e+00  ,2.300159012714e+00  ,2.282704683101e+00  ,2.264137744592e+00  ,2.244748413559e+00  ,2.224263394059e+00  ,2.202701048329e+00  ,2.179675185520e+00  ,2.155242443774e+00  ,2.129127937783e+00  ,2.101331350412e+00  ,2.071193961449e+00  ,2.038567371025e+00  ,2.003543115966e+00  ,1.964969477321e+00  ,1.932366005195e+00  ,1.900647470484e+00  ,1.865851414818e+00  ,1.827288156045e+00  ,1.785333370178e+00  ,1.737578876980e+00  ,1.684229667334e+00  ,1.622395655598e+00  ,1.550191075346e+00  
  1.263232335096e-07  ,2.417080225633e+00  ,2.404331656933e+00  ,2.391194265619e+00  ,2.377421244964e+00  ,2.363213390066e+00  ,2.348600988983e+00  ,2.333134044181e+00  ,2.317135987657e+00  ,2.300159012714e+00  ,2.282704683101e+00  ,2.264137744592e+00  ,2.244748413559e+00  ,2.224263394059e+00  ,2.202701048329e+00  ,2.179675185520e+00  ,2.155242443774e+00  ,2.129127937783e+00  ,2.101331350412e+00  ,2.071193961449e+00  ,2.038567371025e+00  ,2.003543115966e+00  ,1.964969477321e+00  ,1.932366005195e+00  ,1.900647470484e+00  ,1.865851414818e+00  ,1.827288156045e+00  ,1.785333370178e+00  ,1.737578876980e+00  ,1.684229667334e+00  ,1.622395655598e+00  ,1.550191075346e+00  
  1.269424698894e-07  ,2.417080225633e+00  ,2.404331656933e+00  ,2.391194265619e+00  ,2.377421244964e+00  ,2.363213390066e+00  ,2.348600988983e+00  ,2.333134044181e+00  ,2.317135987657e+00  ,2.300159012714e+00  ,2.282704683101e+00  ,2.264137744592e+00  ,2.244748413559e+00  ,2.224263394059e+00  ,2.202701048329e+00  ,2.179675185520e+00  ,2.155242443774e+00  ,2.129127937783e+00  ,2.101331350412e+00  ,2.071193961449e+00  ,2.038567371025e+00  ,2.003543115966e+00  ,1.964969477321e+00  ,1.932366005195e+00  ,1.900647470484e+00  ,1.865851414818e+00  ,1.827288156045e+00  ,1.785333370178e+00  ,1.737578876980e+00  ,1.684229667334e+00  ,1.622395655598e+00  ,1.550191075346e+00  
  1.276204727238e-07  ,2.417080225633e+00  ,2.404331656933e+00  ,2.391194265619e+00  ,2.377421244964e+00  ,2.363213390066e+00  ,2.348600988983e+00  ,2.333134044181e+00  ,2.317135987657e+00  ,2.300159012714e+00  ,2.282704683101e+00  ,2.264137744592e+00  ,2.244748413559e+00  ,2.224263394059e+00  ,2.202701048329e+00  ,2.179675185520e+00  ,2.155242443774e+00  ,2.129127937783e+00  ,2.101331350412e+00  ,2.071193961449e+00  ,2.038567371025e+00  ,2.003543115966e+00  ,1.964969477321e+00  ,1.932366005195e+00  ,1.900647470484e+00  ,1.865851414818e+00  ,1.827288156045e+00  ,1.785333370178e+00  ,1.737578876980e+00  ,1.684229667334e+00  ,1.622395655598e+00  ,1.550191075346e+00  
  1.283354490643e-07  ,2.417080225633e+00  ,2.404331656933e+00  ,2.391194265619e+00  ,2.377421244964e+00  ,2.363213390066e+00  ,2.348600988983e+00  ,2.333134044181e+00  ,2.317135987657e+00  ,2.300159012714e+00  ,2.282704683101e+00  ,2.264137744592e+00  ,2.244748413559e+00  ,2.224263394059e+00  ,2.202701048329e+00  ,2.179675185520e+00  ,2.155242443774e+00  ,2.129127937783e+00  ,2.101331350412e+00  ,2.071193961449e+00  ,2.038567371025e+00  ,2.003543115966e+00  ,1.964969477321e+00  ,1.932366005195e+00  ,1.900647470484e+00  ,1.865851414818e+00  ,1.827288156045e+00  ,1.785333370178e+00  ,1.737578876980e+00  ,1.684229667334e+00  ,1.622395655598e+00  ,1.550191075346e+00  
  1.291790410524e-07  ,2.417080225633e+00  ,2.404331656933e+00  ,2.391194265619e+00  ,2.377421244964e+00  ,2.363213390066e+00  ,2.348600988983e+00  ,2.333134044181e+00  ,2.317135987657e+00  ,2.300159012714e+00  ,2.282704683101e+00  ,2.264137744592e+00  ,2.244748413559e+00  ,2.224263394059e+00  ,2.202701048329e+00  ,2.179675185520e+00  ,2.155242443774e+00  ,2.129127937783e+00  ,2.101331350412e+00  ,2.071193961449e+00  ,2.038567371025e+00  ,2.003543115966e+00  ,1.964969477321e+00  ,1.932366005195e+00  ,1.900647470484e+00  ,1.865851414818e+00  ,1.827288156045e+00  ,1.785333370178e+00  ,1.737578876980e+00  ,1.684229667334e+00  ,1.622395655598e+00  ,1.550191075346e+00  
  1.301790952330e-07  ,2.417080225633e+00  ,2.404331656933e+00  ,2.391194265619e+00  ,2.377421244964e+00  ,2.363213390066e+00  ,2.348600988983e+00  ,2.333134044181e+00  ,2.317135987657e+00  ,2.300159012714e+00  ,2.282704683101e+00  ,2.264137744592e+00  ,2.244748413559e+00  ,2.224263394059e+00  ,2.202701048329e+00  ,2.179675185520e+00  ,2.155242443774e+00  ,2.129127937783e+00  ,2.101331350412e+00  ,2.071193961449e+00  ,2.038567371025e+00  ,2.003543115966e+00  ,1.964969477321e+00  ,1.932366005195e+00  ,1.900647470484e+00  ,1.865851414818e+00  ,1.827288156045e+00  ,1.785333370178e+00  ,1.737578876980e+00  ,1.684229667334e+00  ,1.622395655598e+00  ,1.550191075346e+00  
  1.311791494136e-07  ,2.417080225633e+00  ,2.404331656933e+00  ,2.391194265619e+00  ,2.377421244964e+00  ,2.363213390066e+00  ,2.348600988983e+00  ,2.333134044181e+00  ,2.317135987657e+00  ,2.300159012714e+00  ,2.282704683101e+00  ,2.264137744592e+00  ,2.244748413559e+00  ,2.224263394059e+00  ,2.202701048329e+00  ,2.179675185520e+00  ,2.155242443774e+00  ,2.129127937783e+00  ,2.101331350412e+00  ,2.071193961449e+00  ,2.038567371025e+00  ,2.003543115966e+00  ,1.964969477321e+00  ,1.932366005195e+00  ,1.900647470484e+00  ,1.865851414818e+00  ,1.827288156045e+00  ,1.785333370178e+00  ,1.737578876980e+00  ,1.684229667334e+00  ,1.622395655598e+00  ,1.550191075346e+00  
  1.321792035942e-07  ,2.417080225633e+00  ,2.404331656933e+00  ,2.391194265619e+00  ,2.377421244964e+00  ,2.363213390066e+00  ,2.348600988983e+00  ,2.333134044181e+00  ,2.317135987657e+00  ,2.300159012714e+00  ,2.282704683101e+00  ,2.264137744592e+00  ,2.244748413559e+00  ,2.224263394059e+00  ,2.202701048329e+00  ,2.179675185520e+00  ,2.155242443774e+00  ,2.129127937783e+00  ,2.101331350412e+00  ,2.071193961449e+00  ,2.038567371025e+00  ,2.003543115966e+00  ,1.964969477321e+00  ,1.932366005195e+00  ,1.900647470484e+00  ,1.865851414818e+00  ,1.827288156045e+00  ,1.785333370178e+00  ,1.737578876980e+00  ,1.684229667334e+00  ,1.622395655598e+00  ,1.550191075346e+00  
  1.331792577749e-07  ,2.417080225633e+00  ,2.404331656933e+00  ,2.391194265619e+00  ,2.377421244964e+00  ,2.363213390066e+00  ,2.348600988983e+00  ,2.333134044181e+00  ,2.317135987657e+00  ,2.300159012714e+00  ,2.282704683101e+00  ,2.264137744592e+00  ,2.244748413559e+00  ,2.224263394059e+00  ,2.202701048329e+00  ,2.179675185520e+00  ,2.155242443774e+00  ,2.129127937783e+00  ,2.101331350412e+00  ,2.071193961449e+00  ,2.038567371025e+00  ,2.003543115966e+00  ,1.964969477321e+00  ,1.932366005195e+00  ,1.900647470484e+00  ,1.865851414818e+00  ,1.827288156045e+00  ,1.785333370178e+00  ,1.737578876980e+00  ,1.684229667334e+00  ,1.622395655598e+00  ,1.550191075346e+00  
  1.341793119555e-07  ,2.417080225633e+00  ,2.404331656933e+00  ,2.391194265619e+00  ,2.377421244964e+00  ,2.363213390066e+00  ,2.348600988983e+00  ,2.333134044181e+00  ,2.317135987657e+00  ,2.300159012714e+00  ,2.282704683101e+00  ,2.264137744592e+00  ,2.244748413559e+00  ,2.224263394059e+00  ,2.202701048329e+00  ,2.179675185520e+00  ,2.155242443774e+00  ,2.129127937783e+00  ,2.101331350412e+00  ,2.071193961449e+00  ,2.038567371025e+00  ,2.003543115966e+00  ,1.964969477321e+00  ,1.932366005195e+00  ,1.900647470484e+00  ,1.865851414818e+00  ,1.827288156045e+00  ,1.785333370178e+00  ,1.737578876980e+00  ,1.684229667334e+00  ,1.622395655598e+00  ,1.550191075346e+00  
  1.351793661361e-07  ,2.417080225633e+00  ,2.404331656933e+00  ,2.391194265619e+00  ,2.377421244964e+00  ,2.363213390066e+00  ,2.348600988983e+00  ,2.333134044181e+00  ,2.317135987657e+00  ,2.300159012714e+00  ,2.282704683101e+00  ,2.264137744592e+00  ,2.244748413559e+00  ,2.224263394059e+00  ,2.202701048329e+00  ,2.179675185520e+00  ,2.155242443774e+00  ,2.129127937783e+00  ,2.101331350412e+00  ,2.071193961449e+00  ,2.038567371025e+00  ,2.003543115966e+00  ,1.964969477321e+00  ,1.932366005195e+00  ,1.900647470484e+00  ,1.865851414818e+00  ,1.827288156045e+00  ,1.785333370178e+00  ,1.737578876980e+00  ,1.684229667334e+00  ,1.622395655598e+00  ,1.550191075346e+00  
  1.361794203167e-07  ,2.417080225633e+00  ,2.404331656933e+00  ,2.391194265619e+00  ,2.377421244964e+00  ,2.363213390066e+00  ,2.348600988983e+00  ,2.333134044181e+00  ,2.317135987657e+00  ,2.300159012714e+00  ,2.282704683101e+00  ,2.264137744592e+00  ,2.244748413559e+00  ,2.224263394059e+00  ,2.202701048329e+00  ,2.179675185520e+00  ,2.155242443774e+00  ,2.129127937783e+00  ,2.101331350412e+00  ,2.071193961449e+00  ,2.038567371025e+00  ,2.003543115966e+00  ,1.964969477321e+00  ,1.932366005195e+00  ,1.900647470484e+00  ,1.865851414818e+00  ,1.827288156045e+00  ,1.785333370178e+00  ,1.737578876980e+00  ,1.684229667334e+00  ,1.622395655598e+00  ,1.550191075346e+00  
  1.371794744974e-07  ,2.417080225633e+00  ,2.404331656933e+00  ,2.391194265619e+00  ,2.377421244964e+00  ,2.363213390066e+00  ,2.348600988983e+00  ,2.333134044181e+00  ,2.317135987657e+00  ,2.300159012714e+00  ,2.282704683101e+00  ,2.264137744592e+00  ,2.244748413559e+00  ,2.224263394059e+00  ,2.202701048329e+00  ,2.179675185520e+00  ,2.155242443774e+00  ,2.129127937783e+00  ,2.101331350412e+00  ,2.071193961449e+00  ,2.038567371025e+00  ,2.003543115966e+00  ,1.964969477321e+00  ,1.932366005195e+00  ,1.900647470484e+00  ,1.865851414818e+00  ,1.827288156045e+00  ,1.785333370178e+00  ,1.737578876980e+00  ,1.684229667334e+00  ,1.622395655598e+00  ,1.550191075346e+00  
  1.381795286780e-07  ,2.417080225633e+00  ,2.404331656933e+00  ,2.391194265619e+00  ,2.377421244964e+00  ,2.363213390066e+00  ,2.348600988983e+00  ,2.333134044181e+00  ,2.317135987657e+00  ,2.300159012714e+00  ,2.282704683101e+00  ,2.264137744592e+00  ,2.244748413559e+00  ,2.224263394059e+00  ,2.202701048329e+00  ,2.179675185520e+00  ,2.155242443774e+00  ,2.129127937783e+00  ,2.101331350412e+00  ,2.071193961449e+00  ,2.038567371025e+00  ,2.003543115966e+00  ,1.964969477321e+00  ,1.932366005195e+00  ,1.900647470484e+00  ,1.865851414818e+00  ,1.827288156045e+00  ,1.785333370178e+00  ,1.737578876980e+00  ,1.684229667334e+00  ,1.622395655598e+00  ,1.550191075346e+00  
  1.391795828586e-07  ,2.417080225633e+00  ,2.404331656933e+00  ,2.391194265619e+00  ,2.377421244964e+00  ,2.363213390066e+00  ,2.348600988983e+00  ,2.333134044181e+00  ,2.317135987657e+00  ,2.300159012714e+00  ,2.282704683101e+00  ,2.264137744592e+00  ,2.244748413559e+00  ,2.224263394059e+00  ,2.202701048329e+00  ,2.179675185520e+00  ,2.155242443774e+00  ,2.129127937783e+00  ,2.101331350412e+00  ,2.071193961449e+00  ,2.038567371025e+00  ,2.003543115966e+00  ,1.964969477321e+00  ,1.932366005195e+00  ,1.900647470484e+00  ,1.865851414818e+00  ,1.827288156045e+00  ,1.785333370178e+00  ,1.737578876980e+00  ,1.684229667334e+00  ,1.622395655598e+00  ,1.550191075346e+00  
  1.401796370392e-07  ,2.417080225633e+00  ,2.404331656933e+00  ,2.391194265619e+00  ,2.377421244964e+00  ,2.363213390066e+00  ,2.348600988983e+00  ,2.333134044181e+00  ,2.317135987657e+00  ,2.300159012714e+00  ,2.282704683101e+00  ,2.264137744592e+00  ,2.244748413559e+00  ,2.224263394059e+00  ,2.202701048329e+00  ,2.179675185520e+00  ,2.155242443774e+00  ,2.129127937783e+00  ,2.101331350412e+00  ,2.071193961449e+00  ,2.038567371025e+00  ,2.003543115966e+00  ,1.964969477321e+00  ,1.932366005195e+00  ,1.900647470484e+00  ,1.865851414818e+00  ,1.827288156045e+00  ,1.785333370178e+00  ,1.737578876980e+00  ,1.684229667334e+00  ,1.622395655598e+00  ,1.550191075346e+00  
  1.411796912198e-07  ,2.417080225633e+00  ,2.404331656933e+00  ,2.391194265619e+00  ,2.377421244964e+00  ,2.363213390066e+00  ,2.348600988983e+00  ,2.333134044181e+00  ,2.317135987657e+00  ,2.300159012714e+00  ,2.282704683101e+00  ,2.264137744592e+00  ,2.244748413559e+00  ,2.224263394059e+00  ,2.202701048329e+00  ,2.179675185520e+00  ,2.155242443774e+00  ,2.129127937783e+00  ,2.101331350412e+00  ,2.071193961449e+00  ,2.038567371025e+00  ,2.003543115966e+00  ,1.964969477321e+00  ,1.932366005195e+00  ,1.900647470484e+00  ,1.865851414818e+00  ,1.827288156045e+00  ,1.785333370178e+00  ,1.737578876980e+00  ,1.684229667334e+00  ,1.622395655598e+00  ,1.550191075346e+00  
  1.421797454005e-07  ,2.417080225633e+00  ,2.404331656933e+00  ,2.391194265619e+00  ,2.377421244964e+00  ,2.363213390066e+00  ,2.348600988983e+00  ,2.333134044181e+00  ,2.317135987657e+00  ,2.300159012714e+00  ,2.282704683101e+00  ,2.264137744592e+00  ,2.244748413559e+00  ,2.224263394059e+00  ,2.202701048329e+00  ,2.179675185520e+00  ,2.155242443774e+00  ,2.129127937783e+00  ,2.101331350412e+00  ,2.071193961449e+00  ,2.038567371025e+00  ,2.003543115966e+00  ,1.964969477321e+00  ,1.932366005195e+00  ,1.900647470484e+00  ,1.865851414818e+00  ,1.827288156045e+00  ,1.785333370178e+00  ,1.737578876980e+00  ,1.684229667334e+00  ,1.622395655598e+00  ,1.550191075346e+00  
  1.431797995811e-07  ,2.417080225633e+00  ,2.404331656933e+00  ,2.391194265619e+00  ,2.377421244964e+00  ,2.363213390066e+00  ,2.348600988983e+00  ,2.333134044181e+00  ,2.317135987657e+00  ,2.300159012714e+00  ,2.282704683101e+00  ,2.264137744592e+00  ,2.244748413559e+00  ,2.224263394059e+00  ,2.202701048329e+00  ,2.179675185520e+00  ,2.155242443774e+00  ,2.129127937783e+00  ,2.101331350412e+00  ,2.071193961449e+00  ,2.038567371025e+00  ,2.003543115966e+00  ,1.964969477321e+00  ,1.932366005195e+00  ,1.900647470484e+00  ,1.865851414818e+00  ,1.827288156045e+00  ,1.785333370178e+00  ,1.737578876980e+00  ,1.684229667334e+00  ,1.622395655598e+00  ,1.550191075346e+00  
  1.441798537617e-07  ,2.417080225633e+00  ,2.404331656933e+00  ,2.391194265619e+00  ,2.377421244964e+00  ,2.363213390066e+00  ,2.348600988983e+00  ,2.333134044181e+00  ,2.317135987657e+00  ,2.300159012714e+00  ,2.282704683101e+00  ,2.264137744592e+00  ,2.244748413559e+00  ,2.224263394059e+00  ,2.202701048329e+00  ,2.179675185520e+00  ,2.155242443774e+00  ,2.129127937783e+00  ,2.101331350412e+00  ,2.071193961449e+00  ,2.038567371025e+00  ,2.003543115966e+00  ,1.964969477321e+00  ,1.932366005195e+00  ,1.900647470484e+00  ,1.865851414818e+00  ,1.827288156045e+00  ,1.785333370178e+00  ,1.737578876980e+00  ,1.684229667334e+00  ,1.622395655598e+00  ,1.550191075346e+00  
  1.451799079423e-07  ,2.417080225633e+00  ,2.404331656933e+00  ,2.391194265619e+00  ,2.377421244964e+00  ,2.363213390066e+00  ,2.348600988983e+00  ,2.333134044181e+00  ,2.317135987657e+00  ,2.300159012714e+00  ,2.282704683101e+00  ,2.264137744592e+00  ,2.244748413559e+00  ,2.224263394059e+00  ,2.202701048329e+00  ,2.179675185520e+00  ,2.155242443774e+00  ,2.129127937783e+00  ,2.101331350412e+00  ,2.071193961449e+00  ,2.038567371025e+00  ,2.003543115966e+00  ,1.964969477321e+00  ,1.932366005195e+00  ,1.900647470484e+00  ,1.865851414818e+00  ,1.827288156045e+00  ,1.785333370178e+00  ,1.737578876980e+00  ,1.684229667334e+00  ,1.622395655598e+00  ,1.550191075346e+00  
  1.461799621230e-07  ,2.417080225633e+00  ,2.404331656933e+00  ,2.391194265619e+00  ,2.377421244964e+00  ,2.363213390066e+00  ,2.348600988983e+00  ,2.333134044181e+00  ,2.317135987657e+00  ,2.300159012714e+00  ,2.282704683101e+00  ,2.264137744592e+00  ,2.244748413559e+00  ,2.224263394059e+00  ,2.202701048329e+00  ,2.179675185520e+00  ,2.155242443774e+00  ,2.129127937783e+00  ,2.101331350412e+00  ,2.071193961449e+00  ,2.038567371025e+00  ,2.003543115966e+00  ,1.964969477321e+00  ,1.932366005195e+00  ,1.900647470484e+00  ,1.865851414818e+00  ,1.827288156045e+00  ,1.785333370178e+00  ,1.737578876980e+00  ,1.684229667334e+00  ,1.622395655598e+00  ,1.550191075346e+00  
  1.471800163036e-07  ,2.417080225633e+00  ,2.404331656933e+00  ,2.391194265619e+00  ,2.377421244964e+00  ,2.363213390066e+00  ,2.348600988983e+00  ,2.333134044181e+00  ,2.317135987657e+00  ,2.300159012714e+00  ,2.282704683101e+00  ,2.264137744592e+00  ,2.244748413559e+00  ,2.224263394059e+00  ,2.202701048329e+00  ,2.179675185520e+00  ,2.155242443774e+00  ,2.129127937783e+00  ,2.101331350412e+00  ,2.071193961449e+00  ,2.038567371025e+00  ,2.003543115966e+00  ,1.964969477321e+00  ,1.932366005195e+00  ,1.900647470484e+00  ,1.865851414818e+00  ,1.827288156045e+00  ,1.785333370178e+00  ,1.737578876980e+00  ,1.684229667334e+00  ,1.622395655598e+00  ,1.550191075346e+00  
  1.481800704842e-07  ,2.417080225633e+00  ,2.404331656933e+00  ,2.391194265619e+00  ,2.377421244964e+00  ,2.363213390066e+00  ,2.348600988983e+00  ,2.333134044181e+00  ,2.317135987657e+00  ,2.300159012714e+00  ,2.282704683101e+00  ,2.264137744592e+00  ,2.244748413559e+00  ,2.224263394059e+00  ,2.202701048329e+00  ,2.179675185520e+00  ,2.155242443774e+00  ,2.129127937783e+00  ,2.101331350412e+00  ,2.071193961449e+00  ,2.038567371025e+00  ,2.003543115966e+00  ,1.964969477321e+00  ,1.932366005195e+00  ,1.900647470484e+00  ,1.865851414818e+00  ,1.827288156045e+00  ,1.785333370178e+00  ,1.737578876980e+00  ,1.684229667334e+00  ,1.622395655598e+00  ,1.550191075346e+00  
  1.491801246648e-07  ,2.417080225633e+00  ,2.404331656933e+00  ,2.391194265619e+00  ,2.377421244964e+00  ,2.363213390066e+00  ,2.348600988983e+00  ,2.333134044181e+00  ,2.317135987657e+00  ,2.300159012714e+00  ,2.282704683101e+00  ,2.264137744592e+00  ,2.244748413559e+00  ,2.224263394059e+00  ,2.202701048329e+00  ,2.179675185520e+00  ,2.155242443774e+00  ,2.129127937783e+00  ,2.101331350412e+00  ,2.071193961449e+00  ,2.038567371025e+00  ,2.003543115966e+00  ,1.964969477321e+00  ,1.932366005195e+00  ,1.900647470484e+00  ,1.865851414818e+00  ,1.827288156045e+00  ,1.785333370178e+00  ,1.737578876980e+00  ,1.684229667334e+00  ,1.622395655598e+00  ,1.550191075346e+00  
  1.501801788454e-07  ,2.417080225633e+00  ,2.404331656933e+00  ,2.391194265619e+00  ,2.377421244964e+00  ,2.363213390066e+00  ,2.348600988983e+00  ,2.333134044181e+00  ,2.317135987657e+00  ,2.300159012714e+00  ,2.282704683101e+00  ,2.264137744592e+00  ,2.244748413559e+00  ,2.224263394059e+00  ,2.202701048329e+00  ,2.179675185520e+00  ,2.155242443774e+00  ,2.129127937783e+00  ,2.101331350412e+00  ,2.071193961449e+00  ,2.038567371025e+00  ,2.003543115966e+00  ,1.964969477321e+00  ,1.932366005195e+00  ,1.900647470484e+00  ,1.865851414818e+00  ,1.827288156045e+00  ,1.785333370178e+00  ,1.737578876980e+00  ,1.684229667334e+00  ,1.622395655598e+00  ,1.550191075346e+00  
  1.511802330261e-07  ,2.417080225633e+00  ,2.404331656933e+00  ,2.391194265619e+00  ,2.377421244964e+00  ,2.363213390066e+00  ,2.348600988983e+00  ,2.333134044181e+00  ,2.317135987657e+00  ,2.300159012714e+00  ,2.282704683101e+00  ,2.264137744592e+00  ,2.244748413559e+00  ,2.224263394059e+00  ,2.202701048329e+00  ,2.179675185520e+00  ,2.155242443774e+00  ,2.129127937783e+00  ,2.101331350412e+00  ,2.071193961449e+00  ,2.038567371025e+00  ,2.003543115966e+00  ,1.964969477321e+00  ,1.932366005195e+00  ,1.900647470484e+00  ,1.865851414818e+00  ,1.827288156045e+00  ,1.785333370178e+00  ,1.737578876980e+00  ,1.684229667334e+00  ,1.622395655598e+00  ,1.550191075346e+00  
  1.521802872067e-07  ,2.417080225633e+00  ,2.404331656933e+00  ,2.391194265619e+00  ,2.377421244964e+00  ,2.363213390066e+00  ,2.348600988983e+00  ,2.333134044181e+00  ,2.317135987657e+00  ,2.300159012714e+00  ,2.282704683101e+00  ,2.264137744592e+00  ,2.244748413559e+00  ,2.224263394059e+00  ,2.202701048329e+00  ,2.179675185520e+00  ,2.155242443774e+00  ,2.129127937783e+00  ,2.101331350412e+00  ,2.071193961449e+00  ,2.038567371025e+00  ,2.003543115966e+00  ,1.964969477321e+00  ,1.932366005195e+00  ,1.900647470484e+00  ,1.865851414818e+00  ,1.827288156045e+00  ,1.785333370178e+00  ,1.737578876980e+00  ,1.684229667334e+00  ,1.622395655598e+00  ,1.550191075346e+00  
  1.531803413873e-07  ,2.417080225633e+00  ,2.404331656933e+00  ,2.391194265619e+00  ,2.377421244964e+00  ,2.363213390066e+00  ,2.348600988983e+00  ,2.333134044181e+00  ,2.317135987657e+00  ,2.300159012714e+00  ,2.282704683101e+00  ,2.264137744592e+00  ,2.244748413559e+00  ,2.224263394059e+00  ,2.202701048329e+00  ,2.179675185520e+00  ,2.155242443774e+00  ,2.129127937783e+00  ,2.101331350412e+00  ,2.071193961449e+00  ,2.038567371025e+00  ,2.003543115966e+00  ,1.964969477321e+00  ,1.932366005195e+00  ,1.900647470484e+00  ,1.865851414818e+00  ,1.827288156045e+00  ,1.785333370178e+00  ,1.737578876980e+00  ,1.684229667334e+00  ,1.622395655598e+00  ,1.550191075346e+00  
  1.541803955679e-07  ,2.417080225633e+00  ,2.404331656933e+00  ,2.391194265619e+00  ,2.377421244964e+00  ,2.363213390066e+00  ,2.348600988983e+00  ,2.333134044181e+00  ,2.317135987657e+00  ,2.300159012714e+00  ,2.282704683101e+00  ,2.264137744592e+00  ,2.244748413559e+00  ,2.224263394059e+00  ,2.202701048329e+00  ,2.179675185520e+00  ,2.155242443774e+00  ,2.129127937783e+00  ,2.101331350412e+00  ,2.071193961449e+00  ,2.038567371025e+00  ,2.003543115966e+00  ,1.964969477321e+00  ,1.932366005195e+00  ,1.900647470484e+00  ,1.865851414818e+00  ,1.827288156045e+00  ,1.785333370178e+00  ,1.737578876980e+00  ,1.684229667334e+00  ,1.622395655598e+00  ,1.550191075346e+00  
  1.551804497485e-07  ,2.417080225633e+00  ,2.404331656933e+00  ,2.391194265619e+00  ,2.377421244964e+00  ,2.363213390066e+00  ,2.348600988983e+00  ,2.333134044181e+00  ,2.317135987657e+00  ,2.300159012714e+00  ,2.282704683101e+00  ,2.264137744592e+00  ,2.244748413559e+00  ,2.224263394059e+00  ,2.202701048329e+00  ,2.179675185520e+00  ,2.155242443774e+00  ,2.129127937783e+00  ,2.101331350412e+00  ,2.071193961449e+00  ,2.038567371025e+00  ,2.003543115966e+00  ,1.964969477321e+00  ,1.932366005195e+00  ,1.900647470484e+00  ,1.865851414818e+00  ,1.827288156045e+00  ,1.785333370178e+00  ,1.737578876980e+00  ,1.684229667334e+00  ,1.622395655598e+00  ,1.550191075346e+00  
  1.561805039292e-07  ,2.417080225633e+00  ,2.404331656933e+00  ,2.391194265619e+00  ,2.377421244964e+00  ,2.363213390066e+00  ,2.348600988983e+00  ,2.333134044181e+00  ,2.317135987657e+00  ,2.300159012714e+00  ,2.282704683101e+00  ,2.264137744592e+00  ,2.244748413559e+00  ,2.224263394059e+00  ,2.202701048329e+00  ,2.179675185520e+00  ,2.155242443774e+00  ,2.129127937783e+00  ,2.101331350412e+00  ,2.071193961449e+00  ,2.038567371025e+00  ,2.003543115966e+00  ,1.964969477321e+00  ,1.932366005195e+00  ,1.900647470484e+00  ,1.865851414818e+00  ,1.827288156045e+00  ,1.785333370178e+00  ,1.737578876980e+00  ,1.684229667334e+00  ,1.622395655598e+00  ,1.550191075346e+00  
  1.571805581098e-07  ,2.417080225633e+00  ,2.404331656933e+00  ,2.391194265619e+00  ,2.377421244964e+00  ,2.363213390066e+00  ,2.348600988983e+00  ,2.333134044181e+00  ,2.317135987657e+00  ,2.300159012714e+00  ,2.282704683101e+00  ,2.264137744592e+00  ,2.244748413559e+00  ,2.224263394059e+00  ,2.202701048329e+00  ,2.179675185520e+00  ,2.155242443774e+00  ,2.129127937783e+00  ,2.101331350412e+00  ,2.071193961449e+00  ,2.038567371025e+00  ,2.003543115966e+00  ,1.964969477321e+00  ,1.932366005195e+00  ,1.900647470484e+00  ,1.865851414818e+00  ,1.827288156045e+00  ,1.785333370178e+00  ,1.737578876980e+00  ,1.684229667334e+00  ,1.622395655598e+00  ,1.550191075346e+00  
  1.581806122904e-07  ,2.417080225633e+00  ,2.404331656933e+00  ,2.391194265619e+00  ,2.377421244964e+00  ,2.363213390066e+00  ,2.348600988983e+00  ,2.333134044181e+00  ,2.317135987657e+00  ,2.300159012714e+00  ,2.282704683101e+00  ,2.264137744592e+00  ,2.244748413559e+00  ,2.224263394059e+00  ,2.202701048329e+00  ,2.179675185520e+00  ,2.155242443774e+00  ,2.129127937783e+00  ,2.101331350412e+00  ,2.071193961449e+00  ,2.038567371025e+00  ,2.003543115966e+00  ,1.964969477321e+00  ,1.932366005195e+00  ,1.900647470484e+00  ,1.865851414818e+00  ,1.827288156045e+00  ,1.785333370178e+00  ,1.737578876980e+00  ,1.684229667334e+00  ,1.622395655598e+00  ,1.550191075346e+00  
  1.591806664710e-07  ,2.417080225633e+00  ,2.404331656933e+00  ,2.391194265619e+00  ,2.377421244964e+00  ,2.363213390066e+00  ,2.348600988983e+00  ,2.333134044181e+00  ,2.317135987657e+00  ,2.300159012714e+00  ,2.282704683101e+00  ,2.264137744592e+00  ,2.244748413559e+00  ,2.224263394059e+00  ,2.202701048329e+00  ,2.179675185520e+00  ,2.155242443774e+00  ,2.129127937783e+00  ,2.101331350412e+00  ,2.071193961449e+00  ,2.038567371025e+00  ,2.003543115966e+00  ,1.964969477321e+00  ,1.932366005195e+00  ,1.900647470484e+00  ,1.865851414818e+00  ,1.827288156045e+00  ,1.785333370178e+00  ,1.737578876980e+00  ,1.684229667334e+00  ,1.622395655598e+00  ,1.550191075346e+00  
  1.601807206517e-07  ,2.417080225633e+00  ,2.404331656933e+00  ,2.391194265619e+00  ,2.377421244964e+00  ,2.363213390066e+00  ,2.348600988983e+00  ,2.333134044181e+00  ,2.317135987657e+00  ,2.300159012714e+00  ,2.282704683101e+00  ,2.264137744592e+00  ,2.244748413559e+00  ,2.224263394059e+00  ,2.202701048329e+00  ,2.179675185520e+00  ,2.155242443774e+00  ,2.129127937783e+00  ,2.101331350412e+00  ,2.071193961449e+00  ,2.038567371025e+00  ,2.003543115966e+00  ,1.964969477321e+00  ,1.932366005195e+00  ,1.900647470484e+00  ,1.865851414818e+00  ,1.827288156045e+00  ,1.785333370178e+00  ,1.737578876980e+00  ,1.684229667334e+00  ,1.622395655598e+00  ,1.550191075346e+00  
  1.611807748323e-07  ,2.417080225633e+00  ,2.404331656933e+00  ,2.391194265619e+00  ,2.377421244964e+00  ,2.363213390066e+00  ,2.348600988983e+00  ,2.333134044181e+00  ,2.317135987657e+00  ,2.300159012714e+00  ,2.282704683101e+00  ,2.264137744592e+00  ,2.244748413559e+00  ,2.224263394059e+00  ,2.202701048329e+00  ,2.179675185520e+00  ,2.155242443774e+00  ,2.129127937783e+00  ,2.101331350412e+00  ,2.071193961449e+00  ,2.038567371025e+00  ,2.003543115966e+00  ,1.964969477321e+00  ,1.932366005195e+00  ,1.900647470484e+00  ,1.865851414818e+00  ,1.827288156045e+00  ,1.785333370178e+00  ,1.737578876980e+00  ,1.684229667334e+00  ,1.622395655598e+00  ,1.550191075346e+00  
  1.621808290129e-07  ,2.417080225633e+00  ,2.404331656933e+00  ,2.391194265619e+00  ,2.377421244964e+00  ,2.363213390066e+00  ,2.348600988983e+00  ,2.333134044181e+00  ,2.317135987657e+00  ,2.300159012714e+00  ,2.282704683101e+00  ,2.264137744592e+00  ,2.244748413559e+00  ,2.224263394059e+00  ,2.202701048329e+00  ,2.179675185520e+00  ,2.155242443774e+00  ,2.129127937783e+00  ,2.101331350412e+00  ,2.071193961449e+00  ,2.038567371025e+00  ,2.003543115966e+00  ,1.964969477321e+00  ,1.932366005195e+00  ,1.900647470484e+00  ,1.865851414818e+00  ,1.827288156045e+00  ,1.785333370178e+00  ,1.737578876980e+00  ,1.684229667334e+00  ,1.622395655598e+00  ,1.550191075346e+00  
  1.631808831935e-07  ,2.417080225633e+00  ,2.404331656933e+00  ,2.391194265619e+00  ,2.377421244964e+00  ,2.363213390066e+00  ,2.348600988983e+00  ,2.333134044181e+00  ,2.317135987657e+00  ,2.300159012714e+00  ,2.282704683101e+00  ,2.264137744592e+00  ,2.244748413559e+00  ,2.224263394059e+00  ,2.202701048329e+00  ,2.179675185520e+00  ,2.155242443774e+00  ,2.129127937783e+00  ,2.101331350412e+00  ,2.071193961449e+00  ,2.038567371025e+00  ,2.003543115966e+00  ,1.964969477321e+00  ,1.932366005195e+00  ,1.900647470484e+00  ,1.865851414818e+00  ,1.827288156045e+00  ,1.785333370178e+00  ,1.737578876980e+00  ,1.684229667334e+00  ,1.622395655598e+00  ,1.550191075346e+00  
  1.641809373741e-07  ,2.417080225633e+00  ,2.404331656933e+00  ,2.391194265619e+00  ,2.377421244964e+00  ,2.363213390066e+00  ,2.348600988983e+00  ,2.333134044181e+00  ,2.317135987657e+00  ,2.300159012714e+00  ,2.282704683101e+00  ,2.264137744592e+00  ,2.244748413559e+00  ,2.224263394059e+00  ,2.202701048329e+00  ,2.179675185520e+00  ,2.155242443774e+00  ,2.129127937783e+00  ,2.101331350412e+00  ,2.071193961449e+00  ,2.038567371025e+00  ,2.003543115966e+00  ,1.964969477321e+00  ,1.932366005195e+00  ,1.900647470484e+00  ,1.865851414818e+00  ,1.827288156045e+00  ,1.785333370178e+00  ,1.737578876980e+00  ,1.684229667334e+00  ,1.622395655598e+00  ,1.550191075346e+00  
  1.651809915548e-07  ,2.417080225633e+00  ,2.404331656933e+00  ,2.391194265619e+00  ,2.377421244964e+00  ,2.363213390066e+00  ,2.348600988983e+00  ,2.333134044181e+00  ,2.317135987657e+00  ,2.300159012714e+00  ,2.282704683101e+00  ,2.264137744592e+00  ,2.244748413559e+00  ,2.224263394059e+00  ,2.202701048329e+00  ,2.179675185520e+00  ,2.155242443774e+00  ,2.129127937783e+00  ,2.101331350412e+00  ,2.071193961449e+00  ,2.038567371025e+00  ,2.003543115966e+00  ,1.964969477321e+00  ,1.932366005195e+00  ,1.900647470484e+00  ,1.865851414818e+00  ,1.827288156045e+00  ,1.785333370178e+00  ,1.737578876980e+00  ,1.684229667334e+00  ,1.622395655598e+00  ,1.550191075346e+00  
  1.661810457354e-07  ,2.417080225633e+00  ,2.404331656933e+00  ,2.391194265619e+00  ,2.377421244964e+00  ,2.363213390066e+00  ,2.348600988983e+00  ,2.333134044181e+00  ,2.317135987657e+00  ,2.300159012714e+00  ,2.282704683101e+00  ,2.264137744592e+00  ,2.244748413559e+00  ,2.224263394059e+00  ,2.202701048329e+00  ,2.179675185520e+00  ,2.155242443774e+00  ,2.129127937783e+00  ,2.101331350412e+00  ,2.071193961449e+00  ,2.038567371025e+00  ,2.003543115966e+00  ,1.964969477321e+00  ,1.932366005195e+00  ,1.900647470484e+00  ,1.865851414818e+00  ,1.827288156045e+00  ,1.785333370178e+00  ,1.737578876980e+00  ,1.684229667334e+00  ,1.622395655598e+00  ,1.550191075346e+00  
  1.671810999160e-07  ,2.417080225633e+00  ,2.404331656933e+00  ,2.391194265619e+00  ,2.377421244964e+00  ,2.363213390066e+00  ,2.348600988983e+00  ,2.333134044181e+00  ,2.317135987657e+00  ,2.300159012714e+00  ,2.282704683101e+00  ,2.264137744592e+00  ,2.244748413559e+00  ,2.224263394059e+00  ,2.202701048329e+00  ,2.179675185520e+00  ,2.155242443774e+00  ,2.129127937783e+00  ,2.101331350412e+00  ,2.071193961449e+00  ,2.038567371025e+00  ,2.003543115966e+00  ,1.964969477321e+00  ,1.932366005195e+00  ,1.900647470484e+00  ,1.865851414818e+00  ,1.827288156045e+00  ,1.785333370178e+00  ,1.737578876980e+00  ,1.684229667334e+00  ,1.622395655598e+00  ,1.550191075346e+00  
  1.681811540966e-07  ,2.417080225633e+00  ,2.404331656933e+00  ,2.391194265619e+00  ,2.377421244964e+00  ,2.363213390066e+00  ,2.348600988983e+00  ,2.333134044181e+00  ,2.317135987657e+00  ,2.300159012714e+00  ,2.282704683101e+00  ,2.264137744592e+00  ,2.244748413559e+00  ,2.224263394059e+00  ,2.202701048329e+00  ,2.179675185520e+00  ,2.155242443774e+00  ,2.129127937783e+00  ,2.101331350412e+00  ,2.071193961449e+00  ,2.038567371025e+00  ,2.003543115966e+00  ,1.964969477321e+00  ,1.932366005195e+00  ,1.900647470484e+00  ,1.865851414818e+00  ,1.827288156045e+00  ,1.785333370178e+00  ,1.737578876980e+00  ,1.684229667334e+00  ,1.622395655598e+00  ,1.550191075346e+00  
  1.691812082773e-07  ,2.417080225633e+00  ,2.404331656933e+00  ,2.391194265619e+00  ,2.377421244964e+00  ,2.363213390066e+00  ,2.348600988983e+00  ,2.333134044181e+00  ,2.317135987657e+00  ,2.300159012714e+00  ,2.282704683101e+00  ,2.264137744592e+00  ,2.244748413559e+00  ,2.224263394059e+00  ,2.202701048329e+00  ,2.179675185520e+00  ,2.155242443774e+00  ,2.129127937783e+00  ,2.101331350412e+00  ,2.071193961449e+00  ,2.038567371025e+00  ,2.003543115966e+00  ,1.964969477321e+00  ,1.932366005195e+00  ,1.900647470484e+00  ,1.865851414818e+00  ,1.827288156045e+00  ,1.785333370178e+00  ,1.737578876980e+00  ,1.684229667334e+00  ,1.622395655598e+00  ,1.550191075346e+00  
  1.701812624579e-07  ,2.417080225633e+00  ,2.404331656933e+00  ,2.391194265619e+00  ,2.377421244964e+00  ,2.363213390066e+00  ,2.348600988983e+00  ,2.333134044181e+00  ,2.317135987657e+00  ,2.300159012714e+00  ,2.282704683101e+00  ,2.264137744592e+00  ,2.244748413559e+00  ,2.224263394059e+00  ,2.202701048329e+00  ,2.179675185520e+00  ,2.155242443774e+00  ,2.129127937783e+00  ,2.101331350412e+00  ,2.071193961449e+00  ,2.038567371025e+00  ,2.003543115966e+00  ,1.964969477321e+00  ,1.932366005195e+00  ,1.900647470484e+00  ,1.865851414818e+00  ,1.827288156045e+00  ,1.785333370178e+00  ,1.737578876980e+00  ,1.684229667334e+00  ,1.622395655598e+00  ,1.550191075346e+00  
  1.711813166385e-07  ,2.417080225633e+00  ,2.404331656933e+00  ,2.391194265619e+00  ,2.377421244964e+00  ,2.363213390066e+00  ,2.348600988983e+00  ,2.333134044181e+00  ,2.317135987657e+00  ,2.300159012714e+00  ,2.282704683101e+00  ,2.264137744592e+00  ,2.244748413559e+00  ,2.224263394059e+00  ,2.202701048329e+00  ,2.179675185520e+00  ,2.155242443774e+00  ,2.129127937783e+00  ,2.101331350412e+00  ,2.071193961449e+00  ,2.038567371025e+00  ,2.003543115966e+00  ,1.964969477321e+00  ,1.932366005195e+00  ,1.900647470484e+00  ,1.865851414818e+00  ,1.827288156045e+00  ,1.785333370178e+00  ,1.737578876980e+00  ,1.684229667334e+00  ,1.622395655598e+00  ,1.550191075346e+00  
  1.721813708191e-07  ,2.417080225633e+00  ,2.404331656933e+00  ,2.391194265619e+00  ,2.377421244964e+00  ,2.363213390066e+00  ,2.348600988983e+00  ,2.333134044181e+00  ,2.317135987657e+00  ,2.300159012714e+00  ,2.282704683101e+00  ,2.264137744592e+00  ,2.244748413559e+00  ,2.224263394059e+00  ,2.202701048329e+00  ,2.179675185520e+00  ,2.155242443774e+00  ,2.129127937783e+00  ,2.101331350412e+00  ,2.071193961449e+00  ,2.038567371025e+00  ,2.003543115966e+00  ,1.964969477321e+00  ,1.932366005195e+00  ,1.900647470484e+00  ,1.865851414818e+00  ,1.827288156045e+00  ,1.785333370178e+00  ,1.737578876980e+00  ,1.684229667334e+00  ,1.622395655598e+00  ,1.550191075346e+00  
  1.731814249997e-07  ,2.417080225633e+00  ,2.404331656933e+00  ,2.391194265619e+00  ,2.377421244964e+00  ,2.363213390066e+00  ,2.348600988983e+00  ,2.333134044181e+00  ,2.317135987657e+00  ,2.300159012714e+00  ,2.282704683101e+00  ,2.264137744592e+00  ,2.244748413559e+00  ,2.224263394059e+00  ,2.202701048329e+00  ,2.179675185520e+00  ,2.155242443774e+00  ,2.129127937783e+00  ,2.101331350412e+00  ,2.071193961449e+00  ,2.038567371025e+00  ,2.003543115966e+00  ,1.964969477321e+00  ,1.932366005195e+00  ,1.900647470484e+00  ,1.865851414818e+00  ,1.827288156045e+00  ,1.785333370178e+00  ,1.737578876980e+00  ,1.684229667334e+00  ,1.622395655598e+00  ,1.550191075346e+00  
  1.741814791804e-07  ,2.417080225633e+00  ,2.404331656933e+00  ,2.391194265619e+00  ,2.377421244964e+00  ,2.363213390066e+00  ,2.348600988983e+00  ,2.333134044181e+00  ,2.317135987657e+00  ,2.300159012714e+00  ,2.282704683101e+00  ,2.264137744592e+00  ,2.244748413559e+00  ,2.224263394059e+00  ,2.202701048329e+00  ,2.179675185520e+00  ,2.155242443774e+00  ,2.129127937783e+00  ,2.101331350412e+00  ,2.071193961449e+00  ,2.038567371025e+00  ,2.003543115966e+00  ,1.964969477321e+00  ,1.932366005195e+00  ,1.900647470484e+00  ,1.865851414818e+00  ,1.827288156045e+00  ,1.785333370178e+00  ,1.737578876980e+00  ,1.684229667334e+00  ,1.622395655598e+00  ,1.550191075346e+00  
  1.751815333610e-07  ,2.417080225633e+00  ,2.404331656933e+00  ,2.391194265619e+00  ,2.377421244964e+00  ,2.363213390066e+00  ,2.348600988983e+00  ,2.333134044181e+00  ,2.317135987657e+00  ,2.300159012714e+00  ,2.282704683101e+00  ,2.264137744592e+00  ,2.244748413559e+00  ,2.224263394059e+00  ,2.202701048329e+00  ,2.179675185520e+00  ,2.155242443774e+00  ,2.129127937783e+00  ,2.101331350412e+00  ,2.071193961449e+00  ,2.038567371025e+00  ,2.003543115966e+00  ,1.964969477321e+00  ,1.932366005195e+00  ,1.900647470484e+00  ,1.865851414818e+00  ,1.827288156045e+00  ,1.785333370178e+00  ,1.737578876980e+00  ,1.684229667334e+00  ,1.622395655598e+00  ,1.550191075346e+00  
  1.761815875416e-07  ,2.417080225633e+00  ,2.404331656933e+00  ,2.391194265619e+00  ,2.377421244964e+00  ,2.363213390066e+00  ,2.348600988983e+00  ,2.333134044181e+00  ,2.317135987657e+00  ,2.300159012714e+00  ,2.282704683101e+00  ,2.264137744592e+00  ,2.244748413559e+00  ,2.224263394059e+00  ,2.202701048329e+00  ,2.179675185520e+00  ,2.155242443774e+00  ,2.129127937783e+00  ,2.101331350412e+00  ,2.071193961449e+00  ,2.038567371025e+00  ,2.003543115966e+00  ,1.964969477321e+00  ,1.932366005195e+00  ,1.900647470484e+00  ,1.865851414818e+00  ,1.827288156045e+00  ,1.785333370178e+00  ,1.737578876980e+00  ,1.684229667334e+00  ,1.622395655598e+00  ,1.550191075346e+00  
  1.771816417222e-07  ,2.417080225633e+00  ,2.404331656933e+00  ,2.391194265619e+00  ,2.377421244964e+00  ,2.363213390066e+00  ,2.348600988983e+00  ,2.333134044181e+00  ,2.317135987657e+00  ,2.300159012714e+00  ,2.282704683101e+00  ,2.264137744592e+00  ,2.244748413559e+00  ,2.224263394059e+00  ,2.202701048329e+00  ,2.179675185520e+00  ,2.155242443774e+00  ,2.129127937783e+00  ,2.101331350412e+00  ,2.071193961449e+00  ,2.038567371025e+00  ,2.003543115966e+00  ,1.964969477321e+00  ,1.932366005195e+00  ,1.900647470484e+00  ,1.865851414818e+00  ,1.827288156045e+00  ,1.785333370178e+00  ,1.737578876980e+00  ,1.684229667334e+00  ,1.622395655598e+00  ,1.550191075346e+00  
  1.781816959029e-07  ,2.417080225633e+00  ,2.404331656933e+00  ,2.391194265619e+00  ,2.377421244964e+00  ,2.363213390066e+00  ,2.348600988983e+00  ,2.333134044181e+00  ,2.317135987657e+00  ,2.300159012714e+00  ,2.282704683101e+00  ,2.264137744592e+00  ,2.244748413559e+00  ,2.224263394059e+00  ,2.202701048329e+00  ,2.179675185520e+00  ,2.155242443774e+00  ,2.129127937783e+00  ,2.101331350412e+00  ,2.071193961449e+00  ,2.038567371025e+00  ,2.003543115966e+00  ,1.964969477321e+00  ,1.932366005195e+00  ,1.900647470484e+00  ,1.865851414818e+00  ,1.827288156045e+00  ,1.785333370178e+00  ,1.737578876980e+00  ,1.684229667334e+00  ,1.622395655598e+00  ,1.550191075346e+00  
  1.791817500835e-07  ,2.417080225633e+00  ,2.404331656933e+00  ,2.391194265619e+00  ,2.377421244964e+00  ,2.363213390066e+00  ,2.348600988983e+00  ,2.333134044181e+00  ,2.317135987657e+00  ,2.300159012714e+00  ,2.282704683101e+00  ,2.264137744592e+00  ,2.244748413559e+00  ,2.224263394059e+00  ,2.202701048329e+00  ,2.179675185520e+00  ,2.155242443774e+00  ,2.129127937783e+00  ,2.101331350412e+00  ,2.071193961449e+00  ,2.038567371025e+00  ,2.003543115966e+00  ,1.964969477321e+00  ,1.932366005195e+00  ,1.900647470484e+00  ,1.865851414818e+00  ,1.827288156045e+00  ,1.785333370178e+00  ,1.737578876980e+00  ,1.684229667334e+00  ,1.622395655598e+00  ,1.550191075346e+00  
  1.801818042641e-07  ,2.417080225633e+00  ,2.404331656933e+00  ,2.391194265619e+00  ,2.377421244964e+00  ,2.363213390066e+00  ,2.348600988983e+00  ,2.333134044181e+00  ,2.317135987657e+00  ,2.300159012714e+00  ,2.282704683101e+00  ,2.264137744592e+00  ,2.244748413559e+00  ,2.224263394059e+00  ,2.202701048329e+00  ,2.179675185520e+00  ,2.155242443774e+00  ,2.129127937783e+00  ,2.101331350412e+00  ,2.071193961449e+00  ,2.038567371025e+00  ,2.003543115966e+00  ,1.964969477321e+00  ,1.932366005195e+00  ,1.900647470484e+00  ,1.865851414818e+00  ,1.827288156045e+00  ,1.785333370178e+00  ,1.737578876980e+00  ,1.684229667334e+00  ,1.622395655598e+00  ,1.550191075346e+00  
  1.811818584447e-07  ,2.417080225633e+00  ,2.404331656933e+00  ,2.391194265619e+00  ,2.377421244964e+00  ,2.363213390066e+00  ,2.348600988983e+00  ,2.333134044181e+00  ,2.317135987657e+00  ,2.300159012714e+00  ,2.282704683101e+00  ,2.264137744592e+00  ,2.244748413559e+00  ,2.224263394059e+00  ,2.202701048329e+00  ,2.179675185520e+00  ,2.155242443774e+00  ,2.129127937783e+00  ,2.101331350412e+00  ,2.071193961449e+00  ,2.038567371025e+00  ,2.003543115966e+00  ,1.964969477321e+00  ,1.932366005195e+00  ,1.900647470484e+00  ,1.865851414818e+00  ,1.827288156045e+00  ,1.785333370178e+00  ,1.737578876980e+00  ,1.684229667334e+00  ,1.622395655598e+00  ,1.550191075346e+00  
  1.821819126253e-07  ,2.417080225633e+00  ,2.404331656933e+00  ,2.391194265619e+00  ,2.377421244964e+00  ,2.363213390066e+00  ,2.348600988983e+00  ,2.333134044181e+00  ,2.317135987657e+00  ,2.300159012714e+00  ,2.282704683101e+00  ,2.264137744592e+00  ,2.244748413559e+00  ,2.224263394059e+00  ,2.202701048329e+00  ,2.179675185520e+00  ,2.155242443774e+00  ,2.129127937783e+00  ,2.101331350412e+00  ,2.071193961449e+00  ,2.038567371025e+00  ,2.003543115966e+00  ,1.964969477321e+00  ,1.932366005195e+00  ,1.900647470484e+00  ,1.865851414818e+00  ,1.827288156045e+00  ,1.785333370178e+00  ,1.737578876980e+00  ,1.684229667334e+00  ,1.622395655598e+00  ,1.550191075346e+00  
  1.831819668060e-07  ,2.417080225633e+00  ,2.404331656933e+00  ,2.391194265619e+00  ,2.377421244964e+00  ,2.363213390066e+00  ,2.348600988983e+00  ,2.333134044181e+00  ,2.317135987657e+00  ,2.300159012714e+00  ,2.282704683101e+00  ,2.264137744592e+00  ,2.244748413559e+00  ,2.224263394059e+00  ,2.202701048329e+00  ,2.179675185520e+00  ,2.155242443774e+00  ,2.129127937783e+00  ,2.101331350412e+00  ,2.071193961449e+00  ,2.038567371025e+00  ,2.003543115966e+00  ,1.964969477321e+00  ,1.932366005195e+00  ,1.900647470484e+00  ,1.865851414818e+00  ,1.827288156045e+00  ,1.785333370178e+00  ,1.737578876980e+00  ,1.684229667334e+00  ,1.622395655598e+00  ,1.550191075346e+00  
  1.841820209866e-07  ,2.417080225633e+00  ,2.404331656933e+00  ,2.391194265619e+00  ,2.377421244964e+00  ,2.363213390066e+00  ,2.348600988983e+00  ,2.333134044181e+00  ,2.317135987657e+00  ,2.300159012714e+00  ,2.282704683101e+00  ,2.264137744592e+00  ,2.244748413559e+00  ,2.224263394059e+00  ,2.202701048329e+00  ,2.179675185520e+00  ,2.155242443774e+00  ,2.129127937783e+00  ,2.101331350412e+00  ,2.071193961449e+00  ,2.038567371025e+00  ,2.003543115966e+00  ,1.964969477321e+00  ,1.932366005195e+00  ,1.900647470484e+00  ,1.865851414818e+00  ,1.827288156045e+00  ,1.785333370178e+00  ,1.737578876980e+00  ,1.684229667334e+00  ,1.622395655598e+00  ,1.550191075346e+00  
  1.851820751672e-07  ,2.417080225633e+00  ,2.404331656933e+00  ,2.391194265619e+00  ,2.377421244964e+00  ,2.363213390066e+00  ,2.348600988983e+00  ,2.333134044181e+00  ,2.317135987657e+00  ,2.300159012714e+00  ,2.282704683101e+00  ,2.264137744592e+00  ,2.244748413559e+00  ,2.224263394059e+00  ,2.202701048329e+00  ,2.179675185520e+00  ,2.155242443774e+00  ,2.129127937783e+00  ,2.101331350412e+00  ,2.071193961449e+00  ,2.038567371025e+00  ,2.003543115966e+00  ,1.964969477321e+00  ,1.932366005195e+00  ,1.900647470484e+00  ,1.865851414818e+00  ,1.827288156045e+00  ,1.785333370178e+00  ,1.737578876980e+00  ,1.684229667334e+00  ,1.622395655598e+00  ,1.550191075346e+00  
  1.861821293478e-07  ,2.417080225633e+00  ,2.404331656933e+00  ,2.391194265619e+00  ,2.377421244964e+00  ,2.363213390066e+00  ,2.348600988983e+00  ,2.333134044181e+00  ,2.317135987657e+00  ,2.300159012714e+00  ,2.282704683101e+00  ,2.264137744592e+00  ,2.244748413559e+00  ,2.224263394059e+00  ,2.202701048329e+00  ,2.179675185520e+00  ,2.155242443774e+00  ,2.129127937783e+00  ,2.101331350412e+00  ,2.071193961449e+00  ,2.038567371025e+00  ,2.003543115966e+00  ,1.964969477321e+00  ,1.932366005195e+00  ,1.900647470484e+00  ,1.865851414818e+00  ,1.827288156045e+00  ,1.785333370178e+00  ,1.737578876980e+00  ,1.684229667334e+00  ,1.622395655598e+00  ,1.550191075346e+00  
  1.871821835285e-07  ,2.417080225633e+00  ,2.404331656933e+00  ,2.391194265619e+00  ,2.377421244964e+00  ,2.363213390066e+00  ,2.348600988983e+00  ,2.333134044181e+00  ,2.317135987657e+00  ,2.300159012714e+00  ,2.282704683101e+00  ,2.264137744592e+00  ,2.244748413559e+00  ,2.224263394059e+00  ,2.202701048329e+00  ,2.179675185520e+00  ,2.155242443774e+00  ,2.129127937783e+00  ,2.101331350412e+00  ,2.071193961449e+00  ,2.038567371025e+00  ,2.003543115966e+00  ,1.964969477321e+00  ,1.932366005195e+00  ,1.900647470484e+00  ,1.865851414818e+00  ,1.827288156045e+00  ,1.785333370178e+00  ,1.737578876980e+00  ,1.684229667334e+00  ,1.622395655598e+00  ,1.550191075346e+00  
  1.881822377091e-07  ,2.417080225633e+00  ,2.404331656933e+00  ,2.391194265619e+00  ,2.377421244964e+00  ,2.363213390066e+00  ,2.348600988983e+00  ,2.333134044181e+00  ,2.317135987657e+00  ,2.300159012714e+00  ,2.282704683101e+00  ,2.264137744592e+00  ,2.244748413559e+00  ,2.224263394059e+00  ,2.202701048329e+00  ,2.179675185520e+00  ,2.155242443774e+00  ,2.129127937783e+00  ,2.101331350412e+00  ,2.071193961449e+00  ,2.038567371025e+00  ,2.003543115966e+00  ,1.964969477321e+00  ,1.932366005195e+00  ,1.900647470484e+00  ,1.865851414818e+00  ,1.827288156045e+00  ,1.785333370178e+00  ,1.737578876980e+00  ,1.684229667334e+00  ,1.622395655598e+00  ,1.550191075346e+00  
  1.891822918897e-07  ,2.417080225633e+00  ,2.404331656933e+00  ,2.391194265619e+00  ,2.377421244964e+00  ,2.363213390066e+00  ,2.348600988983e+00  ,2.333134044181e+00  ,2.317135987657e+00  ,2.300159012714e+00  ,2.282704683101e+00  ,2.264137744592e+00  ,2.244748413559e+00  ,2.224263394059e+00  ,2.202701048329e+00  ,2.179675185520e+00  ,2.155242443774e+00  ,2.129127937783e+00  ,2.101331350412e+00  ,2.071193961449e+00  ,2.038567371025e+00  ,2.003543115966e+00  ,1.964969477321e+00  ,1.932366005195e+00  ,1.900647470484e+00  ,1.865851414818e+00  ,1.827288156045e+00  ,1.785333370178e+00  ,1.737578876980e+00  ,1.684229667334e+00  ,1.622395655598e+00  ,1.550191075346e+00  
  1.901823460703e-07  ,2.417080225633e+00  ,2.404331656933e+00  ,2.391194265619e+00  ,2.377421244964e+00  ,2.363213390066e+00  ,2.348600988983e+00  ,2.333134044181e+00  ,2.317135987657e+00  ,2.300159012714e+00  ,2.282704683101e+00  ,2.264137744592e+00  ,2.244748413559e+00  ,2.224263394059e+00  ,2.202701048329e+00  ,2.179675185520e+00  ,2.155242443774e+00  ,2.129127937783e+00  ,2.101331350412e+00  ,2.071193961449e+00  ,2.038567371025e+00  ,2.003543115966e+00  ,1.964969477321e+00  ,1.932366005195e+00  ,1.900647470484e+00  ,1.865851414818e+00  ,1.827288156045e+00  ,1.785333370178e+00  ,1.737578876980e+00  ,1.684229667334e+00  ,1.622395655598e+00  ,1.550191075346e+00  
  1.911824002509e-07  ,2.417080225633e+00  ,2.404331656933e+00  ,2.391194265619e+00  ,2.377421244964e+00  ,2.363213390066e+00  ,2.348600988983e+00  ,2.333134044181e+00  ,2.317135987657e+00  ,2.300159012714e+00  ,2.282704683101e+00  ,2.264137744592e+00  ,2.244748413559e+00  ,2.224263394059e+00  ,2.202701048329e+00  ,2.179675185520e+00  ,2.155242443774e+00  ,2.129127937783e+00  ,2.101331350412e+00  ,2.071193961449e+00  ,2.038567371025e+00  ,2.003543115966e+00  ,1.964969477321e+00  ,1.932366005195e+00  ,1.900647470484e+00  ,1.865851414818e+00  ,1.827288156045e+00  ,1.785333370178e+00  ,1.737578876980e+00  ,1.684229667334e+00  ,1.622395655598e+00  ,1.550191075346e+00  
  1.921824544316e-07  ,2.417080225633e+00  ,2.404331656933e+00  ,2.391194265619e+00  ,2.377421244964e+00  ,2.363213390066e+00  ,2.348600988983e+00  ,2.333134044181e+00  ,2.317135987657e+00  ,2.300159012714e+00  ,2.282704683101e+00  ,2.264137744592e+00  ,2.244748413559e+00  ,2.224263394059e+00  ,2.202701048329e+00  ,2.179675185520e+00  ,2.155242443774e+00  ,2.129127937783e+00  ,2.101331350412e+00  ,2.071193961449e+00  ,2.038567371025e+00  ,2.003543115966e+00  ,1.964969477321e+00  ,1.932366005195e+00  ,1.900647470484e+00  ,1.865851414818e+00  ,1.827288156045e+00  ,1.785333370178e+00  ,1.737578876980e+00  ,1.684229667334e+00  ,1.622395655598e+00  ,1.550191075346e+00  
  1.931825086122e-07  ,2.417080225633e+00  ,2.404331656933e+00  ,2.391194265619e+00  ,2.377421244964e+00  ,2.363213390066e+00  ,2.348600988983e+00  ,2.333134044181e+00  ,2.317135987657e+00  ,2.300159012714e+00  ,2.282704683101e+00  ,2.264137744592e+00  ,2.244748413559e+00  ,2.224263394059e+00  ,2.202701048329e+00  ,2.179675185520e+00  ,2.155242443774e+00  ,2.129127937783e+00  ,2.101331350412e+00  ,2.071193961449e+00  ,2.038567371025e+00  ,2.003543115966e+00  ,1.964969477321e+00  ,1.932366005195e+00  ,1.900647470484e+00  ,1.865851414818e+00  ,1.827288156045e+00  ,1.785333370178e+00  ,1.737578876980e+00  ,1.684229667334e+00  ,1.622395655598e+00  ,1.550191075346e+00  
  1.941825627928e-07  ,2.417080225633e+00  ,2.404331656933e+00  ,2.391194265619e+00  ,2.377421244964e+00  ,2.363213390066e+00  ,2.348600988983e+00  ,2.333134044181e+00  ,2.317135987657e+00  ,2.300159012714e+00  ,2.282704683101e+00  ,2.264137744592e+00  ,2.244748413559e+00  ,2.224263394059e+00  ,2.202701048329e+00  ,2.179675185520e+00  ,2.155242443774e+00  ,2.129127937783e+00  ,2.101331350412e+00  ,2.071193961449e+00  ,2.038567371025e+00  ,2.003543115966e+00  ,1.964969477321e+00  ,1.932366005195e+00  ,1.900647470484e+00  ,1.865851414818e+00  ,1.827288156045e+00  ,1.785333370178e+00  ,1.737578876980e+00  ,1.684229667334e+00  ,1.622395655598e+00  ,1.550191075346e+00  
  1.951826169734e-07  ,2.417080225633e+00  ,2.404331656933e+00  ,2.391194265619e+00  ,2.377421244964e+00  ,2.363213390066e+00  ,2.348600988983e+00  ,2.333134044181e+00  ,2.317135987657e+00  ,2.300159012714e+00  ,2.282704683101e+00  ,2.264137744592e+00  ,2.244748413559e+00  ,2.224263394059e+00  ,2.202701048329e+00  ,2.179675185520e+00  ,2.155242443774e+00  ,2.129127937783e+00  ,2.101331350412e+00  ,2.071193961449e+00  ,2.038567371025e+00  ,2.003543115966e+00  ,1.964969477321e+00  ,1.932366005195e+00  ,1.900647470484e+00  ,1.865851414818e+00  ,1.827288156045e+00  ,1.785333370178e+00  ,1.737578876980e+00  ,1.684229667334e+00  ,1.622395655598e+00  ,1.550191075346e+00  
  1.961826711541e-07  ,2.417080225633e+00  ,2.404331656933e+00  ,2.391194265619e+00  ,2.377421244964e+00  ,2.363213390066e+00  ,2.348600988983e+00  ,2.333134044181e+00  ,2.317135987657e+00  ,2.300159012714e+00  ,2.282704683101e+00  ,2.264137744592e+00  ,2.244748413559e+00  ,2.224263394059e+00  ,2.202701048329e+00  ,2.179675185520e+00  ,2.155242443774e+00  ,2.129127937783e+00  ,2.101331350412e+00  ,2.071193961449e+00  ,2.038567371025e+00  ,2.003543115966e+00  ,1.964969477321e+00  ,1.932366005195e+00  ,1.900647470484e+00  ,1.865851414818e+00  ,1.827288156045e+00  ,1.785333370178e+00  ,1.737578876980e+00  ,1.684229667334e+00  ,1.622395655598e+00  ,1.550191075346e+00  
  1.971827253347e-07  ,2.417080225633e+00  ,2.404331656933e+00  ,2.391194265619e+00  ,2.377421244964e+00  ,2.363213390066e+00  ,2.348600988983e+00  ,2.333134044181e+00  ,2.317135987657e+00  ,2.300159012714e+00  ,2.282704683101e+00  ,2.264137744592e+00  ,2.244748413559e+00  ,2.224263394059e+00  ,2.202701048329e+00  ,2.179675185520e+00  ,2.155242443774e+00  ,2.129127937783e+00  ,2.101331350412e+00  ,2.071193961449e+00  ,2.038567371025e+00  ,2.003543115966e+00  ,1.964969477321e+00  ,1.932366005195e+00  ,1.900647470484e+00  ,1.865851414818e+00  ,1.827288156045e+00  ,1.785333370178e+00  ,1.737578876980e+00  ,1.684229667334e+00  ,1.622395655598e+00  ,1.550191075346e+00  
  1.981827795153e-07  ,2.417080225633e+00  ,2.404331656933e+00  ,2.391194265619e+00  ,2.377421244964e+00  ,2.363213390066e+00  ,2.348600988983e+00  ,2.333134044181e+00  ,2.317135987657e+00  ,2.300159012714e+00  ,2.282704683101e+00  ,2.264137744592e+00  ,2.244748413559e+00  ,2.224263394059e+00  ,2.202701048329e+00  ,2.179675185520e+00  ,2.155242443774e+00  ,2.129127937783e+00  ,2.101331350412e+00  ,2.071193961449e+00  ,2.038567371025e+00  ,2.003543115966e+00  ,1.964969477321e+00  ,1.932366005195e+00  ,1.900647470484e+00  ,1.865851414818e+00  ,1.827288156045e+00  ,1.785333370178e+00  ,1.737578876980e+00  ,1.684229667334e+00  ,1.622395655598e+00  ,1.550191075346e+00  
  1.991828336959e-07  ,2.417080225633e+00  ,2.404331656933e+00  ,2.391194265619e+00  ,2.377421244964e+00  ,2.363213390066e+00  ,2.348600988983e+00  ,2.333134044181e+00  ,2.317135987657e+00  ,2.300159012714e+00  ,2.282704683101e+00  ,2.264137744592e+00  ,2.244748413559e+00  ,2.224263394059e+00  ,2.202701048329e+00  ,2.179675185520e+00  ,2.155242443774e+00  ,2.129127937783e+00  ,2.101331350412e+00  ,2.071193961449e+00  ,2.038567371025e+00  ,2.003543115966e+00  ,1.964969477321e+00  ,1.932366005195e+00  ,1.900647470484e+00  ,1.865851414818e+00  ,1.827288156045e+00  ,1.785333370178e+00  ,1.737578876980e+00  ,1.684229667334e+00  ,1.622395655598e+00  ,1.550191075346e+00  
  2.001828878765e-07  ,2.417080225633e+00  ,2.404331656933e+00  ,2.391194265619e+00  ,2.377421244964e+00  ,2.363213390066e+00  ,2.348600988983e+00  ,2.333134044181e+00  ,2.317135987657e+00  ,2.300159012714e+00  ,2.282704683101e+00  ,2.264137744592e+00  ,2.244748413559e+00  ,2.224263394059e+00  ,2.202701048329e+00  ,2.179675185520e+00  ,2.155242443774e+00  ,2.129127937783e+00  ,2.101331350412e+00  ,2.071193961449e+00  ,2.038567371025e+00  ,2.003543115966e+00  ,1.964969477321e+00  ,1.932366005195e+00  ,1.900647470484e+00  ,1.865851414818e+00  ,1.827288156045e+00  ,1.785333370178e+00  ,1.737578876980e+00  ,1.684229667334e+00  ,1.622395655598e+00  ,1.550191075346e+00  
  2.011829420572e-07  ,2.417080225633e+00  ,2.404331656933e+00  ,2.391194265619e+00  ,2.377421244964e+00  ,2.363213390066e+00  ,2.348600988983e+00  ,2.333134044181e+00  ,2.317135987657e+00  ,2.300159012714e+00  ,2.282704683101e+00  ,2.264137744592e+00  ,2.244748413559e+00  ,2.224263394059e+00  ,2.202701048329e+00  ,2.179675185520e+00  ,2.155242443774e+00  ,2.129127937783e+00  ,2.101331350412e+00  ,2.071193961449e+00  ,2.038567371025e+00  ,2.003543115966e+00  ,1.964969477321e+00  ,1.932366005195e+00  ,1.900647470484e+00  ,1.865851414818e+00  ,1.827288156045e+00  ,1.785333370178e+00  ,1.737578876980e+00  ,1.684229667334e+00  ,1.622395655598e+00  ,1.550191075346e+00  
  2.021829962378e-07  ,2.417080225633e+00  ,2.404331656933e+00  ,2.391194265619e+00  ,2.377421244964e+00  ,2.363213390066e+00  ,2.348600988983e+00  ,2.333134044181e+00  ,2.317135987657e+00  ,2.300159012714e+00  ,2.282704683101e+00  ,2.264137744592e+00  ,2.244748413559e+00  ,2.224263394059e+00  ,2.202701048329e+00  ,2.179675185520e+00  ,2.155242443774e+00  ,2.129127937783e+00  ,2.101331350412e+00  ,2.071193961449e+00  ,2.038567371025e+00  ,2.003543115966e+00  ,1.964969477321e+00  ,1.932366005195e+00  ,1.900647470484e+00  ,1.865851414818e+00  ,1.827288156045e+00  ,1.785333370178e+00  ,1.737578876980e+00  ,1.684229667334e+00  ,1.622395655598e+00  ,1.550191075346e+00  
  2.031830504184e-07  ,2.417080225633e+00  ,2.404331656933e+00  ,2.391194265619e+00  ,2.377421244964e+00  ,2.363213390066e+00  ,2.348600988983e+00  ,2.333134044181e+00  ,2.317135987657e+00  ,2.300159012714e+00  ,2.282704683101e+00  ,2.264137744592e+00  ,2.244748413559e+00  ,2.224263394059e+00  ,2.202701048329e+00  ,2.179675185520e+00  ,2.155242443774e+00  ,2.129127937783e+00  ,2.101331350412e+00  ,2.071193961449e+00  ,2.038567371025e+00  ,2.003543115966e+00  ,1.964969477321e+00  ,1.932366005195e+00  ,1.900647470484e+00  ,1.865851414818e+00  ,1.827288156045e+00  ,1.785333370178e+00  ,1.737578876980e+00  ,1.684229667334e+00  ,1.622395655598e+00  ,1.550191075346e+00  
  2.041831045990e-07  ,2.417080225633e+00  ,2.404331656933e+00  ,2.391194265619e+00  ,2.377421244964e+00  ,2.363213390066e+00  ,2.348600988983e+00  ,2.333134044181e+00  ,2.317135987657e+00  ,2.300159012714e+00  ,2.282704683101e+00  ,2.264137744592e+00  ,2.244748413559e+00  ,2.224263394059e+00  ,2.202701048329e+00  ,2.179675185520e+00  ,2.155242443774e+00  ,2.129127937783e+00  ,2.101331350412e+00  ,2.071193961449e+00  ,2.038567371025e+00  ,2.003543115966e+00  ,1.964969477321e+00  ,1.932366005195e+00  ,1.900647470484e+00  ,1.865851414818e+00  ,1.827288156045e+00  ,1.785333370178e+00  ,1.737578876980e+00  ,1.684229667334e+00  ,1.622395655598e+00  ,1.550191075346e+00  
  2.051831587797e-07  ,2.417080225633e+00  ,2.404331656933e+00  ,2.391194265619e+00  ,2.377421244964e+00  ,2.363213390066e+00  ,2.348600988983e+00  ,2.333134044181e+00  ,2.317135987657e+00  ,2.300159012714e+00  ,2.282704683101e+00  ,2.264137744592e+00  ,2.244748413559e+00  ,2.224263394059e+00  ,2.202701048329e+00  ,2.179675185520e+00  ,2.155242443774e+00  ,2.129127937783e+00  ,2.101331350412e+00  ,2.071193961449e+00  ,2.038567371025e+00  ,2.003543115966e+00  ,1.964969477321e+00  ,1.932366005195e+00  ,1.900647470484e+00  ,1.865851414818e+00  ,1.827288156045e+00  ,1.785333370178e+00  ,1.737578876980e+00  ,1.684229667334e+00  ,1.622395655598e+00  ,1.550191075346e+00  
  2.061832129603e-07  ,2.417080225633e+00  ,2.404331656933e+00  ,2.391194265619e+00  ,2.377421244964e+00  ,2.363213390066e+00  ,2.348600988983e+00  ,2.333134044181e+00  ,2.317135987657e+00  ,2.300159012714e+00  ,2.282704683101e+00  ,2.264137744592e+00  ,2.244748413559e+00  ,2.224263394059e+00  ,2.202701048329e+00  ,2.179675185520e+00  ,2.155242443774e+00  ,2.129127937783e+00  ,2.101331350412e+00  ,2.071193961449e+00  ,2.038567371025e+00  ,2.003543115966e+00  ,1.964969477321e+00  ,1.932366005195e+00  ,1.900647470484e+00  ,1.865851414818e+00  ,1.827288156045e+00  ,1.785333370178e+00  ,1.737578876980e+00  ,1.684229667334e+00  ,1.622395655598e+00  ,1.550191075346e+00  
  2.071832671409e-07  ,2.417080225633e+00  ,2.404331656933e+00  ,2.391194265619e+00  ,2.377421244964e+00  ,2.363213390066e+00  ,2.348600988983e+00  ,2.333134044181e+00  ,2.317135987657e+00  ,2.300159012714e+00  ,2.282704683101e+00  ,2.264137744592e+00  ,2.244748413559e+00  ,2.224263394059e+00  ,2.202701048329e+00  ,2.179675185520e+00  ,2.155242443774e+00  ,2.129127937783e+00  ,2.101331350412e+00  ,2.071193961449e+00  ,2.038567371025e+00  ,2.003543115966e+00  ,1.964969477321e+00  ,1.932366005195e+00  ,1.900647470484e+00  ,1.865851414818e+00  ,1.827288156045e+00  ,1.785333370178e+00  ,1.737578876980e+00  ,1.684229667334e+00  ,1.622395655598e+00  ,1.550191075346e+00  
  2.081833213215e-07  ,2.417080225633e+00  ,2.404331656933e+00  ,2.391194265619e+00  ,2.377421244964e+00  ,2.363213390066e+00  ,2.348600988983e+00  ,2.333134044181e+00  ,2.317135987657e+00  ,2.300159012714e+00  ,2.282704683101e+00  ,2.264137744592e+00  ,2.244748413559e+00  ,2.224263394059e+00  ,2.202701048329e+00  ,2.179675185520e+00  ,2.155242443774e+00  ,2.129127937783e+00  ,2.101331350412e+00  ,2.071193961449e+00  ,2.038567371025e+00  ,2.003543115966e+00  ,1.964969477321e+00  ,1.932366005195e+00  ,1.900647470484e+00  ,1.865851414818e+00  ,1.827288156045e+00  ,1.785333370178e+00  ,1.737578876980e+00  ,1.684229667334e+00  ,1.622395655598e+00  ,1.550191075346e+00  
  2.091833755021e-07  ,2.417080225633e+00  ,2.404331656933e+00  ,2.391194265619e+00  ,2.377421244964e+00  ,2.363213390066e+00  ,2.348600988983e+00  ,2.333134044181e+00  ,2.317135987657e+00  ,2.300159012714e+00  ,2.282704683101e+00  ,2.264137744592e+00  ,2.244748413559e+00  ,2.224263394059e+00  ,2.202701048329e+00  ,2.179675185520e+00  ,2.155242443774e+00  ,2.129127937783e+00  ,2.101331350412e+00  ,2.071193961449e+00  ,2.038567371025e+00  ,2.003543115966e+00  ,1.964969477321e+00  ,1.932366005195e+00  ,1.900647470484e+00  ,1.865851414818e+00  ,1.827288156045e+00  ,1.785333370178e+00  ,1.737578876980e+00  ,1.684229667334e+00  ,1.622395655598e+00  ,1.550191075346e+00  
  2.101834296828e-07  ,2.417080225633e+00  ,2.404331656933e+00  ,2.391194265619e+00  ,2.377421244964e+00  ,2.363213390066e+00  ,2.348600988983e+00  ,2.333134044181e+00  ,2.317135987657e+00  ,2.300159012714e+00  ,2.282704683101e+00  ,2.264137744592e+00  ,2.244748413559e+00  ,2.224263394059e+00  ,2.202701048329e+00  ,2.179675185520e+00  ,2.155242443774e+00  ,2.129127937783e+00  ,2.101331350412e+00  ,2.071193961449e+00  ,2.038567371025e+00  ,2.003543115966e+00  ,1.964969477321e+00  ,1.932366005195e+00  ,1.900647470484e+00  ,1.865851414818e+00  ,1.827288156045e+00  ,1.785333370178e+00  ,1.737578876980e+00  ,1.684229667334e+00  ,1.622395655598e+00  ,1.550191075346e+00  
  2.111834838634e-07  ,2.417080225633e+00  ,2.404331656933e+00  ,2.391194265619e+00  ,2.377421244964e+00  ,2.363213390066e+00  ,2.348600988983e+00  ,2.333134044181e+00  ,2.317135987657e+00  ,2.300159012714e+00  ,2.282704683101e+00  ,2.264137744592e+00  ,2.244748413559e+00  ,2.224263394059e+00  ,2.202701048329e+00  ,2.179675185520e+00  ,2.155242443774e+00  ,2.129127937783e+00  ,2.101331350412e+00  ,2.071193961449e+00  ,2.038567371025e+00  ,2.003543115966e+00  ,1.964969477321e+00  ,1.932366005195e+00  ,1.900647470484e+00  ,1.865851414818e+00  ,1.827288156045e+00  ,1.785333370178e+00  ,1.737578876980e+00  ,1.684229667334e+00  ,1.622395655598e+00  ,1.550191075346e+00  
  2.121835380440e-07  ,2.417080225633e+00  ,2.404331656933e+00  ,2.391194265619e+00  ,2.377421244964e+00  ,2.363213390066e+00  ,2.348600988983e+00  ,2.333134044181e+00  ,2.317135987657e+00  ,2.300159012714e+00  ,2.282704683101e+00  ,2.264137744592e+00  ,2.244748413559e+00  ,2.224263394059e+00  ,2.202701048329e+00  ,2.179675185520e+00  ,2.155242443774e+00  ,2.129127937783e+00  ,2.101331350412e+00  ,2.071193961449e+00  ,2.038567371025e+00  ,2.003543115966e+00  ,1.964969477321e+00  ,1.932366005195e+00  ,1.900647470484e+00  ,1.865851414818e+00  ,1.827288156045e+00  ,1.785333370178e+00  ,1.737578876980e+00  ,1.684229667334e+00  ,1.622395655598e+00  ,1.550191075346e+00  
  2.131835922246e-07  ,2.417080225633e+00  ,2.404331656933e+00  ,2.391194265619e+00  ,2.377421244964e+00  ,2.363213390066e+00  ,2.348600988983e+00  ,2.333134044181e+00  ,2.317135987657e+00  ,2.300159012714e+00  ,2.282704683101e+00  ,2.264137744592e+00  ,2.244748413559e+00  ,2.224263394059e+00  ,2.202701048329e+00  ,2.179675185520e+00  ,2.155242443774e+00  ,2.129127937783e+00  ,2.101331350412e+00  ,2.071193961449e+00  ,2.038567371025e+00  ,2.003543115966e+00  ,1.964969477321e+00  ,1.932366005195e+00  ,1.900647470484e+00  ,1.865851414818e+00  ,1.827288156045e+00  ,1.785333370178e+00  ,1.737578876980e+00  ,1.684229667334e+00  ,1.622395655598e+00  ,1.550191075346e+00  
  2.141836464053e-07  ,2.417080225633e+00  ,2.404331656933e+00  ,2.391194265619e+00  ,2.377421244964e+00  ,2.363213390066e+00  ,2.348600988983e+00  ,2.333134044181e+00  ,2.317135987657e+00  ,2.300159012714e+00  ,2.282704683101e+00  ,2.264137744592e+00  ,2.244748413559e+00  ,2.224263394059e+00  ,2.202701048329e+00  ,2.179675185520e+00  ,2.155242443774e+00  ,2.129127937783e+00  ,2.101331350412e+00  ,2.071193961449e+00  ,2.038567371025e+00  ,2.003543115966e+00  ,1.964969477321e+00  ,1.932366005195e+00  ,1.900647470484e+00  ,1.865851414818e+00  ,1.827288156045e+00  ,1.785333370178e+00  ,1.737578876980e+00  ,1.684229667334e+00  ,1.622395655598e+00  ,1.550191075346e+00  
  2.151837005859e-07  ,2.417080225633e+00  ,2.404331656933e+00  ,2.391194265619e+00  ,2.377421244964e+00  ,2.363213390066e+00  ,2.348600988983e+00  ,2.333134044181e+00  ,2.317135987657e+00  ,2.300159012714e+00  ,2.282704683101e+00  ,2.264137744592e+00  ,2.244748413559e+00  ,2.224263394059e+00  ,2.202701048329e+00  ,2.179675185520e+00  ,2.155242443774e+00  ,2.129127937783e+00  ,2.101331350412e+00  ,2.071193961449e+00  ,2.038567371025e+00  ,2.003543115966e+00  ,1.964969477321e+00  ,1.932366005195e+00  ,1.900647470484e+00  ,1.865851414818e+00  ,1.827288156045e+00  ,1.785333370178e+00  ,1.737578876980e+00  ,1.684229667334e+00  ,1.622395655598e+00  ,1.550191075346e+00  
  2.161837547665e-07  ,2.417080225633e+00  ,2.404331656933e+00  ,2.391194265619e+00  ,2.377421244964e+00  ,2.363213390066e+00  ,2.348600988983e+00  ,2.333134044181e+00  ,2.317135987657e+00  ,2.300159012714e+00  ,2.282704683101e+00  ,2.264137744592e+00  ,2.244748413559e+00  ,2.224263394059e+00  ,2.202701048329e+00  ,2.179675185520e+00  ,2.155242443774e+00  ,2.129127937783e+00  ,2.101331350412e+00  ,2.071193961449e+00  ,2.038567371025e+00  ,2.003543115966e+00  ,1.964969477321e+00  ,1.932366005195e+00  ,1.900647470484e+00  ,1.865851414818e+00  ,1.827288156045e+00  ,1.785333370178e+00  ,1.737578876980e+00  ,1.684229667334e+00  ,1.622395655598e+00  ,1.550191075346e+00  
  2.171838089471e-07  ,2.417080225633e+00  ,2.404331656933e+00  ,2.391194265619e+00  ,2.377421244964e+00  ,2.363213390066e+00  ,2.348600988983e+00  ,2.333134044181e+00  ,2.317135987657e+00  ,2.300159012714e+00  ,2.282704683101e+00  ,2.264137744592e+00  ,2.244748413559e+00  ,2.224263394059e+00  ,2.202701048329e+00  ,2.179675185520e+00  ,2.155242443774e+00  ,2.129127937783e+00  ,2.101331350412e+00  ,2.071193961449e+00  ,2.038567371025e+00  ,2.003543115966e+00  ,1.964969477321e+00  ,1.932366005195e+00  ,1.900647470484e+00  ,1.865851414818e+00  ,1.827288156045e+00  ,1.785333370178e+00  ,1.737578876980e+00  ,1.684229667334e+00  ,1.622395655598e+00  ,1.550191075346e+00  
  2.181838631277e-07  ,2.417080225633e+00  ,2.404331656933e+00  ,2.391194265619e+00  ,2.377421244964e+00  ,2.363213390066e+00  ,2.348600988983e+00  ,2.333134044181e+00  ,2.317135987657e+00  ,2.300159012714e+00  ,2.282704683101e+00  ,2.264137744592e+00  ,2.244748413559e+00  ,2.224263394059e+00  ,2.202701048329e+00  ,2.179675185520e+00  ,2.155242443774e+00  ,2.129127937783e+00  ,2.101331350412e+00  ,2.071193961449e+00  ,2.038567371025e+00  ,2.003543115966e+00  ,1.964969477321e+00  ,1.932366005195e+00  ,1.900647470484e+00  ,1.865851414818e+00  ,1.827288156045e+00  ,1.785333370178e+00  ,1.737578876980e+00  ,1.684229667334e+00  ,1.622395655598e+00  ,1.550191075346e+00  
  2.191839173084e-07  ,2.417080225633e+00  ,2.404331656933e+00  ,2.391194265619e+00  ,2.377421244964e+00  ,2.363213390066e+00  ,2.348600988983e+00  ,2.333134044181e+00  ,2.317135987657e+00  ,2.300159012714e+00  ,2.282704683101e+00  ,2.264137744592e+00  ,2.244748413559e+00  ,2.224263394059e+00  ,2.202701048329e+00  ,2.179675185520e+00  ,2.155242443774e+00  ,2.129127937783e+00  ,2.101331350412e+00  ,2.071193961449e+00  ,2.038567371025e+00  ,2.003543115966e+00  ,1.964969477321e+00  ,1.932366005195e+00  ,1.900647470484e+00  ,1.865851414818e+00  ,1.827288156045e+00  ,1.785333370178e+00  ,1.737578876980e+00  ,1.684229667334e+00  ,1.622395655598e+00  ,1.550191075346e+00  
  2.201839714890e-07  ,2.417080225633e+00  ,2.404331656933e+00  ,2.391194265619e+00  ,2.377421244964e+00  ,2.363213390066e+00  ,2.348600988983e+00  ,2.333134044181e+00  ,2.317135987657e+00  ,2.300159012714e+00  ,2.282704683101e+00  ,2.264137744592e+00  ,2.244748413559e+00  ,2.224263394059e+00  ,2.202701048329e+00  ,2.179675185520e+00  ,2.155242443774e+00  ,2.129127937783e+00  ,2.101331350412e+00  ,2.071193961449e+00  ,2.038567371025e+00  ,2.003543115966e+00  ,1.964969477321e+00  ,1.932366005195e+00  ,1.900647470484e+00  ,1.865851414818e+00  ,1.827288156045e+00  ,1.785333370178e+00  ,1.737578876980e+00  ,1.684229667334e+00  ,1.622395655598e+00  ,1.550191075346e+00  
  2.211840256696e-07  ,2.417080225633e+00  ,2.404331656933e+00  ,2.391194265619e+00  ,2.377421244964e+00  ,2.363213390066e+00  ,2.348600988983e+00  ,2.333134044181e+00  ,2.317135987657e+00  ,2.300159012714e+00  ,2.282704683101e+00  ,2.264137744592e+00  ,2.244748413559e+00  ,2.224263394059e+00  ,2.202701048329e+00  ,2.179675185520e+00  ,2.155242443774e+00  ,2.129127937783e+00  ,2.101331350412e+00  ,2.071193961449e+00  ,2.038567371025e+00  ,2.003543115966e+00  ,1.964969477321e+00  ,1.932366005195e+00  ,1.900647470484e+00  ,1.865851414818e+00  ,1.827288156045e+00  ,1.785333370178e+00  ,1.737578876980e+00  ,1.684229667334e+00  ,1.622395655598e+00  ,1.550191075346e+00  
  2.221840798502e-07  ,2.417080225633e+00  ,2.404331656933e+00  ,2.391194265619e+00  ,2.377421244964e+00  ,2.363213390066e+00  ,2.348600988983e+00  ,2.333134044181e+00  ,2.317135987657e+00  ,2.300159012714e+00  ,2.282704683101e+00  ,2.264137744592e+00  ,2.244748413559e+00  ,2.224263394059e+00  ,2.202701048329e+00  ,2.179675185520e+00  ,2.155242443774e+00  ,2.129127937783e+00  ,2.101331350412e+00  ,2.071193961449e+00  ,2.038567371025e+00  ,2.003543115966e+00  ,1.964969477321e+00  ,1.932366005195e+00  ,1.900647470484e+00  ,1.865851414818e+00  ,1.827288156045e+00  ,1.785333370178e+00  ,1.737578876980e+00  ,1.684229667334e+00  ,1.622395655598e+00  ,1.550191075346e+00  
  2.231841340309e-07  ,2.417080225633e+00  ,2.404331656933e+00  ,2.391194265619e+00  ,2.377421244964e+00  ,2.363213390066e+00  ,2.348600988983e+00  ,2.333134044181e+00  ,2.317135987657e+00  ,2.300159012714e+00  ,2.282704683101e+00  ,2.264137744592e+00  ,2.244748413559e+00  ,2.224263394059e+00  ,2.202701048329e+00  ,2.179675185520e+00  ,2.155242443774e+00  ,2.129127937783e+00  ,2.101331350412e+00  ,2.071193961449e+00  ,2.038567371025e+00  ,2.003543115966e+00  ,1.964969477321e+00  ,1.932366005195e+00  ,1.900647470484e+00  ,1.865851414818e+00  ,1.827288156045e+00  ,1.785333370178e+00  ,1.737578876980e+00  ,1.684229667334e+00  ,1.622395655598e+00  ,1.550191075346e+00  
  2.241841882115e-07  ,2.417080225633e+00  ,2.404331656933e+00  ,2.391194265619e+00  ,2.377421244964e+00  ,2.363213390066e+00  ,2.348600988983e+00  ,2.333134044181e+00  ,2.317135987657e+00  ,2.300159012714e+00  ,2.282704683101e+00  ,2.264137744592e+00  ,2.244748413559e+00  ,2.224263394059e+00  ,2.202701048329e+00  ,2.179675185520e+00  ,2.155242443774e+00  ,2.129127937783e+00  ,2.101331350412e+00  ,2.071193961449e+00  ,2.038567371025e+00  ,2.003543115966e+00  ,1.964969477321e+00  ,1.932366005195e+00  ,1.900647470484e+00  ,1.865851414818e+00  ,1.827288156045e+00  ,1.785333370178e+00  ,1.737578876980e+00  ,1.684229667334e+00  ,1.622395655598e+00  ,1.550191075346e+00  
  2.251842423921e-07  ,2.417080225633e+00  ,2.404331656933e+00  ,2.391194265619e+00  ,2.377421244964e+00  ,2.363213390066e+00  ,2.348600988983e+00  ,2.333134044181e+00  ,2.317135987657e+00  ,2.300159012714e+00  ,2.282704683101e+00  ,2.264137744592e+00  ,2.244748413559e+00  ,2.224263394059e+00  ,2.202701048329e+00  ,2.179675185520e+00  ,2.155242443774e+00  ,2.129127937783e+00  ,2.101331350412e+00  ,2.071193961449e+00  ,2.038567371025e+00  ,2.003543115966e+00  ,1.964969477321e+00  ,1.932366005195e+00  ,1.900647470484e+00  ,1.865851414818e+00  ,1.827288156045e+00  ,1.785333370178e+00  ,1.737578876980e+00  ,1.684229667334e+00  ,1.622395655598e+00  ,1.550191075346e+00  
  2.261842965727e-07  ,2.417080225633e+00  ,2.404331656933e+00  ,2.391194265619e+00  ,2.377421244964e+00  ,2.363213390066e+00  ,2.348600988983e+00  ,2.333134044181e+00  ,2.317135987657e+00  ,2.300159012714e+00  ,2.282704683101e+00  ,2.264137744592e+00  ,2.244748413559e+00  ,2.224263394059e+00  ,2.202701048329e+00  ,2.179675185520e+00  ,2.155242443774e+00  ,2.129127937783e+00  ,2.101331350412e+00  ,2.071193961449e+00  ,2.038567371025e+00  ,2.003543115966e+00  ,1.964969477321e+00  ,1.932366005195e+00  ,1.900647470484e+00  ,1.865851414818e+00  ,1.827288156045e+00  ,1.785333370178e+00  ,1.737578876980e+00  ,1.684229667334e+00  ,1.622395655598e+00  ,1.550191075346e+00  
  2.271843507533e-07  ,2.417080225633e+00  ,2.404331656933e+00  ,2.391194265619e+00  ,2.377421244964e+00  ,2.363213390066e+00  ,2.348600988983e+00  ,2.333134044181e+00  ,2.317135987657e+00  ,2.300159012714e+00  ,2.282704683101e+00  ,2.264137744592e+00  ,2.244748413559e+00  ,2.224263394059e+00  ,2.202701048329e+00  ,2.179675185520e+00  ,2.155242443774e+00  ,2.129127937783e+00  ,2.101331350412e+00  ,2.071193961449e+00  ,2.038567371025e+00  ,2.003543115966e+00  ,1.964969477321e+00  ,1.932366005195e+00  ,1.900647470484e+00  ,1.865851414818e+00  ,1.827288156045e+00  ,1.785333370178e+00  ,1.737578876980e+00  ,1.684229667334e+00  ,1.622395655598e+00  ,1.550191075346e+00  
  2.281844049340e-07  ,2.417080225633e+00  ,2.404331656933e+00  ,2.391194265619e+00  ,2.377421244964e+00  ,2.363213390066e+00  ,2.348600988983e+00  ,2.333134044181e+00  ,2.317135987657e+00  ,2.300159012714e+00  ,2.282704683101e+00  ,2.264137744592e+00  ,2.244748413559e+00  ,2.224263394059e+00  ,2.202701048329e+00  ,2.179675185520e+00  ,2.155242443774e+00  ,2.129127937783e+00  ,2.101331350412e+00  ,2.071193961449e+00  ,2.038567371025e+00  ,2.003543115966e+00  ,1.964969477321e+00  ,1.932366005195e+00  ,1.900647470484e+00  ,1.865851414818e+00  ,1.827288156045e+00  ,1.785333370178e+00  ,1.737578876980e+00  ,1.684229667334e+00  ,1.622395655598e+00  ,1.550191075346e+00  
  2.291844591146e-07  ,2.417080225633e+00  ,2.404331656933e+00  ,2.391194265619e+00  ,2.377421244964e+00  ,2.363213390066e+00  ,2.348600988983e+00  ,2.333134044181e+00  ,2.317135987657e+00  ,2.300159012714e+00  ,2.282704683101e+00  ,2.264137744592e+00  ,2.244748413559e+00  ,2.224263394059e+00  ,2.202701048329e+00  ,2.179675185520e+00  ,2.155242443774e+00  ,2.129127937783e+00  ,2.101331350412e+00  ,2.071193961449e+00  ,2.038567371025e+00  ,2.003543115966e+00  ,1.964969477321e+00  ,1.932366005195e+00  ,1.900647470484e+00  ,1.865851414818e+00  ,1.827288156045e+00  ,1.785333370178e+00  ,1.737578876980e+00  ,1.684229667334e+00  ,1.622395655598e+00  ,1.550191075346e+00  
  2.301845132952e-07  ,2.417080225633e+00  ,2.404331656933e+00  ,2.391194265619e+00  ,2.377421244964e+00  ,2.363213390066e+00  ,2.348600988983e+00  ,2.333134044181e+00  ,2.317135987657e+00  ,2.300159012714e+00  ,2.282704683101e+00  ,2.264137744592e+00  ,2.244748413559e+00  ,2.224263394059e+00  ,2.202701048329e+00  ,2.179675185520e+00  ,2.155242443774e+00  ,2.129127937783e+00  ,2.101331350412e+00  ,2.071193961449e+00  ,2.038567371025e+00  ,2.003543115966e+00  ,1.964969477321e+00  ,1.932366005195e+00  ,1.900647470484e+00  ,1.865851414818e+00  ,1.827288156045e+00  ,1.785333370178e+00  ,1.737578876980e+00  ,1.684229667334e+00  ,1.622395655598e+00  ,1.550191075346e+00  
  2.311845674758e-07  ,2.417080225633e+00  ,2.404331656933e+00  ,2.391194265619e+00  ,2.377421244964e+00  ,2.363213390066e+00  ,2.348600988983e+00  ,2.333134044181e+00  ,2.317135987657e+00  ,2.300159012714e+00  ,2.282704683101e+00  ,2.264137744592e+00  ,2.244748413559e+00  ,2.224263394059e+00  ,2.202701048329e+00  ,2.179675185520e+00  ,2.155242443774e+00  ,2.129127937783e+00  ,2.101331350412e+00  ,2.071193961449e+00  ,2.038567371025e+00  ,2.003543115966e+00  ,1.964969477321e+00  ,1.932366005195e+00  ,1.900647470484e+00  ,1.865851414818e+00  ,1.827288156045e+00  ,1.785333370178e+00  ,1.737578876980e+00  ,1.684229667334e+00  ,1.622395655598e+00  ,1.550191075346e+00  
  2.321846216565e-07  ,2.417080225633e+00  ,2.404331656933e+00  ,2.391194265619e+00  ,2.377421244964e+00  ,2.363213390066e+00  ,2.348600988983e+00  ,2.333134044181e+00  ,2.317135987657e+00  ,2.300159012714e+00  ,2.282704683101e+00  ,2.264137744592e+00  ,2.244748413559e+00  ,2.224263394059e+00  ,2.202701048329e+00  ,2.179675185520e+00  ,2.155242443774e+00  ,2.129127937783e+00  ,2.101331350412e+00  ,2.071193961449e+00  ,2.038567371025e+00  ,2.003543115966e+00  ,1.964969477321e+00  ,1.932366005195e+00  ,1.900647470484e+00  ,1.865851414818e+00  ,1.827288156045e+00  ,1.785333370178e+00  ,1.737578876980e+00  ,1.684229667334e+00  ,1.622395655598e+00  ,1.550191075346e+00  
  2.331846758371e-07  ,2.417080225633e+00  ,2.404331656933e+00  ,2.391194265619e+00  ,2.377421244964e+00  ,2.363213390066e+00  ,2.348600988983e+00  ,2.333134044181e+00  ,2.317135987657e+00  ,2.300159012714e+00  ,2.282704683101e+00  ,2.264137744592e+00  ,2.244748413559e+00  ,2.224263394059e+00  ,2.202701048329e+00  ,2.179675185520e+00  ,2.155242443774e+00  ,2.129127937783e+00  ,2.101331350412e+00  ,2.071193961449e+00  ,2.038567371025e+00  ,2.003543115966e+00  ,1.964969477321e+00  ,1.932366005195e+00  ,1.900647470484e+00  ,1.865851414818e+00  ,1.827288156045e+00  ,1.785333370178e+00  ,1.737578876980e+00  ,1.684229667334e+00  ,1.622395655598e+00  ,1.550191075346e+00  
  2.341847300177e-07  ,2.417080225633e+00  ,2.404331656933e+00  ,2.391194265619e+00  ,2.377421244964e+00  ,2.363213390066e+00  ,2.348600988983e+00  ,2.333134044181e+00  ,2.317135987657e+00  ,2.300159012714e+00  ,2.282704683101e+00  ,2.264137744592e+00  ,2.244748413559e+00  ,2.224263394059e+00  ,2.202701048329e+00  ,2.179675185520e+00  ,2.155242443774e+00  ,2.129127937783e+00  ,2.101331350412e+00  ,2.071193961449e+00  ,2.038567371025e+00  ,2.003543115966e+00  ,1.964969477321e+00  ,1.932366005195e+00  ,1.900647470484e+00  ,1.865851414818e+00  ,1.827288156045e+00  ,1.785333370178e+00  ,1.737578876980e+00  ,1.684229667334e+00  ,1.622395655598e+00  ,1.550191075346e+00  
  2.351847841983e-07  ,2.417080225633e+00  ,2.404331656933e+00  ,2.391194265619e+00  ,2.377421244964e+00  ,2.363213390066e+00  ,2.348600988983e+00  ,2.333134044181e+00  ,2.317135987657e+00  ,2.300159012714e+00  ,2.282704683101e+00  ,2.264137744592e+00  ,2.244748413559e+00  ,2.224263394059e+00  ,2.202701048329e+00  ,2.179675185520e+00  ,2.155242443774e+00  ,2.129127937783e+00  ,2.101331350412e+00  ,2.071193961449e+00  ,2.038567371025e+00  ,2.003543115966e+00  ,1.964969477321e+00  ,1.932366005195e+00  ,1.900647470484e+00  ,1.865851414818e+00  ,1.827288156045e+00  ,1.785333370178e+00  ,1.737578876980e+00  ,1.684229667334e+00  ,1.622395655598e+00  ,1.550191075346e+00  
  2.361848383789e-07  ,2.417080225633e+00  ,2.404331656933e+00  ,2.391194265619e+00  ,2.377421244964e+00  ,2.363213390066e+00  ,2.348600988983e+00  ,2.333134044181e+00  ,2.317135987657e+00  ,2.300159012714e+00  ,2.282704683101e+00  ,2.264137744592e+00  ,2.244748413559e+00  ,2.224263394059e+00  ,2.202701048329e+00  ,2.179675185520e+00  ,2.155242443774e+00  ,2.129127937783e+00  ,2.101331350412e+00  ,2.071193961449e+00  ,2.038567371025e+00  ,2.003543115966e+00  ,1.964969477321e+00  ,1.932366005195e+00  ,1.900647470484e+00  ,1.865851414818e+00  ,1.827288156045e+00  ,1.785333370178e+00  ,1.737578876980e+00  ,1.684229667334e+00  ,1.622395655598e+00  ,1.550191075346e+00  
  2.371848925596e-07  ,2.417080225633e+00  ,2.404331656933e+00  ,2.391194265619e+00  ,2.377421244964e+00  ,2.363213390066e+00  ,2.348600988983e+00  ,2.333134044181e+00  ,2.317135987657e+00  ,2.300159012714e+00  ,2.282704683101e+00  ,2.264137744592e+00  ,2.244748413559e+00  ,2.224263394059e+00  ,2.202701048329e+00  ,2.179675185520e+00  ,2.155242443774e+00  ,2.129127937783e+00  ,2.101331350412e+00  ,2.071193961449e+00  ,2.038567371025e+00  ,2.003543115966e+00  ,1.964969477321e+00  ,1.932366005195e+00  ,1.900647470484e+00  ,1.865851414818e+00  ,1.827288156045e+00  ,1.785333370178e+00  ,1.737578876980e+00  ,1.684229667334e+00  ,1.622395655598e+00  ,1.550191075346e+00  
  2.381849467402e-07  ,2.417080225633e+00  ,2.404331656933e+00  ,2.391194265619e+00  ,2.377421244964e+00  ,2.363213390066e+00  ,2.348600988983e+00  ,2.333134044181e+00  ,2.317135987657e+00  ,2.300159012714e+00  ,2.282704683101e+00  ,2.264137744592e+00  ,2.244748413559e+00  ,2.224263394059e+00  ,2.202701048329e+00  ,2.179675185520e+00  ,2.155242443774e+00  ,2.129127937783e+00  ,2.101331350412e+00  ,2.071193961449e+00  ,2.038567371025e+00  ,2.003543115966e+00  ,1.964969477321e+00  ,1.932366005195e+00  ,1.900647470484e+00  ,1.865851414818e+00  ,1.827288156045e+00  ,1.785333370178e+00  ,1.737578876980e+00  ,1.684229667334e+00  ,1.622395655598e+00  ,1.550191075346e+00  
  2.391850009208e-07  ,2.417080225633e+00  ,2.404331656933e+00  ,2.391194265619e+00  ,2.377421244964e+00  ,2.363213390066e+00  ,2.348600988983e+00  ,2.333134044181e+00  ,2.317135987657e+00  ,2.300159012714e+00  ,2.282704683101e+00  ,2.264137744592e+00  ,2.244748413559e+00  ,2.224263394059e+00  ,2.202701048329e+00  ,2.179675185520e+00  ,2.155242443774e+00  ,2.129127937783e+00  ,2.101331350412e+00  ,2.071193961449e+00  ,2.038567371025e+00  ,2.003543115966e+00  ,1.964969477321e+00  ,1.932366005195e+00  ,1.900647470484e+00  ,1.865851414818e+00  ,1.827288156045e+00  ,1.785333370178e+00  ,1.737578876980e+00  ,1.684229667334e+00  ,1.622395655598e+00  ,1.550191075346e+00  
  2.401850551014e-07  ,2.417080225633e+00  ,2.404331656933e+00  ,2.391194265619e+00  ,2.377421244964e+00  ,2.363213390066e+00  ,2.348600988983e+00  ,2.333134044181e+00  ,2.317135987657e+00  ,2.300159012714e+00  ,2.282704683101e+00  ,2.264137744592e+00  ,2.244748413559e+00  ,2.224263394059e+00  ,2.202701048329e+00  ,2.179675185520e+00  ,2.155242443774e+00  ,2.129127937783e+00  ,2.101331350412e+00  ,2.071193961449e+00  ,2.038567371025e+00  ,2.003543115966e+00  ,1.964969477321e+00  ,1.932366005195e+00  ,1.900647470484e+00  ,1.865851414818e+00  ,1.827288156045e+00  ,1.785333370178e+00  ,1.737578876980e+00  ,1.684229667334e+00  ,1.622395655598e+00  ,1.550191075346e+00  
  2.411851092821e-07  ,2.417080225633e+00  ,2.404331656933e+00  ,2.391194265619e+00  ,2.377421244964e+00  ,2.363213390066e+00  ,2.348600988983e+00  ,2.333134044181e+00  ,2.317135987657e+00  ,2.300159012714e+00  ,2.282704683101e+00  ,2.264137744592e+00  ,2.244748413559e+00  ,2.224263394059e+00  ,2.202701048329e+00  ,2.179675185520e+00  ,2.155242443774e+00  ,2.129127937783e+00  ,2.101331350412e+00  ,2.071193961449e+00  ,2.038567371025e+00  ,2.003543115966e+00  ,1.964969477321e+00  ,1.932366005195e+00  ,1.900647470484e+00  ,1.865851414818e+00  ,1.827288156045e+00  ,1.785333370178e+00  ,1.737578876980e+00  ,1.684229667334e+00  ,1.622395655598e+00  ,1.550191075346e+00  
  2.421851634627e-07  ,2.417080225633e+00  ,2.404331656933e+00  ,2.391194265619e+00  ,2.377421244964e+00  ,2.363213390066e+00  ,2.348600988983e+00  ,2.333134044181e+00  ,2.317135987657e+00  ,2.300159012714e+00  ,2.282704683101e+00  ,2.264137744592e+00  ,2.244748413559e+00  ,2.224263394059e+00  ,2.202701048329e+00  ,2.179675185520e+00  ,2.155242443774e+00  ,2.129127937783e+00  ,2.101331350412e+00  ,2.071193961449e+00  ,2.038567371025e+00  ,2.003543115966e+00  ,1.964969477321e+00  ,1.932366005195e+00  ,1.900647470484e+00  ,1.865851414818e+00  ,1.827288156045e+00  ,1.785333370178e+00  ,1.737578876980e+00  ,1.684229667334e+00  ,1.622395655598e+00  ,1.550191075346e+00  
  2.431852176433e-07  ,2.417080225633e+00  ,2.404331656933e+00  ,2.391194265619e+00  ,2.377421244964e+00  ,2.363213390066e+00  ,2.348600988983e+00  ,2.333134044181e+00  ,2.317135987657e+00  ,2.300159012714e+00  ,2.282704683101e+00  ,2.264137744592e+00  ,2.244748413559e+00  ,2.224263394059e+00  ,2.202701048329e+00  ,2.179675185520e+00  ,2.155242443774e+00  ,2.129127937783e+00  ,2.101331350412e+00  ,2.071193961449e+00  ,2.038567371025e+00  ,2.003543115966e+00  ,1.964969477321e+00  ,1.932366005195e+00  ,1.900647470484e+00  ,1.865851414818e+00  ,1.827288156045e+00  ,1.785333370178e+00  ,1.737578876980e+00  ,1.684229667334e+00  ,1.622395655598e+00  ,1.550191075346e+00  
  2.441852718239e-07  ,2.417080225633e+00  ,2.404331656933e+00  ,2.391194265619e+00  ,2.377421244964e+00  ,2.363213390066e+00  ,2.348600988983e+00  ,2.333134044181e+00  ,2.317135987657e+00  ,2.300159012714e+00  ,2.282704683101e+00  ,2.264137744592e+00  ,2.244748413559e+00  ,2.224263394059e+00  ,2.202701048329e+00  ,2.179675185520e+00  ,2.155242443774e+00  ,2.129127937783e+00  ,2.101331350412e+00  ,2.071193961449e+00  ,2.038567371025e+00  ,2.003543115966e+00  ,1.964969477321e+00  ,1.932366005195e+00  ,1.900647470484e+00  ,1.865851414818e+00  ,1.827288156045e+00  ,1.785333370178e+00  ,1.737578876980e+00  ,1.684229667334e+00  ,1.622395655598e+00  ,1.550191075346e+00  
  2.451853260045e-07  ,2.417080225633e+00  ,2.404331656933e+00  ,2.391194265619e+00  ,2.377421244964e+00  ,2.363213390066e+00  ,2.348600988983e+00  ,2.333134044181e+00  ,2.317135987657e+00  ,2.300159012714e+00  ,2.282704683101e+00  ,2.264137744592e+00  ,2.244748413559e+00  ,2.224263394059e+00  ,2.202701048329e+00  ,2.179675185520e+00  ,2.155242443774e+00  ,2.129127937783e+00  ,2.101331350412e+00  ,2.071193961449e+00  ,2.038567371025e+00  ,2.003543115966e+00  ,1.964969477321e+00  ,1.932366005195e+00  ,1.900647470484e+00  ,1.865851414818e+00  ,1.827288156045e+00  ,1.785333370178e+00  ,1.737578876980e+00  ,1.684229667334e+00  ,1.622395655598e+00  ,1.550191075346e+00  
  2.461853801852e-07  ,2.417080225633e+00  ,2.404331656933e+00  ,2.391194265619e+00  ,2.377421244964e+00  ,2.363213390066e+00  ,2.348600988983e+00  ,2.333134044181e+00  ,2.317135987657e+00  ,2.300159012714e+00  ,2.282704683101e+00  ,2.264137744592e+00  ,2.244748413559e+00  ,2.224263394059e+00  ,2.202701048329e+00  ,2.179675185520e+00  ,2.155242443774e+00  ,2.129127937783e+00  ,2.101331350412e+00  ,2.071193961449e+00  ,2.038567371025e+00  ,2.003543115966e+00  ,1.964969477321e+00  ,1.932366005195e+00  ,1.900647470484e+00  ,1.865851414818e+00  ,1.827288156045e+00  ,1.785333370178e+00  ,1.737578876980e+00  ,1.684229667334e+00  ,1.622395655598e+00  ,1.550191075346e+00  
  2.471854343658e-07  ,2.417080225633e+00  ,2.404331656933e+00  ,2.391194265619e+00  ,2.377421244964e+00  ,2.363213390066e+00  ,2.348600988983e+00  ,2.333134044181e+00  ,2.317135987657e+00  ,2.300159012714e+00  ,2.282704683101e+00  ,2.264137744592e+00  ,2.244748413559e+00  ,2.224263394059e+00  ,2.202701048329e+00  ,2.179675185520e+00  ,2.155242443774e+00  ,2.129127937783e+00  ,2.101331350412e+00  ,2.071193961449e+00  ,2.038567371025e+00  ,2.003543115966e+00  ,1.964969477321e+00  ,1.932366005195e+00  ,1.900647470484e+00  ,1.865851414818e+00  ,1.827288156045e+00  ,1.785333370178e+00  ,1.737578876980e+00  ,1.684229667334e+00  ,1.622395655598e+00  ,1.550191075346e+00  
  2.481854885464e-07  ,2.417080225633e+00  ,2.404331656933e+00  ,2.391194265619e+00  ,2.377421244964e+00  ,2.363213390066e+00  ,2.348600988983e+00  ,2.333134044181e+00  ,2.317135987657e+00  ,2.300159012714e+00  ,2.282704683101e+00  ,2.264137744592e+00  ,2.244748413559e+00  ,2.224263394059e+00  ,2.202701048329e+00  ,2.179675185520e+00  ,2.155242443774e+00  ,2.129127937783e+00  ,2.101331350412e+00  ,2.071193961449e+00  ,2.038567371025e+00  ,2.003543115966e+00  ,1.964969477321e+00  ,1.932366005195e+00  ,1.900647470484e+00  ,1.865851414818e+00  ,1.827288156045e+00  ,1.785333370178e+00  ,1.737578876980e+00  ,1.684229667334e+00  ,1.622395655598e+00  ,1.550191075346e+00  
  2.491855427270e-07  ,2.417080225633e+00  ,2.404331656933e+00  ,2.391194265619e+00  ,2.377421244964e+00  ,2.363213390066e+00  ,2.348600988983e+00  ,2.333134044181e+00  ,2.317135987657e+00  ,2.300159012714e+00  ,2.282704683101e+00  ,2.264137744592e+00  ,2.244748413559e+00  ,2.224263394059e+00  ,2.202701048329e+00  ,2.179675185520e+00  ,2.155242443774e+00  ,2.129127937783e+00  ,2.101331350412e+00  ,2.071193961449e+00  ,2.038567371025e+00  ,2.003543115966e+00  ,1.964969477321e+00  ,1.932366005195e+00  ,1.900647470484e+00  ,1.865851414818e+00  ,1.827288156045e+00  ,1.785333370178e+00  ,1.737578876980e+00  ,1.684229667334e+00  ,1.622395655598e+00  ,1.550191075346e+00  
  2.501855969076e-07  ,2.417080225633e+00  ,2.404331656933e+00  ,2.391194265619e+00  ,2.377421244964e+00  ,2.363213390066e+00  ,2.348600988983e+00  ,2.333134044181e+00  ,2.317135987657e+00  ,2.300159012714e+00  ,2.282704683101e+00  ,2.264137744592e+00  ,2.244748413559e+00  ,2.224263394059e+00  ,2.202701048329e+00  ,2.179675185520e+00  ,2.155242443774e+00  ,2.129127937783e+00  ,2.101331350412e+00  ,2.071193961449e+00  ,2.038567371025e+00  ,2.003543115966e+00  ,1.964969477321e+00  ,1.932366005195e+00  ,1.900647470484e+00  ,1.865851414818e+00  ,1.827288156045e+00  ,1.785333370178e+00  ,1.737578876980e+00  ,1.684229667334e+00  ,1.622395655598e+00  ,1.550191075346e+00  
  2.511856510883e-07  ,2.417080225633e+00  ,2.404331656933e+00  ,2.391194265619e+00  ,2.377421244964e+00  ,2.363213390066e+00  ,2.348600988983e+00  ,2.333134044181e+00  ,2.317135987657e+00  ,2.300159012714e+00  ,2.282704683101e+00  ,2.264137744592e+00  ,2.244748413559e+00  ,2.224263394059e+00  ,2.202701048329e+00  ,2.179675185520e+00  ,2.155242443774e+00  ,2.129127937783e+00  ,2.101331350412e+00  ,2.071193961449e+00  ,2.038567371025e+00  ,2.003543115966e+00  ,1.964969477321e+00  ,1.932366005195e+00  ,1.900647470484e+00  ,1.865851414818e+00  ,1.827288156045e+00  ,1.785333370178e+00  ,1.737578876980e+00  ,1.684229667334e+00  ,1.622395655598e+00  ,1.550191075346e+00  
  2.521857052689e-07  ,2.417080225633e+00  ,2.404331656933e+00  ,2.391194265619e+00  ,2.377421244964e+00  ,2.363213390066e+00  ,2.348600988983e+00  ,2.333134044181e+00  ,2.317135987657e+00  ,2.300159012714e+00  ,2.282704683101e+00  ,2.264137744592e+00  ,2.244748413559e+00  ,2.224263394059e+00  ,2.202701048329e+00  ,2.179675185520e+00  ,2.155242443774e+00  ,2.129127937783e+00  ,2.101331350412e+00  ,2.071193961449e+00  ,2.038567371025e+00  ,2.003543115966e+00  ,1.964969477321e+00  ,1.932366005195e+00  ,1.900647470484e+00  ,1.865851414818e+00  ,1.827288156045e+00  ,1.785333370178e+00  ,1.737578876980e+00  ,1.684229667334e+00  ,1.622395655598e+00  ,1.550191075346e+00  
  2.531857594495e-07  ,2.417080225633e+00  ,2.404331656933e+00  ,2.391194265619e+00  ,2.377421244964e+00  ,2.363213390066e+00  ,2.348600988983e+00  ,2.333134044181e+00  ,2.317135987657e+00  ,2.300159012714e+00  ,2.282704683101e+00  ,2.264137744592e+00  ,2.244748413559e+00  ,2.224263394059e+00  ,2.202701048329e+00  ,2.179675185520e+00  ,2.155242443774e+00  ,2.129127937783e+00  ,2.101331350412e+00  ,2.071193961449e+00  ,2.038567371025e+00  ,2.003543115966e+00  ,1.964969477321e+00  ,1.932366005195e+00  ,1.900647470484e+00  ,1.865851414818e+00  ,1.827288156045e+00  ,1.785333370178e+00  ,1.737578876980e+00  ,1.684229667334e+00  ,1.622395655598e+00  ,1.550191075346e+00  
  2.541858136301e-07  ,2.417080225633e+00  ,2.404331656933e+00  ,2.391194265619e+00  ,2.377421244964e+00  ,2.363213390066e+00  ,2.348600988983e+00  ,2.333134044181e+00  ,2.317135987657e+00  ,2.300159012714e+00  ,2.282704683101e+00  ,2.264137744592e+00  ,2.244748413559e+00  ,2.224263394059e+00  ,2.202701048329e+00  ,2.179675185520e+00  ,2.155242443774e+00  ,2.129127937783e+00  ,2.101331350412e+00  ,2.071193961449e+00  ,2.038567371025e+00  ,2.003543115966e+00  ,1.964969477321e+00  ,1.932366005195e+00  ,1.900647470484e+00  ,1.865851414818e+00  ,1.827288156045e+00  ,1.785333370178e+00  ,1.737578876980e+00  ,1.684229667334e+00  ,1.622395655598e+00  ,1.550191075346e+00  
  2.551858678108e-07  ,2.417080225633e+00  ,2.404331656933e+00  ,2.391194265619e+00  ,2.377421244964e+00  ,2.363213390066e+00  ,2.348600988983e+00  ,2.333134044181e+00  ,2.317135987657e+00  ,2.300159012714e+00  ,2.282704683101e+00  ,2.264137744592e+00  ,2.244748413559e+00  ,2.224263394059e+00  ,2.202701048329e+00  ,2.179675185520e+00  ,2.155242443774e+00  ,2.129127937783e+00  ,2.101331350412e+00  ,2.071193961449e+00  ,2.038567371025e+00  ,2.003543115966e+00  ,1.964969477321e+00  ,1.932366005195e+00  ,1.900647470484e+00  ,1.865851414818e+00  ,1.827288156045e+00  ,1.785333370178e+00  ,1.737578876980e+00  ,1.684229667334e+00  ,1.622395655598e+00  ,1.550191075346e+00  
  2.561859219914e-07  ,2.417080225633e+00  ,2.404331656933e+00  ,2.391194265619e+00  ,2.377421244964e+00  ,2.363213390066e+00  ,2.348600988983e+00  ,2.333134044181e+00  ,2.317135987657e+00  ,2.300159012714e+00  ,2.282704683101e+00  ,2.264137744592e+00  ,2.244748413559e+00  ,2.224263394059e+00  ,2.202701048329e+00  ,2.179675185520e+00  ,2.155242443774e+00  ,2.129127937783e+00  ,2.101331350412e+00  ,2.071193961449e+00  ,2.038567371025e+00  ,2.003543115966e+00  ,1.964969477321e+00  ,1.932366005195e+00  ,1.900647470484e+00  ,1.865851414818e+00  ,1.827288156045e+00  ,1.785333370178e+00  ,1.737578876980e+00  ,1.684229667334e+00  ,1.622395655598e+00  ,1.550191075346e+00  
  2.571859761720e-07  ,2.417080225633e+00  ,2.404331656933e+00  ,2.391194265619e+00  ,2.377421244964e+00  ,2.363213390066e+00  ,2.348600988983e+00  ,2.333134044181e+00  ,2.317135987657e+00  ,2.300159012714e+00  ,2.282704683101e+00  ,2.264137744592e+00  ,2.244748413559e+00  ,2.224263394059e+00  ,2.202701048329e+00  ,2.179675185520e+00  ,2.155242443774e+00  ,2.129127937783e+00  ,2.101331350412e+00  ,2.071193961449e+00  ,2.038567371025e+00  ,2.003543115966e+00  ,1.964969477321e+00  ,1.932366005195e+00  ,1.900647470484e+00  ,1.865851414818e+00  ,1.827288156045e+00  ,1.785333370178e+00  ,1.737578876980e+00  ,1.684229667334e+00  ,1.622395655598e+00  ,1.550191075346e+00  
  2.581860303526e-07  ,2.417080225633e+00  ,2.404331656933e+00  ,2.391194265619e+00  ,2.377421244964e+00  ,2.363213390066e+00  ,2.348600988983e+00  ,2.333134044181e+00  ,2.317135987657e+00  ,2.300159012714e+00  ,2.282704683101e+00  ,2.264137744592e+00  ,2.244748413559e+00  ,2.224263394059e+00  ,2.202701048329e+00  ,2.179675185520e+00  ,2.155242443774e+00  ,2.129127937783e+00  ,2.101331350412e+00  ,2.071193961449e+00  ,2.038567371025e+00  ,2.003543115966e+00  ,1.964969477321e+00  ,1.932366005195e+00  ,1.900647470484e+00  ,1.865851414818e+00  ,1.827288156045e+00  ,1.785333370178e+00  ,1.737578876980e+00  ,1.684229667334e+00  ,1.622395655598e+00  ,1.550191075346e+00  
  2.591860845332e-07  ,2.417080225633e+00  ,2.404331656933e+00  ,2.391194265619e+00  ,2.377421244964e+00  ,2.363213390066e+00  ,2.348600988983e+00  ,2.333134044181e+00  ,2.317135987657e+00  ,2.300159012714e+00  ,2.282704683101e+00  ,2.264137744592e+00  ,2.244748413559e+00  ,2.224263394059e+00  ,2.202701048329e+00  ,2.179675185520e+00  ,2.155242443774e+00  ,2.129127937783e+00  ,2.101331350412e+00  ,2.071193961449e+00  ,2.038567371025e+00  ,2.003543115966e+00  ,1.964969477321e+00  ,1.932366005195e+00  ,1.900647470484e+00  ,1.865851414818e+00  ,1.827288156045e+00  ,1.785333370178e+00  ,1.737578876980e+00  ,1.684229667334e+00  ,1.622395655598e+00  ,1.550191075346e+00  
  2.601861387139e-07  ,2.417080225633e+00  ,2.404331656933e+00  ,2.391194265619e+00  ,2.377421244964e+00  ,2.363213390066e+00  ,2.348600988983e+00  ,2.333134044181e+00  ,2.317135987657e+00  ,2.300159012714e+00  ,2.282704683101e+00  ,2.264137744592e+00  ,2.244748413559e+00  ,2.224263394059e+00  ,2.202701048329e+00  ,2.179675185520e+00  ,2.155242443774e+00  ,2.129127937783e+00  ,2.101331350412e+00  ,2.071193961449e+00  ,2.038567371025e+00  ,2.003543115966e+00  ,1.964969477321e+00  ,1.932366005195e+00  ,1.900647470484e+00  ,1.865851414818e+00  ,1.827288156045e+00  ,1.785333370178e+00  ,1.737578876980e+00  ,1.684229667334e+00  ,1.622395655598e+00  ,1.550191075346e+00  
  2.611861928945e-07  ,2.417080225633e+00  ,2.404331656933e+00  ,2.391194265619e+00  ,2.377421244964e+00  ,2.363213390066e+00  ,2.348600988983e+00  ,2.333134044181e+00  ,2.317135987657e+00  ,2.300159012714e+00  ,2.282704683101e+00  ,2.264137744592e+00  ,2.244748413559e+00  ,2.224263394059e+00  ,2.202701048329e+00  ,2.179675185520e+00  ,2.155242443774e+00  ,2.129127937783e+00  ,2.101331350412e+00  ,2.071193961449e+00  ,2.038567371025e+00  ,2.003543115966e+00  ,1.964969477321e+00  ,1.932366005195e+00  ,1.900647470484e+00  ,1.865851414818e+00  ,1.827288156045e+00  ,1.785333370178e+00  ,1.737578876980e+00  ,1.684229667334e+00  ,1.622395655598e+00  ,1.550191075346e+00  
  2.621862470751e-07  ,2.417080225633e+00  ,2.404331656933e+00  ,2.391194265619e+00  ,2.377421244964e+00  ,2.363213390066e+00  ,2.348600988983e+00  ,2.333134044181e+00  ,2.317135987657e+00  ,2.300159012714e+00  ,2.282704683101e+00  ,2.264137744592e+00  ,2.244748413559e+00  ,2.224263394059e+00  ,2.202701048329e+00  ,2.179675185520e+00  ,2.155242443774e+00  ,2.129127937783e+00  ,2.101331350412e+00  ,2.071193961449e+00  ,2.038567371025e+00  ,2.003543115966e+00  ,1.964969477321e+00  ,1.932366005195e+00  ,1.900647470484e+00  ,1.865851414818e+00  ,1.827288156045e+00  ,1.785333370178e+00  ,1.737578876980e+00  ,1.684229667334e+00  ,1.622395655598e+00  ,1.550191075346e+00  
  2.631863012557e-07  ,2.417080225633e+00  ,2.404331656933e+00  ,2.391194265619e+00  ,2.377421244964e+00  ,2.363213390066e+00  ,2.348600988983e+00  ,2.333134044181e+00  ,2.317135987657e+00  ,2.300159012714e+00  ,2.282704683101e+00  ,2.264137744592e+00  ,2.244748413559e+00  ,2.224263394059e+00  ,2.202701048329e+00  ,2.179675185520e+00  ,2.155242443774e+00  ,2.129127937783e+00  ,2.101331350412e+00  ,2.071193961449e+00  ,2.038567371025e+00  ,2.003543115966e+00  ,1.964969477321e+00  ,1.932366005195e+00  ,1.900647470484e+00  ,1.865851414818e+00  ,1.827288156045e+00  ,1.785333370178e+00  ,1.737578876980e+00  ,1.684229667334e+00  ,1.622395655598e+00  ,1.550191075346e+00  
  2.641863554364e-07  ,2.417080225633e+00  ,2.404331656933e+00  ,2.391194265619e+00  ,2.377421244964e+00  ,2.363213390066e+00  ,2.348600988983e+00  ,2.333134044181e+00  ,2.317135987657e+00  ,2.300159012714e+00  ,2.282704683101e+00  ,2.264137744592e+00  ,2.244748413559e+00  ,2.224263394059e+00  ,2.202701048329e+00  ,2.179675185520e+00  ,2.155242443774e+00  ,2.129127937783e+00  ,2.101331350412e+00  ,2.071193961449e+00  ,2.038567371025e+00  ,2.003543115966e+00  ,1.964969477321e+00  ,1.932366005195e+00  ,1.900647470484e+00  ,1.865851414818e+00  ,1.827288156045e+00  ,1.785333370178e+00  ,1.737578876980e+00  ,1.684229667334e+00  ,1.622395655598e+00  ,1.550191075346e+00  
  2.651864096170e-07  ,2.417080225633e+00  ,2.404331656933e+00  ,2.391194265619e+00  ,2.377421244964e+00  ,2.363213390066e+00  ,2.348600988983e+00  ,2.333134044181e+00  ,2.317135987657e+00  ,2.300159012714e+00  ,2.282704683101e+00  ,2.264137744592e+00  ,2.244748413559e+00  ,2.224263394059e+00  ,2.202701048329e+00  ,2.179675185520e+00  ,2.155242443774e+00  ,2.129127937783e+00  ,2.101331350412e+00  ,2.071193961449e+00  ,2.038567371025e+00  ,2.003543115966e+00  ,1.964969477321e+00  ,1.932366005195e+00  ,1.900647470484e+00  ,1.865851414818e+00  ,1.827288156045e+00  ,1.785333370178e+00  ,1.737578876980e+00  ,1.684229667334e+00  ,1.622395655598e+00  ,1.550191075346e+00  
  2.661864637976e-07  ,2.417080225633e+00  ,2.404331656933e+00  ,2.391194265619e+00  ,2.377421244964e+00  ,2.363213390066e+00  ,2.348600988983e+00  ,2.333134044181e+00  ,2.317135987657e+00  ,2.300159012714e+00  ,2.282704683101e+00  ,2.264137744592e+00  ,2.244748413559e+00  ,2.224263394059e+00  ,2.202701048329e+00  ,2.179675185520e+00  ,2.155242443774e+00  ,2.129127937783e+00  ,2.101331350412e+00  ,2.071193961449e+00  ,2.038567371025e+00  ,2.003543115966e+00  ,1.964969477321e+00  ,1.932366005195e+00  ,1.900647470484e+00  ,1.865851414818e+00  ,1.827288156045e+00  ,1.785333370178e+00  ,1.737578876980e+00  ,1.684229667334e+00  ,1.622395655598e+00  ,1.550191075346e+00  
  2.671865179782e-07  ,2.417080225633e+00  ,2.404331656933e+00  ,2.391194265619e+00  ,2.377421244964e+00  ,2.363213390066e+00  ,2.348600988983e+00  ,2.333134044181e+00  ,2.317135987657e+00  ,2.300159012714e+00  ,2.282704683101e+00  ,2.264137744592e+00  ,2.244748413559e+00  ,2.224263394059e+00  ,2.202701048329e+00  ,2.179675185520e+00  ,2.155242443774e+00  ,2.129127937783e+00  ,2.101331350412e+00  ,2.071193961449e+00  ,2.038567371025e+00  ,2.003543115966e+00  ,1.964969477321e+00  ,1.932366005195e+00  ,1.900647470484e+00  ,1.865851414818e+00  ,1.827288156045e+00  ,1.785333370178e+00  ,1.737578876980e+00  ,1.684229667334e+00  ,1.622395655598e+00  ,1.550191075346e+00  
  2.681865721588e-07  ,2.417080225633e+00  ,2.404331656933e+00  ,2.391194265619e+00  ,2.377421244964e+00  ,2.363213390066e+00  ,2.348600988983e+00  ,2.333134044181e+00  ,2.317135987657e+00  ,2.300159012714e+00  ,2.282704683101e+00  ,2.264137744592e+00  ,2.244748413559e+00  ,2.224263394059e+00  ,2.202701048329e+00  ,2.179675185520e+00  ,2.155242443774e+00  ,2.129127937783e+00  ,2.101331350412e+00  ,2.071193961449e+00  ,2.038567371025e+00  ,2.003543115966e+00  ,1.964969477321e+00  ,1.932366005195e+00  ,1.900647470484e+00  ,1.865851414818e+00  ,1.827288156045e+00  ,1.785333370178e+00  ,1.737578876980e+00  ,1.684229667334e+00  ,1.622395655598e+00  ,1.550191075346e+00  
  2.691866263395e-07  ,2.417080225633e+00  ,2.404331656933e+00  ,2.391194265619e+00  ,2.377421244964e+00  ,2.363213390066e+00  ,2.348600988983e+00  ,2.333134044181e+00  ,2.317135987657e+00  ,2.300159012714e+00  ,2.282704683101e+00  ,2.264137744592e+00  ,2.244748413559e+00  ,2.224263394059e+00  ,2.202701048329e+00  ,2.179675185520e+00  ,2.155242443774e+00  ,2.129127937783e+00  ,2.101331350412e+00  ,2.071193961449e+00  ,2.038567371025e+00  ,2.003543115966e+00  ,1.964969477321e+00  ,1.932366005195e+00  ,1.900647470484e+00  ,1.865851414818e+00  ,1.827288156045e+00  ,1.785333370178e+00  ,1.737578876980e+00  ,1.684229667334e+00  ,1.622395655598e+00  ,1.550191075346e+00  
  2.701866805201e-07  ,2.417080225633e+00  ,2.404331656933e+00  ,2.391194265619e+00  ,2.377421244964e+00  ,2.363213390066e+00  ,2.348600988983e+00  ,2.333134044181e+00  ,2.317135987657e+00  ,2.300159012714e+00  ,2.282704683101e+00  ,2.264137744592e+00  ,2.244748413559e+00  ,2.224263394059e+00  ,2.202701048329e+00  ,2.179675185520e+00  ,2.155242443774e+00  ,2.129127937783e+00  ,2.101331350412e+00  ,2.071193961449e+00  ,2.038567371025e+00  ,2.003543115966e+00  ,1.964969477321e+00  ,1.932366005195e+00  ,1.900647470484e+00  ,1.865851414818e+00  ,1.827288156045e+00  ,1.785333370178e+00  ,1.737578876980e+00  ,1.684229667334e+00  ,1.622395655598e+00  ,1.550191075346e+00  
  2.711867347007e-07  ,2.417080225633e+00  ,2.404331656933e+00  ,2.391194265619e+00  ,2.377421244964e+00  ,2.363213390066e+00  ,2.348600988983e+00  ,2.333134044181e+00  ,2.317135987657e+00  ,2.300159012714e+00  ,2.282704683101e+00  ,2.264137744592e+00  ,2.244748413559e+00  ,2.224263394059e+00  ,2.202701048329e+00  ,2.179675185520e+00  ,2.155242443774e+00  ,2.129127937783e+00  ,2.101331350412e+00  ,2.071193961449e+00  ,2.038567371025e+00  ,2.003543115966e+00  ,1.964969477321e+00  ,1.932366005195e+00  ,1.900647470484e+00  ,1.865851414818e+00  ,1.827288156045e+00  ,1.785333370178e+00  ,1.737578876980e+00  ,1.684229667334e+00  ,1.622395655598e+00  ,1.550191075346e+00  
  2.721867888813e-07  ,2.417080225633e+00  ,2.404331656933e+00  ,2.391194265619e+00  ,2.377421244964e+00  ,2.363213390066e+00  ,2.348600988983e+00  ,2.333134044181e+00  ,2.317135987657e+00  ,2.300159012714e+00  ,2.282704683101e+00  ,2.264137744592e+00  ,2.244748413559e+00  ,2.224263394059e+00  ,2.202701048329e+00  ,2.179675185520e+00  ,2.155242443774e+00  ,2.129127937783e+00  ,2.101331350412e+00  ,2.071193961449e+00  ,2.038567371025e+00  ,2.003543115966e+00  ,1.964969477321e+00  ,1.932366005195e+00  ,1.900647470484e+00  ,1.865851414818e+00  ,1.827288156045e+00  ,1.785333370178e+00  ,1.737578876980e+00  ,1.684229667334e+00  ,1.622395655598e+00  ,1.550191075346e+00  
  2.731868430620e-07  ,2.417080225633e+00  ,2.404331656933e+00  ,2.391194265619e+00  ,2.377421244964e+00  ,2.363213390066e+00  ,2.348600988983e+00  ,2.333134044181e+00  ,2.317135987657e+00  ,2.300159012714e+00  ,2.282704683101e+00  ,2.264137744592e+00  ,2.244748413559e+00  ,2.224263394059e+00  ,2.202701048329e+00  ,2.179675185520e+00  ,2.155242443774e+00  ,2.129127937783e+00  ,2.101331350412e+00  ,2.071193961449e+00  ,2.038567371025e+00  ,2.003543115966e+00  ,1.964969477321e+00  ,1.932366005195e+00  ,1.900647470484e+00  ,1.865851414818e+00  ,1.827288156045e+00  ,1.785333370178e+00  ,1.737578876980e+00  ,1.684229667334e+00  ,1.622395655598e+00  ,1.550191075346e+00  
  2.741868972426e-07  ,2.417080225633e+00  ,2.404331656933e+00  ,2.391194265619e+00  ,2.377421244964e+00  ,2.363213390066e+00  ,2.348600988983e+00  ,2.333134044181e+00  ,2.317135987657e+00  ,2.300159012714e+00  ,2.282704683101e+00  ,2.264137744592e+00  ,2.244748413559e+00  ,2.224263394059e+00  ,2.202701048329e+00  ,2.179675185520e+00  ,2.155242443774e+00  ,2.129127937783e+00  ,2.101331350412e+00  ,2.071193961449e+00  ,2.038567371025e+00  ,2.003543115966e+00  ,1.964969477321e+00  ,1.932366005195e+00  ,1.900647470484e+00  ,1.865851414818e+00  ,1.827288156045e+00  ,1.785333370178e+00  ,1.737578876980e+00  ,1.684229667334e+00  ,1.622395655598e+00  ,1.550191075346e+00  
  2.751869514232e-07  ,2.417080225633e+00  ,2.404331656933e+00  ,2.391194265619e+00  ,2.377421244964e+00  ,2.363213390066e+00  ,2.348600988983e+00  ,2.333134044181e+00  ,2.317135987657e+00  ,2.300159012714e+00  ,2.282704683101e+00  ,2.264137744592e+00  ,2.244748413559e+00  ,2.224263394059e+00  ,2.202701048329e+00  ,2.179675185520e+00  ,2.155242443774e+00  ,2.129127937783e+00  ,2.101331350412e+00  ,2.071193961449e+00  ,2.038567371025e+00  ,2.003543115966e+00  ,1.964969477321e+00  ,1.932366005195e+00  ,1.900647470484e+00  ,1.865851414818e+00  ,1.827288156045e+00  ,1.785333370178e+00  ,1.737578876980e+00  ,1.684229667334e+00  ,1.622395655598e+00  ,1.550191075346e+00  
  2.761870056038e-07  ,2.417080225633e+00  ,2.404331656933e+00  ,2.391194265619e+00  ,2.377421244964e+00  ,2.363213390066e+00  ,2.348600988983e+00  ,2.333134044181e+00  ,2.317135987657e+00  ,2.300159012714e+00  ,2.282704683101e+00  ,2.264137744592e+00  ,2.244748413559e+00  ,2.224263394059e+00  ,2.202701048329e+00  ,2.179675185520e+00  ,2.155242443774e+00  ,2.129127937783e+00  ,2.101331350412e+00  ,2.071193961449e+00  ,2.038567371025e+00  ,2.003543115966e+00  ,1.964969477321e+00  ,1.932366005195e+00  ,1.900647470484e+00  ,1.865851414818e+00  ,1.827288156045e+00  ,1.785333370178e+00  ,1.737578876980e+00  ,1.684229667334e+00  ,1.622395655598e+00  ,1.550191075346e+00  
  2.771870597844e-07  ,2.417080225633e+00  ,2.404331656933e+00  ,2.391194265619e+00  ,2.377421244964e+00  ,2.363213390066e+00  ,2.348600988983e+00  ,2.333134044181e+00  ,2.317135987657e+00  ,2.300159012714e+00  ,2.282704683101e+00  ,2.264137744592e+00  ,2.244748413559e+00  ,2.224263394059e+00  ,2.202701048329e+00  ,2.179675185520e+00  ,2.155242443774e+00  ,2.129127937783e+00  ,2.101331350412e+00  ,2.071193961449e+00  ,2.038567371025e+00  ,2.003543115966e+00  ,1.964969477321e+00  ,1.932366005195e+00  ,1.900647470484e+00  ,1.865851414818e+00  ,1.827288156045e+00  ,1.785333370178e+00  ,1.737578876980e+00  ,1.684229667334e+00  ,1.622395655598e+00  ,1.550191075346e+00  
  2.781871139651e-07  ,2.417080225633e+00  ,2.404331656933e+00  ,2.391194265619e+00  ,2.377421244964e+00  ,2.363213390066e+00  ,2.348600988983e+00  ,2.333134044181e+00  ,2.317135987657e+00  ,2.300159012714e+00  ,2.282704683101e+00  ,2.264137744592e+00  ,2.244748413559e+00  ,2.224263394059e+00  ,2.202701048329e+00  ,2.179675185520e+00  ,2.155242443774e+00  ,2.129127937783e+00  ,2.101331350412e+00  ,2.071193961449e+00  ,2.038567371025e+00  ,2.003543115966e+00  ,1.964969477321e+00  ,1.932366005195e+00  ,1.900647470484e+00  ,1.865851414818e+00  ,1.827288156045e+00  ,1.785333370178e+00  ,1.737578876980e+00  ,1.684229667334e+00  ,1.622395655598e+00  ,1.550191075346e+00  
  2.791871681457e-07  ,2.417080225633e+00  ,2.404331656933e+00  ,2.391194265619e+00  ,2.377421244964e+00  ,2.363213390066e+00  ,2.348600988983e+00  ,2.333134044181e+00  ,2.317135987657e+00  ,2.300159012714e+00  ,2.282704683101e+00  ,2.264137744592e+00  ,2.244748413559e+00  ,2.224263394059e+00  ,2.202701048329e+00  ,2.179675185520e+00  ,2.155242443774e+00  ,2.129127937783e+00  ,2.101331350412e+00  ,2.071193961449e+00  ,2.038567371025e+00  ,2.003543115966e+00  ,1.964969477321e+00  ,1.932366005195e+00  ,1.900647470484e+00  ,1.865851414818e+00  ,1.827288156045e+00  ,1.785333370178e+00  ,1.737578876980e+00  ,1.684229667334e+00  ,1.622395655598e+00  ,1.550191075346e+00  
  2.801872223263e-07  ,2.417080225633e+00  ,2.404331656933e+00  ,2.391194265619e+00  ,2.377421244964e+00  ,2.363213390066e+00  ,2.348600988983e+00  ,2.333134044181e+00  ,2.317135987657e+00  ,2.300159012714e+00  ,2.282704683101e+00  ,2.264137744592e+00  ,2.244748413559e+00  ,2.224263394059e+00  ,2.202701048329e+00  ,2.179675185520e+00  ,2.155242443774e+00  ,2.129127937783e+00  ,2.101331350412e+00  ,2.071193961449e+00  ,2.038567371025e+00  ,2.003543115966e+00  ,1.964969477321e+00  ,1.932366005195e+00  ,1.900647470484e+00  ,1.865851414818e+00  ,1.827288156045e+00  ,1.785333370178e+00  ,1.737578876980e+00  ,1.684229667334e+00  ,1.622395655598e+00  ,1.550191075346e+00  
  2.811872765069e-07  ,2.417080225633e+00  ,2.404331656933e+00  ,2.391194265619e+00  ,2.377421244964e+00  ,2.363213390066e+00  ,2.348600988983e+00  ,2.333134044181e+00  ,2.317135987657e+00  ,2.300159012714e+00  ,2.282704683101e+00  ,2.264137744592e+00  ,2.244748413559e+00  ,2.224263394059e+00  ,2.202701048329e+00  ,2.179675185520e+00  ,2.155242443774e+00  ,2.129127937783e+00  ,2.101331350412e+00  ,2.071193961449e+00  ,2.038567371025e+00  ,2.003543115966e+00  ,1.964969477321e+00  ,1.932366005195e+00  ,1.900647470484e+00  ,1.865851414818e+00  ,1.827288156045e+00  ,1.785333370178e+00  ,1.737578876980e+00  ,1.684229667334e+00  ,1.622395655598e+00  ,1.550191075346e+00  
  2.821873306876e-07  ,2.417080225633e+00  ,2.404331656933e+00  ,2.391194265619e+00  ,2.377421244964e+00  ,2.363213390066e+00  ,2.348600988983e+00  ,2.333134044181e+00  ,2.317135987657e+00  ,2.300159012714e+00  ,2.282704683101e+00  ,2.264137744592e+00  ,2.244748413559e+00  ,2.224263394059e+00  ,2.202701048329e+00  ,2.179675185520e+00  ,2.155242443774e+00  ,2.129127937783e+00  ,2.101331350412e+00  ,2.071193961449e+00  ,2.038567371025e+00  ,2.003543115966e+00  ,1.964969477321e+00  ,1.932366005195e+00  ,1.900647470484e+00  ,1.865851414818e+00  ,1.827288156045e+00  ,1.785333370178e+00  ,1.737578876980e+00  ,1.684229667334e+00  ,1.622395655598e+00  ,1.550191075346e+00  
  2.831873848682e-07  ,2.417080225633e+00  ,2.404331656933e+00  ,2.391194265619e+00  ,2.377421244964e+00  ,2.363213390066e+00  ,2.348600988983e+00  ,2.333134044181e+00  ,2.317135987657e+00  ,2.300159012714e+00  ,2.282704683101e+00  ,2.264137744592e+00  ,2.244748413559e+00  ,2.224263394059e+00  ,2.202701048329e+00  ,2.179675185520e+00  ,2.155242443774e+00  ,2.129127937783e+00  ,2.101331350412e+00  ,2.071193961449e+00  ,2.038567371025e+00  ,2.003543115966e+00  ,1.964969477321e+00  ,1.932366005195e+00  ,1.900647470484e+00  ,1.865851414818e+00  ,1.827288156045e+00  ,1.785333370178e+00  ,1.737578876980e+00  ,1.684229667334e+00  ,1.622395655598e+00  ,1.550191075346e+00  
  2.841874390488e-07  ,2.417080225633e+00  ,2.404331656933e+00  ,2.391194265619e+00  ,2.377421244964e+00  ,2.363213390066e+00  ,2.348600988983e+00  ,2.333134044181e+00  ,2.317135987657e+00  ,2.300159012714e+00  ,2.282704683101e+00  ,2.264137744592e+00  ,2.244748413559e+00  ,2.224263394059e+00  ,2.202701048329e+00  ,2.179675185520e+00  ,2.155242443774e+00  ,2.129127937783e+00  ,2.101331350412e+00  ,2.071193961449e+00  ,2.038567371025e+00  ,2.003543115966e+00  ,1.964969477321e+00  ,1.932366005195e+00  ,1.900647470484e+00  ,1.865851414818e+00  ,1.827288156045e+00  ,1.785333370178e+00  ,1.737578876980e+00  ,1.684229667334e+00  ,1.622395655598e+00  ,1.550191075346e+00  
  2.851874932294e-07  ,2.417080225633e+00  ,2.404331656933e+00  ,2.391194265619e+00  ,2.377421244964e+00  ,2.363213390066e+00  ,2.348600988983e+00  ,2.333134044181e+00  ,2.317135987657e+00  ,2.300159012714e+00  ,2.282704683101e+00  ,2.264137744592e+00  ,2.244748413559e+00  ,2.224263394059e+00  ,2.202701048329e+00  ,2.179675185520e+00  ,2.155242443774e+00  ,2.129127937783e+00  ,2.101331350412e+00  ,2.071193961449e+00  ,2.038567371025e+00  ,2.003543115966e+00  ,1.964969477321e+00  ,1.932366005195e+00  ,1.900647470484e+00  ,1.865851414818e+00  ,1.827288156045e+00  ,1.785333370178e+00  ,1.737578876980e+00  ,1.684229667334e+00  ,1.622395655598e+00  ,1.550191075346e+00  
  2.861875474100e-07  ,2.417080225633e+00  ,2.404331656933e+00  ,2.391194265619e+00  ,2.377421244964e+00  ,2.363213390066e+00  ,2.348600988983e+00  ,2.333134044181e+00  ,2.317135987657e+00  ,2.300159012714e+00  ,2.282704683101e+00  ,2.264137744592e+00  ,2.244748413559e+00  ,2.224263394059e+00  ,2.202701048329e+00  ,2.179675185520e+00  ,2.155242443774e+00  ,2.129127937783e+00  ,2.101331350412e+00  ,2.071193961449e+00  ,2.038567371025e+00  ,2.003543115966e+00  ,1.964969477321e+00  ,1.932366005195e+00  ,1.900647470484e+00  ,1.865851414818e+00  ,1.827288156045e+00  ,1.785333370178e+00  ,1.737578876980e+00  ,1.684229667334e+00  ,1.622395655598e+00  ,1.550191075346e+00  
  2.871876015907e-07  ,2.417080225633e+00  ,2.404331656933e+00  ,2.391194265619e+00  ,2.377421244964e+00  ,2.363213390066e+00  ,2.348600988983e+00  ,2.333134044181e+00  ,2.317135987657e+00  ,2.300159012714e+00  ,2.282704683101e+00  ,2.264137744592e+00  ,2.244748413559e+00  ,2.224263394059e+00  ,2.202701048329e+00  ,2.179675185520e+00  ,2.155242443774e+00  ,2.129127937783e+00  ,2.101331350412e+00  ,2.071193961449e+00  ,2.038567371025e+00  ,2.003543115966e+00  ,1.964969477321e+00  ,1.932366005195e+00  ,1.900647470484e+00  ,1.865851414818e+00  ,1.827288156045e+00  ,1.785333370178e+00  ,1.737578876980e+00  ,1.684229667334e+00  ,1.622395655598e+00  ,1.550191075346e+00  
  2.881876557713e-07  ,2.417080225633e+00  ,2.404331656933e+00  ,2.391194265619e+00  ,2.377421244964e+00  ,2.363213390066e+00  ,2.348600988983e+00  ,2.333134044181e+00  ,2.317135987657e+00  ,2.300159012714e+00  ,2.282704683101e+00  ,2.264137744592e+00  ,2.244748413559e+00  ,2.224263394059e+00  ,2.202701048329e+00  ,2.179675185520e+00  ,2.155242443774e+00  ,2.129127937783e+00  ,2.101331350412e+00  ,2.071193961449e+00  ,2.038567371025e+00  ,2.003543115966e+00  ,1.964969477321e+00  ,1.932366005195e+00  ,1.900647470484e+00  ,1.865851414818e+00  ,1.827288156045e+00  ,1.785333370178e+00  ,1.737578876980e+00  ,1.684229667334e+00  ,1.622395655598e+00  ,1.550191075346e+00  
  2.891877099519e-07  ,2.417080225633e+00  ,2.404331656933e+00  ,2.391194265619e+00  ,2.377421244964e+00  ,2.363213390066e+00  ,2.348600988983e+00  ,2.333134044181e+00  ,2.317135987657e+00  ,2.300159012714e+00  ,2.282704683101e+00  ,2.264137744592e+00  ,2.244748413559e+00  ,2.224263394059e+00  ,2.202701048329e+00  ,2.179675185520e+00  ,2.155242443774e+00  ,2.129127937783e+00  ,2.101331350412e+00  ,2.071193961449e+00  ,2.038567371025e+00  ,2.003543115966e+00  ,1.964969477321e+00  ,1.932366005195e+00  ,1.900647470484e+00  ,1.865851414818e+00  ,1.827288156045e+00  ,1.785333370178e+00  ,1.737578876980e+00  ,1.684229667334e+00  ,1.622395655598e+00  ,1.550191075346e+00  
  2.901877641325e-07  ,2.417080225633e+00  ,2.404331656933e+00  ,2.391194265619e+00  ,2.377421244964e+00  ,2.363213390066e+00  ,2.348600988983e+00  ,2.333134044181e+00  ,2.317135987657e+00  ,2.300159012714e+00  ,2.282704683101e+00  ,2.264137744592e+00  ,2.244748413559e+00  ,2.224263394059e+00  ,2.202701048329e+00  ,2.179675185520e+00  ,2.155242443774e+00  ,2.129127937783e+00  ,2.101331350412e+00  ,2.071193961449e+00  ,2.038567371025e+00  ,2.003543115966e+00  ,1.964969477321e+00  ,1.932366005195e+00  ,1.900647470484e+00  ,1.865851414818e+00  ,1.827288156045e+00  ,1.785333370178e+00  ,1.737578876980e+00  ,1.684229667334e+00  ,1.622395655598e+00  ,1.550191075346e+00  
  2.911878183132e-07  ,2.417080225633e+00  ,2.404331656933e+00  ,2.391194265619e+00  ,2.377421244964e+00  ,2.363213390066e+00  ,2.348600988983e+00  ,2.333134044181e+00  ,2.317135987657e+00  ,2.300159012714e+00  ,2.282704683101e+00  ,2.264137744592e+00  ,2.244748413559e+00  ,2.224263394059e+00  ,2.202701048329e+00  ,2.179675185520e+00  ,2.155242443774e+00  ,2.129127937783e+00  ,2.101331350412e+00  ,2.071193961449e+00  ,2.038567371025e+00  ,2.003543115966e+00  ,1.964969477321e+00  ,1.932366005195e+00  ,1.900647470484e+00  ,1.865851414818e+00  ,1.827288156045e+00  ,1.785333370178e+00  ,1.737578876980e+00  ,1.684229667334e+00  ,1.622395655598e+00  ,1.550191075346e+00  
  2.921878724938e-07  ,2.417080225633e+00  ,2.404331656933e+00  ,2.391194265619e+00  ,2.377421244964e+00  ,2.363213390066e+00  ,2.348600988983e+00  ,2.333134044181e+00  ,2.317135987657e+00  ,2.300159012714e+00  ,2.282704683101e+00  ,2.264137744592e+00  ,2.244748413559e+00  ,2.224263394059e+00  ,2.202701048329e+00  ,2.179675185520e+00  ,2.155242443774e+00  ,2.129127937783e+00  ,2.101331350412e+00  ,2.071193961449e+00  ,2.038567371025e+00  ,2.003543115966e+00  ,1.964969477321e+00  ,1.932366005195e+00  ,1.900647470484e+00  ,1.865851414818e+00  ,1.827288156045e+00  ,1.785333370178e+00  ,1.737578876980e+00  ,1.684229667334e+00  ,1.622395655598e+00  ,1.550191075346e+00  
  2.931879266744e-07  ,2.417080225633e+00  ,2.404331656933e+00  ,2.391194265619e+00  ,2.377421244964e+00  ,2.363213390066e+00  ,2.348600988983e+00  ,2.333134044181e+00  ,2.317135987657e+00  ,2.300159012714e+00  ,2.282704683101e+00  ,2.264137744592e+00  ,2.244748413559e+00  ,2.224263394059e+00  ,2.202701048329e+00  ,2.179675185520e+00  ,2.155242443774e+00  ,2.129127937783e+00  ,2.101331350412e+00  ,2.071193961449e+00  ,2.038567371025e+00  ,2.003543115966e+00  ,1.964969477321e+00  ,1.932366005195e+00  ,1.900647470484e+00  ,1.865851414818e+00  ,1.827288156045e+00  ,1.785333370178e+00  ,1.737578876980e+00  ,1.684229667334e+00  ,1.622395655598e+00  ,1.550191075346e+00  
  2.941879808550e-07  ,2.417080225633e+00  ,2.404331656933e+00  ,2.391194265619e+00  ,2.377421244964e+00  ,2.363213390066e+00  ,2.348600988983e+00  ,2.333134044181e+00  ,2.317135987657e+00  ,2.300159012714e+00  ,2.282704683101e+00  ,2.264137744592e+00  ,2.244748413559e+00  ,2.224263394059e+00  ,2.202701048329e+00  ,2.179675185520e+00  ,2.155242443774e+00  ,2.129127937783e+00  ,2.101331350412e+00  ,2.071193961449e+00  ,2.038567371025e+00  ,2.003543115966e+00  ,1.964969477321e+00  ,1.932366005195e+00  ,1.900647470484e+00  ,1.865851414818e+00  ,1.827288156045e+00  ,1.785333370178e+00  ,1.737578876980e+00  ,1.684229667334e+00  ,1.622395655598e+00  ,1.550191075346e+00  
  2.951880350356e-07  ,2.417080225633e+00  ,2.404331656933e+00  ,2.391194265619e+00  ,2.377421244964e+00  ,2.363213390066e+00  ,2.348600988983e+00  ,2.333134044181e+00  ,2.317135987657e+00  ,2.300159012714e+00  ,2.282704683101e+00  ,2.264137744592e+00  ,2.244748413559e+00  ,2.224263394059e+00  ,2.202701048329e+00  ,2.179675185520e+00  ,2.155242443774e+00  ,2.129127937783e+00  ,2.101331350412e+00  ,2.071193961449e+00  ,2.038567371025e+00  ,2.003543115966e+00  ,1.964969477321e+00  ,1.932366005195e+00  ,1.900647470484e+00  ,1.865851414818e+00  ,1.827288156045e+00  ,1.785333370178e+00  ,1.737578876980e+00  ,1.684229667334e+00  ,1.622395655598e+00  ,1.550191075346e+00  
  2.961880892163e-07  ,2.417080225633e+00  ,2.404331656933e+00  ,2.391194265619e+00  ,2.377421244964e+00  ,2.363213390066e+00  ,2.348600988983e+00  ,2.333134044181e+00  ,2.317135987657e+00  ,2.300159012714e+00  ,2.282704683101e+00  ,2.264137744592e+00  ,2.244748413559e+00  ,2.224263394059e+00  ,2.202701048329e+00  ,2.179675185520e+00  ,2.155242443774e+00  ,2.129127937783e+00  ,2.101331350412e+00  ,2.071193961449e+00  ,2.038567371025e+00  ,2.003543115966e+00  ,1.964969477321e+00  ,1.932366005195e+00  ,1.900647470484e+00  ,1.865851414818e+00  ,1.827288156045e+00  ,1.785333370178e+00  ,1.737578876980e+00  ,1.684229667334e+00  ,1.622395655598e+00  ,1.550191075346e+00  
  2.971881433969e-07  ,2.417080225633e+00  ,2.404331656933e+00  ,2.391194265619e+00  ,2.377421244964e+00  ,2.363213390066e+00  ,2.348600988983e+00  ,2.333134044181e+00  ,2.317135987657e+00  ,2.300159012714e+00  ,2.282704683101e+00  ,2.264137744592e+00  ,2.244748413559e+00  ,2.224263394059e+00  ,2.202701048329e+00  ,2.179675185520e+00  ,2.155242443774e+00  ,2.129127937783e+00  ,2.101331350412e+00  ,2.071193961449e+00  ,2.038567371025e+00  ,2.003543115966e+00  ,1.964969477321e+00  ,1.932366005195e+00  ,1.900647470484e+00  ,1.865851414818e+00  ,1.827288156045e+00  ,1.785333370178e+00  ,1.737578876980e+00  ,1.684229667334e+00  ,1.622395655598e+00  ,1.550191075346e+00  
  2.981881975775e-07  ,2.417080225633e+00  ,2.404331656933e+00  ,2.391194265619e+00  ,2.377421244964e+00  ,2.363213390066e+00  ,2.348600988983e+00  ,2.333134044181e+00  ,2.317135987657e+00  ,2.300159012714e+00  ,2.282704683101e+00  ,2.264137744592e+00  ,2.244748413559e+00  ,2.224263394059e+00  ,2.202701048329e+00  ,2.179675185520e+00  ,2.155242443774e+00  ,2.129127937783e+00  ,2.101331350412e+00  ,2.071193961449e+00  ,2.038567371025e+00  ,2.003543115966e+00  ,1.964969477321e+00  ,1.932366005195e+00  ,1.900647470484e+00  ,1.865851414818e+00  ,1.827288156045e+00  ,1.785333370178e+00  ,1.737578876980e+00  ,1.684229667334e+00  ,1.622395655598e+00  ,1.550191075346e+00  
  2.991882517581e-07  ,2.417080225633e+00  ,2.404331656933e+00  ,2.391194265619e+00  ,2.377421244964e+00  ,2.363213390066e+00  ,2.348600988983e+00  ,2.333134044181e+00  ,2.317135987657e+00  ,2.300159012714e+00  ,2.282704683101e+00  ,2.264137744592e+00  ,2.244748413559e+00  ,2.224263394059e+00  ,2.202701048329e+00  ,2.179675185520e+00  ,2.155242443774e+00  ,2.129127937783e+00  ,2.101331350412e+00  ,2.071193961449e+00  ,2.038567371025e+00  ,2.003543115966e+00  ,1.964969477321e+00  ,1.932366005195e+00  ,1.900647470484e+00  ,1.865851414818e+00  ,1.827288156045e+00  ,1.785333370178e+00  ,1.737578876980e+00  ,1.684229667334e+00  ,1.622395655598e+00  ,1.550191075346e+00  
  3.001883059388e-07  ,2.417080225633e+00  ,2.404331656933e+00  ,2.391194265619e+00  ,2.377421244964e+00  ,2.363213390066e+00  ,2.348600988983e+00  ,2.333134044181e+00  ,2.317135987657e+00  ,2.300159012714e+00  ,2.282704683101e+00  ,2.264137744592e+00  ,2.244748413559e+00  ,2.224263394059e+00  ,2.202701048329e+00  ,2.179675185520e+00  ,2.155242443774e+00  ,2.129127937783e+00  ,2.101331350412e+00  ,2.071193961449e+00  ,2.038567371025e+00  ,2.003543115966e+00  ,1.964969477321e+00  ,1.932366005195e+00  ,1.900647470484e+00  ,1.865851414818e+00  ,1.827288156045e+00  ,1.785333370178e+00  ,1.737578876980e+00  ,1.684229667334e+00  ,1.622395655598e+00  ,1.550191075346e+00  
  3.011883601194e-07  ,2.417080225633e+00  ,2.404331656933e+00  ,2.391194265619e+00  ,2.377421244964e+00  ,2.363213390066e+00  ,2.348600988983e+00  ,2.333134044181e+00  ,2.317135987657e+00  ,2.300159012714e+00  ,2.282704683101e+00  ,2.264137744592e+00  ,2.244748413559e+00  ,2.224263394059e+00  ,2.202701048329e+00  ,2.179675185520e+00  ,2.155242443774e+00  ,2.129127937783e+00  ,2.101331350412e+00  ,2.071193961449e+00  ,2.038567371025e+00  ,2.003543115966e+00  ,1.964969477321e+00  ,1.932366005195e+00  ,1.900647470484e+00  ,1.865851414818e+00  ,1.827288156045e+00  ,1.785333370178e+00  ,1.737578876980e+00  ,1.684229667334e+00  ,1.622395655598e+00  ,1.550191075346e+00  
  3.021884143000e-07  ,2.417080225633e+00  ,2.404331656933e+00  ,2.391194265619e+00  ,2.377421244964e+00  ,2.363213390066e+00  ,2.348600988983e+00  ,2.333134044181e+00  ,2.317135987657e+00  ,2.300159012714e+00  ,2.282704683101e+00  ,2.264137744592e+00  ,2.244748413559e+00  ,2.224263394059e+00  ,2.202701048329e+00  ,2.179675185520e+00  ,2.155242443774e+00  ,2.129127937783e+00  ,2.101331350412e+00  ,2.071193961449e+00  ,2.038567371025e+00  ,2.003543115966e+00  ,1.964969477321e+00  ,1.932366005195e+00  ,1.900647470484e+00  ,1.865851414818e+00  ,1.827288156045e+00  ,1.785333370178e+00  ,1.737578876980e+00  ,1.684229667334e+00  ,1.622395655598e+00  ,1.550191075346e+00  
  3.031884684806e-07  ,2.417080225633e+00  ,2.404331656933e+00  ,2.391194265619e+00  ,2.377421244964e+00  ,2.363213390066e+00  ,2.348600988983e+00  ,2.333134044181e+00  ,2.317135987657e+00  ,2.300159012714e+00  ,2.282704683101e+00  ,2.264137744592e+00  ,2.244748413559e+00  ,2.224263394059e+00  ,2.202701048329e+00  ,2.179675185520e+00  ,2.155242443774e+00  ,2.129127937783e+00  ,2.101331350412e+00  ,2.071193961449e+00  ,2.038567371025e+00  ,2.003543115966e+00  ,1.964969477321e+00  ,1.932366005195e+00  ,1.900647470484e+00  ,1.865851414818e+00  ,1.827288156045e+00  ,1.785333370178e+00  ,1.737578876980e+00  ,1.684229667334e+00  ,1.622395655598e+00  ,1.550191075346e+00  
  3.041885226612e-07  ,2.417080225633e+00  ,2.404331656933e+00  ,2.391194265619e+00  ,2.377421244964e+00  ,2.363213390066e+00  ,2.348600988983e+00  ,2.333134044181e+00  ,2.317135987657e+00  ,2.300159012714e+00  ,2.282704683101e+00  ,2.264137744592e+00  ,2.244748413559e+00  ,2.224263394059e+00  ,2.202701048329e+00  ,2.179675185520e+00  ,2.155242443774e+00  ,2.129127937783e+00  ,2.101331350412e+00  ,2.071193961449e+00  ,2.038567371025e+00  ,2.003543115966e+00  ,1.964969477321e+00  ,1.932366005195e+00  ,1.900647470484e+00  ,1.865851414818e+00  ,1.827288156045e+00  ,1.785333370178e+00  ,1.737578876980e+00  ,1.684229667334e+00  ,1.622395655598e+00  ,1.550191075346e+00  
  3.051885768419e-07  ,2.417080225633e+00  ,2.404331656933e+00  ,2.391194265619e+00  ,2.377421244964e+00  ,2.363213390066e+00  ,2.348600988983e+00  ,2.333134044181e+00  ,2.317135987657e+00  ,2.300159012714e+00  ,2.282704683101e+00  ,2.264137744592e+00  ,2.244748413559e+00  ,2.224263394059e+00  ,2.202701048329e+00  ,2.179675185520e+00  ,2.155242443774e+00  ,2.129127937783e+00  ,2.101331350412e+00  ,2.071193961449e+00  ,2.038567371025e+00  ,2.003543115966e+00  ,1.964969477321e+00  ,1.932366005195e+00  ,1.900647470484e+00  ,1.865851414818e+00  ,1.827288156045e+00  ,1.785333370178e+00  ,1.737578876980e+00  ,1.684229667334e+00  ,1.622395655598e+00  ,1.550191075346e+00  
  3.061886310225e-07  ,2.417080225633e+00  ,2.404331656933e+00  ,2.391194265619e+00  ,2.377421244964e+00  ,2.363213390066e+00  ,2.348600988983e+00  ,2.333134044181e+00  ,2.317135987657e+00  ,2.300159012714e+00  ,2.282704683101e+00  ,2.264137744592e+00  ,2.244748413559e+00  ,2.224263394059e+00  ,2.202701048329e+00  ,2.179675185520e+00  ,2.155242443774e+00  ,2.129127937783e+00  ,2.101331350412e+00  ,2.071193961449e+00  ,2.038567371025e+00  ,2.003543115966e+00  ,1.964969477321e+00  ,1.932366005195e+00  ,1.900647470484e+00  ,1.865851414818e+00  ,1.827288156045e+00  ,1.785333370178e+00  ,1.737578876980e+00  ,1.684229667334e+00  ,1.622395655598e+00  ,1.550191075346e+00  
  3.071886852031e-07  ,2.417080225633e+00  ,2.404331656933e+00  ,2.391194265619e+00  ,2.377421244964e+00  ,2.363213390066e+00  ,2.348600988983e+00  ,2.333134044181e+00  ,2.317135987657e+00  ,2.300159012714e+00  ,2.282704683101e+00  ,2.264137744592e+00  ,2.244748413559e+00  ,2.224263394059e+00  ,2.202701048329e+00  ,2.179675185520e+00  ,2.155242443774e+00  ,2.129127937783e+00  ,2.101331350412e+00  ,2.071193961449e+00  ,2.038567371025e+00  ,2.003543115966e+00  ,1.964969477321e+00  ,1.932366005195e+00  ,1.900647470484e+00  ,1.865851414818e+00  ,1.827288156045e+00  ,1.785333370178e+00  ,1.737578876980e+00  ,1.684229667334e+00  ,1.622395655598e+00  ,1.550191075346e+00  
  3.081887393837e-07  ,2.417080225633e+00  ,2.404331656933e+00  ,2.391194265619e+00  ,2.377421244964e+00  ,2.363213390066e+00  ,2.348600988983e+00  ,2.333134044181e+00  ,2.317135987657e+00  ,2.300159012714e+00  ,2.282704683101e+00  ,2.264137744592e+00  ,2.244748413559e+00  ,2.224263394059e+00  ,2.202701048329e+00  ,2.179675185520e+00  ,2.155242443774e+00  ,2.129127937783e+00  ,2.101331350412e+00  ,2.071193961449e+00  ,2.038567371025e+00  ,2.003543115966e+00  ,1.964969477321e+00  ,1.932366005195e+00  ,1.900647470484e+00  ,1.865851414818e+00  ,1.827288156045e+00  ,1.785333370178e+00  ,1.737578876980e+00  ,1.684229667334e+00  ,1.622395655598e+00  ,1.550191075346e+00  
  3.091887935644e-07  ,2.417080225633e+00  ,2.404331656933e+00  ,2.391194265619e+00  ,2.377421244964e+00  ,2.363213390066e+00  ,2.348600988983e+00  ,2.333134044181e+00  ,2.317135987657e+00  ,2.300159012714e+00  ,2.282704683101e+00  ,2.264137744592e+00  ,2.244748413559e+00  ,2.224263394059e+00  ,2.202701048329e+00  ,2.179675185520e+00  ,2.155242443774e+00  ,2.129127937783e+00  ,2.101331350412e+00  ,2.071193961449e+00  ,2.038567371025e+00  ,2.003543115966e+00  ,1.964969477321e+00  ,1.932366005195e+00  ,1.900647470484e+00  ,1.865851414818e+00  ,1.827288156045e+00  ,1.785333370178e+00  ,1.737578876980e+00  ,1.684229667334e+00  ,1.622395655598e+00  ,1.550191075346e+00  
  3.101888477450e-07  ,2.417080225633e+00  ,2.404331656933e+00  ,2.391194265619e+00  ,2.377421244964e+00  ,2.363213390066e+00  ,2.348600988983e+00  ,2.333134044181e+00  ,2.317135987657e+00  ,2.300159012714e+00  ,2.282704683101e+00  ,2.264137744592e+00  ,2.244748413559e+00  ,2.224263394059e+00  ,2.202701048329e+00  ,2.179675185520e+00  ,2.155242443774e+00  ,2.129127937783e+00  ,2.101331350412e+00  ,2.071193961449e+00  ,2.038567371025e+00  ,2.003543115966e+00  ,1.964969477321e+00  ,1.932366005195e+00  ,1.900647470484e+00  ,1.865851414818e+00  ,1.827288156045e+00  ,1.785333370178e+00  ,1.737578876980e+00  ,1.684229667334e+00  ,1.622395655598e+00  ,1.550191075346e+00  
  3.111889019256e-07  ,2.417080225633e+00  ,2.404331656933e+00  ,2.391194265619e+00  ,2.377421244964e+00  ,2.363213390066e+00  ,2.348600988983e+00  ,2.333134044181e+00  ,2.317135987657e+00  ,2.300159012714e+00  ,2.282704683101e+00  ,2.264137744592e+00  ,2.244748413559e+00  ,2.224263394059e+00  ,2.202701048329e+00  ,2.179675185520e+00  ,2.155242443774e+00  ,2.129127937783e+00  ,2.101331350412e+00  ,2.071193961449e+00  ,2.038567371025e+00  ,2.003543115966e+00  ,1.964969477321e+00  ,1.932366005195e+00  ,1.900647470484e+00  ,1.865851414818e+00  ,1.827288156045e+00  ,1.785333370178e+00  ,1.737578876980e+00  ,1.684229667334e+00  ,1.622395655598e+00  ,1.550191075346e+00  
  3.121889561062e-07  ,2.417080225633e+00  ,2.404331656933e+00  ,2.391194265619e+00  ,2.377421244964e+00  ,2.363213390066e+00  ,2.348600988983e+00  ,2.333134044181e+00  ,2.317135987657e+00  ,2.300159012714e+00  ,2.282704683101e+00  ,2.264137744592e+00  ,2.244748413559e+00  ,2.224263394059e+00  ,2.202701048329e+00  ,2.179675185520e+00  ,2.155242443774e+00  ,2.129127937783e+00  ,2.101331350412e+00  ,2.071193961449e+00  ,2.038567371025e+00  ,2.003543115966e+00  ,1.964969477321e+00  ,1.932366005195e+00  ,1.900647470484e+00  ,1.865851414818e+00  ,1.827288156045e+00  ,1.785333370178e+00  ,1.737578876980e+00  ,1.684229667334e+00  ,1.622395655598e+00  ,1.550191075346e+00  
  3.131890102868e-07  ,2.417080225633e+00  ,2.404331656933e+00  ,2.391194265619e+00  ,2.377421244964e+00  ,2.363213390066e+00  ,2.348600988983e+00  ,2.333134044181e+00  ,2.317135987657e+00  ,2.300159012714e+00  ,2.282704683101e+00  ,2.264137744592e+00  ,2.244748413559e+00  ,2.224263394059e+00  ,2.202701048329e+00  ,2.179675185520e+00  ,2.155242443774e+00  ,2.129127937783e+00  ,2.101331350412e+00  ,2.071193961449e+00  ,2.038567371025e+00  ,2.003543115966e+00  ,1.964969477321e+00  ,1.932366005195e+00  ,1.900647470484e+00  ,1.865851414818e+00  ,1.827288156045e+00  ,1.785333370178e+00  ,1.737578876980e+00  ,1.684229667334e+00  ,1.622395655598e+00  ,1.550191075346e+00  
  3.141890644675e-07  ,2.417080225633e+00  ,2.404331656933e+00  ,2.391194265619e+00  ,2.377421244964e+00  ,2.363213390066e+00  ,2.348600988983e+00  ,2.333134044181e+00  ,2.317135987657e+00  ,2.300159012714e+00  ,2.282704683101e+00  ,2.264137744592e+00  ,2.244748413559e+00  ,2.224263394059e+00  ,2.202701048329e+00  ,2.179675185520e+00  ,2.155242443774e+00  ,2.129127937783e+00  ,2.101331350412e+00  ,2.071193961449e+00  ,2.038567371025e+00  ,2.003543115966e+00  ,1.964969477321e+00  ,1.932366005195e+00  ,1.900647470484e+00  ,1.865851414818e+00  ,1.827288156045e+00  ,1.785333370178e+00  ,1.737578876980e+00  ,1.684229667334e+00  ,1.622395655598e+00  ,1.550191075346e+00  
  3.151891186481e-07  ,2.417080225633e+00  ,2.404331656933e+00  ,2.391194265619e+00  ,2.377421244964e+00  ,2.363213390066e+00  ,2.348600988983e+00  ,2.333134044181e+00  ,2.317135987657e+00  ,2.300159012714e+00  ,2.282704683101e+00  ,2.264137744592e+00  ,2.244748413559e+00  ,2.224263394059e+00  ,2.202701048329e+00  ,2.179675185520e+00  ,2.155242443774e+00  ,2.129127937783e+00  ,2.101331350412e+00  ,2.071193961449e+00  ,2.038567371025e+00  ,2.003543115966e+00  ,1.964969477321e+00  ,1.932366005195e+00  ,1.900647470484e+00  ,1.865851414818e+00  ,1.827288156045e+00  ,1.785333370178e+00  ,1.737578876980e+00  ,1.684229667334e+00  ,1.622395655598e+00  ,1.550191075346e+00  
  3.161891728287e-07  ,2.417080225633e+00  ,2.404331656933e+00  ,2.391194265619e+00  ,2.377421244964e+00  ,2.363213390066e+00  ,2.348600988983e+00  ,2.333134044181e+00  ,2.317135987657e+00  ,2.300159012714e+00  ,2.282704683101e+00  ,2.264137744592e+00  ,2.244748413559e+00  ,2.224263394059e+00  ,2.202701048329e+00  ,2.179675185520e+00  ,2.155242443774e+00  ,2.129127937783e+00  ,2.101331350412e+00  ,2.071193961449e+00  ,2.038567371025e+00  ,2.003543115966e+00  ,1.964969477321e+00  ,1.932366005195e+00  ,1.900647470484e+00  ,1.865851414818e+00  ,1.827288156045e+00  ,1.785333370178e+00  ,1.737578876980e+00  ,1.684229667334e+00  ,1.622395655598e+00  ,1.550191075346e+00  
  3.171892270093e-07  ,2.417080225633e+00  ,2.404331656933e+00  ,2.391194265619e+00  ,2.377421244964e+00  ,2.363213390066e+00  ,2.348600988983e+00  ,2.333134044181e+00  ,2.317135987657e+00  ,2.300159012714e+00  ,2.282704683101e+00  ,2.264137744592e+00  ,2.244748413559e+00  ,2.224263394059e+00  ,2.202701048329e+00  ,2.179675185520e+00  ,2.155242443774e+00  ,2.129127937783e+00  ,2.101331350412e+00  ,2.071193961449e+00  ,2.038567371025e+00  ,2.003543115966e+00  ,1.964969477321e+00  ,1.932366005195e+00  ,1.900647470484e+00  ,1.865851414818e+00  ,1.827288156045e+00  ,1.785333370178e+00  ,1.737578876980e+00  ,1.684229667334e+00  ,1.622395655598e+00  ,1.550191075346e+00  
  3.181892811900e-07  ,2.417080225633e+00  ,2.404331656933e+00  ,2.391194265619e+00  ,2.377421244964e+00  ,2.363213390066e+00  ,2.348600988983e+00  ,2.333134044181e+00  ,2.317135987657e+00  ,2.300159012714e+00  ,2.282704683101e+00  ,2.264137744592e+00  ,2.244748413559e+00  ,2.224263394059e+00  ,2.202701048329e+00  ,2.179675185520e+00  ,2.155242443774e+00  ,2.129127937783e+00  ,2.101331350412e+00  ,2.071193961449e+00  ,2.038567371025e+00  ,2.003543115966e+00  ,1.964969477321e+00  ,1.932366005195e+00  ,1.900647470484e+00  ,1.865851414818e+00  ,1.827288156045e+00  ,1.785333370178e+00  ,1.737578876980e+00  ,1.684229667334e+00  ,1.622395655598e+00  ,1.550191075346e+00  
  3.191893353706e-07  ,2.417080225633e+00  ,2.404331656933e+00  ,2.391194265619e+00  ,2.377421244964e+00  ,2.363213390066e+00  ,2.348600988983e+00  ,2.333134044181e+00  ,2.317135987657e+00  ,2.300159012714e+00  ,2.282704683101e+00  ,2.264137744592e+00  ,2.244748413559e+00  ,2.224263394059e+00  ,2.202701048329e+00  ,2.179675185520e+00  ,2.155242443774e+00  ,2.129127937783e+00  ,2.101331350412e+00  ,2.071193961449e+00  ,2.038567371025e+00  ,2.003543115966e+00  ,1.964969477321e+00  ,1.932366005195e+00  ,1.900647470484e+00  ,1.865851414818e+00  ,1.827288156045e+00  ,1.785333370178e+00  ,1.737578876980e+00  ,1.684229667334e+00  ,1.622395655598e+00  ,1.550191075346e+00  
  3.201893895512e-07  ,2.417080225633e+00  ,2.404331656933e+00  ,2.391194265619e+00  ,2.377421244964e+00  ,2.363213390066e+00  ,2.348600988983e+00  ,2.333134044181e+00  ,2.317135987657e+00  ,2.300159012714e+00  ,2.282704683101e+00  ,2.264137744592e+00  ,2.244748413559e+00  ,2.224263394059e+00  ,2.202701048329e+00  ,2.179675185520e+00  ,2.155242443774e+00  ,2.129127937783e+00  ,2.101331350412e+00  ,2.071193961449e+00  ,2.038567371025e+00  ,2.003543115966e+00  ,1.964969477321e+00  ,1.932366005195e+00  ,1.900647470484e+00  ,1.865851414818e+00  ,1.827288156045e+00  ,1.785333370178e+00  ,1.737578876980e+00  ,1.684229667334e+00  ,1.622395655598e+00  ,1.550191075346e+00  
  3.211894437318e-07  ,2.417080225633e+00  ,2.404331656933e+00  ,2.391194265619e+00  ,2.377421244964e+00  ,2.363213390066e+00  ,2.348600988983e+00  ,2.333134044181e+00  ,2.317135987657e+00  ,2.300159012714e+00  ,2.282704683101e+00  ,2.264137744592e+00  ,2.244748413559e+00  ,2.224263394059e+00  ,2.202701048329e+00  ,2.179675185520e+00  ,2.155242443774e+00  ,2.129127937783e+00  ,2.101331350412e+00  ,2.071193961449e+00  ,2.038567371025e+00  ,2.003543115966e+00  ,1.964969477321e+00  ,1.932366005195e+00  ,1.900647470484e+00  ,1.865851414818e+00  ,1.827288156045e+00  ,1.785333370178e+00  ,1.737578876980e+00  ,1.684229667334e+00  ,1.622395655598e+00  ,1.550191075346e+00  
  3.221894979124e-07  ,2.417080225633e+00  ,2.404331656933e+00  ,2.391194265619e+00  ,2.377421244964e+00  ,2.363213390066e+00  ,2.348600988983e+00  ,2.333134044181e+00  ,2.317135987657e+00  ,2.300159012714e+00  ,2.282704683101e+00  ,2.264137744592e+00  ,2.244748413559e+00  ,2.224263394059e+00  ,2.202701048329e+00  ,2.179675185520e+00  ,2.155242443774e+00  ,2.129127937783e+00  ,2.101331350412e+00  ,2.071193961449e+00  ,2.038567371025e+00  ,2.003543115966e+00  ,1.964969477321e+00  ,1.932366005195e+00  ,1.900647470484e+00  ,1.865851414818e+00  ,1.827288156045e+00  ,1.785333370178e+00  ,1.737578876980e+00  ,1.684229667334e+00  ,1.622395655598e+00  ,1.550191075346e+00  
  3.231895520931e-07  ,2.417080225633e+00  ,2.404331656933e+00  ,2.391194265619e+00  ,2.377421244964e+00  ,2.363213390066e+00  ,2.348600988983e+00  ,2.333134044181e+00  ,2.317135987657e+00  ,2.300159012714e+00  ,2.282704683101e+00  ,2.264137744592e+00  ,2.244748413559e+00  ,2.224263394059e+00  ,2.202701048329e+00  ,2.179675185520e+00  ,2.155242443774e+00  ,2.129127937783e+00  ,2.101331350412e+00  ,2.071193961449e+00  ,2.038567371025e+00  ,2.003543115966e+00  ,1.964969477321e+00  ,1.932366005195e+00  ,1.900647470484e+00  ,1.865851414818e+00  ,1.827288156045e+00  ,1.785333370178e+00  ,1.737578876980e+00  ,1.684229667334e+00  ,1.622395655598e+00  ,1.550191075346e+00  
  3.241896062737e-07  ,2.417080225633e+00  ,2.404331656933e+00  ,2.391194265619e+00  ,2.377421244964e+00  ,2.363213390066e+00  ,2.348600988983e+00  ,2.333134044181e+00  ,2.317135987657e+00  ,2.300159012714e+00  ,2.282704683101e+00  ,2.264137744592e+00  ,2.244748413559e+00  ,2.224263394059e+00  ,2.202701048329e+00  ,2.179675185520e+00  ,2.155242443774e+00  ,2.129127937783e+00  ,2.101331350412e+00  ,2.071193961449e+00  ,2.038567371025e+00  ,2.003543115966e+00  ,1.964969477321e+00  ,1.932366005195e+00  ,1.900647470484e+00  ,1.865851414818e+00  ,1.827288156045e+00  ,1.785333370178e+00  ,1.737578876980e+00  ,1.684229667334e+00  ,1.622395655598e+00  ,1.550191075346e+00  
  3.251896604543e-07  ,2.417080225633e+00  ,2.404331656933e+00  ,2.391194265619e+00  ,2.377421244964e+00  ,2.363213390066e+00  ,2.348600988983e+00  ,2.333134044181e+00  ,2.317135987657e+00  ,2.300159012714e+00  ,2.282704683101e+00  ,2.264137744592e+00  ,2.244748413559e+00  ,2.224263394059e+00  ,2.202701048329e+00  ,2.179675185520e+00  ,2.155242443774e+00  ,2.129127937783e+00  ,2.101331350412e+00  ,2.071193961449e+00  ,2.038567371025e+00  ,2.003543115966e+00  ,1.964969477321e+00  ,1.932366005195e+00  ,1.900647470484e+00  ,1.865851414818e+00  ,1.827288156045e+00  ,1.785333370178e+00  ,1.737578876980e+00  ,1.684229667334e+00  ,1.622395655598e+00  ,1.550191075346e+00  
  3.261897146349e-07  ,2.417080225633e+00  ,2.404331656933e+00  ,2.391194265619e+00  ,2.377421244964e+00  ,2.363213390066e+00  ,2.348600988983e+00  ,2.333134044181e+00  ,2.317135987657e+00  ,2.300159012714e+00  ,2.282704683101e+00  ,2.264137744592e+00  ,2.244748413559e+00  ,2.224263394059e+00  ,2.202701048329e+00  ,2.179675185520e+00  ,2.155242443774e+00  ,2.129127937783e+00  ,2.101331350412e+00  ,2.071193961449e+00  ,2.038567371025e+00  ,2.003543115966e+00  ,1.964969477321e+00  ,1.932366005195e+00  ,1.900647470484e+00  ,1.865851414818e+00  ,1.827288156045e+00  ,1.785333370178e+00  ,1.737578876980e+00  ,1.684229667334e+00  ,1.622395655598e+00  ,1.550191075346e+00  
  3.271897688156e-07  ,2.417080225633e+00  ,2.404331656933e+00  ,2.391194265619e+00  ,2.377421244964e+00  ,2.363213390066e+00  ,2.348600988983e+00  ,2.333134044181e+00  ,2.317135987657e+00  ,2.300159012714e+00  ,2.282704683101e+00  ,2.264137744592e+00  ,2.244748413559e+00  ,2.224263394059e+00  ,2.202701048329e+00  ,2.179675185520e+00  ,2.155242443774e+00  ,2.129127937783e+00  ,2.101331350412e+00  ,2.071193961449e+00  ,2.038567371025e+00  ,2.003543115966e+00  ,1.964969477321e+00  ,1.932366005195e+00  ,1.900647470484e+00  ,1.865851414818e+00  ,1.827288156045e+00  ,1.785333370178e+00  ,1.737578876980e+00  ,1.684229667334e+00  ,1.622395655598e+00  ,1.550191075346e+00  
  3.281898229962e-07  ,2.417080225633e+00  ,2.404331656933e+00  ,2.391194265619e+00  ,2.377421244964e+00  ,2.363213390066e+00  ,2.348600988983e+00  ,2.333134044181e+00  ,2.317135987657e+00  ,2.300159012714e+00  ,2.282704683101e+00  ,2.264137744592e+00  ,2.244748413559e+00  ,2.224263394059e+00  ,2.202701048329e+00  ,2.179675185520e+00  ,2.155242443774e+00  ,2.129127937783e+00  ,2.101331350412e+00  ,2.071193961449e+00  ,2.038567371025e+00  ,2.003543115966e+00  ,1.964969477321e+00  ,1.932366005195e+00  ,1.900647470484e+00  ,1.865851414818e+00  ,1.827288156045e+00  ,1.785333370178e+00  ,1.737578876980e+00  ,1.684229667334e+00  ,1.622395655598e+00  ,1.550191075346e+00  
  3.291898771768e-07  ,2.417080225633e+00  ,2.404331656933e+00  ,2.391194265619e+00  ,2.377421244964e+00  ,2.363213390066e+00  ,2.348600988983e+00  ,2.333134044181e+00  ,2.317135987657e+00  ,2.300159012714e+00  ,2.282704683101e+00  ,2.264137744592e+00  ,2.244748413559e+00  ,2.224263394059e+00  ,2.202701048329e+00  ,2.179675185520e+00  ,2.155242443774e+00  ,2.129127937783e+00  ,2.101331350412e+00  ,2.071193961449e+00  ,2.038567371025e+00  ,2.003543115966e+00  ,1.964969477321e+00  ,1.932366005195e+00  ,1.900647470484e+00  ,1.865851414818e+00  ,1.827288156045e+00  ,1.785333370178e+00  ,1.737578876980e+00  ,1.684229667334e+00  ,1.622395655598e+00  ,1.550191075346e+00  
  3.301899313574e-07  ,2.417080225633e+00  ,2.404331656933e+00  ,2.391194265619e+00  ,2.377421244964e+00  ,2.363213390066e+00  ,2.348600988983e+00  ,2.333134044181e+00  ,2.317135987657e+00  ,2.300159012714e+00  ,2.282704683101e+00  ,2.264137744592e+00  ,2.244748413559e+00  ,2.224263394059e+00  ,2.202701048329e+00  ,2.179675185520e+00  ,2.155242443774e+00  ,2.129127937783e+00  ,2.101331350412e+00  ,2.071193961449e+00  ,2.038567371025e+00  ,2.003543115966e+00  ,1.964969477321e+00  ,1.932366005195e+00  ,1.900647470484e+00  ,1.865851414818e+00  ,1.827288156045e+00  ,1.785333370178e+00  ,1.737578876980e+00  ,1.684229667334e+00  ,1.622395655598e+00  ,1.550191075346e+00  
  3.311899855380e-07  ,2.417080225633e+00  ,2.404331656933e+00  ,2.391194265619e+00  ,2.377421244964e+00  ,2.363213390066e+00  ,2.348600988983e+00  ,2.333134044181e+00  ,2.317135987657e+00  ,2.300159012714e+00  ,2.282704683101e+00  ,2.264137744592e+00  ,2.244748413559e+00  ,2.224263394059e+00  ,2.202701048329e+00  ,2.179675185520e+00  ,2.155242443774e+00  ,2.129127937783e+00  ,2.101331350412e+00  ,2.071193961449e+00  ,2.038567371025e+00  ,2.003543115966e+00  ,1.964969477321e+00  ,1.932366005195e+00  ,1.900647470484e+00  ,1.865851414818e+00  ,1.827288156045e+00  ,1.785333370178e+00  ,1.737578876980e+00  ,1.684229667334e+00  ,1.622395655598e+00  ,1.550191075346e+00  
  3.321900397187e-07  ,2.417080225633e+00  ,2.404331656933e+00  ,2.391194265619e+00  ,2.377421244964e+00  ,2.363213390066e+00  ,2.348600988983e+00  ,2.333134044181e+00  ,2.317135987657e+00  ,2.300159012714e+00  ,2.282704683101e+00  ,2.264137744592e+00  ,2.244748413559e+00  ,2.224263394059e+00  ,2.202701048329e+00  ,2.179675185520e+00  ,2.155242443774e+00  ,2.129127937783e+00  ,2.101331350412e+00  ,2.071193961449e+00  ,2.038567371025e+00  ,2.003543115966e+00  ,1.964969477321e+00  ,1.932366005195e+00  ,1.900647470484e+00  ,1.865851414818e+00  ,1.827288156045e+00  ,1.785333370178e+00  ,1.737578876980e+00  ,1.684229667334e+00  ,1.622395655598e+00  ,1.550191075346e+00  
  3.331900938993e-07  ,2.417080225633e+00  ,2.404331656933e+00  ,2.391194265619e+00  ,2.377421244964e+00  ,2.363213390066e+00  ,2.348600988983e+00  ,2.333134044181e+00  ,2.317135987657e+00  ,2.300159012714e+00  ,2.282704683101e+00  ,2.264137744592e+00  ,2.244748413559e+00  ,2.224263394059e+00  ,2.202701048329e+00  ,2.179675185520e+00  ,2.155242443774e+00  ,2.129127937783e+00  ,2.101331350412e+00  ,2.071193961449e+00  ,2.038567371025e+00  ,2.003543115966e+00  ,1.964969477321e+00  ,1.932366005195e+00  ,1.900647470484e+00  ,1.865851414818e+00  ,1.827288156045e+00  ,1.785333370178e+00  ,1.737578876980e+00  ,1.684229667334e+00  ,1.622395655598e+00  ,1.550191075346e+00  
  3.341901480799e-07  ,2.417080225633e+00  ,2.404331656933e+00  ,2.391194265619e+00  ,2.377421244964e+00  ,2.363213390066e+00  ,2.348600988983e+00  ,2.333134044181e+00  ,2.317135987657e+00  ,2.300159012714e+00  ,2.282704683101e+00  ,2.264137744592e+00  ,2.244748413559e+00  ,2.224263394059e+00  ,2.202701048329e+00  ,2.179675185520e+00  ,2.155242443774e+00  ,2.129127937783e+00  ,2.101331350412e+00  ,2.071193961449e+00  ,2.038567371025e+00  ,2.003543115966e+00  ,1.964969477321e+00  ,1.932366005195e+00  ,1.900647470484e+00  ,1.865851414818e+00  ,1.827288156045e+00  ,1.785333370178e+00  ,1.737578876980e+00  ,1.684229667334e+00  ,1.622395655598e+00  ,1.550191075346e+00  
  3.351902022605e-07  ,2.417080225633e+00  ,2.404331656933e+00  ,2.391194265619e+00  ,2.377421244964e+00  ,2.363213390066e+00  ,2.348600988983e+00  ,2.333134044181e+00  ,2.317135987657e+00  ,2.300159012714e+00  ,2.282704683101e+00  ,2.264137744592e+00  ,2.244748413559e+00  ,2.224263394059e+00  ,2.202701048329e+00  ,2.179675185520e+00  ,2.155242443774e+00  ,2.129127937783e+00  ,2.101331350412e+00  ,2.071193961449e+00  ,2.038567371025e+00  ,2.003543115966e+00  ,1.964969477321e+00  ,1.932366005195e+00  ,1.900647470484e+00  ,1.865851414818e+00  ,1.827288156045e+00  ,1.785333370178e+00  ,1.737578876980e+00  ,1.684229667334e+00  ,1.622395655598e+00  ,1.550191075346e+00  
  3.361902564412e-07  ,2.417080225633e+00  ,2.404331656933e+00  ,2.391194265619e+00  ,2.377421244964e+00  ,2.363213390066e+00  ,2.348600988983e+00  ,2.333134044181e+00  ,2.317135987657e+00  ,2.300159012714e+00  ,2.282704683101e+00  ,2.264137744592e+00  ,2.244748413559e+00  ,2.224263394059e+00  ,2.202701048329e+00  ,2.179675185520e+00  ,2.155242443774e+00  ,2.129127937783e+00  ,2.101331350412e+00  ,2.071193961449e+00  ,2.038567371025e+00  ,2.003543115966e+00  ,1.964969477321e+00  ,1.932366005195e+00  ,1.900647470484e+00  ,1.865851414818e+00  ,1.827288156045e+00  ,1.785333370178e+00  ,1.737578876980e+00  ,1.684229667334e+00  ,1.622395655598e+00  ,1.550191075346e+00  
  3.371903106218e-07  ,2.417080225633e+00  ,2.404331656933e+00  ,2.391194265619e+00  ,2.377421244964e+00  ,2.363213390066e+00  ,2.348600988983e+00  ,2.333134044181e+00  ,2.317135987657e+00  ,2.300159012714e+00  ,2.282704683101e+00  ,2.264137744592e+00  ,2.244748413559e+00  ,2.224263394059e+00  ,2.202701048329e+00  ,2.179675185520e+00  ,2.155242443774e+00  ,2.129127937783e+00  ,2.101331350412e+00  ,2.071193961449e+00  ,2.038567371025e+00  ,2.003543115966e+00  ,1.964969477321e+00  ,1.932366005195e+00  ,1.900647470484e+00  ,1.865851414818e+00  ,1.827288156045e+00  ,1.785333370178e+00  ,1.737578876980e+00  ,1.684229667334e+00  ,1.622395655598e+00  ,1.550191075346e+00  
  3.381903648024e-07  ,2.417080225633e+00  ,2.404331656933e+00  ,2.391194265619e+00  ,2.377421244964e+00  ,2.363213390066e+00  ,2.348600988983e+00  ,2.333134044181e+00  ,2.317135987657e+00  ,2.300159012714e+00  ,2.282704683101e+00  ,2.264137744592e+00  ,2.244748413559e+00  ,2.224263394059e+00  ,2.202701048329e+00  ,2.179675185520e+00  ,2.155242443774e+00  ,2.129127937783e+00  ,2.101331350412e+00  ,2.071193961449e+00  ,2.038567371025e+00  ,2.003543115966e+00  ,1.964969477321e+00  ,1.932366005195e+00  ,1.900647470484e+00  ,1.865851414818e+00  ,1.827288156045e+00  ,1.785333370178e+00  ,1.737578876980e+00  ,1.684229667334e+00  ,1.622395655598e+00  ,1.550191075346e+00  
  3.391904189830e-07  ,2.417080225633e+00  ,2.404331656933e+00  ,2.391194265619e+00  ,2.377421244964e+00  ,2.363213390066e+00  ,2.348600988983e+00  ,2.333134044181e+00  ,2.317135987657e+00  ,2.300159012714e+00  ,2.282704683101e+00  ,2.264137744592e+00  ,2.244748413559e+00  ,2.224263394059e+00  ,2.202701048329e+00  ,2.179675185520e+00  ,2.155242443774e+00  ,2.129127937783e+00  ,2.101331350412e+00  ,2.071193961449e+00  ,2.038567371025e+00  ,2.003543115966e+00  ,1.964969477321e+00  ,1.932366005195e+00  ,1.900647470484e+00  ,1.865851414818e+00  ,1.827288156045e+00  ,1.785333370178e+00  ,1.737578876980e+00  ,1.684229667334e+00  ,1.622395655598e+00  ,1.550191075346e+00  
  3.401904731636e-07  ,2.417080225633e+00  ,2.404331656933e+00  ,2.391194265619e+00  ,2.377421244964e+00  ,2.363213390066e+00  ,2.348600988983e+00  ,2.333134044181e+00  ,2.317135987657e+00  ,2.300159012714e+00  ,2.282704683101e+00  ,2.264137744592e+00  ,2.244748413559e+00  ,2.224263394059e+00  ,2.202701048329e+00  ,2.179675185520e+00  ,2.155242443774e+00  ,2.129127937783e+00  ,2.101331350412e+00  ,2.071193961449e+00  ,2.038567371025e+00  ,2.003543115966e+00  ,1.964969477321e+00  ,1.932366005195e+00  ,1.900647470484e+00  ,1.865851414818e+00  ,1.827288156045e+00  ,1.785333370178e+00  ,1.737578876980e+00  ,1.684229667334e+00  ,1.622395655598e+00  ,1.550191075346e+00  
  3.411905273443e-07  ,2.417080225633e+00  ,2.404331656933e+00  ,2.391194265619e+00  ,2.377421244964e+00  ,2.363213390066e+00  ,2.348600988983e+00  ,2.333134044181e+00  ,2.317135987657e+00  ,2.300159012714e+00  ,2.282704683101e+00  ,2.264137744592e+00  ,2.244748413559e+00  ,2.224263394059e+00  ,2.202701048329e+00  ,2.179675185520e+00  ,2.155242443774e+00  ,2.129127937783e+00  ,2.101331350412e+00  ,2.071193961449e+00  ,2.038567371025e+00  ,2.003543115966e+00  ,1.964969477321e+00  ,1.932366005195e+00  ,1.900647470484e+00  ,1.865851414818e+00  ,1.827288156045e+00  ,1.785333370178e+00  ,1.737578876980e+00  ,1.684229667334e+00  ,1.622395655598e+00  ,1.550191075346e+00  
  3.421905815249e-07  ,2.417080225633e+00  ,2.404331656933e+00  ,2.391194265619e+00  ,2.377421244964e+00  ,2.363213390066e+00  ,2.348600988983e+00  ,2.333134044181e+00  ,2.317135987657e+00  ,2.300159012714e+00  ,2.282704683101e+00  ,2.264137744592e+00  ,2.244748413559e+00  ,2.224263394059e+00  ,2.202701048329e+00  ,2.179675185520e+00  ,2.155242443774e+00  ,2.129127937783e+00  ,2.101331350412e+00  ,2.071193961449e+00  ,2.038567371025e+00  ,2.003543115966e+00  ,1.964969477321e+00  ,1.932366005195e+00  ,1.900647470484e+00  ,1.865851414818e+00  ,1.827288156045e+00  ,1.785333370178e+00  ,1.737578876980e+00  ,1.684229667334e+00  ,1.622395655598e+00  ,1.550191075346e+00  
  3.431906357055e-07  ,2.417080225633e+00  ,2.404331656933e+00  ,2.391194265619e+00  ,2.377421244964e+00  ,2.363213390066e+00  ,2.348600988983e+00  ,2.333134044181e+00  ,2.317135987657e+00  ,2.300159012714e+00  ,2.282704683101e+00  ,2.264137744592e+00  ,2.244748413559e+00  ,2.224263394059e+00  ,2.202701048329e+00  ,2.179675185520e+00  ,2.155242443774e+00  ,2.129127937783e+00  ,2.101331350412e+00  ,2.071193961449e+00  ,2.038567371025e+00  ,2.003543115966e+00  ,1.964969477321e+00  ,1.932366005195e+00  ,1.900647470484e+00  ,1.865851414818e+00  ,1.827288156045e+00  ,1.785333370178e+00  ,1.737578876980e+00  ,1.684229667334e+00  ,1.622395655598e+00  ,1.550191075346e+00  
  3.441906898861e-07  ,2.417080225633e+00  ,2.404331656933e+00  ,2.391194265619e+00  ,2.377421244964e+00  ,2.363213390066e+00  ,2.348600988983e+00  ,2.333134044181e+00  ,2.317135987657e+00  ,2.300159012714e+00  ,2.282704683101e+00  ,2.264137744592e+00  ,2.244748413559e+00  ,2.224263394059e+00  ,2.202701048329e+00  ,2.179675185520e+00  ,2.155242443774e+00  ,2.129127937783e+00  ,2.101331350412e+00  ,2.071193961449e+00  ,2.038567371025e+00  ,2.003543115966e+00  ,1.964969477321e+00  ,1.932366005195e+00  ,1.900647470484e+00  ,1.865851414818e+00  ,1.827288156045e+00  ,1.785333370178e+00  ,1.737578876980e+00  ,1.684229667334e+00  ,1.622395655598e+00  ,1.550191075346e+00  
  3.451907440667e-07  ,2.417080225633e+00  ,2.404331656933e+00  ,2.391194265619e+00  ,2.377421244964e+00  ,2.363213390066e+00  ,2.348600988983e+00  ,2.333134044181e+00  ,2.317135987657e+00  ,2.300159012714e+00  ,2.282704683101e+00  ,2.264137744592e+00  ,2.244748413559e+00  ,2.224263394059e+00  ,2.202701048329e+00  ,2.179675185520e+00  ,2.155242443774e+00  ,2.129127937783e+00  ,2.101331350412e+00  ,2.071193961449e+00  ,2.038567371025e+00  ,2.003543115966e+00  ,1.964969477321e+00  ,1.932366005195e+00  ,1.900647470484e+00  ,1.865851414818e+00  ,1.827288156045e+00  ,1.785333370178e+00  ,1.737578876980e+00  ,1.684229667334e+00  ,1.622395655598e+00  ,1.550191075346e+00  
  3.461907982474e-07  ,2.417080225633e+00  ,2.404331656933e+00  ,2.391194265619e+00  ,2.377421244964e+00  ,2.363213390066e+00  ,2.348600988983e+00  ,2.333134044181e+00  ,2.317135987657e+00  ,2.300159012714e+00  ,2.282704683101e+00  ,2.264137744592e+00  ,2.244748413559e+00  ,2.224263394059e+00  ,2.202701048329e+00  ,2.179675185520e+00  ,2.155242443774e+00  ,2.129127937783e+00  ,2.101331350412e+00  ,2.071193961449e+00  ,2.038567371025e+00  ,2.003543115966e+00  ,1.964969477321e+00  ,1.932366005195e+00  ,1.900647470484e+00  ,1.865851414818e+00  ,1.827288156045e+00  ,1.785333370178e+00  ,1.737578876980e+00  ,1.684229667334e+00  ,1.622395655598e+00  ,1.550191075346e+00  
  3.471908524280e-07  ,2.417080225633e+00  ,2.404331656933e+00  ,2.391194265619e+00  ,2.377421244964e+00  ,2.363213390066e+00  ,2.348600988983e+00  ,2.333134044181e+00  ,2.317135987657e+00  ,2.300159012714e+00  ,2.282704683101e+00  ,2.264137744592e+00  ,2.244748413559e+00  ,2.224263394059e+00  ,2.202701048329e+00  ,2.179675185520e+00  ,2.155242443774e+00  ,2.129127937783e+00  ,2.101331350412e+00  ,2.071193961449e+00  ,2.038567371025e+00  ,2.003543115966e+00  ,1.964969477321e+00  ,1.932366005195e+00  ,1.900647470484e+00  ,1.865851414818e+00  ,1.827288156045e+00  ,1.785333370178e+00  ,1.737578876980e+00  ,1.684229667334e+00  ,1.622395655598e+00  ,1.550191075346e+00  
  3.481909066086e-07  ,2.417080225633e+00  ,2.404331656933e+00  ,2.391194265619e+00  ,2.377421244964e+00  ,2.363213390066e+00  ,2.348600988983e+00  ,2.333134044181e+00  ,2.317135987657e+00  ,2.300159012714e+00  ,2.282704683101e+00  ,2.264137744592e+00  ,2.244748413559e+00  ,2.224263394059e+00  ,2.202701048329e+00  ,2.179675185520e+00  ,2.155242443774e+00  ,2.129127937783e+00  ,2.101331350412e+00  ,2.071193961449e+00  ,2.038567371025e+00  ,2.003543115966e+00  ,1.964969477321e+00  ,1.932366005195e+00  ,1.900647470484e+00  ,1.865851414818e+00  ,1.827288156045e+00  ,1.785333370178e+00  ,1.737578876980e+00  ,1.684229667334e+00  ,1.622395655598e+00  ,1.550191075346e+00  
  3.491909607892e-07  ,2.417080225633e+00  ,2.404331656933e+00  ,2.391194265619e+00  ,2.377421244964e+00  ,2.363213390066e+00  ,2.348600988983e+00  ,2.333134044181e+00  ,2.317135987657e+00  ,2.300159012714e+00  ,2.282704683101e+00  ,2.264137744592e+00  ,2.244748413559e+00  ,2.224263394059e+00  ,2.202701048329e+00  ,2.179675185520e+00  ,2.155242443774e+00  ,2.129127937783e+00  ,2.101331350412e+00  ,2.071193961449e+00  ,2.038567371025e+00  ,2.003543115966e+00  ,1.964969477321e+00  ,1.932366005195e+00  ,1.900647470484e+00  ,1.865851414818e+00  ,1.827288156045e+00  ,1.785333370178e+00  ,1.737578876980e+00  ,1.684229667334e+00  ,1.622395655598e+00  ,1.550191075346e+00  
  3.501910149699e-07  ,2.417080225633e+00  ,2.404331656933e+00  ,2.391194265619e+00  ,2.377421244964e+00  ,2.363213390066e+00  ,2.348600988983e+00  ,2.333134044181e+00  ,2.317135987657e+00  ,2.300159012714e+00  ,2.282704683101e+00  ,2.264137744592e+00  ,2.244748413559e+00  ,2.224263394059e+00  ,2.202701048329e+00  ,2.179675185520e+00  ,2.155242443774e+00  ,2.129127937783e+00  ,2.101331350412e+00  ,2.071193961449e+00  ,2.038567371025e+00  ,2.003543115966e+00  ,1.964969477321e+00  ,1.932366005195e+00  ,1.900647470484e+00  ,1.865851414818e+00  ,1.827288156045e+00  ,1.785333370178e+00  ,1.737578876980e+00  ,1.684229667334e+00  ,1.622395655598e+00  ,1.550191075346e+00  
  3.511910691505e-07  ,2.417080225633e+00  ,2.404331656933e+00  ,2.391194265619e+00  ,2.377421244964e+00  ,2.363213390066e+00  ,2.348600988983e+00  ,2.333134044181e+00  ,2.317135987657e+00  ,2.300159012714e+00  ,2.282704683101e+00  ,2.264137744592e+00  ,2.244748413559e+00  ,2.224263394059e+00  ,2.202701048329e+00  ,2.179675185520e+00  ,2.155242443774e+00  ,2.129127937783e+00  ,2.101331350412e+00  ,2.071193961449e+00  ,2.038567371025e+00  ,2.003543115966e+00  ,1.964969477321e+00  ,1.932366005195e+00  ,1.900647470484e+00  ,1.865851414818e+00  ,1.827288156045e+00  ,1.785333370178e+00  ,1.737578876980e+00  ,1.684229667334e+00  ,1.622395655598e+00  ,1.550191075346e+00  
  3.521911233311e-07  ,2.417080225633e+00  ,2.404331656933e+00  ,2.391194265619e+00  ,2.377421244964e+00  ,2.363213390066e+00  ,2.348600988983e+00  ,2.333134044181e+00  ,2.317135987657e+00  ,2.300159012714e+00  ,2.282704683101e+00  ,2.264137744592e+00  ,2.244748413559e+00  ,2.224263394059e+00  ,2.202701048329e+00  ,2.179675185520e+00  ,2.155242443774e+00  ,2.129127937783e+00  ,2.101331350412e+00  ,2.071193961449e+00  ,2.038567371025e+00  ,2.003543115966e+00  ,1.964969477321e+00  ,1.932366005195e+00  ,1.900647470484e+00  ,1.865851414818e+00  ,1.827288156045e+00  ,1.785333370178e+00  ,1.737578876980e+00  ,1.684229667334e+00  ,1.622395655598e+00  ,1.550191075346e+00  
  3.531911775117e-07  ,2.417080225633e+00  ,2.404331656933e+00  ,2.391194265619e+00  ,2.377421244964e+00  ,2.363213390066e+00  ,2.348600988983e+00  ,2.333134044181e+00  ,2.317135987657e+00  ,2.300159012714e+00  ,2.282704683101e+00  ,2.264137744592e+00  ,2.244748413559e+00  ,2.224263394059e+00  ,2.202701048329e+00  ,2.179675185520e+00  ,2.155242443774e+00  ,2.129127937783e+00  ,2.101331350412e+00  ,2.071193961449e+00  ,2.038567371025e+00  ,2.003543115966e+00  ,1.964969477321e+00  ,1.932366005195e+00  ,1.900647470484e+00  ,1.865851414818e+00  ,1.827288156045e+00  ,1.785333370178e+00  ,1.737578876980e+00  ,1.684229667334e+00  ,1.622395655598e+00  ,1.550191075346e+00  
  3.541912316923e-07  ,2.417080225633e+00  ,2.404331656933e+00  ,2.391194265619e+00  ,2.377421244964e+00  ,2.363213390066e+00  ,2.348600988983e+00  ,2.333134044181e+00  ,2.317135987657e+00  ,2.300159012714e+00  ,2.282704683101e+00  ,2.264137744592e+00  ,2.244748413559e+00  ,2.224263394059e+00  ,2.202701048329e+00  ,2.179675185520e+00  ,2.155242443774e+00  ,2.129127937783e+00  ,2.101331350412e+00  ,2.071193961449e+00  ,2.038567371025e+00  ,2.003543115966e+00  ,1.964969477321e+00  ,1.932366005195e+00  ,1.900647470484e+00  ,1.865851414818e+00  ,1.827288156045e+00  ,1.785333370178e+00  ,1.737578876980e+00  ,1.684229667334e+00  ,1.622395655598e+00  ,1.550191075346e+00  
  3.551912858730e-07  ,2.417080225633e+00  ,2.404331656933e+00  ,2.391194265619e+00  ,2.377421244964e+00  ,2.363213390066e+00  ,2.348600988983e+00  ,2.333134044181e+00  ,2.317135987657e+00  ,2.300159012714e+00  ,2.282704683101e+00  ,2.264137744592e+00  ,2.244748413559e+00  ,2.224263394059e+00  ,2.202701048329e+00  ,2.179675185520e+00  ,2.155242443774e+00  ,2.129127937783e+00  ,2.101331350412e+00  ,2.071193961449e+00  ,2.038567371025e+00  ,2.003543115966e+00  ,1.964969477321e+00  ,1.932366005195e+00  ,1.900647470484e+00  ,1.865851414818e+00  ,1.827288156045e+00  ,1.785333370178e+00  ,1.737578876980e+00  ,1.684229667334e+00  ,1.622395655598e+00  ,1.550191075346e+00  
  3.561913400536e-07  ,2.417080225633e+00  ,2.404331656933e+00  ,2.391194265619e+00  ,2.377421244964e+00  ,2.363213390066e+00  ,2.348600988983e+00  ,2.333134044181e+00  ,2.317135987657e+00  ,2.300159012714e+00  ,2.282704683101e+00  ,2.264137744592e+00  ,2.244748413559e+00  ,2.224263394059e+00  ,2.202701048329e+00  ,2.179675185520e+00  ,2.155242443774e+00  ,2.129127937783e+00  ,2.101331350412e+00  ,2.071193961449e+00  ,2.038567371025e+00  ,2.003543115966e+00  ,1.964969477321e+00  ,1.932366005195e+00  ,1.900647470484e+00  ,1.865851414818e+00  ,1.827288156045e+00  ,1.785333370178e+00  ,1.737578876980e+00  ,1.684229667334e+00  ,1.622395655598e+00  ,1.550191075346e+00  
  3.571913942342e-07  ,2.417080225633e+00  ,2.404331656933e+00  ,2.391194265619e+00  ,2.377421244964e+00  ,2.363213390066e+00  ,2.348600988983e+00  ,2.333134044181e+00  ,2.317135987657e+00  ,2.300159012714e+00  ,2.282704683101e+00  ,2.264137744592e+00  ,2.244748413559e+00  ,2.224263394059e+00  ,2.202701048329e+00  ,2.179675185520e+00  ,2.155242443774e+00  ,2.129127937783e+00  ,2.101331350412e+00  ,2.071193961449e+00  ,2.038567371025e+00  ,2.003543115966e+00  ,1.964969477321e+00  ,1.932366005195e+00  ,1.900647470484e+00  ,1.865851414818e+00  ,1.827288156045e+00  ,1.785333370178e+00  ,1.737578876980e+00  ,1.684229667334e+00  ,1.622395655598e+00  ,1.550191075346e+00  
  3.581914484148e-07  ,2.417080225633e+00  ,2.404331656933e+00  ,2.391194265619e+00  ,2.377421244964e+00  ,2.363213390066e+00  ,2.348600988983e+00  ,2.333134044181e+00  ,2.317135987657e+00  ,2.300159012714e+00  ,2.282704683101e+00  ,2.264137744592e+00  ,2.244748413559e+00  ,2.224263394059e+00  ,2.202701048329e+00  ,2.179675185520e+00  ,2.155242443774e+00  ,2.129127937783e+00  ,2.101331350412e+00  ,2.071193961449e+00  ,2.038567371025e+00  ,2.003543115966e+00  ,1.964969477321e+00  ,1.932366005195e+00  ,1.900647470484e+00  ,1.865851414818e+00  ,1.827288156045e+00  ,1.785333370178e+00  ,1.737578876980e+00  ,1.684229667334e+00  ,1.622395655598e+00  ,1.550191075346e+00  
  3.591915025955e-07  ,2.417080225633e+00  ,2.404331656933e+00  ,2.391194265619e+00  ,2.377421244964e+00  ,2.363213390066e+00  ,2.348600988983e+00  ,2.333134044181e+00  ,2.317135987657e+00  ,2.300159012714e+00  ,2.282704683101e+00  ,2.264137744592e+00  ,2.244748413559e+00  ,2.224263394059e+00  ,2.202701048329e+00  ,2.179675185520e+00  ,2.155242443774e+00  ,2.129127937783e+00  ,2.101331350412e+00  ,2.071193961449e+00  ,2.038567371025e+00  ,2.003543115966e+00  ,1.964969477321e+00  ,1.932366005195e+00  ,1.900647470484e+00  ,1.865851414818e+00  ,1.827288156045e+00  ,1.785333370178e+00  ,1.737578876980e+00  ,1.684229667334e+00  ,1.622395655598e+00  ,1.550191075346e+00  
  3.601915567761e-07  ,2.417080225633e+00  ,2.404331656933e+00  ,2.391194265619e+00  ,2.377421244964e+00  ,2.363213390066e+00  ,2.348600988983e+00  ,2.333134044181e+00  ,2.317135987657e+00  ,2.300159012714e+00  ,2.282704683101e+00  ,2.264137744592e+00  ,2.244748413559e+00  ,2.224263394059e+00  ,2.202701048329e+00  ,2.179675185520e+00  ,2.155242443774e+00  ,2.129127937783e+00  ,2.101331350412e+00  ,2.071193961449e+00  ,2.038567371025e+00  ,2.003543115966e+00  ,1.964969477321e+00  ,1.932366005195e+00  ,1.900647470484e+00  ,1.865851414818e+00  ,1.827288156045e+00  ,1.785333370178e+00  ,1.737578876980e+00  ,1.684229667334e+00  ,1.622395655598e+00  ,1.550191075346e+00  
  3.611916109567e-07  ,2.417080225633e+00  ,2.404331656933e+00  ,2.391194265619e+00  ,2.377421244964e+00  ,2.363213390066e+00  ,2.348600988983e+00  ,2.333134044181e+00  ,2.317135987657e+00  ,2.300159012714e+00  ,2.282704683101e+00  ,2.264137744592e+00  ,2.244748413559e+00  ,2.224263394059e+00  ,2.202701048329e+00  ,2.179675185520e+00  ,2.155242443774e+00  ,2.129127937783e+00  ,2.101331350412e+00  ,2.071193961449e+00  ,2.038567371025e+00  ,2.003543115966e+00  ,1.964969477321e+00  ,1.932366005195e+00  ,1.900647470484e+00  ,1.865851414818e+00  ,1.827288156045e+00  ,1.785333370178e+00  ,1.737578876980e+00  ,1.684229667334e+00  ,1.622395655598e+00  ,1.550191075346e+00  
  3.621916651373e-07  ,2.417080225633e+00  ,2.404331656933e+00  ,2.391194265619e+00  ,2.377421244964e+00  ,2.363213390066e+00  ,2.348600988983e+00  ,2.333134044181e+00  ,2.317135987657e+00  ,2.300159012714e+00  ,2.282704683101e+00  ,2.264137744592e+00  ,2.244748413559e+00  ,2.224263394059e+00  ,2.202701048329e+00  ,2.179675185520e+00  ,2.155242443774e+00  ,2.129127937783e+00  ,2.101331350412e+00  ,2.071193961449e+00  ,2.038567371025e+00  ,2.003543115966e+00  ,1.964969477321e+00  ,1.932366005195e+00  ,1.900647470484e+00  ,1.865851414818e+00  ,1.827288156045e+00  ,1.785333370178e+00  ,1.737578876980e+00  ,1.684229667334e+00  ,1.622395655598e+00  ,1.550191075346e+00  
  3.631917193179e-07  ,2.417080225633e+00  ,2.404331656933e+00  ,2.391194265619e+00  ,2.377421244964e+00  ,2.363213390066e+00  ,2.348600988983e+00  ,2.333134044181e+00  ,2.317135987657e+00  ,2.300159012714e+00  ,2.282704683101e+00  ,2.264137744592e+00  ,2.244748413559e+00  ,2.224263394059e+00  ,2.202701048329e+00  ,2.179675185520e+00  ,2.155242443774e+00  ,2.129127937783e+00  ,2.101331350412e+00  ,2.071193961449e+00  ,2.038567371025e+00  ,2.003543115966e+00  ,1.964969477321e+00  ,1.932366005195e+00  ,1.900647470484e+00  ,1.865851414818e+00  ,1.827288156045e+00  ,1.785333370178e+00  ,1.737578876980e+00  ,1.684229667334e+00  ,1.622395655598e+00  ,1.550191075346e+00  
  3.641917734986e-07  ,2.417080225633e+00  ,2.404331656933e+00  ,2.391194265619e+00  ,2.377421244964e+00  ,2.363213390066e+00  ,2.348600988983e+00  ,2.333134044181e+00  ,2.317135987657e+00  ,2.300159012714e+00  ,2.282704683101e+00  ,2.264137744592e+00  ,2.244748413559e+00  ,2.224263394059e+00  ,2.202701048329e+00  ,2.179675185520e+00  ,2.155242443774e+00  ,2.129127937783e+00  ,2.101331350412e+00  ,2.071193961449e+00  ,2.038567371025e+00  ,2.003543115966e+00  ,1.964969477321e+00  ,1.932366005195e+00  ,1.900647470484e+00  ,1.865851414818e+00  ,1.827288156045e+00  ,1.785333370178e+00  ,1.737578876980e+00  ,1.684229667334e+00  ,1.622395655598e+00  ,1.550191075346e+00  
  3.651918276792e-07  ,2.417080225633e+00  ,2.404331656933e+00  ,2.391194265619e+00  ,2.377421244964e+00  ,2.363213390066e+00  ,2.348600988983e+00  ,2.333134044181e+00  ,2.317135987657e+00  ,2.300159012714e+00  ,2.282704683101e+00  ,2.264137744592e+00  ,2.244748413559e+00  ,2.224263394059e+00  ,2.202701048329e+00  ,2.179675185520e+00  ,2.155242443774e+00  ,2.129127937783e+00  ,2.101331350412e+00  ,2.071193961449e+00  ,2.038567371025e+00  ,2.003543115966e+00  ,1.964969477321e+00  ,1.932366005195e+00  ,1.900647470484e+00  ,1.865851414818e+00  ,1.827288156045e+00  ,1.785333370178e+00  ,1.737578876980e+00  ,1.684229667334e+00  ,1.622395655598e+00  ,1.550191075346e+00  
  3.661918818598e-07  ,2.417080225633e+00  ,2.404331656933e+00  ,2.391194265619e+00  ,2.377421244964e+00  ,2.363213390066e+00  ,2.348600988983e+00  ,2.333134044181e+00  ,2.317135987657e+00  ,2.300159012714e+00  ,2.282704683101e+00  ,2.264137744592e+00  ,2.244748413559e+00  ,2.224263394059e+00  ,2.202701048329e+00  ,2.179675185520e+00  ,2.155242443774e+00  ,2.129127937783e+00  ,2.101331350412e+00  ,2.071193961449e+00  ,2.038567371025e+00  ,2.003543115966e+00  ,1.964969477321e+00  ,1.932366005195e+00  ,1.900647470484e+00  ,1.865851414818e+00  ,1.827288156045e+00  ,1.785333370178e+00  ,1.737578876980e+00  ,1.684229667334e+00  ,1.622395655598e+00  ,1.550191075346e+00  
  3.671919360404e-07  ,2.417080225633e+00  ,2.404331656933e+00  ,2.391194265619e+00  ,2.377421244964e+00  ,2.363213390066e+00  ,2.348600988983e+00  ,2.333134044181e+00  ,2.317135987657e+00  ,2.300159012714e+00  ,2.282704683101e+00  ,2.264137744592e+00  ,2.244748413559e+00  ,2.224263394059e+00  ,2.202701048329e+00  ,2.179675185520e+00  ,2.155242443774e+00  ,2.129127937783e+00  ,2.101331350412e+00  ,2.071193961449e+00  ,2.038567371025e+00  ,2.003543115966e+00  ,1.964969477321e+00  ,1.932366005195e+00  ,1.900647470484e+00  ,1.865851414818e+00  ,1.827288156045e+00  ,1.785333370178e+00  ,1.737578876980e+00  ,1.684229667334e+00  ,1.622395655598e+00  ,1.550191075346e+00  
  3.681919902211e-07  ,2.417080225633e+00  ,2.404331656933e+00  ,2.391194265619e+00  ,2.377421244964e+00  ,2.363213390066e+00  ,2.348600988983e+00  ,2.333134044181e+00  ,2.317135987657e+00  ,2.300159012714e+00  ,2.282704683101e+00  ,2.264137744592e+00  ,2.244748413559e+00  ,2.224263394059e+00  ,2.202701048329e+00  ,2.179675185520e+00  ,2.155242443774e+00  ,2.129127937783e+00  ,2.101331350412e+00  ,2.071193961449e+00  ,2.038567371025e+00  ,2.003543115966e+00  ,1.964969477321e+00  ,1.932366005195e+00  ,1.900647470484e+00  ,1.865851414818e+00  ,1.827288156045e+00  ,1.785333370178e+00  ,1.737578876980e+00  ,1.684229667334e+00  ,1.622395655598e+00  ,1.550191075346e+00  
  3.691920444017e-07  ,2.417080225633e+00  ,2.404331656933e+00  ,2.391194265619e+00  ,2.377421244964e+00  ,2.363213390066e+00  ,2.348600988983e+00  ,2.333134044181e+00  ,2.317135987657e+00  ,2.300159012714e+00  ,2.282704683101e+00  ,2.264137744592e+00  ,2.244748413559e+00  ,2.224263394059e+00  ,2.202701048329e+00  ,2.179675185520e+00  ,2.155242443774e+00  ,2.129127937783e+00  ,2.101331350412e+00  ,2.071193961449e+00  ,2.038567371025e+00  ,2.003543115966e+00  ,1.964969477321e+00  ,1.932366005195e+00  ,1.900647470484e+00  ,1.865851414818e+00  ,1.827288156045e+00  ,1.785333370178e+00  ,1.737578876980e+00  ,1.684229667334e+00  ,1.622395655598e+00  ,1.550191075346e+00  
  3.701920985823e-07  ,2.417080225633e+00  ,2.404331656933e+00  ,2.391194265619e+00  ,2.377421244964e+00  ,2.363213390066e+00  ,2.348600988983e+00  ,2.333134044181e+00  ,2.317135987657e+00  ,2.300159012714e+00  ,2.282704683101e+00  ,2.264137744592e+00  ,2.244748413559e+00  ,2.224263394059e+00  ,2.202701048329e+00  ,2.179675185520e+00  ,2.155242443774e+00  ,2.129127937783e+00  ,2.101331350412e+00  ,2.071193961449e+00  ,2.038567371025e+00  ,2.003543115966e+00  ,1.964969477321e+00  ,1.932366005195e+00  ,1.900647470484e+00  ,1.865851414818e+00  ,1.827288156045e+00  ,1.785333370178e+00  ,1.737578876980e+00  ,1.684229667334e+00  ,1.622395655598e+00  ,1.550191075346e+00  
  3.711921527629e-07  ,2.417080225633e+00  ,2.404331656933e+00  ,2.391194265619e+00  ,2.377421244964e+00  ,2.363213390066e+00  ,2.348600988983e+00  ,2.333134044181e+00  ,2.317135987657e+00  ,2.300159012714e+00  ,2.282704683101e+00  ,2.264137744592e+00  ,2.244748413559e+00  ,2.224263394059e+00  ,2.202701048329e+00  ,2.179675185520e+00  ,2.155242443774e+00  ,2.129127937783e+00  ,2.101331350412e+00  ,2.071193961449e+00  ,2.038567371025e+00  ,2.003543115966e+00  ,1.964969477321e+00  ,1.932366005195e+00  ,1.900647470484e+00  ,1.865851414818e+00  ,1.827288156045e+00  ,1.785333370178e+00  ,1.737578876980e+00  ,1.684229667334e+00  ,1.622395655598e+00  ,1.550191075346e+00  
  3.721922069435e-07  ,2.417080225633e+00  ,2.404331656933e+00  ,2.391194265619e+00  ,2.377421244964e+00  ,2.363213390066e+00  ,2.348600988983e+00  ,2.333134044181e+00  ,2.317135987657e+00  ,2.300159012714e+00  ,2.282704683101e+00  ,2.264137744592e+00  ,2.244748413559e+00  ,2.224263394059e+00  ,2.202701048329e+00  ,2.179675185520e+00  ,2.155242443774e+00  ,2.129127937783e+00  ,2.101331350412e+00  ,2.071193961449e+00  ,2.038567371025e+00  ,2.003543115966e+00  ,1.964969477321e+00  ,1.932366005195e+00  ,1.900647470484e+00  ,1.865851414818e+00  ,1.827288156045e+00  ,1.785333370178e+00  ,1.737578876980e+00  ,1.684229667334e+00  ,1.622395655598e+00  ,1.550191075346e+00  
  3.731922611242e-07  ,2.417080225633e+00  ,2.404331656933e+00  ,2.391194265619e+00  ,2.377421244964e+00  ,2.363213390066e+00  ,2.348600988983e+00  ,2.333134044181e+00  ,2.317135987657e+00  ,2.300159012714e+00  ,2.282704683101e+00  ,2.264137744592e+00  ,2.244748413559e+00  ,2.224263394059e+00  ,2.202701048329e+00  ,2.179675185520e+00  ,2.155242443774e+00  ,2.129127937783e+00  ,2.101331350412e+00  ,2.071193961449e+00  ,2.038567371025e+00  ,2.003543115966e+00  ,1.964969477321e+00  ,1.932366005195e+00  ,1.900647470484e+00  ,1.865851414818e+00  ,1.827288156045e+00  ,1.785333370178e+00  ,1.737578876980e+00  ,1.684229667334e+00  ,1.622395655598e+00  ,1.550191075346e+00  
  3.741923153048e-07  ,2.417080225633e+00  ,2.404331656933e+00  ,2.391194265619e+00  ,2.377421244964e+00  ,2.363213390066e+00  ,2.348600988983e+00  ,2.333134044181e+00  ,2.317135987657e+00  ,2.300159012714e+00  ,2.282704683101e+00  ,2.264137744592e+00  ,2.244748413559e+00  ,2.224263394059e+00  ,2.202701048329e+00  ,2.179675185520e+00  ,2.155242443774e+00  ,2.129127937783e+00  ,2.101331350412e+00  ,2.071193961449e+00  ,2.038567371025e+00  ,2.003543115966e+00  ,1.964969477321e+00  ,1.932366005195e+00  ,1.900647470484e+00  ,1.865851414818e+00  ,1.827288156045e+00  ,1.785333370178e+00  ,1.737578876980e+00  ,1.684229667334e+00  ,1.622395655598e+00  ,1.550191075346e+00  
  3.751923694854e-07  ,2.417080225633e+00  ,2.404331656933e+00  ,2.391194265619e+00  ,2.377421244964e+00  ,2.363213390066e+00  ,2.348600988983e+00  ,2.333134044181e+00  ,2.317135987657e+00  ,2.300159012714e+00  ,2.282704683101e+00  ,2.264137744592e+00  ,2.244748413559e+00  ,2.224263394059e+00  ,2.202701048329e+00  ,2.179675185520e+00  ,2.155242443774e+00  ,2.129127937783e+00  ,2.101331350412e+00  ,2.071193961449e+00  ,2.038567371025e+00  ,2.003543115966e+00  ,1.964969477321e+00  ,1.932366005195e+00  ,1.900647470484e+00  ,1.865851414818e+00  ,1.827288156045e+00  ,1.785333370178e+00  ,1.737578876980e+00  ,1.684229667334e+00  ,1.622395655598e+00  ,1.550191075346e+00  
  3.761924236660e-07  ,2.417080225633e+00  ,2.404331656933e+00  ,2.391194265619e+00  ,2.377421244964e+00  ,2.363213390066e+00  ,2.348600988983e+00  ,2.333134044181e+00  ,2.317135987657e+00  ,2.300159012714e+00  ,2.282704683101e+00  ,2.264137744592e+00  ,2.244748413559e+00  ,2.224263394059e+00  ,2.202701048329e+00  ,2.179675185520e+00  ,2.155242443774e+00  ,2.129127937783e+00  ,2.101331350412e+00  ,2.071193961449e+00  ,2.038567371025e+00  ,2.003543115966e+00  ,1.964969477321e+00  ,1.932366005195e+00  ,1.900647470484e+00  ,1.865851414818e+00  ,1.827288156045e+00  ,1.785333370178e+00  ,1.737578876980e+00  ,1.684229667334e+00  ,1.622395655598e+00  ,1.550191075346e+00  
  3.771924778467e-07  ,2.417080225633e+00  ,2.404331656933e+00  ,2.391194265619e+00  ,2.377421244964e+00  ,2.363213390066e+00  ,2.348600988983e+00  ,2.333134044181e+00  ,2.317135987657e+00  ,2.300159012714e+00  ,2.282704683101e+00  ,2.264137744592e+00  ,2.244748413559e+00  ,2.224263394059e+00  ,2.202701048329e+00  ,2.179675185520e+00  ,2.155242443774e+00  ,2.129127937783e+00  ,2.101331350412e+00  ,2.071193961449e+00  ,2.038567371025e+00  ,2.003543115966e+00  ,1.964969477321e+00  ,1.932366005195e+00  ,1.900647470484e+00  ,1.865851414818e+00  ,1.827288156045e+00  ,1.785333370178e+00  ,1.737578876980e+00  ,1.684229667334e+00  ,1.622395655598e+00  ,1.550191075346e+00  
  3.781925320273e-07  ,2.417080225633e+00  ,2.404331656933e+00  ,2.391194265619e+00  ,2.377421244964e+00  ,2.363213390066e+00  ,2.348600988983e+00  ,2.333134044181e+00  ,2.317135987657e+00  ,2.300159012714e+00  ,2.282704683101e+00  ,2.264137744592e+00  ,2.244748413559e+00  ,2.224263394059e+00  ,2.202701048329e+00  ,2.179675185520e+00  ,2.155242443774e+00  ,2.129127937783e+00  ,2.101331350412e+00  ,2.071193961449e+00  ,2.038567371025e+00  ,2.003543115966e+00  ,1.964969477321e+00  ,1.932366005195e+00  ,1.900647470484e+00  ,1.865851414818e+00  ,1.827288156045e+00  ,1.785333370178e+00  ,1.737578876980e+00  ,1.684229667334e+00  ,1.622395655598e+00  ,1.550191075346e+00  
  3.791925862079e-07  ,2.417080225633e+00  ,2.404331656933e+00  ,2.391194265619e+00  ,2.377421244964e+00  ,2.363213390066e+00  ,2.348600988983e+00  ,2.333134044181e+00  ,2.317135987657e+00  ,2.300159012714e+00  ,2.282704683101e+00  ,2.264137744592e+00  ,2.244748413559e+00  ,2.224263394059e+00  ,2.202701048329e+00  ,2.179675185520e+00  ,2.155242443774e+00  ,2.129127937783e+00  ,2.101331350412e+00  ,2.071193961449e+00  ,2.038567371025e+00  ,2.003543115966e+00  ,1.964969477321e+00  ,1.932366005195e+00  ,1.900647470484e+00  ,1.865851414818e+00  ,1.827288156045e+00  ,1.785333370178e+00  ,1.737578876980e+00  ,1.684229667334e+00  ,1.622395655598e+00  ,1.550191075346e+00  
  3.801926403885e-07  ,2.417080225633e+00  ,2.404331656933e+00  ,2.391194265619e+00  ,2.377421244964e+00  ,2.363213390066e+00  ,2.348600988983e+00  ,2.333134044181e+00  ,2.317135987657e+00  ,2.300159012714e+00  ,2.282704683101e+00  ,2.264137744592e+00  ,2.244748413559e+00  ,2.224263394059e+00  ,2.202701048329e+00  ,2.179675185520e+00  ,2.155242443774e+00  ,2.129127937783e+00  ,2.101331350412e+00  ,2.071193961449e+00  ,2.038567371025e+00  ,2.003543115966e+00  ,1.964969477321e+00  ,1.932366005195e+00  ,1.900647470484e+00  ,1.865851414818e+00  ,1.827288156045e+00  ,1.785333370178e+00  ,1.737578876980e+00  ,1.684229667334e+00  ,1.622395655598e+00  ,1.550191075346e+00  
  3.811926945691e-07  ,2.417080225633e+00  ,2.404331656933e+00  ,2.391194265619e+00  ,2.377421244964e+00  ,2.363213390066e+00  ,2.348600988983e+00  ,2.333134044181e+00  ,2.317135987657e+00  ,2.300159012714e+00  ,2.282704683101e+00  ,2.264137744592e+00  ,2.244748413559e+00  ,2.224263394059e+00  ,2.202701048329e+00  ,2.179675185520e+00  ,2.155242443774e+00  ,2.129127937783e+00  ,2.101331350412e+00  ,2.071193961449e+00  ,2.038567371025e+00  ,2.003543115966e+00  ,1.964969477321e+00  ,1.932366005195e+00  ,1.900647470484e+00  ,1.865851414818e+00  ,1.827288156045e+00  ,1.785333370178e+00  ,1.737578876980e+00  ,1.684229667334e+00  ,1.622395655598e+00  ,1.550191075346e+00  
  3.821927487498e-07  ,2.417080225633e+00  ,2.404331656933e+00  ,2.391194265619e+00  ,2.377421244964e+00  ,2.363213390066e+00  ,2.348600988983e+00  ,2.333134044181e+00  ,2.317135987657e+00  ,2.300159012714e+00  ,2.282704683101e+00  ,2.264137744592e+00  ,2.244748413559e+00  ,2.224263394059e+00  ,2.202701048329e+00  ,2.179675185520e+00  ,2.155242443774e+00  ,2.129127937783e+00  ,2.101331350412e+00  ,2.071193961449e+00  ,2.038567371025e+00  ,2.003543115966e+00  ,1.964969477321e+00  ,1.932366005195e+00  ,1.900647470484e+00  ,1.865851414818e+00  ,1.827288156045e+00  ,1.785333370178e+00  ,1.737578876980e+00  ,1.684229667334e+00  ,1.622395655598e+00  ,1.550191075346e+00  
  3.831928029304e-07  ,2.417080225633e+00  ,2.404331656933e+00  ,2.391194265619e+00  ,2.377421244964e+00  ,2.363213390066e+00  ,2.348600988983e+00  ,2.333134044181e+00  ,2.317135987657e+00  ,2.300159012714e+00  ,2.282704683101e+00  ,2.264137744592e+00  ,2.244748413559e+00  ,2.224263394059e+00  ,2.202701048329e+00  ,2.179675185520e+00  ,2.155242443774e+00  ,2.129127937783e+00  ,2.101331350412e+00  ,2.071193961449e+00  ,2.038567371025e+00  ,2.003543115966e+00  ,1.964969477321e+00  ,1.932366005195e+00  ,1.900647470484e+00  ,1.865851414818e+00  ,1.827288156045e+00  ,1.785333370178e+00  ,1.737578876980e+00  ,1.684229667334e+00  ,1.622395655598e+00  ,1.550191075346e+00  
  3.841928571110e-07  ,2.417080225633e+00  ,2.404331656933e+00  ,2.391194265619e+00  ,2.377421244964e+00  ,2.363213390066e+00  ,2.348600988983e+00  ,2.333134044181e+00  ,2.317135987657e+00  ,2.300159012714e+00  ,2.282704683101e+00  ,2.264137744592e+00  ,2.244748413559e+00  ,2.224263394059e+00  ,2.202701048329e+00  ,2.179675185520e+00  ,2.155242443774e+00  ,2.129127937783e+00  ,2.101331350412e+00  ,2.071193961449e+00  ,2.038567371025e+00  ,2.003543115966e+00  ,1.964969477321e+00  ,1.932366005195e+00  ,1.900647470484e+00  ,1.865851414818e+00  ,1.827288156045e+00  ,1.785333370178e+00  ,1.737578876980e+00  ,1.684229667334e+00  ,1.622395655598e+00  ,1.550191075346e+00  
  3.851929112916e-07  ,2.417080225633e+00  ,2.404331656933e+00  ,2.391194265619e+00  ,2.377421244964e+00  ,2.363213390066e+00  ,2.348600988983e+00  ,2.333134044181e+00  ,2.317135987657e+00  ,2.300159012714e+00  ,2.282704683101e+00  ,2.264137744592e+00  ,2.244748413559e+00  ,2.224263394059e+00  ,2.202701048329e+00  ,2.179675185520e+00  ,2.155242443774e+00  ,2.129127937783e+00  ,2.101331350412e+00  ,2.071193961449e+00  ,2.038567371025e+00  ,2.003543115966e+00  ,1.964969477321e+00  ,1.932366005195e+00  ,1.900647470484e+00  ,1.865851414818e+00  ,1.827288156045e+00  ,1.785333370178e+00  ,1.737578876980e+00  ,1.684229667334e+00  ,1.622395655598e+00  ,1.550191075346e+00  
  3.861929654723e-07  ,2.417080225633e+00  ,2.404331656933e+00  ,2.391194265619e+00  ,2.377421244964e+00  ,2.363213390066e+00  ,2.348600988983e+00  ,2.333134044181e+00  ,2.317135987657e+00  ,2.300159012714e+00  ,2.282704683101e+00  ,2.264137744592e+00  ,2.244748413559e+00  ,2.224263394059e+00  ,2.202701048329e+00  ,2.179675185520e+00  ,2.155242443774e+00  ,2.129127937783e+00  ,2.101331350412e+00  ,2.071193961449e+00  ,2.038567371025e+00  ,2.003543115966e+00  ,1.964969477321e+00  ,1.932366005195e+00  ,1.900647470484e+00  ,1.865851414818e+00  ,1.827288156045e+00  ,1.785333370178e+00  ,1.737578876980e+00  ,1.684229667334e+00  ,1.622395655598e+00  ,1.550191075346e+00  
  3.871930196529e-07  ,2.417080225633e+00  ,2.404331656933e+00  ,2.391194265619e+00  ,2.377421244964e+00  ,2.363213390066e+00  ,2.348600988983e+00  ,2.333134044181e+00  ,2.317135987657e+00  ,2.300159012714e+00  ,2.282704683101e+00  ,2.264137744592e+00  ,2.244748413559e+00  ,2.224263394059e+00  ,2.202701048329e+00  ,2.179675185520e+00  ,2.155242443774e+00  ,2.129127937783e+00  ,2.101331350412e+00  ,2.071193961449e+00  ,2.038567371025e+00  ,2.003543115966e+00  ,1.964969477321e+00  ,1.932366005195e+00  ,1.900647470484e+00  ,1.865851414818e+00  ,1.827288156045e+00  ,1.785333370178e+00  ,1.737578876980e+00  ,1.684229667334e+00  ,1.622395655598e+00  ,1.550191075346e+00  
  3.881930738335e-07  ,2.417080225633e+00  ,2.404331656933e+00  ,2.391194265619e+00  ,2.377421244964e+00  ,2.363213390066e+00  ,2.348600988983e+00  ,2.333134044181e+00  ,2.317135987657e+00  ,2.300159012714e+00  ,2.282704683101e+00  ,2.264137744592e+00  ,2.244748413559e+00  ,2.224263394059e+00  ,2.202701048329e+00  ,2.179675185520e+00  ,2.155242443774e+00  ,2.129127937783e+00  ,2.101331350412e+00  ,2.071193961449e+00  ,2.038567371025e+00  ,2.003543115966e+00  ,1.964969477321e+00  ,1.932366005195e+00  ,1.900647470484e+00  ,1.865851414818e+00  ,1.827288156045e+00  ,1.785333370178e+00  ,1.737578876980e+00  ,1.684229667334e+00  ,1.622395655598e+00  ,1.550191075346e+00  
  3.891931280141e-07  ,2.417080225633e+00  ,2.404331656933e+00  ,2.391194265619e+00  ,2.377421244964e+00  ,2.363213390066e+00  ,2.348600988983e+00  ,2.333134044181e+00  ,2.317135987657e+00  ,2.300159012714e+00  ,2.282704683101e+00  ,2.264137744592e+00  ,2.244748413559e+00  ,2.224263394059e+00  ,2.202701048329e+00  ,2.179675185520e+00  ,2.155242443774e+00  ,2.129127937783e+00  ,2.101331350412e+00  ,2.071193961449e+00  ,2.038567371025e+00  ,2.003543115966e+00  ,1.964969477321e+00  ,1.932366005195e+00  ,1.900647470484e+00  ,1.865851414818e+00  ,1.827288156045e+00  ,1.785333370178e+00  ,1.737578876980e+00  ,1.684229667334e+00  ,1.622395655598e+00  ,1.550191075346e+00  
  3.901931821947e-07  ,2.417080225633e+00  ,2.404331656933e+00  ,2.391194265619e+00  ,2.377421244964e+00  ,2.363213390066e+00  ,2.348600988983e+00  ,2.333134044181e+00  ,2.317135987657e+00  ,2.300159012714e+00  ,2.282704683101e+00  ,2.264137744592e+00  ,2.244748413559e+00  ,2.224263394059e+00  ,2.202701048329e+00  ,2.179675185520e+00  ,2.155242443774e+00  ,2.129127937783e+00  ,2.101331350412e+00  ,2.071193961449e+00  ,2.038567371025e+00  ,2.003543115966e+00  ,1.964969477321e+00  ,1.932366005195e+00  ,1.900647470484e+00  ,1.865851414818e+00  ,1.827288156045e+00  ,1.785333370178e+00  ,1.737578876980e+00  ,1.684229667334e+00  ,1.622395655598e+00  ,1.550191075346e+00  
  3.911932363754e-07  ,2.417080225633e+00  ,2.404331656933e+00  ,2.391194265619e+00  ,2.377421244964e+00  ,2.363213390066e+00  ,2.348600988983e+00  ,2.333134044181e+00  ,2.317135987657e+00  ,2.300159012714e+00  ,2.282704683101e+00  ,2.264137744592e+00  ,2.244748413559e+00  ,2.224263394059e+00  ,2.202701048329e+00  ,2.179675185520e+00  ,2.155242443774e+00  ,2.129127937783e+00  ,2.101331350412e+00  ,2.071193961449e+00  ,2.038567371025e+00  ,2.003543115966e+00  ,1.964969477321e+00  ,1.932366005195e+00  ,1.900647470484e+00  ,1.865851414818e+00  ,1.827288156045e+00  ,1.785333370178e+00  ,1.737578876980e+00  ,1.684229667334e+00  ,1.622395655598e+00  ,1.550191075346e+00  
  3.921932905560e-07  ,2.417080225633e+00  ,2.404331656933e+00  ,2.391194265619e+00  ,2.377421244964e+00  ,2.363213390066e+00  ,2.348600988983e+00  ,2.333134044181e+00  ,2.317135987657e+00  ,2.300159012714e+00  ,2.282704683101e+00  ,2.264137744592e+00  ,2.244748413559e+00  ,2.224263394059e+00  ,2.202701048329e+00  ,2.179675185520e+00  ,2.155242443774e+00  ,2.129127937783e+00  ,2.101331350412e+00  ,2.071193961449e+00  ,2.038567371025e+00  ,2.003543115966e+00  ,1.964969477321e+00  ,1.932366005195e+00  ,1.900647470484e+00  ,1.865851414818e+00  ,1.827288156045e+00  ,1.785333370178e+00  ,1.737578876980e+00  ,1.684229667334e+00  ,1.622395655598e+00  ,1.550191075346e+00  
  3.931933447366e-07  ,2.417080225633e+00  ,2.404331656933e+00  ,2.391194265619e+00  ,2.377421244964e+00  ,2.363213390066e+00  ,2.348600988983e+00  ,2.333134044181e+00  ,2.317135987657e+00  ,2.300159012714e+00  ,2.282704683101e+00  ,2.264137744592e+00  ,2.244748413559e+00  ,2.224263394059e+00  ,2.202701048329e+00  ,2.179675185520e+00  ,2.155242443774e+00  ,2.129127937783e+00  ,2.101331350412e+00  ,2.071193961449e+00  ,2.038567371025e+00  ,2.003543115966e+00  ,1.964969477321e+00  ,1.932366005195e+00  ,1.900647470484e+00  ,1.865851414818e+00  ,1.827288156045e+00  ,1.785333370178e+00  ,1.737578876980e+00  ,1.684229667334e+00  ,1.622395655598e+00  ,1.550191075346e+00  
  3.941933989172e-07  ,2.417080225633e+00  ,2.404331656933e+00  ,2.391194265619e+00  ,2.377421244964e+00  ,2.363213390066e+00  ,2.348600988983e+00  ,2.333134044181e+00  ,2.317135987657e+00  ,2.300159012714e+00  ,2.282704683101e+00  ,2.264137744592e+00  ,2.244748413559e+00  ,2.224263394059e+00  ,2.202701048329e+00  ,2.179675185520e+00  ,2.155242443774e+00  ,2.129127937783e+00  ,2.101331350412e+00  ,2.071193961449e+00  ,2.038567371025e+00  ,2.003543115966e+00  ,1.964969477321e+00  ,1.932366005195e+00  ,1.900647470484e+00  ,1.865851414818e+00  ,1.827288156045e+00  ,1.785333370178e+00  ,1.737578876980e+00  ,1.684229667334e+00  ,1.622395655598e+00  ,1.550191075346e+00  
  3.951934530979e-07  ,2.417080225633e+00  ,2.404331656933e+00  ,2.391194265619e+00  ,2.377421244964e+00  ,2.363213390066e+00  ,2.348600988983e+00  ,2.333134044181e+00  ,2.317135987657e+00  ,2.300159012714e+00  ,2.282704683101e+00  ,2.264137744592e+00  ,2.244748413559e+00  ,2.224263394059e+00  ,2.202701048329e+00  ,2.179675185520e+00  ,2.155242443774e+00  ,2.129127937783e+00  ,2.101331350412e+00  ,2.071193961449e+00  ,2.038567371025e+00  ,2.003543115966e+00  ,1.964969477321e+00  ,1.932366005195e+00  ,1.900647470484e+00  ,1.865851414818e+00  ,1.827288156045e+00  ,1.785333370178e+00  ,1.737578876980e+00  ,1.684229667334e+00  ,1.622395655598e+00  ,1.550191075346e+00  
  3.961935072785e-07  ,2.417080225633e+00  ,2.404331656933e+00  ,2.391194265619e+00  ,2.377421244964e+00  ,2.363213390066e+00  ,2.348600988983e+00  ,2.333134044181e+00  ,2.317135987657e+00  ,2.300159012714e+00  ,2.282704683101e+00  ,2.264137744592e+00  ,2.244748413559e+00  ,2.224263394059e+00  ,2.202701048329e+00  ,2.179675185520e+00  ,2.155242443774e+00  ,2.129127937783e+00  ,2.101331350412e+00  ,2.071193961449e+00  ,2.038567371025e+00  ,2.003543115966e+00  ,1.964969477321e+00  ,1.932366005195e+00  ,1.900647470484e+00  ,1.865851414818e+00  ,1.827288156045e+00  ,1.785333370178e+00  ,1.737578876980e+00  ,1.684229667334e+00  ,1.622395655598e+00  ,1.550191075346e+00  
  3.971935614591e-07  ,2.417080225633e+00  ,2.404331656933e+00  ,2.391194265619e+00  ,2.377421244964e+00  ,2.363213390066e+00  ,2.348600988983e+00  ,2.333134044181e+00  ,2.317135987657e+00  ,2.300159012714e+00  ,2.282704683101e+00  ,2.264137744592e+00  ,2.244748413559e+00  ,2.224263394059e+00  ,2.202701048329e+00  ,2.179675185520e+00  ,2.155242443774e+00  ,2.129127937783e+00  ,2.101331350412e+00  ,2.071193961449e+00  ,2.038567371025e+00  ,2.003543115966e+00  ,1.964969477321e+00  ,1.932366005195e+00  ,1.900647470484e+00  ,1.865851414818e+00  ,1.827288156045e+00  ,1.785333370178e+00  ,1.737578876980e+00  ,1.684229667334e+00  ,1.622395655598e+00  ,1.550191075346e+00  
  3.981936156397e-07  ,2.417080225633e+00  ,2.404331656933e+00  ,2.391194265619e+00  ,2.377421244964e+00  ,2.363213390066e+00  ,2.348600988983e+00  ,2.333134044181e+00  ,2.317135987657e+00  ,2.300159012714e+00  ,2.282704683101e+00  ,2.264137744592e+00  ,2.244748413559e+00  ,2.224263394059e+00  ,2.202701048329e+00  ,2.179675185520e+00  ,2.155242443774e+00  ,2.129127937783e+00  ,2.101331350412e+00  ,2.071193961449e+00  ,2.038567371025e+00  ,2.003543115966e+00  ,1.964969477321e+00  ,1.932366005195e+00  ,1.900647470484e+00  ,1.865851414818e+00  ,1.827288156045e+00  ,1.785333370178e+00  ,1.737578876980e+00  ,1.684229667334e+00  ,1.622395655598e+00  ,1.550191075346e+00  
  3.991936698203e-07  ,2.417080225633e+00  ,2.404331656933e+00  ,2.391194265619e+00  ,2.377421244964e+00  ,2.363213390066e+00  ,2.348600988983e+00  ,2.333134044181e+00  ,2.317135987657e+00  ,2.300159012714e+00  ,2.282704683101e+00  ,2.264137744592e+00  ,2.244748413559e+00  ,2.224263394059e+00  ,2.202701048329e+00  ,2.179675185520e+00  ,2.155242443774e+00  ,2.129127937783e+00  ,2.101331350412e+00  ,2.071193961449e+00  ,2.038567371025e+00  ,2.003543115966e+00  ,1.964969477321e+00  ,1.932366005195e+00  ,1.900647470484e+00  ,1.865851414818e+00  ,1.827288156045e+00  ,1.785333370178e+00  ,1.737578876980e+00  ,1.684229667334e+00  ,1.622395655598e+00  ,1.550191075346e+00  
  4.001937240010e-07  ,2.417080225633e+00  ,2.404331656933e+00  ,2.391194265619e+00  ,2.377421244964e+00  ,2.363213390066e+00  ,2.348600988983e+00  ,2.333134044181e+00  ,2.317135987657e+00  ,2.300159012714e+00  ,2.282704683101e+00  ,2.264137744592e+00  ,2.244748413559e+00  ,2.224263394059e+00  ,2.202701048329e+00  ,2.179675185520e+00  ,2.155242443774e+00  ,2.129127937783e+00  ,2.101331350412e+00  ,2.071193961449e+00  ,2.038567371025e+00  ,2.003543115966e+00  ,1.964969477321e+00  ,1.932366005195e+00  ,1.900647470484e+00  ,1.865851414818e+00  ,1.827288156045e+00  ,1.785333370178e+00  ,1.737578876980e+00  ,1.684229667334e+00  ,1.622395655598e+00  ,1.550191075346e+00  
  4.011937781816e-07  ,2.417080225633e+00  ,2.404331656933e+00  ,2.391194265619e+00  ,2.377421244964e+00  ,2.363213390066e+00  ,2.348600988983e+00  ,2.333134044181e+00  ,2.317135987657e+00  ,2.300159012714e+00  ,2.282704683101e+00  ,2.264137744592e+00  ,2.244748413559e+00  ,2.224263394059e+00  ,2.202701048329e+00  ,2.179675185520e+00  ,2.155242443774e+00  ,2.129127937783e+00  ,2.101331350412e+00  ,2.071193961449e+00  ,2.038567371025e+00  ,2.003543115966e+00  ,1.964969477321e+00  ,1.932366005195e+00  ,1.900647470484e+00  ,1.865851414818e+00  ,1.827288156045e+00  ,1.785333370178e+00  ,1.737578876980e+00  ,1.684229667334e+00  ,1.622395655598e+00  ,1.550191075346e+00  
  4.021938323622e-07  ,2.417080225633e+00  ,2.404331656933e+00  ,2.391194265619e+00  ,2.377421244964e+00  ,2.363213390066e+00  ,2.348600988983e+00  ,2.333134044181e+00  ,2.317135987657e+00  ,2.300159012714e+00  ,2.282704683101e+00  ,2.264137744592e+00  ,2.244748413559e+00  ,2.224263394059e+00  ,2.202701048329e+00  ,2.179675185520e+00  ,2.155242443774e+00  ,2.129127937783e+00  ,2.101331350412e+00  ,2.071193961449e+00  ,2.038567371025e+00  ,2.003543115966e+00  ,1.964969477321e+00  ,1.932366005195e+00  ,1.900647470484e+00  ,1.865851414818e+00  ,1.827288156045e+00  ,1.785333370178e+00  ,1.737578876980e+00  ,1.684229667334e+00  ,1.622395655598e+00  ,1.550191075346e+00  
  4.031938865428e-07  ,2.417080225633e+00  ,2.404331656933e+00  ,2.391194265619e+00  ,2.377421244964e+00  ,2.363213390066e+00  ,2.348600988983e+00  ,2.333134044181e+00  ,2.317135987657e+00  ,2.300159012714e+00  ,2.282704683101e+00  ,2.264137744592e+00  ,2.244748413559e+00  ,2.224263394059e+00  ,2.202701048329e+00  ,2.179675185520e+00  ,2.155242443774e+00  ,2.129127937783e+00  ,2.101331350412e+00  ,2.071193961449e+00  ,2.038567371025e+00  ,2.003543115966e+00  ,1.964969477321e+00  ,1.932366005195e+00  ,1.900647470484e+00  ,1.865851414818e+00  ,1.827288156045e+00  ,1.785333370178e+00  ,1.737578876980e+00  ,1.684229667334e+00  ,1.622395655598e+00  ,1.550191075346e+00  
  4.041939407235e-07  ,2.417080225633e+00  ,2.404331656933e+00  ,2.391194265619e+00  ,2.377421244964e+00  ,2.363213390066e+00  ,2.348600988983e+00  ,2.333134044181e+00  ,2.317135987657e+00  ,2.300159012714e+00  ,2.282704683101e+00  ,2.264137744592e+00  ,2.244748413559e+00  ,2.224263394059e+00  ,2.202701048329e+00  ,2.179675185520e+00  ,2.155242443774e+00  ,2.129127937783e+00  ,2.101331350412e+00  ,2.071193961449e+00  ,2.038567371025e+00  ,2.003543115966e+00  ,1.964969477321e+00  ,1.932366005195e+00  ,1.900647470484e+00  ,1.865851414818e+00  ,1.827288156045e+00  ,1.785333370178e+00  ,1.737578876980e+00  ,1.684229667334e+00  ,1.622395655598e+00  ,1.550191075346e+00  
  4.051939949041e-07  ,2.417080225633e+00  ,2.404331656933e+00  ,2.391194265619e+00  ,2.377421244964e+00  ,2.363213390066e+00  ,2.348600988983e+00  ,2.333134044181e+00  ,2.317135987657e+00  ,2.300159012714e+00  ,2.282704683101e+00  ,2.264137744592e+00  ,2.244748413559e+00  ,2.224263394059e+00  ,2.202701048329e+00  ,2.179675185520e+00  ,2.155242443774e+00  ,2.129127937783e+00  ,2.101331350412e+00  ,2.071193961449e+00  ,2.038567371025e+00  ,2.003543115966e+00  ,1.964969477321e+00  ,1.932366005195e+00  ,1.900647470484e+00  ,1.865851414818e+00  ,1.827288156045e+00  ,1.785333370178e+00  ,1.737578876980e+00  ,1.684229667334e+00  ,1.622395655598e+00  ,1.550191075346e+00  
  4.061940490847e-07  ,2.417080225633e+00  ,2.404331656933e+00  ,2.391194265619e+00  ,2.377421244964e+00  ,2.363213390066e+00  ,2.348600988983e+00  ,2.333134044181e+00  ,2.317135987657e+00  ,2.300159012714e+00  ,2.282704683101e+00  ,2.264137744592e+00  ,2.244748413559e+00  ,2.224263394059e+00  ,2.202701048329e+00  ,2.179675185520e+00  ,2.155242443774e+00  ,2.129127937783e+00  ,2.101331350412e+00  ,2.071193961449e+00  ,2.038567371025e+00  ,2.003543115966e+00  ,1.964969477321e+00  ,1.932366005195e+00  ,1.900647470484e+00  ,1.865851414818e+00  ,1.827288156045e+00  ,1.785333370178e+00  ,1.737578876980e+00  ,1.684229667334e+00  ,1.622395655598e+00  ,1.550191075346e+00  
  4.071941032653e-07  ,2.417080225633e+00  ,2.404331656933e+00  ,2.391194265619e+00  ,2.377421244964e+00  ,2.363213390066e+00  ,2.348600988983e+00  ,2.333134044181e+00  ,2.317135987657e+00  ,2.300159012714e+00  ,2.282704683101e+00  ,2.264137744592e+00  ,2.244748413559e+00  ,2.224263394059e+00  ,2.202701048329e+00  ,2.179675185520e+00  ,2.155242443774e+00  ,2.129127937783e+00  ,2.101331350412e+00  ,2.071193961449e+00  ,2.038567371025e+00  ,2.003543115966e+00  ,1.964969477321e+00  ,1.932366005195e+00  ,1.900647470484e+00  ,1.865851414818e+00  ,1.827288156045e+00  ,1.785333370178e+00  ,1.737578876980e+00  ,1.684229667334e+00  ,1.622395655598e+00  ,1.550191075346e+00  
  4.081941574459e-07  ,2.417080225633e+00  ,2.404331656933e+00  ,2.391194265619e+00  ,2.377421244964e+00  ,2.363213390066e+00  ,2.348600988983e+00  ,2.333134044181e+00  ,2.317135987657e+00  ,2.300159012714e+00  ,2.282704683101e+00  ,2.264137744592e+00  ,2.244748413559e+00  ,2.224263394059e+00  ,2.202701048329e+00  ,2.179675185520e+00  ,2.155242443774e+00  ,2.129127937783e+00  ,2.101331350412e+00  ,2.071193961449e+00  ,2.038567371025e+00  ,2.003543115966e+00  ,1.964969477321e+00  ,1.932366005195e+00  ,1.900647470484e+00  ,1.865851414818e+00  ,1.827288156045e+00  ,1.785333370178e+00  ,1.737578876980e+00  ,1.684229667334e+00  ,1.622395655598e+00  ,1.550191075346e+00  
  4.091942116266e-07  ,2.417080225633e+00  ,2.404331656933e+00  ,2.391194265619e+00  ,2.377421244964e+00  ,2.363213390066e+00  ,2.348600988983e+00  ,2.333134044181e+00  ,2.317135987657e+00  ,2.300159012714e+00  ,2.282704683101e+00  ,2.264137744592e+00  ,2.244748413559e+00  ,2.224263394059e+00  ,2.202701048329e+00  ,2.179675185520e+00  ,2.155242443774e+00  ,2.129127937783e+00  ,2.101331350412e+00  ,2.071193961449e+00  ,2.038567371025e+00  ,2.003543115966e+00  ,1.964969477321e+00  ,1.932366005195e+00  ,1.900647470484e+00  ,1.865851414818e+00  ,1.827288156045e+00  ,1.785333370178e+00  ,1.737578876980e+00  ,1.684229667334e+00  ,1.622395655598e+00  ,1.550191075346e+00  
  4.101942658072e-07  ,2.417080225633e+00  ,2.404331656933e+00  ,2.391194265619e+00  ,2.377421244964e+00  ,2.363213390066e+00  ,2.348600988983e+00  ,2.333134044181e+00  ,2.317135987657e+00  ,2.300159012714e+00  ,2.282704683101e+00  ,2.264137744592e+00  ,2.244748413559e+00  ,2.224263394059e+00  ,2.202701048329e+00  ,2.179675185520e+00  ,2.155242443774e+00  ,2.129127937783e+00  ,2.101331350412e+00  ,2.071193961449e+00  ,2.038567371025e+00  ,2.003543115966e+00  ,1.964969477321e+00  ,1.932366005195e+00  ,1.900647470484e+00  ,1.865851414818e+00  ,1.827288156045e+00  ,1.785333370178e+00  ,1.737578876980e+00  ,1.684229667334e+00  ,1.622395655598e+00  ,1.550191075346e+00  
  4.111943199878e-07  ,2.417080225633e+00  ,2.404331656933e+00  ,2.391194265619e+00  ,2.377421244964e+00  ,2.363213390066e+00  ,2.348600988983e+00  ,2.333134044181e+00  ,2.317135987657e+00  ,2.300159012714e+00  ,2.282704683101e+00  ,2.264137744592e+00  ,2.244748413559e+00  ,2.224263394059e+00  ,2.202701048329e+00  ,2.179675185520e+00  ,2.155242443774e+00  ,2.129127937783e+00  ,2.101331350412e+00  ,2.071193961449e+00  ,2.038567371025e+00  ,2.003543115966e+00  ,1.964969477321e+00  ,1.932366005195e+00  ,1.900647470484e+00  ,1.865851414818e+00  ,1.827288156045e+00  ,1.785333370178e+00  ,1.737578876980e+00  ,1.684229667334e+00  ,1.622395655598e+00  ,1.550191075346e+00  
  4.121943741684e-07  ,2.417080225633e+00  ,2.404331656933e+00  ,2.391194265619e+00  ,2.377421244964e+00  ,2.363213390066e+00  ,2.348600988983e+00  ,2.333134044181e+00  ,2.317135987657e+00  ,2.300159012714e+00  ,2.282704683101e+00  ,2.264137744592e+00  ,2.244748413559e+00  ,2.224263394059e+00  ,2.202701048329e+00  ,2.179675185520e+00  ,2.155242443774e+00  ,2.129127937783e+00  ,2.101331350412e+00  ,2.071193961449e+00  ,2.038567371025e+00  ,2.003543115966e+00  ,1.964969477321e+00  ,1.932366005195e+00  ,1.900647470484e+00  ,1.865851414818e+00  ,1.827288156045e+00  ,1.785333370178e+00  ,1.737578876980e+00  ,1.684229667334e+00  ,1.622395655598e+00  ,1.550191075346e+00  
  4.131944283491e-07  ,2.417080225633e+00  ,2.404331656933e+00  ,2.391194265619e+00  ,2.377421244964e+00  ,2.363213390066e+00  ,2.348600988983e+00  ,2.333134044181e+00  ,2.317135987657e+00  ,2.300159012714e+00  ,2.282704683101e+00  ,2.264137744592e+00  ,2.244748413559e+00  ,2.224263394059e+00  ,2.202701048329e+00  ,2.179675185520e+00  ,2.155242443774e+00  ,2.129127937783e+00  ,2.101331350412e+00  ,2.071193961449e+00  ,2.038567371025e+00  ,2.003543115966e+00  ,1.964969477321e+00  ,1.932366005195e+00  ,1.900647470484e+00  ,1.865851414818e+00  ,1.827288156045e+00  ,1.785333370178e+00  ,1.737578876980e+00  ,1.684229667334e+00  ,1.622395655598e+00  ,1.550191075346e+00  
  4.141944825297e-07  ,2.417080225633e+00  ,2.404331656933e+00  ,2.391194265619e+00  ,2.377421244964e+00  ,2.363213390066e+00  ,2.348600988983e+00  ,2.333134044181e+00  ,2.317135987657e+00  ,2.300159012714e+00  ,2.282704683101e+00  ,2.264137744592e+00  ,2.244748413559e+00  ,2.224263394059e+00  ,2.202701048329e+00  ,2.179675185520e+00  ,2.155242443774e+00  ,2.129127937783e+00  ,2.101331350412e+00  ,2.071193961449e+00  ,2.038567371025e+00  ,2.003543115966e+00  ,1.964969477321e+00  ,1.932366005195e+00  ,1.900647470484e+00  ,1.865851414818e+00  ,1.827288156045e+00  ,1.785333370178e+00  ,1.737578876980e+00  ,1.684229667334e+00  ,1.622395655598e+00  ,1.550191075346e+00  
  4.151945367103e-07  ,2.417080225633e+00  ,2.404331656933e+00  ,2.391194265619e+00  ,2.377421244964e+00  ,2.363213390066e+00  ,2.348600988983e+00  ,2.333134044181e+00  ,2.317135987657e+00  ,2.300159012714e+00  ,2.282704683101e+00  ,2.264137744592e+00  ,2.244748413559e+00  ,2.224263394059e+00  ,2.202701048329e+00  ,2.179675185520e+00  ,2.155242443774e+00  ,2.129127937783e+00  ,2.101331350412e+00  ,2.071193961449e+00  ,2.038567371025e+00  ,2.003543115966e+00  ,1.964969477321e+00  ,1.932366005195e+00  ,1.900647470484e+00  ,1.865851414818e+00  ,1.827288156045e+00  ,1.785333370178e+00  ,1.737578876980e+00  ,1.684229667334e+00  ,1.622395655598e+00  ,1.550191075346e+00  
  4.161945908909e-07  ,2.417080225633e+00  ,2.404331656933e+00  ,2.391194265619e+00  ,2.377421244964e+00  ,2.363213390066e+00  ,2.348600988983e+00  ,2.333134044181e+00  ,2.317135987657e+00  ,2.300159012714e+00  ,2.282704683101e+00  ,2.264137744592e+00  ,2.244748413559e+00  ,2.224263394059e+00  ,2.202701048329e+00  ,2.179675185520e+00  ,2.155242443774e+00  ,2.129127937783e+00  ,2.101331350412e+00  ,2.071193961449e+00  ,2.038567371025e+00  ,2.003543115966e+00  ,1.964969477321e+00  ,1.932366005195e+00  ,1.900647470484e+00  ,1.865851414818e+00  ,1.827288156045e+00  ,1.785333370178e+00  ,1.737578876980e+00  ,1.684229667334e+00  ,1.622395655598e+00  ,1.550191075346e+00  
  4.171946450715e-07  ,2.417080225633e+00  ,2.404331656933e+00  ,2.391194265619e+00  ,2.377421244964e+00  ,2.363213390066e+00  ,2.348600988983e+00  ,2.333134044181e+00  ,2.317135987657e+00  ,2.300159012714e+00  ,2.282704683101e+00  ,2.264137744592e+00  ,2.244748413559e+00  ,2.224263394059e+00  ,2.202701048329e+00  ,2.179675185520e+00  ,2.155242443774e+00  ,2.129127937783e+00  ,2.101331350412e+00  ,2.071193961449e+00  ,2.038567371025e+00  ,2.003543115966e+00  ,1.964969477321e+00  ,1.932366005195e+00  ,1.900647470484e+00  ,1.865851414818e+00  ,1.827288156045e+00  ,1.785333370178e+00  ,1.737578876980e+00  ,1.684229667334e+00  ,1.622395655598e+00  ,1.550191075346e+00  
  4.181946992522e-07  ,2.417080225633e+00  ,2.404331656933e+00  ,2.391194265619e+00  ,2.377421244964e+00  ,2.363213390066e+00  ,2.348600988983e+00  ,2.333134044181e+00  ,2.317135987657e+00  ,2.300159012714e+00  ,2.282704683101e+00  ,2.264137744592e+00  ,2.244748413559e+00  ,2.224263394059e+00  ,2.202701048329e+00  ,2.179675185520e+00  ,2.155242443774e+00  ,2.129127937783e+00  ,2.101331350412e+00  ,2.071193961449e+00  ,2.038567371025e+00  ,2.003543115966e+00  ,1.964969477321e+00  ,1.932366005195e+00  ,1.900647470484e+00  ,1.865851414818e+00  ,1.827288156045e+00  ,1.785333370178e+00  ,1.737578876980e+00  ,1.684229667334e+00  ,1.622395655598e+00  ,1.550191075346e+00  
  4.191947534328e-07  ,2.417080225633e+00  ,2.404331656933e+00  ,2.391194265619e+00  ,2.377421244964e+00  ,2.363213390066e+00  ,2.348600988983e+00  ,2.333134044181e+00  ,2.317135987657e+00  ,2.300159012714e+00  ,2.282704683101e+00  ,2.264137744592e+00  ,2.244748413559e+00  ,2.224263394059e+00  ,2.202701048329e+00  ,2.179675185520e+00  ,2.155242443774e+00  ,2.129127937783e+00  ,2.101331350412e+00  ,2.071193961449e+00  ,2.038567371025e+00  ,2.003543115966e+00  ,1.964969477321e+00  ,1.932366005195e+00  ,1.900647470484e+00  ,1.865851414818e+00  ,1.827288156045e+00  ,1.785333370178e+00  ,1.737578876980e+00  ,1.684229667334e+00  ,1.622395655598e+00  ,1.550191075346e+00  
  4.201948076134e-07  ,2.417080225633e+00  ,2.404331656933e+00  ,2.391194265619e+00  ,2.377421244964e+00  ,2.363213390066e+00  ,2.348600988983e+00  ,2.333134044181e+00  ,2.317135987657e+00  ,2.300159012714e+00  ,2.282704683101e+00  ,2.264137744592e+00  ,2.244748413559e+00  ,2.224263394059e+00  ,2.202701048329e+00  ,2.179675185520e+00  ,2.155242443774e+00  ,2.129127937783e+00  ,2.101331350412e+00  ,2.071193961449e+00  ,2.038567371025e+00  ,2.003543115966e+00  ,1.964969477321e+00  ,1.932366005195e+00  ,1.900647470484e+00  ,1.865851414818e+00  ,1.827288156045e+00  ,1.785333370178e+00  ,1.737578876980e+00  ,1.684229667334e+00  ,1.622395655598e+00  ,1.550191075346e+00  
  4.211948617940e-07  ,2.417080225633e+00  ,2.404331656933e+00  ,2.391194265619e+00  ,2.377421244964e+00  ,2.363213390066e+00  ,2.348600988983e+00  ,2.333134044181e+00  ,2.317135987657e+00  ,2.300159012714e+00  ,2.282704683101e+00  ,2.264137744592e+00  ,2.244748413559e+00  ,2.224263394059e+00  ,2.202701048329e+00  ,2.179675185520e+00  ,2.155242443774e+00  ,2.129127937783e+00  ,2.101331350412e+00  ,2.071193961449e+00  ,2.038567371025e+00  ,2.003543115966e+00  ,1.964969477321e+00  ,1.932366005195e+00  ,1.900647470484e+00  ,1.865851414818e+00  ,1.827288156045e+00  ,1.785333370178e+00  ,1.737578876980e+00  ,1.684229667334e+00  ,1.622395655598e+00  ,1.550191075346e+00  
  4.221949159747e-07  ,2.417080225633e+00  ,2.404331656933e+00  ,2.391194265619e+00  ,2.377421244964e+00  ,2.363213390066e+00  ,2.348600988983e+00  ,2.333134044181e+00  ,2.317135987657e+00  ,2.300159012714e+00  ,2.282704683101e+00  ,2.264137744592e+00  ,2.244748413559e+00  ,2.224263394059e+00  ,2.202701048329e+00  ,2.179675185520e+00  ,2.155242443774e+00  ,2.129127937783e+00  ,2.101331350412e+00  ,2.071193961449e+00  ,2.038567371025e+00  ,2.003543115966e+00  ,1.964969477321e+00  ,1.932366005195e+00  ,1.900647470484e+00  ,1.865851414818e+00  ,1.827288156045e+00  ,1.785333370178e+00  ,1.737578876980e+00  ,1.684229667334e+00  ,1.622395655598e+00  ,1.550191075346e+00  
  4.231949701553e-07  ,2.417080225633e+00  ,2.404331656933e+00  ,2.391194265619e+00  ,2.377421244964e+00  ,2.363213390066e+00  ,2.348600988983e+00  ,2.333134044181e+00  ,2.317135987657e+00  ,2.300159012714e+00  ,2.282704683101e+00  ,2.264137744592e+00  ,2.244748413559e+00  ,2.224263394059e+00  ,2.202701048329e+00  ,2.179675185520e+00  ,2.155242443774e+00  ,2.129127937783e+00  ,2.101331350412e+00  ,2.071193961449e+00  ,2.038567371025e+00  ,2.003543115966e+00  ,1.964969477321e+00  ,1.932366005195e+00  ,1.900647470484e+00  ,1.865851414818e+00  ,1.827288156045e+00  ,1.785333370178e+00  ,1.737578876980e+00  ,1.684229667334e+00  ,1.622395655598e+00  ,1.550191075346e+00  
  4.241950243359e-07  ,2.417080225633e+00  ,2.404331656933e+00  ,2.391194265619e+00  ,2.377421244964e+00  ,2.363213390066e+00  ,2.348600988983e+00  ,2.333134044181e+00  ,2.317135987657e+00  ,2.300159012714e+00  ,2.282704683101e+00  ,2.264137744592e+00  ,2.244748413559e+00  ,2.224263394059e+00  ,2.202701048329e+00  ,2.179675185520e+00  ,2.155242443774e+00  ,2.129127937783e+00  ,2.101331350412e+00  ,2.071193961449e+00  ,2.038567371025e+00  ,2.003543115966e+00  ,1.964969477321e+00  ,1.932366005195e+00  ,1.900647470484e+00  ,1.865851414818e+00  ,1.827288156045e+00  ,1.785333370178e+00  ,1.737578876980e+00  ,1.684229667334e+00  ,1.622395655598e+00  ,1.550191075346e+00  
  4.251950785165e-07  ,2.417080225633e+00  ,2.404331656933e+00  ,2.391194265619e+00  ,2.377421244964e+00  ,2.363213390066e+00  ,2.348600988983e+00  ,2.333134044181e+00  ,2.317135987657e+00  ,2.300159012714e+00  ,2.282704683101e+00  ,2.264137744592e+00  ,2.244748413559e+00  ,2.224263394059e+00  ,2.202701048329e+00  ,2.179675185520e+00  ,2.155242443774e+00  ,2.129127937783e+00  ,2.101331350412e+00  ,2.071193961449e+00  ,2.038567371025e+00  ,2.003543115966e+00  ,1.964969477321e+00  ,1.932366005195e+00  ,1.900647470484e+00  ,1.865851414818e+00  ,1.827288156045e+00  ,1.785333370178e+00  ,1.737578876980e+00  ,1.684229667334e+00  ,1.622395655598e+00  ,1.550191075346e+00  
  4.261951326971e-07  ,2.417080225633e+00  ,2.404331656933e+00  ,2.391194265619e+00  ,2.377421244964e+00  ,2.363213390066e+00  ,2.348600988983e+00  ,2.333134044181e+00  ,2.317135987657e+00  ,2.300159012714e+00  ,2.282704683101e+00  ,2.264137744592e+00  ,2.244748413559e+00  ,2.224263394059e+00  ,2.202701048329e+00  ,2.179675185520e+00  ,2.155242443774e+00  ,2.129127937783e+00  ,2.101331350412e+00  ,2.071193961449e+00  ,2.038567371025e+00  ,2.003543115966e+00  ,1.964969477321e+00  ,1.932366005195e+00  ,1.900647470484e+00  ,1.865851414818e+00  ,1.827288156045e+00  ,1.785333370178e+00  ,1.737578876980e+00  ,1.684229667334e+00  ,1.622395655598e+00  ,1.550191075346e+00  
  4.271951868778e-07  ,2.417080225633e+00  ,2.404331656933e+00  ,2.391194265619e+00  ,2.377421244964e+00  ,2.363213390066e+00  ,2.348600988983e+00  ,2.333134044181e+00  ,2.317135987657e+00  ,2.300159012714e+00  ,2.282704683101e+00  ,2.264137744592e+00  ,2.244748413559e+00  ,2.224263394059e+00  ,2.202701048329e+00  ,2.179675185520e+00  ,2.155242443774e+00  ,2.129127937783e+00  ,2.101331350412e+00  ,2.071193961449e+00  ,2.038567371025e+00  ,2.003543115966e+00  ,1.964969477321e+00  ,1.932366005195e+00  ,1.900647470484e+00  ,1.865851414818e+00  ,1.827288156045e+00  ,1.785333370178e+00  ,1.737578876980e+00  ,1.684229667334e+00  ,1.622395655598e+00  ,1.550191075346e+00  
  4.281952410584e-07  ,2.417080225633e+00  ,2.404331656933e+00  ,2.391194265619e+00  ,2.377421244964e+00  ,2.363213390066e+00  ,2.348600988983e+00  ,2.333134044181e+00  ,2.317135987657e+00  ,2.300159012714e+00  ,2.282704683101e+00  ,2.264137744592e+00  ,2.244748413559e+00  ,2.224263394059e+00  ,2.202701048329e+00  ,2.179675185520e+00  ,2.155242443774e+00  ,2.129127937783e+00  ,2.101331350412e+00  ,2.071193961449e+00  ,2.038567371025e+00  ,2.003543115966e+00  ,1.964969477321e+00  ,1.932366005195e+00  ,1.900647470484e+00  ,1.865851414818e+00  ,1.827288156045e+00  ,1.785333370178e+00  ,1.737578876980e+00  ,1.684229667334e+00  ,1.622395655598e+00  ,1.550191075346e+00  
  4.291952952390e-07  ,2.417080225633e+00  ,2.404331656933e+00  ,2.391194265619e+00  ,2.377421244964e+00  ,2.363213390066e+00  ,2.348600988983e+00  ,2.333134044181e+00  ,2.317135987657e+00  ,2.300159012714e+00  ,2.282704683101e+00  ,2.264137744592e+00  ,2.244748413559e+00  ,2.224263394059e+00  ,2.202701048329e+00  ,2.179675185520e+00  ,2.155242443774e+00  ,2.129127937783e+00  ,2.101331350412e+00  ,2.071193961449e+00  ,2.038567371025e+00  ,2.003543115966e+00  ,1.964969477321e+00  ,1.932366005195e+00  ,1.900647470484e+00  ,1.865851414818e+00  ,1.827288156045e+00  ,1.785333370178e+00  ,1.737578876980e+00  ,1.684229667334e+00  ,1.622395655598e+00  ,1.550191075346e+00  
  4.301953494196e-07  ,2.417080225633e+00  ,2.404331656933e+00  ,2.391194265619e+00  ,2.377421244964e+00  ,2.363213390066e+00  ,2.348600988983e+00  ,2.333134044181e+00  ,2.317135987657e+00  ,2.300159012714e+00  ,2.282704683101e+00  ,2.264137744592e+00  ,2.244748413559e+00  ,2.224263394059e+00  ,2.202701048329e+00  ,2.179675185520e+00  ,2.155242443774e+00  ,2.129127937783e+00  ,2.101331350412e+00  ,2.071193961449e+00  ,2.038567371025e+00  ,2.003543115966e+00  ,1.964969477321e+00  ,1.932366005195e+00  ,1.900647470484e+00  ,1.865851414818e+00  ,1.827288156045e+00  ,1.785333370178e+00  ,1.737578876980e+00  ,1.684229667334e+00  ,1.622395655598e+00  ,1.550191075346e+00  
  4.311954036003e-07  ,2.417080225633e+00  ,2.404331656933e+00  ,2.391194265619e+00  ,2.377421244964e+00  ,2.363213390066e+00  ,2.348600988983e+00  ,2.333134044181e+00  ,2.317135987657e+00  ,2.300159012714e+00  ,2.282704683101e+00  ,2.264137744592e+00  ,2.244748413559e+00  ,2.224263394059e+00  ,2.202701048329e+00  ,2.179675185520e+00  ,2.155242443774e+00  ,2.129127937783e+00  ,2.101331350412e+00  ,2.071193961449e+00  ,2.038567371025e+00  ,2.003543115966e+00  ,1.964969477321e+00  ,1.932366005195e+00  ,1.900647470484e+00  ,1.865851414818e+00  ,1.827288156045e+00  ,1.785333370178e+00  ,1.737578876980e+00  ,1.684229667334e+00  ,1.622395655598e+00  ,1.550191075346e+00  
  4.321954577809e-07  ,2.417080225633e+00  ,2.404331656933e+00  ,2.391194265619e+00  ,2.377421244964e+00  ,2.363213390066e+00  ,2.348600988983e+00  ,2.333134044181e+00  ,2.317135987657e+00  ,2.300159012714e+00  ,2.282704683101e+00  ,2.264137744592e+00  ,2.244748413559e+00  ,2.224263394059e+00  ,2.202701048329e+00  ,2.179675185520e+00  ,2.155242443774e+00  ,2.129127937783e+00  ,2.101331350412e+00  ,2.071193961449e+00  ,2.038567371025e+00  ,2.003543115966e+00  ,1.964969477321e+00  ,1.932366005195e+00  ,1.900647470484e+00  ,1.865851414818e+00  ,1.827288156045e+00  ,1.785333370178e+00  ,1.737578876980e+00  ,1.684229667334e+00  ,1.622395655598e+00  ,1.550191075346e+00  
  4.331955119615e-07  ,2.417080225633e+00  ,2.404331656933e+00  ,2.391194265619e+00  ,2.377421244964e+00  ,2.363213390066e+00  ,2.348600988983e+00  ,2.333134044181e+00  ,2.317135987657e+00  ,2.300159012714e+00  ,2.282704683101e+00  ,2.264137744592e+00  ,2.244748413559e+00  ,2.224263394059e+00  ,2.202701048329e+00  ,2.179675185520e+00  ,2.155242443774e+00  ,2.129127937783e+00  ,2.101331350412e+00  ,2.071193961449e+00  ,2.038567371025e+00  ,2.003543115966e+00  ,1.964969477321e+00  ,1.932366005195e+00  ,1.900647470484e+00  ,1.865851414818e+00  ,1.827288156045e+00  ,1.785333370178e+00  ,1.737578876980e+00  ,1.684229667334e+00  ,1.622395655598e+00  ,1.550191075346e+00  
  4.341955661421e-07  ,2.417080225633e+00  ,2.404331656933e+00  ,2.391194265619e+00  ,2.377421244964e+00  ,2.363213390066e+00  ,2.348600988983e+00  ,2.333134044181e+00  ,2.317135987657e+00  ,2.300159012714e+00  ,2.282704683101e+00  ,2.264137744592e+00  ,2.244748413559e+00  ,2.224263394059e+00  ,2.202701048329e+00  ,2.179675185520e+00  ,2.155242443774e+00  ,2.129127937783e+00  ,2.101331350412e+00  ,2.071193961449e+00  ,2.038567371025e+00  ,2.003543115966e+00  ,1.964969477321e+00  ,1.932366005195e+00  ,1.900647470484e+00  ,1.865851414818e+00  ,1.827288156045e+00  ,1.785333370178e+00  ,1.737578876980e+00  ,1.684229667334e+00  ,1.622395655598e+00  ,1.550191075346e+00  
  4.351956203227e-07  ,2.417080225633e+00  ,2.404331656933e+00  ,2.391194265619e+00  ,2.377421244964e+00  ,2.363213390066e+00  ,2.348600988983e+00  ,2.333134044181e+00  ,2.317135987657e+00  ,2.300159012714e+00  ,2.282704683101e+00  ,2.264137744592e+00  ,2.244748413559e+00  ,2.224263394059e+00  ,2.202701048329e+00  ,2.179675185520e+00  ,2.155242443774e+00  ,2.129127937783e+00  ,2.101331350412e+00  ,2.071193961449e+00  ,2.038567371025e+00  ,2.003543115966e+00  ,1.964969477321e+00  ,1.932366005195e+00  ,1.900647470484e+00  ,1.865851414818e+00  ,1.827288156045e+00  ,1.785333370178e+00  ,1.737578876980e+00  ,1.684229667334e+00  ,1.622395655598e+00  ,1.550191075346e+00  
  4.361956745034e-07  ,2.417080225633e+00  ,2.404331656933e+00  ,2.391194265619e+00  ,2.377421244964e+00  ,2.363213390066e+00  ,2.348600988983e+00  ,2.333134044181e+00  ,2.317135987657e+00  ,2.300159012714e+00  ,2.282704683101e+00  ,2.264137744592e+00  ,2.244748413559e+00  ,2.224263394059e+00  ,2.202701048329e+00  ,2.179675185520e+00  ,2.155242443774e+00  ,2.129127937783e+00  ,2.101331350412e+00  ,2.071193961449e+00  ,2.038567371025e+00  ,2.003543115966e+00  ,1.964969477321e+00  ,1.932366005195e+00  ,1.900647470484e+00  ,1.865851414818e+00  ,1.827288156045e+00  ,1.785333370178e+00  ,1.737578876980e+00  ,1.684229667334e+00  ,1.622395655598e+00  ,1.550191075346e+00  
  4.371957286840e-07  ,2.417080225633e+00  ,2.404331656933e+00  ,2.391194265619e+00  ,2.377421244964e+00  ,2.363213390066e+00  ,2.348600988983e+00  ,2.333134044181e+00  ,2.317135987657e+00  ,2.300159012714e+00  ,2.282704683101e+00  ,2.264137744592e+00  ,2.244748413559e+00  ,2.224263394059e+00  ,2.202701048329e+00  ,2.179675185520e+00  ,2.155242443774e+00  ,2.129127937783e+00  ,2.101331350412e+00  ,2.071193961449e+00  ,2.038567371025e+00  ,2.003543115966e+00  ,1.964969477321e+00  ,1.932366005195e+00  ,1.900647470484e+00  ,1.865851414818e+00  ,1.827288156045e+00  ,1.785333370178e+00  ,1.737578876980e+00  ,1.684229667334e+00  ,1.622395655598e+00  ,1.550191075346e+00  
  4.381957828646e-07  ,2.417080225633e+00  ,2.404331656933e+00  ,2.391194265619e+00  ,2.377421244964e+00  ,2.363213390066e+00  ,2.348600988983e+00  ,2.333134044181e+00  ,2.317135987657e+00  ,2.300159012714e+00  ,2.282704683101e+00  ,2.264137744592e+00  ,2.244748413559e+00  ,2.224263394059e+00  ,2.202701048329e+00  ,2.179675185520e+00  ,2.155242443774e+00  ,2.129127937783e+00  ,2.101331350412e+00  ,2.071193961449e+00  ,2.038567371025e+00  ,2.003543115966e+00  ,1.964969477321e+00  ,1.932366005195e+00  ,1.900647470484e+00  ,1.865851414818e+00  ,1.827288156045e+00  ,1.785333370178e+00  ,1.737578876980e+00  ,1.684229667334e+00  ,1.622395655598e+00  ,1.550191075346e+00  
  4.391958370452e-07  ,2.417080225633e+00  ,2.404331656933e+00  ,2.391194265619e+00  ,2.377421244964e+00  ,2.363213390066e+00  ,2.348600988983e+00  ,2.333134044181e+00  ,2.317135987657e+00  ,2.300159012714e+00  ,2.282704683101e+00  ,2.264137744592e+00  ,2.244748413559e+00  ,2.224263394059e+00  ,2.202701048329e+00  ,2.179675185520e+00  ,2.155242443774e+00  ,2.129127937783e+00  ,2.101331350412e+00  ,2.071193961449e+00  ,2.038567371025e+00  ,2.003543115966e+00  ,1.964969477321e+00  ,1.932366005195e+00  ,1.900647470484e+00  ,1.865851414818e+00  ,1.827288156045e+00  ,1.785333370178e+00  ,1.737578876980e+00  ,1.684229667334e+00  ,1.622395655598e+00  ,1.550191075346e+00  
  4.401958912258e-07  ,2.417080225633e+00  ,2.404331656933e+00  ,2.391194265619e+00  ,2.377421244964e+00  ,2.363213390066e+00  ,2.348600988983e+00  ,2.333134044181e+00  ,2.317135987657e+00  ,2.300159012714e+00  ,2.282704683101e+00  ,2.264137744592e+00  ,2.244748413559e+00  ,2.224263394059e+00  ,2.202701048329e+00  ,2.179675185520e+00  ,2.155242443774e+00  ,2.129127937783e+00  ,2.101331350412e+00  ,2.071193961449e+00  ,2.038567371025e+00  ,2.003543115966e+00  ,1.964969477321e+00  ,1.932366005195e+00  ,1.900647470484e+00  ,1.865851414818e+00  ,1.827288156045e+00  ,1.785333370178e+00  ,1.737578876980e+00  ,1.684229667334e+00  ,1.622395655598e+00  ,1.550191075346e+00  
  4.411959454065e-07  ,2.417080225633e+00  ,2.404331656933e+00  ,2.391194265619e+00  ,2.377421244964e+00  ,2.363213390066e+00  ,2.348600988983e+00  ,2.333134044181e+00  ,2.317135987657e+00  ,2.300159012714e+00  ,2.282704683101e+00  ,2.264137744592e+00  ,2.244748413559e+00  ,2.224263394059e+00  ,2.202701048329e+00  ,2.179675185520e+00  ,2.155242443774e+00  ,2.129127937783e+00  ,2.101331350412e+00  ,2.071193961449e+00  ,2.038567371025e+00  ,2.003543115966e+00  ,1.964969477321e+00  ,1.932366005195e+00  ,1.900647470484e+00  ,1.865851414818e+00  ,1.827288156045e+00  ,1.785333370178e+00  ,1.737578876980e+00  ,1.684229667334e+00  ,1.622395655598e+00  ,1.550191075346e+00  
  4.421959995871e-07  ,2.417080225633e+00  ,2.404331656933e+00  ,2.391194265619e+00  ,2.377421244964e+00  ,2.363213390066e+00  ,2.348600988983e+00  ,2.333134044181e+00  ,2.317135987657e+00  ,2.300159012714e+00  ,2.282704683101e+00  ,2.264137744592e+00  ,2.244748413559e+00  ,2.224263394059e+00  ,2.202701048329e+00  ,2.179675185520e+00  ,2.155242443774e+00  ,2.129127937783e+00  ,2.101331350412e+00  ,2.071193961449e+00  ,2.038567371025e+00  ,2.003543115966e+00  ,1.964969477321e+00  ,1.932366005195e+00  ,1.900647470484e+00  ,1.865851414818e+00  ,1.827288156045e+00  ,1.785333370178e+00  ,1.737578876980e+00  ,1.684229667334e+00  ,1.622395655598e+00  ,1.550191075346e+00  
  4.431960537677e-07  ,2.417080225633e+00  ,2.404331656933e+00  ,2.391194265619e+00  ,2.377421244964e+00  ,2.363213390066e+00  ,2.348600988983e+00  ,2.333134044181e+00  ,2.317135987657e+00  ,2.300159012714e+00  ,2.282704683101e+00  ,2.264137744592e+00  ,2.244748413559e+00  ,2.224263394059e+00  ,2.202701048329e+00  ,2.179675185520e+00  ,2.155242443774e+00  ,2.129127937783e+00  ,2.101331350412e+00  ,2.071193961449e+00  ,2.038567371025e+00  ,2.003543115966e+00  ,1.964969477321e+00  ,1.932366005195e+00  ,1.900647470484e+00  ,1.865851414818e+00  ,1.827288156045e+00  ,1.785333370178e+00  ,1.737578876980e+00  ,1.684229667334e+00  ,1.622395655598e+00  ,1.550191075346e+00  
  4.441961079483e-07  ,2.417080225633e+00  ,2.404331656933e+00  ,2.391194265619e+00  ,2.377421244964e+00  ,2.363213390066e+00  ,2.348600988983e+00  ,2.333134044181e+00  ,2.317135987657e+00  ,2.300159012714e+00  ,2.282704683101e+00  ,2.264137744592e+00  ,2.244748413559e+00  ,2.224263394059e+00  ,2.202701048329e+00  ,2.179675185520e+00  ,2.155242443774e+00  ,2.129127937783e+00  ,2.101331350412e+00  ,2.071193961449e+00  ,2.038567371025e+00  ,2.003543115966e+00  ,1.964969477321e+00  ,1.932366005195e+00  ,1.900647470484e+00  ,1.865851414818e+00  ,1.827288156045e+00  ,1.785333370178e+00  ,1.737578876980e+00  ,1.684229667334e+00  ,1.622395655598e+00  ,1.550191075346e+00  
  4.451961621290e-07  ,2.417080225633e+00  ,2.404331656933e+00  ,2.391194265619e+00  ,2.377421244964e+00  ,2.363213390066e+00  ,2.348600988983e+00  ,2.333134044181e+00  ,2.317135987657e+00  ,2.300159012714e+00  ,2.282704683101e+00  ,2.264137744592e+00  ,2.244748413559e+00  ,2.224263394059e+00  ,2.202701048329e+00  ,2.179675185520e+00  ,2.155242443774e+00  ,2.129127937783e+00  ,2.101331350412e+00  ,2.071193961449e+00  ,2.038567371025e+00  ,2.003543115966e+00  ,1.964969477321e+00  ,1.932366005195e+00  ,1.900647470484e+00  ,1.865851414818e+00  ,1.827288156045e+00  ,1.785333370178e+00  ,1.737578876980e+00  ,1.684229667334e+00  ,1.622395655598e+00  ,1.550191075346e+00  
  4.461962163096e-07  ,2.417080225633e+00  ,2.404331656933e+00  ,2.391194265619e+00  ,2.377421244964e+00  ,2.363213390066e+00  ,2.348600988983e+00  ,2.333134044181e+00  ,2.317135987657e+00  ,2.300159012714e+00  ,2.282704683101e+00  ,2.264137744592e+00  ,2.244748413559e+00  ,2.224263394059e+00  ,2.202701048329e+00  ,2.179675185520e+00  ,2.155242443774e+00  ,2.129127937783e+00  ,2.101331350412e+00  ,2.071193961449e+00  ,2.038567371025e+00  ,2.003543115966e+00  ,1.964969477321e+00  ,1.932366005195e+00  ,1.900647470484e+00  ,1.865851414818e+00  ,1.827288156045e+00  ,1.785333370178e+00  ,1.737578876980e+00  ,1.684229667334e+00  ,1.622395655598e+00  ,1.550191075346e+00  
  4.471962704902e-07  ,2.417080225633e+00  ,2.404331656933e+00  ,2.391194265619e+00  ,2.377421244964e+00  ,2.363213390066e+00  ,2.348600988983e+00  ,2.333134044181e+00  ,2.317135987657e+00  ,2.300159012714e+00  ,2.282704683101e+00  ,2.264137744592e+00  ,2.244748413559e+00  ,2.224263394059e+00  ,2.202701048329e+00  ,2.179675185520e+00  ,2.155242443774e+00  ,2.129127937783e+00  ,2.101331350412e+00  ,2.071193961449e+00  ,2.038567371025e+00  ,2.003543115966e+00  ,1.964969477321e+00  ,1.932366005195e+00  ,1.900647470484e+00  ,1.865851414818e+00  ,1.827288156045e+00  ,1.785333370178e+00  ,1.737578876980e+00  ,1.684229667334e+00  ,1.622395655598e+00  ,1.550191075346e+00  
  4.481963246708e-07  ,2.417080225633e+00  ,2.404331656933e+00  ,2.391194265619e+00  ,2.377421244964e+00  ,2.363213390066e+00  ,2.348600988983e+00  ,2.333134044181e+00  ,2.317135987657e+00  ,2.300159012714e+00  ,2.282704683101e+00  ,2.264137744592e+00  ,2.244748413559e+00  ,2.224263394059e+00  ,2.202701048329e+00  ,2.179675185520e+00  ,2.155242443774e+00  ,2.129127937783e+00  ,2.101331350412e+00  ,2.071193961449e+00  ,2.038567371025e+00  ,2.003543115966e+00  ,1.964969477321e+00  ,1.932366005195e+00  ,1.900647470484e+00  ,1.865851414818e+00  ,1.827288156045e+00  ,1.785333370178e+00  ,1.737578876980e+00  ,1.684229667334e+00  ,1.622395655598e+00  ,1.550191075346e+00  
  4.491963788514e-07  ,2.417080225633e+00  ,2.404331656933e+00  ,2.391194265619e+00  ,2.377421244964e+00  ,2.363213390066e+00  ,2.348600988983e+00  ,2.333134044181e+00  ,2.317135987657e+00  ,2.300159012714e+00  ,2.282704683101e+00  ,2.264137744592e+00  ,2.244748413559e+00  ,2.224263394059e+00  ,2.202701048329e+00  ,2.179675185520e+00  ,2.155242443774e+00  ,2.129127937783e+00  ,2.101331350412e+00  ,2.071193961449e+00  ,2.038567371025e+00  ,2.003543115966e+00  ,1.964969477321e+00  ,1.932366005195e+00  ,1.900647470484e+00  ,1.865851414818e+00  ,1.827288156045e+00  ,1.785333370178e+00  ,1.737578876980e+00  ,1.684229667334e+00  ,1.622395655598e+00  ,1.550191075346e+00  
  4.501964330321e-07  ,2.417080225633e+00  ,2.404331656933e+00  ,2.391194265619e+00  ,2.377421244964e+00  ,2.363213390066e+00  ,2.348600988983e+00  ,2.333134044181e+00  ,2.317135987657e+00  ,2.300159012714e+00  ,2.282704683101e+00  ,2.264137744592e+00  ,2.244748413559e+00  ,2.224263394059e+00  ,2.202701048329e+00  ,2.179675185520e+00  ,2.155242443774e+00  ,2.129127937783e+00  ,2.101331350412e+00  ,2.071193961449e+00  ,2.038567371025e+00  ,2.003543115966e+00  ,1.964969477321e+00  ,1.932366005195e+00  ,1.900647470484e+00  ,1.865851414818e+00  ,1.827288156045e+00  ,1.785333370178e+00  ,1.737578876980e+00  ,1.684229667334e+00  ,1.622395655598e+00  ,1.550191075346e+00  
  4.511964872127e-07  ,2.417080225633e+00  ,2.404331656933e+00  ,2.391194265619e+00  ,2.377421244964e+00  ,2.363213390066e+00  ,2.348600988983e+00  ,2.333134044181e+00  ,2.317135987657e+00  ,2.300159012714e+00  ,2.282704683101e+00  ,2.264137744592e+00  ,2.244748413559e+00  ,2.224263394059e+00  ,2.202701048329e+00  ,2.179675185520e+00  ,2.155242443774e+00  ,2.129127937783e+00  ,2.101331350412e+00  ,2.071193961449e+00  ,2.038567371025e+00  ,2.003543115966e+00  ,1.964969477321e+00  ,1.932366005195e+00  ,1.900647470484e+00  ,1.865851414818e+00  ,1.827288156045e+00  ,1.785333370178e+00  ,1.737578876980e+00  ,1.684229667334e+00  ,1.622395655598e+00  ,1.550191075346e+00  
  4.521965413933e-07  ,2.417080225633e+00  ,2.404331656933e+00  ,2.391194265619e+00  ,2.377421244964e+00  ,2.363213390066e+00  ,2.348600988983e+00  ,2.333134044181e+00  ,2.317135987657e+00  ,2.300159012714e+00  ,2.282704683101e+00  ,2.264137744592e+00  ,2.244748413559e+00  ,2.224263394059e+00  ,2.202701048329e+00  ,2.179675185520e+00  ,2.155242443774e+00  ,2.129127937783e+00  ,2.101331350412e+00  ,2.071193961449e+00  ,2.038567371025e+00  ,2.003543115966e+00  ,1.964969477321e+00  ,1.932366005195e+00  ,1.900647470484e+00  ,1.865851414818e+00  ,1.827288156045e+00  ,1.785333370178e+00  ,1.737578876980e+00  ,1.684229667334e+00  ,1.622395655598e+00  ,1.550191075346e+00  
  4.531965955739e-07  ,2.417080225633e+00  ,2.404331656933e+00  ,2.391194265619e+00  ,2.377421244964e+00  ,2.363213390066e+00  ,2.348600988983e+00  ,2.333134044181e+00  ,2.317135987657e+00  ,2.300159012714e+00  ,2.282704683101e+00  ,2.264137744592e+00  ,2.244748413559e+00  ,2.224263394059e+00  ,2.202701048329e+00  ,2.179675185520e+00  ,2.155242443774e+00  ,2.129127937783e+00  ,2.101331350412e+00  ,2.071193961449e+00  ,2.038567371025e+00  ,2.003543115966e+00  ,1.964969477321e+00  ,1.932366005195e+00  ,1.900647470484e+00  ,1.865851414818e+00  ,1.827288156045e+00  ,1.785333370178e+00  ,1.737578876980e+00  ,1.684229667334e+00  ,1.622395655598e+00  ,1.550191075346e+00  
  4.541966497546e-07  ,2.417080225633e+00  ,2.404331656933e+00  ,2.391194265619e+00  ,2.377421244964e+00  ,2.363213390066e+00  ,2.348600988983e+00  ,2.333134044181e+00  ,2.317135987657e+00  ,2.300159012714e+00  ,2.282704683101e+00  ,2.264137744592e+00  ,2.244748413559e+00  ,2.224263394059e+00  ,2.202701048329e+00  ,2.179675185520e+00  ,2.155242443774e+00  ,2.129127937783e+00  ,2.101331350412e+00  ,2.071193961449e+00  ,2.038567371025e+00  ,2.003543115966e+00  ,1.964969477321e+00  ,1.932366005195e+00  ,1.900647470484e+00  ,1.865851414818e+00  ,1.827288156045e+00  ,1.785333370178e+00  ,1.737578876980e+00  ,1.684229667334e+00  ,1.622395655598e+00  ,1.550191075346e+00  
  4.551967039352e-07  ,2.417080225633e+00  ,2.404331656933e+00  ,2.391194265619e+00  ,2.377421244964e+00  ,2.363213390066e+00  ,2.348600988983e+00  ,2.333134044181e+00  ,2.317135987657e+00  ,2.300159012714e+00  ,2.282704683101e+00  ,2.264137744592e+00  ,2.244748413559e+00  ,2.224263394059e+00  ,2.202701048329e+00  ,2.179675185520e+00  ,2.155242443774e+00  ,2.129127937783e+00  ,2.101331350412e+00  ,2.071193961449e+00  ,2.038567371025e+00  ,2.003543115966e+00  ,1.964969477321e+00  ,1.932366005195e+00  ,1.900647470484e+00  ,1.865851414818e+00  ,1.827288156045e+00  ,1.785333370178e+00  ,1.737578876980e+00  ,1.684229667334e+00  ,1.622395655598e+00  ,1.550191075346e+00  
  4.561967581158e-07  ,2.417080225633e+00  ,2.404331656933e+00  ,2.391194265619e+00  ,2.377421244964e+00  ,2.363213390066e+00  ,2.348600988983e+00  ,2.333134044181e+00  ,2.317135987657e+00  ,2.300159012714e+00  ,2.282704683101e+00  ,2.264137744592e+00  ,2.244748413559e+00  ,2.224263394059e+00  ,2.202701048329e+00  ,2.179675185520e+00  ,2.155242443774e+00  ,2.129127937783e+00  ,2.101331350412e+00  ,2.071193961449e+00  ,2.038567371025e+00  ,2.003543115966e+00  ,1.964969477321e+00  ,1.932366005195e+00  ,1.900647470484e+00  ,1.865851414818e+00  ,1.827288156045e+00  ,1.785333370178e+00  ,1.737578876980e+00  ,1.684229667334e+00  ,1.622395655598e+00  ,1.550191075346e+00  
  4.571968122964e-07  ,2.417080225633e+00  ,2.404331656933e+00  ,2.391194265619e+00  ,2.377421244964e+00  ,2.363213390066e+00  ,2.348600988983e+00  ,2.333134044181e+00  ,2.317135987657e+00  ,2.300159012714e+00  ,2.282704683101e+00  ,2.264137744592e+00  ,2.244748413559e+00  ,2.224263394059e+00  ,2.202701048329e+00  ,2.179675185520e+00  ,2.155242443774e+00  ,2.129127937783e+00  ,2.101331350412e+00  ,2.071193961449e+00  ,2.038567371025e+00  ,2.003543115966e+00  ,1.964969477321e+00  ,1.932366005195e+00  ,1.900647470484e+00  ,1.865851414818e+00  ,1.827288156045e+00  ,1.785333370178e+00  ,1.737578876980e+00  ,1.684229667334e+00  ,1.622395655598e+00  ,1.550191075346e+00  
  4.581968664770e-07  ,2.417080225633e+00  ,2.404331656933e+00  ,2.391194265619e+00  ,2.377421244964e+00  ,2.363213390066e+00  ,2.348600988983e+00  ,2.333134044181e+00  ,2.317135987657e+00  ,2.300159012714e+00  ,2.282704683101e+00  ,2.264137744592e+00  ,2.244748413559e+00  ,2.224263394059e+00  ,2.202701048329e+00  ,2.179675185520e+00  ,2.155242443774e+00  ,2.129127937783e+00  ,2.101331350412e+00  ,2.071193961449e+00  ,2.038567371025e+00  ,2.003543115966e+00  ,1.964969477321e+00  ,1.932366005195e+00  ,1.900647470484e+00  ,1.865851414818e+00  ,1.827288156045e+00  ,1.785333370178e+00  ,1.737578876980e+00  ,1.684229667334e+00  ,1.622395655598e+00  ,1.550191075346e+00  
  4.591969206577e-07  ,2.417080225633e+00  ,2.404331656933e+00  ,2.391194265619e+00  ,2.377421244964e+00  ,2.363213390066e+00  ,2.348600988983e+00  ,2.333134044181e+00  ,2.317135987657e+00  ,2.300159012714e+00  ,2.282704683101e+00  ,2.264137744592e+00  ,2.244748413559e+00  ,2.224263394059e+00  ,2.202701048329e+00  ,2.179675185520e+00  ,2.155242443774e+00  ,2.129127937783e+00  ,2.101331350412e+00  ,2.071193961449e+00  ,2.038567371025e+00  ,2.003543115966e+00  ,1.964969477321e+00  ,1.932366005195e+00  ,1.900647470484e+00  ,1.865851414818e+00  ,1.827288156045e+00  ,1.785333370178e+00  ,1.737578876980e+00  ,1.684229667334e+00  ,1.622395655598e+00  ,1.550191075346e+00  
  4.601969748383e-07  ,2.417080225633e+00  ,2.404331656933e+00  ,2.391194265619e+00  ,2.377421244964e+00  ,2.363213390066e+00  ,2.348600988983e+00  ,2.333134044181e+00  ,2.317135987657e+00  ,2.300159012714e+00  ,2.282704683101e+00  ,2.264137744592e+00  ,2.244748413559e+00  ,2.224263394059e+00  ,2.202701048329e+00  ,2.179675185520e+00  ,2.155242443774e+00  ,2.129127937783e+00  ,2.101331350412e+00  ,2.071193961449e+00  ,2.038567371025e+00  ,2.003543115966e+00  ,1.964969477321e+00  ,1.932366005195e+00  ,1.900647470484e+00  ,1.865851414818e+00  ,1.827288156045e+00  ,1.785333370178e+00  ,1.737578876980e+00  ,1.684229667334e+00  ,1.622395655598e+00  ,1.550191075346e+00  
  4.611970290189e-07  ,2.417080225633e+00  ,2.404331656933e+00  ,2.391194265619e+00  ,2.377421244964e+00  ,2.363213390066e+00  ,2.348600988983e+00  ,2.333134044181e+00  ,2.317135987657e+00  ,2.300159012714e+00  ,2.282704683101e+00  ,2.264137744592e+00  ,2.244748413559e+00  ,2.224263394059e+00  ,2.202701048329e+00  ,2.179675185520e+00  ,2.155242443774e+00  ,2.129127937783e+00  ,2.101331350412e+00  ,2.071193961449e+00  ,2.038567371025e+00  ,2.003543115966e+00  ,1.964969477321e+00  ,1.932366005195e+00  ,1.900647470484e+00  ,1.865851414818e+00  ,1.827288156045e+00  ,1.785333370178e+00  ,1.737578876980e+00  ,1.684229667334e+00  ,1.622395655598e+00  ,1.550191075346e+00  
  4.621970831995e-07  ,2.417080225633e+00  ,2.404331656933e+00  ,2.391194265619e+00  ,2.377421244964e+00  ,2.363213390066e+00  ,2.348600988983e+00  ,2.333134044181e+00  ,2.317135987657e+00  ,2.300159012714e+00  ,2.282704683101e+00  ,2.264137744592e+00  ,2.244748413559e+00  ,2.224263394059e+00  ,2.202701048329e+00  ,2.179675185520e+00  ,2.155242443774e+00  ,2.129127937783e+00  ,2.101331350412e+00  ,2.071193961449e+00  ,2.038567371025e+00  ,2.003543115966e+00  ,1.964969477321e+00  ,1.932366005195e+00  ,1.900647470484e+00  ,1.865851414818e+00  ,1.827288156045e+00  ,1.785333370178e+00  ,1.737578876980e+00  ,1.684229667334e+00  ,1.622395655598e+00  ,1.550191075346e+00  
  4.631971373802e-07  ,2.417080225633e+00  ,2.404331656933e+00  ,2.391194265619e+00  ,2.377421244964e+00  ,2.363213390066e+00  ,2.348600988983e+00  ,2.333134044181e+00  ,2.317135987657e+00  ,2.300159012714e+00  ,2.282704683101e+00  ,2.264137744592e+00  ,2.244748413559e+00  ,2.224263394059e+00  ,2.202701048329e+00  ,2.179675185520e+00  ,2.155242443774e+00  ,2.129127937783e+00  ,2.101331350412e+00  ,2.071193961449e+00  ,2.038567371025e+00  ,2.003543115966e+00  ,1.964969477321e+00  ,1.932366005195e+00  ,1.900647470484e+00  ,1.865851414818e+00  ,1.827288156045e+00  ,1.785333370178e+00  ,1.737578876980e+00  ,1.684229667334e+00  ,1.622395655598e+00  ,1.550191075346e+00  
  4.641971915608e-07  ,2.417080225633e+00  ,2.404331656933e+00  ,2.391194265619e+00  ,2.377421244964e+00  ,2.363213390066e+00  ,2.348600988983e+00  ,2.333134044181e+00  ,2.317135987657e+00  ,2.300159012714e+00  ,2.282704683101e+00  ,2.264137744592e+00  ,2.244748413559e+00  ,2.224263394059e+00  ,2.202701048329e+00  ,2.179675185520e+00  ,2.155242443774e+00  ,2.129127937783e+00  ,2.101331350412e+00  ,2.071193961449e+00  ,2.038567371025e+00  ,2.003543115966e+00  ,1.964969477321e+00  ,1.932366005195e+00  ,1.900647470484e+00  ,1.865851414818e+00  ,1.827288156045e+00  ,1.785333370178e+00  ,1.737578876980e+00  ,1.684229667334e+00  ,1.622395655598e+00  ,1.550191075346e+00  
  4.651972457414e-07  ,2.417080225633e+00  ,2.404331656933e+00  ,2.391194265619e+00  ,2.377421244964e+00  ,2.363213390066e+00  ,2.348600988983e+00  ,2.333134044181e+00  ,2.317135987657e+00  ,2.300159012714e+00  ,2.282704683101e+00  ,2.264137744592e+00  ,2.244748413559e+00  ,2.224263394059e+00  ,2.202701048329e+00  ,2.179675185520e+00  ,2.155242443774e+00  ,2.129127937783e+00  ,2.101331350412e+00  ,2.071193961449e+00  ,2.038567371025e+00  ,2.003543115966e+00  ,1.964969477321e+00  ,1.932366005195e+00  ,1.900647470484e+00  ,1.865851414818e+00  ,1.827288156045e+00  ,1.785333370178e+00  ,1.737578876980e+00  ,1.684229667334e+00  ,1.622395655598e+00  ,1.550191075346e+00  
  4.661972999220e-07  ,2.417080225633e+00  ,2.404331656933e+00  ,2.391194265619e+00  ,2.377421244964e+00  ,2.363213390066e+00  ,2.348600988983e+00  ,2.333134044181e+00  ,2.317135987657e+00  ,2.300159012714e+00  ,2.282704683101e+00  ,2.264137744592e+00  ,2.244748413559e+00  ,2.224263394059e+00  ,2.202701048329e+00  ,2.179675185520e+00  ,2.155242443774e+00  ,2.129127937783e+00  ,2.101331350412e+00  ,2.071193961449e+00  ,2.038567371025e+00  ,2.003543115966e+00  ,1.964969477321e+00  ,1.932366005195e+00  ,1.900647470484e+00  ,1.865851414818e+00  ,1.827288156045e+00  ,1.785333370178e+00  ,1.737578876980e+00  ,1.684229667334e+00  ,1.622395655598e+00  ,1.550191075346e+00  
  4.671973541026e-07  ,2.417080225633e+00  ,2.404331656933e+00  ,2.391194265619e+00  ,2.377421244964e+00  ,2.363213390066e+00  ,2.348600988983e+00  ,2.333134044181e+00  ,2.317135987657e+00  ,2.300159012714e+00  ,2.282704683101e+00  ,2.264137744592e+00  ,2.244748413559e+00  ,2.224263394059e+00  ,2.202701048329e+00  ,2.179675185520e+00  ,2.155242443774e+00  ,2.129127937783e+00  ,2.101331350412e+00  ,2.071193961449e+00  ,2.038567371025e+00  ,2.003543115966e+00  ,1.964969477321e+00  ,1.932366005195e+00  ,1.900647470484e+00  ,1.865851414818e+00  ,1.827288156045e+00  ,1.785333370178e+00  ,1.737578876980e+00  ,1.684229667334e+00  ,1.622395655598e+00  ,1.550191075346e+00  
  4.681974082833e-07  ,2.417080225633e+00  ,2.404331656933e+00  ,2.391194265619e+00  ,2.377421244964e+00  ,2.363213390066e+00  ,2.348600988983e+00  ,2.333134044181e+00  ,2.317135987657e+00  ,2.300159012714e+00  ,2.282704683101e+00  ,2.264137744592e+00  ,2.244748413559e+00  ,2.224263394059e+00  ,2.202701048329e+00  ,2.179675185520e+00  ,2.155242443774e+00  ,2.129127937783e+00  ,2.101331350412e+00  ,2.071193961449e+00  ,2.038567371025e+00  ,2.003543115966e+00  ,1.964969477321e+00  ,1.932366005195e+00  ,1.900647470484e+00  ,1.865851414818e+00  ,1.827288156045e+00  ,1.785333370178e+00  ,1.737578876980e+00  ,1.684229667334e+00  ,1.622395655598e+00  ,1.550191075346e+00  
  4.691974624639e-07  ,2.417080225633e+00  ,2.404331656933e+00  ,2.391194265619e+00  ,2.377421244964e+00  ,2.363213390066e+00  ,2.348600988983e+00  ,2.333134044181e+00  ,2.317135987657e+00  ,2.300159012714e+00  ,2.282704683101e+00  ,2.264137744592e+00  ,2.244748413559e+00  ,2.224263394059e+00  ,2.202701048329e+00  ,2.179675185520e+00  ,2.155242443774e+00  ,2.129127937783e+00  ,2.101331350412e+00  ,2.071193961449e+00  ,2.038567371025e+00  ,2.003543115966e+00  ,1.964969477321e+00  ,1.932366005195e+00  ,1.900647470484e+00  ,1.865851414818e+00  ,1.827288156045e+00  ,1.785333370178e+00  ,1.737578876980e+00  ,1.684229667334e+00  ,1.622395655598e+00  ,1.550191075346e+00  
  4.701975166445e-07  ,2.417080225633e+00  ,2.404331656933e+00  ,2.391194265619e+00  ,2.377421244964e+00  ,2.363213390066e+00  ,2.348600988983e+00  ,2.333134044181e+00  ,2.317135987657e+00  ,2.300159012714e+00  ,2.282704683101e+00  ,2.264137744592e+00  ,2.244748413559e+00  ,2.224263394059e+00  ,2.202701048329e+00  ,2.179675185520e+00  ,2.155242443774e+00  ,2.129127937783e+00  ,2.101331350412e+00  ,2.071193961449e+00  ,2.038567371025e+00  ,2.003543115966e+00  ,1.964969477321e+00  ,1.932366005195e+00  ,1.900647470484e+00  ,1.865851414818e+00  ,1.827288156045e+00  ,1.785333370178e+00  ,1.737578876980e+00  ,1.684229667334e+00  ,1.622395655598e+00  ,1.550191075346e+00  
  4.711975708251e-07  ,2.417080225633e+00  ,2.404331656933e+00  ,2.391194265619e+00  ,2.377421244964e+00  ,2.363213390066e+00  ,2.348600988983e+00  ,2.333134044181e+00  ,2.317135987657e+00  ,2.300159012714e+00  ,2.282704683101e+00  ,2.264137744592e+00  ,2.244748413559e+00  ,2.224263394059e+00  ,2.202701048329e+00  ,2.179675185520e+00  ,2.155242443774e+00  ,2.129127937783e+00  ,2.101331350412e+00  ,2.071193961449e+00  ,2.038567371025e+00  ,2.003543115966e+00  ,1.964969477321e+00  ,1.932366005195e+00  ,1.900647470484e+00  ,1.865851414818e+00  ,1.827288156045e+00  ,1.785333370178e+00  ,1.737578876980e+00  ,1.684229667334e+00  ,1.622395655598e+00  ,1.550191075346e+00  
  4.721976250058e-07  ,2.417080225633e+00  ,2.404331656933e+00  ,2.391194265619e+00  ,2.377421244964e+00  ,2.363213390066e+00  ,2.348600988983e+00  ,2.333134044181e+00  ,2.317135987657e+00  ,2.300159012714e+00  ,2.282704683101e+00  ,2.264137744592e+00  ,2.244748413559e+00  ,2.224263394059e+00  ,2.202701048329e+00  ,2.179675185520e+00  ,2.155242443774e+00  ,2.129127937783e+00  ,2.101331350412e+00  ,2.071193961449e+00  ,2.038567371025e+00  ,2.003543115966e+00  ,1.964969477321e+00  ,1.932366005195e+00  ,1.900647470484e+00  ,1.865851414818e+00  ,1.827288156045e+00  ,1.785333370178e+00  ,1.737578876980e+00  ,1.684229667334e+00  ,1.622395655598e+00  ,1.550191075346e+00  
  4.731976791864e-07  ,2.417080225633e+00  ,2.404331656933e+00  ,2.391194265619e+00  ,2.377421244964e+00  ,2.363213390066e+00  ,2.348600988983e+00  ,2.333134044181e+00  ,2.317135987657e+00  ,2.300159012714e+00  ,2.282704683101e+00  ,2.264137744592e+00  ,2.244748413559e+00  ,2.224263394059e+00  ,2.202701048329e+00  ,2.179675185520e+00  ,2.155242443774e+00  ,2.129127937783e+00  ,2.101331350412e+00  ,2.071193961449e+00  ,2.038567371025e+00  ,2.003543115966e+00  ,1.964969477321e+00  ,1.932366005195e+00  ,1.900647470484e+00  ,1.865851414818e+00  ,1.827288156045e+00  ,1.785333370178e+00  ,1.737578876980e+00  ,1.684229667334e+00  ,1.622395655598e+00  ,1.550191075346e+00  
  4.741977333670e-07  ,2.417080225633e+00  ,2.404331656933e+00  ,2.391194265619e+00  ,2.377421244964e+00  ,2.363213390066e+00  ,2.348600988983e+00  ,2.333134044181e+00  ,2.317135987657e+00  ,2.300159012714e+00  ,2.282704683101e+00  ,2.264137744592e+00  ,2.244748413559e+00  ,2.224263394059e+00  ,2.202701048329e+00  ,2.179675185520e+00  ,2.155242443774e+00  ,2.129127937783e+00  ,2.101331350412e+00  ,2.071193961449e+00  ,2.038567371025e+00  ,2.003543115966e+00  ,1.964969477321e+00  ,1.932366005195e+00  ,1.900647470484e+00  ,1.865851414818e+00  ,1.827288156045e+00  ,1.785333370178e+00  ,1.737578876980e+00  ,1.684229667334e+00  ,1.622395655598e+00  ,1.550191075346e+00  
  4.751977875476e-07  ,2.417080225633e+00  ,2.404331656933e+00  ,2.391194265619e+00  ,2.377421244964e+00  ,2.363213390066e+00  ,2.348600988983e+00  ,2.333134044181e+00  ,2.317135987657e+00  ,2.300159012714e+00  ,2.282704683101e+00  ,2.264137744592e+00  ,2.244748413559e+00  ,2.224263394059e+00  ,2.202701048329e+00  ,2.179675185520e+00  ,2.155242443774e+00  ,2.129127937783e+00  ,2.101331350412e+00  ,2.071193961449e+00  ,2.038567371025e+00  ,2.003543115966e+00  ,1.964969477321e+00  ,1.932366005195e+00  ,1.900647470484e+00  ,1.865851414818e+00  ,1.827288156045e+00  ,1.785333370178e+00  ,1.737578876980e+00  ,1.684229667334e+00  ,1.622395655598e+00  ,1.550191075346e+00  
  4.761978417282e-07  ,2.417080225633e+00  ,2.404331656933e+00  ,2.391194265619e+00  ,2.377421244964e+00  ,2.363213390066e+00  ,2.348600988983e+00  ,2.333134044181e+00  ,2.317135987657e+00  ,2.300159012714e+00  ,2.282704683101e+00  ,2.264137744592e+00  ,2.244748413559e+00  ,2.224263394059e+00  ,2.202701048329e+00  ,2.179675185520e+00  ,2.155242443774e+00  ,2.129127937783e+00  ,2.101331350412e+00  ,2.071193961449e+00  ,2.038567371025e+00  ,2.003543115966e+00  ,1.964969477321e+00  ,1.932366005195e+00  ,1.900647470484e+00  ,1.865851414818e+00  ,1.827288156045e+00  ,1.785333370178e+00  ,1.737578876980e+00  ,1.684229667334e+00  ,1.622395655598e+00  ,1.550191075346e+00  
  4.771978959089e-07  ,2.417080225633e+00  ,2.404331656933e+00  ,2.391194265619e+00  ,2.377421244964e+00  ,2.363213390066e+00  ,2.348600988983e+00  ,2.333134044181e+00  ,2.317135987657e+00  ,2.300159012714e+00  ,2.282704683101e+00  ,2.264137744592e+00  ,2.244748413559e+00  ,2.224263394059e+00  ,2.202701048329e+00  ,2.179675185520e+00  ,2.155242443774e+00  ,2.129127937783e+00  ,2.101331350412e+00  ,2.071193961449e+00  ,2.038567371025e+00  ,2.003543115966e+00  ,1.964969477321e+00  ,1.932366005195e+00  ,1.900647470484e+00  ,1.865851414818e+00  ,1.827288156045e+00  ,1.785333370178e+00  ,1.737578876980e+00  ,1.684229667334e+00  ,1.622395655598e+00  ,1.550191075346e+00  
  4.781979500895e-07  ,2.417080225633e+00  ,2.404331656933e+00  ,2.391194265619e+00  ,2.377421244964e+00  ,2.363213390066e+00  ,2.348600988983e+00  ,2.333134044181e+00  ,2.317135987657e+00  ,2.300159012714e+00  ,2.282704683101e+00  ,2.264137744592e+00  ,2.244748413559e+00  ,2.224263394059e+00  ,2.202701048329e+00  ,2.179675185520e+00  ,2.155242443774e+00  ,2.129127937783e+00  ,2.101331350412e+00  ,2.071193961449e+00  ,2.038567371025e+00  ,2.003543115966e+00  ,1.964969477321e+00  ,1.932366005195e+00  ,1.900647470484e+00  ,1.865851414818e+00  ,1.827288156045e+00  ,1.785333370178e+00  ,1.737578876980e+00  ,1.684229667334e+00  ,1.622395655598e+00  ,1.550191075346e+00  
  4.791980042701e-07  ,2.417080225633e+00  ,2.404331656933e+00  ,2.391194265619e+00  ,2.377421244964e+00  ,2.363213390066e+00  ,2.348600988983e+00  ,2.333134044181e+00  ,2.317135987657e+00  ,2.300159012714e+00  ,2.282704683101e+00  ,2.264137744592e+00  ,2.244748413559e+00  ,2.224263394059e+00  ,2.202701048329e+00  ,2.179675185520e+00  ,2.155242443774e+00  ,2.129127937783e+00  ,2.101331350412e+00  ,2.071193961449e+00  ,2.038567371025e+00  ,2.003543115966e+00  ,1.964969477321e+00  ,1.932366005195e+00  ,1.900647470484e+00  ,1.865851414818e+00  ,1.827288156045e+00  ,1.785333370178e+00  ,1.737578876980e+00  ,1.684229667334e+00  ,1.622395655598e+00  ,1.550191075346e+00  
  4.801980584507e-07  ,2.417080225633e+00  ,2.404331656933e+00  ,2.391194265619e+00  ,2.377421244964e+00  ,2.363213390066e+00  ,2.348600988983e+00  ,2.333134044181e+00  ,2.317135987657e+00  ,2.300159012714e+00  ,2.282704683101e+00  ,2.264137744592e+00  ,2.244748413559e+00  ,2.224263394059e+00  ,2.202701048329e+00  ,2.179675185520e+00  ,2.155242443774e+00  ,2.129127937783e+00  ,2.101331350412e+00  ,2.071193961449e+00  ,2.038567371025e+00  ,2.003543115966e+00  ,1.964969477321e+00  ,1.932366005195e+00  ,1.900647470484e+00  ,1.865851414818e+00  ,1.827288156045e+00  ,1.785333370178e+00  ,1.737578876980e+00  ,1.684229667334e+00  ,1.622395655598e+00  ,1.550191075346e+00  
  4.811981126314e-07  ,2.417080225633e+00  ,2.404331656933e+00  ,2.391194265619e+00  ,2.377421244964e+00  ,2.363213390066e+00  ,2.348600988983e+00  ,2.333134044181e+00  ,2.317135987657e+00  ,2.300159012714e+00  ,2.282704683101e+00  ,2.264137744592e+00  ,2.244748413559e+00  ,2.224263394059e+00  ,2.202701048329e+00  ,2.179675185520e+00  ,2.155242443774e+00  ,2.129127937783e+00  ,2.101331350412e+00  ,2.071193961449e+00  ,2.038567371025e+00  ,2.003543115966e+00  ,1.964969477321e+00  ,1.932366005195e+00  ,1.900647470484e+00  ,1.865851414818e+00  ,1.827288156045e+00  ,1.785333370178e+00  ,1.737578876980e+00  ,1.684229667334e+00  ,1.622395655598e+00  ,1.550191075346e+00  
  4.821981668120e-07  ,2.417080225633e+00  ,2.404331656933e+00  ,2.391194265619e+00  ,2.377421244964e+00  ,2.363213390066e+00  ,2.348600988983e+00  ,2.333134044181e+00  ,2.317135987657e+00  ,2.300159012714e+00  ,2.282704683101e+00  ,2.264137744592e+00  ,2.244748413559e+00  ,2.224263394059e+00  ,2.202701048329e+00  ,2.179675185520e+00  ,2.155242443774e+00  ,2.129127937783e+00  ,2.101331350412e+00  ,2.071193961449e+00  ,2.038567371025e+00  ,2.003543115966e+00  ,1.964969477321e+00  ,1.932366005195e+00  ,1.900647470484e+00  ,1.865851414818e+00  ,1.827288156045e+00  ,1.785333370178e+00  ,1.737578876980e+00  ,1.684229667334e+00  ,1.622395655598e+00  ,1.550191075346e+00  
  4.831982209926e-07  ,2.417080225633e+00  ,2.404331656933e+00  ,2.391194265619e+00  ,2.377421244964e+00  ,2.363213390066e+00  ,2.348600988983e+00  ,2.333134044181e+00  ,2.317135987657e+00  ,2.300159012714e+00  ,2.282704683101e+00  ,2.264137744592e+00  ,2.244748413559e+00  ,2.224263394059e+00  ,2.202701048329e+00  ,2.179675185520e+00  ,2.155242443774e+00  ,2.129127937783e+00  ,2.101331350412e+00  ,2.071193961449e+00  ,2.038567371025e+00  ,2.003543115966e+00  ,1.964969477321e+00  ,1.932366005195e+00  ,1.900647470484e+00  ,1.865851414818e+00  ,1.827288156045e+00  ,1.785333370178e+00  ,1.737578876980e+00  ,1.684229667334e+00  ,1.622395655598e+00  ,1.550191075346e+00  
  4.841982751732e-07  ,2.417080225633e+00  ,2.404331656933e+00  ,2.391194265619e+00  ,2.377421244964e+00  ,2.363213390066e+00  ,2.348600988983e+00  ,2.333134044181e+00  ,2.317135987657e+00  ,2.300159012714e+00  ,2.282704683101e+00  ,2.264137744592e+00  ,2.244748413559e+00  ,2.224263394059e+00  ,2.202701048329e+00  ,2.179675185520e+00  ,2.155242443774e+00  ,2.129127937783e+00  ,2.101331350412e+00  ,2.071193961449e+00  ,2.038567371025e+00  ,2.003543115966e+00  ,1.964969477321e+00  ,1.932366005195e+00  ,1.900647470484e+00  ,1.865851414818e+00  ,1.827288156045e+00  ,1.785333370178e+00  ,1.737578876980e+00  ,1.684229667334e+00  ,1.622395655598e+00  ,1.550191075346e+00  
  4.851983293538e-07  ,2.417080225633e+00  ,2.404331656933e+00  ,2.391194265619e+00  ,2.377421244964e+00  ,2.363213390066e+00  ,2.348600988983e+00  ,2.333134044181e+00  ,2.317135987657e+00  ,2.300159012714e+00  ,2.282704683101e+00  ,2.264137744592e+00  ,2.244748413559e+00  ,2.224263394059e+00  ,2.202701048329e+00  ,2.179675185520e+00  ,2.155242443774e+00  ,2.129127937783e+00  ,2.101331350412e+00  ,2.071193961449e+00  ,2.038567371025e+00  ,2.003543115966e+00  ,1.964969477321e+00  ,1.932366005195e+00  ,1.900647470484e+00  ,1.865851414818e+00  ,1.827288156045e+00  ,1.785333370178e+00  ,1.737578876980e+00  ,1.684229667334e+00  ,1.622395655598e+00  ,1.550191075346e+00  
  4.861983835345e-07  ,2.417080225633e+00  ,2.404331656933e+00  ,2.391194265619e+00  ,2.377421244964e+00  ,2.363213390066e+00  ,2.348600988983e+00  ,2.333134044181e+00  ,2.317135987657e+00  ,2.300159012714e+00  ,2.282704683101e+00  ,2.264137744592e+00  ,2.244748413559e+00  ,2.224263394059e+00  ,2.202701048329e+00  ,2.179675185520e+00  ,2.155242443774e+00  ,2.129127937783e+00  ,2.101331350412e+00  ,2.071193961449e+00  ,2.038567371025e+00  ,2.003543115966e+00  ,1.964969477321e+00  ,1.932366005195e+00  ,1.900647470484e+00  ,1.865851414818e+00  ,1.827288156045e+00  ,1.785333370178e+00  ,1.737578876980e+00  ,1.684229667334e+00  ,1.622395655598e+00  ,1.550191075346e+00  
  4.871984377151e-07  ,2.417080225633e+00  ,2.404331656933e+00  ,2.391194265619e+00  ,2.377421244964e+00  ,2.363213390066e+00  ,2.348600988983e+00  ,2.333134044181e+00  ,2.317135987657e+00  ,2.300159012714e+00  ,2.282704683101e+00  ,2.264137744592e+00  ,2.244748413559e+00  ,2.224263394059e+00  ,2.202701048329e+00  ,2.179675185520e+00  ,2.155242443774e+00  ,2.129127937783e+00  ,2.101331350412e+00  ,2.071193961449e+00  ,2.038567371025e+00  ,2.003543115966e+00  ,1.964969477321e+00  ,1.932366005195e+00  ,1.900647470484e+00  ,1.865851414818e+00  ,1.827288156045e+00  ,1.785333370178e+00  ,1.737578876980e+00  ,1.684229667334e+00  ,1.622395655598e+00  ,1.550191075346e+00  
  4.881984918957e-07  ,2.417080225633e+00  ,2.404331656933e+00  ,2.391194265619e+00  ,2.377421244964e+00  ,2.363213390066e+00  ,2.348600988983e+00  ,2.333134044181e+00  ,2.317135987657e+00  ,2.300159012714e+00  ,2.282704683101e+00  ,2.264137744592e+00  ,2.244748413559e+00  ,2.224263394059e+00  ,2.202701048329e+00  ,2.179675185520e+00  ,2.155242443774e+00  ,2.129127937783e+00  ,2.101331350412e+00  ,2.071193961449e+00  ,2.038567371025e+00  ,2.003543115966e+00  ,1.964969477321e+00  ,1.932366005195e+00  ,1.900647470484e+00  ,1.865851414818e+00  ,1.827288156045e+00  ,1.785333370178e+00  ,1.737578876980e+00  ,1.684229667334e+00  ,1.622395655598e+00  ,1.550191075346e+00  
  4.891985460763e-07  ,2.417080225633e+00  ,2.404331656933e+00  ,2.391194265619e+00  ,2.377421244964e+00  ,2.363213390066e+00  ,2.348600988983e+00  ,2.333134044181e+00  ,2.317135987657e+00  ,2.300159012714e+00  ,2.282704683101e+00  ,2.264137744592e+00  ,2.244748413559e+00  ,2.224263394059e+00  ,2.202701048329e+00  ,2.179675185520e+00  ,2.155242443774e+00  ,2.129127937783e+00  ,2.101331350412e+00  ,2.071193961449e+00  ,2.038567371025e+00  ,2.003543115966e+00  ,1.964969477321e+00  ,1.932366005195e+00  ,1.900647470484e+00  ,1.865851414818e+00  ,1.827288156045e+00  ,1.785333370178e+00  ,1.737578876980e+00  ,1.684229667334e+00  ,1.622395655598e+00  ,1.550191075346e+00  
  4.901986002570e-07  ,2.417080225633e+00  ,2.404331656933e+00  ,2.391194265619e+00  ,2.377421244964e+00  ,2.363213390066e+00  ,2.348600988983e+00  ,2.333134044181e+00  ,2.317135987657e+00  ,2.300159012714e+00  ,2.282704683101e+00  ,2.264137744592e+00  ,2.244748413559e+00  ,2.224263394059e+00  ,2.202701048329e+00  ,2.179675185520e+00  ,2.155242443774e+00  ,2.129127937783e+00  ,2.101331350412e+00  ,2.071193961449e+00  ,2.038567371025e+00  ,2.003543115966e+00  ,1.964969477321e+00  ,1.932366005195e+00  ,1.900647470484e+00  ,1.865851414818e+00  ,1.827288156045e+00  ,1.785333370178e+00  ,1.737578876980e+00  ,1.684229667334e+00  ,1.622395655598e+00  ,1.550191075346e+00  
  4.911986544376e-07  ,2.417080225633e+00  ,2.404331656933e+00  ,2.391194265619e+00  ,2.377421244964e+00  ,2.363213390066e+00  ,2.348600988983e+00  ,2.333134044181e+00  ,2.317135987657e+00  ,2.300159012714e+00  ,2.282704683101e+00  ,2.264137744592e+00  ,2.244748413559e+00  ,2.224263394059e+00  ,2.202701048329e+00  ,2.179675185520e+00  ,2.155242443774e+00  ,2.129127937783e+00  ,2.101331350412e+00  ,2.071193961449e+00  ,2.038567371025e+00  ,2.003543115966e+00  ,1.964969477321e+00  ,1.932366005195e+00  ,1.900647470484e+00  ,1.865851414818e+00  ,1.827288156045e+00  ,1.785333370178e+00  ,1.737578876980e+00  ,1.684229667334e+00  ,1.622395655598e+00  ,1.550191075346e+00  
  4.921987086182e-07  ,2.417080225633e+00  ,2.404331656933e+00  ,2.391194265619e+00  ,2.377421244964e+00  ,2.363213390066e+00  ,2.348600988983e+00  ,2.333134044181e+00  ,2.317135987657e+00  ,2.300159012714e+00  ,2.282704683101e+00  ,2.264137744592e+00  ,2.244748413559e+00  ,2.224263394059e+00  ,2.202701048329e+00  ,2.179675185520e+00  ,2.155242443774e+00  ,2.129127937783e+00  ,2.101331350412e+00  ,2.071193961449e+00  ,2.038567371025e+00  ,2.003543115966e+00  ,1.964969477321e+00  ,1.932366005195e+00  ,1.900647470484e+00  ,1.865851414818e+00  ,1.827288156045e+00  ,1.785333370178e+00  ,1.737578876980e+00  ,1.684229667334e+00  ,1.622395655598e+00  ,1.550191075346e+00  
  4.931987627988e-07  ,2.417080225633e+00  ,2.404331656933e+00  ,2.391194265619e+00  ,2.377421244964e+00  ,2.363213390066e+00  ,2.348600988983e+00  ,2.333134044181e+00  ,2.317135987657e+00  ,2.300159012714e+00  ,2.282704683101e+00  ,2.264137744592e+00  ,2.244748413559e+00  ,2.224263394059e+00  ,2.202701048329e+00  ,2.179675185520e+00  ,2.155242443774e+00  ,2.129127937783e+00  ,2.101331350412e+00  ,2.071193961449e+00  ,2.038567371025e+00  ,2.003543115966e+00  ,1.964969477321e+00  ,1.932366005195e+00  ,1.900647470484e+00  ,1.865851414818e+00  ,1.827288156045e+00  ,1.785333370178e+00  ,1.737578876980e+00  ,1.684229667334e+00  ,1.622395655598e+00  ,1.550191075346e+00  
  4.941988169794e-07  ,2.417080225633e+00  ,2.404331656933e+00  ,2.391194265619e+00  ,2.377421244964e+00  ,2.363213390066e+00  ,2.348600988983e+00  ,2.333134044181e+00  ,2.317135987657e+00  ,2.300159012714e+00  ,2.282704683101e+00  ,2.264137744592e+00  ,2.244748413559e+00  ,2.224263394059e+00  ,2.202701048329e+00  ,2.179675185520e+00  ,2.155242443774e+00  ,2.129127937783e+00  ,2.101331350412e+00  ,2.071193961449e+00  ,2.038567371025e+00  ,2.003543115966e+00  ,1.964969477321e+00  ,1.932366005195e+00  ,1.900647470484e+00  ,1.865851414818e+00  ,1.827288156045e+00  ,1.785333370178e+00  ,1.737578876980e+00  ,1.684229667334e+00  ,1.622395655598e+00  ,1.550191075346e+00  
  4.951988711601e-07  ,2.417080225633e+00  ,2.404331656933e+00  ,2.391194265619e+00  ,2.377421244964e+00  ,2.363213390066e+00  ,2.348600988983e+00  ,2.333134044181e+00  ,2.317135987657e+00  ,2.300159012714e+00  ,2.282704683101e+00  ,2.264137744592e+00  ,2.244748413559e+00  ,2.224263394059e+00  ,2.202701048329e+00  ,2.179675185520e+00  ,2.155242443774e+00  ,2.129127937783e+00  ,2.101331350412e+00  ,2.071193961449e+00  ,2.038567371025e+00  ,2.003543115966e+00  ,1.964969477321e+00  ,1.932366005195e+00  ,1.900647470484e+00  ,1.865851414818e+00  ,1.827288156045e+00  ,1.785333370178e+00  ,1.737578876980e+00  ,1.684229667334e+00  ,1.622395655598e+00  ,1.550191075346e+00  
  4.961989253407e-07  ,2.417080225633e+00  ,2.404331656933e+00  ,2.391194265619e+00  ,2.377421244964e+00  ,2.363213390066e+00  ,2.348600988983e+00  ,2.333134044181e+00  ,2.317135987657e+00  ,2.300159012714e+00  ,2.282704683101e+00  ,2.264137744592e+00  ,2.244748413559e+00  ,2.224263394059e+00  ,2.202701048329e+00  ,2.179675185520e+00  ,2.155242443774e+00  ,2.129127937783e+00  ,2.101331350412e+00  ,2.071193961449e+00  ,2.038567371025e+00  ,2.003543115966e+00  ,1.964969477321e+00  ,1.932366005195e+00  ,1.900647470484e+00  ,1.865851414818e+00  ,1.827288156045e+00  ,1.785333370178e+00  ,1.737578876980e+00  ,1.684229667334e+00  ,1.622395655598e+00  ,1.550191075346e+00  
  4.971989795213e-07  ,2.417080225633e+00  ,2.404331656933e+00  ,2.391194265619e+00  ,2.377421244964e+00  ,2.363213390066e+00  ,2.348600988983e+00  ,2.333134044181e+00  ,2.317135987657e+00  ,2.300159012714e+00  ,2.282704683101e+00  ,2.264137744592e+00  ,2.244748413559e+00  ,2.224263394059e+00  ,2.202701048329e+00  ,2.179675185520e+00  ,2.155242443774e+00  ,2.129127937783e+00  ,2.101331350412e+00  ,2.071193961449e+00  ,2.038567371025e+00  ,2.003543115966e+00  ,1.964969477321e+00  ,1.932366005195e+00  ,1.900647470484e+00  ,1.865851414818e+00  ,1.827288156045e+00  ,1.785333370178e+00  ,1.737578876980e+00  ,1.684229667334e+00  ,1.622395655598e+00  ,1.550191075346e+00  
  4.981990337019e-07  ,2.417080225633e+00  ,2.404331656933e+00  ,2.391194265619e+00  ,2.377421244964e+00  ,2.363213390066e+00  ,2.348600988983e+00  ,2.333134044181e+00  ,2.317135987657e+00  ,2.300159012714e+00  ,2.282704683101e+00  ,2.264137744592e+00  ,2.244748413559e+00  ,2.224263394059e+00  ,2.202701048329e+00  ,2.179675185520e+00  ,2.155242443774e+00  ,2.129127937783e+00  ,2.101331350412e+00  ,2.071193961449e+00  ,2.038567371025e+00  ,2.003543115966e+00  ,1.964969477321e+00  ,1.932366005195e+00  ,1.900647470484e+00  ,1.865851414818e+00  ,1.827288156045e+00  ,1.785333370178e+00  ,1.737578876980e+00  ,1.684229667334e+00  ,1.622395655598e+00  ,1.550191075346e+00  
  4.991990878826e-07  ,2.417080225633e+00  ,2.404331656933e+00  ,2.391194265619e+00  ,2.377421244964e+00  ,2.363213390066e+00  ,2.348600988983e+00  ,2.333134044181e+00  ,2.317135987657e+00  ,2.300159012714e+00  ,2.282704683101e+00  ,2.264137744592e+00  ,2.244748413559e+00  ,2.224263394059e+00  ,2.202701048329e+00  ,2.179675185520e+00  ,2.155242443774e+00  ,2.129127937783e+00  ,2.101331350412e+00  ,2.071193961449e+00  ,2.038567371025e+00  ,2.003543115966e+00  ,1.964969477321e+00  ,1.932366005195e+00  ,1.900647470484e+00  ,1.865851414818e+00  ,1.827288156045e+00  ,1.785333370178e+00  ,1.737578876980e+00  ,1.684229667334e+00  ,1.622395655598e+00  ,1.550191075346e+00  
  5.001991420632e-07  ,2.417080225633e+00  ,2.404331656933e+00  ,2.391194265619e+00  ,2.377421244964e+00  ,2.363213390066e+00  ,2.348600988983e+00  ,2.333134044181e+00  ,2.317135987657e+00  ,2.300159012714e+00  ,2.282704683101e+00  ,2.264137744592e+00  ,2.244748413559e+00  ,2.224263394059e+00  ,2.202701048329e+00  ,2.179675185520e+00  ,2.155242443774e+00  ,2.129127937783e+00  ,2.101331350412e+00  ,2.071193961449e+00  ,2.038567371025e+00  ,2.003543115966e+00  ,1.964969477321e+00  ,1.932366005195e+00  ,1.900647470484e+00  ,1.865851414818e+00  ,1.827288156045e+00  ,1.785333370178e+00  ,1.737578876980e+00  ,1.684229667334e+00  ,1.622395655598e+00  ,1.550191075346e+00  
  5.011991962438e-07  ,2.417080225633e+00  ,2.404331656933e+00  ,2.391194265619e+00  ,2.377421244964e+00  ,2.363213390066e+00  ,2.348600988983e+00  ,2.333134044181e+00  ,2.317135987657e+00  ,2.300159012714e+00  ,2.282704683101e+00  ,2.264137744592e+00  ,2.244748413559e+00  ,2.224263394059e+00  ,2.202701048329e+00  ,2.179675185520e+00  ,2.155242443774e+00  ,2.129127937783e+00  ,2.101331350412e+00  ,2.071193961449e+00  ,2.038567371025e+00  ,2.003543115966e+00  ,1.964969477321e+00  ,1.932366005195e+00  ,1.900647470484e+00  ,1.865851414818e+00  ,1.827288156045e+00  ,1.785333370178e+00  ,1.737578876980e+00  ,1.684229667334e+00  ,1.622395655598e+00  ,1.550191075346e+00  
  5.021992504244e-07  ,2.417080225633e+00  ,2.404331656933e+00  ,2.391194265619e+00  ,2.377421244964e+00  ,2.363213390066e+00  ,2.348600988983e+00  ,2.333134044181e+00  ,2.317135987657e+00  ,2.300159012714e+00  ,2.282704683101e+00  ,2.264137744592e+00  ,2.244748413559e+00  ,2.224263394059e+00  ,2.202701048329e+00  ,2.179675185520e+00  ,2.155242443774e+00  ,2.129127937783e+00  ,2.101331350412e+00  ,2.071193961449e+00  ,2.038567371025e+00  ,2.003543115966e+00  ,1.964969477321e+00  ,1.932366005195e+00  ,1.900647470484e+00  ,1.865851414818e+00  ,1.827288156045e+00  ,1.785333370178e+00  ,1.737578876980e+00  ,1.684229667334e+00  ,1.622395655598e+00  ,1.550191075346e+00  
  5.031993046050e-07  ,2.417080225633e+00  ,2.404331656933e+00  ,2.391194265619e+00  ,2.377421244964e+00  ,2.363213390066e+00  ,2.348600988983e+00  ,2.333134044181e+00  ,2.317135987657e+00  ,2.300159012714e+00  ,2.282704683101e+00  ,2.264137744592e+00  ,2.244748413559e+00  ,2.224263394059e+00  ,2.202701048329e+00  ,2.179675185520e+00  ,2.155242443774e+00  ,2.129127937783e+00  ,2.101331350412e+00  ,2.071193961449e+00  ,2.038567371025e+00  ,2.003543115966e+00  ,1.964969477321e+00  ,1.932366005195e+00  ,1.900647470484e+00  ,1.865851414818e+00  ,1.827288156045e+00  ,1.785333370178e+00  ,1.737578876980e+00  ,1.684229667334e+00  ,1.622395655598e+00  ,1.550191075346e+00  
  5.041993587857e-07  ,2.417080225633e+00  ,2.404331656933e+00  ,2.391194265619e+00  ,2.377421244964e+00  ,2.363213390066e+00  ,2.348600988983e+00  ,2.333134044181e+00  ,2.317135987657e+00  ,2.300159012714e+00  ,2.282704683101e+00  ,2.264137744592e+00  ,2.244748413559e+00  ,2.224263394059e+00  ,2.202701048329e+00  ,2.179675185520e+00  ,2.155242443774e+00  ,2.129127937783e+00  ,2.101331350412e+00  ,2.071193961449e+00  ,2.038567371025e+00  ,2.003543115966e+00  ,1.964969477321e+00  ,1.932366005195e+00  ,1.900647470484e+00  ,1.865851414818e+00  ,1.827288156045e+00  ,1.785333370178e+00  ,1.737578876980e+00  ,1.684229667334e+00  ,1.622395655598e+00  ,1.550191075346e+00  
  5.051994129663e-07  ,2.417080225633e+00  ,2.404331656933e+00  ,2.391194265619e+00  ,2.377421244964e+00  ,2.363213390066e+00  ,2.348600988983e+00  ,2.333134044181e+00  ,2.317135987657e+00  ,2.300159012714e+00  ,2.282704683101e+00  ,2.264137744592e+00  ,2.244748413559e+00  ,2.224263394059e+00  ,2.202701048329e+00  ,2.179675185520e+00  ,2.155242443774e+00  ,2.129127937783e+00  ,2.101331350412e+00  ,2.071193961449e+00  ,2.038567371025e+00  ,2.003543115966e+00  ,1.964969477321e+00  ,1.932366005195e+00  ,1.900647470484e+00  ,1.865851414818e+00  ,1.827288156045e+00  ,1.785333370178e+00  ,1.737578876980e+00  ,1.684229667334e+00  ,1.622395655598e+00  ,1.550191075346e+00  
  5.061994671469e-07  ,2.417080225633e+00  ,2.404331656933e+00  ,2.391194265619e+00  ,2.377421244964e+00  ,2.363213390066e+00  ,2.348600988983e+00  ,2.333134044181e+00  ,2.317135987657e+00  ,2.300159012714e+00  ,2.282704683101e+00  ,2.264137744592e+00  ,2.244748413559e+00  ,2.224263394059e+00  ,2.202701048329e+00  ,2.179675185520e+00  ,2.155242443774e+00  ,2.129127937783e+00  ,2.101331350412e+00  ,2.071193961449e+00  ,2.038567371025e+00  ,2.003543115966e+00  ,1.964969477321e+00  ,1.932366005195e+00  ,1.900647470484e+00  ,1.865851414818e+00  ,1.827288156045e+00  ,1.785333370178e+00  ,1.737578876980e+00  ,1.684229667334e+00  ,1.622395655598e+00  ,1.550191075346e+00  
  5.071995213275e-07  ,2.417080225633e+00  ,2.404331656933e+00  ,2.391194265619e+00  ,2.377421244964e+00  ,2.363213390066e+00  ,2.348600988983e+00  ,2.333134044181e+00  ,2.317135987657e+00  ,2.300159012714e+00  ,2.282704683101e+00  ,2.264137744592e+00  ,2.244748413559e+00  ,2.224263394059e+00  ,2.202701048329e+00  ,2.179675185520e+00  ,2.155242443774e+00  ,2.129127937783e+00  ,2.101331350412e+00  ,2.071193961449e+00  ,2.038567371025e+00  ,2.003543115966e+00  ,1.964969477321e+00  ,1.932366005195e+00  ,1.900647470484e+00  ,1.865851414818e+00  ,1.827288156045e+00  ,1.785333370178e+00  ,1.737578876980e+00  ,1.684229667334e+00  ,1.622395655598e+00  ,1.550191075346e+00  
  5.081995755082e-07  ,2.417080225633e+00  ,2.404331656933e+00  ,2.391194265619e+00  ,2.377421244964e+00  ,2.363213390066e+00  ,2.348600988983e+00  ,2.333134044181e+00  ,2.317135987657e+00  ,2.300159012714e+00  ,2.282704683101e+00  ,2.264137744592e+00  ,2.244748413559e+00  ,2.224263394059e+00  ,2.202701048329e+00  ,2.179675185520e+00  ,2.155242443774e+00  ,2.129127937783e+00  ,2.101331350412e+00  ,2.071193961449e+00  ,2.038567371025e+00  ,2.003543115966e+00  ,1.964969477321e+00  ,1.932366005195e+00  ,1.900647470484e+00  ,1.865851414818e+00  ,1.827288156045e+00  ,1.785333370178e+00  ,1.737578876980e+00  ,1.684229667334e+00  ,1.622395655598e+00  ,1.550191075346e+00  
  5.091996296888e-07  ,2.417080225633e+00  ,2.404331656933e+00  ,2.391194265619e+00  ,2.377421244964e+00  ,2.363213390066e+00  ,2.348600988983e+00  ,2.333134044181e+00  ,2.317135987657e+00  ,2.300159012714e+00  ,2.282704683101e+00  ,2.264137744592e+00  ,2.244748413559e+00  ,2.224263394059e+00  ,2.202701048329e+00  ,2.179675185520e+00  ,2.155242443774e+00  ,2.129127937783e+00  ,2.101331350412e+00  ,2.071193961449e+00  ,2.038567371025e+00  ,2.003543115966e+00  ,1.964969477321e+00  ,1.932366005195e+00  ,1.900647470484e+00  ,1.865851414818e+00  ,1.827288156045e+00  ,1.785333370178e+00  ,1.737578876980e+00  ,1.684229667334e+00  ,1.622395655598e+00  ,1.550191075346e+00  
  5.101996838694e-07  ,2.417080225633e+00  ,2.404331656933e+00  ,2.391194265619e+00  ,2.377421244964e+00  ,2.363213390066e+00  ,2.348600988983e+00  ,2.333134044181e+00  ,2.317135987657e+00  ,2.300159012714e+00  ,2.282704683101e+00  ,2.264137744592e+00  ,2.244748413559e+00  ,2.224263394059e+00  ,2.202701048329e+00  ,2.179675185520e+00  ,2.155242443774e+00  ,2.129127937783e+00  ,2.101331350412e+00  ,2.071193961449e+00  ,2.038567371025e+00  ,2.003543115966e+00  ,1.964969477321e+00  ,1.932366005195e+00  ,1.900647470484e+00  ,1.865851414818e+00  ,1.827288156045e+00  ,1.785333370178e+00  ,1.737578876980e+00  ,1.684229667334e+00  ,1.622395655598e+00  ,1.550191075346e+00  
  5.111997380500e-07  ,2.417080225633e+00  ,2.404331656933e+00  ,2.391194265619e+00  ,2.377421244964e+00  ,2.363213390066e+00  ,2.348600988983e+00  ,2.333134044181e+00  ,2.317135987657e+00  ,2.300159012714e+00  ,2.282704683101e+00  ,2.264137744592e+00  ,2.244748413559e+00  ,2.224263394059e+00  ,2.202701048329e+00  ,2.179675185520e+00  ,2.155242443774e+00  ,2.129127937783e+00  ,2.101331350412e+00  ,2.071193961449e+00  ,2.038567371025e+00  ,2.003543115966e+00  ,1.964969477321e+00  ,1.932366005195e+00  ,1.900647470484e+00  ,1.865851414818e+00  ,1.827288156045e+00  ,1.785333370178e+00  ,1.737578876980e+00  ,1.684229667334e+00  ,1.622395655598e+00  ,1.550191075346e+00  
  5.121997922306e-07  ,2.417080225633e+00  ,2.404331656933e+00  ,2.391194265619e+00  ,2.377421244964e+00  ,2.363213390066e+00  ,2.348600988983e+00  ,2.333134044181e+00  ,2.317135987657e+00  ,2.300159012714e+00  ,2.282704683101e+00  ,2.264137744592e+00  ,2.244748413559e+00  ,2.224263394059e+00  ,2.202701048329e+00  ,2.179675185520e+00  ,2.155242443774e+00  ,2.129127937783e+00  ,2.101331350412e+00  ,2.071193961449e+00  ,2.038567371025e+00  ,2.003543115966e+00  ,1.964969477321e+00  ,1.932366005195e+00  ,1.900647470484e+00  ,1.865851414818e+00  ,1.827288156045e+00  ,1.785333370178e+00  ,1.737578876980e+00  ,1.684229667334e+00  ,1.622395655598e+00  ,1.550191075346e+00  
  5.131998464113e-07  ,2.417080225633e+00  ,2.404331656933e+00  ,2.391194265619e+00  ,2.377421244964e+00  ,2.363213390066e+00  ,2.348600988983e+00  ,2.333134044181e+00  ,2.317135987657e+00  ,2.300159012714e+00  ,2.282704683101e+00  ,2.264137744592e+00  ,2.244748413559e+00  ,2.224263394059e+00  ,2.202701048329e+00  ,2.179675185520e+00  ,2.155242443774e+00  ,2.129127937783e+00  ,2.101331350412e+00  ,2.071193961449e+00  ,2.038567371025e+00  ,2.003543115966e+00  ,1.964969477321e+00  ,1.932366005195e+00  ,1.900647470484e+00  ,1.865851414818e+00  ,1.827288156045e+00  ,1.785333370178e+00  ,1.737578876980e+00  ,1.684229667334e+00  ,1.622395655598e+00  ,1.550191075346e+00  
  5.141999005919e-07  ,2.417080225633e+00  ,2.404331656933e+00  ,2.391194265619e+00  ,2.377421244964e+00  ,2.363213390066e+00  ,2.348600988983e+00  ,2.333134044181e+00  ,2.317135987657e+00  ,2.300159012714e+00  ,2.282704683101e+00  ,2.264137744592e+00  ,2.244748413559e+00  ,2.224263394059e+00  ,2.202701048329e+00  ,2.179675185520e+00  ,2.155242443774e+00  ,2.129127937783e+00  ,2.101331350412e+00  ,2.071193961449e+00  ,2.038567371025e+00  ,2.003543115966e+00  ,1.964969477321e+00  ,1.932366005195e+00  ,1.900647470484e+00  ,1.865851414818e+00  ,1.827288156045e+00  ,1.785333370178e+00  ,1.737578876980e+00  ,1.684229667334e+00  ,1.622395655598e+00  ,1.550191075346e+00  
  5.151999547725e-07  ,2.417080225633e+00  ,2.404331656933e+00  ,2.391194265619e+00  ,2.377421244964e+00  ,2.363213390066e+00  ,2.348600988983e+00  ,2.333134044181e+00  ,2.317135987657e+00  ,2.300159012714e+00  ,2.282704683101e+00  ,2.264137744592e+00  ,2.244748413559e+00  ,2.224263394059e+00  ,2.202701048329e+00  ,2.179675185520e+00  ,2.155242443774e+00  ,2.129127937783e+00  ,2.101331350412e+00  ,2.071193961449e+00  ,2.038567371025e+00  ,2.003543115966e+00  ,1.964969477321e+00  ,1.932366005195e+00  ,1.900647470484e+00  ,1.865851414818e+00  ,1.827288156045e+00  ,1.785333370178e+00  ,1.737578876980e+00  ,1.684229667334e+00  ,1.622395655598e+00  ,1.550191075346e+00  
  5.162000089531e-07  ,2.417080225633e+00  ,2.404331656933e+00  ,2.391194265619e+00  ,2.377421244964e+00  ,2.363213390066e+00  ,2.348600988983e+00  ,2.333134044181e+00  ,2.317135987657e+00  ,2.300159012714e+00  ,2.282704683101e+00  ,2.264137744592e+00  ,2.244748413559e+00  ,2.224263394059e+00  ,2.202701048329e+00  ,2.179675185520e+00  ,2.155242443774e+00  ,2.129127937783e+00  ,2.101331350412e+00  ,2.071193961449e+00  ,2.038567371025e+00  ,2.003543115966e+00  ,1.964969477321e+00  ,1.932366005195e+00  ,1.900647470484e+00  ,1.865851414818e+00  ,1.827288156045e+00  ,1.785333370178e+00  ,1.737578876980e+00  ,1.684229667334e+00  ,1.622395655598e+00  ,1.550191075346e+00  
  5.172000631338e-07  ,2.417080225633e+00  ,2.404331656933e+00  ,2.391194265619e+00  ,2.377421244964e+00  ,2.363213390066e+00  ,2.348600988983e+00  ,2.333134044181e+00  ,2.317135987657e+00  ,2.300159012714e+00  ,2.282704683101e+00  ,2.264137744592e+00  ,2.244748413559e+00  ,2.224263394059e+00  ,2.202701048329e+00  ,2.179675185520e+00  ,2.155242443774e+00  ,2.129127937783e+00  ,2.101331350412e+00  ,2.071193961449e+00  ,2.038567371025e+00  ,2.003543115966e+00  ,1.964969477321e+00  ,1.932366005195e+00  ,1.900647470484e+00  ,1.865851414818e+00  ,1.827288156045e+00  ,1.785333370178e+00  ,1.737578876980e+00  ,1.684229667334e+00  ,1.622395655598e+00  ,1.550191075346e+00  
  5.182001173144e-07  ,2.417080225633e+00  ,2.404331656933e+00  ,2.391194265619e+00  ,2.377421244964e+00  ,2.363213390066e+00  ,2.348600988983e+00  ,2.333134044181e+00  ,2.317135987657e+00  ,2.300159012714e+00  ,2.282704683101e+00  ,2.264137744592e+00  ,2.244748413559e+00  ,2.224263394059e+00  ,2.202701048329e+00  ,2.179675185520e+00  ,2.155242443774e+00  ,2.129127937783e+00  ,2.101331350412e+00  ,2.071193961449e+00  ,2.038567371025e+00  ,2.003543115966e+00  ,1.964969477321e+00  ,1.932366005195e+00  ,1.900647470484e+00  ,1.865851414818e+00  ,1.827288156045e+00  ,1.785333370178e+00  ,1.737578876980e+00  ,1.684229667334e+00  ,1.622395655598e+00  ,1.550191075346e+00  
  5.192001714950e-07  ,2.417080225633e+00  ,2.404331656933e+00  ,2.391194265619e+00  ,2.377421244964e+00  ,2.363213390066e+00  ,2.348600988983e+00  ,2.333134044181e+00  ,2.317135987657e+00  ,2.300159012714e+00  ,2.282704683101e+00  ,2.264137744592e+00  ,2.244748413559e+00  ,2.224263394059e+00  ,2.202701048329e+00  ,2.179675185520e+00  ,2.155242443774e+00  ,2.129127937783e+00  ,2.101331350412e+00  ,2.071193961449e+00  ,2.038567371025e+00  ,2.003543115966e+00  ,1.964969477321e+00  ,1.932366005195e+00  ,1.900647470484e+00  ,1.865851414818e+00  ,1.827288156045e+00  ,1.785333370178e+00  ,1.737578876980e+00  ,1.684229667334e+00  ,1.622395655598e+00  ,1.550191075346e+00  
  5.202002256756e-07  ,2.417080225633e+00  ,2.404331656933e+00  ,2.391194265619e+00  ,2.377421244964e+00  ,2.363213390066e+00  ,2.348600988983e+00  ,2.333134044181e+00  ,2.317135987657e+00  ,2.300159012714e+00  ,2.282704683101e+00  ,2.264137744592e+00  ,2.244748413559e+00  ,2.224263394059e+00  ,2.202701048329e+00  ,2.179675185520e+00  ,2.155242443774e+00  ,2.129127937783e+00  ,2.101331350412e+00  ,2.071193961449e+00  ,2.038567371025e+00  ,2.003543115966e+00  ,1.964969477321e+00  ,1.932366005195e+00  ,1.900647470484e+00  ,1.865851414818e+00  ,1.827288156045e+00  ,1.785333370178e+00  ,1.737578876980e+00  ,1.684229667334e+00  ,1.622395655598e+00  ,1.550191075346e+00  
  5.212002798562e-07  ,2.417080225633e+00  ,2.404331656933e+00  ,2.391194265619e+00  ,2.377421244964e+00  ,2.363213390066e+00  ,2.348600988983e+00  ,2.333134044181e+00  ,2.317135987657e+00  ,2.300159012714e+00  ,2.282704683101e+00  ,2.264137744592e+00  ,2.244748413559e+00  ,2.224263394059e+00  ,2.202701048329e+00  ,2.179675185520e+00  ,2.155242443774e+00  ,2.129127937783e+00  ,2.101331350412e+00  ,2.071193961449e+00  ,2.038567371025e+00  ,2.003543115966e+00  ,1.964969477321e+00  ,1.932366005195e+00  ,1.900647470484e+00  ,1.865851414818e+00  ,1.827288156045e+00  ,1.785333370178e+00  ,1.737578876980e+00  ,1.684229667334e+00  ,1.622395655598e+00  ,1.550191075346e+00  
  5.222003340369e-07  ,2.417080225633e+00  ,2.404331656933e+00  ,2.391194265619e+00  ,2.377421244964e+00  ,2.363213390066e+00  ,2.348600988983e+00  ,2.333134044181e+00  ,2.317135987657e+00  ,2.300159012714e+00  ,2.282704683101e+00  ,2.264137744592e+00  ,2.244748413559e+00  ,2.224263394059e+00  ,2.202701048329e+00  ,2.179675185520e+00  ,2.155242443774e+00  ,2.129127937783e+00  ,2.101331350412e+00  ,2.071193961449e+00  ,2.038567371025e+00  ,2.003543115966e+00  ,1.964969477321e+00  ,1.932366005195e+00  ,1.900647470484e+00  ,1.865851414818e+00  ,1.827288156045e+00  ,1.785333370178e+00  ,1.737578876980e+00  ,1.684229667334e+00  ,1.622395655598e+00  ,1.550191075346e+00  
  5.232003882175e-07  ,2.417080225633e+00  ,2.404331656933e+00  ,2.391194265619e+00  ,2.377421244964e+00  ,2.363213390066e+00  ,2.348600988983e+00  ,2.333134044181e+00  ,2.317135987657e+00  ,2.300159012714e+00  ,2.282704683101e+00  ,2.264137744592e+00  ,2.244748413559e+00  ,2.224263394059e+00  ,2.202701048329e+00  ,2.179675185520e+00  ,2.155242443774e+00  ,2.129127937783e+00  ,2.101331350412e+00  ,2.071193961449e+00  ,2.038567371025e+00  ,2.003543115966e+00  ,1.964969477321e+00  ,1.932366005195e+00  ,1.900647470484e+00  ,1.865851414818e+00  ,1.827288156045e+00  ,1.785333370178e+00  ,1.737578876980e+00  ,1.684229667334e+00  ,1.622395655598e+00  ,1.550191075346e+00  
  5.242004423981e-07  ,2.417080225633e+00  ,2.404331656933e+00  ,2.391194265619e+00  ,2.377421244964e+00  ,2.363213390066e+00  ,2.348600988983e+00  ,2.333134044181e+00  ,2.317135987657e+00  ,2.300159012714e+00  ,2.282704683101e+00  ,2.264137744592e+00  ,2.244748413559e+00  ,2.224263394059e+00  ,2.202701048329e+00  ,2.179675185520e+00  ,2.155242443774e+00  ,2.129127937783e+00  ,2.101331350412e+00  ,2.071193961449e+00  ,2.038567371025e+00  ,2.003543115966e+00  ,1.964969477321e+00  ,1.932366005195e+00  ,1.900647470484e+00  ,1.865851414818e+00  ,1.827288156045e+00  ,1.785333370178e+00  ,1.737578876980e+00  ,1.684229667334e+00  ,1.622395655598e+00  ,1.550191075346e+00  
  5.252004965787e-07  ,2.417080225633e+00  ,2.404331656933e+00  ,2.391194265619e+00  ,2.377421244964e+00  ,2.363213390066e+00  ,2.348600988983e+00  ,2.333134044181e+00  ,2.317135987657e+00  ,2.300159012714e+00  ,2.282704683101e+00  ,2.264137744592e+00  ,2.244748413559e+00  ,2.224263394059e+00  ,2.202701048329e+00  ,2.179675185520e+00  ,2.155242443774e+00  ,2.129127937783e+00  ,2.101331350412e+00  ,2.071193961449e+00  ,2.038567371025e+00  ,2.003543115966e+00  ,1.964969477321e+00  ,1.932366005195e+00  ,1.900647470484e+00  ,1.865851414818e+00  ,1.827288156045e+00  ,1.785333370178e+00  ,1.737578876980e+00  ,1.684229667334e+00  ,1.622395655598e+00  ,1.550191075346e+00  
  5.262005507594e-07  ,2.417080225633e+00  ,2.404331656933e+00  ,2.391194265619e+00  ,2.377421244964e+00  ,2.363213390066e+00  ,2.348600988983e+00  ,2.333134044181e+00  ,2.317135987657e+00  ,2.300159012714e+00  ,2.282704683101e+00  ,2.264137744592e+00  ,2.244748413559e+00  ,2.224263394059e+00  ,2.202701048329e+00  ,2.179675185520e+00  ,2.155242443774e+00  ,2.129127937783e+00  ,2.101331350412e+00  ,2.071193961449e+00  ,2.038567371025e+00  ,2.003543115966e+00  ,1.964969477321e+00  ,1.932366005195e+00  ,1.900647470484e+00  ,1.865851414818e+00  ,1.827288156045e+00  ,1.785333370178e+00  ,1.737578876980e+00  ,1.684229667334e+00  ,1.622395655598e+00  ,1.550191075346e+00  
  5.272006049400e-07  ,2.417080225633e+00  ,2.404331656933e+00  ,2.391194265619e+00  ,2.377421244964e+00  ,2.363213390066e+00  ,2.348600988983e+00  ,2.333134044181e+00  ,2.317135987657e+00  ,2.300159012714e+00  ,2.282704683101e+00  ,2.264137744592e+00  ,2.244748413559e+00  ,2.224263394059e+00  ,2.202701048329e+00  ,2.179675185520e+00  ,2.155242443774e+00  ,2.129127937783e+00  ,2.101331350412e+00  ,2.071193961449e+00  ,2.038567371025e+00  ,2.003543115966e+00  ,1.964969477321e+00  ,1.932366005195e+00  ,1.900647470484e+00  ,1.865851414818e+00  ,1.827288156045e+00  ,1.785333370178e+00  ,1.737578876980e+00  ,1.684229667334e+00  ,1.622395655598e+00  ,1.550191075346e+00  
  5.282006591206e-07  ,2.417080225633e+00  ,2.404331656933e+00  ,2.391194265619e+00  ,2.377421244964e+00  ,2.363213390066e+00  ,2.348600988983e+00  ,2.333134044181e+00  ,2.317135987657e+00  ,2.300159012714e+00  ,2.282704683101e+00  ,2.264137744592e+00  ,2.244748413559e+00  ,2.224263394059e+00  ,2.202701048329e+00  ,2.179675185520e+00  ,2.155242443774e+00  ,2.129127937783e+00  ,2.101331350412e+00  ,2.071193961449e+00  ,2.038567371025e+00  ,2.003543115966e+00  ,1.964969477321e+00  ,1.932366005195e+00  ,1.900647470484e+00  ,1.865851414818e+00  ,1.827288156045e+00  ,1.785333370178e+00  ,1.737578876980e+00  ,1.684229667334e+00  ,1.622395655598e+00  ,1.550191075346e+00  
  5.292007133012e-07  ,2.417080225633e+00  ,2.404331656933e+00  ,2.391194265619e+00  ,2.377421244964e+00  ,2.363213390066e+00  ,2.348600988983e+00  ,2.333134044181e+00  ,2.317135987657e+00  ,2.300159012714e+00  ,2.282704683101e+00  ,2.264137744592e+00  ,2.244748413559e+00  ,2.224263394059e+00  ,2.202701048329e+00  ,2.179675185520e+00  ,2.155242443774e+00  ,2.129127937783e+00  ,2.101331350412e+00  ,2.071193961449e+00  ,2.038567371025e+00  ,2.003543115966e+00  ,1.964969477321e+00  ,1.932366005195e+00  ,1.900647470484e+00  ,1.865851414818e+00  ,1.827288156045e+00  ,1.785333370178e+00  ,1.737578876980e+00  ,1.684229667334e+00  ,1.622395655598e+00  ,1.550191075346e+00  
  5.302007674818e-07  ,2.417080225633e+00  ,2.404331656933e+00  ,2.391194265619e+00  ,2.377421244964e+00  ,2.363213390066e+00  ,2.348600988983e+00  ,2.333134044181e+00  ,2.317135987657e+00  ,2.300159012714e+00  ,2.282704683101e+00  ,2.264137744592e+00  ,2.244748413559e+00  ,2.224263394059e+00  ,2.202701048329e+00  ,2.179675185520e+00  ,2.155242443774e+00  ,2.129127937783e+00  ,2.101331350412e+00  ,2.071193961449e+00  ,2.038567371025e+00  ,2.003543115966e+00  ,1.964969477321e+00  ,1.932366005195e+00  ,1.900647470484e+00  ,1.865851414818e+00  ,1.827288156045e+00  ,1.785333370178e+00  ,1.737578876980e+00  ,1.684229667334e+00  ,1.622395655598e+00  ,1.550191075346e+00  
  5.312008216625e-07  ,2.417080225633e+00  ,2.404331656933e+00  ,2.391194265619e+00  ,2.377421244964e+00  ,2.363213390066e+00  ,2.348600988983e+00  ,2.333134044181e+00  ,2.317135987657e+00  ,2.300159012714e+00  ,2.282704683101e+00  ,2.264137744592e+00  ,2.244748413559e+00  ,2.224263394059e+00  ,2.202701048329e+00  ,2.179675185520e+00  ,2.155242443774e+00  ,2.129127937783e+00  ,2.101331350412e+00  ,2.071193961449e+00  ,2.038567371025e+00  ,2.003543115966e+00  ,1.964969477321e+00  ,1.932366005195e+00  ,1.900647470484e+00  ,1.865851414818e+00  ,1.827288156045e+00  ,1.785333370178e+00  ,1.737578876980e+00  ,1.684229667334e+00  ,1.622395655598e+00  ,1.550191075346e+00  
  5.322008758431e-07  ,2.417080225633e+00  ,2.404331656933e+00  ,2.391194265619e+00  ,2.377421244964e+00  ,2.363213390066e+00  ,2.348600988983e+00  ,2.333134044181e+00  ,2.317135987657e+00  ,2.300159012714e+00  ,2.282704683101e+00  ,2.264137744592e+00  ,2.244748413559e+00  ,2.224263394059e+00  ,2.202701048329e+00  ,2.179675185520e+00  ,2.155242443774e+00  ,2.129127937783e+00  ,2.101331350412e+00  ,2.071193961449e+00  ,2.038567371025e+00  ,2.003543115966e+00  ,1.964969477321e+00  ,1.932366005195e+00  ,1.900647470484e+00  ,1.865851414818e+00  ,1.827288156045e+00  ,1.785333370178e+00  ,1.737578876980e+00  ,1.684229667334e+00  ,1.622395655598e+00  ,1.550191075346e+00  
  5.332009300237e-07  ,2.417080225633e+00  ,2.404331656933e+00  ,2.391194265619e+00  ,2.377421244964e+00  ,2.363213390066e+00  ,2.348600988983e+00  ,2.333134044181e+00  ,2.317135987657e+00  ,2.300159012714e+00  ,2.282704683101e+00  ,2.264137744592e+00  ,2.244748413559e+00  ,2.224263394059e+00  ,2.202701048329e+00  ,2.179675185520e+00  ,2.155242443774e+00  ,2.129127937783e+00  ,2.101331350412e+00  ,2.071193961449e+00  ,2.038567371025e+00  ,2.003543115966e+00  ,1.964969477321e+00  ,1.932366005195e+00  ,1.900647470484e+00  ,1.865851414818e+00  ,1.827288156045e+00  ,1.785333370178e+00  ,1.737578876980e+00  ,1.684229667334e+00  ,1.622395655598e+00  ,1.550191075346e+00  
  5.342009842043e-07  ,2.417080225633e+00  ,2.404331656933e+00  ,2.391194265619e+00  ,2.377421244964e+00  ,2.363213390066e+00  ,2.348600988983e+00  ,2.333134044181e+00  ,2.317135987657e+00  ,2.300159012714e+00  ,2.282704683101e+00  ,2.264137744592e+00  ,2.244748413559e+00  ,2.224263394059e+00  ,2.202701048329e+00  ,2.179675185520e+00  ,2.155242443774e+00  ,2.129127937783e+00  ,2.101331350412e+00  ,2.071193961449e+00  ,2.038567371025e+00  ,2.003543115966e+00  ,1.964969477321e+00  ,1.932366005195e+00  ,1.900647470484e+00  ,1.865851414818e+00  ,1.827288156045e+00  ,1.785333370178e+00  ,1.737578876980e+00  ,1.684229667334e+00  ,1.622395655598e+00  ,1.550191075346e+00  
  5.352010383849e-07  ,2.417080225633e+00  ,2.404331656933e+00  ,2.391194265619e+00  ,2.377421244964e+00  ,2.363213390066e+00  ,2.348600988983e+00  ,2.333134044181e+00  ,2.317135987657e+00  ,2.300159012714e+00  ,2.282704683101e+00  ,2.264137744592e+00  ,2.244748413559e+00  ,2.224263394059e+00  ,2.202701048329e+00  ,2.179675185520e+00  ,2.155242443774e+00  ,2.129127937783e+00  ,2.101331350412e+00  ,2.071193961449e+00  ,2.038567371025e+00  ,2.003543115966e+00  ,1.964969477321e+00  ,1.932366005195e+00  ,1.900647470484e+00  ,1.865851414818e+00  ,1.827288156045e+00  ,1.785333370178e+00  ,1.737578876980e+00  ,1.684229667334e+00  ,1.622395655598e+00  ,1.550191075346e+00  
  5.362010925656e-07  ,2.417080225633e+00  ,2.404331656933e+00  ,2.391194265619e+00  ,2.377421244964e+00  ,2.363213390066e+00  ,2.348600988983e+00  ,2.333134044181e+00  ,2.317135987657e+00  ,2.300159012714e+00  ,2.282704683101e+00  ,2.264137744592e+00  ,2.244748413559e+00  ,2.224263394059e+00  ,2.202701048329e+00  ,2.179675185520e+00  ,2.155242443774e+00  ,2.129127937783e+00  ,2.101331350412e+00  ,2.071193961449e+00  ,2.038567371025e+00  ,2.003543115966e+00  ,1.964969477321e+00  ,1.932366005195e+00  ,1.900647470484e+00  ,1.865851414818e+00  ,1.827288156045e+00  ,1.785333370178e+00  ,1.737578876980e+00  ,1.684229667334e+00  ,1.622395655598e+00  ,1.550191075346e+00  
  5.372011467462e-07  ,2.417080225633e+00  ,2.404331656933e+00  ,2.391194265619e+00  ,2.377421244964e+00  ,2.363213390066e+00  ,2.348600988983e+00  ,2.333134044181e+00  ,2.317135987657e+00  ,2.300159012714e+00  ,2.282704683101e+00  ,2.264137744592e+00  ,2.244748413559e+00  ,2.224263394059e+00  ,2.202701048329e+00  ,2.179675185520e+00  ,2.155242443774e+00  ,2.129127937783e+00  ,2.101331350412e+00  ,2.071193961449e+00  ,2.038567371025e+00  ,2.003543115966e+00  ,1.964969477321e+00  ,1.932366005195e+00  ,1.900647470484e+00  ,1.865851414818e+00  ,1.827288156045e+00  ,1.785333370178e+00  ,1.737578876980e+00  ,1.684229667334e+00  ,1.622395655598e+00  ,1.550191075346e+00  
  5.382012009268e-07  ,2.417080225633e+00  ,2.404331656933e+00  ,2.391194265619e+00  ,2.377421244964e+00  ,2.363213390066e+00  ,2.348600988983e+00  ,2.333134044181e+00  ,2.317135987657e+00  ,2.300159012714e+00  ,2.282704683101e+00  ,2.264137744592e+00  ,2.244748413559e+00  ,2.224263394059e+00  ,2.202701048329e+00  ,2.179675185520e+00  ,2.155242443774e+00  ,2.129127937783e+00  ,2.101331350412e+00  ,2.071193961449e+00  ,2.038567371025e+00  ,2.003543115966e+00  ,1.964969477321e+00  ,1.932366005195e+00  ,1.900647470484e+00  ,1.865851414818e+00  ,1.827288156045e+00  ,1.785333370178e+00  ,1.737578876980e+00  ,1.684229667334e+00  ,1.622395655598e+00  ,1.550191075346e+00  
  5.392012551074e-07  ,2.417080225633e+00  ,2.404331656933e+00  ,2.391194265619e+00  ,2.377421244964e+00  ,2.363213390066e+00  ,2.348600988983e+00  ,2.333134044181e+00  ,2.317135987657e+00  ,2.300159012714e+00  ,2.282704683101e+00  ,2.264137744592e+00  ,2.244748413559e+00  ,2.224263394059e+00  ,2.202701048329e+00  ,2.179675185520e+00  ,2.155242443774e+00  ,2.129127937783e+00  ,2.101331350412e+00  ,2.071193961449e+00  ,2.038567371025e+00  ,2.003543115966e+00  ,1.964969477321e+00  ,1.932366005195e+00  ,1.900647470484e+00  ,1.865851414818e+00  ,1.827288156045e+00  ,1.785333370178e+00  ,1.737578876980e+00  ,1.684229667334e+00  ,1.622395655598e+00  ,1.550191075346e+00  
  5.402013092881e-07  ,2.417080225633e+00  ,2.404331656933e+00  ,2.391194265619e+00  ,2.377421244964e+00  ,2.363213390066e+00  ,2.348600988983e+00  ,2.333134044181e+00  ,2.317135987657e+00  ,2.300159012714e+00  ,2.282704683101e+00  ,2.264137744592e+00  ,2.244748413559e+00  ,2.224263394059e+00  ,2.202701048329e+00  ,2.179675185520e+00  ,2.155242443774e+00  ,2.129127937783e+00  ,2.101331350412e+00  ,2.071193961449e+00  ,2.038567371025e+00  ,2.003543115966e+00  ,1.964969477321e+00  ,1.932366005195e+00  ,1.900647470484e+00  ,1.865851414818e+00  ,1.827288156045e+00  ,1.785333370178e+00  ,1.737578876980e+00  ,1.684229667334e+00  ,1.622395655598e+00  ,1.550191075346e+00  
  5.412013634687e-07  ,2.417080225633e+00  ,2.404331656933e+00  ,2.391194265619e+00  ,2.377421244964e+00  ,2.363213390066e+00  ,2.348600988983e+00  ,2.333134044181e+00  ,2.317135987657e+00  ,2.300159012714e+00  ,2.282704683101e+00  ,2.264137744592e+00  ,2.244748413559e+00  ,2.224263394059e+00  ,2.202701048329e+00  ,2.179675185520e+00  ,2.155242443774e+00  ,2.129127937783e+00  ,2.101331350412e+00  ,2.071193961449e+00  ,2.038567371025e+00  ,2.003543115966e+00  ,1.964969477321e+00  ,1.932366005195e+00  ,1.900647470484e+00  ,1.865851414818e+00  ,1.827288156045e+00  ,1.785333370178e+00  ,1.737578876980e+00  ,1.684229667334e+00  ,1.622395655598e+00  ,1.550191075346e+00  
  5.422014176493e-07  ,2.417080225633e+00  ,2.404331656933e+00  ,2.391194265619e+00  ,2.377421244964e+00  ,2.363213390066e+00  ,2.348600988983e+00  ,2.333134044181e+00  ,2.317135987657e+00  ,2.300159012714e+00  ,2.282704683101e+00  ,2.264137744592e+00  ,2.244748413559e+00  ,2.224263394059e+00  ,2.202701048329e+00  ,2.179675185520e+00  ,2.155242443774e+00  ,2.129127937783e+00  ,2.101331350412e+00  ,2.071193961449e+00  ,2.038567371025e+00  ,2.003543115966e+00  ,1.964969477321e+00  ,1.932366005195e+00  ,1.900647470484e+00  ,1.865851414818e+00  ,1.827288156045e+00  ,1.785333370178e+00  ,1.737578876980e+00  ,1.684229667334e+00  ,1.622395655598e+00  ,1.550191075346e+00  
  5.432014718299e-07  ,2.417080225633e+00  ,2.404331656933e+00  ,2.391194265619e+00  ,2.377421244964e+00  ,2.363213390066e+00  ,2.348600988983e+00  ,2.333134044181e+00  ,2.317135987657e+00  ,2.300159012714e+00  ,2.282704683101e+00  ,2.264137744592e+00  ,2.244748413559e+00  ,2.224263394059e+00  ,2.202701048329e+00  ,2.179675185520e+00  ,2.155242443774e+00  ,2.129127937783e+00  ,2.101331350412e+00  ,2.071193961449e+00  ,2.038567371025e+00  ,2.003543115966e+00  ,1.964969477321e+00  ,1.932366005195e+00  ,1.900647470484e+00  ,1.865851414818e+00  ,1.827288156045e+00  ,1.785333370178e+00  ,1.737578876980e+00  ,1.684229667334e+00  ,1.622395655598e+00  ,1.550191075346e+00  
  5.442015260105e-07  ,2.417080225633e+00  ,2.404331656933e+00  ,2.391194265619e+00  ,2.377421244964e+00  ,2.363213390066e+00  ,2.348600988983e+00  ,2.333134044181e+00  ,2.317135987657e+00  ,2.300159012714e+00  ,2.282704683101e+00  ,2.264137744592e+00  ,2.244748413559e+00  ,2.224263394059e+00  ,2.202701048329e+00  ,2.179675185520e+00  ,2.155242443774e+00  ,2.129127937783e+00  ,2.101331350412e+00  ,2.071193961449e+00  ,2.038567371025e+00  ,2.003543115966e+00  ,1.964969477321e+00  ,1.932366005195e+00  ,1.900647470484e+00  ,1.865851414818e+00  ,1.827288156045e+00  ,1.785333370178e+00  ,1.737578876980e+00  ,1.684229667334e+00  ,1.622395655598e+00  ,1.550191075346e+00  
  5.452015801912e-07  ,2.417080225633e+00  ,2.404331656933e+00  ,2.391194265619e+00  ,2.377421244964e+00  ,2.363213390066e+00  ,2.348600988983e+00  ,2.333134044181e+00  ,2.317135987657e+00  ,2.300159012714e+00  ,2.282704683101e+00  ,2.264137744592e+00  ,2.244748413559e+00  ,2.224263394059e+00  ,2.202701048329e+00  ,2.179675185520e+00  ,2.155242443774e+00  ,2.129127937783e+00  ,2.101331350412e+00  ,2.071193961449e+00  ,2.038567371025e+00  ,2.003543115966e+00  ,1.964969477321e+00  ,1.932366005195e+00  ,1.900647470484e+00  ,1.865851414818e+00  ,1.827288156045e+00  ,1.785333370178e+00  ,1.737578876980e+00  ,1.684229667334e+00  ,1.622395655598e+00  ,1.550191075346e+00  
  5.462016343718e-07  ,2.417080225633e+00  ,2.404331656933e+00  ,2.391194265619e+00  ,2.377421244964e+00  ,2.363213390066e+00  ,2.348600988983e+00  ,2.333134044181e+00  ,2.317135987657e+00  ,2.300159012714e+00  ,2.282704683101e+00  ,2.264137744592e+00  ,2.244748413559e+00  ,2.224263394059e+00  ,2.202701048329e+00  ,2.179675185520e+00  ,2.155242443774e+00  ,2.129127937783e+00  ,2.101331350412e+00  ,2.071193961449e+00  ,2.038567371025e+00  ,2.003543115966e+00  ,1.964969477321e+00  ,1.932366005195e+00  ,1.900647470484e+00  ,1.865851414818e+00  ,1.827288156045e+00  ,1.785333370178e+00  ,1.737578876980e+00  ,1.684229667334e+00  ,1.622395655598e+00  ,1.550191075346e+00  
  5.472016885524e-07  ,2.417080225633e+00  ,2.404331656933e+00  ,2.391194265619e+00  ,2.377421244964e+00  ,2.363213390066e+00  ,2.348600988983e+00  ,2.333134044181e+00  ,2.317135987657e+00  ,2.300159012714e+00  ,2.282704683101e+00  ,2.264137744592e+00  ,2.244748413559e+00  ,2.224263394059e+00  ,2.202701048329e+00  ,2.179675185520e+00  ,2.155242443774e+00  ,2.129127937783e+00  ,2.101331350412e+00  ,2.071193961449e+00  ,2.038567371025e+00  ,2.003543115966e+00  ,1.964969477321e+00  ,1.932366005195e+00  ,1.900647470484e+00  ,1.865851414818e+00  ,1.827288156045e+00  ,1.785333370178e+00  ,1.737578876980e+00  ,1.684229667334e+00  ,1.622395655598e+00  ,1.550191075346e+00  
  5.482017427330e-07  ,2.417080225633e+00  ,2.404331656933e+00  ,2.391194265619e+00  ,2.377421244964e+00  ,2.363213390066e+00  ,2.348600988983e+00  ,2.333134044181e+00  ,2.317135987657e+00  ,2.300159012714e+00  ,2.282704683101e+00  ,2.264137744592e+00  ,2.244748413559e+00  ,2.224263394059e+00  ,2.202701048329e+00  ,2.179675185520e+00  ,2.155242443774e+00  ,2.129127937783e+00  ,2.101331350412e+00  ,2.071193961449e+00  ,2.038567371025e+00  ,2.003543115966e+00  ,1.964969477321e+00  ,1.932366005195e+00  ,1.900647470484e+00  ,1.865851414818e+00  ,1.827288156045e+00  ,1.785333370178e+00  ,1.737578876980e+00  ,1.684229667334e+00  ,1.622395655598e+00  ,1.550191075346e+00  
  5.492017969137e-07  ,2.417080225633e+00  ,2.404331656933e+00  ,2.391194265619e+00  ,2.377421244964e+00  ,2.363213390066e+00  ,2.348600988983e+00  ,2.333134044181e+00  ,2.317135987657e+00  ,2.300159012714e+00  ,2.282704683101e+00  ,2.264137744592e+00  ,2.244748413559e+00  ,2.224263394059e+00  ,2.202701048329e+00  ,2.179675185520e+00  ,2.155242443774e+00  ,2.129127937783e+00  ,2.101331350412e+00  ,2.071193961449e+00  ,2.038567371025e+00  ,2.003543115966e+00  ,1.964969477321e+00  ,1.932366005195e+00  ,1.900647470484e+00  ,1.865851414818e+00  ,1.827288156045e+00  ,1.785333370178e+00  ,1.737578876980e+00  ,1.684229667334e+00  ,1.622395655598e+00  ,1.550191075346e+00  
  5.502018510943e-07  ,2.417080225633e+00  ,2.404331656933e+00  ,2.391194265619e+00  ,2.377421244964e+00  ,2.363213390066e+00  ,2.348600988983e+00  ,2.333134044181e+00  ,2.317135987657e+00  ,2.300159012714e+00  ,2.282704683101e+00  ,2.264137744592e+00  ,2.244748413559e+00  ,2.224263394059e+00  ,2.202701048329e+00  ,2.179675185520e+00  ,2.155242443774e+00  ,2.129127937783e+00  ,2.101331350412e+00  ,2.071193961449e+00  ,2.038567371025e+00  ,2.003543115966e+00  ,1.964969477321e+00  ,1.932366005195e+00  ,1.900647470484e+00  ,1.865851414818e+00  ,1.827288156045e+00  ,1.785333370178e+00  ,1.737578876980e+00  ,1.684229667334e+00  ,1.622395655598e+00  ,1.550191075346e+00  
  5.512019052749e-07  ,2.417080225633e+00  ,2.404331656933e+00  ,2.391194265619e+00  ,2.377421244964e+00  ,2.363213390066e+00  ,2.348600988983e+00  ,2.333134044181e+00  ,2.317135987657e+00  ,2.300159012714e+00  ,2.282704683101e+00  ,2.264137744592e+00  ,2.244748413559e+00  ,2.224263394059e+00  ,2.202701048329e+00  ,2.179675185520e+00  ,2.155242443774e+00  ,2.129127937783e+00  ,2.101331350412e+00  ,2.071193961449e+00  ,2.038567371025e+00  ,2.003543115966e+00  ,1.964969477321e+00  ,1.932366005195e+00  ,1.900647470484e+00  ,1.865851414818e+00  ,1.827288156045e+00  ,1.785333370178e+00  ,1.737578876980e+00  ,1.684229667334e+00  ,1.622395655598e+00  ,1.550191075346e+00  
  5.522019594555e-07  ,2.417080225633e+00  ,2.404331656933e+00  ,2.391194265619e+00  ,2.377421244964e+00  ,2.363213390066e+00  ,2.348600988983e+00  ,2.333134044181e+00  ,2.317135987657e+00  ,2.300159012714e+00  ,2.282704683101e+00  ,2.264137744592e+00  ,2.244748413559e+00  ,2.224263394059e+00  ,2.202701048329e+00  ,2.179675185520e+00  ,2.155242443774e+00  ,2.129127937783e+00  ,2.101331350412e+00  ,2.071193961449e+00  ,2.038567371025e+00  ,2.003543115966e+00  ,1.964969477321e+00  ,1.932366005195e+00  ,1.900647470484e+00  ,1.865851414818e+00  ,1.827288156045e+00  ,1.785333370178e+00  ,1.737578876980e+00  ,1.684229667334e+00  ,1.622395655598e+00  ,1.550191075346e+00  
  5.532020136361e-07  ,2.417080225633e+00  ,2.404331656933e+00  ,2.391194265619e+00  ,2.377421244964e+00  ,2.363213390066e+00  ,2.348600988983e+00  ,2.333134044181e+00  ,2.317135987657e+00  ,2.300159012714e+00  ,2.282704683101e+00  ,2.264137744592e+00  ,2.244748413559e+00  ,2.224263394059e+00  ,2.202701048329e+00  ,2.179675185520e+00  ,2.155242443774e+00  ,2.129127937783e+00  ,2.101331350412e+00  ,2.071193961449e+00  ,2.038567371025e+00  ,2.003543115966e+00  ,1.964969477321e+00  ,1.932366005195e+00  ,1.900647470484e+00  ,1.865851414818e+00  ,1.827288156045e+00  ,1.785333370178e+00  ,1.737578876980e+00  ,1.684229667334e+00  ,1.622395655598e+00  ,1.550191075346e+00  
  5.542020678168e-07  ,2.417080225633e+00  ,2.404331656933e+00  ,2.391194265619e+00  ,2.377421244964e+00  ,2.363213390066e+00  ,2.348600988983e+00  ,2.333134044181e+00  ,2.317135987657e+00  ,2.300159012714e+00  ,2.282704683101e+00  ,2.264137744592e+00  ,2.244748413559e+00  ,2.224263394059e+00  ,2.202701048329e+00  ,2.179675185520e+00  ,2.155242443774e+00  ,2.129127937783e+00  ,2.101331350412e+00  ,2.071193961449e+00  ,2.038567371025e+00  ,2.003543115966e+00  ,1.964969477321e+00  ,1.932366005195e+00  ,1.900647470484e+00  ,1.865851414818e+00  ,1.827288156045e+00  ,1.785333370178e+00  ,1.737578876980e+00  ,1.684229667334e+00  ,1.622395655598e+00  ,1.550191075346e+00  
  5.552021219974e-07  ,2.417080225633e+00  ,2.404331656933e+00  ,2.391194265619e+00  ,2.377421244964e+00  ,2.363213390066e+00  ,2.348600988983e+00  ,2.333134044181e+00  ,2.317135987657e+00  ,2.300159012714e+00  ,2.282704683101e+00  ,2.264137744592e+00  ,2.244748413559e+00  ,2.224263394059e+00  ,2.202701048329e+00  ,2.179675185520e+00  ,2.155242443774e+00  ,2.129127937783e+00  ,2.101331350412e+00  ,2.071193961449e+00  ,2.038567371025e+00  ,2.003543115966e+00  ,1.964969477321e+00  ,1.932366005195e+00  ,1.900647470484e+00  ,1.865851414818e+00  ,1.827288156045e+00  ,1.785333370178e+00  ,1.737578876980e+00  ,1.684229667334e+00  ,1.622395655598e+00  ,1.550191075346e+00  
  5.562021761780e-07  ,2.417080225633e+00  ,2.404331656933e+00  ,2.391194265619e+00  ,2.377421244964e+00  ,2.363213390066e+00  ,2.348600988983e+00  ,2.333134044181e+00  ,2.317135987657e+00  ,2.300159012714e+00  ,2.282704683101e+00  ,2.264137744592e+00  ,2.244748413559e+00  ,2.224263394059e+00  ,2.202701048329e+00  ,2.179675185520e+00  ,2.155242443774e+00  ,2.129127937783e+00  ,2.101331350412e+00  ,2.071193961449e+00  ,2.038567371025e+00  ,2.003543115966e+00  ,1.964969477321e+00  ,1.932366005195e+00  ,1.900647470484e+00  ,1.865851414818e+00  ,1.827288156045e+00  ,1.785333370178e+00  ,1.737578876980e+00  ,1.684229667334e+00  ,1.622395655598e+00  ,1.550191075346e+00  
  5.572022303586e-07  ,2.417080225633e+00  ,2.404331656933e+00  ,2.391194265619e+00  ,2.377421244964e+00  ,2.363213390066e+00  ,2.348600988983e+00  ,2.333134044181e+00  ,2.317135987657e+00  ,2.300159012714e+00  ,2.282704683101e+00  ,2.264137744592e+00  ,2.244748413559e+00  ,2.224263394059e+00  ,2.202701048329e+00  ,2.179675185520e+00  ,2.155242443774e+00  ,2.129127937783e+00  ,2.101331350412e+00  ,2.071193961449e+00  ,2.038567371025e+00  ,2.003543115966e+00  ,1.964969477321e+00  ,1.932366005195e+00  ,1.900647470484e+00  ,1.865851414818e+00  ,1.827288156045e+00  ,1.785333370178e+00  ,1.737578876980e+00  ,1.684229667334e+00  ,1.622395655598e+00  ,1.550191075346e+00  
  5.582022845393e-07  ,2.417080225633e+00  ,2.404331656933e+00  ,2.391194265619e+00  ,2.377421244964e+00  ,2.363213390066e+00  ,2.348600988983e+00  ,2.333134044181e+00  ,2.317135987657e+00  ,2.300159012714e+00  ,2.282704683101e+00  ,2.264137744592e+00  ,2.244748413559e+00  ,2.224263394059e+00  ,2.202701048329e+00  ,2.179675185520e+00  ,2.155242443774e+00  ,2.129127937783e+00  ,2.101331350412e+00  ,2.071193961449e+00  ,2.038567371025e+00  ,2.003543115966e+00  ,1.964969477321e+00  ,1.932366005195e+00  ,1.900647470484e+00  ,1.865851414818e+00  ,1.827288156045e+00  ,1.785333370178e+00  ,1.737578876980e+00  ,1.684229667334e+00  ,1.622395655598e+00  ,1.550191075346e+00  
  5.592023387199e-07  ,2.417080225633e+00  ,2.404331656933e+00  ,2.391194265619e+00  ,2.377421244964e+00  ,2.363213390066e+00  ,2.348600988983e+00  ,2.333134044181e+00  ,2.317135987657e+00  ,2.300159012714e+00  ,2.282704683101e+00  ,2.264137744592e+00  ,2.244748413559e+00  ,2.224263394059e+00  ,2.202701048329e+00  ,2.179675185520e+00  ,2.155242443774e+00  ,2.129127937783e+00  ,2.101331350412e+00  ,2.071193961449e+00  ,2.038567371025e+00  ,2.003543115966e+00  ,1.964969477321e+00  ,1.932366005195e+00  ,1.900647470484e+00  ,1.865851414818e+00  ,1.827288156045e+00  ,1.785333370178e+00  ,1.737578876980e+00  ,1.684229667334e+00  ,1.622395655598e+00  ,1.550191075346e+00  
  5.602023929005e-07  ,2.417080225633e+00  ,2.404331656933e+00  ,2.391194265619e+00  ,2.377421244964e+00  ,2.363213390066e+00  ,2.348600988983e+00  ,2.333134044181e+00  ,2.317135987657e+00  ,2.300159012714e+00  ,2.282704683101e+00  ,2.264137744592e+00  ,2.244748413559e+00  ,2.224263394059e+00  ,2.202701048329e+00  ,2.179675185520e+00  ,2.155242443774e+00  ,2.129127937783e+00  ,2.101331350412e+00  ,2.071193961449e+00  ,2.038567371025e+00  ,2.003543115966e+00  ,1.964969477321e+00  ,1.932366005195e+00  ,1.900647470484e+00  ,1.865851414818e+00  ,1.827288156045e+00  ,1.785333370178e+00  ,1.737578876980e+00  ,1.684229667334e+00  ,1.622395655598e+00  ,1.550191075346e+00  
  5.612024470811e-07  ,2.417080225633e+00  ,2.404331656933e+00  ,2.391194265619e+00  ,2.377421244964e+00  ,2.363213390066e+00  ,2.348600988983e+00  ,2.333134044181e+00  ,2.317135987657e+00  ,2.300159012714e+00  ,2.282704683101e+00  ,2.264137744592e+00  ,2.244748413559e+00  ,2.224263394059e+00  ,2.202701048329e+00  ,2.179675185520e+00  ,2.155242443774e+00  ,2.129127937783e+00  ,2.101331350412e+00  ,2.071193961449e+00  ,2.038567371025e+00  ,2.003543115966e+00  ,1.964969477321e+00  ,1.932366005195e+00  ,1.900647470484e+00  ,1.865851414818e+00  ,1.827288156045e+00  ,1.785333370178e+00  ,1.737578876980e+00  ,1.684229667334e+00  ,1.622395655598e+00  ,1.550191075346e+00  
  5.622025012617e-07  ,2.417080225633e+00  ,2.404331656933e+00  ,2.391194265619e+00  ,2.377421244964e+00  ,2.363213390066e+00  ,2.348600988983e+00  ,2.333134044181e+00  ,2.317135987657e+00  ,2.300159012714e+00  ,2.282704683101e+00  ,2.264137744592e+00  ,2.244748413559e+00  ,2.224263394059e+00  ,2.202701048329e+00  ,2.179675185520e+00  ,2.155242443774e+00  ,2.129127937783e+00  ,2.101331350412e+00  ,2.071193961449e+00  ,2.038567371025e+00  ,2.003543115966e+00  ,1.964969477321e+00  ,1.932366005195e+00  ,1.900647470484e+00  ,1.865851414818e+00  ,1.827288156045e+00  ,1.785333370178e+00  ,1.737578876980e+00  ,1.684229667334e+00  ,1.622395655598e+00  ,1.550191075346e+00  
  5.632025554424e-07  ,2.417080225633e+00  ,2.404331656933e+00  ,2.391194265619e+00  ,2.377421244964e+00  ,2.363213390066e+00  ,2.348600988983e+00  ,2.333134044181e+00  ,2.317135987657e+00  ,2.300159012714e+00  ,2.282704683101e+00  ,2.264137744592e+00  ,2.244748413559e+00  ,2.224263394059e+00  ,2.202701048329e+00  ,2.179675185520e+00  ,2.155242443774e+00  ,2.129127937783e+00  ,2.101331350412e+00  ,2.071193961449e+00  ,2.038567371025e+00  ,2.003543115966e+00  ,1.964969477321e+00  ,1.932366005195e+00  ,1.900647470484e+00  ,1.865851414818e+00  ,1.827288156045e+00  ,1.785333370178e+00  ,1.737578876980e+00  ,1.684229667334e+00  ,1.622395655598e+00  ,1.550191075346e+00  
  5.642026096230e-07  ,2.417080225633e+00  ,2.404331656933e+00  ,2.391194265619e+00  ,2.377421244964e+00  ,2.363213390066e+00  ,2.348600988983e+00  ,2.333134044181e+00  ,2.317135987657e+00  ,2.300159012714e+00  ,2.282704683101e+00  ,2.264137744592e+00  ,2.244748413559e+00  ,2.224263394059e+00  ,2.202701048329e+00  ,2.179675185520e+00  ,2.155242443774e+00  ,2.129127937783e+00  ,2.101331350412e+00  ,2.071193961449e+00  ,2.038567371025e+00  ,2.003543115966e+00  ,1.964969477321e+00  ,1.932366005195e+00  ,1.900647470484e+00  ,1.865851414818e+00  ,1.827288156045e+00  ,1.785333370178e+00  ,1.737578876980e+00  ,1.684229667334e+00  ,1.622395655598e+00  ,1.550191075346e+00  
  5.652026638036e-07  ,2.417080225633e+00  ,2.404331656933e+00  ,2.391194265619e+00  ,2.377421244964e+00  ,2.363213390066e+00  ,2.348600988983e+00  ,2.333134044181e+00  ,2.317135987657e+00  ,2.300159012714e+00  ,2.282704683101e+00  ,2.264137744592e+00  ,2.244748413559e+00  ,2.224263394059e+00  ,2.202701048329e+00  ,2.179675185520e+00  ,2.155242443774e+00  ,2.129127937783e+00  ,2.101331350412e+00  ,2.071193961449e+00  ,2.038567371025e+00  ,2.003543115966e+00  ,1.964969477321e+00  ,1.932366005195e+00  ,1.900647470484e+00  ,1.865851414818e+00  ,1.827288156045e+00  ,1.785333370178e+00  ,1.737578876980e+00  ,1.684229667334e+00  ,1.622395655598e+00  ,1.550191075346e+00  
  5.662027179842e-07  ,2.417080225633e+00  ,2.404331656933e+00  ,2.391194265619e+00  ,2.377421244964e+00  ,2.363213390066e+00  ,2.348600988983e+00  ,2.333134044181e+00  ,2.317135987657e+00  ,2.300159012714e+00  ,2.282704683101e+00  ,2.264137744592e+00  ,2.244748413559e+00  ,2.224263394059e+00  ,2.202701048329e+00  ,2.179675185520e+00  ,2.155242443774e+00  ,2.129127937783e+00  ,2.101331350412e+00  ,2.071193961449e+00  ,2.038567371025e+00  ,2.003543115966e+00  ,1.964969477321e+00  ,1.932366005195e+00  ,1.900647470484e+00  ,1.865851414818e+00  ,1.827288156045e+00  ,1.785333370178e+00  ,1.737578876980e+00  ,1.684229667334e+00  ,1.622395655598e+00  ,1.550191075346e+00  
  5.672027721649e-07  ,2.417080225633e+00  ,2.404331656933e+00  ,2.391194265619e+00  ,2.377421244964e+00  ,2.363213390066e+00  ,2.348600988983e+00  ,2.333134044181e+00  ,2.317135987657e+00  ,2.300159012714e+00  ,2.282704683101e+00  ,2.264137744592e+00  ,2.244748413559e+00  ,2.224263394059e+00  ,2.202701048329e+00  ,2.179675185520e+00  ,2.155242443774e+00  ,2.129127937783e+00  ,2.101331350412e+00  ,2.071193961449e+00  ,2.038567371025e+00  ,2.003543115966e+00  ,1.964969477321e+00  ,1.932366005195e+00  ,1.900647470484e+00  ,1.865851414818e+00  ,1.827288156045e+00  ,1.785333370178e+00  ,1.737578876980e+00  ,1.684229667334e+00  ,1.622395655598e+00  ,1.550191075346e+00  
  5.682028263455e-07  ,2.417080225633e+00  ,2.404331656933e+00  ,2.391194265619e+00  ,2.377421244964e+00  ,2.363213390066e+00  ,2.348600988983e+00  ,2.333134044181e+00  ,2.317135987657e+00  ,2.300159012714e+00  ,2.282704683101e+00  ,2.264137744592e+00  ,2.244748413559e+00  ,2.224263394059e+00  ,2.202701048329e+00  ,2.179675185520e+00  ,2.155242443774e+00  ,2.129127937783e+00  ,2.101331350412e+00  ,2.071193961449e+00  ,2.038567371025e+00  ,2.003543115966e+00  ,1.964969477321e+00  ,1.932366005195e+00  ,1.900647470484e+00  ,1.865851414818e+00  ,1.827288156045e+00  ,1.785333370178e+00  ,1.737578876980e+00  ,1.684229667334e+00  ,1.622395655598e+00  ,1.550191075346e+00  
  5.692028805261e-07  ,2.417080225633e+00  ,2.404331656933e+00  ,2.391194265619e+00  ,2.377421244964e+00  ,2.363213390066e+00  ,2.348600988983e+00  ,2.333134044181e+00  ,2.317135987657e+00  ,2.300159012714e+00  ,2.282704683101e+00  ,2.264137744592e+00  ,2.244748413559e+00  ,2.224263394059e+00  ,2.202701048329e+00  ,2.179675185520e+00  ,2.155242443774e+00  ,2.129127937783e+00  ,2.101331350412e+00  ,2.071193961449e+00  ,2.038567371025e+00  ,2.003543115966e+00  ,1.964969477321e+00  ,1.932366005195e+00  ,1.900647470484e+00  ,1.865851414818e+00  ,1.827288156045e+00  ,1.785333370178e+00  ,1.737578876980e+00  ,1.684229667334e+00  ,1.622395655598e+00  ,1.550191075346e+00  
  5.702029347067e-07  ,2.417080225633e+00  ,2.404331656933e+00  ,2.391194265619e+00  ,2.377421244964e+00  ,2.363213390066e+00  ,2.348600988983e+00  ,2.333134044181e+00  ,2.317135987657e+00  ,2.300159012714e+00  ,2.282704683101e+00  ,2.264137744592e+00  ,2.244748413559e+00  ,2.224263394059e+00  ,2.202701048329e+00  ,2.179675185520e+00  ,2.155242443774e+00  ,2.129127937783e+00  ,2.101331350412e+00  ,2.071193961449e+00  ,2.038567371025e+00  ,2.003543115966e+00  ,1.964969477321e+00  ,1.932366005195e+00  ,1.900647470484e+00  ,1.865851414818e+00  ,1.827288156045e+00  ,1.785333370178e+00  ,1.737578876980e+00  ,1.684229667334e+00  ,1.622395655598e+00  ,1.550191075346e+00  
  5.712029888873e-07  ,2.417080225633e+00  ,2.404331656933e+00  ,2.391194265619e+00  ,2.377421244964e+00  ,2.363213390066e+00  ,2.348600988983e+00  ,2.333134044181e+00  ,2.317135987657e+00  ,2.300159012714e+00  ,2.282704683101e+00  ,2.264137744592e+00  ,2.244748413559e+00  ,2.224263394059e+00  ,2.202701048329e+00  ,2.179675185520e+00  ,2.155242443774e+00  ,2.129127937783e+00  ,2.101331350412e+00  ,2.071193961449e+00  ,2.038567371025e+00  ,2.003543115966e+00  ,1.964969477321e+00  ,1.932366005195e+00  ,1.900647470484e+00  ,1.865851414818e+00  ,1.827288156045e+00  ,1.785333370178e+00  ,1.737578876980e+00  ,1.684229667334e+00  ,1.622395655598e+00  ,1.550191075346e+00  
  5.722030430680e-07  ,2.417080225633e+00  ,2.404331656933e+00  ,2.391194265619e+00  ,2.377421244964e+00  ,2.363213390066e+00  ,2.348600988983e+00  ,2.333134044181e+00  ,2.317135987657e+00  ,2.300159012714e+00  ,2.282704683101e+00  ,2.264137744592e+00  ,2.244748413559e+00  ,2.224263394059e+00  ,2.202701048329e+00  ,2.179675185520e+00  ,2.155242443774e+00  ,2.129127937783e+00  ,2.101331350412e+00  ,2.071193961449e+00  ,2.038567371025e+00  ,2.003543115966e+00  ,1.964969477321e+00  ,1.932366005195e+00  ,1.900647470484e+00  ,1.865851414818e+00  ,1.827288156045e+00  ,1.785333370178e+00  ,1.737578876980e+00  ,1.684229667334e+00  ,1.622395655598e+00  ,1.550191075346e+00  
  5.732030972486e-07  ,2.417080225633e+00  ,2.404331656933e+00  ,2.391194265619e+00  ,2.377421244964e+00  ,2.363213390066e+00  ,2.348600988983e+00  ,2.333134044181e+00  ,2.317135987657e+00  ,2.300159012714e+00  ,2.282704683101e+00  ,2.264137744592e+00  ,2.244748413559e+00  ,2.224263394059e+00  ,2.202701048329e+00  ,2.179675185520e+00  ,2.155242443774e+00  ,2.129127937783e+00  ,2.101331350412e+00  ,2.071193961449e+00  ,2.038567371025e+00  ,2.003543115966e+00  ,1.964969477321e+00  ,1.932366005195e+00  ,1.900647470484e+00  ,1.865851414818e+00  ,1.827288156045e+00  ,1.785333370178e+00  ,1.737578876980e+00  ,1.684229667334e+00  ,1.622395655598e+00  ,1.550191075346e+00  
  5.742031514292e-07  ,2.417080225633e+00  ,2.404331656933e+00  ,2.391194265619e+00  ,2.377421244964e+00  ,2.363213390066e+00  ,2.348600988983e+00  ,2.333134044181e+00  ,2.317135987657e+00  ,2.300159012714e+00  ,2.282704683101e+00  ,2.264137744592e+00  ,2.244748413559e+00  ,2.224263394059e+00  ,2.202701048329e+00  ,2.179675185520e+00  ,2.155242443774e+00  ,2.129127937783e+00  ,2.101331350412e+00  ,2.071193961449e+00  ,2.038567371025e+00  ,2.003543115966e+00  ,1.964969477321e+00  ,1.932366005195e+00  ,1.900647470484e+00  ,1.865851414818e+00  ,1.827288156045e+00  ,1.785333370178e+00  ,1.737578876980e+00  ,1.684229667334e+00  ,1.622395655598e+00  ,1.550191075346e+00  
  5.752032056098e-07  ,2.417080225633e+00  ,2.404331656933e+00  ,2.391194265619e+00  ,2.377421244964e+00  ,2.363213390066e+00  ,2.348600988983e+00  ,2.333134044181e+00  ,2.317135987657e+00  ,2.300159012714e+00  ,2.282704683101e+00  ,2.264137744592e+00  ,2.244748413559e+00  ,2.224263394059e+00  ,2.202701048329e+00  ,2.179675185520e+00  ,2.155242443774e+00  ,2.129127937783e+00  ,2.101331350412e+00  ,2.071193961449e+00  ,2.038567371025e+00  ,2.003543115966e+00  ,1.964969477321e+00  ,1.932366005195e+00  ,1.900647470484e+00  ,1.865851414818e+00  ,1.827288156045e+00  ,1.785333370178e+00  ,1.737578876980e+00  ,1.684229667334e+00  ,1.622395655598e+00  ,1.550191075346e+00  
  5.762032597905e-07  ,2.417080225633e+00  ,2.404331656933e+00  ,2.391194265619e+00  ,2.377421244964e+00  ,2.363213390066e+00  ,2.348600988983e+00  ,2.333134044181e+00  ,2.317135987657e+00  ,2.300159012714e+00  ,2.282704683101e+00  ,2.264137744592e+00  ,2.244748413559e+00  ,2.224263394059e+00  ,2.202701048329e+00  ,2.179675185520e+00  ,2.155242443774e+00  ,2.129127937783e+00  ,2.101331350412e+00  ,2.071193961449e+00  ,2.038567371025e+00  ,2.003543115966e+00  ,1.964969477321e+00  ,1.932366005195e+00  ,1.900647470484e+00  ,1.865851414818e+00  ,1.827288156045e+00  ,1.785333370178e+00  ,1.737578876980e+00  ,1.684229667334e+00  ,1.622395655598e+00  ,1.550191075346e+00  
  5.772033139711e-07  ,2.417080225633e+00  ,2.404331656933e+00  ,2.391194265619e+00  ,2.377421244964e+00  ,2.363213390066e+00  ,2.348600988983e+00  ,2.333134044181e+00  ,2.317135987657e+00  ,2.300159012714e+00  ,2.282704683101e+00  ,2.264137744592e+00  ,2.244748413559e+00  ,2.224263394059e+00  ,2.202701048329e+00  ,2.179675185520e+00  ,2.155242443774e+00  ,2.129127937783e+00  ,2.101331350412e+00  ,2.071193961449e+00  ,2.038567371025e+00  ,2.003543115966e+00  ,1.964969477321e+00  ,1.932366005195e+00  ,1.900647470484e+00  ,1.865851414818e+00  ,1.827288156045e+00  ,1.785333370178e+00  ,1.737578876980e+00  ,1.684229667334e+00  ,1.622395655598e+00  ,1.550191075346e+00  
  5.782033681517e-07  ,2.417080225633e+00  ,2.404331656933e+00  ,2.391194265619e+00  ,2.377421244964e+00  ,2.363213390066e+00  ,2.348600988983e+00  ,2.333134044181e+00  ,2.317135987657e+00  ,2.300159012714e+00  ,2.282704683101e+00  ,2.264137744592e+00  ,2.244748413559e+00  ,2.224263394059e+00  ,2.202701048329e+00  ,2.179675185520e+00  ,2.155242443774e+00  ,2.129127937783e+00  ,2.101331350412e+00  ,2.071193961449e+00  ,2.038567371025e+00  ,2.003543115966e+00  ,1.964969477321e+00  ,1.932366005195e+00  ,1.900647470484e+00  ,1.865851414818e+00  ,1.827288156045e+00  ,1.785333370178e+00  ,1.737578876980e+00  ,1.684229667334e+00  ,1.622395655598e+00  ,1.550191075346e+00  
  5.792034223323e-07  ,2.417080225633e+00  ,2.404331656933e+00  ,2.391194265619e+00  ,2.377421244964e+00  ,2.363213390066e+00  ,2.348600988983e+00  ,2.333134044181e+00  ,2.317135987657e+00  ,2.300159012714e+00  ,2.282704683101e+00  ,2.264137744592e+00  ,2.244748413559e+00  ,2.224263394059e+00  ,2.202701048329e+00  ,2.179675185520e+00  ,2.155242443774e+00  ,2.129127937783e+00  ,2.101331350412e+00  ,2.071193961449e+00  ,2.038567371025e+00  ,2.003543115966e+00  ,1.964969477321e+00  ,1.932366005195e+00  ,1.900647470484e+00  ,1.865851414818e+00  ,1.827288156045e+00  ,1.785333370178e+00  ,1.737578876980e+00  ,1.684229667334e+00  ,1.622395655598e+00  ,1.550191075346e+00  
  5.802034765129e-07  ,2.417080225633e+00  ,2.404331656933e+00  ,2.391194265619e+00  ,2.377421244964e+00  ,2.363213390066e+00  ,2.348600988983e+00  ,2.333134044181e+00  ,2.317135987657e+00  ,2.300159012714e+00  ,2.282704683101e+00  ,2.264137744592e+00  ,2.244748413559e+00  ,2.224263394059e+00  ,2.202701048329e+00  ,2.179675185520e+00  ,2.155242443774e+00  ,2.129127937783e+00  ,2.101331350412e+00  ,2.071193961449e+00  ,2.038567371025e+00  ,2.003543115966e+00  ,1.964969477321e+00  ,1.932366005195e+00  ,1.900647470484e+00  ,1.865851414818e+00  ,1.827288156045e+00  ,1.785333370178e+00  ,1.737578876980e+00  ,1.684229667334e+00  ,1.622395655598e+00  ,1.550191075346e+00  
  5.812035306936e-07  ,2.417080225633e+00  ,2.404331656933e+00  ,2.391194265619e+00  ,2.377421244964e+00  ,2.363213390066e+00  ,2.348600988983e+00  ,2.333134044181e+00  ,2.317135987657e+00  ,2.300159012714e+00  ,2.282704683101e+00  ,2.264137744592e+00  ,2.244748413559e+00  ,2.224263394059e+00  ,2.202701048329e+00  ,2.179675185520e+00  ,2.155242443774e+00  ,2.129127937783e+00  ,2.101331350412e+00  ,2.071193961449e+00  ,2.038567371025e+00  ,2.003543115966e+00  ,1.964969477321e+00  ,1.932366005195e+00  ,1.900647470484e+00  ,1.865851414818e+00  ,1.827288156045e+00  ,1.785333370178e+00  ,1.737578876980e+00  ,1.684229667334e+00  ,1.622395655598e+00  ,1.550191075346e+00  
  5.822035848742e-07  ,2.417080225633e+00  ,2.404331656933e+00  ,2.391194265619e+00  ,2.377421244964e+00  ,2.363213390066e+00  ,2.348600988983e+00  ,2.333134044181e+00  ,2.317135987657e+00  ,2.300159012714e+00  ,2.282704683101e+00  ,2.264137744592e+00  ,2.244748413559e+00  ,2.224263394059e+00  ,2.202701048329e+00  ,2.179675185520e+00  ,2.155242443774e+00  ,2.129127937783e+00  ,2.101331350412e+00  ,2.071193961449e+00  ,2.038567371025e+00  ,2.003543115966e+00  ,1.964969477321e+00  ,1.932366005195e+00  ,1.900647470484e+00  ,1.865851414818e+00  ,1.827288156045e+00  ,1.785333370178e+00  ,1.737578876980e+00  ,1.684229667334e+00  ,1.622395655598e+00  ,1.550191075346e+00  
  5.832036390548e-07  ,2.417080225633e+00  ,2.404331656933e+00  ,2.391194265619e+00  ,2.377421244964e+00  ,2.363213390066e+00  ,2.348600988983e+00  ,2.333134044181e+00  ,2.317135987657e+00  ,2.300159012714e+00  ,2.282704683101e+00  ,2.264137744592e+00  ,2.244748413559e+00  ,2.224263394059e+00  ,2.202701048329e+00  ,2.179675185520e+00  ,2.155242443774e+00  ,2.129127937783e+00  ,2.101331350412e+00  ,2.071193961449e+00  ,2.038567371025e+00  ,2.003543115966e+00  ,1.964969477321e+00  ,1.932366005195e+00  ,1.900647470484e+00  ,1.865851414818e+00  ,1.827288156045e+00  ,1.785333370178e+00  ,1.737578876980e+00  ,1.684229667334e+00  ,1.622395655598e+00  ,1.550191075346e+00  
  5.842036932354e-07  ,2.417080225633e+00  ,2.404331656933e+00  ,2.391194265619e+00  ,2.377421244964e+00  ,2.363213390066e+00  ,2.348600988983e+00  ,2.333134044181e+00  ,2.317135987657e+00  ,2.300159012714e+00  ,2.282704683101e+00  ,2.264137744592e+00  ,2.244748413559e+00  ,2.224263394059e+00  ,2.202701048329e+00  ,2.179675185520e+00  ,2.155242443774e+00  ,2.129127937783e+00  ,2.101331350412e+00  ,2.071193961449e+00  ,2.038567371025e+00  ,2.003543115966e+00  ,1.964969477321e+00  ,1.932366005195e+00  ,1.900647470484e+00  ,1.865851414818e+00  ,1.827288156045e+00  ,1.785333370178e+00  ,1.737578876980e+00  ,1.684229667334e+00  ,1.622395655598e+00  ,1.550191075346e+00  
  5.852037474161e-07  ,2.417080225633e+00  ,2.404331656933e+00  ,2.391194265619e+00  ,2.377421244964e+00  ,2.363213390066e+00  ,2.348600988983e+00  ,2.333134044181e+00  ,2.317135987657e+00  ,2.300159012714e+00  ,2.282704683101e+00  ,2.264137744592e+00  ,2.244748413559e+00  ,2.224263394059e+00  ,2.202701048329e+00  ,2.179675185520e+00  ,2.155242443774e+00  ,2.129127937783e+00  ,2.101331350412e+00  ,2.071193961449e+00  ,2.038567371025e+00  ,2.003543115966e+00  ,1.964969477321e+00  ,1.932366005195e+00  ,1.900647470484e+00  ,1.865851414818e+00  ,1.827288156045e+00  ,1.785333370178e+00  ,1.737578876980e+00  ,1.684229667334e+00  ,1.622395655598e+00  ,1.550191075346e+00  
  5.862038015967e-07  ,2.417080225633e+00  ,2.404331656933e+00  ,2.391194265619e+00  ,2.377421244964e+00  ,2.363213390066e+00  ,2.348600988983e+00  ,2.333134044181e+00  ,2.317135987657e+00  ,2.300159012714e+00  ,2.282704683101e+00  ,2.264137744592e+00  ,2.244748413559e+00  ,2.224263394059e+00  ,2.202701048329e+00  ,2.179675185520e+00  ,2.155242443774e+00  ,2.129127937783e+00  ,2.101331350412e+00  ,2.071193961449e+00  ,2.038567371025e+00  ,2.003543115966e+00  ,1.964969477321e+00  ,1.932366005195e+00  ,1.900647470484e+00  ,1.865851414818e+00  ,1.827288156045e+00  ,1.785333370178e+00  ,1.737578876980e+00  ,1.684229667334e+00  ,1.622395655598e+00  ,1.550191075346e+00  
  5.872038557773e-07  ,2.417080225633e+00  ,2.404331656933e+00  ,2.391194265619e+00  ,2.377421244964e+00  ,2.363213390066e+00  ,2.348600988983e+00  ,2.333134044181e+00  ,2.317135987657e+00  ,2.300159012714e+00  ,2.282704683101e+00  ,2.264137744592e+00  ,2.244748413559e+00  ,2.224263394059e+00  ,2.202701048329e+00  ,2.179675185520e+00  ,2.155242443774e+00  ,2.129127937783e+00  ,2.101331350412e+00  ,2.071193961449e+00  ,2.038567371025e+00  ,2.003543115966e+00  ,1.964969477321e+00  ,1.932366005195e+00  ,1.900647470484e+00  ,1.865851414818e+00  ,1.827288156045e+00  ,1.785333370178e+00  ,1.737578876980e+00  ,1.684229667334e+00  ,1.622395655598e+00  ,1.550191075346e+00  
  5.882039099579e-07  ,2.417080225633e+00  ,2.404331656933e+00  ,2.391194265619e+00  ,2.377421244964e+00  ,2.363213390066e+00  ,2.348600988983e+00  ,2.333134044181e+00  ,2.317135987657e+00  ,2.300159012714e+00  ,2.282704683101e+00  ,2.264137744592e+00  ,2.244748413559e+00  ,2.224263394059e+00  ,2.202701048329e+00  ,2.179675185520e+00  ,2.155242443774e+00  ,2.129127937783e+00  ,2.101331350412e+00  ,2.071193961449e+00  ,2.038567371025e+00  ,2.003543115966e+00  ,1.964969477321e+00  ,1.932366005195e+00  ,1.900647470484e+00  ,1.865851414818e+00  ,1.827288156045e+00  ,1.785333370178e+00  ,1.737578876980e+00  ,1.684229667334e+00  ,1.622395655598e+00  ,1.550191075346e+00  
  5.892039641385e-07  ,2.417080225633e+00  ,2.404331656933e+00  ,2.391194265619e+00  ,2.377421244964e+00  ,2.363213390066e+00  ,2.348600988983e+00  ,2.333134044181e+00  ,2.317135987657e+00  ,2.300159012714e+00  ,2.282704683101e+00  ,2.264137744592e+00  ,2.244748413559e+00  ,2.224263394059e+00  ,2.202701048329e+00  ,2.179675185520e+00  ,2.155242443774e+00  ,2.129127937783e+00  ,2.101331350412e+00  ,2.071193961449e+00  ,2.038567371025e+00  ,2.003543115966e+00  ,1.964969477321e+00  ,1.932366005195e+00  ,1.900647470484e+00  ,1.865851414818e+00  ,1.827288156045e+00  ,1.785333370178e+00  ,1.737578876980e+00  ,1.684229667334e+00  ,1.622395655598e+00  ,1.550191075346e+00  
  5.902040183192e-07  ,2.417080225633e+00  ,2.404331656933e+00  ,2.391194265619e+00  ,2.377421244964e+00  ,2.363213390066e+00  ,2.348600988983e+00  ,2.333134044181e+00  ,2.317135987657e+00  ,2.300159012714e+00  ,2.282704683101e+00  ,2.264137744592e+00  ,2.244748413559e+00  ,2.224263394059e+00  ,2.202701048329e+00  ,2.179675185520e+00  ,2.155242443774e+00  ,2.129127937783e+00  ,2.101331350412e+00  ,2.071193961449e+00  ,2.038567371025e+00  ,2.003543115966e+00  ,1.964969477321e+00  ,1.932366005195e+00  ,1.900647470484e+00  ,1.865851414818e+00  ,1.827288156045e+00  ,1.785333370178e+00  ,1.737578876980e+00  ,1.684229667334e+00  ,1.622395655598e+00  ,1.550191075346e+00  
  5.912040724998e-07  ,2.417080225633e+00  ,2.404331656933e+00  ,2.391194265619e+00  ,2.377421244964e+00  ,2.363213390066e+00  ,2.348600988983e+00  ,2.333134044181e+00  ,2.317135987657e+00  ,2.300159012714e+00  ,2.282704683101e+00  ,2.264137744592e+00  ,2.244748413559e+00  ,2.224263394059e+00  ,2.202701048329e+00  ,2.179675185520e+00  ,2.155242443774e+00  ,2.129127937783e+00  ,2.101331350412e+00  ,2.071193961449e+00  ,2.038567371025e+00  ,2.003543115966e+00  ,1.964969477321e+00  ,1.932366005195e+00  ,1.900647470484e+00  ,1.865851414818e+00  ,1.827288156045e+00  ,1.785333370178e+00  ,1.737578876980e+00  ,1.684229667334e+00  ,1.622395655598e+00  ,1.550191075346e+00  
  5.922041266804e-07  ,2.417080225633e+00  ,2.404331656933e+00  ,2.391194265619e+00  ,2.377421244964e+00  ,2.363213390066e+00  ,2.348600988983e+00  ,2.333134044181e+00  ,2.317135987657e+00  ,2.300159012714e+00  ,2.282704683101e+00  ,2.264137744592e+00  ,2.244748413559e+00  ,2.224263394059e+00  ,2.202701048329e+00  ,2.179675185520e+00  ,2.155242443774e+00  ,2.129127937783e+00  ,2.101331350412e+00  ,2.071193961449e+00  ,2.038567371025e+00  ,2.003543115966e+00  ,1.964969477321e+00  ,1.932366005195e+00  ,1.900647470484e+00  ,1.865851414818e+00  ,1.827288156045e+00  ,1.785333370178e+00  ,1.737578876980e+00  ,1.684229667334e+00  ,1.622395655598e+00  ,1.550191075346e+00  
  5.932041808610e-07  ,2.417080225633e+00  ,2.404331656933e+00  ,2.391194265619e+00  ,2.377421244964e+00  ,2.363213390066e+00  ,2.348600988983e+00  ,2.333134044181e+00  ,2.317135987657e+00  ,2.300159012714e+00  ,2.282704683101e+00  ,2.264137744592e+00  ,2.244748413559e+00  ,2.224263394059e+00  ,2.202701048329e+00  ,2.179675185520e+00  ,2.155242443774e+00  ,2.129127937783e+00  ,2.101331350412e+00  ,2.071193961449e+00  ,2.038567371025e+00  ,2.003543115966e+00  ,1.964969477321e+00  ,1.932366005195e+00  ,1.900647470484e+00  ,1.865851414818e+00  ,1.827288156045e+00  ,1.785333370178e+00  ,1.737578876980e+00  ,1.684229667334e+00  ,1.622395655598e+00  ,1.550191075346e+00  
  5.942042350417e-07  ,2.417080225633e+00  ,2.404331656933e+00  ,2.391194265619e+00  ,2.377421244964e+00  ,2.363213390066e+00  ,2.348600988983e+00  ,2.333134044181e+00  ,2.317135987657e+00  ,2.300159012714e+00  ,2.282704683101e+00  ,2.264137744592e+00  ,2.244748413559e+00  ,2.224263394059e+00  ,2.202701048329e+00  ,2.179675185520e+00  ,2.155242443774e+00  ,2.129127937783e+00  ,2.101331350412e+00  ,2.071193961449e+00  ,2.038567371025e+00  ,2.003543115966e+00  ,1.964969477321e+00  ,1.932366005195e+00  ,1.900647470484e+00  ,1.865851414818e+00  ,1.827288156045e+00  ,1.785333370178e+00  ,1.737578876980e+00  ,1.684229667334e+00  ,1.622395655598e+00  ,1.550191075346e+00  
  5.952042892223e-07  ,2.417080225633e+00  ,2.404331656933e+00  ,2.391194265619e+00  ,2.377421244964e+00  ,2.363213390066e+00  ,2.348600988983e+00  ,2.333134044181e+00  ,2.317135987657e+00  ,2.300159012714e+00  ,2.282704683101e+00  ,2.264137744592e+00  ,2.244748413559e+00  ,2.224263394059e+00  ,2.202701048329e+00  ,2.179675185520e+00  ,2.155242443774e+00  ,2.129127937783e+00  ,2.101331350412e+00  ,2.071193961449e+00  ,2.038567371025e+00  ,2.003543115966e+00  ,1.964969477321e+00  ,1.932366005195e+00  ,1.900647470484e+00  ,1.865851414818e+00  ,1.827288156045e+00  ,1.785333370178e+00  ,1.737578876980e+00  ,1.684229667334e+00  ,1.622395655598e+00  ,1.550191075346e+00  
  5.962043434029e-07  ,2.417080225633e+00  ,2.404331656933e+00  ,2.391194265619e+00  ,2.377421244964e+00  ,2.363213390066e+00  ,2.348600988983e+00  ,2.333134044181e+00  ,2.317135987657e+00  ,2.300159012714e+00  ,2.282704683101e+00  ,2.264137744592e+00  ,2.244748413559e+00  ,2.224263394059e+00  ,2.202701048329e+00  ,2.179675185520e+00  ,2.155242443774e+00  ,2.129127937783e+00  ,2.101331350412e+00  ,2.071193961449e+00  ,2.038567371025e+00  ,2.003543115966e+00  ,1.964969477321e+00  ,1.932366005195e+00  ,1.900647470484e+00  ,1.865851414818e+00  ,1.827288156045e+00  ,1.785333370178e+00  ,1.737578876980e+00  ,1.684229667334e+00  ,1.622395655598e+00  ,1.550191075346e+00  
  5.972043975835e-07  ,2.417080225633e+00  ,2.404331656933e+00  ,2.391194265619e+00  ,2.377421244964e+00  ,2.363213390066e+00  ,2.348600988983e+00  ,2.333134044181e+00  ,2.317135987657e+00  ,2.300159012714e+00  ,2.282704683101e+00  ,2.264137744592e+00  ,2.244748413559e+00  ,2.224263394059e+00  ,2.202701048329e+00  ,2.179675185520e+00  ,2.155242443774e+00  ,2.129127937783e+00  ,2.101331350412e+00  ,2.071193961449e+00  ,2.038567371025e+00  ,2.003543115966e+00  ,1.964969477321e+00  ,1.932366005195e+00  ,1.900647470484e+00  ,1.865851414818e+00  ,1.827288156045e+00  ,1.785333370178e+00  ,1.737578876980e+00  ,1.684229667334e+00  ,1.622395655598e+00  ,1.550191075346e+00  
  5.982044517641e-07  ,2.417080225633e+00  ,2.404331656933e+00  ,2.391194265619e+00  ,2.377421244964e+00  ,2.363213390066e+00  ,2.348600988983e+00  ,2.333134044181e+00  ,2.317135987657e+00  ,2.300159012714e+00  ,2.282704683101e+00  ,2.264137744592e+00  ,2.244748413559e+00  ,2.224263394059e+00  ,2.202701048329e+00  ,2.179675185520e+00  ,2.155242443774e+00  ,2.129127937783e+00  ,2.101331350412e+00  ,2.071193961449e+00  ,2.038567371025e+00  ,2.003543115966e+00  ,1.964969477321e+00  ,1.932366005195e+00  ,1.900647470484e+00  ,1.865851414818e+00  ,1.827288156045e+00  ,1.785333370178e+00  ,1.737578876980e+00  ,1.684229667334e+00  ,1.622395655598e+00  ,1.550191075346e+00  
  5.992045059448e-07  ,2.417080225633e+00  ,2.404331656933e+00  ,2.391194265619e+00  ,2.377421244964e+00  ,2.363213390066e+00  ,2.348600988983e+00  ,2.333134044181e+00  ,2.317135987657e+00  ,2.300159012714e+00  ,2.282704683101e+00  ,2.264137744592e+00  ,2.244748413559e+00  ,2.224263394059e+00  ,2.202701048329e+00  ,2.179675185520e+00  ,2.155242443774e+00  ,2.129127937783e+00  ,2.101331350412e+00  ,2.071193961449e+00  ,2.038567371025e+00  ,2.003543115966e+00  ,1.964969477321e+00  ,1.932366005195e+00  ,1.900647470484e+00  ,1.865851414818e+00  ,1.827288156045e+00  ,1.785333370178e+00  ,1.737578876980e+00  ,1.684229667334e+00  ,1.622395655598e+00  ,1.550191075346e+00  
  6.002045601254e-07  ,2.417080225633e+00  ,2.404331656933e+00  ,2.391194265619e+00  ,2.377421244964e+00  ,2.363213390066e+00  ,2.348600988983e+00  ,2.333134044181e+00  ,2.317135987657e+00  ,2.300159012714e+00  ,2.282704683101e+00  ,2.264137744592e+00  ,2.244748413559e+00  ,2.224263394059e+00  ,2.202701048329e+00  ,2.179675185520e+00  ,2.155242443774e+00  ,2.129127937783e+00  ,2.101331350412e+00  ,2.071193961449e+00  ,2.038567371025e+00  ,2.003543115966e+00  ,1.964969477321e+00  ,1.932366005195e+00  ,1.900647470484e+00  ,1.865851414818e+00  ,1.827288156045e+00  ,1.785333370178e+00  ,1.737578876980e+00  ,1.684229667334e+00  ,1.622395655598e+00  ,1.550191075346e+00  
  6.012046143060e-07  ,2.417080225633e+00  ,2.404331656933e+00  ,2.391194265619e+00  ,2.377421244964e+00  ,2.363213390066e+00  ,2.348600988983e+00  ,2.333134044181e+00  ,2.317135987657e+00  ,2.300159012714e+00  ,2.282704683101e+00  ,2.264137744592e+00  ,2.244748413559e+00  ,2.224263394059e+00  ,2.202701048329e+00  ,2.179675185520e+00  ,2.155242443774e+00  ,2.129127937783e+00  ,2.101331350412e+00  ,2.071193961449e+00  ,2.038567371025e+00  ,2.003543115966e+00  ,1.964969477321e+00  ,1.932366005195e+00  ,1.900647470484e+00  ,1.865851414818e+00  ,1.827288156045e+00  ,1.785333370178e+00  ,1.737578876980e+00  ,1.684229667334e+00  ,1.622395655598e+00  ,1.550191075346e+00  
  6.022046684866e-07  ,2.417080225633e+00  ,2.404331656933e+00  ,2.391194265619e+00  ,2.377421244964e+00  ,2.363213390066e+00  ,2.348600988983e+00  ,2.333134044181e+00  ,2.317135987657e+00  ,2.300159012714e+00  ,2.282704683101e+00  ,2.264137744592e+00  ,2.244748413559e+00  ,2.224263394059e+00  ,2.202701048329e+00  ,2.179675185520e+00  ,2.155242443774e+00  ,2.129127937783e+00  ,2.101331350412e+00  ,2.071193961449e+00  ,2.038567371025e+00  ,2.003543115966e+00  ,1.964969477321e+00  ,1.932366005195e+00  ,1.900647470484e+00  ,1.865851414818e+00  ,1.827288156045e+00  ,1.785333370178e+00  ,1.737578876980e+00  ,1.684229667334e+00  ,1.622395655598e+00  ,1.550191075346e+00  
  6.032047226673e-07  ,2.417080225633e+00  ,2.404331656933e+00  ,2.391194265619e+00  ,2.377421244964e+00  ,2.363213390066e+00  ,2.348600988983e+00  ,2.333134044181e+00  ,2.317135987657e+00  ,2.300159012714e+00  ,2.282704683101e+00  ,2.264137744592e+00  ,2.244748413559e+00  ,2.224263394059e+00  ,2.202701048329e+00  ,2.179675185520e+00  ,2.155242443774e+00  ,2.129127937783e+00  ,2.101331350412e+00  ,2.071193961449e+00  ,2.038567371025e+00  ,2.003543115966e+00  ,1.964969477321e+00  ,1.932366005195e+00  ,1.900647470484e+00  ,1.865851414818e+00  ,1.827288156045e+00  ,1.785333370178e+00  ,1.737578876980e+00  ,1.684229667334e+00  ,1.622395655598e+00  ,1.550191075346e+00  
  6.042047768479e-07  ,2.417080225633e+00  ,2.404331656933e+00  ,2.391194265619e+00  ,2.377421244964e+00  ,2.363213390066e+00  ,2.348600988983e+00  ,2.333134044181e+00  ,2.317135987657e+00  ,2.300159012714e+00  ,2.282704683101e+00  ,2.264137744592e+00  ,2.244748413559e+00  ,2.224263394059e+00  ,2.202701048329e+00  ,2.179675185520e+00  ,2.155242443774e+00  ,2.129127937783e+00  ,2.101331350412e+00  ,2.071193961449e+00  ,2.038567371025e+00  ,2.003543115966e+00  ,1.964969477321e+00  ,1.932366005195e+00  ,1.900647470484e+00  ,1.865851414818e+00  ,1.827288156045e+00  ,1.785333370178e+00  ,1.737578876980e+00  ,1.684229667334e+00  ,1.622395655598e+00  ,1.550191075346e+00  
  6.052048310285e-07  ,2.417080225633e+00  ,2.404331656933e+00  ,2.391194265619e+00  ,2.377421244964e+00  ,2.363213390066e+00  ,2.348600988983e+00  ,2.333134044181e+00  ,2.317135987657e+00  ,2.300159012714e+00  ,2.282704683101e+00  ,2.264137744592e+00  ,2.244748413559e+00  ,2.224263394059e+00  ,2.202701048329e+00  ,2.179675185520e+00  ,2.155242443774e+00  ,2.129127937783e+00  ,2.101331350412e+00  ,2.071193961449e+00  ,2.038567371025e+00  ,2.003543115966e+00  ,1.964969477321e+00  ,1.932366005195e+00  ,1.900647470484e+00  ,1.865851414818e+00  ,1.827288156045e+00  ,1.785333370178e+00  ,1.737578876980e+00  ,1.684229667334e+00  ,1.622395655598e+00  ,1.550191075346e+00  
  6.062048852091e-07  ,2.417080225633e+00  ,2.404331656933e+00  ,2.391194265619e+00  ,2.377421244964e+00  ,2.363213390066e+00  ,2.348600988983e+00  ,2.333134044181e+00  ,2.317135987657e+00  ,2.300159012714e+00  ,2.282704683101e+00  ,2.264137744592e+00  ,2.244748413559e+00  ,2.224263394059e+00  ,2.202701048329e+00  ,2.179675185520e+00  ,2.155242443774e+00  ,2.129127937783e+00  ,2.101331350412e+00  ,2.071193961449e+00  ,2.038567371025e+00  ,2.003543115966e+00  ,1.964969477321e+00  ,1.932366005195e+00  ,1.900647470484e+00  ,1.865851414818e+00  ,1.827288156045e+00  ,1.785333370178e+00  ,1.737578876980e+00  ,1.684229667334e+00  ,1.622395655598e+00  ,1.550191075346e+00  
  6.072049393897e-07  ,2.417080225633e+00  ,2.404331656933e+00  ,2.391194265619e+00  ,2.377421244964e+00  ,2.363213390066e+00  ,2.348600988983e+00  ,2.333134044181e+00  ,2.317135987657e+00  ,2.300159012714e+00  ,2.282704683101e+00  ,2.264137744592e+00  ,2.244748413559e+00  ,2.224263394059e+00  ,2.202701048329e+00  ,2.179675185520e+00  ,2.155242443774e+00  ,2.129127937783e+00  ,2.101331350412e+00  ,2.071193961449e+00  ,2.038567371025e+00  ,2.003543115966e+00  ,1.964969477321e+00  ,1.932366005195e+00  ,1.900647470484e+00  ,1.865851414818e+00  ,1.827288156045e+00  ,1.785333370178e+00  ,1.737578876980e+00  ,1.684229667334e+00  ,1.622395655598e+00  ,1.550191075346e+00  
  6.082049935704e-07  ,2.417080225633e+00  ,2.404331656933e+00  ,2.391194265619e+00  ,2.377421244964e+00  ,2.363213390066e+00  ,2.348600988983e+00  ,2.333134044181e+00  ,2.317135987657e+00  ,2.300159012714e+00  ,2.282704683101e+00  ,2.264137744592e+00  ,2.244748413559e+00  ,2.224263394059e+00  ,2.202701048329e+00  ,2.179675185520e+00  ,2.155242443774e+00  ,2.129127937783e+00  ,2.101331350412e+00  ,2.071193961449e+00  ,2.038567371025e+00  ,2.003543115966e+00  ,1.964969477321e+00  ,1.932366005195e+00  ,1.900647470484e+00  ,1.865851414818e+00  ,1.827288156045e+00  ,1.785333370178e+00  ,1.737578876980e+00  ,1.684229667334e+00  ,1.622395655598e+00  ,1.550191075346e+00  
  6.092050477510e-07  ,2.417080225633e+00  ,2.404331656933e+00  ,2.391194265619e+00  ,2.377421244964e+00  ,2.363213390066e+00  ,2.348600988983e+00  ,2.333134044181e+00  ,2.317135987657e+00  ,2.300159012714e+00  ,2.282704683101e+00  ,2.264137744592e+00  ,2.244748413559e+00  ,2.224263394059e+00  ,2.202701048329e+00  ,2.179675185520e+00  ,2.155242443774e+00  ,2.129127937783e+00  ,2.101331350412e+00  ,2.071193961449e+00  ,2.038567371025e+00  ,2.003543115966e+00  ,1.964969477321e+00  ,1.932366005195e+00  ,1.900647470484e+00  ,1.865851414818e+00  ,1.827288156045e+00  ,1.785333370178e+00  ,1.737578876980e+00  ,1.684229667334e+00  ,1.622395655598e+00  ,1.550191075346e+00  
  6.102051019316e-07  ,2.417080225633e+00  ,2.404331656933e+00  ,2.391194265619e+00  ,2.377421244964e+00  ,2.363213390066e+00  ,2.348600988983e+00  ,2.333134044181e+00  ,2.317135987657e+00  ,2.300159012714e+00  ,2.282704683101e+00  ,2.264137744592e+00  ,2.244748413559e+00  ,2.224263394059e+00  ,2.202701048329e+00  ,2.179675185520e+00  ,2.155242443774e+00  ,2.129127937783e+00  ,2.101331350412e+00  ,2.071193961449e+00  ,2.038567371025e+00  ,2.003543115966e+00  ,1.964969477321e+00  ,1.932366005195e+00  ,1.900647470484e+00  ,1.865851414818e+00  ,1.827288156045e+00  ,1.785333370178e+00  ,1.737578876980e+00  ,1.684229667334e+00  ,1.622395655598e+00  ,1.550191075346e+00  
  6.112051561122e-07  ,2.417080225633e+00  ,2.404331656933e+00  ,2.391194265619e+00  ,2.377421244964e+00  ,2.363213390066e+00  ,2.348600988983e+00  ,2.333134044181e+00  ,2.317135987657e+00  ,2.300159012714e+00  ,2.282704683101e+00  ,2.264137744592e+00  ,2.244748413559e+00  ,2.224263394059e+00  ,2.202701048329e+00  ,2.179675185520e+00  ,2.155242443774e+00  ,2.129127937783e+00  ,2.101331350412e+00  ,2.071193961449e+00  ,2.038567371025e+00  ,2.003543115966e+00  ,1.964969477321e+00  ,1.932366005195e+00  ,1.900647470484e+00  ,1.865851414818e+00  ,1.827288156045e+00  ,1.785333370178e+00  ,1.737578876980e+00  ,1.684229667334e+00  ,1.622395655598e+00  ,1.550191075346e+00  
  6.122052102929e-07  ,2.417080225633e+00  ,2.404331656933e+00  ,2.391194265619e+00  ,2.377421244964e+00  ,2.363213390066e+00  ,2.348600988983e+00  ,2.333134044181e+00  ,2.317135987657e+00  ,2.300159012714e+00  ,2.282704683101e+00  ,2.264137744592e+00  ,2.244748413559e+00  ,2.224263394059e+00  ,2.202701048329e+00  ,2.179675185520e+00  ,2.155242443774e+00  ,2.129127937783e+00  ,2.101331350412e+00  ,2.071193961449e+00  ,2.038567371025e+00  ,2.003543115966e+00  ,1.964969477321e+00  ,1.932366005195e+00  ,1.900647470484e+00  ,1.865851414818e+00  ,1.827288156045e+00  ,1.785333370178e+00  ,1.737578876980e+00  ,1.684229667334e+00  ,1.622395655598e+00  ,1.550191075346e+00  
  6.132052644735e-07  ,2.417080225633e+00  ,2.404331656933e+00  ,2.391194265619e+00  ,2.377421244964e+00  ,2.363213390066e+00  ,2.348600988983e+00  ,2.333134044181e+00  ,2.317135987657e+00  ,2.300159012714e+00  ,2.282704683101e+00  ,2.264137744592e+00  ,2.244748413559e+00  ,2.224263394059e+00  ,2.202701048329e+00  ,2.179675185520e+00  ,2.155242443774e+00  ,2.129127937783e+00  ,2.101331350412e+00  ,2.071193961449e+00  ,2.038567371025e+00  ,2.003543115966e+00  ,1.964969477321e+00  ,1.932366005195e+00  ,1.900647470484e+00  ,1.865851414818e+00  ,1.827288156045e+00  ,1.785333370178e+00  ,1.737578876980e+00  ,1.684229667334e+00  ,1.622395655598e+00  ,1.550191075346e+00  
  6.142053186541e-07  ,2.417080225633e+00  ,2.404331656933e+00  ,2.391194265619e+00  ,2.377421244964e+00  ,2.363213390066e+00  ,2.348600988983e+00  ,2.333134044181e+00  ,2.317135987657e+00  ,2.300159012714e+00  ,2.282704683101e+00  ,2.264137744592e+00  ,2.244748413559e+00  ,2.224263394059e+00  ,2.202701048329e+00  ,2.179675185520e+00  ,2.155242443774e+00  ,2.129127937783e+00  ,2.101331350412e+00  ,2.071193961449e+00  ,2.038567371025e+00  ,2.003543115966e+00  ,1.964969477321e+00  ,1.932366005195e+00  ,1.900647470484e+00  ,1.865851414818e+00  ,1.827288156045e+00  ,1.785333370178e+00  ,1.737578876980e+00  ,1.684229667334e+00  ,1.622395655598e+00  ,1.550191075346e+00  
  6.152053728347e-07  ,2.417080225633e+00  ,2.404331656933e+00  ,2.391194265619e+00  ,2.377421244964e+00  ,2.363213390066e+00  ,2.348600988983e+00  ,2.333134044181e+00  ,2.317135987657e+00  ,2.300159012714e+00  ,2.282704683101e+00  ,2.264137744592e+00  ,2.244748413559e+00  ,2.224263394059e+00  ,2.202701048329e+00  ,2.179675185520e+00  ,2.155242443774e+00  ,2.129127937783e+00  ,2.101331350412e+00  ,2.071193961449e+00  ,2.038567371025e+00  ,2.003543115966e+00  ,1.964969477321e+00  ,1.932366005195e+00  ,1.900647470484e+00  ,1.865851414818e+00  ,1.827288156045e+00  ,1.785333370178e+00  ,1.737578876980e+00  ,1.684229667334e+00  ,1.622395655598e+00  ,1.550191075346e+00  
  6.162054270153e-07  ,2.417080225633e+00  ,2.404331656933e+00  ,2.391194265619e+00  ,2.377421244964e+00  ,2.363213390066e+00  ,2.348600988983e+00  ,2.333134044181e+00  ,2.317135987657e+00  ,2.300159012714e+00  ,2.282704683101e+00  ,2.264137744592e+00  ,2.244748413559e+00  ,2.224263394059e+00  ,2.202701048329e+00  ,2.179675185520e+00  ,2.155242443774e+00  ,2.129127937783e+00  ,2.101331350412e+00  ,2.071193961449e+00  ,2.038567371025e+00  ,2.003543115966e+00  ,1.964969477321e+00  ,1.932366005195e+00  ,1.900647470484e+00  ,1.865851414818e+00  ,1.827288156045e+00  ,1.785333370178e+00  ,1.737578876980e+00  ,1.684229667334e+00  ,1.622395655598e+00  ,1.550191075346e+00  
  6.172054811960e-07  ,2.417080225633e+00  ,2.404331656933e+00  ,2.391194265619e+00  ,2.377421244964e+00  ,2.363213390066e+00  ,2.348600988983e+00  ,2.333134044181e+00  ,2.317135987657e+00  ,2.300159012714e+00  ,2.282704683101e+00  ,2.264137744592e+00  ,2.244748413559e+00  ,2.224263394059e+00  ,2.202701048329e+00  ,2.179675185520e+00  ,2.155242443774e+00  ,2.129127937783e+00  ,2.101331350412e+00  ,2.071193961449e+00  ,2.038567371025e+00  ,2.003543115966e+00  ,1.964969477321e+00  ,1.932366005195e+00  ,1.900647470484e+00  ,1.865851414818e+00  ,1.827288156045e+00  ,1.785333370178e+00  ,1.737578876980e+00  ,1.684229667334e+00  ,1.622395655598e+00  ,1.550191075346e+00  
  6.182055353766e-07  ,2.417080225633e+00  ,2.404331656933e+00  ,2.391194265619e+00  ,2.377421244964e+00  ,2.363213390066e+00  ,2.348600988983e+00  ,2.333134044181e+00  ,2.317135987657e+00  ,2.300159012714e+00  ,2.282704683101e+00  ,2.264137744592e+00  ,2.244748413559e+00  ,2.224263394059e+00  ,2.202701048329e+00  ,2.179675185520e+00  ,2.155242443774e+00  ,2.129127937783e+00  ,2.101331350412e+00  ,2.071193961449e+00  ,2.038567371025e+00  ,2.003543115966e+00  ,1.964969477321e+00  ,1.932366005195e+00  ,1.900647470484e+00  ,1.865851414818e+00  ,1.827288156045e+00  ,1.785333370178e+00  ,1.737578876980e+00  ,1.684229667334e+00  ,1.622395655598e+00  ,1.550191075346e+00  
  6.192055895572e-07  ,2.417080225633e+00  ,2.404331656933e+00  ,2.391194265619e+00  ,2.377421244964e+00  ,2.363213390066e+00  ,2.348600988983e+00  ,2.333134044181e+00  ,2.317135987657e+00  ,2.300159012714e+00  ,2.282704683101e+00  ,2.264137744592e+00  ,2.244748413559e+00  ,2.224263394059e+00  ,2.202701048329e+00  ,2.179675185520e+00  ,2.155242443774e+00  ,2.129127937783e+00  ,2.101331350412e+00  ,2.071193961449e+00  ,2.038567371025e+00  ,2.003543115966e+00  ,1.964969477321e+00  ,1.932366005195e+00  ,1.900647470484e+00  ,1.865851414818e+00  ,1.827288156045e+00  ,1.785333370178e+00  ,1.737578876980e+00  ,1.684229667334e+00  ,1.622395655598e+00  ,1.550191075346e+00  
  6.202056437378e-07  ,2.417080225633e+00  ,2.404331656933e+00  ,2.391194265619e+00  ,2.377421244964e+00  ,2.363213390066e+00  ,2.348600988983e+00  ,2.333134044181e+00  ,2.317135987657e+00  ,2.300159012714e+00  ,2.282704683101e+00  ,2.264137744592e+00  ,2.244748413559e+00  ,2.224263394059e+00  ,2.202701048329e+00  ,2.179675185520e+00  ,2.155242443774e+00  ,2.129127937783e+00  ,2.101331350412e+00  ,2.071193961449e+00  ,2.038567371025e+00  ,2.003543115966e+00  ,1.964969477321e+00  ,1.932366005195e+00  ,1.900647470484e+00  ,1.865851414818e+00  ,1.827288156045e+00  ,1.785333370178e+00  ,1.737578876980e+00  ,1.684229667334e+00  ,1.622395655598e+00  ,1.550191075346e+00  
  6.212056979185e-07  ,2.417080225633e+00  ,2.404331656933e+00  ,2.391194265619e+00  ,2.377421244964e+00  ,2.363213390066e+00  ,2.348600988983e+00  ,2.333134044181e+00  ,2.317135987657e+00  ,2.300159012714e+00  ,2.282704683101e+00  ,2.264137744592e+00  ,2.244748413559e+00  ,2.224263394059e+00  ,2.202701048329e+00  ,2.179675185520e+00  ,2.155242443774e+00  ,2.129127937783e+00  ,2.101331350412e+00  ,2.071193961449e+00  ,2.038567371025e+00  ,2.003543115966e+00  ,1.964969477321e+00  ,1.932366005195e+00  ,1.900647470484e+00  ,1.865851414818e+00  ,1.827288156045e+00  ,1.785333370178e+00  ,1.737578876980e+00  ,1.684229667334e+00  ,1.622395655598e+00  ,1.550191075346e+00  
  6.222057520991e-07  ,2.417080225633e+00  ,2.404331656933e+00  ,2.391194265619e+00  ,2.377421244964e+00  ,2.363213390066e+00  ,2.348600988983e+00  ,2.333134044181e+00  ,2.317135987657e+00  ,2.300159012714e+00  ,2.282704683101e+00  ,2.264137744592e+00  ,2.244748413559e+00  ,2.224263394059e+00  ,2.202701048329e+00  ,2.179675185520e+00  ,2.155242443774e+00  ,2.129127937783e+00  ,2.101331350412e+00  ,2.071193961449e+00  ,2.038567371025e+00  ,2.003543115966e+00  ,1.964969477321e+00  ,1.932366005195e+00  ,1.900647470484e+00  ,1.865851414818e+00  ,1.827288156045e+00  ,1.785333370178e+00  ,1.737578876980e+00  ,1.684229667334e+00  ,1.622395655598e+00  ,1.550191075346e+00  
  6.232058062797e-07  ,2.417080225633e+00  ,2.404331656933e+00  ,2.391194265619e+00  ,2.377421244964e+00  ,2.363213390066e+00  ,2.348600988983e+00  ,2.333134044181e+00  ,2.317135987657e+00  ,2.300159012714e+00  ,2.282704683101e+00  ,2.264137744592e+00  ,2.244748413559e+00  ,2.224263394059e+00  ,2.202701048329e+00  ,2.179675185520e+00  ,2.155242443774e+00  ,2.129127937783e+00  ,2.101331350412e+00  ,2.071193961449e+00  ,2.038567371025e+00  ,2.003543115966e+00  ,1.964969477321e+00  ,1.932366005195e+00  ,1.900647470484e+00  ,1.865851414818e+00  ,1.827288156045e+00  ,1.785333370178e+00  ,1.737578876980e+00  ,1.684229667334e+00  ,1.622395655598e+00  ,1.550191075346e+00  
  6.242058604603e-07  ,2.417080225633e+00  ,2.404331656933e+00  ,2.391194265619e+00  ,2.377421244964e+00  ,2.363213390066e+00  ,2.348600988983e+00  ,2.333134044181e+00  ,2.317135987657e+00  ,2.300159012714e+00  ,2.282704683101e+00  ,2.264137744592e+00  ,2.244748413559e+00  ,2.224263394059e+00  ,2.202701048329e+00  ,2.179675185520e+00  ,2.155242443774e+00  ,2.129127937783e+00  ,2.101331350412e+00  ,2.071193961449e+00  ,2.038567371025e+00  ,2.003543115966e+00  ,1.964969477321e+00  ,1.932366005195e+00  ,1.900647470484e+00  ,1.865851414818e+00  ,1.827288156045e+00  ,1.785333370178e+00  ,1.737578876980e+00  ,1.684229667334e+00  ,1.622395655598e+00  ,1.550191075346e+00  
  6.252059146409e-07  ,2.417080225633e+00  ,2.404331656933e+00  ,2.391194265619e+00  ,2.377421244964e+00  ,2.363213390066e+00  ,2.348600988983e+00  ,2.333134044181e+00  ,2.317135987657e+00  ,2.300159012714e+00  ,2.282704683101e+00  ,2.264137744592e+00  ,2.244748413559e+00  ,2.224263394059e+00  ,2.202701048329e+00  ,2.179675185520e+00  ,2.155242443774e+00  ,2.129127937783e+00  ,2.101331350412e+00  ,2.071193961449e+00  ,2.038567371025e+00  ,2.003543115966e+00  ,1.964969477321e+00  ,1.932366005195e+00  ,1.900647470484e+00  ,1.865851414818e+00  ,1.827288156045e+00  ,1.785333370178e+00  ,1.737578876980e+00  ,1.684229667334e+00  ,1.622395655598e+00  ,1.550191075346e+00  
  6.262059688216e-07  ,2.417080225633e+00  ,2.404331656933e+00  ,2.391194265619e+00  ,2.377421244964e+00  ,2.363213390066e+00  ,2.348600988983e+00  ,2.333134044181e+00  ,2.317135987657e+00  ,2.300159012714e+00  ,2.282704683101e+00  ,2.264137744592e+00  ,2.244748413559e+00  ,2.224263394059e+00  ,2.202701048329e+00  ,2.179675185520e+00  ,2.155242443774e+00  ,2.129127937783e+00  ,2.101331350412e+00  ,2.071193961449e+00  ,2.038567371025e+00  ,2.003543115966e+00  ,1.964969477321e+00  ,1.932366005195e+00  ,1.900647470484e+00  ,1.865851414818e+00  ,1.827288156045e+00  ,1.785333370178e+00  ,1.737578876980e+00  ,1.684229667334e+00  ,1.622395655598e+00  ,1.550191075346e+00  
  6.272060230022e-07  ,2.417080225633e+00  ,2.404331656933e+00  ,2.391194265619e+00  ,2.377421244964e+00  ,2.363213390066e+00  ,2.348600988983e+00  ,2.333134044181e+00  ,2.317135987657e+00  ,2.300159012714e+00  ,2.282704683101e+00  ,2.264137744592e+00  ,2.244748413559e+00  ,2.224263394059e+00  ,2.202701048329e+00  ,2.179675185520e+00  ,2.155242443774e+00  ,2.129127937783e+00  ,2.101331350412e+00  ,2.071193961449e+00  ,2.038567371025e+00  ,2.003543115966e+00  ,1.964969477321e+00  ,1.932366005195e+00  ,1.900647470484e+00  ,1.865851414818e+00  ,1.827288156045e+00  ,1.785333370178e+00  ,1.737578876980e+00  ,1.684229667334e+00  ,1.622395655598e+00  ,1.550191075346e+00  
  6.282060771828e-07  ,2.417080225633e+00  ,2.404331656933e+00  ,2.391194265619e+00  ,2.377421244964e+00  ,2.363213390066e+00  ,2.348600988983e+00  ,2.333134044181e+00  ,2.317135987657e+00  ,2.300159012714e+00  ,2.282704683101e+00  ,2.264137744592e+00  ,2.244748413559e+00  ,2.224263394059e+00  ,2.202701048329e+00  ,2.179675185520e+00  ,2.155242443774e+00  ,2.129127937783e+00  ,2.101331350412e+00  ,2.071193961449e+00  ,2.038567371025e+00  ,2.003543115966e+00  ,1.964969477321e+00  ,1.932366005195e+00  ,1.900647470484e+00  ,1.865851414818e+00  ,1.827288156045e+00  ,1.785333370178e+00  ,1.737578876980e+00  ,1.684229667334e+00  ,1.622395655598e+00  ,1.550191075346e+00  
  6.292061313634e-07  ,2.417080225633e+00  ,2.404331656933e+00  ,2.391194265619e+00  ,2.377421244964e+00  ,2.363213390066e+00  ,2.348600988983e+00  ,2.333134044181e+00  ,2.317135987657e+00  ,2.300159012714e+00  ,2.282704683101e+00  ,2.264137744592e+00  ,2.244748413559e+00  ,2.224263394059e+00  ,2.202701048329e+00  ,2.179675185520e+00  ,2.155242443774e+00  ,2.129127937783e+00  ,2.101331350412e+00  ,2.071193961449e+00  ,2.038567371025e+00  ,2.003543115966e+00  ,1.964969477321e+00  ,1.932366005195e+00  ,1.900647470484e+00  ,1.865851414818e+00  ,1.827288156045e+00  ,1.785333370178e+00  ,1.737578876980e+00  ,1.684229667334e+00  ,1.622395655598e+00  ,1.550191075346e+00  
  6.302061855440e-07  ,2.417080225633e+00  ,2.404331656933e+00  ,2.391194265619e+00  ,2.377421244964e+00  ,2.363213390066e+00  ,2.348600988983e+00  ,2.333134044181e+00  ,2.317135987657e+00  ,2.300159012714e+00  ,2.282704683101e+00  ,2.264137744592e+00  ,2.244748413559e+00  ,2.224263394059e+00  ,2.202701048329e+00  ,2.179675185520e+00  ,2.155242443774e+00  ,2.129127937783e+00  ,2.101331350412e+00  ,2.071193961449e+00  ,2.038567371025e+00  ,2.003543115966e+00  ,1.964969477321e+00  ,1.932366005195e+00  ,1.900647470484e+00  ,1.865851414818e+00  ,1.827288156045e+00  ,1.785333370178e+00  ,1.737578876980e+00  ,1.684229667334e+00  ,1.622395655598e+00  ,1.550191075346e+00  
  6.312062397247e-07  ,2.417080225633e+00  ,2.404331656933e+00  ,2.391194265619e+00  ,2.377421244964e+00  ,2.363213390066e+00  ,2.348600988983e+00  ,2.333134044181e+00  ,2.317135987657e+00  ,2.300159012714e+00  ,2.282704683101e+00  ,2.264137744592e+00  ,2.244748413559e+00  ,2.224263394059e+00  ,2.202701048329e+00  ,2.179675185520e+00  ,2.155242443774e+00  ,2.129127937783e+00  ,2.101331350412e+00  ,2.071193961449e+00  ,2.038567371025e+00  ,2.003543115966e+00  ,1.964969477321e+00  ,1.932366005195e+00  ,1.900647470484e+00  ,1.865851414818e+00  ,1.827288156045e+00  ,1.785333370178e+00  ,1.737578876980e+00  ,1.684229667334e+00  ,1.622395655598e+00  ,1.550191075346e+00  
  6.322062939053e-07  ,2.417080225633e+00  ,2.404331656933e+00  ,2.391194265619e+00  ,2.377421244964e+00  ,2.363213390066e+00  ,2.348600988983e+00  ,2.333134044181e+00  ,2.317135987657e+00  ,2.300159012714e+00  ,2.282704683101e+00  ,2.264137744592e+00  ,2.244748413559e+00  ,2.224263394059e+00  ,2.202701048329e+00  ,2.179675185520e+00  ,2.155242443774e+00  ,2.129127937783e+00  ,2.101331350412e+00  ,2.071193961449e+00  ,2.038567371025e+00  ,2.003543115966e+00  ,1.964969477321e+00  ,1.932366005195e+00  ,1.900647470484e+00  ,1.865851414818e+00  ,1.827288156045e+00  ,1.785333370178e+00  ,1.737578876980e+00  ,1.684229667334e+00  ,1.622395655598e+00  ,1.550191075346e+00  
  6.332063480859e-07  ,2.417080225633e+00  ,2.404331656933e+00  ,2.391194265619e+00  ,2.377421244964e+00  ,2.363213390066e+00  ,2.348600988983e+00  ,2.333134044181e+00  ,2.317135987657e+00  ,2.300159012714e+00  ,2.282704683101e+00  ,2.264137744592e+00  ,2.244748413559e+00  ,2.224263394059e+00  ,2.202701048329e+00  ,2.179675185520e+00  ,2.155242443774e+00  ,2.129127937783e+00  ,2.101331350412e+00  ,2.071193961449e+00  ,2.038567371025e+00  ,2.003543115966e+00  ,1.964969477321e+00  ,1.932366005195e+00  ,1.900647470484e+00  ,1.865851414818e+00  ,1.827288156045e+00  ,1.785333370178e+00  ,1.737578876980e+00  ,1.684229667334e+00  ,1.622395655598e+00  ,1.550191075346e+00  
  6.342064022665e-07  ,2.417080225633e+00  ,2.404331656933e+00  ,2.391194265619e+00  ,2.377421244964e+00  ,2.363213390066e+00  ,2.348600988983e+00  ,2.333134044181e+00  ,2.317135987657e+00  ,2.300159012714e+00  ,2.282704683101e+00  ,2.264137744592e+00  ,2.244748413559e+00  ,2.224263394059e+00  ,2.202701048329e+00  ,2.179675185520e+00  ,2.155242443774e+00  ,2.129127937783e+00  ,2.101331350412e+00  ,2.071193961449e+00  ,2.038567371025e+00  ,2.003543115966e+00  ,1.964969477321e+00  ,1.932366005195e+00  ,1.900647470484e+00  ,1.865851414818e+00  ,1.827288156045e+00  ,1.785333370178e+00  ,1.737578876980e+00  ,1.684229667334e+00  ,1.622395655598e+00  ,1.550191075346e+00  
  6.352064564472e-07  ,2.417080225633e+00  ,2.404331656933e+00  ,2.391194265619e+00  ,2.377421244964e+00  ,2.363213390066e+00  ,2.348600988983e+00  ,2.333134044181e+00  ,2.317135987657e+00  ,2.300159012714e+00  ,2.282704683101e+00  ,2.264137744592e+00  ,2.244748413559e+00  ,2.224263394059e+00  ,2.202701048329e+00  ,2.179675185520e+00  ,2.155242443774e+00  ,2.129127937783e+00  ,2.101331350412e+00  ,2.071193961449e+00  ,2.038567371025e+00  ,2.003543115966e+00  ,1.964969477321e+00  ,1.932366005195e+00  ,1.900647470484e+00  ,1.865851414818e+00  ,1.827288156045e+00  ,1.785333370178e+00  ,1.737578876980e+00  ,1.684229667334e+00  ,1.622395655598e+00  ,1.550191075346e+00  
  6.362065106278e-07  ,2.417080225633e+00  ,2.404331656933e+00  ,2.391194265619e+00  ,2.377421244964e+00  ,2.363213390066e+00  ,2.348600988983e+00  ,2.333134044181e+00  ,2.317135987657e+00  ,2.300159012714e+00  ,2.282704683101e+00  ,2.264137744592e+00  ,2.244748413559e+00  ,2.224263394059e+00  ,2.202701048329e+00  ,2.179675185520e+00  ,2.155242443774e+00  ,2.129127937783e+00  ,2.101331350412e+00  ,2.071193961449e+00  ,2.038567371025e+00  ,2.003543115966e+00  ,1.964969477321e+00  ,1.932366005195e+00  ,1.900647470484e+00  ,1.865851414818e+00  ,1.827288156045e+00  ,1.785333370178e+00  ,1.737578876980e+00  ,1.684229667334e+00  ,1.622395655598e+00  ,1.550191075346e+00  
  6.372065648084e-07  ,2.417080225633e+00  ,2.404331656933e+00  ,2.391194265619e+00  ,2.377421244964e+00  ,2.363213390066e+00  ,2.348600988983e+00  ,2.333134044181e+00  ,2.317135987657e+00  ,2.300159012714e+00  ,2.282704683101e+00  ,2.264137744592e+00  ,2.244748413559e+00  ,2.224263394059e+00  ,2.202701048329e+00  ,2.179675185520e+00  ,2.155242443774e+00  ,2.129127937783e+00  ,2.101331350412e+00  ,2.071193961449e+00  ,2.038567371025e+00  ,2.003543115966e+00  ,1.964969477321e+00  ,1.932366005195e+00  ,1.900647470484e+00  ,1.865851414818e+00  ,1.827288156045e+00  ,1.785333370178e+00  ,1.737578876980e+00  ,1.684229667334e+00  ,1.622395655598e+00  ,1.550191075346e+00  
  6.382066189890e-07  ,2.417080225633e+00  ,2.404331656933e+00  ,2.391194265619e+00  ,2.377421244964e+00  ,2.363213390066e+00  ,2.348600988983e+00  ,2.333134044181e+00  ,2.317135987657e+00  ,2.300159012714e+00  ,2.282704683101e+00  ,2.264137744592e+00  ,2.244748413559e+00  ,2.224263394059e+00  ,2.202701048329e+00  ,2.179675185520e+00  ,2.155242443774e+00  ,2.129127937783e+00  ,2.101331350412e+00  ,2.071193961449e+00  ,2.038567371025e+00  ,2.003543115966e+00  ,1.964969477321e+00  ,1.932366005195e+00  ,1.900647470484e+00  ,1.865851414818e+00  ,1.827288156045e+00  ,1.785333370178e+00  ,1.737578876980e+00  ,1.684229667334e+00  ,1.622395655598e+00  ,1.550191075346e+00  
  6.392066731696e-07  ,2.417080225633e+00  ,2.404331656933e+00  ,2.391194265619e+00  ,2.377421244964e+00  ,2.363213390066e+00  ,2.348600988983e+00  ,2.333134044181e+00  ,2.317135987657e+00  ,2.300159012714e+00  ,2.282704683101e+00  ,2.264137744592e+00  ,2.244748413559e+00  ,2.224263394059e+00  ,2.202701048329e+00  ,2.179675185520e+00  ,2.155242443774e+00  ,2.129127937783e+00  ,2.101331350412e+00  ,2.071193961449e+00  ,2.038567371025e+00  ,2.003543115966e+00  ,1.964969477321e+00  ,1.932366005195e+00  ,1.900647470484e+00  ,1.865851414818e+00  ,1.827288156045e+00  ,1.785333370178e+00  ,1.737578876980e+00  ,1.684229667334e+00  ,1.622395655598e+00  ,1.550191075346e+00  
  6.402067273503e-07  ,2.417080225633e+00  ,2.404331656933e+00  ,2.391194265619e+00  ,2.377421244964e+00  ,2.363213390066e+00  ,2.348600988983e+00  ,2.333134044181e+00  ,2.317135987657e+00  ,2.300159012714e+00  ,2.282704683101e+00  ,2.264137744592e+00  ,2.244748413559e+00  ,2.224263394059e+00  ,2.202701048329e+00  ,2.179675185520e+00  ,2.155242443774e+00  ,2.129127937783e+00  ,2.101331350412e+00  ,2.071193961449e+00  ,2.038567371025e+00  ,2.003543115966e+00  ,1.964969477321e+00  ,1.932366005195e+00  ,1.900647470484e+00  ,1.865851414818e+00  ,1.827288156045e+00  ,1.785333370178e+00  ,1.737578876980e+00  ,1.684229667334e+00  ,1.622395655598e+00  ,1.550191075346e+00  
  6.412067815309e-07  ,2.417080225633e+00  ,2.404331656933e+00  ,2.391194265619e+00  ,2.377421244964e+00  ,2.363213390066e+00  ,2.348600988983e+00  ,2.333134044181e+00  ,2.317135987657e+00  ,2.300159012714e+00  ,2.282704683101e+00  ,2.264137744592e+00  ,2.244748413559e+00  ,2.224263394059e+00  ,2.202701048329e+00  ,2.179675185520e+00  ,2.155242443774e+00  ,2.129127937783e+00  ,2.101331350412e+00  ,2.071193961449e+00  ,2.038567371025e+00  ,2.003543115966e+00  ,1.964969477321e+00  ,1.932366005195e+00  ,1.900647470484e+00  ,1.865851414818e+00  ,1.827288156045e+00  ,1.785333370178e+00  ,1.737578876980e+00  ,1.684229667334e+00  ,1.622395655598e+00  ,1.550191075346e+00  
  6.422068357115e-07  ,2.417080225633e+00  ,2.404331656933e+00  ,2.391194265619e+00  ,2.377421244964e+00  ,2.363213390066e+00  ,2.348600988983e+00  ,2.333134044181e+00  ,2.317135987657e+00  ,2.300159012714e+00  ,2.282704683101e+00  ,2.264137744592e+00  ,2.244748413559e+00  ,2.224263394059e+00  ,2.202701048329e+00  ,2.179675185520e+00  ,2.155242443774e+00  ,2.129127937783e+00  ,2.101331350412e+00  ,2.071193961449e+00  ,2.038567371025e+00  ,2.003543115966e+00  ,1.964969477321e+00  ,1.932366005195e+00  ,1.900647470484e+00  ,1.865851414818e+00  ,1.827288156045e+00  ,1.785333370178e+00  ,1.737578876980e+00  ,1.684229667334e+00  ,1.622395655598e+00  ,1.550191075346e+00  
  6.432068898921e-07  ,2.417080225633e+00  ,2.404331656933e+00  ,2.391194265619e+00  ,2.377421244964e+00  ,2.363213390066e+00  ,2.348600988983e+00  ,2.333134044181e+00  ,2.317135987657e+00  ,2.300159012714e+00  ,2.282704683101e+00  ,2.264137744592e+00  ,2.244748413559e+00  ,2.224263394059e+00  ,2.202701048329e+00  ,2.179675185520e+00  ,2.155242443774e+00  ,2.129127937783e+00  ,2.101331350412e+00  ,2.071193961449e+00  ,2.038567371025e+00  ,2.003543115966e+00  ,1.964969477321e+00  ,1.932366005195e+00  ,1.900647470484e+00  ,1.865851414818e+00  ,1.827288156045e+00  ,1.785333370178e+00  ,1.737578876980e+00  ,1.684229667334e+00  ,1.622395655598e+00  ,1.550191075346e+00  
  6.442069440728e-07  ,2.417080225633e+00  ,2.404331656933e+00  ,2.391194265619e+00  ,2.377421244964e+00  ,2.363213390066e+00  ,2.348600988983e+00  ,2.333134044181e+00  ,2.317135987657e+00  ,2.300159012714e+00  ,2.282704683101e+00  ,2.264137744592e+00  ,2.244748413559e+00  ,2.224263394059e+00  ,2.202701048329e+00  ,2.179675185520e+00  ,2.155242443774e+00  ,2.129127937783e+00  ,2.101331350412e+00  ,2.071193961449e+00  ,2.038567371025e+00  ,2.003543115966e+00  ,1.964969477321e+00  ,1.932366005195e+00  ,1.900647470484e+00  ,1.865851414818e+00  ,1.827288156045e+00  ,1.785333370178e+00  ,1.737578876980e+00  ,1.684229667334e+00  ,1.622395655598e+00  ,1.550191075346e+00  
  6.452069982534e-07  ,2.417080225633e+00  ,2.404331656933e+00  ,2.391194265619e+00  ,2.377421244964e+00  ,2.363213390066e+00  ,2.348600988983e+00  ,2.333134044181e+00  ,2.317135987657e+00  ,2.300159012714e+00  ,2.282704683101e+00  ,2.264137744592e+00  ,2.244748413559e+00  ,2.224263394059e+00  ,2.202701048329e+00  ,2.179675185520e+00  ,2.155242443774e+00  ,2.129127937783e+00  ,2.101331350412e+00  ,2.071193961449e+00  ,2.038567371025e+00  ,2.003543115966e+00  ,1.964969477321e+00  ,1.932366005195e+00  ,1.900647470484e+00  ,1.865851414818e+00  ,1.827288156045e+00  ,1.785333370178e+00  ,1.737578876980e+00  ,1.684229667334e+00  ,1.622395655598e+00  ,1.550191075346e+00  
  6.462070524340e-07  ,2.417080225633e+00  ,2.404331656933e+00  ,2.391194265619e+00  ,2.377421244964e+00  ,2.363213390066e+00  ,2.348600988983e+00  ,2.333134044181e+00  ,2.317135987657e+00  ,2.300159012714e+00  ,2.282704683101e+00  ,2.264137744592e+00  ,2.244748413559e+00  ,2.224263394059e+00  ,2.202701048329e+00  ,2.179675185520e+00  ,2.155242443774e+00  ,2.129127937783e+00  ,2.101331350412e+00  ,2.071193961449e+00  ,2.038567371025e+00  ,2.003543115966e+00  ,1.964969477321e+00  ,1.932366005195e+00  ,1.900647470484e+00  ,1.865851414818e+00  ,1.827288156045e+00  ,1.785333370178e+00  ,1.737578876980e+00  ,1.684229667334e+00  ,1.622395655598e+00  ,1.550191075346e+00  
  6.472071066146e-07  ,2.417080225633e+00  ,2.404331656933e+00  ,2.391194265619e+00  ,2.377421244964e+00  ,2.363213390066e+00  ,2.348600988983e+00  ,2.333134044181e+00  ,2.317135987657e+00  ,2.300159012714e+00  ,2.282704683101e+00  ,2.264137744592e+00  ,2.244748413559e+00  ,2.224263394059e+00  ,2.202701048329e+00  ,2.179675185520e+00  ,2.155242443774e+00  ,2.129127937783e+00  ,2.101331350412e+00  ,2.071193961449e+00  ,2.038567371025e+00  ,2.003543115966e+00  ,1.964969477321e+00  ,1.932366005195e+00  ,1.900647470484e+00  ,1.865851414818e+00  ,1.827288156045e+00  ,1.785333370178e+00  ,1.737578876980e+00  ,1.684229667334e+00  ,1.622395655598e+00  ,1.550191075346e+00  
  6.482071607952e-07  ,2.417080225633e+00  ,2.404331656933e+00  ,2.391194265619e+00  ,2.377421244964e+00  ,2.363213390066e+00  ,2.348600988983e+00  ,2.333134044181e+00  ,2.317135987657e+00  ,2.300159012714e+00  ,2.282704683101e+00  ,2.264137744592e+00  ,2.244748413559e+00  ,2.224263394059e+00  ,2.202701048329e+00  ,2.179675185520e+00  ,2.155242443774e+00  ,2.129127937783e+00  ,2.101331350412e+00  ,2.071193961449e+00  ,2.038567371025e+00  ,2.003543115966e+00  ,1.964969477321e+00  ,1.932366005195e+00  ,1.900647470484e+00  ,1.865851414818e+00  ,1.827288156045e+00  ,1.785333370178e+00  ,1.737578876980e+00  ,1.684229667334e+00  ,1.622395655598e+00  ,1.550191075346e+00  
  6.492072149759e-07  ,2.417080225633e+00  ,2.404331656933e+00  ,2.391194265619e+00  ,2.377421244964e+00  ,2.363213390066e+00  ,2.348600988983e+00  ,2.333134044181e+00  ,2.317135987657e+00  ,2.300159012714e+00  ,2.282704683101e+00  ,2.264137744592e+00  ,2.244748413559e+00  ,2.224263394059e+00  ,2.202701048329e+00  ,2.179675185520e+00  ,2.155242443774e+00  ,2.129127937783e+00  ,2.101331350412e+00  ,2.071193961449e+00  ,2.038567371025e+00  ,2.003543115966e+00  ,1.964969477321e+00  ,1.932366005195e+00  ,1.900647470484e+00  ,1.865851414818e+00  ,1.827288156045e+00  ,1.785333370178e+00  ,1.737578876980e+00  ,1.684229667334e+00  ,1.622395655598e+00  ,1.550191075346e+00  
  6.502072691565e-07  ,2.417080225633e+00  ,2.404331656933e+00  ,2.391194265619e+00  ,2.377421244964e+00  ,2.363213390066e+00  ,2.348600988983e+00  ,2.333134044181e+00  ,2.317135987657e+00  ,2.300159012714e+00  ,2.282704683101e+00  ,2.264137744592e+00  ,2.244748413559e+00  ,2.224263394059e+00  ,2.202701048329e+00  ,2.179675185520e+00  ,2.155242443774e+00  ,2.129127937783e+00  ,2.101331350412e+00  ,2.071193961449e+00  ,2.038567371025e+00  ,2.003543115966e+00  ,1.964969477321e+00  ,1.932366005195e+00  ,1.900647470484e+00  ,1.865851414818e+00  ,1.827288156045e+00  ,1.785333370178e+00  ,1.737578876980e+00  ,1.684229667334e+00  ,1.622395655598e+00  ,1.550191075346e+00  
  6.512073233371e-07  ,2.417080225633e+00  ,2.404331656933e+00  ,2.391194265619e+00  ,2.377421244964e+00  ,2.363213390066e+00  ,2.348600988983e+00  ,2.333134044181e+00  ,2.317135987657e+00  ,2.300159012714e+00  ,2.282704683101e+00  ,2.264137744592e+00  ,2.244748413559e+00  ,2.224263394059e+00  ,2.202701048329e+00  ,2.179675185520e+00  ,2.155242443774e+00  ,2.129127937783e+00  ,2.101331350412e+00  ,2.071193961449e+00  ,2.038567371025e+00  ,2.003543115966e+00  ,1.964969477321e+00  ,1.932366005195e+00  ,1.900647470484e+00  ,1.865851414818e+00  ,1.827288156045e+00  ,1.785333370178e+00  ,1.737578876980e+00  ,1.684229667334e+00  ,1.622395655598e+00  ,1.550191075346e+00  
  6.522073775177e-07  ,2.417080225633e+00  ,2.404331656933e+00  ,2.391194265619e+00  ,2.377421244964e+00  ,2.363213390066e+00  ,2.348600988983e+00  ,2.333134044181e+00  ,2.317135987657e+00  ,2.300159012714e+00  ,2.282704683101e+00  ,2.264137744592e+00  ,2.244748413559e+00  ,2.224263394059e+00  ,2.202701048329e+00  ,2.179675185520e+00  ,2.155242443774e+00  ,2.129127937783e+00  ,2.101331350412e+00  ,2.071193961449e+00  ,2.038567371025e+00  ,2.003543115966e+00  ,1.964969477321e+00  ,1.932366005195e+00  ,1.900647470484e+00  ,1.865851414818e+00  ,1.827288156045e+00  ,1.785333370178e+00  ,1.737578876980e+00  ,1.684229667334e+00  ,1.622395655598e+00  ,1.550191075346e+00  
  6.532074316984e-07  ,2.417080225633e+00  ,2.404331656933e+00  ,2.391194265619e+00  ,2.377421244964e+00  ,2.363213390066e+00  ,2.348600988983e+00  ,2.333134044181e+00  ,2.317135987657e+00  ,2.300159012714e+00  ,2.282704683101e+00  ,2.264137744592e+00  ,2.244748413559e+00  ,2.224263394059e+00  ,2.202701048329e+00  ,2.179675185520e+00  ,2.155242443774e+00  ,2.129127937783e+00  ,2.101331350412e+00  ,2.071193961449e+00  ,2.038567371025e+00  ,2.003543115966e+00  ,1.964969477321e+00  ,1.932366005195e+00  ,1.900647470484e+00  ,1.865851414818e+00  ,1.827288156045e+00  ,1.785333370178e+00  ,1.737578876980e+00  ,1.684229667334e+00  ,1.622395655598e+00  ,1.550191075346e+00  
  6.542074858790e-07  ,2.417080225633e+00  ,2.404331656933e+00  ,2.391194265619e+00  ,2.377421244964e+00  ,2.363213390066e+00  ,2.348600988983e+00  ,2.333134044181e+00  ,2.317135987657e+00  ,2.300159012714e+00  ,2.282704683101e+00  ,2.264137744592e+00  ,2.244748413559e+00  ,2.224263394059e+00  ,2.202701048329e+00  ,2.179675185520e+00  ,2.155242443774e+00  ,2.129127937783e+00  ,2.101331350412e+00  ,2.071193961449e+00  ,2.038567371025e+00  ,2.003543115966e+00  ,1.964969477321e+00  ,1.932366005195e+00  ,1.900647470484e+00  ,1.865851414818e+00  ,1.827288156045e+00  ,1.785333370178e+00  ,1.737578876980e+00  ,1.684229667334e+00  ,1.622395655598e+00  ,1.550191075346e+00  
  6.552075400596e-07  ,2.417080225633e+00  ,2.404331656933e+00  ,2.391194265619e+00  ,2.377421244964e+00  ,2.363213390066e+00  ,2.348600988983e+00  ,2.333134044181e+00  ,2.317135987657e+00  ,2.300159012714e+00  ,2.282704683101e+00  ,2.264137744592e+00  ,2.244748413559e+00  ,2.224263394059e+00  ,2.202701048329e+00  ,2.179675185520e+00  ,2.155242443774e+00  ,2.129127937783e+00  ,2.101331350412e+00  ,2.071193961449e+00  ,2.038567371025e+00  ,2.003543115966e+00  ,1.964969477321e+00  ,1.932366005195e+00  ,1.900647470484e+00  ,1.865851414818e+00  ,1.827288156045e+00  ,1.785333370178e+00  ,1.737578876980e+00  ,1.684229667334e+00  ,1.622395655598e+00  ,1.550191075346e+00  
  6.562075942402e-07  ,2.417080225633e+00  ,2.404331656933e+00  ,2.391194265619e+00  ,2.377421244964e+00  ,2.363213390066e+00  ,2.348600988983e+00  ,2.333134044181e+00  ,2.317135987657e+00  ,2.300159012714e+00  ,2.282704683101e+00  ,2.264137744592e+00  ,2.244748413559e+00  ,2.224263394059e+00  ,2.202701048329e+00  ,2.179675185520e+00  ,2.155242443774e+00  ,2.129127937783e+00  ,2.101331350412e+00  ,2.071193961449e+00  ,2.038567371025e+00  ,2.003543115966e+00  ,1.964969477321e+00  ,1.932366005195e+00  ,1.900647470484e+00  ,1.865851414818e+00  ,1.827288156045e+00  ,1.785333370178e+00  ,1.737578876980e+00  ,1.684229667334e+00  ,1.622395655598e+00  ,1.550191075346e+00  
  6.572076484208e-07  ,2.417080225633e+00  ,2.404331656933e+00  ,2.391194265619e+00  ,2.377421244964e+00  ,2.363213390066e+00  ,2.348600988983e+00  ,2.333134044181e+00  ,2.317135987657e+00  ,2.300159012714e+00  ,2.282704683101e+00  ,2.264137744592e+00  ,2.244748413559e+00  ,2.224263394059e+00  ,2.202701048329e+00  ,2.179675185520e+00  ,2.155242443774e+00  ,2.129127937783e+00  ,2.101331350412e+00  ,2.071193961449e+00  ,2.038567371025e+00  ,2.003543115966e+00  ,1.964969477321e+00  ,1.932366005195e+00  ,1.900647470484e+00  ,1.865851414818e+00  ,1.827288156045e+00  ,1.785333370178e+00  ,1.737578876980e+00  ,1.684229667334e+00  ,1.622395655598e+00  ,1.550191075346e+00  
  6.582077026015e-07  ,2.417080225633e+00  ,2.404331656933e+00  ,2.391194265619e+00  ,2.377421244964e+00  ,2.363213390066e+00  ,2.348600988983e+00  ,2.333134044181e+00  ,2.317135987657e+00  ,2.300159012714e+00  ,2.282704683101e+00  ,2.264137744592e+00  ,2.244748413559e+00  ,2.224263394059e+00  ,2.202701048329e+00  ,2.179675185520e+00  ,2.155242443774e+00  ,2.129127937783e+00  ,2.101331350412e+00  ,2.071193961449e+00  ,2.038567371025e+00  ,2.003543115966e+00  ,1.964969477321e+00  ,1.932366005195e+00  ,1.900647470484e+00  ,1.865851414818e+00  ,1.827288156045e+00  ,1.785333370178e+00  ,1.737578876980e+00  ,1.684229667334e+00  ,1.622395655598e+00  ,1.550191075346e+00  
  6.592077567821e-07  ,2.417080225633e+00  ,2.404331656933e+00  ,2.391194265619e+00  ,2.377421244964e+00  ,2.363213390066e+00  ,2.348600988983e+00  ,2.333134044181e+00  ,2.317135987657e+00  ,2.300159012714e+00  ,2.282704683101e+00  ,2.264137744592e+00  ,2.244748413559e+00  ,2.224263394059e+00  ,2.202701048329e+00  ,2.179675185520e+00  ,2.155242443774e+00  ,2.129127937783e+00  ,2.101331350412e+00  ,2.071193961449e+00  ,2.038567371025e+00  ,2.003543115966e+00  ,1.964969477321e+00  ,1.932366005195e+00  ,1.900647470484e+00  ,1.865851414818e+00  ,1.827288156045e+00  ,1.785333370178e+00  ,1.737578876980e+00  ,1.684229667334e+00  ,1.622395655598e+00  ,1.550191075346e+00  
  6.602078109627e-07  ,2.417080225633e+00  ,2.404331656933e+00  ,2.391194265619e+00  ,2.377421244964e+00  ,2.363213390066e+00  ,2.348600988983e+00  ,2.333134044181e+00  ,2.317135987657e+00  ,2.300159012714e+00  ,2.282704683101e+00  ,2.264137744592e+00  ,2.244748413559e+00  ,2.224263394059e+00  ,2.202701048329e+00  ,2.179675185520e+00  ,2.155242443774e+00  ,2.129127937783e+00  ,2.101331350412e+00  ,2.071193961449e+00  ,2.038567371025e+00  ,2.003543115966e+00  ,1.964969477321e+00  ,1.932366005195e+00  ,1.900647470484e+00  ,1.865851414818e+00  ,1.827288156045e+00  ,1.785333370178e+00  ,1.737578876980e+00  ,1.684229667334e+00  ,1.622395655598e+00  ,1.550191075346e+00  
  6.612078651433e-07  ,2.417080225633e+00  ,2.404331656933e+00  ,2.391194265619e+00  ,2.377421244964e+00  ,2.363213390066e+00  ,2.348600988983e+00  ,2.333134044181e+00  ,2.317135987657e+00  ,2.300159012714e+00  ,2.282704683101e+00  ,2.264137744592e+00  ,2.244748413559e+00  ,2.224263394059e+00  ,2.202701048329e+00  ,2.179675185520e+00  ,2.155242443774e+00  ,2.129127937783e+00  ,2.101331350412e+00  ,2.071193961449e+00  ,2.038567371025e+00  ,2.003543115966e+00  ,1.964969477321e+00  ,1.932366005195e+00  ,1.900647470484e+00  ,1.865851414818e+00  ,1.827288156045e+00  ,1.785333370178e+00  ,1.737578876980e+00  ,1.684229667334e+00  ,1.622395655598e+00  ,1.550191075346e+00  
  6.622079193240e-07  ,2.417080225633e+00  ,2.404331656933e+00  ,2.391194265619e+00  ,2.377421244964e+00  ,2.363213390066e+00  ,2.348600988983e+00  ,2.333134044181e+00  ,2.317135987657e+00  ,2.300159012714e+00  ,2.282704683101e+00  ,2.264137744592e+00  ,2.244748413559e+00  ,2.224263394059e+00  ,2.202701048329e+00  ,2.179675185520e+00  ,2.155242443774e+00  ,2.129127937783e+00  ,2.101331350412e+00  ,2.071193961449e+00  ,2.038567371025e+00  ,2.003543115966e+00  ,1.964969477321e+00  ,1.932366005195e+00  ,1.900647470484e+00  ,1.865851414818e+00  ,1.827288156045e+00  ,1.785333370178e+00  ,1.737578876980e+00  ,1.684229667334e+00  ,1.622395655598e+00  ,1.550191075346e+00  
  6.632079735046e-07  ,2.417080225633e+00  ,2.404331656933e+00  ,2.391194265619e+00  ,2.377421244964e+00  ,2.363213390066e+00  ,2.348600988983e+00  ,2.333134044181e+00  ,2.317135987657e+00  ,2.300159012714e+00  ,2.282704683101e+00  ,2.264137744592e+00  ,2.244748413559e+00  ,2.224263394059e+00  ,2.202701048329e+00  ,2.179675185520e+00  ,2.155242443774e+00  ,2.129127937783e+00  ,2.101331350412e+00  ,2.071193961449e+00  ,2.038567371025e+00  ,2.003543115966e+00  ,1.964969477321e+00  ,1.932366005195e+00  ,1.900647470484e+00  ,1.865851414818e+00  ,1.827288156045e+00  ,1.785333370178e+00  ,1.737578876980e+00  ,1.684229667334e+00  ,1.622395655598e+00  ,1.550191075346e+00  
  6.642080276852e-07  ,2.417080225633e+00  ,2.404331656933e+00  ,2.391194265619e+00  ,2.377421244964e+00  ,2.363213390066e+00  ,2.348600988983e+00  ,2.333134044181e+00  ,2.317135987657e+00  ,2.300159012714e+00  ,2.282704683101e+00  ,2.264137744592e+00  ,2.244748413559e+00  ,2.224263394059e+00  ,2.202701048329e+00  ,2.179675185520e+00  ,2.155242443774e+00  ,2.129127937783e+00  ,2.101331350412e+00  ,2.071193961449e+00  ,2.038567371025e+00  ,2.003543115966e+00  ,1.964969477321e+00  ,1.932366005195e+00  ,1.900647470484e+00  ,1.865851414818e+00  ,1.827288156045e+00  ,1.785333370178e+00  ,1.737578876980e+00  ,1.684229667334e+00  ,1.622395655598e+00  ,1.550191075346e+00  
  6.652080818658e-07  ,2.417080225633e+00  ,2.404331656933e+00  ,2.391194265619e+00  ,2.377421244964e+00  ,2.363213390066e+00  ,2.348600988983e+00  ,2.333134044181e+00  ,2.317135987657e+00  ,2.300159012714e+00  ,2.282704683101e+00  ,2.264137744592e+00  ,2.244748413559e+00  ,2.224263394059e+00  ,2.202701048329e+00  ,2.179675185520e+00  ,2.155242443774e+00  ,2.129127937783e+00  ,2.101331350412e+00  ,2.071193961449e+00  ,2.038567371025e+00  ,2.003543115966e+00  ,1.964969477321e+00  ,1.932366005195e+00  ,1.900647470484e+00  ,1.865851414818e+00  ,1.827288156045e+00  ,1.785333370178e+00  ,1.737578876980e+00  ,1.684229667334e+00  ,1.622395655598e+00  ,1.550191075346e+00  
  6.662081360464e-07  ,2.417080225633e+00  ,2.404331656933e+00  ,2.391194265619e+00  ,2.377421244964e+00  ,2.363213390066e+00  ,2.348600988983e+00  ,2.333134044181e+00  ,2.317135987657e+00  ,2.300159012714e+00  ,2.282704683101e+00  ,2.264137744592e+00  ,2.244748413559e+00  ,2.224263394059e+00  ,2.202701048329e+00  ,2.179675185520e+00  ,2.155242443774e+00  ,2.129127937783e+00  ,2.101331350412e+00  ,2.071193961449e+00  ,2.038567371025e+00  ,2.003543115966e+00  ,1.964969477321e+00  ,1.932366005195e+00  ,1.900647470484e+00  ,1.865851414818e+00  ,1.827288156045e+00  ,1.785333370178e+00  ,1.737578876980e+00  ,1.684229667334e+00  ,1.622395655598e+00  ,1.550191075346e+00  
  6.672081902271e-07  ,2.417080225633e+00  ,2.404331656933e+00  ,2.391194265619e+00  ,2.377421244964e+00  ,2.363213390066e+00  ,2.348600988983e+00  ,2.333134044181e+00  ,2.317135987657e+00  ,2.300159012714e+00  ,2.282704683101e+00  ,2.264137744592e+00  ,2.244748413559e+00  ,2.224263394059e+00  ,2.202701048329e+00  ,2.179675185520e+00  ,2.155242443774e+00  ,2.129127937783e+00  ,2.101331350412e+00  ,2.071193961449e+00  ,2.038567371025e+00  ,2.003543115966e+00  ,1.964969477321e+00  ,1.932366005195e+00  ,1.900647470484e+00  ,1.865851414818e+00  ,1.827288156045e+00  ,1.785333370178e+00  ,1.737578876980e+00  ,1.684229667334e+00  ,1.622395655598e+00  ,1.550191075346e+00  
  6.682082444077e-07  ,2.417080225633e+00  ,2.404331656933e+00  ,2.391194265619e+00  ,2.377421244964e+00  ,2.363213390066e+00  ,2.348600988983e+00  ,2.333134044181e+00  ,2.317135987657e+00  ,2.300159012714e+00  ,2.282704683101e+00  ,2.264137744592e+00  ,2.244748413559e+00  ,2.224263394059e+00  ,2.202701048329e+00  ,2.179675185520e+00  ,2.155242443774e+00  ,2.129127937783e+00  ,2.101331350412e+00  ,2.071193961449e+00  ,2.038567371025e+00  ,2.003543115966e+00  ,1.964969477321e+00  ,1.932366005195e+00  ,1.900647470484e+00  ,1.865851414818e+00  ,1.827288156045e+00  ,1.785333370178e+00  ,1.737578876980e+00  ,1.684229667334e+00  ,1.622395655598e+00  ,1.550191075346e+00  
  6.692082985883e-07  ,2.417080225633e+00  ,2.404331656933e+00  ,2.391194265619e+00  ,2.377421244964e+00  ,2.363213390066e+00  ,2.348600988983e+00  ,2.333134044181e+00  ,2.317135987657e+00  ,2.300159012714e+00  ,2.282704683101e+00  ,2.264137744592e+00  ,2.244748413559e+00  ,2.224263394059e+00  ,2.202701048329e+00  ,2.179675185520e+00  ,2.155242443774e+00  ,2.129127937783e+00  ,2.101331350412e+00  ,2.071193961449e+00  ,2.038567371025e+00  ,2.003543115966e+00  ,1.964969477321e+00  ,1.932366005195e+00  ,1.900647470484e+00  ,1.865851414818e+00  ,1.827288156045e+00  ,1.785333370178e+00  ,1.737578876980e+00  ,1.684229667334e+00  ,1.622395655598e+00  ,1.550191075346e+00  
  6.702083527689e-07  ,2.417080225633e+00  ,2.404331656933e+00  ,2.391194265619e+00  ,2.377421244964e+00  ,2.363213390066e+00  ,2.348600988983e+00  ,2.333134044181e+00  ,2.317135987657e+00  ,2.300159012714e+00  ,2.282704683101e+00  ,2.264137744592e+00  ,2.244748413559e+00  ,2.224263394059e+00  ,2.202701048329e+00  ,2.179675185520e+00  ,2.155242443774e+00  ,2.129127937783e+00  ,2.101331350412e+00  ,2.071193961449e+00  ,2.038567371025e+00  ,2.003543115966e+00  ,1.964969477321e+00  ,1.932366005195e+00  ,1.900647470484e+00  ,1.865851414818e+00  ,1.827288156045e+00  ,1.785333370178e+00  ,1.737578876980e+00  ,1.684229667334e+00  ,1.622395655598e+00  ,1.550191075346e+00  
  6.712084069496e-07  ,2.417080225633e+00  ,2.404331656933e+00  ,2.391194265619e+00  ,2.377421244964e+00  ,2.363213390066e+00  ,2.348600988983e+00  ,2.333134044181e+00  ,2.317135987657e+00  ,2.300159012714e+00  ,2.282704683101e+00  ,2.264137744592e+00  ,2.244748413559e+00  ,2.224263394059e+00  ,2.202701048329e+00  ,2.179675185520e+00  ,2.155242443774e+00  ,2.129127937783e+00  ,2.101331350412e+00  ,2.071193961449e+00  ,2.038567371025e+00  ,2.003543115966e+00  ,1.964969477321e+00  ,1.932366005195e+00  ,1.900647470484e+00  ,1.865851414818e+00  ,1.827288156045e+00  ,1.785333370178e+00  ,1.737578876980e+00  ,1.684229667334e+00  ,1.622395655598e+00  ,1.550191075346e+00  
  6.722084611302e-07  ,2.417080225633e+00  ,2.404331656933e+00  ,2.391194265619e+00  ,2.377421244964e+00  ,2.363213390066e+00  ,2.348600988983e+00  ,2.333134044181e+00  ,2.317135987657e+00  ,2.300159012714e+00  ,2.282704683101e+00  ,2.264137744592e+00  ,2.244748413559e+00  ,2.224263394059e+00  ,2.202701048329e+00  ,2.179675185520e+00  ,2.155242443774e+00  ,2.129127937783e+00  ,2.101331350412e+00  ,2.071193961449e+00  ,2.038567371025e+00  ,2.003543115966e+00  ,1.964969477321e+00  ,1.932366005195e+00  ,1.900647470484e+00  ,1.865851414818e+00  ,1.827288156045e+00  ,1.785333370178e+00  ,1.737578876980e+00  ,1.684229667334e+00  ,1.622395655598e+00  ,1.550191075346e+00  
  6.732085153108e-07  ,2.417080225633e+00  ,2.404331656933e+00  ,2.391194265619e+00  ,2.377421244964e+00  ,2.363213390066e+00  ,2.348600988983e+00  ,2.333134044181e+00  ,2.317135987657e+00  ,2.300159012714e+00  ,2.282704683101e+00  ,2.264137744592e+00  ,2.244748413559e+00  ,2.224263394059e+00  ,2.202701048329e+00  ,2.179675185520e+00  ,2.155242443774e+00  ,2.129127937783e+00  ,2.101331350412e+00  ,2.071193961449e+00  ,2.038567371025e+00  ,2.003543115966e+00  ,1.964969477321e+00  ,1.932366005195e+00  ,1.900647470484e+00  ,1.865851414818e+00  ,1.827288156045e+00  ,1.785333370178e+00  ,1.737578876980e+00  ,1.684229667334e+00  ,1.622395655598e+00  ,1.550191075346e+00  
  6.742085694914e-07  ,2.417080225633e+00  ,2.404331656933e+00  ,2.391194265619e+00  ,2.377421244964e+00  ,2.363213390066e+00  ,2.348600988983e+00  ,2.333134044181e+00  ,2.317135987657e+00  ,2.300159012714e+00  ,2.282704683101e+00  ,2.264137744592e+00  ,2.244748413559e+00  ,2.224263394059e+00  ,2.202701048329e+00  ,2.179675185520e+00  ,2.155242443774e+00  ,2.129127937783e+00  ,2.101331350412e+00  ,2.071193961449e+00  ,2.038567371025e+00  ,2.003543115966e+00  ,1.964969477321e+00  ,1.932366005195e+00  ,1.900647470484e+00  ,1.865851414818e+00  ,1.827288156045e+00  ,1.785333370178e+00  ,1.737578876980e+00  ,1.684229667334e+00  ,1.622395655598e+00  ,1.550191075346e+00  
  6.752086236720e-07  ,2.417080225633e+00  ,2.404331656933e+00  ,2.391194265619e+00  ,2.377421244964e+00  ,2.363213390066e+00  ,2.348600988983e+00  ,2.333134044181e+00  ,2.317135987657e+00  ,2.300159012714e+00  ,2.282704683101e+00  ,2.264137744592e+00  ,2.244748413559e+00  ,2.224263394059e+00  ,2.202701048329e+00  ,2.179675185520e+00  ,2.155242443774e+00  ,2.129127937783e+00  ,2.101331350412e+00  ,2.071193961449e+00  ,2.038567371025e+00  ,2.003543115966e+00  ,1.964969477321e+00  ,1.932366005195e+00  ,1.900647470484e+00  ,1.865851414818e+00  ,1.827288156045e+00  ,1.785333370178e+00  ,1.737578876980e+00  ,1.684229667334e+00  ,1.622395655598e+00  ,1.550191075346e+00  
  6.762086778527e-07  ,2.417080225633e+00  ,2.404331656933e+00  ,2.391194265619e+00  ,2.377421244964e+00  ,2.363213390066e+00  ,2.348600988983e+00  ,2.333134044181e+00  ,2.317135987657e+00  ,2.300159012714e+00  ,2.282704683101e+00  ,2.264137744592e+00  ,2.244748413559e+00  ,2.224263394059e+00  ,2.202701048329e+00  ,2.179675185520e+00  ,2.155242443774e+00  ,2.129127937783e+00  ,2.101331350412e+00  ,2.071193961449e+00  ,2.038567371025e+00  ,2.003543115966e+00  ,1.964969477321e+00  ,1.932366005195e+00  ,1.900647470484e+00  ,1.865851414818e+00  ,1.827288156045e+00  ,1.785333370178e+00  ,1.737578876980e+00  ,1.684229667334e+00  ,1.622395655598e+00  ,1.550191075346e+00  
  6.772087320333e-07  ,2.417080225633e+00  ,2.404331656933e+00  ,2.391194265619e+00  ,2.377421244964e+00  ,2.363213390066e+00  ,2.348600988983e+00  ,2.333134044181e+00  ,2.317135987657e+00  ,2.300159012714e+00  ,2.282704683101e+00  ,2.264137744592e+00  ,2.244748413559e+00  ,2.224263394059e+00  ,2.202701048329e+00  ,2.179675185520e+00  ,2.155242443774e+00  ,2.129127937783e+00  ,2.101331350412e+00  ,2.071193961449e+00  ,2.038567371025e+00  ,2.003543115966e+00  ,1.964969477321e+00  ,1.932366005195e+00  ,1.900647470484e+00  ,1.865851414818e+00  ,1.827288156045e+00  ,1.785333370178e+00  ,1.737578876980e+00  ,1.684229667334e+00  ,1.622395655598e+00  ,1.550191075346e+00  
  6.782087862139e-07  ,2.417080225633e+00  ,2.404331656933e+00  ,2.391194265619e+00  ,2.377421244964e+00  ,2.363213390066e+00  ,2.348600988983e+00  ,2.333134044181e+00  ,2.317135987657e+00  ,2.300159012714e+00  ,2.282704683101e+00  ,2.264137744592e+00  ,2.244748413559e+00  ,2.224263394059e+00  ,2.202701048329e+00  ,2.179675185520e+00  ,2.155242443774e+00  ,2.129127937783e+00  ,2.101331350412e+00  ,2.071193961449e+00  ,2.038567371025e+00  ,2.003543115966e+00  ,1.964969477321e+00  ,1.932366005195e+00  ,1.900647470484e+00  ,1.865851414818e+00  ,1.827288156045e+00  ,1.785333370178e+00  ,1.737578876980e+00  ,1.684229667334e+00  ,1.622395655598e+00  ,1.550191075346e+00  
  6.792088403945e-07  ,2.417080225633e+00  ,2.404331656933e+00  ,2.391194265619e+00  ,2.377421244964e+00  ,2.363213390066e+00  ,2.348600988983e+00  ,2.333134044181e+00  ,2.317135987657e+00  ,2.300159012714e+00  ,2.282704683101e+00  ,2.264137744592e+00  ,2.244748413559e+00  ,2.224263394059e+00  ,2.202701048329e+00  ,2.179675185520e+00  ,2.155242443774e+00  ,2.129127937783e+00  ,2.101331350412e+00  ,2.071193961449e+00  ,2.038567371025e+00  ,2.003543115966e+00  ,1.964969477321e+00  ,1.932366005195e+00  ,1.900647470484e+00  ,1.865851414818e+00  ,1.827288156045e+00  ,1.785333370178e+00  ,1.737578876980e+00  ,1.684229667334e+00  ,1.622395655598e+00  ,1.550191075346e+00  
  6.802088945752e-07  ,2.417080225633e+00  ,2.404331656933e+00  ,2.391194265619e+00  ,2.377421244964e+00  ,2.363213390066e+00  ,2.348600988983e+00  ,2.333134044181e+00  ,2.317135987657e+00  ,2.300159012714e+00  ,2.282704683101e+00  ,2.264137744592e+00  ,2.244748413559e+00  ,2.224263394059e+00  ,2.202701048329e+00  ,2.179675185520e+00  ,2.155242443774e+00  ,2.129127937783e+00  ,2.101331350412e+00  ,2.071193961449e+00  ,2.038567371025e+00  ,2.003543115966e+00  ,1.964969477321e+00  ,1.932366005195e+00  ,1.900647470484e+00  ,1.865851414818e+00  ,1.827288156045e+00  ,1.785333370178e+00  ,1.737578876980e+00  ,1.684229667334e+00  ,1.622395655598e+00  ,1.550191075346e+00  
  6.812089487558e-07  ,2.417080225633e+00  ,2.404331656933e+00  ,2.391194265619e+00  ,2.377421244964e+00  ,2.363213390066e+00  ,2.348600988983e+00  ,2.333134044181e+00  ,2.317135987657e+00  ,2.300159012714e+00  ,2.282704683101e+00  ,2.264137744592e+00  ,2.244748413559e+00  ,2.224263394059e+00  ,2.202701048329e+00  ,2.179675185520e+00  ,2.155242443774e+00  ,2.129127937783e+00  ,2.101331350412e+00  ,2.071193961449e+00  ,2.038567371025e+00  ,2.003543115966e+00  ,1.964969477321e+00  ,1.932366005195e+00  ,1.900647470484e+00  ,1.865851414818e+00  ,1.827288156045e+00  ,1.785333370178e+00  ,1.737578876980e+00  ,1.684229667334e+00  ,1.622395655598e+00  ,1.550191075346e+00  
  6.822090029364e-07  ,2.417080225633e+00  ,2.404331656933e+00  ,2.391194265619e+00  ,2.377421244964e+00  ,2.363213390066e+00  ,2.348600988983e+00  ,2.333134044181e+00  ,2.317135987657e+00  ,2.300159012714e+00  ,2.282704683101e+00  ,2.264137744592e+00  ,2.244748413559e+00  ,2.224263394059e+00  ,2.202701048329e+00  ,2.179675185520e+00  ,2.155242443774e+00  ,2.129127937783e+00  ,2.101331350412e+00  ,2.071193961449e+00  ,2.038567371025e+00  ,2.003543115966e+00  ,1.964969477321e+00  ,1.932366005195e+00  ,1.900647470484e+00  ,1.865851414818e+00  ,1.827288156045e+00  ,1.785333370178e+00  ,1.737578876980e+00  ,1.684229667334e+00  ,1.622395655598e+00  ,1.550191075346e+00  
  6.832090571170e-07  ,2.417080225633e+00  ,2.404331656933e+00  ,2.391194265619e+00  ,2.377421244964e+00  ,2.363213390066e+00  ,2.348600988983e+00  ,2.333134044181e+00  ,2.317135987657e+00  ,2.300159012714e+00  ,2.282704683101e+00  ,2.264137744592e+00  ,2.244748413559e+00  ,2.224263394059e+00  ,2.202701048329e+00  ,2.179675185520e+00  ,2.155242443774e+00  ,2.129127937783e+00  ,2.101331350412e+00  ,2.071193961449e+00  ,2.038567371025e+00  ,2.003543115966e+00  ,1.964969477321e+00  ,1.932366005195e+00  ,1.900647470484e+00  ,1.865851414818e+00  ,1.827288156045e+00  ,1.785333370178e+00  ,1.737578876980e+00  ,1.684229667334e+00  ,1.622395655598e+00  ,1.550191075346e+00  
  6.842091112976e-07  ,2.417080225633e+00  ,2.404331656933e+00  ,2.391194265619e+00  ,2.377421244964e+00  ,2.363213390066e+00  ,2.348600988983e+00  ,2.333134044181e+00  ,2.317135987657e+00  ,2.300159012714e+00  ,2.282704683101e+00  ,2.264137744592e+00  ,2.244748413559e+00  ,2.224263394059e+00  ,2.202701048329e+00  ,2.179675185520e+00  ,2.155242443774e+00  ,2.129127937783e+00  ,2.101331350412e+00  ,2.071193961449e+00  ,2.038567371025e+00  ,2.003543115966e+00  ,1.964969477321e+00  ,1.932366005195e+00  ,1.900647470484e+00  ,1.865851414818e+00  ,1.827288156045e+00  ,1.785333370178e+00  ,1.737578876980e+00  ,1.684229667334e+00  ,1.622395655598e+00  ,1.550191075346e+00  
  6.852091654783e-07  ,2.417080225633e+00  ,2.404331656933e+00  ,2.391194265619e+00  ,2.377421244964e+00  ,2.363213390066e+00  ,2.348600988983e+00  ,2.333134044181e+00  ,2.317135987657e+00  ,2.300159012714e+00  ,2.282704683101e+00  ,2.264137744592e+00  ,2.244748413559e+00  ,2.224263394059e+00  ,2.202701048329e+00  ,2.179675185520e+00  ,2.155242443774e+00  ,2.129127937783e+00  ,2.101331350412e+00  ,2.071193961449e+00  ,2.038567371025e+00  ,2.003543115966e+00  ,1.964969477321e+00  ,1.932366005195e+00  ,1.900647470484e+00  ,1.865851414818e+00  ,1.827288156045e+00  ,1.785333370178e+00  ,1.737578876980e+00  ,1.684229667334e+00  ,1.622395655598e+00  ,1.550191075346e+00  
  6.862092196589e-07  ,2.417080225633e+00  ,2.404331656933e+00  ,2.391194265619e+00  ,2.377421244964e+00  ,2.363213390066e+00  ,2.348600988983e+00  ,2.333134044181e+00  ,2.317135987657e+00  ,2.300159012714e+00  ,2.282704683101e+00  ,2.264137744592e+00  ,2.244748413559e+00  ,2.224263394059e+00  ,2.202701048329e+00  ,2.179675185520e+00  ,2.155242443774e+00  ,2.129127937783e+00  ,2.101331350412e+00  ,2.071193961449e+00  ,2.038567371025e+00  ,2.003543115966e+00  ,1.964969477321e+00  ,1.932366005195e+00  ,1.900647470484e+00  ,1.865851414818e+00  ,1.827288156045e+00  ,1.785333370178e+00  ,1.737578876980e+00  ,1.684229667334e+00  ,1.622395655598e+00  ,1.550191075346e+00  
  6.872092738395e-07  ,2.417080225633e+00  ,2.404331656933e+00  ,2.391194265619e+00  ,2.377421244964e+00  ,2.363213390066e+00  ,2.348600988983e+00  ,2.333134044181e+00  ,2.317135987657e+00  ,2.300159012714e+00  ,2.282704683101e+00  ,2.264137744592e+00  ,2.244748413559e+00  ,2.224263394059e+00  ,2.202701048329e+00  ,2.179675185520e+00  ,2.155242443774e+00  ,2.129127937783e+00  ,2.101331350412e+00  ,2.071193961449e+00  ,2.038567371025e+00  ,2.003543115966e+00  ,1.964969477321e+00  ,1.932366005195e+00  ,1.900647470484e+00  ,1.865851414818e+00  ,1.827288156045e+00  ,1.785333370178e+00  ,1.737578876980e+00  ,1.684229667334e+00  ,1.622395655598e+00  ,1.550191075346e+00  
  6.882093280201e-07  ,2.417080225633e+00  ,2.404331656933e+00  ,2.391194265619e+00  ,2.377421244964e+00  ,2.363213390066e+00  ,2.348600988983e+00  ,2.333134044181e+00  ,2.317135987657e+00  ,2.300159012714e+00  ,2.282704683101e+00  ,2.264137744592e+00  ,2.244748413559e+00  ,2.224263394059e+00  ,2.202701048329e+00  ,2.179675185520e+00  ,2.155242443774e+00  ,2.129127937783e+00  ,2.101331350412e+00  ,2.071193961449e+00  ,2.038567371025e+00  ,2.003543115966e+00  ,1.964969477321e+00  ,1.932366005195e+00  ,1.900647470484e+00  ,1.865851414818e+00  ,1.827288156045e+00  ,1.785333370178e+00  ,1.737578876980e+00  ,1.684229667334e+00  ,1.622395655598e+00  ,1.550191075346e+00  
  6.892093822008e-07  ,2.417080225633e+00  ,2.404331656933e+00  ,2.391194265619e+00  ,2.377421244964e+00  ,2.363213390066e+00  ,2.348600988983e+00  ,2.333134044181e+00  ,2.317135987657e+00  ,2.300159012714e+00  ,2.282704683101e+00  ,2.264137744592e+00  ,2.244748413559e+00  ,2.224263394059e+00  ,2.202701048329e+00  ,2.179675185520e+00  ,2.155242443774e+00  ,2.129127937783e+00  ,2.101331350412e+00  ,2.071193961449e+00  ,2.038567371025e+00  ,2.003543115966e+00  ,1.964969477321e+00  ,1.932366005195e+00  ,1.900647470484e+00  ,1.865851414818e+00  ,1.827288156045e+00  ,1.785333370178e+00  ,1.737578876980e+00  ,1.684229667334e+00  ,1.622395655598e+00  ,1.550191075346e+00  
  6.902094363814e-07  ,2.417080225633e+00  ,2.404331656933e+00  ,2.391194265619e+00  ,2.377421244964e+00  ,2.363213390066e+00  ,2.348600988983e+00  ,2.333134044181e+00  ,2.317135987657e+00  ,2.300159012714e+00  ,2.282704683101e+00  ,2.264137744592e+00  ,2.244748413559e+00  ,2.224263394059e+00  ,2.202701048329e+00  ,2.179675185520e+00  ,2.155242443774e+00  ,2.129127937783e+00  ,2.101331350412e+00  ,2.071193961449e+00  ,2.038567371025e+00  ,2.003543115966e+00  ,1.964969477321e+00  ,1.932366005195e+00  ,1.900647470484e+00  ,1.865851414818e+00  ,1.827288156045e+00  ,1.785333370178e+00  ,1.737578876980e+00  ,1.684229667334e+00  ,1.622395655598e+00  ,1.550191075346e+00  
  6.912094905620e-07  ,2.417080225633e+00  ,2.404331656933e+00  ,2.391194265619e+00  ,2.377421244964e+00  ,2.363213390066e+00  ,2.348600988983e+00  ,2.333134044181e+00  ,2.317135987657e+00  ,2.300159012714e+00  ,2.282704683101e+00  ,2.264137744592e+00  ,2.244748413559e+00  ,2.224263394059e+00  ,2.202701048329e+00  ,2.179675185520e+00  ,2.155242443774e+00  ,2.129127937783e+00  ,2.101331350412e+00  ,2.071193961449e+00  ,2.038567371025e+00  ,2.003543115966e+00  ,1.964969477321e+00  ,1.932366005195e+00  ,1.900647470484e+00  ,1.865851414818e+00  ,1.827288156045e+00  ,1.785333370178e+00  ,1.737578876980e+00  ,1.684229667334e+00  ,1.622395655598e+00  ,1.550191075346e+00  
  6.922095447426e-07  ,2.417080225633e+00  ,2.404331656933e+00  ,2.391194265619e+00  ,2.377421244964e+00  ,2.363213390066e+00  ,2.348600988983e+00  ,2.333134044181e+00  ,2.317135987657e+00  ,2.300159012714e+00  ,2.282704683101e+00  ,2.264137744592e+00  ,2.244748413559e+00  ,2.224263394059e+00  ,2.202701048329e+00  ,2.179675185520e+00  ,2.155242443774e+00  ,2.129127937783e+00  ,2.101331350412e+00  ,2.071193961449e+00  ,2.038567371025e+00  ,2.003543115966e+00  ,1.964969477321e+00  ,1.932366005195e+00  ,1.900647470484e+00  ,1.865851414818e+00  ,1.827288156045e+00  ,1.785333370178e+00  ,1.737578876980e+00  ,1.684229667334e+00  ,1.622395655598e+00  ,1.550191075346e+00  
  6.932095989232e-07  ,2.417080225633e+00  ,2.404331656933e+00  ,2.391194265619e+00  ,2.377421244964e+00  ,2.363213390066e+00  ,2.348600988983e+00  ,2.333134044181e+00  ,2.317135987657e+00  ,2.300159012714e+00  ,2.282704683101e+00  ,2.264137744592e+00  ,2.244748413559e+00  ,2.224263394059e+00  ,2.202701048329e+00  ,2.179675185520e+00  ,2.155242443774e+00  ,2.129127937783e+00  ,2.101331350412e+00  ,2.071193961449e+00  ,2.038567371025e+00  ,2.003543115966e+00  ,1.964969477321e+00  ,1.932366005195e+00  ,1.900647470484e+00  ,1.865851414818e+00  ,1.827288156045e+00  ,1.785333370178e+00  ,1.737578876980e+00  ,1.684229667334e+00  ,1.622395655598e+00  ,1.550191075346e+00  
  6.942096531039e-07  ,2.417080225633e+00  ,2.404331656933e+00  ,2.391194265619e+00  ,2.377421244964e+00  ,2.363213390066e+00  ,2.348600988983e+00  ,2.333134044181e+00  ,2.317135987657e+00  ,2.300159012714e+00  ,2.282704683101e+00  ,2.264137744592e+00  ,2.244748413559e+00  ,2.224263394059e+00  ,2.202701048329e+00  ,2.179675185520e+00  ,2.155242443774e+00  ,2.129127937783e+00  ,2.101331350412e+00  ,2.071193961449e+00  ,2.038567371025e+00  ,2.003543115966e+00  ,1.964969477321e+00  ,1.932366005195e+00  ,1.900647470484e+00  ,1.865851414818e+00  ,1.827288156045e+00  ,1.785333370178e+00  ,1.737578876980e+00  ,1.684229667334e+00  ,1.622395655598e+00  ,1.550191075346e+00  
  6.952097072845e-07  ,2.417080225633e+00  ,2.404331656933e+00  ,2.391194265619e+00  ,2.377421244964e+00  ,2.363213390066e+00  ,2.348600988983e+00  ,2.333134044181e+00  ,2.317135987657e+00  ,2.300159012714e+00  ,2.282704683101e+00  ,2.264137744592e+00  ,2.244748413559e+00  ,2.224263394059e+00  ,2.202701048329e+00  ,2.179675185520e+00  ,2.155242443774e+00  ,2.129127937783e+00  ,2.101331350412e+00  ,2.071193961449e+00  ,2.038567371025e+00  ,2.003543115966e+00  ,1.964969477321e+00  ,1.932366005195e+00  ,1.900647470484e+00  ,1.865851414818e+00  ,1.827288156045e+00  ,1.785333370178e+00  ,1.737578876980e+00  ,1.684229667334e+00  ,1.622395655598e+00  ,1.550191075346e+00  
  6.962097614651e-07  ,2.417080225633e+00  ,2.404331656933e+00  ,2.391194265619e+00  ,2.377421244964e+00  ,2.363213390066e+00  ,2.348600988983e+00  ,2.333134044181e+00  ,2.317135987657e+00  ,2.300159012714e+00  ,2.282704683101e+00  ,2.264137744592e+00  ,2.244748413559e+00  ,2.224263394059e+00  ,2.202701048329e+00  ,2.179675185520e+00  ,2.155242443774e+00  ,2.129127937783e+00  ,2.101331350412e+00  ,2.071193961449e+00  ,2.038567371025e+00  ,2.003543115966e+00  ,1.964969477321e+00  ,1.932366005195e+00  ,1.900647470484e+00  ,1.865851414818e+00  ,1.827288156045e+00  ,1.785333370178e+00  ,1.737578876980e+00  ,1.684229667334e+00  ,1.622395655598e+00  ,1.550191075346e+00  
  6.972098156457e-07  ,2.417080225633e+00  ,2.404331656933e+00  ,2.391194265619e+00  ,2.377421244964e+00  ,2.363213390066e+00  ,2.348600988983e+00  ,2.333134044181e+00  ,2.317135987657e+00  ,2.300159012714e+00  ,2.282704683101e+00  ,2.264137744592e+00  ,2.244748413559e+00  ,2.224263394059e+00  ,2.202701048329e+00  ,2.179675185520e+00  ,2.155242443774e+00  ,2.129127937783e+00  ,2.101331350412e+00  ,2.071193961449e+00  ,2.038567371025e+00  ,2.003543115966e+00  ,1.964969477321e+00  ,1.932366005195e+00  ,1.900647470484e+00  ,1.865851414818e+00  ,1.827288156045e+00  ,1.785333370178e+00  ,1.737578876980e+00  ,1.684229667334e+00  ,1.622395655598e+00  ,1.550191075346e+00  
  6.982098698264e-07  ,2.417080225633e+00  ,2.404331656933e+00  ,2.391194265619e+00  ,2.377421244964e+00  ,2.363213390066e+00  ,2.348600988983e+00  ,2.333134044181e+00  ,2.317135987657e+00  ,2.300159012714e+00  ,2.282704683101e+00  ,2.264137744592e+00  ,2.244748413559e+00  ,2.224263394059e+00  ,2.202701048329e+00  ,2.179675185520e+00  ,2.155242443774e+00  ,2.129127937783e+00  ,2.101331350412e+00  ,2.071193961449e+00  ,2.038567371025e+00  ,2.003543115966e+00  ,1.964969477321e+00  ,1.932366005195e+00  ,1.900647470484e+00  ,1.865851414818e+00  ,1.827288156045e+00  ,1.785333370178e+00  ,1.737578876980e+00  ,1.684229667334e+00  ,1.622395655598e+00  ,1.550191075346e+00  
  6.992099240070e-07  ,2.417080225633e+00  ,2.404331656933e+00  ,2.391194265619e+00  ,2.377421244964e+00  ,2.363213390066e+00  ,2.348600988983e+00  ,2.333134044181e+00  ,2.317135987657e+00  ,2.300159012714e+00  ,2.282704683101e+00  ,2.264137744592e+00  ,2.244748413559e+00  ,2.224263394059e+00  ,2.202701048329e+00  ,2.179675185520e+00  ,2.155242443774e+00  ,2.129127937783e+00  ,2.101331350412e+00  ,2.071193961449e+00  ,2.038567371025e+00  ,2.003543115966e+00  ,1.964969477321e+00  ,1.932366005195e+00  ,1.900647470484e+00  ,1.865851414818e+00  ,1.827288156045e+00  ,1.785333370178e+00  ,1.737578876980e+00  ,1.684229667334e+00  ,1.622395655598e+00  ,1.550191075346e+00  
  7.002099781876e-07  ,2.417080225633e+00  ,2.404331656933e+00  ,2.391194265619e+00  ,2.377421244964e+00  ,2.363213390066e+00  ,2.348600988983e+00  ,2.333134044181e+00  ,2.317135987657e+00  ,2.300159012714e+00  ,2.282704683101e+00  ,2.264137744592e+00  ,2.244748413559e+00  ,2.224263394059e+00  ,2.202701048329e+00  ,2.179675185520e+00  ,2.155242443774e+00  ,2.129127937783e+00  ,2.101331350412e+00  ,2.071193961449e+00  ,2.038567371025e+00  ,2.003543115966e+00  ,1.964969477321e+00  ,1.932366005195e+00  ,1.900647470484e+00  ,1.865851414818e+00  ,1.827288156045e+00  ,1.785333370178e+00  ,1.737578876980e+00  ,1.684229667334e+00  ,1.622395655598e+00  ,1.550191075346e+00  
  7.012100323682e-07  ,2.417080225633e+00  ,2.404331656933e+00  ,2.391194265619e+00  ,2.377421244964e+00  ,2.363213390066e+00  ,2.348600988983e+00  ,2.333134044181e+00  ,2.317135987657e+00  ,2.300159012714e+00  ,2.282704683101e+00  ,2.264137744592e+00  ,2.244748413559e+00  ,2.224263394059e+00  ,2.202701048329e+00  ,2.179675185520e+00  ,2.155242443774e+00  ,2.129127937783e+00  ,2.101331350412e+00  ,2.071193961449e+00  ,2.038567371025e+00  ,2.003543115966e+00  ,1.964969477321e+00  ,1.932366005195e+00  ,1.900647470484e+00  ,1.865851414818e+00  ,1.827288156045e+00  ,1.785333370178e+00  ,1.737578876980e+00  ,1.684229667334e+00  ,1.622395655598e+00  ,1.550191075346e+00  
  7.022100865488e-07  ,2.417080225633e+00  ,2.404331656933e+00  ,2.391194265619e+00  ,2.377421244964e+00  ,2.363213390066e+00  ,2.348600988983e+00  ,2.333134044181e+00  ,2.317135987657e+00  ,2.300159012714e+00  ,2.282704683101e+00  ,2.264137744592e+00  ,2.244748413559e+00  ,2.224263394059e+00  ,2.202701048329e+00  ,2.179675185520e+00  ,2.155242443774e+00  ,2.129127937783e+00  ,2.101331350412e+00  ,2.071193961449e+00  ,2.038567371025e+00  ,2.003543115966e+00  ,1.964969477321e+00  ,1.932366005195e+00  ,1.900647470484e+00  ,1.865851414818e+00  ,1.827288156045e+00  ,1.785333370178e+00  ,1.737578876980e+00  ,1.684229667334e+00  ,1.622395655598e+00  ,1.550191075346e+00  
  7.032101407295e-07  ,2.417080225633e+00  ,2.404331656933e+00  ,2.391194265619e+00  ,2.377421244964e+00  ,2.363213390066e+00  ,2.348600988983e+00  ,2.333134044181e+00  ,2.317135987657e+00  ,2.300159012714e+00  ,2.282704683101e+00  ,2.264137744592e+00  ,2.244748413559e+00  ,2.224263394059e+00  ,2.202701048329e+00  ,2.179675185520e+00  ,2.155242443774e+00  ,2.129127937783e+00  ,2.101331350412e+00  ,2.071193961449e+00  ,2.038567371025e+00  ,2.003543115966e+00  ,1.964969477321e+00  ,1.932366005195e+00  ,1.900647470484e+00  ,1.865851414818e+00  ,1.827288156045e+00  ,1.785333370178e+00  ,1.737578876980e+00  ,1.684229667334e+00  ,1.622395655598e+00  ,1.550191075346e+00  
  7.042101949101e-07  ,2.417080225633e+00  ,2.404331656933e+00  ,2.391194265619e+00  ,2.377421244964e+00  ,2.363213390066e+00  ,2.348600988983e+00  ,2.333134044181e+00  ,2.317135987657e+00  ,2.300159012714e+00  ,2.282704683101e+00  ,2.264137744592e+00  ,2.244748413559e+00  ,2.224263394059e+00  ,2.202701048329e+00  ,2.179675185520e+00  ,2.155242443774e+00  ,2.129127937783e+00  ,2.101331350412e+00  ,2.071193961449e+00  ,2.038567371025e+00  ,2.003543115966e+00  ,1.964969477321e+00  ,1.932366005195e+00  ,1.900647470484e+00  ,1.865851414818e+00  ,1.827288156045e+00  ,1.785333370178e+00  ,1.737578876980e+00  ,1.684229667334e+00  ,1.622395655598e+00  ,1.550191075346e+00  
  7.052102490907e-07  ,2.417080225633e+00  ,2.404331656933e+00  ,2.391194265619e+00  ,2.377421244964e+00  ,2.363213390066e+00  ,2.348600988983e+00  ,2.333134044181e+00  ,2.317135987657e+00  ,2.300159012714e+00  ,2.282704683101e+00  ,2.264137744592e+00  ,2.244748413559e+00  ,2.224263394059e+00  ,2.202701048329e+00  ,2.179675185520e+00  ,2.155242443774e+00  ,2.129127937783e+00  ,2.101331350412e+00  ,2.071193961449e+00  ,2.038567371025e+00  ,2.003543115966e+00  ,1.964969477321e+00  ,1.932366005195e+00  ,1.900647470484e+00  ,1.865851414818e+00  ,1.827288156045e+00  ,1.785333370178e+00  ,1.737578876980e+00  ,1.684229667334e+00  ,1.622395655598e+00  ,1.550191075346e+00  
  7.062103032713e-07  ,2.417080225633e+00  ,2.404331656933e+00  ,2.391194265619e+00  ,2.377421244964e+00  ,2.363213390066e+00  ,2.348600988983e+00  ,2.333134044181e+00  ,2.317135987657e+00  ,2.300159012714e+00  ,2.282704683101e+00  ,2.264137744592e+00  ,2.244748413559e+00  ,2.224263394059e+00  ,2.202701048329e+00  ,2.179675185520e+00  ,2.155242443774e+00  ,2.129127937783e+00  ,2.101331350412e+00  ,2.071193961449e+00  ,2.038567371025e+00  ,2.003543115966e+00  ,1.964969477321e+00  ,1.932366005195e+00  ,1.900647470484e+00  ,1.865851414818e+00  ,1.827288156045e+00  ,1.785333370178e+00  ,1.737578876980e+00  ,1.684229667334e+00  ,1.622395655598e+00  ,1.550191075346e+00  
  7.072103574520e-07  ,2.417080225633e+00  ,2.404331656933e+00  ,2.391194265619e+00  ,2.377421244964e+00  ,2.363213390066e+00  ,2.348600988983e+00  ,2.333134044181e+00  ,2.317135987657e+00  ,2.300159012714e+00  ,2.282704683101e+00  ,2.264137744592e+00  ,2.244748413559e+00  ,2.224263394059e+00  ,2.202701048329e+00  ,2.179675185520e+00  ,2.155242443774e+00  ,2.129127937783e+00  ,2.101331350412e+00  ,2.071193961449e+00  ,2.038567371025e+00  ,2.003543115966e+00  ,1.964969477321e+00  ,1.932366005195e+00  ,1.900647470484e+00  ,1.865851414818e+00  ,1.827288156045e+00  ,1.785333370178e+00  ,1.737578876980e+00  ,1.684229667334e+00  ,1.622395655598e+00  ,1.550191075346e+00  
  7.082104116326e-07  ,2.417080225633e+00  ,2.404331656933e+00  ,2.391194265619e+00  ,2.377421244964e+00  ,2.363213390066e+00  ,2.348600988983e+00  ,2.333134044181e+00  ,2.317135987657e+00  ,2.300159012714e+00  ,2.282704683101e+00  ,2.264137744592e+00  ,2.244748413559e+00  ,2.224263394059e+00  ,2.202701048329e+00  ,2.179675185520e+00  ,2.155242443774e+00  ,2.129127937783e+00  ,2.101331350412e+00  ,2.071193961449e+00  ,2.038567371025e+00  ,2.003543115966e+00  ,1.964969477321e+00  ,1.932366005195e+00  ,1.900647470484e+00  ,1.865851414818e+00  ,1.827288156045e+00  ,1.785333370178e+00  ,1.737578876980e+00  ,1.684229667334e+00  ,1.622395655598e+00  ,1.550191075346e+00  
  7.092104658132e-07  ,2.417080225633e+00  ,2.404331656933e+00  ,2.391194265619e+00  ,2.377421244964e+00  ,2.363213390066e+00  ,2.348600988983e+00  ,2.333134044181e+00  ,2.317135987657e+00  ,2.300159012714e+00  ,2.282704683101e+00  ,2.264137744592e+00  ,2.244748413559e+00  ,2.224263394059e+00  ,2.202701048329e+00  ,2.179675185520e+00  ,2.155242443774e+00  ,2.129127937783e+00  ,2.101331350412e+00  ,2.071193961449e+00  ,2.038567371025e+00  ,2.003543115966e+00  ,1.964969477321e+00  ,1.932366005195e+00  ,1.900647470484e+00  ,1.865851414818e+00  ,1.827288156045e+00  ,1.785333370178e+00  ,1.737578876980e+00  ,1.684229667334e+00  ,1.622395655598e+00  ,1.550191075346e+00  
  7.102105199938e-07  ,2.417080225633e+00  ,2.404331656933e+00  ,2.391194265619e+00  ,2.377421244964e+00  ,2.363213390066e+00  ,2.348600988983e+00  ,2.333134044181e+00  ,2.317135987657e+00  ,2.300159012714e+00  ,2.282704683101e+00  ,2.264137744592e+00  ,2.244748413559e+00  ,2.224263394059e+00  ,2.202701048329e+00  ,2.179675185520e+00  ,2.155242443774e+00  ,2.129127937783e+00  ,2.101331350412e+00  ,2.071193961449e+00  ,2.038567371025e+00  ,2.003543115966e+00  ,1.964969477321e+00  ,1.932366005195e+00  ,1.900647470484e+00  ,1.865851414818e+00  ,1.827288156045e+00  ,1.785333370178e+00  ,1.737578876980e+00  ,1.684229667334e+00  ,1.622395655598e+00  ,1.550191075346e+00  
  7.112105741744e-07  ,2.417080225633e+00  ,2.404331656933e+00  ,2.391194265619e+00  ,2.377421244964e+00  ,2.363213390066e+00  ,2.348600988983e+00  ,2.333134044181e+00  ,2.317135987657e+00  ,2.300159012714e+00  ,2.282704683101e+00  ,2.264137744592e+00  ,2.244748413559e+00  ,2.224263394059e+00  ,2.202701048329e+00  ,2.179675185520e+00  ,2.155242443774e+00  ,2.129127937783e+00  ,2.101331350412e+00  ,2.071193961449e+00  ,2.038567371025e+00  ,2.003543115966e+00  ,1.964969477321e+00  ,1.932366005195e+00  ,1.900647470484e+00  ,1.865851414818e+00  ,1.827288156045e+00  ,1.785333370178e+00  ,1.737578876980e+00  ,1.684229667334e+00  ,1.622395655598e+00  ,1.550191075346e+00  
  7.122106283551e-07  ,2.417080225633e+00  ,2.404331656933e+00  ,2.391194265619e+00  ,2.377421244964e+00  ,2.363213390066e+00  ,2.348600988983e+00  ,2.333134044181e+00  ,2.317135987657e+00  ,2.300159012714e+00  ,2.282704683101e+00  ,2.264137744592e+00  ,2.244748413559e+00  ,2.224263394059e+00  ,2.202701048329e+00  ,2.179675185520e+00  ,2.155242443774e+00  ,2.129127937783e+00  ,2.101331350412e+00  ,2.071193961449e+00  ,2.038567371025e+00  ,2.003543115966e+00  ,1.964969477321e+00  ,1.932366005195e+00  ,1.900647470484e+00  ,1.865851414818e+00  ,1.827288156045e+00  ,1.785333370178e+00  ,1.737578876980e+00  ,1.684229667334e+00  ,1.622395655598e+00  ,1.550191075346e+00  
  7.132106825357e-07  ,2.417080225633e+00  ,2.404331656933e+00  ,2.391194265619e+00  ,2.377421244964e+00  ,2.363213390066e+00  ,2.348600988983e+00  ,2.333134044181e+00  ,2.317135987657e+00  ,2.300159012714e+00  ,2.282704683101e+00  ,2.264137744592e+00  ,2.244748413559e+00  ,2.224263394059e+00  ,2.202701048329e+00  ,2.179675185520e+00  ,2.155242443774e+00  ,2.129127937783e+00  ,2.101331350412e+00  ,2.071193961449e+00  ,2.038567371025e+00  ,2.003543115966e+00  ,1.964969477321e+00  ,1.932366005195e+00  ,1.900647470484e+00  ,1.865851414818e+00  ,1.827288156045e+00  ,1.785333370178e+00  ,1.737578876980e+00  ,1.684229667334e+00  ,1.622395655598e+00  ,1.550191075346e+00  
  7.142107367163e-07  ,2.417080225633e+00  ,2.404331656933e+00  ,2.391194265619e+00  ,2.377421244964e+00  ,2.363213390066e+00  ,2.348600988983e+00  ,2.333134044181e+00  ,2.317135987657e+00  ,2.300159012714e+00  ,2.282704683101e+00  ,2.264137744592e+00  ,2.244748413559e+00  ,2.224263394059e+00  ,2.202701048329e+00  ,2.179675185520e+00  ,2.155242443774e+00  ,2.129127937783e+00  ,2.101331350412e+00  ,2.071193961449e+00  ,2.038567371025e+00  ,2.003543115966e+00  ,1.964969477321e+00  ,1.932366005195e+00  ,1.900647470484e+00  ,1.865851414818e+00  ,1.827288156045e+00  ,1.785333370178e+00  ,1.737578876980e+00  ,1.684229667334e+00  ,1.622395655598e+00  ,1.550191075346e+00  
  7.152107908969e-07  ,2.417080225633e+00  ,2.404331656933e+00  ,2.391194265619e+00  ,2.377421244964e+00  ,2.363213390066e+00  ,2.348600988983e+00  ,2.333134044181e+00  ,2.317135987657e+00  ,2.300159012714e+00  ,2.282704683101e+00  ,2.264137744592e+00  ,2.244748413559e+00  ,2.224263394059e+00  ,2.202701048329e+00  ,2.179675185520e+00  ,2.155242443774e+00  ,2.129127937783e+00  ,2.101331350412e+00  ,2.071193961449e+00  ,2.038567371025e+00  ,2.003543115966e+00  ,1.964969477321e+00  ,1.932366005195e+00  ,1.900647470484e+00  ,1.865851414818e+00  ,1.827288156045e+00  ,1.785333370178e+00  ,1.737578876980e+00  ,1.684229667334e+00  ,1.622395655598e+00  ,1.550191075346e+00  
  7.162108450776e-07  ,2.417080225633e+00  ,2.404331656933e+00  ,2.391194265619e+00  ,2.377421244964e+00  ,2.363213390066e+00  ,2.348600988983e+00  ,2.333134044181e+00  ,2.317135987657e+00  ,2.300159012714e+00  ,2.282704683101e+00  ,2.264137744592e+00  ,2.244748413559e+00  ,2.224263394059e+00  ,2.202701048329e+00  ,2.179675185520e+00  ,2.155242443774e+00  ,2.129127937783e+00  ,2.101331350412e+00  ,2.071193961449e+00  ,2.038567371025e+00  ,2.003543115966e+00  ,1.964969477321e+00  ,1.932366005195e+00  ,1.900647470484e+00  ,1.865851414818e+00  ,1.827288156045e+00  ,1.785333370178e+00  ,1.737578876980e+00  ,1.684229667334e+00  ,1.622395655598e+00  ,1.550191075346e+00  
  7.172108992582e-07  ,2.417080225633e+00  ,2.404331656933e+00  ,2.391194265619e+00  ,2.377421244964e+00  ,2.363213390066e+00  ,2.348600988983e+00  ,2.333134044181e+00  ,2.317135987657e+00  ,2.300159012714e+00  ,2.282704683101e+00  ,2.264137744592e+00  ,2.244748413559e+00  ,2.224263394059e+00  ,2.202701048329e+00  ,2.179675185520e+00  ,2.155242443774e+00  ,2.129127937783e+00  ,2.101331350412e+00  ,2.071193961449e+00  ,2.038567371025e+00  ,2.003543115966e+00  ,1.964969477321e+00  ,1.932366005195e+00  ,1.900647470484e+00  ,1.865851414818e+00  ,1.827288156045e+00  ,1.785333370178e+00  ,1.737578876980e+00  ,1.684229667334e+00  ,1.622395655598e+00  ,1.550191075346e+00  
  7.182109534388e-07  ,2.417080225633e+00  ,2.404331656933e+00  ,2.391194265619e+00  ,2.377421244964e+00  ,2.363213390066e+00  ,2.348600988983e+00  ,2.333134044181e+00  ,2.317135987657e+00  ,2.300159012714e+00  ,2.282704683101e+00  ,2.264137744592e+00  ,2.244748413559e+00  ,2.224263394059e+00  ,2.202701048329e+00  ,2.179675185520e+00  ,2.155242443774e+00  ,2.129127937783e+00  ,2.101331350412e+00  ,2.071193961449e+00  ,2.038567371025e+00  ,2.003543115966e+00  ,1.964969477321e+00  ,1.932366005195e+00  ,1.900647470484e+00  ,1.865851414818e+00  ,1.827288156045e+00  ,1.785333370178e+00  ,1.737578876980e+00  ,1.684229667334e+00  ,1.622395655598e+00  ,1.550191075346e+00  
  7.192110076194e-07  ,2.417080225633e+00  ,2.404331656933e+00  ,2.391194265619e+00  ,2.377421244964e+00  ,2.363213390066e+00  ,2.348600988983e+00  ,2.333134044181e+00  ,2.317135987657e+00  ,2.300159012714e+00  ,2.282704683101e+00  ,2.264137744592e+00  ,2.244748413559e+00  ,2.224263394059e+00  ,2.202701048329e+00  ,2.179675185520e+00  ,2.155242443774e+00  ,2.129127937783e+00  ,2.101331350412e+00  ,2.071193961449e+00  ,2.038567371025e+00  ,2.003543115966e+00  ,1.964969477321e+00  ,1.932366005195e+00  ,1.900647470484e+00  ,1.865851414818e+00  ,1.827288156045e+00  ,1.785333370178e+00  ,1.737578876980e+00  ,1.684229667334e+00  ,1.622395655598e+00  ,1.550191075346e+00  
  7.202110618000e-07  ,2.417080225633e+00  ,2.404331656933e+00  ,2.391194265619e+00  ,2.377421244964e+00  ,2.363213390066e+00  ,2.348600988983e+00  ,2.333134044181e+00  ,2.317135987657e+00  ,2.300159012714e+00  ,2.282704683101e+00  ,2.264137744592e+00  ,2.244748413559e+00  ,2.224263394059e+00  ,2.202701048329e+00  ,2.179675185520e+00  ,2.155242443774e+00  ,2.129127937783e+00  ,2.101331350412e+00  ,2.071193961449e+00  ,2.038567371025e+00  ,2.003543115966e+00  ,1.964969477321e+00  ,1.932366005195e+00  ,1.900647470484e+00  ,1.865851414818e+00  ,1.827288156045e+00  ,1.785333370178e+00  ,1.737578876980e+00  ,1.684229667334e+00  ,1.622395655598e+00  ,1.550191075346e+00  
  7.212111159807e-07  ,2.417080225633e+00  ,2.404331656933e+00  ,2.391194265619e+00  ,2.377421244964e+00  ,2.363213390066e+00  ,2.348600988983e+00  ,2.333134044181e+00  ,2.317135987657e+00  ,2.300159012714e+00  ,2.282704683101e+00  ,2.264137744592e+00  ,2.244748413559e+00  ,2.224263394059e+00  ,2.202701048329e+00  ,2.179675185520e+00  ,2.155242443774e+00  ,2.129127937783e+00  ,2.101331350412e+00  ,2.071193961449e+00  ,2.038567371025e+00  ,2.003543115966e+00  ,1.964969477321e+00  ,1.932366005195e+00  ,1.900647470484e+00  ,1.865851414818e+00  ,1.827288156045e+00  ,1.785333370178e+00  ,1.737578876980e+00  ,1.684229667334e+00  ,1.622395655598e+00  ,1.550191075346e+00  
  7.222111701613e-07  ,2.417080225633e+00  ,2.404331656933e+00  ,2.391194265619e+00  ,2.377421244964e+00  ,2.363213390066e+00  ,2.348600988983e+00  ,2.333134044181e+00  ,2.317135987657e+00  ,2.300159012714e+00  ,2.282704683101e+00  ,2.264137744592e+00  ,2.244748413559e+00  ,2.224263394059e+00  ,2.202701048329e+00  ,2.179675185520e+00  ,2.155242443774e+00  ,2.129127937783e+00  ,2.101331350412e+00  ,2.071193961449e+00  ,2.038567371025e+00  ,2.003543115966e+00  ,1.964969477321e+00  ,1.932366005195e+00  ,1.900647470484e+00  ,1.865851414818e+00  ,1.827288156045e+00  ,1.785333370178e+00  ,1.737578876980e+00  ,1.684229667334e+00  ,1.622395655598e+00  ,1.550191075346e+00  
  7.232112243419e-07  ,2.417080225633e+00  ,2.404331656933e+00  ,2.391194265619e+00  ,2.377421244964e+00  ,2.363213390066e+00  ,2.348600988983e+00  ,2.333134044181e+00  ,2.317135987657e+00  ,2.300159012714e+00  ,2.282704683101e+00  ,2.264137744592e+00  ,2.244748413559e+00  ,2.224263394059e+00  ,2.202701048329e+00  ,2.179675185520e+00  ,2.155242443774e+00  ,2.129127937783e+00  ,2.101331350412e+00  ,2.071193961449e+00  ,2.038567371025e+00  ,2.003543115966e+00  ,1.964969477321e+00  ,1.932366005195e+00  ,1.900647470484e+00  ,1.865851414818e+00  ,1.827288156045e+00  ,1.785333370178e+00  ,1.737578876980e+00  ,1.684229667334e+00  ,1.622395655598e+00  ,1.550191075346e+00  
  7.242112785225e-07  ,2.417080225633e+00  ,2.404331656933e+00  ,2.391194265619e+00  ,2.377421244964e+00  ,2.363213390066e+00  ,2.348600988983e+00  ,2.333134044181e+00  ,2.317135987657e+00  ,2.300159012714e+00  ,2.282704683101e+00  ,2.264137744592e+00  ,2.244748413559e+00  ,2.224263394059e+00  ,2.202701048329e+00  ,2.179675185520e+00  ,2.155242443774e+00  ,2.129127937783e+00  ,2.101331350412e+00  ,2.071193961449e+00  ,2.038567371025e+00  ,2.003543115966e+00  ,1.964969477321e+00  ,1.932366005195e+00  ,1.900647470484e+00  ,1.865851414818e+00  ,1.827288156045e+00  ,1.785333370178e+00  ,1.737578876980e+00  ,1.684229667334e+00  ,1.622395655598e+00  ,1.550191075346e+00  
  7.252113327031e-07  ,2.417080225633e+00  ,2.404331656933e+00  ,2.391194265619e+00  ,2.377421244964e+00  ,2.363213390066e+00  ,2.348600988983e+00  ,2.333134044181e+00  ,2.317135987657e+00  ,2.300159012714e+00  ,2.282704683101e+00  ,2.264137744592e+00  ,2.244748413559e+00  ,2.224263394059e+00  ,2.202701048329e+00  ,2.179675185520e+00  ,2.155242443774e+00  ,2.129127937783e+00  ,2.101331350412e+00  ,2.071193961449e+00  ,2.038567371025e+00  ,2.003543115966e+00  ,1.964969477321e+00  ,1.932366005195e+00  ,1.900647470484e+00  ,1.865851414818e+00  ,1.827288156045e+00  ,1.785333370178e+00  ,1.737578876980e+00  ,1.684229667334e+00  ,1.622395655598e+00  ,1.550191075346e+00  
  7.262113868838e-07  ,2.417080225633e+00  ,2.404331656933e+00  ,2.391194265619e+00  ,2.377421244964e+00  ,2.363213390066e+00  ,2.348600988983e+00  ,2.333134044181e+00  ,2.317135987657e+00  ,2.300159012714e+00  ,2.282704683101e+00  ,2.264137744592e+00  ,2.244748413559e+00  ,2.224263394059e+00  ,2.202701048329e+00  ,2.179675185520e+00  ,2.155242443774e+00  ,2.129127937783e+00  ,2.101331350412e+00  ,2.071193961449e+00  ,2.038567371025e+00  ,2.003543115966e+00  ,1.964969477321e+00  ,1.932366005195e+00  ,1.900647470484e+00  ,1.865851414818e+00  ,1.827288156045e+00  ,1.785333370178e+00  ,1.737578876980e+00  ,1.684229667334e+00  ,1.622395655598e+00  ,1.550191075346e+00  
  7.272114410644e-07  ,2.417080225633e+00  ,2.404331656933e+00  ,2.391194265619e+00  ,2.377421244964e+00  ,2.363213390066e+00  ,2.348600988983e+00  ,2.333134044181e+00  ,2.317135987657e+00  ,2.300159012714e+00  ,2.282704683101e+00  ,2.264137744592e+00  ,2.244748413559e+00  ,2.224263394059e+00  ,2.202701048329e+00  ,2.179675185520e+00  ,2.155242443774e+00  ,2.129127937783e+00  ,2.101331350412e+00  ,2.071193961449e+00  ,2.038567371025e+00  ,2.003543115966e+00  ,1.964969477321e+00  ,1.932366005195e+00  ,1.900647470484e+00  ,1.865851414818e+00  ,1.827288156045e+00  ,1.785333370178e+00  ,1.737578876980e+00  ,1.684229667334e+00  ,1.622395655598e+00  ,1.550191075346e+00  
  7.282114952450e-07  ,2.417080225633e+00  ,2.404331656933e+00  ,2.391194265619e+00  ,2.377421244964e+00  ,2.363213390066e+00  ,2.348600988983e+00  ,2.333134044181e+00  ,2.317135987657e+00  ,2.300159012714e+00  ,2.282704683101e+00  ,2.264137744592e+00  ,2.244748413559e+00  ,2.224263394059e+00  ,2.202701048329e+00  ,2.179675185520e+00  ,2.155242443774e+00  ,2.129127937783e+00  ,2.101331350412e+00  ,2.071193961449e+00  ,2.038567371025e+00  ,2.003543115966e+00  ,1.964969477321e+00  ,1.932366005195e+00  ,1.900647470484e+00  ,1.865851414818e+00  ,1.827288156045e+00  ,1.785333370178e+00  ,1.737578876980e+00  ,1.684229667334e+00  ,1.622395655598e+00  ,1.550191075346e+00  
  7.292115494256e-07  ,2.417080225633e+00  ,2.404331656933e+00  ,2.391194265619e+00  ,2.377421244964e+00  ,2.363213390066e+00  ,2.348600988983e+00  ,2.333134044181e+00  ,2.317135987657e+00  ,2.300159012714e+00  ,2.282704683101e+00  ,2.264137744592e+00  ,2.244748413559e+00  ,2.224263394059e+00  ,2.202701048329e+00  ,2.179675185520e+00  ,2.155242443774e+00  ,2.129127937783e+00  ,2.101331350412e+00  ,2.071193961449e+00  ,2.038567371025e+00  ,2.003543115966e+00  ,1.964969477321e+00  ,1.932366005195e+00  ,1.900647470484e+00  ,1.865851414818e+00  ,1.827288156045e+00  ,1.785333370178e+00  ,1.737578876980e+00  ,1.684229667334e+00  ,1.622395655598e+00  ,1.550191075346e+00  
  7.302116036063e-07  ,2.417080225633e+00  ,2.404331656933e+00  ,2.391194265619e+00  ,2.377421244964e+00  ,2.363213390066e+00  ,2.348600988983e+00  ,2.333134044181e+00  ,2.317135987657e+00  ,2.300159012714e+00  ,2.282704683101e+00  ,2.264137744592e+00  ,2.244748413559e+00  ,2.224263394059e+00  ,2.202701048329e+00  ,2.179675185520e+00  ,2.155242443774e+00  ,2.129127937783e+00  ,2.101331350412e+00  ,2.071193961449e+00  ,2.038567371025e+00  ,2.003543115966e+00  ,1.964969477321e+00  ,1.932366005195e+00  ,1.900647470484e+00  ,1.865851414818e+00  ,1.827288156045e+00  ,1.785333370178e+00  ,1.737578876980e+00  ,1.684229667334e+00  ,1.622395655598e+00  ,1.550191075346e+00  
  7.312116577869e-07  ,2.417080225633e+00  ,2.404331656933e+00  ,2.391194265619e+00  ,2.377421244964e+00  ,2.363213390066e+00  ,2.348600988983e+00  ,2.333134044181e+00  ,2.317135987657e+00  ,2.300159012714e+00  ,2.282704683101e+00  ,2.264137744592e+00  ,2.244748413559e+00  ,2.224263394059e+00  ,2.202701048329e+00  ,2.179675185520e+00  ,2.155242443774e+00  ,2.129127937783e+00  ,2.101331350412e+00  ,2.071193961449e+00  ,2.038567371025e+00  ,2.003543115966e+00  ,1.964969477321e+00  ,1.932366005195e+00  ,1.900647470484e+00  ,1.865851414818e+00  ,1.827288156045e+00  ,1.785333370178e+00  ,1.737578876980e+00  ,1.684229667334e+00  ,1.622395655598e+00  ,1.550191075346e+00  
  7.322117119675e-07  ,2.417080225633e+00  ,2.404331656933e+00  ,2.391194265619e+00  ,2.377421244964e+00  ,2.363213390066e+00  ,2.348600988983e+00  ,2.333134044181e+00  ,2.317135987657e+00  ,2.300159012714e+00  ,2.282704683101e+00  ,2.264137744592e+00  ,2.244748413559e+00  ,2.224263394059e+00  ,2.202701048329e+00  ,2.179675185520e+00  ,2.155242443774e+00  ,2.129127937783e+00  ,2.101331350412e+00  ,2.071193961449e+00  ,2.038567371025e+00  ,2.003543115966e+00  ,1.964969477321e+00  ,1.932366005195e+00  ,1.900647470484e+00  ,1.865851414818e+00  ,1.827288156045e+00  ,1.785333370178e+00  ,1.737578876980e+00  ,1.684229667334e+00  ,1.622395655598e+00  ,1.550191075346e+00  
  7.332117661481e-07  ,2.417080225633e+00  ,2.404331656933e+00  ,2.391194265619e+00  ,2.377421244964e+00  ,2.363213390066e+00  ,2.348600988983e+00  ,2.333134044181e+00  ,2.317135987657e+00  ,2.300159012714e+00  ,2.282704683101e+00  ,2.264137744592e+00  ,2.244748413559e+00  ,2.224263394059e+00  ,2.202701048329e+00  ,2.179675185520e+00  ,2.155242443774e+00  ,2.129127937783e+00  ,2.101331350412e+00  ,2.071193961449e+00  ,2.038567371025e+00  ,2.003543115966e+00  ,1.964969477321e+00  ,1.932366005195e+00  ,1.900647470484e+00  ,1.865851414818e+00  ,1.827288156045e+00  ,1.785333370178e+00  ,1.737578876980e+00  ,1.684229667334e+00  ,1.622395655598e+00  ,1.550191075346e+00  
  7.342118203287e-07  ,2.417080225633e+00  ,2.404331656933e+00  ,2.391194265619e+00  ,2.377421244964e+00  ,2.363213390066e+00  ,2.348600988983e+00  ,2.333134044181e+00  ,2.317135987657e+00  ,2.300159012714e+00  ,2.282704683101e+00  ,2.264137744592e+00  ,2.244748413559e+00  ,2.224263394059e+00  ,2.202701048329e+00  ,2.179675185520e+00  ,2.155242443774e+00  ,2.129127937783e+00  ,2.101331350412e+00  ,2.071193961449e+00  ,2.038567371025e+00  ,2.003543115966e+00  ,1.964969477321e+00  ,1.932366005195e+00  ,1.900647470484e+00  ,1.865851414818e+00  ,1.827288156045e+00  ,1.785333370178e+00  ,1.737578876980e+00  ,1.684229667334e+00  ,1.622395655598e+00  ,1.550191075346e+00  
  7.352118745094e-07  ,2.417080225633e+00  ,2.404331656933e+00  ,2.391194265619e+00  ,2.377421244964e+00  ,2.363213390066e+00  ,2.348600988983e+00  ,2.333134044181e+00  ,2.317135987657e+00  ,2.300159012714e+00  ,2.282704683101e+00  ,2.264137744592e+00  ,2.244748413559e+00  ,2.224263394059e+00  ,2.202701048329e+00  ,2.179675185520e+00  ,2.155242443774e+00  ,2.129127937783e+00  ,2.101331350412e+00  ,2.071193961449e+00  ,2.038567371025e+00  ,2.003543115966e+00  ,1.964969477321e+00  ,1.932366005195e+00  ,1.900647470484e+00  ,1.865851414818e+00  ,1.827288156045e+00  ,1.785333370178e+00  ,1.737578876980e+00  ,1.684229667334e+00  ,1.622395655598e+00  ,1.550191075346e+00  
  7.362119286900e-07  ,2.417080225633e+00  ,2.404331656933e+00  ,2.391194265619e+00  ,2.377421244964e+00  ,2.363213390066e+00  ,2.348600988983e+00  ,2.333134044181e+00  ,2.317135987657e+00  ,2.300159012714e+00  ,2.282704683101e+00  ,2.264137744592e+00  ,2.244748413559e+00  ,2.224263394059e+00  ,2.202701048329e+00  ,2.179675185520e+00  ,2.155242443774e+00  ,2.129127937783e+00  ,2.101331350412e+00  ,2.071193961449e+00  ,2.038567371025e+00  ,2.003543115966e+00  ,1.964969477321e+00  ,1.932366005195e+00  ,1.900647470484e+00  ,1.865851414818e+00  ,1.827288156045e+00  ,1.785333370178e+00  ,1.737578876980e+00  ,1.684229667334e+00  ,1.622395655598e+00  ,1.550191075346e+00  
  7.372119828706e-07  ,2.417080225633e+00  ,2.404331656933e+00  ,2.391194265619e+00  ,2.377421244964e+00  ,2.363213390066e+00  ,2.348600988983e+00  ,2.333134044181e+00  ,2.317135987657e+00  ,2.300159012714e+00  ,2.282704683101e+00  ,2.264137744592e+00  ,2.244748413559e+00  ,2.224263394059e+00  ,2.202701048329e+00  ,2.179675185520e+00  ,2.155242443774e+00  ,2.129127937783e+00  ,2.101331350412e+00  ,2.071193961449e+00  ,2.038567371025e+00  ,2.003543115966e+00  ,1.964969477321e+00  ,1.932366005195e+00  ,1.900647470484e+00  ,1.865851414818e+00  ,1.827288156045e+00  ,1.785333370178e+00  ,1.737578876980e+00  ,1.684229667334e+00  ,1.622395655598e+00  ,1.550191075346e+00  
  7.382120370512e-07  ,2.417080225633e+00  ,2.404331656933e+00  ,2.391194265619e+00  ,2.377421244964e+00  ,2.363213390066e+00  ,2.348600988983e+00  ,2.333134044181e+00  ,2.317135987657e+00  ,2.300159012714e+00  ,2.282704683101e+00  ,2.264137744592e+00  ,2.244748413559e+00  ,2.224263394059e+00  ,2.202701048329e+00  ,2.179675185520e+00  ,2.155242443774e+00  ,2.129127937783e+00  ,2.101331350412e+00  ,2.071193961449e+00  ,2.038567371025e+00  ,2.003543115966e+00  ,1.964969477321e+00  ,1.932366005195e+00  ,1.900647470484e+00  ,1.865851414818e+00  ,1.827288156045e+00  ,1.785333370178e+00  ,1.737578876980e+00  ,1.684229667334e+00  ,1.622395655598e+00  ,1.550191075346e+00  
  7.392120912319e-07  ,2.417080225633e+00  ,2.404331656933e+00  ,2.391194265619e+00  ,2.377421244964e+00  ,2.363213390066e+00  ,2.348600988983e+00  ,2.333134044181e+00  ,2.317135987657e+00  ,2.300159012714e+00  ,2.282704683101e+00  ,2.264137744592e+00  ,2.244748413559e+00  ,2.224263394059e+00  ,2.202701048329e+00  ,2.179675185520e+00  ,2.155242443774e+00  ,2.129127937783e+00  ,2.101331350412e+00  ,2.071193961449e+00  ,2.038567371025e+00  ,2.003543115966e+00  ,1.964969477321e+00  ,1.932366005195e+00  ,1.900647470484e+00  ,1.865851414818e+00  ,1.827288156045e+00  ,1.785333370178e+00  ,1.737578876980e+00  ,1.684229667334e+00  ,1.622395655598e+00  ,1.550191075346e+00  
  7.402121454125e-07  ,2.417080225633e+00  ,2.404331656933e+00  ,2.391194265619e+00  ,2.377421244964e+00  ,2.363213390066e+00  ,2.348600988983e+00  ,2.333134044181e+00  ,2.317135987657e+00  ,2.300159012714e+00  ,2.282704683101e+00  ,2.264137744592e+00  ,2.244748413559e+00  ,2.224263394059e+00  ,2.202701048329e+00  ,2.179675185520e+00  ,2.155242443774e+00  ,2.129127937783e+00  ,2.101331350412e+00  ,2.071193961449e+00  ,2.038567371025e+00  ,2.003543115966e+00  ,1.964969477321e+00  ,1.932366005195e+00  ,1.900647470484e+00  ,1.865851414818e+00  ,1.827288156045e+00  ,1.785333370178e+00  ,1.737578876980e+00  ,1.684229667334e+00  ,1.622395655598e+00  ,1.550191075346e+00  
  7.412121995931e-07  ,2.417080225633e+00  ,2.404331656933e+00  ,2.391194265619e+00  ,2.377421244964e+00  ,2.363213390066e+00  ,2.348600988983e+00  ,2.333134044181e+00  ,2.317135987657e+00  ,2.300159012714e+00  ,2.282704683101e+00  ,2.264137744592e+00  ,2.244748413559e+00  ,2.224263394059e+00  ,2.202701048329e+00  ,2.179675185520e+00  ,2.155242443774e+00  ,2.129127937783e+00  ,2.101331350412e+00  ,2.071193961449e+00  ,2.038567371025e+00  ,2.003543115966e+00  ,1.964969477321e+00  ,1.932366005195e+00  ,1.900647470484e+00  ,1.865851414818e+00  ,1.827288156045e+00  ,1.785333370178e+00  ,1.737578876980e+00  ,1.684229667334e+00  ,1.622395655598e+00  ,1.550191075346e+00  
  7.422122537737e-07  ,2.417080225633e+00  ,2.404331656933e+00  ,2.391194265619e+00  ,2.377421244964e+00  ,2.363213390066e+00  ,2.348600988983e+00  ,2.333134044181e+00  ,2.317135987657e+00  ,2.300159012714e+00  ,2.282704683101e+00  ,2.264137744592e+00  ,2.244748413559e+00  ,2.224263394059e+00  ,2.202701048329e+00  ,2.179675185520e+00  ,2.155242443774e+00  ,2.129127937783e+00  ,2.101331350412e+00  ,2.071193961449e+00  ,2.038567371025e+00  ,2.003543115966e+00  ,1.964969477321e+00  ,1.932366005195e+00  ,1.900647470484e+00  ,1.865851414818e+00  ,1.827288156045e+00  ,1.785333370178e+00  ,1.737578876980e+00  ,1.684229667334e+00  ,1.622395655598e+00  ,1.550191075346e+00  
  7.432123079543e-07  ,2.417080225633e+00  ,2.404331656933e+00  ,2.391194265619e+00  ,2.377421244964e+00  ,2.363213390066e+00  ,2.348600988983e+00  ,2.333134044181e+00  ,2.317135987657e+00  ,2.300159012714e+00  ,2.282704683101e+00  ,2.264137744592e+00  ,2.244748413559e+00  ,2.224263394059e+00  ,2.202701048329e+00  ,2.179675185520e+00  ,2.155242443774e+00  ,2.129127937783e+00  ,2.101331350412e+00  ,2.071193961449e+00  ,2.038567371025e+00  ,2.003543115966e+00  ,1.964969477321e+00  ,1.932366005195e+00  ,1.900647470484e+00  ,1.865851414818e+00  ,1.827288156045e+00  ,1.785333370178e+00  ,1.737578876980e+00  ,1.684229667334e+00  ,1.622395655598e+00  ,1.550191075346e+00  
  7.442123621350e-07  ,2.417080225633e+00  ,2.404331656933e+00  ,2.391194265619e+00  ,2.377421244964e+00  ,2.363213390066e+00  ,2.348600988983e+00  ,2.333134044181e+00  ,2.317135987657e+00  ,2.300159012714e+00  ,2.282704683101e+00  ,2.264137744592e+00  ,2.244748413559e+00  ,2.224263394059e+00  ,2.202701048329e+00  ,2.179675185520e+00  ,2.155242443774e+00  ,2.129127937783e+00  ,2.101331350412e+00  ,2.071193961449e+00  ,2.038567371025e+00  ,2.003543115966e+00  ,1.964969477321e+00  ,1.932366005195e+00  ,1.900647470484e+00  ,1.865851414818e+00  ,1.827288156045e+00  ,1.785333370178e+00  ,1.737578876980e+00  ,1.684229667334e+00  ,1.622395655598e+00  ,1.550191075346e+00  
  7.452124163156e-07  ,2.417080225633e+00  ,2.404331656933e+00  ,2.391194265619e+00  ,2.377421244964e+00  ,2.363213390066e+00  ,2.348600988983e+00  ,2.333134044181e+00  ,2.317135987657e+00  ,2.300159012714e+00  ,2.282704683101e+00  ,2.264137744592e+00  ,2.244748413559e+00  ,2.224263394059e+00  ,2.202701048329e+00  ,2.179675185520e+00  ,2.155242443774e+00  ,2.129127937783e+00  ,2.101331350412e+00  ,2.071193961449e+00  ,2.038567371025e+00  ,2.003543115966e+00  ,1.964969477321e+00  ,1.932366005195e+00  ,1.900647470484e+00  ,1.865851414818e+00  ,1.827288156045e+00  ,1.785333370178e+00  ,1.737578876980e+00  ,1.684229667334e+00  ,1.622395655598e+00  ,1.550191075346e+00  
  7.462124704962e-07  ,2.417080225633e+00  ,2.404331656933e+00  ,2.391194265619e+00  ,2.377421244964e+00  ,2.363213390066e+00  ,2.348600988983e+00  ,2.333134044181e+00  ,2.317135987657e+00  ,2.300159012714e+00  ,2.282704683101e+00  ,2.264137744592e+00  ,2.244748413559e+00  ,2.224263394059e+00  ,2.202701048329e+00  ,2.179675185520e+00  ,2.155242443774e+00  ,2.129127937783e+00  ,2.101331350412e+00  ,2.071193961449e+00  ,2.038567371025e+00  ,2.003543115966e+00  ,1.964969477321e+00  ,1.932366005195e+00  ,1.900647470484e+00  ,1.865851414818e+00  ,1.827288156045e+00  ,1.785333370178e+00  ,1.737578876980e+00  ,1.684229667334e+00  ,1.622395655598e+00  ,1.550191075346e+00  
  7.472125246768e-07  ,2.417080225633e+00  ,2.404331656933e+00  ,2.391194265619e+00  ,2.377421244964e+00  ,2.363213390066e+00  ,2.348600988983e+00  ,2.333134044181e+00  ,2.317135987657e+00  ,2.300159012714e+00  ,2.282704683101e+00  ,2.264137744592e+00  ,2.244748413559e+00  ,2.224263394059e+00  ,2.202701048329e+00  ,2.179675185520e+00  ,2.155242443774e+00  ,2.129127937783e+00  ,2.101331350412e+00  ,2.071193961449e+00  ,2.038567371025e+00  ,2.003543115966e+00  ,1.964969477321e+00  ,1.932366005195e+00  ,1.900647470484e+00  ,1.865851414818e+00  ,1.827288156045e+00  ,1.785333370178e+00  ,1.737578876980e+00  ,1.684229667334e+00  ,1.622395655598e+00  ,1.550191075346e+00  
  7.482125788575e-07  ,2.417080225633e+00  ,2.404331656933e+00  ,2.391194265619e+00  ,2.377421244964e+00  ,2.363213390066e+00  ,2.348600988983e+00  ,2.333134044181e+00  ,2.317135987657e+00  ,2.300159012714e+00  ,2.282704683101e+00  ,2.264137744592e+00  ,2.244748413559e+00  ,2.224263394059e+00  ,2.202701048329e+00  ,2.179675185520e+00  ,2.155242443774e+00  ,2.129127937783e+00  ,2.101331350412e+00  ,2.071193961449e+00  ,2.038567371025e+00  ,2.003543115966e+00  ,1.964969477321e+00  ,1.932366005195e+00  ,1.900647470484e+00  ,1.865851414818e+00  ,1.827288156045e+00  ,1.785333370178e+00  ,1.737578876980e+00  ,1.684229667334e+00  ,1.622395655598e+00  ,1.550191075346e+00  
  7.492126330381e-07  ,2.417080225633e+00  ,2.404331656933e+00  ,2.391194265619e+00  ,2.377421244964e+00  ,2.363213390066e+00  ,2.348600988983e+00  ,2.333134044181e+00  ,2.317135987657e+00  ,2.300159012714e+00  ,2.282704683101e+00  ,2.264137744592e+00  ,2.244748413559e+00  ,2.224263394059e+00  ,2.202701048329e+00  ,2.179675185520e+00  ,2.155242443774e+00  ,2.129127937783e+00  ,2.101331350412e+00  ,2.071193961449e+00  ,2.038567371025e+00  ,2.003543115966e+00  ,1.964969477321e+00  ,1.932366005195e+00  ,1.900647470484e+00  ,1.865851414818e+00  ,1.827288156045e+00  ,1.785333370178e+00  ,1.737578876980e+00  ,1.684229667334e+00  ,1.622395655598e+00  ,1.550191075346e+00  
  7.502126872187e-07  ,2.417080225633e+00  ,2.404331656933e+00  ,2.391194265619e+00  ,2.377421244964e+00  ,2.363213390066e+00  ,2.348600988983e+00  ,2.333134044181e+00  ,2.317135987657e+00  ,2.300159012714e+00  ,2.282704683101e+00  ,2.264137744592e+00  ,2.244748413559e+00  ,2.224263394059e+00  ,2.202701048329e+00  ,2.179675185520e+00  ,2.155242443774e+00  ,2.129127937783e+00  ,2.101331350412e+00  ,2.071193961449e+00  ,2.038567371025e+00  ,2.003543115966e+00  ,1.964969477321e+00  ,1.932366005195e+00  ,1.900647470484e+00  ,1.865851414818e+00  ,1.827288156045e+00  ,1.785333370178e+00  ,1.737578876980e+00  ,1.684229667334e+00  ,1.622395655598e+00  ,1.550191075346e+00  
  7.512127413993e-07  ,2.417080225633e+00  ,2.404331656933e+00  ,2.391194265619e+00  ,2.377421244964e+00  ,2.363213390066e+00  ,2.348600988983e+00  ,2.333134044181e+00  ,2.317135987657e+00  ,2.300159012714e+00  ,2.282704683101e+00  ,2.264137744592e+00  ,2.244748413559e+00  ,2.224263394059e+00  ,2.202701048329e+00  ,2.179675185520e+00  ,2.155242443774e+00  ,2.129127937783e+00  ,2.101331350412e+00  ,2.071193961449e+00  ,2.038567371025e+00  ,2.003543115966e+00  ,1.964969477321e+00  ,1.932366005195e+00  ,1.900647470484e+00  ,1.865851414818e+00  ,1.827288156045e+00  ,1.785333370178e+00  ,1.737578876980e+00  ,1.684229667334e+00  ,1.622395655598e+00  ,1.550191075346e+00  
  7.522127955799e-07  ,2.417080225633e+00  ,2.404331656933e+00  ,2.391194265619e+00  ,2.377421244964e+00  ,2.363213390066e+00  ,2.348600988983e+00  ,2.333134044181e+00  ,2.317135987657e+00  ,2.300159012714e+00  ,2.282704683101e+00  ,2.264137744592e+00  ,2.244748413559e+00  ,2.224263394059e+00  ,2.202701048329e+00  ,2.179675185520e+00  ,2.155242443774e+00  ,2.129127937783e+00  ,2.101331350412e+00  ,2.071193961449e+00  ,2.038567371025e+00  ,2.003543115966e+00  ,1.964969477321e+00  ,1.932366005195e+00  ,1.900647470484e+00  ,1.865851414818e+00  ,1.827288156045e+00  ,1.785333370178e+00  ,1.737578876980e+00  ,1.684229667334e+00  ,1.622395655598e+00  ,1.550191075346e+00  
  7.532128497606e-07  ,2.417080225633e+00  ,2.404331656933e+00  ,2.391194265619e+00  ,2.377421244964e+00  ,2.363213390066e+00  ,2.348600988983e+00  ,2.333134044181e+00  ,2.317135987657e+00  ,2.300159012714e+00  ,2.282704683101e+00  ,2.264137744592e+00  ,2.244748413559e+00  ,2.224263394059e+00  ,2.202701048329e+00  ,2.179675185520e+00  ,2.155242443774e+00  ,2.129127937783e+00  ,2.101331350412e+00  ,2.071193961449e+00  ,2.038567371025e+00  ,2.003543115966e+00  ,1.964969477321e+00  ,1.932366005195e+00  ,1.900647470484e+00  ,1.865851414818e+00  ,1.827288156045e+00  ,1.785333370178e+00  ,1.737578876980e+00  ,1.684229667334e+00  ,1.622395655598e+00  ,1.550191075346e+00  
  7.542129039412e-07  ,2.417080225633e+00  ,2.404331656933e+00  ,2.391194265619e+00  ,2.377421244964e+00  ,2.363213390066e+00  ,2.348600988983e+00  ,2.333134044181e+00  ,2.317135987657e+00  ,2.300159012714e+00  ,2.282704683101e+00  ,2.264137744592e+00  ,2.244748413559e+00  ,2.224263394059e+00  ,2.202701048329e+00  ,2.179675185520e+00  ,2.155242443774e+00  ,2.129127937783e+00  ,2.101331350412e+00  ,2.071193961449e+00  ,2.038567371025e+00  ,2.003543115966e+00  ,1.964969477321e+00  ,1.932366005195e+00  ,1.900647470484e+00  ,1.865851414818e+00  ,1.827288156045e+00  ,1.785333370178e+00  ,1.737578876980e+00  ,1.684229667334e+00  ,1.622395655598e+00  ,1.550191075346e+00  
  7.552129581218e-07  ,2.417080225633e+00  ,2.404331656933e+00  ,2.391194265619e+00  ,2.377421244964e+00  ,2.363213390066e+00  ,2.348600988983e+00  ,2.333134044181e+00  ,2.317135987657e+00  ,2.300159012714e+00  ,2.282704683101e+00  ,2.264137744592e+00  ,2.244748413559e+00  ,2.224263394059e+00  ,2.202701048329e+00  ,2.179675185520e+00  ,2.155242443774e+00  ,2.129127937783e+00  ,2.101331350412e+00  ,2.071193961449e+00  ,2.038567371025e+00  ,2.003543115966e+00  ,1.964969477321e+00  ,1.932366005195e+00  ,1.900647470484e+00  ,1.865851414818e+00  ,1.827288156045e+00  ,1.785333370178e+00  ,1.737578876980e+00  ,1.684229667334e+00  ,1.622395655598e+00  ,1.550191075346e+00  
  7.562130123024e-07  ,2.417080225633e+00  ,2.404331656933e+00  ,2.391194265619e+00  ,2.377421244964e+00  ,2.363213390066e+00  ,2.348600988983e+00  ,2.333134044181e+00  ,2.317135987657e+00  ,2.300159012714e+00  ,2.282704683101e+00  ,2.264137744592e+00  ,2.244748413559e+00  ,2.224263394059e+00  ,2.202701048329e+00  ,2.179675185520e+00  ,2.155242443774e+00  ,2.129127937783e+00  ,2.101331350412e+00  ,2.071193961449e+00  ,2.038567371025e+00  ,2.003543115966e+00  ,1.964969477321e+00  ,1.932366005195e+00  ,1.900647470484e+00  ,1.865851414818e+00  ,1.827288156045e+00  ,1.785333370178e+00  ,1.737578876980e+00  ,1.684229667334e+00  ,1.622395655598e+00  ,1.550191075346e+00  
  7.572130664831e-07  ,2.417080225633e+00  ,2.404331656933e+00  ,2.391194265619e+00  ,2.377421244964e+00  ,2.363213390066e+00  ,2.348600988983e+00  ,2.333134044181e+00  ,2.317135987657e+00  ,2.300159012714e+00  ,2.282704683101e+00  ,2.264137744592e+00  ,2.244748413559e+00  ,2.224263394059e+00  ,2.202701048329e+00  ,2.179675185520e+00  ,2.155242443774e+00  ,2.129127937783e+00  ,2.101331350412e+00  ,2.071193961449e+00  ,2.038567371025e+00  ,2.003543115966e+00  ,1.964969477321e+00  ,1.932366005195e+00  ,1.900647470484e+00  ,1.865851414818e+00  ,1.827288156045e+00  ,1.785333370178e+00  ,1.737578876980e+00  ,1.684229667334e+00  ,1.622395655598e+00  ,1.550191075346e+00  
  7.582131206637e-07  ,2.417080225633e+00  ,2.404331656933e+00  ,2.391194265619e+00  ,2.377421244964e+00  ,2.363213390066e+00  ,2.348600988983e+00  ,2.333134044181e+00  ,2.317135987657e+00  ,2.300159012714e+00  ,2.282704683101e+00  ,2.264137744592e+00  ,2.244748413559e+00  ,2.224263394059e+00  ,2.202701048329e+00  ,2.179675185520e+00  ,2.155242443774e+00  ,2.129127937783e+00  ,2.101331350412e+00  ,2.071193961449e+00  ,2.038567371025e+00  ,2.003543115966e+00  ,1.964969477321e+00  ,1.932366005195e+00  ,1.900647470484e+00  ,1.865851414818e+00  ,1.827288156045e+00  ,1.785333370178e+00  ,1.737578876980e+00  ,1.684229667334e+00  ,1.622395655598e+00  ,1.550191075346e+00  
  7.592131748443e-07  ,2.417080225633e+00  ,2.404331656933e+00  ,2.391194265619e+00  ,2.377421244964e+00  ,2.363213390066e+00  ,2.348600988983e+00  ,2.333134044181e+00  ,2.317135987657e+00  ,2.300159012714e+00  ,2.282704683101e+00  ,2.264137744592e+00  ,2.244748413559e+00  ,2.224263394059e+00  ,2.202701048329e+00  ,2.179675185520e+00  ,2.155242443774e+00  ,2.129127937783e+00  ,2.101331350412e+00  ,2.071193961449e+00  ,2.038567371025e+00  ,2.003543115966e+00  ,1.964969477321e+00  ,1.932366005195e+00  ,1.900647470484e+00  ,1.865851414818e+00  ,1.827288156045e+00  ,1.785333370178e+00  ,1.737578876980e+00  ,1.684229667334e+00  ,1.622395655598e+00  ,1.550191075346e+00  
  7.602132290249e-07  ,2.417080225633e+00  ,2.404331656933e+00  ,2.391194265619e+00  ,2.377421244964e+00  ,2.363213390066e+00  ,2.348600988983e+00  ,2.333134044181e+00  ,2.317135987657e+00  ,2.300159012714e+00  ,2.282704683101e+00  ,2.264137744592e+00  ,2.244748413559e+00  ,2.224263394059e+00  ,2.202701048329e+00  ,2.179675185520e+00  ,2.155242443774e+00  ,2.129127937783e+00  ,2.101331350412e+00  ,2.071193961449e+00  ,2.038567371025e+00  ,2.003543115966e+00  ,1.964969477321e+00  ,1.932366005195e+00  ,1.900647470484e+00  ,1.865851414818e+00  ,1.827288156045e+00  ,1.785333370178e+00  ,1.737578876980e+00  ,1.684229667334e+00  ,1.622395655598e+00  ,1.550191075346e+00  
  7.612132832055e-07  ,2.417080225633e+00  ,2.404331656933e+00  ,2.391194265619e+00  ,2.377421244964e+00  ,2.363213390066e+00  ,2.348600988983e+00  ,2.333134044181e+00  ,2.317135987657e+00  ,2.300159012714e+00  ,2.282704683101e+00  ,2.264137744592e+00  ,2.244748413559e+00  ,2.224263394059e+00  ,2.202701048329e+00  ,2.179675185520e+00  ,2.155242443774e+00  ,2.129127937783e+00  ,2.101331350412e+00  ,2.071193961449e+00  ,2.038567371025e+00  ,2.003543115966e+00  ,1.964969477321e+00  ,1.932366005195e+00  ,1.900647470484e+00  ,1.865851414818e+00  ,1.827288156045e+00  ,1.785333370178e+00  ,1.737578876980e+00  ,1.684229667334e+00  ,1.622395655598e+00  ,1.550191075346e+00  
  7.622133373862e-07  ,2.417080225633e+00  ,2.404331656933e+00  ,2.391194265619e+00  ,2.377421244964e+00  ,2.363213390066e+00  ,2.348600988983e+00  ,2.333134044181e+00  ,2.317135987657e+00  ,2.300159012714e+00  ,2.282704683101e+00  ,2.264137744592e+00  ,2.244748413559e+00  ,2.224263394059e+00  ,2.202701048329e+00  ,2.179675185520e+00  ,2.155242443774e+00  ,2.129127937783e+00  ,2.101331350412e+00  ,2.071193961449e+00  ,2.038567371025e+00  ,2.003543115966e+00  ,1.964969477321e+00  ,1.932366005195e+00  ,1.900647470484e+00  ,1.865851414818e+00  ,1.827288156045e+00  ,1.785333370178e+00  ,1.737578876980e+00  ,1.684229667334e+00  ,1.622395655598e+00  ,1.550191075346e+00  
  7.632133915668e-07  ,2.417080225633e+00  ,2.404331656933e+00  ,2.391194265619e+00  ,2.377421244964e+00  ,2.363213390066e+00  ,2.348600988983e+00  ,2.333134044181e+00  ,2.317135987657e+00  ,2.300159012714e+00  ,2.282704683101e+00  ,2.264137744592e+00  ,2.244748413559e+00  ,2.224263394059e+00  ,2.202701048329e+00  ,2.179675185520e+00  ,2.155242443774e+00  ,2.129127937783e+00  ,2.101331350412e+00  ,2.071193961449e+00  ,2.038567371025e+00  ,2.003543115966e+00  ,1.964969477321e+00  ,1.932366005195e+00  ,1.900647470484e+00  ,1.865851414818e+00  ,1.827288156045e+00  ,1.785333370178e+00  ,1.737578876980e+00  ,1.684229667334e+00  ,1.622395655598e+00  ,1.550191075346e+00  
  7.642134457474e-07  ,2.417080225633e+00  ,2.404331656933e+00  ,2.391194265619e+00  ,2.377421244964e+00  ,2.363213390066e+00  ,2.348600988983e+00  ,2.333134044181e+00  ,2.317135987657e+00  ,2.300159012714e+00  ,2.282704683101e+00  ,2.264137744592e+00  ,2.244748413559e+00  ,2.224263394059e+00  ,2.202701048329e+00  ,2.179675185520e+00  ,2.155242443774e+00  ,2.129127937783e+00  ,2.101331350412e+00  ,2.071193961449e+00  ,2.038567371025e+00  ,2.003543115966e+00  ,1.964969477321e+00  ,1.932366005195e+00  ,1.900647470484e+00  ,1.865851414818e+00  ,1.827288156045e+00  ,1.785333370178e+00  ,1.737578876980e+00  ,1.684229667334e+00  ,1.622395655598e+00  ,1.550191075346e+00  
  7.652134999280e-07  ,2.417080225633e+00  ,2.404331656933e+00  ,2.391194265619e+00  ,2.377421244964e+00  ,2.363213390066e+00  ,2.348600988983e+00  ,2.333134044181e+00  ,2.317135987657e+00  ,2.300159012714e+00  ,2.282704683101e+00  ,2.264137744592e+00  ,2.244748413559e+00  ,2.224263394059e+00  ,2.202701048329e+00  ,2.179675185520e+00  ,2.155242443774e+00  ,2.129127937783e+00  ,2.101331350412e+00  ,2.071193961449e+00  ,2.038567371025e+00  ,2.003543115966e+00  ,1.964969477321e+00  ,1.932366005195e+00  ,1.900647470484e+00  ,1.865851414818e+00  ,1.827288156045e+00  ,1.785333370178e+00  ,1.737578876980e+00  ,1.684229667334e+00  ,1.622395655598e+00  ,1.550191075346e+00  
  7.662135541087e-07  ,2.417080225633e+00  ,2.404331656933e+00  ,2.391194265619e+00  ,2.377421244964e+00  ,2.363213390066e+00  ,2.348600988983e+00  ,2.333134044181e+00  ,2.317135987657e+00  ,2.300159012714e+00  ,2.282704683101e+00  ,2.264137744592e+00  ,2.244748413559e+00  ,2.224263394059e+00  ,2.202701048329e+00  ,2.179675185520e+00  ,2.155242443774e+00  ,2.129127937783e+00  ,2.101331350412e+00  ,2.071193961449e+00  ,2.038567371025e+00  ,2.003543115966e+00  ,1.964969477321e+00  ,1.932366005195e+00  ,1.900647470484e+00  ,1.865851414818e+00  ,1.827288156045e+00  ,1.785333370178e+00  ,1.737578876980e+00  ,1.684229667334e+00  ,1.622395655598e+00  ,1.550191075346e+00  
  7.672136082893e-07  ,2.417080225633e+00  ,2.404331656933e+00  ,2.391194265619e+00  ,2.377421244964e+00  ,2.363213390066e+00  ,2.348600988983e+00  ,2.333134044181e+00  ,2.317135987657e+00  ,2.300159012714e+00  ,2.282704683101e+00  ,2.264137744592e+00  ,2.244748413559e+00  ,2.224263394059e+00  ,2.202701048329e+00  ,2.179675185520e+00  ,2.155242443774e+00  ,2.129127937783e+00  ,2.101331350412e+00  ,2.071193961449e+00  ,2.038567371025e+00  ,2.003543115966e+00  ,1.964969477321e+00  ,1.932366005195e+00  ,1.900647470484e+00  ,1.865851414818e+00  ,1.827288156045e+00  ,1.785333370178e+00  ,1.737578876980e+00  ,1.684229667334e+00  ,1.622395655598e+00  ,1.550191075346e+00  
  7.682136624699e-07  ,2.417080225633e+00  ,2.404331656933e+00  ,2.391194265619e+00  ,2.377421244964e+00  ,2.363213390066e+00  ,2.348600988983e+00  ,2.333134044181e+00  ,2.317135987657e+00  ,2.300159012714e+00  ,2.282704683101e+00  ,2.264137744592e+00  ,2.244748413559e+00  ,2.224263394059e+00  ,2.202701048329e+00  ,2.179675185520e+00  ,2.155242443774e+00  ,2.129127937783e+00  ,2.101331350412e+00  ,2.071193961449e+00  ,2.038567371025e+00  ,2.003543115966e+00  ,1.964969477321e+00  ,1.932366005195e+00  ,1.900647470484e+00  ,1.865851414818e+00  ,1.827288156045e+00  ,1.785333370178e+00  ,1.737578876980e+00  ,1.684229667334e+00  ,1.622395655598e+00  ,1.550191075346e+00  
  7.692137166505e-07  ,2.417080225633e+00  ,2.404331656933e+00  ,2.391194265619e+00  ,2.377421244964e+00  ,2.363213390066e+00  ,2.348600988983e+00  ,2.333134044181e+00  ,2.317135987657e+00  ,2.300159012714e+00  ,2.282704683101e+00  ,2.264137744592e+00  ,2.244748413559e+00  ,2.224263394059e+00  ,2.202701048329e+00  ,2.179675185520e+00  ,2.155242443774e+00  ,2.129127937783e+00  ,2.101331350412e+00  ,2.071193961449e+00  ,2.038567371025e+00  ,2.003543115966e+00  ,1.964969477321e+00  ,1.932366005195e+00  ,1.900647470484e+00  ,1.865851414818e+00  ,1.827288156045e+00  ,1.785333370178e+00  ,1.737578876980e+00  ,1.684229667334e+00  ,1.622395655598e+00  ,1.550191075346e+00  
  7.702137708311e-07  ,2.417080225633e+00  ,2.404331656933e+00  ,2.391194265619e+00  ,2.377421244964e+00  ,2.363213390066e+00  ,2.348600988983e+00  ,2.333134044181e+00  ,2.317135987657e+00  ,2.300159012714e+00  ,2.282704683101e+00  ,2.264137744592e+00  ,2.244748413559e+00  ,2.224263394059e+00  ,2.202701048329e+00  ,2.179675185520e+00  ,2.155242443774e+00  ,2.129127937783e+00  ,2.101331350412e+00  ,2.071193961449e+00  ,2.038567371025e+00  ,2.003543115966e+00  ,1.964969477321e+00  ,1.932366005195e+00  ,1.900647470484e+00  ,1.865851414818e+00  ,1.827288156045e+00  ,1.785333370178e+00  ,1.737578876980e+00  ,1.684229667334e+00  ,1.622395655598e+00  ,1.550191075346e+00  
  7.712138250118e-07  ,2.417080225633e+00  ,2.404331656933e+00  ,2.391194265619e+00  ,2.377421244964e+00  ,2.363213390066e+00  ,2.348600988983e+00  ,2.333134044181e+00  ,2.317135987657e+00  ,2.300159012714e+00  ,2.282704683101e+00  ,2.264137744592e+00  ,2.244748413559e+00  ,2.224263394059e+00  ,2.202701048329e+00  ,2.179675185520e+00  ,2.155242443774e+00  ,2.129127937783e+00  ,2.101331350412e+00  ,2.071193961449e+00  ,2.038567371025e+00  ,2.003543115966e+00  ,1.964969477321e+00  ,1.932366005195e+00  ,1.900647470484e+00  ,1.865851414818e+00  ,1.827288156045e+00  ,1.785333370178e+00  ,1.737578876980e+00  ,1.684229667334e+00  ,1.622395655598e+00  ,1.550191075346e+00  
  7.722138791924e-07  ,2.417080225633e+00  ,2.404331656933e+00  ,2.391194265619e+00  ,2.377421244964e+00  ,2.363213390066e+00  ,2.348600988983e+00  ,2.333134044181e+00  ,2.317135987657e+00  ,2.300159012714e+00  ,2.282704683101e+00  ,2.264137744592e+00  ,2.244748413559e+00  ,2.224263394059e+00  ,2.202701048329e+00  ,2.179675185520e+00  ,2.155242443774e+00  ,2.129127937783e+00  ,2.101331350412e+00  ,2.071193961449e+00  ,2.038567371025e+00  ,2.003543115966e+00  ,1.964969477321e+00  ,1.932366005195e+00  ,1.900647470484e+00  ,1.865851414818e+00  ,1.827288156045e+00  ,1.785333370178e+00  ,1.737578876980e+00  ,1.684229667334e+00  ,1.622395655598e+00  ,1.550191075346e+00  
  7.732139333730e-07  ,2.417080225633e+00  ,2.404331656933e+00  ,2.391194265619e+00  ,2.377421244964e+00  ,2.363213390066e+00  ,2.348600988983e+00  ,2.333134044181e+00  ,2.317135987657e+00  ,2.300159012714e+00  ,2.282704683101e+00  ,2.264137744592e+00  ,2.244748413559e+00  ,2.224263394059e+00  ,2.202701048329e+00  ,2.179675185520e+00  ,2.155242443774e+00  ,2.129127937783e+00  ,2.101331350412e+00  ,2.071193961449e+00  ,2.038567371025e+00  ,2.003543115966e+00  ,1.964969477321e+00  ,1.932366005195e+00  ,1.900647470484e+00  ,1.865851414818e+00  ,1.827288156045e+00  ,1.785333370178e+00  ,1.737578876980e+00  ,1.684229667334e+00  ,1.622395655598e+00  ,1.550191075346e+00  
  7.742139875536e-07  ,2.417080225633e+00  ,2.404331656933e+00  ,2.391194265619e+00  ,2.377421244964e+00  ,2.363213390066e+00  ,2.348600988983e+00  ,2.333134044181e+00  ,2.317135987657e+00  ,2.300159012714e+00  ,2.282704683101e+00  ,2.264137744592e+00  ,2.244748413559e+00  ,2.224263394059e+00  ,2.202701048329e+00  ,2.179675185520e+00  ,2.155242443774e+00  ,2.129127937783e+00  ,2.101331350412e+00  ,2.071193961449e+00  ,2.038567371025e+00  ,2.003543115966e+00  ,1.964969477321e+00  ,1.932366005195e+00  ,1.900647470484e+00  ,1.865851414818e+00  ,1.827288156045e+00  ,1.785333370178e+00  ,1.737578876980e+00  ,1.684229667334e+00  ,1.622395655598e+00  ,1.550191075346e+00  
  7.752140417343e-07  ,2.417080225633e+00  ,2.404331656933e+00  ,2.391194265619e+00  ,2.377421244964e+00  ,2.363213390066e+00  ,2.348600988983e+00  ,2.333134044181e+00  ,2.317135987657e+00  ,2.300159012714e+00  ,2.282704683101e+00  ,2.264137744592e+00  ,2.244748413559e+00  ,2.224263394059e+00  ,2.202701048329e+00  ,2.179675185520e+00  ,2.155242443774e+00  ,2.129127937783e+00  ,2.101331350412e+00  ,2.071193961449e+00  ,2.038567371025e+00  ,2.003543115966e+00  ,1.964969477321e+00  ,1.932366005195e+00  ,1.900647470484e+00  ,1.865851414818e+00  ,1.827288156045e+00  ,1.785333370178e+00  ,1.737578876980e+00  ,1.684229667334e+00  ,1.622395655598e+00  ,1.550191075346e+00  
  7.762140959149e-07  ,2.417080225633e+00  ,2.404331656933e+00  ,2.391194265619e+00  ,2.377421244964e+00  ,2.363213390066e+00  ,2.348600988983e+00  ,2.333134044181e+00  ,2.317135987657e+00  ,2.300159012714e+00  ,2.282704683101e+00  ,2.264137744592e+00  ,2.244748413559e+00  ,2.224263394059e+00  ,2.202701048329e+00  ,2.179675185520e+00  ,2.155242443774e+00  ,2.129127937783e+00  ,2.101331350412e+00  ,2.071193961449e+00  ,2.038567371025e+00  ,2.003543115966e+00  ,1.964969477321e+00  ,1.932366005195e+00  ,1.900647470484e+00  ,1.865851414818e+00  ,1.827288156045e+00  ,1.785333370178e+00  ,1.737578876980e+00  ,1.684229667334e+00  ,1.622395655598e+00  ,1.550191075346e+00  
  7.772141500955e-07  ,2.417080225633e+00  ,2.404331656933e+00  ,2.391194265619e+00  ,2.377421244964e+00  ,2.363213390066e+00  ,2.348600988983e+00  ,2.333134044181e+00  ,2.317135987657e+00  ,2.300159012714e+00  ,2.282704683101e+00  ,2.264137744592e+00  ,2.244748413559e+00  ,2.224263394059e+00  ,2.202701048329e+00  ,2.179675185520e+00  ,2.155242443774e+00  ,2.129127937783e+00  ,2.101331350412e+00  ,2.071193961449e+00  ,2.038567371025e+00  ,2.003543115966e+00  ,1.964969477321e+00  ,1.932366005195e+00  ,1.900647470484e+00  ,1.865851414818e+00  ,1.827288156045e+00  ,1.785333370178e+00  ,1.737578876980e+00  ,1.684229667334e+00  ,1.622395655598e+00  ,1.550191075346e+00  
  7.782142042761e-07  ,2.417080225633e+00  ,2.404331656933e+00  ,2.391194265619e+00  ,2.377421244964e+00  ,2.363213390066e+00  ,2.348600988983e+00  ,2.333134044181e+00  ,2.317135987657e+00  ,2.300159012714e+00  ,2.282704683101e+00  ,2.264137744592e+00  ,2.244748413559e+00  ,2.224263394059e+00  ,2.202701048329e+00  ,2.179675185520e+00  ,2.155242443774e+00  ,2.129127937783e+00  ,2.101331350412e+00  ,2.071193961449e+00  ,2.038567371025e+00  ,2.003543115966e+00  ,1.964969477321e+00  ,1.932366005195e+00  ,1.900647470484e+00  ,1.865851414818e+00  ,1.827288156045e+00  ,1.785333370178e+00  ,1.737578876980e+00  ,1.684229667334e+00  ,1.622395655598e+00  ,1.550191075346e+00  
  7.792142584567e-07  ,2.417080225633e+00  ,2.404331656933e+00  ,2.391194265619e+00  ,2.377421244964e+00  ,2.363213390066e+00  ,2.348600988983e+00  ,2.333134044181e+00  ,2.317135987657e+00  ,2.300159012714e+00  ,2.282704683101e+00  ,2.264137744592e+00  ,2.244748413559e+00  ,2.224263394059e+00  ,2.202701048329e+00  ,2.179675185520e+00  ,2.155242443774e+00  ,2.129127937783e+00  ,2.101331350412e+00  ,2.071193961449e+00  ,2.038567371025e+00  ,2.003543115966e+00  ,1.964969477321e+00  ,1.932366005195e+00  ,1.900647470484e+00  ,1.865851414818e+00  ,1.827288156045e+00  ,1.785333370178e+00  ,1.737578876980e+00  ,1.684229667334e+00  ,1.622395655598e+00  ,1.550191075346e+00  
  7.802143126374e-07  ,2.417080225633e+00  ,2.404331656933e+00  ,2.391194265619e+00  ,2.377421244964e+00  ,2.363213390066e+00  ,2.348600988983e+00  ,2.333134044181e+00  ,2.317135987657e+00  ,2.300159012714e+00  ,2.282704683101e+00  ,2.264137744592e+00  ,2.244748413559e+00  ,2.224263394059e+00  ,2.202701048329e+00  ,2.179675185520e+00  ,2.155242443774e+00  ,2.129127937783e+00  ,2.101331350412e+00  ,2.071193961449e+00  ,2.038567371025e+00  ,2.003543115966e+00  ,1.964969477321e+00  ,1.932366005195e+00  ,1.900647470484e+00  ,1.865851414818e+00  ,1.827288156045e+00  ,1.785333370178e+00  ,1.737578876980e+00  ,1.684229667334e+00  ,1.622395655598e+00  ,1.550191075346e+00  
  7.812143668180e-07  ,2.417080225633e+00  ,2.404331656933e+00  ,2.391194265619e+00  ,2.377421244964e+00  ,2.363213390066e+00  ,2.348600988983e+00  ,2.333134044181e+00  ,2.317135987657e+00  ,2.300159012714e+00  ,2.282704683101e+00  ,2.264137744592e+00  ,2.244748413559e+00  ,2.224263394059e+00  ,2.202701048329e+00  ,2.179675185520e+00  ,2.155242443774e+00  ,2.129127937783e+00  ,2.101331350412e+00  ,2.071193961449e+00  ,2.038567371025e+00  ,2.003543115966e+00  ,1.964969477321e+00  ,1.932366005195e+00  ,1.900647470484e+00  ,1.865851414818e+00  ,1.827288156045e+00  ,1.785333370178e+00  ,1.737578876980e+00  ,1.684229667334e+00  ,1.622395655598e+00  ,1.550191075346e+00  
  7.822144209986e-07  ,2.417080225633e+00  ,2.404331656933e+00  ,2.391194265619e+00  ,2.377421244964e+00  ,2.363213390066e+00  ,2.348600988983e+00  ,2.333134044181e+00  ,2.317135987657e+00  ,2.300159012714e+00  ,2.282704683101e+00  ,2.264137744592e+00  ,2.244748413559e+00  ,2.224263394059e+00  ,2.202701048329e+00  ,2.179675185520e+00  ,2.155242443774e+00  ,2.129127937783e+00  ,2.101331350412e+00  ,2.071193961449e+00  ,2.038567371025e+00  ,2.003543115966e+00  ,1.964969477321e+00  ,1.932366005195e+00  ,1.900647470484e+00  ,1.865851414818e+00  ,1.827288156045e+00  ,1.785333370178e+00  ,1.737578876980e+00  ,1.684229667334e+00  ,1.622395655598e+00  ,1.550191075346e+00  
  7.832144751792e-07  ,2.417080225633e+00  ,2.404331656933e+00  ,2.391194265619e+00  ,2.377421244964e+00  ,2.363213390066e+00  ,2.348600988983e+00  ,2.333134044181e+00  ,2.317135987657e+00  ,2.300159012714e+00  ,2.282704683101e+00  ,2.264137744592e+00  ,2.244748413559e+00  ,2.224263394059e+00  ,2.202701048329e+00  ,2.179675185520e+00  ,2.155242443774e+00  ,2.129127937783e+00  ,2.101331350412e+00  ,2.071193961449e+00  ,2.038567371025e+00  ,2.003543115966e+00  ,1.964969477321e+00  ,1.932366005195e+00  ,1.900647470484e+00  ,1.865851414818e+00  ,1.827288156045e+00  ,1.785333370178e+00  ,1.737578876980e+00  ,1.684229667334e+00  ,1.622395655598e+00  ,1.550191075346e+00  
  7.842145293599e-07  ,2.417080225633e+00  ,2.404331656933e+00  ,2.391194265619e+00  ,2.377421244964e+00  ,2.363213390066e+00  ,2.348600988983e+00  ,2.333134044181e+00  ,2.317135987657e+00  ,2.300159012714e+00  ,2.282704683101e+00  ,2.264137744592e+00  ,2.244748413559e+00  ,2.224263394059e+00  ,2.202701048329e+00  ,2.179675185520e+00  ,2.155242443774e+00  ,2.129127937783e+00  ,2.101331350412e+00  ,2.071193961449e+00  ,2.038567371025e+00  ,2.003543115966e+00  ,1.964969477321e+00  ,1.932366005195e+00  ,1.900647470484e+00  ,1.865851414818e+00  ,1.827288156045e+00  ,1.785333370178e+00  ,1.737578876980e+00  ,1.684229667334e+00  ,1.622395655598e+00  ,1.550191075346e+00  
  7.852145835405e-07  ,2.417080225633e+00  ,2.404331656933e+00  ,2.391194265619e+00  ,2.377421244964e+00  ,2.363213390066e+00  ,2.348600988983e+00  ,2.333134044181e+00  ,2.317135987657e+00  ,2.300159012714e+00  ,2.282704683101e+00  ,2.264137744592e+00  ,2.244748413559e+00  ,2.224263394059e+00  ,2.202701048329e+00  ,2.179675185520e+00  ,2.155242443774e+00  ,2.129127937783e+00  ,2.101331350412e+00  ,2.071193961449e+00  ,2.038567371025e+00  ,2.003543115966e+00  ,1.964969477321e+00  ,1.932366005195e+00  ,1.900647470484e+00  ,1.865851414818e+00  ,1.827288156045e+00  ,1.785333370178e+00  ,1.737578876980e+00  ,1.684229667334e+00  ,1.622395655598e+00  ,1.550191075346e+00  
  7.862146377211e-07  ,2.417080225633e+00  ,2.404331656933e+00  ,2.391194265619e+00  ,2.377421244964e+00  ,2.363213390066e+00  ,2.348600988983e+00  ,2.333134044181e+00  ,2.317135987657e+00  ,2.300159012714e+00  ,2.282704683101e+00  ,2.264137744592e+00  ,2.244748413559e+00  ,2.224263394059e+00  ,2.202701048329e+00  ,2.179675185520e+00  ,2.155242443774e+00  ,2.129127937783e+00  ,2.101331350412e+00  ,2.071193961449e+00  ,2.038567371025e+00  ,2.003543115966e+00  ,1.964969477321e+00  ,1.932366005195e+00  ,1.900647470484e+00  ,1.865851414818e+00  ,1.827288156045e+00  ,1.785333370178e+00  ,1.737578876980e+00  ,1.684229667334e+00  ,1.622395655598e+00  ,1.550191075346e+00  
  7.872146919017e-07  ,2.417080225633e+00  ,2.404331656933e+00  ,2.391194265619e+00  ,2.377421244964e+00  ,2.363213390066e+00  ,2.348600988983e+00  ,2.333134044181e+00  ,2.317135987657e+00  ,2.300159012714e+00  ,2.282704683101e+00  ,2.264137744592e+00  ,2.244748413559e+00  ,2.224263394059e+00  ,2.202701048329e+00  ,2.179675185520e+00  ,2.155242443774e+00  ,2.129127937783e+00  ,2.101331350412e+00  ,2.071193961449e+00  ,2.038567371025e+00  ,2.003543115966e+00  ,1.964969477321e+00  ,1.932366005195e+00  ,1.900647470484e+00  ,1.865851414818e+00  ,1.827288156045e+00  ,1.785333370178e+00  ,1.737578876980e+00  ,1.684229667334e+00  ,1.622395655598e+00  ,1.550191075346e+00  
  7.882147460823e-07  ,2.417080225633e+00  ,2.404331656933e+00  ,2.391194265619e+00  ,2.377421244964e+00  ,2.363213390066e+00  ,2.348600988983e+00  ,2.333134044181e+00  ,2.317135987657e+00  ,2.300159012714e+00  ,2.282704683101e+00  ,2.264137744592e+00  ,2.244748413559e+00  ,2.224263394059e+00  ,2.202701048329e+00  ,2.179675185520e+00  ,2.155242443774e+00  ,2.129127937783e+00  ,2.101331350412e+00  ,2.071193961449e+00  ,2.038567371025e+00  ,2.003543115966e+00  ,1.964969477321e+00  ,1.932366005195e+00  ,1.900647470484e+00  ,1.865851414818e+00  ,1.827288156045e+00  ,1.785333370178e+00  ,1.737578876980e+00  ,1.684229667334e+00  ,1.622395655598e+00  ,1.550191075346e+00  
  7.892148002630e-07  ,2.417080225633e+00  ,2.404331656933e+00  ,2.391194265619e+00  ,2.377421244964e+00  ,2.363213390066e+00  ,2.348600988983e+00  ,2.333134044181e+00  ,2.317135987657e+00  ,2.300159012714e+00  ,2.282704683101e+00  ,2.264137744592e+00  ,2.244748413559e+00  ,2.224263394059e+00  ,2.202701048329e+00  ,2.179675185520e+00  ,2.155242443774e+00  ,2.129127937783e+00  ,2.101331350412e+00  ,2.071193961449e+00  ,2.038567371025e+00  ,2.003543115966e+00  ,1.964969477321e+00  ,1.932366005195e+00  ,1.900647470484e+00  ,1.865851414818e+00  ,1.827288156045e+00  ,1.785333370178e+00  ,1.737578876980e+00  ,1.684229667334e+00  ,1.622395655598e+00  ,1.550191075346e+00  
  7.902148544436e-07  ,2.417080225633e+00  ,2.404331656933e+00  ,2.391194265619e+00  ,2.377421244964e+00  ,2.363213390066e+00  ,2.348600988983e+00  ,2.333134044181e+00  ,2.317135987657e+00  ,2.300159012714e+00  ,2.282704683101e+00  ,2.264137744592e+00  ,2.244748413559e+00  ,2.224263394059e+00  ,2.202701048329e+00  ,2.179675185520e+00  ,2.155242443774e+00  ,2.129127937783e+00  ,2.101331350412e+00  ,2.071193961449e+00  ,2.038567371025e+00  ,2.003543115966e+00  ,1.964969477321e+00  ,1.932366005195e+00  ,1.900647470484e+00  ,1.865851414818e+00  ,1.827288156045e+00  ,1.785333370178e+00  ,1.737578876980e+00  ,1.684229667334e+00  ,1.622395655598e+00  ,1.550191075346e+00  
  7.912149086242e-07  ,2.417080225633e+00  ,2.404331656933e+00  ,2.391194265619e+00  ,2.377421244964e+00  ,2.363213390066e+00  ,2.348600988983e+00  ,2.333134044181e+00  ,2.317135987657e+00  ,2.300159012714e+00  ,2.282704683101e+00  ,2.264137744592e+00  ,2.244748413559e+00  ,2.224263394059e+00  ,2.202701048329e+00  ,2.179675185520e+00  ,2.155242443774e+00  ,2.129127937783e+00  ,2.101331350412e+00  ,2.071193961449e+00  ,2.038567371025e+00  ,2.003543115966e+00  ,1.964969477321e+00  ,1.932366005195e+00  ,1.900647470484e+00  ,1.865851414818e+00  ,1.827288156045e+00  ,1.785333370178e+00  ,1.737578876980e+00  ,1.684229667334e+00  ,1.622395655598e+00  ,1.550191075346e+00  
  7.922149628048e-07  ,2.417080225633e+00  ,2.404331656933e+00  ,2.391194265619e+00  ,2.377421244964e+00  ,2.363213390066e+00  ,2.348600988983e+00  ,2.333134044181e+00  ,2.317135987657e+00  ,2.300159012714e+00  ,2.282704683101e+00  ,2.264137744592e+00  ,2.244748413559e+00  ,2.224263394059e+00  ,2.202701048329e+00  ,2.179675185520e+00  ,2.155242443774e+00  ,2.129127937783e+00  ,2.101331350412e+00  ,2.071193961449e+00  ,2.038567371025e+00  ,2.003543115966e+00  ,1.964969477321e+00  ,1.932366005195e+00  ,1.900647470484e+00  ,1.865851414818e+00  ,1.827288156045e+00  ,1.785333370178e+00  ,1.737578876980e+00  ,1.684229667334e+00  ,1.622395655598e+00  ,1.550191075346e+00  
  7.932150169855e-07  ,2.417080225633e+00  ,2.404331656933e+00  ,2.391194265619e+00  ,2.377421244964e+00  ,2.363213390066e+00  ,2.348600988983e+00  ,2.333134044181e+00  ,2.317135987657e+00  ,2.300159012714e+00  ,2.282704683101e+00  ,2.264137744592e+00  ,2.244748413559e+00  ,2.224263394059e+00  ,2.202701048329e+00  ,2.179675185520e+00  ,2.155242443774e+00  ,2.129127937783e+00  ,2.101331350412e+00  ,2.071193961449e+00  ,2.038567371025e+00  ,2.003543115966e+00  ,1.964969477321e+00  ,1.932366005195e+00  ,1.900647470484e+00  ,1.865851414818e+00  ,1.827288156045e+00  ,1.785333370178e+00  ,1.737578876980e+00  ,1.684229667334e+00  ,1.622395655598e+00  ,1.550191075346e+00  
  7.942150711661e-07  ,2.417080225633e+00  ,2.404331656933e+00  ,2.391194265619e+00  ,2.377421244964e+00  ,2.363213390066e+00  ,2.348600988983e+00  ,2.333134044181e+00  ,2.317135987657e+00  ,2.300159012714e+00  ,2.282704683101e+00  ,2.264137744592e+00  ,2.244748413559e+00  ,2.224263394059e+00  ,2.202701048329e+00  ,2.179675185520e+00  ,2.155242443774e+00  ,2.129127937783e+00  ,2.101331350412e+00  ,2.071193961449e+00  ,2.038567371025e+00  ,2.003543115966e+00  ,1.964969477321e+00  ,1.932366005195e+00  ,1.900647470484e+00  ,1.865851414818e+00  ,1.827288156045e+00  ,1.785333370178e+00  ,1.737578876980e+00  ,1.684229667334e+00  ,1.622395655598e+00  ,1.550191075346e+00  
  7.952151253467e-07  ,2.417080225633e+00  ,2.404331656933e+00  ,2.391194265619e+00  ,2.377421244964e+00  ,2.363213390066e+00  ,2.348600988983e+00  ,2.333134044181e+00  ,2.317135987657e+00  ,2.300159012714e+00  ,2.282704683101e+00  ,2.264137744592e+00  ,2.244748413559e+00  ,2.224263394059e+00  ,2.202701048329e+00  ,2.179675185520e+00  ,2.155242443774e+00  ,2.129127937783e+00  ,2.101331350412e+00  ,2.071193961449e+00  ,2.038567371025e+00  ,2.003543115966e+00  ,1.964969477321e+00  ,1.932366005195e+00  ,1.900647470484e+00  ,1.865851414818e+00  ,1.827288156045e+00  ,1.785333370178e+00  ,1.737578876980e+00  ,1.684229667334e+00  ,1.622395655598e+00  ,1.550191075346e+00  
  7.962151795273e-07  ,2.417080225633e+00  ,2.404331656933e+00  ,2.391194265619e+00  ,2.377421244964e+00  ,2.363213390066e+00  ,2.348600988983e+00  ,2.333134044181e+00  ,2.317135987657e+00  ,2.300159012714e+00  ,2.282704683101e+00  ,2.264137744592e+00  ,2.244748413559e+00  ,2.224263394059e+00  ,2.202701048329e+00  ,2.179675185520e+00  ,2.155242443774e+00  ,2.129127937783e+00  ,2.101331350412e+00  ,2.071193961449e+00  ,2.038567371025e+00  ,2.003543115966e+00  ,1.964969477321e+00  ,1.932366005195e+00  ,1.900647470484e+00  ,1.865851414818e+00  ,1.827288156045e+00  ,1.785333370178e+00  ,1.737578876980e+00  ,1.684229667334e+00  ,1.622395655598e+00  ,1.550191075346e+00  
  7.972152337079e-07  ,2.417080225633e+00  ,2.404331656933e+00  ,2.391194265619e+00  ,2.377421244964e+00  ,2.363213390066e+00  ,2.348600988983e+00  ,2.333134044181e+00  ,2.317135987657e+00  ,2.300159012714e+00  ,2.282704683101e+00  ,2.264137744592e+00  ,2.244748413559e+00  ,2.224263394059e+00  ,2.202701048329e+00  ,2.179675185520e+00  ,2.155242443774e+00  ,2.129127937783e+00  ,2.101331350412e+00  ,2.071193961449e+00  ,2.038567371025e+00  ,2.003543115966e+00  ,1.964969477321e+00  ,1.932366005195e+00  ,1.900647470484e+00  ,1.865851414818e+00  ,1.827288156045e+00  ,1.785333370178e+00  ,1.737578876980e+00  ,1.684229667334e+00  ,1.622395655598e+00  ,1.550191075346e+00  
  7.982152878886e-07  ,2.417080225633e+00  ,2.404331656933e+00  ,2.391194265619e+00  ,2.377421244964e+00  ,2.363213390066e+00  ,2.348600988983e+00  ,2.333134044181e+00  ,2.317135987657e+00  ,2.300159012714e+00  ,2.282704683101e+00  ,2.264137744592e+00  ,2.244748413559e+00  ,2.224263394059e+00  ,2.202701048329e+00  ,2.179675185520e+00  ,2.155242443774e+00  ,2.129127937783e+00  ,2.101331350412e+00  ,2.071193961449e+00  ,2.038567371025e+00  ,2.003543115966e+00  ,1.964969477321e+00  ,1.932366005195e+00  ,1.900647470484e+00  ,1.865851414818e+00  ,1.827288156045e+00  ,1.785333370178e+00  ,1.737578876980e+00  ,1.684229667334e+00  ,1.622395655598e+00  ,1.550191075346e+00  
  7.992153420692e-07  ,2.417080225633e+00  ,2.404331656933e+00  ,2.391194265619e+00  ,2.377421244964e+00  ,2.363213390066e+00  ,2.348600988983e+00  ,2.333134044181e+00  ,2.317135987657e+00  ,2.300159012714e+00  ,2.282704683101e+00  ,2.264137744592e+00  ,2.244748413559e+00  ,2.224263394059e+00  ,2.202701048329e+00  ,2.179675185520e+00  ,2.155242443774e+00  ,2.129127937783e+00  ,2.101331350412e+00  ,2.071193961449e+00  ,2.038567371025e+00  ,2.003543115966e+00  ,1.964969477321e+00  ,1.932366005195e+00  ,1.900647470484e+00  ,1.865851414818e+00  ,1.827288156045e+00  ,1.785333370178e+00  ,1.737578876980e+00  ,1.684229667334e+00  ,1.622395655598e+00  ,1.550191075346e+00  
  8.002153962498e-07  ,2.417080225633e+00  ,2.404331656933e+00  ,2.391194265619e+00  ,2.377421244964e+00  ,2.363213390066e+00  ,2.348600988983e+00  ,2.333134044181e+00  ,2.317135987657e+00  ,2.300159012714e+00  ,2.282704683101e+00  ,2.264137744592e+00  ,2.244748413559e+00  ,2.224263394059e+00  ,2.202701048329e+00  ,2.179675185520e+00  ,2.155242443774e+00  ,2.129127937783e+00  ,2.101331350412e+00  ,2.071193961449e+00  ,2.038567371025e+00  ,2.003543115966e+00  ,1.964969477321e+00  ,1.932366005195e+00  ,1.900647470484e+00  ,1.865851414818e+00  ,1.827288156045e+00  ,1.785333370178e+00  ,1.737578876980e+00  ,1.684229667334e+00  ,1.622395655598e+00  ,1.550191075346e+00  
  8.012154504304e-07  ,2.417080225633e+00  ,2.404331656933e+00  ,2.391194265619e+00  ,2.377421244964e+00  ,2.363213390066e+00  ,2.348600988983e+00  ,2.333134044181e+00  ,2.317135987657e+00  ,2.300159012714e+00  ,2.282704683101e+00  ,2.264137744592e+00  ,2.244748413559e+00  ,2.224263394059e+00  ,2.202701048329e+00  ,2.179675185520e+00  ,2.155242443774e+00  ,2.129127937783e+00  ,2.101331350412e+00  ,2.071193961449e+00  ,2.038567371025e+00  ,2.003543115966e+00  ,1.964969477321e+00  ,1.932366005195e+00  ,1.900647470484e+00  ,1.865851414818e+00  ,1.827288156045e+00  ,1.785333370178e+00  ,1.737578876980e+00  ,1.684229667334e+00  ,1.622395655598e+00  ,1.550191075346e+00  
  8.022155046111e-07  ,2.417080225633e+00  ,2.404331656933e+00  ,2.391194265619e+00  ,2.377421244964e+00  ,2.363213390066e+00  ,2.348600988983e+00  ,2.333134044181e+00  ,2.317135987657e+00  ,2.300159012714e+00  ,2.282704683101e+00  ,2.264137744592e+00  ,2.244748413559e+00  ,2.224263394059e+00  ,2.202701048329e+00  ,2.179675185520e+00  ,2.155242443774e+00  ,2.129127937783e+00  ,2.101331350412e+00  ,2.071193961449e+00  ,2.038567371025e+00  ,2.003543115966e+00  ,1.964969477321e+00  ,1.932366005195e+00  ,1.900647470484e+00  ,1.865851414818e+00  ,1.827288156045e+00  ,1.785333370178e+00  ,1.737578876980e+00  ,1.684229667334e+00  ,1.622395655598e+00  ,1.550191075346e+00  
  8.032155587917e-07  ,2.417080225633e+00  ,2.404331656933e+00  ,2.391194265619e+00  ,2.377421244964e+00  ,2.363213390066e+00  ,2.348600988983e+00  ,2.333134044181e+00  ,2.317135987657e+00  ,2.300159012714e+00  ,2.282704683101e+00  ,2.264137744592e+00  ,2.244748413559e+00  ,2.224263394059e+00  ,2.202701048329e+00  ,2.179675185520e+00  ,2.155242443774e+00  ,2.129127937783e+00  ,2.101331350412e+00  ,2.071193961449e+00  ,2.038567371025e+00  ,2.003543115966e+00  ,1.964969477321e+00  ,1.932366005195e+00  ,1.900647470484e+00  ,1.865851414818e+00  ,1.827288156045e+00  ,1.785333370178e+00  ,1.737578876980e+00  ,1.684229667334e+00  ,1.622395655598e+00  ,1.550191075346e+00  
  8.042156129723e-07  ,2.417080225633e+00  ,2.404331656933e+00  ,2.391194265619e+00  ,2.377421244964e+00  ,2.363213390066e+00  ,2.348600988983e+00  ,2.333134044181e+00  ,2.317135987657e+00  ,2.300159012714e+00  ,2.282704683101e+00  ,2.264137744592e+00  ,2.244748413559e+00  ,2.224263394059e+00  ,2.202701048329e+00  ,2.179675185520e+00  ,2.155242443774e+00  ,2.129127937783e+00  ,2.101331350412e+00  ,2.071193961449e+00  ,2.038567371025e+00  ,2.003543115966e+00  ,1.964969477321e+00  ,1.932366005195e+00  ,1.900647470484e+00  ,1.865851414818e+00  ,1.827288156045e+00  ,1.785333370178e+00  ,1.737578876980e+00  ,1.684229667334e+00  ,1.622395655598e+00  ,1.550191075346e+00  
  8.052156671529e-07  ,2.417080225633e+00  ,2.404331656933e+00  ,2.391194265619e+00  ,2.377421244964e+00  ,2.363213390066e+00  ,2.348600988983e+00  ,2.333134044181e+00  ,2.317135987657e+00  ,2.300159012714e+00  ,2.282704683101e+00  ,2.264137744592e+00  ,2.244748413559e+00  ,2.224263394059e+00  ,2.202701048329e+00  ,2.179675185520e+00  ,2.155242443774e+00  ,2.129127937783e+00  ,2.101331350412e+00  ,2.071193961449e+00  ,2.038567371025e+00  ,2.003543115966e+00  ,1.964969477321e+00  ,1.932366005195e+00  ,1.900647470484e+00  ,1.865851414818e+00  ,1.827288156045e+00  ,1.785333370178e+00  ,1.737578876980e+00  ,1.684229667334e+00  ,1.622395655598e+00  ,1.550191075346e+00  
  8.062157213335e-07  ,2.417080225633e+00  ,2.404331656933e+00  ,2.391194265619e+00  ,2.377421244964e+00  ,2.363213390066e+00  ,2.348600988983e+00  ,2.333134044181e+00  ,2.317135987657e+00  ,2.300159012714e+00  ,2.282704683101e+00  ,2.264137744592e+00  ,2.244748413559e+00  ,2.224263394059e+00  ,2.202701048329e+00  ,2.179675185520e+00  ,2.155242443774e+00  ,2.129127937783e+00  ,2.101331350412e+00  ,2.071193961449e+00  ,2.038567371025e+00  ,2.003543115966e+00  ,1.964969477321e+00  ,1.932366005195e+00  ,1.900647470484e+00  ,1.865851414818e+00  ,1.827288156045e+00  ,1.785333370178e+00  ,1.737578876980e+00  ,1.684229667334e+00  ,1.622395655598e+00  ,1.550191075346e+00  
  8.072157755142e-07  ,2.417080225633e+00  ,2.404331656933e+00  ,2.391194265619e+00  ,2.377421244964e+00  ,2.363213390066e+00  ,2.348600988983e+00  ,2.333134044181e+00  ,2.317135987657e+00  ,2.300159012714e+00  ,2.282704683101e+00  ,2.264137744592e+00  ,2.244748413559e+00  ,2.224263394059e+00  ,2.202701048329e+00  ,2.179675185520e+00  ,2.155242443774e+00  ,2.129127937783e+00  ,2.101331350412e+00  ,2.071193961449e+00  ,2.038567371025e+00  ,2.003543115966e+00  ,1.964969477321e+00  ,1.932366005195e+00  ,1.900647470484e+00  ,1.865851414818e+00  ,1.827288156045e+00  ,1.785333370178e+00  ,1.737578876980e+00  ,1.684229667334e+00  ,1.622395655598e+00  ,1.550191075346e+00  
  8.082158296948e-07  ,2.417080225633e+00  ,2.404331656933e+00  ,2.391194265619e+00  ,2.377421244964e+00  ,2.363213390066e+00  ,2.348600988983e+00  ,2.333134044181e+00  ,2.317135987657e+00  ,2.300159012714e+00  ,2.282704683101e+00  ,2.264137744592e+00  ,2.244748413559e+00  ,2.224263394059e+00  ,2.202701048329e+00  ,2.179675185520e+00  ,2.155242443774e+00  ,2.129127937783e+00  ,2.101331350412e+00  ,2.071193961449e+00  ,2.038567371025e+00  ,2.003543115966e+00  ,1.964969477321e+00  ,1.932366005195e+00  ,1.900647470484e+00  ,1.865851414818e+00  ,1.827288156045e+00  ,1.785333370178e+00  ,1.737578876980e+00  ,1.684229667334e+00  ,1.622395655598e+00  ,1.550191075346e+00  
  8.092158838754e-07  ,2.417080225633e+00  ,2.404331656933e+00  ,2.391194265619e+00  ,2.377421244964e+00  ,2.363213390066e+00  ,2.348600988983e+00  ,2.333134044181e+00  ,2.317135987657e+00  ,2.300159012714e+00  ,2.282704683101e+00  ,2.264137744592e+00  ,2.244748413559e+00  ,2.224263394059e+00  ,2.202701048329e+00  ,2.179675185520e+00  ,2.155242443774e+00  ,2.129127937783e+00  ,2.101331350412e+00  ,2.071193961449e+00  ,2.038567371025e+00  ,2.003543115966e+00  ,1.964969477321e+00  ,1.932366005195e+00  ,1.900647470484e+00  ,1.865851414818e+00  ,1.827288156045e+00  ,1.785333370178e+00  ,1.737578876980e+00  ,1.684229667334e+00  ,1.622395655598e+00  ,1.550191075346e+00  
  8.102159380560e-07  ,2.417080225633e+00  ,2.404331656933e+00  ,2.391194265619e+00  ,2.377421244964e+00  ,2.363213390066e+00  ,2.348600988983e+00  ,2.333134044181e+00  ,2.317135987657e+00  ,2.300159012714e+00  ,2.282704683101e+00  ,2.264137744592e+00  ,2.244748413559e+00  ,2.224263394059e+00  ,2.202701048329e+00  ,2.179675185520e+00  ,2.155242443774e+00  ,2.129127937783e+00  ,2.101331350412e+00  ,2.071193961449e+00  ,2.038567371025e+00  ,2.003543115966e+00  ,1.964969477321e+00  ,1.932366005195e+00  ,1.900647470484e+00  ,1.865851414818e+00  ,1.827288156045e+00  ,1.785333370178e+00  ,1.737578876980e+00  ,1.684229667334e+00  ,1.622395655598e+00  ,1.550191075346e+00  
  8.112159922367e-07  ,2.417080225633e+00  ,2.404331656933e+00  ,2.391194265619e+00  ,2.377421244964e+00  ,2.363213390066e+00  ,2.348600988983e+00  ,2.333134044181e+00  ,2.317135987657e+00  ,2.300159012714e+00  ,2.282704683101e+00  ,2.264137744592e+00  ,2.244748413559e+00  ,2.224263394059e+00  ,2.202701048329e+00  ,2.179675185520e+00  ,2.155242443774e+00  ,2.129127937783e+00  ,2.101331350412e+00  ,2.071193961449e+00  ,2.038567371025e+00  ,2.003543115966e+00  ,1.964969477321e+00  ,1.932366005195e+00  ,1.900647470484e+00  ,1.865851414818e+00  ,1.827288156045e+00  ,1.785333370178e+00  ,1.737578876980e+00  ,1.684229667334e+00  ,1.622395655598e+00  ,1.550191075346e+00  
  8.122160464173e-07  ,2.417080225633e+00  ,2.404331656933e+00  ,2.391194265619e+00  ,2.377421244964e+00  ,2.363213390066e+00  ,2.348600988983e+00  ,2.333134044181e+00  ,2.317135987657e+00  ,2.300159012714e+00  ,2.282704683101e+00  ,2.264137744592e+00  ,2.244748413559e+00  ,2.224263394059e+00  ,2.202701048329e+00  ,2.179675185520e+00  ,2.155242443774e+00  ,2.129127937783e+00  ,2.101331350412e+00  ,2.071193961449e+00  ,2.038567371025e+00  ,2.003543115966e+00  ,1.964969477321e+00  ,1.932366005195e+00  ,1.900647470484e+00  ,1.865851414818e+00  ,1.827288156045e+00  ,1.785333370178e+00  ,1.737578876980e+00  ,1.684229667334e+00  ,1.622395655598e+00  ,1.550191075346e+00  
  8.132161005979e-07  ,2.417080225633e+00  ,2.404331656933e+00  ,2.391194265619e+00  ,2.377421244964e+00  ,2.363213390066e+00  ,2.348600988983e+00  ,2.333134044181e+00  ,2.317135987657e+00  ,2.300159012714e+00  ,2.282704683101e+00  ,2.264137744592e+00  ,2.244748413559e+00  ,2.224263394059e+00  ,2.202701048329e+00  ,2.179675185520e+00  ,2.155242443774e+00  ,2.129127937783e+00  ,2.101331350412e+00  ,2.071193961449e+00  ,2.038567371025e+00  ,2.003543115966e+00  ,1.964969477321e+00  ,1.932366005195e+00  ,1.900647470484e+00  ,1.865851414818e+00  ,1.827288156045e+00  ,1.785333370178e+00  ,1.737578876980e+00  ,1.684229667334e+00  ,1.622395655598e+00  ,1.550191075346e+00  
  8.142161547785e-07  ,2.417080225633e+00  ,2.404331656933e+00  ,2.391194265619e+00  ,2.377421244964e+00  ,2.363213390066e+00  ,2.348600988983e+00  ,2.333134044181e+00  ,2.317135987657e+00  ,2.300159012714e+00  ,2.282704683101e+00  ,2.264137744592e+00  ,2.244748413559e+00  ,2.224263394059e+00  ,2.202701048329e+00  ,2.179675185520e+00  ,2.155242443774e+00  ,2.129127937783e+00  ,2.101331350412e+00  ,2.071193961449e+00  ,2.038567371025e+00  ,2.003543115966e+00  ,1.964969477321e+00  ,1.932366005195e+00  ,1.900647470484e+00  ,1.865851414818e+00  ,1.827288156045e+00  ,1.785333370178e+00  ,1.737578876980e+00  ,1.684229667334e+00  ,1.622395655598e+00  ,1.550191075346e+00  
  8.152162089591e-07  ,2.417080225633e+00  ,2.404331656933e+00  ,2.391194265619e+00  ,2.377421244964e+00  ,2.363213390066e+00  ,2.348600988983e+00  ,2.333134044181e+00  ,2.317135987657e+00  ,2.300159012714e+00  ,2.282704683101e+00  ,2.264137744592e+00  ,2.244748413559e+00  ,2.224263394059e+00  ,2.202701048329e+00  ,2.179675185520e+00  ,2.155242443774e+00  ,2.129127937783e+00  ,2.101331350412e+00  ,2.071193961449e+00  ,2.038567371025e+00  ,2.003543115966e+00  ,1.964969477321e+00  ,1.932366005195e+00  ,1.900647470484e+00  ,1.865851414818e+00  ,1.827288156045e+00  ,1.785333370178e+00  ,1.737578876980e+00  ,1.684229667334e+00  ,1.622395655598e+00  ,1.550191075346e+00  
  8.162162631398e-07  ,2.417080225633e+00  ,2.404331656933e+00  ,2.391194265619e+00  ,2.377421244964e+00  ,2.363213390066e+00  ,2.348600988983e+00  ,2.333134044181e+00  ,2.317135987657e+00  ,2.300159012714e+00  ,2.282704683101e+00  ,2.264137744592e+00  ,2.244748413559e+00  ,2.224263394059e+00  ,2.202701048329e+00  ,2.179675185520e+00  ,2.155242443774e+00  ,2.129127937783e+00  ,2.101331350412e+00  ,2.071193961449e+00  ,2.038567371025e+00  ,2.003543115966e+00  ,1.964969477321e+00  ,1.932366005195e+00  ,1.900647470484e+00  ,1.865851414818e+00  ,1.827288156045e+00  ,1.785333370178e+00  ,1.737578876980e+00  ,1.684229667334e+00  ,1.622395655598e+00  ,1.550191075346e+00  
  8.172163173204e-07  ,2.417080225633e+00  ,2.404331656933e+00  ,2.391194265619e+00  ,2.377421244964e+00  ,2.363213390066e+00  ,2.348600988983e+00  ,2.333134044181e+00  ,2.317135987657e+00  ,2.300159012714e+00  ,2.282704683101e+00  ,2.264137744592e+00  ,2.244748413559e+00  ,2.224263394059e+00  ,2.202701048329e+00  ,2.179675185520e+00  ,2.155242443774e+00  ,2.129127937783e+00  ,2.101331350412e+00  ,2.071193961449e+00  ,2.038567371025e+00  ,2.003543115966e+00  ,1.964969477321e+00  ,1.932366005195e+00  ,1.900647470484e+00  ,1.865851414818e+00  ,1.827288156045e+00  ,1.785333370178e+00  ,1.737578876980e+00  ,1.684229667334e+00  ,1.622395655598e+00  ,1.550191075346e+00  
  8.182163715010e-07  ,2.417080225633e+00  ,2.404331656933e+00  ,2.391194265619e+00  ,2.377421244964e+00  ,2.363213390066e+00  ,2.348600988983e+00  ,2.333134044181e+00  ,2.317135987657e+00  ,2.300159012714e+00  ,2.282704683101e+00  ,2.264137744592e+00  ,2.244748413559e+00  ,2.224263394059e+00  ,2.202701048329e+00  ,2.179675185520e+00  ,2.155242443774e+00  ,2.129127937783e+00  ,2.101331350412e+00  ,2.071193961449e+00  ,2.038567371025e+00  ,2.003543115966e+00  ,1.964969477321e+00  ,1.932366005195e+00  ,1.900647470484e+00  ,1.865851414818e+00  ,1.827288156045e+00  ,1.785333370178e+00  ,1.737578876980e+00  ,1.684229667334e+00  ,1.622395655598e+00  ,1.550191075346e+00  
  8.192164256816e-07  ,2.417080225633e+00  ,2.404331656933e+00  ,2.391194265619e+00  ,2.377421244964e+00  ,2.363213390066e+00  ,2.348600988983e+00  ,2.333134044181e+00  ,2.317135987657e+00  ,2.300159012714e+00  ,2.282704683101e+00  ,2.264137744592e+00  ,2.244748413559e+00  ,2.224263394059e+00  ,2.202701048329e+00  ,2.179675185520e+00  ,2.155242443774e+00  ,2.129127937783e+00  ,2.101331350412e+00  ,2.071193961449e+00  ,2.038567371025e+00  ,2.003543115966e+00  ,1.964969477321e+00  ,1.932366005195e+00  ,1.900647470484e+00  ,1.865851414818e+00  ,1.827288156045e+00  ,1.785333370178e+00  ,1.737578876980e+00  ,1.684229667334e+00  ,1.622395655598e+00  ,1.550191075346e+00  
  8.202164798622e-07  ,2.417080225633e+00  ,2.404331656933e+00  ,2.391194265619e+00  ,2.377421244964e+00  ,2.363213390066e+00  ,2.348600988983e+00  ,2.333134044181e+00  ,2.317135987657e+00  ,2.300159012714e+00  ,2.282704683101e+00  ,2.264137744592e+00  ,2.244748413559e+00  ,2.224263394059e+00  ,2.202701048329e+00  ,2.179675185520e+00  ,2.155242443774e+00  ,2.129127937783e+00  ,2.101331350412e+00  ,2.071193961449e+00  ,2.038567371025e+00  ,2.003543115966e+00  ,1.964969477321e+00  ,1.932366005195e+00  ,1.900647470484e+00  ,1.865851414818e+00  ,1.827288156045e+00  ,1.785333370178e+00  ,1.737578876980e+00  ,1.684229667334e+00  ,1.622395655598e+00  ,1.550191075346e+00  
  8.212165340429e-07  ,2.417080225633e+00  ,2.404331656933e+00  ,2.391194265619e+00  ,2.377421244964e+00  ,2.363213390066e+00  ,2.348600988983e+00  ,2.333134044181e+00  ,2.317135987657e+00  ,2.300159012714e+00  ,2.282704683101e+00  ,2.264137744592e+00  ,2.244748413559e+00  ,2.224263394059e+00  ,2.202701048329e+00  ,2.179675185520e+00  ,2.155242443774e+00  ,2.129127937783e+00  ,2.101331350412e+00  ,2.071193961449e+00  ,2.038567371025e+00  ,2.003543115966e+00  ,1.964969477321e+00  ,1.932366005195e+00  ,1.900647470484e+00  ,1.865851414818e+00  ,1.827288156045e+00  ,1.785333370178e+00  ,1.737578876980e+00  ,1.684229667334e+00  ,1.622395655598e+00  ,1.550191075346e+00  
  8.222165882235e-07  ,2.417080225633e+00  ,2.404331656933e+00  ,2.391194265619e+00  ,2.377421244964e+00  ,2.363213390066e+00  ,2.348600988983e+00  ,2.333134044181e+00  ,2.317135987657e+00  ,2.300159012714e+00  ,2.282704683101e+00  ,2.264137744592e+00  ,2.244748413559e+00  ,2.224263394059e+00  ,2.202701048329e+00  ,2.179675185520e+00  ,2.155242443774e+00  ,2.129127937783e+00  ,2.101331350412e+00  ,2.071193961449e+00  ,2.038567371025e+00  ,2.003543115966e+00  ,1.964969477321e+00  ,1.932366005195e+00  ,1.900647470484e+00  ,1.865851414818e+00  ,1.827288156045e+00  ,1.785333370178e+00  ,1.737578876980e+00  ,1.684229667334e+00  ,1.622395655598e+00  ,1.550191075346e+00  
  8.232166424041e-07  ,2.417080225633e+00  ,2.404331656933e+00  ,2.391194265619e+00  ,2.377421244964e+00  ,2.363213390066e+00  ,2.348600988983e+00  ,2.333134044181e+00  ,2.317135987657e+00  ,2.300159012714e+00  ,2.282704683101e+00  ,2.264137744592e+00  ,2.244748413559e+00  ,2.224263394059e+00  ,2.202701048329e+00  ,2.179675185520e+00  ,2.155242443774e+00  ,2.129127937783e+00  ,2.101331350412e+00  ,2.071193961449e+00  ,2.038567371025e+00  ,2.003543115966e+00  ,1.964969477321e+00  ,1.932366005195e+00  ,1.900647470484e+00  ,1.865851414818e+00  ,1.827288156045e+00  ,1.785333370178e+00  ,1.737578876980e+00  ,1.684229667334e+00  ,1.622395655598e+00  ,1.550191075346e+00  
  8.242166965847e-07  ,2.417080225633e+00  ,2.404331656933e+00  ,2.391194265619e+00  ,2.377421244964e+00  ,2.363213390066e+00  ,2.348600988983e+00  ,2.333134044181e+00  ,2.317135987657e+00  ,2.300159012714e+00  ,2.282704683101e+00  ,2.264137744592e+00  ,2.244748413559e+00  ,2.224263394059e+00  ,2.202701048329e+00  ,2.179675185520e+00  ,2.155242443774e+00  ,2.129127937783e+00  ,2.101331350412e+00  ,2.071193961449e+00  ,2.038567371025e+00  ,2.003543115966e+00  ,1.964969477321e+00  ,1.932366005195e+00  ,1.900647470484e+00  ,1.865851414818e+00  ,1.827288156045e+00  ,1.785333370178e+00  ,1.737578876980e+00  ,1.684229667334e+00  ,1.622395655598e+00  ,1.550191075346e+00  
  8.252167507654e-07  ,2.417080225633e+00  ,2.404331656933e+00  ,2.391194265619e+00  ,2.377421244964e+00  ,2.363213390066e+00  ,2.348600988983e+00  ,2.333134044181e+00  ,2.317135987657e+00  ,2.300159012714e+00  ,2.282704683101e+00  ,2.264137744592e+00  ,2.244748413559e+00  ,2.224263394059e+00  ,2.202701048329e+00  ,2.179675185520e+00  ,2.155242443774e+00  ,2.129127937783e+00  ,2.101331350412e+00  ,2.071193961449e+00  ,2.038567371025e+00  ,2.003543115966e+00  ,1.964969477321e+00  ,1.932366005195e+00  ,1.900647470484e+00  ,1.865851414818e+00  ,1.827288156045e+00  ,1.785333370178e+00  ,1.737578876980e+00  ,1.684229667334e+00  ,1.622395655598e+00  ,1.550191075346e+00  
  8.262168049460e-07  ,2.417080225633e+00  ,2.404331656933e+00  ,2.391194265619e+00  ,2.377421244964e+00  ,2.363213390066e+00  ,2.348600988983e+00  ,2.333134044181e+00  ,2.317135987657e+00  ,2.300159012714e+00  ,2.282704683101e+00  ,2.264137744592e+00  ,2.244748413559e+00  ,2.224263394059e+00  ,2.202701048329e+00  ,2.179675185520e+00  ,2.155242443774e+00  ,2.129127937783e+00  ,2.101331350412e+00  ,2.071193961449e+00  ,2.038567371025e+00  ,2.003543115966e+00  ,1.964969477321e+00  ,1.932366005195e+00  ,1.900647470484e+00  ,1.865851414818e+00  ,1.827288156045e+00  ,1.785333370178e+00  ,1.737578876980e+00  ,1.684229667334e+00  ,1.622395655598e+00  ,1.550191075346e+00  
  8.272168591266e-07  ,2.417080225633e+00  ,2.404331656933e+00  ,2.391194265619e+00  ,2.377421244964e+00  ,2.363213390066e+00  ,2.348600988983e+00  ,2.333134044181e+00  ,2.317135987657e+00  ,2.300159012714e+00  ,2.282704683101e+00  ,2.264137744592e+00  ,2.244748413559e+00  ,2.224263394059e+00  ,2.202701048329e+00  ,2.179675185520e+00  ,2.155242443774e+00  ,2.129127937783e+00  ,2.101331350412e+00  ,2.071193961449e+00  ,2.038567371025e+00  ,2.003543115966e+00  ,1.964969477321e+00  ,1.932366005195e+00  ,1.900647470484e+00  ,1.865851414818e+00  ,1.827288156045e+00  ,1.785333370178e+00  ,1.737578876980e+00  ,1.684229667334e+00  ,1.622395655598e+00  ,1.550191075346e+00  
  8.282169133072e-07  ,2.417080225633e+00  ,2.404331656933e+00  ,2.391194265619e+00  ,2.377421244964e+00  ,2.363213390066e+00  ,2.348600988983e+00  ,2.333134044181e+00  ,2.317135987657e+00  ,2.300159012714e+00  ,2.282704683101e+00  ,2.264137744592e+00  ,2.244748413559e+00  ,2.224263394059e+00  ,2.202701048329e+00  ,2.179675185520e+00  ,2.155242443774e+00  ,2.129127937783e+00  ,2.101331350412e+00  ,2.071193961449e+00  ,2.038567371025e+00  ,2.003543115966e+00  ,1.964969477321e+00  ,1.932366005195e+00  ,1.900647470484e+00  ,1.865851414818e+00  ,1.827288156045e+00  ,1.785333370178e+00  ,1.737578876980e+00  ,1.684229667334e+00  ,1.622395655598e+00  ,1.550191075346e+00  
  8.292169674878e-07  ,2.417080225633e+00  ,2.404331656933e+00  ,2.391194265619e+00  ,2.377421244964e+00  ,2.363213390066e+00  ,2.348600988983e+00  ,2.333134044181e+00  ,2.317135987657e+00  ,2.300159012714e+00  ,2.282704683101e+00  ,2.264137744592e+00  ,2.244748413559e+00  ,2.224263394059e+00  ,2.202701048329e+00  ,2.179675185520e+00  ,2.155242443774e+00  ,2.129127937783e+00  ,2.101331350412e+00  ,2.071193961449e+00  ,2.038567371025e+00  ,2.003543115966e+00  ,1.964969477321e+00  ,1.932366005195e+00  ,1.900647470484e+00  ,1.865851414818e+00  ,1.827288156045e+00  ,1.785333370178e+00  ,1.737578876980e+00  ,1.684229667334e+00  ,1.622395655598e+00  ,1.550191075346e+00  
  8.302170216685e-07  ,2.417080225633e+00  ,2.404331656933e+00  ,2.391194265619e+00  ,2.377421244964e+00  ,2.363213390066e+00  ,2.348600988983e+00  ,2.333134044181e+00  ,2.317135987657e+00  ,2.300159012714e+00  ,2.282704683101e+00  ,2.264137744592e+00  ,2.244748413559e+00  ,2.224263394059e+00  ,2.202701048329e+00  ,2.179675185520e+00  ,2.155242443774e+00  ,2.129127937783e+00  ,2.101331350412e+00  ,2.071193961449e+00  ,2.038567371025e+00  ,2.003543115966e+00  ,1.964969477321e+00  ,1.932366005195e+00  ,1.900647470484e+00  ,1.865851414818e+00  ,1.827288156045e+00  ,1.785333370178e+00  ,1.737578876980e+00  ,1.684229667334e+00  ,1.622395655598e+00  ,1.550191075346e+00  
  8.312170758491e-07  ,2.417080225633e+00  ,2.404331656933e+00  ,2.391194265619e+00  ,2.377421244964e+00  ,2.363213390066e+00  ,2.348600988983e+00  ,2.333134044181e+00  ,2.317135987657e+00  ,2.300159012714e+00  ,2.282704683101e+00  ,2.264137744592e+00  ,2.244748413559e+00  ,2.224263394059e+00  ,2.202701048329e+00  ,2.179675185520e+00  ,2.155242443774e+00  ,2.129127937783e+00  ,2.101331350412e+00  ,2.071193961449e+00  ,2.038567371025e+00  ,2.003543115966e+00  ,1.964969477321e+00  ,1.932366005195e+00  ,1.900647470484e+00  ,1.865851414818e+00  ,1.827288156045e+00  ,1.785333370178e+00  ,1.737578876980e+00  ,1.684229667334e+00  ,1.622395655598e+00  ,1.550191075346e+00  
  8.322171300297e-07  ,2.417080225633e+00  ,2.404331656933e+00  ,2.391194265619e+00  ,2.377421244964e+00  ,2.363213390066e+00  ,2.348600988983e+00  ,2.333134044181e+00  ,2.317135987657e+00  ,2.300159012714e+00  ,2.282704683101e+00  ,2.264137744592e+00  ,2.244748413559e+00  ,2.224263394059e+00  ,2.202701048329e+00  ,2.179675185520e+00  ,2.155242443774e+00  ,2.129127937783e+00  ,2.101331350412e+00  ,2.071193961449e+00  ,2.038567371025e+00  ,2.003543115966e+00  ,1.964969477321e+00  ,1.932366005195e+00  ,1.900647470484e+00  ,1.865851414818e+00  ,1.827288156045e+00  ,1.785333370178e+00  ,1.737578876980e+00  ,1.684229667334e+00  ,1.622395655598e+00  ,1.550191075346e+00  
  8.332171842103e-07  ,2.417080225633e+00  ,2.404331656933e+00  ,2.391194265619e+00  ,2.377421244964e+00  ,2.363213390066e+00  ,2.348600988983e+00  ,2.333134044181e+00  ,2.317135987657e+00  ,2.300159012714e+00  ,2.282704683101e+00  ,2.264137744592e+00  ,2.244748413559e+00  ,2.224263394059e+00  ,2.202701048329e+00  ,2.179675185520e+00  ,2.155242443774e+00  ,2.129127937783e+00  ,2.101331350412e+00  ,2.071193961449e+00  ,2.038567371025e+00  ,2.003543115966e+00  ,1.964969477321e+00  ,1.932366005195e+00  ,1.900647470484e+00  ,1.865851414818e+00  ,1.827288156045e+00  ,1.785333370178e+00  ,1.737578876980e+00  ,1.684229667334e+00  ,1.622395655598e+00  ,1.550191075346e+00  
  8.342172383910e-07  ,2.417080225633e+00  ,2.404331656933e+00  ,2.391194265619e+00  ,2.377421244964e+00  ,2.363213390066e+00  ,2.348600988983e+00  ,2.333134044181e+00  ,2.317135987657e+00  ,2.300159012714e+00  ,2.282704683101e+00  ,2.264137744592e+00  ,2.244748413559e+00  ,2.224263394059e+00  ,2.202701048329e+00  ,2.179675185520e+00  ,2.155242443774e+00  ,2.129127937783e+00  ,2.101331350412e+00  ,2.071193961449e+00  ,2.038567371025e+00  ,2.003543115966e+00  ,1.964969477321e+00  ,1.932366005195e+00  ,1.900647470484e+00  ,1.865851414818e+00  ,1.827288156045e+00  ,1.785333370178e+00  ,1.737578876980e+00  ,1.684229667334e+00  ,1.622395655598e+00  ,1.550191075346e+00  
  8.352172925716e-07  ,2.417080225633e+00  ,2.404331656933e+00  ,2.391194265619e+00  ,2.377421244964e+00  ,2.363213390066e+00  ,2.348600988983e+00  ,2.333134044181e+00  ,2.317135987657e+00  ,2.300159012714e+00  ,2.282704683101e+00  ,2.264137744592e+00  ,2.244748413559e+00  ,2.224263394059e+00  ,2.202701048329e+00  ,2.179675185520e+00  ,2.155242443774e+00  ,2.129127937783e+00  ,2.101331350412e+00  ,2.071193961449e+00  ,2.038567371025e+00  ,2.003543115966e+00  ,1.964969477321e+00  ,1.932366005195e+00  ,1.900647470484e+00  ,1.865851414818e+00  ,1.827288156045e+00  ,1.785333370178e+00  ,1.737578876980e+00  ,1.684229667334e+00  ,1.622395655598e+00  ,1.550191075346e+00  
  8.362173467522e-07  ,2.417080225633e+00  ,2.404331656933e+00  ,2.391194265619e+00  ,2.377421244964e+00  ,2.363213390066e+00  ,2.348600988983e+00  ,2.333134044181e+00  ,2.317135987657e+00  ,2.300159012714e+00  ,2.282704683101e+00  ,2.264137744592e+00  ,2.244748413559e+00  ,2.224263394059e+00  ,2.202701048329e+00  ,2.179675185520e+00  ,2.155242443774e+00  ,2.129127937783e+00  ,2.101331350412e+00  ,2.071193961449e+00  ,2.038567371025e+00  ,2.003543115966e+00  ,1.964969477321e+00  ,1.932366005195e+00  ,1.900647470484e+00  ,1.865851414818e+00  ,1.827288156045e+00  ,1.785333370178e+00  ,1.737578876980e+00  ,1.684229667334e+00  ,1.622395655598e+00  ,1.550191075346e+00  
  8.372174009328e-07  ,2.417080225633e+00  ,2.404331656933e+00  ,2.391194265619e+00  ,2.377421244964e+00  ,2.363213390066e+00  ,2.348600988983e+00  ,2.333134044181e+00  ,2.317135987657e+00  ,2.300159012714e+00  ,2.282704683101e+00  ,2.264137744592e+00  ,2.244748413559e+00  ,2.224263394059e+00  ,2.202701048329e+00  ,2.179675185520e+00  ,2.155242443774e+00  ,2.129127937783e+00  ,2.101331350412e+00  ,2.071193961449e+00  ,2.038567371025e+00  ,2.003543115966e+00  ,1.964969477321e+00  ,1.932366005195e+00  ,1.900647470484e+00  ,1.865851414818e+00  ,1.827288156045e+00  ,1.785333370178e+00  ,1.737578876980e+00  ,1.684229667334e+00  ,1.622395655598e+00  ,1.550191075346e+00  
  8.382174551134e-07  ,2.417080225633e+00  ,2.404331656933e+00  ,2.391194265619e+00  ,2.377421244964e+00  ,2.363213390066e+00  ,2.348600988983e+00  ,2.333134044181e+00  ,2.317135987657e+00  ,2.300159012714e+00  ,2.282704683101e+00  ,2.264137744592e+00  ,2.244748413559e+00  ,2.224263394059e+00  ,2.202701048329e+00  ,2.179675185520e+00  ,2.155242443774e+00  ,2.129127937783e+00  ,2.101331350412e+00  ,2.071193961449e+00  ,2.038567371025e+00  ,2.003543115966e+00  ,1.964969477321e+00  ,1.932366005195e+00  ,1.900647470484e+00  ,1.865851414818e+00  ,1.827288156045e+00  ,1.785333370178e+00  ,1.737578876980e+00  ,1.684229667334e+00  ,1.622395655598e+00  ,1.550191075346e+00  
  8.392175092941e-07  ,2.417080225633e+00  ,2.404331656933e+00  ,2.391194265619e+00  ,2.377421244964e+00  ,2.363213390066e+00  ,2.348600988983e+00  ,2.333134044181e+00  ,2.317135987657e+00  ,2.300159012714e+00  ,2.282704683101e+00  ,2.264137744592e+00  ,2.244748413559e+00  ,2.224263394059e+00  ,2.202701048329e+00  ,2.179675185520e+00  ,2.155242443774e+00  ,2.129127937783e+00  ,2.101331350412e+00  ,2.071193961449e+00  ,2.038567371025e+00  ,2.003543115966e+00  ,1.964969477321e+00  ,1.932366005195e+00  ,1.900647470484e+00  ,1.865851414818e+00  ,1.827288156045e+00  ,1.785333370178e+00  ,1.737578876980e+00  ,1.684229667334e+00  ,1.622395655598e+00  ,1.550191075346e+00  
  8.402175634747e-07  ,2.417080225633e+00  ,2.404331656933e+00  ,2.391194265619e+00  ,2.377421244964e+00  ,2.363213390066e+00  ,2.348600988983e+00  ,2.333134044181e+00  ,2.317135987657e+00  ,2.300159012714e+00  ,2.282704683101e+00  ,2.264137744592e+00  ,2.244748413559e+00  ,2.224263394059e+00  ,2.202701048329e+00  ,2.179675185520e+00  ,2.155242443774e+00  ,2.129127937783e+00  ,2.101331350412e+00  ,2.071193961449e+00  ,2.038567371025e+00  ,2.003543115966e+00  ,1.964969477321e+00  ,1.932366005195e+00  ,1.900647470484e+00  ,1.865851414818e+00  ,1.827288156045e+00  ,1.785333370178e+00  ,1.737578876980e+00  ,1.684229667334e+00  ,1.622395655598e+00  ,1.550191075346e+00  
  8.412176176553e-07  ,2.417080225633e+00  ,2.404331656933e+00  ,2.391194265619e+00  ,2.377421244964e+00  ,2.363213390066e+00  ,2.348600988983e+00  ,2.333134044181e+00  ,2.317135987657e+00  ,2.300159012714e+00  ,2.282704683101e+00  ,2.264137744592e+00  ,2.244748413559e+00  ,2.224263394059e+00  ,2.202701048329e+00  ,2.179675185520e+00  ,2.155242443774e+00  ,2.129127937783e+00  ,2.101331350412e+00  ,2.071193961449e+00  ,2.038567371025e+00  ,2.003543115966e+00  ,1.964969477321e+00  ,1.932366005195e+00  ,1.900647470484e+00  ,1.865851414818e+00  ,1.827288156045e+00  ,1.785333370178e+00  ,1.737578876980e+00  ,1.684229667334e+00  ,1.622395655598e+00  ,1.550191075346e+00  
  8.422176718359e-07  ,2.417080225633e+00  ,2.404331656933e+00  ,2.391194265619e+00  ,2.377421244964e+00  ,2.363213390066e+00  ,2.348600988983e+00  ,2.333134044181e+00  ,2.317135987657e+00  ,2.300159012714e+00  ,2.282704683101e+00  ,2.264137744592e+00  ,2.244748413559e+00  ,2.224263394059e+00  ,2.202701048329e+00  ,2.179675185520e+00  ,2.155242443774e+00  ,2.129127937783e+00  ,2.101331350412e+00  ,2.071193961449e+00  ,2.038567371025e+00  ,2.003543115966e+00  ,1.964969477321e+00  ,1.932366005195e+00  ,1.900647470484e+00  ,1.865851414818e+00  ,1.827288156045e+00  ,1.785333370178e+00  ,1.737578876980e+00  ,1.684229667334e+00  ,1.622395655598e+00  ,1.550191075346e+00  
  8.432177260166e-07  ,2.417080225633e+00  ,2.404331656933e+00  ,2.391194265619e+00  ,2.377421244964e+00  ,2.363213390066e+00  ,2.348600988983e+00  ,2.333134044181e+00  ,2.317135987657e+00  ,2.300159012714e+00  ,2.282704683101e+00  ,2.264137744592e+00  ,2.244748413559e+00  ,2.224263394059e+00  ,2.202701048329e+00  ,2.179675185520e+00  ,2.155242443774e+00  ,2.129127937783e+00  ,2.101331350412e+00  ,2.071193961449e+00  ,2.038567371025e+00  ,2.003543115966e+00  ,1.964969477321e+00  ,1.932366005195e+00  ,1.900647470484e+00  ,1.865851414818e+00  ,1.827288156045e+00  ,1.785333370178e+00  ,1.737578876980e+00  ,1.684229667334e+00  ,1.622395655598e+00  ,1.550191075346e+00  
  8.442177801972e-07  ,2.417080225633e+00  ,2.404331656933e+00  ,2.391194265619e+00  ,2.377421244964e+00  ,2.363213390066e+00  ,2.348600988983e+00  ,2.333134044181e+00  ,2.317135987657e+00  ,2.300159012714e+00  ,2.282704683101e+00  ,2.264137744592e+00  ,2.244748413559e+00  ,2.224263394059e+00  ,2.202701048329e+00  ,2.179675185520e+00  ,2.155242443774e+00  ,2.129127937783e+00  ,2.101331350412e+00  ,2.071193961449e+00  ,2.038567371025e+00  ,2.003543115966e+00  ,1.964969477321e+00  ,1.932366005195e+00  ,1.900647470484e+00  ,1.865851414818e+00  ,1.827288156045e+00  ,1.785333370178e+00  ,1.737578876980e+00  ,1.684229667334e+00  ,1.622395655598e+00  ,1.550191075346e+00  
  8.452178343778e-07  ,2.417080225633e+00  ,2.404331656933e+00  ,2.391194265619e+00  ,2.377421244964e+00  ,2.363213390066e+00  ,2.348600988983e+00  ,2.333134044181e+00  ,2.317135987657e+00  ,2.300159012714e+00  ,2.282704683101e+00  ,2.264137744592e+00  ,2.244748413559e+00  ,2.224263394059e+00  ,2.202701048329e+00  ,2.179675185520e+00  ,2.155242443774e+00  ,2.129127937783e+00  ,2.101331350412e+00  ,2.071193961449e+00  ,2.038567371025e+00  ,2.003543115966e+00  ,1.964969477321e+00  ,1.932366005195e+00  ,1.900647470484e+00  ,1.865851414818e+00  ,1.827288156045e+00  ,1.785333370178e+00  ,1.737578876980e+00  ,1.684229667334e+00  ,1.622395655598e+00  ,1.550191075346e+00  
  8.462178885584e-07  ,2.417080225633e+00  ,2.404331656933e+00  ,2.391194265619e+00  ,2.377421244964e+00  ,2.363213390066e+00  ,2.348600988983e+00  ,2.333134044181e+00  ,2.317135987657e+00  ,2.300159012714e+00  ,2.282704683101e+00  ,2.264137744592e+00  ,2.244748413559e+00  ,2.224263394059e+00  ,2.202701048329e+00  ,2.179675185520e+00  ,2.155242443774e+00  ,2.129127937783e+00  ,2.101331350412e+00  ,2.071193961449e+00  ,2.038567371025e+00  ,2.003543115966e+00  ,1.964969477321e+00  ,1.932366005195e+00  ,1.900647470484e+00  ,1.865851414818e+00  ,1.827288156045e+00  ,1.785333370178e+00  ,1.737578876980e+00  ,1.684229667334e+00  ,1.622395655598e+00  ,1.550191075346e+00  
  8.472179427390e-07  ,2.417080225633e+00  ,2.404331656933e+00  ,2.391194265619e+00  ,2.377421244964e+00  ,2.363213390066e+00  ,2.348600988983e+00  ,2.333134044181e+00  ,2.317135987657e+00  ,2.300159012714e+00  ,2.282704683101e+00  ,2.264137744592e+00  ,2.244748413559e+00  ,2.224263394059e+00  ,2.202701048329e+00  ,2.179675185520e+00  ,2.155242443774e+00  ,2.129127937783e+00  ,2.101331350412e+00  ,2.071193961449e+00  ,2.038567371025e+00  ,2.003543115966e+00  ,1.964969477321e+00  ,1.932366005195e+00  ,1.900647470484e+00  ,1.865851414818e+00  ,1.827288156045e+00  ,1.785333370178e+00  ,1.737578876980e+00  ,1.684229667334e+00  ,1.622395655598e+00  ,1.550191075346e+00  
  8.482179969197e-07  ,2.417080225633e+00  ,2.404331656933e+00  ,2.391194265619e+00  ,2.377421244964e+00  ,2.363213390066e+00  ,2.348600988983e+00  ,2.333134044181e+00  ,2.317135987657e+00  ,2.300159012714e+00  ,2.282704683101e+00  ,2.264137744592e+00  ,2.244748413559e+00  ,2.224263394059e+00  ,2.202701048329e+00  ,2.179675185520e+00  ,2.155242443774e+00  ,2.129127937783e+00  ,2.101331350412e+00  ,2.071193961449e+00  ,2.038567371025e+00  ,2.003543115966e+00  ,1.964969477321e+00  ,1.932366005195e+00  ,1.900647470484e+00  ,1.865851414818e+00  ,1.827288156045e+00  ,1.785333370178e+00  ,1.737578876980e+00  ,1.684229667334e+00  ,1.622395655598e+00  ,1.550191075346e+00  
  8.492180511003e-07  ,2.417080225633e+00  ,2.404331656933e+00  ,2.391194265619e+00  ,2.377421244964e+00  ,2.363213390066e+00  ,2.348600988983e+00  ,2.333134044181e+00  ,2.317135987657e+00  ,2.300159012714e+00  ,2.282704683101e+00  ,2.264137744592e+00  ,2.244748413559e+00  ,2.224263394059e+00  ,2.202701048329e+00  ,2.179675185520e+00  ,2.155242443774e+00  ,2.129127937783e+00  ,2.101331350412e+00  ,2.071193961449e+00  ,2.038567371025e+00  ,2.003543115966e+00  ,1.964969477321e+00  ,1.932366005195e+00  ,1.900647470484e+00  ,1.865851414818e+00  ,1.827288156045e+00  ,1.785333370178e+00  ,1.737578876980e+00  ,1.684229667334e+00  ,1.622395655598e+00  ,1.550191075346e+00  
  8.502181052809e-07  ,2.417080225633e+00  ,2.404331656933e+00  ,2.391194265619e+00  ,2.377421244964e+00  ,2.363213390066e+00  ,2.348600988983e+00  ,2.333134044181e+00  ,2.317135987657e+00  ,2.300159012714e+00  ,2.282704683101e+00  ,2.264137744592e+00  ,2.244748413559e+00  ,2.224263394059e+00  ,2.202701048329e+00  ,2.179675185520e+00  ,2.155242443774e+00  ,2.129127937783e+00  ,2.101331350412e+00  ,2.071193961449e+00  ,2.038567371025e+00  ,2.003543115966e+00  ,1.964969477321e+00  ,1.932366005195e+00  ,1.900647470484e+00  ,1.865851414818e+00  ,1.827288156045e+00  ,1.785333370178e+00  ,1.737578876980e+00  ,1.684229667334e+00  ,1.622395655598e+00  ,1.550191075346e+00  
  8.512181594615e-07  ,2.417080225633e+00  ,2.404331656933e+00  ,2.391194265619e+00  ,2.377421244964e+00  ,2.363213390066e+00  ,2.348600988983e+00  ,2.333134044181e+00  ,2.317135987657e+00  ,2.300159012714e+00  ,2.282704683101e+00  ,2.264137744592e+00  ,2.244748413559e+00  ,2.224263394059e+00  ,2.202701048329e+00  ,2.179675185520e+00  ,2.155242443774e+00  ,2.129127937783e+00  ,2.101331350412e+00  ,2.071193961449e+00  ,2.038567371025e+00  ,2.003543115966e+00  ,1.964969477321e+00  ,1.932366005195e+00  ,1.900647470484e+00  ,1.865851414818e+00  ,1.827288156045e+00  ,1.785333370178e+00  ,1.737578876980e+00  ,1.684229667334e+00  ,1.622395655598e+00  ,1.550191075346e+00  
  8.522182136422e-07  ,2.417080225633e+00  ,2.404331656933e+00  ,2.391194265619e+00  ,2.377421244964e+00  ,2.363213390066e+00  ,2.348600988983e+00  ,2.333134044181e+00  ,2.317135987657e+00  ,2.300159012714e+00  ,2.282704683101e+00  ,2.264137744592e+00  ,2.244748413559e+00  ,2.224263394059e+00  ,2.202701048329e+00  ,2.179675185520e+00  ,2.155242443774e+00  ,2.129127937783e+00  ,2.101331350412e+00  ,2.071193961449e+00  ,2.038567371025e+00  ,2.003543115966e+00  ,1.964969477321e+00  ,1.932366005195e+00  ,1.900647470484e+00  ,1.865851414818e+00  ,1.827288156045e+00  ,1.785333370178e+00  ,1.737578876980e+00  ,1.684229667334e+00  ,1.622395655598e+00  ,1.550191075346e+00  
  8.532182678228e-07  ,2.417080225633e+00  ,2.404331656933e+00  ,2.391194265619e+00  ,2.377421244964e+00  ,2.363213390066e+00  ,2.348600988983e+00  ,2.333134044181e+00  ,2.317135987657e+00  ,2.300159012714e+00  ,2.282704683101e+00  ,2.264137744592e+00  ,2.244748413559e+00  ,2.224263394059e+00  ,2.202701048329e+00  ,2.179675185520e+00  ,2.155242443774e+00  ,2.129127937783e+00  ,2.101331350412e+00  ,2.071193961449e+00  ,2.038567371025e+00  ,2.003543115966e+00  ,1.964969477321e+00  ,1.932366005195e+00  ,1.900647470484e+00  ,1.865851414818e+00  ,1.827288156045e+00  ,1.785333370178e+00  ,1.737578876980e+00  ,1.684229667334e+00  ,1.622395655598e+00  ,1.550191075346e+00  
  8.542183220034e-07  ,2.417080225633e+00  ,2.404331656933e+00  ,2.391194265619e+00  ,2.377421244964e+00  ,2.363213390066e+00  ,2.348600988983e+00  ,2.333134044181e+00  ,2.317135987657e+00  ,2.300159012714e+00  ,2.282704683101e+00  ,2.264137744592e+00  ,2.244748413559e+00  ,2.224263394059e+00  ,2.202701048329e+00  ,2.179675185520e+00  ,2.155242443774e+00  ,2.129127937783e+00  ,2.101331350412e+00  ,2.071193961449e+00  ,2.038567371025e+00  ,2.003543115966e+00  ,1.964969477321e+00  ,1.932366005195e+00  ,1.900647470484e+00  ,1.865851414818e+00  ,1.827288156045e+00  ,1.785333370178e+00  ,1.737578876980e+00  ,1.684229667334e+00  ,1.622395655598e+00  ,1.550191075346e+00  
  8.552183761840e-07  ,2.417080225633e+00  ,2.404331656933e+00  ,2.391194265619e+00  ,2.377421244964e+00  ,2.363213390066e+00  ,2.348600988983e+00  ,2.333134044181e+00  ,2.317135987657e+00  ,2.300159012714e+00  ,2.282704683101e+00  ,2.264137744592e+00  ,2.244748413559e+00  ,2.224263394059e+00  ,2.202701048329e+00  ,2.179675185520e+00  ,2.155242443774e+00  ,2.129127937783e+00  ,2.101331350412e+00  ,2.071193961449e+00  ,2.038567371025e+00  ,2.003543115966e+00  ,1.964969477321e+00  ,1.932366005195e+00  ,1.900647470484e+00  ,1.865851414818e+00  ,1.827288156045e+00  ,1.785333370178e+00  ,1.737578876980e+00  ,1.684229667334e+00  ,1.622395655598e+00  ,1.550191075346e+00  
  8.562184303646e-07  ,2.417080225633e+00  ,2.404331656933e+00  ,2.391194265619e+00  ,2.377421244964e+00  ,2.363213390066e+00  ,2.348600988983e+00  ,2.333134044181e+00  ,2.317135987657e+00  ,2.300159012714e+00  ,2.282704683101e+00  ,2.264137744592e+00  ,2.244748413559e+00  ,2.224263394059e+00  ,2.202701048329e+00  ,2.179675185520e+00  ,2.155242443774e+00  ,2.129127937783e+00  ,2.101331350412e+00  ,2.071193961449e+00  ,2.038567371025e+00  ,2.003543115966e+00  ,1.964969477321e+00  ,1.932366005195e+00  ,1.900647470484e+00  ,1.865851414818e+00  ,1.827288156045e+00  ,1.785333370178e+00  ,1.737578876980e+00  ,1.684229667334e+00  ,1.622395655598e+00  ,1.550191075346e+00  
  8.572184845453e-07  ,2.417080225633e+00  ,2.404331656933e+00  ,2.391194265619e+00  ,2.377421244964e+00  ,2.363213390066e+00  ,2.348600988983e+00  ,2.333134044181e+00  ,2.317135987657e+00  ,2.300159012714e+00  ,2.282704683101e+00  ,2.264137744592e+00  ,2.244748413559e+00  ,2.224263394059e+00  ,2.202701048329e+00  ,2.179675185520e+00  ,2.155242443774e+00  ,2.129127937783e+00  ,2.101331350412e+00  ,2.071193961449e+00  ,2.038567371025e+00  ,2.003543115966e+00  ,1.964969477321e+00  ,1.932366005195e+00  ,1.900647470484e+00  ,1.865851414818e+00  ,1.827288156045e+00  ,1.785333370178e+00  ,1.737578876980e+00  ,1.684229667334e+00  ,1.622395655598e+00  ,1.550191075346e+00  
  8.582185387259e-07  ,2.417080225633e+00  ,2.404331656933e+00  ,2.391194265619e+00  ,2.377421244964e+00  ,2.363213390066e+00  ,2.348600988983e+00  ,2.333134044181e+00  ,2.317135987657e+00  ,2.300159012714e+00  ,2.282704683101e+00  ,2.264137744592e+00  ,2.244748413559e+00  ,2.224263394059e+00  ,2.202701048329e+00  ,2.179675185520e+00  ,2.155242443774e+00  ,2.129127937783e+00  ,2.101331350412e+00  ,2.071193961449e+00  ,2.038567371025e+00  ,2.003543115966e+00  ,1.964969477321e+00  ,1.932366005195e+00  ,1.900647470484e+00  ,1.865851414818e+00  ,1.827288156045e+00  ,1.785333370178e+00  ,1.737578876980e+00  ,1.684229667334e+00  ,1.622395655598e+00  ,1.550191075346e+00  
  8.592185929065e-07  ,2.417080225633e+00  ,2.404331656933e+00  ,2.391194265619e+00  ,2.377421244964e+00  ,2.363213390066e+00  ,2.348600988983e+00  ,2.333134044181e+00  ,2.317135987657e+00  ,2.300159012714e+00  ,2.282704683101e+00  ,2.264137744592e+00  ,2.244748413559e+00  ,2.224263394059e+00  ,2.202701048329e+00  ,2.179675185520e+00  ,2.155242443774e+00  ,2.129127937783e+00  ,2.101331350412e+00  ,2.071193961449e+00  ,2.038567371025e+00  ,2.003543115966e+00  ,1.964969477321e+00  ,1.932366005195e+00  ,1.900647470484e+00  ,1.865851414818e+00  ,1.827288156045e+00  ,1.785333370178e+00  ,1.737578876980e+00  ,1.684229667334e+00  ,1.622395655598e+00  ,1.550191075346e+00  
  8.602186470871e-07  ,2.417080225633e+00  ,2.404331656933e+00  ,2.391194265619e+00  ,2.377421244964e+00  ,2.363213390066e+00  ,2.348600988983e+00  ,2.333134044181e+00  ,2.317135987657e+00  ,2.300159012714e+00  ,2.282704683101e+00  ,2.264137744592e+00  ,2.244748413559e+00  ,2.224263394059e+00  ,2.202701048329e+00  ,2.179675185520e+00  ,2.155242443774e+00  ,2.129127937783e+00  ,2.101331350412e+00  ,2.071193961449e+00  ,2.038567371025e+00  ,2.003543115966e+00  ,1.964969477321e+00  ,1.932366005195e+00  ,1.900647470484e+00  ,1.865851414818e+00  ,1.827288156045e+00  ,1.785333370178e+00  ,1.737578876980e+00  ,1.684229667334e+00  ,1.622395655598e+00  ,1.550191075346e+00  
  8.612187012678e-07  ,2.417080225633e+00  ,2.404331656933e+00  ,2.391194265619e+00  ,2.377421244964e+00  ,2.363213390066e+00  ,2.348600988983e+00  ,2.333134044181e+00  ,2.317135987657e+00  ,2.300159012714e+00  ,2.282704683101e+00  ,2.264137744592e+00  ,2.244748413559e+00  ,2.224263394059e+00  ,2.202701048329e+00  ,2.179675185520e+00  ,2.155242443774e+00  ,2.129127937783e+00  ,2.101331350412e+00  ,2.071193961449e+00  ,2.038567371025e+00  ,2.003543115966e+00  ,1.964969477321e+00  ,1.932366005195e+00  ,1.900647470484e+00  ,1.865851414818e+00  ,1.827288156045e+00  ,1.785333370178e+00  ,1.737578876980e+00  ,1.684229667334e+00  ,1.622395655598e+00  ,1.550191075346e+00  
  8.622187554484e-07  ,2.417080225633e+00  ,2.404331656933e+00  ,2.391194265619e+00  ,2.377421244964e+00  ,2.363213390066e+00  ,2.348600988983e+00  ,2.333134044181e+00  ,2.317135987657e+00  ,2.300159012714e+00  ,2.282704683101e+00  ,2.264137744592e+00  ,2.244748413559e+00  ,2.224263394059e+00  ,2.202701048329e+00  ,2.179675185520e+00  ,2.155242443774e+00  ,2.129127937783e+00  ,2.101331350412e+00  ,2.071193961449e+00  ,2.038567371025e+00  ,2.003543115966e+00  ,1.964969477321e+00  ,1.932366005195e+00  ,1.900647470484e+00  ,1.865851414818e+00  ,1.827288156045e+00  ,1.785333370178e+00  ,1.737578876980e+00  ,1.684229667334e+00  ,1.622395655598e+00  ,1.550191075346e+00  
  8.632188096290e-07  ,2.417080225633e+00  ,2.404331656933e+00  ,2.391194265619e+00  ,2.377421244964e+00  ,2.363213390066e+00  ,2.348600988983e+00  ,2.333134044181e+00  ,2.317135987657e+00  ,2.300159012714e+00  ,2.282704683101e+00  ,2.264137744592e+00  ,2.244748413559e+00  ,2.224263394059e+00  ,2.202701048329e+00  ,2.179675185520e+00  ,2.155242443774e+00  ,2.129127937783e+00  ,2.101331350412e+00  ,2.071193961449e+00  ,2.038567371025e+00  ,2.003543115966e+00  ,1.964969477321e+00  ,1.932366005195e+00  ,1.900647470484e+00  ,1.865851414818e+00  ,1.827288156045e+00  ,1.785333370178e+00  ,1.737578876980e+00  ,1.684229667334e+00  ,1.622395655598e+00  ,1.550191075346e+00  
  8.642188638096e-07  ,2.417080225633e+00  ,2.404331656933e+00  ,2.391194265619e+00  ,2.377421244964e+00  ,2.363213390066e+00  ,2.348600988983e+00  ,2.333134044181e+00  ,2.317135987657e+00  ,2.300159012714e+00  ,2.282704683101e+00  ,2.264137744592e+00  ,2.244748413559e+00  ,2.224263394059e+00  ,2.202701048329e+00  ,2.179675185520e+00  ,2.155242443774e+00  ,2.129127937783e+00  ,2.101331350412e+00  ,2.071193961449e+00  ,2.038567371025e+00  ,2.003543115966e+00  ,1.964969477321e+00  ,1.932366005195e+00  ,1.900647470484e+00  ,1.865851414818e+00  ,1.827288156045e+00  ,1.785333370178e+00  ,1.737578876980e+00  ,1.684229667334e+00  ,1.622395655598e+00  ,1.550191075346e+00  
  8.652189179902e-07  ,2.417080225633e+00  ,2.404331656933e+00  ,2.391194265619e+00  ,2.377421244964e+00  ,2.363213390066e+00  ,2.348600988983e+00  ,2.333134044181e+00  ,2.317135987657e+00  ,2.300159012714e+00  ,2.282704683101e+00  ,2.264137744592e+00  ,2.244748413559e+00  ,2.224263394059e+00  ,2.202701048329e+00  ,2.179675185520e+00  ,2.155242443774e+00  ,2.129127937783e+00  ,2.101331350412e+00  ,2.071193961449e+00  ,2.038567371025e+00  ,2.003543115966e+00  ,1.964969477321e+00  ,1.932366005195e+00  ,1.900647470484e+00  ,1.865851414818e+00  ,1.827288156045e+00  ,1.785333370178e+00  ,1.737578876980e+00  ,1.684229667334e+00  ,1.622395655598e+00  ,1.550191075346e+00  
  8.662189721709e-07  ,2.417080225633e+00  ,2.404331656933e+00  ,2.391194265619e+00  ,2.377421244964e+00  ,2.363213390066e+00  ,2.348600988983e+00  ,2.333134044181e+00  ,2.317135987657e+00  ,2.300159012714e+00  ,2.282704683101e+00  ,2.264137744592e+00  ,2.244748413559e+00  ,2.224263394059e+00  ,2.202701048329e+00  ,2.179675185520e+00  ,2.155242443774e+00  ,2.129127937783e+00  ,2.101331350412e+00  ,2.071193961449e+00  ,2.038567371025e+00  ,2.003543115966e+00  ,1.964969477321e+00  ,1.932366005195e+00  ,1.900647470484e+00  ,1.865851414818e+00  ,1.827288156045e+00  ,1.785333370178e+00  ,1.737578876980e+00  ,1.684229667334e+00  ,1.622395655598e+00  ,1.550191075346e+00  
  8.672190263515e-07  ,2.417080225633e+00  ,2.404331656933e+00  ,2.391194265619e+00  ,2.377421244964e+00  ,2.363213390066e+00  ,2.348600988983e+00  ,2.333134044181e+00  ,2.317135987657e+00  ,2.300159012714e+00  ,2.282704683101e+00  ,2.264137744592e+00  ,2.244748413559e+00  ,2.224263394059e+00  ,2.202701048329e+00  ,2.179675185520e+00  ,2.155242443774e+00  ,2.129127937783e+00  ,2.101331350412e+00  ,2.071193961449e+00  ,2.038567371025e+00  ,2.003543115966e+00  ,1.964969477321e+00  ,1.932366005195e+00  ,1.900647470484e+00  ,1.865851414818e+00  ,1.827288156045e+00  ,1.785333370178e+00  ,1.737578876980e+00  ,1.684229667334e+00  ,1.622395655598e+00  ,1.550191075346e+00  
  8.682190805321e-07  ,2.417080225633e+00  ,2.404331656933e+00  ,2.391194265619e+00  ,2.377421244964e+00  ,2.363213390066e+00  ,2.348600988983e+00  ,2.333134044181e+00  ,2.317135987657e+00  ,2.300159012714e+00  ,2.282704683101e+00  ,2.264137744592e+00  ,2.244748413559e+00  ,2.224263394059e+00  ,2.202701048329e+00  ,2.179675185520e+00  ,2.155242443774e+00  ,2.129127937783e+00  ,2.101331350412e+00  ,2.071193961449e+00  ,2.038567371025e+00  ,2.003543115966e+00  ,1.964969477321e+00  ,1.932366005195e+00  ,1.900647470484e+00  ,1.865851414818e+00  ,1.827288156045e+00  ,1.785333370178e+00  ,1.737578876980e+00  ,1.684229667334e+00  ,1.622395655598e+00  ,1.550191075346e+00  
  8.692191347127e-07  ,2.417080225633e+00  ,2.404331656933e+00  ,2.391194265619e+00  ,2.377421244964e+00  ,2.363213390066e+00  ,2.348600988983e+00  ,2.333134044181e+00  ,2.317135987657e+00  ,2.300159012714e+00  ,2.282704683101e+00  ,2.264137744592e+00  ,2.244748413559e+00  ,2.224263394059e+00  ,2.202701048329e+00  ,2.179675185520e+00  ,2.155242443774e+00  ,2.129127937783e+00  ,2.101331350412e+00  ,2.071193961449e+00  ,2.038567371025e+00  ,2.003543115966e+00  ,1.964969477321e+00  ,1.932366005195e+00  ,1.900647470484e+00  ,1.865851414818e+00  ,1.827288156045e+00  ,1.785333370178e+00  ,1.737578876980e+00  ,1.684229667334e+00  ,1.622395655598e+00  ,1.550191075346e+00  
  8.702191888934e-07  ,2.417080225633e+00  ,2.404331656933e+00  ,2.391194265619e+00  ,2.377421244964e+00  ,2.363213390066e+00  ,2.348600988983e+00  ,2.333134044181e+00  ,2.317135987657e+00  ,2.300159012714e+00  ,2.282704683101e+00  ,2.264137744592e+00  ,2.244748413559e+00  ,2.224263394059e+00  ,2.202701048329e+00  ,2.179675185520e+00  ,2.155242443774e+00  ,2.129127937783e+00  ,2.101331350412e+00  ,2.071193961449e+00  ,2.038567371025e+00  ,2.003543115966e+00  ,1.964969477321e+00  ,1.932366005195e+00  ,1.900647470484e+00  ,1.865851414818e+00  ,1.827288156045e+00  ,1.785333370178e+00  ,1.737578876980e+00  ,1.684229667334e+00  ,1.622395655598e+00  ,1.550191075346e+00  
  8.712192430740e-07  ,2.417080225633e+00  ,2.404331656933e+00  ,2.391194265619e+00  ,2.377421244964e+00  ,2.363213390066e+00  ,2.348600988983e+00  ,2.333134044181e+00  ,2.317135987657e+00  ,2.300159012714e+00  ,2.282704683101e+00  ,2.264137744592e+00  ,2.244748413559e+00  ,2.224263394059e+00  ,2.202701048329e+00  ,2.179675185520e+00  ,2.155242443774e+00  ,2.129127937783e+00  ,2.101331350412e+00  ,2.071193961449e+00  ,2.038567371025e+00  ,2.003543115966e+00  ,1.964969477321e+00  ,1.932366005195e+00  ,1.900647470484e+00  ,1.865851414818e+00  ,1.827288156045e+00  ,1.785333370178e+00  ,1.737578876980e+00  ,1.684229667334e+00  ,1.622395655598e+00  ,1.550191075346e+00  
  8.722192972546e-07  ,2.417080225633e+00  ,2.404331656933e+00  ,2.391194265619e+00  ,2.377421244964e+00  ,2.363213390066e+00  ,2.348600988983e+00  ,2.333134044181e+00  ,2.317135987657e+00  ,2.300159012714e+00  ,2.282704683101e+00  ,2.264137744592e+00  ,2.244748413559e+00  ,2.224263394059e+00  ,2.202701048329e+00  ,2.179675185520e+00  ,2.155242443774e+00  ,2.129127937783e+00  ,2.101331350412e+00  ,2.071193961449e+00  ,2.038567371025e+00  ,2.003543115966e+00  ,1.964969477321e+00  ,1.932366005195e+00  ,1.900647470484e+00  ,1.865851414818e+00  ,1.827288156045e+00  ,1.785333370178e+00  ,1.737578876980e+00  ,1.684229667334e+00  ,1.622395655598e+00  ,1.550191075346e+00  
  8.732193514352e-07  ,2.417080225633e+00  ,2.404331656933e+00  ,2.391194265619e+00  ,2.377421244964e+00  ,2.363213390066e+00  ,2.348600988983e+00  ,2.333134044181e+00  ,2.317135987657e+00  ,2.300159012714e+00  ,2.282704683101e+00  ,2.264137744592e+00  ,2.244748413559e+00  ,2.224263394059e+00  ,2.202701048329e+00  ,2.179675185520e+00  ,2.155242443774e+00  ,2.129127937783e+00  ,2.101331350412e+00  ,2.071193961449e+00  ,2.038567371025e+00  ,2.003543115966e+00  ,1.964969477321e+00  ,1.932366005195e+00  ,1.900647470484e+00  ,1.865851414818e+00  ,1.827288156045e+00  ,1.785333370178e+00  ,1.737578876980e+00  ,1.684229667334e+00  ,1.622395655598e+00  ,1.550191075346e+00  
  8.742194056158e-07  ,2.417080225633e+00  ,2.404331656933e+00  ,2.391194265619e+00  ,2.377421244964e+00  ,2.363213390066e+00  ,2.348600988983e+00  ,2.333134044181e+00  ,2.317135987657e+00  ,2.300159012714e+00  ,2.282704683101e+00  ,2.264137744592e+00  ,2.244748413559e+00  ,2.224263394059e+00  ,2.202701048329e+00  ,2.179675185520e+00  ,2.155242443774e+00  ,2.129127937783e+00  ,2.101331350412e+00  ,2.071193961449e+00  ,2.038567371025e+00  ,2.003543115966e+00  ,1.964969477321e+00  ,1.932366005195e+00  ,1.900647470484e+00  ,1.865851414818e+00  ,1.827288156045e+00  ,1.785333370178e+00  ,1.737578876980e+00  ,1.684229667334e+00  ,1.622395655598e+00  ,1.550191075346e+00  
  8.752194597965e-07  ,2.417080225633e+00  ,2.404331656933e+00  ,2.391194265619e+00  ,2.377421244964e+00  ,2.363213390066e+00  ,2.348600988983e+00  ,2.333134044181e+00  ,2.317135987657e+00  ,2.300159012714e+00  ,2.282704683101e+00  ,2.264137744592e+00  ,2.244748413559e+00  ,2.224263394059e+00  ,2.202701048329e+00  ,2.179675185520e+00  ,2.155242443774e+00  ,2.129127937783e+00  ,2.101331350412e+00  ,2.071193961449e+00  ,2.038567371025e+00  ,2.003543115966e+00  ,1.964969477321e+00  ,1.932366005195e+00  ,1.900647470484e+00  ,1.865851414818e+00  ,1.827288156045e+00  ,1.785333370178e+00  ,1.737578876980e+00  ,1.684229667334e+00  ,1.622395655598e+00  ,1.550191075346e+00  
  8.762195139771e-07  ,2.417080225633e+00  ,2.404331656933e+00  ,2.391194265619e+00  ,2.377421244964e+00  ,2.363213390066e+00  ,2.348600988983e+00  ,2.333134044181e+00  ,2.317135987657e+00  ,2.300159012714e+00  ,2.282704683101e+00  ,2.264137744592e+00  ,2.244748413559e+00  ,2.224263394059e+00  ,2.202701048329e+00  ,2.179675185520e+00  ,2.155242443774e+00  ,2.129127937783e+00  ,2.101331350412e+00  ,2.071193961449e+00  ,2.038567371025e+00  ,2.003543115966e+00  ,1.964969477321e+00  ,1.932366005195e+00  ,1.900647470484e+00  ,1.865851414818e+00  ,1.827288156045e+00  ,1.785333370178e+00  ,1.737578876980e+00  ,1.684229667334e+00  ,1.622395655598e+00  ,1.550191075346e+00  
  8.772195681577e-07  ,2.417080225633e+00  ,2.404331656933e+00  ,2.391194265619e+00  ,2.377421244964e+00  ,2.363213390066e+00  ,2.348600988983e+00  ,2.333134044181e+00  ,2.317135987657e+00  ,2.300159012714e+00  ,2.282704683101e+00  ,2.264137744592e+00  ,2.244748413559e+00  ,2.224263394059e+00  ,2.202701048329e+00  ,2.179675185520e+00  ,2.155242443774e+00  ,2.129127937783e+00  ,2.101331350412e+00  ,2.071193961449e+00  ,2.038567371025e+00  ,2.003543115966e+00  ,1.964969477321e+00  ,1.932366005195e+00  ,1.900647470484e+00  ,1.865851414818e+00  ,1.827288156045e+00  ,1.785333370178e+00  ,1.737578876980e+00  ,1.684229667334e+00  ,1.622395655598e+00  ,1.550191075346e+00  
  8.782196223383e-07  ,2.417080225633e+00  ,2.404331656933e+00  ,2.391194265619e+00  ,2.377421244964e+00  ,2.363213390066e+00  ,2.348600988983e+00  ,2.333134044181e+00  ,2.317135987657e+00  ,2.300159012714e+00  ,2.282704683101e+00  ,2.264137744592e+00  ,2.244748413559e+00  ,2.224263394059e+00  ,2.202701048329e+00  ,2.179675185520e+00  ,2.155242443774e+00  ,2.129127937783e+00  ,2.101331350412e+00  ,2.071193961449e+00  ,2.038567371025e+00  ,2.003543115966e+00  ,1.964969477321e+00  ,1.932366005195e+00  ,1.900647470484e+00  ,1.865851414818e+00  ,1.827288156045e+00  ,1.785333370178e+00  ,1.737578876980e+00  ,1.684229667334e+00  ,1.622395655598e+00  ,1.550191075346e+00  
  8.792196765190e-07  ,2.417080225633e+00  ,2.404331656933e+00  ,2.391194265619e+00  ,2.377421244964e+00  ,2.363213390066e+00  ,2.348600988983e+00  ,2.333134044181e+00  ,2.317135987657e+00  ,2.300159012714e+00  ,2.282704683101e+00  ,2.264137744592e+00  ,2.244748413559e+00  ,2.224263394059e+00  ,2.202701048329e+00  ,2.179675185520e+00  ,2.155242443774e+00  ,2.129127937783e+00  ,2.101331350412e+00  ,2.071193961449e+00  ,2.038567371025e+00  ,2.003543115966e+00  ,1.964969477321e+00  ,1.932366005195e+00  ,1.900647470484e+00  ,1.865851414818e+00  ,1.827288156045e+00  ,1.785333370178e+00  ,1.737578876980e+00  ,1.684229667334e+00  ,1.622395655598e+00  ,1.550191075346e+00  
  8.802197306996e-07  ,2.417080225633e+00  ,2.404331656933e+00  ,2.391194265619e+00  ,2.377421244964e+00  ,2.363213390066e+00  ,2.348600988983e+00  ,2.333134044181e+00  ,2.317135987657e+00  ,2.300159012714e+00  ,2.282704683101e+00  ,2.264137744592e+00  ,2.244748413559e+00  ,2.224263394059e+00  ,2.202701048329e+00  ,2.179675185520e+00  ,2.155242443774e+00  ,2.129127937783e+00  ,2.101331350412e+00  ,2.071193961449e+00  ,2.038567371025e+00  ,2.003543115966e+00  ,1.964969477321e+00  ,1.932366005195e+00  ,1.900647470484e+00  ,1.865851414818e+00  ,1.827288156045e+00  ,1.785333370178e+00  ,1.737578876980e+00  ,1.684229667334e+00  ,1.622395655598e+00  ,1.550191075346e+00  
  8.812197848802e-07  ,2.417080225633e+00  ,2.404331656933e+00  ,2.391194265619e+00  ,2.377421244964e+00  ,2.363213390066e+00  ,2.348600988983e+00  ,2.333134044181e+00  ,2.317135987657e+00  ,2.300159012714e+00  ,2.282704683101e+00  ,2.264137744592e+00  ,2.244748413559e+00  ,2.224263394059e+00  ,2.202701048329e+00  ,2.179675185520e+00  ,2.155242443774e+00  ,2.129127937783e+00  ,2.101331350412e+00  ,2.071193961449e+00  ,2.038567371025e+00  ,2.003543115966e+00  ,1.964969477321e+00  ,1.932366005195e+00  ,1.900647470484e+00  ,1.865851414818e+00  ,1.827288156045e+00  ,1.785333370178e+00  ,1.737578876980e+00  ,1.684229667334e+00  ,1.622395655598e+00  ,1.550191075346e+00  
  8.822198390608e-07  ,2.417080225633e+00  ,2.404331656933e+00  ,2.391194265619e+00  ,2.377421244964e+00  ,2.363213390066e+00  ,2.348600988983e+00  ,2.333134044181e+00  ,2.317135987657e+00  ,2.300159012714e+00  ,2.282704683101e+00  ,2.264137744592e+00  ,2.244748413559e+00  ,2.224263394059e+00  ,2.202701048329e+00  ,2.179675185520e+00  ,2.155242443774e+00  ,2.129127937783e+00  ,2.101331350412e+00  ,2.071193961449e+00  ,2.038567371025e+00  ,2.003543115966e+00  ,1.964969477321e+00  ,1.932366005195e+00  ,1.900647470484e+00  ,1.865851414818e+00  ,1.827288156045e+00  ,1.785333370178e+00  ,1.737578876980e+00  ,1.684229667334e+00  ,1.622395655598e+00  ,1.550191075346e+00  
  8.832198932414e-07  ,2.417080225633e+00  ,2.404331656933e+00  ,2.391194265619e+00  ,2.377421244964e+00  ,2.363213390066e+00  ,2.348600988983e+00  ,2.333134044181e+00  ,2.317135987657e+00  ,2.300159012714e+00  ,2.282704683101e+00  ,2.264137744592e+00  ,2.244748413559e+00  ,2.224263394059e+00  ,2.202701048329e+00  ,2.179675185520e+00  ,2.155242443774e+00  ,2.129127937783e+00  ,2.101331350412e+00  ,2.071193961449e+00  ,2.038567371025e+00  ,2.003543115966e+00  ,1.964969477321e+00  ,1.932366005195e+00  ,1.900647470484e+00  ,1.865851414818e+00  ,1.827288156045e+00  ,1.785333370178e+00  ,1.737578876980e+00  ,1.684229667334e+00  ,1.622395655598e+00  ,1.550191075346e+00  
  8.842199474221e-07  ,2.417080225633e+00  ,2.404331656933e+00  ,2.391194265619e+00  ,2.377421244964e+00  ,2.363213390066e+00  ,2.348600988983e+00  ,2.333134044181e+00  ,2.317135987657e+00  ,2.300159012714e+00  ,2.282704683101e+00  ,2.264137744592e+00  ,2.244748413559e+00  ,2.224263394059e+00  ,2.202701048329e+00  ,2.179675185520e+00  ,2.155242443774e+00  ,2.129127937783e+00  ,2.101331350412e+00  ,2.071193961449e+00  ,2.038567371025e+00  ,2.003543115966e+00  ,1.964969477321e+00  ,1.932366005195e+00  ,1.900647470484e+00  ,1.865851414818e+00  ,1.827288156045e+00  ,1.785333370178e+00  ,1.737578876980e+00  ,1.684229667334e+00  ,1.622395655598e+00  ,1.550191075346e+00  
  8.852200016027e-07  ,2.417080225633e+00  ,2.404331656933e+00  ,2.391194265619e+00  ,2.377421244964e+00  ,2.363213390066e+00  ,2.348600988983e+00  ,2.333134044181e+00  ,2.317135987657e+00  ,2.300159012714e+00  ,2.282704683101e+00  ,2.264137744592e+00  ,2.244748413559e+00  ,2.224263394059e+00  ,2.202701048329e+00  ,2.179675185520e+00  ,2.155242443774e+00  ,2.129127937783e+00  ,2.101331350412e+00  ,2.071193961449e+00  ,2.038567371025e+00  ,2.003543115966e+00  ,1.964969477321e+00  ,1.932366005195e+00  ,1.900647470484e+00  ,1.865851414818e+00  ,1.827288156045e+00  ,1.785333370178e+00  ,1.737578876980e+00  ,1.684229667334e+00  ,1.622395655598e+00  ,1.550191075346e+00  
  8.862200557833e-07  ,2.417080225633e+00  ,2.404331656933e+00  ,2.391194265619e+00  ,2.377421244964e+00  ,2.363213390066e+00  ,2.348600988983e+00  ,2.333134044181e+00  ,2.317135987657e+00  ,2.300159012714e+00  ,2.282704683101e+00  ,2.264137744592e+00  ,2.244748413559e+00  ,2.224263394059e+00  ,2.202701048329e+00  ,2.179675185520e+00  ,2.155242443774e+00  ,2.129127937783e+00  ,2.101331350412e+00  ,2.071193961449e+00  ,2.038567371025e+00  ,2.003543115966e+00  ,1.964969477321e+00  ,1.932366005195e+00  ,1.900647470484e+00  ,1.865851414818e+00  ,1.827288156045e+00  ,1.785333370178e+00  ,1.737578876980e+00  ,1.684229667334e+00  ,1.622395655598e+00  ,1.550191075346e+00  
  8.872201099639e-07  ,2.417080225633e+00  ,2.404331656933e+00  ,2.391194265619e+00  ,2.377421244964e+00  ,2.363213390066e+00  ,2.348600988983e+00  ,2.333134044181e+00  ,2.317135987657e+00  ,2.300159012714e+00  ,2.282704683101e+00  ,2.264137744592e+00  ,2.244748413559e+00  ,2.224263394059e+00  ,2.202701048329e+00  ,2.179675185520e+00  ,2.155242443774e+00  ,2.129127937783e+00  ,2.101331350412e+00  ,2.071193961449e+00  ,2.038567371025e+00  ,2.003543115966e+00  ,1.964969477321e+00  ,1.932366005195e+00  ,1.900647470484e+00  ,1.865851414818e+00  ,1.827288156045e+00  ,1.785333370178e+00  ,1.737578876980e+00  ,1.684229667334e+00  ,1.622395655598e+00  ,1.550191075346e+00  
  8.882201641446e-07  ,2.417080225633e+00  ,2.404331656933e+00  ,2.391194265619e+00  ,2.377421244964e+00  ,2.363213390066e+00  ,2.348600988983e+00  ,2.333134044181e+00  ,2.317135987657e+00  ,2.300159012714e+00  ,2.282704683101e+00  ,2.264137744592e+00  ,2.244748413559e+00  ,2.224263394059e+00  ,2.202701048329e+00  ,2.179675185520e+00  ,2.155242443774e+00  ,2.129127937783e+00  ,2.101331350412e+00  ,2.071193961449e+00  ,2.038567371025e+00  ,2.003543115966e+00  ,1.964969477321e+00  ,1.932366005195e+00  ,1.900647470484e+00  ,1.865851414818e+00  ,1.827288156045e+00  ,1.785333370178e+00  ,1.737578876980e+00  ,1.684229667334e+00  ,1.622395655598e+00  ,1.550191075346e+00  
  8.892202183252e-07  ,2.417080225633e+00  ,2.404331656933e+00  ,2.391194265619e+00  ,2.377421244964e+00  ,2.363213390066e+00  ,2.348600988983e+00  ,2.333134044181e+00  ,2.317135987657e+00  ,2.300159012714e+00  ,2.282704683101e+00  ,2.264137744592e+00  ,2.244748413559e+00  ,2.224263394059e+00  ,2.202701048329e+00  ,2.179675185520e+00  ,2.155242443774e+00  ,2.129127937783e+00  ,2.101331350412e+00  ,2.071193961449e+00  ,2.038567371025e+00  ,2.003543115966e+00  ,1.964969477321e+00  ,1.932366005195e+00  ,1.900647470484e+00  ,1.865851414818e+00  ,1.827288156045e+00  ,1.785333370178e+00  ,1.737578876980e+00  ,1.684229667334e+00  ,1.622395655598e+00  ,1.550191075346e+00  
  8.902202725058e-07  ,2.417080225633e+00  ,2.404331656933e+00  ,2.391194265619e+00  ,2.377421244964e+00  ,2.363213390066e+00  ,2.348600988983e+00  ,2.333134044181e+00  ,2.317135987657e+00  ,2.300159012714e+00  ,2.282704683101e+00  ,2.264137744592e+00  ,2.244748413559e+00  ,2.224263394059e+00  ,2.202701048329e+00  ,2.179675185520e+00  ,2.155242443774e+00  ,2.129127937783e+00  ,2.101331350412e+00  ,2.071193961449e+00  ,2.038567371025e+00  ,2.003543115966e+00  ,1.964969477321e+00  ,1.932366005195e+00  ,1.900647470484e+00  ,1.865851414818e+00  ,1.827288156045e+00  ,1.785333370178e+00  ,1.737578876980e+00  ,1.684229667334e+00  ,1.622395655598e+00  ,1.550191075346e+00  
  8.912203266864e-07  ,2.417080225633e+00  ,2.404331656933e+00  ,2.391194265619e+00  ,2.377421244964e+00  ,2.363213390066e+00  ,2.348600988983e+00  ,2.333134044181e+00  ,2.317135987657e+00  ,2.300159012714e+00  ,2.282704683101e+00  ,2.264137744592e+00  ,2.244748413559e+00  ,2.224263394059e+00  ,2.202701048329e+00  ,2.179675185520e+00  ,2.155242443774e+00  ,2.129127937783e+00  ,2.101331350412e+00  ,2.071193961449e+00  ,2.038567371025e+00  ,2.003543115966e+00  ,1.964969477321e+00  ,1.932366005195e+00  ,1.900647470484e+00  ,1.865851414818e+00  ,1.827288156045e+00  ,1.785333370178e+00  ,1.737578876980e+00  ,1.684229667334e+00  ,1.622395655598e+00  ,1.550191075346e+00  
  8.922203808670e-07  ,2.417080225633e+00  ,2.404331656933e+00  ,2.391194265619e+00  ,2.377421244964e+00  ,2.363213390066e+00  ,2.348600988983e+00  ,2.333134044181e+00  ,2.317135987657e+00  ,2.300159012714e+00  ,2.282704683101e+00  ,2.264137744592e+00  ,2.244748413559e+00  ,2.224263394059e+00  ,2.202701048329e+00  ,2.179675185520e+00  ,2.155242443774e+00  ,2.129127937783e+00  ,2.101331350412e+00  ,2.071193961449e+00  ,2.038567371025e+00  ,2.003543115966e+00  ,1.964969477321e+00  ,1.932366005195e+00  ,1.900647470484e+00  ,1.865851414818e+00  ,1.827288156045e+00  ,1.785333370178e+00  ,1.737578876980e+00  ,1.684229667334e+00  ,1.622395655598e+00  ,1.550191075346e+00  
  8.932204350477e-07  ,2.417080225633e+00  ,2.404331656933e+00  ,2.391194265619e+00  ,2.377421244964e+00  ,2.363213390066e+00  ,2.348600988983e+00  ,2.333134044181e+00  ,2.317135987657e+00  ,2.300159012714e+00  ,2.282704683101e+00  ,2.264137744592e+00  ,2.244748413559e+00  ,2.224263394059e+00  ,2.202701048329e+00  ,2.179675185520e+00  ,2.155242443774e+00  ,2.129127937783e+00  ,2.101331350412e+00  ,2.071193961449e+00  ,2.038567371025e+00  ,2.003543115966e+00  ,1.964969477321e+00  ,1.932366005195e+00  ,1.900647470484e+00  ,1.865851414818e+00  ,1.827288156045e+00  ,1.785333370178e+00  ,1.737578876980e+00  ,1.684229667334e+00  ,1.622395655598e+00  ,1.550191075346e+00  
  8.942204892283e-07  ,2.417080225633e+00  ,2.404331656933e+00  ,2.391194265619e+00  ,2.377421244964e+00  ,2.363213390066e+00  ,2.348600988983e+00  ,2.333134044181e+00  ,2.317135987657e+00  ,2.300159012714e+00  ,2.282704683101e+00  ,2.264137744592e+00  ,2.244748413559e+00  ,2.224263394059e+00  ,2.202701048329e+00  ,2.179675185520e+00  ,2.155242443774e+00  ,2.129127937783e+00  ,2.101331350412e+00  ,2.071193961449e+00  ,2.038567371025e+00  ,2.003543115966e+00  ,1.964969477321e+00  ,1.932366005195e+00  ,1.900647470484e+00  ,1.865851414818e+00  ,1.827288156045e+00  ,1.785333370178e+00  ,1.737578876980e+00  ,1.684229667334e+00  ,1.622395655598e+00  ,1.550191075346e+00  
  8.952205434089e-07  ,2.417080225633e+00  ,2.404331656933e+00  ,2.391194265619e+00  ,2.377421244964e+00  ,2.363213390066e+00  ,2.348600988983e+00  ,2.333134044181e+00  ,2.317135987657e+00  ,2.300159012714e+00  ,2.282704683101e+00  ,2.264137744592e+00  ,2.244748413559e+00  ,2.224263394059e+00  ,2.202701048329e+00  ,2.179675185520e+00  ,2.155242443774e+00  ,2.129127937783e+00  ,2.101331350412e+00  ,2.071193961449e+00  ,2.038567371025e+00  ,2.003543115966e+00  ,1.964969477321e+00  ,1.932366005195e+00  ,1.900647470484e+00  ,1.865851414818e+00  ,1.827288156045e+00  ,1.785333370178e+00  ,1.737578876980e+00  ,1.684229667334e+00  ,1.622395655598e+00  ,1.550191075346e+00  
  8.962205975895e-07  ,2.417080225633e+00  ,2.404331656933e+00  ,2.391194265619e+00  ,2.377421244964e+00  ,2.363213390066e+00  ,2.348600988983e+00  ,2.333134044181e+00  ,2.317135987657e+00  ,2.300159012714e+00  ,2.282704683101e+00  ,2.264137744592e+00  ,2.244748413559e+00  ,2.224263394059e+00  ,2.202701048329e+00  ,2.179675185520e+00  ,2.155242443774e+00  ,2.129127937783e+00  ,2.101331350412e+00  ,2.071193961449e+00  ,2.038567371025e+00  ,2.003543115966e+00  ,1.964969477321e+00  ,1.932366005195e+00  ,1.900647470484e+00  ,1.865851414818e+00  ,1.827288156045e+00  ,1.785333370178e+00  ,1.737578876980e+00  ,1.684229667334e+00  ,1.622395655598e+00  ,1.550191075346e+00  
  8.972206517702e-07  ,2.417080225633e+00  ,2.404331656933e+00  ,2.391194265619e+00  ,2.377421244964e+00  ,2.363213390066e+00  ,2.348600988983e+00  ,2.333134044181e+00  ,2.317135987657e+00  ,2.300159012714e+00  ,2.282704683101e+00  ,2.264137744592e+00  ,2.244748413559e+00  ,2.224263394059e+00  ,2.202701048329e+00  ,2.179675185520e+00  ,2.155242443774e+00  ,2.129127937783e+00  ,2.101331350412e+00  ,2.071193961449e+00  ,2.038567371025e+00  ,2.003543115966e+00  ,1.964969477321e+00  ,1.932366005195e+00  ,1.900647470484e+00  ,1.865851414818e+00  ,1.827288156045e+00  ,1.785333370178e+00  ,1.737578876980e+00  ,1.684229667334e+00  ,1.622395655598e+00  ,1.550191075346e+00  
  8.982207059508e-07  ,2.417080225633e+00  ,2.404331656933e+00  ,2.391194265619e+00  ,2.377421244964e+00  ,2.363213390066e+00  ,2.348600988983e+00  ,2.333134044181e+00  ,2.317135987657e+00  ,2.300159012714e+00  ,2.282704683101e+00  ,2.264137744592e+00  ,2.244748413559e+00  ,2.224263394059e+00  ,2.202701048329e+00  ,2.179675185520e+00  ,2.155242443774e+00  ,2.129127937783e+00  ,2.101331350412e+00  ,2.071193961449e+00  ,2.038567371025e+00  ,2.003543115966e+00  ,1.964969477321e+00  ,1.932366005195e+00  ,1.900647470484e+00  ,1.865851414818e+00  ,1.827288156045e+00  ,1.785333370178e+00  ,1.737578876980e+00  ,1.684229667334e+00  ,1.622395655598e+00  ,1.550191075346e+00  
  8.992207601314e-07  ,2.417080225633e+00  ,2.404331656933e+00  ,2.391194265619e+00  ,2.377421244964e+00  ,2.363213390066e+00  ,2.348600988983e+00  ,2.333134044181e+00  ,2.317135987657e+00  ,2.300159012714e+00  ,2.282704683101e+00  ,2.264137744592e+00  ,2.244748413559e+00  ,2.224263394059e+00  ,2.202701048329e+00  ,2.179675185520e+00  ,2.155242443774e+00  ,2.129127937783e+00  ,2.101331350412e+00  ,2.071193961449e+00  ,2.038567371025e+00  ,2.003543115966e+00  ,1.964969477321e+00  ,1.932366005195e+00  ,1.900647470484e+00  ,1.865851414818e+00  ,1.827288156045e+00  ,1.785333370178e+00  ,1.737578876980e+00  ,1.684229667334e+00  ,1.622395655598e+00  ,1.550191075346e+00  
  9.002208143120e-07  ,2.417080225633e+00  ,2.404331656933e+00  ,2.391194265619e+00  ,2.377421244964e+00  ,2.363213390066e+00  ,2.348600988983e+00  ,2.333134044181e+00  ,2.317135987657e+00  ,2.300159012714e+00  ,2.282704683101e+00  ,2.264137744592e+00  ,2.244748413559e+00  ,2.224263394059e+00  ,2.202701048329e+00  ,2.179675185520e+00  ,2.155242443774e+00  ,2.129127937783e+00  ,2.101331350412e+00  ,2.071193961449e+00  ,2.038567371025e+00  ,2.003543115966e+00  ,1.964969477321e+00  ,1.932366005195e+00  ,1.900647470484e+00  ,1.865851414818e+00  ,1.827288156045e+00  ,1.785333370178e+00  ,1.737578876980e+00  ,1.684229667334e+00  ,1.622395655598e+00  ,1.550191075346e+00  
  9.012208684926e-07  ,2.417080225633e+00  ,2.404331656933e+00  ,2.391194265619e+00  ,2.377421244964e+00  ,2.363213390066e+00  ,2.348600988983e+00  ,2.333134044181e+00  ,2.317135987657e+00  ,2.300159012714e+00  ,2.282704683101e+00  ,2.264137744592e+00  ,2.244748413559e+00  ,2.224263394059e+00  ,2.202701048329e+00  ,2.179675185520e+00  ,2.155242443774e+00  ,2.129127937783e+00  ,2.101331350412e+00  ,2.071193961449e+00  ,2.038567371025e+00  ,2.003543115966e+00  ,1.964969477321e+00  ,1.932366005195e+00  ,1.900647470484e+00  ,1.865851414818e+00  ,1.827288156045e+00  ,1.785333370178e+00  ,1.737578876980e+00  ,1.684229667334e+00  ,1.622395655598e+00  ,1.550191075346e+00  
  9.022209226733e-07  ,2.417080225633e+00  ,2.404331656933e+00  ,2.391194265619e+00  ,2.377421244964e+00  ,2.363213390066e+00  ,2.348600988983e+00  ,2.333134044181e+00  ,2.317135987657e+00  ,2.300159012714e+00  ,2.282704683101e+00  ,2.264137744592e+00  ,2.244748413559e+00  ,2.224263394059e+00  ,2.202701048329e+00  ,2.179675185520e+00  ,2.155242443774e+00  ,2.129127937783e+00  ,2.101331350412e+00  ,2.071193961449e+00  ,2.038567371025e+00  ,2.003543115966e+00  ,1.964969477321e+00  ,1.932366005195e+00  ,1.900647470484e+00  ,1.865851414818e+00  ,1.827288156045e+00  ,1.785333370178e+00  ,1.737578876980e+00  ,1.684229667334e+00  ,1.622395655598e+00  ,1.550191075346e+00  
  9.032209768539e-07  ,2.417080225633e+00  ,2.404331656933e+00  ,2.391194265619e+00  ,2.377421244964e+00  ,2.363213390066e+00  ,2.348600988983e+00  ,2.333134044181e+00  ,2.317135987657e+00  ,2.300159012714e+00  ,2.282704683101e+00  ,2.264137744592e+00  ,2.244748413559e+00  ,2.224263394059e+00  ,2.202701048329e+00  ,2.179675185520e+00  ,2.155242443774e+00  ,2.129127937783e+00  ,2.101331350412e+00  ,2.071193961449e+00  ,2.038567371025e+00  ,2.003543115966e+00  ,1.964969477321e+00  ,1.932366005195e+00  ,1.900647470484e+00  ,1.865851414818e+00  ,1.827288156045e+00  ,1.785333370178e+00  ,1.737578876980e+00  ,1.684229667334e+00  ,1.622395655598e+00  ,1.550191075346e+00  
  9.042210310345e-07  ,2.417080225633e+00  ,2.404331656933e+00  ,2.391194265619e+00  ,2.377421244964e+00  ,2.363213390066e+00  ,2.348600988983e+00  ,2.333134044181e+00  ,2.317135987657e+00  ,2.300159012714e+00  ,2.282704683101e+00  ,2.264137744592e+00  ,2.244748413559e+00  ,2.224263394059e+00  ,2.202701048329e+00  ,2.179675185520e+00  ,2.155242443774e+00  ,2.129127937783e+00  ,2.101331350412e+00  ,2.071193961449e+00  ,2.038567371025e+00  ,2.003543115966e+00  ,1.964969477321e+00  ,1.932366005195e+00  ,1.900647470484e+00  ,1.865851414818e+00  ,1.827288156045e+00  ,1.785333370178e+00  ,1.737578876980e+00  ,1.684229667334e+00  ,1.622395655598e+00  ,1.550191075346e+00  
  9.052210852151e-07  ,2.417080225633e+00  ,2.404331656933e+00  ,2.391194265619e+00  ,2.377421244964e+00  ,2.363213390066e+00  ,2.348600988983e+00  ,2.333134044181e+00  ,2.317135987657e+00  ,2.300159012714e+00  ,2.282704683101e+00  ,2.264137744592e+00  ,2.244748413559e+00  ,2.224263394059e+00  ,2.202701048329e+00  ,2.179675185520e+00  ,2.155242443774e+00  ,2.129127937783e+00  ,2.101331350412e+00  ,2.071193961449e+00  ,2.038567371025e+00  ,2.003543115966e+00  ,1.964969477321e+00  ,1.932366005195e+00  ,1.900647470484e+00  ,1.865851414818e+00  ,1.827288156045e+00  ,1.785333370178e+00  ,1.737578876980e+00  ,1.684229667334e+00  ,1.622395655598e+00  ,1.550191075346e+00  
  9.062211393958e-07  ,2.417080225633e+00  ,2.404331656933e+00  ,2.391194265619e+00  ,2.377421244964e+00  ,2.363213390066e+00  ,2.348600988983e+00  ,2.333134044181e+00  ,2.317135987657e+00  ,2.300159012714e+00  ,2.282704683101e+00  ,2.264137744592e+00  ,2.244748413559e+00  ,2.224263394059e+00  ,2.202701048329e+00  ,2.179675185520e+00  ,2.155242443774e+00  ,2.129127937783e+00  ,2.101331350412e+00  ,2.071193961449e+00  ,2.038567371025e+00  ,2.003543115966e+00  ,1.964969477321e+00  ,1.932366005195e+00  ,1.900647470484e+00  ,1.865851414818e+00  ,1.827288156045e+00  ,1.785333370178e+00  ,1.737578876980e+00  ,1.684229667334e+00  ,1.622395655598e+00  ,1.550191075346e+00  
  9.072211935764e-07  ,2.417080225633e+00  ,2.404331656933e+00  ,2.391194265619e+00  ,2.377421244964e+00  ,2.363213390066e+00  ,2.348600988983e+00  ,2.333134044181e+00  ,2.317135987657e+00  ,2.300159012714e+00  ,2.282704683101e+00  ,2.264137744592e+00  ,2.244748413559e+00  ,2.224263394059e+00  ,2.202701048329e+00  ,2.179675185520e+00  ,2.155242443774e+00  ,2.129127937783e+00  ,2.101331350412e+00  ,2.071193961449e+00  ,2.038567371025e+00  ,2.003543115966e+00  ,1.964969477321e+00  ,1.932366005195e+00  ,1.900647470484e+00  ,1.865851414818e+00  ,1.827288156045e+00  ,1.785333370178e+00  ,1.737578876980e+00  ,1.684229667334e+00  ,1.622395655598e+00  ,1.550191075346e+00  
  9.082212477570e-07  ,2.417080225633e+00  ,2.404331656933e+00  ,2.391194265619e+00  ,2.377421244964e+00  ,2.363213390066e+00  ,2.348600988983e+00  ,2.333134044181e+00  ,2.317135987657e+00  ,2.300159012714e+00  ,2.282704683101e+00  ,2.264137744592e+00  ,2.244748413559e+00  ,2.224263394059e+00  ,2.202701048329e+00  ,2.179675185520e+00  ,2.155242443774e+00  ,2.129127937783e+00  ,2.101331350412e+00  ,2.071193961449e+00  ,2.038567371025e+00  ,2.003543115966e+00  ,1.964969477321e+00  ,1.932366005195e+00  ,1.900647470484e+00  ,1.865851414818e+00  ,1.827288156045e+00  ,1.785333370178e+00  ,1.737578876980e+00  ,1.684229667334e+00  ,1.622395655598e+00  ,1.550191075346e+00  
  9.092213019376e-07  ,2.417080225633e+00  ,2.404331656933e+00  ,2.391194265619e+00  ,2.377421244964e+00  ,2.363213390066e+00  ,2.348600988983e+00  ,2.333134044181e+00  ,2.317135987657e+00  ,2.300159012714e+00  ,2.282704683101e+00  ,2.264137744592e+00  ,2.244748413559e+00  ,2.224263394059e+00  ,2.202701048329e+00  ,2.179675185520e+00  ,2.155242443774e+00  ,2.129127937783e+00  ,2.101331350412e+00  ,2.071193961449e+00  ,2.038567371025e+00  ,2.003543115966e+00  ,1.964969477321e+00  ,1.932366005195e+00  ,1.900647470484e+00  ,1.865851414818e+00  ,1.827288156045e+00  ,1.785333370178e+00  ,1.737578876980e+00  ,1.684229667334e+00  ,1.622395655598e+00  ,1.550191075346e+00  
  9.102213561182e-07  ,2.417080225633e+00  ,2.404331656933e+00  ,2.391194265619e+00  ,2.377421244964e+00  ,2.363213390066e+00  ,2.348600988983e+00  ,2.333134044181e+00  ,2.317135987657e+00  ,2.300159012714e+00  ,2.282704683101e+00  ,2.264137744592e+00  ,2.244748413559e+00  ,2.224263394059e+00  ,2.202701048329e+00  ,2.179675185520e+00  ,2.155242443774e+00  ,2.129127937783e+00  ,2.101331350412e+00  ,2.071193961449e+00  ,2.038567371025e+00  ,2.003543115966e+00  ,1.964969477321e+00  ,1.932366005195e+00  ,1.900647470484e+00  ,1.865851414818e+00  ,1.827288156045e+00  ,1.785333370178e+00  ,1.737578876980e+00  ,1.684229667334e+00  ,1.622395655598e+00  ,1.550191075346e+00  
  9.112214102989e-07  ,2.417080225633e+00  ,2.404331656933e+00  ,2.391194265619e+00  ,2.377421244964e+00  ,2.363213390066e+00  ,2.348600988983e+00  ,2.333134044181e+00  ,2.317135987657e+00  ,2.300159012714e+00  ,2.282704683101e+00  ,2.264137744592e+00  ,2.244748413559e+00  ,2.224263394059e+00  ,2.202701048329e+00  ,2.179675185520e+00  ,2.155242443774e+00  ,2.129127937783e+00  ,2.101331350412e+00  ,2.071193961449e+00  ,2.038567371025e+00  ,2.003543115966e+00  ,1.964969477321e+00  ,1.932366005195e+00  ,1.900647470484e+00  ,1.865851414818e+00  ,1.827288156045e+00  ,1.785333370178e+00  ,1.737578876980e+00  ,1.684229667334e+00  ,1.622395655598e+00  ,1.550191075346e+00  
  9.122214644795e-07  ,2.417080225633e+00  ,2.404331656933e+00  ,2.391194265619e+00  ,2.377421244964e+00  ,2.363213390066e+00  ,2.348600988983e+00  ,2.333134044181e+00  ,2.317135987657e+00  ,2.300159012714e+00  ,2.282704683101e+00  ,2.264137744592e+00  ,2.244748413559e+00  ,2.224263394059e+00  ,2.202701048329e+00  ,2.179675185520e+00  ,2.155242443774e+00  ,2.129127937783e+00  ,2.101331350412e+00  ,2.071193961449e+00  ,2.038567371025e+00  ,2.003543115966e+00  ,1.964969477321e+00  ,1.932366005195e+00  ,1.900647470484e+00  ,1.865851414818e+00  ,1.827288156045e+00  ,1.785333370178e+00  ,1.737578876980e+00  ,1.684229667334e+00  ,1.622395655598e+00  ,1.550191075346e+00  
  9.132215186601e-07  ,2.417080225633e+00  ,2.404331656933e+00  ,2.391194265619e+00  ,2.377421244964e+00  ,2.363213390066e+00  ,2.348600988983e+00  ,2.333134044181e+00  ,2.317135987657e+00  ,2.300159012714e+00  ,2.282704683101e+00  ,2.264137744592e+00  ,2.244748413559e+00  ,2.224263394059e+00  ,2.202701048329e+00  ,2.179675185520e+00  ,2.155242443774e+00  ,2.129127937783e+00  ,2.101331350412e+00  ,2.071193961449e+00  ,2.038567371025e+00  ,2.003543115966e+00  ,1.964969477321e+00  ,1.932366005195e+00  ,1.900647470484e+00  ,1.865851414818e+00  ,1.827288156045e+00  ,1.785333370178e+00  ,1.737578876980e+00  ,1.684229667334e+00  ,1.622395655598e+00  ,1.550191075346e+00  
  9.142215728407e-07  ,2.417080225633e+00  ,2.404331656933e+00  ,2.391194265619e+00  ,2.377421244964e+00  ,2.363213390066e+00  ,2.348600988983e+00  ,2.333134044181e+00  ,2.317135987657e+00  ,2.300159012714e+00  ,2.282704683101e+00  ,2.264137744592e+00  ,2.244748413559e+00  ,2.224263394059e+00  ,2.202701048329e+00  ,2.179675185520e+00  ,2.155242443774e+00  ,2.129127937783e+00  ,2.101331350412e+00  ,2.071193961449e+00  ,2.038567371025e+00  ,2.003543115966e+00  ,1.964969477321e+00  ,1.932366005195e+00  ,1.900647470484e+00  ,1.865851414818e+00  ,1.827288156045e+00  ,1.785333370178e+00  ,1.737578876980e+00  ,1.684229667334e+00  ,1.622395655598e+00  ,1.550191075346e+00  
  9.152216270213e-07  ,2.417080225633e+00  ,2.404331656933e+00  ,2.391194265619e+00  ,2.377421244964e+00  ,2.363213390066e+00  ,2.348600988983e+00  ,2.333134044181e+00  ,2.317135987657e+00  ,2.300159012714e+00  ,2.282704683101e+00  ,2.264137744592e+00  ,2.244748413559e+00  ,2.224263394059e+00  ,2.202701048329e+00  ,2.179675185520e+00  ,2.155242443774e+00  ,2.129127937783e+00  ,2.101331350412e+00  ,2.071193961449e+00  ,2.038567371025e+00  ,2.003543115966e+00  ,1.964969477321e+00  ,1.932366005195e+00  ,1.900647470484e+00  ,1.865851414818e+00  ,1.827288156045e+00  ,1.785333370178e+00  ,1.737578876980e+00  ,1.684229667334e+00  ,1.622395655598e+00  ,1.550191075346e+00  
  9.162216812020e-07  ,2.417080225633e+00  ,2.404331656933e+00  ,2.391194265619e+00  ,2.377421244964e+00  ,2.363213390066e+00  ,2.348600988983e+00  ,2.333134044181e+00  ,2.317135987657e+00  ,2.300159012714e+00  ,2.282704683101e+00  ,2.264137744592e+00  ,2.244748413559e+00  ,2.224263394059e+00  ,2.202701048329e+00  ,2.179675185520e+00  ,2.155242443774e+00  ,2.129127937783e+00  ,2.101331350412e+00  ,2.071193961449e+00  ,2.038567371025e+00  ,2.003543115966e+00  ,1.964969477321e+00  ,1.932366005195e+00  ,1.900647470484e+00  ,1.865851414818e+00  ,1.827288156045e+00  ,1.785333370178e+00  ,1.737578876980e+00  ,1.684229667334e+00  ,1.622395655598e+00  ,1.550191075346e+00  
  9.172217353826e-07  ,2.417080225633e+00  ,2.404331656933e+00  ,2.391194265619e+00  ,2.377421244964e+00  ,2.363213390066e+00  ,2.348600988983e+00  ,2.333134044181e+00  ,2.317135987657e+00  ,2.300159012714e+00  ,2.282704683101e+00  ,2.264137744592e+00  ,2.244748413559e+00  ,2.224263394059e+00  ,2.202701048329e+00  ,2.179675185520e+00  ,2.155242443774e+00  ,2.129127937783e+00  ,2.101331350412e+00  ,2.071193961449e+00  ,2.038567371025e+00  ,2.003543115966e+00  ,1.964969477321e+00  ,1.932366005195e+00  ,1.900647470484e+00  ,1.865851414818e+00  ,1.827288156045e+00  ,1.785333370178e+00  ,1.737578876980e+00  ,1.684229667334e+00  ,1.622395655598e+00  ,1.550191075346e+00  
  9.182217895632e-07  ,2.417080225633e+00  ,2.404331656933e+00  ,2.391194265619e+00  ,2.377421244964e+00  ,2.363213390066e+00  ,2.348600988983e+00  ,2.333134044181e+00  ,2.317135987657e+00  ,2.300159012714e+00  ,2.282704683101e+00  ,2.264137744592e+00  ,2.244748413559e+00  ,2.224263394059e+00  ,2.202701048329e+00  ,2.179675185520e+00  ,2.155242443774e+00  ,2.129127937783e+00  ,2.101331350412e+00  ,2.071193961449e+00  ,2.038567371025e+00  ,2.003543115966e+00  ,1.964969477321e+00  ,1.932366005195e+00  ,1.900647470484e+00  ,1.865851414818e+00  ,1.827288156045e+00  ,1.785333370178e+00  ,1.737578876980e+00  ,1.684229667334e+00  ,1.622395655598e+00  ,1.550191075346e+00  
  9.192218437438e-07  ,2.417080225633e+00  ,2.404331656933e+00  ,2.391194265619e+00  ,2.377421244964e+00  ,2.363213390066e+00  ,2.348600988983e+00  ,2.333134044181e+00  ,2.317135987657e+00  ,2.300159012714e+00  ,2.282704683101e+00  ,2.264137744592e+00  ,2.244748413559e+00  ,2.224263394059e+00  ,2.202701048329e+00  ,2.179675185520e+00  ,2.155242443774e+00  ,2.129127937783e+00  ,2.101331350412e+00  ,2.071193961449e+00  ,2.038567371025e+00  ,2.003543115966e+00  ,1.964969477321e+00  ,1.932366005195e+00  ,1.900647470484e+00  ,1.865851414818e+00  ,1.827288156045e+00  ,1.785333370178e+00  ,1.737578876980e+00  ,1.684229667334e+00  ,1.622395655598e+00  ,1.550191075346e+00  
  9.202218979245e-07  ,2.417080225633e+00  ,2.404331656933e+00  ,2.391194265619e+00  ,2.377421244964e+00  ,2.363213390066e+00  ,2.348600988983e+00  ,2.333134044181e+00  ,2.317135987657e+00  ,2.300159012714e+00  ,2.282704683101e+00  ,2.264137744592e+00  ,2.244748413559e+00  ,2.224263394059e+00  ,2.202701048329e+00  ,2.179675185520e+00  ,2.155242443774e+00  ,2.129127937783e+00  ,2.101331350412e+00  ,2.071193961449e+00  ,2.038567371025e+00  ,2.003543115966e+00  ,1.964969477321e+00  ,1.932366005195e+00  ,1.900647470484e+00  ,1.865851414818e+00  ,1.827288156045e+00  ,1.785333370178e+00  ,1.737578876980e+00  ,1.684229667334e+00  ,1.622395655598e+00  ,1.550191075346e+00  
  9.212219521051e-07  ,2.417080225633e+00  ,2.404331656933e+00  ,2.391194265619e+00  ,2.377421244964e+00  ,2.363213390066e+00  ,2.348600988983e+00  ,2.333134044181e+00  ,2.317135987657e+00  ,2.300159012714e+00  ,2.282704683101e+00  ,2.264137744592e+00  ,2.244748413559e+00  ,2.224263394059e+00  ,2.202701048329e+00  ,2.179675185520e+00  ,2.155242443774e+00  ,2.129127937783e+00  ,2.101331350412e+00  ,2.071193961449e+00  ,2.038567371025e+00  ,2.003543115966e+00  ,1.964969477321e+00  ,1.932366005195e+00  ,1.900647470484e+00  ,1.865851414818e+00  ,1.827288156045e+00  ,1.785333370178e+00  ,1.737578876980e+00  ,1.684229667334e+00  ,1.622395655598e+00  ,1.550191075346e+00  
  9.222220062857e-07  ,2.417080225633e+00  ,2.404331656933e+00  ,2.391194265619e+00  ,2.377421244964e+00  ,2.363213390066e+00  ,2.348600988983e+00  ,2.333134044181e+00  ,2.317135987657e+00  ,2.300159012714e+00  ,2.282704683101e+00  ,2.264137744592e+00  ,2.244748413559e+00  ,2.224263394059e+00  ,2.202701048329e+00  ,2.179675185520e+00  ,2.155242443774e+00  ,2.129127937783e+00  ,2.101331350412e+00  ,2.071193961449e+00  ,2.038567371025e+00  ,2.003543115966e+00  ,1.964969477321e+00  ,1.932366005195e+00  ,1.900647470484e+00  ,1.865851414818e+00  ,1.827288156045e+00  ,1.785333370178e+00  ,1.737578876980e+00  ,1.684229667334e+00  ,1.622395655598e+00  ,1.550191075346e+00  
  9.232220604663e-07  ,2.417080225633e+00  ,2.404331656933e+00  ,2.391194265619e+00  ,2.377421244964e+00  ,2.363213390066e+00  ,2.348600988983e+00  ,2.333134044181e+00  ,2.317135987657e+00  ,2.300159012714e+00  ,2.282704683101e+00  ,2.264137744592e+00  ,2.244748413559e+00  ,2.224263394059e+00  ,2.202701048329e+00  ,2.179675185520e+00  ,2.155242443774e+00  ,2.129127937783e+00  ,2.101331350412e+00  ,2.071193961449e+00  ,2.038567371025e+00  ,2.003543115966e+00  ,1.964969477321e+00  ,1.932366005195e+00  ,1.900647470484e+00  ,1.865851414818e+00  ,1.827288156045e+00  ,1.785333370178e+00  ,1.737578876980e+00  ,1.684229667334e+00  ,1.622395655598e+00  ,1.550191075346e+00  
  9.242221146469e-07  ,2.417080225633e+00  ,2.404331656933e+00  ,2.391194265619e+00  ,2.377421244964e+00  ,2.363213390066e+00  ,2.348600988983e+00  ,2.333134044181e+00  ,2.317135987657e+00  ,2.300159012714e+00  ,2.282704683101e+00  ,2.264137744592e+00  ,2.244748413559e+00  ,2.224263394059e+00  ,2.202701048329e+00  ,2.179675185520e+00  ,2.155242443774e+00  ,2.129127937783e+00  ,2.101331350412e+00  ,2.071193961449e+00  ,2.038567371025e+00  ,2.003543115966e+00  ,1.964969477321e+00  ,1.932366005195e+00  ,1.900647470484e+00  ,1.865851414818e+00  ,1.827288156045e+00  ,1.785333370178e+00  ,1.737578876980e+00  ,1.684229667334e+00  ,1.622395655598e+00  ,1.550191075346e+00  
  9.252221688276e-07  ,2.417080225633e+00  ,2.404331656933e+00  ,2.391194265619e+00  ,2.377421244964e+00  ,2.363213390066e+00  ,2.348600988983e+00  ,2.333134044181e+00  ,2.317135987657e+00  ,2.300159012714e+00  ,2.282704683101e+00  ,2.264137744592e+00  ,2.244748413559e+00  ,2.224263394059e+00  ,2.202701048329e+00  ,2.179675185520e+00  ,2.155242443774e+00  ,2.129127937783e+00  ,2.101331350412e+00  ,2.071193961449e+00  ,2.038567371025e+00  ,2.003543115966e+00  ,1.964969477321e+00  ,1.932366005195e+00  ,1.900647470484e+00  ,1.865851414818e+00  ,1.827288156045e+00  ,1.785333370178e+00  ,1.737578876980e+00  ,1.684229667334e+00  ,1.622395655598e+00  ,1.550191075346e+00  
  9.262222230082e-07  ,2.417080225633e+00  ,2.404331656933e+00  ,2.391194265619e+00  ,2.377421244964e+00  ,2.363213390066e+00  ,2.348600988983e+00  ,2.333134044181e+00  ,2.317135987657e+00  ,2.300159012714e+00  ,2.282704683101e+00  ,2.264137744592e+00  ,2.244748413559e+00  ,2.224263394059e+00  ,2.202701048329e+00  ,2.179675185520e+00  ,2.155242443774e+00  ,2.129127937783e+00  ,2.101331350412e+00  ,2.071193961449e+00  ,2.038567371025e+00  ,2.003543115966e+00  ,1.964969477321e+00  ,1.932366005195e+00  ,1.900647470484e+00  ,1.865851414818e+00  ,1.827288156045e+00  ,1.785333370178e+00  ,1.737578876980e+00  ,1.684229667334e+00  ,1.622395655598e+00  ,1.550191075346e+00  
  9.272222771888e-07  ,2.417080225633e+00  ,2.404331656933e+00  ,2.391194265619e+00  ,2.377421244964e+00  ,2.363213390066e+00  ,2.348600988983e+00  ,2.333134044181e+00  ,2.317135987657e+00  ,2.300159012714e+00  ,2.282704683101e+00  ,2.264137744592e+00  ,2.244748413559e+00  ,2.224263394059e+00  ,2.202701048329e+00  ,2.179675185520e+00  ,2.155242443774e+00  ,2.129127937783e+00  ,2.101331350412e+00  ,2.071193961449e+00  ,2.038567371025e+00  ,2.003543115966e+00  ,1.964969477321e+00  ,1.932366005195e+00  ,1.900647470484e+00  ,1.865851414818e+00  ,1.827288156045e+00  ,1.785333370178e+00  ,1.737578876980e+00  ,1.684229667334e+00  ,1.622395655598e+00  ,1.550191075346e+00  
  9.282223313694e-07  ,2.417080225633e+00  ,2.404331656933e+00  ,2.391194265619e+00  ,2.377421244964e+00  ,2.363213390066e+00  ,2.348600988983e+00  ,2.333134044181e+00  ,2.317135987657e+00  ,2.300159012714e+00  ,2.282704683101e+00  ,2.264137744592e+00  ,2.244748413559e+00  ,2.224263394059e+00  ,2.202701048329e+00  ,2.179675185520e+00  ,2.155242443774e+00  ,2.129127937783e+00  ,2.101331350412e+00  ,2.071193961449e+00  ,2.038567371025e+00  ,2.003543115966e+00  ,1.964969477321e+00  ,1.932366005195e+00  ,1.900647470484e+00  ,1.865851414818e+00  ,1.827288156045e+00  ,1.785333370178e+00  ,1.737578876980e+00  ,1.684229667334e+00  ,1.622395655598e+00  ,1.550191075346e+00  
  9.292223855501e-07  ,2.417080225633e+00  ,2.404331656933e+00  ,2.391194265619e+00  ,2.377421244964e+00  ,2.363213390066e+00  ,2.348600988983e+00  ,2.333134044181e+00  ,2.317135987657e+00  ,2.300159012714e+00  ,2.282704683101e+00  ,2.264137744592e+00  ,2.244748413559e+00  ,2.224263394059e+00  ,2.202701048329e+00  ,2.179675185520e+00  ,2.155242443774e+00  ,2.129127937783e+00  ,2.101331350412e+00  ,2.071193961449e+00  ,2.038567371025e+00  ,2.003543115966e+00  ,1.964969477321e+00  ,1.932366005195e+00  ,1.900647470484e+00  ,1.865851414818e+00  ,1.827288156045e+00  ,1.785333370178e+00  ,1.737578876980e+00  ,1.684229667334e+00  ,1.622395655598e+00  ,1.550191075346e+00  
  9.302224397307e-07  ,2.417080225633e+00  ,2.404331656933e+00  ,2.391194265619e+00  ,2.377421244964e+00  ,2.363213390066e+00  ,2.348600988983e+00  ,2.333134044181e+00  ,2.317135987657e+00  ,2.300159012714e+00  ,2.282704683101e+00  ,2.264137744592e+00  ,2.244748413559e+00  ,2.224263394059e+00  ,2.202701048329e+00  ,2.179675185520e+00  ,2.155242443774e+00  ,2.129127937783e+00  ,2.101331350412e+00  ,2.071193961449e+00  ,2.038567371025e+00  ,2.003543115966e+00  ,1.964969477321e+00  ,1.932366005195e+00  ,1.900647470484e+00  ,1.865851414818e+00  ,1.827288156045e+00  ,1.785333370178e+00  ,1.737578876980e+00  ,1.684229667334e+00  ,1.622395655598e+00  ,1.550191075346e+00  
  9.312224939113e-07  ,2.417080225633e+00  ,2.404331656933e+00  ,2.391194265619e+00  ,2.377421244964e+00  ,2.363213390066e+00  ,2.348600988983e+00  ,2.333134044181e+00  ,2.317135987657e+00  ,2.300159012714e+00  ,2.282704683101e+00  ,2.264137744592e+00  ,2.244748413559e+00  ,2.224263394059e+00  ,2.202701048329e+00  ,2.179675185520e+00  ,2.155242443774e+00  ,2.129127937783e+00  ,2.101331350412e+00  ,2.071193961449e+00  ,2.038567371025e+00  ,2.003543115966e+00  ,1.964969477321e+00  ,1.932366005195e+00  ,1.900647470484e+00  ,1.865851414818e+00  ,1.827288156045e+00  ,1.785333370178e+00  ,1.737578876980e+00  ,1.684229667334e+00  ,1.622395655598e+00  ,1.550191075346e+00  
  9.322225480919e-07  ,2.417080225633e+00  ,2.404331656933e+00  ,2.391194265619e+00  ,2.377421244964e+00  ,2.363213390066e+00  ,2.348600988983e+00  ,2.333134044181e+00  ,2.317135987657e+00  ,2.300159012714e+00  ,2.282704683101e+00  ,2.264137744592e+00  ,2.244748413559e+00  ,2.224263394059e+00  ,2.202701048329e+00  ,2.179675185520e+00  ,2.155242443774e+00  ,2.129127937783e+00  ,2.101331350412e+00  ,2.071193961449e+00  ,2.038567371025e+00  ,2.003543115966e+00  ,1.964969477321e+00  ,1.932366005195e+00  ,1.900647470484e+00  ,1.865851414818e+00  ,1.827288156045e+00  ,1.785333370178e+00  ,1.737578876980e+00  ,1.684229667334e+00  ,1.622395655598e+00  ,1.550191075346e+00  
  9.332226022725e-07  ,2.417080225633e+00  ,2.404331656933e+00  ,2.391194265619e+00  ,2.377421244964e+00  ,2.363213390066e+00  ,2.348600988983e+00  ,2.333134044181e+00  ,2.317135987657e+00  ,2.300159012714e+00  ,2.282704683101e+00  ,2.264137744592e+00  ,2.244748413559e+00  ,2.224263394059e+00  ,2.202701048329e+00  ,2.179675185520e+00  ,2.155242443774e+00  ,2.129127937783e+00  ,2.101331350412e+00  ,2.071193961449e+00  ,2.038567371025e+00  ,2.003543115966e+00  ,1.964969477321e+00  ,1.932366005195e+00  ,1.900647470484e+00  ,1.865851414818e+00  ,1.827288156045e+00  ,1.785333370178e+00  ,1.737578876980e+00  ,1.684229667334e+00  ,1.622395655598e+00  ,1.550191075346e+00  
  9.342226564532e-07  ,2.417080225633e+00  ,2.404331656933e+00  ,2.391194265619e+00  ,2.377421244964e+00  ,2.363213390066e+00  ,2.348600988983e+00  ,2.333134044181e+00  ,2.317135987657e+00  ,2.300159012714e+00  ,2.282704683101e+00  ,2.264137744592e+00  ,2.244748413559e+00  ,2.224263394059e+00  ,2.202701048329e+00  ,2.179675185520e+00  ,2.155242443774e+00  ,2.129127937783e+00  ,2.101331350412e+00  ,2.071193961449e+00  ,2.038567371025e+00  ,2.003543115966e+00  ,1.964969477321e+00  ,1.932366005195e+00  ,1.900647470484e+00  ,1.865851414818e+00  ,1.827288156045e+00  ,1.785333370178e+00  ,1.737578876980e+00  ,1.684229667334e+00  ,1.622395655598e+00  ,1.550191075346e+00  
  9.352227106338e-07  ,2.417080225633e+00  ,2.404331656933e+00  ,2.391194265619e+00  ,2.377421244964e+00  ,2.363213390066e+00  ,2.348600988983e+00  ,2.333134044181e+00  ,2.317135987657e+00  ,2.300159012714e+00  ,2.282704683101e+00  ,2.264137744592e+00  ,2.244748413559e+00  ,2.224263394059e+00  ,2.202701048329e+00  ,2.179675185520e+00  ,2.155242443774e+00  ,2.129127937783e+00  ,2.101331350412e+00  ,2.071193961449e+00  ,2.038567371025e+00  ,2.003543115966e+00  ,1.964969477321e+00  ,1.932366005195e+00  ,1.900647470484e+00  ,1.865851414818e+00  ,1.827288156045e+00  ,1.785333370178e+00  ,1.737578876980e+00  ,1.684229667334e+00  ,1.622395655598e+00  ,1.550191075346e+00  
  9.362227648144e-07  ,2.417080225633e+00  ,2.404331656933e+00  ,2.391194265619e+00  ,2.377421244964e+00  ,2.363213390066e+00  ,2.348600988983e+00  ,2.333134044181e+00  ,2.317135987657e+00  ,2.300159012714e+00  ,2.282704683101e+00  ,2.264137744592e+00  ,2.244748413559e+00  ,2.224263394059e+00  ,2.202701048329e+00  ,2.179675185520e+00  ,2.155242443774e+00  ,2.129127937783e+00  ,2.101331350412e+00  ,2.071193961449e+00  ,2.038567371025e+00  ,2.003543115966e+00  ,1.964969477321e+00  ,1.932366005195e+00  ,1.900647470484e+00  ,1.865851414818e+00  ,1.827288156045e+00  ,1.785333370178e+00  ,1.737578876980e+00  ,1.684229667334e+00  ,1.622395655598e+00  ,1.550191075346e+00  
  9.372228189950e-07  ,2.417080225633e+00  ,2.404331656933e+00  ,2.391194265619e+00  ,2.377421244964e+00  ,2.363213390066e+00  ,2.348600988983e+00  ,2.333134044181e+00  ,2.317135987657e+00  ,2.300159012714e+00  ,2.282704683101e+00  ,2.264137744592e+00  ,2.244748413559e+00  ,2.224263394059e+00  ,2.202701048329e+00  ,2.179675185520e+00  ,2.155242443774e+00  ,2.129127937783e+00  ,2.101331350412e+00  ,2.071193961449e+00  ,2.038567371025e+00  ,2.003543115966e+00  ,1.964969477321e+00  ,1.932366005195e+00  ,1.900647470484e+00  ,1.865851414818e+00  ,1.827288156045e+00  ,1.785333370178e+00  ,1.737578876980e+00  ,1.684229667334e+00  ,1.622395655598e+00  ,1.550191075346e+00  
  9.382228731757e-07  ,2.417080225633e+00  ,2.404331656933e+00  ,2.391194265619e+00  ,2.377421244964e+00  ,2.363213390066e+00  ,2.348600988983e+00  ,2.333134044181e+00  ,2.317135987657e+00  ,2.300159012714e+00  ,2.282704683101e+00  ,2.264137744592e+00  ,2.244748413559e+00  ,2.224263394059e+00  ,2.202701048329e+00  ,2.179675185520e+00  ,2.155242443774e+00  ,2.129127937783e+00  ,2.101331350412e+00  ,2.071193961449e+00  ,2.038567371025e+00  ,2.003543115966e+00  ,1.964969477321e+00  ,1.932366005195e+00  ,1.900647470484e+00  ,1.865851414818e+00  ,1.827288156045e+00  ,1.785333370178e+00  ,1.737578876980e+00  ,1.684229667334e+00  ,1.622395655598e+00  ,1.550191075346e+00  
  9.392229273563e-07  ,2.417080225633e+00  ,2.404331656933e+00  ,2.391194265619e+00  ,2.377421244964e+00  ,2.363213390066e+00  ,2.348600988983e+00  ,2.333134044181e+00  ,2.317135987657e+00  ,2.300159012714e+00  ,2.282704683101e+00  ,2.264137744592e+00  ,2.244748413559e+00  ,2.224263394059e+00  ,2.202701048329e+00  ,2.179675185520e+00  ,2.155242443774e+00  ,2.129127937783e+00  ,2.101331350412e+00  ,2.071193961449e+00  ,2.038567371025e+00  ,2.003543115966e+00  ,1.964969477321e+00  ,1.932366005195e+00  ,1.900647470484e+00  ,1.865851414818e+00  ,1.827288156045e+00  ,1.785333370178e+00  ,1.737578876980e+00  ,1.684229667334e+00  ,1.622395655598e+00  ,1.550191075346e+00  
  9.402229815369e-07  ,2.417080225633e+00  ,2.404331656933e+00  ,2.391194265619e+00  ,2.377421244964e+00  ,2.363213390066e+00  ,2.348600988983e+00  ,2.333134044181e+00  ,2.317135987657e+00  ,2.300159012714e+00  ,2.282704683101e+00  ,2.264137744592e+00  ,2.244748413559e+00  ,2.224263394059e+00  ,2.202701048329e+00  ,2.179675185520e+00  ,2.155242443774e+00  ,2.129127937783e+00  ,2.101331350412e+00  ,2.071193961449e+00  ,2.038567371025e+00  ,2.003543115966e+00  ,1.964969477321e+00  ,1.932366005195e+00  ,1.900647470484e+00  ,1.865851414818e+00  ,1.827288156045e+00  ,1.785333370178e+00  ,1.737578876980e+00  ,1.684229667334e+00  ,1.622395655598e+00  ,1.550191075346e+00  
  9.412230357175e-07  ,2.417080225633e+00  ,2.404331656933e+00  ,2.391194265619e+00  ,2.377421244964e+00  ,2.363213390066e+00  ,2.348600988983e+00  ,2.333134044181e+00  ,2.317135987657e+00  ,2.300159012714e+00  ,2.282704683101e+00  ,2.264137744592e+00  ,2.244748413559e+00  ,2.224263394059e+00  ,2.202701048329e+00  ,2.179675185520e+00  ,2.155242443774e+00  ,2.129127937783e+00  ,2.101331350412e+00  ,2.071193961449e+00  ,2.038567371025e+00  ,2.003543115966e+00  ,1.964969477321e+00  ,1.932366005195e+00  ,1.900647470484e+00  ,1.865851414818e+00  ,1.827288156045e+00  ,1.785333370178e+00  ,1.737578876980e+00  ,1.684229667334e+00  ,1.622395655598e+00  ,1.550191075346e+00  
  9.422230898981e-07  ,2.417080225633e+00  ,2.404331656933e+00  ,2.391194265619e+00  ,2.377421244964e+00  ,2.363213390066e+00  ,2.348600988983e+00  ,2.333134044181e+00  ,2.317135987657e+00  ,2.300159012714e+00  ,2.282704683101e+00  ,2.264137744592e+00  ,2.244748413559e+00  ,2.224263394059e+00  ,2.202701048329e+00  ,2.179675185520e+00  ,2.155242443774e+00  ,2.129127937783e+00  ,2.101331350412e+00  ,2.071193961449e+00  ,2.038567371025e+00  ,2.003543115966e+00  ,1.964969477321e+00  ,1.932366005195e+00  ,1.900647470484e+00  ,1.865851414818e+00  ,1.827288156045e+00  ,1.785333370178e+00  ,1.737578876980e+00  ,1.684229667334e+00  ,1.622395655598e+00  ,1.550191075346e+00  
  9.432231440788e-07  ,2.417080225633e+00  ,2.404331656933e+00  ,2.391194265619e+00  ,2.377421244964e+00  ,2.363213390066e+00  ,2.348600988983e+00  ,2.333134044181e+00  ,2.317135987657e+00  ,2.300159012714e+00  ,2.282704683101e+00  ,2.264137744592e+00  ,2.244748413559e+00  ,2.224263394059e+00  ,2.202701048329e+00  ,2.179675185520e+00  ,2.155242443774e+00  ,2.129127937783e+00  ,2.101331350412e+00  ,2.071193961449e+00  ,2.038567371025e+00  ,2.003543115966e+00  ,1.964969477321e+00  ,1.932366005195e+00  ,1.900647470484e+00  ,1.865851414818e+00  ,1.827288156045e+00  ,1.785333370178e+00  ,1.737578876980e+00  ,1.684229667334e+00  ,1.622395655598e+00  ,1.550191075346e+00  
  9.442231982594e-07  ,2.417080225633e+00  ,2.404331656933e+00  ,2.391194265619e+00  ,2.377421244964e+00  ,2.363213390066e+00  ,2.348600988983e+00  ,2.333134044181e+00  ,2.317135987657e+00  ,2.300159012714e+00  ,2.282704683101e+00  ,2.264137744592e+00  ,2.244748413559e+00  ,2.224263394059e+00  ,2.202701048329e+00  ,2.179675185520e+00  ,2.155242443774e+00  ,2.129127937783e+00  ,2.101331350412e+00  ,2.071193961449e+00  ,2.038567371025e+00  ,2.003543115966e+00  ,1.964969477321e+00  ,1.932366005195e+00  ,1.900647470484e+00  ,1.865851414818e+00  ,1.827288156045e+00  ,1.785333370178e+00  ,1.737578876980e+00  ,1.684229667334e+00  ,1.622395655598e+00  ,1.550191075346e+00  
  9.452232524400e-07  ,2.417080225633e+00  ,2.404331656933e+00  ,2.391194265619e+00  ,2.377421244964e+00  ,2.363213390066e+00  ,2.348600988983e+00  ,2.333134044181e+00  ,2.317135987657e+00  ,2.300159012714e+00  ,2.282704683101e+00  ,2.264137744592e+00  ,2.244748413559e+00  ,2.224263394059e+00  ,2.202701048329e+00  ,2.179675185520e+00  ,2.155242443774e+00  ,2.129127937783e+00  ,2.101331350412e+00  ,2.071193961449e+00  ,2.038567371025e+00  ,2.003543115966e+00  ,1.964969477321e+00  ,1.932366005195e+00  ,1.900647470484e+00  ,1.865851414818e+00  ,1.827288156045e+00  ,1.785333370178e+00  ,1.737578876980e+00  ,1.684229667334e+00  ,1.622395655598e+00  ,1.550191075346e+00  
  9.462233066206e-07  ,2.417080225633e+00  ,2.404331656933e+00  ,2.391194265619e+00  ,2.377421244964e+00  ,2.363213390066e+00  ,2.348600988983e+00  ,2.333134044181e+00  ,2.317135987657e+00  ,2.300159012714e+00  ,2.282704683101e+00  ,2.264137744592e+00  ,2.244748413559e+00  ,2.224263394059e+00  ,2.202701048329e+00  ,2.179675185520e+00  ,2.155242443774e+00  ,2.129127937783e+00  ,2.101331350412e+00  ,2.071193961449e+00  ,2.038567371025e+00  ,2.003543115966e+00  ,1.964969477321e+00  ,1.932366005195e+00  ,1.900647470484e+00  ,1.865851414818e+00  ,1.827288156045e+00  ,1.785333370178e+00  ,1.737578876980e+00  ,1.684229667334e+00  ,1.622395655598e+00  ,1.550191075346e+00  
  9.472233608013e-07  ,2.417080225633e+00  ,2.404331656933e+00  ,2.391194265619e+00  ,2.377421244964e+00  ,2.363213390066e+00  ,2.348600988983e+00  ,2.333134044181e+00  ,2.317135987657e+00  ,2.300159012714e+00  ,2.282704683101e+00  ,2.264137744592e+00  ,2.244748413559e+00  ,2.224263394059e+00  ,2.202701048329e+00  ,2.179675185520e+00  ,2.155242443774e+00  ,2.129127937783e+00  ,2.101331350412e+00  ,2.071193961449e+00  ,2.038567371025e+00  ,2.003543115966e+00  ,1.964969477321e+00  ,1.932366005195e+00  ,1.900647470484e+00  ,1.865851414818e+00  ,1.827288156045e+00  ,1.785333370178e+00  ,1.737578876980e+00  ,1.684229667334e+00  ,1.622395655598e+00  ,1.550191075346e+00  
  9.482234149819e-07  ,2.417080225633e+00  ,2.404331656933e+00  ,2.391194265619e+00  ,2.377421244964e+00  ,2.363213390066e+00  ,2.348600988983e+00  ,2.333134044181e+00  ,2.317135987657e+00  ,2.300159012714e+00  ,2.282704683101e+00  ,2.264137744592e+00  ,2.244748413559e+00  ,2.224263394059e+00  ,2.202701048329e+00  ,2.179675185520e+00  ,2.155242443774e+00  ,2.129127937783e+00  ,2.101331350412e+00  ,2.071193961449e+00  ,2.038567371025e+00  ,2.003543115966e+00  ,1.964969477321e+00  ,1.932366005195e+00  ,1.900647470484e+00  ,1.865851414818e+00  ,1.827288156045e+00  ,1.785333370178e+00  ,1.737578876980e+00  ,1.684229667334e+00  ,1.622395655598e+00  ,1.550191075346e+00  
  9.492234691625e-07  ,2.417080225633e+00  ,2.404331656933e+00  ,2.391194265619e+00  ,2.377421244964e+00  ,2.363213390066e+00  ,2.348600988983e+00  ,2.333134044181e+00  ,2.317135987657e+00  ,2.300159012714e+00  ,2.282704683101e+00  ,2.264137744592e+00  ,2.244748413559e+00  ,2.224263394059e+00  ,2.202701048329e+00  ,2.179675185520e+00  ,2.155242443774e+00  ,2.129127937783e+00  ,2.101331350412e+00  ,2.071193961449e+00  ,2.038567371025e+00  ,2.003543115966e+00  ,1.964969477321e+00  ,1.932366005195e+00  ,1.900647470484e+00  ,1.865851414818e+00  ,1.827288156045e+00  ,1.785333370178e+00  ,1.737578876980e+00  ,1.684229667334e+00  ,1.622395655598e+00  ,1.550191075346e+00  
  9.502235233431e-07  ,2.417080225633e+00  ,2.404331656933e+00  ,2.391194265619e+00  ,2.377421244964e+00  ,2.363213390066e+00  ,2.348600988983e+00  ,2.333134044181e+00  ,2.317135987657e+00  ,2.300159012714e+00  ,2.282704683101e+00  ,2.264137744592e+00  ,2.244748413559e+00  ,2.224263394059e+00  ,2.202701048329e+00  ,2.179675185520e+00  ,2.155242443774e+00  ,2.129127937783e+00  ,2.101331350412e+00  ,2.071193961449e+00  ,2.038567371025e+00  ,2.003543115966e+00  ,1.964969477321e+00  ,1.932366005195e+00  ,1.900647470484e+00  ,1.865851414818e+00  ,1.827288156045e+00  ,1.785333370178e+00  ,1.737578876980e+00  ,1.684229667334e+00  ,1.622395655598e+00  ,1.550191075346e+00  
  9.512235775237e-07  ,2.417080225633e+00  ,2.404331656933e+00  ,2.391194265619e+00  ,2.377421244964e+00  ,2.363213390066e+00  ,2.348600988983e+00  ,2.333134044181e+00  ,2.317135987657e+00  ,2.300159012714e+00  ,2.282704683101e+00  ,2.264137744592e+00  ,2.244748413559e+00  ,2.224263394059e+00  ,2.202701048329e+00  ,2.179675185520e+00  ,2.155242443774e+00  ,2.129127937783e+00  ,2.101331350412e+00  ,2.071193961449e+00  ,2.038567371025e+00  ,2.003543115966e+00  ,1.964969477321e+00  ,1.932366005195e+00  ,1.900647470484e+00  ,1.865851414818e+00  ,1.827288156045e+00  ,1.785333370178e+00  ,1.737578876980e+00  ,1.684229667334e+00  ,1.622395655598e+00  ,1.550191075346e+00  
  9.522236317044e-07  ,2.417080225633e+00  ,2.404331656933e+00  ,2.391194265619e+00  ,2.377421244964e+00  ,2.363213390066e+00  ,2.348600988983e+00  ,2.333134044181e+00  ,2.317135987657e+00  ,2.300159012714e+00  ,2.282704683101e+00  ,2.264137744592e+00  ,2.244748413559e+00  ,2.224263394059e+00  ,2.202701048329e+00  ,2.179675185520e+00  ,2.155242443774e+00  ,2.129127937783e+00  ,2.101331350412e+00  ,2.071193961449e+00  ,2.038567371025e+00  ,2.003543115966e+00  ,1.964969477321e+00  ,1.932366005195e+00  ,1.900647470484e+00  ,1.865851414818e+00  ,1.827288156045e+00  ,1.785333370178e+00  ,1.737578876980e+00  ,1.684229667334e+00  ,1.622395655598e+00  ,1.550191075346e+00  
  9.532236858850e-07  ,2.417080225633e+00  ,2.404331656933e+00  ,2.391194265619e+00  ,2.377421244964e+00  ,2.363213390066e+00  ,2.348600988983e+00  ,2.333134044181e+00  ,2.317135987657e+00  ,2.300159012714e+00  ,2.282704683101e+00  ,2.264137744592e+00  ,2.244748413559e+00  ,2.224263394059e+00  ,2.202701048329e+00  ,2.179675185520e+00  ,2.155242443774e+00  ,2.129127937783e+00  ,2.101331350412e+00  ,2.071193961449e+00  ,2.038567371025e+00  ,2.003543115966e+00  ,1.964969477321e+00  ,1.932366005195e+00  ,1.900647470484e+00  ,1.865851414818e+00  ,1.827288156045e+00  ,1.785333370178e+00  ,1.737578876980e+00  ,1.684229667334e+00  ,1.622395655598e+00  ,1.550191075346e+00  
  9.542237400656e-07  ,2.417080225633e+00  ,2.404331656933e+00  ,2.391194265619e+00  ,2.377421244964e+00  ,2.363213390066e+00  ,2.348600988983e+00  ,2.333134044181e+00  ,2.317135987657e+00  ,2.300159012714e+00  ,2.282704683101e+00  ,2.264137744592e+00  ,2.244748413559e+00  ,2.224263394059e+00  ,2.202701048329e+00  ,2.179675185520e+00  ,2.155242443774e+00  ,2.129127937783e+00  ,2.101331350412e+00  ,2.071193961449e+00  ,2.038567371025e+00  ,2.003543115966e+00  ,1.964969477321e+00  ,1.932366005195e+00  ,1.900647470484e+00  ,1.865851414818e+00  ,1.827288156045e+00  ,1.785333370178e+00  ,1.737578876980e+00  ,1.684229667334e+00  ,1.622395655598e+00  ,1.550191075346e+00  
  9.552237942462e-07  ,2.417080225633e+00  ,2.404331656933e+00  ,2.391194265619e+00  ,2.377421244964e+00  ,2.363213390066e+00  ,2.348600988983e+00  ,2.333134044181e+00  ,2.317135987657e+00  ,2.300159012714e+00  ,2.282704683101e+00  ,2.264137744592e+00  ,2.244748413559e+00  ,2.224263394059e+00  ,2.202701048329e+00  ,2.179675185520e+00  ,2.155242443774e+00  ,2.129127937783e+00  ,2.101331350412e+00  ,2.071193961449e+00  ,2.038567371025e+00  ,2.003543115966e+00  ,1.964969477321e+00  ,1.932366005195e+00  ,1.900647470484e+00  ,1.865851414818e+00  ,1.827288156045e+00  ,1.785333370178e+00  ,1.737578876980e+00  ,1.684229667334e+00  ,1.622395655598e+00  ,1.550191075346e+00  
  9.562238484269e-07  ,2.417080225633e+00  ,2.404331656933e+00  ,2.391194265619e+00  ,2.377421244964e+00  ,2.363213390066e+00  ,2.348600988983e+00  ,2.333134044181e+00  ,2.317135987657e+00  ,2.300159012714e+00  ,2.282704683101e+00  ,2.264137744592e+00  ,2.244748413559e+00  ,2.224263394059e+00  ,2.202701048329e+00  ,2.179675185520e+00  ,2.155242443774e+00  ,2.129127937783e+00  ,2.101331350412e+00  ,2.071193961449e+00  ,2.038567371025e+00  ,2.003543115966e+00  ,1.964969477321e+00  ,1.932366005195e+00  ,1.900647470484e+00  ,1.865851414818e+00  ,1.827288156045e+00  ,1.785333370178e+00  ,1.737578876980e+00  ,1.684229667334e+00  ,1.622395655598e+00  ,1.550191075346e+00  
  9.572239026075e-07  ,2.417080225633e+00  ,2.404331656933e+00  ,2.391194265619e+00  ,2.377421244964e+00  ,2.363213390066e+00  ,2.348600988983e+00  ,2.333134044181e+00  ,2.317135987657e+00  ,2.300159012714e+00  ,2.282704683101e+00  ,2.264137744592e+00  ,2.244748413559e+00  ,2.224263394059e+00  ,2.202701048329e+00  ,2.179675185520e+00  ,2.155242443774e+00  ,2.129127937783e+00  ,2.101331350412e+00  ,2.071193961449e+00  ,2.038567371025e+00  ,2.003543115966e+00  ,1.964969477321e+00  ,1.932366005195e+00  ,1.900647470484e+00  ,1.865851414818e+00  ,1.827288156045e+00  ,1.785333370178e+00  ,1.737578876980e+00  ,1.684229667334e+00  ,1.622395655598e+00  ,1.550191075346e+00  
  9.582239567881e-07  ,2.417080225633e+00  ,2.404331656933e+00  ,2.391194265619e+00  ,2.377421244964e+00  ,2.363213390066e+00  ,2.348600988983e+00  ,2.333134044181e+00  ,2.317135987657e+00  ,2.300159012714e+00  ,2.282704683101e+00  ,2.264137744592e+00  ,2.244748413559e+00  ,2.224263394059e+00  ,2.202701048329e+00  ,2.179675185520e+00  ,2.155242443774e+00  ,2.129127937783e+00  ,2.101331350412e+00  ,2.071193961449e+00  ,2.038567371025e+00  ,2.003543115966e+00  ,1.964969477321e+00  ,1.932366005195e+00  ,1.900647470484e+00  ,1.865851414818e+00  ,1.827288156045e+00  ,1.785333370178e+00  ,1.737578876980e+00  ,1.684229667334e+00  ,1.622395655598e+00  ,1.550191075346e+00  
  9.592240109687e-07  ,2.417080225633e+00  ,2.404331656933e+00  ,2.391194265619e+00  ,2.377421244964e+00  ,2.363213390066e+00  ,2.348600988983e+00  ,2.333134044181e+00  ,2.317135987657e+00  ,2.300159012714e+00  ,2.282704683101e+00  ,2.264137744592e+00  ,2.244748413559e+00  ,2.224263394059e+00  ,2.202701048329e+00  ,2.179675185520e+00  ,2.155242443774e+00  ,2.129127937783e+00  ,2.101331350412e+00  ,2.071193961449e+00  ,2.038567371025e+00  ,2.003543115966e+00  ,1.964969477321e+00  ,1.932366005195e+00  ,1.900647470484e+00  ,1.865851414818e+00  ,1.827288156045e+00  ,1.785333370178e+00  ,1.737578876980e+00  ,1.684229667334e+00  ,1.622395655598e+00  ,1.550191075346e+00  
  9.602240651493e-07  ,2.417080225633e+00  ,2.404331656933e+00  ,2.391194265619e+00  ,2.377421244964e+00  ,2.363213390066e+00  ,2.348600988983e+00  ,2.333134044181e+00  ,2.317135987657e+00  ,2.300159012714e+00  ,2.282704683101e+00  ,2.264137744592e+00  ,2.244748413559e+00  ,2.224263394059e+00  ,2.202701048329e+00  ,2.179675185520e+00  ,2.155242443774e+00  ,2.129127937783e+00  ,2.101331350412e+00  ,2.071193961449e+00  ,2.038567371025e+00  ,2.003543115966e+00  ,1.964969477321e+00  ,1.932366005195e+00  ,1.900647470484e+00  ,1.865851414818e+00  ,1.827288156045e+00  ,1.785333370178e+00  ,1.737578876980e+00  ,1.684229667334e+00  ,1.622395655598e+00  ,1.550191075346e+00  
  9.612241193300e-07  ,2.417080225633e+00  ,2.404331656933e+00  ,2.391194265619e+00  ,2.377421244964e+00  ,2.363213390066e+00  ,2.348600988983e+00  ,2.333134044181e+00  ,2.317135987657e+00  ,2.300159012714e+00  ,2.282704683101e+00  ,2.264137744592e+00  ,2.244748413559e+00  ,2.224263394059e+00  ,2.202701048329e+00  ,2.179675185520e+00  ,2.155242443774e+00  ,2.129127937783e+00  ,2.101331350412e+00  ,2.071193961449e+00  ,2.038567371025e+00  ,2.003543115966e+00  ,1.964969477321e+00  ,1.932366005195e+00  ,1.900647470484e+00  ,1.865851414818e+00  ,1.827288156045e+00  ,1.785333370178e+00  ,1.737578876980e+00  ,1.684229667334e+00  ,1.622395655598e+00  ,1.550191075346e+00  
  9.622241735106e-07  ,2.417080225633e+00  ,2.404331656933e+00  ,2.391194265619e+00  ,2.377421244964e+00  ,2.363213390066e+00  ,2.348600988983e+00  ,2.333134044181e+00  ,2.317135987657e+00  ,2.300159012714e+00  ,2.282704683101e+00  ,2.264137744592e+00  ,2.244748413559e+00  ,2.224263394059e+00  ,2.202701048329e+00  ,2.179675185520e+00  ,2.155242443774e+00  ,2.129127937783e+00  ,2.101331350412e+00  ,2.071193961449e+00  ,2.038567371025e+00  ,2.003543115966e+00  ,1.964969477321e+00  ,1.932366005195e+00  ,1.900647470484e+00  ,1.865851414818e+00  ,1.827288156045e+00  ,1.785333370178e+00  ,1.737578876980e+00  ,1.684229667334e+00  ,1.622395655598e+00  ,1.550191075346e+00  
  9.632242276912e-07  ,2.417080225633e+00  ,2.404331656933e+00  ,2.391194265619e+00  ,2.377421244964e+00  ,2.363213390066e+00  ,2.348600988983e+00  ,2.333134044181e+00  ,2.317135987657e+00  ,2.300159012714e+00  ,2.282704683101e+00  ,2.264137744592e+00  ,2.244748413559e+00  ,2.224263394059e+00  ,2.202701048329e+00  ,2.179675185520e+00  ,2.155242443774e+00  ,2.129127937783e+00  ,2.101331350412e+00  ,2.071193961449e+00  ,2.038567371025e+00  ,2.003543115966e+00  ,1.964969477321e+00  ,1.932366005195e+00  ,1.900647470484e+00  ,1.865851414818e+00  ,1.827288156045e+00  ,1.785333370178e+00  ,1.737578876980e+00  ,1.684229667334e+00  ,1.622395655598e+00  ,1.550191075346e+00  
  9.642242818718e-07  ,2.417080225633e+00  ,2.404331656933e+00  ,2.391194265619e+00  ,2.377421244964e+00  ,2.363213390066e+00  ,2.348600988983e+00  ,2.333134044181e+00  ,2.317135987657e+00  ,2.300159012714e+00  ,2.282704683101e+00  ,2.264137744592e+00  ,2.244748413559e+00  ,2.224263394059e+00  ,2.202701048329e+00  ,2.179675185520e+00  ,2.155242443774e+00  ,2.129127937783e+00  ,2.101331350412e+00  ,2.071193961449e+00  ,2.038567371025e+00  ,2.003543115966e+00  ,1.964969477321e+00  ,1.932366005195e+00  ,1.900647470484e+00  ,1.865851414818e+00  ,1.827288156045e+00  ,1.785333370178e+00  ,1.737578876980e+00  ,1.684229667334e+00  ,1.622395655598e+00  ,1.550191075346e+00  
  9.652243360525e-07  ,2.417080225633e+00  ,2.404331656933e+00  ,2.391194265619e+00  ,2.377421244964e+00  ,2.363213390066e+00  ,2.348600988983e+00  ,2.333134044181e+00  ,2.317135987657e+00  ,2.300159012714e+00  ,2.282704683101e+00  ,2.264137744592e+00  ,2.244748413559e+00  ,2.224263394059e+00  ,2.202701048329e+00  ,2.179675185520e+00  ,2.155242443774e+00  ,2.129127937783e+00  ,2.101331350412e+00  ,2.071193961449e+00  ,2.038567371025e+00  ,2.003543115966e+00  ,1.964969477321e+00  ,1.932366005195e+00  ,1.900647470484e+00  ,1.865851414818e+00  ,1.827288156045e+00  ,1.785333370178e+00  ,1.737578876980e+00  ,1.684229667334e+00  ,1.622395655598e+00  ,1.550191075346e+00  
  9.662243902331e-07  ,2.417080225633e+00  ,2.404331656933e+00  ,2.391194265619e+00  ,2.377421244964e+00  ,2.363213390066e+00  ,2.348600988983e+00  ,2.333134044181e+00  ,2.317135987657e+00  ,2.300159012714e+00  ,2.282704683101e+00  ,2.264137744592e+00  ,2.244748413559e+00  ,2.224263394059e+00  ,2.202701048329e+00  ,2.179675185520e+00  ,2.155242443774e+00  ,2.129127937783e+00  ,2.101331350412e+00  ,2.071193961449e+00  ,2.038567371025e+00  ,2.003543115966e+00  ,1.964969477321e+00  ,1.932366005195e+00  ,1.900647470484e+00  ,1.865851414818e+00  ,1.827288156045e+00  ,1.785333370178e+00  ,1.737578876980e+00  ,1.684229667334e+00  ,1.622395655598e+00  ,1.550191075346e+00  
  9.672244444137e-07  ,2.417080225633e+00  ,2.404331656933e+00  ,2.391194265619e+00  ,2.377421244964e+00  ,2.363213390066e+00  ,2.348600988983e+00  ,2.333134044181e+00  ,2.317135987657e+00  ,2.300159012714e+00  ,2.282704683101e+00  ,2.264137744592e+00  ,2.244748413559e+00  ,2.224263394059e+00  ,2.202701048329e+00  ,2.179675185520e+00  ,2.155242443774e+00  ,2.129127937783e+00  ,2.101331350412e+00  ,2.071193961449e+00  ,2.038567371025e+00  ,2.003543115966e+00  ,1.964969477321e+00  ,1.932366005195e+00  ,1.900647470484e+00  ,1.865851414818e+00  ,1.827288156045e+00  ,1.785333370178e+00  ,1.737578876980e+00  ,1.684229667334e+00  ,1.622395655598e+00  ,1.550191075346e+00  
  9.682244985943e-07  ,2.417080225633e+00  ,2.404331656933e+00  ,2.391194265619e+00  ,2.377421244964e+00  ,2.363213390066e+00  ,2.348600988983e+00  ,2.333134044181e+00  ,2.317135987657e+00  ,2.300159012714e+00  ,2.282704683101e+00  ,2.264137744592e+00  ,2.244748413559e+00  ,2.224263394059e+00  ,2.202701048329e+00  ,2.179675185520e+00  ,2.155242443774e+00  ,2.129127937783e+00  ,2.101331350412e+00  ,2.071193961449e+00  ,2.038567371025e+00  ,2.003543115966e+00  ,1.964969477321e+00  ,1.932366005195e+00  ,1.900647470484e+00  ,1.865851414818e+00  ,1.827288156045e+00  ,1.785333370178e+00  ,1.737578876980e+00  ,1.684229667334e+00  ,1.622395655598e+00  ,1.550191075346e+00  
  9.692245527749e-07  ,2.417080225633e+00  ,2.404331656933e+00  ,2.391194265619e+00  ,2.377421244964e+00  ,2.363213390066e+00  ,2.348600988983e+00  ,2.333134044181e+00  ,2.317135987657e+00  ,2.300159012714e+00  ,2.282704683101e+00  ,2.264137744592e+00  ,2.244748413559e+00  ,2.224263394059e+00  ,2.202701048329e+00  ,2.179675185520e+00  ,2.155242443774e+00  ,2.129127937783e+00  ,2.101331350412e+00  ,2.071193961449e+00  ,2.038567371025e+00  ,2.003543115966e+00  ,1.964969477321e+00  ,1.932366005195e+00  ,1.900647470484e+00  ,1.865851414818e+00  ,1.827288156045e+00  ,1.785333370178e+00  ,1.737578876980e+00  ,1.684229667334e+00  ,1.622395655598e+00  ,1.550191075346e+00  
  9.702246069556e-07  ,2.417080225633e+00  ,2.404331656933e+00  ,2.391194265619e+00  ,2.377421244964e+00  ,2.363213390066e+00  ,2.348600988983e+00  ,2.333134044181e+00  ,2.317135987657e+00  ,2.300159012714e+00  ,2.282704683101e+00  ,2.264137744592e+00  ,2.244748413559e+00  ,2.224263394059e+00  ,2.202701048329e+00  ,2.179675185520e+00  ,2.155242443774e+00  ,2.129127937783e+00  ,2.101331350412e+00  ,2.071193961449e+00  ,2.038567371025e+00  ,2.003543115966e+00  ,1.964969477321e+00  ,1.932366005195e+00  ,1.900647470484e+00  ,1.865851414818e+00  ,1.827288156045e+00  ,1.785333370178e+00  ,1.737578876980e+00  ,1.684229667334e+00  ,1.622395655598e+00  ,1.550191075346e+00  
  9.712246611362e-07  ,2.417080225633e+00  ,2.404331656933e+00  ,2.391194265619e+00  ,2.377421244964e+00  ,2.363213390066e+00  ,2.348600988983e+00  ,2.333134044181e+00  ,2.317135987657e+00  ,2.300159012714e+00  ,2.282704683101e+00  ,2.264137744592e+00  ,2.244748413559e+00  ,2.224263394059e+00  ,2.202701048329e+00  ,2.179675185520e+00  ,2.155242443774e+00  ,2.129127937783e+00  ,2.101331350412e+00  ,2.071193961449e+00  ,2.038567371025e+00  ,2.003543115966e+00  ,1.964969477321e+00  ,1.932366005195e+00  ,1.900647470484e+00  ,1.865851414818e+00  ,1.827288156045e+00  ,1.785333370178e+00  ,1.737578876980e+00  ,1.684229667334e+00  ,1.622395655598e+00  ,1.550191075346e+00  
  9.722247153168e-07  ,2.417080225633e+00  ,2.404331656933e+00  ,2.391194265619e+00  ,2.377421244964e+00  ,2.363213390066e+00  ,2.348600988983e+00  ,2.333134044181e+00  ,2.317135987657e+00  ,2.300159012714e+00  ,2.282704683101e+00  ,2.264137744592e+00  ,2.244748413559e+00  ,2.224263394059e+00  ,2.202701048329e+00  ,2.179675185520e+00  ,2.155242443774e+00  ,2.129127937783e+00  ,2.101331350412e+00  ,2.071193961449e+00  ,2.038567371025e+00  ,2.003543115966e+00  ,1.964969477321e+00  ,1.932366005195e+00  ,1.900647470484e+00  ,1.865851414818e+00  ,1.827288156045e+00  ,1.785333370178e+00  ,1.737578876980e+00  ,1.684229667334e+00  ,1.622395655598e+00  ,1.550191075346e+00  
  9.732247694974e-07  ,2.417080225633e+00  ,2.404331656933e+00  ,2.391194265619e+00  ,2.377421244964e+00  ,2.363213390066e+00  ,2.348600988983e+00  ,2.333134044181e+00  ,2.317135987657e+00  ,2.300159012714e+00  ,2.282704683101e+00  ,2.264137744592e+00  ,2.244748413559e+00  ,2.224263394059e+00  ,2.202701048329e+00  ,2.179675185520e+00  ,2.155242443774e+00  ,2.129127937783e+00  ,2.101331350412e+00  ,2.071193961449e+00  ,2.038567371025e+00  ,2.003543115966e+00  ,1.964969477321e+00  ,1.932366005195e+00  ,1.900647470484e+00  ,1.865851414818e+00  ,1.827288156045e+00  ,1.785333370178e+00  ,1.737578876980e+00  ,1.684229667334e+00  ,1.622395655598e+00  ,1.550191075346e+00  
  9.742248236781e-07  ,2.417080225633e+00  ,2.404331656933e+00  ,2.391194265619e+00  ,2.377421244964e+00  ,2.363213390066e+00  ,2.348600988983e+00  ,2.333134044181e+00  ,2.317135987657e+00  ,2.300159012714e+00  ,2.282704683101e+00  ,2.264137744592e+00  ,2.244748413559e+00  ,2.224263394059e+00  ,2.202701048329e+00  ,2.179675185520e+00  ,2.155242443774e+00  ,2.129127937783e+00  ,2.101331350412e+00  ,2.071193961449e+00  ,2.038567371025e+00  ,2.003543115966e+00  ,1.964969477321e+00  ,1.932366005195e+00  ,1.900647470484e+00  ,1.865851414818e+00  ,1.827288156045e+00  ,1.785333370178e+00  ,1.737578876980e+00  ,1.684229667334e+00  ,1.622395655598e+00  ,1.550191075346e+00  
  9.752248778587e-07  ,2.417080225633e+00  ,2.404331656933e+00  ,2.391194265619e+00  ,2.377421244964e+00  ,2.363213390066e+00  ,2.348600988983e+00  ,2.333134044181e+00  ,2.317135987657e+00  ,2.300159012714e+00  ,2.282704683101e+00  ,2.264137744592e+00  ,2.244748413559e+00  ,2.224263394059e+00  ,2.202701048329e+00  ,2.179675185520e+00  ,2.155242443774e+00  ,2.129127937783e+00  ,2.101331350412e+00  ,2.071193961449e+00  ,2.038567371025e+00  ,2.003543115966e+00  ,1.964969477321e+00  ,1.932366005195e+00  ,1.900647470484e+00  ,1.865851414818e+00  ,1.827288156045e+00  ,1.785333370178e+00  ,1.737578876980e+00  ,1.684229667334e+00  ,1.622395655598e+00  ,1.550191075346e+00  
  9.762249320393e-07  ,2.417080225633e+00  ,2.404331656933e+00  ,2.391194265619e+00  ,2.377421244964e+00  ,2.363213390066e+00  ,2.348600988983e+00  ,2.333134044181e+00  ,2.317135987657e+00  ,2.300159012714e+00  ,2.282704683101e+00  ,2.264137744592e+00  ,2.244748413559e+00  ,2.224263394059e+00  ,2.202701048329e+00  ,2.179675185520e+00  ,2.155242443774e+00  ,2.129127937783e+00  ,2.101331350412e+00  ,2.071193961449e+00  ,2.038567371025e+00  ,2.003543115966e+00  ,1.964969477321e+00  ,1.932366005195e+00  ,1.900647470484e+00  ,1.865851414818e+00  ,1.827288156045e+00  ,1.785333370178e+00  ,1.737578876980e+00  ,1.684229667334e+00  ,1.622395655598e+00  ,1.550191075346e+00  
  9.772249862199e-07  ,2.417080225633e+00  ,2.404331656933e+00  ,2.391194265619e+00  ,2.377421244964e+00  ,2.363213390066e+00  ,2.348600988983e+00  ,2.333134044181e+00  ,2.317135987657e+00  ,2.300159012714e+00  ,2.282704683101e+00  ,2.264137744592e+00  ,2.244748413559e+00  ,2.224263394059e+00  ,2.202701048329e+00  ,2.179675185520e+00  ,2.155242443774e+00  ,2.129127937783e+00  ,2.101331350412e+00  ,2.071193961449e+00  ,2.038567371025e+00  ,2.003543115966e+00  ,1.964969477321e+00  ,1.932366005195e+00  ,1.900647470484e+00  ,1.865851414818e+00  ,1.827288156045e+00  ,1.785333370178e+00  ,1.737578876980e+00  ,1.684229667334e+00  ,1.622395655598e+00  ,1.550191075346e+00  
  9.782250404005e-07  ,2.417080225633e+00  ,2.404331656933e+00  ,2.391194265619e+00  ,2.377421244964e+00  ,2.363213390066e+00  ,2.348600988983e+00  ,2.333134044181e+00  ,2.317135987657e+00  ,2.300159012714e+00  ,2.282704683101e+00  ,2.264137744592e+00  ,2.244748413559e+00  ,2.224263394059e+00  ,2.202701048329e+00  ,2.179675185520e+00  ,2.155242443774e+00  ,2.129127937783e+00  ,2.101331350412e+00  ,2.071193961449e+00  ,2.038567371025e+00  ,2.003543115966e+00  ,1.964969477321e+00  ,1.932366005195e+00  ,1.900647470484e+00  ,1.865851414818e+00  ,1.827288156045e+00  ,1.785333370178e+00  ,1.737578876980e+00  ,1.684229667334e+00  ,1.622395655598e+00  ,1.550191075346e+00  
  9.792250945812e-07  ,2.417080225633e+00  ,2.404331656933e+00  ,2.391194265619e+00  ,2.377421244964e+00  ,2.363213390066e+00  ,2.348600988983e+00  ,2.333134044181e+00  ,2.317135987657e+00  ,2.300159012714e+00  ,2.282704683101e+00  ,2.264137744592e+00  ,2.244748413559e+00  ,2.224263394059e+00  ,2.202701048329e+00  ,2.179675185520e+00  ,2.155242443774e+00  ,2.129127937783e+00  ,2.101331350412e+00  ,2.071193961449e+00  ,2.038567371025e+00  ,2.003543115966e+00  ,1.964969477321e+00  ,1.932366005195e+00  ,1.900647470484e+00  ,1.865851414818e+00  ,1.827288156045e+00  ,1.785333370178e+00  ,1.737578876980e+00  ,1.684229667334e+00  ,1.622395655598e+00  ,1.550191075346e+00  
  9.802251487618e-07  ,2.417080225633e+00  ,2.404331656933e+00  ,2.391194265619e+00  ,2.377421244964e+00  ,2.363213390066e+00  ,2.348600988983e+00  ,2.333134044181e+00  ,2.317135987657e+00  ,2.300159012714e+00  ,2.282704683101e+00  ,2.264137744592e+00  ,2.244748413559e+00  ,2.224263394059e+00  ,2.202701048329e+00  ,2.179675185520e+00  ,2.155242443774e+00  ,2.129127937783e+00  ,2.101331350412e+00  ,2.071193961449e+00  ,2.038567371025e+00  ,2.003543115966e+00  ,1.964969477321e+00  ,1.932366005195e+00  ,1.900647470484e+00  ,1.865851414818e+00  ,1.827288156045e+00  ,1.785333370178e+00  ,1.737578876980e+00  ,1.684229667334e+00  ,1.622395655598e+00  ,1.550191075346e+00  
  9.812252029424e-07  ,2.417080225633e+00  ,2.404331656933e+00  ,2.391194265619e+00  ,2.377421244964e+00  ,2.363213390066e+00  ,2.348600988983e+00  ,2.333134044181e+00  ,2.317135987657e+00  ,2.300159012714e+00  ,2.282704683101e+00  ,2.264137744592e+00  ,2.244748413559e+00  ,2.224263394059e+00  ,2.202701048329e+00  ,2.179675185520e+00  ,2.155242443774e+00  ,2.129127937783e+00  ,2.101331350412e+00  ,2.071193961449e+00  ,2.038567371025e+00  ,2.003543115966e+00  ,1.964969477321e+00  ,1.932366005195e+00  ,1.900647470484e+00  ,1.865851414818e+00  ,1.827288156045e+00  ,1.785333370178e+00  ,1.737578876980e+00  ,1.684229667334e+00  ,1.622395655598e+00  ,1.550191075346e+00  
  9.822252571230e-07  ,2.417080225633e+00  ,2.404331656933e+00  ,2.391194265619e+00  ,2.377421244964e+00  ,2.363213390066e+00  ,2.348600988983e+00  ,2.333134044181e+00  ,2.317135987657e+00  ,2.300159012714e+00  ,2.282704683101e+00  ,2.264137744592e+00  ,2.244748413559e+00  ,2.224263394059e+00  ,2.202701048329e+00  ,2.179675185520e+00  ,2.155242443774e+00  ,2.129127937783e+00  ,2.101331350412e+00  ,2.071193961449e+00  ,2.038567371025e+00  ,2.003543115966e+00  ,1.964969477321e+00  ,1.932366005195e+00  ,1.900647470484e+00  ,1.865851414818e+00  ,1.827288156045e+00  ,1.785333370178e+00  ,1.737578876980e+00  ,1.684229667334e+00  ,1.622395655598e+00  ,1.550191075346e+00  
  9.832253113036e-07  ,2.417080225633e+00  ,2.404331656933e+00  ,2.391194265619e+00  ,2.377421244964e+00  ,2.363213390066e+00  ,2.348600988983e+00  ,2.333134044181e+00  ,2.317135987657e+00  ,2.300159012714e+00  ,2.282704683101e+00  ,2.264137744592e+00  ,2.244748413559e+00  ,2.224263394059e+00  ,2.202701048329e+00  ,2.179675185520e+00  ,2.155242443774e+00  ,2.129127937783e+00  ,2.101331350412e+00  ,2.071193961449e+00  ,2.038567371025e+00  ,2.003543115966e+00  ,1.964969477321e+00  ,1.932366005195e+00  ,1.900647470484e+00  ,1.865851414818e+00  ,1.827288156045e+00  ,1.785333370178e+00  ,1.737578876980e+00  ,1.684229667334e+00  ,1.622395655598e+00  ,1.550191075346e+00  
  9.842253654843e-07  ,2.417080225633e+00  ,2.404331656933e+00  ,2.391194265619e+00  ,2.377421244964e+00  ,2.363213390066e+00  ,2.348600988983e+00  ,2.333134044181e+00  ,2.317135987657e+00  ,2.300159012714e+00  ,2.282704683101e+00  ,2.264137744592e+00  ,2.244748413559e+00  ,2.224263394059e+00  ,2.202701048329e+00  ,2.179675185520e+00  ,2.155242443774e+00  ,2.129127937783e+00  ,2.101331350412e+00  ,2.071193961449e+00  ,2.038567371025e+00  ,2.003543115966e+00  ,1.964969477321e+00  ,1.932366005195e+00  ,1.900647470484e+00  ,1.865851414818e+00  ,1.827288156045e+00  ,1.785333370178e+00  ,1.737578876980e+00  ,1.684229667334e+00  ,1.622395655598e+00  ,1.550191075346e+00  
  9.852254196649e-07  ,2.417080225633e+00  ,2.404331656933e+00  ,2.391194265619e+00  ,2.377421244964e+00  ,2.363213390066e+00  ,2.348600988983e+00  ,2.333134044181e+00  ,2.317135987657e+00  ,2.300159012714e+00  ,2.282704683101e+00  ,2.264137744592e+00  ,2.244748413559e+00  ,2.224263394059e+00  ,2.202701048329e+00  ,2.179675185520e+00  ,2.155242443774e+00  ,2.129127937783e+00  ,2.101331350412e+00  ,2.071193961449e+00  ,2.038567371025e+00  ,2.003543115966e+00  ,1.964969477321e+00  ,1.932366005195e+00  ,1.900647470484e+00  ,1.865851414818e+00  ,1.827288156045e+00  ,1.785333370178e+00  ,1.737578876980e+00  ,1.684229667334e+00  ,1.622395655598e+00  ,1.550191075346e+00  
  9.862254738455e-07  ,2.417080225633e+00  ,2.404331656933e+00  ,2.391194265619e+00  ,2.377421244964e+00  ,2.363213390066e+00  ,2.348600988983e+00  ,2.333134044181e+00  ,2.317135987657e+00  ,2.300159012714e+00  ,2.282704683101e+00  ,2.264137744592e+00  ,2.244748413559e+00  ,2.224263394059e+00  ,2.202701048329e+00  ,2.179675185520e+00  ,2.155242443774e+00  ,2.129127937783e+00  ,2.101331350412e+00  ,2.071193961449e+00  ,2.038567371025e+00  ,2.003543115966e+00  ,1.964969477321e+00  ,1.932366005195e+00  ,1.900647470484e+00  ,1.865851414818e+00  ,1.827288156045e+00  ,1.785333370178e+00  ,1.737578876980e+00  ,1.684229667334e+00  ,1.622395655598e+00  ,1.550191075346e+00  
  9.872255280261e-07  ,2.417080225633e+00  ,2.404331656933e+00  ,2.391194265619e+00  ,2.377421244964e+00  ,2.363213390066e+00  ,2.348600988983e+00  ,2.333134044181e+00  ,2.317135987657e+00  ,2.300159012714e+00  ,2.282704683101e+00  ,2.264137744592e+00  ,2.244748413559e+00  ,2.224263394059e+00  ,2.202701048329e+00  ,2.179675185520e+00  ,2.155242443774e+00  ,2.129127937783e+00  ,2.101331350412e+00  ,2.071193961449e+00  ,2.038567371025e+00  ,2.003543115966e+00  ,1.964969477321e+00  ,1.932366005195e+00  ,1.900647470484e+00  ,1.865851414818e+00  ,1.827288156045e+00  ,1.785333370178e+00  ,1.737578876980e+00  ,1.684229667334e+00  ,1.622395655598e+00  ,1.550191075346e+00  
  9.882255822068e-07  ,2.417080225633e+00  ,2.404331656933e+00  ,2.391194265619e+00  ,2.377421244964e+00  ,2.363213390066e+00  ,2.348600988983e+00  ,2.333134044181e+00  ,2.317135987657e+00  ,2.300159012714e+00  ,2.282704683101e+00  ,2.264137744592e+00  ,2.244748413559e+00  ,2.224263394059e+00  ,2.202701048329e+00  ,2.179675185520e+00  ,2.155242443774e+00  ,2.129127937783e+00  ,2.101331350412e+00  ,2.071193961449e+00  ,2.038567371025e+00  ,2.003543115966e+00  ,1.964969477321e+00  ,1.932366005195e+00  ,1.900647470484e+00  ,1.865851414818e+00  ,1.827288156045e+00  ,1.785333370178e+00  ,1.737578876980e+00  ,1.684229667334e+00  ,1.622395655598e+00  ,1.550191075346e+00  
  9.892256363874e-07  ,2.417080225633e+00  ,2.404331656933e+00  ,2.391194265619e+00  ,2.377421244964e+00  ,2.363213390066e+00  ,2.348600988983e+00  ,2.333134044181e+00  ,2.317135987657e+00  ,2.300159012714e+00  ,2.282704683101e+00  ,2.264137744592e+00  ,2.244748413559e+00  ,2.224263394059e+00  ,2.202701048329e+00  ,2.179675185520e+00  ,2.155242443774e+00  ,2.129127937783e+00  ,2.101331350412e+00  ,2.071193961449e+00  ,2.038567371025e+00  ,2.003543115966e+00  ,1.964969477321e+00  ,1.932366005195e+00  ,1.900647470484e+00  ,1.865851414818e+00  ,1.827288156045e+00  ,1.785333370178e+00  ,1.737578876980e+00  ,1.684229667334e+00  ,1.622395655598e+00  ,1.550191075346e+00  
  9.902256905680e-07  ,2.417080225633e+00  ,2.404331656933e+00  ,2.391194265619e+00  ,2.377421244964e+00  ,2.363213390066e+00  ,2.348600988983e+00  ,2.333134044181e+00  ,2.317135987657e+00  ,2.300159012714e+00  ,2.282704683101e+00  ,2.264137744592e+00  ,2.244748413559e+00  ,2.224263394059e+00  ,2.202701048329e+00  ,2.179675185520e+00  ,2.155242443774e+00  ,2.129127937783e+00  ,2.101331350412e+00  ,2.071193961449e+00  ,2.038567371025e+00  ,2.003543115966e+00  ,1.964969477321e+00  ,1.932366005195e+00  ,1.900647470484e+00  ,1.865851414818e+00  ,1.827288156045e+00  ,1.785333370178e+00  ,1.737578876980e+00  ,1.684229667334e+00  ,1.622395655598e+00  ,1.550191075346e+00  
  9.912257447486e-07  ,2.417080225633e+00  ,2.404331656933e+00  ,2.391194265619e+00  ,2.377421244964e+00  ,2.363213390066e+00  ,2.348600988983e+00  ,2.333134044181e+00  ,2.317135987657e+00  ,2.300159012714e+00  ,2.282704683101e+00  ,2.264137744592e+00  ,2.244748413559e+00  ,2.224263394059e+00  ,2.202701048329e+00  ,2.179675185520e+00  ,2.155242443774e+00  ,2.129127937783e+00  ,2.101331350412e+00  ,2.071193961449e+00  ,2.038567371025e+00  ,2.003543115966e+00  ,1.964969477321e+00  ,1.932366005195e+00  ,1.900647470484e+00  ,1.865851414818e+00  ,1.827288156045e+00  ,1.785333370178e+00  ,1.737578876980e+00  ,1.684229667334e+00  ,1.622395655598e+00  ,1.550191075346e+00  
  9.922257989292e-07  ,2.417080225633e+00  ,2.404331656933e+00  ,2.391194265619e+00  ,2.377421244964e+00  ,2.363213390066e+00  ,2.348600988983e+00  ,2.333134044181e+00  ,2.317135987657e+00  ,2.300159012714e+00  ,2.282704683101e+00  ,2.264137744592e+00  ,2.244748413559e+00  ,2.224263394059e+00  ,2.202701048329e+00  ,2.179675185520e+00  ,2.155242443774e+00  ,2.129127937783e+00  ,2.101331350412e+00  ,2.071193961449e+00  ,2.038567371025e+00  ,2.003543115966e+00  ,1.964969477321e+00  ,1.932366005195e+00  ,1.900647470484e+00  ,1.865851414818e+00  ,1.827288156045e+00  ,1.785333370178e+00  ,1.737578876980e+00  ,1.684229667334e+00  ,1.622395655598e+00  ,1.550191075346e+00  
  9.932258531099e-07  ,2.417080225633e+00  ,2.404331656933e+00  ,2.391194265619e+00  ,2.377421244964e+00  ,2.363213390066e+00  ,2.348600988983e+00  ,2.333134044181e+00  ,2.317135987657e+00  ,2.300159012714e+00  ,2.282704683101e+00  ,2.264137744592e+00  ,2.244748413559e+00  ,2.224263394059e+00  ,2.202701048329e+00  ,2.179675185520e+00  ,2.155242443774e+00  ,2.129127937783e+00  ,2.101331350412e+00  ,2.071193961449e+00  ,2.038567371025e+00  ,2.003543115966e+00  ,1.964969477321e+00  ,1.932366005195e+00  ,1.900647470484e+00  ,1.865851414818e+00  ,1.827288156045e+00  ,1.785333370178e+00  ,1.737578876980e+00  ,1.684229667334e+00  ,1.622395655598e+00  ,1.550191075346e+00  
  9.942259072905e-07  ,2.417080225633e+00  ,2.404331656933e+00  ,2.391194265619e+00  ,2.377421244964e+00  ,2.363213390066e+00  ,2.348600988983e+00  ,2.333134044181e+00  ,2.317135987657e+00  ,2.300159012714e+00  ,2.282704683101e+00  ,2.264137744592e+00  ,2.244748413559e+00  ,2.224263394059e+00  ,2.202701048329e+00  ,2.179675185520e+00  ,2.155242443774e+00  ,2.129127937783e+00  ,2.101331350412e+00  ,2.071193961449e+00  ,2.038567371025e+00  ,2.003543115966e+00  ,1.964969477321e+00  ,1.932366005195e+00  ,1.900647470484e+00  ,1.865851414818e+00  ,1.827288156045e+00  ,1.785333370178e+00  ,1.737578876980e+00  ,1.684229667334e+00  ,1.622395655598e+00  ,1.550191075346e+00  
  9.952259614711e-07  ,2.417080225633e+00  ,2.404331656933e+00  ,2.391194265619e+00  ,2.377421244964e+00  ,2.363213390066e+00  ,2.348600988983e+00  ,2.333134044181e+00  ,2.317135987657e+00  ,2.300159012714e+00  ,2.282704683101e+00  ,2.264137744592e+00  ,2.244748413559e+00  ,2.224263394059e+00  ,2.202701048329e+00  ,2.179675185520e+00  ,2.155242443774e+00  ,2.129127937783e+00  ,2.101331350412e+00  ,2.071193961449e+00  ,2.038567371025e+00  ,2.003543115966e+00  ,1.964969477321e+00  ,1.932366005195e+00  ,1.900647470484e+00  ,1.865851414818e+00  ,1.827288156045e+00  ,1.785333370178e+00  ,1.737578876980e+00  ,1.684229667334e+00  ,1.622395655598e+00  ,1.550191075346e+00  
  9.962260156517e-07  ,2.417080225633e+00  ,2.404331656933e+00  ,2.391194265619e+00  ,2.377421244964e+00  ,2.363213390066e+00  ,2.348600988983e+00  ,2.333134044181e+00  ,2.317135987657e+00  ,2.300159012714e+00  ,2.282704683101e+00  ,2.264137744592e+00  ,2.244748413559e+00  ,2.224263394059e+00  ,2.202701048329e+00  ,2.179675185520e+00  ,2.155242443774e+00  ,2.129127937783e+00  ,2.101331350412e+00  ,2.071193961449e+00  ,2.038567371025e+00  ,2.003543115966e+00  ,1.964969477321e+00  ,1.932366005195e+00  ,1.900647470484e+00  ,1.865851414818e+00  ,1.827288156045e+00  ,1.785333370178e+00  ,1.737578876980e+00  ,1.684229667334e+00  ,1.622395655598e+00  ,1.550191075346e+00  
  9.972260698324e-07  ,2.417080225633e+00  ,2.404331656933e+00  ,2.391194265619e+00  ,2.377421244964e+00  ,2.363213390066e+00  ,2.348600988983e+00  ,2.333134044181e+00  ,2.317135987657e+00  ,2.300159012714e+00  ,2.282704683101e+00  ,2.264137744592e+00  ,2.244748413559e+00  ,2.224263394059e+00  ,2.202701048329e+00  ,2.179675185520e+00  ,2.155242443774e+00  ,2.129127937783e+00  ,2.101331350412e+00  ,2.071193961449e+00  ,2.038567371025e+00  ,2.003543115966e+00  ,1.964969477321e+00  ,1.932366005195e+00  ,1.900647470484e+00  ,1.865851414818e+00  ,1.827288156045e+00  ,1.785333370178e+00  ,1.737578876980e+00  ,1.684229667334e+00  ,1.622395655598e+00  ,1.550191075346e+00  
  9.982261240130e-07  ,2.417080225633e+00  ,2.404331656933e+00  ,2.391194265619e+00  ,2.377421244964e+00  ,2.363213390066e+00  ,2.348600988983e+00  ,2.333134044181e+00  ,2.317135987657e+00  ,2.300159012714e+00  ,2.282704683101e+00  ,2.264137744592e+00  ,2.244748413559e+00  ,2.224263394059e+00  ,2.202701048329e+00  ,2.179675185520e+00  ,2.155242443774e+00  ,2.129127937783e+00  ,2.101331350412e+00  ,2.071193961449e+00  ,2.038567371025e+00  ,2.003543115966e+00  ,1.964969477321e+00  ,1.932366005195e+00  ,1.900647470484e+00  ,1.865851414818e+00  ,1.827288156045e+00  ,1.785333370178e+00  ,1.737578876980e+00  ,1.684229667334e+00  ,1.622395655598e+00  ,1.550191075346e+00  
  9.992261781936e-07  ,2.417080225633e+00  ,2.404331656933e+00  ,2.391194265619e+00  ,2.377421244964e+00  ,2.363213390066e+00  ,2.348600988983e+00  ,2.333134044181e+00  ,2.317135987657e+00  ,2.300159012714e+00  ,2.282704683101e+00  ,2.264137744592e+00  ,2.244748413559e+00  ,2.224263394059e+00  ,2.202701048329e+00  ,2.179675185520e+00  ,2.155242443774e+00  ,2.129127937783e+00  ,2.101331350412e+00  ,2.071193961449e+00  ,2.038567371025e+00  ,2.003543115966e+00  ,1.964969477321e+00  ,1.932366005195e+00  ,1.900647470484e+00  ,1.865851414818e+00  ,1.827288156045e+00  ,1.785333370178e+00  ,1.737578876980e+00  ,1.684229667334e+00  ,1.622395655598e+00  ,1.550191075346e+00  
  1.000000000000e-06  ,2.417080225633e+00  ,2.404331656933e+00  ,2.391194265619e+00  ,2.377421244964e+00  ,2.363213390066e+00  ,2.348600988983e+00  ,2.333134044181e+00  ,2.317135987657e+00  ,2.300159012714e+00  ,2.282704683101e+00  ,2.264137744592e+00  ,2.244748413559e+00  ,2.224263394059e+00  ,2.202701048329e+00  ,2.179675185520e+00  ,2.155242443774e+00  ,2.129127937783e+00  ,2.101331350412e+00  ,2.071193961449e+00  ,2.038567371025e+00  ,2.003543115966e+00  ,1.964969477321e+00  ,1.932366005195e+00  ,1.900647470484e+00  ,1.865851414818e+00  ,1.827288156045e+00  ,1.785333370178e+00  ,1.737578876980e+00  ,1.684229667334e+00  ,1.622395655598e+00  ,1.550191075346e+00  
